TradDt,BizDt,TckrSymb,SctySrs,OpnPric,HghPric,LwPric,ClsPric,PrvsClsgPric,TtlNbOfTxsExctd,TtlTradgVol,TtlTrfVal
2020-08-25,2020-08-25,ABB,B,971.25,988.75,943.45,962.95,971.25,818,21601,20914574.0
2020-08-25,2020-08-25,AEGISLOG,A,209.45,210.45,201.5,205.75,205.05,1117,35406,7341258.0
2020-08-25,2020-08-25,ARE&M,A,742.5,748.0,738.2,741.3,744.35,940,14713,10916210.0
2020-08-25,2020-08-25,AMBALALSA,X,24.1,26.45,24.1,24.1,25.35,632,958795,23256407.0
2020-08-25,2020-08-25,HDFC,A,1842.15,1852.0,1817.9,1830.1,1828.85,3914,54685,100341052.0
2020-08-25,2020-08-25,ANDHRAPET,X,33.6,34.7,30.6,32.7,33.7,953,306102,9837099.0
2020-08-25,2020-08-25,ANSALAPI,B,4.6,4.66,4.41,4.52,4.64,111,20953,96067.0
2020-08-25,2020-08-25,UTIQUE,X,1.2,1.2,1.14,1.2,1.2,8,1853,2176.0
2020-08-25,2020-08-25,ARUNAHTEL,XT,6.17,6.17,6.17,6.17,5.88,3,465,2869.0
2020-08-25,2020-08-25,BOMDYEING,A,71.0,71.45,68.2,69.1,70.7,998,148955,10336520.0
2020-08-25,2020-08-25,ASIANHOTNR,B,64.15,64.6,61.6,63.05,64.45,90,19870,1258780.0
2020-08-25,2020-08-25,ATUL,A,5890.0,5990.0,5826.0,5863.85,5847.0,1509,4262,25214610.0
2020-08-25,2020-08-25,ATVPR,XT,3.05,3.06,2.84,3.04,2.98,52,85550,246155.0
2020-08-25,2020-08-25,AUTOLITEI,B,21.95,23.45,21.95,23.45,21.35,325,11777,269276.0
2020-08-25,2020-08-25,BAJAJELEC,A,483.0,495.0,477.25,479.45,481.3,1650,40575,19760091.0
2020-08-25,2020-08-25,BAJAJHIND,B,6.23,6.43,6.1,6.14,6.26,978,636761,3994068.0
2020-08-25,2020-08-25,FORCEMOT,A,1099.0,1100.0,1054.0,1062.2,1089.45,634,3375,3611221.0
2020-08-25,2020-08-25,BAJFINANCE,A,3520.05,3661.0,3515.0,3643.9,3490.65,23049,270424,968596469.0
2020-08-25,2020-08-25,BALRAMCHIN,A,164.15,164.9,156.7,160.95,163.95,1078,91035,14638991.0
2020-08-25,2020-08-25,BANCOINDIA,B,97.2,97.65,93.8,94.2,96.2,542,21330,2025171.0
2020-08-25,2020-08-25,ABREL,A,335.9,339.3,329.25,332.0,335.9,1314,100137,33509833.0
2020-08-25,2020-08-25,BANARISUG,B,1332.0,1339.05,1319.65,1333.85,1322.15,28,183,244390.0
2020-08-25,2020-08-25,BASF,A,1628.55,1693.0,1586.95,1665.4,1628.55,1681,14128,23407455.0
2020-08-25,2020-08-25,BATAINDIA,A,1335.0,1340.85,1302.0,1306.9,1324.8,2684,35966,47343193.0
2020-08-25,2020-08-25,BEML,A,726.0,734.5,703.0,707.55,722.1,1738,52954,38262745.0
2020-08-25,2020-08-25,BEL,A,115.5,115.85,111.3,112.5,114.5,2470,466163,52964636.0
2020-08-25,2020-08-25,BEPL,B,60.3,63.0,57.25,58.8,60.4,1887,150380,9087606.0
2020-08-25,2020-08-25,TATASTLBSL,B,25.6,25.6,25.05,25.3,25.55,143,54095,1372572.0
2020-08-25,2020-08-25,BIHSPONG,XT,0.87,0.87,0.79,0.79,0.83,22,29640,25073.0
2020-08-25,2020-08-25,BIRLACABLE,B,66.6,68.0,63.0,63.6,65.95,571,72598,4671289.0
2020-08-25,2020-08-25,BLUESTARCO,A,581.25,594.4,570.55,582.6,576.5,816,14860,8701314.0
2020-08-25,2020-08-25,DISAQ,X,3651.0,3651.0,3568.0,3600.6,3636.6,55,343,1238049.0
2020-08-25,2020-08-25,QUESTCAP,X,73.0,74.75,69.0,73.6,74.7,10,1130,83158.0
2020-08-25,2020-08-25,BPL,B,22.6,22.85,21.2,21.4,22.3,125,20763,453729.0
2020-08-25,2020-08-25,OAL,B,354.7,359.0,340.55,346.0,348.8,255,2560,897450.0
2020-08-25,2020-08-25,CENTEXT,B,4.31,4.31,4.19,4.2,4.27,95,67965,286645.0
2020-08-25,2020-08-25,CESC,A,625.55,655.0,623.05,650.2,621.15,1037,19041,12148364.0
2020-08-25,2020-08-25,CHAMBLFERT,A,158.0,160.7,155.8,156.45,156.5,1702,153109,24212142.0
2020-08-25,2020-08-25,EXIDEIND,A,174.9,175.0,169.25,171.15,173.5,2353,262867,44899696.0
2020-08-25,2020-08-25,CIPLA,A,755.0,757.5,745.4,747.5,751.95,6348,264639,198319868.0
2020-08-25,2020-08-25,DICIND,B,405.0,408.9,400.0,406.35,405.6,78,965,391076.0
2020-08-25,2020-08-25,CRISIL,A,1845.0,1899.0,1820.6,1839.7,1839.75,1006,4858,9082641.0
2020-08-25,2020-08-25,CGPOWER,B,18.67,18.67,18.67,18.67,17.79,407,484984,9054651.0
2020-08-25,2020-08-25,DABUR,A,490.75,494.0,486.45,492.15,490.75,3437,97767,47873502.0
2020-08-25,2020-08-25,DALMIASUG,B,148.0,150.0,144.8,145.9,148.25,520,27755,4075812.0
2020-08-25,2020-08-25,ARVIND,A,35.9,35.9,34.5,34.85,35.45,844,458924,16057780.0
2020-08-25,2020-08-25,BALARPURIND,T,1.74,1.81,1.74,1.74,1.83,538,2658793,4638252.0
2020-08-25,2020-08-25,BHEL,A,41.0,41.2,39.6,40.0,40.9,3852,2237136,89716029.0
2020-08-25,2020-08-25,HINDPETRO,A,212.0,214.05,210.85,211.2,211.55,2147,192612,40894702.0
2020-08-25,2020-08-25,IFCI,A,7.4,7.49,7.31,7.35,7.34,6869,235848,1739208.0
2020-08-25,2020-08-25,MTNL,B,9.34,9.34,9.18,9.21,9.26,11137,127089,1171924.0
2020-08-25,2020-08-25,MRPL,A,34.4,34.4,33.75,33.9,34.25,353,111956,3814302.0
2020-08-25,2020-08-25,CHENNPETRO,A,82.7,84.4,81.5,83.4,82.5,654,82611,6868002.0
2020-08-25,2020-08-25,RELCAPITAL,B,10.49,10.49,10.01,10.11,10.3,636,275883,2798993.0
2020-08-25,2020-08-25,SBIN,A,204.0,208.5,203.0,208.0,201.4,29366,5038003,1039674893.0
2020-08-25,2020-08-25,SAIL,A,42.5,42.5,40.2,41.15,41.85,4688,2346665,96932497.0
2020-08-25,2020-08-25,TITAN,A,1133.45,1138.0,1123.0,1136.15,1127.15,3185,54158,61302485.0
2020-08-25,2020-08-25,IDBI,A,42.6,43.0,41.4,41.85,42.15,1376,689430,28916266.0
2020-08-25,2020-08-25,DCW,B,16.01,16.25,14.85,14.94,15.71,609,246375,3787207.0
2020-08-25,2020-08-25,DHAMPURSUG,B,152.2,153.1,148.5,151.05,152.1,1341,72108,10843201.0
2020-08-25,2020-08-25,DIAMINESQ,X,560.0,560.0,522.0,531.5,538.45,1174,46705,25078533.0
2020-08-25,2020-08-25,ELANTAS,B,2600.0,2640.0,2525.0,2621.8,2592.2,156,2010,5217983.0
2020-08-25,2020-08-25,DRREDDY,A,4500.0,4500.0,4418.05,4425.4,4472.15,1619,13890,61810454.0
2020-08-25,2020-08-25,EIDPARRY,A,299.95,299.95,293.2,294.8,294.75,704,17137,5068673.0
2020-08-25,2020-08-25,PGHL,A,4740.95,4899.0,4719.65,4878.95,4717.5,651,1759,8493491.0
2020-08-25,2020-08-25,ELECTCAST,B,17.0,17.0,15.65,16.07,16.55,330,71571,1161714.0
2020-08-25,2020-08-25,ESABINDIA,B,1512.3,1557.0,1450.25,1482.05,1492.25,487,2301,3428524.0
2020-08-25,2020-08-25,EPL,A,292.0,300.15,285.7,297.15,290.35,1151,17258,5056528.0
2020-08-25,2020-08-25,ESTER,B,73.8,74.5,70.1,70.7,72.7,754,52908,3808922.0
2020-08-25,2020-08-25,PHCAP,X,11.55,11.55,11.55,11.55,11.0,1,489,5647.0
2020-08-25,2020-08-25,FINCABLES,A,305.0,308.0,291.0,299.85,304.75,1651,42673,12761884.0
2020-08-25,2020-08-25,COCKERILL,X,801.3,833.95,751.0,765.95,801.3,243,2620,2016560.0
2020-08-25,2020-08-25,UFLEX,A,357.05,359.9,350.0,351.3,357.7,888,20966,7409206.0
2020-08-25,2020-08-25,FOSECOIND,B,1443.2,1454.0,1383.3,1434.7,1451.5,236,760,1077199.0
2020-08-25,2020-08-25,GOLDENTOBC,B,23.85,24.4,23.85,23.85,23.9,8,195,4708.0
2020-08-25,2020-08-25,GANESHBE,X,50.5,50.5,48.1,49.1,49.35,248,48575,2382964.0
2020-08-25,2020-08-25,GARDENSILK,T,11.65,11.65,10.9,11.19,11.2,18,1300,14251.0
2020-08-25,2020-08-25,METROGLOBL,X,47.95,47.95,43.3,45.6,45.0,29,2321,106321.0
2020-08-25,2020-08-25,GODFRYPHLP,A,930.05,969.5,930.05,946.35,944.0,1344,32118,30395225.0
2020-08-25,2020-08-25,GODREJIND,A,414.0,420.6,409.35,418.85,410.55,531,9631,4000581.0
2020-08-25,2020-08-25,KANSAINER,A,475.0,476.15,452.6,469.4,472.6,1233,13257,6159927.0
2020-08-25,2020-08-25,GOODRICKE,X,311.0,322.7,308.5,311.45,308.35,393,34037,10723858.0
2020-08-25,2020-08-25,GOODYEAR,B,955.0,958.95,930.0,952.4,949.95,140,2859,2714652.0
2020-08-25,2020-08-25,GHCL,A,173.0,178.0,165.4,167.7,172.2,1008,51109,8710153.0
2020-08-25,2020-08-25,GFLLIMITED,B,96.05,98.05,94.0,97.05,96.45,94,3046,293555.0
2020-08-25,2020-08-25,HCL-INSYS,B,9.3,9.31,8.85,9.02,9.09,284,72078,658136.0
2020-08-25,2020-08-25,HDFCBANK,A,1120.0,1127.5,1107.0,1119.85,1116.8,8782,323376,361313623.0
2020-08-25,2020-08-25,HEROMOTOCO,A,3054.95,3054.95,2958.7,2971.05,3014.05,2547,22216,66793107.0
2020-08-25,2020-08-25,HFCL,A,18.3,18.3,17.15,17.32,17.85,1558,526901,9272252.0
2020-08-25,2020-08-25,HSCL,A,58.5,59.25,56.45,56.95,58.45,1257,215915,12356453.0
2020-08-25,2020-08-25,HCC,B,6.15,6.28,6.06,6.1,6.18,848,587393,3604339.0
2020-08-25,2020-08-25,HINDOILEXP,B,90.85,91.0,85.65,87.1,90.15,1146,134103,11791789.0
2020-08-25,2020-08-25,AGI,B,66.5,66.8,64.4,65.15,65.95,427,52526,3435602.0
2020-08-25,2020-08-25,HINDZINC,A,228.05,228.05,225.1,225.85,227.95,762,33621,7601408.0
2020-08-25,2020-08-25,NDLVENTURE,B,666.7,666.8,652.0,661.05,656.5,284,1479,971195.0
2020-08-25,2020-08-25,HMT,Z,18.05,19.1,17.55,18.1,18.2,49,6622,120949.0
2020-08-25,2020-08-25,PRAGBOS,XT,2.2,2.3,2.1,2.2,2.21,14,3567,7871.0
2020-08-25,2020-08-25,HLVLTD,B,5.4,5.84,5.24,5.26,5.38,38,30703,167446.0
2020-08-25,2020-08-25,IGPL,B,250.05,268.0,250.05,257.7,253.25,1327,24194,6305621.0
2020-08-25,2020-08-25,INDIAGLYCO,B,296.75,319.7,292.45,310.75,295.45,3617,92569,28746545.0
2020-08-25,2020-08-25,INDLEASE,X,3.71,3.71,3.71,3.71,3.9,1,10,37.0
2020-08-25,2020-08-25,INDORAMA,B,19.0,19.2,18.85,19.1,19.34,31,2148,40828.0
2020-08-25,2020-08-25,INFY,A,946.45,948.5,934.1,938.35,947.2,5144,221870,208685244.0
2020-08-25,2020-08-25,INGERRAND,B,647.85,661.4,646.7,651.65,648.95,386,3144,2047544.0
2020-08-25,2020-08-25,INSILCOLTD,X,10.39,10.45,9.65,10.0,10.0,49,8367,83694.0
2020-08-25,2020-08-25,ITHL,X,53.5,53.5,51.7,53.4,51.65,107,11421,605034.0
2020-08-25,2020-08-25,IONEXCHANG,B,766.0,788.0,760.0,768.95,774.45,1357,42784,33175241.0
2020-08-25,2020-08-25,SUNDROP,B,825.0,825.0,733.0,743.8,771.45,1201,14581,11360569.0
2020-08-25,2020-08-25,JISLJALEQS,B,12.55,12.87,11.89,11.95,12.5,748,531970,6466456.0
2020-08-25,2020-08-25,JASCH,X,27.5,28.65,27.0,27.0,27.3,12,964,26742.0
2020-08-25,2020-08-25,JCTLTD,XT,1.04,1.04,0.97,1.0,1.01,242,499053,504463.0
2020-08-25,2020-08-25,JINDALPOLY,B,507.55,508.25,474.55,493.45,505.6,856,16328,8056078.0
2020-08-25,2020-08-25,JSWSTEEL,A,286.1,287.25,280.4,284.95,285.65,2137,266337,75546659.0
2020-08-25,2020-08-25,UMANGDAIRY,B,51.25,51.55,47.95,48.05,49.15,107,2412,119715.0
2020-08-25,2020-08-25,KAJARIACER,A,482.0,485.2,470.95,472.45,477.5,1370,674458,319086493.0
2020-08-25,2020-08-25,KAKATCEM,B,170.0,182.95,168.95,178.4,166.35,677,24891,4488083.0
2020-08-25,2020-08-25,KSL,B,229.0,246.0,229.0,231.0,227.05,2252,37278,8886725.0
2020-08-25,2020-08-25,WHIRLPOOL,A,2285.9,2285.9,2205.05,2253.6,2243.8,653,111055,249287210.0
2020-08-25,2020-08-25,KGDENIM,X,22.85,23.35,22.6,22.6,22.85,14,5828,132337.0
2020-08-25,2020-08-25,KINETICENG,XT,23.0,23.0,22.0,22.0,23.15,26,3926,87564.0
2020-08-25,2020-08-25,KIRLOSBROS,B,130.4,132.5,128.1,129.6,129.8,637,14603,1901345.0
2020-08-25,2020-08-25,KIRLOSIND,B,675.85,676.0,663.1,669.05,664.65,44,411,274810.0
2020-08-25,2020-08-25,KIRLFER,B,92.0,92.0,89.75,90.3,92.3,173,44102,3975207.0
2020-08-25,2020-08-25,ENVAIREL,X,22.15,22.15,22.15,22.15,23.3,1,30,664.0
2020-08-25,2020-08-25,KOTAKBANK,A,1395.0,1404.95,1380.65,1400.95,1386.9,4633,93344,130006948.0
2020-08-25,2020-08-25,KSB,B,531.15,554.0,529.5,548.5,531.6,391,6304,3468914.0
2020-08-25,2020-08-25,LGBBROSLTD,B,256.4,257.8,248.0,250.05,250.1,295,6623,1669717.0
2020-08-25,2020-08-25,TRENT,A,625.0,665.0,624.9,646.0,623.6,4669,72825,47370275.0
2020-08-25,2020-08-25,LMW,A,3360.0,3395.0,3293.0,3298.1,3358.5,175,530,1768474.0
2020-08-25,2020-08-25,LICHSGFIN,A,289.0,308.4,286.1,299.0,276.7,32718,2107288,632805100.0
2020-08-25,2020-08-25,UTTAMVALUE,B,0.54,0.55,0.53,0.54,0.55,639,11600781,6258187.0
2020-08-25,2020-08-25,LUPIN,A,1021.0,1021.0,969.25,971.85,970.1,5371,155983,153669236.0
2020-08-25,2020-08-25,LYKALABS,B,21.2,21.2,20.1,20.5,20.4,91,8457,174281.0
2020-08-25,2020-08-25,RAMCOCEM,A,728.8,734.85,714.55,729.7,722.05,861,14146,10239158.0
2020-08-25,2020-08-25,MAFATIND,X,91.3,95.0,91.3,92.25,91.45,20,660,61112.0
2020-08-25,2020-08-25,MAHSEAMLES,A,254.0,256.8,242.0,246.4,251.95,467,11014,2722008.0
2020-08-25,2020-08-25,MAHSCOOTER,A,3047.05,3251.0,3017.0,3166.4,3019.65,530,2870,8921841.0
2020-08-25,2020-08-25,MAJESAUT,X,97.9,101.95,93.1,97.85,95.05,71,7419,718481.0
2020-08-25,2020-08-25,MANALIPETC,B,23.9,25.25,22.85,25.1,23.65,919,346512,8476563.0
2020-08-25,2020-08-25,MFSL,A,566.0,630.9,565.0,620.6,549.7,15017,498375,306579669.0
2020-08-25,2020-08-25,MIDINDIA,XT,0.85,0.85,0.85,0.85,0.84,1,20,17.0
2020-08-25,2020-08-25,ONIDA,B,10.18,10.66,10.18,10.18,10.71,332,167444,1713835.0
2020-08-25,2020-08-25,CENTENKA,B,187.0,187.0,180.7,181.0,184.85,280,5831,1072630.0
2020-08-25,2020-08-25,LORDSCHLO,XT,39.95,40.35,36.85,39.75,38.45,27,1343,53265.0
2020-08-25,2020-08-25,SPICEJET,A,52.8,53.2,51.6,51.85,52.2,1725,444449,23239115.0
2020-08-25,2020-08-25,MOREPENLAB,B,24.7,25.7,24.7,25.7,24.5,265,247211,6350451.0
2020-08-25,2020-08-25,MRF,A,60247.0,60247.0,59106.0,59274.25,59619.6,676,860,51317823.0
2020-08-25,2020-08-25,HEIDELBERG,A,199.8,205.15,196.2,199.2,197.45,977,55289,11131414.0
2020-08-25,2020-08-25,NCC,A,35.95,36.7,35.55,35.8,35.95,2035,593413,21370654.0
2020-08-25,2020-08-25,VEDL,A,128.25,130.6,128.0,130.05,128.75,3166,462360,59726291.0
2020-08-25,2020-08-25,NAHARSPING,B,40.65,40.85,39.2,40.3,41.05,23,486,19346.0
2020-08-25,2020-08-25,NAPEROL,X,1966.0,2020.0,1910.0,1956.45,1961.5,903,10656,20804301.0
2020-08-25,2020-08-25,GRASIM,A,670.0,679.0,662.0,673.25,670.45,1483,63618,42821123.0
2020-08-25,2020-08-25,PEL,A,1425.25,1440.0,1399.8,1415.4,1417.05,4219,167108,237607793.0
2020-08-25,2020-08-25,NIITLTD,B,130.5,137.35,124.35,136.2,129.85,4711,321426,42586104.0
2020-08-25,2020-08-25,JAYKAY,X,4.7,4.7,4.14,4.27,4.4,17,3400,14856.0
2020-08-25,2020-08-25,NIRLON,B,245.15,249.9,242.75,243.15,245.8,28,1683,411367.0
2020-08-25,2020-08-25,ONGC,A,81.2,82.5,80.25,80.55,81.2,2858,1100511,89097749.0
2020-08-25,2020-08-25,OILCOUNTUB,B,4.5,4.5,4.27,4.28,4.45,23,6252,27143.0
2020-08-25,2020-08-25,ORIENTHOT,B,23.2,23.45,22.6,23.0,23.25,102,12429,282978.0
2020-08-25,2020-08-25,OSWALAGRO,B,9.0,9.06,8.6,8.8,8.85,62,16598,147424.0
2020-08-25,2020-08-25,INDSUCR,X,25.05,27.9,24.0,24.55,25.05,131,20350,502898.0
2020-08-25,2020-08-25,RELIANCE,A,2105.0,2111.3,2078.3,2082.0,2096.05,26648,481884,1006799665.0
2020-08-25,2020-08-25,PILITA,B,6.54,6.54,6.24,6.38,6.26,271,48615,310168.0
2020-08-25,2020-08-25,PENTAMEDG,XT,0.44,0.44,0.4,0.42,0.42,54,144590,58822.0
2020-08-25,2020-08-25,RAYMOND,A,290.0,291.35,282.0,286.05,286.9,1384,46688,13348835.0
2020-08-25,2020-08-25,PIDILITIND,A,1470.55,1486.15,1456.75,1475.25,1468.4,2693,49230,72413251.0
2020-08-25,2020-08-25,PIXTRANS,X,148.55,151.5,142.5,144.8,149.8,210,14851,2177365.0
2020-08-25,2020-08-25,BIRLACORPN,A,600.15,624.6,600.15,617.35,607.9,2092,41117,25408449.0
2020-08-25,2020-08-25,SURYAROSNI,B,191.0,191.4,182.2,182.9,190.95,456,11597,2149718.0
2020-08-25,2020-08-25,PRIMESECU,B,51.0,51.0,47.15,48.75,47.75,122,30307,1474296.0
2020-08-25,2020-08-25,PRSMJOHNSN,A,57.15,57.15,54.0,54.75,56.75,306,31288,1735344.0
2020-08-25,2020-08-25,RAIN,A,119.9,128.55,118.55,124.9,120.4,3483,308700,38449344.0
2020-08-25,2020-08-25,AMJLAND,B,20.1,20.5,19.2,19.65,21.0,195,6137,121742.0
2020-08-25,2020-08-25,PUNJCOMMU,B,20.33,20.33,20.33,20.33,19.37,7,664,13499.0
2020-08-25,2020-08-25,RSWM,B,89.0,91.6,87.0,88.4,91.0,271,4814,431509.0
2020-08-25,2020-08-25,RAJSREESUG,B,15.23,15.43,15.1,15.43,15.19,20,1073,16211.0
2020-08-25,2020-08-25,RALLIS,A,304.0,328.5,304.0,325.35,301.75,6613,267363,85226000.0
2020-08-25,2020-08-25,RAMANEWS,B,15.35,15.35,15.2,15.2,15.45,28,6612,101088.0
2020-08-25,2020-08-25,RAMAPPR-B,X,8.0,8.0,8.0,8.0,7.99,1,10,80.0
2020-08-25,2020-08-25,RAMAPETRO,X,2.93,3.23,2.93,3.23,3.08,2,382,1134.0
2020-08-25,2020-08-25,RAPICUT,X,29.9,31.4,28.0,28.0,29.85,19,2604,74483.0
2020-08-25,2020-08-25,WELSPLSOL,X,9.4,9.73,9.18,9.26,9.44,33,26423,245709.0
2020-08-25,2020-08-25,ROLTA,B,6.62,6.76,6.62,6.62,6.96,197,166666,1104270.0
2020-08-25,2020-08-25,RUBFILA,X,42.65,42.65,39.75,40.2,41.25,96,16931,688413.0
2020-08-25,2020-08-25,PATANJALI,T,652.05,652.1,625.0,631.4,652.05,1588,11599,7319912.0
2020-08-25,2020-08-25,SALORAINTL,XT,18.44,18.44,18.44,18.44,18.44,2,20,368.0
2020-08-25,2020-08-25,JINDALSAW,A,68.0,69.0,67.0,67.7,67.85,652,107481,7292778.0
2020-08-25,2020-08-25,JKLAKSHMI,A,284.5,288.1,281.1,283.6,280.6,422,9551,2716975.0
2020-08-25,2020-08-25,SHREECEM,A,22300.0,22325.95,21306.2,21787.7,22200.85,704,1652,36119614.0
2020-08-25,2020-08-25,RELINFRA,A,30.2,30.4,29.4,29.6,29.65,525,75326,2237187.0
2020-08-25,2020-08-25,STEELCO,XT,2.1,2.2,2.1,2.2,2.1,4,110,238.0
2020-08-25,2020-08-25,TATAPOWER,A,61.8,61.8,59.05,59.95,60.9,4875,4528459,273588859.0
2020-08-25,2020-08-25,SPMLINFRA,B,11.48,11.48,11.48,11.48,10.94,15,8512,97717.0
2020-08-25,2020-08-25,SUNDRMFAST,A,476.0,476.0,463.1,466.1,474.8,233,1473,691201.0
2020-08-25,2020-08-25,SUNFLAG,B,47.9,47.9,45.7,47.0,47.55,362,41377,1939196.0
2020-08-25,2020-08-25,SPLPETRO,B,212.3,223.0,201.0,218.8,206.45,849,18901,4042615.0
2020-08-25,2020-08-25,SWARAJENG,B,1674.95,1674.95,1610.85,1655.3,1630.25,276,917,1498991.0
2020-08-25,2020-08-25,TATAELXSI,A,1078.85,1109.0,1071.55,1090.4,1071.6,2421,66512,72010500.0
2020-08-25,2020-08-25,ACC,A,1430.0,1430.0,1398.85,1401.25,1420.35,1198,15652,22039531.0
2020-08-25,2020-08-25,THERMAX,A,813.0,821.1,800.0,802.4,814.9,412,2370,1908226.0
2020-08-25,2020-08-25,TIRUMALCHM,B,70.9,73.4,70.05,70.4,69.95,697,83050,5969069.0
2020-08-25,2020-08-25,THOMASCOOK,B,37.8,38.1,36.7,36.95,37.65,166,17302,640932.0
2020-08-25,2020-08-25,TIMEX,X,22.7,22.7,21.2,21.4,21.55,169,40840,887790.0
2020-08-25,2020-08-25,TOKYOPLAST,B,63.3,63.3,60.55,61.4,63.05,22,381,23476.0
2020-08-25,2020-08-25,TORNTPHARM,A,2835.0,2835.0,2784.45,2804.3,2797.5,1522,21419,60115467.0
2020-08-25,2020-08-25,TRANSCHEM,X,17.28,17.28,15.64,15.7,16.46,119,564122,8849963.0
2020-08-25,2020-08-25,AMBUJACEM,A,223.0,226.0,221.2,222.6,224.25,957,56605,12597422.0
2020-08-25,2020-08-25,UTLINDS,X,5.77,5.88,5.66,5.87,5.77,17,2923,16944.0
2020-08-25,2020-08-25,UNIENTER,B,68.15,68.9,66.0,66.0,67.9,43,1630,109107.0
2020-08-25,2020-08-25,VHL,B,1460.0,1499.0,1449.0,1453.75,1417.9,26,3072,4513613.0
2020-08-25,2020-08-25,HINDALCO,A,196.0,196.3,190.2,191.3,193.25,2454,366377,70547694.0
2020-08-25,2020-08-25,WSTCSTPAPR,B,191.95,192.6,188.1,188.5,191.65,386,11254,2133878.0
2020-08-25,2020-08-25,HOCL,B,17.99,18.05,16.74,16.74,17.62,550,152995,2653117.0
2020-08-25,2020-08-25,PASUPTAC,X,10.75,10.9,9.94,10.05,10.46,159,45000,461012.0
2020-08-25,2020-08-25,TEAM24,XT,1.66,1.82,1.66,1.7,1.74,8,1161,2082.0
2020-08-25,2020-08-25,PGHH,A,10200.0,10457.6,10045.0,10309.1,10133.05,926,2381,24375227.0
2020-08-25,2020-08-25,MUKANDLTD,B,28.5,28.55,27.7,28.0,27.75,60,14224,401499.0
2020-08-25,2020-08-25,BBOX,B,376.8,380.0,360.0,361.4,371.05,114,2328,860375.0
2020-08-25,2020-08-25,UCAL,B,124.0,129.4,122.0,126.45,121.7,1054,21889,2765366.0
2020-08-25,2020-08-25,HARRMALAYA,B,96.35,96.7,92.5,93.95,95.55,400,11019,1037501.0
2020-08-25,2020-08-25,FEDERALBNK,A,57.0,57.5,56.0,56.4,56.7,3276,1446490,82085656.0
2020-08-25,2020-08-25,TATASTEEL,A,430.6,432.5,421.5,424.05,429.45,5082,358584,152784201.0
2020-08-25,2020-08-25,SKFINDIA,A,1630.0,1630.0,1602.25,1619.9,1620.9,529,3536,5707131.0
2020-08-25,2020-08-25,ASHOKLEY,A,69.0,70.25,68.25,70.0,68.45,10145,2358952,164103236.0
2020-08-25,2020-08-25,CUMMINSIND,A,467.5,474.6,463.65,473.15,467.35,1752,57080,26861080.0
2020-08-25,2020-08-25,TATACOMM,B,897.75,897.75,875.4,885.4,889.8,533,4848,4281256.0
2020-08-25,2020-08-25,ABBOTINDIA,A,17023.7,17092.0,16880.0,16901.2,16965.0,167,258,4383467.0
2020-08-25,2020-08-25,BAJAJHLDNG,A,2694.0,2694.0,2630.15,2670.4,2665.5,474,3109,8272477.0
2020-08-25,2020-08-25,BHARATFORG,A,500.0,513.8,494.0,499.65,499.15,2496,103180,51971508.0
2020-08-25,2020-08-25,ESCORTS,A,1132.0,1151.6,1111.0,1119.2,1129.35,3252,79025,89386129.0
2020-08-25,2020-08-25,HINDMOTORS,B,6.19,6.21,6.0,6.18,6.21,103,26010,159426.0
2020-08-25,2020-08-25,LT,A,992.5,999.0,978.1,980.6,991.85,9532,153824,152057116.0
2020-08-25,2020-08-25,M&M,A,603.5,612.35,601.75,609.4,601.85,2359,93031,56477072.0
2020-08-25,2020-08-25,BOSCHLTD,A,14329.6,14535.5,14098.55,14203.5,14191.9,553,1288,18390544.0
2020-08-25,2020-08-25,PREMIER,B,2.9,2.9,2.9,2.9,2.77,6,1210,3509.0
2020-08-25,2020-08-25,BPCL,A,412.8,419.4,408.55,412.85,409.5,4156,284978,118168500.0
2020-08-25,2020-08-25,SIEMENS,A,1230.2,1240.35,1221.8,1229.2,1225.8,956,19850,24402653.0
2020-08-25,2020-08-25,TMPV,A,121.55,128.3,121.4,127.05,121.2,19752,4641160,579329104.0
2020-08-25,2020-08-25,VOLTAS,A,665.1,673.0,652.85,654.1,661.45,1100,35322,23283716.0
2020-08-25,2020-08-25,GESHIP,A,278.5,278.5,270.2,272.85,276.6,811,18155,4960035.0
2020-08-25,2020-08-25,DEEPAKFERT,A,182.4,192.85,180.65,185.45,180.1,6336,464430,86749012.0
2020-08-25,2020-08-25,EXCELINDUS,B,946.5,956.65,882.0,891.95,920.85,1445,14692,13553869.0
2020-08-25,2020-08-25,GRWRHITECH,X,280.0,280.0,265.0,266.7,275.1,202,9073,2444861.0
2020-08-25,2020-08-25,GLAXO,A,1522.0,1626.85,1522.0,1571.25,1522.15,1785,11804,18733975.0
2020-08-25,2020-08-25,GNFC,A,224.2,232.3,217.85,223.25,218.35,7426,516431,116018792.0
2020-08-25,2020-08-25,NOVARTIND,B,647.15,648.0,635.0,640.9,647.15,343,9275,5935915.0
2020-08-25,2020-08-25,SANOFI,A,8800.0,8815.0,8660.0,8686.35,8719.0,278,553,4834987.0
2020-08-25,2020-08-25,PFIZER,A,4895.0,4925.0,4761.5,4797.55,4825.1,2361,11175,54082303.0
2020-08-25,2020-08-25,GSFC,A,67.85,70.4,66.8,67.85,67.25,2085,313844,21626933.0
2020-08-25,2020-08-25,HINDUNILVR,A,2197.0,2198.15,2175.9,2180.15,2194.4,4405,77435,169099610.0
2020-08-25,2020-08-25,JSWDULUX,A,2139.95,2139.95,2081.1,2098.3,2100.85,189,686,1441308.0
2020-08-25,2020-08-25,NOCIL,A,119.6,133.75,119.0,132.45,120.95,10592,726489,93570486.0
2020-08-25,2020-08-25,TATACHEM,A,334.0,345.8,328.65,334.2,324.65,13360,566712,191373274.0
2020-08-25,2020-08-25,TNPETRO,B,41.15,41.7,40.1,41.25,40.85,255,25427,1041360.0
2020-08-25,2020-08-25,ZUARIIND,B,62.4,62.4,57.85,58.1,61.2,125,8046,479544.0
2020-08-25,2020-08-25,NESTLEIND,A,16482.05,16482.05,16266.75,16290.5,16535.5,2300,4445,72570801.0
2020-08-25,2020-08-25,TATACONSUM,A,546.0,547.6,541.2,545.0,545.65,3385,1067510,581687071.0
2020-08-25,2020-08-25,ASIANPAINT,A,1956.0,2015.95,1956.0,2001.0,1963.25,7872,98984,196953042.0
2020-08-25,2020-08-25,BRITANNIA,A,3934.9,3934.9,3876.0,3897.1,3909.1,2991,18051,70351538.0
2020-08-25,2020-08-25,COLPAL,A,1420.0,1424.95,1405.85,1413.8,1418.3,830,6803,9611941.0
2020-08-25,2020-08-25,EIHOTEL,A,92.4,93.35,87.5,89.6,91.5,2694,280231,25308785.0
2020-08-25,2020-08-25,INDHOTEL,A,105.5,107.0,103.4,104.5,104.8,3401,338421,35470107.0
2020-08-25,2020-08-25,CASTROLIND,A,124.65,125.5,122.6,122.9,124.5,1186,68856,8506515.0
2020-08-25,2020-08-25,ITC,A,197.0,198.25,195.05,195.55,196.65,4847,570292,111848421.0
2020-08-25,2020-08-25,APOLLOTYRE,A,130.0,130.0,126.2,126.7,128.4,2151,261606,33302298.0
2020-08-25,2020-08-25,CEATLTD,A,888.7,890.5,878.25,883.1,880.15,949,26072,23009347.0
2020-08-25,2020-08-25,FINPIPE,A,463.05,515.0,460.8,504.35,465.05,1897,28692,14050597.0
2020-08-25,2020-08-25,DSINVEST,XT,248.5,248.5,248.5,248.5,253.55,1,10,2485.0
2020-08-25,2020-08-25,CENTRUM,A,14.1,14.25,13.6,13.87,14.1,204,103011,1430781.0
2020-08-25,2020-08-25,TCIFINANCE,B,6.0,6.0,5.61,5.69,5.88,18,2478,14272.0
2020-08-25,2020-08-25,IITL,B,65.0,65.0,65.0,65.0,65.05,1,25,1625.0
2020-08-25,2020-08-25,INDPRUD,X,939.4,939.5,894.3,901.0,890.0,33,191,174538.0
2020-08-25,2020-08-25,TATAINVEST,A,838.4,867.0,838.4,850.55,830.75,908,9553,8163985.0
2020-08-25,2020-08-25,PRISMX,X,12.41,12.41,12.41,12.41,12.17,10,3046,37800.0
2020-08-25,2020-08-25,WALCHPF,X,54.65,60.35,54.65,56.05,57.5,14,2663,152920.0
2020-08-25,2020-08-25,SHAILY,X,585.55,620.0,585.55,585.55,616.35,276,23806,14070518.0
2020-08-25,2020-08-25,BBTC,A,1490.0,1495.1,1462.4,1478.25,1476.95,556,5746,8485568.0
2020-08-25,2020-08-25,BOMBCYC,X,725.0,729.0,706.0,706.0,728.7,12,87,62105.0
2020-08-25,2020-08-25,GREAVESCOT,A,81.65,81.65,80.55,80.75,80.7,564,27089,2192835.0
2020-08-25,2020-08-25,INDIANVSH,X,23.55,24.1,23.55,23.65,23.35,68,4812,114043.0
2020-08-25,2020-08-25,COASTCORP,X,203.0,204.0,201.0,203.75,200.55,65,3911,794825.0
2020-08-25,2020-08-25,CHOWGULSTM,XT,4.2,4.48,4.15,4.41,4.27,6,584,2474.0
2020-08-25,2020-08-25,GARWAOFFS,B,7.15,7.15,7.15,7.15,6.81,8,6041,43193.0
2020-08-25,2020-08-25,ASIIL,X,14.0,14.4,13.85,14.07,13.8,60,19623,275996.0
2020-08-25,2020-08-25,SAGCEM,B,505.65,507.25,491.95,497.65,500.85,85,706,353363.0
2020-08-25,2020-08-25,DECCANCE,B,323.95,323.95,310.5,314.25,309.2,1016,26210,8300158.0
2020-08-25,2020-08-25,MANGLMCEM,B,224.85,224.85,213.2,215.1,220.45,370,6317,1388887.0
2020-08-25,2020-08-25,NCLIND,B,95.5,95.85,94.0,94.65,93.65,643,34898,3308692.0
2020-08-25,2020-08-25,SAURASHCEM,X,42.65,43.45,41.75,42.25,43.05,170,24560,1040843.0
2020-08-25,2020-08-25,SHREDIGCEM,B,53.6,53.95,51.0,52.05,52.7,542,70595,3681198.0
2020-08-25,2020-08-25,BORORENEW,B,84.05,84.65,80.5,81.25,83.6,904,61025,4995435.0
2020-08-25,2020-08-25,LERTHAI,XT,186.0,195.0,186.0,195.0,186.0,7,674,129864.0
2020-08-25,2020-08-25,TRIVENIGQ,XT,8.94,8.94,8.94,8.94,8.52,8,1976,17665.0
2020-08-25,2020-08-25,ANDHRAPAP,B,225.95,226.35,220.1,221.15,225.65,387,7344,1636835.0
2020-08-25,2020-08-25,BALKRISIND,A,1374.15,1394.1,1355.85,1373.0,1374.0,2688,26974,37088942.0
2020-08-25,2020-08-25,ORIENTPPR,B,18.5,19.05,18.5,18.7,18.9,302,67924,1273393.0
2020-08-25,2020-08-25,CITADEL,X,10.1,11.08,10.1,11.08,10.56,11,1426,15364.0
2020-08-25,2020-08-25,ROLLT,T,3.34,3.34,3.32,3.34,3.19,32,49926,166620.0
2020-08-25,2020-08-25,SESHAPAPER,B,155.25,156.75,155.25,156.0,155.45,181,4612,719167.0
2020-08-25,2020-08-25,NATHIND,X,89.0,89.0,81.45,83.9,84.65,68,5696,485136.0
2020-08-25,2020-08-25,VAPIENTER,XT,35.95,35.95,35.95,35.95,35.95,1,1,35.0
2020-08-25,2020-08-25,SINTEXIND,B,2.57,2.63,2.4,2.42,2.52,2029,7574243,18985902.0
2020-08-25,2020-08-25,DCM,B,19.9,20.25,19.8,19.95,19.75,20,1899,37824.0
2020-08-25,2020-08-25,FORBESCO,B,1049.5,1050.0,1000.0,1025.05,1030.5,117,2515,2604571.0
2020-08-25,2020-08-25,HPCOTTON,X,20.85,21.0,20.85,21.0,20.9,7,2361,49565.0
2020-08-25,2020-08-25,JAMSHRI,X,2302.05,2400.0,2302.0,2302.0,2423.1,8,19,44248.0
2020-08-25,2020-08-25,KATRSPG,X,9.55,9.55,9.55,9.55,9.85,1,100,955.0
2020-08-25,2020-08-25,KESORAMIND,B,44.0,44.95,42.55,43.0,43.6,255,23045,1005198.0
2020-08-25,2020-08-25,LAKSHMIMIL,X,1550.0,1620.0,1535.0,1606.45,1584.0,35,92,146109.0
2020-08-25,2020-08-25,VTL,A,821.2,857.0,796.2,802.9,812.85,705,4175,3450244.0
2020-08-25,2020-08-25,MODERNINDIA,XT,46.95,46.95,46.95,46.95,49.0,2,170,7981.0
2020-08-25,2020-08-25,PENINLAND,B,4.71,4.71,4.48,4.48,4.71,103,41691,189008.0
2020-08-25,2020-08-25,PHOENIXLTD,A,675.2,678.95,639.7,648.6,725.25,32344,21689416,14443567887.0
2020-08-25,2020-08-25,MARATHON,B,58.45,58.45,55.25,55.35,57.2,30,591,33471.0
2020-08-25,2020-08-25,RAJABAH,XT,1425.0,1425.0,1425.0,1425.0,1500.0,1,2,2850.0
2020-08-25,2020-08-25,RELCHEMQ,X,75.4,79.95,74.55,77.2,77.4,174,12862,1008515.0
2020-08-25,2020-08-25,RUBYMILLS,B,190.0,190.0,187.8,187.8,190.65,23,364,68442.0
2020-08-25,2020-08-25,SIMPLXREA,X,37.55,37.55,37.5,37.5,37.5,4,700,26255.0
2020-08-25,2020-08-25,SWANCORP,A,132.9,138.0,130.5,133.1,132.65,1104,89192,11877931.0
2020-08-25,2020-08-25,VICTMILL,X,1944.7,1944.7,1901.0,1930.0,1890.9,22,51,98405.0
2020-08-25,2020-08-25,ZSVARAJT,XT,7.8,7.8,7.76,7.76,8.16,11,3441,26702.0
2020-08-25,2020-08-25,ZODIACVEN,XT,9.6,10.11,9.32,9.91,9.63,26,3318,32281.0
2020-08-25,2020-08-25,VEERENRGY,X,7.45,7.45,7.07,7.17,7.24,55,11506,83448.0
2020-08-25,2020-08-25,TILAK,X,2.0,2.0,2.0,2.0,2.03,3,4,8.0
2020-08-25,2020-08-25,BANSWRAS,B,71.4,73.0,70.7,72.5,70.6,143,3056,221302.0
2020-08-25,2020-08-25,SHRIDINE,X,118.55,118.55,112.55,118.55,107.8,49,7066,837160.0
2020-08-25,2020-08-25,SRF,A,4350.95,4404.35,4261.85,4283.1,4336.0,2425,13072,56526223.0
2020-08-25,2020-08-25,SIYSIL,B,162.95,163.0,155.75,156.75,159.55,328,13143,2088542.0
2020-08-25,2020-08-25,SWADPOL,XT,5.0,5.0,5.0,5.0,5.0,1,99,495.0
2020-08-25,2020-08-25,FOMENTOHOTE,X,122.65,122.65,122.65,122.65,126.15,1,1,122.0
2020-08-25,2020-08-25,BBL,B,873.85,873.85,852.7,855.1,860.45,274,4654,4032573.0
2020-08-25,2020-08-25,ELPROINTL,X,40.0,40.5,39.0,40.0,39.5,54,22827,911708.0
2020-08-25,2020-08-25,EMCOLTD,Z,1.85,1.85,1.77,1.85,1.77,19,6915,12752.0
2020-08-25,2020-08-25,GEE,X,29.0,29.45,28.3,28.9,29.0,18,2579,74076.0
2020-08-25,2020-08-25,HIRECT,B,141.7,142.55,137.9,139.3,141.3,287,7230,1008728.0
2020-08-25,2020-08-25,NIPPOBATRY,B,581.3,600.8,572.0,584.6,580.3,122,971,565658.0
2020-08-25,2020-08-25,ZENSARTECH,A,180.25,180.5,175.0,175.6,180.45,230,4533,807378.0
2020-08-25,2020-08-25,JYOTI,X,7.99,7.99,7.99,7.99,7.94,2,300,2397.0
2020-08-25,2020-08-25,JSLINDL,XT,71.0,71.5,71.0,71.5,74.55,5,236,16763.0
2020-08-25,2020-08-25,KAYCEEI,X,2876.0,2940.0,2876.0,2907.0,3025.0,6,6,17349.0
2020-08-25,2020-08-25,INDOKEM,X,16.54,16.54,14.98,14.98,15.76,79,23582,373758.0
2020-08-25,2020-08-25,PANAENERG,X,203.0,209.0,185.0,191.3,200.55,486,47811,9313091.0
2020-08-25,2020-08-25,NELCO,B,219.0,220.35,212.0,212.8,216.15,543,10043,2156326.0
2020-08-25,2020-08-25,PERMAGN,X,137.9,138.0,132.0,135.1,135.8,218,10217,1377352.0
2020-08-25,2020-08-25,HIGHENE,X,343.0,343.0,317.0,319.6,336.15,67,1534,495879.0
2020-08-25,2020-08-25,STDBAT,X,4.5,4.51,4.5,4.51,4.3,4,940,4238.0
2020-08-25,2020-08-25,UNIVCABLES,B,175.0,175.6,155.25,157.55,171.9,1326,44783,7263850.0
2020-08-25,2020-08-25,WSI,B,2.31,2.31,2.31,2.31,2.2,4,4040,9332.0
2020-08-25,2020-08-25,DLTNCBL,X,36.0,36.95,35.0,35.9,35.45,27,2250,79906.0
2020-08-25,2020-08-25,LAKSELEC,X,260.0,262.0,255.0,256.9,255.6,65,2914,753992.0
2020-08-25,2020-08-25,MODULEX,X,8.36,8.36,7.72,8.12,8.01,30,9418,77422.0
2020-08-25,2020-08-25,DELTAMAGNT,B,21.0,21.6,21.0,21.35,21.0,29,1914,40653.0
2020-08-25,2020-08-25,PAZEL,X,0.7,0.7,0.6,0.6,0.66,16,22550,14411.0
2020-08-25,2020-08-25,LONGSPUR,X,1.12,1.12,1.12,1.12,1.1,2,10,11.0
2020-08-25,2020-08-25,RELTD,X,28.8,31.8,28.8,28.8,30.3,26,3354,96598.0
2020-08-25,2020-08-25,EMPOWER,X,0.15,0.15,0.15,0.15,0.15,56,264120,39618.0
2020-08-25,2020-08-25,NYSSACORP,XT,0.76,0.76,0.76,0.76,0.76,2,164,124.0
2020-08-25,2020-08-25,FLOMIC,XT,0.67,0.67,0.67,0.67,0.66,1,5,3.0
2020-08-25,2020-08-25,UNIABEXAL,X,400.0,400.0,370.0,394.3,383.75,36,734,285728.0
2020-08-25,2020-08-25,SARDAEN,B,255.85,284.0,255.85,272.0,256.15,995,48777,12911436.0
2020-08-25,2020-08-25,BGWTATO,X,98.0,102.5,94.25,94.25,98.05,6,90,8964.0
2020-08-25,2020-08-25,UNIVPRIME,XT,1.66,1.66,1.66,1.66,1.74,1,11,18.0
2020-08-25,2020-08-25,GALADA,XT,1.99,1.99,1.81,1.99,1.9,20,7110,13976.0
2020-08-25,2020-08-25,INDIANHUME,B,198.6,200.7,191.5,195.2,196.1,396,13060,2562980.0
2020-08-25,2020-08-25,INVPRECQ,X,182.7,190.95,173.0,185.45,178.0,14,216,39524.0
2020-08-25,2020-08-25,KAIRA,X,783.6,858.0,783.0,803.0,824.0,22,120,96927.0
2020-08-25,2020-08-25,ORIENTCER,B,22.65,23.5,21.3,21.45,22.5,309,50851,1130062.0
2020-08-25,2020-08-25,DUNCANENG,X,94.1,102.45,94.1,101.65,94.1,12,285,28939.0
2020-08-25,2020-08-25,SANDUMA,X,800.0,800.0,750.9,762.75,762.95,391,13562,10426166.0
2020-08-25,2020-08-25,STOVACQ,X,2225.0,2225.0,2130.0,2149.85,2171.0,69,766,1664007.0
2020-08-25,2020-08-25,TATAYODOGA,X,33.05,33.75,31.75,32.45,33.1,49,10087,325931.0
2020-08-25,2020-08-25,TINPLATE,B,150.5,150.6,146.55,147.2,149.55,1066,51600,7627060.0
2020-08-25,2020-08-25,CHOLAHLDNG,A,457.95,457.95,421.05,441.15,432.6,598,6642,2889119.0
2020-08-25,2020-08-25,ZWELCAST,X,370.0,370.0,370.0,370.0,370.05,6,143,52910.0
2020-08-25,2020-08-25,AUTOAXLES,B,734.6,735.4,708.45,719.8,723.7,212,1238,894063.0
2020-08-25,2020-08-25,ATLASCYCLE,T,44.0,46.25,44.0,45.1,44.25,27,2997,134122.0
2020-08-25,2020-08-25,ACGL,X,388.1,388.1,374.0,375.25,374.65,42,1493,571142.0
2020-08-25,2020-08-25,SETCO,B,13.28,13.3,12.56,12.58,13.22,399,87327,1115787.0
2020-08-25,2020-08-25,SCOOTER,T,40.1,40.1,40.1,40.1,38.2,130,34995,1403299.0
2020-08-25,2020-08-25,TALBROAUTO,B,131.0,135.0,120.6,125.45,134.45,837,16714,2091304.0
2020-08-25,2020-08-25,ZFSTEERING,X,363.0,368.9,341.0,354.95,362.55,66,2150,757058.0
2020-08-25,2020-08-25,SMLMAH,B,463.9,463.9,440.0,441.65,454.35,632,8099,3605780.0
2020-08-25,2020-08-25,TIL,B,204.4,204.4,171.65,173.35,182.6,438,11733,2147854.0
2020-08-25,2020-08-25,EICHERMOT,A,2224.8,2249.0,2183.4,2217.75,2176.85,20549,223900,496105378.0
2020-08-25,2020-08-25,ALFREDHE,X,540.45,540.45,540.0,540.0,550.0,7,174,93969.0
2020-08-25,2020-08-25,CIMMCO,B,27.45,27.45,26.0,26.3,27.1,58,7274,195062.0
2020-08-25,2020-08-25,VELJAN,X,915.9,915.9,870.0,885.75,883.3,32,198,173970.0
2020-08-25,2020-08-25,DYNAMATECH,B,1030.45,1030.45,932.35,932.35,981.4,440,8836,8697479.0
2020-08-25,2020-08-25,GMMPFAUDLR,B,6299.95,6300.0,6042.0,6083.45,6211.3,2641,8921,54788602.0
2020-08-25,2020-08-25,KIRLPNU,X,120.0,129.0,120.0,122.9,118.0,1555,190140,23658956.0
2020-08-25,2020-08-25,TULIVE,XT,231.9,240.0,231.9,240.0,236.6,4,6,1431.0
2020-08-25,2020-08-25,KPT,X,64.8,72.15,62.55,72.15,65.6,70,17039,1218122.0
2020-08-25,2020-08-25,LAKSHMIEW,X,29.95,30.0,29.9,29.9,29.2,3,147,4402.0
2020-08-25,2020-08-25,MANUGRAPH,B,11.35,11.35,11.0,11.29,11.2,19,2435,27359.0
2020-08-25,2020-08-25,NESCO,A,576.0,617.8,555.15,596.75,566.65,4937,78596,46393363.0
2020-08-25,2020-08-25,INTEGRAEN,X,29.7,29.95,28.65,29.0,28.7,68,11140,328158.0
2020-08-25,2020-08-25,SEMAC,B,491.0,509.0,470.0,473.9,497.7,85,750,365516.0
2020-08-25,2020-08-25,TEXINFRA,B,45.3,45.3,42.5,43.0,45.25,190,12716,552288.0
2020-08-25,2020-08-25,WENDT,B,2782.0,2782.0,2688.0,2688.0,2645.15,38,100,272656.0
2020-08-25,2020-08-25,AXONVL,X,1.16,1.16,1.16,1.16,1.14,1,1,1.0
2020-08-25,2020-08-25,RESPONIND,A,97.0,97.65,94.65,96.05,97.05,790,260426,25011726.0
2020-08-25,2020-08-25,MAHACORP,XT,0.26,0.26,0.26,0.26,0.27,28,24999,6499.0
2020-08-25,2020-08-25,DOLATALGO,B,63.2,64.3,60.0,61.75,62.85,823,70583,4373986.0
2020-08-25,2020-08-25,WESTLIFE,A,382.0,384.4,376.0,379.3,375.95,453,4620,1758154.0
2020-08-25,2020-08-25,ZEEL,A,203.55,204.5,197.8,199.85,201.5,6598,849011,170225864.0
2020-08-25,2020-08-25,SVPGLOB,X,468.0,468.0,426.0,439.5,445.1,45,5186,2318668.0
2020-08-25,2020-08-25,SKYLMILAR,X,4.2,4.23,4.2,4.23,4.03,9,9981,42129.0
2020-08-25,2020-08-25,BIMETAL,X,339.3,339.3,310.6,323.05,329.5,87,1289,415884.0
2020-08-25,2020-08-25,BHARATGEAR,B,56.7,56.7,53.25,53.75,56.95,496,33697,1837430.0
2020-08-25,2020-08-25,BRADYM,X,83.4,83.4,79.25,79.25,83.4,5,395,32044.0
2020-08-25,2020-08-25,ELECON,B,32.1,32.1,30.5,31.0,32.1,189,13992,436404.0
2020-08-25,2020-08-25,GRAUWEIL,B,44.0,44.3,42.05,42.95,42.8,1752,557097,24018611.0
2020-08-25,2020-08-25,GAJRABEVEL,XT,0.63,0.63,0.63,0.63,0.6,6,14500,9135.0
2020-08-25,2020-08-25,HIMTEK,X,50.75,54.75,50.75,53.8,52.5,27,1687,89396.0
2020-08-25,2020-08-25,GABRIEL,B,103.1,109.5,103.1,107.05,102.55,1558,58259,6242131.0
2020-08-25,2020-08-25,HERCULES,B,96.2,96.2,94.0,94.45,95.3,191,5744,543663.0
2020-08-25,2020-08-25,ALGOQUANT,X,79.7,79.7,79.7,79.7,79.7,1,10,797.0
2020-08-25,2020-08-25,IFBIND,A,454.2,492.5,452.0,482.75,449.4,2265,35511,16880786.0
2020-08-25,2020-08-25,SINGERIND,X,28.8,29.3,28.0,28.4,28.8,177,41128,1173090.0
2020-08-25,2020-08-25,INTLCOMBQ,XT,144.9,146.7,141.05,143.0,139.75,25,2662,387654.0
2020-08-25,2020-08-25,FMGOETZE,B,420.0,425.0,399.85,407.4,415.4,172,4148,1725781.0
2020-08-25,2020-08-25,JOSTS,X,640.0,640.0,556.2,575.25,594.0,28,159,91382.0
2020-08-25,2020-08-25,SCHAEFFLER,A,3719.9,3879.95,3663.05,3749.65,3660.85,443,1691,6367272.0
2020-08-25,2020-08-25,RANEHOLDIN,B,517.05,546.0,512.65,519.5,539.0,805,6835,3616259.0
2020-08-25,2020-08-25,SNL,X,144.8,144.85,129.1,132.15,135.3,75,3141,422167.0
2020-08-25,2020-08-25,JAIPAN,X,8.36,8.36,8.36,8.36,8.37,2,129,1078.0
2020-08-25,2020-08-25,MANCREDIT,X,46.5,47.2,46.4,46.65,46.2,50,31735,1480525.0
2020-08-25,2020-08-25,TRF,T,90.0,93.0,90.0,90.85,91.8,42,3160,287902.0
2020-08-25,2020-08-25,WPIL,X,464.85,464.85,435.0,435.7,455.95,531,14935,6641331.0
2020-08-25,2020-08-25,KENNAMET,B,846.8,846.8,811.1,822.05,830.45,376,1684,1395102.0
2020-08-25,2020-08-25,TRITONV,X,784.0,815.0,771.0,800.65,766.95,322,7649,6047185.0
2020-08-25,2020-08-25,PRAKASH,B,48.45,49.0,45.75,47.4,47.5,417,65470,3073488.0
2020-08-25,2020-08-25,ARSHIYA,B,11.4,11.41,11.04,11.41,10.87,56,20568,234215.0
2020-08-25,2020-08-25,GRINDWELL,A,559.6,559.6,541.65,544.25,561.5,295,1382,759005.0
2020-08-25,2020-08-25,LAKPRE,Z,5.16,5.16,5.16,5.16,5.43,1,50,258.0
2020-08-25,2020-08-25,STANROS,X,88.1,88.1,83.1,85.45,87.0,90,3058,257929.0
2020-08-25,2020-08-25,GENESYS,B,55.0,55.0,53.5,55.0,52.4,30,1164,63803.0
2020-08-25,2020-08-25,VOLKAI,XT,39.5,39.5,35.9,36.0,37.65,8,550,20666.0
2020-08-25,2020-08-25,PARNAXLAB,X,20.7,20.7,19.8,20.0,20.7,9,1412,28063.0
2020-08-25,2020-08-25,VIVIDHA,T,0.38,0.39,0.37,0.39,0.38,47,124333,47989.0
2020-08-25,2020-08-25,GSLTD,X,14.25,15.25,14.1,14.1,14.8,23,2821,40129.0
2020-08-25,2020-08-25,ARIHANTSUP,B,22.35,22.8,22.05,22.1,21.75,4,201,4507.0
2020-08-25,2020-08-25,BLISSGVS,A,147.5,159.0,145.8,157.0,147.15,2255,289512,44257345.0
2020-08-25,2020-08-25,STYRENIX,B,550.0,550.0,530.65,536.95,545.55,250,2465,1322864.0
2020-08-25,2020-08-25,ALEMBICLTD,B,83.6,84.0,81.6,82.05,82.8,605,50716,4184812.0
2020-08-25,2020-08-25,AMNPLST,X,68.55,68.55,65.45,68.55,65.3,555,88211,6017263.0
2020-08-25,2020-08-25,ANUHPHR,X,437.4,437.4,400.0,420.3,416.6,7120,251902,108797558.0
2020-08-25,2020-08-25,MODISONLTD,X,42.7,44.0,40.35,41.0,40.4,105,16059,677436.0
2020-08-25,2020-08-25,BAYERCROP,A,6030.0,6338.8,5987.8,6293.2,5986.9,2323,7550,46926505.0
2020-08-25,2020-08-25,STARSOURCE,XT,7.55,7.9,7.55,7.9,7.55,2,1120,8498.0
2020-08-25,2020-08-25,SUDARCOLOR,B,408.0,408.0,392.0,396.85,404.5,473,9581,3830330.0
2020-08-25,2020-08-25,COROMANDEL,A,803.0,824.5,790.05,805.55,795.8,3995,55754,45117449.0
2020-08-25,2020-08-25,DEEPAKNTR,A,800.0,825.0,728.35,744.1,756.05,31583,690320,533581248.0
2020-08-25,2020-08-25,DMCC,XT,163.8,171.95,159.0,171.95,163.8,222,94011,16132913.0
2020-08-25,2020-08-25,FERMENTA,X,368.0,373.6,350.0,364.7,366.85,2138,144135,51693330.0
2020-08-25,2020-08-25,GOCLCORP,B,188.2,190.85,185.0,186.0,188.85,105,2101,395378.0
2020-08-25,2020-08-25,JAYCH,X,4.8,4.86,4.79,4.86,4.63,34,17200,83434.0
2020-08-25,2020-08-25,JLMORISON,X,2010.0,2018.0,1863.3,1948.45,1930.05,27,57,112071.0
2020-08-25,2020-08-25,KANORICHEM,B,41.55,42.55,40.8,41.4,42.25,91,5526,230590.0
2020-08-25,2020-08-25,KELENRG,X,642.0,642.0,605.0,613.5,620.1,47,761,475154.0
2020-08-25,2020-08-25,NITTAGELA,X,175.05,183.8,172.0,175.4,177.75,108,8651,1528750.0
2020-08-25,2020-08-25,AGVENTURES,B,874.15,910.95,860.5,890.3,876.8,136,713,629734.0
2020-08-25,2020-08-25,PCBL,A,123.0,134.8,123.0,127.4,122.55,9244,666179,86197529.0
2020-08-25,2020-08-25,AMAL,X,198.0,198.0,178.25,189.7,197.0,429,13911,2632058.0
2020-08-25,2020-08-25,POLYCHEM,X,568.25,568.25,568.25,568.25,579.8,8,10,5682.0
2020-08-25,2020-08-25,PUNJABCHEM,B,559.0,598.0,552.4,592.75,551.4,519,5695,3309616.0
2020-08-25,2020-08-25,SADHNANIQ,X,34.7,34.7,32.65,33.45,33.55,463,73042,2450584.0
2020-08-25,2020-08-25,SUDARSCHEM,A,481.0,491.0,466.15,475.2,480.4,2672,56653,26958619.0
2020-08-25,2020-08-25,ULTRAMAR,X,279.95,279.95,268.05,273.35,274.45,451,38921,10606660.0
2020-08-25,2020-08-25,TRANSPEK,X,1720.0,1774.5,1675.0,1687.65,1717.0,719,9880,16987671.0
2020-08-25,2020-08-25,UNICHEMLAB,B,262.9,269.55,257.5,263.55,254.85,996,24828,6551064.0
2020-08-25,2020-08-25,MYSORPETRO,X,54.45,56.0,52.75,52.9,54.05,35,1259,69008.0
2020-08-25,2020-08-25,ALKYLAMINE,B,3448.0,3449.95,3242.55,3276.9,3398.1,1359,6806,22537814.0
2020-08-25,2020-08-25,TUTIALKA,X,6.86,7.2,6.86,6.92,6.86,39,10234,72582.0
2020-08-25,2020-08-25,ASTRAZEN,A,3400.0,3410.0,3340.95,3385.95,3380.1,909,3818,12896510.0
2020-08-25,2020-08-25,PRIMO,X,55.5,61.1,52.0,60.65,50.95,737,122357,7051578.0
2020-08-25,2020-08-25,TANFACIND,X,209.7,210.65,203.6,205.75,208.7,266,16175,3347077.0
2020-08-25,2020-08-25,GUJPETR,XT,16.97,16.97,16.31,16.97,16.64,6,436,7392.0
2020-08-25,2020-08-25,SWADEIN,X,0.36,0.37,0.36,0.37,0.36,8,424,156.0
2020-08-25,2020-08-25,GUJTHEM,X,203.95,207.8,198.0,202.1,197.7,714,45854,9299338.0
2020-08-25,2020-08-25,JAYSYN,X,43.3,43.3,41.15,41.15,43.3,8,808,33775.0
2020-08-25,2020-08-25,MAKERSL,XT,87.4,89.05,87.4,89.05,84.85,197,30604,2720762.0
2020-08-25,2020-08-25,JBCHEPHARM,A,822.0,828.0,801.0,806.75,810.4,580,9417,7665461.0
2020-08-25,2020-08-25,BLUECHIPT,X,85.6,88.9,83.1,84.65,85.1,23,3623,306187.0
2020-08-25,2020-08-25,JAGAJITIND,XT,38.95,38.95,36.1,38.8,37.95,7,951,36311.0
2020-08-25,2020-08-25,KESARENT,X,45.4,45.4,43.55,43.9,44.55,19,3755,164054.0
2020-08-25,2020-08-25,TI,B,17.7,17.95,17.5,17.6,17.9,52,3399,59956.0
2020-08-25,2020-08-25,EMERALL,XT,82.85,86.95,82.85,86.95,82.85,4,731,63068.0
2020-08-25,2020-08-25,SAKHTISUG,B,9.88,9.88,9.52,9.57,9.88,22,6175,59481.0
2020-08-25,2020-08-25,WALCHANNAG,B,60.7,60.7,58.3,58.7,60.2,244,16883,1003706.0
2020-08-25,2020-08-25,KHODINDIA,XT,69.9,69.9,64.0,64.65,66.6,30,3215,219407.0
2020-08-25,2020-08-25,IFBAGRO,B,329.4,349.5,320.0,349.5,317.75,382,8276,2850376.0
2020-08-25,2020-08-25,THIRUASUG,Z,3.9,4.3,3.9,4.3,4.1,5,1560,6088.0
2020-08-25,2020-08-25,KFBL,X,50.0,58.05,49.45,56.35,48.4,677,95301,5315808.0
2020-08-25,2020-08-25,CAPRO,XT,21.15,21.15,19.15,19.15,20.15,3,700,14605.0
2020-08-25,2020-08-25,GMBREW,B,423.8,423.8,409.75,410.6,411.6,706,7781,3228525.0
2020-08-25,2020-08-25,RANASUG,T,8.15,8.15,7.65,7.89,7.83,166,75235,598069.0
2020-08-25,2020-08-25,PICCASUG,X,4.5,4.8,4.5,4.77,4.58,57,14901,68966.0
2020-08-25,2020-08-25,RIGASUGAR,XT,4.6,4.69,4.31,4.32,4.51,9,2121,9916.0
2020-08-25,2020-08-25,SDBL,B,60.2,60.2,54.5,57.95,57.35,4951,1035584,59621526.0
2020-08-25,2020-08-25,CJGEL,XT,16.28,16.28,16.0,16.19,15.52,31,9968,162037.0
2020-08-25,2020-08-25,AMRITCORP,X,823.0,823.0,785.0,785.0,789.0,11,81,64841.0
2020-08-25,2020-08-25,ASALCBR,B,285.9,288.8,276.05,279.15,282.95,593,24134,6808730.0
2020-08-25,2020-08-25,FOODSIN,X,53.85,54.5,51.55,52.85,54.2,377,51827,2746915.0
2020-08-25,2020-08-25,IVP,B,49.5,49.5,48.65,48.65,50.35,12,218,10706.0
2020-08-25,2020-08-25,KLRFM,X,43.0,46.0,42.2,45.7,43.6,19,1102,49001.0
2020-08-25,2020-08-25,MLKFOOD,X,443.0,447.9,421.0,439.45,433.0,50,653,285350.0
2020-08-25,2020-08-25,POLSON,X,9300.0,9350.0,9023.0,9135.0,9265.8,31,41,375088.0
2020-08-25,2020-08-25,WIPRO,A,275.0,275.0,269.5,269.9,272.7,3122,195046,52855568.0
2020-08-25,2020-08-25,ORIBEVER,X,63.0,66.0,62.0,62.9,62.8,30,2242,141298.0
2020-08-25,2020-08-25,DHANUKA,B,869.85,882.2,835.95,849.9,858.5,2364,34666,29782179.0
2020-08-25,2020-08-25,TTKHLTCARE,B,500.65,501.0,485.7,494.95,491.85,39,301,149035.0
2020-08-25,2020-08-25,TGVSL,X,23.75,25.5,22.4,24.95,23.65,796,565534,13693425.0
2020-08-25,2020-08-25,KANPRPLA,X,103.75,105.0,98.15,99.35,99.55,518,58633,5957602.0
2020-08-25,2020-08-25,TAINWALCHM,B,50.1,50.1,48.75,48.75,50.3,75,1417,70717.0
2020-08-25,2020-08-25,JAGSNPHARM,B,43.3,43.8,41.35,41.7,43.3,303,16552,698728.0
2020-08-25,2020-08-25,KHAICHEM,X,19.1,20.0,18.6,18.85,19.25,270,121144,2344862.0
2020-08-25,2020-08-25,NOL,XT,34.0,35.1,34.0,35.1,33.6,7,580,20241.0
2020-08-25,2020-08-25,GILLETTE,A,5385.9,5485.0,5277.05,5416.25,5355.6,915,2252,12175385.0
2020-08-25,2020-08-25,WIREFABR,X,48.45,53.4,48.4,50.0,50.9,17,1619,82426.0
2020-08-25,2020-08-25,ANSALHSG,B,4.66,4.74,4.5,4.59,4.72,32,12796,58215.0
2020-08-25,2020-08-25,MCCHRLS-B,X,275.0,286.15,275.0,278.0,260.15,32,1332,372163.0
2020-08-25,2020-08-25,PIONRINV,X,28.6,29.4,27.8,29.0,28.15,27,2132,61480.0
2020-08-25,2020-08-25,UNITECH,Z,1.75,1.8,1.71,1.72,1.77,598,1754598,3065994.0
2020-08-25,2020-08-25,VIPIND,A,294.8,296.45,285.0,289.6,290.5,1418,42973,12513175.0
2020-08-25,2020-08-25,DHRUVESTATE,XT,13.7,13.7,13.7,13.7,13.7,1,100,1370.0
2020-08-25,2020-08-25,FIBERWEB,X,30.05,32.25,29.55,31.6,31.1,641,183890,5629177.0
2020-08-25,2020-08-25,GYFTR,X,59.2,61.8,58.5,59.5,59.05,30,4074,242877.0
2020-08-25,2020-08-25,BAJAJST,X,210.35,210.35,191.05,196.2,203.6,541,34240,6779340.0
2020-08-25,2020-08-25,GUJHOTE,X,90.1,91.9,88.1,89.05,90.9,13,1205,107893.0
2020-08-25,2020-08-25,RASRESOR,X,34.95,34.95,34.95,34.95,35.2,1,43,1502.0
2020-08-25,2020-08-25,JINDHOT,X,27.2,27.5,25.85,26.5,27.2,129,7166,187941.0
2020-08-25,2020-08-25,SIMMOND,X,41.6,42.0,41.0,42.0,41.6,15,3828,158956.0
2020-08-25,2020-08-25,BNALTD,X,181.0,183.0,180.0,182.05,178.75,20,530,96458.0
2020-08-25,2020-08-25,HAWKINCOOK,B,4980.0,4980.0,4900.0,4961.8,4934.3,435,1809,8935117.0
2020-08-25,2020-08-25,WARRENTEA,X,52.0,52.0,50.5,51.0,51.5,28,3851,198599.0
2020-08-25,2020-08-25,COCHMAL,X,52.75,52.75,52.75,52.75,55.5,3,55,2901.0
2020-08-25,2020-08-25,ISTLTD,X,320.0,332.9,305.05,317.7,318.55,65,851,274625.0
2020-08-25,2020-08-25,COSMOFIRST,B,448.0,448.15,429.4,430.8,441.25,1330,26588,11575824.0
2020-08-25,2020-08-25,APOLLOHOSP,A,1691.75,1715.4,1658.8,1664.25,1689.95,1496,21473,36196176.0
2020-08-25,2020-08-25,NITINCAST,X,52.6,52.6,50.0,52.5,50.25,11,404,21039.0
2020-08-25,2020-08-25,EVERESTIND,B,243.0,243.9,234.95,237.35,239.7,540,9897,2361904.0
2020-08-25,2020-08-25,IRONWOOD,X,31.8,32.75,31.8,32.75,31.8,9,67752,2159739.0
2020-08-25,2020-08-25,MSRINDIA,X,13.51,14.9,13.51,14.78,14.22,169,43478,616488.0
2020-08-25,2020-08-25,AYMSYNTEX,B,30.0,30.4,29.3,29.45,29.3,165,5503,163320.0
2020-08-25,2020-08-25,PANCARBON,X,465.0,472.0,418.0,420.8,454.4,1644,61708,27199854.0
2020-08-25,2020-08-25,FINKURVE,X,41.9,46.0,41.7,46.0,43.85,39,938,40962.0
2020-08-25,2020-08-25,HBLEAS,XT,1.22,1.22,1.22,1.22,1.22,1,3,3.0
2020-08-25,2020-08-25,TRUSTWAVE,XT,4.35,4.75,4.35,4.75,4.55,6,129,612.0
2020-08-25,2020-08-25,SULABEN,X,1.03,1.03,1.03,1.03,0.99,11,4731,4872.0
2020-08-25,2020-08-25,NAVNETEDUL,B,80.5,80.5,79.0,79.65,79.8,207,4511,358781.0
2020-08-25,2020-08-25,SATRAPROP,XT,1.67,1.67,1.67,1.67,1.64,4,790,1319.0
2020-08-25,2020-08-25,AUSOMENT,B,43.0,43.0,38.3,39.75,41.05,61,2449,94921.0
2020-08-25,2020-08-25,RUCHINFRA,T,9.36,9.36,9.36,9.36,9.85,135,47063,440509.0
2020-08-25,2020-08-25,VJTFEDU,XT,54.5,54.5,54.5,54.5,57.0,1,100,5450.0
2020-08-25,2020-08-25,NETLINK,X,11.41,11.41,11.41,11.41,12.01,1,90,1026.0
2020-08-25,2020-08-25,LANCORHOL,X,3.58,3.58,3.3,3.58,3.41,56,137138,490635.0
2020-08-25,2020-08-25,INDINFO,X,0.23,0.23,0.22,0.23,0.23,191,925488,207372.0
2020-08-25,2020-08-25,BANASFN,X,2.45,2.45,2.45,2.45,2.41,3,884,2165.0
2020-08-25,2020-08-25,VISAKAIND,B,359.9,378.0,357.45,369.95,348.7,1245,25695,9399844.0
2020-08-25,2020-08-25,HATHWAYB,XT,21.65,21.65,21.65,21.65,22.05,59,6767,146505.0
2020-08-25,2020-08-25,PRESSMN,B,20.0,22.0,20.0,21.1,20.0,157,24418,515722.0
2020-08-25,2020-08-25,GUFICBIO,B,90.0,94.1,89.0,90.0,90.6,260,13831,1260814.0
2020-08-25,2020-08-25,GOVINDRUBB,Z,2.43,2.67,2.43,2.66,2.55,18,7769,20360.0
2020-08-25,2020-08-25,GRPLTD,B,690.0,745.0,690.0,723.15,730.55,26,98,69816.0
2020-08-25,2020-08-25,INDAG,X,82.5,91.5,81.5,85.1,81.5,509,48145,4187069.0
2020-08-25,2020-08-25,MMRUBBR-B,X,30.0,30.0,28.1,29.15,29.4,13,2119,61941.0
2020-08-25,2020-08-25,PTL,B,46.95,46.95,45.75,46.2,46.15,110,16374,755926.0
2020-08-25,2020-08-25,TVSSRICHAK,A,1504.0,1504.0,1472.35,1477.0,1485.65,104,511,759172.0
2020-08-25,2020-08-25,BENARAS,XT,1320.8,1320.8,1240.0,1292.65,1261.05,31,247,316770.0
2020-08-25,2020-08-25,BHAGWOX,XT,21.21,21.21,21.21,21.21,20.2,8,576,12216.0
2020-08-25,2020-08-25,BOMOXY-B1,X,10674.95,10675.0,10462.5,10462.85,10462.5,13,15,157886.0
2020-08-25,2020-08-25,CRAVATEX,X,335.0,341.25,312.1,341.25,325.0,28,687,233033.0
2020-08-25,2020-08-25,BERGEPAINT,A,570.05,576.4,560.85,567.2,570.05,2811,86656,49124722.0
2020-08-25,2020-08-25,CAPRIHANS,X,63.4,63.4,60.3,62.5,63.4,85,9544,586833.0
2020-08-25,2020-08-25,GRAPHITE,A,190.1,209.65,190.0,209.65,190.6,6218,410677,83495756.0
2020-08-25,2020-08-25,CEMPRO,A,53.15,53.35,51.25,51.65,52.6,518,52925,2758311.0
2020-08-25,2020-08-25,EMPIND,X,670.0,691.0,651.0,654.1,668.7,142,2461,1644881.0
2020-08-25,2020-08-25,GRAVISSHO,X,14.9,14.9,14.9,14.9,14.2,1,1,14.0
2020-08-25,2020-08-25,GARFIBRES,A,2030.0,2032.9,1950.0,1965.3,1988.6,1064,3786,7489421.0
2020-08-25,2020-08-25,GOACARBON,B,223.0,242.95,220.1,242.95,220.9,1145,42373,10017236.0
2020-08-25,2020-08-25,HARDCAS,X,195.0,204.45,195.0,204.45,204.55,8,419,81807.0
2020-08-25,2020-08-25,HEG,A,805.8,949.85,802.0,932.0,799.6,17146,359565,324452666.0
2020-08-25,2020-08-25,HINDCOMPOS,B,195.6,201.1,194.2,197.2,198.85,88,1197,237382.0
2020-08-25,2020-08-25,BIRLANU,B,1592.45,1602.05,1562.45,1565.0,1574.4,203,814,1282900.0
2020-08-25,2020-08-25,INDIANCARD,B,112.15,112.2,110.05,111.95,117.1,25,368,40969.0
2020-08-25,2020-08-25,INTLCONV,B,29.9,29.9,29.6,29.75,29.55,19,202267,6047436.0
2020-08-25,2020-08-25,JAYSREETEA,B,69.5,69.6,66.3,67.1,68.7,479,28880,1951478.0
2020-08-25,2020-08-25,HUHTAMAKI,B,311.0,313.5,292.35,297.0,311.45,2219,71704,21457446.0
2020-08-25,2020-08-25,PREMSYN,XT,7.22,7.22,7.22,7.22,7.08,3,1285,9277.0
2020-08-25,2020-08-25,SHALPAINTS,B,76.6,76.6,71.5,73.8,74.4,640,33988,2478164.0
2020-08-25,2020-08-25,HINDMILL,X,200.0,208.85,200.0,201.75,210.5,6,40,8061.0
2020-08-25,2020-08-25,SUPREMEIND,A,1408.95,1410.0,1322.35,1347.3,1375.3,660,2776,3784570.0
2020-08-25,2020-08-25,VSTIND,A,3460.15,3492.45,3415.0,3449.6,3463.15,339,940,3244357.0
2020-08-25,2020-08-25,SWASTIVI,X,3.43,3.6,3.4,3.5,3.55,91,98792,343845.0
2020-08-25,2020-08-25,JINDRILL,B,78.1,78.1,73.7,76.45,77.1,203,5627,425963.0
2020-08-25,2020-08-25,SAKTHIFIN,X,13.81,16.9,13.81,16.06,14.95,108,19839,307758.0
2020-08-25,2020-08-25,DEWANHFIN,A,14.97,15.15,14.57,14.7,14.97,888,235708,3499113.0
2020-08-25,2020-08-25,AEROENTER,X,18.45,18.55,18.25,18.3,18.5,17,6058,111565.0
2020-08-25,2020-08-25,SHIVATEX,B,107.1,107.1,100.55,102.95,105.0,60,1309,137128.0
2020-08-25,2020-08-25,QUADRANT,XT,0.19,0.19,0.19,0.19,0.19,6,18804,3572.0
2020-08-25,2020-08-25,KAMANWALA,X,6.25,6.55,5.94,6.54,6.25,19,6073,38167.0
2020-08-25,2020-08-25,WSFX,X,15.75,16.65,15.33,16.29,15.91,15,3327,54271.0
2020-08-25,2020-08-25,ANJANIFOODS,XT,55.8,55.85,50.55,52.85,53.2,55,2710,145923.0
2020-08-25,2020-08-25,PARSHWANA,X,13.75,13.75,13.75,13.75,13.5,3,51,701.0
2020-08-25,2020-08-25,MILLENNIUM,X,0.7,0.7,0.7,0.7,0.72,1,10,7.0
2020-08-25,2020-08-25,CANFINHOME,A,381.0,391.3,380.0,386.0,379.0,2898,90874,35168978.0
2020-08-25,2020-08-25,IVC,T,4.0,4.15,3.95,4.09,4.1,46,6794,27290.0
2020-08-25,2020-08-25,SHRIRAMFIN,A,690.0,706.95,686.25,694.9,684.3,4356,135588,94717384.0
2020-08-25,2020-08-25,CHOLAFIN,A,233.4,243.6,233.0,242.3,231.45,7256,536525,129265253.0
2020-08-25,2020-08-25,VLSFINANCE,B,57.7,61.4,57.0,59.15,57.4,350,13104,782457.0
2020-08-25,2020-08-25,INDCEMCAP,XT,3.62,3.62,3.62,3.62,3.62,4,1103,3992.0
2020-08-25,2020-08-25,MEHIF,XT,2.4,2.4,2.4,2.4,2.4,2,235,564.0
2020-08-25,2020-08-25,VIDEOCONIND,Z,2.1,2.13,2.02,2.03,2.11,303,225584,463534.0
2020-08-25,2020-08-25,INTRGLB,X,5.24,5.24,5.24,5.24,5.24,1,200,1048.0
2020-08-25,2020-08-25,MCLTD,X,2.94,2.94,2.94,2.94,2.94,1,5,14.0
2020-08-25,2020-08-25,SHRISTI,X,56.0,56.0,56.0,56.0,55.7,6,60,3360.0
2020-08-25,2020-08-25,CREST,B,86.65,90.9,81.3,86.85,91.05,74,1831,155797.0
2020-08-25,2020-08-25,VAKRANGEE,A,29.9,30.4,29.55,30.1,29.5,567,178418,5359234.0
2020-08-25,2020-08-25,ALEXANDER,X,13.93,13.93,12.96,13.06,13.64,310,270786,3601195.0
2020-08-25,2020-08-25,INDBANK,B,13.91,14.29,13.91,13.91,14.64,167,130033,1812417.0
2020-08-25,2020-08-25,BHARAT,X,17.25,18.01,16.61,17.16,17.16,19,959,16560.0
2020-08-25,2020-08-25,CAPTRUST,B,70.0,70.55,70.0,70.55,67.8,4,600,42055.0
2020-08-25,2020-08-25,USHAKIRA,XT,4.5,4.5,4.5,4.5,4.59,1,2500,11250.0
2020-08-25,2020-08-25,VIVOBIOT,X,52.45,53.9,47.55,48.4,52.8,200,22864,1115664.0
2020-08-25,2020-08-25,VEERHEALTH,X,7.49,7.49,7.49,7.49,7.14,7,8055,60331.0
2020-08-25,2020-08-25,PANINDIAC,XT,0.2,0.2,0.2,0.2,0.19,12,6611,1322.0
2020-08-25,2020-08-25,SAHARAHOUS,X,37.3,37.8,34.25,37.35,36.0,29,620,22453.0
2020-08-25,2020-08-25,GSBFIN,X,5.03,5.03,5.03,5.03,5.29,4,226,1136.0
2020-08-25,2020-08-25,MORARKFI,X,33.9,34.1,33.9,34.1,32.5,9,1505,51240.0
2020-08-25,2020-08-25,MONARCH,XT,26.55,27.1,25.1,27.0,25.85,51,141176,3719275.0
2020-08-25,2020-08-25,PROFINC,X,22.0,23.0,21.35,22.1,22.5,17,2072,46420.0
2020-08-25,2020-08-25,TEAMGTY,B,26.85,26.85,26.8,26.8,25.85,2,250,6710.0
2020-08-25,2020-08-25,CRESCENTIS,X,17.1,17.2,17.1,17.2,17.4,2,10,171.0
2020-08-25,2020-08-25,AVONMORE,X,11.0,12.4,11.0,11.69,10.62,122,27158,310516.0
2020-08-25,2020-08-25,YASHMGM,XT,7.77,7.77,7.04,7.04,7.4,2,300,2185.0
2020-08-25,2020-08-25,ARIHANTCAP,X,48.25,52.0,48.25,50.8,51.4,28,2595,130578.0
2020-08-25,2020-08-25,ISLCONSUL,X,11.5,11.5,11.5,11.5,12.0,4,600,6900.0
2020-08-25,2020-08-25,DCMFINSERV,T,1.31,1.31,1.31,1.31,1.37,3,9,11.0
2020-08-25,2020-08-25,RRFIN,X,6.0,6.0,5.91,6.0,6.0,9,257,1541.0
2020-08-25,2020-08-25,FEDDERSHOL,X,41.75,41.75,41.75,41.75,43.65,3,20,835.0
2020-08-25,2020-08-25,SAMBHAAV,B,2.14,2.16,2.14,2.16,2.14,36,588,1260.0
2020-08-25,2020-08-25,NETTLINX,X,43.25,45.0,42.8,45.0,44.1,43,2875,126958.0
2020-08-25,2020-08-25,SCANSTL,X,20.7,20.7,19.2,19.2,20.45,2,2001,41419.0
2020-08-25,2020-08-25,GICHSGFIN,A,101.5,110.7,100.3,108.8,99.5,10270,521227,55435489.0
2020-08-25,2020-08-25,MATHEWE,X,7.0,7.0,7.0,7.0,7.3,1,1,7.0
2020-08-25,2020-08-25,STANCAP,XT,1.3,1.3,1.3,1.3,1.3,1,100,130.0
2020-08-25,2020-08-25,INVIGO,XT,2.37,2.43,2.37,2.43,2.39,2,1010,2394.0
2020-08-25,2020-08-25,BAIDFIN,X,26.0,28.05,26.0,26.1,26.75,14,982,26069.0
2020-08-25,2020-08-25,VIPULLTD,B,16.01,16.8,14.95,15.46,15.46,53,3986,61911.0
2020-08-25,2020-08-25,USHDI,X,0.22,0.22,0.21,0.21,0.22,31,258772,56045.0
2020-08-25,2020-08-25,UGROCAP,X,100.0,106.0,95.05,102.65,99.05,62,3792,386910.0
2020-08-25,2020-08-25,SAHLIBHFI,X,52.0,52.0,52.0,52.0,53.95,1,5,260.0
2020-08-25,2020-08-25,ABIRAFN,Z,5.0,5.0,5.0,5.0,5.0,1,10,50.0
2020-08-25,2020-08-25,SEVENHILL,X,3.22,3.22,3.22,3.22,3.15,1,1,3.0
2020-08-25,2020-08-25,AASTAFIN,X,14.6,15.35,14.6,15.35,15.0,2,300,4530.0
2020-08-25,2020-08-25,MUTHOOTCAP,B,409.5,434.9,409.0,424.7,400.15,830,15652,6621356.0
2020-08-25,2020-08-25,MASTERTR,X,18.35,18.35,18.0,18.0,18.45,5,1350,24335.0
2020-08-25,2020-08-25,TTGIL,X,1.6,1.6,1.41,1.42,1.52,29,23399,33613.0
2020-08-25,2020-08-25,ZSARACOM,X,755.75,755.75,755.75,755.75,719.8,3,25,18893.0
2020-08-25,2020-08-25,ROYALIND,X,0.8,0.84,0.8,0.8,0.8,9,2635,2125.0
2020-08-25,2020-08-25,DHANSAFAL,X,0.67,0.7,0.67,0.7,0.7,5,375,261.0
2020-08-25,2020-08-25,DECNGOLD,X,15.38,15.38,14.81,14.99,15.38,236,63546,956400.0
2020-08-25,2020-08-25,UPL,A,500.0,501.2,490.3,492.1,497.45,4094,137280,67770661.0
2020-08-25,2020-08-25,CRANESSOFT,X,0.68,0.72,0.66,0.66,0.69,16,25090,17049.0
2020-08-25,2020-08-25,SIGIND,B,21.7,22.0,21.4,21.4,21.7,36,2558,55319.0
2020-08-25,2020-08-25,AVANCE,X,0.51,0.51,0.51,0.51,0.52,23,91105,46463.0
2020-08-25,2020-08-25,ABANSENT,X,173.0,173.0,157.3,164.15,165.05,16,190,30952.0
2020-08-25,2020-08-25,VAMA,X,9.5,9.5,8.93,9.05,9.4,217,65902,608114.0
2020-08-25,2020-08-25,SUNTECK,A,255.0,259.8,243.85,255.15,256.1,1706,798858,205915308.0
2020-08-25,2020-08-25,SILVERO,Z,3.38,3.38,3.38,3.38,3.38,5,11,37.0
2020-08-25,2020-08-25,PRISMMEDI,X,14.98,14.98,14.37,14.6,14.5,46,20555,299933.0
2020-08-25,2020-08-25,VERITAS,XT,36.8,36.9,35.5,35.5,36.2,19,3348,122824.0
2020-08-25,2020-08-25,JAICORPLTD,A,98.6,98.9,95.65,96.1,97.7,1516,108152,10485968.0
2020-08-25,2020-08-25,ASHCAP,X,2.15,2.15,1.93,2.05,2.09,39,24396,49443.0
2020-08-25,2020-08-25,SVARTCORP,X,2.98,3.25,2.98,3.1,3.2,23,9404,28939.0
2020-08-25,2020-08-25,MMWL,X,5.2,5.2,4.95,5.01,5.19,41,24026,120431.0
2020-08-25,2020-08-25,NNTL,Z,5.75,6.33,5.73,5.73,6.03,14,2040,11931.0
2020-08-25,2020-08-25,SHIRPURGOLD,B,10.01,10.01,9.6,9.85,9.62,40,5285,51249.0
2020-08-25,2020-08-25,ARAVALIS,X,1.69,1.69,1.69,1.69,1.61,3,300,507.0
2020-08-25,2020-08-25,CRSL,XT,0.29,0.29,0.29,0.29,0.29,3,159,46.0
2020-08-25,2020-08-25,STARTECK,X,52.0,53.0,49.3,50.6,51.6,572,10642,545524.0
2020-08-25,2020-08-25,SHARDUL,X,46.55,49.0,46.55,46.7,49.0,9,675,31530.0
2020-08-25,2020-08-25,APOLLOFI,X,469.2,469.2,424.6,424.6,446.9,298,5734,2556064.0
2020-08-25,2020-08-25,SHRJAGP,X,232.0,237.95,221.75,235.1,228.1,49,1375,320896.0
2020-08-25,2020-08-25,LLOYDSME,X,11.0,11.2,10.75,11.03,11.07,90,28028,307382.0
2020-08-25,2020-08-25,LLOYDSENT,X,1.63,1.63,1.57,1.57,1.6,22,12581,20156.0
2020-08-25,2020-08-25,BETXIND,X,18.6,20.45,18.55,20.45,19.5,9,931,17712.0
2020-08-25,2020-08-25,GARNETINT,X,26.95,26.95,24.6,24.6,25.85,20,9907,244003.0
2020-08-25,2020-08-25,SHALPRO,X,0.49,0.49,0.49,0.49,0.49,2,1311,642.0
2020-08-25,2020-08-25,DONEAR,B,31.0,31.0,29.5,29.7,30.6,106,9672,291292.0
2020-08-25,2020-08-25,SUPER,X,275.1,294.4,260.05,289.0,282.8,26,577,161717.0
2020-08-25,2020-08-25,VIYASH,B,133.4,133.7,129.8,131.35,132.05,1746,98505,13007925.0
2020-08-25,2020-08-25,STCINDIA,B,66.2,67.25,63.1,63.45,66.0,133,5478,359942.0
2020-08-25,2020-08-25,ZENITHEXPO,B,45.0,45.0,45.0,45.0,42.2,9,50,2250.0
2020-08-25,2020-08-25,KOHINOOR,Z,11.3,11.44,10.65,11.36,10.9,68,16618,187201.0
2020-08-25,2020-08-25,AVANTIFEED,A,519.0,533.95,508.6,524.6,516.45,1459,31108,16255558.0
2020-08-25,2020-08-25,ZODJRDMKJ,B,28.0,28.85,28.0,28.85,28.0,6,731,20472.0
2020-08-25,2020-08-25,SITAENT,X,7.96,7.96,7.25,7.95,7.59,3,785,6186.0
2020-08-25,2020-08-25,ADANIENT,A,251.0,322.65,250.0,308.3,249.25,36497,4156950,1189270002.0
2020-08-25,2020-08-25,BHANDARI,B,1.34,1.34,1.26,1.28,1.31,99,25199,32436.0
2020-08-25,2020-08-25,RLF,XT,2.2,2.2,2.2,2.2,2.17,6,844,1856.0
2020-08-25,2020-08-25,REGENTRP,X,2.55,2.55,2.55,2.55,2.55,1,1000,2550.0
2020-08-25,2020-08-25,ORBTEXP,B,73.75,73.75,71.0,71.4,72.55,78,1999,143229.0
2020-08-25,2020-08-25,SAVERA,X,36.6,37.05,32.35,35.85,36.6,27,722,26136.0
2020-08-25,2020-08-25,CHROME,XT,16.55,16.55,15.05,16.55,15.8,20,3513,58128.0
2020-08-25,2020-08-25,TATASTLLP,B,318.75,321.65,308.0,311.35,318.6,402,6445,2016137.0
2020-08-25,2020-08-25,NAVA,A,65.05,67.15,62.35,64.85,65.0,2119,299728,19428749.0
2020-08-25,2020-08-25,REMIEDEL,X,17.1,17.1,17.1,17.1,18.0,3,75,1282.0
2020-08-25,2020-08-25,GSAUTO,X,4.5,4.5,4.41,4.41,4.52,9,3000,13455.0
2020-08-25,2020-08-25,SBCL,X,44.9,45.0,40.75,41.15,42.65,238,50980,2122346.0
2020-08-25,2020-08-25,GANDHITUBE,B,224.55,227.0,222.0,225.0,223.2,524,5798,1297467.0
2020-08-25,2020-08-25,ORICONENT,B,22.0,22.0,19.9,20.35,21.2,304,62334,1292142.0
2020-08-25,2020-08-25,BALASORE,XT,9.99,10.3,9.8,10.23,9.99,95,58351,590129.0
2020-08-25,2020-08-25,NATSTLAGRO,B,3.15,3.15,3.15,3.15,3.0,19,5000,15750.0
2020-08-25,2020-08-25,UTTAMGALVA,B,6.5,6.5,6.2,6.43,6.26,64,55620,355633.0
2020-08-25,2020-08-25,PENIND,B,17.6,19.0,17.6,18.55,17.6,509,63238,1175201.0
2020-08-25,2020-08-25,JAYUSH,X,510.05,560.0,505.0,526.1,550.0,40,929,492425.0
2020-08-25,2020-08-25,SSWL,B,494.75,496.95,470.0,474.3,491.35,491,4704,2255000.0
2020-08-25,2020-08-25,MANINDS,B,64.1,68.0,62.95,63.3,64.2,667,73147,4718016.0
2020-08-25,2020-08-25,PREMPIPES,XT,4.8,4.8,4.8,4.8,5.05,2,481,2308.0
2020-08-25,2020-08-25,MDRNSTL,X,3.84,4.2,3.84,4.2,4.0,2,52,217.0
2020-08-25,2020-08-25,TERRASCOPE,X,4.98,4.98,4.53,4.96,4.75,54,68583,339306.0
2020-08-25,2020-08-25,BELDING,XT,24.95,24.95,22.65,24.95,23.8,14,596,13769.0
2020-08-25,2020-08-25,GOLKONDA,Z,4.4,4.4,4.4,4.4,4.6,2,278,1223.0
2020-08-25,2020-08-25,METALFORGE,B,6.65,6.67,6.05,6.19,6.36,405,41464,256949.0
2020-08-25,2020-08-25,GFSTEELS,B,3.45,3.45,3.13,3.13,3.29,11,3348,10634.0
2020-08-25,2020-08-25,AJMERA,B,90.6,96.0,89.5,93.1,89.25,667,35976,3355322.0
2020-08-25,2020-08-25,COCHINM,X,130.0,138.65,130.0,131.45,128.65,250,24044,3192799.0
2020-08-25,2020-08-25,INDIAHOMES,X,0.46,0.46,0.42,0.43,0.44,68,66004,28214.0
2020-08-25,2020-08-25,CARBORUNIV,A,279.05,284.0,275.1,281.25,281.9,383,26787,7501847.0
2020-08-25,2020-08-25,MMTC,A,20.05,20.25,19.7,19.85,20.0,480,121312,2415162.0
2020-08-25,2020-08-25,VALLABHSQ,X,6.45,6.45,6.2,6.2,6.19,3,123,775.0
2020-08-25,2020-08-25,ASHIS,X,6.12,6.22,6.12,6.12,6.12,3,202,1236.0
2020-08-25,2020-08-25,PMTELELIN,X,2.07,2.07,2.07,2.07,2.07,1,105,217.0
2020-08-25,2020-08-25,SMPL,Z,0.23,0.23,0.23,0.23,0.24,1,1000,230.0
2020-08-25,2020-08-25,SMFIL,X,0.66,0.66,0.66,0.66,0.65,2,99,65.0
2020-08-25,2020-08-25,TATAMETALI,A,563.1,587.7,558.3,566.8,563.1,634,5730,3301359.0
2020-08-25,2020-08-25,SHAHALLOYS,B,7.24,7.24,6.56,6.57,6.9,10,2525,17782.0
2020-08-25,2020-08-25,MONNETISPA,B,19.5,20.0,18.57,18.81,19.24,221,81949,1568682.0
2020-08-25,2020-08-25,ELANGO,XT,3.05,3.2,3.05,3.1,3.05,10,612,1926.0
2020-08-25,2020-08-25,KANSHST,XT,7.11,7.12,7.11,7.11,7.48,7,543,3860.0
2020-08-25,2020-08-25,SIMPLEXCAS,X,20.35,20.35,19.4,19.4,20.35,3,215,4315.0
2020-08-25,2020-08-25,SSWRL,X,17.5,18.15,16.6,16.7,17.1,34,2571,44191.0
2020-08-25,2020-08-25,KALYANIFRG,T,165.0,165.0,151.15,161.35,158.05,23,632,100654.0
2020-08-25,2020-08-25,PANCHMAHQ,X,25.5,25.5,23.25,23.25,24.45,16,2825,66810.0
2020-08-25,2020-08-25,SRIND,X,1.3,1.3,1.29,1.29,1.28,4,5459,7074.0
2020-08-25,2020-08-25,STEELCAS,X,106.0,108.75,97.25,104.4,105.0,48,9003,930424.0
2020-08-25,2020-08-25,PITTIENG,B,31.6,34.1,31.25,32.75,31.7,669,108303,3505327.0
2020-08-25,2020-08-25,PRADPME,X,40.65,42.95,39.0,39.7,42.0,32,3925,158243.0
2020-08-25,2020-08-25,GNRL,X,12.6,13.19,12.6,13.19,12.57,16,2348,30196.0
2020-08-25,2020-08-25,SHRDAIS,XT,35.15,37.75,35.15,37.75,37.0,4,251,8825.0
2020-08-25,2020-08-25,MAHASTEEL,B,116.2,122.0,113.2,115.85,114.25,47,1376,162563.0
2020-08-25,2020-08-25,REALSTRIPS,X,5.63,5.63,5.62,5.63,5.37,10,7600,42756.0
2020-08-25,2020-08-25,NOVIS,XT,6.77,7.47,6.77,7.39,7.12,14,1036,7482.0
2020-08-25,2020-08-25,HINDCOPPER,A,38.95,39.1,37.65,38.05,38.8,573,122325,4660157.0
2020-08-25,2020-08-25,SRIPIPES,B,203.75,203.75,196.4,197.55,198.15,453,12541,2501003.0
2020-08-25,2020-08-25,AXELPOLY,XT,11.31,12.3,11.31,12.3,11.9,4,300,3417.0
2020-08-25,2020-08-25,NLCINDIA,A,56.3,56.5,54.1,54.95,56.2,933,139531,7683506.0
2020-08-25,2020-08-25,JMTAUTOLTD,B,3.49,3.49,3.28,3.34,3.38,141,67511,226726.0
2020-08-25,2020-08-25,KAJARIR,X,29.65,31.1,29.0,30.85,30.0,30,5158,155774.0
2020-08-25,2020-08-25,SOLIDSTON,X,26.8,28.0,26.8,28.0,26.8,2,50,1353.0
2020-08-25,2020-08-25,SHILGRAVQ,X,55.0,59.85,55.0,59.5,56.95,38,1941,110918.0
2020-08-25,2020-08-25,WHITEORG,X,5.23,5.24,5.05,5.19,5.05,112,63802,330097.0
2020-08-25,2020-08-25,AROGRANITE,B,30.5,31.0,29.5,29.9,30.2,59,5955,179449.0
2020-08-25,2020-08-25,RUDRAECO,XT,1.27,1.27,1.21,1.24,1.27,7,2299,2847.0
2020-08-25,2020-08-25,DEEPAKSP,X,68.0,70.75,67.0,68.3,67.4,49,11094,776830.0
2020-08-25,2020-08-25,JBFINDLTD,B,9.6,10.45,9.6,9.85,10.01,110,19102,189435.0
2020-08-25,2020-08-25,LOYALTEX,X,268.0,268.0,257.0,265.0,258.0,7,271,72276.0
2020-08-25,2020-08-25,HIMATSEIDE,A,90.45,93.5,88.5,90.3,89.8,1175,102575,9352811.0
2020-08-25,2020-08-25,BSL,B,27.05,27.05,26.05,26.05,25.6,14,1632,43968.0
2020-08-25,2020-08-25,PBMPOLY,X,36.5,37.0,36.5,36.6,35.45,9,194,7152.0
2020-08-25,2020-08-25,SURYALA,X,83.8,89.0,83.8,86.4,87.9,5,13,1112.0
2020-08-25,2020-08-25,TTL,B,37.15,37.55,35.85,36.0,37.9,107,3395,125851.0
2020-08-25,2020-08-25,WELSPUNLIV,A,49.05,49.85,47.9,49.55,48.45,971,80015,3889194.0
2020-08-25,2020-08-25,INDIANACRY,X,8.85,8.9,8.41,8.56,8.71,215,123117,1077287.0
2020-08-25,2020-08-25,GANECOS,B,269.5,287.9,264.0,281.9,259.7,1157,26554,7308708.0
2020-08-25,2020-08-25,CEETAIN,XT,3.26,3.26,3.26,3.26,3.11,6,642,2092.0
2020-08-25,2020-08-25,VARDMNPOLY,B,9.59,9.59,8.81,8.85,9.24,27,7633,69560.0
2020-08-25,2020-08-25,BLACKROSE,X,150.0,153.4,138.0,144.15,149.4,2506,123704,18011508.0
2020-08-25,2020-08-25,STCORP,XT,5.58,5.58,5.58,5.58,5.58,1,1,5.0
2020-08-25,2020-08-25,SUMEETINDS,B,2.61,2.61,2.52,2.61,2.49,99,161876,419860.0
2020-08-25,2020-08-25,BINNY,XT,150.0,150.0,141.0,141.2,145.65,42,2305,330305.0
2020-08-25,2020-08-25,SANGAMIND,B,55.9,56.25,53.55,54.1,55.7,143,9703,525607.0
2020-08-25,2020-08-25,KUSHIND,X,0.85,0.93,0.85,0.85,0.89,4,6505,5579.0
2020-08-25,2020-08-25,SEASONST,X,5.43,5.96,5.43,5.96,5.71,2,901,4892.0
2020-08-25,2020-08-25,ZENIFIB,X,39.5,40.8,37.35,39.7,38.0,22,2548,100946.0
2020-08-25,2020-08-25,BHILSPIN,X,8.16,8.5,8.16,8.5,8.16,6,2000,16932.0
2020-08-25,2020-08-25,VGL,B,12.84,13.0,12.42,12.74,12.4,250,8868,112599.0
2020-08-25,2020-08-25,ASHIMASYN,B,6.9,6.91,6.56,6.85,6.83,39,5975,39997.0
2020-08-25,2020-08-25,PIONEEREMB,B,25.8,25.8,24.3,24.3,25.0,69,1079,26601.0
2020-08-25,2020-08-25,VIPPYSP,X,32.75,32.75,32.75,32.75,32.5,2,4,131.0
2020-08-25,2020-08-25,JAIHIND,XT,2.75,2.75,2.75,2.75,2.86,1,1500,4125.0
2020-08-25,2020-08-25,RAGHUSYN,X,235.0,235.0,235.0,235.0,224.0,1,2,470.0
2020-08-25,2020-08-25,KAMADGIRI,X,34.0,35.5,32.65,34.0,34.5,17,1387,47569.0
2020-08-25,2020-08-25,OMNITEX,X,18.0,18.0,18.0,18.0,17.85,1,200,3600.0
2020-08-25,2020-08-25,PATSPINLTD,B,5.99,6.15,5.7,6.15,5.87,26,19041,113292.0
2020-08-25,2020-08-25,ONEGLOBAL,X,2.28,2.28,2.28,2.28,2.25,1,1,2.0
2020-08-25,2020-08-25,NEOINFRA,X,14.25,14.25,14.25,14.25,14.0,1,100,1425.0
2020-08-25,2020-08-25,PREMIERPOL,B,29.95,31.7,28.55,29.1,28.7,98,10482,317668.0
2020-08-25,2020-08-25,EVERFIN,X,10.25,10.25,10.15,10.15,10.5,4,2082,21269.0
2020-08-25,2020-08-25,KRRAIL,XT,21.0,21.0,21.0,21.0,20.0,1,49,1029.0
2020-08-25,2020-08-25,YARNSYN,X,2.57,2.57,2.57,2.57,2.57,1,50,128.0
2020-08-25,2020-08-25,GUJCOTEX,X,1.25,1.25,1.19,1.19,1.25,2,3300,3945.0
2020-08-25,2020-08-25,AJIL,X,62.6,62.6,62.6,62.6,61.4,27,6518,408026.0
2020-08-25,2020-08-25,GARWSYN,X,1.13,1.18,1.13,1.18,1.13,4,11450,12947.0
2020-08-25,2020-08-25,SARUPINDUS,X,22.1,24.4,22.1,23.2,24.55,9,641,15019.0
2020-08-25,2020-08-25,MANORG,X,526.0,589.0,526.0,582.35,536.3,1273,44308,25079311.0
2020-08-25,2020-08-25,HINDADH,X,77.85,77.85,74.5,74.7,74.85,25,1183,89708.0
2020-08-25,2020-08-25,SRIKPRIND,X,9.69,10.29,9.69,9.73,10.19,22,3201,31919.0
2020-08-25,2020-08-25,JYOTIRES,X,251.2,260.5,241.25,241.3,268.05,375,11687,2872862.0
2020-08-25,2020-08-25,MHLXMIRU,X,32.9,32.9,30.5,31.5,32.05,33,1791,55912.0
2020-08-25,2020-08-25,SOUTLAT,XT,5.45,5.45,5.45,5.45,5.49,3,15,81.0
2020-08-25,2020-08-25,WINSOMTX,B,13.9,14.64,13.26,14.49,14.56,6,651,8922.0
2020-08-25,2020-08-25,MODINSU,XT,8.67,8.67,8.67,8.67,8.5,1,100,867.0
2020-08-25,2020-08-25,ASAHIINDIA,B,221.9,234.0,215.05,228.0,223.3,994,23568,5308579.0
2020-08-25,2020-08-25,MURUDCERA,B,17.0,17.0,16.2,16.65,17.0,60,7609,126947.0
2020-08-25,2020-08-25,SEKURITIND,X,56.65,56.95,54.7,55.3,56.25,1007,125391,6974236.0
2020-08-25,2020-08-25,ANANTRAJ,B,37.4,38.1,34.6,35.45,34.55,823,111485,4029719.0
2020-08-25,2020-08-25,MADHUDIN,X,10.45,11.0,10.45,10.55,11.0,6,752,7906.0
2020-08-25,2020-08-25,RESTILE,X,1.92,1.93,1.76,1.93,1.76,23,2070,3896.0
2020-08-25,2020-08-25,HINDNATGLS,B,28.8,29.3,28.0,28.45,29.35,133,6135,174458.0
2020-08-25,2020-08-25,HALDYNGL,X,35.75,36.5,34.0,34.8,34.25,902,201155,7123388.0
2020-08-25,2020-08-25,DUROPLY,X,37.0,37.0,34.45,34.9,35.1,38,3570,126590.0
2020-08-25,2020-08-25,MANGALAMTIM,B,9.49,9.49,8.59,9.06,9.04,188,31496,291383.0
2020-08-25,2020-08-25,SHREYANIND,B,89.1,90.6,87.95,88.95,89.6,208,7568,676184.0
2020-08-25,2020-08-25,STARPAPER,B,108.0,108.75,104.1,104.4,107.35,526,16730,1769505.0
2020-08-25,2020-08-25,PAKKA,X,42.75,42.75,39.0,39.85,42.0,236,35619,1439206.0
2020-08-25,2020-08-25,NATPLY,X,7.0,8.21,6.81,7.47,7.47,23,8044,62464.0
2020-08-25,2020-08-25,ARROWGREEN,B,51.8,51.8,51.8,51.8,49.35,13,6421,332607.0
2020-08-25,2020-08-25,VISHNU,T,174.9,174.9,165.25,170.0,171.25,76,2541,430706.0
2020-08-25,2020-08-25,JUMBO,Z,8.95,8.95,8.95,8.95,9.4,3,5429,48589.0
2020-08-25,2020-08-25,NRAIL,B,228.0,228.0,218.0,220.95,226.8,290,5096,1124831.0
2020-08-25,2020-08-25,SHRAJESPAP,XT,3.19,3.19,3.19,3.19,3.19,3,9,28.0
2020-08-25,2020-08-25,3PLAND,B,6.66,6.66,6.66,6.66,6.35,2,6425,42790.0
2020-08-25,2020-08-25,SANPA,XT,77.8,77.8,77.8,77.8,80.55,1,50,3890.0
2020-08-25,2020-08-25,SHKARTP,X,1.96,1.96,1.96,1.96,1.87,1,5,9.0
2020-08-25,2020-08-25,STHINPA,X,69.0,70.0,67.4,68.0,67.5,40,3762,260005.0
2020-08-25,2020-08-25,FAMILYCARE,X,5.95,6.2,5.91,5.94,6.22,30,9348,55595.0
2020-08-25,2020-08-25,VINDHYATEL,B,972.0,972.0,917.25,924.25,946.85,263,3735,3457055.0
2020-08-25,2020-08-25,ADOR,B,300.0,300.0,276.5,286.6,279.65,700,9586,2769511.0
2020-08-25,2020-08-25,SALZERELEC,B,109.5,110.0,107.45,108.9,107.9,150,2146,233509.0
2020-08-25,2020-08-25,JETKINGQ,X,34.3,34.4,34.3,34.4,32.8,8,1153,39653.0
2020-08-25,2020-08-25,APLAB,XT,11.13,11.13,11.13,11.13,10.6,4,156,1736.0
2020-08-25,2020-08-25,PCS,X,5.79,6.06,5.5,6.0,5.78,38,5385,31928.0
2020-08-25,2020-08-25,USHAMART,B,26.3,27.2,26.0,27.0,25.9,464,171396,4582434.0
2020-08-25,2020-08-25,SPELS,XT,8.95,9.12,8.78,9.12,8.95,69,45333,402085.0
2020-08-25,2020-08-25,SUBROS,B,263.8,272.65,254.85,269.05,265.65,513,7136,1873733.0
2020-08-25,2020-08-25,HONAUT,A,34505.95,35000.0,33249.95,34581.55,33609.7,241,338,11606945.0
2020-08-25,2020-08-25,LUMAXIND,B,1593.15,1624.25,1549.0,1601.9,1593.0,390,1609,2552875.0
2020-08-25,2020-08-25,DIGISPICE,B,8.56,8.57,8.56,8.57,8.17,14,2847,24398.0
2020-08-25,2020-08-25,SUJANAINDUS,T,0.29,0.29,0.29,0.29,0.28,7,17106,4960.0
2020-08-25,2020-08-25,CALCOM,X,27.15,29.0,27.15,27.5,27.6,43,4834,135378.0
2020-08-25,2020-08-25,DYNAVSN,XT,41.0,44.85,41.0,44.8,42.75,5,650,28927.0
2020-08-25,2020-08-25,PRECISIO,XT,16.1,16.1,16.1,16.1,16.1,1,10,161.0
2020-08-25,2020-08-25,HBLENGINE,B,16.88,17.14,16.5,16.76,16.88,159,31850,537735.0
2020-08-25,2020-08-25,GUJARATPOLY,X,9.05,9.99,9.05,9.05,9.52,11,2563,25435.0
2020-08-25,2020-08-25,GIPCL,B,78.8,78.8,77.4,77.8,77.75,115,8028,625914.0
2020-08-25,2020-08-25,CMICABLES,B,46.95,48.5,44.45,48.4,46.2,561,41122,1965633.0
2020-08-25,2020-08-25,MOTHERSON,A,119.55,120.3,116.25,117.0,117.6,2638,1166135,137110675.0
2020-08-25,2020-08-25,MINDTECK,B,43.5,43.9,39.8,40.0,41.85,140,14064,592194.0
2020-08-25,2020-08-25,HAVELLS,A,637.25,667.15,637.25,663.8,637.3,3207,105629,69056185.0
2020-08-25,2020-08-25,ACIIN,X,0.49,0.49,0.49,0.49,0.49,2,502,245.0
2020-08-25,2020-08-25,INCAP,XT,27.0,27.0,24.55,24.65,25.8,7,796,20401.0
2020-08-25,2020-08-25,GUJINTRX,X,86.0,92.3,86.0,91.2,87.55,21,1316,118154.0
2020-08-25,2020-08-25,IGARASHI,B,309.55,313.95,301.35,303.35,305.5,593,14565,4473503.0
2020-08-25,2020-08-25,SYMPHONY,A,899.0,908.45,873.95,886.1,894.65,1111,7997,7119491.0
2020-08-25,2020-08-25,REGANTO,X,0.85,0.85,0.77,0.77,0.81,12,10350,8172.0
2020-08-25,2020-08-25,VXLINSTR,X,2.61,2.61,2.61,2.61,2.49,2,200,522.0
2020-08-25,2020-08-25,LEENEE,X,1.57,1.57,1.57,1.57,1.57,3,1713,2689.0
2020-08-25,2020-08-25,PATELSAI,X,158.0,159.95,151.7,152.45,153.25,307,26697,4141231.0
2020-08-25,2020-08-25,BUTTERFLY,B,210.0,218.7,206.5,215.25,211.8,680,30488,6491799.0
2020-08-25,2020-08-25,ATHENAGLO,X,29.7,29.7,28.5,29.7,28.3,14,2692,79643.0
2020-08-25,2020-08-25,DUTRON,XT,126.35,139.6,126.35,130.05,133.0,10,52,6882.0
2020-08-25,2020-08-25,RSSOFTWARE,B,20.25,21.2,20.0,20.05,20.55,143,18220,373748.0
2020-08-25,2020-08-25,MAGNAELQ,X,122.0,137.0,110.0,134.35,126.05,79,8323,1053660.0
2020-08-25,2020-08-25,LINAKS,XT,0.56,0.57,0.55,0.55,0.55,9,5501,3042.0
2020-08-25,2020-08-25,ELNET,X,152.0,152.0,135.0,140.65,146.1,402,28835,4098865.0
2020-08-25,2020-08-25,ACCEL,XT,12.51,13.75,12.51,13.39,13.16,71,21004,277317.0
2020-08-25,2020-08-25,WEBELSOLAR,B,24.15,24.45,23.0,23.5,23.3,258,74590,1805711.0
2020-08-25,2020-08-25,ROTO,X,113.0,114.8,111.0,112.15,113.1,326,16235,1821956.0
2020-08-25,2020-08-25,TTKPRESTIG,A,6001.05,6101.9,5850.1,5885.5,6057.5,246,364,2164679.0
2020-08-25,2020-08-25,DHINDIA,X,15.0,15.0,14.31,14.46,14.99,16,3924,56851.0
2020-08-25,2020-08-25,RAJRATAN,B,317.6,324.45,307.0,316.2,324.8,124,2101,667603.0
2020-08-25,2020-08-25,SURANAT&P,B,4.01,4.01,3.89,3.89,4.01,7,2801,10900.0
2020-08-25,2020-08-25,ONWARDTEC,B,64.6,65.45,62.0,63.35,64.6,213,4173,262762.0
2020-08-25,2020-08-25,CENTUM,B,371.75,374.0,358.5,365.8,370.45,79,436,159705.0
2020-08-25,2020-08-25,STARLITE,XT,3.1,3.1,2.9,3.0,3.05,7,2269,6819.0
2020-08-25,2020-08-25,NHCFOODS,X,5.65,5.9,5.65,5.9,5.85,8,10630,62648.0
2020-08-25,2020-08-25,TRIGYN,B,61.8,61.8,56.0,56.1,58.9,1028,83564,4970383.0
2020-08-25,2020-08-25,KEI,A,398.0,403.2,397.05,398.6,396.6,536,7184,2873566.0
2020-08-25,2020-08-25,IMPPOWERS,B,16.1,16.57,15.3,16.53,15.87,217,6320,100837.0
2020-08-25,2020-08-25,KEERTHI,XT,43.85,43.85,40.1,43.0,42.0,12,1010,43416.0
2020-08-25,2020-08-25,GUJSIDHCEM,B,30.55,30.8,30.0,30.1,30.65,113,9683,293415.0
2020-08-25,2020-08-25,SURAJ,Z,22.4,22.4,22.4,22.4,22.85,2,51,1142.0
2020-08-25,2020-08-25,APCL,B,158.75,159.1,155.8,155.9,158.0,42,1412,220966.0
2020-08-25,2020-08-25,MODINATUR,X,70.75,70.75,64.05,68.9,67.4,95,12205,829008.0
2020-08-25,2020-08-25,TASTYBITE,B,13100.0,13203.95,12698.05,13000.45,13101.8,75,97,1258908.0
2020-08-25,2020-08-25,RITESHIN,XT,9.29,9.29,9.29,9.29,9.11,1,400,3716.0
2020-08-25,2020-08-25,AVTNPL,B,47.2,48.65,46.4,48.2,45.95,308,36353,1733405.0
2020-08-25,2020-08-25,HNDFDS,B,743.8,771.95,743.8,771.95,735.2,183,4542,3494781.0
2020-08-25,2020-08-25,NAHARINDUS,B,27.3,28.0,26.55,27.9,27.5,34,1787,49281.0
2020-08-25,2020-08-25,VADILENT,XT,898.55,944.0,898.4,904.0,945.65,11,288,260682.0
2020-08-25,2020-08-25,VADILALIND,B,635.0,640.0,618.0,630.9,624.05,239,2334,1473426.0
2020-08-25,2020-08-25,ADFFOODS,B,378.35,381.0,368.8,372.8,375.05,119,2802,1045749.0
2020-08-25,2020-08-25,WILLIMFI,X,5.15,5.2,5.15,5.2,5.15,5,4500,23250.0
2020-08-25,2020-08-25,AJANTSOY,X,40.9,40.95,39.1,39.65,39.55,54,3619,143639.0
2020-08-25,2020-08-25,WILLAMAGOR,B,25.9,25.9,23.5,23.6,24.7,102,22870,569544.0
2020-08-25,2020-08-25,KISAAN,X,1.96,2.12,1.96,2.04,2.02,8,1825,3785.0
2020-08-25,2020-08-25,SPTRSHI,XT,7.22,7.22,7.22,7.22,6.88,1,500,3610.0
2020-08-25,2020-08-25,JVLAGRO,Z,0.85,0.87,0.81,0.87,0.85,41,105470,87691.0
2020-08-25,2020-08-25,SANWARIA,B,2.39,2.39,2.26,2.27,2.36,606,1223784,2805998.0
2020-08-25,2020-08-25,PRIMAGR,XT,13.1,13.55,12.92,13.1,13.6,30,4310,56576.0
2020-08-25,2020-08-25,TARAI,XT,5.02,5.02,4.7,5.02,4.79,15,1090,5466.0
2020-08-25,2020-08-25,MODAIRY,X,4.07,4.08,4.07,4.07,3.89,19,10411,42438.0
2020-08-25,2020-08-25,BAMBINO,X,228.0,239.8,219.3,225.55,224.25,258,18788,4313195.0
2020-08-25,2020-08-25,VIKASWSP,B,6.71,6.99,6.7,6.75,6.71,103,43354,293482.0
2020-08-25,2020-08-25,JATALIA,XT,4.25,4.25,4.25,4.25,4.05,4,61,259.0
2020-08-25,2020-08-25,POONADAL,X,41.2,41.2,39.2,39.2,41.25,43,2591,101589.0
2020-08-25,2020-08-25,TRANSFD,X,122.4,122.4,122.4,122.4,120.0,7,42,5140.0
2020-08-25,2020-08-25,ANIKINDS,B,14.49,14.5,13.84,14.41,13.81,149,2244,32375.0
2020-08-25,2020-08-25,SHINDL,XT,24.9,24.9,22.6,24.7,23.75,7,380,9163.0
2020-08-25,2020-08-25,KSE,XT,1733.6,1733.6,1650.0,1667.55,1679.55,46,708,1183330.0
2020-08-25,2020-08-25,NARBADA,X,16.98,16.98,15.76,16.07,16.36,12,1111,18308.0
2020-08-25,2020-08-25,VIRATCRA,X,21.85,21.85,20.0,21.85,19.9,50,33485,730718.0
2020-08-25,2020-08-25,IBINFO,XT,12.0,12.0,11.75,11.75,12.35,8,201,2400.0
2020-08-25,2020-08-25,CHORDIA,X,100.0,100.0,100.0,100.0,98.55,1,20,2000.0
2020-08-25,2020-08-25,CIANAGRO,XT,25.75,28.45,25.75,28.45,27.1,5,725,18736.0
2020-08-25,2020-08-25,TAIIND,XT,9.05,9.05,9.04,9.04,8.62,2,19,171.0
2020-08-25,2020-08-25,OCEANAGRO,X,18.75,18.75,18.5,18.5,17.95,2,200,3725.0
2020-08-25,2020-08-25,NKIND,B,23.3,23.3,23.3,23.3,22.2,3,25,582.0
2020-08-25,2020-08-25,BKV,XT,2.7,2.83,2.7,2.79,2.7,7,1809,4936.0
2020-08-25,2020-08-25,NCCBLUE,P,5.15,5.15,5.15,5.15,5.15,1,100,515.0
2020-08-25,2020-08-25,ASIANTNE,XT,16.99,16.99,16.99,16.99,16.66,10,3420,58105.0
2020-08-25,2020-08-25,HERITGFOOD,A,360.9,360.9,338.0,342.35,353.55,860,13052,4548064.0
2020-08-25,2020-08-25,SIMRAN,X,37.8,37.8,37.8,37.8,36.0,12,2792,105537.0
2020-08-25,2020-08-25,DFMFOODS,B,283.4,309.2,279.35,299.4,282.85,1580,52702,15641914.0
2020-08-25,2020-08-25,CCL,A,290.95,293.8,275.15,278.3,287.35,561,17925,5076662.0
2020-08-25,2020-08-25,KELLTONTEC,B,25.75,25.75,25.75,25.75,24.55,8,1443,37157.0
2020-08-25,2020-08-25,SURFI,XT,5.4,5.61,5.35,5.61,5.35,3,13,72.0
2020-08-25,2020-08-25,INTEGFD,XT,3.43,3.43,3.43,3.43,3.27,1,93,318.0
2020-08-25,2020-08-25,LAKESHORE,X,19.95,19.95,19.95,19.95,18.15,4,1051,20967.0
2020-08-25,2020-08-25,RICOAUTO,B,31.95,32.45,31.6,32.05,31.35,455,80663,2584052.0
2020-08-25,2020-08-25,OMAXAUTO,B,46.0,55.6,46.0,54.55,49.1,834,22637,1210884.0
2020-08-25,2020-08-25,MUNJALSHOW,B,160.5,163.65,160.5,163.65,148.8,1825,245248,40024239.0
2020-08-25,2020-08-25,JAMNAAUTO,A,43.0,43.8,41.4,41.65,43.0,1143,78993,3319689.0
2020-08-25,2020-08-25,TVSHLTD,B,1900.0,1903.0,1851.0,1861.65,1897.2,216,953,1796294.0
2020-08-25,2020-08-25,JTEKTINDIA,B,80.35,87.0,80.35,84.6,80.35,1634,110188,9309927.0
2020-08-25,2020-08-25,MUNJALAU,B,57.05,60.45,57.05,58.9,55.85,4148,480520,28216550.0
2020-08-25,2020-08-25,JAYBARMARU,B,227.35,234.0,225.95,226.7,223.65,339,5194,1190916.0
2020-08-25,2020-08-25,RACLGEAR,X,103.0,104.0,100.0,102.35,99.85,911,64549,6595976.0
2020-08-25,2020-08-25,SAMKRG,X,122.05,126.0,122.05,123.85,124.25,81,8975,1121646.0
2020-08-25,2020-08-25,SICALLOG,B,9.05,9.5,9.05,9.4,9.21,51,18511,174450.0
2020-08-25,2020-08-25,RATNAMANI,A,1176.9,1180.0,1146.95,1161.6,1171.2,282,1653,1913134.0
2020-08-25,2020-08-25,VESUVIUS,B,1032.5,1032.5,988.0,1004.45,1027.55,107,422,422712.0
2020-08-25,2020-08-25,ASAL,B,20.45,21.4,20.4,21.4,20.4,70,3380,70851.0
2020-08-25,2020-08-25,ARCEEIN,XT,3.64,3.78,3.64,3.64,3.71,13,6100,22267.0
2020-08-25,2020-08-25,ABCINDQ,X,49.0,51.45,48.05,50.5,49.35,9,2358,115848.0
2020-08-25,2020-08-25,BALTE,X,8.15,8.15,7.93,7.93,8.4,9,2300,18553.0
2020-08-25,2020-08-25,SIBARAUT,X,9.75,9.75,9.75,9.75,9.85,1,10,97.0
2020-08-25,2020-08-25,TRANSWORLD,T,79.0,86.5,78.85,78.85,83.0,97,13952,1102402.0
2020-08-25,2020-08-25,STARLOG,X,11.45,11.45,11.0,11.0,10.99,5,301,3311.0
2020-08-25,2020-08-25,ICIL,B,79.0,79.0,74.95,77.45,77.55,1035,64620,4984769.0
2020-08-25,2020-08-25,MARALOVER,B,14.05,14.05,13.61,13.64,14.07,10,974,13332.0
2020-08-25,2020-08-25,SOMATEX,B,3.35,3.35,3.16,3.16,3.32,5,1300,4203.0
2020-08-25,2020-08-25,TRIDENT,A,6.71,6.8,6.7,6.72,6.72,12391,1095580,7387742.0
2020-08-25,2020-08-25,ALOKINDS,B,35.8,35.8,33.1,35.4,34.1,7765,4765857,166540995.0
2020-08-25,2020-08-25,PASARI,XT,1.9,1.9,1.9,1.9,1.81,3,300,570.0
2020-08-25,2020-08-25,CLCIND,T,0.62,0.67,0.61,0.67,0.64,7,2550,1599.0
2020-08-25,2020-08-25,AMARJOTHI,X,61.75,63.4,57.85,59.15,61.8,66,5532,329872.0
2020-08-25,2020-08-25,OLYMPTX,X,12.97,12.97,12.97,12.97,12.97,1,1,12.0
2020-08-25,2020-08-25,NAGREEKEXP,B,17.19,17.19,15.5,15.6,15.91,64,12551,197624.0
2020-08-25,2020-08-25,SUDTIND-B,XT,11.02,11.02,11.02,11.02,10.5,4,1000,11020.0
2020-08-25,2020-08-25,GEMSPIN,P,2.0,2.0,2.0,2.0,2.0,1,100,200.0
2020-08-25,2020-08-25,ADITYASP,XT,4.8,5.02,4.56,4.87,4.79,23,7715,37956.0
2020-08-25,2020-08-25,PRIMEURB,X,6.61,6.61,6.55,6.61,6.3,11,1712,11278.0
2020-08-25,2020-08-25,ZODIACLOTH,B,118.0,122.85,116.1,116.35,117.0,91,9414,1132524.0
2020-08-25,2020-08-25,MAXGROW,XT,1.55,1.55,1.55,1.55,1.48,1,40,62.0
2020-08-25,2020-08-25,SUPERSPIN,B,4.9,4.9,4.7,4.7,4.89,19,1986,9457.0
2020-08-25,2020-08-25,SEASONSFUR,XT,2.38,2.45,2.38,2.38,2.35,3,211,502.0
2020-08-25,2020-08-25,SILINV,B,147.0,161.5,147.0,160.3,146.85,292,4057,648668.0
2020-08-25,2020-08-25,SURYALAXMI,B,17.75,18.9,17.6,18.85,18.0,8,2012,36502.0
2020-08-25,2020-08-25,SAMTEX,XT,0.55,0.55,0.53,0.55,0.55,23,15716,8444.0
2020-08-25,2020-08-25,DHANROTO,X,19.6,20.45,19.5,19.55,19.6,7,245,4808.0
2020-08-25,2020-08-25,DAMODARIND,B,26.25,26.95,26.0,26.95,26.4,8,146,3882.0
2020-08-25,2020-08-25,SANBLUE,XT,10.79,10.79,10.77,10.79,10.58,4,131,1413.0
2020-08-25,2020-08-25,UNIROYAL,X,7.1,7.1,6.62,6.62,6.95,4,1065,7530.0
2020-08-25,2020-08-25,TATIAGLOB,X,0.36,0.37,0.36,0.37,0.36,8,1355,489.0
2020-08-25,2020-08-25,SAMBANDAM,X,51.05,53.9,51.0,52.0,51.35,9,538,27658.0
2020-08-25,2020-08-25,KANDAGIRI,X,9.18,9.18,8.73,8.73,9.18,2,65,571.0
2020-08-25,2020-08-25,KITEX,B,108.0,110.0,105.35,106.75,108.55,323,13402,1437726.0
2020-08-25,2020-08-25,CRANEX,X,8.15,8.15,8.15,8.15,7.8,2,446,3634.0
2020-08-25,2020-08-25,BATLIBOI,X,9.71,9.99,9.51,9.94,9.65,37,37855,374367.0
2020-08-25,2020-08-25,AUSTENG,X,34.25,36.7,34.25,35.5,35.5,12,421,14692.0
2020-08-25,2020-08-25,UNIDT,X,157.0,169.0,157.0,159.25,157.2,196,18547,3013872.0
2020-08-25,2020-08-25,FLUIDOM,X,123.0,123.9,110.0,112.65,123.05,68,4389,510702.0
2020-08-25,2020-08-25,WINDMACHIN,B,18.2,18.37,17.95,18.37,17.5,97,17451,317764.0
2020-08-25,2020-08-25,SHANTIGEAR,B,91.6,98.3,90.95,97.05,90.9,993,29808,2846381.0
2020-08-25,2020-08-25,HONDAPOWER,B,1047.9,1050.0,1045.0,1048.65,1052.05,11,47,49278.0
2020-08-25,2020-08-25,HITECHGEAR,B,144.0,149.8,131.1,139.75,138.45,139,2267,315082.0
2020-08-25,2020-08-25,ELGIEQUIP,B,227.95,228.4,223.3,224.7,228.35,424,5579,1259012.0
2020-08-25,2020-08-25,UVDRHOR,X,21.05,21.05,20.1,21.05,20.05,20,2890,60356.0
2020-08-25,2020-08-25,KLBRENG-B,X,22.75,22.75,20.8,21.7,21.85,39,3799,80494.0
2020-08-25,2020-08-25,BIRLAPREC,X,5.76,6.1,5.7,5.72,5.88,87,29513,172138.0
2020-08-25,2020-08-25,YUKEN,X,455.0,464.75,451.0,456.9,456.7,69,1118,510935.0
2020-08-25,2020-08-25,TIMKEN,A,1059.7,1153.75,1042.2,1125.85,1045.55,2753,16115,18001530.0
2020-08-25,2020-08-25,VOITHPAPR,X,1040.0,1059.0,1021.5,1023.65,1025.9,35,277,284750.0
2020-08-25,2020-08-25,ARTSON,X,33.3,33.45,31.25,31.35,31.95,140,29846,960166.0
2020-08-25,2020-08-25,SOLIMAC,X,25.65,25.65,22.4,23.75,23.75,108,14118,333636.0
2020-08-25,2020-08-25,DIACABS,Z,0.77,0.78,0.77,0.78,0.75,7,20893,16116.0
2020-08-25,2020-08-25,INDSILHYD,XT,12.78,12.78,12.78,12.78,12.18,31,27168,347207.0
2020-08-25,2020-08-25,ITL,X,65.35,66.85,63.6,64.0,65.2,52,7584,494330.0
2020-08-25,2020-08-25,FRONTSP,X,319.9,368.8,315.1,355.9,314.95,1176,47247,16663389.0
2020-08-25,2020-08-25,PRAJIND,B,76.25,76.4,73.75,75.25,75.55,1406,136089,10208530.0
2020-08-25,2020-08-25,RASANDIK,X,42.45,42.45,39.0,39.55,40.45,13,752,29705.0
2020-08-25,2020-08-25,YOGISUNG,XT,2.53,2.53,2.41,2.53,2.41,3,101,243.0
2020-08-25,2020-08-25,HLEGLAS,X,1512.0,1550.0,1473.55,1513.8,1480.2,3057,37118,56312571.0
2020-08-25,2020-08-25,GUJAPOLLO,B,196.5,203.0,191.45,197.0,193.65,166,2721,537859.0
2020-08-25,2020-08-25,TANAA,X,40.45,40.45,40.45,40.45,42.55,32,13060,528277.0
2020-08-25,2020-08-25,CONART,X,20.85,23.9,20.85,23.3,23.0,11,434,9595.0
2020-08-25,2020-08-25,MMFL,B,295.15,298.25,292.0,295.95,295.9,182,2271,670915.0
2020-08-25,2020-08-25,MAYURUNIQ,B,294.15,309.9,284.0,298.85,289.15,1614,37662,11202149.0
2020-08-25,2020-08-25,CENLUB,X,45.0,47.0,41.65,42.1,44.35,44,2417,104979.0
2020-08-25,2020-08-25,RAJOOENG,X,9.43,9.44,9.14,9.23,9.12,45,14655,135063.0
2020-08-25,2020-08-25,JMCPROJECTS,B,54.9,55.0,53.1,53.55,54.15,166,14193,764444.0
2020-08-25,2020-08-25,VJLAXMIE,XT,23.9,23.9,22.15,22.55,22.95,3,102,2435.0
2020-08-25,2020-08-25,AHMDSTE,X,10.0,10.4,10.0,10.4,9.97,2,120,1240.0
2020-08-25,2020-08-25,GVT&D,A,112.6,113.7,109.1,109.8,111.6,241,5892,653324.0
2020-08-25,2020-08-25,RAMRAT,X,96.9,103.7,85.0,91.15,94.45,1377,151602,14649872.0
2020-08-25,2020-08-25,JAYNECOIND,B,3.06,3.06,2.95,3.0,2.95,4,2241,6777.0
2020-08-25,2020-08-25,KPIL,A,275.0,276.0,270.05,273.45,272.45,1129,17590,4802223.0
2020-08-25,2020-08-25,NMSGLOBAL,XT,5.67,6.25,5.67,6.25,5.96,6,318,1977.0
2020-08-25,2020-08-25,CANDOUR,X,52.05,55.35,52.05,54.9,52.75,398,205288,11073621.0
2020-08-25,2020-08-25,TIGLOB,X,81.05,82.95,81.0,81.9,80.55,42,5170,422461.0
2020-08-25,2020-08-25,CONTROLPR,B,235.0,244.0,231.6,232.05,238.95,164,4217,995944.0
2020-08-25,2020-08-25,BEMHY,X,63.0,63.0,63.0,63.0,63.45,1,1,63.0
2020-08-25,2020-08-25,ANSALBU,X,24.6,29.0,24.6,27.6,25.4,52,2513,66872.0
2020-08-25,2020-08-25,WEIZMANIND,B,33.5,34.0,32.4,32.65,32.95,84,6650,224000.0
2020-08-25,2020-08-25,BNRSEC,X,23.3,23.3,21.75,21.75,21.55,10,5325,115994.0
2020-08-25,2020-08-25,RISHITECH,X,15.35,16.8,15.35,16.5,16.05,6,254,4138.0
2020-08-25,2020-08-25,SINCLAIR,X,45.3,46.5,44.05,44.95,45.3,177,35050,1576855.0
2020-08-25,2020-08-25,SAFARI,B,429.0,439.8,398.0,402.3,413.25,1391,15046,6255266.0
2020-08-25,2020-08-25,ZBINTXPP,XT,340.0,349.3,330.05,335.65,332.7,8,84,28841.0
2020-08-25,2020-08-25,COSMOFE,X,6.02,6.02,6.02,6.02,6.02,1,200,1204.0
2020-08-25,2020-08-25,SANCTRN,X,118.1,127.8,116.7,119.0,121.75,18,413,48935.0
2020-08-25,2020-08-25,EIHAHOTELS,B,274.85,276.6,265.0,267.25,275.65,300,3704,1005046.0
2020-08-25,2020-08-25,MEDICAPQ,XT,22.25,22.25,22.25,22.25,22.7,16,1313,29214.0
2020-08-25,2020-08-25,FOSECOC,X,2328.0,2328.0,2150.0,2161.45,2234.95,493,3231,7176254.0
2020-08-25,2020-08-25,ABAN,B,29.25,29.8,28.5,29.55,28.75,142,16925,491777.0
2020-08-25,2020-08-25,KOKUYOCMLN,B,61.1,62.7,59.0,61.15,60.15,478,39945,2435788.0
2020-08-25,2020-08-25,BHARATSE,X,71.5,73.9,70.0,71.25,71.5,656,53185,3826297.0
2020-08-25,2020-08-25,CONTPTR,XT,47.8,47.8,47.8,47.8,48.75,23,766,36614.0
2020-08-25,2020-08-25,MACPLASQ,X,59.6,63.9,59.55,63.9,60.9,31,10533,633414.0
2020-08-25,2020-08-25,PEARLPOLY,B,18.5,18.95,18.15,18.35,18.55,8,740,13702.0
2020-08-25,2020-08-25,VENKEYS,A,1366.0,1404.0,1324.2,1353.35,1359.3,1206,14259,19409468.0
2020-08-25,2020-08-25,ADVANIHOTR,B,47.05,47.05,44.75,45.95,46.95,36,836,38160.0
2020-08-25,2020-08-25,GVFILM,XT,0.31,0.31,0.29,0.3,0.3,77,303895,88616.0
2020-08-25,2020-08-25,SUPERHOUSE,B,104.0,105.2,96.2,99.4,104.3,444,23086,2325660.0
2020-08-25,2020-08-25,RAMAVISION,X,4.54,4.54,4.54,4.54,4.33,1,99,449.0
2020-08-25,2020-08-25,TCPLPACK,B,431.95,431.95,423.85,424.75,431.35,30,263,112678.0
2020-08-25,2020-08-25,BALMLAWRIE,A,122.3,122.85,118.5,120.2,121.1,914,39283,4737069.0
2020-08-25,2020-08-25,KOVAI,X,783.0,798.95,780.0,786.8,786.0,134,3891,3070666.0
2020-08-25,2020-08-25,ELDEHSG,X,1137.0,1137.0,1091.0,1100.35,1110.25,57,1286,1420228.0
2020-08-25,2020-08-25,DCMSHRIRAM,A,377.0,380.0,365.9,367.45,378.05,427,7382,2746790.0
2020-08-25,2020-08-25,DCMSRIND,X,177.1,180.0,172.0,175.8,180.05,183,15970,2784436.0
2020-08-25,2020-08-25,MAWANASUG,B,30.35,31.0,30.3,30.35,30.5,192,20347,623796.0
2020-08-25,2020-08-25,MINID,XT,3.3,3.3,3.3,3.3,3.15,5,10260,33858.0
2020-08-25,2020-08-25,MAHAPEXLTD,T,68.5,70.5,68.5,70.5,68.5,2,51,3495.0
2020-08-25,2020-08-25,NILKAMAL,A,1401.95,1414.0,1378.6,1389.85,1389.35,416,3445,4802872.0
2020-08-25,2020-08-25,NAHARPOLY,B,71.0,71.0,67.0,68.5,69.95,140,6452,446685.0
2020-08-25,2020-08-25,3MINDIA,A,21119.9,21245.75,20709.9,20820.0,20917.4,65,86,1801755.0
2020-08-25,2020-08-25,BOSCH-HCIL,A,2145.0,2160.0,2118.4,2125.05,2140.55,108,301,642735.0
2020-08-25,2020-08-25,JMFINANCIL,A,82.65,83.45,80.65,80.95,82.7,603,50832,4151614.0
2020-08-25,2020-08-25,ADCINDIA,X,223.3,224.9,213.0,216.0,223.3,47,3096,673143.0
2020-08-25,2020-08-25,TNTELE,T,1.39,1.39,1.39,1.39,1.45,3,1248,1734.0
2020-08-25,2020-08-25,RIIL,B,422.95,426.75,414.0,417.5,422.95,1035,26971,11317075.0
2020-08-25,2020-08-25,SHARP,XT,32.6,34.0,31.0,31.2,32.6,45,6453,210896.0
2020-08-25,2020-08-25,LINDEINDIA,A,777.5,782.6,752.75,762.4,767.55,674,8856,6749454.0
2020-08-25,2020-08-25,INDBNK,B,23.95,23.95,21.65,21.9,22.25,74,9129,205294.0
2020-08-25,2020-08-25,LOTUSCHO,X,17.3,19.65,17.3,18.4,19.05,38,2648,47557.0
2020-08-25,2020-08-25,PACIFICI,X,139.0,144.15,124.5,125.0,123.0,76,32131,4054339.0
2020-08-25,2020-08-25,CMMHOSP,X,12.76,13.0,12.76,13.0,13.43,7,1360,17607.0
2020-08-25,2020-08-25,UNIOFFICE,XT,1.51,1.54,1.51,1.54,1.51,4,236,359.0
2020-08-25,2020-08-25,APMIN,X,16.49,16.49,15.01,15.45,16.07,46,11308,172245.0
2020-08-25,2020-08-25,PRECWIRE,B,131.1,131.25,124.0,127.7,132.65,264,6509,826594.0
2020-08-25,2020-08-25,KRYPTONQ,X,9.39,9.39,8.72,9.09,9.1,36,963,8671.0
2020-08-25,2020-08-25,SWISSMLTRY,X,4.72,4.72,4.72,4.72,4.5,5,8640,40780.0
2020-08-25,2020-08-25,FEL,B,18.2,18.2,16.9,17.5,17.4,651,297492,5199244.0
2020-08-25,2020-08-25,INDTONER,X,110.3,113.7,106.9,109.25,113.15,329,30631,3358606.0
2020-08-25,2020-08-25,KUNSTOFF,X,12.31,12.31,12.31,12.31,12.07,4,305,3754.0
2020-08-25,2020-08-25,SCI,A,64.6,64.6,62.6,62.8,64.5,531,68434,4328168.0
2020-08-25,2020-08-25,SIKA,X,261.0,263.9,238.0,242.9,261.55,269,11950,2923243.0
2020-08-25,2020-08-25,ITI,A,141.9,141.9,138.35,138.65,140.9,1790,104366,14563362.0
2020-08-25,2020-08-25,DREDGECORP,B,323.25,324.4,312.05,314.55,327.2,859,16408,5199429.0
2020-08-25,2020-08-25,PHRMASI,XT,36.5,36.6,35.05,36.6,34.9,19,1616,58782.0
2020-08-25,2020-08-25,PODDARHOUS,B,173.0,179.95,173.0,173.0,180.0,34,230,39956.0
2020-08-25,2020-08-25,NFL,B,38.25,38.5,37.5,37.6,37.95,228,46141,1750422.0
2020-08-25,2020-08-25,IPRINGLTD,X,55.0,55.0,51.4,53.8,53.5,27,9314,502010.0
2020-08-25,2020-08-25,PIIND,A,2085.15,2095.0,2007.0,2053.5,2062.4,1607,13261,27149561.0
2020-08-25,2020-08-25,PLASTIBLEN,B,185.55,186.55,179.0,179.85,185.1,432,5877,1076081.0
2020-08-25,2020-08-25,YASHINNO,XT,7.82,7.82,7.82,7.82,7.45,5,454,3550.0
2020-08-25,2020-08-25,WATERBASE,B,109.65,112.8,108.8,110.75,108.95,857,32315,3575244.0
2020-08-25,2020-08-25,FLEXFO,X,78.4,78.4,68.05,69.6,74.25,587,62060,4521615.0
2020-08-25,2020-08-25,GOLKUNDIA,X,21.05,21.05,19.1,19.45,20.05,24,1724,34127.0
2020-08-25,2020-08-25,APCOTEXIND,B,169.0,169.85,162.8,163.05,169.4,704,24055,3961966.0
2020-08-25,2020-08-25,FORTISMLR,X,49.95,49.95,47.0,47.35,49.05,44,11292,537946.0
2020-08-25,2020-08-25,MASTEK,B,715.0,720.0,697.0,700.95,712.3,888,20337,14462388.0
2020-08-25,2020-08-25,EIMCOELECO,B,345.5,345.5,337.0,339.5,337.85,10,37,12655.0
2020-08-25,2020-08-25,SAYAJIHOTL,XT,160.05,163.0,160.05,163.0,160.8,17,339,54843.0
2020-08-25,2020-08-25,ASHIANA,B,84.8,84.8,81.0,81.3,81.3,178,11017,905142.0
2020-08-25,2020-08-25,ECOBOAR,XT,3.06,3.06,2.92,2.92,2.92,3,1040,3106.0
2020-08-25,2020-08-25,DVL,B,65.25,66.4,62.1,63.85,64.75,129,9694,629043.0
2020-08-25,2020-08-25,TIHIL,XT,3.05,3.19,3.05,3.19,3.21,4,11005,33565.0
2020-08-25,2020-08-25,MAHEPC,B,169.0,169.4,162.2,164.2,167.15,374,8526,1404126.0
2020-08-25,2020-08-25,SREIINFRA,B,7.7,7.84,7.64,7.69,7.61,360,224585,1743684.0
2020-08-25,2020-08-25,MITSHI,X,26.25,27.85,26.0,27.2,28.4,11,1199,31899.0
2020-08-25,2020-08-25,MAZDA,B,437.6,438.0,406.25,422.25,435.2,174,1542,650245.0
2020-08-25,2020-08-25,VHLTD,T,2.97,2.99,2.73,2.78,2.87,32,7168,20373.0
2020-08-25,2020-08-25,MENONBE,B,41.6,47.95,41.6,47.45,46.95,342,20472,952818.0
2020-08-25,2020-08-25,GUJRAFFIA,T,10.65,10.65,10.65,10.65,10.15,1,50,532.0
2020-08-25,2020-08-25,SIMPLEXINF,B,34.45,34.6,33.5,34.2,33.75,207,38407,1316149.0
2020-08-25,2020-08-25,INNOVTEC,X,14.04,14.04,13.36,13.63,14.06,35,8916,121391.0
2020-08-25,2020-08-25,SUPTANERY,X,3.17,3.17,2.93,3.14,3.02,51,51805,161804.0
2020-08-25,2020-08-25,AXTEL,X,287.0,287.75,260.35,264.75,274.05,2513,142667,38837139.0
2020-08-25,2020-08-25,POONAWALLA,A,36.7,36.7,35.05,35.4,35.65,229,36563,1305047.0
2020-08-25,2020-08-25,HINFLUR,B,8.23,9.05,8.23,8.68,8.62,85,25997,223062.0
2020-08-25,2020-08-25,KINGFA,B,486.65,489.9,475.35,483.05,486.7,121,698,338632.0
2020-08-25,2020-08-25,PATIDAR,X,0.53,0.53,0.53,0.53,0.51,1,1,0.0
2020-08-25,2020-08-25,RAMAPHO,X,66.15,66.15,61.0,62.25,64.1,131,11413,720439.0
2020-08-25,2020-08-25,POLYPLEX,B,802.0,802.0,760.0,768.45,833.65,2294,38631,30007769.0
2020-08-25,2020-08-25,ALBERTDAVD,B,461.2,469.9,437.0,457.7,501.3,1778,27228,12466993.0
2020-08-25,2020-08-25,HARLETH,XT,27.75,27.75,26.75,27.5,27.75,6,660,17855.0
2020-08-25,2020-08-25,CARYSIL,X,128.0,128.9,118.1,122.25,123.4,1491,164835,20477979.0
2020-08-25,2020-08-25,KABRAEXTRU,B,78.4,79.0,72.4,75.55,79.2,128,4434,334133.0
2020-08-25,2020-08-25,VINYLINDIA,B,107.95,108.85,106.85,107.9,107.3,413,17421,1877771.0
2020-08-25,2020-08-25,PCCOSMA,X,101.9,101.9,100.0,101.9,97.05,35,3736,378998.0
2020-08-25,2020-08-25,TCMLMTD,X,46.0,46.5,46.0,46.5,44.3,3,825,37962.0
2020-08-25,2020-08-25,IOLCP,B,831.9,898.4,816.4,877.6,821.7,10617,266986,231547222.0
2020-08-25,2020-08-25,KESARPE,X,4.94,4.96,4.5,4.62,4.73,181,148289,684121.0
2020-08-25,2020-08-25,VINATIORGA,A,1151.0,1168.5,1100.0,1126.3,1129.15,2162,23994,27127026.0
2020-08-25,2020-08-25,AARTIIND,A,1200.0,1211.3,1125.25,1141.5,1173.8,6437,74670,86587532.0
2020-08-25,2020-08-25,WANBURY,T,41.1,42.35,40.2,41.95,41.45,49,13337,558229.0
2020-08-25,2020-08-25,RESONANCE,X,68.8,68.8,68.8,68.8,65.55,168,37319,2567547.0
2020-08-25,2020-08-25,GAEL,B,197.0,203.2,193.3,196.0,197.25,298,9654,1911794.0
2020-08-25,2020-08-25,RCF,A,52.1,52.25,50.75,51.5,50.95,1361,280306,14446144.0
2020-08-25,2020-08-25,KOPRAN,B,69.95,74.35,68.1,74.35,70.85,1271,152270,11043636.0
2020-08-25,2020-08-25,AIMCOPEST,X,84.0,84.0,78.5,78.75,82.6,124,12780,1011569.0
2020-08-25,2020-08-25,GUJTERC,X,8.15,8.15,8.15,8.15,8.41,2,100,815.0
2020-08-25,2020-08-25,KABRADG,XT,2.94,2.94,2.94,2.94,3.0,6,605,1778.0
2020-08-25,2020-08-25,SEYAIND,B,84.4,84.4,78.0,78.65,81.05,83,6023,478580.0
2020-08-25,2020-08-25,JAYAGROGN,B,108.0,109.5,105.5,109.5,104.3,253,20654,2252082.0
2020-08-25,2020-08-25,BCLIND,X,54.55,57.0,53.3,54.95,54.75,259,45293,2493810.0
2020-08-25,2020-08-25,SHHARICH,XT,38.45,38.5,38.45,38.45,39.2,23,4263,163927.0
2020-08-25,2020-08-25,INDOBORAX,X,411.0,411.0,388.0,395.95,410.9,206,4389,1750042.0
2020-08-25,2020-08-25,AARTIDRUGS,B,3668.0,3724.5,3200.0,3263.2,3435.0,15595,103135,353552433.0
2020-08-25,2020-08-25,BODALCHEM,B,73.6,73.95,70.7,71.9,73.2,541,46213,3334034.0
2020-08-25,2020-08-25,VIMTALABS,T,114.9,116.4,112.0,113.5,113.1,102,12310,1400895.0
2020-08-25,2020-08-25,BIOFILCHEM,T,40.45,40.45,40.45,40.45,38.55,12,2200,88990.0
2020-08-25,2020-08-25,ISHITADR,X,22.05,22.05,20.15,21.95,21.0,7,482,10531.0
2020-08-25,2020-08-25,MARKSANS,B,53.05,54.0,51.0,53.4,53.15,2497,494607,25884284.0
2020-08-25,2020-08-25,UNIVSTAR,XT,50.1,50.1,50.1,50.1,51.1,8,303,15180.0
2020-08-25,2020-08-25,AAREYDRUGS,X,40.15,40.15,40.15,40.15,38.25,286,283753,11392682.0
2020-08-25,2020-08-25,NORRIS,X,4.88,4.88,4.88,4.88,5.13,3,260,1268.0
2020-08-25,2020-08-25,CAMEXLTD,X,16.65,18.85,16.6,18.27,17.26,101,15434,278463.0
2020-08-25,2020-08-25,EVEXIA,X,143.0,143.0,138.0,139.0,138.45,97,60421,8435439.0
2020-08-25,2020-08-25,SYNCOMF,X,1.88,1.88,1.74,1.79,1.83,934,2378373,4202985.0
2020-08-25,2020-08-25,RIDDHI,X,279.95,279.95,266.25,271.25,279.95,51,1863,506220.0
2020-08-25,2020-08-25,SVCIND,XT,0.94,1.02,0.94,0.97,0.98,43,33736,32680.0
2020-08-25,2020-08-25,IPCALAB,A,2027.0,2094.8,2027.0,2040.6,2011.1,3794,31811,65546223.0
2020-08-25,2020-08-25,KILITCH,B,101.8,101.8,95.1,95.75,97.45,80,2450,235610.0
2020-08-25,2020-08-25,CORALAB,X,315.7,315.7,315.7,315.7,300.7,51,3200,1010240.0
2020-08-25,2020-08-25,KREBSBIO,B,81.5,88.35,81.5,86.1,88.0,57,1864,159871.0
2020-08-25,2020-08-25,KMCSHIL,X,22.3,22.9,22.05,22.6,22.6,346,63868,1441572.0
2020-08-25,2020-08-25,LAFFANSQ,X,17.05,17.07,17.05,17.07,16.26,2,2,34.0
2020-08-25,2020-08-25,BHASKAGR,XT,16.1,16.1,16.1,16.1,15.35,1,1,16.0
2020-08-25,2020-08-25,SUKHJITS,X,192.05,203.5,192.05,198.15,198.65,31,1507,298242.0
2020-08-25,2020-08-25,NEULANDLAB,B,1063.0,1144.0,1025.0,1034.9,1063.0,2327,29171,31344589.0
2020-08-25,2020-08-25,GAYATRIBI,XT,4.81,4.81,4.81,4.81,4.72,2,55,264.0
2020-08-25,2020-08-25,PODDARMENT,B,206.0,213.7,200.5,203.55,204.45,527,17062,3561343.0
2020-08-25,2020-08-25,PHARMAID,XT,2.9,3.04,2.9,3.04,2.9,9,1720,5058.0
2020-08-25,2020-08-25,VIVIDIND,X,22.79,22.79,22.79,22.79,20.72,51,11799,268899.0
2020-08-25,2020-08-25,PRIYALT,XT,12.19,12.83,12.19,12.19,12.83,11,1929,23518.0
2020-08-25,2020-08-25,TIRUSTA,XT,41.5,41.5,38.05,41.5,39.55,59,40022,1660322.0
2020-08-25,2020-08-25,JAYSYNTH,X,2.75,2.75,2.75,2.75,2.62,1,700,1925.0
2020-08-25,2020-08-25,AEONXDIGI,X,37.7,38.5,32.0,38.5,35.0,482,106349,3790324.0
2020-08-25,2020-08-25,AKSHARCHEM,B,250.0,264.25,249.0,260.95,245.8,1785,51787,13411434.0
2020-08-25,2020-08-25,BERLDRG,X,6.82,7.16,6.82,7.16,6.82,12,14751,100672.0
2020-08-25,2020-08-25,SHUKRAPHAR,X,38.8,40.95,38.8,39.05,39.0,10,251,9895.0
2020-08-25,2020-08-25,ALUFLUOR,X,250.9,252.0,228.65,235.55,240.15,2119,90153,21325460.0
2020-08-25,2020-08-25,ARCHITORG,X,9.22,9.58,9.22,9.23,9.4,3,548,5232.0
2020-08-25,2020-08-25,INDOAMIN,X,72.0,72.0,66.1,67.25,68.6,818,154116,10827206.0
2020-08-25,2020-08-25,INDSWFTLTD,B,3.19,3.19,3.19,3.19,3.04,5,7150,22808.0
2020-08-25,2020-08-25,NATCAPSUQ,X,86.25,86.35,84.4,86.35,82.25,35,2786,240498.0
2020-08-25,2020-08-25,WELCURE,XT,1.94,1.94,1.94,1.94,1.91,4,2000,3880.0
2020-08-25,2020-08-25,BIBCL,T,45.15,45.15,43.45,43.45,44.3,5056,1474390,65404445.0
2020-08-25,2020-08-25,SOTL,B,756.1,756.1,709.2,713.1,739.55,87,291,211549.0
2020-08-25,2020-08-25,HESTERBIO,B,1468.0,1570.0,1468.0,1551.3,1488.55,478,3453,5297441.0
2020-08-25,2020-08-25,KABSON,XT,4.55,4.55,4.55,4.55,4.56,4,37,168.0
2020-08-25,2020-08-25,BASANTGL,X,5.8,6.6,5.75,6.33,5.67,635,676204,4266564.0
2020-08-25,2020-08-25,SANDUPHQ,X,22.55,23.15,22.1,22.2,23.25,41,4416,98002.0
2020-08-25,2020-08-25,NACLIND,B,44.9,45.25,43.45,44.45,44.55,156,11213,497555.0
2020-08-25,2020-08-25,VISTAPH,XT,9.0,9.43,8.55,9.29,8.99,28,5680,52384.0
2020-08-25,2020-08-25,SUNPHARMA,A,533.5,534.35,524.15,525.1,533.35,2060,151269,79954623.0
2020-08-25,2020-08-25,TITANBIO,X,166.85,184.0,166.85,174.0,175.6,1890,224303,38384490.0
2020-08-25,2020-08-25,SDL,X,12.0,12.0,12.0,12.0,12.0,1,2,24.0
2020-08-25,2020-08-25,JENBURPH,X,419.7,424.95,404.05,409.7,419.7,363,48498,19895709.0
2020-08-25,2020-08-25,HIKAL,B,153.95,174.5,152.3,171.15,151.6,7419,485354,79717928.0
2020-08-25,2020-08-25,CAPLIPOINT,A,531.0,539.0,520.6,522.9,530.85,2973,43791,22994800.0
2020-08-25,2020-08-25,LINKPH,X,23.0,23.0,22.55,22.6,23.1,15,3428,77616.0
2020-08-25,2020-08-25,DECIPHER,X,24.25,25.4,23.5,25.25,24.25,138,7639,190833.0
2020-08-25,2020-08-25,WINTACLTD,X,196.0,204.0,196.0,203.35,200.0,17,893,180971.0
2020-08-25,2020-08-25,NUTRA,XT,6.38,6.38,5.99,6.05,6.3,115,49699,302334.0
2020-08-25,2020-08-25,EMMESSA,XT,15.5,15.73,14.25,15.7,14.99,20,2219,34195.0
2020-08-25,2020-08-25,NGLFINE,X,679.95,692.9,635.0,653.8,648.4,535,21887,14484414.0
2020-08-25,2020-08-25,EVERESTO,X,330.0,330.0,305.1,308.55,318.15,517,17715,5529662.0
2020-08-25,2020-08-25,AUROPHARMA,A,879.0,895.5,864.2,871.85,869.45,9684,292867,257039177.0
2020-08-25,2020-08-25,PHYTO,X,23.25,23.25,23.25,23.25,22.15,1,19,441.0
2020-08-25,2020-08-25,NATCOPHARM,A,852.0,856.75,834.0,841.45,850.05,794,13076,11014278.0
2020-08-25,2020-08-25,DYNAMIND,X,54.0,54.0,50.3,52.3,49.8,99,17558,913690.0
2020-08-25,2020-08-25,PANAMAPET,B,59.6,61.15,54.05,56.1,59.55,1427,93469,5296325.0
2020-08-25,2020-08-25,BALPHARMA,B,48.2,49.0,47.0,47.45,47.9,56,2583,122424.0
2020-08-25,2020-08-25,BDH,XT,90.5,90.5,85.1,86.45,87.05,103,15509,1357408.0
2020-08-25,2020-08-25,JAUSPOL,X,4.88,4.88,4.88,4.88,5.13,1,10,48.0
2020-08-25,2020-08-25,CUBEXTUB,B,11.85,12.9,11.45,11.81,12.05,12,331,3913.0
2020-08-25,2020-08-25,POLYCHMP,X,21.0,22.05,21.0,22.05,21.0,11,2133,46917.0
2020-08-25,2020-08-25,GALXBRG,XT,192.9,192.9,176.0,180.0,183.75,15,3889,685305.0
2020-08-25,2020-08-25,SCAGRO,XT,1.05,1.05,1.05,1.05,1.05,1,1,1.0
2020-08-25,2020-08-25,RALEGRA,X,8.09,8.09,8.09,8.09,7.71,1,1,8.0
2020-08-25,2020-08-25,SHERVANI,X,355.0,365.0,314.1,339.95,346.95,203,3331,1131692.0
2020-08-25,2020-08-25,SUPERTEX,X,1.72,1.72,1.72,1.72,1.81,3,604,1038.0
2020-08-25,2020-08-25,SHETR,X,19.45,19.45,18.2,18.2,18.8,5,208,3893.0
2020-08-25,2020-08-25,TRABI,XT,5.59,5.59,5.08,5.08,5.34,69,32488,167180.0
2020-08-25,2020-08-25,MPL,XT,3.82,4.01,3.64,4.0,3.82,6,1200,4607.0
2020-08-25,2020-08-25,NIKHILAD,X,189.1,189.1,187.15,189.1,171.95,170,7808,1476348.0
2020-08-25,2020-08-25,SPENTA,X,60.45,60.45,54.75,60.45,57.6,3,137,8275.0
2020-08-25,2020-08-25,MULTIBASE,X,188.1,197.8,174.4,182.8,194.45,322,26829,4984160.0
2020-08-25,2020-08-25,ANDREWYU,B,15.99,16.4,15.62,16.21,15.84,678,221534,3569888.0
2020-08-25,2020-08-25,LUDLOWJUT,X,91.95,91.95,89.0,89.95,91.05,373,28099,2534268.0
2020-08-25,2020-08-25,ROYALCU,XT,3.41,3.41,3.41,3.41,3.4,3,211,719.0
2020-08-25,2020-08-25,HITECHCORP,B,105.1,105.1,100.2,103.4,106.7,74,3250,333250.0
2020-08-25,2020-08-25,FILATEX,B,29.5,30.0,27.5,28.3,28.9,331,51296,1462913.0
2020-08-25,2020-08-25,STDSFAC,XT,18.05,18.05,18.05,18.05,17.7,11,4945,89257.0
2020-08-25,2020-08-25,MERCATOR,B,1.07,1.1,1.07,1.07,1.12,103,375522,404961.0
2020-08-25,2020-08-25,MORGAN,X,9.09,9.09,9.09,9.09,9.56,7,1650,14998.0
2020-08-25,2020-08-25,PREMEXPLN,B,149.4,149.4,140.1,143.4,142.3,201,8245,1202843.0
2020-08-25,2020-08-25,MOLDTECH,B,47.05,47.85,44.0,45.3,47.35,648,81975,3757509.0
2020-08-25,2020-08-25,MPHASIS,A,1215.0,1215.0,1175.65,1181.15,1198.05,609,3340,3964045.0
2020-08-25,2020-08-25,MEDINOV,XT,13.41,14.79,13.41,14.79,14.1,3,210,2829.0
2020-08-25,2020-08-25,DIVSHKT,X,40.55,45.8,40.5,44.95,42.0,40,3264,145228.0
2020-08-25,2020-08-25,SHREYASI,XT,2.77,2.77,2.77,2.77,2.91,1,100,277.0
2020-08-25,2020-08-25,DUROPACK,XT,12.5,12.5,12.5,12.5,12.45,1,1,12.0
2020-08-25,2020-08-25,SWARNSAR,X,7.39,7.47,7.02,7.21,7.12,13,18352,134134.0
2020-08-25,2020-08-25,GANESHHOU,B,28.7,29.3,28.6,28.6,30.1,127,8180,236857.0
2020-08-25,2020-08-25,NMDC,A,95.0,96.25,94.05,94.3,95.7,831,114601,10848076.0
2020-08-25,2020-08-25,CINDHO,X,13.2,13.2,13.2,13.2,13.2,1,200,2640.0
2020-08-25,2020-08-25,PATINTLOG,B,31.75,33.2,30.2,32.5,31.6,141,11618,367454.0
2020-08-25,2020-08-25,ALPHAGEO,B,182.9,183.3,176.35,178.8,180.35,333,6845,1228630.0
2020-08-25,2020-08-25,HAMPTON,X,14.01,14.01,14.01,14.01,13.35,10,2905,40699.0
2020-08-25,2020-08-25,KKALPANAIND,X,23.25,23.4,21.55,21.85,22.45,68,8781,193030.0
2020-08-25,2020-08-25,OKPLA,XT,19.95,19.95,19.95,19.95,19.0,15,3551,70842.0
2020-08-25,2020-08-25,KRITI,X,30.75,31.5,29.05,29.05,30.55,277,44943,1317289.0
2020-08-25,2020-08-25,ASMTEC,X,111.85,111.85,111.85,111.85,109.7,37,15488,1732332.0
2020-08-25,2020-08-25,VISIONCINE,X,0.67,0.67,0.61,0.61,0.64,18,8713,5562.0
2020-08-25,2020-08-25,WINSOMBR,XT,4.0,4.34,4.0,4.2,4.19,23,7371,30432.0
2020-08-25,2020-08-25,ELEFLOR,X,3.7,3.7,3.6,3.6,3.7,6,765,2755.0
2020-08-25,2020-08-25,SKYIND,X,22.0,23.8,22.0,23.7,22.7,16,4508,103456.0
2020-08-25,2020-08-25,PHOENXINTL,XT,14.7,14.71,13.31,13.76,14.01,22,7708,109469.0
2020-08-25,2020-08-25,PRATIK,X,1.25,1.25,1.25,1.25,1.2,1,500,625.0
2020-08-25,2020-08-25,RISHIROOP,X,34.95,39.0,34.95,36.7,34.85,134,25454,933590.0
2020-08-25,2020-08-25,DOLPHMED,XT,1.58,1.58,1.52,1.58,1.6,22,1940,3009.0
2020-08-25,2020-08-25,SYSTMTXC,X,37.0,37.0,37.0,37.0,37.0,1,1,37.0
2020-08-25,2020-08-25,ALPINEHOU,X,10.9,11.9,10.07,11.11,10.96,33,14899,162839.0
2020-08-25,2020-08-25,SANGHIIND,B,27.25,28.6,27.25,27.45,27.25,226,40826,1133159.0
2020-08-25,2020-08-25,WWALUM,XT,9.5,9.97,9.03,9.03,9.5,17,3103,29482.0
2020-08-25,2020-08-25,SGLRES,X,19.3,19.4,18.5,19.0,19.25,38,8112,154840.0
2020-08-25,2020-08-25,CHOKSILA,X,10.99,11.2,10.13,10.5,10.91,18,2480,27290.0
2020-08-25,2020-08-25,CCHHL,B,3.4,3.41,3.3,3.37,3.25,56,42221,142598.0
2020-08-25,2020-08-25,LONTE,XT,7.14,7.14,7.14,7.14,6.8,1,400,2856.0
2020-08-25,2020-08-25,ENTRINT,X,4.47,4.47,4.47,4.47,4.7,2,200,894.0
2020-08-25,2020-08-25,TECHIN,B,3.4,3.4,3.25,3.25,3.39,8,1415,4639.0
2020-08-25,2020-08-25,TPLPLASTEH,B,130.75,143.0,128.4,140.9,132.15,711,10402,1418626.0
2020-08-25,2020-08-25,WIMPLAST,X,430.0,430.0,401.15,406.2,431.45,333,10298,4216709.0
2020-08-25,2020-08-25,LIBERTSHOE,B,146.5,147.75,143.95,144.15,145.55,287,6475,941735.0
2020-08-25,2020-08-25,LIPPISYS,XT,6.81,6.81,6.81,6.81,6.49,1,1,6.0
2020-08-25,2020-08-25,ELECTHERM,B,118.3,118.3,115.5,115.55,117.15,88,1808,209966.0
2020-08-25,2020-08-25,BLUEDART,A,2116.0,2116.0,2016.0,2032.05,2066.5,387,1785,3654168.0
2020-08-25,2020-08-25,NATPLAS,X,20.5,21.85,20.3,21.4,21.4,73,15568,330261.0
2020-08-25,2020-08-25,MFLINDIA,X,0.19,0.2,0.19,0.2,0.19,29,56044,10676.0
2020-08-25,2020-08-25,AJWAFUN,P,6.93,6.95,6.93,6.93,7.07,5,1700,11783.0
2020-08-25,2020-08-25,RAYALEMA,XT,11.5,12.37,11.38,12.14,11.97,35,4248,49140.0
2020-08-25,2020-08-25,MIRZAINT,B,55.85,55.85,53.85,54.1,55.85,589,74724,4094325.0
2020-08-25,2020-08-25,TFCILTD,B,43.45,43.45,40.3,40.55,40.95,290,45041,1834841.0
2020-08-25,2020-08-25,THAKDEV,X,45.6,45.6,45.6,45.6,48.0,2,202,9211.0
2020-08-25,2020-08-25,ARENTERP,B,11.77,11.77,10.5,11.35,10.7,4,1501,16489.0
2020-08-25,2020-08-25,BIL,B,200.1,200.1,191.0,193.65,190.6,81,742,144476.0
2020-08-25,2020-08-25,KAMATHOTEL,B,35.3,35.3,33.8,34.1,35.1,101,8227,282894.0
2020-08-25,2020-08-25,FENOPLASLTD,XT,16.75,17.5,16.75,17.5,16.7,6,6400,111700.0
2020-08-25,2020-08-25,ECOPLAST,X,93.0,93.0,90.5,92.95,90.25,8,307,28343.0
2020-08-25,2020-08-25,ELEMARB,X,70.45,70.45,67.05,67.05,70.55,4,203,13614.0
2020-08-25,2020-08-25,ALCHEMISTLT,B,6.67,6.67,6.66,6.67,6.36,42,22414,149500.0
2020-08-25,2020-08-25,HPBL,Z,5.3,5.3,5.27,5.27,5.54,2,254,1342.0
2020-08-25,2020-08-25,NICCOPAR,XT,28.5,30.0,28.5,28.75,30.0,12,516,15086.0
2020-08-25,2020-08-25,NTCIND,X,29.5,33.95,28.25,29.0,29.3,323,50321,1508225.0
2020-08-25,2020-08-25,SANDESH,B,522.0,522.0,515.25,516.15,516.0,56,876,452823.0
2020-08-25,2020-08-25,GARNET,X,9.41,9.5,8.49,8.94,9.3,50,8295,73294.0
2020-08-25,2020-08-25,GOLDIAM,B,120.55,120.75,114.0,116.95,119.1,192,4825,564173.0
2020-08-25,2020-08-25,BRIGHTBR,X,62.2,65.0,62.15,62.55,64.25,10,751,48162.0
2020-08-25,2020-08-25,CORPOCO,X,2.52,2.52,2.52,2.52,2.57,15,2831,7134.0
2020-08-25,2020-08-25,SHAWGELTIN,X,190.0,193.1,184.0,187.95,189.75,102,7404,1394334.0
2020-08-25,2020-08-25,PGFOILQ,X,85.0,89.6,75.0,76.15,83.55,120,8300,661909.0
2020-08-25,2020-08-25,VELHO,XT,3.01,3.16,2.86,3.09,3.01,11,2548,7540.0
2020-08-25,2020-08-25,HOWARHO,X,5.19,5.19,5.19,5.19,4.95,2,2748,14262.0
2020-08-25,2020-08-25,VALIANT,X,35.0,35.9,33.55,33.75,34.3,17,1140,38608.0
2020-08-25,2020-08-25,DRAGARWQ,X,245.0,263.7,245.0,262.0,263.7,35,463,117692.0
2020-08-25,2020-08-25,GREENPLY,B,97.7,97.7,93.4,94.2,95.8,663,43703,4133492.0
2020-08-25,2020-08-25,PSLLTD,T,0.89,0.89,0.89,0.89,0.85,7,11883,10575.0
2020-08-25,2020-08-25,SEAMECLTD,B,407.55,407.55,405.55,407.0,410.4,8,361,146931.0
2020-08-25,2020-08-25,CHEVIOT,X,664.0,664.0,628.05,631.9,646.1,175,4889,3133313.0
2020-08-25,2020-08-25,DAICHI,X,287.5,294.8,278.0,285.25,287.25,50,1783,511121.0
2020-08-25,2020-08-25,RAJINFRA,X,6.86,6.86,6.86,6.86,7.22,2,100,686.0
2020-08-25,2020-08-25,SPICEISLIN,X,5.85,5.85,5.85,5.85,6.15,5,975,5703.0
2020-08-25,2020-08-25,CONFIPET,B,20.8,20.8,20.25,20.7,20.25,132,19259,394473.0
2020-08-25,2020-08-25,SIPL,X,12.4,13.65,12.4,13.65,13.02,4,58,725.0
2020-08-25,2020-08-25,ASHSI,X,8.5,8.5,8.5,8.5,8.5,2,154,1309.0
2020-08-25,2020-08-25,BANARBEADS,B,57.6,57.6,52.0,53.7,57.55,176,11118,602587.0
2020-08-25,2020-08-25,AREXMIS,X,92.0,94.7,90.0,94.7,90.2,20,4134,390490.0
2020-08-25,2020-08-25,BI,XT,53.9,54.0,50.45,51.15,53.1,387,43891,2255599.0
2020-08-25,2020-08-25,RISHILASE,X,8.55,8.55,8.08,8.08,8.5,5,625,5107.0
2020-08-25,2020-08-25,63MOONS,B,82.85,83.05,80.5,81.2,82.35,126,4736,385595.0
2020-08-25,2020-08-25,SARLAPOLY,B,20.35,20.35,18.45,19.0,19.3,91,19740,385354.0
2020-08-25,2020-08-25,HFIL,X,7.65,7.94,7.5,7.73,7.74,213,55180,426079.0
2020-08-25,2020-08-25,PADMAIND,X,7.05,7.05,7.05,7.05,7.05,2,714,5033.0
2020-08-25,2020-08-25,21STCENMGM,B,10.6,10.6,10.6,10.6,10.6,1,550,5830.0
2020-08-25,2020-08-25,HRYNSHP,X,29.95,31.95,29.8,31.35,29.15,54,6053,184688.0
2020-08-25,2020-08-25,TYROON,X,26.95,26.95,26.95,26.95,25.7,2,51,1374.0
2020-08-25,2020-08-25,LAOPALA,A,205.85,235.15,202.8,229.6,203.5,3767,86914,19395346.0
2020-08-25,2020-08-25,STYLAMIND,XT,525.0,525.0,493.65,508.3,519.6,98,3996,2021944.0
2020-08-25,2020-08-25,VENUSREM,T,103.8,103.8,103.8,103.8,109.25,26,628,65186.0
2020-08-25,2020-08-25,UDL,XT,5.01,5.01,5.01,5.01,4.78,41,18767,94022.0
2020-08-25,2020-08-25,GUJCRAFT,XT,25.8,26.6,24.55,24.6,25.8,4,154,3971.0
2020-08-25,2020-08-25,DHOOTIN,X,29.95,30.05,27.5,29.45,28.65,31,2278,65385.0
2020-08-25,2020-08-25,SHBAJRG,X,52.15,53.0,52.15,52.15,53.2,22,3085,160885.0
2020-08-25,2020-08-25,ASHOKRE,P,6.24,6.24,6.24,6.24,6.56,2,700,4368.0
2020-08-25,2020-08-25,URJA,B,3.18,3.18,2.96,2.98,3.07,2183,1313391,3958926.0
2020-08-25,2020-08-25,ASHAPURMIN,B,58.15,58.15,58.15,58.15,55.4,32,8757,509219.0
2020-08-25,2020-08-25,GUJALKALI,A,350.9,354.0,335.5,337.85,347.6,878,16556,5679944.0
2020-08-25,2020-08-25,INDIACEM,A,121.0,121.4,117.7,118.1,120.0,2141,816858,97041873.0
2020-08-25,2020-08-25,JKTYRE,A,60.25,60.7,59.25,60.05,60.05,690,87410,5244042.0
2020-08-25,2020-08-25,MANGCHEFER,B,34.2,35.25,34.2,34.65,34.6,588,54706,1902065.0
2020-08-25,2020-08-25,SIL,T,9.79,9.79,9.77,9.77,9.84,5,568,5554.0
2020-08-25,2020-08-25,JUBLPHARMA,A,857.0,864.5,826.55,831.95,849.4,3116,60751,51067878.0
2020-08-25,2020-08-25,THEINVEST,B,139.3,141.0,134.0,139.05,135.5,32,1458,197626.0
2020-08-25,2020-08-25,SAMYAKINT,XT,6.72,6.72,6.72,6.72,7.07,5,105,705.0
2020-08-25,2020-08-25,ACKNIT,X,72.0,72.0,65.5,68.85,68.95,7,255,17388.0
2020-08-25,2020-08-25,TITANSEC,X,8.39,8.55,8.23,8.23,8.39,65,37211,308996.0
2020-08-25,2020-08-25,MOHOTAIND,B,9.88,10.1,9.88,10.1,10.12,2,11,108.0
2020-08-25,2020-08-25,YASHRAJC,X,2.75,2.75,2.7,2.7,2.62,4,1300,3525.0
2020-08-25,2020-08-25,LORDSHOTL,XT,6.75,6.75,6.5,6.65,6.5,8,26,172.0
2020-08-25,2020-08-25,CSLFINANCE,X,180.0,185.5,176.3,184.75,176.5,37,2627,479541.0
2020-08-25,2020-08-25,SANGHVIMOV,B,80.45,83.5,79.95,83.4,82.35,317,14300,1166933.0
2020-08-25,2020-08-25,ANTELOPUS,B,118.35,138.55,113.95,135.55,116.2,2483,86957,11408100.0
2020-08-25,2020-08-25,PURETROP,X,78.7,78.7,68.25,70.0,76.6,628,71138,5068105.0
2020-08-25,2020-08-25,FAZE3Q,X,43.7,43.7,41.1,42.1,42.5,60,13363,568829.0
2020-08-25,2020-08-25,ANUPAM,X,9.93,10.92,9.55,10.0,9.93,95,63553,664789.0
2020-08-25,2020-08-25,RAJPACK,X,20.9,20.9,20.9,20.9,22.0,1,10,209.0
2020-08-25,2020-08-25,PRIVISCL,T,570.0,570.0,552.0,560.4,562.2,105,4919,2780245.0
2020-08-25,2020-08-25,NATRAJPR,XT,20.2,20.2,19.2,19.3,20.2,9,354,6849.0
2020-08-25,2020-08-25,SAMRATPH,X,113.95,132.9,111.0,132.1,110.75,1070,140011,18125676.0
2020-08-25,2020-08-25,NPRFIN,X,11.7,12.59,11.7,12.59,12.3,27,3593,43364.0
2020-08-25,2020-08-25,NILE,X,309.8,309.95,288.0,304.3,306.85,123,2681,818629.0
2020-08-25,2020-08-25,UDAICEMENT,X,13.0,13.2,12.5,12.83,13.0,448,261567,3355021.0
2020-08-25,2020-08-25,AMCOIND,X,17.3,17.3,17.3,17.3,16.5,3,400,6920.0
2020-08-25,2020-08-25,OPTIEMUS,B,45.45,45.45,45.45,45.45,43.3,5,241,10953.0
2020-08-25,2020-08-25,KISAN,X,10.43,10.45,9.51,9.9,9.97,123,34352,344564.0
2020-08-25,2020-08-25,VIJAYTX,XT,46.0,47.3,44.9,46.9,45.15,82,10744,495072.0
2020-08-25,2020-08-25,KERALAYUR,X,73.65,73.65,61.7,62.5,63.05,136,25346,1591006.0
2020-08-25,2020-08-25,MOHITPPR,X,8.36,8.36,8.0,8.0,7.98,5,1214,10076.0
2020-08-25,2020-08-25,ODYSSEY,X,28.4,28.4,25.5,25.9,26.45,25,6172,159357.0
2020-08-25,2020-08-25,SURATRAML,X,2.62,2.68,2.56,2.6,2.65,375,254942,665752.0
2020-08-25,2020-08-25,ATHARVENT,XT,0.77,0.77,0.73,0.73,0.74,7,4734,3587.0
2020-08-25,2020-08-25,CHROMATICIN,T,1.06,1.06,1.0,1.05,1.02,24,104720,110759.0
2020-08-25,2020-08-25,FUNDVISER,XT,7.1,7.45,7.1,7.44,7.45,2,51,379.0
2020-08-25,2020-08-25,THEMISMED,B,396.35,409.0,388.1,395.85,391.5,86,4365,1745897.0
2020-08-25,2020-08-25,KALLAM,X,5.93,5.93,5.93,5.93,5.65,11,4866,28855.0
2020-08-25,2020-08-25,BRAWN,XT,27.0,27.0,25.9,25.9,27.25,9,1270,33396.0
2020-08-25,2020-08-25,FORINTL,XT,9.0,9.0,9.0,9.0,9.0,1,10,90.0
2020-08-25,2020-08-25,KINGSINFR,X,26.0,26.0,24.35,25.45,25.5,54,11948,294906.0
2020-08-25,2020-08-25,AUROLAB,X,59.95,59.95,55.15,56.4,57.45,145,15167,865982.0
2020-08-25,2020-08-25,SUVEN,B,56.0,56.0,51.35,52.55,54.5,946,105077,5590033.0
2020-08-25,2020-08-25,ARYAMAN,X,47.0,48.0,47.0,48.0,47.75,25,107760,5066566.0
2020-08-25,2020-08-25,INTSTOIL,X,7.69,7.69,7.69,7.69,7.69,2,20,153.0
2020-08-25,2020-08-25,SAINIK,X,15.8,15.9,15.8,15.9,15.45,2,2,31.0
2020-08-25,2020-08-25,RICHUNV,X,5.3,5.3,5.3,5.3,5.05,10,3428,18168.0
2020-08-25,2020-08-25,KOTHARIPRO,B,67.35,67.35,65.5,65.85,66.1,115,2953,196611.0
2020-08-25,2020-08-25,PICCADIL,X,9.59,9.59,9.17,9.21,9.3,87,78883,733988.0
2020-08-25,2020-08-25,CLSEL,X,100.7,100.7,98.9,99.4,99.2,450,53544,5333321.0
2020-08-25,2020-08-25,CHANDRAP,X,16.0,16.0,15.9,16.0,16.65,7,2148,34328.0
2020-08-25,2020-08-25,KIMIABL,X,45.2,45.2,40.95,44.0,43.05,147,14856,655572.0
2020-08-25,2020-08-25,HINDTIN,X,45.15,45.5,44.15,44.5,44.45,90,8967,400681.0
2020-08-25,2020-08-25,GODAVARI,X,39.4,40.8,39.2,39.8,38.9,216,44004,1765561.0
2020-08-25,2020-08-25,PREMCO,X,86.0,86.0,85.45,85.45,89.9,41,2204,188785.0
2020-08-25,2020-08-25,MUKESHB,X,141.0,149.0,140.4,147.85,147.75,9,54,7598.0
2020-08-25,2020-08-25,GENUSPOWER,B,26.25,26.45,25.2,25.95,25.75,141,34038,877507.0
2020-08-25,2020-08-25,ASIANENE,X,105.1,110.8,105.0,109.25,105.05,443,68936,7470989.0
2020-08-25,2020-08-25,UGARSUGAR,B,16.75,17.0,15.73,16.42,16.53,520,107573,1762715.0
2020-08-25,2020-08-25,ORIENTBELL,B,100.0,100.9,95.05,97.5,98.0,479,52238,5098191.0
2020-08-25,2020-08-25,NRBBEARING,B,89.0,89.0,84.4,86.3,88.2,710,38170,3303312.0
2020-08-25,2020-08-25,VAMSHIRU,X,17.25,17.95,16.45,17.95,18.0,8,905,15524.0
2020-08-25,2020-08-25,NILAINFRA,B,5.16,5.26,5.0,5.08,5.07,84,104861,537773.0
2020-08-25,2020-08-25,VINYOFL,XT,20.9,20.9,19.9,19.9,20.9,3,130,2588.0
2020-08-25,2020-08-25,VALLABHPOLY,XT,5.52,5.52,5.52,5.52,5.81,1,3,16.0
2020-08-25,2020-08-25,JINDCAP,X,4.75,4.75,4.75,4.75,4.75,1,1,4.0
2020-08-25,2020-08-25,SUMEDHA,X,23.0,24.95,20.7,22.1,22.9,139,52558,1178903.0
2020-08-25,2020-08-25,ASHISHPO,X,3.9,3.9,3.9,3.9,3.9,2,890,3471.0
2020-08-25,2020-08-25,ADORFO,X,34.55,40.6,34.55,40.05,35.55,354,99425,3891317.0
2020-08-25,2020-08-25,SHIVAAGRO,X,44.35,46.4,38.6,41.25,45.1,344,46747,1979025.0
2020-08-25,2020-08-25,SIDDHA,X,2.25,2.25,2.25,2.25,2.29,5,720,1620.0
2020-08-25,2020-08-25,SUMERUIND,XT,0.6,0.6,0.6,0.6,0.6,2,150,90.0
2020-08-25,2020-08-25,VALSONQ,X,18.25,18.25,16.85,16.85,17.0,24,2766,47288.0
2020-08-25,2020-08-25,SABOOSOD,X,4.61,4.79,4.61,4.79,4.85,15,7375,34095.0
2020-08-25,2020-08-25,GSLSEC,X,3.5,3.5,3.5,3.5,3.5,3,275,962.0
2020-08-25,2020-08-25,TINNARUBR,XT,16.9,16.9,16.05,16.4,16.1,12,4315,72543.0
2020-08-25,2020-08-25,VIKRAMTH,X,195.0,197.0,174.15,183.5,192.7,749,52788,9668112.0
2020-08-25,2020-08-25,AKCAPIT,X,272.0,272.0,257.0,262.0,260.05,39,6048,1575491.0
2020-08-25,2020-08-25,RELAXO,A,638.0,645.0,634.1,639.7,637.4,585,6114,3908636.0
2020-08-25,2020-08-25,VIRAT,X,32.35,32.35,29.8,32.2,30.95,16,2472,75177.0
2020-08-25,2020-08-25,TERAI,X,41.6,41.6,39.55,41.55,41.6,6,214,8500.0
2020-08-25,2020-08-25,MARGLTD,Z,7.36,7.36,7.0,7.35,7.36,22,6934,48723.0
2020-08-25,2020-08-25,COSCO,X,90.05,95.95,90.05,90.8,91.15,12,891,82647.0
2020-08-25,2020-08-25,SHILPAMED,A,600.0,600.0,578.55,581.95,596.15,1464,16145,9489530.0
2020-08-25,2020-08-25,PARACABLES,B,9.11,9.21,8.76,8.92,8.83,88,46008,409753.0
2020-08-25,2020-08-25,NCLRESE,X,0.31,0.31,0.31,0.31,0.32,6,20250,6277.0
2020-08-25,2020-08-25,UYFINCORP,X,2.45,2.58,2.41,2.41,2.46,13,7394,18627.0
2020-08-25,2020-08-25,EKAMLEA,X,3.6,3.6,3.6,3.6,3.6,1,400,1440.0
2020-08-25,2020-08-25,SWASTIKA,X,77.4,77.4,71.0,71.0,75.0,29,1466,104663.0
2020-08-25,2020-08-25,PRIMAPLA,X,59.5,59.5,53.0,56.05,59.5,288,50059,2824162.0
2020-08-25,2020-08-25,CARNATIN,XT,4.79,4.81,4.79,4.81,5.03,3,2266,10896.0
2020-08-25,2020-08-25,GARGFUR,XT,12.95,13.0,12.25,12.55,12.85,7,1400,17595.0
2020-08-25,2020-08-25,SAMPRE,XT,14.3,15.0,13.6,13.6,14.3,11,2424,33035.0
2020-08-25,2020-08-25,AAIL,X,17.0,17.9,16.75,17.9,16.5,11,704,12358.0
2020-08-25,2020-08-25,VIPULORG,X,121.3,128.8,121.2,125.0,125.25,37,2955,369489.0
2020-08-25,2020-08-25,ECORECO,X,59.55,59.55,56.2,59.55,56.75,86,18076,1065902.0
2020-08-25,2020-08-25,GOODLUCK,B,42.05,43.85,42.05,42.25,42.8,110,6968,298700.0
2020-08-25,2020-08-25,GOYALASS,X,0.88,0.88,0.81,0.81,0.8,19,287100,232558.0
2020-08-25,2020-08-25,ZENITHHE,XT,2.25,2.35,2.14,2.31,2.25,215,215412,483600.0
2020-08-25,2020-08-25,SUPREME,X,20.18,20.22,18.38,19.57,19.26,32,82556,1544498.0
2020-08-25,2020-08-25,LYKISLTD,XT,23.7,23.9,23.7,23.9,22.8,40,39819,951650.0
2020-08-25,2020-08-25,PRIMEPRO,X,9.0,9.19,8.77,8.79,9.18,32,4471,40488.0
2020-08-25,2020-08-25,ZENLABS,X,24.5,26.0,24.5,26.0,25.65,15,3432,86890.0
2020-08-25,2020-08-25,GOWRALE,XT,16.15,16.65,16.15,16.65,16.15,2,11,182.0
2020-08-25,2020-08-25,JAGANLAM,X,16.81,19.35,16.81,18.05,18.62,26,3004,55229.0
2020-08-25,2020-08-25,ALPSINDUS,B,1.25,1.25,1.25,1.25,1.24,4,2000,2500.0
2020-08-25,2020-08-25,ENCODE,X,19.4,19.4,19.4,19.4,19.4,2,2,38.0
2020-08-25,2020-08-25,SUPERBAK,X,6.6,6.6,6.6,6.6,6.29,3,1200,7920.0
2020-08-25,2020-08-25,OVOBELE,P,23.9,24.0,23.9,24.0,24.0,2,600,14380.0
2020-08-25,2020-08-25,STERTOOLS,B,197.65,198.0,190.3,195.05,196.45,53,2512,489720.0
2020-08-25,2020-08-25,KLGCAP,X,11.5,11.5,10.46,10.46,11.01,3,21,220.0
2020-08-25,2020-08-25,DYNAMICP,X,2.55,2.55,2.55,2.55,2.45,1,100,255.0
2020-08-25,2020-08-25,CEEJAY,X,109.0,110.0,106.0,109.0,108.95,45,4111,447013.0
2020-08-25,2020-08-25,SHGANEL,XT,20.2,20.2,20.2,20.2,20.2,2,20,404.0
2020-08-25,2020-08-25,BHAGERIA,B,144.0,150.0,141.15,142.4,143.9,302,11284,1625165.0
2020-08-25,2020-08-25,KRBL,A,292.6,293.85,287.4,288.35,290.1,719,17740,5146476.0
2020-08-25,2020-08-25,REFNOLRESIN,X,31.7,31.7,28.95,29.0,30.45,27,3297,97656.0
2020-08-25,2020-08-25,SSPDL,X,13.74,13.74,12.75,12.77,13.09,11,465,6077.0
2020-08-25,2020-08-25,DAIKAFFI,X,39.7,39.9,37.0,37.4,39.7,95,8890,338903.0
2020-08-25,2020-08-25,CILSEC,X,10.0,10.46,9.51,9.54,9.97,7,320,3236.0
2020-08-25,2020-08-25,CLIOINFO,X,0.89,0.89,0.89,0.89,0.93,12,7259,6460.0
2020-08-25,2020-08-25,CUPID,B,288.9,294.4,281.2,286.5,278.95,983,32734,9442386.0
2020-08-25,2020-08-25,SUNSHIEL,XT,161.35,161.35,155.0,158.4,153.7,94,6606,1059317.0
2020-08-25,2020-08-25,HIPOLIN,XT,35.2,35.2,34.5,34.5,36.25,3,140,4858.0
2020-08-25,2020-08-25,COSBOARDIND,XT,3.7,3.74,3.7,3.74,3.57,5,1640,6125.0
2020-08-25,2020-08-25,CHEMBOND,B,170.0,173.05,162.65,163.9,170.9,451,7673,1280543.0
2020-08-25,2020-08-25,CIFL,X,103.9,103.9,95.5,103.0,99.0,14,778,79992.0
2020-08-25,2020-08-25,SUCROSA,X,10.39,10.39,9.1,9.25,9.64,319,153699,1436708.0
2020-08-25,2020-08-25,AUDROC,XT,0.22,0.22,0.21,0.21,0.22,42,81143,17086.0
2020-08-25,2020-08-25,NGIND,X,51.5,51.5,45.1,48.0,48.45,23,1330,62141.0
2020-08-25,2020-08-25,ASIAPAK,X,16.1,16.85,16.05,16.85,16.05,11,1421,22988.0
2020-08-25,2020-08-25,JRFOODS,XT,4.0,4.05,4.0,4.0,4.0,4,651,2611.0
2020-08-25,2020-08-25,REMSONSIND,B,96.5,114.0,94.0,114.0,95.0,270,12031,1324387.0
2020-08-25,2020-08-25,STANPACK,X,2.97,2.97,2.97,2.97,3.12,3,1376,4086.0
2020-08-25,2020-08-25,AQYLON,T,1.45,1.45,1.36,1.36,1.43,6,3125,4261.0
2020-08-25,2020-08-25,RAMINFO,X,13.79,13.79,13.79,13.79,13.99,2,500,6895.0
2020-08-25,2020-08-25,SUNILAGR,X,48.8,48.85,46.55,48.85,46.55,18,2225,108429.0
2020-08-25,2020-08-25,DIANATEA,X,11.02,12.1,11.02,11.38,11.76,109,17359,202117.0
2020-08-25,2020-08-25,VIKASECO,T,10.95,10.95,10.5,10.95,10.43,1238,853363,9321755.0
2020-08-25,2020-08-25,IOC,A,88.4,89.0,87.4,88.3,88.4,6161,1747522,154092695.0
2020-08-25,2020-08-25,ALFAICA,XT,21.35,21.35,21.35,21.35,20.35,1,1,21.0
2020-08-25,2020-08-25,SKCIL,X,29.05,29.05,29.05,29.05,27.7,23,5645,163987.0
2020-08-25,2020-08-25,INDIAHOME,X,50.0,52.8,45.0,45.3,45.65,289,20114,939656.0
2020-08-25,2020-08-25,ROOPAIND,X,9.21,9.41,9.21,9.21,8.97,9,1489,13805.0
2020-08-25,2020-08-25,SARTHAKGL,XT,4.75,4.75,4.75,4.75,4.7,1,1,4.0
2020-08-25,2020-08-25,UNIQUEO,XT,7.49,7.49,7.49,7.49,7.35,1,120,898.0
2020-08-25,2020-08-25,BALAMINES,B,956.0,969.95,907.75,914.35,923.65,2084,34175,31950557.0
2020-08-25,2020-08-25,COMPEAU,X,118.0,119.85,115.0,119.85,119.55,8,254,29946.0
2020-08-25,2020-08-25,ZDHJERK,XT,6.46,6.46,6.46,6.46,6.79,5,1200,7752.0
2020-08-25,2020-08-25,CONTILI,X,6.68,6.68,6.68,6.68,6.37,1,100,668.0
2020-08-25,2020-08-25,VIJSOLX,XT,320.0,330.0,310.0,310.0,322.4,41,713,229037.0
2020-08-25,2020-08-25,ALANKIT,B,19.4,19.4,18.05,18.35,18.65,61,11387,209203.0
2020-08-25,2020-08-25,NIHARINF,X,3.91,3.91,3.55,3.6,3.73,9,926,3296.0
2020-08-25,2020-08-25,TULIPSTARH,XT,30.0,30.0,30.0,30.0,28.6,1,13,390.0
2020-08-25,2020-08-25,UNITDCR,X,10.44,10.99,10.44,10.86,10.98,8,1370,14946.0
2020-08-25,2020-08-25,OMINFRAL,B,16.79,17.56,16.79,17.35,16.73,104,51951,907700.0
2020-08-25,2020-08-25,CENTUPLE,XT,2.35,2.45,2.34,2.34,2.35,8,64,155.0
2020-08-25,2020-08-25,ISHANCH,X,44.15,45.75,43.0,43.45,44.15,43,6095,268330.0
2020-08-25,2020-08-25,GOTHIPL,P,12.35,12.35,12.35,12.35,12.99,1,100,1235.0
2020-08-25,2020-08-25,BALUFORGE,XT,83.2,83.2,83.2,83.2,79.25,11,280,23296.0
2020-08-25,2020-08-25,PATELENG,B,14.5,14.9,14.28,14.54,14.32,224,43937,638033.0
2020-08-25,2020-08-25,KATIPATANG,X,1.78,1.78,1.78,1.78,1.75,1,1,1.0
2020-08-25,2020-08-25,INANI,X,10.05,10.55,9.61,10.0,10.05,19,3279,32008.0
2020-08-25,2020-08-25,GEMSI,X,0.78,0.78,0.78,0.78,0.75,2,81,63.0
2020-08-25,2020-08-25,MEDICAMEQ,X,431.05,437.9,391.35,427.45,434.8,685,29687,12238561.0
2020-08-25,2020-08-25,ALICON,B,340.05,354.95,334.1,335.0,338.5,87,1659,560623.0
2020-08-25,2020-08-25,EPSOMPRO,X,6.28,6.28,5.7,6.28,5.99,8,2430,15060.0
2020-08-25,2020-08-25,ORGCOAT,X,4.72,4.72,4.72,4.72,4.5,1,2000,9440.0
2020-08-25,2020-08-25,CATVISION,X,5.06,5.32,5.06,5.2,5.32,11,859,4442.0
2020-08-25,2020-08-25,ABMKNO,X,91.2,92.1,88.0,92.1,83.75,501,80841,7396182.0
2020-08-25,2020-08-25,EMAMILTD,A,357.8,361.75,354.0,356.45,358.4,2926,31437,11266219.0
2020-08-25,2020-08-25,KEMISTAR,X,41.75,41.75,41.75,41.75,42.0,2,425,17743.0
2020-08-25,2020-08-25,SKPSEC,X,41.0,41.0,41.0,41.0,41.0,1,212,8692.0
2020-08-25,2020-08-25,PRANAVSPIN,X,9.19,10.15,9.19,10.09,9.67,13,1652,16072.0
2020-08-25,2020-08-25,SYSCHEM,XT,5.73,5.99,5.71,5.78,6.0,30,9988,57970.0
2020-08-25,2020-08-25,ARMANFIN,B,495.25,540.45,492.45,529.5,491.35,279,4819,2508041.0
2020-08-25,2020-08-25,MIDINFRA,XT,1.11,1.11,1.06,1.06,1.11,8,4835,5125.0
2020-08-25,2020-08-25,DHANADACO,XT,2.45,2.49,2.45,2.49,2.45,3,102,253.0
2020-08-25,2020-08-25,SHILCTECH,X,149.0,150.25,140.55,142.55,143.1,28,6770,1015099.0
2020-08-25,2020-08-25,NUCLEUS,B,444.1,486.65,442.8,486.65,442.45,3328,50883,23988426.0
2020-08-25,2020-08-25,COLINZ,XT,9.1,9.1,9.1,9.1,9.55,8,575,5232.0
2020-08-25,2020-08-25,WELLNESS,P,5.7,5.7,5.7,5.7,6.0,1,100,570.0
2020-08-25,2020-08-25,NLFL,X,20.66,20.66,20.66,20.66,19.68,4,2773,57290.0
2020-08-25,2020-08-25,MANAPPURAM,A,162.0,163.5,158.2,159.0,161.2,6128,816917,130557641.0
2020-08-25,2020-08-25,RTSPOWR,X,34.2,36.6,31.8,34.25,33.35,91,16627,579241.0
2020-08-25,2020-08-25,COMFINTE,X,4.01,4.25,4.01,4.25,4.2,11,2322,9601.0
2020-08-25,2020-08-25,ANJANI,X,12.25,12.86,11.64,12.05,12.25,27,6286,76653.0
2020-08-25,2020-08-25,XTGLOBAL,X,19.95,20.0,19.05,19.1,20.0,93,19631,383244.0
2020-08-25,2020-08-25,RASIELEC,X,3.05,3.05,2.71,2.82,2.86,29,14925,42605.0
2020-08-25,2020-08-25,SCOOBEEDAY,XT,76.0,80.0,76.0,79.15,78.55,10,765,60735.0
2020-08-25,2020-08-25,DHRUVCA,X,5.13,5.13,5.13,5.13,5.4,1,100,513.0
2020-08-25,2020-08-25,LINC,B,187.7,191.5,182.8,187.15,185.0,84,1945,366206.0
2020-08-25,2020-08-25,PRIMAIN,XT,9.95,9.97,9.9,9.97,9.5,14,2741,27288.0
2020-08-25,2020-08-25,INDGELA,X,110.95,110.95,94.55,100.7,105.3,346,53460,5333871.0
2020-08-25,2020-08-25,OPTIFIN,X,26.25,26.25,26.25,26.25,25.0,2,250,6562.0
2020-08-25,2020-08-25,PARAGONF,X,13.95,13.95,13.95,13.95,13.95,5,302,4212.0
2020-08-25,2020-08-25,VELLORA,X,5.17,5.17,5.17,5.17,4.93,1,1,5.0
2020-08-25,2020-08-25,ESHAMEDIA,XT,4.2,4.2,4.2,4.2,4.0,1,1,4.0
2020-08-25,2020-08-25,VSTTILLERS,B,1724.95,1725.85,1642.4,1683.4,1711.3,352,1322,2221493.0
2020-08-25,2020-08-25,B2BSOFT,XT,7.99,7.99,7.37,7.95,7.75,7,3769,28111.0
2020-08-25,2020-08-25,NIKKIGL,X,5.15,5.15,5.15,5.15,5.15,1,10,51.0
2020-08-25,2020-08-25,RADHEDE,X,9.21,10.1,9.2,9.69,9.44,13,2108,19803.0
2020-08-25,2020-08-25,ELIXIR,X,29.15,29.15,26.8,27.65,28.0,22,2327,64810.0
2020-08-25,2020-08-25,PANKAJPO,X,3.6,3.6,3.3,3.49,3.46,14,11354,37786.0
2020-08-25,2020-08-25,MARBLE,X,2.36,2.36,2.25,2.25,2.25,7,3159,7290.0
2020-08-25,2020-08-25,NATPLASTI,X,33.5,33.5,33.5,33.5,34.0,1,100,3350.0
2020-08-25,2020-08-25,NATFIT,X,32.1,32.1,29.15,30.05,31.75,58,15123,455628.0
2020-08-25,2020-08-25,ARTEFACT,X,27.05,28.95,27.0,27.25,28.45,42,2659,73536.0
2020-08-25,2020-08-25,AMITINT,Z,3.0,3.0,2.95,2.95,2.9,3,35,103.0
2020-08-25,2020-08-25,DHPIND,X,357.1,370.0,355.0,357.35,355.55,67,1806,652269.0
2020-08-25,2020-08-25,RRIL,X,1.83,1.83,1.83,1.83,1.75,8,4457,8156.0
2020-08-25,2020-08-25,AVAILFC,X,8.73,8.73,7.93,7.93,8.33,2,110,880.0
2020-08-25,2020-08-25,HAVISHA,T,0.65,0.65,0.65,0.65,0.68,1,7100,4615.0
2020-08-25,2020-08-25,ROSELABS,X,10.12,10.12,10.12,10.12,10.65,1,10,101.0
2020-08-25,2020-08-25,KRETTOSYS,X,3.17,3.17,3.17,3.17,3.02,4,2012,6378.0
2020-08-25,2020-08-25,VIKALPS,XT,12.23,12.23,12.23,12.23,12.23,1,11,134.0
2020-08-25,2020-08-25,ZYDUSWELL,A,1691.0,1769.8,1691.0,1726.45,1692.45,1520,10044,17435303.0
2020-08-25,2020-08-25,AUROMACOKE,XT,6.35,6.35,6.25,6.27,6.35,16,892,5656.0
2020-08-25,2020-08-25,WINPRO,B,97.8,98.85,95.25,96.05,97.5,1761,285237,27932632.0
2020-08-25,2020-08-25,JAIHINDPROJ,Z,1.18,1.18,1.17,1.18,1.23,4,1550,1826.0
2020-08-25,2020-08-25,INDINFRA,X,1.8,1.8,1.8,1.8,1.8,2,194,349.0
2020-08-25,2020-08-25,CONCOR,A,394.9,394.9,387.0,393.05,392.5,1243,57778,22613649.0
2020-08-25,2020-08-25,EASTRED,X,31.85,35.15,31.85,34.75,33.5,11,1237,42816.0
2020-08-25,2020-08-25,PANACEABIO,B,190.55,193.0,188.15,189.75,191.65,265,5881,1120737.0
2020-08-25,2020-08-25,CHOICEIN,X,123.15,127.4,121.15,122.75,123.05,187,21036,2618785.0
2020-08-25,2020-08-25,SRAMSET,X,76.0,76.0,73.05,75.9,73.0,8,392,29703.0
2020-08-25,2020-08-25,SPAR,X,3.81,3.81,3.81,3.81,4.0,2,379,1443.0
2020-08-25,2020-08-25,BYKE,B,15.6,15.77,15.1,15.25,15.65,28,5101,78399.0
2020-08-25,2020-08-25,ARIHANT,B,17.85,19.6,17.85,19.3,18.75,14,302,5759.0
2020-08-25,2020-08-25,HASTIFIN,X,3.92,3.92,3.92,3.92,4.0,4,7580,29713.0
2020-08-25,2020-08-25,UPSURGE,X,10.79,10.79,9.8,10.0,10.28,6,55,575.0
2020-08-25,2020-08-25,SOURCENTRL,X,149.1,149.1,137.6,149.1,142.0,173,26654,3929759.0
2020-08-25,2020-08-25,ALMONDZ,B,13.74,14.77,13.72,14.77,12.31,71,20462,298096.0
2020-08-25,2020-08-25,ZICOMELECTR,B,2.17,2.18,2.15,2.18,2.08,24,15010,32650.0
2020-08-25,2020-08-25,ALCHCORP,X,6.3,6.3,6.3,6.3,6.3,3,345,2173.0
2020-08-25,2020-08-25,TUNITEX,XT,0.3,0.3,0.28,0.3,0.29,48,138915,39448.0
2020-08-25,2020-08-25,MEGACOR,X,0.33,0.33,0.33,0.33,0.32,18,7895,2605.0
2020-08-25,2020-08-25,TNPL,A,125.55,126.5,123.85,124.6,125.55,390,12281,1533740.0
2020-08-25,2020-08-25,ADVENTCOMP,X,1.37,1.51,1.37,1.51,1.44,4,4600,6862.0
2020-08-25,2020-08-25,SHAKTIPUMP,B,187.0,196.8,182.0,196.8,187.45,794,35991,7002849.0
2020-08-25,2020-08-25,SUNGOLD,X,0.7,0.7,0.7,0.7,0.73,1,500,350.0
2020-08-25,2020-08-25,SAFFRON,XT,3.5,3.5,3.5,3.5,3.5,1,20,70.0
2020-08-25,2020-08-25,PWASML,X,21.0,21.4,20.5,20.95,21.45,5,22,459.0
2020-08-25,2020-08-25,GOLDTECH,B,14.3,15.33,13.13,15.33,13.94,468,199935,2995289.0
2020-08-25,2020-08-25,GRMOVER,XT,352.95,369.45,345.0,350.15,360.75,132,9407,3330130.0
2020-08-25,2020-08-25,MOHITIND,B,3.29,3.29,3.29,3.29,3.15,1,80,263.0
2020-08-25,2020-08-25,POLYLINK,X,11.25,12.6,11.11,12.14,11.99,37,6159,72820.0
2020-08-25,2020-08-25,MINAXI,XT,0.72,0.72,0.66,0.66,0.69,3,3855,2724.0
2020-08-25,2020-08-25,CONTICON,X,2.47,2.47,2.26,2.26,2.36,4,1010,2492.0
2020-08-25,2020-08-25,DUKEOFS,XT,8.3,8.67,7.85,8.3,8.26,45,2687,22676.0
2020-08-25,2020-08-25,CYBELEIND,XT,7.5,7.5,7.5,7.5,7.2,1,1,7.0
2020-08-25,2020-08-25,CGVAK,X,73.65,73.65,66.85,73.6,70.15,354,49450,3616488.0
2020-08-25,2020-08-25,NAVKARURB,X,10.0,10.5,9.5,10.48,10.0,51,14946,149393.0
2020-08-25,2020-08-25,MADHUCON,B,2.77,2.77,2.73,2.77,2.64,16,5431,15021.0
2020-08-25,2020-08-25,SYBLY,X,2.05,2.05,1.95,1.95,2.05,2,4501,8777.0
2020-08-25,2020-08-25,RAJESHEXPO,A,479.0,480.5,474.0,475.35,475.7,1116,17570,8385164.0
2020-08-25,2020-08-25,ESARIND,X,0.92,0.93,0.92,0.93,0.92,42,52426,48749.0
2020-08-25,2020-08-25,MARIS,X,13.63,13.63,13.63,13.63,13.37,1,1,13.0
2020-08-25,2020-08-25,EVEREADY,B,146.9,146.9,133.15,138.95,139.7,763,38250,5304403.0
2020-08-25,2020-08-25,ORIENTTR,XT,2.03,2.03,1.85,2.03,1.94,100,172062,339373.0
2020-08-25,2020-08-25,MAHANIN,XT,0.2,0.2,0.2,0.2,0.2,2,1010,202.0
2020-08-25,2020-08-25,VIKASPROP,B,3.36,3.52,3.29,3.52,3.36,918,2034104,7126701.0
2020-08-25,2020-08-25,ACESOFT,X,13.5,14.5,13.35,14.44,14.04,13,1557,21423.0
2020-08-25,2020-08-25,HATSUN,A,800.0,822.3,797.5,805.2,792.85,534,4750,3856149.0
2020-08-25,2020-08-25,RISHDIGA,X,22.25,22.65,22.0,22.0,22.25,11,2469,54337.0
2020-08-25,2020-08-25,MAINFRA,X,18.5,19.2,17.5,18.75,18.05,61,8842,163351.0
2020-08-25,2020-08-25,KOBO,Z,4.38,4.38,4.38,4.38,4.18,4,702,3074.0
2020-08-25,2020-08-25,JINDWORLD,B,53.7,53.7,50.0,52.0,51.15,54,4009,205705.0
2020-08-25,2020-08-25,SOMANYCERA,A,169.9,173.45,167.0,170.25,165.0,642,19079,3249522.0
2020-08-25,2020-08-25,DRL,XT,9.55,9.55,9.55,9.55,9.49,1,1,9.0
2020-08-25,2020-08-25,CORALFINAC,B,20.95,21.6,20.5,21.15,20.9,58,3037,63232.0
2020-08-25,2020-08-25,ASHUTPM,X,0.6,0.6,0.6,0.6,0.58,1,1,0.0
2020-08-25,2020-08-25,BERYLSE,X,10.0,10.1,10.0,10.1,10.01,3,11132,112303.0
2020-08-25,2020-08-25,RAP,X,4.61,4.84,4.61,4.84,4.61,2,250,1187.0
2020-08-25,2020-08-25,DEVINE,XT,2.99,3.29,2.99,3.26,3.14,12,1351,4189.0
2020-08-25,2020-08-25,BAMPSL,XT,0.81,0.81,0.76,0.77,0.78,52,22992,18310.0
2020-08-25,2020-08-25,GENPHARMA,X,11.2,11.68,11.1,11.2,11.63,135,21892,248589.0
2020-08-25,2020-08-25,CGCL,A,216.5,219.75,213.95,217.05,215.5,4407,138433,30049665.0
2020-08-25,2020-08-25,FDC,A,320.5,327.0,314.15,317.5,321.25,2106,51349,16349859.0
2020-08-25,2020-08-25,KGPETRO,XT,102.5,107.5,97.4,97.4,102.5,31,2026,197964.0
2020-08-25,2020-08-25,MAL,XT,1.14,1.14,1.14,1.14,1.2,2,551,628.0
2020-08-25,2020-08-25,COUNCODOS,B,1.4,1.4,1.26,1.36,1.35,4,1521,1921.0
2020-08-25,2020-08-25,LINCOLN,B,246.5,248.0,236.9,237.85,246.5,1460,58358,14057317.0
2020-08-25,2020-08-25,PRAVEG,X,59.15,59.15,59.0,59.15,58.0,17,9757,577089.0
2020-08-25,2020-08-25,SURAJLTD,X,24.65,24.65,24.65,24.65,24.65,2,220,5423.0
2020-08-25,2020-08-25,MARICO,A,373.0,376.45,366.85,369.35,373.95,2085,73011,27003469.0
2020-08-25,2020-08-25,TOKYOFIN,X,11.0,11.0,11.0,11.0,10.76,2,600,6600.0
2020-08-25,2020-08-25,MAHAVIRIND,XT,0.42,0.42,0.42,0.42,0.42,2,1000,420.0
2020-08-25,2020-08-25,UVS,XT,29.75,29.75,29.75,29.75,29.2,5,500,14875.0
2020-08-25,2020-08-25,VISIONCO,X,0.79,0.79,0.79,0.79,0.83,2,2,1.0
2020-08-25,2020-08-25,AMERISE,XT,0.84,0.84,0.84,0.84,0.84,1,40,33.0
2020-08-25,2020-08-25,KARUTURIGLO,Z,0.38,0.4,0.38,0.4,0.39,49,591922,225086.0
2020-08-25,2020-08-25,PRITHVIEXCH,X,24.8,24.8,23.55,24.75,24.75,5,143,3396.0
2020-08-25,2020-08-25,RAINBOWF,X,9.5,10.06,9.5,10.06,9.59,4,816,8160.0
2020-08-25,2020-08-25,VIDHIING,B,86.5,88.1,85.5,87.55,86.4,215,62158,5408116.0
2020-08-25,2020-08-25,BHAGCHEM,X,353.95,362.0,339.0,349.9,344.4,155,9990,3525415.0
2020-08-25,2020-08-25,PANCHSHEEL,X,84.9,84.9,84.9,84.9,86.6,5,17,1443.0
2020-08-25,2020-08-25,MENNPIS,X,12.9,13.73,12.7,12.94,13.39,191,60846,799210.0
2020-08-25,2020-08-25,GREENCREST,X,0.49,0.49,0.49,0.49,0.49,47,73974,36247.0
2020-08-25,2020-08-25,GENNEX,X,4.84,4.84,4.84,4.84,4.4,141,199937,967695.0
2020-08-25,2020-08-25,PRAENG,B,6.39,6.44,6.2,6.35,6.45,32,2029,12986.0
2020-08-25,2020-08-25,BIOGEN,XT,0.22,0.22,0.21,0.21,0.22,14,41658,8962.0
2020-08-25,2020-08-25,GKCONS,X,3.2,3.2,3.07,3.07,3.23,3,300,947.0
2020-08-25,2020-08-25,APOLLOPIPE,B,430.0,433.0,395.0,404.25,428.65,637,8418,3454188.0
2020-08-25,2020-08-25,UNJHAFOR,X,7.89,7.89,7.89,7.89,7.52,9,3190,25169.0
2020-08-25,2020-08-25,POLYMED,B,421.0,436.45,421.0,432.1,426.15,790,12646,5448274.0
2020-08-25,2020-08-25,KACHCHH,X,3.45,3.45,3.45,3.45,3.4,3,100,345.0
2020-08-25,2020-08-25,KCLINFRA,XT,0.74,0.8,0.74,0.74,0.77,14,5043,3776.0
2020-08-25,2020-08-25,ATULAUTO,B,178.35,195.35,178.35,189.5,178.3,1695,87112,16577554.0
2020-08-25,2020-08-25,PRERINFRA,X,14.0,14.0,14.0,14.0,13.94,1,500,7000.0
2020-08-25,2020-08-25,METALCO,X,22.7,22.7,22.7,22.7,21.65,2,114,2587.0
2020-08-25,2020-08-25,GANGAPA,XT,28.35,29.75,28.0,29.75,28.35,10,2216,65001.0
2020-08-25,2020-08-25,TIRSARJ,X,5.52,6.1,5.1,5.89,5.55,66,26187,140917.0
2020-08-25,2020-08-25,RODIUM,X,90.0,90.15,84.5,85.0,88.0,15,1525,135165.0
2020-08-25,2020-08-25,NAGTECH,X,3.45,3.45,3.45,3.45,3.39,11,1000,3450.0
2020-08-25,2020-08-25,LAHOTIOV,X,9.55,10.5,9.26,9.41,10.0,26,6296,60821.0
2020-08-25,2020-08-25,ZENITHSTL,T,0.81,0.81,0.81,0.81,0.78,2,1196,968.0
2020-08-25,2020-08-25,ASTAR,B,675.0,685.0,642.0,663.0,675.0,15,19,12579.0
2020-08-25,2020-08-25,ORIRAIL,X,47.0,47.0,42.55,43.0,45.4,56,4423,201000.0
2020-08-25,2020-08-25,JOINDRE,X,15.8,18.0,15.8,17.06,15.8,65,5493,94866.0
2020-08-25,2020-08-25,BHARATAGRI,X,150.5,154.0,150.45,153.3,151.35,23,545,82955.0
2020-08-25,2020-08-25,UNITINT,X,5.0,5.24,5.0,5.1,5.09,9,5406,27578.0
2020-08-25,2020-08-25,SACHEMT,X,16.0,16.0,15.05,15.3,15.1,26,7915,121221.0
2020-08-25,2020-08-25,PIONEERDIS,B,115.2,116.9,112.0,114.3,113.85,183,8309,957522.0
2020-08-25,2020-08-25,GMETCOAL,XT,14.25,14.25,14.21,14.21,14.95,6,436,6203.0
2020-08-25,2020-08-25,KWALITYLTD,B,3.11,3.33,3.11,3.23,3.18,176,206295,672114.0
2020-08-25,2020-08-25,REXNORD,X,27.0,27.0,25.2,26.55,26.15,42,6015,156992.0
2020-08-25,2020-08-25,KHANDSE,B,9.4,9.85,9.0,9.31,9.8,12,614,5718.0
2020-08-25,2020-08-25,SAWACA,X,0.91,0.91,0.91,0.91,0.95,5,2700,2457.0
2020-08-25,2020-08-25,CCLINTER,X,11.4,11.63,11.4,11.63,11.41,7,342,3965.0
2020-08-25,2020-08-25,CROISSANCE,XT,5.0,5.0,5.0,5.0,4.97,1,220,1100.0
2020-08-25,2020-08-25,GALAGEX,XT,8.75,8.75,8.75,8.75,8.85,1,1,8.0
2020-08-25,2020-08-25,TWINSTAR,Z,0.83,0.83,0.79,0.83,0.81,11,4629,3804.0
2020-08-25,2020-08-25,AGARIND,B,110.1,118.1,110.1,115.1,115.6,100,3846,448546.0
2020-08-25,2020-08-25,DHAMPURE,X,14.7,14.7,14.68,14.68,14.0,5,547,8038.0
2020-08-25,2020-08-25,SHAQUAK,XT,0.66,0.66,0.65,0.65,0.66,9,1549,1009.0
2020-08-25,2020-08-25,SARTHAKIND,X,7.65,7.65,7.65,7.65,7.55,1,1,7.0
2020-08-25,2020-08-25,VERTEX,X,1.0,1.0,0.95,0.95,1.0,5,2482,2481.0
2020-08-25,2020-08-25,RIBATEX,X,44.85,44.85,41.25,41.9,43.4,66,35620,1513292.0
2020-08-25,2020-08-25,IITLPROJ,XT,18.0,18.0,18.0,18.0,18.0,1,25,450.0
2020-08-25,2020-08-25,CHLOGIST,X,3.27,3.39,3.12,3.33,3.36,44,36011,115294.0
2020-08-25,2020-08-25,AMBIKCO,B,698.0,777.0,672.0,729.35,671.3,1647,15992,11996692.0
2020-08-25,2020-08-25,HINDALUMI,X,43.0,43.0,40.2,41.0,41.95,20,1460,62002.0
2020-08-25,2020-08-25,SENINFO,XT,3.75,3.75,3.75,3.75,3.7,1,1,3.0
2020-08-25,2020-08-25,SPECFOOD,XT,18.45,18.45,16.75,18.35,17.6,8,530,9124.0
2020-08-25,2020-08-25,DECPO,Z,2.84,2.84,2.82,2.84,2.71,15,2419,6869.0
2020-08-25,2020-08-25,ODYCORP,X,0.88,0.88,0.88,0.88,0.88,1,100,88.0
2020-08-25,2020-08-25,INDCTST,X,13.0,13.0,13.0,13.0,13.36,2,200,2600.0
2020-08-25,2020-08-25,SHVFL,XT,4.67,4.67,4.46,4.67,4.45,42,19299,89176.0
2020-08-25,2020-08-25,POOJAENT,XT,26.5,26.85,26.0,26.85,26.33,11,1315,35240.0
2020-08-25,2020-08-25,GRAVITY,XT,1.3,1.33,1.27,1.27,1.28,5,4200,5519.0
2020-08-25,2020-08-25,FILATFASH,X,3.7,3.8,3.13,3.2,3.68,67,47844,160418.0
2020-08-25,2020-08-25,SINDHUTRAD,XT,46.55,51.45,46.55,46.55,49.0,42,1784,84131.0
2020-08-25,2020-08-25,JAINSTUDIOS,T,3.16,3.32,3.16,3.32,3.32,5,4030,13374.0
2020-08-25,2020-08-25,UNISTRMU,X,0.76,0.76,0.76,0.76,0.76,1,50,38.0
2020-08-25,2020-08-25,ZENOTECH,X,25.5,27.25,25.5,27.15,26.2,101,15112,400483.0
2020-08-25,2020-08-25,HINDBIO,XT,2.62,2.62,2.62,2.62,2.5,17,4144,10857.0
2020-08-25,2020-08-25,SWELECTES,B,170.0,170.0,147.6,148.45,164.0,771,30170,4743774.0
2020-08-25,2020-08-25,WALLFORT,X,18.15,18.15,18.15,18.15,17.3,3,108,1960.0
2020-08-25,2020-08-25,KDDL,B,156.0,156.0,149.0,151.95,156.8,57,1563,237053.0
2020-08-25,2020-08-25,TRUSTEDGE,XT,5.38,5.38,5.38,5.38,5.37,1,382,2055.0
2020-08-25,2020-08-25,ABHICAP,XT,42.45,42.45,42.25,42.25,42.45,15,805,34071.0
2020-08-25,2020-08-25,3BBLACKBIO,XT,417.45,417.45,417.45,417.45,425.95,146,2926,1221458.0
2020-08-25,2020-08-25,GUJJUBHAI,X,10.3,10.3,10.3,10.3,10.2,2,10000,103000.0
2020-08-25,2020-08-25,KSERASERA,T,0.28,0.28,0.27,0.28,0.28,168,788643,215972.0
2020-08-25,2020-08-25,ATVOENT,XT,0.34,0.34,0.33,0.33,0.33,8,16145,5379.0
2020-08-25,2020-08-25,EPUJA,X,9.05,9.3,8.8,9.2,9.16,42,161209,1439006.0
2020-08-25,2020-08-25,INDOCITY,X,1.09,1.09,1.09,1.09,1.14,4,759,827.0
2020-08-25,2020-08-25,SBECSUG,X,7.99,7.99,7.4,7.75,7.75,8,1185,8878.0
2020-08-25,2020-08-25,AREALTY,X,0.95,0.95,0.95,0.95,0.91,2,158,150.0
2020-08-25,2020-08-25,BSELALGO,B,1.08,1.18,1.08,1.1,1.13,44,36113,39612.0
2020-08-25,2020-08-25,RELIABVEN,X,10.1,10.1,9.09,9.2,10.1,9,102,948.0
2020-08-25,2020-08-25,HEXAWARETEC,A,425.0,432.45,416.8,419.15,424.8,602,27035,11467936.0
2020-08-25,2020-08-25,BANKBARODA,A,48.55,49.5,48.4,48.65,48.4,7794,3187696,156088777.0
2020-08-25,2020-08-25,MOHITE,X,9.35,9.8,9.35,9.8,9.35,11,1059,10195.0
2020-08-25,2020-08-25,ACL,B,5.65,5.79,5.48,5.52,5.76,342,155193,866454.0
2020-08-25,2020-08-25,SKMEGGPROD,B,51.95,53.0,48.6,49.6,51.35,175,12134,603435.0
2020-08-25,2020-08-25,WELCORP,A,120.3,120.9,112.55,113.95,117.3,1315,71356,8213398.0
2020-08-25,2020-08-25,HOTLSILV,X,5.15,5.39,4.89,5.04,5.14,19,3054,15494.0
2020-08-25,2020-08-25,BANKINDIA,A,47.95,48.55,47.5,47.7,47.9,1275,868979,41685028.0
2020-08-25,2020-08-25,INDRAMEDCO,B,55.3,55.6,53.0,53.2,57.5,1238,119981,6468349.0
2020-08-25,2020-08-25,JOHNPHARMA,XT,3.17,3.17,3.17,3.17,3.17,4,255,808.0
2020-08-25,2020-08-25,GAIL,A,102.05,103.15,99.3,99.75,101.55,2613,392203,39445570.0
2020-08-25,2020-08-25,VAIBHAVGBL,A,1726.05,1800.0,1706.95,1767.45,1699.85,1141,5775,10194356.0
2020-08-25,2020-08-25,TRESCON,X,75.05,75.05,71.1,74.5,74.75,88,10807,795586.0
2020-08-25,2020-08-25,GUJSTATFIN,T,2.07,2.07,2.05,2.05,1.98,23,900,1855.0
2020-08-25,2020-08-25,JKPAPER,B,97.7,98.65,97.5,98.15,99.2,1302,66295,6498295.0
2020-08-25,2020-08-25,SAREGAMA,B,502.25,520.0,502.25,510.4,493.65,246,4364,2231826.0
2020-08-25,2020-08-25,ADROITINFO,T,4.94,4.94,4.94,4.94,5.19,3,1112,5493.0
2020-08-25,2020-08-25,CYBERTECH,B,55.5,55.95,54.0,54.6,55.45,177,8171,448962.0
2020-08-25,2020-08-25,ICICIBANK,A,382.0,389.9,381.8,386.2,380.2,15520,1634892,631497104.0
2020-08-25,2020-08-25,CYIENT,A,384.0,389.85,377.75,379.05,381.15,630,15096,5782141.0
2020-08-25,2020-08-25,ENGINERSIN,A,72.05,72.2,70.0,70.7,71.65,980,140346,9919011.0
2020-08-25,2020-08-25,DHANBANK,B,12.87,13.51,12.75,13.27,12.73,174,66695,875830.0
2020-08-25,2020-08-25,GMDCLTD,A,49.2,50.35,48.45,48.7,49.45,1590,208606,10237424.0
2020-08-25,2020-08-25,GAYATRI,X,1.97,1.98,1.9,1.98,1.89,20,22093,42950.0
2020-08-25,2020-08-25,INDUSINDBK,A,534.3,546.35,530.35,536.3,529.1,12755,762849,410920550.0
2020-08-25,2020-08-25,ITDC,A,246.0,246.9,238.55,239.25,242.9,251,3968,963909.0
2020-08-25,2020-08-25,J&KBANK,A,18.25,18.35,17.8,17.9,18.0,559,293390,5296568.0
2020-08-25,2020-08-25,CUB,A,130.9,132.6,130.3,131.05,129.95,3239,70198,9241024.0
2020-08-25,2020-08-25,ARCHIES,B,13.3,13.3,12.8,12.94,13.1,31,6338,83078.0
2020-08-25,2020-08-25,AXISBANK,A,451.0,456.2,447.45,451.75,445.7,8398,533664,241498322.0
2020-08-25,2020-08-25,SOUTHBANK,A,7.64,7.66,7.34,7.38,7.54,31999,2510234,18725238.0
2020-08-25,2020-08-25,ENERGYDEV,B,7.22,7.5,7.0,7.16,7.18,76,18574,133381.0
2020-08-25,2020-08-25,SONATSOFTW,A,326.05,329.0,318.75,320.3,324.8,545,12773,4121310.0
2020-08-25,2020-08-25,BENGALT,X,30.8,31.65,29.3,31.65,30.8,12,1067,33430.0
2020-08-25,2020-08-25,NATIONALUM,A,37.7,38.05,36.1,36.9,37.65,1863,1216863,44978435.0
2020-08-25,2020-08-25,INDNIPPON,B,363.0,364.25,353.75,356.35,365.45,293,2983,1069322.0
2020-08-25,2020-08-25,NSIL,B,824.0,860.0,785.1,800.4,822.3,147,1378,1132852.0
2020-08-25,2020-08-25,APARINDS,B,352.0,356.95,340.0,342.6,348.15,686,9771,3393274.0
2020-08-25,2020-08-25,TCIIND,X,421.0,421.0,421.0,421.0,415.1,1,5,2105.0
2020-08-25,2020-08-25,ACCELYA,B,1019.0,1063.0,1019.0,1035.6,1047.9,162,1200,1253194.0
2020-08-25,2020-08-25,ORCHASP,X,1.22,1.22,1.15,1.2,1.19,56,42963,50429.0
2020-08-25,2020-08-25,HCLTECH,A,706.0,710.05,694.8,702.8,705.85,5176,300068,210646900.0
2020-08-25,2020-08-25,TCFCFINQ,X,17.05,17.9,17.05,17.9,17.05,15,593,10575.0
2020-08-25,2020-08-25,GEOJITFSL,B,41.5,41.5,40.1,40.25,41.25,155,9711,393453.0
2020-08-25,2020-08-25,JINDALSTEL,A,226.5,227.8,220.0,221.65,225.9,6790,1156910,257826261.0
2020-08-25,2020-08-25,BLBLIMITED,B,5.3,5.3,5.0,5.29,5.05,45,18032,95116.0
2020-08-25,2020-08-25,GLENMARK,A,495.0,495.0,481.95,483.65,487.85,1939,72798,35420165.0
2020-08-25,2020-08-25,WOCKPHARMA,A,329.65,332.0,319.3,321.2,327.4,974,45875,14857785.0
2020-08-25,2020-08-25,TATACOFFEE,A,116.05,118.45,113.0,113.75,116.75,884,101832,11681850.0
2020-08-25,2020-08-25,INDSWFTLAB,B,39.0,40.1,38.35,39.4,39.05,108,5224,206613.0
2020-08-25,2020-08-25,MELSTAR,Z,2.65,2.67,2.46,2.61,2.55,12,5750,15229.0
2020-08-25,2020-08-25,GVPIL,A,505.0,508.7,499.3,502.15,507.2,194,820,412865.0
2020-08-25,2020-08-25,SHREERAMA,B,6.01,6.01,5.9,5.9,6.01,15,3405,20360.0
2020-08-25,2020-08-25,MAHLIFE,A,281.55,283.9,267.6,272.8,278.0,618,7341,2007695.0
2020-08-25,2020-08-25,VAARAD,X,3.81,3.81,3.81,3.81,4.01,2,267,1017.0
2020-08-25,2020-08-25,ZYDUSLIFE,A,396.0,398.4,387.45,388.25,395.3,3044,136376,53337885.0
2020-08-25,2020-08-25,SHIVACEM,X,10.31,10.42,10.11,10.19,10.41,143,93456,956475.0
2020-08-25,2020-08-25,CINEVISTA,B,6.85,6.91,6.85,6.86,7.05,10,855,5868.0
2020-08-25,2020-08-25,INTENTECH,B,45.15,45.15,45.15,45.15,47.5,10,2015,90977.0
2020-08-25,2020-08-25,DANLAW,X,61.95,66.65,61.0,66.65,55.55,68,7961,516371.0
2020-08-25,2020-08-25,BIOPACINDIA,XT,2.76,2.76,2.76,2.76,2.63,10,4435,12240.0
2020-08-25,2020-08-25,AJANTPHARM,A,1630.0,1630.0,1605.0,1613.25,1610.15,532,5498,8879066.0
2020-08-25,2020-08-25,HBPOR,X,18.9,19.2,17.9,17.9,17.85,34,26406,487668.0
2020-08-25,2020-08-25,HBESD,X,7.51,8.0,7.51,7.58,7.85,10,1672,12723.0
2020-08-25,2020-08-25,COMPUSOFT,B,8.85,8.85,8.72,8.8,8.46,79,14519,127349.0
2020-08-25,2020-08-25,OMNIAX,X,1.69,1.69,1.69,1.69,1.7,1,10,16.0
2020-08-25,2020-08-25,IZMO,B,32.8,34.0,30.95,31.35,32.55,62,5637,179781.0
2020-08-25,2020-08-25,TVSMOTOR,A,451.8,459.9,441.9,445.8,448.3,1246,51413,23082352.0
2020-08-25,2020-08-25,MADALA,X,54.5,54.5,54.5,54.5,51.95,9,3315,180667.0
2020-08-25,2020-08-25,ACLGATI,B,48.1,51.2,48.1,49.3,46.55,1910,257382,12781699.0
2020-08-25,2020-08-25,SUBEXLTD,B,11.36,11.43,10.91,10.96,11.28,482,382891,4246962.0
2020-08-25,2020-08-25,TCI,B,229.1,230.5,227.75,229.95,229.1,56,498,114240.0
2020-08-25,2020-08-25,PADMALAYAT,XT,2.25,2.31,2.1,2.3,2.2,36,11389,26082.0
2020-08-25,2020-08-25,AKSHOPTFBR,B,7.68,7.68,7.68,7.68,7.32,114,143350,1100928.0
2020-08-25,2020-08-25,TRIVENI,B,78.9,79.5,77.4,78.3,77.9,1151,111647,8754891.0
2020-08-25,2020-08-25,MUKTAARTS,B,28.3,28.8,27.0,27.75,28.2,62,2945,80470.0
2020-08-25,2020-08-25,HITKITGLO,XT,0.31,0.31,0.31,0.31,0.31,2,510,158.0
2020-08-25,2020-08-25,NAGPI,X,27.6,27.75,26.05,26.05,26.45,4,200,5365.0
2020-08-25,2020-08-25,DSSL,B,30.0,30.0,28.05,28.4,30.0,32,2112,61444.0
2020-08-25,2020-08-25,PNBGILTS,B,45.7,46.8,45.7,46.0,45.9,256,63480,2937023.0
2020-08-25,2020-08-25,BCG,B,7.78,7.99,7.7,7.95,7.61,1035,3323658,26407445.0
2020-08-25,2020-08-25,RAMCOIND,B,181.5,189.0,181.5,186.35,186.5,252,4012,748656.0
2020-08-25,2020-08-25,RAMCOSYS,B,235.1,241.0,222.15,233.8,229.55,1540,53466,12593074.0
2020-08-25,2020-08-25,TTML,B,3.51,3.55,3.37,3.48,3.52,618,685139,2389202.0
2020-08-25,2020-08-25,VIRINCHI,X,44.25,46.75,41.5,43.35,43.8,645,107428,4772928.0
2020-08-25,2020-08-25,WEPSOLN,X,19.55,20.5,19.0,19.5,20.5,40,10629,212793.0
2020-08-25,2020-08-25,STLTECH,A,172.0,173.9,164.2,167.3,170.3,3060,223323,37570982.0
2020-08-25,2020-08-25,TIPSMUSIC,B,190.15,193.9,186.2,191.6,191.95,140,1483,280284.0
2020-08-25,2020-08-25,UMIYA-MRO,B,25.8,27.8,25.8,26.0,26.95,14,967,25427.0
2020-08-25,2020-08-25,FIRSTFIN,XT,5.53,5.53,5.53,5.53,5.43,2,1423,7869.0
2020-08-25,2020-08-25,BABA,X,7.71,7.71,7.1,7.45,7.35,17,6416,46008.0
2020-08-25,2020-08-25,BALAJITELE,B,85.25,85.25,82.65,82.95,84.7,248,14665,1223075.0
2020-08-25,2020-08-25,TYCHE,X,327.5,343.0,320.1,331.7,327.15,1902,78453,25846947.0
2020-08-25,2020-08-25,CALSOFT,B,9.25,10.78,9.15,10.78,8.99,239,67793,711893.0
2020-08-25,2020-08-25,PNC,B,18.35,18.35,17.4,17.83,18.1,30,1477,26232.0
2020-08-25,2020-08-25,IOB,A,11.1,11.13,10.84,10.86,11.17,1277,632362,6897307.0
2020-08-25,2020-08-25,TAJGVK,B,154.6,154.6,142.0,142.3,143.8,670,26765,3872326.0
2020-08-25,2020-08-25,OPTOCIRCUIT,B,7.43,7.55,7.2,7.27,7.43,292,272490,1999951.0
2020-08-25,2020-08-25,CREATIVEYE,B,1.85,2.03,1.85,2.02,1.94,38,15371,31057.0
2020-08-25,2020-08-25,AXISCADES,B,69.15,70.0,67.25,68.0,69.25,188,10958,751036.0
2020-08-25,2020-08-25,BSOFT,A,174.75,175.5,170.8,173.1,173.7,951,69825,12095967.0
2020-08-25,2020-08-25,7TEC,X,15.78,16.45,14.62,15.62,15.05,96,11248,177075.0
2020-08-25,2020-08-25,AVANTEL,X,408.7,408.7,378.1,390.1,376.0,334,14654,5719203.0
2020-08-25,2020-08-25,MOSCHIP,X,13.61,13.99,12.93,12.93,13.61,102,60296,797022.0
2020-08-25,2020-08-25,SIGMAADV,B,10.21,10.21,9.56,9.56,10.06,140,28571,276288.0
2020-08-25,2020-08-25,TRANSCOR,X,10.47,10.47,9.49,9.66,9.98,28,5087,51063.0
2020-08-25,2020-08-25,CEREBRAINT,B,31.5,32.95,31.2,31.35,32.05,205,20701,658731.0
2020-08-25,2020-08-25,NEXTMEDIA,B,6.5,6.75,6.5,6.75,6.6,12,1075,7002.0
2020-08-25,2020-08-25,SMARTLINK,B,73.15,74.05,71.2,71.95,73.35,24,437,31967.0
2020-08-25,2020-08-25,GODREJCP,A,687.8,700.65,675.0,677.75,685.25,1491,29881,20440256.0
2020-08-25,2020-08-25,GENUSPRIME,X,1.85,1.85,1.85,1.85,1.9,4,500,925.0
2020-08-25,2020-08-25,BFUTILITIE,B,280.0,280.0,265.55,267.1,273.45,1414,44836,12098124.0
2020-08-25,2020-08-25,UNITDSPR,B,582.4,585.7,577.55,578.45,581.5,2920,86417,50205949.0
2020-08-25,2020-08-25,SANINFRA,XT,145.0,147.0,140.0,145.85,147.0,43,1222,177714.0
2020-08-25,2020-08-25,OLECTRA,B,71.0,73.2,70.15,72.5,70.7,332,36323,2623673.0
2020-08-25,2020-08-25,MPSLTD,B,382.1,394.0,381.0,383.0,400.95,312,3904,1496406.0
2020-08-25,2020-08-25,RNBOWDENIM,X,1.91,1.91,1.79,1.8,1.88,4,66,118.0
2020-08-25,2020-08-25,CERA,A,2569.9,2569.9,2449.3,2461.9,2484.5,222,780,1918371.0
2020-08-25,2020-08-25,TSPIRITUAL,X,0.32,0.32,0.32,0.32,0.32,4,9800,3136.0
2020-08-25,2020-08-25,BHARTIARTL,A,533.0,536.0,526.0,528.6,527.2,11525,584833,309868413.0
2020-08-25,2020-08-25,SHALIWIR,X,5.28,5.28,4.83,5.22,5.08,33,8973,45774.0
2020-08-25,2020-08-25,COMPINFO,B,12.9,13.1,12.51,12.7,12.55,54,22885,293158.0
2020-08-25,2020-08-25,GULPOLY,B,49.9,50.0,49.0,49.8,49.45,86,3562,175831.0
2020-08-25,2020-08-25,FAZE3AUTO,X,30.15,30.15,27.9,30.15,28.75,32,4166,125093.0
2020-08-25,2020-08-25,PONNIERODE,B,188.0,189.85,181.0,181.6,188.05,294,8097,1495681.0
2020-08-25,2020-08-25,PNB,A,35.3,35.65,35.1,35.2,35.3,2163,1120602,39566945.0
2020-08-25,2020-08-25,OFSS,A,3080.0,3098.0,3040.0,3055.2,3071.55,258,1074,3283607.0
2020-08-25,2020-08-25,HAZOOR,X,0.5,0.5,0.5,0.5,0.5,2,500,250.0
2020-08-25,2020-08-25,KAMAHOLD,B,5244.9,5297.0,5244.9,5272.9,5245.6,15,98,515930.0
2020-08-25,2020-08-25,APTECHT,B,129.0,131.3,125.65,128.1,129.55,1175,60256,7754905.0
2020-08-25,2020-08-25,UNIONBANK,A,31.0,31.2,30.5,30.55,30.9,784,332395,10226332.0
2020-08-25,2020-08-25,UBL,A,1061.0,1068.0,1052.85,1059.35,1054.35,1755,38407,40778063.0
2020-08-25,2020-08-25,ISMTLTD,B,6.28,6.28,6.28,6.28,5.99,30,20283,127377.0
2020-08-25,2020-08-25,NOIDATOLL,B,3.33,3.45,3.31,3.41,3.3,47,35430,120374.0
2020-08-25,2020-08-25,GRANULES,A,321.0,321.2,310.05,311.35,317.6,1890,69751,22000648.0
2020-08-25,2020-08-25,CANBK,A,104.2,108.15,104.2,106.8,103.4,5262,937870,99977019.0
2020-08-25,2020-08-25,BLIL,B,396.05,403.8,396.05,401.4,399.9,4563,21059,8440312.0
2020-08-25,2020-08-25,POKARNA,B,144.9,148.9,139.7,141.9,146.85,184,10275,1470291.0
2020-08-25,2020-08-25,DIVISLAB,A,3260.45,3260.45,3220.0,3244.55,3240.45,3164,33807,109473878.0
2020-08-25,2020-08-25,ASTRAMICRO,B,127.0,128.2,122.45,124.0,126.45,671,63397,7942287.0
2020-08-25,2020-08-25,RADICO,A,410.0,411.2,402.0,409.7,407.75,682,15296,6250321.0
2020-08-25,2020-08-25,SHRMCITYUN,A,954.35,961.0,906.9,919.0,946.85,774,5760,5370590.0
2020-08-25,2020-08-25,MARUTI,A,7100.0,7173.5,7076.8,7110.95,7081.75,4550,33050,235487546.0
2020-08-25,2020-08-25,RAJPALAYAM,X,625.0,644.95,602.25,608.65,613.75,90,810,495895.0
2020-08-25,2020-08-25,NAVINFLUOR,A,2185.0,2205.0,2100.05,2144.95,2158.75,2973,15534,33526707.0
2020-08-25,2020-08-25,UCOBANK,A,14.37,14.37,13.9,13.94,13.98,560,139039,1951817.0
2020-08-25,2020-08-25,BAGFILMS,B,2.5,2.51,2.39,2.48,2.45,29,31866,79396.0
2020-08-25,2020-08-25,JSL,A,50.75,51.0,49.0,49.75,50.3,395,47015,2337278.0
2020-08-25,2020-08-25,SUPRAJIT,A,186.0,193.75,186.0,188.8,183.05,1288,24529,4661508.0
2020-08-25,2020-08-25,TVSELECT,B,104.5,109.3,100.0,109.15,104.1,1413,35924,3816819.0
2020-08-25,2020-08-25,IGL,A,421.25,422.5,410.8,413.45,417.8,6939,213824,89172256.0
2020-08-25,2020-08-25,TVTODAY,A,227.2,227.9,224.3,225.4,226.3,187,1841,415689.0
2020-08-25,2020-08-25,PETRONET,A,250.0,254.0,249.4,251.8,247.9,2069,197773,49919304.0
2020-08-25,2020-08-25,BIOCON,A,394.0,394.65,385.6,387.4,392.2,1990,142737,55437989.0
2020-08-25,2020-08-25,PTC,A,61.4,62.1,61.0,61.5,61.35,738,160513,9860806.0
2020-08-25,2020-08-25,MAHABANK,A,14.2,15.34,14.2,14.76,14.09,1810,996940,14838207.0
2020-08-25,2020-08-25,RKFORGE,B,254.15,254.95,246.5,252.85,248.3,250,18949,4728183.0
2020-08-25,2020-08-25,DATAMATICS,B,69.05,70.45,67.25,68.2,69.3,79,3207,219782.0
2020-08-25,2020-08-25,NDTV,B,35.25,36.65,35.15,36.45,35.95,83,1710,61704.0
2020-08-25,2020-08-25,STAR,A,600.25,619.8,585.0,606.3,600.25,2377,100286,60125963.0
2020-08-25,2020-08-25,JPASSOCIAT,B,4.2,4.2,3.99,4.07,4.11,1696,2847086,11666625.0
2020-08-25,2020-08-25,ULTRACEMCO,A,4185.0,4201.4,4145.0,4174.65,4186.45,5205,58278,243700912.0
2020-08-25,2020-08-25,UNOMINDA,A,356.5,365.55,345.45,361.4,342.9,3182,98445,35359569.0
2020-08-25,2020-08-25,TCS,A,2250.0,2250.0,2235.0,2242.25,2247.95,2846,44505,99806527.0
2020-08-25,2020-08-25,COFORGE,A,1940.0,1971.4,1932.25,1944.25,1957.25,959,12439,24277544.0
2020-08-25,2020-08-25,GULFPETRO,B,44.0,48.55,43.0,46.4,44.25,644,38204,1771687.0
2020-08-25,2020-08-25,CENTURYPLY,A,154.0,154.95,146.85,148.45,152.95,985,58884,8813361.0
2020-08-25,2020-08-25,WELENT,B,70.8,71.3,69.05,69.9,70.5,182,384891,26799108.0
2020-08-25,2020-08-25,NTPC,A,105.75,107.4,102.9,103.75,105.45,8894,2304816,243319944.0
2020-08-25,2020-08-25,SALSTEEL,B,3.43,3.43,3.43,3.43,3.27,14,8259,28328.0
2020-08-25,2020-08-25,JBMA,B,235.4,260.3,234.15,244.05,232.0,1212,25638,6353049.0
2020-08-25,2020-08-25,DWARKESH,B,32.45,32.8,31.6,32.0,32.35,340,100310,3217679.0
2020-08-25,2020-08-25,INDOCO,B,248.85,249.15,234.4,243.95,248.4,1153,14838,3589509.0
2020-08-25,2020-08-25,VIPCLOTHNG,B,9.74,9.74,9.74,9.74,9.28,81,54704,532816.0
2020-08-25,2020-08-25,XCHANGING,B,75.0,78.1,75.0,77.25,73.75,1114,53086,4077004.0
2020-08-25,2020-08-25,JETAIRWAYS,Z,29.8,30.35,29.15,29.7,28.95,241,31669,942745.0
2020-08-25,2020-08-25,MORARJEE,B,11.99,11.99,11.4,11.85,11.99,25,990,11360.0
2020-08-25,2020-08-25,GATEWAYDIST,A,93.5,94.35,90.35,91.95,92.8,634,38963,3577926.0
2020-08-25,2020-08-25,JINDALPHOT,B,13.9,13.9,13.9,13.9,13.8,8,2900,40310.0
2020-08-25,2020-08-25,POCL,X,264.6,268.85,253.0,256.4,260.15,532,37967,9877659.0
2020-08-25,2020-08-25,JPPOWER,B,3.14,3.17,2.95,3.08,3.02,3686,27488900,85499246.0
2020-08-25,2020-08-25,3IINFOLTD,B,4.12,4.12,3.79,4.12,3.93,4534,20772835,84610755.0
2020-08-25,2020-08-25,MBECL,T,6.9,6.9,6.9,6.9,6.58,53,57673,397943.0
2020-08-25,2020-08-25,GOKEX,B,58.6,60.0,56.0,59.0,58.4,420,56192,3273133.0
2020-08-25,2020-08-25,ALLDIGI,B,285.0,285.45,276.0,282.7,285.0,303,5137,1461983.0
2020-08-25,2020-08-25,IIFL,A,79.9,81.0,77.55,78.95,78.95,354,24183,1913945.0
2020-08-25,2020-08-25,MANGALAM,B,147.7,147.7,141.15,147.7,140.7,1434,137737,20292751.0
2020-08-25,2020-08-25,SHOPERSTOP,A,188.0,199.0,188.0,191.35,186.3,1158,1500777,280970513.0
2020-08-25,2020-08-25,NDL,B,25.25,25.25,23.6,24.4,25.2,93,8972,214998.0
2020-08-25,2020-08-25,JSWHL,B,2449.7,2476.25,2378.55,2449.8,2449.7,97,201,490017.0
2020-08-25,2020-08-25,JKCEMENT,A,1501.0,1512.3,1480.2,1491.7,1499.05,563,2078,3103697.0
2020-08-25,2020-08-25,BEEYU,X,0.29,0.29,0.29,0.29,0.28,2,1132,328.0
2020-08-25,2020-08-25,UNIPLYIND,B,5.8,5.8,5.56,5.61,5.63,76,38459,216506.0
2020-08-25,2020-08-25,YESBANK,A,14.8,15.01,14.36,14.76,14.8,15171,18820558,277135323.0
2020-08-25,2020-08-25,NECLIFE,B,22.25,23.75,22.25,23.5,22.5,653,183756,4272247.0
2020-08-25,2020-08-25,MSPL,B,7.83,7.83,7.36,7.83,7.46,651,5480,42622.0
2020-08-25,2020-08-25,SPLIL,B,31.7,31.8,30.8,30.8,31.45,41,3400,107342.0
2020-08-25,2020-08-25,KTKBANK,A,48.7,49.7,48.25,49.0,48.25,1226,386457,18932913.0
2020-08-25,2020-08-25,MCLEODRUSS,T,23.78,23.78,23.1,23.78,22.65,825,801621,19048003.0
2020-08-25,2020-08-25,FACORALL,X,1.39,1.44,1.36,1.42,1.39,75,135597,190509.0
2020-08-25,2020-08-25,IDFC,A,29.3,29.4,28.8,28.85,29.05,692,329297,9572669.0
2020-08-25,2020-08-25,VIVIMEDLAB,B,23.62,23.62,21.38,21.38,22.5,864,737132,16596844.0
2020-08-25,2020-08-25,RML,B,240.1,240.1,227.85,228.7,236.05,77,629,147032.0
2020-08-25,2020-08-25,HTMEDIA,B,16.56,16.61,15.3,15.66,16.05,70,20987,328382.0
2020-08-25,2020-08-25,SASKEN,B,639.75,644.0,623.7,630.25,628.7,213,1787,1127577.0
2020-08-25,2020-08-25,FCSSOFT,B,0.48,0.5,0.47,0.47,0.49,186,844147,404137.0
2020-08-25,2020-08-25,SUZLON,A,3.93,3.99,3.88,3.93,3.94,3899,4019293,15790250.0
2020-08-25,2020-08-25,AURIONPRO,B,72.7,73.15,69.0,72.1,72.6,130,6887,501062.0
2020-08-25,2020-08-25,RENUKA,B,11.19,11.34,10.6,10.96,10.8,1168,1003439,11202460.0
2020-08-25,2020-08-25,KMSUGAR,B,13.71,14.35,13.4,13.66,13.98,510,231176,3214311.0
2020-08-25,2020-08-25,BASML,B,101.5,101.5,98.65,99.35,99.3,11,1510,149807.0
2020-08-25,2020-08-25,BOMBAYRAYON,B,12.27,12.27,12.1,12.27,11.69,211,136896,1673579.0
2020-08-25,2020-08-25,SORILINFRA,B,66.0,67.8,63.0,67.8,61.65,416,34722,2305428.0
2020-08-25,2020-08-25,AIAENG,A,1813.0,1849.0,1776.15,1830.05,1804.45,980,6045,11004646.0
2020-08-25,2020-08-25,EKC,B,31.05,33.7,30.5,32.55,32.1,778,196925,6372959.0
2020-08-25,2020-08-25,KERNEX,T,19.8,19.8,19.8,19.8,20.35,3,30,594.0
2020-08-25,2020-08-25,REPRO,B,404.0,440.0,392.4,414.65,399.95,373,3893,1636408.0
2020-08-25,2020-08-25,PVRINOX,A,1311.95,1329.1,1293.15,1323.15,1311.1,3929,136722,179442941.0
2020-08-25,2020-08-25,RAMSARUPIND,Z,0.35,0.35,0.35,0.35,0.36,8,5552,1943.0
2020-08-25,2020-08-25,RMCL,T,3.95,4.14,3.95,3.98,4.14,10,4691,18668.0
2020-08-25,2020-08-25,PUNJLLOYD,Z,1.89,1.89,1.74,1.75,1.83,129,239315,428776.0
2020-08-25,2020-08-25,ASMS,Z,2.21,2.3,2.21,2.25,2.32,5,3401,7532.0
2020-08-25,2020-08-25,CELEBRITY,B,4.5,5.09,4.48,4.84,4.66,111,63807,303506.0
2020-08-25,2020-08-25,EDUCOMP,Z,4.29,4.29,3.99,3.99,4.2,61,33109,132840.0
2020-08-25,2020-08-25,NITINSPIN,B,41.75,42.45,41.15,41.15,41.75,20,1433,59550.0
2020-08-25,2020-08-25,ROHLTD,B,87.1,87.1,83.05,83.85,87.0,243,12854,1084969.0
2020-08-25,2020-08-25,ENIL,B,165.0,167.1,165.0,167.1,159.15,58,3108,518295.0
2020-08-25,2020-08-25,CELLA,Z,5.0,5.2,5.0,5.2,5.07,3,26,130.0
2020-08-25,2020-08-25,GSPL,A,210.15,215.25,210.15,212.2,210.1,1569,46228,9844227.0
2020-08-25,2020-08-25,JAGRAN,A,41.7,42.0,40.15,41.05,41.75,560,89005,3679684.0
2020-08-25,2020-08-25,INOXLEISURE,A,295.0,295.0,280.55,291.9,300.15,1838,65080,18852237.0
2020-08-25,2020-08-25,DYNPRO,B,215.0,221.0,211.0,212.45,213.85,1761,53859,11636321.0
2020-08-25,2020-08-25,GVKPIL,B,3.13,3.13,3.13,3.13,2.99,728,3428749,10731984.0
2020-08-25,2020-08-25,SADBHAV,A,56.05,56.05,56.0,56.05,53.4,120,78762,4413185.0
2020-08-25,2020-08-25,RCOM,T,2.51,2.55,2.51,2.51,2.64,2143,7279786,18281118.0
2020-08-25,2020-08-25,SAKUMA,B,6.5,6.66,6.39,6.5,6.48,150,35153,227008.0
2020-08-25,2020-08-25,KEC,A,323.0,331.1,323.0,325.2,321.9,803,20698,6780937.0
2020-08-25,2020-08-25,GILLANDERS,B,28.2,29.4,26.75,27.75,28.0,333,57891,1612770.0
2020-08-25,2020-08-25,INDOTECH,B,103.9,105.15,101.65,102.55,103.15,21,608,62778.0
2020-08-25,2020-08-25,BLKASHYAP,T,7.05,7.05,6.75,7.05,6.72,40,233348,1644248.0
2020-08-25,2020-08-25,M&MFIN,A,132.7,138.35,132.7,137.35,132.4,7585,817484,111763679.0
2020-08-25,2020-08-25,VISACHROME,B,5.79,5.91,5.7,5.91,5.96,27,10264,59430.0
2020-08-25,2020-08-25,NITCO,B,20.65,20.65,20.15,20.35,20.65,49,5503,111994.0
2020-08-25,2020-08-25,MPDL,X,10.0,10.0,9.78,9.78,10.29,3,111,1085.0
2020-08-25,2020-08-25,SOLARINDS,A,1100.65,1151.7,1100.65,1143.4,1101.65,505,2993,3393377.0
2020-08-25,2020-08-25,GALLANTT,B,34.5,34.5,33.0,33.15,34.0,67,1412,46805.0
2020-08-25,2020-08-25,MALUPAPER,B,29.5,29.65,28.6,28.95,29.5,55,1915,55863.0
2020-08-25,2020-08-25,UTTAMSUGAR,B,91.55,91.55,89.3,89.7,91.55,136,3484,315296.0
2020-08-25,2020-08-25,SGL,B,10.7,10.7,10.35,10.57,11.49,59,15906,166333.0
2020-08-25,2020-08-25,KKCL,B,822.0,835.1,810.0,812.15,812.0,18,39,31820.0
2020-08-25,2020-08-25,SUNTV,A,469.0,490.4,469.0,480.05,469.05,3335,170716,81997657.0
2020-08-25,2020-08-25,GPIL,B,333.0,333.15,301.45,321.8,317.3,2219,89810,28856965.0
2020-08-25,2020-08-25,RSYSTEMS,B,109.5,112.2,108.05,108.15,108.25,272,9728,1075003.0
2020-08-25,2020-08-25,EMKAY,B,48.4,49.85,48.1,49.5,48.4,312,1478,72601.0
2020-08-25,2020-08-25,LOKESHMACH,B,23.5,23.5,22.6,22.85,23.2,69,3013,69485.0
2020-08-25,2020-08-25,KAMDHENU,B,87.25,87.25,84.45,86.9,83.1,241,8954,774232.0
2020-08-25,2020-08-25,PAUSHAKLTD,X,4399.0,4400.0,4100.0,4139.35,4320.15,610,3019,12782121.0
2020-08-25,2020-08-25,GTNTEX,B,5.39,5.9,5.39,5.88,5.67,5,700,4077.0
2020-08-25,2020-08-25,INDICAP,X,24.25,25.0,22.65,24.75,25.25,62,11990,287020.0
2020-08-25,2020-08-25,UNITYINFRA,Z,0.93,0.95,0.93,0.95,0.92,3,2199,2067.0
2020-08-25,2020-08-25,PFOCUS,B,38.55,40.8,38.05,40.8,37.1,98,23640,958419.0
2020-08-25,2020-08-25,ALLCARGO,A,130.8,130.8,123.0,130.8,109.0,2871,944180,123233483.0
2020-08-25,2020-08-25,EASUNREYRL,Z,3.42,3.59,3.42,3.42,3.6,12,2175,7572.0
2020-08-25,2020-08-25,GMRAIRPORT,A,25.85,26.0,24.3,24.9,25.3,1532,1263461,31448454.0
2020-08-25,2020-08-25,TECHM,A,725.5,739.95,714.5,738.7,722.7,5615,144087,105065380.0
2020-08-25,2020-08-25,CIEINDIA,A,147.05,148.5,143.1,144.2,145.25,987,24822,3618606.0
2020-08-25,2020-08-25,VOLTAMP,B,1170.0,1170.0,1124.1,1129.45,1156.6,382,1290,1470808.0
2020-08-25,2020-08-25,ATLANTAA,B,9.39,9.39,8.96,8.99,8.99,22,1708,15587.0
2020-08-25,2020-08-25,DEEPENR,B,83.5,83.5,80.25,81.3,83.15,175,6187,502100.0
2020-08-25,2020-08-25,HGM,B,42.5,42.95,41.5,42.2,41.5,74,2584,109401.0
2020-08-25,2020-08-25,ACE,B,68.25,70.85,66.1,68.35,69.35,320,36426,2469135.0
2020-08-25,2020-08-25,GEECEE,B,80.3,86.0,79.05,81.5,79.3,374,13717,1141452.0
2020-08-25,2020-08-25,RICHAIND,Z,0.91,0.91,0.89,0.89,0.9,8,5500,4936.0
2020-08-25,2020-08-25,GAYAPROJ,B,17.28,17.45,16.76,16.94,17.14,203,38463,653668.0
2020-08-25,2020-08-25,FIEMIND,B,615.1,623.0,589.5,598.7,614.85,851,10804,6513274.0
2020-08-25,2020-08-25,JHS,B,15.5,16.26,15.5,16.26,15.49,145,49538,801953.0
2020-08-25,2020-08-25,DCBBANK,A,88.3,93.15,87.85,92.25,87.0,4888,791603,71956425.0
2020-08-25,2020-08-25,GLOBALVECT,B,61.9,63.5,59.45,61.5,61.8,178,4952,305907.0
2020-08-25,2020-08-25,INSPIRISYS,B,33.55,34.65,31.05,33.0,32.0,266,20896,685414.0
2020-08-25,2020-08-25,GTLINFRA,B,0.77,0.78,0.73,0.78,0.75,369,3265076,2492352.0
2020-08-25,2020-08-25,SHIVAMAUTO,B,17.85,18.23,17.58,18.14,17.37,253,89583,1620006.0
2020-08-25,2020-08-25,NAUKRI,A,3236.0,3298.6,3225.55,3285.0,3238.15,532,4112,13457593.0
2020-08-25,2020-08-25,TORNTPOWER,A,356.95,357.45,348.05,352.25,355.45,780,33222,11718739.0
2020-08-25,2020-08-25,PARSVNATH,B,3.33,3.33,3.19,3.24,3.32,100,12413,39906.0
2020-08-25,2020-08-25,SUTLEJTEX,B,24.8,24.8,23.25,24.05,24.55,191,19994,477915.0
2020-08-25,2020-08-25,LTFOODS,B,58.35,59.0,57.25,58.25,58.35,500,103922,6026729.0
2020-08-25,2020-08-25,SOBHA,A,258.8,261.1,250.2,251.95,257.4,830,21600,5454864.0
2020-08-25,2020-08-25,RUCHIRA,B,68.95,68.95,64.0,64.4,67.15,387,17386,1137836.0
2020-08-25,2020-08-25,TANLA,B,230.5,230.5,210.1,230.5,219.55,3158,525008,119516036.0
2020-08-25,2020-08-25,ZEEMEDIA,B,6.2,6.2,6.04,6.11,6.11,185,144734,885739.0
2020-08-25,2020-08-25,SITINET,B,1.92,1.95,1.85,1.95,1.86,136,185081,354348.0
2020-08-25,2020-08-25,LUMAXTECH,B,107.0,107.0,103.0,104.45,106.95,358,15333,1608445.0
2020-08-25,2020-08-25,AUTOIND,B,32.7,32.7,32.7,32.7,31.15,5,729,23838.0
2020-08-25,2020-08-25,NETWORK18,A,40.3,40.9,39.9,40.05,40.3,1342,154446,6210029.0
2020-08-25,2020-08-25,HUBTOWN,B,12.32,12.32,12.08,12.25,12.23,39,3179,38941.0
2020-08-25,2020-08-25,TV18BRDCST,A,34.05,34.15,33.6,33.8,33.85,271,86735,2940037.0
2020-08-25,2020-08-25,CTE,B,28.6,28.6,27.2,27.35,28.6,102,3764,103824.0
2020-08-25,2020-08-25,TIIL,B,305.0,331.0,295.0,316.35,304.5,414,9191,2864991.0
2020-08-25,2020-08-25,REDINGTON,A,122.0,124.0,116.6,121.55,119.85,770,44527,5299059.0
2020-08-25,2020-08-25,AICHAMP,XT,6.84,6.84,6.84,6.84,7.2,2,20,136.0
2020-08-25,2020-08-25,CINELINE,B,28.8,28.8,27.95,28.5,28.75,194,10337,292060.0
2020-08-25,2020-08-25,PGIL,B,145.2,152.6,145.0,146.0,148.45,379,6539,967012.0
2020-08-25,2020-08-25,FSL,A,61.3,64.6,60.95,63.75,61.1,2403,527954,33288378.0
2020-08-25,2020-08-25,PFC,A,98.0,102.2,97.65,99.05,97.9,4262,1031044,103654517.0
2020-08-25,2020-08-25,AHLUCONT,B,258.55,259.1,251.3,252.3,250.2,210,2714,689171.0
2020-08-25,2020-08-25,TFL,B,3.37,3.37,3.37,3.37,3.21,1,120,404.0
2020-08-25,2020-08-25,CCCONSTR,Z,2.78,2.78,2.52,2.52,2.65,13,11429,30210.0
2020-08-25,2020-08-25,INDIANB,A,65.5,67.4,64.7,65.3,65.8,1378,185845,12251962.0
2020-08-25,2020-08-25,SMSPHARMA,B,93.1,93.4,91.05,91.85,92.8,309,23774,2181574.0
2020-08-25,2020-08-25,ORIENTALTL,B,10.44,10.44,10.44,10.44,10.72,3,500,5220.0
2020-08-25,2020-08-25,MINDTREELTD,A,1159.65,1159.7,1131.1,1137.65,1153.1,1033,44611,50862960.0
2020-08-25,2020-08-25,ELAND,X,4.19,4.19,3.69,4.11,4.09,14,7455,28215.0
2020-08-25,2020-08-25,IDEA,A,9.21,9.25,8.91,9.02,9.09,66557,30253902,273882115.0
2020-08-25,2020-08-25,EUROCERAMIC,Z,1.35,1.36,1.35,1.36,1.3,39,103552,140805.0
2020-08-25,2020-08-25,RAJTV,B,37.8,45.0,37.2,41.1,38.3,290,12131,516248.0
2020-08-25,2020-08-25,PAGEIND,A,20910.0,21050.0,20245.0,20390.0,20851.35,857,1458,29877623.0
2020-08-25,2020-08-25,AMDIND,B,18.3,19.5,17.67,19.21,17.9,66,13430,255264.0
2020-08-25,2020-08-25,LEHAR,X,24.5,24.5,22.75,23.85,23.4,42,3242,75738.0
2020-08-25,2020-08-25,ASTRAL,A,1183.75,1198.75,1161.05,1166.9,1183.75,854,5662,6684293.0
2020-08-25,2020-08-25,EMBDL,A,68.0,69.65,67.1,67.45,66.8,1098,164710,11234097.0
2020-08-25,2020-08-25,CAMLINFINE,B,98.5,98.5,93.0,94.5,93.85,1493,241824,23257760.0
2020-08-25,2020-08-25,ICRA,B,2765.0,2940.85,2755.0,2768.05,2761.0,195,555,1562211.0
2020-08-25,2020-08-25,DISHTV,A,9.1,9.94,9.04,9.94,9.04,760,1655408,15617504.0
2020-08-25,2020-08-25,SAHYADRI,X,227.0,228.5,218.6,219.75,222.65,227,18869,4234332.0
2020-08-25,2020-08-25,SRHHYPOLTD,B,180.0,183.0,178.0,182.15,180.75,124,3762,678238.0
2020-08-25,2020-08-25,FORTIS,A,139.05,139.25,135.85,136.0,138.7,1179,34719,4742520.0
2020-08-25,2020-08-25,TGBHOTELS,B,6.45,6.45,6.45,6.45,6.15,2,117,754.0
2020-08-25,2020-08-25,HILTON,B,10.17,10.45,9.5,10.18,10.0,35,5455,55320.0
2020-08-25,2020-08-25,DELTACORP,A,115.3,118.4,112.95,115.25,115.4,2691,161613,18618908.0
2020-08-25,2020-08-25,MICEL,T,0.68,0.71,0.68,0.68,0.68,17,12949,8892.0
2020-08-25,2020-08-25,INSECTICID,B,536.65,546.0,520.6,525.1,530.35,698,9814,5212218.0
2020-08-25,2020-08-25,MCDHOLDING,B,24.5,24.85,24.2,24.5,24.75,63,5836,142843.0
2020-08-25,2020-08-25,ASAHISONG,B,220.95,235.0,213.75,227.25,214.1,1702,37890,8586811.0
2020-08-25,2020-08-25,NITINFIRE,Z,0.7,0.7,0.7,0.7,0.7,4,6369,4458.0
2020-08-25,2020-08-25,HARYNACAP,X,28.0,28.0,28.0,28.0,28.3,1,151,4228.0
2020-08-25,2020-08-25,TIMETECHNO,A,47.1,48.05,46.25,47.55,46.75,461,56160,2654900.0
2020-08-25,2020-08-25,HGS,B,732.3,744.15,715.95,728.75,738.2,174,740,542562.0
2020-08-25,2020-08-25,NELCAST,B,59.65,66.5,57.2,58.8,58.1,2822,298657,18551156.0
2020-08-25,2020-08-25,MEGHMANI,A,76.0,77.3,75.1,75.75,76.0,1525,210109,15996103.0
2020-08-25,2020-08-25,V2RETAIL,B,59.2,62.15,57.4,58.55,59.2,859,60084,3638568.0
2020-08-25,2020-08-25,DLF,A,157.7,162.45,154.8,156.4,157.65,5773,927121,146412448.0
2020-08-25,2020-08-25,TARMAT,B,41.4,43.9,41.0,42.4,42.25,252,8465,356632.0
2020-08-25,2020-08-25,ANKITMETAL,B,0.85,0.85,0.85,0.85,0.81,2,201,170.0
2020-08-25,2020-08-25,SPARC,A,188.0,188.0,181.5,181.95,185.9,522,31093,5694830.0
2020-08-25,2020-08-25,HDIL,Z,5.2,5.21,5.02,5.21,4.97,1488,2129443,11033311.0
2020-08-25,2020-08-25,SURYACHAKRA,Z,0.39,0.4,0.38,0.38,0.39,18,18206,6933.0
2020-08-25,2020-08-25,ADSL,B,24.95,26.65,24.25,26.65,24.25,476,174690,4577557.0
2020-08-25,2020-08-25,ALPA,B,27.95,29.9,27.5,29.75,28.55,395,55292,1628086.0
2020-08-25,2020-08-25,SSLEL,X,38.7,38.7,36.0,38.7,36.9,10,1650,63831.0
2020-08-25,2020-08-25,OMAXE,A,73.6,75.65,72.5,75.2,73.8,273,52809,3944995.0
2020-08-25,2020-08-25,REFEX,B,50.0,50.0,48.95,49.2,49.85,96,6282,308773.0
2020-08-25,2020-08-25,CENTRALBK,A,17.85,18.05,17.7,17.75,17.8,396,60781,1084718.0
2020-08-25,2020-08-25,SELMC,Z,1.04,1.04,0.97,1.0,1.02,63,76623,76608.0
2020-08-25,2020-08-25,NEUEON,B,0.65,0.65,0.65,0.65,0.65,263,3356,2181.0
2020-08-25,2020-08-25,ASIANTILES,B,246.05,246.05,239.4,243.25,240.5,785,24129,5838104.0
2020-08-25,2020-08-25,KPRMILL,A,558.8,580.65,548.0,553.5,551.55,688,5348,2976450.0
2020-08-25,2020-08-25,TAKE,A,60.45,60.7,56.4,57.3,58.4,1404,189881,11085339.0
2020-08-25,2020-08-25,PURVA,B,51.35,51.35,49.75,50.2,49.05,322,27487,1388194.0
2020-08-25,2020-08-25,MOTILALOFS,A,708.45,708.45,693.2,701.65,690.05,163,1393,975092.0
2020-08-25,2020-08-25,VTMLTD,X,20.4,23.6,20.4,22.4,20.4,704,181779,4117820.0
2020-08-25,2020-08-25,INDOWIND,B,3.45,3.45,3.35,3.41,3.37,40,6590,22426.0
2020-08-25,2020-08-25,NAGREEKCAP,B,5.26,5.26,5.26,5.26,5.01,3,1101,5791.0
2020-08-25,2020-08-25,MAGNUM,B,5.7,6.0,5.7,5.95,5.99,605,27501,164455.0
2020-08-25,2020-08-25,POWERGRID,A,187.7,187.7,183.15,184.75,185.15,1174,143896,26559361.0
2020-08-25,2020-08-25,KSCL,B,603.3,657.0,596.65,638.8,601.5,5321,156347,97557768.0
2020-08-25,2020-08-25,PAISALO,B,402.9,459.7,402.9,439.5,435.2,10,66,27591.0
2020-08-25,2020-08-25,SUPREMEINF,Z,10.3,10.3,9.98,9.98,10.5,17,7825,79063.0
2020-08-25,2020-08-25,MAANALU,B,66.8,67.05,66.7,66.7,66.4,15,460,30724.0
2020-08-25,2020-08-25,IL&FSENGG,Z,4.25,4.4,4.25,4.4,4.45,2,1010,4294.0
2020-08-25,2020-08-25,PARLEIND,X,14.75,14.75,13.9,14.3,14.35,741,223278,3157454.0
2020-08-25,2020-08-25,ARCOTECHLTD,B,3.16,3.16,2.92,3.0,3.06,69,22023,65833.0
2020-08-25,2020-08-25,RELIGARE,B,36.2,38.65,35.8,37.0,36.05,228,47874,1766769.0
2020-08-25,2020-08-25,BVCL,T,14.73,14.73,14.73,14.73,14.03,1,25,368.0
2020-08-25,2020-08-25,RATHIBAR,X,10.8,10.8,10.4,10.47,10.9,27,5594,59247.0
2020-08-25,2020-08-25,ADANIPORTS,A,351.9,351.9,341.05,346.15,348.85,1886,111527,38528578.0
2020-08-25,2020-08-25,EDELWEISS,A,84.7,86.25,80.4,85.25,83.1,2176,227526,18993766.0
2020-08-25,2020-08-25,RGL,B,271.15,273.1,271.0,271.0,270.15,36,202,54847.0
2020-08-25,2020-08-25,KOLTEPATIL,B,179.95,180.55,175.05,178.45,171.35,582,26674,4755197.0
2020-08-25,2020-08-25,KAUSHALYA,T,2.02,2.03,2.02,2.03,1.94,47,61850,125397.0
2020-08-25,2020-08-25,JYOTHYLAB,A,148.35,148.35,143.45,146.1,147.65,452,21338,3115626.0
2020-08-25,2020-08-25,ECLERX,A,808.8,814.65,762.1,764.8,795.75,3520,35435,27814292.0
2020-08-25,2020-08-25,TARIL,B,11.0,11.04,10.49,10.51,10.99,136,51914,552584.0
2020-08-25,2020-08-25,BRIGADE,A,167.05,176.35,166.65,169.95,165.4,693,29067,4964710.0
2020-08-25,2020-08-25,BGRENERGY,B,42.8,42.95,40.95,41.35,42.45,276,16701,698028.0
2020-08-25,2020-08-25,BURNPUR,B,1.5,1.52,1.45,1.49,1.46,38,29471,44038.0
2020-08-25,2020-08-25,MANAKSIA,B,40.7,40.7,39.05,40.15,40.2,55,2914,116840.0
2020-08-25,2020-08-25,PORWAL,X,16.84,16.84,14.63,15.12,15.54,104,12973,198905.0
2020-08-25,2020-08-25,PPAP,B,236.85,251.0,233.9,238.65,235.2,605,12205,2943799.0
2020-08-25,2020-08-25,ARIES,B,83.95,83.95,80.5,81.6,83.0,191,7581,620921.0
2020-08-25,2020-08-25,KUANTUM,B,51.0,51.5,49.85,51.0,51.85,48,2261,115198.0
2020-08-25,2020-08-25,RPOWER,A,3.71,3.75,3.61,3.67,3.7,11695,4224672,15463758.0
2020-08-25,2020-08-25,JKIL,B,120.0,123.9,117.75,122.35,117.05,1230,52190,6290691.0
2020-08-25,2020-08-25,CORDSCABLE,B,45.0,47.55,45.0,45.55,46.65,60,5161,238064.0
2020-08-25,2020-08-25,KNRCON,A,272.0,272.15,265.0,266.35,263.95,1018,29371,7860707.0
2020-08-25,2020-08-25,ONMOBILE,B,40.3,40.4,38.95,39.5,40.3,64,4775,189065.0
2020-08-25,2020-08-25,SEPC,B,4.13,4.24,4.05,4.24,4.04,160,167069,698122.0
2020-08-25,2020-08-25,BANG,B,17.15,19.3,17.15,18.65,18.9,11,624,11737.0
2020-08-25,2020-08-25,IRB,A,126.0,129.95,125.0,125.65,124.65,2606,157874,19995845.0
2020-08-25,2020-08-25,GSS,B,28.5,28.5,26.55,27.45,27.75,334,34053,932158.0
2020-08-25,2020-08-25,NAHARCAP,B,71.45,71.9,71.45,71.9,71.45,2,2,143.0
2020-08-25,2020-08-25,VGUARD,A,176.0,176.0,169.95,171.4,173.35,1656,84235,14469063.0
2020-08-25,2020-08-25,RECLTD,A,112.6,113.95,111.15,112.85,111.15,1970,428656,48300464.0
2020-08-25,2020-08-25,GOKAKTEX,X,11.2,12.21,11.2,11.24,11.63,4,244,2773.0
2020-08-25,2020-08-25,GAMMONINFRA,B,0.82,0.82,0.76,0.77,0.8,149,562451,440262.0
2020-08-25,2020-08-25,DHANI,B,190.0,202.45,190.0,200.25,192.95,2138,167276,33008119.0
2020-08-25,2020-08-25,TITAGARH,B,52.3,52.8,50.05,50.65,51.45,534,54770,2796515.0
2020-08-25,2020-08-25,KIRIINDUS,B,536.7,580.0,518.0,561.3,531.6,1828,50672,27845441.0
2020-08-25,2020-08-25,SANKHYAINFO,XT,4.87,5.0,4.64,4.98,4.87,27,5553,26651.0
2020-08-25,2020-08-25,BIRLAMONEY,B,39.0,39.45,38.2,38.5,38.85,512,40370,1565889.0
2020-08-25,2020-08-25,TELOGICA,Z,2.6,2.6,2.47,2.47,2.6,4,320,794.0
2020-08-25,2020-08-25,JAIBALAJI,B,20.5,20.5,20.5,20.5,20.5,1,11,225.0
2020-08-25,2020-08-25,BAJAJ-AUTO,A,3069.0,3069.0,2993.1,3010.0,3036.6,1905,15596,47043914.0
2020-08-25,2020-08-25,BAJAJFINSV,A,6445.0,6524.15,6403.55,6502.75,6399.2,3998,23831,154211067.0
2020-08-25,2020-08-25,GOKUL,B,16.3,16.75,16.3,16.75,16.7,7,4238,70057.0
2020-08-25,2020-08-25,RPGLIFE,B,394.0,404.0,382.5,384.6,390.95,520,8360,3301555.0
2020-08-25,2020-08-25,SENSEX1,B,402.0,404.0,402.0,403.33,399.0,14,146,58734.0
2020-08-25,2020-08-25,NIRAJ,X,33.6,34.7,33.55,33.95,33.6,14,2434,81805.0
2020-08-25,2020-08-25,RBL,B,629.0,648.5,610.05,622.05,624.75,701,6354,4009904.0
2020-08-25,2020-08-25,RANEENGINE,B,220.85,221.75,214.5,217.85,219.95,66,732,158932.0
2020-08-25,2020-08-25,METKORE,Z,0.63,0.63,0.63,0.63,0.65,3,290,182.0
2020-08-25,2020-08-25,CHLLTD,XT,8.03,8.03,7.65,7.7,7.65,5,227,1741.0
2020-08-25,2020-08-25,SEJALLTD,Z,2.62,2.62,2.38,2.62,2.5,21,13049,33708.0
2020-08-25,2020-08-25,ARCHIDPLY,B,29.85,30.2,28.65,30.0,29.3,80,5968,176808.0
2020-08-25,2020-08-25,KSKENERGY,T,0.46,0.48,0.44,0.45,0.46,30,54338,25202.0
2020-08-25,2020-08-25,LOTUSEYE,B,31.5,35.1,31.5,35.0,29.25,273,22542,757204.0
2020-08-25,2020-08-25,SOMICONVEY,B,34.25,36.15,33.15,34.46,32.87,722,62529,2158928.0
2020-08-25,2020-08-25,LGBFORGE,B,2.6,2.64,2.51,2.57,2.64,76,28658,73371.0
2020-08-25,2020-08-25,OCLIRONST,B,3.1,3.34,3.1,3.21,3.22,28,3933,12746.0
2020-08-25,2020-08-25,LPDC,B,1.4,1.4,1.4,1.4,1.35,1,1,1.0
2020-08-25,2020-08-25,SICAGEN,B,12.2,12.35,12.0,12.15,12.15,36,10238,124878.0
2020-08-25,2020-08-25,20MICRONS,B,32.9,32.9,31.0,31.1,31.5,113,11318,354388.0
2020-08-25,2020-08-25,ZFCVINDIA,A,6929.15,6983.5,6837.05,6926.2,6988.0,75,208,1441018.0
2020-08-25,2020-08-25,ALKALI,B,48.0,59.5,48.0,53.6,55.3,458,29625,1580522.0
2020-08-25,2020-08-25,ISGEC,B,290.0,293.8,281.1,283.55,289.45,1316,109165,31133116.0
2020-08-25,2020-08-25,IMFA,B,243.95,252.05,235.65,240.1,242.65,972,8771,2138295.0
2020-08-25,2020-08-25,VEDAVAAG,X,27.5,27.9,25.6,27.25,25.7,164,28625,762010.0
2020-08-25,2020-08-25,MOLDTKPAC,B,300.0,300.05,289.45,294.55,298.05,354,9690,2848482.0
2020-08-25,2020-08-25,MHRIL,A,184.5,191.9,178.75,180.8,186.0,403,7476,1384052.0
2020-08-25,2020-08-25,LANDSMILL,B,1.24,1.3,1.21,1.3,1.24,9,6621,8569.0
2020-08-25,2020-08-25,BENGALASM,B,1339.0,1339.0,1250.0,1259.45,1306.1,145,1634,2072584.0
2020-08-25,2020-08-25,ADANIPOWER,A,39.7,41.55,39.0,40.9,38.35,3650,1528460,61750135.0
2020-08-25,2020-08-25,NHPC,A,22.9,22.9,22.1,22.25,22.7,938,3390038,75298729.0
2020-08-25,2020-08-25,GLOBUSSPR,B,169.25,169.25,169.25,169.25,161.2,57,7996,1353323.0
2020-08-25,2020-08-25,OIL,A,97.0,98.7,97.0,97.4,97.35,1778,118886,11622399.0
2020-08-25,2020-08-25,SWANDEF,B,3.49,3.49,3.49,3.49,3.33,456,1836530,6409489.0
2020-08-25,2020-08-25,BTTL,X,4.4,4.85,4.4,4.8,4.62,16,3753,17148.0
2020-08-25,2020-08-25,EXPLEOSOL,B,459.5,459.6,459.5,459.6,437.75,12,562,258245.0
2020-08-25,2020-08-25,RTNPOWER,B,3.94,4.05,3.75,3.78,3.92,828,2370573,9118468.0
2020-08-25,2020-08-25,DEN,B,83.0,83.0,80.6,80.75,82.0,105,7422,602467.0
2020-08-25,2020-08-25,ASTEC,B,1248.1,1262.0,1175.0,1196.55,1232.05,727,6847,8258825.0
2020-08-25,2020-08-25,COXKINGS,Z,1.51,1.55,1.42,1.54,1.48,240,649826,979206.0
2020-08-25,2020-08-25,DLINKINDIA,B,121.9,122.3,112.25,114.25,120.25,1398,55145,6352440.0
2020-08-25,2020-08-25,JSWENERGY,A,57.9,58.05,56.6,57.6,56.85,575,84388,4851442.0
2020-08-25,2020-08-25,YUNIKM,X,3.03,3.03,2.77,2.89,2.9,7,1265,3766.0
2020-08-25,2020-08-25,GODREJPROP,A,869.0,874.4,854.05,855.25,861.85,1017,19182,16537344.0
2020-08-25,2020-08-25,DBCORP,A,79.3,79.5,77.95,78.9,78.75,685,26769,2109268.0
2020-08-25,2020-08-25,MBLINFRA,B,9.38,9.38,9.0,9.38,8.94,111,102397,952639.0
2020-08-25,2020-08-25,JUBLFOOD,A,2120.0,2130.8,2024.95,2113.5,2125.15,3857,56007,117313387.0
2020-08-25,2020-08-25,VASCONEQ,B,11.1,11.61,11.1,11.11,11.19,91,31901,359345.0
2020-08-25,2020-08-25,SYNCOMHEAL,B,1.9,1.91,1.8,1.82,1.88,56,46903,86544.0
2020-08-25,2020-08-25,THANGAMAYL,B,353.0,379.0,350.65,369.9,346.9,925,10092,3716315.0
2020-08-25,2020-08-25,DBREALTY,B,7.77,7.77,7.25,7.32,7.45,87,42841,317463.0
2020-08-25,2020-08-25,EMMBI,B,89.3,96.1,86.0,94.8,88.15,93,3426,306134.0
2020-08-25,2020-08-25,HATHWAY,T,36.0,36.8,35.35,35.85,36.4,400,47657,1705448.0
2020-08-25,2020-08-25,ARSSINFRA,B,14.45,14.52,13.88,14.44,13.83,51,7800,111194.0
2020-08-25,2020-08-25,TEXMOPIPES,B,14.64,14.99,14.35,14.96,14.5,117,18124,269166.0
2020-08-25,2020-08-25,SUNDARAM,B,1.4,1.4,1.33,1.37,1.39,65,238282,321437.0
2020-08-25,2020-08-25,COROENGG,XT,29.0,30.0,28.2,28.2,29.6,14,2601,74182.0
2020-08-25,2020-08-25,ROSSELLIND,B,114.55,114.55,114.55,114.55,109.1,2,99,11340.0
2020-08-25,2020-08-25,MANINFRA,B,29.05,29.35,28.1,28.4,28.05,676,82799,2360300.0
2020-08-25,2020-08-25,TAMBOLIIN,X,35.3,37.0,34.0,37.0,35.3,10,3601,125821.0
2020-08-25,2020-08-25,IVZINGOLD,E,4680.0,4680.0,4680.0,4680.0,4731.01,5,51,238680.0
2020-08-25,2020-08-25,DQENT,B,1.58,1.58,1.51,1.55,1.51,66,184971,287936.0
2020-08-25,2020-08-25,IL&FSTRANS,Z,1.52,1.52,1.41,1.45,1.45,32,22000,32191.0
2020-08-25,2020-08-25,PRADIPOVERS,B,0.74,0.74,0.69,0.69,0.72,14,17807,12818.0
2020-08-25,2020-08-25,PERSISTENT,A,1091.0,1111.65,1026.0,1038.2,1090.1,1244,47734,50148799.0
2020-08-25,2020-08-25,ISFT,B,85.05,85.05,85.05,85.05,81.0,11,1334,113456.0
2020-08-25,2020-08-25,GOENKA,Z,0.85,0.85,0.77,0.82,0.81,27,48502,38660.0
2020-08-25,2020-08-25,KCPSUGIND,B,16.11,16.5,15.84,15.9,16.27,205,94993,1543584.0
2020-08-25,2020-08-25,KECL,B,12.96,13.24,12.46,13.24,12.61,281,77400,1011766.0
2020-08-25,2020-08-25,TALWALKAR,Z,3.63,3.63,3.4,3.59,3.46,39,37300,130972.0
2020-08-25,2020-08-25,SATCH,X,1.36,1.41,1.31,1.4,1.37,33,65678,88010.0
2020-08-25,2020-08-25,GBGLOBAL,B,6.88,6.88,6.88,6.88,6.56,5,1120,7705.0
2020-08-25,2020-08-25,SJVN,A,24.9,24.9,24.0,24.1,24.5,505,108107,2612603.0
2020-08-25,2020-08-25,JPINFRATEC,B,1.38,1.4,1.32,1.35,1.38,423,1372511,1843400.0
2020-08-25,2020-08-25,EMAMIPAP,B,76.7,79.0,73.35,75.15,75.9,74,3270,246438.0
2020-08-25,2020-08-25,KRITINUT,X,40.1,42.9,39.0,41.45,40.9,971,134946,5436011.0
2020-08-25,2020-08-25,PARABDRUGS,Z,2.99,3.09,2.85,3.07,2.99,54,18270,54646.0
2020-08-25,2020-08-25,GKB,X,48.55,52.95,48.55,50.0,50.45,9,1874,98203.0
2020-08-25,2020-08-25,TECHNOFAB,B,10.19,10.21,9.6,10.21,9.73,43,13150,133774.0
2020-08-25,2020-08-25,HMVL,B,52.8,53.0,51.85,52.0,52.55,283,6596,345085.0
2020-08-25,2020-08-25,EMAMIREAL,B,51.85,51.85,51.0,51.85,49.4,61,5868,304155.0
2020-08-25,2020-08-25,AHLWEST,B,265.2,265.35,263.0,263.0,261.75,5,17318,4554657.0
2020-08-25,2020-08-25,AHLEAST,B,150.0,152.15,149.15,149.15,153.95,10,16358,2486254.0
2020-08-25,2020-08-25,BAJAJCON,A,179.5,181.25,176.75,177.25,179.6,1857,69622,12421468.0
2020-08-25,2020-08-25,HDFCGOLD,E,4655.0,4655.0,4600.0,4610.36,4672.58,189,726,3358310.0
2020-08-25,2020-08-25,PRAKASHSTL,B,0.87,0.89,0.83,0.83,0.87,88,102478,86546.0
2020-08-25,2020-08-25,GOLDIETF,E,46.53,46.53,45.45,45.74,46.62,461,23940,1100804.0
2020-08-25,2020-08-25,GPPL,A,90.9,90.9,84.1,85.05,86.4,900,54122,4630654.0
2020-08-25,2020-08-25,WAAREEINDO,Z,1.4,1.4,1.4,1.4,1.34,18,14557,20379.0
2020-08-25,2020-08-25,HEALTHX,B,105.7,105.7,95.65,97.5,102.45,77,3975,394958.0
2020-08-25,2020-08-25,CPCAP,B,149.9,150.5,143.0,144.7,146.6,200,5975,871274.0
2020-08-25,2020-08-25,EROSMEDIA,B,26.05,27.0,25.1,25.6,26.3,520,101895,2633586.0
2020-08-25,2020-08-25,RAMKY,B,37.0,38.25,35.05,36.25,35.55,158,6919,254760.0
2020-08-25,2020-08-25,GREENPOWER,B,2.21,2.24,2.16,2.17,2.16,288,982180,2147293.0
2020-08-25,2020-08-25,GALLISPAT,B,29.95,30.7,29.6,29.8,29.9,4,712,21213.0
2020-08-25,2020-08-25,CANTABIL,B,300.15,309.7,300.15,301.95,305.5,608,32392,9894549.0
2020-08-25,2020-08-25,WABAG,A,218.0,231.5,212.4,227.3,216.05,5942,261692,58308356.0
2020-08-25,2020-08-25,BEDMUTHA,B,15.25,15.79,15.25,15.79,15.7,9,895,14078.0
2020-08-25,2020-08-25,ASHOKA,A,73.0,76.9,71.25,74.85,73.05,6367,776545,57593709.0
2020-08-25,2020-08-25,JWL,B,14.54,14.6,13.91,14.03,14.76,96,10200,144499.0
2020-08-25,2020-08-25,OBEROIRLTY,A,381.15,384.15,370.05,372.65,379.5,599,10168,3829969.0
2020-08-25,2020-08-25,PRESTIGE,A,242.0,244.85,233.9,235.1,242.4,1352,37707,8960962.0
2020-08-25,2020-08-25,SHAH,B,3.0,3.0,2.75,2.94,2.89,32,2466,7023.0
2020-08-25,2020-08-25,COALINDIA,A,140.3,141.0,139.3,140.35,139.75,3427,1578867,221024434.0
2020-08-25,2020-08-25,GRAVITA,B,53.2,54.3,52.95,53.1,52.75,376,37385,2007956.0
2020-08-25,2020-08-25,RPPINFRA,B,62.85,64.35,59.75,61.0,61.3,303,15700,976422.0
2020-08-25,2020-08-25,RDBIPL,X,14.43,14.43,14.43,14.43,15.18,4,30,432.0
2020-08-25,2020-08-25,MOIL,A,149.2,150.55,145.5,146.1,149.15,1494,37545,5539019.0
2020-08-25,2020-08-25,ZEELEARN,B,15.58,16.0,15.23,15.28,15.39,162,35212,543891.0
2020-08-25,2020-08-25,KTIL,X,27.3,28.5,27.3,27.55,28.15,35,5063,141118.0
2020-08-25,2020-08-25,A2ZINFRA,B,5.09,5.09,5.08,5.09,4.85,180,560152,2851168.0
2020-08-25,2020-08-25,KIRLOSENG,B,110.1,122.7,110.1,118.0,112.9,3079,173491,20745112.0
2020-08-25,2020-08-25,RKDL,B,7.35,7.97,7.12,7.95,7.25,118,31510,247875.0
2020-08-25,2020-08-25,PSB,B,13.58,13.72,13.34,13.42,13.55,150,56931,768422.0
2020-08-25,2020-08-25,FMNL,B,25.2,25.2,23.6,24.45,24.2,79,7293,179539.0
2020-08-25,2020-08-25,SURANASOL,B,7.45,7.51,7.29,7.31,7.55,80,9539,69665.0
2020-08-25,2020-08-25,KICL,B,1480.8,1480.8,1475.0,1475.0,1476.65,8,9,13292.0
2020-08-25,2020-08-25,BFINVEST,B,320.0,320.0,309.1,310.15,316.0,391,7004,2195882.0
2020-08-25,2020-08-25,SUMMITSEC,B,415.0,418.0,406.5,409.8,408.1,34,76,31372.0
2020-08-25,2020-08-25,INOVSYNTH,X,5.74,5.75,5.74,5.75,5.75,8,1680,9659.0
2020-08-25,2020-08-25,STEL,B,67.95,67.95,62.6,64.15,66.45,71,4081,264550.0
2020-08-25,2020-08-25,OMKARCHEM,B,7.72,7.72,7.72,7.72,7.36,18,6096,47061.0
2020-08-25,2020-08-25,JUBLINDS,B,168.9,169.95,163.95,165.35,165.35,338,11349,1882400.0
2020-08-25,2020-08-25,BILENERGY,B,0.98,0.98,0.94,0.98,0.97,245,216446,209021.0
2020-08-25,2020-08-25,TEXRAIL,B,35.9,36.4,33.5,33.75,33.4,1830,446345,15479077.0
2020-08-25,2020-08-25,INDTERRAIN,B,32.45,34.0,31.5,31.75,32.45,740,92130,3006471.0
2020-08-25,2020-08-25,FCL,B,34.35,34.65,32.8,32.9,34.0,418,57506,1924231.0
2020-08-25,2020-08-25,DHUNINV,B,248.55,251.7,236.6,239.4,245.1,37,388,94498.0
2020-08-25,2020-08-25,ZENTEC,B,91.5,92.05,88.75,89.2,91.2,384,20962,1882132.0
2020-08-25,2020-08-25,LOVABLE,B,67.9,69.9,63.5,64.25,66.05,145,4752,313867.0
2020-08-25,2020-08-25,PFS,B,20.3,20.5,19.15,19.45,19.85,682,334915,6622966.0
2020-08-25,2020-08-25,MON100,E,852.0,854.21,842.0,849.1,852.12,495,3947,3345008.0
2020-08-25,2020-08-25,TCIDEVELP,B,305.0,305.0,305.0,305.0,303.05,3,9,2745.0
2020-08-25,2020-08-25,MUTHOOTFIN,A,1220.7,1239.5,1192.7,1197.8,1212.2,8556,152096,184780785.0
2020-08-25,2020-08-25,FCONSUMER,A,10.48,10.59,10.12,10.4,10.17,4284,3393538,35145917.0
2020-08-25,2020-08-25,BSLGOLDETF,E,4750.0,4750.0,4711.1,4711.1,4748.35,2,2,9461.0
2020-08-25,2020-08-25,SANGHFORG,B,20.41,22.0,20.41,20.51,21.46,8,1319,27305.0
2020-08-25,2020-08-25,VMS,X,8.1,8.38,7.6,7.6,7.99,31,6410,49069.0
2020-08-25,2020-08-25,KARMAENG,B,11.6,11.6,11.6,11.6,12.16,3,483,5602.0
2020-08-25,2020-08-25,DELPHIFX,B,526.95,535.0,515.1,525.25,522.1,131,1915,996786.0
2020-08-25,2020-08-25,RUSHIL,B,120.65,121.7,114.55,116.8,117.8,265,6171,726975.0
2020-08-25,2020-08-25,ENKEIWHEL,X,329.0,340.0,324.0,325.9,323.0,67,2130,703103.0
2020-08-25,2020-08-25,KRIDHANINF,B,3.78,3.78,3.6,3.78,3.6,50,330839,1249765.0
2020-08-25,2020-08-25,INVENTURE,B,19.4,19.6,19.05,19.6,19.0,1000,54087,1044470.0
2020-08-25,2020-08-25,LTF,A,67.35,69.4,67.35,68.1,67.35,3086,1126944,76933502.0
2020-08-25,2020-08-25,IBULLSLTD,A,49.3,50.65,48.5,50.1,48.25,831,166294,8333475.0
2020-08-25,2020-08-25,TREEHOUSE,B,7.5,7.51,7.41,7.41,7.79,50,9737,72697.0
2020-08-25,2020-08-25,BROOKS,B,45.4,45.4,41.3,41.3,43.45,120,11728,491490.0
2020-08-25,2020-08-25,RUPA,B,220.0,226.95,216.6,221.1,216.75,1818,35213,7807556.0
2020-08-25,2020-08-25,TDPOWERSYS,B,130.95,133.0,124.95,125.6,130.45,255,9208,1172289.0
2020-08-25,2020-08-25,GOLDAXIS,E,45.3,46.55,44.8,44.87,45.43,225,24591,1117521.0
2020-08-25,2020-08-25,APLLTD,A,1016.8,1016.8,990.0,997.85,1008.1,1411,14471,14498481.0
2020-08-25,2020-08-25,VASWANI,B,6.28,6.28,6.05,6.05,5.99,33,3337,20839.0
2020-08-25,2020-08-25,PGEL,B,52.75,52.85,52.4,52.4,52.65,5,503,26581.0
2020-08-25,2020-08-25,SETUINFRA,B,0.9,0.91,0.87,0.88,0.87,27,69004,60387.0
2020-08-25,2020-08-25,RDBRL,X,43.25,43.45,41.55,42.2,43.05,83,9960,423491.0
2020-08-25,2020-08-25,TIJARIA,B,6.54,6.55,6.35,6.35,6.24,20,10846,71015.0
2020-08-25,2020-08-25,FLEXITUFF,B,8.25,8.25,8.25,8.25,7.86,2,2,16.0
2020-08-25,2020-08-25,UEL,B,4.64,4.7,4.61,4.65,4.68,222,306256,1426624.0
2020-08-25,2020-08-25,TRITURBINE,A,74.6,75.5,70.55,74.9,73.6,276,9973,733268.0
2020-08-25,2020-08-25,ESSARSHPNG,B,10.45,10.54,10.06,10.06,10.5,71,14589,150070.0
2020-08-25,2020-08-25,LICMFGOLD,E,4820.0,4850.0,4772.0,4810.0,4860.04,15,18,86616.0
2020-08-25,2020-08-25,APLAPOLLO,A,2424.0,2480.0,2405.0,2448.7,2393.85,655,2647,6488189.0
2020-08-25,2020-08-25,GPTINFRA,B,41.0,42.5,36.45,37.1,39.7,1054,112605,4343564.0
2020-08-25,2020-08-25,FERVENTSYN,X,10.0,10.0,9.75,9.88,9.93,37,6632,66030.0
2020-08-25,2020-08-25,TERASOFT,B,31.6,31.95,30.65,30.85,31.3,58,6579,205778.0
2020-08-25,2020-08-25,PMCFIN,X,0.36,0.36,0.34,0.36,0.35,154,551215,193131.0
2020-08-25,2020-08-25,FUTSOL,XT,27.75,27.75,27.75,27.75,27.75,4,312,8658.0
2020-08-25,2020-08-25,RHIM,B,213.55,214.05,201.95,210.2,211.95,726,15927,3283698.0
2020-08-25,2020-08-25,MCX,A,1719.8,1732.0,1675.15,1695.65,1706.45,1432,33361,57026757.0
2020-08-25,2020-08-25,SCHNEIDER,B,85.5,85.5,81.65,82.25,84.6,1353,108200,9087332.0
2020-08-25,2020-08-25,NBCC,A,28.6,29.2,28.05,28.3,28.7,21843,680787,19344895.0
2020-08-25,2020-08-25,MTEDUCARE,B,13.9,13.9,13.01,13.17,13.29,45,6012,79813.0
2020-08-25,2020-08-25,HEXATRADEX,B,33.5,33.7,32.0,33.7,32.1,89,18427,607651.0
2020-08-25,2020-08-25,MAXHEIGHTS,X,11.3,11.6,11.3,11.55,11.3,7,420,4838.0
2020-08-25,2020-08-25,TBZ,B,34.95,35.75,34.1,34.9,34.75,202,18589,648499.0
2020-08-25,2020-08-25,VSSL,B,72.75,75.65,71.7,74.5,72.75,36,2481,182591.0
2020-08-25,2020-08-25,LOOKS,T,3.45,3.46,3.45,3.46,3.46,3,101,349.0
2020-08-25,2020-08-25,SPECIALITY,B,36.0,36.45,34.05,35.25,35.35,131,14209,499260.0
2020-08-25,2020-08-25,AURUS,B,3.5,3.51,3.34,3.5,3.5,39,4519,15218.0
2020-08-25,2020-08-25,META,X,1.81,1.81,1.81,1.81,1.73,1,99,179.0
2020-08-25,2020-08-25,RTNINDIA,B,11.19,11.47,11.1,11.47,10.93,2573,4557727,52231758.0
2020-08-25,2020-08-25,SAMPANN,B,2.58,2.58,2.58,2.58,2.46,1,1,2.0
2020-08-25,2020-08-25,JTLIND,X,127.95,135.0,127.5,134.5,134.0,36,6192,827233.0
2020-08-25,2020-08-25,AMTL,X,8.76,9.09,8.76,9.0,8.75,21,1031,9286.0
2020-08-25,2020-08-25,NECCLTD,B,11.04,11.04,10.01,10.04,10.53,44,9098,94157.0
2020-08-25,2020-08-25,WAAREERTL,XT,16.05,16.44,16.05,16.44,16.12,4,7500,121042.0
2020-08-25,2020-08-25,JUPITERIN,X,30.0,30.0,30.0,30.0,33.0,5,302,9060.0
2020-08-25,2020-08-25,VINAYAKPOL,X,7.45,7.45,7.45,7.45,7.28,1,1,7.0
2020-08-25,2020-08-25,DUCON,B,4.29,4.46,4.2,4.23,4.42,45,20960,90380.0
2020-08-25,2020-08-25,PROZONER,B,18.75,19.4,18.65,18.74,19.15,100,30471,572559.0
2020-08-25,2020-08-25,SRGHFL,X,143.9,143.9,132.5,133.5,138.05,29,1171,157880.0
2020-08-25,2020-08-25,LAKSHMIVILAS,A,21.6,21.95,20.9,21.5,21.45,193,48897,1040878.0
2020-08-25,2020-08-25,COMCL,B,1.8,1.8,1.75,1.8,1.84,11,3170,5582.0
2020-08-25,2020-08-25,BITL,XT,0.23,0.25,0.23,0.23,0.24,18,107906,24820.0
2020-08-25,2020-08-25,AERPACE,XT,1.82,1.82,1.82,1.82,1.74,1,1,1.0
2020-08-25,2020-08-25,RMCHEM,XT,0.51,0.52,0.5,0.52,0.51,50,1194300,597259.0
2020-08-25,2020-08-25,ZUARI,B,100.4,100.4,93.15,94.3,96.8,152,9489,924567.0
2020-08-25,2020-08-25,STEELXIND,B,32.8,34.9,32.8,34.9,33.25,70,8479,294706.0
2020-08-25,2020-08-25,TRIOMERC,X,37.0,37.15,35.75,36.0,36.0,41,29003,1044122.0
2020-08-25,2020-08-25,CIGNITITEC,B,325.85,325.85,312.3,318.4,319.6,193,2351,746345.0
2020-08-25,2020-08-25,CARERATING,A,416.5,416.5,400.25,401.9,409.9,1205,9739,3950891.0
2020-08-25,2020-08-25,PCJEWELLER,A,16.1,16.37,15.93,16.05,16.18,222,118439,1908752.0
2020-08-25,2020-08-25,INDUSTOWER,A,199.6,200.2,196.2,198.25,199.6,3194,520983,103012233.0
2020-08-25,2020-08-25,VMART,A,2150.0,2150.0,2023.5,2030.9,2086.8,340,1249,2550989.0
2020-08-25,2020-08-25,NIBE,T,14.2,15.5,14.15,14.99,14.89,19,9535,141190.0
2020-08-25,2020-08-25,MUKTA,X,2.72,2.99,2.51,2.98,2.72,12,2894,8162.0
2020-08-25,2020-08-25,MYSTICELE,X,2.02,2.22,2.02,2.22,2.02,32,12272,27066.0
2020-08-25,2020-08-25,SBISENSEX,B,412.0,419.0,410.02,413.94,414.0,97,2943,1220615.0
2020-08-25,2020-08-25,BMAL,M,2.9,3.91,2.9,3.5,3.45,3,12000,41240.0
2020-08-25,2020-08-25,REPCOHOME,A,161.25,161.25,155.95,161.25,153.6,2014,976733,157383876.0
2020-08-25,2020-08-25,NIBL,B,6.91,6.91,6.75,6.76,6.61,32,1895,13039.0
2020-08-25,2020-08-25,SREEL,B,147.0,147.75,142.85,144.9,146.65,28,255,37152.0
2020-08-25,2020-08-25,SHARDAMOTR,B,1070.0,1090.0,1030.0,1035.95,1067.6,67,484,513844.0
2020-08-25,2020-08-25,BINNYMILLS,X,87.05,87.05,87.05,87.05,88.8,6,365,31773.0
2020-08-25,2020-08-25,SVGLOBAL,X,43.35,43.35,39.3,39.5,41.35,26,5469,218822.0
2020-08-25,2020-08-25,JUSTDIAL,A,373.0,384.5,373.0,375.85,384.8,2773,130113,49121304.0
2020-08-25,2020-08-25,OONE,X,2.55,2.55,2.55,2.55,2.55,1,80,204.0
2020-08-25,2020-08-25,IFINSEC,T,8.21,8.21,8.21,8.21,7.82,1,1,8.0
2020-08-25,2020-08-25,BRAHMINFRA,XT,13.25,13.25,12.6,12.6,12.8,3,2728,35638.0
2020-08-25,2020-08-25,KHOOBSURAT,X,0.19,0.19,0.19,0.19,0.19,19,226500,43035.0
2020-08-25,2020-08-25,ORIENTCEM,A,71.15,71.35,69.4,70.45,70.4,199,12771,897780.0
2020-08-25,2020-08-25,ABFRL,A,147.0,152.9,147.0,151.2,149.4,2219,93376,14091335.0
2020-08-25,2020-08-25,SAMMAANCAP,A,206.0,209.7,202.15,206.45,202.35,9368,1224945,252671048.0
2020-08-25,2020-08-25,KUSHAL,T,3.5,3.51,3.22,3.51,3.35,121,85674,297814.0
2020-08-25,2020-08-25,TIGERLOGS,B,38.5,39.4,38.0,38.6,38.5,239,74320,2857441.0
2020-08-25,2020-08-25,RJBIOTECH,M,8.45,10.0,8.45,8.7,10.5,3,9000,81450.0
2020-08-25,2020-08-25,JKAGRI,X,851.0,894.0,840.0,879.65,851.75,195,2554,2243754.0
2020-08-25,2020-08-25,FLFL,A,128.5,132.55,127.45,129.25,126.25,1215,42769,5542814.0
2020-08-25,2020-08-25,PVVINFRA,X,4.1,4.29,3.89,3.89,4.09,30,9278,38405.0
2020-08-25,2020-08-25,VCU,T,4.05,4.1,3.97,3.97,4.05,8,1229,4984.0
2020-08-25,2020-08-25,INDRENEW,XT,9.08,10.0,9.08,10.0,9.55,18,39745,361015.0
2020-08-25,2020-08-25,FIVEXTRADE,X,0.39,0.39,0.37,0.37,0.38,4,1601,624.0
2020-08-25,2020-08-25,JPOLYINVST,B,18.52,18.52,16.82,18.52,17.64,11,936,17289.0
2020-08-25,2020-08-25,INTELSOFT,XT,34.75,38.35,34.75,38.3,36.55,4,29,1096.0
2020-08-25,2020-08-25,MOM100,B,18.09,18.45,18.06,18.2,18.02,72,29280,534232.0
2020-08-25,2020-08-25,CPL,B,35.9,36.2,34.2,35.3,35.25,321,77723,2732672.0
2020-08-25,2020-08-25,NIFTYIETF,B,121.04,121.84,120.82,121.07,121.28,253,7759,939885.0
2020-08-25,2020-08-25,NIF100IETF,B,124.28,125.64,124.28,125.03,125.7,11,221,27640.0
2020-08-25,2020-08-25,ARNOLD,X,28.75,30.15,28.5,29.55,28.9,18,4477,131908.0
2020-08-25,2020-08-25,MODEXINT,XT,6.9,6.93,6.3,6.3,6.6,20,4631,31069.0
2020-08-25,2020-08-25,SUNLOC,X,25.65,27.0,25.65,25.7,26.95,19,2002,51357.0
2020-08-25,2020-08-25,JTLDEFENCE,T,11.18,11.18,10.2,11.18,10.65,53,11088,122862.0
2020-08-25,2020-08-25,SUYOG,B,341.65,345.0,337.35,340.2,345.05,23,283,96699.0
2020-08-25,2020-08-25,NATHBIOGEN,B,328.55,352.4,320.2,337.0,323.4,1678,25105,8457226.0
2020-08-25,2020-08-25,AGRITECH,B,37.55,37.55,34.8,35.1,35.8,134,7177,259404.0
2020-08-25,2020-08-25,CHEMTECH,T,10.37,10.37,10.37,10.37,9.88,2,220,2281.0
2020-08-25,2020-08-25,NIF100BEES,B,119.0,123.8,117.36,123.44,121.0,13,87,10587.0
2020-08-25,2020-08-25,VIAANINDUS,X,0.88,0.88,0.8,0.88,0.84,463,1452524,1261693.0
2020-08-25,2020-08-25,DENISCHEM,X,47.35,47.35,42.6,43.7,45.1,51,3107,138282.0
2020-08-25,2020-08-25,LAXMIPATI,M,59.0,59.0,59.0,59.0,61.25,1,45000,2655000.0
2020-08-25,2020-08-25,LADDU,X,42.0,42.0,42.0,42.0,43.95,1,1,42.0
2020-08-25,2020-08-25,NIFTY1,B,119.3,119.64,119.04,119.27,118.75,26,401,47922.0
2020-08-25,2020-08-25,KIRANVYPAR,X,94.5,95.4,80.4,86.5,86.75,190,12307,1103021.0
2020-08-25,2020-08-25,BCP,B,5.21,5.21,5.04,5.05,5.06,21,8006,40808.0
2020-08-25,2020-08-25,RACE,M,72.5,74.0,72.5,74.0,72.65,4,17500,1287500.0
2020-08-25,2020-08-25,MANGIND,XT,0.32,0.33,0.32,0.33,0.32,13,10043,3294.0
2020-08-25,2020-08-25,VIJIFIN,B,0.55,0.58,0.55,0.58,0.57,3,7000,3862.0
2020-08-25,2020-08-25,HBGHOTELS,X,11.2,12.1,11.2,12.1,11.78,2,241,2700.0
2020-08-25,2020-08-25,RAUNAQ,XT,24.0,24.0,22.6,24.0,23.75,9,407,9213.0
2020-08-25,2020-08-25,OBILTD,T,7.75,7.75,7.04,7.74,7.39,16,2748,20019.0
2020-08-25,2020-08-25,CPSEETF,B,19.29,19.37,19.01,19.07,19.23,460,203624,3899470.0
2020-08-25,2020-08-25,HARIAAPL,XT,0.96,1.0,0.94,1.0,0.96,8,2832,2745.0
2020-08-25,2020-08-25,VASUPRADA,X,112.0,112.0,105.8,108.45,107.25,17,1101,121518.0
2020-08-25,2020-08-25,RNBDENIMS,T,31.0,31.0,30.4,30.4,32.0,2,250,7630.0
2020-08-25,2020-08-25,SHARPINV,X,0.19,0.21,0.19,0.19,0.2,80,419702,79782.0
2020-08-25,2020-08-25,WONDERLA,B,186.0,186.0,170.1,178.2,182.0,793,20235,3574000.0
2020-08-25,2020-08-25,INCREDIBLE,B,21.7,21.7,20.5,20.55,20.7,136,6253,129111.0
2020-08-25,2020-08-25,NAM,X,34.5,34.5,34.5,34.5,36.2,1,30,1035.0
2020-08-25,2020-08-25,METSL,X,106.15,108.3,106.15,106.15,108.3,43,9442,1009908.0
2020-08-25,2020-08-25,CCFCL,XT,0.24,0.24,0.23,0.24,0.24,13,4632,1099.0
2020-08-25,2020-08-25,MONEYBOXX,T,45.35,48.65,45.35,45.35,47.7,7,49,2247.0
2020-08-25,2020-08-25,QUASAR,X,7.44,7.44,7.44,7.44,7.44,3,102,758.0
2020-08-25,2020-08-25,TPROJECT,X,0.81,0.81,0.81,0.81,0.82,4,16492,13358.0
2020-08-25,2020-08-25,CTL,X,4.99,5.19,4.99,4.99,4.85,63,66027,335377.0
2020-08-25,2020-08-25,YAANENT,X,19.1,19.35,19.1,19.35,19.4,32,22611,434603.0
2020-08-25,2020-08-25,RAAMA,XT,0.29,0.29,0.28,0.28,0.29,3,701,202.0
2020-08-25,2020-08-25,SAIBABA,X,2.64,2.64,2.64,2.64,2.64,10,1847,4876.0
2020-08-25,2020-08-25,SKIPPER,B,45.85,48.75,45.85,48.3,46.95,296,16047,755572.0
2020-08-25,2020-08-25,JAMESWARREN,X,133.0,133.2,131.2,133.2,134.65,6,1551,205751.0
2020-08-25,2020-08-25,VISTARAMAR,X,22.0,22.85,21.6,22.85,21.8,14,15536,338775.0
2020-08-25,2020-08-25,APOLLOTRI,X,618.0,618.0,600.0,600.55,614.1,1422,66986,40500955.0
2020-08-25,2020-08-25,GULFOILLUB,A,730.0,730.0,690.0,695.25,727.05,1018,7273,5144516.0
2020-08-25,2020-08-25,TRIVENIENT,X,62.7,62.7,62.7,62.7,66.0,5,63,3950.0
2020-08-25,2020-08-25,VISHAL,T,272.0,272.0,272.0,272.0,272.5,1,50,13600.0
2020-08-25,2020-08-25,TOYAMSL,X,4.07,4.07,3.9,4.07,3.88,203,883686,3589460.0
2020-08-25,2020-08-25,RTFL,X,11.2,11.2,10.14,11.0,10.67,6,354,3631.0
2020-08-25,2020-08-25,VRL,X,88.65,88.65,80.25,80.25,84.45,73,7243,611952.0
2020-08-25,2020-08-25,SNOWMAN,B,36.2,36.2,34.4,34.75,34.75,433,55902,1965144.0
2020-08-25,2020-08-25,EML,XT,0.5,0.5,0.5,0.5,0.5,4,55,27.0
2020-08-25,2020-08-25,SHARDACROP,B,319.95,319.95,305.4,307.45,312.75,365,5815,1804950.0
2020-08-25,2020-08-25,SENSEXBEES,B,405.0,418.99,395.0,418.99,398.0,20,4310,1788329.0
2020-08-25,2020-08-25,SHEMAROO,B,68.0,70.35,64.0,68.15,67.0,741,60763,4082471.0
2020-08-25,2020-08-25,ULTRACAB,B,57.6,61.8,57.6,59.0,60.9,13,732,44613.0
2020-08-25,2020-08-25,ATISHAY,B,37.65,37.65,36.0,36.1,37.85,22,2803,101966.0
2020-08-25,2020-08-25,SANGAMFIN,X,39.0,39.0,35.95,39.0,37.8,8,1164,42141.0
2020-08-25,2020-08-25,DHABRIYA,B,35.0,35.0,32.0,33.0,33.8,41,6916,230853.0
2020-08-25,2020-08-25,PDSL,B,274.55,275.0,271.0,271.0,270.0,3,22,6000.0
2020-08-25,2020-08-25,CEINSYS,T,121.5,121.5,119.0,121.5,115.75,18,1459,177088.0
2020-08-25,2020-08-25,CRANEINFRA,X,3.0,3.0,3.0,3.0,3.0,1,300,900.0
2020-08-25,2020-08-25,NIYOGIN,X,43.9,44.7,43.05,44.7,43.9,5,20,872.0
2020-08-25,2020-08-25,KALYANCAP,X,32.4,32.4,29.95,32.0,31.25,191,98553,3082157.0
2020-08-25,2020-08-25,CITIZEN,XT,2.31,2.31,2.24,2.24,2.31,3,100,227.0
2020-08-25,2020-08-25,GBFL,X,2.33,2.33,2.11,2.11,2.22,19,6362,13698.0
2020-08-25,2020-08-25,SAPPL,X,192.4,193.4,178.4,180.15,175.85,41,1312,249782.0
2020-08-25,2020-08-25,AANCHALISP,T,5.51,5.51,5.5,5.51,5.25,18,22195,122244.0
2020-08-25,2020-08-25,KAIZENAGRO,T,4.2,4.2,4.2,4.2,4.0,2,1751,7354.0
2020-08-25,2020-08-25,INTELLECT,A,189.95,191.7,185.3,186.3,188.4,223,8094,1529881.0
2020-08-25,2020-08-25,MONTECARLO,B,186.3,188.2,179.0,183.8,187.15,463,8769,1620154.0
2020-08-25,2020-08-25,JSTL,X,20.15,20.15,18.85,19.0,19.35,18,2254,42974.0
2020-08-25,2020-08-25,ICL,XT,2.09,2.09,2.09,2.09,2.19,1,1000,2090.0
2020-08-25,2020-08-25,PANAFIC,X,0.23,0.23,0.23,0.23,0.24,4,1399,321.0
2020-08-25,2020-08-25,CSL,XT,11.0,11.0,10.5,10.5,10.8,8,3200,33900.0
2020-08-25,2020-08-25,NEXUSSURGL,XT,5.42,5.88,5.42,5.88,5.6,6,451,2651.0
2020-08-25,2020-08-25,EMERALD,X,7.36,7.36,7.36,7.36,7.01,1,15,110.0
2020-08-25,2020-08-25,MKEXIM,X,17.25,19.4,17.25,19.0,19.1,15,2781,51523.0
2020-08-25,2020-08-25,MCLOUD,X,53.3,53.65,52.7,53.5,53.35,767,66439,3542861.0
2020-08-25,2020-08-25,KANCHI,X,428.95,428.95,408.6,418.4,415.8,396,16366,6815606.0
2020-08-25,2020-08-25,DTIL,B,252.0,262.0,252.0,257.4,260.25,212,3714,957064.0
2020-08-25,2020-08-25,COSYN,X,26.6,26.6,24.3,25.35,25.0,24,3622,91082.0
2020-08-25,2020-08-25,KARNAVATI,B,18.8,18.85,17.9,17.9,18.8,23,10125,190389.0
2020-08-25,2020-08-25,MERCANTILE,X,7.6,7.81,7.45,7.45,7.45,13,3380,25253.0
2020-08-25,2020-08-25,GENUSPAPER,B,5.11,5.29,5.11,5.27,5.14,140,113231,592377.0
2020-08-25,2020-08-25,MINDACORP,A,81.7,83.7,77.75,79.85,80.6,1138,82475,6637799.0
2020-08-25,2020-08-25,MERCURYLAB,X,418.05,418.05,412.3,412.3,434.0,19,162,66926.0
2020-08-25,2020-08-25,CONCORD,XT,18.32,18.34,17.9,18.34,17.47,56,15209,277245.0
2020-08-25,2020-08-25,WARDINMOBI,XT,165.0,168.0,165.0,165.25,168.0,12,822,135705.0
2020-08-25,2020-08-25,GREENLAM,B,753.85,753.85,726.2,728.65,736.0,97,357,264783.0
2020-08-25,2020-08-25,TALBROSENG,X,88.55,89.0,85.25,86.0,90.25,36,1644,142886.0
2020-08-25,2020-08-25,PTCIL,XT,749.0,750.0,720.0,725.0,728.0,25,352,256063.0
2020-08-25,2020-08-25,GBLIL,XT,1.78,1.78,1.78,1.78,1.7,14,5961,10610.0
2020-08-25,2020-08-25,GITARENEW,X,5.5,5.5,5.5,5.5,5.5,1,1,5.0
2020-08-25,2020-08-25,ORTEL,Z,1.2,1.3,1.2,1.21,1.26,8,9393,11511.0
2020-08-25,2020-08-25,STARHFL,B,94.85,94.85,82.0,83.75,84.35,97,5000,423513.0
2020-08-25,2020-08-25,BEEKAY,X,244.95,249.0,235.0,240.5,237.25,72,3974,949092.0
2020-08-25,2020-08-25,SETFBSE100,B,120.0,120.0,118.0,118.46,118.79,10,27,3232.0
2020-08-25,2020-08-25,FRASER,X,2.99,3.05,2.99,3.05,2.91,11,3633,11029.0
2020-08-25,2020-08-25,TIRUPATIIN,XT,3.47,3.47,3.47,3.47,3.31,8,2324,8064.0
2020-08-25,2020-08-25,AGIIL,B,46.15,52.5,46.15,50.35,49.0,22,583,29041.0
2020-08-25,2020-08-25,BKMINDST,B,1.1,1.1,1.02,1.06,1.06,16,17381,18481.0
2020-08-25,2020-08-25,MANAKSTEEL,B,9.45,9.72,9.45,9.55,9.75,44,3146,29970.0
2020-08-25,2020-08-25,MANAKALUCO,B,9.39,9.5,9.34,9.34,9.12,30,10616,99821.0
2020-08-25,2020-08-25,MANAKCOAT,B,4.4,4.6,4.39,4.39,4.61,6,710,3124.0
2020-08-25,2020-08-25,IMAGICAA,B,5.11,5.11,4.82,4.99,5.01,48,15412,76709.0
2020-08-25,2020-08-25,INOXWIND,A,42.55,47.15,41.65,47.15,42.9,727,119237,5552036.0
2020-08-25,2020-08-25,URSUGAR,M,132.5,137.0,132.0,133.8,132.1,29,126000,16875300.0
2020-08-25,2020-08-25,SAB,X,28.85,28.85,28.85,28.85,29.3,1,393,11338.0
2020-08-25,2020-08-25,PML,X,1617.7,1617.7,1512.15,1561.65,1617.7,37,206,321828.0
2020-08-25,2020-08-25,HINDSECR,XT,4.12,4.14,4.12,4.14,4.33,3,1041,4290.0
2020-08-25,2020-08-25,ALANSCOTT,XT,21.0,21.0,21.0,21.0,20.5,1,5,105.0
2020-08-25,2020-08-25,VRLLOG,A,168.0,169.9,165.85,167.9,165.15,900,25968,4368338.0
2020-08-25,2020-08-25,BODHTREE,X,41.85,42.0,39.0,40.0,39.8,382,25763,1029831.0
2020-08-25,2020-08-25,MEP,B,18.45,19.05,17.95,18.65,18.2,203,59722,1111320.0
2020-08-25,2020-08-25,WARDWIZFBL,X,2.7,2.79,2.6,2.6,2.66,8,1273,3412.0
2020-08-25,2020-08-25,UFO,B,79.5,79.55,77.5,77.9,79.2,663,34651,2708780.0
2020-08-25,2020-08-25,PANTH,X,9.08,9.08,9.08,9.08,9.26,7,1850,16798.0
2020-08-25,2020-08-25,SHIVALIK,X,474.0,478.9,450.0,469.75,472.6,761,33280,15519010.0
2020-08-25,2020-08-25,PNCINFRA,A,158.0,176.4,157.05,173.85,154.6,2069,105260,17773448.0
2020-08-25,2020-08-25,ARFIN,X,40.95,41.0,37.3,38.9,39.7,43,3935,155457.0
2020-08-25,2020-08-25,HELPAGE,XT,12.18,12.18,12.18,12.18,11.6,1,1,12.0
2020-08-25,2020-08-25,HAWAENG,XT,23.2,24.0,23.2,24.0,24.4,5,950,22399.0
2020-08-25,2020-08-25,AIIL,X,145.0,149.0,140.0,140.0,145.0,5,152,22210.0
2020-08-25,2020-08-25,POEL,X,20.75,20.75,20.0,20.3,21.1,20,2545,51903.0
2020-08-25,2020-08-25,AEL,X,10.05,11.15,9.75,11.0,10.75,10,885,9695.0
2020-08-25,2020-08-25,DEVHARI,X,4.56,4.62,4.56,4.62,4.8,7,125,573.0
2020-08-25,2020-08-25,CAPFIN,XT,2.27,2.38,2.27,2.33,2.27,2,2,4.0
2020-08-25,2020-08-25,SGFIN,XT,2.12,2.12,2.12,2.12,2.12,3,16200,34344.0
2020-08-25,2020-08-25,SATIA,B,128.0,128.0,119.15,120.75,124.7,187,9249,1122736.0
2020-08-25,2020-08-25,GARMNTMNTR,M,38.0,38.5,38.0,38.5,38.0,3,9000,343500.0
2020-08-25,2020-08-25,MUL,X,13.05,13.05,12.55,12.55,12.8,157,37764,478709.0
2020-08-25,2020-08-25,SPORTKING,XT,325.2,325.2,325.2,325.2,309.75,14,80,26016.0
2020-08-25,2020-08-25,GROWINGTON,M,39.1,39.45,34.2,38.35,39.5,15,115000,4410500.0
2020-08-25,2020-08-25,AMBITION,B,5.99,6.59,5.99,6.59,6.3,5,2650,17373.0
2020-08-25,2020-08-25,JIYAECO,B,11.75,12.41,11.75,11.95,12.23,86,19534,237181.0
2020-08-25,2020-08-25,RUDRA,T,102.95,102.95,102.95,102.95,101.95,1,1,102.0
2020-08-25,2020-08-25,LOYAL,T,36.15,36.15,33.0,33.0,34.45,21,14416,494452.0
2020-08-25,2020-08-25,GGPL,T,53.25,56.85,53.25,55.05,54.15,130,61061,3346135.0
2020-08-25,2020-08-25,MRSS,MT,5.87,5.88,5.87,5.88,5.6,6,5400,31740.0
2020-08-25,2020-08-25,GPL,X,291.6,305.0,277.25,292.95,291.8,10,1428,415519.0
2020-08-25,2020-08-25,BALKRISHNA,B,14.84,14.84,13.72,14.64,14.4,60,1268,17624.0
2020-08-25,2020-08-25,SHYAMCENT,B,3.57,3.57,3.57,3.57,3.4,7,1624,5797.0
2020-08-25,2020-08-25,ADANIENSOL,A,289.9,303.1,276.5,292.15,286.6,4126,275917,80180000.0
2020-08-25,2020-08-25,STARDELTA,X,103.1,108.0,103.1,108.0,103.1,11,758,81805.0
2020-08-25,2020-08-25,SAMSRITA,XT,64.3,64.3,61.8,61.8,63.05,5,61,3772.0
2020-08-25,2020-08-25,SYNGENE,A,480.0,512.9,475.25,503.75,477.55,4042,91448,45755705.0
2020-08-25,2020-08-25,PECOS,M,29.95,32.2,29.95,32.2,26.85,5,5000,158550.0
2020-08-25,2020-08-25,MSL,T,63.7,63.7,57.8,58.15,60.7,35,2873,170640.0
2020-08-25,2020-08-25,KAYA,B,250.1,252.0,234.6,242.75,244.95,821,16018,3900441.0
2020-08-25,2020-08-25,SYMBIOX,X,0.82,0.82,0.82,0.82,0.81,14,136320,111782.0
2020-08-25,2020-08-25,ORTINGLOBE,B,21.75,21.8,20.6,21.8,20.8,305,40090,862336.0
2020-08-25,2020-08-25,AURUM,B,752.55,756.0,749.0,749.05,750.05,198,1622,1219529.0
2020-08-25,2020-08-25,OSWALGREEN,B,14.25,14.26,13.15,13.95,13.59,192,90870,1285549.0
2020-08-25,2020-08-25,SUNRAKSHAK,X,20.92,20.92,20.92,20.92,19.93,3,110,2301.0
2020-08-25,2020-08-25,ARVSMART,B,100.0,104.5,100.0,101.6,101.05,570,18677,1916088.0
2020-08-25,2020-08-25,POWERMECH,B,470.0,493.4,470.0,480.25,459.2,3419,65337,31496886.0
2020-08-25,2020-08-25,CANOPYFIN,XT,10.62,10.62,10.62,10.62,11.17,48,110000,1168200.0
2020-08-25,2020-08-25,RAMASTEEL,B,39.7,39.7,39.15,39.15,41.15,7,987,38646.0
2020-08-25,2020-08-25,THINKINK,B,22.95,23.25,22.1,22.9,22.95,157,215067,4873774.0
2020-08-25,2020-08-25,NFIL,XT,6.68,6.68,6.68,6.68,6.38,1,10,66.0
2020-08-25,2020-08-25,SENSEXBETA,B,415.0,419.12,415.0,419.12,411.1,4,4,1668.0
2020-08-25,2020-08-25,NIFTYBETA,B,1201.0,1226.84,1201.0,1221.75,1225.04,7,13,15893.0
2020-08-25,2020-08-25,VETO,B,47.85,47.85,46.2,46.45,47.3,35,1127,52979.0
2020-08-25,2020-08-25,NAVKARCORP,B,29.25,30.3,29.0,29.2,29.0,327,64808,1910499.0
2020-08-25,2020-08-25,SHREEPUSHK,B,123.75,123.75,119.5,122.5,121.5,781,32005,3927349.0
2020-08-25,2020-08-25,GUJENERGY,A,321.4,329.0,320.45,327.0,320.0,1774,44468,14449722.0
2020-08-25,2020-08-25,SADBHIN,B,19.05,22.15,18.8,21.3,18.5,2618,1125406,23453692.0
2020-08-25,2020-08-25,PRABHAT,B,70.9,70.9,68.55,68.6,70.65,57,2261,157481.0
2020-08-25,2020-08-25,SALAUTO,X,149.9,158.95,149.9,150.25,149.75,16,582,87584.0
2020-08-25,2020-08-25,POLYSPIN,X,71.0,76.0,71.0,72.0,75.9,3,400,30195.0
2020-08-25,2020-08-25,PRITIKAUTO,X,97.8,98.5,94.25,95.7,97.8,43,25322,2418252.0
2020-08-25,2020-08-25,SKC,T,5.71,5.95,5.71,5.95,5.95,9,5875,33786.0
2020-08-25,2020-08-25,ACME,X,7.9,8.05,7.9,8.05,7.9,4,486,3907.0
2020-08-25,2020-08-25,BELLACASA,B,70.0,70.0,66.5,69.95,70.0,28,2467,167085.0
2020-08-25,2020-08-25,MALLCOM,X,249.0,252.0,236.05,252.0,240.85,18,572,139124.0
2020-08-25,2020-08-25,SATIN,B,79.75,80.0,78.0,78.85,79.35,110,8591,683750.0
2020-08-25,2020-08-25,GENCON,X,58.8,58.8,53.05,54.75,56.1,65,9443,521424.0
2020-08-25,2020-08-25,MUZALI,X,8.39,8.39,8.07,8.07,8.23,17,15768,130708.0
2020-08-25,2020-08-25,TEJNAKSH,T,37.0,37.0,34.35,35.2,36.1,27,8992,315890.0
2020-08-25,2020-08-25,IDFCFIRSTB,A,32.5,32.85,31.75,32.0,32.15,7998,2126270,68434279.0
2020-08-25,2020-08-25,INDIGO,A,1162.1,1205.0,1161.7,1165.35,1157.95,8104,200413,235805443.0
2020-08-25,2020-08-25,SHK,A,85.4,88.9,83.45,85.55,85.05,1030,74525,6418745.0
2020-08-25,2020-08-25,ECOFINITY,X,10.5,10.5,10.48,10.48,10.5,3,250,2622.0
2020-08-25,2020-08-25,PANORAMA,XT,61.75,61.75,61.75,61.75,65.0,6,699,43163.0
2020-08-25,2020-08-25,SHREEGANES,X,109.3,109.3,109.3,109.3,109.3,1,100,10930.0
2020-08-25,2020-08-25,GTV,X,22.45,22.45,22.45,22.45,21.4,4,625,14031.0
2020-08-25,2020-08-25,LICNETFN50,B,120.0,121.41,117.5,119.8,119.17,11,25,2993.0
2020-08-25,2020-08-25,LICNETFSEN,B,400.0,400.0,390.5,390.5,403.0,2,2,790.0
2020-08-25,2020-08-25,QUINT,X,331.0,331.0,329.95,330.0,328.0,4,510,168308.0
2020-08-25,2020-08-25,HDFCNIFTY,B,1210.0,1210.0,1194.11,1201.8,1195.41,12,523,624715.0
2020-08-25,2020-08-25,HDFCSENSEX,B,4120.0,4194.0,4110.0,4194.0,4098.8,8,25,103339.0
2020-08-25,2020-08-25,UDAYJEW,X,103.85,103.9,97.3,99.4,99.0,62,10124,1006246.0
2020-08-25,2020-08-25,GROVY,XT,25.65,25.65,25.65,25.65,24.45,1,100,2565.0
2020-08-25,2020-08-25,ALKEM,A,2805.0,2840.0,2778.3,2795.75,2800.05,470,2610,7299544.0
2020-08-25,2020-08-25,LALPATHLAB,A,1870.0,1870.0,1834.05,1841.0,1845.1,920,4852,8987640.0
2020-08-25,2020-08-25,NAVKETAN,XT,0.25,0.27,0.25,0.27,0.26,3,1511,407.0
2020-08-25,2020-08-25,SCTL,B,0.9,1.03,0.86,0.89,0.9,143,932693,845829.0
2020-08-25,2020-08-25,CREATIVE,X,406.2,442.0,406.2,440.4,424.6,6,148,64941.0
2020-08-25,2020-08-25,AAYUSH,X,40.3,40.3,38.8,38.8,39.55,134,18760,746534.0
2020-08-25,2020-08-25,LUXIND,A,1369.5,1369.5,1328.3,1332.3,1355.45,351,1734,2319336.0
2020-08-25,2020-08-25,ABHIINFRA,X,1.3,1.37,1.25,1.37,1.31,13,7675,10059.0
2020-08-25,2020-08-25,APOORVA,X,13.37,13.37,12.15,13.17,12.75,12,499,6611.0
2020-08-25,2020-08-25,NH,A,355.0,356.0,343.4,344.45,346.25,856,9818,3417949.0
2020-08-25,2020-08-25,SUPHA,XT,44.3,44.3,44.3,44.3,42.2,22,4514,199970.0
2020-08-25,2020-08-25,AARNAV,X,45.2,45.2,45.1,45.1,45.2,2,2,90.0
2020-08-25,2020-08-25,ACEWIN,M,8.57,10.3,8.57,10.3,9.52,6,57600,550560.0
2020-08-25,2020-08-25,MISHTANN,XT,6.93,6.93,6.93,6.93,6.8,27,22464,155675.0
2020-08-25,2020-08-25,JSLHISAR,A,101.1,101.95,96.0,99.05,100.9,1850,137705,13548533.0
2020-08-25,2020-08-25,KEIL,X,20.75,21.75,20.75,21.75,20.75,7,217,4710.0
2020-08-25,2020-08-25,BCLENTERPR,X,17.4,17.8,17.4,17.8,17.45,64,25540,450520.0
2020-08-25,2020-08-25,PRECAM,B,36.8,36.8,34.45,35.3,36.45,466,73502,2613857.0
2020-08-25,2020-08-25,TEAMLEASE,A,2400.0,2400.0,2268.75,2329.4,2309.35,219,679,1576862.0
2020-08-25,2020-08-25,BESTAGRO,X,788.1,788.1,762.0,788.1,772.65,801,38468,30237304.0
2020-08-25,2020-08-25,ACEMEN,XT,20.4,20.6,19.25,20.0,19.85,28,24400,477562.0
2020-08-25,2020-08-25,RCL,XT,19.35,19.35,19.35,19.35,20.35,5,127,2457.0
2020-08-25,2020-08-25,QUICKHEAL,B,138.6,139.6,131.8,135.35,138.3,1004,41072,5594432.0
2020-08-25,2020-08-25,KAPILRAJ,X,6.9,6.95,6.9,6.9,6.85,199,250011,1729575.0
2020-08-25,2020-08-25,KPEL,B,78.25,85.8,78.25,80.5,82.05,5,24,1938.0
2020-08-25,2020-08-25,GOKULAGRO,B,15.38,15.38,14.55,15.15,14.65,29,2146,31757.0
2020-08-25,2020-08-25,FREDUN,X,230.0,247.9,230.0,231.4,236.2,82,1854,436617.0
2020-08-25,2020-08-25,SIMBHALS,B,9.09,9.39,8.79,8.91,8.95,37,4038,36469.0
2020-08-25,2020-08-25,MEAPL,XT,13.06,13.06,11.82,11.82,12.44,22,100046,1182580.0
2020-08-25,2020-08-25,DARJEELING,X,4.15,4.15,4.07,4.07,4.15,17,2056,8396.0
2020-08-25,2020-08-25,PDMJEPAPER,B,15.8,15.8,15.0,15.25,15.27,33,5169,78351.0
2020-08-25,2020-08-25,HCG,B,130.05,130.15,128.75,128.9,129.2,125,4989,643630.0
2020-08-25,2020-08-25,UMIYA,B,9.3,9.3,9.3,9.3,9.0,3,20,186.0
2020-08-25,2020-08-25,BHARATWIRE,B,25.35,25.85,24.5,25.1,25.05,22,1455,36512.0
2020-08-25,2020-08-25,CHDCHEM,B,40.4,40.4,40.35,40.4,39.65,833,249455,10076653.0
2020-08-25,2020-08-25,CCAVENUE,A,76.95,77.55,76.0,76.85,76.5,569,46009,3537003.0
2020-08-25,2020-08-25,LELAVOIR,X,21.5,21.5,21.5,21.5,21.5,1,4000,86000.0
2020-08-25,2020-08-25,SICLTD,X,0.91,0.91,0.91,0.91,0.91,2,51,46.0
2020-08-25,2020-08-25,SUPERIOR,XT,96.6,96.7,93.7,93.7,96.6,109,2850,272592.0
2020-08-25,2020-08-25,LANCER,B,51.35,51.35,47.5,51.35,48.95,147,30382,1530494.0
2020-08-25,2020-08-25,EQUITAS,A,55.5,56.4,54.65,55.5,55.6,952,247034,13713681.0
2020-08-25,2020-08-25,SKIL,B,3.46,3.61,3.43,3.48,3.61,38,9571,33157.0
2020-08-25,2020-08-25,THYROCARE,A,804.35,811.8,768.0,775.6,804.45,1351,16165,12704271.0
2020-08-25,2020-08-25,BAJAJHCARE,B,365.0,365.0,357.0,358.85,362.6,175,11176,4019974.0
2020-08-25,2020-08-25,UJJIVAN,A,251.65,256.65,248.2,252.0,249.65,2125,161792,40777498.0
2020-08-25,2020-08-25,CROMPTON,A,261.85,267.0,259.0,263.95,261.1,681,11628,3048660.0
2020-08-25,2020-08-25,PILANIINVS,B,1598.25,1607.0,1525.1,1570.65,1572.0,64,279,437662.0
2020-08-25,2020-08-25,DARSHANORNA,B,12.85,12.85,12.85,12.85,13.5,15,1136,14597.0
2020-08-25,2020-08-25,PARAGMILK,A,112.95,114.2,108.9,110.8,111.4,1461,91963,10247105.0
2020-08-25,2020-08-25,MADHAVIPL,X,7.0,7.0,6.45,6.8,6.7,234,174022,1140971.0
2020-08-25,2020-08-25,NAGAFERT,B,5.01,5.01,4.84,4.84,4.95,88,61290,299407.0
2020-08-25,2020-08-25,MIL,XT,38.85,38.85,38.85,38.85,38.1,3,56,2175.0
2020-08-25,2020-08-25,YASHCHEM,B,62.0,62.75,61.0,62.05,62.75,38,4220,262061.0
2020-08-25,2020-08-25,MAXVIL,B,45.6,46.5,43.4,43.85,45.25,237,17319,775459.0
2020-08-25,2020-08-25,NV20IETF,B,57.66,60.5,57.66,58.63,58.88,52,389,22716.0
2020-08-25,2020-08-25,TAALTECH,X,178.0,185.45,175.0,182.65,176.95,246,12474,2252178.0
2020-08-25,2020-08-25,MGL,A,1056.0,1070.5,1033.9,1039.3,1059.3,1906,57449,60246102.0
2020-08-25,2020-08-25,ZEAL,B,63.2,66.0,62.5,64.3,64.6,30,1196,77567.0
2020-08-25,2020-08-25,QUESS,A,390.0,390.0,369.0,370.45,369.8,426,9366,3485988.0
2020-08-25,2020-08-25,DIGJAMLMTD,Z,2.9,3.02,2.87,2.98,3.02,42,25883,75989.0
2020-08-25,2020-08-25,MIDSELIETF,B,64.5,67.2,63.61,65.11,64.97,32,2061,132947.0
2020-08-25,2020-08-25,ASYL,T,11.87,11.87,11.86,11.86,11.31,2,22,261.0
2020-08-25,2020-08-25,HIIL,X,999.9,1122.2,911.1,1118.7,935.2,183,5849,6478724.0
2020-08-25,2020-08-25,TITAANIUM,M,5.05,5.9,5.0,5.9,5.0,17,136000,696000.0
2020-08-25,2020-08-25,COMSYN,B,51.0,51.0,48.3,50.15,49.45,18,7070,349383.0
2020-08-25,2020-08-25,LLOYDSENGG,B,0.86,0.86,0.83,0.83,0.85,139,299203,249672.0
2020-08-25,2020-08-25,LTM,A,2365.0,2388.95,2333.8,2343.7,2341.1,1330,6666,15722096.0
2020-08-25,2020-08-25,EASTWEST,X,61.1,62.0,59.0,59.85,61.45,46,6916,415266.0
2020-08-25,2020-08-25,BSLSENETFG,B,435.64,435.64,435.0,435.0,436.0,2,4,1740.0
2020-08-25,2020-08-25,COLORCHIPS,X,6.8,6.8,6.8,6.8,6.8,1,20,136.0
2020-08-25,2020-08-25,ASHARI,XT,9.18,9.18,9.18,9.18,9.1,1,5,45.0
2020-08-25,2020-08-25,ADVENZYMES,A,241.15,247.6,238.2,240.75,239.65,881,30183,7316912.0
2020-08-25,2020-08-25,LAHL,XT,3.02,3.02,3.02,3.02,3.06,1,1,3.0
2020-08-25,2020-08-25,PTIL,B,339.0,339.35,339.0,339.35,344.4,8,2152,729832.0
2020-08-25,2020-08-25,DBL,A,399.0,399.45,385.25,388.35,396.1,878,17984,7048690.0
2020-08-25,2020-08-25,SPAL,B,105.0,107.35,100.0,104.05,107.55,564,15157,1563794.0
2020-08-25,2020-08-25,BIGBLOC,T,44.0,46.0,44.0,46.0,44.1,2,95,4270.0
2020-08-25,2020-08-25,FRETAIL,A,124.0,124.8,117.15,119.25,114.25,15626,1875469,225874781.0
2020-08-25,2020-08-25,RBLBANK,A,184.9,194.25,184.9,188.85,184.45,9886,1404072,267524825.0
2020-08-25,2020-08-25,SHIVAEXPO,M,1.95,1.96,1.95,1.96,1.87,3,30000,58600.0
2020-08-25,2020-08-25,BLS,B,123.0,123.0,117.0,117.7,121.0,320,11696,1393051.0
2020-08-25,2020-08-25,MITSU,B,98.5,102.0,80.25,93.35,98.05,58,12063,1141448.0
2020-08-25,2020-08-25,DHATRE,B,24.85,26.0,24.85,26.0,24.85,4,610,15170.0
2020-08-25,2020-08-25,SABEVENTS,B,1.25,1.25,1.25,1.25,1.23,1,1,1.0
2020-08-25,2020-08-25,TIAANC,X,28.0,28.0,25.35,27.05,28.15,120,54667,1444661.0
2020-08-25,2020-08-25,LTTS,A,1590.75,1592.35,1520.0,1538.25,1579.75,1528,6925,10741054.0
2020-08-25,2020-08-25,GNA,B,227.45,251.0,224.0,242.5,223.3,1187,27631,6695299.0
2020-08-25,2020-08-25,SIIL,XT,6.16,6.16,6.16,6.16,6.16,2,100,616.0
2020-08-25,2020-08-25,ICICIPRULI,A,446.95,448.05,440.3,446.9,442.85,985,27992,12460918.0
2020-08-25,2020-08-25,IISL,XT,15.2,15.2,14.05,14.15,14.75,17,2630,37157.0
2020-08-25,2020-08-25,ARCFIN,X,0.54,0.54,0.54,0.54,0.52,2,11,5.0
2020-08-25,2020-08-25,HPL,B,36.5,38.65,36.5,38.15,38.5,264,19917,757830.0
2020-08-25,2020-08-25,SAGARSOFT,X,59.15,65.3,59.15,62.25,57.9,189,21885,1372988.0
2020-08-25,2020-08-25,VALIANTORG,M,2928.0,3010.0,2802.0,2973.4,2990.95,107,18600,54499200.0
2020-08-25,2020-08-25,SHASHIJIT,B,22.0,29.95,22.0,26.4,26.9,15,2875,79672.0
2020-08-25,2020-08-25,MHEL,M,33.8,35.9,33.8,35.9,34.85,3,9000,316650.0
2020-08-25,2020-08-25,ENDURANCE,A,1079.85,1079.85,1055.0,1067.45,1076.35,321,1701,1814504.0
2020-08-25,2020-08-25,SUPRAPFSL,XT,18.75,18.75,18.75,18.75,17.9,1,2,37.0
2020-08-25,2020-08-25,PNBHOUSING,A,271.0,281.6,269.5,275.65,269.5,3637,150756,41607517.0
2020-08-25,2020-08-25,SOUTHERNIN,XT,12.9,12.9,12.85,12.85,13.1,4,12,154.0
2020-08-25,2020-08-25,REGENCY,X,27.65,29.5,26.5,29.44,27.5,171,56823,1622343.0
2020-08-25,2020-08-25,VBL,A,771.85,774.2,756.0,761.85,768.2,369,2808,2148749.0
2020-08-25,2020-08-25,FRANKLININD,X,10.97,10.97,10.97,10.97,10.97,1,36,394.0
2020-08-25,2020-08-25,LKPSEC,X,5.19,5.19,5.0,5.08,4.97,28,17367,88782.0
2020-08-25,2020-08-25,OSIAJEE,X,37.0,38.0,35.0,36.05,35.9,110,38321,1370947.0
2020-08-25,2020-08-25,SFL,A,1390.0,1390.0,1350.0,1359.1,1371.5,242,797,1087144.0
2020-08-25,2020-08-25,EIKO,XT,30.3,30.3,30.3,30.3,28.9,1,1,30.0
2020-08-25,2020-08-25,HEADSUP,B,9.91,10.2,9.61,9.97,9.74,109,35965,360182.0
2020-08-25,2020-08-25,TCIEXP,A,798.9,842.7,792.0,808.1,789.0,1094,197836,157353287.0
2020-08-25,2020-08-25,LAURUSLABS,A,1200.05,1215.6,1146.95,1156.5,1190.55,11771,172076,201538585.0
2020-08-25,2020-08-25,NEWLIGHT,XT,31.9,35.2,31.9,35.2,33.55,2,501,15988.0
2020-08-25,2020-08-25,SNTCL,XT,1.01,1.02,1.01,1.02,1.06,7,19682,20024.0
2020-08-25,2020-08-25,SHANGAR,XT,93.5,93.5,93.5,93.5,91.7,43,9721,908913.0
2020-08-25,2020-08-25,TRU,X,118.75,136.55,113.0,136.55,113.8,113,17899,2334385.0
2020-08-25,2020-08-25,PRICOLLTD,B,42.55,44.7,42.55,44.7,42.6,595,34871,1537835.0
2020-08-25,2020-08-25,JITFINFRA,T,7.69,7.69,7.41,7.69,7.33,21,5111,39292.0
2020-08-25,2020-08-25,RMC,M,16.0,16.99,16.0,16.98,15.88,3,6000,99940.0
2020-08-25,2020-08-25,PARMAX,XT,43.1,43.1,39.0,43.1,41.05,9,836,34201.0
2020-08-25,2020-08-25,LLFICL,X,42.25,42.25,39.25,40.55,41.3,59,3152,126261.0
2020-08-25,2020-08-25,DANUBE,XT,10.74,10.81,10.74,10.81,10.74,13,1572,16991.0
2020-08-25,2020-08-25,RADIOCITY,B,22.3,23.25,21.7,22.6,21.15,932,507007,11419181.0
2020-08-25,2020-08-25,DMART,A,2270.0,2350.0,2262.9,2339.8,2250.0,4799,49004,113792839.0
2020-08-25,2020-08-25,BSLRIFS3RG,B,10.9,10.9,10.84,10.84,10.01,5,1100,11989.0
2020-08-25,2020-08-25,KDLL,XT,28.85,28.85,27.6,28.4,27.6,11,23700,677231.0
2020-08-25,2020-08-25,ONTIC,X,5.3,5.48,5.3,5.48,5.38,595,615438,3272064.0
2020-08-25,2020-08-25,MANOMAY,M,30.0,32.6,30.0,32.6,32.8,2,8000,250400.0
2020-08-25,2020-08-25,MAXIMUS,B,90.0,92.5,89.0,92.05,88.95,53,20267,1831526.0
2020-08-25,2020-08-25,CLEDUCATE,B,44.95,45.9,44.0,44.85,44.85,38,887,39833.0
2020-08-25,2020-08-25,OCEANIC,T,40.5,40.5,40.5,40.5,39.0,1,1,40.0
2020-08-25,2020-08-25,SHANKARA,A,418.7,418.7,392.5,399.0,412.5,1326,21713,8749842.0
2020-08-25,2020-08-25,KMSMEDI,M,34.05,34.05,34.05,34.05,33.0,1,4000,136200.0
2020-08-25,2020-08-25,STARLENT,M,62.8,64.1,62.8,63.0,63.95,3,15000,949500.0
2020-08-25,2020-08-25,SCHAND,B,76.25,83.75,75.85,83.4,79.8,266,12530,995725.0
2020-08-25,2020-08-25,IRBINVIT,IF,38.0,38.01,38.0,38.0,37.98,18,65000,2470050.0
2020-08-25,2020-08-25,HUDCO,A,38.05,39.55,37.75,38.05,37.35,922,251236,9684362.0
2020-08-25,2020-08-25,PSPPROJECT,B,447.3,479.05,434.7,467.1,440.35,1152,12881,5911427.0
2020-08-25,2020-08-25,GKL,B,54.15,58.0,54.15,58.0,57.0,5,313,17881.0
2020-08-25,2020-08-25,INDIGRID,IF,100.87,100.9,100.75,100.87,100.94,20,44226,4460039.0
2020-08-25,2020-08-25,STARCEMENT,A,87.5,92.0,87.5,91.2,91.45,389,16664,1516152.0
2020-08-25,2020-08-25,TEJASNET,B,63.8,65.0,63.25,64.95,63.9,321,32093,2073734.0
2020-08-25,2020-08-25,ERIS,A,551.25,552.7,535.2,537.8,548.15,343,3644,1975903.0
2020-08-25,2020-08-25,GTPL,B,101.0,103.8,99.6,102.8,100.9,276,9072,920801.0
2020-08-25,2020-08-25,AUBANK,A,738.45,747.2,726.55,739.1,733.05,1399,31482,23219884.0
2020-08-25,2020-08-25,LOWVOLIETF,B,97.0,98.6,95.91,95.91,95.87,13,21,2039.0
2020-08-25,2020-08-25,GGENG,B,65.25,66.0,62.95,63.0,65.95,471,70054,4491084.0
2020-08-25,2020-08-25,7NR,B,9.45,9.63,9.45,9.63,9.45,115,66692,642036.0
2020-08-25,2020-08-25,BHAGYAPROP,B,22.0,22.0,21.95,22.0,22.1,2,10,219.0
2020-08-25,2020-08-25,SALASAR,B,181.05,182.4,177.2,178.75,180.5,49,2754,490640.0
2020-08-25,2020-08-25,GANGESSECU,B,39.5,40.3,38.0,40.05,37.3,10,230,9131.0
2020-08-25,2020-08-25,PALASHSECU,B,30.35,30.35,27.65,27.75,28.95,4,199,5908.0
2020-08-25,2020-08-25,AVADHSUGAR,B,203.0,203.75,195.05,197.2,202.1,280,6557,1306579.0
2020-08-25,2020-08-25,MAGADSUGAR,B,129.9,130.2,128.0,128.8,129.1,43,853,109932.0
2020-08-25,2020-08-25,SPTL,B,2.72,2.74,2.59,2.67,2.71,517,1102386,2917453.0
2020-08-25,2020-08-25,GSTL,B,134.9,135.85,121.55,123.05,123.5,580,69931,9019919.0
2020-08-25,2020-08-25,NEXT50BETA,B,290.0,290.0,280.15,283.31,286.0,7,8,2273.0
2020-08-25,2020-08-25,SIS,A,388.0,393.05,385.0,386.8,390.35,103,1115,431640.0
2020-08-25,2020-08-25,COCHINSHIP,A,359.95,365.0,355.0,356.8,358.7,1341,35618,12811783.0
2020-08-25,2020-08-25,HALEOSLABS,B,463.0,484.7,462.75,475.2,459.8,346,3369,1587822.0
2020-08-25,2020-08-25,KIOCL,B,147.45,152.5,146.2,147.35,147.45,545,13143,1975619.0
2020-08-25,2020-08-25,SMRUTHIORG,X,225.0,225.0,225.0,225.0,214.3,21,1278,287550.0
2020-08-25,2020-08-25,ABCAPITAL,A,62.1,63.35,61.6,61.95,62.2,1722,314521,19552705.0
2020-08-25,2020-08-25,APEX,B,288.55,291.6,277.45,282.65,286.0,848,24021,6844517.0
2020-08-25,2020-08-25,SHISHIND,M,47.0,47.0,47.0,47.0,45.0,1,4000,188000.0
2020-08-25,2020-08-25,KCDGROUP,XT,90.0,90.0,90.0,90.0,92.1,1,150,13500.0
2020-08-25,2020-08-25,AMFL,B,3.0,3.0,2.93,2.98,2.98,108,84253,248063.0
2020-08-25,2020-08-25,DIXON,A,8165.0,8260.0,8143.0,8218.75,8122.55,457,1340,10993865.0
2020-08-25,2020-08-25,BRNL,B,38.95,38.95,35.6,36.0,36.0,50,2786,101369.0
2020-08-25,2020-08-25,DCAL,A,192.25,193.7,186.0,187.4,191.25,492,15807,2977552.0
2020-08-25,2020-08-25,LASA,B,57.7,61.75,57.0,60.95,58.85,582,55834,3349878.0
2020-08-25,2020-08-25,MATRIMONY,B,553.95,570.0,520.0,547.4,572.15,1271,2423999,1261850023.0
2020-08-25,2020-08-25,RHFL,B,2.17,2.17,2.1,2.11,2.13,188,224556,477389.0
2020-08-25,2020-08-25,CAPACITE,B,141.85,143.85,137.65,139.55,137.6,809,10238,1435661.0
2020-08-25,2020-08-25,SAGAR,M,6.25,7.32,5.5,6.19,6.1,67,270000,1865370.0
2020-08-25,2020-08-25,ICICIGI,A,1287.95,1287.95,1262.6,1266.1,1275.3,2745,22317,28436384.0
2020-08-25,2020-08-25,SBILIFE,A,864.0,866.1,838.0,847.8,860.65,2724,42913,36395155.0
2020-08-25,2020-08-25,DIAMONDYD,B,607.0,608.3,596.45,600.15,601.15,78,1470,882521.0
2020-08-25,2020-08-25,SHAREINDIA,B,106.7,106.7,94.95,94.95,99.75,27,3760,364949.0
2020-08-25,2020-08-25,TTFL,M,36.25,36.25,34.2,34.2,38.0,3,7200,252480.0
2020-08-25,2020-08-25,SAYAJIIND,X,122.0,122.85,120.0,120.0,117.0,15,1307,160519.0
2020-08-25,2020-08-25,VANTABIO,M,152.0,162.35,151.95,162.35,159.9,10,7500,1162162.0
2020-08-25,2020-08-25,MEHAI,B,33.75,33.75,32.0,32.5,32.15,49,16032,530838.0
2020-08-25,2020-08-25,IRIS,M,27.0,28.0,27.0,28.0,27.6,6,24000,652800.0
2020-08-25,2020-08-25,SGRL,M,122.0,140.75,122.0,140.0,117.3,17,28500,3871800.0
2020-08-25,2020-08-25,GODREJAGRO,A,493.0,495.4,486.8,490.35,489.7,418,5298,2597830.0
2020-08-25,2020-08-25,MESCON,XT,5.29,5.55,5.08,5.55,5.29,63,20079,110512.0
2020-08-25,2020-08-25,MASFIN,A,815.0,824.4,787.5,791.3,798.1,298,2071,1669120.0
2020-08-25,2020-08-25,IEX,A,197.0,197.0,191.1,192.1,190.05,1102,69683,13431755.0
2020-08-25,2020-08-25,GICRE,A,152.5,153.65,148.25,149.5,151.8,797,39581,5948034.0
2020-08-25,2020-08-25,SCPL,M,132.0,140.0,131.1,139.35,138.5,15,12800,1752760.0
2020-08-25,2020-08-25,TIINDIA,A,658.0,667.95,623.55,648.15,638.35,4307,66923,43413402.0
2020-08-25,2020-08-25,NAM-INDIA,A,276.0,281.85,275.2,278.5,280.55,3358,95032,26485358.0
2020-08-25,2020-08-25,MAHLOG,A,355.7,366.85,347.4,361.3,355.7,1812,15087,5462412.0
2020-08-25,2020-08-25,NIACL,A,117.65,117.65,115.55,116.25,115.45,949,54723,6361695.0
2020-08-25,2020-08-25,IFGLEXPOR,B,191.7,193.0,171.0,171.55,186.1,1285,25209,4499123.0
2020-08-25,2020-08-25,KHADIM,B,124.45,126.0,122.25,123.9,124.3,273,5084,629279.0
2020-08-25,2020-08-25,5PAISA,T,348.5,353.0,343.1,353.0,348.5,21,280,98647.0
2020-08-25,2020-08-25,HDFCLIFE,A,598.55,603.9,593.35,599.8,598.55,2144,52081,31154350.0
2020-08-25,2020-08-25,SBRANDS,M,3.93,3.93,3.93,3.93,4.01,2,2000,7860.0
2020-08-25,2020-08-25,SHARIKA,M,21.0,21.0,21.0,21.0,21.0,1,3000,63000.0
2020-08-25,2020-08-25,ICICIB22,B,27.49,27.62,27.31,27.39,27.49,239,24320,667134.0
2020-08-25,2020-08-25,HHOF1140DD,B,10.0,10.0,10.0,10.0,10.0,1,10,100.0
2020-08-25,2020-08-25,HHOF1140RG,B,7.1,7.55,7.1,7.52,7.44,11,26000,194550.0
2020-08-25,2020-08-25,RATNABHUMI,M,48.25,48.6,48.25,48.55,49.75,3,32000,1547600.0
2020-08-25,2020-08-25,SHALBY,B,87.1,87.55,83.7,84.05,86.5,376,11773,999911.0
2020-08-25,2020-08-25,FSC,B,149.0,149.0,146.45,147.75,144.1,483,17276,2555018.0
2020-08-25,2020-08-25,DACEFRG,B,9.34,10.0,9.34,10.0,10.0,3,1500,14665.0
2020-08-25,2020-08-25,MRCAGRO,M,6.0,6.25,6.0,6.25,6.27,5,40000,247040.0
2020-08-25,2020-08-25,CRYSTAL,X,9.8,9.8,9.8,9.8,10.0,2,10,98.0
2020-08-25,2020-08-25,VITESSE,XT,42.35,45.8,42.35,45.65,44.55,8,135,6132.0
2020-08-25,2020-08-25,ASTRON,B,45.75,46.75,44.25,45.7,45.15,218,20798,939804.0
2020-08-25,2020-08-25,CHANDRIMA,XT,24.6,24.6,23.4,23.4,23.45,110,31787,745850.0
2020-08-25,2020-08-25,APOLLO,B,126.5,127.3,123.0,124.3,126.25,255,9268,1164520.0
2020-08-25,2020-08-25,NEWGEN,B,200.8,210.0,197.15,208.3,195.7,1052,31508,6460985.0
2020-08-25,2020-08-25,PRAXIS,B,30.25,31.25,30.0,30.7,30.55,76,940,28854.0
2020-08-25,2020-08-25,AMBER,A,1823.6,1857.4,1812.95,1821.6,1823.6,999,8899,16297399.0
2020-08-25,2020-08-25,ASHOKAMET,M,2.13,2.2,2.13,2.2,2.21,2,12000,25980.0
2020-08-25,2020-08-25,GALAXYSURF,A,1896.0,1896.0,1848.0,1862.2,1875.55,330,2040,3804235.0
2020-08-25,2020-08-25,GGL,M,53.0,53.0,53.0,53.0,55.5,1,1000,53000.0
2020-08-25,2020-08-25,IWP,X,28.8,28.9,27.2,27.9,27.1,127,13593,374672.0
2020-08-25,2020-08-25,BHATIA,M,68.9,68.9,68.9,68.9,67.0,2,8000,551200.0
2020-08-25,2020-08-25,SHIVAMILLS,B,26.35,26.45,25.55,25.55,26.55,19,631,16396.0
2020-08-25,2020-08-25,ASTERDM,A,141.4,143.85,138.6,139.4,142.3,744,25525,3584611.0
2020-08-25,2020-08-25,YSL,XT,9000.1,9000.1,9000.1,9000.1,9100.0,2,10,90001.0
2020-08-25,2020-08-25,KANCOTEA,X,34.05,35.1,34.05,35.1,35.8,11,1057,36785.0
2020-08-25,2020-08-25,HGINFRA,B,230.7,232.1,217.4,218.35,227.6,566,59709,13365994.0
2020-08-25,2020-08-25,ABSLRIF6RG,B,6.33,6.33,6.33,6.33,6.2,1,2500,15825.0
2020-08-25,2020-08-25,BPLPHARMA,XT,503.3,503.3,456.2,503.3,479.35,494,26676,13127461.0
2020-08-25,2020-08-25,LIQUIDETF,F,1000.0,1000.01,999.99,1000.0,1000.01,77,1986,1985998.0
2020-08-25,2020-08-25,BDL,A,441.7,441.7,424.6,427.1,436.55,989,20005,8636543.0
2020-08-25,2020-08-25,ACTIVE,M,8.7,8.7,8.7,8.7,8.7,1,2000,17400.0
2020-08-25,2020-08-25,BANDHANBNK,A,296.65,297.7,291.15,293.35,294.9,4815,361901,106461265.0
2020-08-25,2020-08-25,HAL,A,1214.95,1214.95,1160.25,1171.85,1197.15,4839,49027,57676606.0
2020-08-25,2020-08-25,DHARAN,T,93.95,96.0,90.0,91.75,93.8,121,14903,1361830.0
2020-08-25,2020-08-25,SANDHAR,B,240.6,240.6,233.0,235.6,237.05,116,1350,318521.0
2020-08-25,2020-08-25,BENARA,M,15.75,16.45,15.05,16.0,15.75,15,42000,663800.0
2020-08-25,2020-08-25,ISEC,A,486.1,510.0,485.85,505.85,485.8,5764,106231,52968281.0
2020-08-25,2020-08-25,MIDHANI,A,225.7,229.0,218.5,221.25,223.45,2545,99808,22344950.0
2020-08-25,2020-08-25,OBCL,M,37.5,37.5,37.5,37.5,37.5,2,70000,2625000.0
2020-08-25,2020-08-25,TRL,M,4.45,4.45,4.45,4.45,4.45,1,4000,17800.0
2020-08-25,2020-08-25,LEMONTREE,A,30.6,31.5,29.95,30.15,31.15,2072,314148,9595428.0
2020-08-25,2020-08-25,CHEMFAB,B,161.5,170.0,160.0,161.3,166.75,265,10004,1645573.0
2020-08-25,2020-08-25,ORIENTELEC,A,204.1,208.4,200.7,202.3,200.65,731,19397,3976975.0
2020-08-25,2020-08-25,DHRUV,M,23.25,24.8,20.35,22.0,25.4,8,16000,353300.0
2020-08-25,2020-08-25,INDOUS,M,47.5,47.5,47.5,47.5,47.0,1,2500,118750.0
2020-08-25,2020-08-25,BSE500IETF,B,155.0,157.0,153.3,154.86,155.57,36,613,95256.0
2020-08-25,2020-08-25,INDOSTAR,A,264.0,283.7,256.0,276.3,258.5,532,7900,2163254.0
2020-08-25,2020-08-25,PARVATI,XT,1.45,1.45,1.33,1.34,1.39,21,36499,52677.0
2020-08-25,2020-08-25,MEGASTAR,M,36.85,36.85,36.85,36.85,33.8,1,2000,73700.0
2020-08-25,2020-08-25,INNOVATORS,M,18.7,18.7,18.65,18.65,19.55,2,3200,59760.0
2020-08-25,2020-08-25,ZIMLAB,XT,92.0,98.8,92.0,94.05,94.1,62,3270,313744.0
2020-08-25,2020-08-25,AFFORDABLE,M,46.35,46.35,44.6,45.65,44.4,5,8000,367440.0
2020-08-25,2020-08-25,DOLLAR,B,161.0,161.0,151.05,156.25,156.15,218,7052,1103365.0
2020-08-25,2020-08-25,WAA,M,20.6,20.6,20.6,20.6,20.0,1,800,16480.0
2020-08-25,2020-08-25,ADANIGREEN,A,425.0,435.0,400.0,424.8,414.3,12867,344048,145296067.0
2020-08-25,2020-08-25,UNICK,XT,29.45,29.45,29.35,29.35,28.05,18,4113,121122.0
2020-08-25,2020-08-25,SOLARA,B,1015.2,1020.7,976.35,984.35,1009.6,905,11406,11284323.0
2020-08-25,2020-08-25,TALWGYM,Z,2.05,2.16,2.0,2.15,2.07,27,18332,38198.0
2020-08-25,2020-08-25,GAYAHWS,T,0.45,0.47,0.44,0.46,0.46,36,78975,35684.0
2020-08-25,2020-08-25,RITES,A,252.1,256.5,251.4,252.65,252.75,1822,45187,11474380.0
2020-08-25,2020-08-25,FINEORG,A,2852.0,2944.0,2666.45,2687.85,2767.5,6153,37596,105791925.0
2020-08-25,2020-08-25,VARROC,A,329.2,343.95,314.05,330.65,326.55,4073,98138,32589961.0
2020-08-25,2020-08-25,RAJNISH,M,18.0,18.0,18.0,18.0,17.1,2,2400,43200.0
2020-08-25,2020-08-25,GUJWIND,X,14.7,14.7,14.0,14.0,14.7,43,8186,115764.0
2020-08-25,2020-08-25,TVF1G,B,8.75,9.15,8.75,9.15,9.4,2,2100,18415.0
2020-08-25,2020-08-25,TCNSBRANDS,A,387.9,391.0,381.95,390.1,386.7,773,4462,1734734.0
2020-08-25,2020-08-25,ASHNI,X,3.4,3.4,3.4,3.4,3.57,4,273,928.0
2020-08-25,2020-08-25,RACONTEUR,M,31.75,31.75,31.75,31.75,30.55,1,1600,50800.0
2020-08-25,2020-08-25,HDFCAMC,A,2500.0,2516.9,2461.55,2490.0,2474.95,4034,43409,108098449.0
2020-08-25,2020-08-25,VIVANTA,XT,3.22,3.24,3.22,3.24,3.13,7,1952,6322.0
2020-08-25,2020-08-25,TVF2G,B,8.8,8.8,8.75,8.76,8.11,13,20290,177710.0
2020-08-25,2020-08-25,CREDITACC,A,599.0,658.5,594.9,610.0,590.8,2831,44993,27976605.0
2020-08-25,2020-08-25,IPRU3168,B,8.65,8.65,8.65,8.65,9.3,2,8000,69200.0
2020-08-25,2020-08-25,NEXT50IETF,B,27.87,28.25,27.47,28.25,28.37,19,170,4728.0
2020-08-25,2020-08-25,SPACEINCUBA,X,0.42,0.42,0.42,0.42,0.42,8,41944,17616.0
2020-08-25,2020-08-25,SGIL,M,95.0,95.0,90.0,91.1,99.0,10,30000,2780000.0
2020-08-25,2020-08-25,LIQUIDIETF,F,1000.01,1000.01,1000.0,1000.0,1000.0,3,210,210000.0
2020-08-25,2020-08-25,IRCON,A,97.4,97.65,95.5,96.8,95.9,1335,96236,9303472.0
2020-08-25,2020-08-25,SETFSN50,B,329.99,329.99,311.01,311.01,323.96,3,214,66821.0
2020-08-25,2020-08-25,MANORAMA,M,700.0,720.0,677.1,709.0,700.0,15,9000,6352740.0
2020-08-25,2020-08-25,INNOVATIVE,M,10.89,10.99,10.88,10.89,10.47,42,106000,1157650.0
2020-08-25,2020-08-25,NIOSAG,B,8.39,8.39,8.01,8.01,8.39,3,3,24.0
2020-08-25,2020-08-25,AAVAS,A,1493.15,1550.95,1455.0,1512.45,1460.4,922,5756,8745559.0
2020-08-25,2020-08-25,GRSE,B,209.1,214.4,208.25,208.75,209.0,1033,39623,8338646.0
2020-08-25,2020-08-25,A1L,M,67.95,67.95,62.5,62.5,67.75,11,28000,1829500.0
2020-08-25,2020-08-25,SUNRETAIL,M,21.25,24.0,21.25,24.0,22.5,2,6000,135750.0
2020-08-25,2020-08-25,BCPL,M,53.5,53.5,53.5,53.5,54.0,1,4000,214000.0
2020-08-25,2020-08-25,ATGL,A,171.45,188.8,169.2,185.05,171.45,8257,659831,118839653.0
2020-08-25,2020-08-25,NETRIPPLES,X,5.58,5.58,5.58,5.58,5.69,4,192,1071.0
2020-08-25,2020-08-25,NIFTYETF,B,116.1,117.0,116.1,116.75,116.1,106,10112,1177010.0
2020-08-25,2020-08-25,TECHNOE,B,199.65,217.2,199.65,209.15,199.2,1683,20367,4222064.0
2020-08-25,2020-08-25,IPRU3218,B,10.26,10.26,10.26,10.26,10.22,1,1000,10260.0
2020-08-25,2020-08-25,NIVAKA,X,10.64,11.15,10.64,11.15,11.2,5,54,601.0
2020-08-25,2020-08-25,DALBHARAT,A,765.35,767.55,751.0,753.15,769.95,1068,6183,4684753.0
2020-08-25,2020-08-25,ABSLNN50ET,B,305.0,320.0,278.0,286.0,295.16,45,1503,438460.0
2020-08-25,2020-08-25,NILASPACES,B,1.42,1.45,1.42,1.42,1.49,61,256948,365013.0
2020-08-25,2020-08-25,TREJHARA,B,8.76,10.43,8.76,10.39,9.49,9,1019,10584.0
2020-08-25,2020-08-25,DECCAN,M,49.0,49.0,43.0,46.05,46.6,33,73200,3375060.0
2020-08-25,2020-08-25,KPIGREEN,M,60.55,63.55,60.55,63.55,63.45,5,8000,489200.0
2020-08-25,2020-08-25,RPSGVENT,B,278.8,294.65,274.95,283.05,254.5,4543,119750,33986956.0
2020-08-25,2020-08-25,SPENCERS,B,90.0,91.15,88.05,88.4,90.4,724,48022,4298517.0
2020-08-25,2020-08-25,GLOSTERLTD,X,498.5,518.0,498.5,508.85,501.4,52,985,501893.0
2020-08-25,2020-08-25,XELPMOC,T,154.4,158.9,149.0,157.6,151.35,696,33006,5145202.0
2020-08-25,2020-08-25,RITCO,M,17.85,18.15,17.65,17.9,17.85,11,17600,316240.0
2020-08-25,2020-08-25,CHALET,B,172.5,173.95,162.4,165.7,167.6,637,29281,4916357.0
2020-08-25,2020-08-25,KRANTI,M,17.25,18.0,17.25,18.0,19.0,3,9000,159750.0
2020-08-25,2020-08-25,ANUP,B,531.0,535.7,525.0,528.4,531.25,165,1522,805299.0
2020-08-25,2020-08-25,ARVINDFASN,A,169.55,169.55,154.3,157.55,161.5,1342,154332,25189411.0
2020-08-25,2020-08-25,MAHIP,M,4.27,4.27,4.27,4.27,4.39,1,4000,17080.0
2020-08-25,2020-08-25,ENERGYINF,IF,94.0,94.0,94.0,94.0,0.0,9,5000000,470000000.0
2020-08-25,2020-08-25,HBEL,M,109.95,109.95,109.95,109.95,109.95,2,2000,219900.0
2020-08-25,2020-08-25,MSTCLTD,B,158.0,158.45,153.0,154.55,156.65,563,18058,2805052.0
2020-08-25,2020-08-25,EMBASSY,IF,360.0,360.54,357.75,359.18,362.13,40,8400,3018798.0
2020-08-25,2020-08-25,CKFSL,Z,0.71,0.71,0.71,0.71,0.74,18,77800,55238.0
2020-08-25,2020-08-25,RVNL,A,22.65,22.75,22.2,22.3,22.5,962,352361,7878897.0
2020-08-25,2020-08-25,METROPOLIS,A,1787.0,1859.0,1787.0,1828.95,1787.0,1223,6359,11688300.0
2020-08-25,2020-08-25,KPITTECH,A,84.8,85.55,82.0,82.75,83.85,1156,39091,3272645.0
2020-08-25,2020-08-25,POLYCAB,A,901.95,901.95,865.15,869.45,887.0,968,12023,10570806.0
2020-08-25,2020-08-25,VRFILMS,M,64.0,64.0,64.0,64.0,63.1,2,2000,128000.0
2020-08-25,2020-08-25,VIKASLIFE,B,18.4,18.4,18.24,18.39,17.53,4978,5003792,92000039.0
2020-08-25,2020-08-25,NEOGEN,B,818.8,818.8,740.9,740.9,779.85,749,15448,12188597.0
2020-08-25,2020-08-25,AEPL,B,86.5,86.5,81.0,81.55,83.5,36,864,70637.0
2020-08-25,2020-08-25,MAHESH,XT,5.17,5.17,5.17,5.17,5.07,6,1059,5475.0
2020-08-25,2020-08-25,PPL,B,85.7,85.7,79.0,80.25,78.65,547,37587,3072229.0
2020-08-25,2020-08-25,DGCONTENT,B,8.76,8.76,8.76,8.76,8.35,5,216,1892.0
2020-08-25,2020-08-25,SBC,M,29.15,29.15,28.95,29.05,28.95,7,42000,1218600.0
2020-08-25,2020-08-25,INDIAMART,B,3694.0,3883.0,3599.0,3710.3,3519.5,3588,24465,91361060.0
2020-08-25,2020-08-25,DCMNVL,B,28.25,28.25,27.5,27.5,27.8,8,210,5870.0
2020-08-25,2020-08-25,BANKIETF,B,227.5,229.7,226.3,228.58,227.06,97,1830,418249.0
2020-08-25,2020-08-25,SNXT50BEES,B,34.05,36.84,34.05,36.84,34.05,8,12,431.0
2020-08-25,2020-08-25,AFFLE,B,2695.0,2803.2,2588.25,2803.2,2548.4,5448,38737,105665392.0
2020-08-25,2020-08-25,SEACOAST,X,36.55,36.55,36.55,36.55,34.85,3,39600,1447380.0
2020-08-25,2020-08-25,PVTBANIETF,B,123.0,126.83,123.0,125.02,122.58,27,640,79978.0
2020-08-25,2020-08-25,SPANDANA,B,611.35,614.35,590.5,612.35,606.3,215,3519,2111789.0
2020-08-25,2020-08-25,SWSOLAR,B,274.65,276.8,259.45,264.05,271.8,1050,27808,7370662.0
2020-08-25,2020-08-25,ALPHALOGIC,MS,92.5,92.5,90.0,90.0,94.15,2,3200,292000.0
2020-08-25,2020-08-25,NOVATEOR,M,3.62,3.8,3.62,3.8,3.62,3,18000,67320.0
2020-08-25,2020-08-25,360ONE,B,1173.6,1173.6,1112.0,1134.25,1132.8,224,1383,1568845.0
2020-08-25,2020-08-25,IIFLCAPS,B,46.25,46.95,44.05,44.35,46.25,564,80055,3600697.0
2020-08-25,2020-08-25,MUFIN,X,15.9,16.53,15.51,16.37,16.17,19,2792,45231.0
2020-08-25,2020-08-25,FLUOROCHEM,B,523.15,538.45,500.35,532.75,512.85,1700,20300,10648133.0
2020-08-25,2020-08-25,IRCTC,B,1349.0,1355.0,1340.0,1342.0,1337.95,2040,17982,24204715.0
2020-08-25,2020-08-25,NIESSPE,B,1.03,1.03,1.03,1.03,0.94,1,6,6.0
2020-08-25,2020-08-25,NIEHSPD,B,1.84,1.84,1.55,1.69,1.71,31,12076,19527.0
2020-08-25,2020-08-25,NIEHSPG,B,3.64,3.64,3.64,3.64,3.64,1,50,182.0
2020-08-25,2020-08-25,NIESSPL,B,1.82,1.82,1.55,1.57,1.66,8,14600,26291.0
2020-08-25,2020-08-25,GOBLIN,M,36.0,36.85,34.0,36.0,33.5,19,44000,1554200.0
2020-08-25,2020-08-25,GENSOL,M,80.0,83.55,79.8,83.55,79.8,4,6400,517360.0
2020-08-25,2020-08-25,VISHWARAJ,B,88.5,89.65,88.5,88.9,89.05,36,5776,514140.0
2020-08-25,2020-08-25,GREENPANEL,B,49.0,49.0,46.5,46.5,48.9,498,29703,1385832.0
2020-08-25,2020-08-25,SHAHLON,X,44.0,45.45,43.5,44.8,43.55,641,22119,990876.0
2020-08-25,2020-08-25,ABSLBANETF,B,220.0,234.0,215.2,223.9,227.32,44,333,74069.0
2020-08-25,2020-08-25,ANUROOP,M,12.0,12.01,12.0,12.0,11.88,3,30000,360100.0
2020-08-25,2020-08-25,CSBBANK,B,214.75,233.4,214.0,227.9,213.3,1151,39975,8957528.0
2020-08-25,2020-08-25,UJJIVANSFB,B,35.1,36.0,35.05,35.2,35.55,280,46816,1653318.0
2020-08-25,2020-08-25,HINDWAREAP,B,89.7,91.05,85.05,87.6,88.2,773,20850,1835253.0
2020-08-25,2020-08-25,PRINCEPIPE,B,172.0,177.6,170.85,172.45,166.45,2475,113738,19874348.0
2020-08-25,2020-08-25,EBBETF0430,F,1085.0,1090.0,1082.82,1088.69,1082.91,14,512,554849.0
2020-08-25,2020-08-25,ARTEMISMED,B,169.85,169.85,169.85,169.85,166.1,1,1,169.0
2020-08-25,2020-08-25,SUMICHEM,B,293.0,293.0,281.2,284.75,290.7,1136,35936,10262457.0
2020-08-25,2020-08-25,MIDCAPIETF,B,65.82,66.13,65.82,66.13,65.98,2,42,2768.0
2020-08-25,2020-08-25,NEXT50,B,279.3,279.3,277.6,278.6,279.08,9,125,34850.0
2020-08-25,2020-08-25,TRANWAY21,MS,9.0,9.1,9.0,9.05,8.0,2,20000,181000.0
2020-08-25,2020-08-25,JANUSCORP,M,105.0,105.0,105.0,105.0,105.0,1,3000,315000.0
2020-08-25,2020-08-25,BIRLATYRES,B,23.4,23.4,22.1,22.25,22.85,469,108969,2431518.0
2020-08-25,2020-08-25,UNIVPHOTO,T,250.35,250.35,226.55,226.7,238.45,56,2942,698887.0
2020-08-25,2020-08-25,ICLORGANIC,M,22.75,22.75,22.5,22.5,21.3,4,24000,542400.0
2020-08-25,2020-08-25,COHANCE,B,708.0,728.9,695.1,701.4,705.75,2081,27660,19666363.0
2020-08-25,2020-08-25,SMAUTO,M,12.35,12.5,12.35,12.5,13.25,2,16000,198800.0
2020-08-25,2020-08-25,SBICARD,B,838.05,841.75,822.85,827.35,836.2,4257,60173,49984888.0
2020-08-25,2020-08-25,11GPG,B,6.4,6.4,5.86,6.09,6.0,87,19171,116811.0
2020-08-25,2020-08-25,11AGG,B,27.65,27.65,27.65,27.65,25.14,5,201,5557.0
2020-08-25,2020-08-25,POWERINDIA,B,1046.3,1050.8,999.0,1021.2,1049.3,761,9627,9841586.0
2020-08-25,2020-08-25,DJML,M,38.0,38.0,38.0,38.0,37.75,1,6000,228000.0
2020-08-25,2020-08-25,NIRMITEE,MS,253.0,253.0,253.0,253.0,255.0,1,600,151800.0
2020-08-25,2020-08-25,AARTISURF,T,510.75,510.75,462.15,510.75,486.45,1888,162705,82130730.0
2020-08-25,2020-08-25,BOROLTD,T,183.15,183.15,171.05,175.95,174.45,228,32895,5930866.0
2020-08-25,2020-08-25,ROSSARI,B,810.0,816.1,785.1,792.35,800.45,1996,76485,61173380.0
2020-08-25,2020-08-25,NDRAUTO,B,241.3,241.3,241.3,241.3,254.0,11,67,16167.0
2020-08-25,2020-08-25,EBBETF0425,F,995.0,999.0,990.1,990.45,991.02,16,31,30733.0
2020-08-25,2020-08-25,EBBETF0431,F,990.0,990.0,976.0,979.31,980.37,104,3784,3705360.0
2020-08-25,2020-08-25,MINDSPACE,IF,310.51,314.0,310.51,313.72,313.86,49,11200,3504838.0
2020-08-25,2020-08-25,SBGLP,MT,16.5,16.5,16.5,16.5,17.25,1,8000,132000.0
2020-08-25,2020-08-25,MAXHEALTH,T,123.8,123.8,123.8,123.8,117.95,665,447350,55381930.0
2020-08-25,2020-08-25,ITIETF,B,174.01,194.99,174.01,180.0,190.0,9,76,13798.0
2020-08-25,2020-08-25,SENSEXIETF,B,418.0,418.5,418.0,418.0,414.22,9,30,12548.0
2020-08-25,2020-08-25,TATAMTRDVR,A,45.3,48.45,44.9,47.9,44.7,3437,1542542,72655330.0
2020-08-25,2020-08-25,FELDVR,B,20.45,20.55,18.65,18.7,19.6,391,45994,890012.0
2020-08-25,2020-08-25,JISLDVREQS,B,12.31,12.31,11.75,11.83,12.29,123,20845,247746.0
2020-08-25,2020-08-25,GATECHDVR,T,1.51,1.51,1.51,1.51,1.44,1,1,1.0
2020-08-25,2020-08-25,KARURVYSYA,B,36.4,39.9,36.25,39.15,35.9,2096,863157,33193175.0
2020-08-25,2020-08-25,VEEDOL,B,4711.1,4742.9,4657.0,4664.75,4713.65,104,276,1294541.0
2020-08-25,2020-08-25,AMRUTANJAN,B,478.5,478.95,469.05,472.4,477.85,433,5341,2526009.0
2020-08-25,2020-08-25,XPROINDIA,B,22.55,22.55,22.25,22.35,22.9,4,217,4883.0
2020-08-25,2020-08-25,HISARMETAL,B,81.0,81.9,74.45,76.25,80.95,370,15095,1171703.0
2020-08-25,2020-08-25,BHARATRAS,B,10099.95,10194.95,9660.0,9895.3,9760.45,292,628,6227639.0
2020-08-25,2020-08-25,EASTSILK,B,1.28,1.28,1.28,1.28,1.22,20,17325,22176.0
2020-08-25,2020-08-25,FACT,B,50.55,50.55,49.55,49.9,50.15,94,8855,443446.0
2020-08-25,2020-08-25,GINNIFILA,B,12.05,12.45,12.05,12.45,11.94,208,18886,232955.0
2020-08-25,2020-08-25,SPIC,B,23.1,23.1,20.8,21.4,21.95,359,60502,1303665.0
2020-08-25,2020-08-25,DENORA,B,234.9,234.9,225.0,227.0,233.6,415,2230,512171.0
2020-08-25,2020-08-25,HARITASEAT,B,410.0,440.45,402.0,431.4,418.9,120,2639,1128596.0
2020-08-25,2020-08-25,SAKSOFT,B,296.45,310.0,285.1,291.95,291.15,170,2951,894030.0
2020-08-25,2020-08-25,SALONA,B,58.35,58.45,58.2,58.2,64.65,28,90,5251.0
2020-08-25,2020-08-25,ANDHRSUGAR,B,326.45,330.0,320.7,322.6,327.2,367,7461,2422547.0
2020-08-25,2020-08-25,IMPAL,B,549.0,552.15,539.0,552.15,564.55,34,374,205003.0
2020-08-25,2020-08-25,KCP,B,67.4,68.5,66.15,66.6,67.35,482,53356,3608922.0
2020-08-25,2020-08-25,RADAAN,T,0.95,0.95,0.95,0.95,1.0,1,201,190.0
2020-08-25,2020-08-25,SUNDARMFIN,B,1483.5,1494.5,1452.7,1474.4,1452.9,297,985,1456152.0
2020-08-25,2020-08-25,SUNDRMBRAK,B,246.75,287.2,243.8,275.45,257.45,377,2534,698015.0
2020-08-25,2020-08-25,WHEELS,B,462.35,482.65,444.65,460.35,456.95,674,5382,2513476.0
2020-08-25,2020-08-25,LAMBODHARA,B,33.5,38.25,33.5,35.25,34.15,409,27698,1009254.0
2020-08-25,2020-08-25,MAITHANALL,B,575.0,583.25,557.8,572.0,573.15,914,10293,5897848.0
2020-08-25,2020-08-25,ORISSAMINE,B,2658.05,2741.0,2640.0,2649.85,2642.15,599,2126,5699634.0
2020-08-25,2020-08-25,GOLDBEES,E,45.65,45.65,44.87,44.92,45.5,585,239267,10786888.0
2020-08-25,2020-08-25,LIQUIDBEES,F,999.99,1000.01,999.99,1000.01,1000.01,430,150879,150879232.0
2020-08-25,2020-08-25,GOLD1,E,457.0,464.08,438.75,446.59,457.09,659,14523,6555041.0
2020-08-25,2020-08-25,SETFGOLD,E,4650.0,4650.0,4500.0,4602.12,4668.05,693,3037,13983768.0
2020-08-25,2020-08-25,QGOLDHALF,E,2246.0,2260.0,2234.0,2234.25,2263.5,34,70,157418.0
2020-08-25,2020-08-25,GOLDBETA,E,4715.0,4735.0,4675.01,4706.0,4737.82,81,157,738324.0
2020-08-25,2020-08-25,NIFTYBEES,B,122.2,122.49,121.37,122.07,121.93,304,14876,1814415.0
2020-08-25,2020-08-25,JUNIORBEES,B,289.82,291.32,287.85,290.23,289.43,431,6170,1791192.0
2020-08-25,2020-08-25,BANKBEES,B,230.03,232.32,229.6,231.91,229.04,229,10965,2537877.0
2020-08-25,2020-08-25,PSUBANK,B,148.0,149.7,145.38,148.9,147.88,44,807,118488.0
2020-08-25,2020-08-25,PSUBNKBEES,B,16.62,16.91,16.14,16.57,16.43,175,58852,973688.0
2020-08-25,2020-08-25,SHARIABEES,B,288.0,288.0,275.75,277.56,282.66,37,827,230182.0
2020-08-25,2020-08-25,QNIFTY,B,1187.0,1187.0,1178.0,1178.0,1182.0,2,4,4739.0
2020-08-25,2020-08-25,HNGSNGBEES,E,342.0,355.0,340.0,343.0,353.0,16,41,14191.0
2020-08-25,2020-08-25,ASHIKACR,X,19.45,19.5,18.3,19.3,19.3,47,33911,649013.0
2020-08-25,2020-08-25,MADRASFERT,B,19.5,19.5,19.0,19.15,19.4,56,15882,304961.0
2020-08-25,2020-08-25,ZEENCPS,F,3.52,3.53,3.5,3.5,3.52,60,1181184,4146605.0
2020-08-25,2020-08-25,MINDARE,R,133.0,133.0,115.1,131.95,0.0,504,19952,2633614.0
2020-08-25,2020-08-25,SGB20151,G,5111.1,5299.9,5111.01,5125.0,5269.9,7,24,123070.0
2020-08-25,2020-08-25,SGB2016I,G,5000.5,5014.0,4910.1,5014.0,5011.1,9,101,504925.0
2020-08-25,2020-08-25,SGBAUG24,G,5148.0,5148.0,5148.0,5148.0,5100.0,1,2,10296.0
2020-08-25,2020-08-25,SGBNOV24,G,5000.0,5010.0,5000.0,5010.0,5070.0,4,13,65030.0
2020-08-25,2020-08-25,SGBMAR25,G,5200.0,5200.0,5200.0,5200.0,5050.0,1,1,5200.0
2020-08-25,2020-08-25,SGBDEC2513,G,4850.0,4850.0,4850.0,4850.0,5200.0,4,5,24250.0
2020-08-25,2020-08-25,SGBAUG27,G,5025.0,5025.0,5000.0,5000.0,5190.0,3,3,15026.0
2020-08-25,2020-08-25,SGBDC27VII,G,5000.0,5000.0,5000.0,5000.0,5050.0,1,10,50000.0
2020-08-25,2020-08-25,SGBAPR28I,G,5000.0,5099.99,4990.01,4998.0,5050.0,40,136,686844.0
2020-08-25,2020-08-25,SGBMAY28,G,4931.0,4950.0,4851.0,4910.0,4930.0,43,185,909282.0
2020-08-25,2020-08-25,SGBJUN28,G,4900.0,5028.0,4881.0,4928.0,4971.37,41,339,1666796.0
2020-08-25,2020-08-25,SGBJUL28IV,G,4901.0,4925.0,4880.0,4900.0,4930.1,19,104,509286.0
2020-08-25,2020-08-25,SGBAUG28V,G,4910.0,4920.0,4880.0,4888.41,4931.48,79,706,3455929.0
2020-08-25,2020-08-25,TATASTEELPP,A,67.8,69.5,64.6,65.15,68.25,4157,193409,12849368.0
2020-08-25,2020-08-25,IBVENTUREPP,B,102.95,108.0,97.2,103.15,99.55,1581,231539,23992206.0
2020-08-25,2020-08-25,RELIANCEPP,A,1210.0,1214.05,1187.9,1192.65,1202.6,4288,40109,47966772.0
2020-08-25,2020-08-25,ABFRLPP,A,94.0,94.0,90.25,91.45,91.75,155,15686,1447011.0
2020-08-25,2020-08-25,0STFC20VI,F,2139.99,2140.0,2139.99,2140.0,2141.75,2,30,64199.0
2020-08-25,2020-08-25,0MFL20L,F,1980.0,1980.0,1980.0,1980.0,1976.15,4,102,201960.0
2020-08-25,2020-08-25,0MFL2021,F,1903.5,1903.5,1903.5,1903.5,1885.0,2,184,350244.0
2020-08-25,2020-08-25,1225MFL20K,F,1966.0,1966.0,1966.0,1966.0,1960.0,1,218,428588.0
2020-08-25,2020-08-25,94IFCI25,F,1040.0,1043.99,1035.0,1043.95,1045.0,13,700,728582.0
2020-08-25,2020-08-25,849NTPC25,F,13.8,14.1,13.8,14.09,13.97,27,7594,106551.0
2020-08-25,2020-08-25,736PFCL25,F,1155.11,1161.01,1155.11,1161.01,1180.0,2,114,132272.0
2020-08-25,2020-08-25,76NHAI31,F,1255.25,1258.5,1255.25,1258.5,1255.36,3,305,383810.0
2020-08-25,2020-08-25,764NABAR31,F,1272.5,1272.5,1272.5,1272.5,1265.0,1,10,12725.0
2020-08-25,2020-08-25,9MMFSL26,F,1085.0,1085.0,1083.0,1083.47,1079.0,10,461,499633.0
2020-08-25,2020-08-25,957NIDO26,F,915.0,915.0,915.0,915.0,923.5,4,40,36600.0
2020-08-25,2020-08-25,10NIDO26,F,774.5,774.9,769.0,769.0,770.0,11,470,363565.0
2020-08-25,2020-08-25,893DHFL26B,F,301.8,301.8,301.8,301.8,302.0,1,10,3018.0
2020-08-25,2020-08-25,925DHFL21B,F,312.7,340.0,312.7,340.0,310.0,3,38,12401.0
2020-08-25,2020-08-25,0DHFL21B,F,400.0,400.0,400.0,400.0,400.0,1,4,1600.0
2020-08-25,2020-08-25,915DHFL21B,F,300.5,300.5,300.5,300.5,320.0,1,1,300.0
2020-08-25,2020-08-25,9SCL26BA,F,800.0,808.0,799.98,808.0,806.0,9,350,280797.0
2020-08-25,2020-08-25,915SCL26,F,850.0,850.0,850.0,850.0,850.0,11,175,148750.0
2020-08-25,2020-08-25,10SEFL21,F,925.0,925.0,925.0,925.0,950.0,3,50,46250.0
2020-08-25,2020-08-25,0SEFL21B,F,1364.99,1370.0,1364.99,1369.48,1345.09,18,235,321734.0
2020-08-25,2020-08-25,915RHFL27B,F,255.0,255.0,230.0,230.0,237.5,3,240,55600.0
2020-08-25,2020-08-25,940RHFL32B,F,180.0,198.99,180.0,194.0,194.0,6,103,19941.0
2020-08-25,2020-08-25,0SEFL22B,F,1219.89,1280.0,1219.89,1280.0,1219.9,9,152,186931.0
2020-08-25,2020-08-25,950SEFL22,F,877.8,877.8,871.0,871.0,885.0,7,207,181184.0
2020-08-25,2020-08-25,0SEFL22D,F,1160.0,1160.0,1160.0,1160.0,1155.1,1,20,23200.0
2020-08-25,2020-08-25,915MMFS24,F,1346.8,1346.8,1346.8,1346.8,1341.8,1,148,199326.0
2020-08-25,2020-08-25,800MMFSL27,F,1015.0,1015.0,1015.0,1015.0,1014.34,10,700,710500.0
2020-08-25,2020-08-25,805MMFSL32,F,1020.0,1020.0,1020.0,1020.0,1020.0,1,20,20400.0
2020-08-25,2020-08-25,925SEFL22,F,899.98,899.98,899.98,899.98,884.0,1,7,6299.0
2020-08-25,2020-08-25,930SEFL22,F,855.0,855.0,855.0,855.0,855.0,10,100,85500.0
2020-08-25,2020-08-25,865SEFL23,F,785.0,785.0,785.0,785.0,810.0,1,50,39250.0
2020-08-25,2020-08-25,9SEFL23B,F,851.0,851.0,810.0,810.0,827.5,13,362,296385.0
2020-08-25,2020-08-25,912SEFL28,F,770.0,785.0,770.0,785.0,790.0,2,65,50275.0
2020-08-25,2020-08-25,875ERFL21,F,990.0,990.0,990.0,990.0,982.01,10,98,97020.0
2020-08-25,2020-08-25,865ERFL23,F,900.0,900.0,900.0,900.0,900.1,1,1,900.0
2020-08-25,2020-08-25,875MFL23,F,1019.99,1019.99,1015.0,1018.99,1019.99,10,1196,1217895.0
2020-08-25,2020-08-25,875MFL21A,F,1031.0,1031.0,1031.0,1031.0,1040.0,1,380,391780.0
2020-08-25,2020-08-25,9MFL23,F,1040.0,1040.0,1040.0,1040.0,1030.0,1,10,10400.0
2020-08-25,2020-08-25,91SEFL21,F,945.0,945.0,942.0,942.0,950.0,4,80,75480.0
2020-08-25,2020-08-25,935SEFL23,F,850.0,850.0,850.0,850.0,805.0,1,1,850.0
2020-08-25,2020-08-25,96SEFL28,F,776.8,776.8,775.75,775.78,768.0,4,352,273405.0
2020-08-25,2020-08-25,910DHFL28,F,292.8,292.8,292.8,292.8,340.0,1,70,20496.0
2020-08-25,2020-08-25,9DHFL23,F,330.0,330.0,330.0,330.0,280.1,1,1,330.0
2020-08-25,2020-08-25,925JMFCSL21,F,1010.0,1010.0,1010.0,1010.0,1008.77,1,2,2020.0
2020-08-25,2020-08-25,95JMFCSL23,F,994.0,994.0,992.0,992.73,992.0,2,11,10920.0
2020-08-25,2020-08-25,934JMFCS28,F,990.0,990.0,990.0,990.0,992.0,1,10,9900.0
2020-08-25,2020-08-25,893STFCL23,F,972.5,984.99,970.0,980.0,990.0,12,472,458865.0
2020-08-25,2020-08-25,903SFL28,F,990.0,990.0,990.0,990.0,994.0,1,2,1980.0
2020-08-25,2020-08-25,91STFCL21,F,984.9,985.5,984.9,985.5,984.54,6,84,82748.0
2020-08-25,2020-08-25,93STFCL23,F,980.0,989.99,980.0,989.99,989.5,3,50,49349.0
2020-08-25,2020-08-25,0STFCL21F,F,1173.0,1173.0,1172.05,1172.05,1183.99,2,30,35171.0
2020-08-25,2020-08-25,945EFL21,F,952.55,954.01,952.55,954.01,954.04,2,4,3813.0
2020-08-25,2020-08-25,925EFL23,F,907.0,907.0,907.0,907.0,910.0,1,5,4535.0
2020-08-25,2020-08-25,0EFL23,F,1009.99,1030.0,1009.99,1030.0,999.0,4,35,35649.0
2020-08-25,2020-08-25,ICC25SEP18A,F,1165.0,1165.0,1165.0,1165.0,1157.71,1,25,29125.0
2020-08-25,2020-08-25,ICC25SEP18C,F,1079.0,1079.0,1075.0,1075.0,1074.0,4,154,166106.0
2020-08-25,2020-08-25,890ICCL21,F,986.21,986.8,986.2,986.2,986.21,4,120,118374.0
2020-08-25,2020-08-25,880TCFSL21,F,1102.0,1104.99,1102.0,1102.83,1102.05,7,236,260258.0
2020-08-25,2020-08-25,890TCFSL23,F,1137.5,1137.55,1135.5,1135.5,1136.0,14,411,467326.0
2020-08-25,2020-08-25,AHFL29SEP18,F,1165.0,1165.0,1160.0,1165.0,1175.0,6,140,163025.0
2020-08-25,2020-08-25,96AHFL21,F,1082.5,1082.5,1082.5,1082.5,1085.0,1,10,10825.0
2020-08-25,2020-08-25,935AHFL28,F,985.0,985.0,975.0,975.0,970.0,3,215,209775.0
2020-08-25,2020-08-25,975AHFL28,F,1040.0,1040.0,1040.0,1040.0,1040.0,1,50,52000.0
2020-08-25,2020-08-25,940STFCL21,F,1054.0,1054.79,1054.0,1054.5,1050.0,9,249,262559.0
2020-08-25,2020-08-25,950STFCL23,F,1056.0,1056.0,1055.0,1055.3,1055.0,5,120,126641.0
2020-08-25,2020-08-25,97SFL28,F,1044.01,1069.0,1044.01,1069.0,1055.0,6,210,223115.0
2020-08-25,2020-08-25,10JMFCSL22,F,1050.0,1065.0,1050.0,1060.0,1065.0,4,359,380165.0
2020-08-25,2020-08-25,995EFL24,F,940.0,940.0,940.0,940.0,965.0,2,20,18800.0
2020-08-25,2020-08-25,905MMFSL22,F,1064.11,1064.11,1059.0,1059.01,1068.0,23,920,975961.0
2020-08-25,2020-08-25,915MMFSL24,F,1081.4,1081.5,1080.0,1080.59,1085.0,6,140,151290.0
2020-08-25,2020-08-25,93MMFSL27,F,1122.0,1122.0,1115.31,1117.35,1119.01,15,995,1112288.0
2020-08-25,2020-08-25,95MMFSL29,F,1100.0,1100.0,1100.0,1100.0,1100.0,1,25,27500.0
2020-08-25,2020-08-25,1025SEFL22,F,890.0,895.0,876.0,895.0,882.5,4,42,37270.0
2020-08-25,2020-08-25,1005SEFL24,F,886.31,886.31,880.0,880.0,885.0,4,198,174416.0
2020-08-25,2020-08-25,912STFCL24,F,995.0,995.0,995.0,995.0,999.0,1,2,1990.0
2020-08-25,2020-08-25,96IFL22A,F,1154.25,1154.25,1154.25,1154.25,1000.0,1,95,109653.0
2020-08-25,2020-08-25,975IFL24,F,1015.3,1015.3,1000.0,1014.99,1014.61,16,633,637369.0
2020-08-25,2020-08-25,102IFL24,F,1074.25,1074.25,1074.25,1074.25,1072.0,1,30,32227.0
2020-08-25,2020-08-25,935MFL22,F,1005.01,1005.01,1005.01,1005.01,1012.0,1,10,10050.0
2020-08-25,2020-08-25,975MFL24,F,1059.0,1088.64,1059.0,1087.53,1050.0,6,301,327358.0
2020-08-25,2020-08-25,0MFL22,F,1145.12,1157.0,1140.0,1157.0,1145.02,9,230,263129.0
2020-08-25,2020-08-25,0ICFL21A,F,1091.8,1091.8,1091.8,1091.8,1100.0,1,50,54590.0
2020-08-25,2020-08-25,1040ICFL22,F,950.0,953.99,950.0,953.99,955.0,4,34,32316.0
2020-08-25,2020-08-25,11DLSL24,F,945.0,945.0,945.0,945.0,945.0,1,58,54810.0
2020-08-25,2020-08-25,889LTFH24,F,1032.26,1032.26,1032.0,1032.0,1020.1,3,241,248770.0
2020-08-25,2020-08-25,935LTF29,F,1198.0,1198.0,1198.0,1198.0,1137.0,1,1,1198.0
2020-08-25,2020-08-25,925MFL21A,F,1013.0,1013.0,1013.0,1013.0,1010.0,1,20,20260.0
2020-08-25,2020-08-25,950MFL22A,F,1015.0,1015.0,1015.0,1015.0,1020.0,3,200,203000.0
2020-08-25,2020-08-25,975MFL24A,F,1050.02,1050.02,1030.51,1030.51,1090.0,3,135,140483.0
2020-08-25,2020-08-25,10MFL24,F,1068.0,1068.0,1068.0,1068.0,1062.01,2,50,53400.0
2020-08-25,2020-08-25,0MFL21B,F,1186.0,1186.0,1185.05,1185.57,1199.0,5,106,125673.0
2020-08-25,2020-08-25,89LTFL22,F,1045.0,1052.95,1045.0,1052.73,1038.1,8,388,405568.0
2020-08-25,2020-08-25,965SCUF22,F,1001.1,1009.58,1000.1,1000.1,1002.85,3,60,60215.0
2020-08-25,2020-08-25,926SCUF22,F,980.0,980.0,970.0,970.0,970.0,4,100,97790.0
2020-08-25,2020-08-25,975SFL24,F,1020.0,1020.0,1020.0,1020.0,1019.0,6,265,270300.0
2020-08-25,2020-08-25,935SFL24,F,1020.0,1020.0,1020.0,1020.0,1020.0,1,1,1020.0
2020-08-25,2020-08-25,0MFL22B,F,1085.0,1085.0,1075.0,1075.0,1095.0,2,71,76825.0
2020-08-25,2020-08-25,925MHIL21,F,1000.0,1000.0,1000.0,1000.0,1000.0,2,80,80000.0
2020-08-25,2020-08-25,95MHIL22,F,1008.0,1008.0,1008.0,1008.0,1020.0,1,150,151200.0
2020-08-25,2020-08-25,95MHIL21,F,1010.11,1010.11,1010.11,1010.11,1008.05,1,200,202022.0
2020-08-25,2020-08-25,1020JMFPL22,F,1030.0,1030.0,1030.0,1030.0,1024.0,1,30,30900.0
2020-08-25,2020-08-25,1050JMFPL24,F,1047.0,1047.0,1047.0,1047.0,1045.62,1,50,52350.0
2020-08-25,2020-08-25,0EFL21A,F,1090.0,1090.0,1090.0,1090.0,1089.0,1,200,218000.0
2020-08-25,2020-08-25,102EFL22,F,882.0,910.0,870.0,910.0,917.0,5,74,65780.0
2020-08-25,2020-08-25,0EFL22,F,1039.0,1039.1,1039.0,1039.1,1039.9,2,40,41562.0
2020-08-25,2020-08-25,995ECL24B,F,945.0,950.0,945.0,949.0,934.16,5,600,567449.0
2020-08-25,2020-08-25,104ECL24A,F,910.0,925.0,910.0,925.0,910.0,2,60,55350.0
2020-08-25,2020-08-25,925MFL21B,F,1008.0,1008.0,1000.22,1008.0,1008.0,4,48,48290.0
2020-08-25,2020-08-25,95MFL22,F,1020.0,1029.89,1020.0,1026.0,1010.01,6,145,148561.0
2020-08-25,2020-08-25,975MFL24AA,F,1045.01,1045.01,1045.01,1045.01,1055.0,1,20,20900.0
2020-08-25,2020-08-25,975MFL22AA,F,1020.0,1020.0,1020.0,1020.0,1025.0,1,100,102000.0
2020-08-25,2020-08-25,10MFL24A,F,1050.0,1068.0,1050.0,1067.78,1049.0,7,1627,1735498.0
2020-08-25,2020-08-25,MFLZC24B,F,1158.0,1158.0,1158.0,1158.0,1100.25,1,10,11580.0
2020-08-25,2020-08-25,MFLZC26A,F,1182.9,1182.9,1182.9,1182.9,1150.0,1,11,13011.0
2020-08-25,2020-08-25,922SFL24,F,990.0,990.0,990.0,990.0,980.0,1,1,990.0
2020-08-25,2020-08-25,93STF22,F,971.1,971.1,971.0,971.0,999.99,3,200,194200.0
2020-08-25,2020-08-25,865TCAPS27,F,1079.89,1079.93,1075.0,1078.3,1078.34,25,775,835673.0
2020-08-25,2020-08-25,885TCAPS29,F,1101.0,1101.0,1100.0,1100.11,1100.0,5,45,49505.0
2020-08-25,2020-08-25,0IFL20,F,1099.0,1099.0,1099.0,1099.0,1082.1,2,7,7693.0
2020-08-25,2020-08-25,985JMFPL24,F,1010.0,1010.0,1010.0,1010.0,1011.0,3,42,42420.0
2020-08-25,2020-08-25,945SFL24,F,1000.0,1000.0,1000.0,1000.0,1000.0,1,21,21000.0
2020-08-25,2020-08-25,BILNCD,F,25.05,32.1,25.05,31.34,31.31,24,3064,95980.0
2020-08-25,2020-08-25,95MFL22A,F,998.0,998.0,998.0,998.0,996.1,1,100,99800.0
2020-08-25,2020-08-25,975MFL24B,F,1050.01,1050.01,1050.01,1050.01,1060.0,2,25,26250.0
2020-08-25,2020-08-25,95MFL21D,F,1071.1,1071.1,1071.0,1071.0,1075.0,2,100,107105.0
2020-08-25,2020-08-25,975MFL23,F,1100.0,1100.0,1100.0,1100.0,1093.3,1,10,11000.0
2020-08-25,2020-08-25,0MFL21C,F,1083.4,1083.4,1060.01,1060.01,1052.0,2,255,271589.0
2020-08-25,2020-08-25,975MHFL22,F,1020.0,1020.0,1020.0,1020.0,1020.0,1,3,3060.0
2020-08-25,2020-08-25,99ECL21,F,986.9,1000.0,986.9,1000.0,977.85,3,203,202960.0
2020-08-25,2020-08-25,102ECL23,F,952.0,952.0,951.0,951.0,951.0,3,50,47571.0
2020-08-25,2020-08-25,995ECL24,F,930.2,949.99,900.02,910.65,930.2,26,755,689212.0
2020-08-25,2020-08-25,104ECL24,F,959.8,959.8,959.8,959.8,966.8,1,20,19196.0
2020-08-25,2020-08-25,ECLZC24B,F,990.0,990.0,975.0,978.0,925.0,8,77,75615.0
2020-08-25,2020-08-25,829LTF24,F,1069.96,1069.96,1069.96,1069.96,1056.03,1,2,2139.0
2020-08-25,2020-08-25,975MFL24BB,F,1039.0,1065.0,1039.0,1062.99,1045.0,5,117,122223.0
2020-08-25,2020-08-25,0MFL21BB,F,1055.0,1055.0,1055.0,1055.0,1062.01,1,50,52750.0
2020-08-25,2020-08-25,81TCHF23,F,1052.0,1052.01,1052.0,1052.0,1052.0,13,700,736402.0
2020-08-25,2020-08-25,801TCH25,F,1033.5,1033.5,1033.0,1033.0,1065.0,2,100,103325.0
2020-08-25,2020-08-25,83TCHF25,F,1071.0,1071.0,1051.02,1051.02,1095.0,2,300,315605.0
2020-08-25,2020-08-25,885STFCL23,F,1004.0,1004.0,1004.0,1004.0,1000.0,1,30,30120.0
2020-08-25,2020-08-25,9SFL25A,F,1020.8,1020.8,1020.8,1020.8,1015.8,2,55,56144.0
2020-08-25,2020-08-25,97EFIL21,F,1000.0,1000.0,980.0,980.0,1008.0,7,165,163000.0
2020-08-25,2020-08-25,98NWFL25,F,975.0,981.0,974.99,981.0,973.86,10,136,132755.0
2020-08-25,2020-08-25,98NWFL30,F,981.0,981.0,910.0,910.0,920.0,3,250,229926.0
2020-08-25,2020-08-25,9MFL21,F,981.66,981.66,981.66,981.66,995.0,1,20,19633.0
2020-08-25,2020-08-25,95MFL25,F,1015.0,1015.0,1015.0,1015.0,1000.2,1,100,101500.0
2020-08-25,2020-08-25,0MFL21CC,F,1022.0,1047.0,1022.0,1047.0,1044.0,4,55,57185.0
2020-08-25,2020-08-25,0MVAFL22,F,1048.7,1048.7,1048.7,1048.7,1038.7,1,200,209740.0
2020-08-25,2020-08-25,0MVAFL23,F,1058.6,1058.6,1058.6,1058.6,1058.6,1,13,13761.0
2020-08-25,2020-08-25,95MMFL21,F,980.0,980.0,980.0,980.0,980.0,5,80,78400.0
2020-08-25,2020-08-25,9MFL22,F,997.0,997.0,997.0,997.0,990.8,4,200,199400.0
2020-08-25,2020-08-25,0MFL22C,F,1015.0,1015.0,1015.0,1015.0,990.0,1,25,25375.0
2020-08-25,2020-08-25,TPCL02JUN11,F,1056000.0,1056000.0,1056000.0,1056000.0,1057500.0,1,1,1056000.0
2020-08-25,2020-08-25,843PFC22A,F,9000.0,9000.0,9000.0,9000.0,9949.0,1,2,18000.0
2020-08-25,2020-08-25,1015UPPC28,F,1005500.0,1005500.0,1005500.0,1005500.0,1005066.67,2,2,2011000.0
2020-08-25,2020-08-25,1025SF24,F,884850.0,884850.0,884850.0,884850.0,883900.0,2,2,1769700.0
2020-08-25,2020-08-25,91PFC29,F,1265640.0,1265640.0,1265640.0,1265640.0,1054700.0,1,1,1265640.0
2020-08-25,2020-08-25,1175SIBL29,F,106500.0,106500.0,106500.0,106500.0,105600.0,1,20,2130000.0
2020-08-25,2020-08-25,1088CIFPER,F,555593.07,555593.07,555593.07,555593.07,554000.0,5,100,55559307.0
2020-08-25,2020-08-25,850SBIPER,F,1123051.08,1123051.08,1123051.08,1123051.08,1117072.6,1,1,1123051.0
2020-08-25,2020-08-25,825BOBPER,F,999333.0,999333.0,999333.0,999333.0,999666.0,2,3,2997999.0
2020-08-25,2020-08-25,IDFCFBLD1F,F,10275.0,10275.0,10275.0,10275.0,10275.0,2,8,82200.0
2020-08-25,2020-08-25,SBIBIVR,F,10995.0,10999.0,10960.0,10988.3,10990.07,30,133,1459268.0
2020-08-25,2020-08-25,IIFCLBDIS2,F,2070.1,2070.1,2070.1,2070.1,2078.0,1,20,41402.0
2020-08-25,2020-08-25,PFCBS2,F,10580.0,10580.0,10580.0,10580.0,10640.0,2,7,74060.0
2020-08-25,2020-08-25,PFCBS4,F,11000.0,11100.0,11000.0,11100.0,11400.0,2,4,44300.0
2020-08-25,2020-08-25,LTINF90122I,F,1065.0,1065.0,1061.0,1061.05,1061.29,11,140,148745.0
2020-08-25,2020-08-25,LTINF9122II,F,2100.5,2109.0,2100.5,2107.25,2105.01,15,151,318055.0
2020-08-25,2020-08-25,820NHAI22,F,1135.99,1135.99,1128.6,1130.0,1133.5,7,166,187496.0
2020-08-25,2020-08-25,820PFC2022,F,1124.1,1125.0,1120.74,1125.0,1129.0,11,1054,1184627.0
2020-08-25,2020-08-25,830PFCL27,F,1265.0,1265.0,1260.6,1260.6,1257.98,3,561,707356.0
2020-08-25,2020-08-25,8IRFC230222,F,1118.01,1118.01,1118.01,1118.01,1120.42,1,20,22360.0
2020-08-25,2020-08-25,87IDFCBFBL,F,5100.0,5100.0,5100.0,5100.0,5125.0,2,4,20400.0
2020-08-25,2020-08-25,870IDFCFBL,F,10008.06,10050.0,10008.06,10050.0,10050.0,4,5,50208.0
2020-08-25,2020-08-25,870LNT22A,F,1055.0,1064.0,1054.5,1060.16,1050.0,14,330,349814.0
2020-08-25,2020-08-25,870LNT22B,F,2016.0,2016.0,2015.05,2015.05,2017.58,6,75,151148.0
2020-08-25,2020-08-25,89SEFL17A,F,948.0,948.0,928.01,928.01,948.0,3,25,23260.0
2020-08-25,2020-08-25,915SEFL17B,F,1200.0,1201.0,1200.0,1200.0,1200.0,3,5,6001.0
2020-08-25,2020-08-25,793REC22,F,1067.7,1067.7,1067.7,1067.7,1062.3,1,130,138801.0
2020-08-25,2020-08-25,734HUDCO23,F,1126.95,1127.0,1122.9,1125.0,1086.6,6,160,180018.0
2020-08-25,2020-08-25,688PFC2023,F,1082.6,1082.6,1082.6,1082.6,1081.6,1,80,86608.0
2020-08-25,2020-08-25,839HUDCO23,F,1185.0,1185.0,1180.0,1185.0,1184.0,4,970,1147250.0
2020-08-25,2020-08-25,876HUDCO28,F,1358.99,1358.99,1358.99,1358.99,1341.99,2,15,20384.0
2020-08-25,2020-08-25,892NHPC33,F,1430.0,1430.0,1430.0,1430.0,1459.97,1,108,154440.0
2020-08-25,2020-08-25,875IIFCL33,F,1426.0,1440.0,1425.0,1427.0,1425.2,5,110,156970.0
2020-08-25,2020-08-25,843PFC23,F,1300.0,1300.0,1225.0,1225.0,1172.5,5,322,416950.0
2020-08-25,2020-08-25,879PFCL28,F,1365.0,1365.0,1365.0,1365.0,1365.0,10,2000,2730000.0
2020-08-25,2020-08-25,892PFCL33,F,1474.0,1474.0,1470.0,1470.0,1470.0,3,101,148474.0
2020-08-25,2020-08-25,866NTPC23,F,1189.0,1189.0,1187.0,1187.0,1191.0,3,270,320610.0
2020-08-25,2020-08-25,891NTPC33,F,1460.0,1465.0,1459.0,1460.03,1460.0,14,69,100846.0
2020-08-25,2020-08-25,876HUDCO24,F,1205.0,1205.0,1205.0,1205.0,1208.0,2,100,120500.0
2020-08-25,2020-08-25,883HUDCO29,F,1310.0,1310.0,1310.0,1310.0,1310.0,5,200,262000.0
2020-08-25,2020-08-25,901HUDCO34,F,1480.0,1480.0,1475.0,1480.0,1481.0,9,415,612580.0
2020-08-25,2020-08-25,875NHAI29,F,1317.48,1320.0,1317.48,1320.0,1315.2,5,246,324106.0
2020-08-25,2020-08-25,823IRFC24,F,1127.6,1127.6,1127.6,1127.6,1140.0,1,415,467954.0
2020-08-25,2020-08-25,848IRFC24,F,1189.4,1189.4,1189.4,1189.4,1190.0,1,5,5947.0
2020-08-25,2020-08-25,865IRFC29,F,1330.0,1330.0,1300.0,1320.0,1315.0,5,229,304100.0
2020-08-25,2020-08-25,896HUDCO34,F,1481.0,1481.0,1481.0,1481.0,1455.0,1,5,7405.0
2020-08-25,2020-08-25,863IRFC29,F,1267.6,1367.5,1267.6,1367.5,1281.1,2,16,21780.0
2020-08-25,2020-08-25,888IRFC29,F,1343.9,1343.9,1327.0,1327.0,1320.98,4,201,267023.0
2020-08-25,2020-08-25,HDFCW3,W,334.9,334.9,334.9,334.9,340.5,1,600,200940.0
2020-08-25,2020-08-25,IFCI010811,F,24100.0,24100.0,24100.0,24100.0,24250.0,1,10,241000.0
2020-08-25,2020-08-25,1075IFC26A,F,10500.0,10500.0,10500.0,10500.0,10709.9,2,20,210000.0
2020-08-25,2020-08-25,IFCI310111A,F,5117.0,5130.0,5117.0,5130.0,5116.01,3,8,40988.0
2020-08-25,2020-08-25,IFCI310111B,F,10231.0,10300.0,10231.0,10271.0,10235.0,5,15,153973.0
2020-08-25,2020-08-25,IFCI310111D,F,10470.0,10470.0,10470.0,10470.0,10451.0,1,2,20940.0
2020-08-25,2020-08-25,IFCI121211A,F,9701.0,9900.0,9701.0,9900.0,9850.01,7,15,147374.0
2020-08-25,2020-08-25,IFCI150212A,F,10240.0,10240.0,10210.03,10220.0,10235.02,3,6,61300.0
2020-08-25,2020-08-25,IFCI150212B,F,5199.99,5200.0,5199.99,5200.0,5165.0,4,13,67599.0
2020-08-25,2020-08-25,893PTCIF22A,F,10150.0,10150.0,10150.0,10150.0,10150.0,2,7,71050.0
