TradDt,BizDt,TckrSymb,SctySrs,OpnPric,HghPric,LwPric,ClsPric,PrvsClsgPric,TtlNbOfTxsExctd,TtlTradgVol,TtlTrfVal
2020-09-23,2020-09-23,ABB,B,895.2,900.2,881.2,885.2,894.1,1135,11844,10583183.0
2020-09-23,2020-09-23,AEGISLOG,A,225.5,240.2,220.0,224.9,229.7,1568,16567,3805930.0
2020-09-23,2020-09-23,ARE&M,A,715.15,734.0,714.45,726.1,710.9,1081,15820,11476534.0
2020-09-23,2020-09-23,AMBALALSA,X,18.85,19.25,17.85,17.85,18.75,154,50725,913905.0
2020-09-23,2020-09-23,HDFC,A,1688.0,1696.0,1650.6,1667.1,1675.6,9358,93916,157002686.0
2020-09-23,2020-09-23,ANDHRAPET,XT,30.25,32.0,30.25,31.75,30.6,148,36502,1145265.0
2020-09-23,2020-09-23,ANSALAPI,B,3.84,3.86,3.74,3.76,3.86,42,27625,104816.0
2020-09-23,2020-09-23,UTIQUE,X,1.1,1.1,1.0,1.1,1.05,9,1211,1231.0
2020-09-23,2020-09-23,BOMDYEING,A,63.85,64.3,60.75,62.95,62.85,1275,180673,11256512.0
2020-09-23,2020-09-23,ASIANHOTNR,B,56.85,56.85,54.2,55.1,55.0,35,461,25222.0
2020-09-23,2020-09-23,ATUL,A,6200.0,6362.35,5946.1,5975.2,6196.5,1830,4262,25857554.0
2020-09-23,2020-09-23,ATVPR,XT,3.67,3.99,3.65,3.7,3.84,25,28878,106740.0
2020-09-23,2020-09-23,AUTOLITEI,B,19.15,19.15,18.0,18.0,18.6,18,232,4222.0
2020-09-23,2020-09-23,BAJAJELEC,A,466.0,470.0,456.5,463.9,456.8,613,8703,4031825.0
2020-09-23,2020-09-23,BAJAJHIND,B,4.96,5.2,4.94,4.98,4.97,589,201125,1010239.0
2020-09-23,2020-09-23,FORCEMOT,A,1080.0,1094.15,1038.55,1053.4,1066.65,581,3181,3384456.0
2020-09-23,2020-09-23,BAJFINANCE,A,3339.5,3343.9,3201.1,3242.85,3304.4,15985,135617,443560079.0
2020-09-23,2020-09-23,BALRAMCHIN,A,152.0,153.5,144.4,146.25,152.3,1115,40472,5956576.0
2020-09-23,2020-09-23,BANCOINDIA,B,88.2,88.4,86.2,87.0,86.65,226,5706,498322.0
2020-09-23,2020-09-23,ABREL,A,342.85,347.7,327.45,332.55,339.1,1554,55435,18521806.0
2020-09-23,2020-09-23,BANARISUG,B,1310.0,1310.0,1310.0,1310.0,1300.0,8,37,48470.0
2020-09-23,2020-09-23,BASF,A,1470.0,1476.35,1414.0,1437.25,1454.0,293,1497,2145722.0
2020-09-23,2020-09-23,BATAINDIA,A,1313.25,1369.95,1313.25,1340.55,1313.8,3798,47243,63695192.0
2020-09-23,2020-09-23,BEML,A,609.95,617.6,584.2,602.85,606.75,1670,26323,15829086.0
2020-09-23,2020-09-23,BEL,A,92.5,95.55,92.4,93.8,92.35,3741,495843,46612550.0
2020-09-23,2020-09-23,BEPL,B,64.9,64.9,62.15,63.0,62.4,516,54442,3462492.0
2020-09-23,2020-09-23,TATASTLBSL,B,21.95,22.0,20.65,21.05,21.8,196,73661,1556863.0
2020-09-23,2020-09-23,BIHSPONG,XT,0.63,0.63,0.63,0.63,0.6,5,5275,3323.0
2020-09-23,2020-09-23,BIRLACABLE,B,53.0,53.0,50.0,50.75,50.7,70,2029,103513.0
2020-09-23,2020-09-23,BLUESTARCO,A,657.4,658.5,630.7,644.4,649.65,417,3023,1943445.0
2020-09-23,2020-09-23,DISAQ,X,3474.0,3474.0,3375.0,3422.0,3428.75,27,70,239457.0
2020-09-23,2020-09-23,QUESTCAP,X,66.5,69.9,66.5,66.5,66.8,15,451,30011.0
2020-09-23,2020-09-23,BPL,B,17.75,17.9,17.15,17.35,17.6,53,4393,76639.0
2020-09-23,2020-09-23,OAL,B,366.95,388.0,348.6,366.9,361.35,806,5147,1880888.0
2020-09-23,2020-09-23,CENTEXT,B,3.6,3.62,3.32,3.58,3.45,165,53298,188155.0
2020-09-23,2020-09-23,CESC,A,651.95,657.0,628.0,647.65,646.2,750,6771,4365120.0
2020-09-23,2020-09-23,CHAMBLFERT,A,146.95,149.5,146.95,148.25,148.0,1105,41781,6192317.0
2020-09-23,2020-09-23,EXIDEIND,A,158.0,159.2,155.7,157.45,156.8,3308,223419,35266120.0
2020-09-23,2020-09-23,CIPLA,A,785.0,785.0,762.05,766.9,778.2,6662,746423,573890520.0
2020-09-23,2020-09-23,DICIND,B,367.4,372.0,366.6,372.0,367.4,18,115,42460.0
2020-09-23,2020-09-23,CRISIL,A,1780.9,1780.9,1740.3,1754.25,1779.3,83,229,402509.0
2020-09-23,2020-09-23,CGPOWER,B,22.3,24.0,21.9,22.8,22.95,1740,617272,14128982.0
2020-09-23,2020-09-23,DABUR,A,499.0,499.0,484.5,486.05,492.4,2124,56534,27640206.0
2020-09-23,2020-09-23,DALMIASUG,B,127.75,127.75,124.0,124.2,125.9,267,4135,516100.0
2020-09-23,2020-09-23,ARVIND,A,30.7,30.9,29.6,29.85,30.1,1567,1118821,33833554.0
2020-09-23,2020-09-23,BALARPURIND,T,1.35,1.35,1.27,1.32,1.32,304,268761,352124.0
2020-09-23,2020-09-23,BHEL,A,33.0,33.3,30.85,31.5,32.6,8541,2772101,88610475.0
2020-09-23,2020-09-23,HINDPETRO,A,181.8,183.1,174.1,177.65,180.5,7308,525759,94132731.0
2020-09-23,2020-09-23,IFCI,A,6.05,6.14,5.81,5.92,5.97,18677,254996,1516126.0
2020-09-23,2020-09-23,MTNL,B,8.75,8.82,8.25,8.34,8.63,8764,131504,1115873.0
2020-09-23,2020-09-23,MRPL,A,28.7,28.7,27.25,27.45,27.4,458,97514,2681926.0
2020-09-23,2020-09-23,CHENNPETRO,A,70.6,72.0,68.5,69.45,70.65,661,32807,2304737.0
2020-09-23,2020-09-23,RELCAPITAL,B,7.9,8.22,7.69,7.98,7.85,801,318970,2529817.0
2020-09-23,2020-09-23,SBIN,A,188.8,188.8,181.0,183.8,186.15,12931,1726374,317763208.0
2020-09-23,2020-09-23,SAIL,A,35.8,36.2,33.55,34.8,35.5,5558,2606559,91128638.0
2020-09-23,2020-09-23,TITAN,A,1106.1,1122.0,1103.35,1117.25,1105.0,4989,126871,141342298.0
2020-09-23,2020-09-23,IDBI,A,35.95,35.95,34.0,34.45,35.1,1121,252774,8831970.0
2020-09-23,2020-09-23,DCW,B,14.9,14.9,14.2,14.56,14.37,190,66258,956474.0
2020-09-23,2020-09-23,DHAMPURSUG,B,136.3,137.55,130.0,132.15,134.25,1072,59388,7869995.0
2020-09-23,2020-09-23,DIAMINESQ,X,440.0,440.0,410.0,427.7,422.05,558,16510,7029027.0
2020-09-23,2020-09-23,ELANTAS,B,2562.15,2700.0,2562.0,2656.05,2602.9,151,2640,7048703.0
2020-09-23,2020-09-23,DRREDDY,A,5250.0,5280.0,5063.45,5100.4,5175.3,15535,157478,813105209.0
2020-09-23,2020-09-23,EIDPARRY,A,289.9,292.1,281.6,287.5,288.3,810,12267,3522330.0
2020-09-23,2020-09-23,PGHL,A,5011.0,5099.0,4888.05,4960.05,5010.7,562,1444,7172552.0
2020-09-23,2020-09-23,ELECTCAST,B,17.2,17.99,16.81,17.64,16.91,280,96209,1672115.0
2020-09-23,2020-09-23,ESABINDIA,B,1325.15,1371.15,1325.15,1350.0,1344.95,156,379,508732.0
2020-09-23,2020-09-23,EPL,A,252.05,253.9,237.0,238.65,251.7,2690,52930,12932611.0
2020-09-23,2020-09-23,ESTER,B,71.9,75.2,71.9,73.85,72.8,299,18626,1377404.0
2020-09-23,2020-09-23,FINCABLES,A,279.35,279.7,270.2,272.25,275.95,302,2795,762439.0
2020-09-23,2020-09-23,COCKERILL,X,750.0,762.0,690.05,703.4,735.35,139,1346,969894.0
2020-09-23,2020-09-23,UFLEX,A,308.5,318.5,304.6,310.85,311.05,609,12955,4073560.0
2020-09-23,2020-09-23,FOSECOIND,B,1235.0,1235.0,1180.5,1200.85,1228.45,131,575,694113.0
2020-09-23,2020-09-23,GOLDENTOBC,B,20.5,21.6,20.5,21.6,21.5,6,263,5675.0
2020-09-23,2020-09-23,GANESHBE,X,54.2,56.15,51.35,53.2,53.5,317,74547,4097103.0
2020-09-23,2020-09-23,GARDENSILK,T,9.95,10.3,9.5,10.24,9.81,29,3094,30400.0
2020-09-23,2020-09-23,METROGLOBL,X,49.4,49.4,45.55,45.55,47.95,3,10,459.0
2020-09-23,2020-09-23,GTL,B,2.42,2.42,2.42,2.42,2.31,12,3897,9430.0
2020-09-23,2020-09-23,GODFRYPHLP,A,913.45,924.0,899.15,912.95,900.8,422,6582,6007464.0
2020-09-23,2020-09-23,GODREJIND,A,420.0,420.0,392.5,402.6,401.15,770,6457,2598604.0
2020-09-23,2020-09-23,KANSAINER,A,485.0,487.05,476.0,477.7,482.35,385,2472,1185190.0
2020-09-23,2020-09-23,GOODRICKE,X,280.0,290.0,278.0,280.8,279.3,89,2736,771860.0
2020-09-23,2020-09-23,GOODYEAR,B,875.0,898.95,870.1,877.55,883.15,296,2535,2229557.0
2020-09-23,2020-09-23,GTNINDS,B,7.35,7.53,7.35,7.53,7.5,3,345,2558.0
2020-09-23,2020-09-23,GHCL,A,160.0,165.6,158.6,160.55,157.9,742,150921,24235958.0
2020-09-23,2020-09-23,GFLLIMITED,B,82.0,82.55,80.0,80.2,81.15,129,2678,217889.0
2020-09-23,2020-09-23,GLFL,B,2.42,2.42,2.42,2.42,2.31,1,500,1210.0
2020-09-23,2020-09-23,HCL-INSYS,B,8.0,8.0,7.54,7.55,7.93,380,73607,565353.0
2020-09-23,2020-09-23,HDFCBANK,A,1040.0,1055.0,1034.65,1047.55,1036.0,13609,361101,377760727.0
2020-09-23,2020-09-23,HEROMOTOCO,A,2997.0,3041.0,2925.3,2958.35,3000.7,3982,44722,134033620.0
2020-09-23,2020-09-23,HFCL,A,15.4,15.45,14.35,14.95,15.0,2032,445720,6664141.0
2020-09-23,2020-09-23,HSCL,A,52.0,52.0,49.7,50.35,50.2,897,85289,4315312.0
2020-09-23,2020-09-23,HCC,B,5.45,5.64,5.3,5.5,5.13,1084,316566,1730188.0
2020-09-23,2020-09-23,HINDOILEXP,B,70.65,71.1,67.55,69.65,69.3,212,11211,781328.0
2020-09-23,2020-09-23,AGI,B,78.8,80.5,76.0,78.25,77.8,929,55523,4343211.0
2020-09-23,2020-09-23,HINDZINC,A,210.0,222.75,207.8,212.65,208.05,1770,70044,15093742.0
2020-09-23,2020-09-23,NDLVENTURE,B,633.05,638.0,613.2,634.8,635.35,104,806,504474.0
2020-09-23,2020-09-23,HMT,Z,15.9,15.9,15.3,15.4,16.0,27,2352,36291.0
2020-09-23,2020-09-23,PRAGBOS,XT,2.1,2.12,2.09,2.09,2.2,8,4743,9963.0
2020-09-23,2020-09-23,HLVLTD,B,4.85,4.85,4.66,4.71,4.85,99,40996,195194.0
2020-09-23,2020-09-23,IGPL,B,275.0,293.55,271.55,293.55,266.9,2061,27487,7948992.0
2020-09-23,2020-09-23,INDIAGLYCO,B,275.7,278.05,268.0,271.45,270.75,281,3406,930838.0
2020-09-23,2020-09-23,MARGOFIN,X,7.24,7.24,7.0,7.02,6.9,5,416,2939.0
2020-09-23,2020-09-23,INDORAMA,B,22.5,23.05,22.5,22.8,23.65,41,6157,138939.0
2020-09-23,2020-09-23,INFY,A,1016.35,1037.1,1001.55,1019.65,1007.2,10629,474419,486790528.0
2020-09-23,2020-09-23,INGERRAND,B,598.3,611.35,596.15,598.7,598.3,104,424,254039.0
2020-09-23,2020-09-23,INSILCOLTD,X,8.4,8.87,8.09,8.31,8.51,32,6628,54900.0
2020-09-23,2020-09-23,INTEGFINSE,XT,28.05,28.05,28.05,28.05,26.75,2,101,2833.0
2020-09-23,2020-09-23,ITHL,X,51.6,51.6,48.65,49.85,49.5,9,255,12776.0
2020-09-23,2020-09-23,IONEXCHANG,B,692.8,709.7,676.0,683.4,692.8,987,10603,7278018.0
2020-09-23,2020-09-23,SUNDROP,B,697.65,709.6,683.9,690.05,679.5,155,1180,820035.0
2020-09-23,2020-09-23,JISLJALEQS,B,13.78,14.01,13.73,13.73,14.45,688,919712,12655107.0
2020-09-23,2020-09-23,JASCH,X,27.7,27.75,25.15,27.1,26.45,68,11293,299212.0
2020-09-23,2020-09-23,JCTLTD,XT,0.93,0.98,0.93,0.95,0.95,125,141793,135294.0
2020-09-23,2020-09-23,JINDALPOLY,B,441.55,441.55,428.75,432.15,427.65,374,3577,1544802.0
2020-09-23,2020-09-23,JSWSTEEL,A,273.0,273.0,263.8,268.05,271.8,4046,357753,95210922.0
2020-09-23,2020-09-23,UMANGDAIRY,B,43.5,43.5,42.3,42.3,43.6,13,206,8848.0
2020-09-23,2020-09-23,KAJARIACER,A,507.75,529.0,507.75,519.3,496.3,609,20557,10676457.0
2020-09-23,2020-09-23,KAKATCEM,B,146.75,146.75,142.9,144.45,144.1,54,1096,158642.0
2020-09-23,2020-09-23,KSL,B,209.05,209.05,203.0,206.6,203.65,379,7270,1493858.0
2020-09-23,2020-09-23,WHIRLPOOL,A,2143.0,2153.55,2012.4,2047.85,2130.35,1042,4973,10374277.0
2020-09-23,2020-09-23,KGDENIM,X,21.6,21.75,20.95,21.3,21.7,13,1229,26227.0
2020-09-23,2020-09-23,KINETICENG,XT,20.45,22.45,20.45,21.45,21.5,8,580,11913.0
2020-09-23,2020-09-23,KIRLOSBROS,B,114.8,114.8,105.95,107.2,106.85,302,1899,204597.0
2020-09-23,2020-09-23,KIRLOSIND,B,618.0,632.2,614.35,614.35,597.5,35,94,58824.0
2020-09-23,2020-09-23,KIRLFER,B,84.05,84.9,83.05,84.9,84.85,58,497,41926.0
2020-09-23,2020-09-23,ENVAIREL,X,29.0,31.65,29.0,31.5,30.3,5,93,2749.0
2020-09-23,2020-09-23,KOTAKBANK,A,1275.0,1287.1,1265.6,1274.85,1271.2,5712,119315,152110946.0
2020-09-23,2020-09-23,KSB,B,495.7,496.0,474.5,478.15,488.95,158,581,281637.0
2020-09-23,2020-09-23,LGBBROSLTD,B,234.9,244.9,225.0,230.65,232.0,339,2724,627156.0
2020-09-23,2020-09-23,TRENT,A,635.5,650.25,602.0,624.6,633.4,1394,20117,12518990.0
2020-09-23,2020-09-23,LMW,A,3505.0,3535.0,3441.15,3511.65,3418.8,228,1185,4149083.0
2020-09-23,2020-09-23,LICHSGFIN,A,288.5,292.05,273.3,278.1,286.5,2998,143577,40629402.0
2020-09-23,2020-09-23,UTTAMVALUE,B,0.51,0.52,0.48,0.48,0.5,566,14237525,7019453.0
2020-09-23,2020-09-23,LUPIN,A,1069.9,1069.9,1002.0,1016.0,1040.0,4431,118045,121083945.0
2020-09-23,2020-09-23,LYKALABS,B,18.25,18.85,18.05,18.05,18.5,122,978,17905.0
2020-09-23,2020-09-23,RAMCOCEM,A,709.3,726.95,702.0,722.65,704.7,1128,40486,28782809.0
2020-09-23,2020-09-23,MAFATIND,X,74.35,77.0,74.2,76.85,75.3,20,1025,77034.0
2020-09-23,2020-09-23,MAHSEAMLES,A,218.5,221.65,217.25,218.7,214.8,176,2085,456168.0
2020-09-23,2020-09-23,MAHSCOOTER,A,2888.0,2931.55,2841.0,2861.85,2895.0,116,247,709658.0
2020-09-23,2020-09-23,MAJESAUT,X,95.55,95.55,91.0,91.0,93.7,9,254,23203.0
2020-09-23,2020-09-23,MANALIPETC,B,25.75,27.7,25.55,27.5,25.4,642,184145,4908749.0
2020-09-23,2020-09-23,MFSL,A,594.0,604.65,582.2,588.7,593.75,1161,933947,560186610.0
2020-09-23,2020-09-23,ONIDA,B,8.14,8.6,7.93,8.19,8.34,188,59700,489284.0
2020-09-23,2020-09-23,CENTENKA,B,167.9,170.0,165.25,167.2,167.75,94,1034,173032.0
2020-09-23,2020-09-23,LORDSCHLO,XT,36.9,38.7,35.2,37.7,36.9,15,2091,77396.0
2020-09-23,2020-09-23,SPICEJET,A,48.25,49.6,47.95,48.4,48.85,660,112975,5497121.0
2020-09-23,2020-09-23,MOREPENLAB,B,23.6,23.8,23.0,23.45,23.15,457,137766,3230907.0
2020-09-23,2020-09-23,MRF,A,57966.25,58176.25,56900.0,57218.35,57754.25,323,360,20677593.0
2020-09-23,2020-09-23,HEIDELBERG,A,180.6,181.55,175.0,179.3,179.15,642,17284,3080152.0
2020-09-23,2020-09-23,NCC,A,30.85,31.6,30.15,30.75,30.8,1252,446241,13715292.0
2020-09-23,2020-09-23,VEDL,A,127.0,130.5,127.0,130.0,127.25,3535,394421,50984469.0
2020-09-23,2020-09-23,NAHARSPING,B,37.4,37.4,36.6,36.6,37.4,8,258,9561.0
2020-09-23,2020-09-23,NAPEROL,B,1989.05,2060.0,1989.05,2008.2,1978.0,296,2103,4221422.0
2020-09-23,2020-09-23,GRASIM,A,732.5,732.5,704.9,719.15,728.95,1101,39056,27936519.0
2020-09-23,2020-09-23,PEL,A,1250.0,1265.0,1206.15,1237.1,1247.45,3924,67932,84151870.0
2020-09-23,2020-09-23,NIITLTD,B,135.2,139.45,132.65,137.2,135.2,2225,102748,14052154.0
2020-09-23,2020-09-23,JAYKAY,X,3.5,3.57,3.46,3.57,3.49,12,3639,12734.0
2020-09-23,2020-09-23,NIRLON,B,240.1,249.0,240.1,241.05,240.45,23,972,234783.0
2020-09-23,2020-09-23,ONGC,A,70.3,70.3,67.4,67.65,69.5,11162,1144960,78136984.0
2020-09-23,2020-09-23,OILCOUNTUB,B,3.95,4.11,3.95,4.11,4.04,2,161,661.0
2020-09-23,2020-09-23,ORIENTHOT,B,20.7,20.7,19.95,20.6,20.05,20,872,17798.0
2020-09-23,2020-09-23,OSWALAGRO,B,9.6,9.91,9.52,9.52,10.02,45,12187,116764.0
2020-09-23,2020-09-23,INDSUCR,X,22.55,23.6,22.05,22.2,22.2,19,2344,52260.0
2020-09-23,2020-09-23,RELIANCE,A,2275.0,2276.5,2206.15,2229.55,2211.15,40123,774144,1735558690.0
2020-09-23,2020-09-23,PILITA,B,6.5,6.61,6.45,6.49,6.46,31,5412,35262.0
2020-09-23,2020-09-23,PENTAMEDG,XT,0.32,0.32,0.32,0.32,0.33,28,98316,31461.0
2020-09-23,2020-09-23,RAYMOND,A,265.0,268.85,256.15,264.6,262.0,2292,51202,13421135.0
2020-09-23,2020-09-23,PIDILITIND,A,1426.2,1455.35,1414.7,1419.35,1426.35,2061,100924,143702700.0
2020-09-23,2020-09-23,PIXTRANS,X,137.85,137.85,130.1,132.05,132.05,102,3760,496524.0
2020-09-23,2020-09-23,BIRLACORPN,A,666.9,679.0,631.3,636.35,660.0,686,7732,5011177.0
2020-09-23,2020-09-23,SURYAROSNI,B,197.8,204.0,189.05,193.9,192.1,1006,21672,4274940.0
2020-09-23,2020-09-23,PRIMESECU,B,47.0,47.0,43.25,43.5,46.9,212,10144,459447.0
2020-09-23,2020-09-23,PRSMJOHNSN,A,57.3,57.7,56.0,56.3,56.2,222,13212,744656.0
2020-09-23,2020-09-23,RAIN,A,96.05,102.5,96.05,101.5,98.7,1986,134416,13471925.0
2020-09-23,2020-09-23,AMJLAND,B,17.7,18.75,17.05,18.3,18.0,158,24964,451582.0
2020-09-23,2020-09-23,PUNJCOMMU,T,32.1,32.75,32.1,32.1,32.75,24,2406,77233.0
2020-09-23,2020-09-23,RSWM,T,91.4,91.4,84.25,88.8,88.6,14,1542,133422.0
2020-09-23,2020-09-23,RAJSREESUG,B,12.39,12.67,12.35,12.48,12.82,16,5415,67183.0
2020-09-23,2020-09-23,RALLIS,A,288.0,289.3,278.85,285.55,282.05,1342,28408,8090840.0
2020-09-23,2020-09-23,RAMANEWS,B,13.95,13.95,13.65,13.65,14.0,22,1550,21280.0
2020-09-23,2020-09-23,RAMAPPR-B,X,7.23,7.45,7.23,7.45,7.23,8,3394,24625.0
2020-09-23,2020-09-23,RAPICUT,X,24.45,24.45,22.8,23.5,22.3,15,252,5795.0
2020-09-23,2020-09-23,WELSPLSOL,X,9.25,9.25,9.02,9.02,9.02,15,2566,23378.0
2020-09-23,2020-09-23,ROLTA,B,5.4,5.51,5.18,5.18,5.45,20011,123354,645184.0
2020-09-23,2020-09-23,RUBFILA,X,38.6,39.9,38.6,39.4,38.3,33,3798,149115.0
2020-09-23,2020-09-23,PATANJALI,T,446.95,466.95,446.95,446.95,470.45,419,4733,2128678.0
2020-09-23,2020-09-23,SALORAINTL,XT,15.55,16.35,15.55,15.7,16.35,5,610,9493.0
2020-09-23,2020-09-23,JINDALSAW,A,62.55,64.8,62.3,64.25,61.55,840,92765,5869249.0
2020-09-23,2020-09-23,JKLAKSHMI,A,255.0,256.35,249.75,251.3,250.9,707,10168,2567332.0
2020-09-23,2020-09-23,SHREECEM,A,18900.0,19068.0,18550.05,18968.05,19005.5,471,1498,28041341.0
2020-09-23,2020-09-23,RELINFRA,A,23.15,23.85,22.2,22.5,23.15,496,87872,2013329.0
2020-09-23,2020-09-23,STEELCO,Z,2.62,2.62,2.62,2.62,2.62,3,20,52.0
2020-09-23,2020-09-23,TATAPOWER,A,52.0,55.35,51.3,53.55,51.55,4680,2998691,156961864.0
2020-09-23,2020-09-23,SPMLINFRA,B,9.09,9.09,8.85,9.03,9.3,5,276,2492.0
2020-09-23,2020-09-23,SUNDRMFAST,A,413.95,417.0,400.0,405.6,405.55,249,1688,691506.0
2020-09-23,2020-09-23,SUNFLAG,B,40.4,42.65,40.4,41.25,41.2,307,21869,906193.0
2020-09-23,2020-09-23,SPLPETRO,B,230.15,239.9,229.5,234.55,229.35,96,1499,349030.0
2020-09-23,2020-09-23,SWARAJENG,B,1488.0,1488.0,1423.05,1427.0,1438.0,142,426,617472.0
2020-09-23,2020-09-23,TATAELXSI,A,1257.9,1260.9,1187.0,1204.75,1232.85,2567,44689,54795252.0
2020-09-23,2020-09-23,ACC,A,1363.0,1368.85,1326.6,1354.6,1360.2,1554,21971,29638007.0
2020-09-23,2020-09-23,THERMAX,A,774.95,774.95,723.45,738.2,731.25,339,2677,1959392.0
2020-09-23,2020-09-23,TIRUMALCHM,B,71.45,74.65,69.25,73.35,69.35,1841,169932,12296091.0
2020-09-23,2020-09-23,THOMASCOOK,B,32.15,32.15,28.7,29.3,29.25,1944,635045,20119724.0
2020-09-23,2020-09-23,TIMEX,X,26.95,26.95,24.75,24.95,26.0,59,12836,325800.0
2020-09-23,2020-09-23,TOKYOPLAST,B,65.0,65.0,60.85,60.85,60.25,31,1844,113696.0
2020-09-23,2020-09-23,TORNTPHARM,A,2728.0,2773.9,2646.8,2659.7,2731.7,1617,10903,29487928.0
2020-09-23,2020-09-23,TRANSCHEM,X,14.63,14.63,13.3,13.99,13.95,15,1090,14741.0
2020-09-23,2020-09-23,AMBUJACEM,A,206.8,211.05,204.85,209.25,206.8,1180,269114,56116886.0
2020-09-23,2020-09-23,UTLINDS,X,6.04,6.04,6.04,6.04,6.16,5,102,616.0
2020-09-23,2020-09-23,UNIENTER,B,64.25,65.3,64.25,64.95,63.2,83,2340,152260.0
2020-09-23,2020-09-23,VHL,B,1249.15,1278.95,1249.15,1272.0,1274.95,4,7,8867.0
2020-09-23,2020-09-23,HINDALCO,A,165.8,167.35,162.35,165.45,162.4,2452,351973,58016444.0
2020-09-23,2020-09-23,WSTCSTPAPR,B,178.7,183.0,173.55,175.4,177.7,165,2789,499398.0
2020-09-23,2020-09-23,HOCL,B,13.95,14.29,13.7,13.83,13.81,92,40328,560359.0
2020-09-23,2020-09-23,MPILCORPL,X,220.0,220.0,220.0,220.0,219.75,1,45,9900.0
2020-09-23,2020-09-23,PASUPTAC,X,10.32,10.32,9.9,9.99,9.88,54,15339,154916.0
2020-09-23,2020-09-23,TEAM24,XT,1.53,1.65,1.53,1.65,1.59,3,4200,6906.0
2020-09-23,2020-09-23,PGHH,A,10000.0,10011.0,9850.0,9982.1,9960.35,148,205,2039150.0
2020-09-23,2020-09-23,MUKANDLTD,B,42.75,42.75,42.2,42.2,44.4,35,6568,277736.0
2020-09-23,2020-09-23,BBOX,B,356.8,359.0,338.4,350.65,350.0,39,191,66871.0
2020-09-23,2020-09-23,UCAL,B,120.7,121.85,114.2,115.05,116.9,237,2661,313597.0
2020-09-23,2020-09-23,HARRMALAYA,B,89.5,89.9,86.7,87.75,87.95,228,21001,1852376.0
2020-09-23,2020-09-23,FEDERALBNK,A,49.45,49.85,47.5,48.45,48.9,8023,2014319,98063819.0
2020-09-23,2020-09-23,TATASTEEL,A,376.0,377.55,356.7,361.25,374.2,11750,670525,243042449.0
2020-09-23,2020-09-23,SKFINDIA,A,1497.35,1497.35,1446.2,1473.15,1489.25,385,1195,1756574.0
2020-09-23,2020-09-23,ASHOKLEY,A,76.5,76.6,71.9,73.6,74.55,8769,2201597,162985687.0
2020-09-23,2020-09-23,CUMMINSIND,A,456.0,460.9,451.2,453.3,455.45,498,11077,5039657.0
2020-09-23,2020-09-23,TATACOMM,B,825.0,829.7,785.5,806.45,805.55,528,5024,4064625.0
2020-09-23,2020-09-23,ABBOTINDIA,A,16300.0,16300.0,15746.85,15993.05,15950.7,281,406,6513576.0
2020-09-23,2020-09-23,BAJAJHLDNG,A,2451.35,2535.8,2400.0,2497.9,2409.1,613,1735,4264002.0
2020-09-23,2020-09-23,BHARATFORG,A,455.0,455.95,443.5,446.6,453.5,2279,70523,31675996.0
2020-09-23,2020-09-23,ESCORTS,A,1229.95,1245.0,1190.0,1213.75,1199.3,4822,116392,141201095.0
2020-09-23,2020-09-23,HINDMOTORS,B,5.28,5.45,5.14,5.23,5.4,112,34843,184164.0
2020-09-23,2020-09-23,LT,A,869.8,873.85,855.0,860.75,857.05,13593,216225,186534022.0
2020-09-23,2020-09-23,M&M,A,620.0,620.6,603.5,612.8,615.85,3659,146010,89430589.0
2020-09-23,2020-09-23,BOSCHLTD,A,13140.0,13140.0,12264.35,12750.9,12380.9,2975,8396,105011030.0
2020-09-23,2020-09-23,BPCL,A,397.0,397.0,381.2,387.6,392.35,3595,160534,62314892.0
2020-09-23,2020-09-23,SIEMENS,A,1221.8,1249.55,1221.05,1231.8,1219.85,3789,89874,111009523.0
2020-09-23,2020-09-23,TMPV,A,135.95,136.8,128.0,131.35,133.1,17134,3255741,430690034.0
2020-09-23,2020-09-23,VOLTAS,A,660.8,676.6,653.5,666.3,657.85,1405,1142196,757555703.0
2020-09-23,2020-09-23,GESHIP,A,245.05,252.4,241.6,248.65,249.2,2010,21809,5374381.0
2020-09-23,2020-09-23,DEEPAKFERT,A,150.75,154.4,146.6,149.1,149.3,921,46051,6972700.0
2020-09-23,2020-09-23,EXCELINDUS,B,905.9,914.5,890.0,898.75,894.65,454,2580,2334217.0
2020-09-23,2020-09-23,GRWRHITECH,X,254.6,255.0,252.0,252.65,252.8,44,2698,680748.0
2020-09-23,2020-09-23,GLAXO,A,1636.95,1638.45,1580.0,1590.3,1603.55,547,3416,5438014.0
2020-09-23,2020-09-23,GNFC,A,213.95,215.8,206.05,210.25,208.8,1176,47855,10047611.0
2020-09-23,2020-09-23,NOVARTIND,B,620.3,635.0,608.0,618.05,625.35,233,3712,2308532.0
2020-09-23,2020-09-23,SANOFI,A,8426.65,8494.0,8411.0,8477.95,8343.95,279,673,5699829.0
2020-09-23,2020-09-23,PFIZER,A,4799.05,4945.35,4799.05,4913.25,4780.25,1461,4823,23560022.0
2020-09-23,2020-09-23,GSFC,A,57.35,58.35,55.2,56.4,57.25,514,42699,2416507.0
2020-09-23,2020-09-23,HINDUNILVR,A,2032.0,2060.0,2026.7,2052.85,2027.05,9659,126074,257837837.0
2020-09-23,2020-09-23,JSWDULUX,A,2082.5,2106.95,2063.05,2084.75,2081.7,74,197,410382.0
2020-09-23,2020-09-23,NOCIL,A,133.1,135.3,130.0,134.0,129.05,3555,206845,27552363.0
2020-09-23,2020-09-23,TATACHEM,A,283.95,300.0,276.4,292.5,279.4,4832,217965,62300863.0
2020-09-23,2020-09-23,TNPETRO,B,36.25,36.4,34.45,34.8,35.8,153,8324,290961.0
2020-09-23,2020-09-23,ZUARIIND,B,47.4,47.4,45.7,46.3,46.15,67,4128,189868.0
2020-09-23,2020-09-23,NESTLEIND,A,15275.0,15400.0,15130.0,15362.95,15203.25,2387,5400,82597852.0
2020-09-23,2020-09-23,TATACONSUM,A,506.0,510.5,490.3,494.15,504.25,2459,78674,39354901.0
2020-09-23,2020-09-23,ASIANPAINT,A,1949.0,1989.0,1928.65,1946.5,1935.8,5607,80646,158197567.0
2020-09-23,2020-09-23,BRITANNIA,A,3610.0,3654.1,3563.2,3624.45,3586.55,1430,10969,39622023.0
2020-09-23,2020-09-23,COLPAL,A,1345.0,1358.95,1341.0,1354.4,1342.6,1268,13978,18841841.0
2020-09-23,2020-09-23,EIHOTEL,A,80.0,80.6,76.0,79.05,78.35,1415,110793,8693423.0
2020-09-23,2020-09-23,INDHOTEL,A,95.0,95.0,90.2,91.95,92.7,2254,119938,11163053.0
2020-09-23,2020-09-23,CASTROLIND,A,112.25,113.95,110.65,111.45,112.25,1913,69733,7804246.0
2020-09-23,2020-09-23,ITC,A,175.0,177.5,171.75,172.55,174.15,7252,1021829,178097695.0
2020-09-23,2020-09-23,APOLLOTYRE,A,125.5,126.0,119.4,121.35,124.25,3377,335201,40796526.0
2020-09-23,2020-09-23,CEATLTD,A,906.0,915.75,895.0,905.85,901.75,462,6756,6103223.0
2020-09-23,2020-09-23,MODIRUBBER,T,26.3,26.3,26.3,26.3,27.55,6,350,9205.0
2020-09-23,2020-09-23,FINPIPE,A,525.4,525.4,505.0,510.45,519.75,548,3930,2023121.0
2020-09-23,2020-09-23,CENTRUM,A,16.0,16.0,15.4,15.6,15.7,198,12352,193909.0
2020-09-23,2020-09-23,TCIFINANCE,B,4.75,4.75,4.75,4.75,4.75,1,300,1425.0
2020-09-23,2020-09-23,IITL,T,53.2,53.2,53.2,53.2,56.0,6,75,3990.0
2020-09-23,2020-09-23,INDPRUD,X,820.0,820.0,802.35,806.6,821.5,16,172,139477.0
2020-09-23,2020-09-23,TATAINVEST,A,853.3,874.35,838.3,846.5,850.0,379,2901,2483430.0
2020-09-23,2020-09-23,PRISMX,X,13.1,13.1,13.1,13.1,13.36,4,122,1598.0
2020-09-23,2020-09-23,MOTOGENFIN,B,16.35,16.35,16.2,16.2,17.05,18,471,7691.0
2020-09-23,2020-09-23,WALCHPF,X,55.05,56.0,55.05,56.0,55.8,3,300,16657.0
2020-09-23,2020-09-23,TECHNVISN,XT,110.0,110.0,109.25,109.25,114.95,4,85,9342.0
2020-09-23,2020-09-23,SHAILY,X,582.9,604.75,575.0,586.85,582.9,83,10035,5997787.0
2020-09-23,2020-09-23,BBTC,A,1321.0,1348.2,1292.0,1336.5,1320.1,436,3523,4661227.0
2020-09-23,2020-09-23,BOMBCYC,X,663.0,663.0,663.0,663.0,630.0,1,1,663.0
2020-09-23,2020-09-23,GREAVESCOT,A,76.0,76.0,71.65,72.6,73.15,282,12461,907197.0
2020-09-23,2020-09-23,INDIANVSH,X,23.5,23.9,23.05,23.6,23.5,108,3282,77516.0
2020-09-23,2020-09-23,COASTCORP,X,194.0,194.0,183.0,190.85,189.4,47,1584,296482.0
2020-09-23,2020-09-23,CHOWGULSTM,XT,4.02,4.02,3.98,3.98,4.18,9,6500,25924.0
2020-09-23,2020-09-23,GARWAOFFS,T,5.7,5.7,5.6,5.6,5.89,8,2701,15300.0
2020-09-23,2020-09-23,ASIIL,X,13.84,13.84,12.0,12.4,13.0,57,30575,385096.0
2020-09-23,2020-09-23,SAGCEM,B,503.05,505.0,486.0,495.9,487.55,67,389,192335.0
2020-09-23,2020-09-23,DECCANCE,B,272.85,276.4,269.7,272.15,269.0,115,2866,784913.0
2020-09-23,2020-09-23,MANGLMCEM,B,179.15,180.0,169.0,175.6,176.8,192,3662,651199.0
2020-09-23,2020-09-23,NCLIND,B,106.2,106.9,102.5,105.05,105.7,200,7256,760903.0
2020-09-23,2020-09-23,SAURASHCEM,X,40.5,40.5,39.0,39.75,39.7,52,5471,216124.0
2020-09-23,2020-09-23,SHREDIGCEM,B,49.4,49.65,46.35,47.25,47.8,179,20276,969113.0
2020-09-23,2020-09-23,BORORENEW,B,70.0,73.85,69.95,71.0,70.5,272,13669,974676.0
2020-09-23,2020-09-23,TRIVENIGQ,XT,7.67,8.0,7.59,7.6,7.98,19,19498,149277.0
2020-09-23,2020-09-23,ANDHRAPAP,B,195.85,197.35,192.0,194.0,195.85,49,777,151910.0
2020-09-23,2020-09-23,BALKRISIND,A,1296.0,1358.35,1296.0,1348.55,1315.95,2789,29179,39200895.0
2020-09-23,2020-09-23,ORIENTPPR,B,16.65,16.75,15.95,16.2,16.35,168,35396,576257.0
2020-09-23,2020-09-23,CITADEL,X,10.77,10.77,10.77,10.77,11.15,1,110,1184.0
2020-09-23,2020-09-23,ROLLT,T,3.15,3.15,3.01,3.01,3.15,2,1099,3321.0
2020-09-23,2020-09-23,SESHAPAPER,B,137.7,138.8,136.1,136.45,136.25,59,707,97221.0
2020-09-23,2020-09-23,NATHIND,X,71.0,71.0,68.25,68.3,67.9,35,2984,206009.0
2020-09-23,2020-09-23,VAPIENTER,XT,33.8,33.8,33.8,33.8,35.55,1,1,33.0
2020-09-23,2020-09-23,SINTEXIND,B,2.01,2.11,2.01,2.04,2.07,406,391633,804822.0
2020-09-23,2020-09-23,DCM,B,19.55,19.55,19.55,19.55,19.8,1,2,39.0
2020-09-23,2020-09-23,FORBESCO,B,1484.15,1484.15,1484.15,1484.15,1413.5,24,152,225590.0
2020-09-23,2020-09-23,HPCOTTON,X,20.05,22.1,20.05,21.0,21.05,9,791,16920.0
2020-09-23,2020-09-23,UNITEDINT,X,19.15,21.15,19.15,21.15,20.15,2,1001,21169.0
2020-09-23,2020-09-23,JAMSHRI,X,2200.0,2200.0,2200.0,2200.0,2150.0,1,2,4400.0
2020-09-23,2020-09-23,KATRSPG,X,10.29,10.29,10.29,10.29,9.8,1,100,1029.0
2020-09-23,2020-09-23,KESORAMIND,B,37.95,38.65,36.55,36.95,37.55,118,5427,205741.0
2020-09-23,2020-09-23,LAKSHMIMIL,X,1525.0,1545.0,1525.0,1525.0,1526.0,5,11,16810.0
2020-09-23,2020-09-23,VTL,A,733.0,772.15,733.0,741.3,746.55,114,580,437886.0
2020-09-23,2020-09-23,PENINLAND,B,4.46,4.46,4.06,4.06,4.26,106,33318,139432.0
2020-09-23,2020-09-23,PHOENIXLTD,A,607.0,607.0,566.9,568.45,590.4,730,7016,4030172.0
2020-09-23,2020-09-23,MARATHON,B,52.55,52.55,51.2,51.35,52.0,22,178,9208.0
2020-09-23,2020-09-23,RELCHEMQ,X,67.5,67.5,64.0,65.5,65.25,27,1569,102585.0
2020-09-23,2020-09-23,RUBYMILLS,B,164.8,164.8,156.25,162.15,167.0,19,454,73819.0
2020-09-23,2020-09-23,SWANCORP,A,115.45,116.45,113.5,114.35,115.3,1293,95883,11015936.0
2020-09-23,2020-09-23,VICTMILL,X,1812.0,1982.0,1800.0,1864.0,1838.0,7,9,16775.0
2020-09-23,2020-09-23,ZSVARAJT,XT,8.49,8.49,8.49,8.49,8.49,5,190,1613.0
2020-09-23,2020-09-23,ZODIACVEN,XT,8.82,8.82,7.98,7.98,8.4,7,234,1869.0
2020-09-23,2020-09-23,VEERENRGY,X,6.5,7.5,6.5,7.0,7.0,50,10938,76300.0
2020-09-23,2020-09-23,TILAK,X,1.68,1.68,1.52,1.54,1.6,14,7382,11328.0
2020-09-23,2020-09-23,BANSWRAS,B,69.5,69.7,67.0,67.05,68.8,186,790,54256.0
2020-09-23,2020-09-23,SHRIDINE,X,115.75,116.0,115.75,116.0,121.0,2,30,3476.0
2020-09-23,2020-09-23,SRF,A,4172.0,4174.75,4048.8,4115.9,4122.9,1039,3796,15620304.0
2020-09-23,2020-09-23,SIYSIL,B,139.0,140.85,132.75,134.85,134.7,375,8779,1214255.0
2020-09-23,2020-09-23,SWADPOL,XT,5.8,5.85,5.8,5.85,5.85,3,53,310.0
2020-09-23,2020-09-23,FOMENTOHOTE,X,135.0,135.25,134.0,135.2,135.0,14,3795,512404.0
2020-09-23,2020-09-23,BBL,B,715.0,729.45,703.75,705.35,710.2,198,972,697886.0
2020-09-23,2020-09-23,ELPROINTL,X,39.65,40.45,39.65,40.3,38.35,42,158312,6347457.0
2020-09-23,2020-09-23,EMCOLTD,Z,1.54,1.54,1.43,1.43,1.5,5,287,414.0
2020-09-23,2020-09-23,GEE,X,27.5,27.5,26.6,27.0,27.0,10,3577,98074.0
2020-09-23,2020-09-23,HIRECT,B,120.0,123.3,117.75,119.0,119.8,202,3315,394435.0
2020-09-23,2020-09-23,NIPPOBATRY,B,549.05,553.2,533.5,536.0,558.25,10,830,443245.0
2020-09-23,2020-09-23,ZENSARTECH,A,189.35,210.0,188.05,201.4,184.6,1400,43335,8586440.0
2020-09-23,2020-09-23,JYOTI,X,7.52,7.52,7.52,7.52,7.9,1,48,360.0
2020-09-23,2020-09-23,JSLINDL,XT,83.0,83.0,83.0,83.0,83.6,1,1,83.0
2020-09-23,2020-09-23,KAYCEEI,X,2947.0,2948.0,2920.0,2925.0,2812.5,11,20,58689.0
2020-09-23,2020-09-23,INDOKEM,X,12.4,12.76,12.4,12.76,12.19,5,3421,43457.0
2020-09-23,2020-09-23,PANAENERG,X,189.95,189.95,177.35,181.45,181.5,47,2382,432109.0
2020-09-23,2020-09-23,NELCO,B,197.85,198.7,191.25,194.1,193.85,542,7246,1406982.0
2020-09-23,2020-09-23,PERMAGN,X,122.0,123.15,115.4,120.75,118.5,95,2889,347436.0
2020-09-23,2020-09-23,HIGHENE,X,385.0,389.0,375.1,383.75,383.75,24,558,211668.0
2020-09-23,2020-09-23,STDBAT,X,5.3,5.3,5.3,5.3,5.3,7,2225,11792.0
2020-09-23,2020-09-23,UNIVCABLES,B,135.75,140.35,134.0,135.4,130.9,92,1418,192132.0
2020-09-23,2020-09-23,WSI,T,4.39,4.45,4.39,4.41,4.24,27,9445,41705.0
2020-09-23,2020-09-23,DLTNCBL,X,34.0,34.0,33.2,33.2,34.9,7,290,9744.0
2020-09-23,2020-09-23,LAKSELEC,X,250.0,257.0,247.0,250.15,247.0,18,530,133444.0
2020-09-23,2020-09-23,MODULEX,X,9.81,9.81,9.1,9.78,9.36,47,9303,88016.0
2020-09-23,2020-09-23,DELTAMAGNT,B,19.2,19.2,18.25,18.4,18.6,3,1016,19495.0
2020-09-23,2020-09-23,PAZEL,X,0.35,0.35,0.34,0.34,0.35,9,27074,9370.0
2020-09-23,2020-09-23,LONGSPUR,X,1.53,1.53,1.53,1.53,1.5,1,10,15.0
2020-09-23,2020-09-23,EMPOWER,X,0.15,0.15,0.15,0.15,0.15,30,14169,2125.0
2020-09-23,2020-09-23,ZMULTIPU,XT,10.2,10.2,10.2,10.2,10.1,1,50,510.0
2020-09-23,2020-09-23,NYSSACORP,XT,0.47,0.51,0.47,0.47,0.49,15,7053,3339.0
2020-09-23,2020-09-23,UNIABEXAL,X,360.0,360.0,342.0,342.0,359.95,10,48,16877.0
2020-09-23,2020-09-23,SARDAEN,B,229.3,230.95,215.65,225.15,219.85,320,6706,1494372.0
2020-09-23,2020-09-23,GALADA,XT,1.24,1.24,1.24,1.24,1.3,5,330,409.0
2020-09-23,2020-09-23,INDIANHUME,B,174.05,174.05,167.2,167.95,167.2,179,2090,353420.0
2020-09-23,2020-09-23,INVPRECQ,X,150.0,150.0,150.0,150.0,148.65,1,5,750.0
2020-09-23,2020-09-23,KAIRA,X,1207.0,1218.0,1117.0,1218.0,1160.0,46,147,176949.0
2020-09-23,2020-09-23,ORIENTCER,B,21.55,22.3,20.35,20.4,21.25,194,16833,354626.0
2020-09-23,2020-09-23,DUNCANENG,X,97.0,102.0,95.85,101.85,99.45,30,762,76014.0
2020-09-23,2020-09-23,SANDUMA,X,675.0,694.95,659.0,681.45,659.25,134,3916,2662528.0
2020-09-23,2020-09-23,STOVACQ,X,1898.0,1924.0,1850.0,1895.95,1854.0,26,134,253658.0
2020-09-23,2020-09-23,TATAYODOGA,X,29.0,29.0,28.5,28.55,29.5,20,2851,81878.0
2020-09-23,2020-09-23,TINPLATE,B,123.95,125.0,121.0,122.2,122.15,588,18817,2305061.0
2020-09-23,2020-09-23,CHOLAHLDNG,A,398.0,398.0,374.85,389.9,376.05,246,823,315185.0
2020-09-23,2020-09-23,ZWELCAST,X,370.0,370.0,338.0,338.0,355.0,7,151,51422.0
2020-09-23,2020-09-23,AUTOAXLES,B,730.45,745.0,695.95,705.45,715.1,278,2212,1572814.0
2020-09-23,2020-09-23,ATLASCYCLE,T,45.5,45.5,45.35,45.35,45.5,3,111,5036.0
2020-09-23,2020-09-23,ACGL,X,325.0,327.0,317.0,317.0,321.0,9,360,116604.0
2020-09-23,2020-09-23,SETCO,T,9.85,10.4,9.49,10.29,9.98,49,14622,142358.0
2020-09-23,2020-09-23,SCOOTER,T,33.45,36.9,33.45,34.25,35.2,86,11317,392393.0
2020-09-23,2020-09-23,TALBROAUTO,B,109.05,115.95,103.8,106.75,105.85,155,2810,300102.0
2020-09-23,2020-09-23,ZFSTEERING,X,315.0,317.0,298.35,311.35,306.35,56,2014,622594.0
2020-09-23,2020-09-23,SMLMAH,B,399.4,403.85,382.0,390.2,394.65,555,5122,2014541.0
2020-09-23,2020-09-23,TIL,B,138.2,138.2,135.0,135.75,141.0,76,1493,204411.0
2020-09-23,2020-09-23,EICHERMOT,A,2075.0,2125.15,2049.3,2076.2,2062.9,3833,29936,62297959.0
2020-09-23,2020-09-23,ALFREDHE,X,542.0,542.0,542.0,542.0,549.5,1,30,16260.0
2020-09-23,2020-09-23,CIMMCO,B,19.7,19.85,19.05,19.3,18.95,12,1063,20537.0
2020-09-23,2020-09-23,VELJAN,X,794.95,820.0,772.0,797.15,819.95,20,170,134894.0
2020-09-23,2020-09-23,DYNAMATECH,B,682.0,706.5,678.15,706.5,672.9,270,2712,1905886.0
2020-09-23,2020-09-23,GGDPROP,X,41.2,41.2,40.0,41.2,39.25,17,687,28156.0
2020-09-23,2020-09-23,GMMPFAUDLR,B,4245.3,4245.3,4245.3,4245.3,4717.0,449,1134,4814170.0
2020-09-23,2020-09-23,KIRLPNU,X,108.5,108.5,103.75,104.05,105.1,151,26120,2733087.0
2020-09-23,2020-09-23,KPT,X,69.0,70.0,65.0,69.05,67.5,36,1073,71492.0
2020-09-23,2020-09-23,LAKSHMIEW,X,34.5,34.5,31.6,31.85,33.25,11,622,19971.0
2020-09-23,2020-09-23,MANUGRAPH,B,9.06,9.49,9.06,9.4,9.49,7,1401,12846.0
2020-09-23,2020-09-23,NESCO,A,566.9,566.9,547.6,555.9,544.0,258,2119,1178639.0
2020-09-23,2020-09-23,INTEGRAEN,X,24.95,25.0,23.1,23.45,23.85,71,7757,183254.0
2020-09-23,2020-09-23,SEMAC,B,449.0,449.0,425.5,426.35,436.35,21,803,351777.0
2020-09-23,2020-09-23,TEXINFRA,B,34.75,34.9,32.0,32.25,34.05,86,4264,140322.0
2020-09-23,2020-09-23,WENDT,B,3352.0,3352.0,3301.85,3329.95,3363.85,13,32,105949.0
2020-09-23,2020-09-23,RESPONIND,A,95.3,102.5,95.0,95.6,93.35,465,10207,1004085.0
2020-09-23,2020-09-23,MAHACORP,XT,0.25,0.25,0.24,0.24,0.25,22,4232,1016.0
2020-09-23,2020-09-23,DOLATALGO,B,47.3,49.6,47.3,47.95,48.9,215,7693,369990.0
2020-09-23,2020-09-23,WESTLIFE,A,366.0,372.85,361.8,368.9,365.65,269,3045,1117051.0
2020-09-23,2020-09-23,ZEEL,A,200.0,203.1,177.3,191.75,197.0,16511,1597730,302966439.0
2020-09-23,2020-09-23,SVPGLOB,X,428.95,435.0,416.0,419.45,419.05,31,842,356976.0
2020-09-23,2020-09-23,SKYLMILAR,XT,4.7,4.7,4.7,4.7,4.73,2,1001,4704.0
2020-09-23,2020-09-23,BIMETAL,X,258.8,268.0,258.1,262.35,258.3,18,645,168026.0
2020-09-23,2020-09-23,BHARATGEAR,B,47.1,47.1,46.25,46.25,46.1,9,250,11663.0
2020-09-23,2020-09-23,BRADYM,X,88.0,92.25,84.25,88.65,87.9,30,1725,157079.0
2020-09-23,2020-09-23,ELECON,B,25.75,27.6,25.25,26.1,25.6,452,36884,974603.0
2020-09-23,2020-09-23,GRAUWEIL,X,36.5,36.9,35.8,36.6,35.8,271,37553,1367907.0
2020-09-23,2020-09-23,GAJRABEVEL,XT,0.82,0.82,0.78,0.8,0.82,9,2305,1822.0
2020-09-23,2020-09-23,HIMTEK,X,56.0,57.5,51.05,51.85,56.05,40,1795,94268.0
2020-09-23,2020-09-23,GABRIEL,B,107.25,107.6,97.4,101.5,104.45,530,14515,1457832.0
2020-09-23,2020-09-23,HERCULES,B,93.05,96.0,92.25,93.45,91.45,236,4837,450525.0
2020-09-23,2020-09-23,IFBIND,A,585.85,585.85,556.75,573.6,567.45,1400,6931,3933599.0
2020-09-23,2020-09-23,SINGERIND,X,29.5,31.0,27.0,27.35,28.35,589,240145,6937453.0
2020-09-23,2020-09-23,INTLCOMBQ,XT,132.25,143.0,132.25,134.0,136.2,61,2485,332672.0
2020-09-23,2020-09-23,FMGOETZE,B,375.15,375.15,356.75,359.4,360.9,134,1598,581356.0
2020-09-23,2020-09-23,JOSTS,X,541.0,541.0,540.95,540.95,537.0,2,4,2163.0
2020-09-23,2020-09-23,SCHAEFFLER,A,3812.5,3845.0,3642.0,3661.05,3702.75,109,489,1802509.0
2020-09-23,2020-09-23,RANEHOLDIN,B,465.0,466.55,445.5,455.0,450.7,69,303,138201.0
2020-09-23,2020-09-23,SNL,X,131.2,131.2,121.0,123.95,132.05,21,698,86760.0
2020-09-23,2020-09-23,JAIPAN,X,6.0,6.0,5.7,5.7,6.0,8,3230,18890.0
2020-09-23,2020-09-23,MANCREDIT,X,44.8,45.4,43.4,43.5,44.6,41,18465,805739.0
2020-09-23,2020-09-23,TRF,B,82.25,82.25,76.3,79.55,79.35,96,537,42306.0
2020-09-23,2020-09-23,WPIL,X,445.0,445.0,420.0,424.55,426.3,140,2634,1137661.0
2020-09-23,2020-09-23,KENNAMET,B,752.65,752.65,720.2,727.05,736.2,107,1012,737054.0
2020-09-23,2020-09-23,TRITONV,X,749.95,749.95,719.95,729.0,715.35,24,123,90117.0
2020-09-23,2020-09-23,SUDAI,XT,6.05,6.5,6.05,6.5,6.36,3,102,662.0
2020-09-23,2020-09-23,PRAKASH,B,39.35,40.25,37.6,38.45,38.5,254,15840,618680.0
2020-09-23,2020-09-23,ARSHIYA,B,12.25,12.25,11.84,11.84,12.24,13,4600,55226.0
2020-09-23,2020-09-23,GRINDWELL,A,543.9,546.2,522.55,534.2,541.15,171,651,346351.0
2020-09-23,2020-09-23,STANROS,X,75.05,78.75,74.1,74.75,78.0,55,1390,103690.0
2020-09-23,2020-09-23,GENESYS,T,56.05,58.8,56.05,58.8,56.05,2,559,32841.0
2020-09-23,2020-09-23,VOLKAI,XT,37.2,37.2,35.55,35.75,35.45,4,35,1292.0
2020-09-23,2020-09-23,PARNAXLAB,X,18.1,18.15,16.65,18.15,17.3,13,1473,26540.0
2020-09-23,2020-09-23,GOURMET,XT,3.73,3.73,3.4,3.72,3.56,4,503,1875.0
2020-09-23,2020-09-23,VIVIDHA,T,0.34,0.36,0.34,0.34,0.35,38,124562,44127.0
2020-09-23,2020-09-23,GSLTD,X,14.05,14.05,13.15,13.8,13.7,5,444,6132.0
2020-09-23,2020-09-23,BLISSGVS,A,152.6,153.55,150.25,152.05,152.1,1408,150527,22923793.0
2020-09-23,2020-09-23,STYRENIX,B,505.7,507.3,500.0,507.3,502.95,40,402,202209.0
2020-09-23,2020-09-23,ALEMBICLTD,B,105.6,110.9,105.6,108.85,105.55,2241,75905,8248124.0
2020-09-23,2020-09-23,AMNPLST,X,52.15,53.65,50.45,51.3,52.2,93,10712,551933.0
2020-09-23,2020-09-23,ANUHPHR,X,198.55,201.0,190.45,191.55,198.65,993,40544,7875600.0
2020-09-23,2020-09-23,MODISONLTD,X,34.0,36.0,33.55,35.15,33.4,168,30358,1056753.0
2020-09-23,2020-09-23,BAYERCROP,A,5997.05,6138.9,5880.1,5997.0,6000.0,503,1251,7508848.0
2020-09-23,2020-09-23,STARSOURCE,XT,17.97,17.97,17.97,17.97,17.12,6,2310,41510.0
2020-09-23,2020-09-23,SUDARCOLOR,B,333.9,339.4,327.6,332.45,334.65,731,8023,2666405.0
2020-09-23,2020-09-23,COROMANDEL,A,820.0,820.0,782.0,788.8,800.35,748,10698,8532344.0
2020-09-23,2020-09-23,DEEPAKNTR,A,859.9,873.9,831.0,843.8,848.5,13129,207226,176755003.0
2020-09-23,2020-09-23,DMCC,XT,161.75,161.75,153.0,155.15,157.6,45,3279,514381.0
2020-09-23,2020-09-23,FERMENTA,X,357.7,361.5,343.0,348.65,352.25,827,34751,12193680.0
2020-09-23,2020-09-23,GOCLCORP,B,197.0,201.7,187.0,187.85,196.65,256,3395,663129.0
2020-09-23,2020-09-23,JAYCH,X,4.54,4.54,4.2,4.36,4.39,13,1807,7946.0
2020-09-23,2020-09-23,JLMORISON,X,1785.05,1785.05,1785.0,1785.0,1860.0,2,10,17850.0
2020-09-23,2020-09-23,KANORICHEM,B,40.5,41.75,38.75,39.0,40.05,218,11025,444434.0
2020-09-23,2020-09-23,KELENRG,X,530.0,548.0,525.15,529.2,526.0,16,121,64286.0
2020-09-23,2020-09-23,NITTAGELA,X,153.1,158.7,150.9,152.5,154.15,61,2168,333459.0
2020-09-23,2020-09-23,AGVENTURES,B,763.0,773.4,744.05,750.0,748.35,41,233,175383.0
2020-09-23,2020-09-23,PCBL,A,128.6,128.6,119.5,121.05,123.7,1260,69046,8447961.0
2020-09-23,2020-09-23,AMAL,X,183.8,186.0,176.05,182.2,181.0,241,10425,1895998.0
2020-09-23,2020-09-23,POLYCHEM,X,449.85,468.0,449.85,468.0,459.0,2,5,2303.0
2020-09-23,2020-09-23,PUNJABCHEM,B,619.7,622.1,610.45,613.75,616.45,42,241,148013.0
2020-09-23,2020-09-23,ZR2,XT,127.2,127.2,121.15,122.35,121.15,5,35,4331.0
2020-09-23,2020-09-23,SADHNANIQ,X,27.9,27.9,24.5,24.75,26.3,377,58362,1489290.0
2020-09-23,2020-09-23,SUDARSCHEM,A,473.0,477.4,452.0,461.05,466.05,2091,38214,17735710.0
2020-09-23,2020-09-23,ULTRAMAR,X,251.0,253.5,243.15,245.35,245.35,254,32948,8221126.0
2020-09-23,2020-09-23,TRANSPEK,X,1801.0,1883.95,1733.0,1811.85,1787.25,960,23193,42134118.0
2020-09-23,2020-09-23,UNICHEMLAB,B,249.25,255.35,242.5,247.95,249.5,206,2607,651228.0
2020-09-23,2020-09-23,MYSORPETRO,X,52.9,53.2,48.35,48.35,50.0,3,65,3377.0
2020-09-23,2020-09-23,ALKYLAMINE,B,3150.0,3215.0,2977.0,3044.75,3076.8,2122,5686,17446764.0
2020-09-23,2020-09-23,TUTIALKA,XT,7.52,7.9,7.51,7.51,7.9,12,2269,17048.0
2020-09-23,2020-09-23,ASTRAZEN,A,4447.2,4459.1,4253.7,4317.6,4374.15,3838,10994,48122144.0
2020-09-23,2020-09-23,PRIMO,X,49.8,51.5,47.2,48.4,49.65,160,36684,1814234.0
2020-09-23,2020-09-23,TANFACIND,X,175.05,179.9,175.05,176.75,177.4,108,5305,939071.0
2020-09-23,2020-09-23,SWADEIN,X,0.34,0.36,0.34,0.36,0.35,4,131,44.0
2020-09-23,2020-09-23,GUJTHEM,X,204.75,206.75,194.9,199.95,199.6,332,27700,5550116.0
2020-09-23,2020-09-23,MAKERSL,XT,80.35,80.35,78.0,78.0,80.35,11,600,47387.0
2020-09-23,2020-09-23,JBCHEPHARM,A,1001.2,1029.9,907.75,921.25,998.15,3394,30953,29734091.0
2020-09-23,2020-09-23,BLUECHIPT,X,82.0,92.0,82.0,90.0,88.1,12,38,3408.0
2020-09-23,2020-09-23,JAGAJITIND,XT,34.5,34.5,32.8,33.05,34.5,4,76,2595.0
2020-09-23,2020-09-23,TI,B,16.95,16.95,16.0,16.15,16.5,35,2033,32935.0
2020-09-23,2020-09-23,RAVALSUGAR,XT,1675.05,1680.0,1675.05,1680.0,1751.0,2,6,10075.0
2020-09-23,2020-09-23,SAKHTISUG,B,8.05,8.25,7.9,8.06,8.3,36,9858,79068.0
2020-09-23,2020-09-23,WALCHANNAG,B,47.6,47.85,46.05,46.05,48.45,325,11389,531779.0
2020-09-23,2020-09-23,KHODINDIA,XT,61.05,65.35,61.05,65.35,63.85,2,125,8061.0
2020-09-23,2020-09-23,IFBAGRO,B,329.35,340.25,312.65,321.5,328.0,186,1771,589134.0
2020-09-23,2020-09-23,KFBL,X,44.5,47.4,43.55,46.85,45.55,29,2880,132999.0
2020-09-23,2020-09-23,CAPRO,XT,17.6,17.6,16.0,16.35,16.8,3,1260,20576.0
2020-09-23,2020-09-23,GMBREW,B,384.9,384.9,376.05,380.25,377.85,257,1643,624385.0
2020-09-23,2020-09-23,RANASUG,T,6.25,6.25,5.86,5.86,6.09,36,11886,71501.0
2020-09-23,2020-09-23,PICCASUG,X,4.04,4.19,4.0,4.0,4.04,5,1215,5073.0
2020-09-23,2020-09-23,SDBL,B,50.15,53.55,50.15,52.45,52.0,148,8847,464069.0
2020-09-23,2020-09-23,CJGEL,XT,13.9,13.9,13.9,13.9,13.5,1,1,13.0
2020-09-23,2020-09-23,ASALCBR,B,249.9,261.3,244.6,250.65,249.25,533,5641,1420179.0
2020-09-23,2020-09-23,FOODSIN,X,49.9,49.9,47.5,48.4,48.25,164,11144,539198.0
2020-09-23,2020-09-23,IVP,B,42.9,42.95,41.95,42.6,41.3,9,2270,96214.0
2020-09-23,2020-09-23,KLRFM,X,40.0,40.0,39.5,39.5,38.0,6,54,2133.0
2020-09-23,2020-09-23,MLKFOOD,X,365.05,407.9,365.05,379.75,379.8,22,201,76002.0
2020-09-23,2020-09-23,POLSON,X,8250.0,8304.7,8201.0,8201.0,8184.75,7,8,66005.0
2020-09-23,2020-09-23,WIPRO,A,315.0,321.7,311.2,314.5,312.25,10154,650704,206035030.0
2020-09-23,2020-09-23,ORIBEVER,X,58.05,61.0,53.3,56.95,59.95,20,475,26704.0
2020-09-23,2020-09-23,DHANUKA,B,776.0,803.0,743.0,765.5,780.7,1198,10580,8129257.0
2020-09-23,2020-09-23,TTKHLTCARE,B,444.3,466.45,444.3,465.8,459.3,46,167,76941.0
2020-09-23,2020-09-23,TGVSL,X,23.4,23.4,21.75,22.4,22.35,270,45560,1013030.0
2020-09-23,2020-09-23,LIMECHM,XT,14.1,14.1,14.1,14.1,14.8,1,100,1410.0
2020-09-23,2020-09-23,KANPRPLA,X,90.0,94.5,90.0,94.05,89.75,71,7024,654227.0
2020-09-23,2020-09-23,TAINWALCHM,B,45.0,47.2,44.85,45.5,45.2,51,373,17164.0
2020-09-23,2020-09-23,JAGSNPHARM,B,38.25,38.95,37.5,37.95,37.75,84,3568,136373.0
2020-09-23,2020-09-23,KHAICHEM,X,17.75,19.3,17.75,18.7,18.4,207,176920,3386156.0
2020-09-23,2020-09-23,NOL,XT,47.0,47.0,46.0,47.0,46.9,9,554,25837.0
2020-09-23,2020-09-23,GILLETTE,A,5375.0,5485.2,5310.0,5404.5,5378.9,202,359,1939512.0
2020-09-23,2020-09-23,ANSALHSG,B,3.85,3.85,3.81,3.81,3.9,3,515,1962.0
2020-09-23,2020-09-23,MCCHRLS-B,X,240.0,257.0,232.15,236.75,237.65,19,890,215116.0
2020-09-23,2020-09-23,PIONRINV,X,35.05,36.0,33.6,35.9,35.2,29,4462,159434.0
2020-09-23,2020-09-23,ASHNOOR,XT,12.16,12.16,12.16,12.16,12.8,2,79,960.0
2020-09-23,2020-09-23,UNITECH,Z,1.47,1.53,1.45,1.47,1.5,458,817796,1206151.0
2020-09-23,2020-09-23,VIPIND,A,301.7,306.1,286.1,291.0,295.75,1041,41125,12180295.0
2020-09-23,2020-09-23,FIBERWEB,X,27.65,29.45,27.65,28.1,28.6,316,38709,1093969.0
2020-09-23,2020-09-23,GYFTR,X,59.85,59.95,56.1,59.75,59.95,19,494,29502.0
2020-09-23,2020-09-23,BAJAJST,X,208.0,217.6,202.5,208.45,201.0,805,70477,14905752.0
2020-09-23,2020-09-23,GUJHOTE,X,86.6,86.6,85.0,85.0,87.9,20,217,18495.0
2020-09-23,2020-09-23,PARMCOS-B,XT,13.55,14.95,13.55,14.95,14.25,5,484,7230.0
2020-09-23,2020-09-23,JINDHOT,XT,21.4,22.45,21.4,21.4,21.4,25,1238,26739.0
2020-09-23,2020-09-23,SIMMOND,X,42.0,42.0,41.5,41.5,43.0,4,201,8366.0
2020-09-23,2020-09-23,HAWKINCOOK,B,5397.85,5397.85,5120.0,5163.0,5345.35,252,911,4740326.0
2020-09-23,2020-09-23,WARRENTEA,X,48.0,48.0,44.65,44.65,44.6,14,417,19053.0
2020-09-23,2020-09-23,BESTEAST,XT,14.6,14.6,14.25,14.25,13.91,2,148,2144.0
2020-09-23,2020-09-23,ISTLTD,X,327.25,349.0,325.6,329.5,342.7,86,8439,2778224.0
2020-09-23,2020-09-23,COSMOFIRST,B,394.9,398.0,383.7,391.55,391.6,264,5297,2080863.0
2020-09-23,2020-09-23,APOLLOHOSP,A,1791.7,1835.0,1762.4,1818.95,1789.95,2666,37523,67186182.0
2020-09-23,2020-09-23,NEXOME,X,29.0,30.0,29.0,30.0,30.0,2,5001,150029.0
2020-09-23,2020-09-23,EVERESTIND,B,206.25,208.05,198.3,203.5,201.6,407,4060,824038.0
2020-09-23,2020-09-23,MSRINDIA,XT,12.2,13.39,12.2,12.8,12.82,12,1629,20822.0
2020-09-23,2020-09-23,AYMSYNTEX,B,26.0,26.0,24.6,25.25,25.15,16,782,19909.0
2020-09-23,2020-09-23,PANCARBON,X,400.0,408.0,388.0,393.15,392.15,84,1857,744024.0
2020-09-23,2020-09-23,FINKURVE,X,47.95,49.75,47.8,49.25,50.25,16,344,16702.0
2020-09-23,2020-09-23,HBLEAS,XT,1.24,1.24,1.24,1.24,1.22,2,45,55.0
2020-09-23,2020-09-23,TRUSTWAVE,XT,5.13,5.13,5.13,5.13,5.4,3,802,4114.0
2020-09-23,2020-09-23,SULABEN,X,1.0,1.0,1.0,1.0,1.0,8,1834,1834.0
2020-09-23,2020-09-23,NAVNETEDUL,B,80.0,80.55,78.35,78.45,79.05,74,4196,330776.0
2020-09-23,2020-09-23,SATRAPROP,XT,1.6,1.6,1.6,1.6,1.6,1,200,320.0
2020-09-23,2020-09-23,AUSOMENT,B,43.2,43.35,41.05,42.95,42.0,11,2651,112766.0
2020-09-23,2020-09-23,RUCHINFRA,T,8.01,8.7,7.98,8.32,8.39,119,38181,317368.0
2020-09-23,2020-09-23,LANCORHOL,XT,3.81,3.85,3.81,3.85,4.0,9,4362,16684.0
2020-09-23,2020-09-23,INDINFO,X,0.2,0.2,0.19,0.2,0.2,75,357252,68834.0
2020-09-23,2020-09-23,BANASFN,X,3.58,3.58,3.58,3.58,3.51,11,4200,15036.0
2020-09-23,2020-09-23,VISAKAIND,B,305.15,317.85,301.05,311.0,302.7,288,2052,636195.0
2020-09-23,2020-09-23,HATHWAYB,XT,18.9,18.9,18.9,18.9,18.55,12,4337,81969.0
2020-09-23,2020-09-23,PRESSMN,B,17.75,17.75,17.1,17.2,17.15,9,332,5885.0
2020-09-23,2020-09-23,GUFICBIO,B,82.5,82.5,79.45,80.25,81.05,191,6849,555181.0
2020-09-23,2020-09-23,GOVINDRUBB,Z,3.1,3.1,3.0,3.0,3.0,2,104,322.0
2020-09-23,2020-09-23,GRPLTD,B,705.65,705.65,705.65,705.65,700.4,1,1,705.0
2020-09-23,2020-09-23,INDAG,X,68.25,72.3,68.25,68.5,70.0,31,546,37783.0
2020-09-23,2020-09-23,MMRUBBR-B,X,30.4,30.4,30.4,30.4,32.0,1,30,912.0
2020-09-23,2020-09-23,PTL,B,40.45,41.5,39.15,40.45,40.25,95,11506,463491.0
2020-09-23,2020-09-23,TVSSRICHAK,A,1400.0,1414.9,1362.05,1370.1,1391.25,81,491,678137.0
2020-09-23,2020-09-23,BENARAS,XT,1220.0,1240.0,1178.0,1178.0,1240.0,23,92,110388.0
2020-09-23,2020-09-23,BHAGWOX,XT,16.5,16.5,16.5,16.5,16.8,2,3,49.0
2020-09-23,2020-09-23,BOMOXY-B1,X,10253.0,11000.0,10207.0,10382.85,10489.3,45,54,570416.0
2020-09-23,2020-09-23,CRAVATEX,X,288.0,288.0,264.6,283.5,275.8,5,175,48367.0
2020-09-23,2020-09-23,BERGEPAINT,A,563.0,573.85,562.0,570.85,560.6,1035,27888,15858916.0
2020-09-23,2020-09-23,CAPRIHANS,X,54.7,54.7,52.0,53.1,51.9,15,1413,74552.0
2020-09-23,2020-09-23,GRAPHITE,A,170.0,172.65,165.5,168.0,168.4,1399,35236,5958204.0
2020-09-23,2020-09-23,CEMPRO,A,51.15,51.45,47.55,48.55,49.8,804,82262,4022290.0
2020-09-23,2020-09-23,EMPIND,X,580.6,610.95,570.0,574.85,585.8,57,1044,606347.0
2020-09-23,2020-09-23,GRAVISSHO,X,11.35,11.35,11.35,11.35,11.8,1,10,113.0
2020-09-23,2020-09-23,GARFIBRES,A,1830.2,1887.0,1782.0,1867.45,1829.25,389,1659,3040815.0
2020-09-23,2020-09-23,GARWAMAR,X,3.6,3.6,3.6,3.6,3.53,3,361,1299.0
2020-09-23,2020-09-23,GOACARBON,B,203.0,203.0,194.0,194.4,199.95,182,1047,206662.0
2020-09-23,2020-09-23,HARDCAS,X,234.6,240.0,223.1,239.45,234.5,6,95,21731.0
2020-09-23,2020-09-23,HEG,A,719.45,731.0,701.5,715.4,711.6,1459,15510,11126363.0
2020-09-23,2020-09-23,HINDCOMPOS,B,185.15,185.15,178.05,178.05,180.0,34,181,32973.0
2020-09-23,2020-09-23,BIRLANU,B,1616.45,1679.95,1600.0,1630.25,1568.7,663,2242,3658017.0
2020-09-23,2020-09-23,INDIANCARD,B,102.0,102.0,96.45,99.85,95.1,32,670,65499.0
2020-09-23,2020-09-23,INTLCONV,X,29.5,29.5,27.85,28.0,29.3,12,4465,125457.0
2020-09-23,2020-09-23,JAYSREETEA,B,59.95,60.25,57.75,58.25,58.0,240,11752,694470.0
2020-09-23,2020-09-23,HUHTAMAKI,B,276.0,296.25,272.75,290.5,264.25,1237,20662,5966454.0
2020-09-23,2020-09-23,PREMSYN,XT,8.9,9.08,8.74,8.74,8.91,7,1225,10964.0
2020-09-23,2020-09-23,SHALPAINTS,B,67.55,67.7,65.15,65.45,65.65,209,7104,467739.0
2020-09-23,2020-09-23,SUPREMEIND,A,1370.05,1420.0,1370.05,1416.35,1398.85,211,742,1048335.0
2020-09-23,2020-09-23,THACKER,XT,106.2,117.05,106.2,117.05,111.5,14,200,22325.0
2020-09-23,2020-09-23,VSTIND,A,3502.65,3587.85,3421.35,3519.4,3489.8,238,497,1734525.0
2020-09-23,2020-09-23,SWASTIVI,X,6.18,6.18,5.18,5.39,5.75,382,436307,2382269.0
2020-09-23,2020-09-23,YAMNINV,XT,0.19,0.2,0.19,0.2,0.19,2,810,154.0
2020-09-23,2020-09-23,JINDRILL,B,68.6,69.0,67.85,68.15,68.6,66,3337,227840.0
2020-09-23,2020-09-23,SAKTHIFIN,X,15.9,15.9,14.7,14.7,15.4,29,2967,43734.0
2020-09-23,2020-09-23,DEWANHFIN,A,12.11,13.02,12.11,12.78,12.64,602,116042,1479529.0
2020-09-23,2020-09-23,AEROENTER,X,16.7,16.7,16.65,16.65,16.7,7,3070,51118.0
2020-09-23,2020-09-23,VBDESAI,X,2.95,2.95,2.95,2.95,2.81,5,1401,4132.0
2020-09-23,2020-09-23,QUADRANT,XT,0.19,0.19,0.19,0.19,0.19,12,311128,59114.0
2020-09-23,2020-09-23,WSFX,X,13.6,13.65,13.6,13.6,14.3,9,1043,14189.0
2020-09-23,2020-09-23,ANJANIFOODS,XT,37.45,37.45,37.45,37.45,38.2,3,30,1123.0
2020-09-23,2020-09-23,CANFINHOME,A,416.95,422.15,411.75,415.75,413.65,1239,33722,14049362.0
2020-09-23,2020-09-23,IVC,T,3.8,3.9,3.72,3.88,3.85,33,10677,40418.0
2020-09-23,2020-09-23,SHRIRAMFIN,A,649.0,650.0,607.55,613.55,640.4,4004,130466,81027128.0
2020-09-23,2020-09-23,CHOLAFIN,A,233.5,236.45,226.55,229.8,231.4,2055,100106,23140787.0
2020-09-23,2020-09-23,VLSFINANCE,B,57.75,57.75,56.0,56.0,56.35,147,7334,419039.0
2020-09-23,2020-09-23,INDCEMCAP,XT,3.12,3.12,3.12,3.12,3.11,2,342,1067.0
2020-09-23,2020-09-23,MEHIF,XT,4.94,5.14,4.94,5.14,5.04,4,115,579.0
2020-09-23,2020-09-23,VIDEOCONIND,Z,2.46,2.46,2.46,2.46,2.58,52,52703,129649.0
2020-09-23,2020-09-23,CREST,B,82.7,82.7,78.8,79.45,79.5,146,5993,475266.0
2020-09-23,2020-09-23,VAKRANGEE,A,25.5,26.15,25.2,25.5,25.15,809,218655,5630843.0
2020-09-23,2020-09-23,DHARFIN,X,4.88,4.97,4.88,4.97,5.13,2,105,512.0
2020-09-23,2020-09-23,ALEXANDER,X,13.34,13.34,12.34,13.14,12.82,163,84600,1107895.0
2020-09-23,2020-09-23,INDBANK,B,10.81,10.81,9.9,9.96,10.37,83,8144,83857.0
2020-09-23,2020-09-23,BHARAT,X,21.7,21.7,21.7,21.7,22.8,22,366,7942.0
2020-09-23,2020-09-23,CAPTRUST,B,61.2,63.95,57.0,57.9,58.6,17,445,26122.0
2020-09-23,2020-09-23,USHAKIRA,XT,4.52,4.52,4.52,4.52,4.75,1,10,45.0
2020-09-23,2020-09-23,VIVOBIOT,X,40.95,40.95,37.0,37.45,39.15,56,5223,201261.0
2020-09-23,2020-09-23,VEERHEALTH,X,7.7,7.99,7.7,7.99,7.8,2,1800,14353.0
2020-09-23,2020-09-23,PANINDIAC,XT,0.19,0.19,0.19,0.19,0.19,12,13336,2533.0
2020-09-23,2020-09-23,SAHARAHOUS,X,32.85,36.2,32.85,33.65,34.5,20,825,28382.0
2020-09-23,2020-09-23,GSBFIN,X,4.96,4.96,4.96,4.96,4.96,1,50,248.0
2020-09-23,2020-09-23,MORARKFI,X,34.35,34.35,32.5,33.2,33.0,6,216,7350.0
2020-09-23,2020-09-23,MONARCH,XT,24.25,24.4,23.05,23.95,23.5,6,2302,55883.0
2020-09-23,2020-09-23,PROFINC,X,22.0,22.5,20.55,22.4,21.5,28,304961,6273966.0
2020-09-23,2020-09-23,CRESCENTIS,X,16.95,16.95,16.95,16.95,17.25,1,100,1695.0
2020-09-23,2020-09-23,BEFOUNDMOL,XT,2.02,2.02,2.02,2.02,2.02,1,11,22.0
2020-09-23,2020-09-23,AVONMORE,X,10.05,10.55,9.9,10.07,9.98,55,55500,558551.0
2020-09-23,2020-09-23,PALSOFTINFO,XT,3.26,3.26,3.26,3.26,3.11,2,4,13.0
2020-09-23,2020-09-23,YASHMGM,XT,13.2,13.2,13.0,13.0,13.5,17,45345,592191.0
2020-09-23,2020-09-23,ARIHANTCAP,X,60.05,65.65,56.05,56.4,60.35,568,113981,7117126.0
2020-09-23,2020-09-23,ISLCONSUL,X,11.02,11.02,11.02,11.02,10.5,2,250,2755.0
2020-09-23,2020-09-23,DCMFINSERV,T,1.26,1.26,1.26,1.26,1.32,2,500,630.0
2020-09-23,2020-09-23,FEDDERSHOL,X,46.5,46.5,46.5,46.5,44.3,5,364,16926.0
2020-09-23,2020-09-23,SAMBHAAV,B,2.0,2.0,2.0,2.0,2.05,10,358,716.0
2020-09-23,2020-09-23,NETTLINX,X,51.0,51.2,50.1,50.9,50.2,101,9735,493239.0
2020-09-23,2020-09-23,SCANSTL,X,19.25,19.25,16.65,18.85,18.4,16,747,13855.0
2020-09-23,2020-09-23,GICHSGFIN,A,95.0,96.65,91.95,94.0,94.35,783,33498,3144011.0
2020-09-23,2020-09-23,MATHEWE,X,6.65,6.65,6.65,6.65,7.0,1,10,66.0
2020-09-23,2020-09-23,CHRTEDCA,X,54.0,54.0,53.7,54.0,56.5,4,338,18221.0
2020-09-23,2020-09-23,INVIGO,XT,3.25,3.25,3.13,3.13,3.19,25,4875,15561.0
2020-09-23,2020-09-23,BAIDFIN,X,26.9,26.9,26.9,26.9,25.65,5,202,5433.0
2020-09-23,2020-09-23,VIPULLTD,B,13.55,13.55,12.95,13.55,13.05,11,184,2487.0
2020-09-23,2020-09-23,USHDI,X,0.19,0.19,0.19,0.19,0.19,1,2400,456.0
2020-09-23,2020-09-23,UGROCAP,X,95.8,100.0,93.15,95.75,92.25,21,5404,515518.0
2020-09-23,2020-09-23,SAHLIBHFI,X,70.0,70.0,70.0,70.0,70.0,1,1000,70000.0
2020-09-23,2020-09-23,ABIRAFN,Z,3.71,3.71,3.71,3.71,3.9,2,50,185.0
2020-09-23,2020-09-23,AASTAFIN,X,15.75,15.75,15.75,15.75,16.0,2,190,2992.0
2020-09-23,2020-09-23,MUTHOOTCAP,B,392.1,392.1,365.0,371.6,382.3,304,2805,1054323.0
2020-09-23,2020-09-23,MASTERTR,X,15.55,15.75,15.55,15.7,16.35,5,1501,23580.0
2020-09-23,2020-09-23,TTGIL,X,1.4,1.55,1.4,1.55,1.52,2,10288,14446.0
2020-09-23,2020-09-23,ZSARACOM,XT,622.0,623.5,622.0,623.5,653.35,19,158,98331.0
2020-09-23,2020-09-23,DHANSAFAL,X,0.78,0.78,0.75,0.75,0.78,3,102,79.0
2020-09-23,2020-09-23,DECNGOLD,X,13.3,13.75,13.0,13.35,13.5,167,61640,818491.0
2020-09-23,2020-09-23,UPL,A,533.0,533.7,520.0,532.5,529.15,6897,263354,139014623.0
2020-09-23,2020-09-23,CRANESSOFT,X,0.43,0.45,0.43,0.43,0.45,16,32204,14247.0
2020-09-23,2020-09-23,SIGIND,B,17.85,18.75,17.85,18.6,17.65,49,4577,84318.0
2020-09-23,2020-09-23,AVANCE,XT,0.49,0.49,0.49,0.49,0.49,5,294,144.0
2020-09-23,2020-09-23,SECURKLOUD,B,44.3,44.3,44.3,44.3,42.2,7,783,34686.0
2020-09-23,2020-09-23,ABANSENT,X,159.95,161.0,159.0,160.85,153.8,13,1138,182578.0
2020-09-23,2020-09-23,VAMA,X,8.71,8.71,8.02,8.48,8.3,13,5806,47108.0
2020-09-23,2020-09-23,SUNTECK,A,265.9,273.0,256.55,258.9,257.65,1060,30351,8043030.0
2020-09-23,2020-09-23,PRISMMEDI,X,16.35,16.35,14.91,16.01,15.64,41,77307,1227814.0
2020-09-23,2020-09-23,VERITAS,XT,37.0,37.0,37.0,37.0,36.3,1,5,185.0
2020-09-23,2020-09-23,JAICORPLTD,A,85.6,85.6,80.35,81.95,81.4,942,97368,7939099.0
2020-09-23,2020-09-23,ASHCAP,X,1.89,2.0,1.89,1.98,1.98,17,11101,21521.0
2020-09-23,2020-09-23,SVARTCORP,X,2.9,3.01,2.88,2.99,3.0,37,46989,140658.0
2020-09-23,2020-09-23,MMWL,X,4.16,4.55,4.15,4.55,4.35,36,41402,178225.0
2020-09-23,2020-09-23,NNTL,Z,6.0,6.0,6.0,6.0,6.23,1,40,240.0
2020-09-23,2020-09-23,SHIRPURGOLD,B,7.71,7.91,7.35,7.5,7.69,6,64,480.0
2020-09-23,2020-09-23,BHAGYANGR,B,18.2,18.2,17.9,17.9,18.2,3,210,3762.0
2020-09-23,2020-09-23,STARTECK,X,49.55,52.15,49.55,50.15,49.7,1006,25337,1269676.0
2020-09-23,2020-09-23,SHARDUL,X,45.6,48.5,45.6,48.5,48.0,3,24,1129.0
2020-09-23,2020-09-23,APOLLOFI,X,434.7,434.7,396.25,407.45,414.0,155,2392,985577.0
2020-09-23,2020-09-23,SHRJAGP,X,276.4,276.9,255.0,264.8,270.0,45,947,251602.0
2020-09-23,2020-09-23,LLOYDSME,X,9.81,10.58,9.81,10.5,10.17,55,27365,282670.0
2020-09-23,2020-09-23,LLOYDSENT,X,1.56,1.56,1.56,1.56,1.57,2,3,4.0
2020-09-23,2020-09-23,GARNETINT,X,25.0,25.0,25.0,25.0,24.65,3,341,8525.0
2020-09-23,2020-09-23,SHALPRO,X,0.49,0.49,0.49,0.49,0.49,1,130,63.0
2020-09-23,2020-09-23,DONEAR,B,26.3,26.4,25.45,25.5,26.05,47,2899,74575.0
2020-09-23,2020-09-23,SUPER,X,235.0,246.9,232.0,234.35,249.6,25,737,172786.0
2020-09-23,2020-09-23,VIYASH,B,148.9,151.85,145.0,150.3,143.95,3536,223972,33346526.0
2020-09-23,2020-09-23,STCINDIA,B,51.6,55.6,51.6,54.45,54.0,59,1422,78148.0
2020-09-23,2020-09-23,ZENITHEXPO,B,42.0,42.0,39.0,39.0,41.9,19,402,16879.0
2020-09-23,2020-09-23,KOHINOOR,Z,9.83,10.15,9.83,9.95,10.32,9,2325,23048.0
2020-09-23,2020-09-23,AVANTIFEED,A,487.05,507.5,486.0,489.75,486.65,1161,18957,9384241.0
2020-09-23,2020-09-23,KEYFINSERV,B,40.85,42.6,37.85,40.0,40.9,128,5238,216286.0
2020-09-23,2020-09-23,ADANIENT,A,283.0,296.3,278.75,283.3,280.55,5454,399571,114958046.0
2020-09-23,2020-09-23,BHANDARI,B,1.05,1.05,1.01,1.04,1.01,59,27422,28194.0
2020-09-23,2020-09-23,ORBTEXP,B,52.0,58.5,52.0,56.0,58.0,204,4335,247873.0
2020-09-23,2020-09-23,SAVERA,X,32.25,35.5,32.25,33.25,34.3,30,10550,348956.0
2020-09-23,2020-09-23,TATASTLLP,B,313.0,329.0,313.0,318.0,324.05,159,866,275849.0
2020-09-23,2020-09-23,NAVA,A,57.45,57.95,55.2,55.6,56.3,347,24635,1384458.0
2020-09-23,2020-09-23,GSAUTO,X,3.8,3.81,3.79,3.79,3.98,13,2904,11013.0
2020-09-23,2020-09-23,TRANSFRE,XT,6.0,6.49,6.0,6.49,6.26,3,502,3257.0
2020-09-23,2020-09-23,SBCL,X,42.4,42.9,40.75,41.35,41.0,77,14944,621660.0
2020-09-23,2020-09-23,GANDHITUBE,B,213.45,214.25,209.25,213.8,211.15,59,184,39070.0
2020-09-23,2020-09-23,ORICONENT,B,18.35,18.35,17.75,17.8,18.1,130,27074,487385.0
2020-09-23,2020-09-23,BALASORE,XT,9.25,9.42,8.84,8.97,9.25,84,18367,166665.0
2020-09-23,2020-09-23,UTTAMGALVA,B,5.96,5.96,5.56,5.59,5.8,51,13221,75088.0
2020-09-23,2020-09-23,PENIND,B,15.95,16.05,15.45,15.45,15.65,35,6837,108023.0
2020-09-23,2020-09-23,JYOTISTRUC,Z,2.98,2.98,2.98,2.98,2.84,15,18976,56548.0
2020-09-23,2020-09-23,JAYUSH,X,451.0,451.0,451.0,451.0,451.7,1,1,451.0
2020-09-23,2020-09-23,SSWL,B,435.4,438.0,426.2,433.05,431.0,152,1559,676058.0
2020-09-23,2020-09-23,MANINDS,B,67.6,68.0,64.0,65.85,66.65,815,57567,3797590.0
2020-09-23,2020-09-23,PREMPIPES,XT,3.61,3.61,3.61,3.61,3.8,1,10,36.0
2020-09-23,2020-09-23,IMEC,X,1.33,1.33,1.33,1.33,1.4,1,100,133.0
2020-09-23,2020-09-23,MDRNSTL,X,3.73,4.07,3.73,4.07,3.89,6,446,1721.0
2020-09-23,2020-09-23,TERRASCOPE,X,4.0,4.0,3.62,3.62,3.81,23,4050,15137.0
2020-09-23,2020-09-23,BELDING,XT,21.8,23.0,21.0,21.2,22.0,5,15,323.0
2020-09-23,2020-09-23,GOLKONDA,Z,3.15,3.15,3.15,3.15,3.15,1,50,157.0
2020-09-23,2020-09-23,METALFORGE,T,4.75,4.75,4.66,4.66,4.85,2,200,941.0
2020-09-23,2020-09-23,GFSTEELS,B,2.6,2.6,2.6,2.6,2.61,256,2630,6838.0
2020-09-23,2020-09-23,AJMERA,B,83.95,86.0,83.1,84.85,82.25,223,12885,1089003.0
2020-09-23,2020-09-23,COCHINM,X,121.25,121.5,117.25,117.3,117.75,32,1976,235454.0
2020-09-23,2020-09-23,INDIAHOMES,X,0.38,0.39,0.37,0.39,0.38,20,62960,24181.0
2020-09-23,2020-09-23,KVFORGE,X,24.35,24.35,24.35,24.35,25.6,2,6,146.0
2020-09-23,2020-09-23,CARBORUNIV,A,260.85,260.9,250.1,251.85,257.1,396,4946,1250681.0
2020-09-23,2020-09-23,MMTC,A,17.2,17.35,16.65,16.9,16.85,266,108755,1841029.0
2020-09-23,2020-09-23,VALLABHSQ,XT,9.04,9.04,9.04,9.04,9.04,3,350,3164.0
2020-09-23,2020-09-23,PMTELELIN,X,1.97,1.97,1.97,1.97,1.97,1,1000,1970.0
2020-09-23,2020-09-23,TATAMETALI,A,505.0,512.65,493.75,496.3,505.05,334,3200,1625596.0
2020-09-23,2020-09-23,MONNETISPA,B,18.2,18.25,17.95,18.0,18.2,100,36117,651562.0
2020-09-23,2020-09-23,KANSHST,XT,6.55,6.55,6.5,6.5,6.84,5,100,652.0
2020-09-23,2020-09-23,SIMPLEXCAS,X,19.0,19.0,18.25,18.25,19.0,7,280,5115.0
2020-09-23,2020-09-23,SSWRL,X,16.3,18.45,16.05,16.6,17.8,14,1901,31072.0
2020-09-23,2020-09-23,SOUTHMG,XT,16.1,16.1,14.6,14.6,15.35,2,800,12733.0
2020-09-23,2020-09-23,GUJCONT,P,10.55,11.65,10.55,11.6,11.1,3,300,3375.0
2020-09-23,2020-09-23,KALYANIFRG,T,153.8,153.8,141.25,141.25,148.65,3,60,8600.0
2020-09-23,2020-09-23,PANCHMAHQ,X,29.6,29.6,28.2,28.2,29.65,6,484,14322.0
2020-09-23,2020-09-23,ADITYA,X,6.31,6.31,6.31,6.31,6.64,2,11,69.0
2020-09-23,2020-09-23,SRIND,X,1.65,1.65,1.65,1.65,1.62,6,1570,2590.0
2020-09-23,2020-09-23,STEELCAS,X,102.0,102.0,96.0,99.15,102.0,35,2040,201927.0
2020-09-23,2020-09-23,PITTIENG,B,31.25,31.3,30.4,30.75,30.8,515,108971,3368021.0
2020-09-23,2020-09-23,GLITTEKG,X,1.26,1.26,1.2,1.2,1.26,3,166,203.0
2020-09-23,2020-09-23,PRADPME,X,36.0,37.0,35.05,37.0,35.4,3,130,4640.0
2020-09-23,2020-09-23,GNRL,X,10.3,10.81,10.19,10.19,10.3,7,121,1245.0
2020-09-23,2020-09-23,MAHASTEEL,B,111.55,113.8,108.1,109.55,114.05,49,699,78029.0
2020-09-23,2020-09-23,REALSTRIPS,X,8.17,8.17,8.17,8.17,8.14,2,51,416.0
2020-09-23,2020-09-23,NOVIS,XT,4.52,4.52,4.52,4.52,4.75,2,174,786.0
2020-09-23,2020-09-23,HINDCOPPER,A,34.6,34.75,33.45,33.9,33.85,189,18927,642595.0
2020-09-23,2020-09-23,SRIPIPES,B,161.0,164.9,159.65,161.2,159.05,503,9153,1475803.0
2020-09-23,2020-09-23,NLCINDIA,A,49.8,51.2,49.4,50.5,49.4,532,74679,3733141.0
2020-09-23,2020-09-23,JMTAUTOLTD,B,2.73,2.83,2.62,2.8,2.71,55,40950,112464.0
2020-09-23,2020-09-23,KAJARIR,X,25.65,29.45,25.65,28.85,27.0,12,460,12804.0
2020-09-23,2020-09-23,SHILGRAVQ,X,52.8,58.5,52.55,52.55,52.45,26,1333,73503.0
2020-09-23,2020-09-23,WHITEORG,X,5.88,5.88,5.44,5.56,5.63,43,5748,32693.0
2020-09-23,2020-09-23,AROGRANITE,B,26.05,26.45,25.15,25.95,26.15,147,11376,296689.0
2020-09-23,2020-09-23,RUDRAECO,XT,1.42,1.42,1.42,1.42,1.49,2,110,156.0
2020-09-23,2020-09-23,DEEPAKSP,X,68.15,72.0,68.15,72.0,70.5,5,10100,715780.0
2020-09-23,2020-09-23,JBFINDLTD,B,8.48,8.48,7.68,7.79,8.08,114,16040,124370.0
2020-09-23,2020-09-23,LOYALTEX,X,228.15,228.15,228.0,228.0,230.3,3,60,13687.0
2020-09-23,2020-09-23,HIMATSEIDE,A,83.2,84.0,82.05,82.75,82.1,478,17143,1420271.0
2020-09-23,2020-09-23,BSL,B,26.8,26.8,23.45,24.8,23.6,42,5894,144501.0
2020-09-23,2020-09-23,KONARKSY,X,10.25,10.25,10.25,10.25,9.77,1,22,225.0
2020-09-23,2020-09-23,SURYALA,X,80.55,80.55,80.55,80.55,82.65,1,5,402.0
2020-09-23,2020-09-23,TTL,B,35.2,35.2,33.0,33.7,35.8,37,633,21411.0
2020-09-23,2020-09-23,UNIWORTH,XT,0.52,0.54,0.5,0.5,0.52,8,4302,2261.0
2020-09-23,2020-09-23,WELSPUNLIV,A,56.05,59.2,56.05,58.85,56.45,869,100471,5855317.0
2020-09-23,2020-09-23,INDIANACRY,X,8.85,9.16,8.6,8.74,8.9,151,52744,463805.0
2020-09-23,2020-09-23,GANECOS,B,263.65,263.65,252.0,258.0,255.95,89,1002,258599.0
2020-09-23,2020-09-23,VARDMNPOLY,B,7.8,7.8,7.31,7.48,7.6,3,256,1914.0
2020-09-23,2020-09-23,BLACKROSE,X,131.4,131.4,122.0,124.5,126.9,1383,45729,5708656.0
2020-09-23,2020-09-23,SUMEETINDS,B,1.91,1.99,1.91,1.91,1.91,12,4345,8392.0
2020-09-23,2020-09-23,BINNY,XT,117.0,117.0,108.3,109.2,114.0,23,7650,834322.0
2020-09-23,2020-09-23,RAMGOPOLY,XT,1.35,1.35,1.35,1.35,1.29,10,443,598.0
2020-09-23,2020-09-23,SANGAMIND,B,49.8,49.8,47.05,48.0,47.05,132,5015,240715.0
2020-09-23,2020-09-23,KUSHIND,X,0.67,0.67,0.64,0.64,0.67,10,797,511.0
2020-09-23,2020-09-23,SEASONST,X,4.5,4.5,4.5,4.5,4.72,1,300,1350.0
2020-09-23,2020-09-23,ZENIFIB,X,39.45,39.45,36.0,36.35,38.9,15,523,19304.0
2020-09-23,2020-09-23,BHILSPIN,X,11.0,11.9,11.0,11.9,11.55,2,1001,11011.0
2020-09-23,2020-09-23,VGL,B,11.28,11.28,11.28,11.28,11.87,3,25,282.0
2020-09-23,2020-09-23,ASHIMASYN,B,8.2,8.55,8.13,8.21,8.55,32,18883,154835.0
2020-09-23,2020-09-23,PIONEEREMB,B,21.0,21.05,21.0,21.05,21.3,3,201,4223.0
2020-09-23,2020-09-23,VIPPYSP,X,33.0,33.0,33.0,33.0,33.0,4,341,11253.0
2020-09-23,2020-09-23,RAGHUSYN,X,272.0,274.0,270.0,270.0,269.5,18,2185,591997.0
2020-09-23,2020-09-23,KAMADGIRI,X,34.3,34.3,29.55,30.25,31.4,19,1564,47819.0
2020-09-23,2020-09-23,PREMIERPOL,B,23.5,24.55,22.9,24.3,24.0,4,20,474.0
2020-09-23,2020-09-23,KRRAIL,XT,25.3,25.3,25.3,25.3,25.3,1,400,10120.0
2020-09-23,2020-09-23,AJIL,X,60.5,60.5,59.3,59.3,60.5,18,1851,110037.0
2020-09-23,2020-09-23,SARUPINDUS,X,18.75,18.75,18.5,18.5,19.45,3,4,74.0
2020-09-23,2020-09-23,MANORG,X,517.9,517.9,480.0,491.0,490.75,288,7491,3711698.0
2020-09-23,2020-09-23,HINDADH,X,92.95,92.95,86.5,91.8,85.0,20,12913,1148051.0
2020-09-23,2020-09-23,JYOTIRES,X,209.85,212.0,203.0,210.1,203.15,61,1302,272835.0
2020-09-23,2020-09-23,MHLXMIRU,X,30.0,32.4,30.0,32.1,32.15,15,2920,92731.0
2020-09-23,2020-09-23,OSWAYRN,XT,3.57,3.57,3.57,3.57,3.75,1,699,2495.0
2020-09-23,2020-09-23,WINSOMTX,B,13.73,15.54,13.5,13.78,15.86,71,7453,105126.0
2020-09-23,2020-09-23,MODINSU,XT,12.53,12.53,12.53,12.53,12.29,2,200,2506.0
2020-09-23,2020-09-23,ASAHIINDIA,B,211.55,213.0,205.1,208.65,210.6,105,680,142533.0
2020-09-23,2020-09-23,MURUDCERA,B,14.6,15.0,14.35,14.35,14.4,38,5119,74298.0
2020-09-23,2020-09-23,SEKURITIND,X,60.0,60.95,58.05,58.8,59.0,401,26182,1549280.0
2020-09-23,2020-09-23,ANANTRAJ,B,26.95,27.2,26.0,26.1,26.45,94,7769,205763.0
2020-09-23,2020-09-23,RESTILE,X,2.07,2.07,1.89,2.05,1.93,6,653,1340.0
2020-09-23,2020-09-23,HINDNATGLS,B,27.45,27.45,26.75,26.75,27.5,3,55,1475.0
2020-09-23,2020-09-23,HALDYNGL,X,27.75,28.5,27.0,27.4,28.25,166,37956,1043457.0
2020-09-23,2020-09-23,DUROPLY,X,33.95,33.95,32.0,33.5,31.9,25,6727,216915.0
2020-09-23,2020-09-23,MANGALAMTIM,B,6.75,6.75,6.75,6.75,6.9,2,300,2025.0
2020-09-23,2020-09-23,SHREYANIND,B,75.85,75.85,72.85,73.55,74.9,67,2428,180796.0
2020-09-23,2020-09-23,AGIOPAPER,X,0.98,0.98,0.98,0.98,1.03,1,1,0.0
2020-09-23,2020-09-23,STARPAPER,B,90.0,93.2,90.0,92.3,91.85,152,3659,337441.0
2020-09-23,2020-09-23,PAKKA,X,58.95,59.0,55.2,57.75,57.9,359,132578,7648253.0
2020-09-23,2020-09-23,NATPLY,X,7.48,7.5,7.48,7.5,7.0,5,401,3005.0
2020-09-23,2020-09-23,ARROWGREEN,B,52.0,52.0,49.3,49.3,51.85,85,2741,139837.0
2020-09-23,2020-09-23,VISHNU,T,148.05,153.25,146.2,152.7,153.25,16,492,73374.0
2020-09-23,2020-09-23,NRAIL,B,190.0,192.8,188.4,190.6,184.65,98,1252,238029.0
2020-09-23,2020-09-23,SHRAJESPAP,XT,2.48,2.48,2.48,2.48,2.6,4,103,255.0
2020-09-23,2020-09-23,3PLAND,B,7.1,7.1,7.09,7.09,6.77,6,1003,7121.0
2020-09-23,2020-09-23,SANPA,XT,74.15,74.7,74.15,74.7,74.2,8,125,9282.0
2020-09-23,2020-09-23,STHINPA,X,60.05,61.05,60.05,60.1,61.0,25,4712,287037.0
2020-09-23,2020-09-23,FAMILYCARE,X,8.0,8.4,7.6,8.26,8.0,13,759,5822.0
2020-09-23,2020-09-23,VINDHYATEL,B,807.45,807.45,786.25,801.2,786.0,96,423,336612.0
2020-09-23,2020-09-23,RIR,X,32.1,32.3,29.35,29.8,29.65,19,1225,37839.0
2020-09-23,2020-09-23,ADOR,B,250.5,250.5,242.95,243.65,246.4,357,2312,566144.0
2020-09-23,2020-09-23,IDM,XT,5.15,5.69,5.15,5.69,5.42,3,501,2743.0
2020-09-23,2020-09-23,SALZERELEC,B,89.15,94.2,89.15,91.9,89.5,183,6844,627661.0
2020-09-23,2020-09-23,JETKINGQ,X,27.05,29.0,27.05,27.5,28.15,6,325,8927.0
2020-09-23,2020-09-23,APLAB,XT,17.75,17.75,17.75,17.75,17.41,1,1,17.0
2020-09-23,2020-09-23,PCS,X,5.1,5.59,5.1,5.59,5.35,8,537,2763.0
2020-09-23,2020-09-23,USHAMART,B,24.5,25.15,24.3,24.3,24.25,105,23319,571976.0
2020-09-23,2020-09-23,SPELS,XT,9.58,9.58,9.4,9.4,9.59,13,24800,233440.0
2020-09-23,2020-09-23,SUBROS,B,246.05,246.7,238.9,240.2,239.3,83,1246,301508.0
2020-09-23,2020-09-23,EDVENSWA,XT,15.5,15.5,15.5,15.5,15.5,1,1,15.0
2020-09-23,2020-09-23,HONAUT,A,32899.9,33473.85,32000.0,32301.55,32364.15,184,253,8271270.0
2020-09-23,2020-09-23,LUMAXIND,B,1375.0,1397.95,1302.0,1319.1,1370.05,139,308,412151.0
2020-09-23,2020-09-23,DIGISPICE,B,7.65,7.65,7.65,7.65,8.02,1,300,2295.0
2020-09-23,2020-09-23,CALCOM,X,22.15,25.25,22.15,23.5,23.5,29,3751,87564.0
2020-09-23,2020-09-23,DYNAVSN,XT,38.05,38.05,38.0,38.0,40.0,5,450,17105.0
2020-09-23,2020-09-23,PRECISIO,XT,17.6,17.6,17.6,17.6,18.5,4,656,11545.0
2020-09-23,2020-09-23,HBLENGINE,B,15.5,16.1,15.5,15.9,15.5,144,32507,514934.0
2020-09-23,2020-09-23,GUJARATPOLY,X,7.65,7.65,7.65,7.65,8.05,1,100,765.0
2020-09-23,2020-09-23,GIPCL,B,70.4,70.55,69.0,69.5,69.25,48,3158,219684.0
2020-09-23,2020-09-23,CMICABLES,B,35.8,36.25,34.0,34.0,35.75,81,4517,156351.0
2020-09-23,2020-09-23,MOTHERSON,A,113.25,115.45,108.6,109.15,112.55,4345,458628,51080628.0
2020-09-23,2020-09-23,MINDTECK,T,32.9,32.9,30.2,30.2,31.75,26,3573,108532.0
2020-09-23,2020-09-23,HAVELLS,A,660.0,686.15,660.0,674.2,665.05,1548,39396,26642789.0
2020-09-23,2020-09-23,ACIIN,X,0.49,0.49,0.49,0.49,0.49,3,516,252.0
2020-09-23,2020-09-23,GUJINTRX,X,88.5,88.5,85.05,87.15,89.85,8,243,21380.0
2020-09-23,2020-09-23,IGARASHI,B,280.0,287.45,269.2,276.3,277.8,287,1925,534243.0
2020-09-23,2020-09-23,SYMPHONY,A,885.0,885.0,854.0,858.7,872.75,199,1921,1660135.0
2020-09-23,2020-09-23,REGANTO,X,0.56,0.56,0.52,0.54,0.54,9,26910,14593.0
2020-09-23,2020-09-23,VXLINSTR,X,3.64,3.64,3.64,3.64,3.64,2,100,364.0
2020-09-23,2020-09-23,PATELSAI,X,142.75,142.75,135.55,137.0,135.65,52,2837,399266.0
2020-09-23,2020-09-23,BUTTERFLY,T,255.0,255.95,239.4,240.2,252.0,140,10229,2494152.0
2020-09-23,2020-09-23,DUTRON,XT,116.1,116.1,116.1,116.1,121.85,1,10,1161.0
2020-09-23,2020-09-23,RSSOFTWARE,B,22.25,22.6,21.05,22.6,21.85,20,2169,47372.0
2020-09-23,2020-09-23,MAGNAELQ,X,166.0,166.0,155.1,160.95,160.0,70,13082,2080077.0
2020-09-23,2020-09-23,LINAKS,XT,0.53,0.53,0.53,0.53,0.53,3,1331,705.0
2020-09-23,2020-09-23,MARSONS,Z,6.86,6.86,6.86,6.86,6.86,3,500,3430.0
2020-09-23,2020-09-23,ELNET,X,119.5,119.5,108.35,112.25,117.0,47,1940,224258.0
2020-09-23,2020-09-23,ACCEL,XT,9.34,9.34,8.5,8.5,8.9,35,21502,185216.0
2020-09-23,2020-09-23,WEBELSOLAR,B,19.75,19.75,18.75,18.75,19.7,140,84535,1587703.0
2020-09-23,2020-09-23,ROTO,X,105.0,105.0,101.0,104.85,102.6,126,9587,991134.0
2020-09-23,2020-09-23,TTKPRESTIG,A,6143.65,6199.0,5722.85,6174.4,6122.5,356,598,3614009.0
2020-09-23,2020-09-23,DHINDIA,X,12.91,12.91,12.91,12.91,12.9,1,2,25.0
2020-09-23,2020-09-23,RAJRATAN,B,312.75,336.0,304.4,307.35,319.3,98,6571,2112156.0
2020-09-23,2020-09-23,SURANAT&P,B,3.84,3.91,3.84,3.91,3.79,2,158,608.0
2020-09-23,2020-09-23,ONWARDTEC,B,64.1,68.5,62.75,63.4,63.25,284,9851,639183.0
2020-09-23,2020-09-23,CENTUM,B,318.0,318.0,293.0,300.7,309.9,121,1888,572764.0
2020-09-23,2020-09-23,ALFATRAN,X,14.11,14.11,14.11,14.11,14.85,3,10750,151682.0
2020-09-23,2020-09-23,STARLITE,XT,3.52,3.52,3.36,3.5,3.36,6,1928,6744.0
2020-09-23,2020-09-23,NHCFOODS,X,11.2,11.2,10.45,10.45,11.0,36,54627,588932.0
2020-09-23,2020-09-23,TRIGYN,B,46.6,47.55,45.0,45.15,45.75,126,6585,304213.0
2020-09-23,2020-09-23,KEI,A,350.25,364.1,349.5,353.95,356.65,427,4579,1623287.0
2020-09-23,2020-09-23,GUJSIDHCEM,B,26.8,27.5,26.15,26.45,26.7,194,11466,307042.0
2020-09-23,2020-09-23,SURAJ,Z,17.25,17.25,17.25,17.25,17.6,1,100,1725.0
2020-09-23,2020-09-23,APCL,B,182.3,194.55,168.9,185.8,173.9,400,12478,2242710.0
2020-09-23,2020-09-23,MODINATUR,X,58.3,58.3,55.0,55.5,56.9,11,651,36824.0
2020-09-23,2020-09-23,TASTYBITE,B,10577.9,10577.9,9961.55,10014.8,10400.65,80,128,1291906.0
2020-09-23,2020-09-23,RITESHIN,XT,13.17,13.17,13.17,13.17,12.92,21,8925,117542.0
2020-09-23,2020-09-23,AVTNPL,B,45.05,45.35,43.0,44.0,44.15,193,12912,567096.0
2020-09-23,2020-09-23,HNDFDS,B,880.4,918.8,836.4,851.85,880.4,720,7096,6093979.0
2020-09-23,2020-09-23,NAHARINDUS,B,24.85,25.1,24.55,24.8,24.85,75,10216,253857.0
2020-09-23,2020-09-23,VADILENT,XT,1568.0,1625.0,1568.0,1589.6,1598.85,11,98,154354.0
2020-09-23,2020-09-23,VADILALIND,B,809.0,809.0,784.25,789.35,777.1,129,749,589568.0
2020-09-23,2020-09-23,ADFFOODS,B,419.0,427.25,400.05,413.45,407.9,846,14394,5964855.0
2020-09-23,2020-09-23,WILLIMFI,X,3.94,3.94,3.7,3.7,3.76,3,1300,5098.0
2020-09-23,2020-09-23,AJANTSOY,X,42.0,42.0,38.5,39.0,40.65,62,7895,312746.0
2020-09-23,2020-09-23,WILLAMAGOR,B,17.5,17.9,17.4,17.4,18.3,3,166,2899.0
2020-09-23,2020-09-23,KISAAN,X,3.2,3.2,3.2,3.2,3.05,1,100,320.0
2020-09-23,2020-09-23,SIEL,XT,6.35,6.35,6.23,6.23,6.35,3,151,941.0
2020-09-23,2020-09-23,SANWARIA,Z,1.58,1.7,1.56,1.67,1.64,268,758738,1212291.0
2020-09-23,2020-09-23,PRIMAGR,XT,19.4,19.4,17.6,19.35,18.5,118,53775,972462.0
2020-09-23,2020-09-23,MADHURIND,X,3.03,3.03,3.03,3.03,2.89,1,100,303.0
2020-09-23,2020-09-23,TARAI,XT,5.97,5.97,5.97,5.97,5.97,5,49,292.0
2020-09-23,2020-09-23,MODAIRY,X,3.3,3.3,3.23,3.24,3.4,9,2117,6897.0
2020-09-23,2020-09-23,BAMBINO,X,195.0,198.7,192.0,196.45,189.1,22,927,179731.0
2020-09-23,2020-09-23,VIKASWSP,B,4.18,4.18,4.18,4.18,4.4,121,133902,559710.0
2020-09-23,2020-09-23,POONADAL,X,30.75,32.4,30.7,30.85,32.3,53,4825,149732.0
2020-09-23,2020-09-23,TRANSFD,X,184.75,184.75,178.0,184.75,181.15,174,7806,1439525.0
2020-09-23,2020-09-23,ANIKINDS,B,12.6,12.81,12.6,12.6,13.26,38,1463,18434.0
2020-09-23,2020-09-23,SHINDL,XT,26.15,26.15,26.15,26.15,27.5,1,1,26.0
2020-09-23,2020-09-23,KSE,XT,1973.0,2071.9,1973.0,2043.5,1973.25,126,2254,4607321.0
2020-09-23,2020-09-23,VIRATCRA,X,18.45,19.3,17.6,19.2,18.45,19,3688,69712.0
2020-09-23,2020-09-23,CIANAGRO,XT,24.4,26.9,24.4,26.9,25.65,13,587,14610.0
2020-09-23,2020-09-23,TAIIND,XT,7.72,7.72,7.72,7.72,7.91,1,100,772.0
2020-09-23,2020-09-23,ASIANTNE,XT,16.4,16.4,16.3,16.3,16.2,7,11000,180150.0
2020-09-23,2020-09-23,HERITGFOOD,A,354.5,354.5,330.0,333.2,344.25,551,2527,856876.0
2020-09-23,2020-09-23,SIMRAN,XT,40.1,43.8,40.0,41.05,41.9,17,1557,65382.0
2020-09-23,2020-09-23,DFMFOODS,B,365.0,365.0,343.0,345.7,353.45,256,2057,721569.0
2020-09-23,2020-09-23,CCL,A,259.95,261.0,247.4,251.85,257.0,334,4046,1019987.0
2020-09-23,2020-09-23,KELLTONTEC,B,46.25,49.2,45.8,45.8,48.2,351,77096,3577837.0
2020-09-23,2020-09-23,LAKESHORE,X,17.65,17.65,17.5,17.5,17.75,3,102,1785.0
2020-09-23,2020-09-23,RICOAUTO,B,28.35,30.0,27.9,28.5,28.2,643,74945,2171862.0
2020-09-23,2020-09-23,OMAXAUTO,B,44.0,44.0,38.6,40.5,40.6,35,527,21287.0
2020-09-23,2020-09-23,MUNJALSHOW,B,126.7,126.7,120.0,122.55,121.65,198,4928,603146.0
2020-09-23,2020-09-23,JAMNAAUTO,A,45.75,47.65,45.0,47.0,45.4,1556,172781,8015778.0
2020-09-23,2020-09-23,TVSHLTD,B,1641.45,1641.45,1584.7,1622.8,1647.0,249,138064,218886352.0
2020-09-23,2020-09-23,JTEKTINDIA,B,76.7,76.7,74.15,75.3,75.85,180,2632,198123.0
2020-09-23,2020-09-23,MUNJALAU,B,53.7,54.5,52.2,53.65,52.05,124,6790,363816.0
2020-09-23,2020-09-23,JAYBARMARU,B,199.1,202.45,194.95,198.3,194.1,108,525,104381.0
2020-09-23,2020-09-23,RACLGEAR,X,114.75,120.65,113.0,117.85,113.7,556,92731,10862490.0
2020-09-23,2020-09-23,SAMKRG,X,108.5,112.95,108.5,110.85,113.2,54,2968,328400.0
2020-09-23,2020-09-23,SICALLOG,B,10.65,10.76,10.26,10.26,10.8,69,87436,923538.0
2020-09-23,2020-09-23,RATNAMANI,A,1197.7,1197.7,1150.65,1177.95,1185.25,334,2861,3376564.0
2020-09-23,2020-09-23,VESUVIUS,B,935.5,935.5,895.3,898.25,936.7,148,329,300547.0
2020-09-23,2020-09-23,ASAL,B,21.05,21.05,21.05,21.05,21.0,4,100,2105.0
2020-09-23,2020-09-23,ABCINDQ,X,48.7,48.75,48.7,48.75,45.2,2,86,4190.0
2020-09-23,2020-09-23,BALTE,X,8.0,8.1,8.0,8.0,8.19,26,3246,26001.0
2020-09-23,2020-09-23,SIBARAUT,X,11.01,11.01,11.0,11.0,10.5,2,4,44.0
2020-09-23,2020-09-23,TRANSWORLD,T,64.3,65.3,62.65,64.05,65.9,21,1397,88707.0
2020-09-23,2020-09-23,STARLOG,X,9.9,10.39,9.41,9.43,9.9,21,2537,25211.0
2020-09-23,2020-09-23,ICIL,B,88.1,98.8,88.1,96.1,92.3,588,22553,2141136.0
2020-09-23,2020-09-23,MARALOVER,B,12.25,12.25,10.8,11.38,11.24,37,3149,34576.0
2020-09-23,2020-09-23,SOMATEX,B,3.09,3.09,3.09,3.09,2.95,5,500,1545.0
2020-09-23,2020-09-23,OCTAVE,X,1.3,1.3,1.3,1.3,1.34,1,2500,3250.0
2020-09-23,2020-09-23,TRIDENT,A,6.42,6.5,6.4,6.43,6.43,9209,737264,4752800.0
2020-09-23,2020-09-23,ALOKINDS,B,24.55,25.75,24.55,24.55,25.8,12299,9627263,238336518.0
2020-09-23,2020-09-23,PASARI,XT,1.56,1.56,1.56,1.56,1.64,2,106,165.0
2020-09-23,2020-09-23,CLCIND,Z,0.59,0.59,0.59,0.59,0.62,1,25,14.0
2020-09-23,2020-09-23,AMARJOTHI,X,51.75,51.95,50.3,51.2,51.55,16,1067,54649.0
2020-09-23,2020-09-23,NAGREEKEXP,B,13.0,13.0,13.0,13.0,12.85,3,171,2223.0
2020-09-23,2020-09-23,SUDTIND-B,X,9.01,9.04,9.0,9.04,9.38,5,1850,16675.0
2020-09-23,2020-09-23,ADITYASP,XT,7.57,7.57,7.57,7.57,7.43,7,1111,8410.0
2020-09-23,2020-09-23,DHANFAB,X,17.9,17.9,17.0,17.9,17.1,7,215,3758.0
2020-09-23,2020-09-23,ZODIACLOTH,B,104.0,104.65,99.0,101.1,102.45,28,10429,1052834.0
2020-09-23,2020-09-23,MAXGROW,XT,1.93,1.93,1.93,1.93,1.9,6,326,629.0
2020-09-23,2020-09-23,SRMCL,X,7.88,7.88,7.88,7.88,8.29,2,606,4775.0
2020-09-23,2020-09-23,SUPERSPIN,B,3.61,3.79,3.48,3.76,3.61,20,6675,23766.0
2020-09-23,2020-09-23,SEASONSFUR,XT,1.17,1.17,1.17,1.17,1.23,1,21,24.0
2020-09-23,2020-09-23,SILINV,B,143.2,148.1,139.85,141.8,147.7,167,2364,340656.0
2020-09-23,2020-09-23,DHANROTO,X,17.1,19.65,17.1,19.0,18.75,15,3607,69895.0
2020-09-23,2020-09-23,DAMODARIND,B,24.5,24.5,23.25,23.4,24.9,18,178,4270.0
2020-09-23,2020-09-23,UNIROYAL,X,5.11,5.11,4.96,4.96,5.21,3,1012,5169.0
2020-09-23,2020-09-23,TATIAGLOB,X,0.34,0.34,0.34,0.34,0.35,2,1320,448.0
2020-09-23,2020-09-23,SRINACHA,X,11.84,11.84,11.84,11.84,11.28,1,5,59.0
2020-09-23,2020-09-23,SAMBANDAM,X,50.5,50.5,50.5,50.5,51.95,1,15,757.0
2020-09-23,2020-09-23,KITEX,B,102.4,106.5,102.0,102.4,100.35,139,4416,460055.0
2020-09-23,2020-09-23,CRANEX,X,10.83,10.83,10.83,10.83,11.4,3,1120,12129.0
2020-09-23,2020-09-23,BATLIBOI,X,8.0,8.4,8.0,8.2,8.13,21,4633,37894.0
2020-09-23,2020-09-23,AUSTENG,X,32.5,34.75,31.7,34.75,34.8,5,102,3388.0
2020-09-23,2020-09-23,UNIDT,X,230.05,242.95,209.5,231.0,222.4,870,792242,170478307.0
2020-09-23,2020-09-23,FLUIDOM,X,89.0,95.0,83.8,87.65,89.0,17,808,72059.0
2020-09-23,2020-09-23,EMAINDIA,X,2.28,2.28,2.28,2.28,2.4,2,100,228.0
2020-09-23,2020-09-23,WINDMACHIN,B,14.55,14.55,14.1,14.15,14.8,18,10161,144173.0
2020-09-23,2020-09-23,SHANTIGEAR,B,101.45,101.45,97.05,97.65,99.5,57,987,96801.0
2020-09-23,2020-09-23,HONDAPOWER,B,1029.35,1029.35,1007.0,1015.4,1014.45,15,39,39475.0
2020-09-23,2020-09-23,HITECHGEAR,B,126.1,128.25,124.0,127.55,128.7,13,316,39902.0
2020-09-23,2020-09-23,ELGIEQUIP,B,249.0,254.95,243.0,245.3,245.9,812,8053,2004131.0
2020-09-23,2020-09-23,UVDRHOR,X,19.2,19.2,19.2,19.2,20.2,3,1965,37728.0
2020-09-23,2020-09-23,KLBRENG-B,X,17.7,17.7,17.7,17.7,18.25,1,1,17.0
2020-09-23,2020-09-23,BIRLAPREC,X,5.63,6.0,5.55,5.6,5.78,64,22054,124363.0
2020-09-23,2020-09-23,YUKEN,X,453.0,453.8,402.05,429.05,434.45,403,7272,3082895.0
2020-09-23,2020-09-23,TIMKEN,A,1084.6,1096.55,1072.85,1093.4,1075.15,213,1845,1991873.0
2020-09-23,2020-09-23,VOITHPAPR,X,960.0,980.0,955.1,960.55,968.4,11,47,45810.0
2020-09-23,2020-09-23,ARTSON,X,28.6,28.6,27.05,27.9,27.6,14,915,25109.0
2020-09-23,2020-09-23,SOLIMAC,X,18.5,20.0,18.2,19.95,19.6,26,1009,19815.0
2020-09-23,2020-09-23,DIACABS,Z,0.7,0.7,0.7,0.7,0.72,2,3500,2450.0
2020-09-23,2020-09-23,INDSILHYD,XT,13.65,13.65,13.5,13.5,14.2,16,3271,44203.0
2020-09-23,2020-09-23,ITL,X,68.1,68.2,66.95,66.95,69.15,11,1264,85383.0
2020-09-23,2020-09-23,FRONTSP,X,333.0,333.9,324.0,328.0,325.3,174,4916,1612577.0
2020-09-23,2020-09-23,PRAJIND,B,69.1,69.1,65.25,66.8,67.25,853,92369,6212244.0
2020-09-23,2020-09-23,HLEGLAS,X,1501.45,1501.45,1501.45,1501.45,1580.45,486,3138,4711550.0
2020-09-23,2020-09-23,GUJAPOLLO,B,224.6,224.6,210.15,212.1,217.8,194,2938,637814.0
2020-09-23,2020-09-23,TANAA,X,30.25,31.1,28.7,28.7,30.2,122,16168,471512.0
2020-09-23,2020-09-23,CONART,X,20.0,20.8,20.0,20.8,19.6,2,79,1603.0
2020-09-23,2020-09-23,MMFL,B,319.7,321.9,310.8,318.8,313.05,202,3357,1062393.0
2020-09-23,2020-09-23,MAYURUNIQ,B,262.55,262.7,246.4,254.0,260.15,390,3593,921847.0
2020-09-23,2020-09-23,CENLUB,X,37.15,37.15,34.95,36.4,34.5,10,385,13944.0
2020-09-23,2020-09-23,RAJOOENG,X,10.49,10.5,9.9,9.94,10.49,71,14037,142690.0
2020-09-23,2020-09-23,JMCPROJECTS,B,51.8,52.5,49.8,50.15,51.7,200,13503,685117.0
2020-09-23,2020-09-23,AHMDSTE,XT,14.0,14.0,14.0,14.0,14.55,1,100,1400.0
2020-09-23,2020-09-23,GVT&D,A,87.6,93.15,85.75,85.8,90.25,368,10881,958969.0
2020-09-23,2020-09-23,RAMRAT,X,71.25,74.25,71.25,73.0,72.7,22,1695,123851.0
2020-09-23,2020-09-23,JAYNECOIND,T,3.3,3.3,3.04,3.07,3.19,11,3300,10216.0
2020-09-23,2020-09-23,KPIL,A,240.15,241.25,237.0,239.65,239.85,963,10128,2418120.0
2020-09-23,2020-09-23,NMSGLOBAL,XT,6.99,6.99,6.99,6.99,7.35,1,11,76.0
2020-09-23,2020-09-23,CANDOUR,X,52.0,53.4,51.0,52.4,51.6,19,2418,126325.0
2020-09-23,2020-09-23,TIGLOB,X,103.9,105.5,95.4,99.65,99.7,157,12022,1212352.0
2020-09-23,2020-09-23,CONTROLPR,B,226.5,226.5,216.65,218.65,222.85,26,500,110967.0
2020-09-23,2020-09-23,ANSALBU,X,24.6,24.6,20.9,21.45,20.7,14,272,6185.0
2020-09-23,2020-09-23,BNRSEC,X,21.2,21.2,19.5,21.0,21.25,11,365,7285.0
2020-09-23,2020-09-23,RISHITECH,X,14.95,15.96,14.55,15.6,15.39,12,1304,19342.0
2020-09-23,2020-09-23,SINCLAIR,X,39.95,39.95,36.9,37.4,38.15,147,30173,1132270.0
2020-09-23,2020-09-23,SAFARI,B,382.05,391.0,368.55,384.35,375.55,219,2259,854509.0
2020-09-23,2020-09-23,JJFINCOR,XT,7.2,7.9,7.2,7.2,7.57,4,26,189.0
2020-09-23,2020-09-23,COSMOFE,X,6.18,6.18,6.18,6.18,6.18,2,96,593.0
2020-09-23,2020-09-23,EIHAHOTELS,B,227.35,237.1,221.95,230.0,228.1,149,1427,329119.0
2020-09-23,2020-09-23,MEDICAPQ,XT,20.55,21.35,20.55,20.7,20.95,9,7407,153219.0
2020-09-23,2020-09-23,FOSECOC,X,1044.9,1044.9,891.0,953.8,870.75,149,2814,2659219.0
2020-09-23,2020-09-23,ABAN,B,23.75,23.9,23.45,23.55,23.8,85,4021,95063.0
2020-09-23,2020-09-23,KOKUYOCMLN,B,58.0,58.2,56.6,57.15,57.05,284,14766,845598.0
2020-09-23,2020-09-23,BHARATSE,XT,60.0,63.2,58.55,60.85,61.45,146,7135,430846.0
2020-09-23,2020-09-23,CONTPTR,XT,31.7,31.7,31.7,31.7,32.3,10,533,16896.0
2020-09-23,2020-09-23,MACPLASQ,X,54.0,55.2,54.0,55.15,54.3,10,1071,58246.0
2020-09-23,2020-09-23,PEARLPOLY,B,18.8,18.9,18.8,18.9,18.0,10,10249,193683.0
2020-09-23,2020-09-23,VENKEYS,A,1374.95,1374.95,1304.0,1325.35,1320.8,590,2474,3299607.0
2020-09-23,2020-09-23,ADVANIHOTR,B,40.0,41.0,39.45,40.25,40.05,43,1794,72581.0
2020-09-23,2020-09-23,GVFILM,XT,0.32,0.32,0.31,0.31,0.32,21,8103,2513.0
2020-09-23,2020-09-23,SUPERHOUSE,B,86.6,86.6,84.55,84.55,84.5,7,61,5170.0
2020-09-23,2020-09-23,RAMAVISION,XT,4.6,4.6,4.6,4.6,4.8,1,25,115.0
2020-09-23,2020-09-23,TCPLPACK,B,370.0,375.0,370.0,375.0,367.0,40,273,101775.0
2020-09-23,2020-09-23,BALMLAWRIE,A,105.8,105.8,98.45,100.4,102.15,1214,42793,4315592.0
2020-09-23,2020-09-23,KOVAI,X,770.05,789.85,740.25,749.9,781.95,130,2150,1631841.0
2020-09-23,2020-09-23,ELDEHSG,X,1034.95,1034.95,999.95,999.95,1019.55,2,8,8139.0
2020-09-23,2020-09-23,DCMSHRIRAM,A,364.7,368.75,355.65,366.65,359.3,349,5673,2061285.0
2020-09-23,2020-09-23,DCMSRIND,X,159.9,165.0,156.0,164.55,159.45,207,97435,15467916.0
2020-09-23,2020-09-23,MAWANASUG,B,24.5,24.9,23.75,24.05,24.05,74,2445,59228.0
2020-09-23,2020-09-23,MAHAPEXLTD,T,52.3,52.3,52.25,52.25,49.85,2,4,209.0
2020-09-23,2020-09-23,NILKAMAL,A,1311.0,1333.6,1307.1,1309.2,1316.1,243,1921,2521818.0
2020-09-23,2020-09-23,NAHARPOLY,B,60.5,60.7,56.75,57.95,58.75,85,3155,182802.0
2020-09-23,2020-09-23,3MINDIA,A,18500.0,18702.65,18019.7,18593.1,18146.75,126,195,3591698.0
2020-09-23,2020-09-23,BOSCH-HCIL,A,2141.25,2183.0,2141.25,2174.5,2096.65,40,61,132066.0
2020-09-23,2020-09-23,JMFINANCIL,A,78.65,81.55,75.15,75.9,80.3,408,34756,2695117.0
2020-09-23,2020-09-23,ADCINDIA,X,178.25,183.0,178.0,178.1,180.55,11,168,29947.0
2020-09-23,2020-09-23,TNTELE,T,1.37,1.37,1.37,1.37,1.42,2,2650,3630.0
2020-09-23,2020-09-23,RIIL,B,382.0,388.15,368.0,371.9,371.7,880,18453,6990274.0
2020-09-23,2020-09-23,SHARP,XT,25.0,26.0,25.0,25.0,25.5,7,245,6300.0
2020-09-23,2020-09-23,LINDEINDIA,A,732.3,756.45,703.95,741.25,732.2,1859,16790,12313764.0
2020-09-23,2020-09-23,INDBNK,B,21.05,21.85,20.5,21.15,21.2,15,605,12646.0
2020-09-23,2020-09-23,LOTUSCHO,X,16.0,18.35,16.0,16.45,16.8,17,269,4448.0
2020-09-23,2020-09-23,PACIFICI,X,107.0,120.0,106.15,113.4,107.55,98,17976,2043534.0
2020-09-23,2020-09-23,CMMHOSP,X,9.68,10.68,9.68,9.68,10.18,6,1040,10592.0
2020-09-23,2020-09-23,UNIOFFICE,XT,2.1,2.1,2.1,2.1,2.06,2,57,119.0
2020-09-23,2020-09-23,APMIN,X,13.55,13.93,13.55,13.93,13.51,9,1520,20634.0
2020-09-23,2020-09-23,PRECWIRE,B,114.95,123.05,114.95,115.4,112.05,127,2474,293159.0
2020-09-23,2020-09-23,KRYPTONQ,X,8.78,8.78,8.01,8.49,8.32,24,3281,26912.0
2020-09-23,2020-09-23,FEL,B,12.8,13.2,12.35,12.35,13.0,1443,725520,9072387.0
2020-09-23,2020-09-23,INDTONER,X,91.45,94.0,90.15,92.9,89.9,94,5174,478654.0
2020-09-23,2020-09-23,KUNSTOFF,X,15.3,15.3,14.7,15.3,15.0,8,1996,30359.0
2020-09-23,2020-09-23,SCI,A,52.7,54.55,52.4,53.4,52.05,793,112908,6037050.0
2020-09-23,2020-09-23,SIKA,X,236.5,236.5,218.5,228.3,240.0,59,2294,522953.0
2020-09-23,2020-09-23,ITI,A,121.05,125.25,118.1,122.55,121.05,1966,80851,9915671.0
2020-09-23,2020-09-23,DREDGECORP,B,250.15,260.65,250.15,255.05,255.95,390,7976,2048923.0
2020-09-23,2020-09-23,PHRMASI,XT,27.1,27.1,27.1,27.1,26.8,3,26,704.0
2020-09-23,2020-09-23,PODDARHOUS,B,160.6,164.15,160.6,163.9,157.0,3,411,67330.0
2020-09-23,2020-09-23,NFL,B,32.8,33.25,32.2,32.75,32.35,160,15221,498783.0
2020-09-23,2020-09-23,IPRINGLTD,X,41.0,43.4,40.8,41.3,42.9,22,1494,61611.0
2020-09-23,2020-09-23,PIIND,A,1910.0,1926.6,1863.5,1895.3,1896.3,765,5895,11143521.0
2020-09-23,2020-09-23,PLASTIBLEN,B,193.1,195.2,181.0,191.55,195.0,98,2375,451124.0
2020-09-23,2020-09-23,YASHINNO,XT,8.15,8.15,8.15,8.15,8.0,1,1,8.0
2020-09-23,2020-09-23,WATERBASE,B,100.0,101.9,99.6,100.4,99.85,253,18917,1903536.0
2020-09-23,2020-09-23,FLEXFO,X,60.5,60.6,58.0,59.0,58.95,56,3766,219973.0
2020-09-23,2020-09-23,GOLKUNDIA,X,19.0,19.0,18.5,18.55,19.25,7,701,13223.0
2020-09-23,2020-09-23,APCOTEXIND,B,145.5,148.0,141.0,143.25,145.1,254,3805,552281.0
2020-09-23,2020-09-23,FORTISMLR,X,47.95,49.95,47.95,49.9,47.9,10,429,21043.0
2020-09-23,2020-09-23,MASTEK,B,820.0,877.85,820.0,861.2,813.85,3965,44276,37700264.0
2020-09-23,2020-09-23,EIMCOELECO,B,329.15,329.15,318.5,320.2,331.6,54,242,77844.0
2020-09-23,2020-09-23,SAYAJIHOTL,XT,154.0,159.85,148.4,159.85,154.0,6,69,10574.0
2020-09-23,2020-09-23,ASHIANA,B,72.45,74.5,70.6,71.3,71.05,47,1014,73025.0
2020-09-23,2020-09-23,ECOBOAR,XT,2.89,2.89,2.89,2.89,3.04,2,500,1445.0
2020-09-23,2020-09-23,DVL,T,53.1,54.0,52.0,52.05,54.05,15,1266,67045.0
2020-09-23,2020-09-23,MAHEPC,B,153.35,155.0,150.55,153.55,149.2,756,11479,1760843.0
2020-09-23,2020-09-23,SREIINFRA,B,6.94,7.0,6.64,6.78,6.81,265,116971,795639.0
2020-09-23,2020-09-23,MITSHI,X,27.0,27.0,24.6,25.25,26.0,19,828,21105.0
2020-09-23,2020-09-23,MAZDA,B,440.8,453.15,440.8,450.75,440.35,90,913,411212.0
2020-09-23,2020-09-23,VHLTD,T,2.3,2.41,2.3,2.4,2.41,6,8870,21262.0
2020-09-23,2020-09-23,MENONBE,B,40.05,40.55,38.35,39.15,39.8,123,4376,170596.0
2020-09-23,2020-09-23,MUKATPIP,X,0.75,0.81,0.75,0.75,0.78,5,788,603.0
2020-09-23,2020-09-23,SIMPLEXINF,B,27.45,28.3,27.45,27.8,27.65,80,12235,340912.0
2020-09-23,2020-09-23,INNOVTEC,X,12.5,13.5,12.5,13.22,13.0,16,11543,154932.0
2020-09-23,2020-09-23,SUPTANERY,X,2.53,2.78,2.53,2.67,2.65,9,4000,10401.0
2020-09-23,2020-09-23,AXTEL,X,237.0,239.95,226.25,229.9,230.9,315,14007,3254181.0
2020-09-23,2020-09-23,POONAWALLA,A,34.85,35.8,33.5,33.95,34.45,539,125916,4290937.0
2020-09-23,2020-09-23,HINFLUR,T,6.78,7.48,6.78,6.78,7.13,10,1010,7010.0
2020-09-23,2020-09-23,KINGFA,B,464.8,474.9,453.7,470.7,469.0,152,1352,631786.0
2020-09-23,2020-09-23,RAMAPHO,X,59.45,59.45,56.0,56.65,56.0,24,4442,249125.0
2020-09-23,2020-09-23,VENLONENT,X,1.26,1.26,1.26,1.26,1.32,1,1,1.0
2020-09-23,2020-09-23,POLYPLEX,B,725.0,725.0,646.3,664.5,679.5,437,2734,1816059.0
2020-09-23,2020-09-23,ALBERTDAVD,B,424.4,431.0,421.4,427.35,412.8,174,930,395787.0
2020-09-23,2020-09-23,HARLETH,XT,23.35,23.35,23.35,23.35,24.5,1,5,116.0
2020-09-23,2020-09-23,CARYSIL,X,104.95,107.7,99.5,99.95,102.65,336,18487,1879211.0
2020-09-23,2020-09-23,KABRAEXTRU,B,60.0,60.0,56.55,57.4,58.75,67,5621,322103.0
2020-09-23,2020-09-23,VINYLINDIA,B,98.15,101.3,97.0,98.3,97.1,397,9638,956158.0
2020-09-23,2020-09-23,PCCOSMA,X,92.9,93.0,91.0,91.0,88.6,5,58,5384.0
2020-09-23,2020-09-23,IOLCP,B,778.8,778.8,732.85,749.85,742.65,2464,47742,36019586.0
2020-09-23,2020-09-23,KESARPE,X,4.53,4.54,4.17,4.54,4.33,29,33124,150223.0
2020-09-23,2020-09-23,VINATIORGA,A,1279.95,1279.95,1180.0,1213.65,1232.8,1078,6780,8280868.0
2020-09-23,2020-09-23,AARTIIND,A,1057.0,1058.85,1010.0,1029.35,1038.45,2348,16669,17187820.0
2020-09-23,2020-09-23,WANBURY,T,32.35,33.8,32.15,32.4,33.1,4,155,5038.0
2020-09-23,2020-09-23,RESONANCE,X,54.75,54.75,49.65,49.65,52.25,238,52450,2645279.0
2020-09-23,2020-09-23,GAEL,B,211.7,215.45,208.4,210.65,206.25,355,4464,944544.0
2020-09-23,2020-09-23,RCF,A,44.0,44.3,43.1,43.55,43.75,554,60984,2662084.0
2020-09-23,2020-09-23,KOPRAN,B,84.2,87.2,79.4,81.2,83.05,906,67007,5693153.0
2020-09-23,2020-09-23,AIMCOPEST,X,114.1,114.15,112.05,114.15,108.75,199,39572,4516920.0
2020-09-23,2020-09-23,GUJTERC,X,8.25,8.25,8.25,8.25,7.86,3,5000,41250.0
2020-09-23,2020-09-23,KABRADG,XT,2.85,2.85,2.85,2.85,2.85,3,1100,3135.0
2020-09-23,2020-09-23,SEYAIND,B,68.7,68.85,66.25,68.55,68.35,53,7248,492859.0
2020-09-23,2020-09-23,JAYAGROGN,B,93.85,94.5,91.0,91.0,94.55,49,1182,108820.0
2020-09-23,2020-09-23,BCLIND,X,56.65,60.8,56.65,57.45,58.45,140,21912,1270707.0
2020-09-23,2020-09-23,SHHARICH,XT,30.75,30.75,30.75,30.75,31.35,11,340,10455.0
2020-09-23,2020-09-23,INDOBORAX,X,369.95,370.0,346.15,354.0,353.45,50,1449,517169.0
2020-09-23,2020-09-23,AARTIDRUGS,B,2979.0,2989.6,2845.0,2864.45,2900.55,2997,13855,40480017.0
2020-09-23,2020-09-23,BODALCHEM,B,66.5,68.4,64.45,64.85,66.2,641,68071,4473150.0
2020-09-23,2020-09-23,VIMTALABS,T,107.0,112.0,106.25,108.75,106.8,66,10468,1143973.0
2020-09-23,2020-09-23,BIOFILCHEM,T,51.05,51.05,51.05,51.05,53.7,88,7079,361382.0
2020-09-23,2020-09-23,ISHITADR,X,21.75,23.65,21.75,23.65,22.85,6,2047,48407.0
2020-09-23,2020-09-23,MARKSANS,B,48.0,49.0,46.25,47.25,47.7,1312,184967,8778220.0
2020-09-23,2020-09-23,UNIVSTAR,XT,44.4,44.4,44.4,44.4,45.3,2,175,7770.0
2020-09-23,2020-09-23,AAREYDRUGS,X,28.35,28.35,26.6,26.65,27.55,178,34799,940547.0
2020-09-23,2020-09-23,NORRIS,X,4.75,5.0,4.75,5.0,5.0,3,150,727.0
2020-09-23,2020-09-23,CAMEXLTD,X,15.3,16.25,15.3,15.3,16.1,9,1673,25635.0
2020-09-23,2020-09-23,EVEXIA,X,146.0,147.75,142.1,142.85,145.15,83,27702,4032995.0
2020-09-23,2020-09-23,SYNCOMF,X,1.65,1.66,1.57,1.6,1.62,407,840630,1351880.0
2020-09-23,2020-09-23,RIDDHI,X,238.0,247.95,233.0,240.1,221.35,92,3241,778030.0
2020-09-23,2020-09-23,SVCIND,XT,0.93,0.93,0.85,0.88,0.89,25,3964,3476.0
2020-09-23,2020-09-23,IPCALAB,A,2120.0,2145.95,2045.0,2135.75,2114.95,1492,10084,21215877.0
2020-09-23,2020-09-23,KILITCH,B,86.95,86.95,81.35,82.85,83.85,146,1940,160655.0
2020-09-23,2020-09-23,CORALAB,X,377.4,379.8,366.15,375.1,372.4,97,3404,1282289.0
2020-09-23,2020-09-23,BACPHAR,XT,3.92,3.92,3.92,3.92,3.74,1,500,1960.0
2020-09-23,2020-09-23,KREBSBIO,B,85.4,85.4,84.5,84.5,84.65,4,100,8452.0
2020-09-23,2020-09-23,KMCSHIL,X,20.75,21.55,20.15,20.4,20.7,170,16238,333746.0
2020-09-23,2020-09-23,BHASKAGR,XT,18.18,18.18,16.6,17.0,17.32,14,1771,32069.0
2020-09-23,2020-09-23,SUKHJITS,X,178.2,180.0,174.2,175.2,173.9,40,1612,284227.0
2020-09-23,2020-09-23,NEULANDLAB,B,1059.0,1098.0,1009.6,1035.1,1059.35,1283,12548,13155206.0
2020-09-23,2020-09-23,GAYATRIBI,XT,6.38,6.38,6.38,6.38,6.26,5,3327,21226.0
2020-09-23,2020-09-23,PODDARMENT,B,190.6,199.95,185.05,196.95,192.3,103,2531,492365.0
2020-09-23,2020-09-23,PHARMAID,XT,5.97,5.97,5.97,5.97,5.69,5,3301,19706.0
2020-09-23,2020-09-23,VIVIDIND,X,20.0,20.0,18.2,18.2,19.15,39,11736,214202.0
2020-09-23,2020-09-23,TIRUSTA,XT,37.0,37.0,33.75,33.75,35.5,13,548,18747.0
2020-09-23,2020-09-23,AEONXDIGI,XT,47.3,47.3,47.3,47.3,45.05,24,1510,71423.0
2020-09-23,2020-09-23,AKSHARCHEM,B,225.8,227.0,218.0,223.7,221.95,191,3217,718114.0
2020-09-23,2020-09-23,BERLDRG,X,6.7,6.7,6.25,6.25,6.5,4,201,1281.0
2020-09-23,2020-09-23,INDXTRA,XT,5.9,5.9,5.9,5.9,5.62,1,200,1180.0
2020-09-23,2020-09-23,GAGAN,X,4.5,4.5,4.5,4.5,4.73,1,100,450.0
2020-09-23,2020-09-23,SHUKRAPHAR,X,49.3,51.7,49.3,51.7,49.3,2,105,5188.0
2020-09-23,2020-09-23,ALUFLUOR,X,214.4,217.9,195.0,212.8,214.2,482,17772,3733070.0
2020-09-23,2020-09-23,ARCHITORG,X,13.33,13.33,13.33,13.33,13.07,3,500,6665.0
2020-09-23,2020-09-23,INDOAMIN,X,60.2,60.2,57.7,59.7,57.75,68,4029,238544.0
2020-09-23,2020-09-23,INDSWFTLTD,T,3.65,3.76,3.65,3.76,3.59,16,5863,21978.0
2020-09-23,2020-09-23,NATCAPSUQ,X,73.0,78.05,73.0,77.55,74.35,31,2182,168077.0
2020-09-23,2020-09-23,BIBCL,T,29.95,29.95,29.95,29.95,30.55,236,40738,1220103.0
2020-09-23,2020-09-23,SOTL,B,681.15,709.95,681.05,686.6,692.8,46,343,237072.0
2020-09-23,2020-09-23,HESTERBIO,B,1742.0,1750.0,1680.0,1727.55,1710.5,321,1953,3357138.0
2020-09-23,2020-09-23,KABSON,XT,3.75,3.75,3.75,3.75,3.9,10,1056,3960.0
2020-09-23,2020-09-23,BASANTGL,X,5.11,5.74,5.11,5.47,5.27,70,40653,220874.0
2020-09-23,2020-09-23,SANDUPHQ,X,24.4,24.4,22.1,23.95,23.25,13,825,19661.0
2020-09-23,2020-09-23,NACLIND,B,38.05,39.55,36.9,37.8,38.25,165,12791,484074.0
2020-09-23,2020-09-23,VISTAPH,X,8.9,8.9,8.21,8.78,8.5,13,696,5928.0
2020-09-23,2020-09-23,SUNPHARMA,A,520.0,521.55,498.15,502.75,510.45,7363,334535,170123747.0
2020-09-23,2020-09-23,TITANBIO,X,143.45,144.7,138.1,140.5,140.55,419,21776,3067184.0
2020-09-23,2020-09-23,SDL,X,10.76,10.76,10.76,10.76,10.76,1,22,236.0
2020-09-23,2020-09-23,JENBURPH,X,377.05,400.5,377.05,384.05,380.2,90,2058,799873.0
2020-09-23,2020-09-23,HIKAL,B,182.15,184.8,173.3,183.0,176.5,2354,118733,21408296.0
2020-09-23,2020-09-23,CAPLIPOINT,A,564.5,570.0,537.25,556.4,548.35,860,9834,5430968.0
2020-09-23,2020-09-23,FISCHER,XT,31.5,31.5,31.5,31.5,33.1,1,1,31.0
2020-09-23,2020-09-23,LINKPH,X,23.85,23.85,22.75,23.85,22.8,11,3030,69550.0
2020-09-23,2020-09-23,WINTACLTD,X,224.0,224.0,190.1,200.0,203.9,17,256,51093.0
2020-09-23,2020-09-23,NUTRA,XT,5.21,5.21,4.75,5.21,4.97,82,15584,80462.0
2020-09-23,2020-09-23,EMMESSA,XT,15.8,15.8,14.4,14.5,15.1,6,295,4268.0
2020-09-23,2020-09-23,NGLFINE,X,746.9,757.0,715.0,732.75,729.15,133,3610,2639815.0
2020-09-23,2020-09-23,EVERESTO,X,256.5,264.0,254.0,254.75,255.95,98,2319,597043.0
2020-09-23,2020-09-23,AUROPHARMA,A,810.0,812.55,771.8,780.9,798.75,3068,96749,76378300.0
2020-09-23,2020-09-23,PHYTO,X,21.9,23.0,21.9,23.0,22.9,4,505,11065.0
2020-09-23,2020-09-23,NATCOPHARM,A,886.25,887.9,842.6,850.8,885.8,2556,30276,25973229.0
2020-09-23,2020-09-23,DYNAMIND,X,41.0,42.0,41.0,41.05,41.0,3,110,4513.0
2020-09-23,2020-09-23,PANAMAPET,B,54.85,55.0,53.4,53.75,53.35,95,4358,237290.0
2020-09-23,2020-09-23,BALPHARMA,B,45.15,45.8,43.45,44.2,43.7,158,4602,204785.0
2020-09-23,2020-09-23,BDH,XT,77.5,77.7,74.0,76.4,74.0,36,5477,419446.0
2020-09-23,2020-09-23,JAUSPOL,X,3.78,3.78,3.78,3.78,3.97,1,50,189.0
2020-09-23,2020-09-23,CUBEXTUB,B,11.1,11.1,11.1,11.1,11.45,8,100,1110.0
2020-09-23,2020-09-23,POLYCHMP,X,26.05,26.3,26.05,26.3,26.05,3,230,6036.0
2020-09-23,2020-09-23,GALXBRG,XT,177.0,177.6,177.0,177.6,169.15,5,200,35441.0
2020-09-23,2020-09-23,SCAGRO,XT,0.91,0.91,0.91,0.91,0.91,1,690,627.0
2020-09-23,2020-09-23,SHERVANI,X,284.0,284.0,240.0,275.75,278.1,54,373,99768.0
2020-09-23,2020-09-23,SUPERTEX,X,1.54,1.54,1.54,1.54,1.47,2,90,138.0
2020-09-23,2020-09-23,SHETR,X,18.0,18.05,17.65,17.75,18.35,3,470,8360.0
2020-09-23,2020-09-23,TRABI,XT,4.51,4.8,4.37,4.54,4.59,71,29218,130932.0
2020-09-23,2020-09-23,MPL,XT,3.4,3.46,3.39,3.41,3.3,8,1081,3675.0
2020-09-23,2020-09-23,NIKHILAD,X,156.8,156.8,149.0,150.0,155.6,37,694,104534.0
2020-09-23,2020-09-23,MULTIBASE,X,154.95,155.0,141.0,144.55,144.8,61,2715,391076.0
2020-09-23,2020-09-23,ANDREWYU,B,13.5,13.69,12.8,12.99,13.18,230,32079,421887.0
2020-09-23,2020-09-23,LUDLOWJUT,X,81.65,84.0,80.9,81.45,80.05,116,6674,543962.0
2020-09-23,2020-09-23,FILATEX,B,26.55,26.55,25.5,25.65,25.95,60,5900,151408.0
2020-09-23,2020-09-23,MERCATOR,B,0.95,0.95,0.9,0.91,0.94,51,106140,97075.0
2020-09-23,2020-09-23,AMRAPLIN,X,3.65,3.65,3.65,3.65,3.81,1,400,1460.0
2020-09-23,2020-09-23,PREMEXPLN,B,112.5,112.5,112.0,112.0,113.55,9,316,35477.0
2020-09-23,2020-09-23,MOLDTECH,B,41.5,41.5,39.95,40.15,40.75,36,2442,98457.0
2020-09-23,2020-09-23,CRSTCHM,XT,26.75,26.75,26.75,26.75,26.25,1,200,5350.0
2020-09-23,2020-09-23,MPHASIS,A,1386.9,1418.0,1370.55,1383.6,1372.35,1809,12499,17463632.0
2020-09-23,2020-09-23,MEDINOV,XT,14.74,14.75,13.72,13.72,14.44,4,1700,24960.0
2020-09-23,2020-09-23,ORIENTLTD,B,75.9,83.7,75.9,83.7,79.85,5,7,546.0
2020-09-23,2020-09-23,SHREYASI,XT,2.71,2.71,2.71,2.71,2.59,1,3000,8130.0
2020-09-23,2020-09-23,DUROPACK,XT,11.7,11.7,11.7,11.7,12.31,2,101,1181.0
2020-09-23,2020-09-23,SWARNSAR,X,5.93,5.93,5.5,5.7,5.65,26,5400,31658.0
2020-09-23,2020-09-23,GANESHHOU,B,25.5,25.75,25.05,25.1,25.65,7,821,20662.0
2020-09-23,2020-09-23,NMDC,A,82.0,82.0,79.3,80.2,81.15,3325,382539,30793766.0
2020-09-23,2020-09-23,PATINTLOG,B,23.9,23.95,22.6,22.9,23.7,62,2969,69147.0
2020-09-23,2020-09-23,ALPHAGEO,B,155.75,155.75,152.0,153.2,154.2,27,277,42429.0
2020-09-23,2020-09-23,HAMPTON,X,18.6,18.7,17.32,18.58,17.81,88,48857,891517.0
2020-09-23,2020-09-23,KKALPANAIND,X,18.1,18.6,18.0,18.6,18.2,20,9186,169984.0
2020-09-23,2020-09-23,OKPLA,XT,23.1,23.2,22.15,22.75,23.2,26,8614,195277.0
2020-09-23,2020-09-23,KRITI,X,26.6,27.0,25.55,26.4,26.6,60,17102,445702.0
2020-09-23,2020-09-23,ASMTEC,X,155.4,155.4,155.0,155.4,152.4,41,6181,960469.0
2020-09-23,2020-09-23,AEIM,XT,1.78,1.78,1.78,1.78,1.7,1,36,64.0
2020-09-23,2020-09-23,WINSOMBR,XT,4.35,4.75,4.35,4.36,4.53,16,4315,18779.0
2020-09-23,2020-09-23,SAENTER,X,4.21,4.21,4.21,4.21,4.01,1,80,336.0
2020-09-23,2020-09-23,SKYIND,X,19.0,20.0,19.0,20.0,20.0,3,150,2960.0
2020-09-23,2020-09-23,PHOENXINTL,XT,11.0,11.13,10.5,11.13,10.6,13,44629,496713.0
2020-09-23,2020-09-23,RISHIROOP,X,30.8,33.45,30.05,33.45,33.0,24,1995,63739.0
2020-09-23,2020-09-23,DOLPHMED,XT,1.42,1.42,1.35,1.35,1.42,38,12022,16405.0
2020-09-23,2020-09-23,ALPINEHOU,X,9.46,10.5,9.46,10.05,10.48,9,129,1300.0
2020-09-23,2020-09-23,SANGHIIND,B,25.75,25.95,25.0,25.3,25.45,185,22013,558878.0
2020-09-23,2020-09-23,SFPIL,X,9.75,9.75,9.75,9.75,10.25,3,201,1959.0
2020-09-23,2020-09-23,MAXIMAASYST,XT,2.59,2.85,2.59,2.85,2.72,17,3992,10629.0
2020-09-23,2020-09-23,SGLRES,X,18.6,19.0,18.3,18.35,18.25,24,7646,143814.0
2020-09-23,2020-09-23,CHOKSILA,X,10.05,10.88,10.05,10.07,10.07,4,106,1066.0
2020-09-23,2020-09-23,CCHHL,B,2.84,2.96,2.8,2.93,2.9,11,9195,26319.0
2020-09-23,2020-09-23,LONTE,XT,9.07,10.01,9.07,10.01,9.54,3,51,509.0
2020-09-23,2020-09-23,REMAGNET,XT,9.0,9.0,9.0,9.0,9.0,1,45,405.0
2020-09-23,2020-09-23,TPLPLASTEH,B,113.85,114.3,109.05,109.05,108.6,63,650,72888.0
2020-09-23,2020-09-23,WIMPLAST,X,354.0,374.9,354.0,359.7,362.7,112,2439,891474.0
2020-09-23,2020-09-23,PHOTOQUP,X,10.0,10.0,10.0,10.0,10.22,1,900,9000.0
2020-09-23,2020-09-23,LIBERTSHOE,B,140.0,141.05,136.45,138.15,138.0,402,7887,1096406.0
2020-09-23,2020-09-23,ELECTHERM,B,105.2,107.95,101.85,101.9,102.65,60,1057,108871.0
2020-09-23,2020-09-23,BLUEDART,A,2737.85,2840.45,2680.6,2789.2,2678.95,411,2357,6430550.0
2020-09-23,2020-09-23,EXPOEAPL,X,2.73,2.73,2.73,2.73,2.73,3,250,682.0
2020-09-23,2020-09-23,NATPLAS,X,18.6,20.1,18.05,19.2,18.6,50,268,4980.0
2020-09-23,2020-09-23,MFLINDIA,X,0.19,0.19,0.19,0.19,0.19,2,102,19.0
2020-09-23,2020-09-23,TEXELIN,XT,3.83,3.83,3.83,3.83,3.65,2,55,210.0
2020-09-23,2020-09-23,RAYALEMA,Z,11.61,11.61,11.0,11.0,11.56,9,91,1018.0
2020-09-23,2020-09-23,MIRZAINT,B,50.6,51.0,48.65,49.5,49.25,523,73513,3631839.0
2020-09-23,2020-09-23,TFCILTD,B,34.55,35.35,34.1,34.8,34.9,142,8269,286729.0
2020-09-23,2020-09-23,BIL,T,173.9,173.9,158.2,158.2,165.9,2,17,2705.0
2020-09-23,2020-09-23,KAMATHOTEL,B,29.3,29.4,27.4,27.9,28.45,70,2637,73804.0
2020-09-23,2020-09-23,ECOPLAST,X,82.25,88.0,81.65,81.75,82.0,12,1364,114633.0
2020-09-23,2020-09-23,ELEMARB,X,63.5,63.5,63.5,63.5,63.5,1,150,9525.0
2020-09-23,2020-09-23,ALCHEMISTLT,B,4.94,5.15,4.94,5.15,4.95,65,8614,43968.0
2020-09-23,2020-09-23,HPBL,Z,2.86,3.09,2.86,3.09,3.01,7,906,2673.0
2020-09-23,2020-09-23,NICCOPAR,XT,50.4,52.0,50.4,51.5,50.45,36,24449,1235249.0
2020-09-23,2020-09-23,NTCIND,X,29.9,29.9,26.55,27.4,28.55,69,4370,123158.0
2020-09-23,2020-09-23,SANDESH,B,512.0,522.9,503.4,505.05,511.25,246,1824,941018.0
2020-09-23,2020-09-23,GARNET,X,15.41,15.41,15.41,15.41,14.68,4,900,13869.0
2020-09-23,2020-09-23,GOLDIAM,B,124.0,131.0,119.9,125.0,123.7,209,3537,444055.0
2020-09-23,2020-09-23,BRIGHTBR,X,63.4,63.4,58.0,58.0,55.15,5,101,5865.0
2020-09-23,2020-09-23,CORPOCO,X,2.11,2.12,2.11,2.12,2.08,8,4545,9615.0
2020-09-23,2020-09-23,SHAWGELTIN,X,174.5,175.95,172.0,172.9,173.45,32,1581,275721.0
2020-09-23,2020-09-23,PGFOILQ,X,73.15,73.15,67.2,68.9,75.2,107,9355,650331.0
2020-09-23,2020-09-23,VELHO,XT,2.97,2.97,2.69,2.69,2.83,11,1609,4330.0
2020-09-23,2020-09-23,HOWARHO,X,4.4,4.4,4.4,4.4,4.63,3,6,26.0
2020-09-23,2020-09-23,VALIANT,X,43.25,43.25,43.25,43.25,44.1,8,431,18640.0
2020-09-23,2020-09-23,DRAGARWQ,X,242.95,243.0,233.05,243.0,236.5,9,38,9199.0
2020-09-23,2020-09-23,GREENPLY,B,86.55,89.0,84.35,85.25,86.2,321,10585,914243.0
2020-09-23,2020-09-23,UNQTYMI,XT,21.0,21.0,21.0,21.0,21.11,4,346,7266.0
2020-09-23,2020-09-23,PSLLTD,T,0.57,0.57,0.55,0.55,0.57,31,38091,21037.0
2020-09-23,2020-09-23,SEAMECLTD,B,398.0,410.5,395.0,400.5,400.7,305,4021,1611898.0
2020-09-23,2020-09-23,RAGHUNAT,XT,1.99,1.99,1.99,1.99,1.9,1,500,995.0
2020-09-23,2020-09-23,CHEVIOT,X,662.0,678.4,650.1,658.7,642.0,147,2242,1482633.0
2020-09-23,2020-09-23,DAICHI,X,283.2,297.15,276.0,294.4,283.0,34,1425,414609.0
2020-09-23,2020-09-23,SPICEISLIN,X,5.03,5.11,5.03,5.11,5.29,4,350,1780.0
2020-09-23,2020-09-23,CONFIPET,B,20.95,21.3,20.25,21.05,20.95,177,45521,941419.0
2020-09-23,2020-09-23,BANARBEADS,B,52.55,53.1,52.0,52.0,54.75,30,3088,161644.0
2020-09-23,2020-09-23,BI,XT,40.3,42.65,40.3,41.6,41.95,70,4611,190179.0
2020-09-23,2020-09-23,ISFL,XT,0.77,0.77,0.77,0.77,0.76,1,500,385.0
2020-09-23,2020-09-23,RISHILASE,X,6.0,6.0,6.0,6.0,5.93,1,5000,30000.0
2020-09-23,2020-09-23,63MOONS,B,73.95,75.65,71.85,74.05,72.05,250,10068,751420.0
2020-09-23,2020-09-23,SARLAPOLY,B,18.85,19.15,18.0,18.4,18.25,164,23906,443311.0
2020-09-23,2020-09-23,HFIL,X,8.0,8.63,7.76,8.07,8.04,120,27138,216143.0
2020-09-23,2020-09-23,SONALAD,XT,9.19,9.19,9.19,9.19,8.76,1,1,9.0
2020-09-23,2020-09-23,21STCENMGM,B,10.29,10.29,10.29,10.29,10.5,1,2,20.0
2020-09-23,2020-09-23,HRYNSHP,X,27.05,29.45,27.05,28.0,28.85,11,1006,29317.0
2020-09-23,2020-09-23,LAOPALA,A,216.95,219.2,208.0,209.55,214.9,672,8679,1843127.0
2020-09-23,2020-09-23,STYLAMIND,XT,660.15,727.9,660.0,710.0,693.25,642,19375,13026212.0
2020-09-23,2020-09-23,VENUSREM,T,151.0,151.8,142.05,146.4,144.9,109,8155,1213352.0
2020-09-23,2020-09-23,UDL,Z,4.0,4.0,3.76,3.99,3.95,20,4017,15428.0
2020-09-23,2020-09-23,GUJCRAFT,XT,38.5,40.0,38.5,39.75,39.0,9,170,6700.0
2020-09-23,2020-09-23,DHOOTIN,X,26.05,26.05,26.0,26.0,26.7,5,257,6682.0
2020-09-23,2020-09-23,SHBAJRG,X,47.7,47.7,47.7,47.7,48.65,10,616,29383.0
2020-09-23,2020-09-23,ASHOKRE,P,5.64,5.64,5.64,5.64,5.64,1,200,1128.0
2020-09-23,2020-09-23,URJA,B,2.7,2.72,2.62,2.65,2.66,589,521190,1392433.0
2020-09-23,2020-09-23,ASHAPURMIN,B,84.9,88.9,81.5,83.3,84.95,340,20449,1726771.0
2020-09-23,2020-09-23,GUJALKALI,A,335.2,336.15,326.45,334.9,332.15,587,6819,2269221.0
2020-09-23,2020-09-23,INDIACEM,A,119.95,119.95,114.25,117.95,116.1,804,81755,9584265.0
2020-09-23,2020-09-23,JKTYRE,A,57.75,59.3,56.5,59.0,57.05,927,111858,6479862.0
2020-09-23,2020-09-23,MANGCHEFER,B,29.85,29.85,28.0,28.8,29.2,112,11165,322325.0
2020-09-23,2020-09-23,SIL,T,9.97,9.97,9.97,9.97,9.98,1,50,498.0
2020-09-23,2020-09-23,JUBLPHARMA,A,787.05,789.75,718.05,726.0,782.05,5456,60617,44845481.0
2020-09-23,2020-09-23,THEINVEST,B,135.55,139.85,135.55,139.0,140.25,24,559,77580.0
2020-09-23,2020-09-23,ACKNIT,X,66.1,68.8,66.1,66.15,66.25,3,102,6745.0
2020-09-23,2020-09-23,TITANSEC,X,7.3,7.44,7.3,7.32,7.3,9,1200,8774.0
2020-09-23,2020-09-23,YASHRAJC,X,2.65,2.66,2.65,2.66,2.66,3,550,1460.0
2020-09-23,2020-09-23,CSLFINANCE,X,204.0,241.0,204.0,240.0,244.1,29,1642,394223.0
2020-09-23,2020-09-23,SANGHVIMOV,B,73.05,74.15,69.0,70.8,71.95,271,7948,562823.0
2020-09-23,2020-09-23,ANTELOPUS,B,108.7,108.85,103.0,103.2,106.6,67,1367,146101.0
2020-09-23,2020-09-23,PURETROP,X,59.55,62.0,58.6,59.5,59.1,38,5187,312241.0
2020-09-23,2020-09-23,FAZE3Q,X,40.6,45.85,37.1,41.45,41.35,43,6888,285084.0
2020-09-23,2020-09-23,PRADHIN,X,35.5,35.5,35.5,35.5,36.5,1,25,887.0
2020-09-23,2020-09-23,ANUPAM,X,8.13,8.7,8.13,8.15,8.55,71,34745,285864.0
2020-09-23,2020-09-23,PRIVISCL,B,545.5,548.0,529.0,537.2,543.55,160,1157,622889.0
2020-09-23,2020-09-23,SAMRATPH,X,116.2,119.0,115.0,115.0,114.95,13,1594,183481.0
2020-09-23,2020-09-23,NPRFIN,X,13.8,13.8,13.8,13.8,13.8,3,38,524.0
2020-09-23,2020-09-23,NILE,X,257.05,269.95,253.0,255.05,255.1,37,977,251351.0
2020-09-23,2020-09-23,UDAICEMENT,X,10.51,11.25,10.51,10.65,10.76,120,58431,632475.0
2020-09-23,2020-09-23,AMCOIND,X,25.5,25.9,25.5,25.9,24.7,15,2541,65410.0
2020-09-23,2020-09-23,OPTIEMUS,B,49.0,49.0,49.0,49.0,51.55,13,5464,267736.0
2020-09-23,2020-09-23,KREONFIN,XT,3.8,3.8,3.8,3.8,3.95,1,500,1900.0
2020-09-23,2020-09-23,KISAN,X,8.65,8.98,8.65,8.81,8.65,50,13404,118527.0
2020-09-23,2020-09-23,VIJAYTX,XT,41.5,42.0,39.0,41.5,40.2,20,8909,371888.0
2020-09-23,2020-09-23,KERALAYUR,X,52.0,53.55,51.2,52.8,50.8,51,4099,215203.0
2020-09-23,2020-09-23,ODYSSEY,X,29.45,29.45,28.0,28.0,28.3,36,36284,1016740.0
2020-09-23,2020-09-23,VKGLOBAL,X,7.6,7.6,6.89,6.89,7.25,6,136,940.0
2020-09-23,2020-09-23,SURATRAML,X,2.24,2.3,2.12,2.19,2.23,221,70695,156694.0
2020-09-23,2020-09-23,ATHARVENT,XT,0.85,0.91,0.83,0.83,0.87,17,4467,3766.0
2020-09-23,2020-09-23,CHROMATICIN,T,0.73,0.73,0.67,0.7,0.7,16,8800,6008.0
2020-09-23,2020-09-23,THEMISMED,B,327.0,331.35,313.55,325.0,315.35,84,502,162777.0
2020-09-23,2020-09-23,KALLAM,XT,6.7,7.0,6.7,7.0,6.74,5,710,4760.0
2020-09-23,2020-09-23,BRAWN,XT,22.5,24.5,22.35,23.05,23.5,7,1477,33079.0
2020-09-23,2020-09-23,KINGSINFR,X,24.9,24.9,24.55,24.8,24.05,8,417,10318.0
2020-09-23,2020-09-23,AUROLAB,X,56.0,56.0,53.15,53.8,53.1,57,5067,273548.0
2020-09-23,2020-09-23,KJMCFIN,X,5.7,5.7,5.7,5.7,5.7,1,2,11.0
2020-09-23,2020-09-23,SUVEN,B,50.5,52.1,48.0,49.25,50.45,2133,101104,5040236.0
2020-09-23,2020-09-23,ARYAMAN,X,47.2,47.2,47.2,47.2,49.65,2,12,566.0
2020-09-23,2020-09-23,BRIDGESE,X,5.3,5.3,5.3,5.3,5.1,2,50,265.0
2020-09-23,2020-09-23,INTSTOIL,X,6.7,7.0,6.7,7.0,7.04,8,1730,11658.0
2020-09-23,2020-09-23,GLOBALCA,XT,0.95,0.95,0.95,0.95,0.95,2,100,95.0
2020-09-23,2020-09-23,SAINIK,X,19.85,19.85,19.85,19.85,20.85,3,300,5955.0
2020-09-23,2020-09-23,ARIGATO,XT,15.45,15.45,15.45,15.45,16.25,1,1,15.0
2020-09-23,2020-09-23,KOTHARIPRO,B,58.7,58.7,58.7,58.7,57.4,9,108,6339.0
2020-09-23,2020-09-23,PICCADIL,X,9.91,10.44,9.58,9.96,9.91,90,21171,208769.0
2020-09-23,2020-09-23,CLSEL,X,92.4,92.4,88.0,88.9,89.25,316,31185,2796616.0
2020-09-23,2020-09-23,CHANDRAP,X,15.5,15.5,14.15,14.25,14.85,8,1312,18697.0
2020-09-23,2020-09-23,KIMIABL,XT,32.25,33.7,32.15,32.15,33.8,18,2374,76610.0
2020-09-23,2020-09-23,HINDTIN,X,42.2,42.75,41.3,41.8,43.25,88,5407,226647.0
2020-09-23,2020-09-23,GODAVARI,X,34.05,36.2,34.0,34.0,35.5,15,691,23771.0
2020-09-23,2020-09-23,PREMCO,X,83.05,89.25,82.0,89.25,85.0,27,2621,227647.0
2020-09-23,2020-09-23,MUKESHB,X,110.1,110.1,110.1,110.1,115.85,3,16,1761.0
2020-09-23,2020-09-23,GENUSPOWER,B,26.8,26.95,25.25,25.95,26.55,236,32180,843300.0
2020-09-23,2020-09-23,ASIANENE,X,104.9,106.4,102.55,104.7,103.15,206,68588,7181019.0
2020-09-23,2020-09-23,UGARSUGAR,B,14.68,14.94,14.25,14.43,14.53,128,26339,383951.0
2020-09-23,2020-09-23,ORIENTBELL,B,99.4,99.7,96.6,98.4,97.25,137,5237,512628.0
2020-09-23,2020-09-23,NRBBEARING,B,74.65,74.65,72.9,73.5,73.15,835,14510,1067819.0
2020-09-23,2020-09-23,VAMSHIRU,X,16.25,17.7,16.25,16.8,16.1,24,21432,378705.0
2020-09-23,2020-09-23,NILAINFRA,B,4.5,4.7,4.5,4.55,4.51,80,44865,206192.0
2020-09-23,2020-09-23,VINYOFL,XT,19.5,19.7,19.5,19.7,18.8,5,485,9474.0
2020-09-23,2020-09-23,VALLABHPOLY,Z,3.08,3.08,3.08,3.08,3.24,1,200,616.0
2020-09-23,2020-09-23,JINDCAP,X,5.0,5.0,5.0,5.0,5.0,1,64,320.0
2020-09-23,2020-09-23,SUMEDHA,X,18.5,18.9,17.0,18.3,18.85,24,1357,24086.0
2020-09-23,2020-09-23,KUWERIN,X,3.8,3.83,3.8,3.83,3.65,4,1500,5742.0
2020-09-23,2020-09-23,ADORFO,X,35.1,36.4,35.1,35.5,35.55,76,21334,767893.0
2020-09-23,2020-09-23,SHIVAAGRO,X,39.3,39.3,36.5,37.25,36.4,47,8209,307695.0
2020-09-23,2020-09-23,SIDDHA,X,1.58,1.58,1.58,1.58,1.61,1,251,396.0
2020-09-23,2020-09-23,VALSONQ,X,15.4,15.4,14.2,14.4,15.0,18,499,7199.0
2020-09-23,2020-09-23,SABOOSOD,XT,4.81,4.95,4.54,4.92,4.77,29,20618,101849.0
2020-09-23,2020-09-23,TINNARUBR,XT,15.6,15.6,15.3,15.3,16.1,2,30,465.0
2020-09-23,2020-09-23,VIKRAMTH,X,179.0,183.25,175.6,179.25,173.15,285,11760,2118112.0
2020-09-23,2020-09-23,AKCAPIT,X,255.0,260.0,248.0,251.2,263.75,13,242,62103.0
2020-09-23,2020-09-23,RELAXO,A,648.5,658.0,625.6,648.6,637.8,3507,25215,16229442.0
2020-09-23,2020-09-23,VIRAT,X,29.25,30.95,29.25,30.85,30.75,4,152,4530.0
2020-09-23,2020-09-23,TERAI,X,33.4,33.4,33.35,33.4,32.45,3,10,333.0
2020-09-23,2020-09-23,MARGLTD,Z,6.06,6.36,5.76,6.36,6.06,17,15267,96303.0
2020-09-23,2020-09-23,COSCO,X,89.0,89.1,89.0,89.1,90.85,7,408,36332.0
2020-09-23,2020-09-23,SHILPAMED,A,562.1,572.6,545.3,560.2,558.45,1109,21107,11814437.0
2020-09-23,2020-09-23,PARACABLES,B,7.16,7.16,6.89,6.95,7.0,55,18990,131892.0
2020-09-23,2020-09-23,KOIYAIN,X,1.63,1.64,1.63,1.64,1.63,3,1171,1916.0
2020-09-23,2020-09-23,SWASTIKA,X,65.0,74.7,65.0,73.75,69.8,3,7,507.0
2020-09-23,2020-09-23,PRIMAPLA,X,44.55,48.0,43.2,45.35,43.8,72,8996,399620.0
2020-09-23,2020-09-23,CARNATIN,XT,5.02,5.02,5.02,5.02,5.02,1,50,251.0
2020-09-23,2020-09-23,SAMPRE,XT,11.22,11.22,10.75,11.2,10.69,10,2307,25792.0
2020-09-23,2020-09-23,AAIL,X,15.4,16.7,15.25,16.6,15.5,12,946,15604.0
2020-09-23,2020-09-23,VIPULORG,X,103.3,108.95,103.3,108.95,103.25,18,1069,113397.0
2020-09-23,2020-09-23,ECORECO,X,42.0,42.1,39.3,41.3,40.1,21,1717,71384.0
2020-09-23,2020-09-23,GOODLUCK,B,38.55,39.5,37.9,38.2,38.2,100,2791,107551.0
2020-09-23,2020-09-23,GOYALASS,X,0.81,0.81,0.81,0.81,0.81,13,666000,539460.0
2020-09-23,2020-09-23,ZENITHHE,XT,3.85,3.85,3.85,3.85,3.92,292,48442,186501.0
2020-09-23,2020-09-23,SUPREME,X,18.95,19.5,18.05,18.95,18.95,15,629,11610.0
2020-09-23,2020-09-23,LYKISLTD,X,19.5,20.25,18.65,19.45,19.4,20,833,16173.0
2020-09-23,2020-09-23,PRIMEPRO,X,9.39,9.39,8.8,9.25,9.38,11,172,1568.0
2020-09-23,2020-09-23,ZENLABS,X,23.0,26.0,23.0,24.8,25.0,18,14057,342308.0
2020-09-23,2020-09-23,GOWRALE,XT,14.25,14.25,14.25,14.25,13.8,2,5,71.0
2020-09-23,2020-09-23,JAGANLAM,X,17.95,17.95,16.55,16.6,17.1,8,784,13025.0
2020-09-23,2020-09-23,AJEL,Z,2.38,2.38,2.38,2.38,2.5,2,1075,2558.0
2020-09-23,2020-09-23,ASITCFIN,X,48.0,48.0,48.0,48.0,49.4,1,200,9600.0
2020-09-23,2020-09-23,ENCODE,X,18.4,18.4,18.4,18.4,19.0,2,8,147.0
2020-09-23,2020-09-23,OVOBELE,P,33.8,33.8,33.8,33.8,32.65,1,100,3380.0
2020-09-23,2020-09-23,CORNE,X,5.34,5.34,5.34,5.34,5.09,5,100,534.0
2020-09-23,2020-09-23,STERTOOLS,B,173.75,176.2,163.2,174.25,169.55,171,2988,504483.0
2020-09-23,2020-09-23,KLGCAP,X,10.18,10.18,10.15,10.15,9.71,2,2,20.0
2020-09-23,2020-09-23,CEEJAY,X,160.5,167.55,160.5,167.55,159.6,26,2011,335060.0
2020-09-23,2020-09-23,BHAGERIA,B,131.3,131.3,129.0,130.0,129.15,131,2436,317431.0
2020-09-23,2020-09-23,BNRUDY,X,17.0,18.45,17.0,18.45,17.85,2,101,1718.0
2020-09-23,2020-09-23,KRBL,A,257.1,259.65,249.0,253.7,252.45,503,9447,2386164.0
2020-09-23,2020-09-23,REFNOLRESIN,X,26.6,26.6,26.6,26.6,28.0,4,200,5320.0
2020-09-23,2020-09-23,SSPDL,X,11.35,11.35,11.33,11.33,11.91,2,700,7941.0
2020-09-23,2020-09-23,DAIKAFFI,XT,28.55,28.6,28.5,28.5,30.0,12,850,24235.0
2020-09-23,2020-09-23,CUPID,B,223.0,223.0,210.0,214.15,215.05,350,5816,1250767.0
2020-09-23,2020-09-23,SUNSHIEL,XT,126.0,132.0,126.0,131.0,132.0,7,179,23356.0
2020-09-23,2020-09-23,COSBOARDIND,XT,4.42,4.42,4.42,4.42,4.65,1,5,22.0
2020-09-23,2020-09-23,CHEMBOND,B,155.0,157.6,153.9,153.9,151.6,57,486,75449.0
2020-09-23,2020-09-23,CIFL,X,115.0,115.0,101.0,101.05,112.35,22,10080,1018979.0
2020-09-23,2020-09-23,SUCROSA,X,8.24,8.24,7.8,8.03,8.23,92,29532,235633.0
2020-09-23,2020-09-23,AUDROC,XT,0.19,0.19,0.19,0.19,0.19,13,5553,1055.0
2020-09-23,2020-09-23,NGIND,X,46.5,48.05,46.3,47.5,46.5,15,338,15955.0
2020-09-23,2020-09-23,SICAPIT,P,16.25,16.25,16.17,16.17,17.02,2,200,3242.0
2020-09-23,2020-09-23,JRFOODS,XT,2.75,2.75,2.62,2.62,2.75,2,399,1045.0
2020-09-23,2020-09-23,REMSONSIND,B,80.6,81.0,80.6,81.0,82.25,19,112,9042.0
2020-09-23,2020-09-23,STANPACK,X,2.83,2.83,2.83,2.83,2.97,2,245,693.0
2020-09-23,2020-09-23,AQYLON,B,1.25,1.25,1.25,1.25,1.24,1,164,205.0
2020-09-23,2020-09-23,SUNILAGR,X,42.75,44.7,42.75,43.4,42.75,2,3,130.0
2020-09-23,2020-09-23,DIANATEA,XT,10.6,11.54,10.6,10.89,11.0,22,2336,25498.0
2020-09-23,2020-09-23,VIKASECO,T,6.15,6.31,5.95,6.17,6.01,411,242537,1509433.0
2020-09-23,2020-09-23,IOC,A,76.9,77.0,75.35,76.0,76.15,6376,2323434,176422588.0
2020-09-23,2020-09-23,INDIAHOME,X,43.5,43.5,39.2,40.8,40.75,99,3152,127093.0
2020-09-23,2020-09-23,UNIQUEO,XT,11.18,11.18,10.98,11.18,10.97,23,12650,141413.0
2020-09-23,2020-09-23,BALAMINES,B,812.15,834.0,781.0,798.55,809.1,2012,15145,12235403.0
2020-09-23,2020-09-23,VISAGAR,XT,0.66,0.66,0.64,0.64,0.65,10,1075,709.0
2020-09-23,2020-09-23,COMPEAU,X,130.0,130.0,122.55,123.2,124.1,12,241,30178.0
2020-09-23,2020-09-23,CONTILI,X,10.6,10.6,10.39,10.39,10.1,2,2,20.0
2020-09-23,2020-09-23,VIJSOLX,XT,397.8,397.8,397.8,397.8,378.9,4,85,33813.0
2020-09-23,2020-09-23,ALANKIT,B,15.75,16.2,15.3,15.75,15.6,143,39476,624557.0
2020-09-23,2020-09-23,NIHARINF,X,4.19,4.19,4.15,4.15,4.0,10,2472,10268.0
2020-09-23,2020-09-23,OMINFRAL,B,16.6,17.1,16.25,16.35,16.65,82,7573,126390.0
2020-09-23,2020-09-23,CENTUPLE,XT,2.0,2.0,2.0,2.0,2.0,1,100,200.0
2020-09-23,2020-09-23,ISHANCH,X,34.3,36.5,34.3,36.45,35.05,10,564,20177.0
2020-09-23,2020-09-23,BALUFORGE,XT,131.7,131.7,131.7,131.7,129.15,1,50,6585.0
2020-09-23,2020-09-23,CEENIK,X,6.18,6.18,6.18,6.18,6.18,3,25,154.0
2020-09-23,2020-09-23,PATELENG,B,12.47,12.5,11.79,12.19,12.16,55,8727,106217.0
2020-09-23,2020-09-23,INANI,X,11.28,11.28,11.03,11.03,10.75,6,317,3523.0
2020-09-23,2020-09-23,GEMSI,X,1.2,1.2,1.15,1.15,1.21,23,12462,14517.0
2020-09-23,2020-09-23,MEDICAMEQ,X,400.75,409.5,391.0,403.5,400.75,74,2965,1193595.0
2020-09-23,2020-09-23,ALICON,B,334.15,334.15,324.8,324.8,335.1,23,130,42249.0
2020-09-23,2020-09-23,CATVISION,X,5.99,6.28,5.72,6.15,5.99,31,6674,39637.0
2020-09-23,2020-09-23,ABMKNO,X,104.0,105.0,99.0,103.3,100.6,175,15269,1557396.0
2020-09-23,2020-09-23,EMAMILTD,A,373.35,373.8,359.7,366.9,364.2,565,5551,2040957.0
2020-09-23,2020-09-23,PRANAVSPIN,X,11.0,11.0,11.0,11.0,10.49,1,1,11.0
2020-09-23,2020-09-23,SYSCHEM,XT,6.14,6.14,5.8,6.0,5.85,25,25133,149781.0
2020-09-23,2020-09-23,ARMANFIN,B,525.9,525.9,510.25,512.0,515.3,73,246,126928.0
2020-09-23,2020-09-23,EFORU,X,9.5,9.5,9.5,9.5,9.5,2,100,950.0
2020-09-23,2020-09-23,MIDINFRA,XT,0.95,0.95,0.95,0.95,1.0,2,513,487.0
2020-09-23,2020-09-23,GLANCE,X,46.35,46.35,46.35,46.35,48.75,4,500,23175.0
2020-09-23,2020-09-23,SHILCTECH,X,164.0,173.9,164.0,165.0,166.75,6,62,10239.0
2020-09-23,2020-09-23,NUCLEUS,B,684.0,699.0,650.0,682.8,668.45,2955,38378,26018186.0
2020-09-23,2020-09-23,NLFL,X,21.65,21.65,21.65,21.65,22.75,1,3200,69280.0
2020-09-23,2020-09-23,MANAPPURAM,A,147.1,150.15,143.85,146.2,146.85,2699,209486,30821424.0
2020-09-23,2020-09-23,RTSPOWR,X,31.85,33.0,30.05,31.9,30.85,14,18180,579727.0
2020-09-23,2020-09-23,COMFINTE,X,4.9,4.9,4.66,4.89,4.9,4,1100,5366.0
2020-09-23,2020-09-23,ANJANI,X,12.0,12.89,11.9,12.7,12.4,26,4204,50638.0
2020-09-23,2020-09-23,XTGLOBAL,XT,19.75,21.5,19.75,19.9,20.75,88,960614,18975798.0
2020-09-23,2020-09-23,RASIELEC,X,2.8,2.89,2.7,2.74,2.7,15,657,1799.0
2020-09-23,2020-09-23,SCOOBEEDAY,XT,96.05,101.95,96.05,101.95,100.0,5,330,33103.0
2020-09-23,2020-09-23,LINC,B,155.15,163.0,155.15,161.0,161.2,12,278,43699.0
2020-09-23,2020-09-23,PRIMAIN,XT,11.25,11.9,11.25,11.9,11.34,5,2476,29145.0
2020-09-23,2020-09-23,INDGELA,X,97.0,97.0,97.0,97.0,97.5,2,27,2619.0
2020-09-23,2020-09-23,OPTIFIN,X,24.0,24.5,24.0,24.5,24.4,4,2560,62670.0
2020-09-23,2020-09-23,PARAGONF,X,14.25,14.25,13.54,14.25,14.25,5,24,327.0
2020-09-23,2020-09-23,VSTTILLERS,B,1840.0,1840.0,1700.95,1744.7,1799.45,1112,5902,10432337.0
2020-09-23,2020-09-23,B2BSOFT,XT,11.55,11.55,11.55,11.55,11.0,11,345,3984.0
2020-09-23,2020-09-23,RADHEDE,X,9.41,9.41,9.38,9.38,9.99,3,350,3286.0
2020-09-23,2020-09-23,ELIXIR,X,28.7,28.7,28.7,28.7,27.35,1,1,28.0
2020-09-23,2020-09-23,PANKAJPO,X,3.8,3.8,3.8,3.8,4.0,9,840,3192.0
2020-09-23,2020-09-23,MARBLE,X,2.29,2.29,2.29,2.29,2.29,1,100,229.0
2020-09-23,2020-09-23,NATFIT,X,26.0,26.85,25.0,26.05,25.9,18,4700,120767.0
2020-09-23,2020-09-23,ARTEFACT,X,28.85,28.9,28.8,28.8,28.85,8,302,8698.0
2020-09-23,2020-09-23,TUSALDAH,X,12.93,12.93,12.92,12.92,12.33,2,26,336.0
2020-09-23,2020-09-23,DHPIND,X,322.1,337.8,322.1,324.5,326.55,19,437,141997.0
2020-09-23,2020-09-23,RRIL,X,3.54,3.54,3.54,3.54,3.48,14,13636,48271.0
2020-09-23,2020-09-23,AVAILFC,X,6.33,6.33,6.33,6.33,6.66,1,50,316.0
2020-09-23,2020-09-23,INTCAPL,X,44.8,44.8,44.8,44.8,44.8,2,100,4480.0
2020-09-23,2020-09-23,HAVISHA,T,0.67,0.7,0.67,0.67,0.7,2,800,537.0
2020-09-23,2020-09-23,JAYIND,X,4.99,4.99,4.99,4.99,5.25,3,15300,76347.0
2020-09-23,2020-09-23,ROSELABS,X,8.55,8.55,8.55,8.55,8.55,1,1000,8550.0
2020-09-23,2020-09-23,KRETTOSYS,XT,5.56,5.56,5.56,5.56,5.67,2,11,61.0
2020-09-23,2020-09-23,VIKALPS,XT,12.77,12.77,12.77,12.77,12.23,2,30,383.0
2020-09-23,2020-09-23,ZYDUSWELL,A,1810.0,1824.85,1701.0,1718.6,1767.5,676,3841,6801726.0
2020-09-23,2020-09-23,AUROMACOKE,XT,5.15,5.2,5.15,5.2,5.42,4,117,607.0
2020-09-23,2020-09-23,WINPRO,B,97.0,97.0,95.55,96.0,95.85,74,38632,3703242.0
2020-09-23,2020-09-23,JAIHINDPROJ,Z,0.87,0.87,0.87,0.87,0.91,1,100,87.0
2020-09-23,2020-09-23,BERVINL,XT,9.12,9.12,9.12,9.12,9.6,3,83,756.0
2020-09-23,2020-09-23,GUJINV,X,2.85,2.85,2.85,2.85,2.99,1,1,2.0
2020-09-23,2020-09-23,INDINFRA,X,1.38,1.38,1.38,1.38,1.45,1,11,15.0
2020-09-23,2020-09-23,CONCOR,A,371.5,378.9,371.5,377.0,371.5,2531,137336,51538499.0
2020-09-23,2020-09-23,EASTRED,X,37.55,37.55,35.7,35.7,37.55,6,177,6506.0
2020-09-23,2020-09-23,PANACEABIO,T,185.0,194.35,184.0,187.45,185.55,320,11816,2212655.0
2020-09-23,2020-09-23,CHOICEIN,X,110.0,111.0,108.0,109.55,109.8,70,5384,591044.0
2020-09-23,2020-09-23,SRAMSET,X,66.0,66.0,65.8,65.8,63.8,2,13,857.0
2020-09-23,2020-09-23,SPAR,X,3.25,3.25,3.25,3.25,3.42,1,900,2925.0
2020-09-23,2020-09-23,BYKE,B,13.25,13.25,12.09,12.67,13.18,128,12850,159904.0
2020-09-23,2020-09-23,ARIHANT,B,17.3,17.3,15.8,17.1,16.55,5,122,1960.0
2020-09-23,2020-09-23,SOURCENTRL,XT,136.05,136.05,136.05,136.05,138.8,1,25,3401.0
2020-09-23,2020-09-23,ZICOMELECTR,B,3.51,3.51,3.45,3.51,3.35,100,93764,328981.0
2020-09-23,2020-09-23,ALCHCORP,X,4.43,4.8,4.43,4.8,4.66,10,3505,15832.0
2020-09-23,2020-09-23,TUNITEX,XT,0.5,0.5,0.48,0.5,0.48,62,215115,107047.0
2020-09-23,2020-09-23,RADIXIND,XT,58.6,58.6,58.15,58.15,60.8,4,21,1224.0
2020-09-23,2020-09-23,NARPROP,X,10.14,10.14,9.67,10.13,9.66,4,19,190.0
2020-09-23,2020-09-23,MEGACOR,X,0.43,0.45,0.43,0.45,0.43,6,3081,1384.0
2020-09-23,2020-09-23,TNPL,A,104.2,107.9,101.2,101.8,103.2,601,16028,1669382.0
2020-09-23,2020-09-23,ADVENTCOMP,X,1.15,1.15,1.1,1.1,1.15,5,401,456.0
2020-09-23,2020-09-23,SHAKTIPUMP,B,181.0,182.35,177.6,179.35,178.35,316,8668,1562162.0
2020-09-23,2020-09-23,SAFFRON,XT,1.74,1.74,1.74,1.74,1.77,1,10,17.0
2020-09-23,2020-09-23,PWASML,X,19.75,20.5,18.9,18.9,19.75,3,122,2409.0
2020-09-23,2020-09-23,GOLDTECH,T,9.35,9.35,8.55,8.98,9.0,50,5858,52588.0
2020-09-23,2020-09-23,GRMOVER,XT,319.95,319.95,307.0,308.6,316.3,47,1446,451080.0
2020-09-23,2020-09-23,MOHITIND,B,3.4,3.4,3.4,3.4,3.25,1,100,340.0
2020-09-23,2020-09-23,POLYLINK,X,10.1,10.99,10.0,10.01,10.35,21,2199,23303.0
2020-09-23,2020-09-23,MINAXI,XT,0.66,0.66,0.66,0.66,0.66,2,2000,1320.0
2020-09-23,2020-09-23,DUKEOFS,XT,8.9,9.6,8.7,8.7,9.15,20,599,5296.0
2020-09-23,2020-09-23,CYBELEIND,XT,8.95,9.1,8.95,9.1,8.95,3,5,44.0
2020-09-23,2020-09-23,CGVAK,X,74.0,75.7,74.0,75.7,72.1,36,2884,217515.0
2020-09-23,2020-09-23,NAVKARURB,XT,10.26,10.26,10.26,10.26,10.26,3,600,6156.0
2020-09-23,2020-09-23,OMKAR,X,1.03,1.03,1.03,1.03,1.03,1,25,25.0
2020-09-23,2020-09-23,MADHUCON,B,2.73,2.86,2.73,2.86,2.73,13,6624,18801.0
2020-09-23,2020-09-23,SYBLY,X,1.97,1.97,1.8,1.8,1.89,3,123,223.0
2020-09-23,2020-09-23,RAJESHEXPO,A,484.4,496.0,468.3,477.3,471.75,896,10297,4972428.0
2020-09-23,2020-09-23,ESARIND,X,1.28,1.28,1.28,1.28,1.26,8,5343,6839.0
2020-09-23,2020-09-23,EVEREADY,B,136.55,140.9,134.75,140.1,137.8,263,9743,1337196.0
2020-09-23,2020-09-23,ORIENTTR,XT,2.06,2.14,2.06,2.06,2.1,14,33550,69539.0
2020-09-23,2020-09-23,MAHANIN,XT,0.2,0.22,0.2,0.22,0.21,3,4642,933.0
2020-09-23,2020-09-23,VIKASPROP,B,2.85,2.99,2.85,2.85,2.99,177,808177,2311052.0
2020-09-23,2020-09-23,ACESOFT,X,14.21,14.21,13.01,13.61,13.54,4,12,166.0
2020-09-23,2020-09-23,HATSUN,A,786.65,789.0,751.35,762.6,772.85,319,3351,2614546.0
2020-09-23,2020-09-23,RISHDIGA,X,22.0,22.25,20.3,20.8,21.9,29,3864,81550.0
2020-09-23,2020-09-23,MAINFRA,X,16.85,16.85,15.65,15.65,15.95,17,6245,102877.0
2020-09-23,2020-09-23,KOBO,Z,7.84,7.99,7.84,7.99,7.84,24,4951,39558.0
2020-09-23,2020-09-23,JINDWORLD,B,49.95,50.0,48.05,48.45,48.15,333,20820,1013996.0
2020-09-23,2020-09-23,SOMANYCERA,A,186.65,192.7,176.95,178.8,179.1,648,11190,2041109.0
2020-09-23,2020-09-23,CORALFINAC,B,19.35,20.35,19.35,19.55,20.2,14,1165,23148.0
2020-09-23,2020-09-23,AMITSEC,X,1.83,1.83,1.83,1.83,1.92,2,100,183.0
2020-09-23,2020-09-23,VASINFRA,X,2.01,2.01,1.83,2.01,1.92,3,155,302.0
2020-09-23,2020-09-23,RAP,X,9.34,9.34,9.34,9.34,8.9,2,135,1260.0
2020-09-23,2020-09-23,BAMPSL,XT,0.73,0.73,0.7,0.7,0.73,20,8577,6007.0
2020-09-23,2020-09-23,GENPHARMA,X,11.19,11.19,10.75,10.94,10.97,62,13582,149801.0
2020-09-23,2020-09-23,CGCL,A,233.2,233.75,217.75,225.65,228.05,1236,57468,13196568.0
2020-09-23,2020-09-23,FDC,A,346.95,348.65,331.3,342.4,339.95,1694,37045,12646148.0
2020-09-23,2020-09-23,COUNCODOS,B,1.16,1.29,1.15,1.15,1.2,10,2326,2700.0
2020-09-23,2020-09-23,LINCOLN,B,258.0,260.0,241.1,247.9,250.9,1882,42962,10761985.0
2020-09-23,2020-09-23,PRAVEG,X,70.35,70.35,70.35,70.35,71.75,10,690,48541.0
2020-09-23,2020-09-23,SURAJLTD,X,21.85,21.85,19.85,19.85,20.85,2,157,3230.0
2020-09-23,2020-09-23,MARICO,A,346.1,349.9,337.35,339.8,346.1,1352,33915,11664973.0
2020-09-23,2020-09-23,MAHAVIRIND,XT,0.46,0.46,0.46,0.46,0.44,1,10,4.0
2020-09-23,2020-09-23,HITTCO,X,4.7,4.7,4.7,4.7,4.7,2,50,235.0
2020-09-23,2020-09-23,VISIONCO,X,0.7,0.7,0.7,0.7,0.7,2,1088,761.0
2020-09-23,2020-09-23,ANKIN,X,7.2,7.92,7.2,7.25,7.55,7,28510,214992.0
2020-09-23,2020-09-23,KARUTURIGLO,Z,0.29,0.29,0.29,0.29,0.3,20,10083,2924.0
2020-09-23,2020-09-23,VIDHIING,B,111.4,115.0,102.0,107.4,110.75,1841,83330,9066247.0
2020-09-23,2020-09-23,BHAGCHEM,X,311.0,319.9,308.0,310.4,314.05,83,2528,792917.0
2020-09-23,2020-09-23,PANCHSHEEL,X,67.3,67.3,64.7,64.7,66.0,9,920,60764.0
2020-09-23,2020-09-23,MENNPIS,X,11.9,11.9,11.12,11.3,11.43,90,8792,101116.0
2020-09-23,2020-09-23,GREENCREST,X,0.49,0.49,0.49,0.49,0.49,3,1120,548.0
2020-09-23,2020-09-23,GENNEX,X,4.17,4.2,3.95,3.98,4.09,289,156861,633998.0
2020-09-23,2020-09-23,PRAENG,B,5.74,5.74,5.66,5.66,5.71,7,1500,8564.0
2020-09-23,2020-09-23,BIOGEN,XT,0.21,0.23,0.21,0.23,0.22,12,8421,1798.0
2020-09-23,2020-09-23,APOLLOPIPE,B,393.35,393.35,380.2,388.95,384.95,205,956,371469.0
2020-09-23,2020-09-23,UNJHAFOR,X,7.9,8.7,7.9,8.7,8.31,5,575,4595.0
2020-09-23,2020-09-23,POLYMED,B,480.0,482.8,444.0,460.95,473.25,1418,19264,8816913.0
2020-09-23,2020-09-23,KCLINFRA,XT,0.75,0.75,0.75,0.75,0.73,2,70,52.0
2020-09-23,2020-09-23,ATULAUTO,B,174.25,175.35,167.5,169.1,172.2,254,6422,1098743.0
2020-09-23,2020-09-23,PRERINFRA,X,16.14,16.21,16.14,16.19,15.44,5,3180,51477.0
2020-09-23,2020-09-23,GANGAPA,XT,29.0,29.0,28.25,28.25,29.0,5,4000,114800.0
2020-09-23,2020-09-23,TIRSARJ,X,5.55,5.6,5.1,5.59,5.35,18,3404,18418.0
2020-09-23,2020-09-23,RODIUM,X,74.0,74.25,72.0,74.25,74.2,11,1551,114884.0
2020-09-23,2020-09-23,INDUSFINL,X,7.25,7.25,7.25,7.25,7.27,1,1,7.0
2020-09-23,2020-09-23,LAHOTIOV,X,10.57,10.9,9.8,10.28,10.13,81,11166,118267.0
2020-09-23,2020-09-23,TRINITYLEA,XT,8.72,8.72,8.72,8.72,9.17,1,30,261.0
2020-09-23,2020-09-23,ORIRAIL,X,38.6,41.35,37.5,39.15,38.0,12,2801,108159.0
2020-09-23,2020-09-23,JOINDRE,X,17.6,18.15,16.25,16.8,17.55,20,1739,29752.0
2020-09-23,2020-09-23,BHARATAGRI,X,147.55,151.95,147.55,151.95,151.2,14,1244,188448.0
2020-09-23,2020-09-23,UNITINT,X,5.39,5.39,5.39,5.39,5.39,1,6,32.0
2020-09-23,2020-09-23,SACHEMT,X,17.35,17.35,16.3,16.99,17.09,52,9456,157636.0
2020-09-23,2020-09-23,PIONEERDIS,B,101.5,102.0,99.75,101.0,99.0,160,1737,176576.0
2020-09-23,2020-09-23,KWALITYLTD,B,2.64,2.64,2.64,2.64,2.77,83,73782,194784.0
2020-09-23,2020-09-23,REXNORD,X,22.6,24.0,22.6,23.05,23.05,13,706,16397.0
2020-09-23,2020-09-23,NWIL,XT,0.67,0.67,0.67,0.67,0.67,2,31,20.0
2020-09-23,2020-09-23,KHANDSE,B,9.1,9.4,8.5,9.32,9.05,20,1110,9946.0
2020-09-23,2020-09-23,CCLINTER,X,13.76,13.76,13.5,13.5,13.5,5,321,4334.0
2020-09-23,2020-09-23,CROISSANCE,XT,4.86,4.86,4.86,4.86,5.11,1,50,243.0
2020-09-23,2020-09-23,TWINSTAR,Z,0.88,0.89,0.83,0.89,0.87,10,10526,9253.0
2020-09-23,2020-09-23,AGARIND,B,95.05,95.1,93.6,93.6,93.15,15,210,19744.0
2020-09-23,2020-09-23,DHAMPURE,X,16.82,16.82,16.82,16.82,17.7,1,100,1682.0
2020-09-23,2020-09-23,SHAQUAK,XT,0.56,0.56,0.56,0.56,0.56,1,1,0.0
2020-09-23,2020-09-23,BLUECHIP,T,0.35,0.35,0.35,0.35,0.34,7,10000,3500.0
2020-09-23,2020-09-23,VERTEX,X,0.93,0.93,0.93,0.93,0.92,2,3000,2790.0
2020-09-23,2020-09-23,RIBATEX,X,31.8,33.8,31.8,33.6,32.25,33,14868,481083.0
2020-09-23,2020-09-23,CHLOGIST,X,2.9,2.99,2.71,2.86,2.87,21,4342,12498.0
2020-09-23,2020-09-23,AMBIKCO,B,641.9,642.05,620.0,625.1,638.8,291,1390,879657.0
2020-09-23,2020-09-23,HINDALUMI,X,38.0,39.95,37.6,38.9,39.85,14,560,21456.0
2020-09-23,2020-09-23,POOJAENT,XT,39.3,39.3,39.3,39.3,38.55,2,5,196.0
2020-09-23,2020-09-23,GRAVITY,XT,1.14,1.2,1.14,1.14,1.2,6,1825,2110.0
2020-09-23,2020-09-23,FILATFASH,XT,2.8,2.8,2.64,2.77,2.77,8,1322,3621.0
2020-09-23,2020-09-23,JAINSTUDIOS,Z,2.63,2.63,2.63,2.63,2.76,2,51,134.0
2020-09-23,2020-09-23,ZENOTECH,X,36.0,36.7,33.25,34.75,35.0,180,40562,1390894.0
2020-09-23,2020-09-23,HINDBIO,XT,3.15,3.27,3.15,3.26,3.21,19,2433,7799.0
2020-09-23,2020-09-23,SWELECTES,T,120.7,121.5,119.2,119.2,125.45,60,3658,437540.0
2020-09-23,2020-09-23,WALLFORT,XT,20.5,20.5,20.5,20.5,20.5,1,101,2070.0
2020-09-23,2020-09-23,KDDL,B,161.5,168.45,161.5,167.0,170.0,58,679,110008.0
2020-09-23,2020-09-23,ABHICAP,XT,41.5,43.0,41.5,43.0,42.0,2,2,84.0
2020-09-23,2020-09-23,3BBLACKBIO,XT,284.65,284.65,284.65,284.65,290.45,167,16364,4658012.0
2020-09-23,2020-09-23,GUJJUBHAI,X,10.45,10.45,10.45,10.45,10.5,2,3000,31350.0
2020-09-23,2020-09-23,KSERASERA,T,0.23,0.24,0.23,0.23,0.24,121,255288,58795.0
2020-09-23,2020-09-23,ATVOENT,XT,0.36,0.36,0.36,0.36,0.35,6,12600,4536.0
2020-09-23,2020-09-23,EPUJA,X,7.4,7.7,6.0,6.51,7.24,133,221904,1521910.0
2020-09-23,2020-09-23,MUKANDENGG,B,10.11,10.11,9.72,9.72,9.95,3,102,991.0
2020-09-23,2020-09-23,BRIJLEAS,X,1.17,1.17,1.17,1.17,1.12,1,1,1.0
2020-09-23,2020-09-23,AREALTY,X,0.95,0.95,0.95,0.95,1.0,4,254,241.0
2020-09-23,2020-09-23,BSELALGO,B,1.0,1.0,0.99,0.99,1.04,13,15050,15042.0
2020-09-23,2020-09-23,HEXAWARETEC,A,463.0,468.95,463.0,468.15,460.65,761,32122,14989053.0
2020-09-23,2020-09-23,BANKBARODA,A,42.4,42.75,40.85,41.55,42.35,5070,2194346,91785612.0
2020-09-23,2020-09-23,ACL,B,4.51,4.9,4.51,4.86,4.67,181,109972,530465.0
2020-09-23,2020-09-23,SKMEGGPROD,B,40.9,40.9,38.5,39.25,39.95,183,2701,108158.0
2020-09-23,2020-09-23,WELCORP,A,102.0,106.8,99.25,102.7,104.2,1488,77857,7986245.0
2020-09-23,2020-09-23,BANKINDIA,A,41.35,41.85,39.7,40.4,41.0,3448,2448265,99191615.0
2020-09-23,2020-09-23,INDRAMEDCO,B,47.2,47.8,46.15,46.8,46.2,134,8328,392406.0
2020-09-23,2020-09-23,GAIL,A,84.25,86.35,82.85,85.7,84.15,9564,2672773,224856883.0
2020-09-23,2020-09-23,VAIBHAVGBL,A,1840.0,1879.65,1820.0,1844.7,1819.6,343,1272,2348869.0
2020-09-23,2020-09-23,TRESCON,X,79.05,79.05,74.0,77.25,79.05,50,5399,419707.0
2020-09-23,2020-09-23,GUJSTATFIN,T,2.29,2.31,2.2,2.2,2.2,8,991,2275.0
2020-09-23,2020-09-23,JKPAPER,B,92.6,92.8,90.1,90.55,91.8,342,19001,1737838.0
2020-09-23,2020-09-23,SAREGAMA,B,555.15,555.15,526.3,545.15,540.05,224,1256,676138.0
2020-09-23,2020-09-23,ADROITINFO,B,4.63,4.63,4.63,4.63,4.63,2,898,4157.0
2020-09-23,2020-09-23,CYBERTECH,B,55.1,66.95,55.1,65.7,58.65,1539,106977,6907859.0
2020-09-23,2020-09-23,ICICIBANK,A,356.65,357.2,342.45,351.7,354.5,17950,845708,295890143.0
2020-09-23,2020-09-23,CYIENT,A,402.0,403.75,382.25,387.8,394.65,1006,16910,6627789.0
2020-09-23,2020-09-23,ENGINERSIN,A,66.5,66.5,64.4,65.5,64.45,1916,262335,17050304.0
2020-09-23,2020-09-23,DHANBANK,B,12.5,12.84,12.4,12.49,12.4,267,64211,803722.0
2020-09-23,2020-09-23,GMDCLTD,A,42.6,42.8,41.9,42.05,41.95,170,11125,469641.0
2020-09-23,2020-09-23,GAYATRI,XT,1.74,1.74,1.66,1.66,1.74,8,1660,2817.0
2020-09-23,2020-09-23,INDUSINDBK,A,545.0,553.6,519.25,527.65,544.55,20851,903720,480935076.0
2020-09-23,2020-09-23,ITDC,A,234.4,243.4,231.3,235.65,228.55,1036,7365,1751026.0
2020-09-23,2020-09-23,J&KBANK,A,15.7,15.85,15.2,15.35,15.6,675,134864,2087002.0
2020-09-23,2020-09-23,CUB,A,137.9,139.05,132.25,135.15,135.2,987,40603,5481259.0
2020-09-23,2020-09-23,ARCHIES,B,11.55,11.96,11.55,11.96,11.76,11,920,10642.0
2020-09-23,2020-09-23,AXISBANK,A,420.0,422.95,406.15,419.8,412.3,15193,729596,302561242.0
2020-09-23,2020-09-23,SOUTHBANK,A,6.75,6.79,6.64,6.68,6.72,32365,1302083,8740673.0
2020-09-23,2020-09-23,ENERGYDEV,B,5.66,5.76,5.49,5.61,5.65,30,6561,36426.0
2020-09-23,2020-09-23,SONATSOFTW,A,338.0,343.1,325.65,330.8,334.1,1368,32313,10779983.0
2020-09-23,2020-09-23,NATIONALUM,A,32.0,32.5,31.4,31.85,32.0,3812,1491418,47471966.0
2020-09-23,2020-09-23,INDNIPPON,B,324.85,359.2,315.0,351.5,318.7,203,2367,790555.0
2020-09-23,2020-09-23,NSIL,B,717.9,717.9,673.2,677.2,715.0,51,123,86476.0
2020-09-23,2020-09-23,APARINDS,B,291.0,296.0,284.2,290.55,288.25,672,4237,1239765.0
2020-09-23,2020-09-23,TCIIND,X,648.0,655.0,648.0,655.0,677.4,4,7,4557.0
2020-09-23,2020-09-23,ACCELYA,B,1030.9,1031.4,1027.2,1030.8,1022.1,12,1969,2030242.0
2020-09-23,2020-09-23,ORCHASP,X,0.93,0.93,0.87,0.88,0.92,46,33339,29693.0
2020-09-23,2020-09-23,HCLTECH,A,831.3,844.5,810.15,814.35,821.8,12319,451990,374570793.0
2020-09-23,2020-09-23,TCFCFINQ,X,17.4,17.45,17.1,17.1,17.15,5,278,4756.0
2020-09-23,2020-09-23,GEOJITFSL,B,38.3,42.7,38.0,41.4,37.65,1940,187818,7771183.0
2020-09-23,2020-09-23,JINDALSTEL,A,171.0,181.25,160.0,175.9,170.05,10500,1241923,211238374.0
2020-09-23,2020-09-23,GLENMARK,A,458.0,473.55,458.0,470.7,459.5,11772,297166,139234494.0
2020-09-23,2020-09-23,WOCKPHARMA,A,283.0,284.45,272.3,277.95,280.05,1026,25451,7069396.0
2020-09-23,2020-09-23,TATACOFFEE,A,104.0,104.85,99.95,101.55,103.1,971,40834,4177708.0
2020-09-23,2020-09-23,INDSWFTLAB,B,46.65,47.25,43.5,44.9,45.0,441,28331,1310639.0
2020-09-23,2020-09-23,MELSTAR,Z,2.0,2.0,1.94,1.94,2.04,13,820,1591.0
2020-09-23,2020-09-23,GVPIL,A,452.0,457.95,430.0,432.35,442.05,372,3334,1498573.0
2020-09-23,2020-09-23,SHREERAMA,B,7.75,7.75,7.36,7.39,7.74,53,14948,110312.0
2020-09-23,2020-09-23,MAHLIFE,A,230.5,234.0,220.0,225.05,227.85,405,4932,1103598.0
2020-09-23,2020-09-23,ZYDUSLIFE,A,393.25,395.95,379.05,383.9,393.25,3235,163187,62964527.0
2020-09-23,2020-09-23,SHIVACEM,X,10.11,10.4,10.01,10.16,10.14,171,62154,629847.0
2020-09-23,2020-09-23,INTENTECH,B,31.45,31.45,29.25,29.3,30.75,53,10601,312960.0
2020-09-23,2020-09-23,DANLAW,XT,67.6,68.2,62.0,68.2,65.0,27,3509,238027.0
2020-09-23,2020-09-23,BIOPACINDIA,XT,3.98,3.98,3.98,3.98,3.98,7,437,1739.0
2020-09-23,2020-09-23,AJANTPHARM,A,1578.0,1591.8,1533.95,1564.1,1560.5,985,7425,11606067.0
2020-09-23,2020-09-23,HBPOR,X,14.5,16.65,14.5,16.35,15.25,9,198,2937.0
2020-09-23,2020-09-23,HBESD,X,9.06,9.06,8.7,9.06,9.06,5,1104,9640.0
2020-09-23,2020-09-23,COMPUSOFT,B,7.33,7.5,7.14,7.31,7.51,137,32236,233500.0
2020-09-23,2020-09-23,IZMO,B,35.75,35.75,33.55,35.0,34.2,34,1770,61208.0
2020-09-23,2020-09-23,TVSMOTOR,A,460.0,460.0,434.2,442.15,442.7,1362,57589,25383401.0
2020-09-23,2020-09-23,MADALA,X,56.5,56.5,56.5,56.5,57.65,5,26,1469.0
2020-09-23,2020-09-23,ACLGATI,B,50.7,50.7,47.3,47.65,49.25,351,28372,1383793.0
2020-09-23,2020-09-23,SUBEXLTD,B,10.51,10.78,9.95,10.71,10.27,470,463839,4815020.0
2020-09-23,2020-09-23,TCI,B,228.6,228.6,218.05,220.95,229.6,142,1113,245675.0
2020-09-23,2020-09-23,PADMALAYAT,XT,1.76,1.92,1.74,1.74,1.83,18,3319,5791.0
2020-09-23,2020-09-23,AKSHOPTFBR,B,5.9,5.97,5.81,5.84,5.69,55,20624,121822.0
2020-09-23,2020-09-23,PICTUREHS,X,0.72,0.75,0.72,0.75,0.72,3,63,47.0
2020-09-23,2020-09-23,TRIVENI,B,74.3,75.6,72.85,73.5,73.9,422,34420,2555268.0
2020-09-23,2020-09-23,MUKTAARTS,B,25.5,26.0,25.0,25.45,25.55,81,3241,83532.0
2020-09-23,2020-09-23,HITKITGLO,XT,0.28,0.28,0.28,0.28,0.28,1,300,84.0
2020-09-23,2020-09-23,NAGPI,X,26.5,26.5,26.5,26.5,25.35,1,1,26.0
2020-09-23,2020-09-23,DSSL,B,28.3,29.0,27.3,28.4,29.3,136,9969,282463.0
2020-09-23,2020-09-23,PNBGILTS,B,40.9,41.6,40.9,41.0,40.9,127,70431,2895182.0
2020-09-23,2020-09-23,BCG,B,7.05,7.1,7.0,7.1,6.77,418,8368858,59108100.0
2020-09-23,2020-09-23,RAMCOIND,B,184.25,184.25,175.0,177.75,180.75,246,4705,845144.0
2020-09-23,2020-09-23,RAMCOSYS,B,378.05,393.45,362.55,369.3,375.15,1104,31954,12003255.0
2020-09-23,2020-09-23,TTML,B,2.95,3.1,2.82,2.86,2.96,904,279825,830616.0
2020-09-23,2020-09-23,VIRINCHI,X,36.7,36.7,34.35,34.9,34.85,189,51690,1848914.0
2020-09-23,2020-09-23,WEPSOLN,X,19.95,20.5,18.3,18.5,18.75,29,2936,55795.0
2020-09-23,2020-09-23,STLTECH,A,147.05,150.4,142.75,145.05,145.7,2182,123310,17967708.0
2020-09-23,2020-09-23,TIPSMUSIC,B,229.0,241.0,220.4,239.2,210.15,498,4202,963476.0
2020-09-23,2020-09-23,UMIYA-MRO,B,23.05,25.35,23.0,23.05,24.2,19,3858,89004.0
2020-09-23,2020-09-23,UNIVARTS,X,0.73,0.73,0.73,0.73,0.7,2,1008,735.0
2020-09-23,2020-09-23,FIRSTFIN,XT,7.16,7.16,6.88,7.16,7.02,10,7157,50404.0
2020-09-23,2020-09-23,BABA,X,7.5,7.5,7.45,7.45,7.4,7,9203,69012.0
2020-09-23,2020-09-23,BALAJITELE,B,77.9,77.9,71.0,72.9,73.85,293,7732,568191.0
2020-09-23,2020-09-23,TYCHE,X,280.4,282.9,265.05,269.0,275.2,491,19720,5342425.0
2020-09-23,2020-09-23,PNC,B,14.7,14.7,14.25,14.25,13.75,4,1511,21535.0
2020-09-23,2020-09-23,IOB,A,9.65,9.65,9.11,9.28,9.26,631,226947,2124846.0
2020-09-23,2020-09-23,TAJGVK,B,125.95,126.85,121.0,123.4,123.0,470,8739,1078640.0
2020-09-23,2020-09-23,OPTOCIRCUIT,B,5.14,5.67,5.13,5.15,5.4,351,360974,1861556.0
2020-09-23,2020-09-23,CREATIVEYE,T,4.11,4.11,3.73,4.11,3.92,37,39582,162313.0
2020-09-23,2020-09-23,AXISCADES,B,53.75,53.75,51.2,52.05,51.2,30,1045,55344.0
2020-09-23,2020-09-23,UMESLTD,B,1.34,1.41,1.29,1.29,1.35,55,7951,10744.0
2020-09-23,2020-09-23,BSOFT,A,197.9,199.6,191.65,193.8,193.7,2880,138847,27118196.0
2020-09-23,2020-09-23,7TEC,X,14.75,14.95,14.3,14.5,14.6,29,1396,20274.0
2020-09-23,2020-09-23,AVANTEL,X,412.2,428.0,400.0,406.05,412.2,208,7299,3042634.0
2020-09-23,2020-09-23,MOSCHIP,X,11.66,12.82,11.66,12.82,12.21,134,95718,1188326.0
2020-09-23,2020-09-23,SIGMAADV,T,7.45,7.65,7.37,7.63,7.75,21,3152,23680.0
2020-09-23,2020-09-23,TRANSCOR,X,8.3,8.71,8.0,8.69,8.32,12,1032,8608.0
2020-09-23,2020-09-23,CEREBRAINT,B,29.15,29.55,29.0,29.45,29.05,56,12275,358297.0
2020-09-23,2020-09-23,SMARTLINK,B,71.1,74.8,71.1,72.1,70.4,64,3939,287228.0
2020-09-23,2020-09-23,GODREJCP,A,681.0,688.7,668.8,679.05,683.25,1396,24490,16617102.0
2020-09-23,2020-09-23,GENUSPRIME,X,1.25,1.25,1.25,1.25,1.3,1,1,1.0
2020-09-23,2020-09-23,BFUTILITIE,B,232.0,233.6,218.75,223.75,226.45,463,10359,2331841.0
2020-09-23,2020-09-23,UNITDSPR,B,515.05,520.9,507.35,509.3,515.05,2307,55180,28269208.0
2020-09-23,2020-09-23,SANINFRA,XT,151.95,151.95,143.95,144.0,145.0,3,262,39412.0
2020-09-23,2020-09-23,OLECTRA,B,63.95,65.45,63.0,63.9,62.45,266,7825,504089.0
2020-09-23,2020-09-23,MPSLTD,B,417.0,417.0,400.5,405.15,413.95,101,519,212847.0
2020-09-23,2020-09-23,CERA,A,2332.45,2332.5,2275.0,2278.6,2315.9,80,155,355915.0
2020-09-23,2020-09-23,TSPIRITUAL,XT,0.24,0.24,0.24,0.24,0.25,3,365,87.0
2020-09-23,2020-09-23,BHARTIARTL,A,470.0,470.0,423.95,433.9,471.05,64922,2554302,1123835588.0
2020-09-23,2020-09-23,SHALIWIR,X,4.0,4.0,3.8,4.0,4.0,4,281,1117.0
2020-09-23,2020-09-23,COMPINFO,B,14.4,14.9,13.9,13.96,14.26,81,17311,249677.0
2020-09-23,2020-09-23,GULPOLY,B,56.25,56.25,52.85,53.1,55.6,92,4675,253482.0
2020-09-23,2020-09-23,FAZE3AUTO,X,30.8,30.8,30.8,30.8,30.8,1,30,924.0
2020-09-23,2020-09-23,PNB,A,30.35,30.45,28.9,29.35,30.1,8617,3573202,106351823.0
2020-09-23,2020-09-23,OFSS,A,3075.0,3145.05,3011.05,3047.75,3053.45,716,2734,8430249.0
2020-09-23,2020-09-23,HAZOOR,X,0.69,0.69,0.63,0.69,0.66,9,12689,8665.0
2020-09-23,2020-09-23,KAMAHOLD,B,4750.0,4899.0,4750.0,4815.65,4877.55,32,133,638514.0
2020-09-23,2020-09-23,APTECHT,B,116.0,118.05,112.2,114.2,114.1,440,13300,1536286.0
2020-09-23,2020-09-23,UNIONBANK,A,25.5,25.9,25.0,25.2,25.5,1380,372487,9396956.0
2020-09-23,2020-09-23,UBL,A,965.5,976.45,953.85,962.95,964.2,1154,13846,13311348.0
2020-09-23,2020-09-23,ISMTLTD,T,12.98,12.98,12.34,12.34,12.98,25,10660,133362.0
2020-09-23,2020-09-23,NOIDATOLL,B,3.21,3.29,3.19,3.29,3.25,13,7120,22801.0
2020-09-23,2020-09-23,GRANULES,A,360.85,369.0,353.5,363.45,352.75,6537,267092,96839542.0
2020-09-23,2020-09-23,CANBK,A,89.55,91.7,86.3,88.15,89.5,5474,854504,75658712.0
2020-09-23,2020-09-23,BLIL,B,345.05,355.0,345.05,348.8,350.75,252,7045,2462713.0
2020-09-23,2020-09-23,POKARNA,B,132.0,136.8,124.25,126.05,130.75,366,13704,1733405.0
2020-09-23,2020-09-23,DIVISLAB,A,3265.0,3288.0,3125.5,3139.05,3234.1,3781,138167,439173722.0
2020-09-23,2020-09-23,ASTRAMICRO,B,121.5,123.15,116.2,118.85,120.0,696,32216,3835502.0
2020-09-23,2020-09-23,RADICO,A,411.0,426.85,405.2,414.85,419.6,1242,21099,8762134.0
2020-09-23,2020-09-23,SHRMCITYUN,A,912.7,925.15,874.45,915.85,886.1,267,1181,1063969.0
2020-09-23,2020-09-23,MARUTI,A,6700.0,6700.0,6384.9,6503.5,6434.65,6153,34772,225285736.0
2020-09-23,2020-09-23,RAJPALAYAM,X,589.0,610.0,576.0,584.85,589.5,22,541,313548.0
2020-09-23,2020-09-23,NAVINFLUOR,A,2019.8,2051.7,1950.0,2032.55,1984.8,2005,7908,15843208.0
2020-09-23,2020-09-23,UCOBANK,A,12.5,12.6,12.2,12.23,12.39,261,75265,928932.0
2020-09-23,2020-09-23,BAGFILMS,B,2.55,2.67,2.49,2.65,2.55,25,39664,103348.0
2020-09-23,2020-09-23,JSL,A,41.35,42.85,40.85,41.3,41.6,116,6631,275484.0
2020-09-23,2020-09-23,SUPRAJIT,A,173.9,177.05,167.9,168.9,166.9,394,8002,1375297.0
2020-09-23,2020-09-23,TVSELECT,B,92.45,92.95,90.55,91.2,91.5,72,1665,152966.0
2020-09-23,2020-09-23,IGL,A,407.0,416.5,403.15,407.45,410.8,2885,115180,47161348.0
2020-09-23,2020-09-23,TVTODAY,A,205.0,206.15,195.0,197.55,198.55,445,5386,1075226.0
2020-09-23,2020-09-23,PALREDTEC,T,26.25,26.25,24.0,25.6,25.05,25,2097,51636.0
2020-09-23,2020-09-23,PETRONET,A,222.0,222.15,212.25,215.4,220.2,3666,145068,31347474.0
2020-09-23,2020-09-23,BIOCON,A,430.0,430.0,418.4,423.75,422.45,2423,115463,48925187.0
2020-09-23,2020-09-23,PTC,A,48.0,48.5,47.2,47.9,48.15,883,150525,7197767.0
2020-09-23,2020-09-23,MAHABANK,A,11.4,11.61,10.92,11.13,11.32,327,107897,1208159.0
2020-09-23,2020-09-23,RKFORGE,B,283.0,289.2,274.0,280.3,277.5,219,17424,4928818.0
2020-09-23,2020-09-23,DATAMATICS,B,79.0,79.45,76.3,77.95,77.35,182,7480,582023.0
2020-09-23,2020-09-23,NDTV,B,35.4,35.4,33.5,33.5,33.75,55,3157,105895.0
2020-09-23,2020-09-23,STAR,A,662.5,683.9,642.0,658.2,659.35,4177,99204,65568323.0
2020-09-23,2020-09-23,JPASSOCIAT,B,3.01,3.02,2.87,2.89,3.02,967,958495,2801642.0
2020-09-23,2020-09-23,ULTRACEMCO,A,3895.5,3917.3,3838.1,3867.15,3878.3,1240,8713,33748838.0
2020-09-23,2020-09-23,UNOMINDA,A,302.2,333.85,302.2,326.15,324.15,726,9221,3023106.0
2020-09-23,2020-09-23,TCS,A,2510.0,2517.0,2410.0,2467.15,2523.55,15644,238132,586657582.0
2020-09-23,2020-09-23,COFORGE,A,2199.9,2240.55,2150.0,2224.05,2164.05,2095,18627,41128607.0
2020-09-23,2020-09-23,GULFPETRO,B,40.1,40.1,38.0,38.4,38.5,83,1931,74664.0
2020-09-23,2020-09-23,CENTURYPLY,A,167.2,173.1,164.65,165.8,167.55,305,9816,1650543.0
2020-09-23,2020-09-23,WELENT,B,63.85,64.0,61.7,62.25,63.1,244,4233,266804.0
2020-09-23,2020-09-23,NTPC,A,87.25,88.15,84.3,85.1,87.75,6617,1424035,121352250.0
2020-09-23,2020-09-23,SALSTEEL,B,2.74,2.79,2.74,2.79,2.86,2,600,1669.0
2020-09-23,2020-09-23,JBMA,B,217.2,223.8,213.1,215.75,213.2,424,4674,1011913.0
2020-09-23,2020-09-23,DWARKESH,B,28.4,28.65,27.4,27.85,28.25,160,27087,764210.0
2020-09-23,2020-09-23,INDOCO,B,258.0,271.0,250.0,255.6,262.6,1147,20004,5192819.0
2020-09-23,2020-09-23,VIPCLOTHNG,B,9.29,9.47,8.91,9.23,9.35,78,25905,235823.0
2020-09-23,2020-09-23,XCHANGING,B,85.9,89.0,84.8,87.65,83.0,537,30109,2610600.0
2020-09-23,2020-09-23,JETAIRWAYS,Z,24.05,26.4,24.05,25.85,25.25,176,19281,488075.0
2020-09-23,2020-09-23,MORARJEE,B,8.57,8.57,8.14,8.14,8.55,28,12981,108460.0
2020-09-23,2020-09-23,GATEWAYDIST,A,88.95,89.5,85.1,87.85,88.3,184,3514,307083.0
2020-09-23,2020-09-23,JINDALPHOT,B,12.2,12.65,11.82,11.82,12.27,11,213,2545.0
2020-09-23,2020-09-23,POCL,X,240.0,245.85,229.0,233.4,237.55,240,8653,2016486.0
2020-09-23,2020-09-23,JPPOWER,B,2.24,2.31,2.14,2.17,2.23,895,4951848,10957531.0
2020-09-23,2020-09-23,3IINFOLTD,B,3.19,3.24,3.04,3.17,3.09,864,2494081,7960706.0
2020-09-23,2020-09-23,MBECL,T,4.81,5.05,4.81,4.92,4.92,3,204,1002.0
2020-09-23,2020-09-23,GOKEX,B,62.75,62.75,58.25,58.75,61.2,175,6807,409438.0
2020-09-23,2020-09-23,ALLDIGI,B,242.0,251.65,241.65,251.65,246.35,5,29,7126.0
2020-09-23,2020-09-23,IIFL,A,82.5,82.5,78.05,78.9,79.5,1087,63187,5085837.0
2020-09-23,2020-09-23,MANGALAM,B,131.0,139.1,131.0,137.3,132.5,397,19345,2661619.0
2020-09-23,2020-09-23,SHOPERSTOP,A,165.45,168.55,164.0,168.3,161.8,187,3436,572362.0
2020-09-23,2020-09-23,NDL,T,19.85,20.85,19.85,20.35,20.8,25,1883,38088.0
2020-09-23,2020-09-23,JSWHL,B,2292.0,2340.0,2292.0,2300.0,2283.15,70,131,301275.0
2020-09-23,2020-09-23,JKCEMENT,A,1530.0,1530.0,1483.3,1500.1,1504.75,382,1963,2940851.0
2020-09-23,2020-09-23,BEEYU,X,0.4,0.4,0.4,0.4,0.39,1,2099,839.0
2020-09-23,2020-09-23,UNIPLYIND,Z,4.4,4.45,4.21,4.4,4.43,118,34692,151334.0
2020-09-23,2020-09-23,YESBANK,A,13.36,13.49,13.0,13.13,13.21,30369,21532843,282709286.0
2020-09-23,2020-09-23,NECLIFE,B,23.05,23.8,21.6,21.9,22.8,503,84819,1898518.0
2020-09-23,2020-09-23,MSPL,B,6.47,6.98,6.47,6.47,6.81,4,805,5589.0
2020-09-23,2020-09-23,SPLIL,B,27.4,28.4,26.75,26.8,27.3,84,3791,105353.0
2020-09-23,2020-09-23,KTKBANK,A,41.45,41.45,40.3,40.7,40.9,698,73225,2981770.0
2020-09-23,2020-09-23,MCLEODRUSS,T,15.9,17.15,15.9,15.95,16.7,284,176781,2827598.0
2020-09-23,2020-09-23,FACORALL,X,1.26,1.26,1.18,1.21,1.2,49,41055,49842.0
2020-09-23,2020-09-23,IDFC,A,31.3,32.2,31.05,31.65,31.3,1364,478678,15145844.0
2020-09-23,2020-09-23,VIVIMEDLAB,B,19.55,19.65,19.0,19.35,19.1,106,18958,366458.0
2020-09-23,2020-09-23,RML,B,206.65,206.65,198.2,204.85,206.6,24,256,51781.0
2020-09-23,2020-09-23,HTMEDIA,T,14.25,14.25,13.6,13.7,14.05,24,10887,149210.0
2020-09-23,2020-09-23,SASKEN,B,696.0,752.65,696.0,723.8,684.1,4576,51577,37353611.0
2020-09-23,2020-09-23,FCSSOFT,B,0.43,0.43,0.42,0.43,0.43,163,394417,166808.0
2020-09-23,2020-09-23,SUZLON,A,3.01,3.07,2.94,2.96,3.01,15246,5204326,15581602.0
2020-09-23,2020-09-23,AURIONPRO,B,71.35,77.0,71.35,71.35,75.1,143,7345,531123.0
2020-09-23,2020-09-23,RENUKA,B,9.27,9.51,8.9,9.13,9.27,383,269996,2461437.0
2020-09-23,2020-09-23,KMSUGAR,B,10.45,10.63,10.0,10.06,10.19,46,11253,115856.0
2020-09-23,2020-09-23,BASML,B,87.0,87.0,81.85,84.35,87.15,89,4310,361275.0
2020-09-23,2020-09-23,BOMBAYRAYON,T,9.87,9.87,9.87,9.87,10.38,32,7465,73679.0
2020-09-23,2020-09-23,SORILINFRA,B,60.9,66.5,60.9,61.0,64.1,216,10075,620585.0
2020-09-23,2020-09-23,AIAENG,A,1808.0,1811.05,1770.45,1777.25,1796.2,415,1114,1989067.0
2020-09-23,2020-09-23,EKC,T,27.5,28.25,26.6,27.65,27.5,70,26306,725667.0
2020-09-23,2020-09-23,REPRO,B,423.0,423.0,384.85,392.4,386.8,26,221,85725.0
2020-09-23,2020-09-23,PVRINOX,A,1130.1,1142.55,1092.9,1116.95,1127.05,3807,60232,67578366.0
2020-09-23,2020-09-23,RAMSARUPIND,Z,0.36,0.36,0.35,0.35,0.35,5,2651,937.0
2020-09-23,2020-09-23,RMCL,T,3.12,3.17,2.96,2.96,3.11,18,8841,27078.0
2020-09-23,2020-09-23,PUNJLLOYD,Z,1.44,1.44,1.34,1.39,1.39,35,25930,35422.0
2020-09-23,2020-09-23,ASMS,Z,1.9,1.99,1.9,1.92,1.95,13,7427,14478.0
2020-09-23,2020-09-23,CELEBRITY,B,4.9,4.9,4.79,4.86,4.81,4,170,818.0
2020-09-23,2020-09-23,EDUCOMP,Z,2.9,3.05,2.78,2.99,2.92,28,8062,23469.0
2020-09-23,2020-09-23,NITINSPIN,B,36.5,37.6,35.85,36.0,36.8,269,3505,127432.0
2020-09-23,2020-09-23,ROHLTD,T,63.9,64.4,61.0,61.0,62.3,22,1945,122266.0
2020-09-23,2020-09-23,ENIL,B,153.7,158.2,153.7,157.75,151.35,37,241,37803.0
2020-09-23,2020-09-23,CELLA,Z,4.15,4.15,4.15,4.15,4.36,7,675,2801.0
2020-09-23,2020-09-23,GSPL,A,200.0,201.35,193.5,198.3,199.35,632,165021,32588319.0
2020-09-23,2020-09-23,JAGRAN,A,36.7,37.4,36.5,36.55,36.85,191,20966,769979.0
2020-09-23,2020-09-23,INOXLEISURE,A,271.0,286.0,263.0,265.7,270.15,913,22220,5959526.0
2020-09-23,2020-09-23,DYNPRO,B,265.8,271.65,240.4,247.05,257.9,1850,31820,8145988.0
2020-09-23,2020-09-23,GVKPIL,B,3.05,3.15,3.01,3.01,3.16,880,2572385,7824813.0
2020-09-23,2020-09-23,SADBHAV,A,51.1,52.25,49.0,49.95,51.2,701,25110,1271120.0
2020-09-23,2020-09-23,RCOM,T,2.05,2.1,1.95,1.96,2.05,3524,3505691,6927251.0
2020-09-23,2020-09-23,SAKUMA,B,6.2,6.23,5.85,5.94,5.95,130,81447,496445.0
2020-09-23,2020-09-23,KEC,A,321.0,321.0,304.2,305.95,312.8,577,9921,3078889.0
2020-09-23,2020-09-23,INDOTECH,B,95.0,99.0,91.6,92.15,94.1,154,5309,497075.0
2020-09-23,2020-09-23,BLKASHYAP,T,6.73,6.73,6.41,6.7,6.51,9,5711,38032.0
2020-09-23,2020-09-23,M&MFIN,A,119.0,121.15,112.8,119.9,118.15,13754,1374767,161776901.0
2020-09-23,2020-09-23,VISACHROME,B,6.4,6.41,6.37,6.37,6.7,6,1133,7239.0
2020-09-23,2020-09-23,NITCO,B,18.0,18.0,17.25,17.5,17.35,17,2558,44928.0
2020-09-23,2020-09-23,MPDL,X,7.05,7.05,7.05,7.05,6.92,2,115,810.0
2020-09-23,2020-09-23,SOLARINDS,A,1021.35,1063.95,1021.35,1037.85,1045.35,59,192,200966.0
2020-09-23,2020-09-23,GALLANTT,B,31.5,31.5,31.5,31.5,32.6,1,2,63.0
2020-09-23,2020-09-23,MALUPAPER,B,25.0,25.0,25.0,25.0,24.8,2,60,1500.0
2020-09-23,2020-09-23,UTTAMSUGAR,B,83.7,83.9,81.1,82.7,82.8,50,982,80967.0
2020-09-23,2020-09-23,SGL,B,8.14,8.26,8.14,8.26,8.4,4,575,4686.0
2020-09-23,2020-09-23,ROHITFERRO,T,1.1,1.1,1.09,1.09,1.11,3,303,333.0
2020-09-23,2020-09-23,KKCL,B,756.1,756.1,756.1,756.1,752.4,1,5,3780.0
2020-09-23,2020-09-23,SUNTV,A,479.95,488.25,455.75,460.05,480.1,3100,90177,42318034.0
2020-09-23,2020-09-23,GPIL,B,284.45,285.85,270.65,277.35,277.25,391,5453,1517804.0
2020-09-23,2020-09-23,RSYSTEMS,B,106.25,107.4,104.4,104.4,104.8,66,954,100679.0
2020-09-23,2020-09-23,EMKAY,B,53.65,54.0,51.05,51.6,53.8,100,10394,545505.0
2020-09-23,2020-09-23,TICL,T,1.36,1.36,1.35,1.35,1.35,2,1357,1841.0
2020-09-23,2020-09-23,LOKESHMACH,B,25.0,25.0,19.9,20.45,21.1,80,3088,62856.0
2020-09-23,2020-09-23,KAMDHENU,B,67.55,69.7,67.55,67.95,67.1,78,1704,116731.0
2020-09-23,2020-09-23,PAUSHAKLTD,X,4077.0,4077.0,3800.0,3905.45,3957.95,239,1157,4516077.0
2020-09-23,2020-09-23,INDICAP,X,25.65,28.8,25.65,27.2,26.35,19,2477,66380.0
2020-09-23,2020-09-23,UNITYINFRA,Z,0.99,0.99,0.99,0.99,0.95,2,400,396.0
2020-09-23,2020-09-23,PFOCUS,B,37.7,37.7,35.75,36.2,35.65,55,12776,462900.0
2020-09-23,2020-09-23,ALLCARGO,A,115.0,123.0,115.0,119.4,117.1,818,46350,5603063.0
2020-09-23,2020-09-23,GMRAIRPORT,A,22.2,22.2,21.15,21.45,21.7,524,375485,8117737.0
2020-09-23,2020-09-23,TECHM,A,807.2,811.6,783.45,792.8,800.5,3857,123783,98641871.0
2020-09-23,2020-09-23,CIEINDIA,A,135.0,145.0,133.35,139.15,132.0,3875,161058,22506680.0
2020-09-23,2020-09-23,VOLTAMP,B,992.9,1009.0,974.1,987.2,988.0,183,639,630464.0
2020-09-23,2020-09-23,ATLANTAA,B,6.65,6.85,6.64,6.85,6.66,8,734,4945.0
2020-09-23,2020-09-23,DEEPENR,B,66.15,69.8,66.15,69.0,66.85,249,11349,771221.0
2020-09-23,2020-09-23,HGM,B,38.55,39.8,37.1,37.55,39.05,55,5744,218054.0
2020-09-23,2020-09-23,ACE,B,66.85,68.5,65.85,66.8,65.45,250,37186,2493485.0
2020-09-23,2020-09-23,GEECEE,B,68.95,69.95,65.05,67.3,68.7,356,3385,231470.0
2020-09-23,2020-09-23,RICHAIND,Z,0.84,0.84,0.84,0.84,0.85,2,122,102.0
2020-09-23,2020-09-23,GAYAPROJ,B,17.45,17.45,16.9,17.1,16.65,78,34257,588422.0
2020-09-23,2020-09-23,FIEMIND,B,583.9,587.4,562.1,569.8,563.65,580,6068,3503999.0
2020-09-23,2020-09-23,JHS,T,19.9,20.65,19.9,19.9,20.9,93,35249,704466.0
2020-09-23,2020-09-23,DCBBANK,A,81.6,85.0,81.6,83.4,83.45,900,79944,6683365.0
2020-09-23,2020-09-23,GLOBALVECT,B,50.45,52.85,48.15,48.7,51.25,477,33625,1676671.0
2020-09-23,2020-09-23,INSPIRISYS,B,28.45,29.45,28.05,28.3,29.0,8,223,6322.0
2020-09-23,2020-09-23,GTLINFRA,B,0.63,0.66,0.62,0.66,0.63,208,2100961,1383222.0
2020-09-23,2020-09-23,SHIVAMAUTO,B,16.15,16.65,15.65,16.05,15.9,33,4419,72066.0
2020-09-23,2020-09-23,NAUKRI,A,3437.9,3480.9,3330.0,3383.1,3340.9,1371,10290,35125911.0
2020-09-23,2020-09-23,TORNTPOWER,A,326.0,329.9,319.6,321.5,326.1,613,14012,4552947.0
2020-09-23,2020-09-23,PARSVNATH,B,2.46,2.5,2.41,2.41,2.53,19,12326,30060.0
2020-09-23,2020-09-23,SUTLEJTEX,B,25.1,25.1,24.15,24.45,24.95,23,932,22806.0
2020-09-23,2020-09-23,LTFOODS,B,51.0,52.05,49.65,50.5,49.8,292,36629,1856314.0
2020-09-23,2020-09-23,SOBHA,A,237.0,241.75,230.3,234.55,236.15,930,39222,9210320.0
2020-09-23,2020-09-23,RUCHIRA,B,50.6,53.05,50.05,51.25,50.9,78,3200,166172.0
2020-09-23,2020-09-23,TANLA,B,250.1,262.5,245.0,259.2,251.95,1582,45352,11626707.0
2020-09-23,2020-09-23,ZEEMEDIA,T,5.95,6.0,5.7,5.75,5.98,188,94412,546586.0
2020-09-23,2020-09-23,SITINET,B,1.68,1.75,1.67,1.67,1.75,117,69449,116698.0
2020-09-23,2020-09-23,LUMAXTECH,B,96.75,97.0,91.4,94.7,95.5,265,4771,454441.0
2020-09-23,2020-09-23,AUTOIND,B,27.05,28.2,27.05,27.15,28.45,46,3204,88228.0
2020-09-23,2020-09-23,NETWORK18,A,33.95,33.95,31.65,32.45,33.3,1443,221909,7246316.0
2020-09-23,2020-09-23,HUBTOWN,B,10.67,10.67,10.16,10.16,10.38,12,775,7908.0
2020-09-23,2020-09-23,TV18BRDCST,A,30.05,30.35,28.7,29.35,29.55,358,111317,3274860.0
2020-09-23,2020-09-23,CTE,B,25.1,25.1,24.35,24.5,25.45,65,1965,48280.0
2020-09-23,2020-09-23,TIIL,B,376.0,376.0,337.05,348.85,344.95,173,3129,1079592.0
2020-09-23,2020-09-23,REDINGTON,A,110.4,116.4,108.5,114.95,108.2,797,27094,3050142.0
2020-09-23,2020-09-23,CINELINE,B,26.05,27.0,26.0,26.55,25.75,36,972,25542.0
2020-09-23,2020-09-23,PGIL,B,144.0,144.0,143.0,143.0,144.0,11,395,56635.0
2020-09-23,2020-09-23,FSL,A,73.6,78.35,72.5,74.8,72.0,2839,479391,36189148.0
2020-09-23,2020-09-23,PFC,A,88.35,88.35,85.15,86.2,87.4,2332,305656,26466730.0
2020-09-23,2020-09-23,AHLUCONT,B,235.0,248.2,235.0,242.7,242.9,83,767,187904.0
2020-09-23,2020-09-23,INDIANB,A,57.0,57.85,56.0,57.3,56.5,817,58406,3327271.0
2020-09-23,2020-09-23,SMSPHARMA,B,89.7,92.25,87.0,88.35,87.3,799,47960,4293351.0
2020-09-23,2020-09-23,ORIENTALTL,B,10.1,10.1,9.56,9.57,9.87,43,9183,88917.0
2020-09-23,2020-09-23,MINDTREELTD,A,1320.0,1342.05,1248.25,1297.85,1308.95,6772,184294,240535010.0
2020-09-23,2020-09-23,ELAND,XT,5.44,5.71,5.18,5.69,5.44,21,8255,45600.0
2020-09-23,2020-09-23,IDEA,A,10.2,10.2,8.81,9.22,10.25,112635,98081628,929691890.0
2020-09-23,2020-09-23,EUROCERAMIC,Z,2.8,2.94,2.67,2.9,2.8,40,35782,101561.0
2020-09-23,2020-09-23,RAJTV,B,36.1,36.1,34.25,34.25,34.8,50,3188,111774.0
2020-09-23,2020-09-23,PAGEIND,A,18494.45,19490.0,18456.1,19340.4,18386.85,1942,3840,73238160.0
2020-09-23,2020-09-23,AMDIND,B,15.95,16.05,15.55,16.05,15.6,9,194,3074.0
2020-09-23,2020-09-23,LEHAR,X,19.6,19.6,18.0,18.8,18.85,24,1087,20013.0
2020-09-23,2020-09-23,ASTRAL,A,1070.0,1107.15,1070.0,1098.75,1071.7,936,4944,5400320.0
2020-09-23,2020-09-23,EMBDL,A,52.65,53.0,50.2,52.4,51.55,1244,289251,14943508.0
2020-09-23,2020-09-23,CAMLINFINE,B,95.7,98.0,92.95,93.85,94.45,926,50581,4795090.0
2020-09-23,2020-09-23,ICRA,B,2778.0,2817.0,2768.75,2814.7,2767.0,20,66,183932.0
2020-09-23,2020-09-23,DISHTV,A,13.15,13.55,12.64,12.64,13.3,1728,885139,11447564.0
2020-09-23,2020-09-23,SAHYADRI,X,186.55,197.0,186.55,191.7,189.15,57,4334,837284.0
2020-09-23,2020-09-23,SRHHYPOLTD,B,170.05,172.4,162.2,166.65,165.1,261,4433,744366.0
2020-09-23,2020-09-23,FORTIS,A,132.8,137.45,132.35,134.9,132.15,1274,108655,14697575.0
2020-09-23,2020-09-23,TGBHOTELS,B,5.1,5.1,4.99,4.99,5.24,7,606,3079.0
2020-09-23,2020-09-23,HILTON,B,9.35,9.35,9.35,9.35,9.6,5,50,467.0
2020-09-23,2020-09-23,DELTACORP,A,104.0,106.4,100.55,104.1,103.4,1848,118296,12258306.0
2020-09-23,2020-09-23,MICEL,T,0.6,0.6,0.6,0.6,0.6,4,3821,2292.0
2020-09-23,2020-09-23,INSECTICID,B,486.0,494.75,477.25,485.35,481.05,200,1094,532659.0
2020-09-23,2020-09-23,MCDHOLDING,B,26.4,26.4,25.75,25.8,26.55,35,3975,102783.0
2020-09-23,2020-09-23,ASAHISONG,B,208.0,218.8,207.65,212.9,208.0,306,3519,755889.0
2020-09-23,2020-09-23,NITINFIRE,Z,0.68,0.68,0.66,0.68,0.69,14,10281,6814.0
2020-09-23,2020-09-23,TIMETECHNO,A,37.2,37.85,36.0,36.2,36.95,1191,27029,993523.0
2020-09-23,2020-09-23,HGS,B,709.55,717.05,703.4,709.5,691.4,268,1652,1173838.0
2020-09-23,2020-09-23,NELCAST,B,57.25,60.2,56.5,58.6,56.15,423,25910,1501847.0
2020-09-23,2020-09-23,MEGHMANI,A,76.0,80.2,76.0,79.15,76.05,1541,201730,15828022.0
2020-09-23,2020-09-23,V2RETAIL,B,50.45,50.45,49.45,50.0,48.45,78,2493,124828.0
2020-09-23,2020-09-23,DLF,A,152.45,154.25,142.55,150.45,149.05,8735,1107892,165374993.0
2020-09-23,2020-09-23,TARMAT,B,39.0,39.5,36.8,38.6,37.8,116,2951,112794.0
2020-09-23,2020-09-23,ANKITMETAL,T,0.98,0.98,0.9,0.95,0.94,15,11855,10870.0
2020-09-23,2020-09-23,SPARC,A,175.35,176.25,166.35,169.4,172.8,1708,101586,17409248.0
2020-09-23,2020-09-23,HDIL,Z,4.01,4.15,4.0,4.0,4.21,294,217316,877532.0
2020-09-23,2020-09-23,SURYACHAKRA,Z,0.32,0.32,0.3,0.3,0.31,28,45875,13768.0
2020-09-23,2020-09-23,ADSL,B,22.75,23.5,22.1,22.1,23.25,67,7278,162070.0
2020-09-23,2020-09-23,ALPA,B,27.55,27.6,27.05,27.15,27.15,52,3313,90553.0
2020-09-23,2020-09-23,SSLEL,X,46.9,46.9,44.0,44.7,44.9,5,25,1121.0
2020-09-23,2020-09-23,OMAXE,A,67.45,68.95,66.15,66.5,66.2,335,71436,4757453.0
2020-09-23,2020-09-23,REFEX,B,45.25,46.9,44.25,45.0,45.25,349,19271,874425.0
2020-09-23,2020-09-23,CENTRALBK,A,17.2,17.4,15.5,16.55,17.2,1136,262074,4321536.0
2020-09-23,2020-09-23,SELMC,Z,1.81,1.89,1.81,1.89,1.8,50,91461,172783.0
2020-09-23,2020-09-23,NEUEON,B,1.2,1.2,1.2,1.2,1.15,13,23949,28738.0
2020-09-23,2020-09-23,ASIANTILES,B,311.8,311.8,291.5,298.35,297.55,3713,73587,21847308.0
2020-09-23,2020-09-23,KPRMILL,A,615.6,623.2,582.6,601.2,605.35,252,1519,913923.0
2020-09-23,2020-09-23,TAKE,A,44.8,44.95,40.85,42.2,43.55,1201,113451,4914880.0
2020-09-23,2020-09-23,PURVA,B,44.95,44.95,43.0,43.5,43.45,105,3868,168393.0
2020-09-23,2020-09-23,MOTILALOFS,A,630.0,630.0,618.75,625.1,614.8,587,8165,5086495.0
2020-09-23,2020-09-23,VTMLTD,X,21.0,21.0,20.0,20.0,20.65,14,1700,34555.0
2020-09-23,2020-09-23,INDOWIND,B,2.84,2.9,2.84,2.9,2.9,4,1104,3195.0
2020-09-23,2020-09-23,NAGREEKCAP,B,6.75,6.75,6.75,6.75,6.63,2,69,465.0
2020-09-23,2020-09-23,MAGNUM,B,4.24,4.24,4.24,4.24,4.04,1,400,1696.0
2020-09-23,2020-09-23,POWERGRID,A,168.5,168.8,163.0,163.9,168.7,1496,125635,20763528.0
2020-09-23,2020-09-23,KSCL,B,535.95,542.9,514.5,523.8,524.4,1225,24438,12961171.0
2020-09-23,2020-09-23,PAISALO,B,415.6,438.0,400.0,417.45,419.95,116,1224,501482.0
2020-09-23,2020-09-23,SUPREMEINF,Z,8.93,9.14,8.93,9.14,9.39,5,2712,24281.0
2020-09-23,2020-09-23,MAANALU,B,66.95,67.25,65.0,65.0,65.0,132,1883,124550.0
2020-09-23,2020-09-23,IL&FSENGG,Z,4.1,4.1,4.04,4.04,4.1,3,110,447.0
2020-09-23,2020-09-23,PARLEIND,X,9.9,10.4,9.77,9.83,10.27,510,192172,1893034.0
2020-09-23,2020-09-23,ARCOTECHLTD,T,2.2,2.3,2.19,2.3,2.3,17,4272,9366.0
2020-09-23,2020-09-23,RELIGARE,B,42.6,44.7,41.95,42.55,42.9,296,38821,1659135.0
2020-09-23,2020-09-23,BVCL,T,14.9,14.9,14.9,14.9,15.65,1,2,29.0
2020-09-23,2020-09-23,RATHIBAR,X,10.72,11.09,10.26,10.99,10.99,23,3340,35843.0
2020-09-23,2020-09-23,ADANIPORTS,A,340.0,340.0,320.55,324.4,332.15,1835,106773,34771196.0
2020-09-23,2020-09-23,EDELWEISS,A,61.35,63.1,58.15,58.95,61.15,2030,200846,11953548.0
2020-09-23,2020-09-23,RGL,B,264.3,264.3,249.0,254.2,247.4,91,2691,682983.0
2020-09-23,2020-09-23,KOLTEPATIL,B,160.4,162.0,157.85,158.85,159.65,182,2266,361095.0
2020-09-23,2020-09-23,KAUSHALYA,T,2.01,2.08,2.0,2.08,1.99,8,1695,3512.0
2020-09-23,2020-09-23,JYOTHYLAB,A,144.55,146.95,140.9,143.1,143.45,800,25696,3685480.0
2020-09-23,2020-09-23,ECLERX,A,712.0,723.8,690.0,693.75,716.0,581,4109,2892709.0
2020-09-23,2020-09-23,TARIL,B,8.81,8.98,8.5,8.83,8.87,37,6086,53669.0
2020-09-23,2020-09-23,BRIGADE,A,155.15,170.8,155.15,166.5,163.15,359,4870,796008.0
2020-09-23,2020-09-23,BGRENERGY,B,32.9,34.6,32.9,33.6,33.8,114,10626,360897.0
2020-09-23,2020-09-23,BURNPUR,B,1.44,1.45,1.4,1.42,1.46,14,6011,8473.0
2020-09-23,2020-09-23,MANAKSIA,B,40.75,41.65,39.8,39.95,39.95,78,3305,133000.0
2020-09-23,2020-09-23,PORWAL,XT,12.49,12.49,11.75,12.48,11.9,8,1288,15597.0
2020-09-23,2020-09-23,PPAP,B,205.3,222.05,203.5,211.2,201.9,62,904,187165.0
2020-09-23,2020-09-23,ARIES,B,77.3,77.3,74.3,75.65,75.05,110,4126,311282.0
2020-09-23,2020-09-23,KUANTUM,B,41.0,41.0,40.2,40.4,40.05,15,832,33653.0
2020-09-23,2020-09-23,RPOWER,A,2.71,2.81,2.65,2.69,2.69,16873,2868606,7855473.0
2020-09-23,2020-09-23,JKIL,B,103.55,105.55,102.95,104.4,101.3,76,1431,148621.0
2020-09-23,2020-09-23,CORDSCABLE,B,39.45,39.45,35.2,39.4,39.65,18,612,23666.0
2020-09-23,2020-09-23,KNRCON,A,249.95,252.5,243.7,251.3,247.3,496,7391,1843905.0
2020-09-23,2020-09-23,ONMOBILE,B,43.0,44.0,40.7,41.75,42.8,321,19408,813337.0
2020-09-23,2020-09-23,SEPC,B,3.69,3.69,3.48,3.55,3.54,29,22742,80938.0
2020-09-23,2020-09-23,BANG,B,18.0,18.5,18.0,18.05,18.15,3,116,2095.0
2020-09-23,2020-09-23,IRB,A,109.0,114.8,108.0,109.5,108.7,1474,57262,6361698.0
2020-09-23,2020-09-23,GSS,B,29.6,30.95,28.7,29.5,29.85,192,16897,510641.0
2020-09-23,2020-09-23,NAHARCAP,B,62.9,65.6,61.75,61.75,66.8,21,679,42153.0
2020-09-23,2020-09-23,VGUARD,A,169.25,169.7,165.25,167.95,168.15,312,7970,1335762.0
2020-09-23,2020-09-23,RECLTD,A,102.2,102.85,98.8,100.0,102.2,2933,253994,25516592.0
2020-09-23,2020-09-23,GAMMONINFRA,B,0.67,0.67,0.65,0.65,0.68,80,108672,70888.0
2020-09-23,2020-09-23,DHANI,B,217.75,223.45,209.35,215.6,210.75,1239,55163,11781672.0
2020-09-23,2020-09-23,TITAGARH,B,40.75,41.2,38.65,39.55,40.2,290,22537,894365.0
2020-09-23,2020-09-23,KIRIINDUS,B,530.0,544.0,521.7,539.7,523.05,1435,15708,8394495.0
2020-09-23,2020-09-23,SANKHYAINFO,XT,3.85,3.85,3.49,3.85,3.67,14,3804,13557.0
2020-09-23,2020-09-23,BIRLAMONEY,B,40.3,41.7,39.05,39.75,39.1,328,27432,1101513.0
2020-09-23,2020-09-23,JAIBALAJI,B,17.7,19.0,17.6,18.2,18.5,20,4185,76734.0
2020-09-23,2020-09-23,BAJAJ-AUTO,A,2980.0,3045.5,2955.9,2983.85,2983.5,1517,15949,47686995.0
2020-09-23,2020-09-23,BAJAJFINSV,A,5743.9,5756.9,5556.0,5654.45,5682.05,2676,11888,67219667.0
2020-09-23,2020-09-23,GOKUL,B,15.4,15.8,14.9,14.9,15.1,26,5517,84310.0
2020-09-23,2020-09-23,RPGLIFE,B,390.0,401.0,380.0,397.75,382.9,968,17535,6871365.0
2020-09-23,2020-09-23,SENSEX1,B,393.5,395.0,392.0,392.0,393.5,9,36,14157.0
2020-09-23,2020-09-23,NIRAJ,X,33.2,33.3,30.7,33.3,31.75,15,5779,191554.0
2020-09-23,2020-09-23,RBL,B,564.0,564.0,535.0,540.1,550.2,140,650,355106.0
2020-09-23,2020-09-23,RANEENGINE,B,190.0,190.0,187.0,187.0,190.25,6,11,2087.0
2020-09-23,2020-09-23,SEJALLTD,Z,3.7,3.85,3.7,3.78,3.7,6,2048,7781.0
2020-09-23,2020-09-23,ARCHIDPLY,B,25.5,25.6,25.4,25.4,25.1,8,160,4084.0
2020-09-23,2020-09-23,KSKENERGY,B,0.4,0.44,0.4,0.43,0.42,55,164058,70160.0
2020-09-23,2020-09-23,SOMICONVEY,B,22.4,22.4,21.45,21.55,22.05,14,1485,32314.0
2020-09-23,2020-09-23,BIRLACOT,Z,0.13,0.13,0.13,0.13,0.13,2,10000,1300.0
2020-09-23,2020-09-23,LGBFORGE,B,2.95,2.95,2.78,2.78,2.92,18,8075,23058.0
2020-09-23,2020-09-23,LPDC,T,2.4,2.4,2.4,2.4,2.42,1,339,813.0
2020-09-23,2020-09-23,SICAGEN,B,10.8,11.59,10.66,11.58,11.05,20,2637,28835.0
2020-09-23,2020-09-23,20MICRONS,B,31.85,31.85,26.0,26.7,27.3,118,4714,127550.0
2020-09-23,2020-09-23,ZFCVINDIA,A,5564.3,5999.0,5449.0,5760.9,5518.05,268,3192,17670302.0
2020-09-23,2020-09-23,ALKALI,B,46.2,48.65,44.75,45.65,45.6,222,14317,654904.0
2020-09-23,2020-09-23,ISGEC,B,262.0,266.0,255.05,257.45,259.25,331,15496,4027658.0
2020-09-23,2020-09-23,IMFA,B,245.85,245.85,218.0,224.4,225.0,430,3107,703034.0
2020-09-23,2020-09-23,VEDAVAAG,X,28.0,28.0,25.55,27.6,26.5,89,6142,167078.0
2020-09-23,2020-09-23,MOLDTKPAC,B,284.0,287.0,273.0,281.0,271.8,380,2663,744055.0
2020-09-23,2020-09-23,MHRIL,A,167.5,171.0,163.25,165.85,164.5,503,6890,1149839.0
2020-09-23,2020-09-23,LANDSMILL,B,1.17,1.17,1.07,1.12,1.12,8,1315,1423.0
2020-09-23,2020-09-23,BENGALASM,B,1164.9,1165.0,1129.9,1142.65,1159.9,43,417,480336.0
2020-09-23,2020-09-23,ADANIPOWER,A,36.6,37.35,36.35,36.65,36.7,1436,352244,12930592.0
2020-09-23,2020-09-23,NHPC,A,20.3,20.4,20.05,20.05,20.05,279,174009,3508683.0
2020-09-23,2020-09-23,SURYAAMBA,X,46.9,48.9,46.2,47.45,51.2,31,12575,596611.0
2020-09-23,2020-09-23,GLOBUSSPR,B,283.0,286.85,275.1,286.85,273.2,2619,81026,23134355.0
2020-09-23,2020-09-23,OIL,A,88.9,89.8,87.6,88.15,88.2,842,50095,4413515.0
2020-09-23,2020-09-23,SWANDEF,B,3.19,3.19,2.92,2.95,3.07,473,914697,2728244.0
2020-09-23,2020-09-23,BTTL,X,4.15,4.39,3.99,4.15,4.19,25,2956,12136.0
2020-09-23,2020-09-23,EUROMULTI,T,1.4,1.4,1.4,1.4,1.34,1,28,39.0
2020-09-23,2020-09-23,SPSL,X,3.01,3.01,3.01,3.01,3.01,2,32,96.0
2020-09-23,2020-09-23,EXPLEOSOL,B,501.0,508.35,484.65,491.0,493.55,102,1696,834532.0
2020-09-23,2020-09-23,RTNPOWER,B,2.64,2.64,2.46,2.46,2.58,483,1195211,2996465.0
2020-09-23,2020-09-23,DEN,B,72.0,72.0,68.55,70.15,69.0,243,7292,508515.0
2020-09-23,2020-09-23,ASTEC,B,1103.2,1149.15,1055.4,1079.8,1099.15,1639,17203,18985368.0
2020-09-23,2020-09-23,COXKINGS,Z,1.26,1.3,1.25,1.25,1.31,149,127008,159035.0
2020-09-23,2020-09-23,DLINKINDIA,B,103.05,104.8,100.1,101.9,100.45,752,20285,2069589.0
2020-09-23,2020-09-23,JSWENERGY,A,56.65,57.95,56.65,57.25,57.05,410,71550,4083212.0
2020-09-23,2020-09-23,GODREJPROP,A,845.0,879.45,845.0,863.2,843.75,1069,14022,12104675.0
2020-09-23,2020-09-23,DBCORP,A,77.95,78.05,75.65,76.4,77.55,296,5869,452419.0
2020-09-23,2020-09-23,MBLINFRA,B,7.1,7.5,7.04,7.04,7.41,26,10155,72329.0
2020-09-23,2020-09-23,JUBLFOOD,A,2324.85,2347.9,2292.7,2316.4,2306.95,1443,14302,33187383.0
2020-09-23,2020-09-23,VASCONEQ,B,9.29,9.29,8.6,8.83,8.67,45,12887,114741.0
2020-09-23,2020-09-23,SYNCOMHEAL,B,1.65,1.65,1.57,1.57,1.65,51,13540,21435.0
2020-09-23,2020-09-23,THANGAMAYL,B,364.75,365.0,353.7,362.1,347.75,75,856,308385.0
2020-09-23,2020-09-23,DBREALTY,B,6.75,6.75,6.54,6.62,6.66,40,6641,44165.0
2020-09-23,2020-09-23,EMMBI,B,77.95,80.3,76.8,80.3,75.4,16,278,21653.0
2020-09-23,2020-09-23,HATHWAY,T,29.2,31.35,29.2,30.05,29.9,203,30438,934343.0
2020-09-23,2020-09-23,ARSSINFRA,B,13.65,13.65,12.7,12.8,13.0,46,5760,75393.0
2020-09-23,2020-09-23,TEXMOPIPES,B,13.54,13.95,13.07,13.48,13.46,38,3329,44969.0
2020-09-23,2020-09-23,SUNDARAM,B,1.14,1.16,1.12,1.12,1.14,105,124552,141374.0
2020-09-23,2020-09-23,COROENGG,XT,18.45,18.5,18.45,18.45,19.4,9,400,7382.0
2020-09-23,2020-09-23,ROSSELLIND,B,163.75,163.75,153.25,154.35,161.3,804,14033,2161635.0
2020-09-23,2020-09-23,MANINFRA,B,25.8,26.5,25.6,25.75,25.75,142,18741,487853.0
2020-09-23,2020-09-23,IVZINGOLD,E,4669.0,4669.0,4669.0,4669.0,4600.0,1,1,4669.0
2020-09-23,2020-09-23,DQENT,B,1.31,1.42,1.31,1.37,1.36,8,3171,4262.0
2020-09-23,2020-09-23,IL&FSTRANS,Z,1.28,1.28,1.21,1.21,1.27,18,14073,17177.0
2020-09-23,2020-09-23,PRADIPOVERS,B,0.64,0.64,0.64,0.64,0.67,3,2120,1356.0
2020-09-23,2020-09-23,PERSISTENT,A,1195.0,1242.0,1145.0,1222.5,1180.65,3878,37637,44946038.0
2020-09-23,2020-09-23,ISFT,B,86.0,86.0,81.6,81.6,85.8,25,924,75957.0
2020-09-23,2020-09-23,GOENKA,Z,0.59,0.59,0.58,0.58,0.59,5,2901,1683.0
2020-09-23,2020-09-23,KCPSUGIND,B,14.25,14.5,13.8,14.1,14.15,63,3871,54733.0
2020-09-23,2020-09-23,KECL,B,9.9,10.32,9.9,10.15,10.33,61,7567,76674.0
2020-09-23,2020-09-23,SATCH,X,1.37,1.48,1.37,1.47,1.42,11,3549,4910.0
2020-09-23,2020-09-23,SJVN,A,22.55,22.55,22.1,22.2,22.1,271,56967,1264086.0
2020-09-23,2020-09-23,JPINFRATEC,B,1.28,1.29,1.22,1.24,1.25,215,1073702,1344113.0
2020-09-23,2020-09-23,EMAMIPAP,B,67.8,69.0,67.8,68.0,67.75,48,723,49176.0
2020-09-23,2020-09-23,KRITINUT,X,34.9,35.0,33.3,33.45,33.95,328,37384,1265006.0
2020-09-23,2020-09-23,PARABDRUGS,Z,2.4,2.4,2.38,2.38,2.5,15,5990,14348.0
2020-09-23,2020-09-23,GKB,X,49.0,52.15,47.25,47.25,49.7,6,321,16213.0
2020-09-23,2020-09-23,TECHNOFAB,T,9.83,9.83,9.83,9.83,10.34,1,3,29.0
2020-09-23,2020-09-23,HMVL,B,49.0,49.15,47.0,47.15,49.0,91,5111,243821.0
2020-09-23,2020-09-23,EMAMIREAL,T,46.4,46.4,44.5,44.6,46.35,18,948,42394.0
2020-09-23,2020-09-23,BAJAJCON,A,177.0,186.0,177.0,182.5,174.95,3324,128488,23409827.0
2020-09-23,2020-09-23,HDFCGOLD,E,4520.0,4820.0,4471.0,4544.26,4534.5,324,1048,4711942.0
2020-09-23,2020-09-23,PRAKASHSTL,B,0.71,0.73,0.7,0.7,0.73,38,68760,48600.0
2020-09-23,2020-09-23,GOLDIETF,E,45.25,46.05,44.69,45.77,45.34,839,46593,2127396.0
2020-09-23,2020-09-23,GPPL,A,89.0,89.85,85.2,86.6,86.0,618,29567,2596719.0
2020-09-23,2020-09-23,WELINV,B,229.0,229.0,229.0,229.0,237.4,2,10,2290.0
2020-09-23,2020-09-23,WAAREEINDO,Z,1.29,1.29,1.17,1.29,1.23,21,60463,77038.0
2020-09-23,2020-09-23,HEALTHX,B,89.05,89.05,82.15,84.6,85.0,27,1320,111069.0
2020-09-23,2020-09-23,CPCAP,B,171.5,173.5,165.0,165.65,168.85,365,6092,1039317.0
2020-09-23,2020-09-23,EROSMEDIA,T,20.75,20.8,20.35,20.45,20.35,41,7967,163908.0
2020-09-23,2020-09-23,RAMKY,B,30.55,30.6,29.85,30.35,30.4,24,2026,61075.0
2020-09-23,2020-09-23,GREENPOWER,B,1.8,1.8,1.73,1.75,1.77,256,637519,1124619.0
2020-09-23,2020-09-23,GALLISPAT,B,26.75,27.4,26.75,27.4,27.7,2,101,2702.0
2020-09-23,2020-09-23,CANTABIL,B,322.2,328.35,320.15,324.75,319.75,605,25724,8257765.0
2020-09-23,2020-09-23,WABAG,A,189.55,192.65,182.3,185.65,186.6,1000,63046,11677026.0
2020-09-23,2020-09-23,BEDMUTHA,B,17.85,18.25,17.85,18.25,18.75,5,325,5881.0
2020-09-23,2020-09-23,ASHOKA,A,68.0,68.0,64.25,65.05,65.3,576,39177,2558554.0
2020-09-23,2020-09-23,JWL,B,16.5,16.5,15.95,15.95,15.95,25,1278,20453.0
2020-09-23,2020-09-23,OBEROIRLTY,A,415.25,426.8,410.35,412.35,418.45,515,6702,2797086.0
2020-09-23,2020-09-23,PRESTIGE,A,239.55,250.0,236.0,246.15,232.95,2092,56100,13625246.0
2020-09-23,2020-09-23,SHAH,B,3.3,3.3,3.3,3.3,3.45,4,4015,13249.0
2020-09-23,2020-09-23,COALINDIA,A,120.0,122.4,118.85,121.25,119.6,7542,678041,81417828.0
2020-09-23,2020-09-23,GRAVITA,B,48.9,50.1,48.0,48.45,48.9,146,4959,242299.0
2020-09-23,2020-09-23,RPPINFRA,B,54.45,54.45,51.95,51.95,54.15,19,1047,55978.0
2020-09-23,2020-09-23,RDBIPL,X,14.94,14.94,14.94,14.94,14.61,1,10,149.0
2020-09-23,2020-09-23,MOIL,A,141.0,141.0,138.35,140.15,138.1,522,14801,2068913.0
2020-09-23,2020-09-23,ZEELEARN,B,13.35,13.35,12.35,12.41,12.58,424,96577,1221405.0
2020-09-23,2020-09-23,KTIL,X,28.95,28.95,27.65,27.65,28.25,9,902,25522.0
2020-09-23,2020-09-23,A2ZINFRA,B,4.11,4.33,4.0,4.15,4.19,60,54780,226324.0
2020-09-23,2020-09-23,KIRLOSENG,B,108.15,108.95,105.9,107.15,106.35,139,2282,244632.0
2020-09-23,2020-09-23,RKDL,B,6.96,6.98,6.69,6.89,6.81,13,1831,12457.0
2020-09-23,2020-09-23,PSB,B,11.37,11.42,11.05,11.26,11.3,99,20531,230847.0
2020-09-23,2020-09-23,FMNL,B,19.9,21.45,19.9,19.9,20.9,132,10945,218808.0
2020-09-23,2020-09-23,SURANASOL,B,7.3,7.56,7.3,7.35,7.26,21,8767,64684.0
2020-09-23,2020-09-23,SHEKHAWATI,T,0.36,0.36,0.36,0.36,0.35,1,2000,720.0
2020-09-23,2020-09-23,KICL,B,1300.0,1300.0,1276.55,1276.55,1290.0,2,2,2576.0
2020-09-23,2020-09-23,BFINVEST,B,279.25,282.55,266.1,271.55,273.3,417,9758,2708601.0
2020-09-23,2020-09-23,SUMMITSEC,B,395.55,395.55,386.0,393.45,389.55,47,142,55144.0
2020-09-23,2020-09-23,INOVSYNTH,X,3.95,3.95,3.6,3.86,3.77,22,22488,86951.0
2020-09-23,2020-09-23,STEL,B,56.1,57.1,55.1,56.0,54.6,87,2768,155893.0
2020-09-23,2020-09-23,OMKARCHEM,B,7.5,7.59,7.25,7.4,7.29,37,5892,43752.0
2020-09-23,2020-09-23,JUBLINDS,B,137.45,137.45,130.0,132.15,132.1,139,1161,153853.0
2020-09-23,2020-09-23,BILENERGY,B,0.82,0.84,0.79,0.81,0.82,122,166142,135832.0
2020-09-23,2020-09-23,TEXRAIL,B,25.45,25.65,24.75,25.2,25.05,150,22606,563690.0
2020-09-23,2020-09-23,INDTERRAIN,B,30.0,30.5,29.2,30.0,29.4,165,17889,533208.0
2020-09-23,2020-09-23,FCL,B,31.15,31.8,31.1,31.5,31.15,194,15894,498355.0
2020-09-23,2020-09-23,DHUNINV,B,212.45,212.45,212.45,212.45,211.9,1,18,3824.0
2020-09-23,2020-09-23,ZENTEC,B,79.8,79.8,74.55,78.05,75.55,1031,40543,3129323.0
2020-09-23,2020-09-23,LOVABLE,B,57.0,57.0,53.5,53.9,54.45,83,2483,134897.0
2020-09-23,2020-09-23,PFS,B,18.3,18.35,17.25,17.55,18.2,312,117707,2082823.0
2020-09-23,2020-09-23,MON100,E,815.99,815.99,797.3,812.94,803.52,666,5557,4490328.0
2020-09-23,2020-09-23,TCIDEVELP,B,297.0,297.0,297.0,297.0,304.0,1,1,297.0
2020-09-23,2020-09-23,MUTHOOTFIN,A,1023.0,1057.4,1009.0,1046.45,1015.05,5023,83312,85811551.0
2020-09-23,2020-09-23,FCONSUMER,A,8.8,8.9,8.29,8.32,8.72,5097,2124549,18019013.0
2020-09-23,2020-09-23,BSLGOLDETF,E,4700.0,4700.0,4591.0,4648.0,4636.34,13,46,214475.0
2020-09-23,2020-09-23,SANGHFORG,T,18.4,19.0,18.4,19.0,19.35,6,271,5107.0
2020-09-23,2020-09-23,VMS,X,7.2,7.55,7.18,7.49,7.55,9,2152,15803.0
2020-09-23,2020-09-23,DELPHIFX,B,485.0,485.0,444.3,450.3,452.1,185,813,365904.0
2020-09-23,2020-09-23,RUSHIL,B,83.65,85.45,77.9,78.15,83.0,137,3363,270900.0
2020-09-23,2020-09-23,ENKEIWHEL,X,274.3,276.0,274.3,275.7,273.85,4,153,42133.0
2020-09-23,2020-09-23,KRIDHANINF,B,2.75,2.9,2.75,2.9,2.88,18,28885,83405.0
2020-09-23,2020-09-23,INVENTURE,B,17.2,17.7,16.1,17.05,17.1,84,23567,405558.0
2020-09-23,2020-09-23,LTF,A,60.95,60.95,58.3,59.55,59.75,2117,748075,44541545.0
2020-09-23,2020-09-23,IBULLSLTD,A,39.4,42.0,39.4,40.75,41.35,489,39200,1599517.0
2020-09-23,2020-09-23,TREEHOUSE,B,7.29,7.4,7.19,7.33,7.51,30,13520,98248.0
2020-09-23,2020-09-23,BROOKS,B,56.75,56.75,56.45,56.75,54.05,80,18234,1033926.0
2020-09-23,2020-09-23,RUPA,B,187.9,187.9,182.0,185.4,180.4,112,1437,266332.0
2020-09-23,2020-09-23,TDPOWERSYS,B,112.15,113.95,110.1,112.1,113.4,109,1830,205543.0
2020-09-23,2020-09-23,GOLDAXIS,E,44.15,44.15,43.0,43.76,44.11,361,26906,1167573.0
2020-09-23,2020-09-23,APLLTD,A,934.95,934.95,895.7,915.65,921.35,1544,17221,15796939.0
2020-09-23,2020-09-23,PGEL,B,71.0,72.9,71.0,72.05,69.45,27,2746,199942.0
2020-09-23,2020-09-23,LESHAIND,XT,1.32,1.32,1.32,1.32,1.26,1,500,660.0
2020-09-23,2020-09-23,SETUINFRA,B,0.75,0.75,0.7,0.7,0.73,5,5349,3745.0
2020-09-23,2020-09-23,RDBRL,X,39.75,40.0,35.25,39.1,39.05,206,28700,1101266.0
2020-09-23,2020-09-23,TIJARIA,B,5.85,5.95,5.85,5.95,5.91,2,100,594.0
2020-09-23,2020-09-23,FLEXITUFF,T,12.13,12.13,12.13,12.13,12.76,1,100,1213.0
2020-09-23,2020-09-23,UEL,B,3.78,3.78,3.65,3.66,3.84,111,169909,623476.0
2020-09-23,2020-09-23,TRITURBINE,A,69.1,70.85,68.4,70.45,69.05,271,15762,1105474.0
2020-09-23,2020-09-23,ESSARSHPNG,T,8.59,8.6,8.4,8.47,8.36,12,934,7925.0
2020-09-23,2020-09-23,LICMFGOLD,E,4625.0,4625.0,4625.0,4625.0,4650.0,2,16,74000.0
2020-09-23,2020-09-23,APLAPOLLO,A,2570.0,2669.2,2508.0,2567.3,2570.45,537,1781,4580001.0
2020-09-23,2020-09-23,GPTINFRA,B,27.5,28.15,26.3,26.55,27.9,47,2631,70978.0
2020-09-23,2020-09-23,FERVENTSYN,X,9.89,9.89,9.05,9.26,9.74,67,6481,60325.0
2020-09-23,2020-09-23,TERASOFT,B,26.0,26.0,25.45,25.55,25.65,20,1642,41963.0
2020-09-23,2020-09-23,PMCFIN,X,0.39,0.39,0.35,0.35,0.38,233,1291927,463108.0
2020-09-23,2020-09-23,RHIM,B,197.75,198.9,191.0,192.1,194.9,206,2521,492335.0
2020-09-23,2020-09-23,MCX,A,1644.0,1664.2,1570.0,1593.95,1619.2,2390,23060,37305855.0
2020-09-23,2020-09-23,SCHNEIDER,B,79.0,81.6,78.55,80.05,79.0,1125,97264,7794366.0
2020-09-23,2020-09-23,NBCC,A,24.0,24.45,23.25,23.9,23.8,3170,698292,16602098.0
2020-09-23,2020-09-23,MTEDUCARE,B,11.3,11.4,10.95,11.19,11.28,34,1935,21856.0
2020-09-23,2020-09-23,HEXATRADEX,T,29.75,29.75,29.0,29.65,28.35,8,1209,35517.0
2020-09-23,2020-09-23,MAXHEIGHTS,X,11.8,11.8,11.75,11.8,11.5,3,51,599.0
2020-09-23,2020-09-23,TBZ,B,34.75,34.95,33.9,34.7,33.9,66,3135,108051.0
2020-09-23,2020-09-23,VSSL,B,77.0,80.0,75.6,76.6,78.6,20,2207,170797.0
2020-09-23,2020-09-23,LOOKS,T,2.13,2.13,2.03,2.03,2.13,4,115,234.0
2020-09-23,2020-09-23,SPECIALITY,B,33.6,33.85,32.2,32.6,33.1,46,842,27429.0
2020-09-23,2020-09-23,AURUS,B,2.94,3.04,2.94,3.02,3.09,9,1420,4190.0
2020-09-23,2020-09-23,META,X,1.56,1.56,1.56,1.56,1.64,1,10,15.0
2020-09-23,2020-09-23,RTNINDIA,B,5.99,6.25,5.72,5.73,6.02,173,234274,1391888.0
2020-09-23,2020-09-23,SAMPANN,B,2.25,2.25,2.25,2.25,2.33,1,1000,2250.0
2020-09-23,2020-09-23,JTLIND,X,126.0,129.0,124.5,125.8,124.35,46,13359,1694793.0
2020-09-23,2020-09-23,AMTL,X,8.07,8.79,8.07,8.11,8.49,8,429,3483.0
2020-09-23,2020-09-23,NECCLTD,B,8.58,8.58,8.3,8.3,8.7,15,3825,32478.0
2020-09-23,2020-09-23,WAAREERTL,XT,17.45,17.5,17.45,17.5,17.2,6,3052,53260.0
2020-09-23,2020-09-23,DUCON,B,3.6,3.85,3.6,3.84,3.67,27,24126,91675.0
2020-09-23,2020-09-23,PROZONER,B,16.8,16.8,15.9,16.05,16.3,34,4650,75161.0
2020-09-23,2020-09-23,SRGHFL,X,123.9,123.9,119.5,119.8,119.85,10,673,80897.0
2020-09-23,2020-09-23,LAKSHMIVILAS,A,19.8,20.6,18.7,19.45,19.25,500,134414,2615308.0
2020-09-23,2020-09-23,COMCL,B,2.31,2.31,2.31,2.31,2.2,2,610,1409.0
2020-09-23,2020-09-23,ADITRI,X,0.39,0.39,0.39,0.39,0.41,4,1607,626.0
2020-09-23,2020-09-23,BITL,XT,0.33,0.33,0.33,0.33,0.32,3,2999,989.0
2020-09-23,2020-09-23,CASPIAN,XT,4.14,4.14,3.94,3.94,4.14,3,377,1489.0
2020-09-23,2020-09-23,AERPACE,XT,1.64,1.64,1.64,1.64,1.72,1,13,21.0
2020-09-23,2020-09-23,RMCHEM,XT,0.5,0.5,0.49,0.49,0.49,13,39266,19630.0
2020-09-23,2020-09-23,ZUARI,B,81.05,81.15,78.9,78.95,80.45,83,2530,200957.0
2020-09-23,2020-09-23,STEELXIND,B,37.05,37.5,35.2,35.35,37.05,44,3268,116274.0
2020-09-23,2020-09-23,TRIOMERC,X,34.25,35.15,34.25,35.1,33.7,9,5012,173899.0
2020-09-23,2020-09-23,CIGNITITEC,B,394.0,409.0,388.0,392.2,390.6,460,5744,2287359.0
2020-09-23,2020-09-23,CDG,X,26.2,27.35,26.2,27.35,26.2,2,159,4177.0
2020-09-23,2020-09-23,CARERATING,A,379.85,379.85,360.0,366.85,369.2,673,5389,1979351.0
2020-09-23,2020-09-23,PCJEWELLER,A,14.1,14.45,13.75,13.95,13.95,835,563885,7958237.0
2020-09-23,2020-09-23,INDUSTOWER,A,180.4,182.35,162.6,167.05,180.3,8117,649016,109976808.0
2020-09-23,2020-09-23,VMART,A,2036.5,2091.65,2036.5,2083.8,2011.95,424,1447,2978081.0
2020-09-23,2020-09-23,NIBE,T,12.12,12.12,11.5,11.5,11.55,3,50,581.0
2020-09-23,2020-09-23,MUKTA,X,2.85,2.85,2.6,2.6,2.85,5,1043,2970.0
2020-09-23,2020-09-23,MYSTICELE,X,2.0,2.0,1.83,2.0,2.03,3,311,621.0
2020-09-23,2020-09-23,SBISENSEX,B,406.0,409.0,401.2,403.08,404.52,80,3834,1545863.0
2020-09-23,2020-09-23,REPCOHOME,A,163.0,165.1,160.4,164.85,157.25,1672,70837,11626692.0
2020-09-23,2020-09-23,NIBL,B,6.1,6.1,6.09,6.09,6.37,3,2500,15225.0
2020-09-23,2020-09-23,KIFS,X,43.85,43.85,43.85,43.85,43.85,1,6,263.0
2020-09-23,2020-09-23,SREEL,B,138.5,138.5,124.4,130.95,135.65,90,3330,451816.0
2020-09-23,2020-09-23,SHARDAMOTR,B,854.0,868.3,810.45,811.35,829.7,27,78,65084.0
2020-09-23,2020-09-23,BINNYMILLS,X,58.6,58.6,58.6,58.6,59.75,4,630,36918.0
2020-09-23,2020-09-23,SVGLOBAL,X,36.0,36.5,35.45,35.45,37.3,16,4591,164728.0
2020-09-23,2020-09-23,JUSTDIAL,A,366.2,367.0,354.25,360.8,364.65,1380,38594,13913885.0
2020-09-23,2020-09-23,IFINSEC,T,15.3,15.3,15.3,15.3,14.6,1,75,1147.0
2020-09-23,2020-09-23,BRAHMINFRA,XT,13.5,13.5,13.5,13.5,12.9,1,3009,40621.0
2020-09-23,2020-09-23,AMPVOLTS,X,1.16,1.16,1.16,1.16,1.22,1,100,116.0
2020-09-23,2020-09-23,ORIENTCEM,A,59.0,61.35,57.55,58.4,58.95,151,6873,405115.0
2020-09-23,2020-09-23,ABFRL,A,131.0,133.45,127.0,131.8,130.05,3471,118664,15473358.0
2020-09-23,2020-09-23,SAMMAANCAP,A,158.6,160.0,150.0,151.5,154.4,21628,1570904,241991161.0
2020-09-23,2020-09-23,KUSHAL,T,3.85,3.85,3.7,3.84,3.83,21,1995,7502.0
2020-09-23,2020-09-23,TIGERLOGS,B,36.5,39.5,35.2,36.0,36.55,307,39123,1445395.0
2020-09-23,2020-09-23,JKAGRI,X,691.05,703.0,680.1,690.0,706.3,35,417,287987.0
2020-09-23,2020-09-23,FLFL,A,95.05,96.5,90.0,90.0,94.7,2575,223569,20429066.0
2020-09-23,2020-09-23,NOVELIX,XT,3.75,3.75,3.75,3.75,3.75,1,2500,9375.0
2020-09-23,2020-09-23,PVVINFRA,X,4.63,4.9,4.63,4.9,4.86,37,71565,336722.0
2020-09-23,2020-09-23,INDRENEW,X,9.34,9.34,9.34,9.34,8.9,4,955,8919.0
2020-09-23,2020-09-23,FIVEXTRADE,X,0.42,0.42,0.42,0.42,0.4,1,50,21.0
2020-09-23,2020-09-23,MOM100,B,17.64,17.77,17.31,17.57,17.74,97,29895,521478.0
2020-09-23,2020-09-23,BPCAP,X,2.58,2.58,2.58,2.58,2.71,1,1,2.0
2020-09-23,2020-09-23,CPL,B,30.6,30.6,28.45,29.65,29.7,99,25130,749055.0
2020-09-23,2020-09-23,NIFTYIETF,B,118.21,120.0,116.81,118.11,118.21,423,4387,517902.0
2020-09-23,2020-09-23,NIF100IETF,B,121.36,121.36,120.56,121.24,122.24,11,41,4971.0
2020-09-23,2020-09-23,ARNOLD,X,29.5,29.5,27.15,27.15,28.9,5,400,11048.0
2020-09-23,2020-09-23,SUNLOC,XT,26.05,28.0,26.0,28.0,26.9,6,222,5790.0
2020-09-23,2020-09-23,JTLDEFENCE,T,10.8,10.8,10.4,10.4,10.9,2,5,52.0
2020-09-23,2020-09-23,SUYOG,B,389.95,403.7,368.55,399.15,387.75,37,503,198035.0
2020-09-23,2020-09-23,NATHBIOGEN,B,274.7,276.15,263.75,266.7,273.4,349,30198,8042788.0
2020-09-23,2020-09-23,AGRITECH,B,30.5,30.5,29.55,29.8,29.7,6,145,4339.0
2020-09-23,2020-09-23,CHEMTECH,T,12.5,13.8,12.5,13.73,13.15,45,128197,1670630.0
2020-09-23,2020-09-23,NIF100BEES,B,118.0,118.0,117.5,117.5,120.0,5,66,7775.0
2020-09-23,2020-09-23,VIAANINDUS,X,0.7,0.71,0.67,0.7,0.7,73,101033,68761.0
2020-09-23,2020-09-23,DENISCHEM,X,42.75,42.75,37.1,38.95,38.95,19,739,28946.0
2020-09-23,2020-09-23,NIFTY1,B,116.64,116.65,115.53,116.07,115.9,80,9249,1076209.0
2020-09-23,2020-09-23,KIRANVYPAR,XT,67.05,69.9,66.55,69.55,70.0,7,223,15233.0
2020-09-23,2020-09-23,BCP,B,4.84,4.84,4.39,4.71,4.61,57,20077,93760.0
2020-09-23,2020-09-23,RACE,M,98.5,103.45,98.5,103.45,101.0,3,10000,1017125.0
2020-09-23,2020-09-23,MANGIND,XT,0.32,0.32,0.31,0.31,0.32,29,3450,1071.0
2020-09-23,2020-09-23,VIJIFIN,B,0.5,0.5,0.5,0.5,0.51,2,500,250.0
2020-09-23,2020-09-23,RAUNAQ,XT,21.85,21.85,21.85,21.85,22.95,6,304,6642.0
2020-09-23,2020-09-23,OBILTD,T,7.42,7.42,7.41,7.41,7.79,5,802,5948.0
2020-09-23,2020-09-23,CPSEETF,B,16.7,16.7,16.42,16.51,16.66,315,126182,2082384.0
2020-09-23,2020-09-23,VASUPRADA,X,103.8,104.25,103.75,104.25,109.0,7,291,30266.0
2020-09-23,2020-09-23,GOLDLINE,Z,0.3,0.3,0.3,0.3,0.31,1,500,150.0
2020-09-23,2020-09-23,SHARPINV,X,0.21,0.21,0.19,0.19,0.2,16,13778,2643.0
2020-09-23,2020-09-23,WONDERLA,B,150.9,150.9,139.1,140.1,146.9,629,9992,1438428.0
2020-09-23,2020-09-23,INCREDIBLE,B,18.45,18.85,18.05,18.3,18.65,21,2633,47955.0
2020-09-23,2020-09-23,METSL,X,105.3,105.4,103.35,105.4,103.35,26,2199,231173.0
2020-09-23,2020-09-23,CCFCL,XT,0.22,0.22,0.22,0.22,0.23,6,1616,355.0
2020-09-23,2020-09-23,MONEYBOXX,T,56.5,56.5,53.7,53.7,56.5,6,5061,272346.0
2020-09-23,2020-09-23,TPROJECT,X,0.81,0.81,0.81,0.81,0.81,1,5,4.0
2020-09-23,2020-09-23,CTL,X,4.97,5.01,4.51,4.89,4.93,74,108501,498920.0
2020-09-23,2020-09-23,YAANENT,X,19.35,19.35,18.95,19.1,19.1,20,12102,229913.0
2020-09-23,2020-09-23,PIPAN,X,0.33,0.33,0.33,0.33,0.33,1,1030,339.0
2020-09-23,2020-09-23,ANVRDHI,XT,0.76,0.76,0.76,0.76,0.76,1,4,3.0
2020-09-23,2020-09-23,RAAMA,XT,0.19,0.19,0.19,0.19,0.2,3,1055,200.0
2020-09-23,2020-09-23,SAIBABA,X,2.45,2.45,2.45,2.45,2.45,1,5,12.0
2020-09-23,2020-09-23,SKIPPER,B,46.95,49.5,46.25,49.05,47.15,118,306839,15041238.0
2020-09-23,2020-09-23,JAMESWARREN,X,110.7,110.7,102.05,109.0,105.45,8,297,31779.0
2020-09-23,2020-09-23,VISTARAMAR,X,30.15,30.15,30.15,30.15,28.75,6,444,13386.0
2020-09-23,2020-09-23,APOLLOTRI,B,570.25,579.8,530.1,552.95,566.25,756,71262,39157717.0
2020-09-23,2020-09-23,GULFOILLUB,A,642.0,648.6,633.1,636.85,634.2,141,440,281112.0
2020-09-23,2020-09-23,TRIVENIENT,X,60.9,60.9,60.9,60.9,58.8,1,20,1218.0
2020-09-23,2020-09-23,VISHAL,B,312.5,314.5,312.5,314.1,311.35,1115,68015,21309417.0
2020-09-23,2020-09-23,TOYAMSL,XT,4.09,4.25,3.9,3.96,4.06,132,578343,2326986.0
2020-09-23,2020-09-23,RTFL,X,7.32,7.32,7.32,7.32,7.7,1,10,73.0
2020-09-23,2020-09-23,VRL,X,69.95,70.15,63.7,64.5,66.9,23,1806,119738.0
2020-09-23,2020-09-23,SNOWMAN,B,33.75,35.8,33.75,34.05,32.75,826,56445,1950213.0
2020-09-23,2020-09-23,SHARDACROP,B,267.1,267.1,256.0,259.1,259.05,259,2951,766344.0
2020-09-23,2020-09-23,SENSEXBEES,B,429.99,429.99,429.99,429.99,408.1,1,14,6019.0
2020-09-23,2020-09-23,SHEMAROO,B,56.5,57.4,56.45,57.25,54.7,122,3694,210478.0
2020-09-23,2020-09-23,ULTRACAB,B,68.0,72.0,62.3,64.4,64.4,67,55882,3695897.0
2020-09-23,2020-09-23,ETIL,X,4.77,4.85,4.77,4.84,4.86,18,105138,501594.0
2020-09-23,2020-09-23,ATISHAY,B,41.4,41.4,41.4,41.4,41.4,1,5,207.0
2020-09-23,2020-09-23,DHABRIYA,B,33.75,33.75,29.5,30.05,31.2,11,426,12755.0
2020-09-23,2020-09-23,PDSL,B,308.0,317.0,307.0,314.9,308.2,27,467,146525.0
2020-09-23,2020-09-23,STARLIT,T,13.5,13.5,13.5,13.5,13.5,3,200,2700.0
2020-09-23,2020-09-23,CEINSYS,T,111.0,116.05,110.25,116.0,116.05,14,497,55133.0
2020-09-23,2020-09-23,PANABYTE,X,22.9,25.3,22.9,22.9,24.1,13,4204,96274.0
2020-09-23,2020-09-23,CRANEINFRA,X,3.18,3.5,3.18,3.5,3.34,5,10448,33240.0
2020-09-23,2020-09-23,NIYOGIN,X,63.4,63.4,63.4,63.4,62.2,9,7775,492935.0
2020-09-23,2020-09-23,KALYANCAP,X,26.0,27.0,26.0,27.0,26.0,2,400,10550.0
2020-09-23,2020-09-23,CITIZEN,XT,2.35,2.35,2.24,2.24,2.35,3,4096,9615.0
2020-09-23,2020-09-23,GBFL,X,2.35,2.35,2.25,2.25,2.25,9,1033,2427.0
2020-09-23,2020-09-23,GILADAFINS,X,13.28,13.28,12.1,13.28,12.65,5,1050,13746.0
2020-09-23,2020-09-23,SAPPL,X,154.8,154.8,147.0,147.0,152.2,4,14,2081.0
2020-09-23,2020-09-23,AANCHALISP,T,5.08,5.08,4.83,4.83,5.08,15,14573,70497.0
2020-09-23,2020-09-23,JMJFIN,X,5.7,5.7,5.7,5.7,6.0,2,10,57.0
2020-09-23,2020-09-23,INTELLECT,A,212.0,215.7,201.5,203.3,208.45,827,21219,4430195.0
2020-09-23,2020-09-23,MONTECARLO,B,167.2,171.85,164.0,166.3,168.1,275,1261,209426.0
2020-09-23,2020-09-23,JSTL,X,22.05,22.05,21.15,21.8,21.1,19,1900,40739.0
2020-09-23,2020-09-23,PANAFIC,X,0.19,0.19,0.19,0.19,0.19,1,2111,401.0
2020-09-23,2020-09-23,CSL,XT,9.9,10.0,9.9,10.0,10.15,3,5000,49600.0
2020-09-23,2020-09-23,EMERALD,X,11.29,12.45,11.29,12.45,11.88,3,85,988.0
2020-09-23,2020-09-23,MKEXIM,X,19.5,19.5,17.75,18.9,18.8,6,810,14827.0
2020-09-23,2020-09-23,MCLOUD,X,60.0,60.0,59.1,59.55,59.65,321,36744,2188501.0
2020-09-23,2020-09-23,KANCHI,X,410.0,415.0,385.3,397.25,397.15,134,4222,1698305.0
2020-09-23,2020-09-23,DTIL,B,242.2,249.95,240.0,240.0,242.75,21,436,104939.0
2020-09-23,2020-09-23,RAFL,M,280.0,285.0,280.0,285.0,270.0,3,1875,530625.0
2020-09-23,2020-09-23,COSYN,X,22.65,22.95,22.0,22.0,22.65,10,1324,29859.0
2020-09-23,2020-09-23,MERCANTILE,X,7.0,7.11,7.0,7.11,7.2,2,3,21.0
2020-09-23,2020-09-23,SONAL,XT,21.45,21.45,20.5,20.5,21.45,3,51,1046.0
2020-09-23,2020-09-23,GENUSPAPER,B,4.9,5.01,4.84,4.9,4.8,12,8100,39672.0
2020-09-23,2020-09-23,MINDACORP,A,73.3,73.5,69.4,70.25,71.9,711,26513,1894082.0
2020-09-23,2020-09-23,CONCORD,XT,16.75,18.0,16.75,17.7,17.5,25,8125,140507.0
2020-09-23,2020-09-23,WARDINMOBI,XT,223.75,228.2,223.75,228.0,223.75,6,101,22817.0
2020-09-23,2020-09-23,TALBROSENG,X,76.4,81.1,76.4,80.0,78.45,13,380,30068.0
2020-09-23,2020-09-23,SAPL,X,255.4,255.4,255.4,255.4,243.25,1,5,1277.0
2020-09-23,2020-09-23,PTCIL,XT,870.0,880.0,834.1,842.55,878.0,74,2109,1782878.0
2020-09-23,2020-09-23,GBLIL,XT,2.44,2.44,2.44,2.44,2.48,6,715,1744.0
2020-09-23,2020-09-23,GITARENEW,X,5.52,5.52,5.52,5.52,5.52,1,10,55.0
2020-09-23,2020-09-23,NEIL,X,11.4,11.4,11.4,11.4,12.0,1,18,205.0
2020-09-23,2020-09-23,STARHFL,B,93.0,102.55,88.0,96.9,93.25,141,13863,1325774.0
2020-09-23,2020-09-23,BEEKAY,X,205.0,208.95,200.4,200.4,204.0,10,177,36049.0
2020-09-23,2020-09-23,SSPNFIN,M,41.8,41.8,41.5,41.65,40.85,2,8000,333200.0
2020-09-23,2020-09-23,SETFBSE100,B,122.95,122.95,118.99,118.99,116.25,3,72,8725.0
2020-09-23,2020-09-23,FRASER,X,3.1,3.1,2.94,2.94,3.09,10,2604,7811.0
2020-09-23,2020-09-23,TIRUPATIIN,XT,3.13,3.13,3.13,3.13,3.19,2,325,1017.0
2020-09-23,2020-09-23,AGIIL,B,51.6,51.6,51.6,51.6,54.15,1,1,51.0
2020-09-23,2020-09-23,BKMINDST,B,0.95,0.99,0.95,0.95,0.95,11,2756,2620.0
2020-09-23,2020-09-23,MANAKSTEEL,B,11.75,11.75,11.4,11.4,11.99,25,4855,55608.0
2020-09-23,2020-09-23,MANAKALUCO,B,7.75,7.75,7.75,7.75,7.84,1,7,54.0
2020-09-23,2020-09-23,MANAKCOAT,B,4.17,4.17,3.99,4.0,3.98,7,1061,4242.0
2020-09-23,2020-09-23,IMAGICAA,B,4.11,4.11,3.8,3.89,4.0,35,13314,51377.0
2020-09-23,2020-09-23,INOXWIND,A,38.4,38.6,36.5,37.2,38.4,258,50771,1899137.0
2020-09-23,2020-09-23,URSUGAR,M,34.4,34.5,34.4,34.5,35.0,10,120000,4138500.0
2020-09-23,2020-09-23,PML,X,1244.0,1244.0,1199.0,1199.0,1243.5,26,202,244221.0
2020-09-23,2020-09-23,VRLLOG,A,165.6,165.6,157.0,161.55,162.1,587,7469,1193361.0
2020-09-23,2020-09-23,BODHTREE,X,47.9,49.45,46.05,47.45,47.5,274,18425,877376.0
2020-09-23,2020-09-23,MEP,B,14.15,14.15,13.55,13.55,14.25,62,28553,391026.0
2020-09-23,2020-09-23,WARDWIZFBL,X,2.3,2.3,2.3,2.3,2.2,2,1050,2415.0
2020-09-23,2020-09-23,UFO,B,73.9,74.35,71.0,72.35,73.2,282,9791,709588.0
2020-09-23,2020-09-23,PANTH,X,6.02,6.02,6.02,6.02,6.14,6,47,282.0
2020-09-23,2020-09-23,SHIVALIK,X,440.0,445.0,421.05,435.6,428.3,337,13161,5731678.0
2020-09-23,2020-09-23,PNCINFRA,A,166.0,167.0,156.55,160.15,163.35,763,11778,1903839.0
2020-09-23,2020-09-23,ARFIN,X,38.35,38.35,35.1,35.8,34.85,20,3348,120925.0
2020-09-23,2020-09-23,POEL,X,19.0,20.9,19.0,20.5,19.4,16,505,10393.0
2020-09-23,2020-09-23,AEL,X,9.94,9.94,9.1,9.12,9.38,3,510,4649.0
2020-09-23,2020-09-23,DEVHARI,X,4.46,4.46,4.46,4.46,4.37,1,1,4.0
2020-09-23,2020-09-23,SGFIN,XT,2.12,2.12,2.12,2.12,2.12,2,7401,15690.0
2020-09-23,2020-09-23,SATIA,B,115.9,119.0,108.4,116.85,113.95,421,36368,4118008.0
2020-09-23,2020-09-23,GARMNTMNTR,M,53.6,53.9,50.0,50.0,50.0,6,18000,944850.0
2020-09-23,2020-09-23,MUL,X,10.2,10.39,10.0,10.0,10.2,30,4423,44763.0
2020-09-23,2020-09-23,SPORTKING,XT,288.25,302.9,288.25,288.4,302.8,6,55,16151.0
2020-09-23,2020-09-23,GROWINGTON,M,41.9,42.5,39.5,40.6,41.15,25,145000,5946250.0
2020-09-23,2020-09-23,JIYAECO,B,9.21,9.21,8.79,8.79,8.83,33,3250,28907.0
2020-09-23,2020-09-23,LOYAL,T,31.6,31.6,31.6,31.6,33.25,3,101,3191.0
2020-09-23,2020-09-23,GGPL,T,50.1,54.8,49.6,50.6,52.2,24,20529,1036719.0
2020-09-23,2020-09-23,MRSS,MT,6.15,6.3,5.8,6.27,6.09,8,6600,40692.0
2020-09-23,2020-09-23,GPL,X,281.0,283.0,268.85,268.85,283.0,13,1006,283245.0
2020-09-23,2020-09-23,BALKRISHNA,B,12.78,12.78,12.74,12.77,12.78,3,734,9375.0
2020-09-23,2020-09-23,SHYAMCENT,B,4.2,4.43,4.06,4.25,4.25,28,3849,16321.0
2020-09-23,2020-09-23,ADANIENSOL,A,250.6,251.65,240.0,241.9,247.05,1157,24297,5957918.0
2020-09-23,2020-09-23,SAMSRITA,XT,51.5,52.5,50.5,50.5,51.5,5,1007,50864.0
2020-09-23,2020-09-23,SYNGENE,A,564.0,569.0,550.0,560.2,557.8,2788,54143,30160039.0
2020-09-23,2020-09-23,MSL,T,61.8,67.0,61.8,62.05,64.8,52,118151,7457106.0
2020-09-23,2020-09-23,KAYA,B,211.0,218.4,206.6,210.75,213.55,173,3497,740278.0
2020-09-23,2020-09-23,SYMBIOX,X,0.93,0.93,0.93,0.93,0.93,1,1,0.0
2020-09-23,2020-09-23,ORTINGLOBE,B,19.0,19.1,19.0,19.0,19.05,110,5500,104590.0
2020-09-23,2020-09-23,AURUM,B,794.7,816.95,784.4,816.85,778.05,1532,73245,59624818.0
2020-09-23,2020-09-23,OSWALGREEN,B,11.81,12.35,11.79,11.79,12.41,14,2237,26744.0
2020-09-23,2020-09-23,VASUDHAGAM,X,79.5,80.5,79.5,80.5,80.4,47,13870,1111330.0
2020-09-23,2020-09-23,SUNRAKSHAK,X,23.1,24.25,21.95,24.0,23.1,17,347,8101.0
2020-09-23,2020-09-23,ARVSMART,B,85.0,87.2,84.0,85.1,84.85,375,11042,946254.0
2020-09-23,2020-09-23,POWERMECH,B,392.85,402.95,378.65,384.0,392.85,721,6429,2525420.0
2020-09-23,2020-09-23,THINKINK,B,21.4,22.3,20.0,22.1,21.55,110,273323,5783555.0
2020-09-23,2020-09-23,NFIL,Z,7.84,7.84,7.1,7.1,7.47,4,267,1896.0
2020-09-23,2020-09-23,SENSEXBETA,B,409.0,415.13,406.52,406.52,408.71,18,80,32827.0
2020-09-23,2020-09-23,NIFTYBETA,B,1197.69,1197.69,1197.0,1197.0,1184.57,5,12,14365.0
2020-09-23,2020-09-23,VETO,B,45.8,45.85,43.0,44.05,43.8,267,13460,602639.0
2020-09-23,2020-09-23,NAVKARCORP,B,25.6,26.0,25.15,25.3,25.35,154,13442,341556.0
2020-09-23,2020-09-23,SHREEPUSHK,B,114.7,116.55,113.45,114.8,111.0,426,6499,749514.0
2020-09-23,2020-09-23,GUJENERGY,A,310.0,312.8,297.05,299.0,308.4,1193,20694,6276640.0
2020-09-23,2020-09-23,SADBHIN,B,17.9,17.9,16.9,17.0,17.3,66,11120,193583.0
2020-09-23,2020-09-23,PRABHAT,B,65.9,68.9,65.6,67.6,66.85,102,6865,463549.0
2020-09-23,2020-09-23,SALAUTO,X,138.5,152.95,130.15,143.7,135.6,22,357,51065.0
2020-09-23,2020-09-23,POLYSPIN,X,39.5,41.3,39.1,40.25,40.0,62,7570,305566.0
2020-09-23,2020-09-23,PRITIKAUTO,X,84.55,86.0,82.0,83.9,84.5,49,4501,379533.0
2020-09-23,2020-09-23,SKC,T,3.23,3.23,3.23,3.23,3.29,11,101505,327861.0
2020-09-23,2020-09-23,ACME,X,9.6,9.6,9.55,9.55,9.64,3,30,287.0
2020-09-23,2020-09-23,BELLACASA,B,62.0,65.3,62.0,63.5,62.2,4,4,254.0
2020-09-23,2020-09-23,MALLCOM,X,242.9,243.0,242.3,242.3,232.35,7,553,134327.0
2020-09-23,2020-09-23,SATIN,B,56.1,57.35,54.05,55.0,55.65,289,1443861,80989328.0
2020-09-23,2020-09-23,GENCON,X,51.0,52.5,50.0,51.25,50.75,72,19554,997611.0
2020-09-23,2020-09-23,KUBERJI,X,0.58,0.6,0.58,0.6,0.58,3,806,483.0
2020-09-23,2020-09-23,MUZALI,X,6.73,6.86,6.73,6.86,6.73,6,1401,9545.0
2020-09-23,2020-09-23,TEJNAKSH,T,30.65,32.8,30.05,32.8,31.6,16,3067,92854.0
2020-09-23,2020-09-23,IDFCFIRSTB,A,28.9,29.25,27.8,28.45,28.7,32631,6366805,181619694.0
2020-09-23,2020-09-23,BEARDSELL,T,8.35,8.49,7.85,7.89,8.17,7,1232,10295.0
2020-09-23,2020-09-23,INDIGO,A,1238.0,1298.75,1238.0,1282.6,1233.4,5365,84699,107928146.0
2020-09-23,2020-09-23,SHK,A,80.0,81.55,76.4,80.7,78.35,859,96246,7563374.0
2020-09-23,2020-09-23,SHREEGANES,X,108.0,110.0,107.0,107.05,107.0,43,8148,877983.0
2020-09-23,2020-09-23,LICNETFN50,B,114.1,114.1,112.0,112.91,117.0,45,121,13671.0
2020-09-23,2020-09-23,SMARTFIN,XT,51.8,51.8,51.8,51.8,49.35,1,1,51.0
2020-09-23,2020-09-23,QUINT,X,321.3,350.0,321.0,321.0,356.15,6,6,1984.0
2020-09-23,2020-09-23,HDFCNIFTY,B,1178.23,1184.77,1145.6,1165.66,1182.01,22,106,123803.0
2020-09-23,2020-09-23,HDFCSENSEX,B,3884.0,4130.0,3883.63,3980.0,4030.0,31,129,515943.0
2020-09-23,2020-09-23,UDAYJEW,X,103.0,112.95,103.0,108.15,107.6,79,8530,903486.0
2020-09-23,2020-09-23,SATTVASUKU,XT,10.46,10.5,10.42,10.5,10.51,10,8700,90692.0
2020-09-23,2020-09-23,ALKEM,A,2810.0,2830.0,2725.0,2742.7,2803.1,989,4313,11880858.0
2020-09-23,2020-09-23,LALPATHLAB,A,1825.0,1843.55,1768.0,1815.0,1804.5,1059,5772,10452615.0
2020-09-23,2020-09-23,NAVKETAN,XT,0.25,0.25,0.25,0.25,0.24,2,681,170.0
2020-09-23,2020-09-23,SCTL,B,1.0,1.14,0.88,0.95,0.96,147,93822,90958.0
2020-09-23,2020-09-23,AAYUSH,X,35.75,35.75,35.05,35.05,35.75,8,209,7333.0
2020-09-23,2020-09-23,LUXIND,A,1351.0,1397.35,1317.85,1371.3,1339.7,222,1284,1730275.0
2020-09-23,2020-09-23,ABHIINFRA,X,1.9,1.9,1.9,1.9,1.99,1,1,1.0
2020-09-23,2020-09-23,NH,A,338.0,338.0,322.0,327.85,327.3,428,2067,679718.0
2020-09-23,2020-09-23,SUPHA,XT,32.7,32.7,32.6,32.6,31.15,4,250,8160.0
2020-09-23,2020-09-23,AARNAV,X,43.65,47.9,43.6,47.85,45.75,4,14,636.0
2020-09-23,2020-09-23,SCL,X,5.69,5.69,5.69,5.69,5.69,1,1,5.0
2020-09-23,2020-09-23,SHIVA,X,0.55,0.59,0.55,0.59,0.57,3,740,432.0
2020-09-23,2020-09-23,MISHTANN,XT,9.13,9.13,9.13,9.13,9.31,9,671,6126.0
2020-09-23,2020-09-23,JSLHISAR,A,83.4,83.4,79.85,81.4,80.65,890,24628,2004745.0
2020-09-23,2020-09-23,AMPL,X,8.0,8.0,8.0,8.0,8.0,1,7,56.0
2020-09-23,2020-09-23,KEIL,XT,23.15,23.15,23.15,23.15,24.35,3,20,463.0
2020-09-23,2020-09-23,BCLENTERPR,X,19.25,19.65,19.25,19.65,19.1,46,6126,119105.0
2020-09-23,2020-09-23,PRECAM,B,33.9,33.9,32.3,32.9,32.55,160,8172,269520.0
2020-09-23,2020-09-23,TEAMLEASE,A,2198.95,2249.0,2119.0,2147.65,2130.5,508,1134,2481647.0
2020-09-23,2020-09-23,BESTAGRO,X,662.3,662.3,662.3,662.3,675.8,16,14310,9477513.0
2020-09-23,2020-09-23,ACEMEN,XT,21.8,21.8,21.55,21.55,20.85,7,1300,28245.0
2020-09-23,2020-09-23,RGF,X,1.9,1.9,1.9,1.9,2.0,1,100,190.0
2020-09-23,2020-09-23,RCL,XT,17.7,17.7,17.7,17.7,17.7,1,35,619.0
2020-09-23,2020-09-23,QUICKHEAL,B,150.0,155.45,147.5,151.0,146.25,2610,92270,13930489.0
2020-09-23,2020-09-23,KAPILRAJ,X,6.8,6.8,6.8,6.8,7.15,1,5000,34000.0
2020-09-23,2020-09-23,KPEL,B,72.5,72.5,68.3,68.3,69.4,3,26,1880.0
2020-09-23,2020-09-23,GOKULAGRO,B,14.75,14.75,13.85,14.05,14.3,21,334,4731.0
2020-09-23,2020-09-23,FREDUN,X,240.0,242.0,223.05,228.95,231.55,63,7713,1795017.0
2020-09-23,2020-09-23,MNIL,X,16.05,16.8,16.0,16.8,16.0,735,141124,2315999.0
2020-09-23,2020-09-23,DARJEELING,X,3.52,3.52,3.45,3.45,3.52,5,1121,3937.0
2020-09-23,2020-09-23,ADVIKCA,X,0.65,0.65,0.65,0.65,0.68,1,10,6.0
2020-09-23,2020-09-23,LICNFNHGP,B,111.5,111.52,111.5,111.52,117.95,5,207,23084.0
2020-09-23,2020-09-23,PDMJEPAPER,B,14.15,14.5,14.0,14.16,14.4,42,31616,450482.0
2020-09-23,2020-09-23,HCG,B,119.45,121.55,119.35,121.05,119.8,111,1754,212171.0
2020-09-23,2020-09-23,KDML,M,160.0,160.0,160.0,160.0,141.0,3,499800,79968000.0
2020-09-23,2020-09-23,BHARATWIRE,B,24.5,24.9,23.2,24.4,24.15,40,2257,55490.0
2020-09-23,2020-09-23,CHDCHEM,B,60.4,60.5,60.4,60.5,59.35,1089,358866,21705088.0
2020-09-23,2020-09-23,CCAVENUE,A,77.0,77.95,73.65,74.35,75.95,390,66854,5085055.0
2020-09-23,2020-09-23,SICLTD,X,0.79,0.82,0.79,0.82,0.79,2,56,44.0
2020-09-23,2020-09-23,SUPERIOR,XT,96.5,97.05,96.4,96.95,96.45,69,1879,181748.0
2020-09-23,2020-09-23,RPEL,T,110.0,110.0,103.5,103.5,105.0,2,1001,110103.0
2020-09-23,2020-09-23,LANCER,B,56.3,60.0,56.3,56.95,58.5,56,5428,312981.0
2020-09-23,2020-09-23,EQUITAS,A,49.7,51.0,49.05,50.2,49.85,1263,176089,8835178.0
2020-09-23,2020-09-23,HALDER,X,39.45,39.45,39.45,39.45,37.6,2,21,828.0
2020-09-23,2020-09-23,SKIL,B,3.34,3.34,3.1,3.27,3.2,26,21746,68210.0
2020-09-23,2020-09-23,THYROCARE,A,790.0,810.35,784.0,785.6,801.15,310,10296,8173220.0
2020-09-23,2020-09-23,BAJAJHCARE,B,445.9,446.0,421.0,441.2,429.05,343,13230,5772240.0
2020-09-23,2020-09-23,UJJIVAN,A,214.8,216.2,202.1,205.6,210.5,1463,37544,7749458.0
2020-09-23,2020-09-23,CROMPTON,A,271.15,273.0,264.2,271.8,263.7,421,10652,2865788.0
2020-09-23,2020-09-23,PILANIINVS,B,1598.9,1598.9,1544.05,1546.0,1581.65,20,60,93386.0
2020-09-23,2020-09-23,DARSHANORNA,B,8.58,8.58,8.58,8.58,9.03,3,166,1424.0
2020-09-23,2020-09-23,PARAGMILK,A,96.9,97.4,94.35,95.9,95.55,774,39190,3761568.0
2020-09-23,2020-09-23,MADHAVIPL,X,5.0,5.0,4.8,4.96,4.87,43,5019,24603.0
2020-09-23,2020-09-23,KOCL,X,0.43,0.43,0.43,0.43,0.45,1,500,215.0
2020-09-23,2020-09-23,SNIM,X,3.01,3.01,3.01,3.01,2.87,40,88,264.0
2020-09-23,2020-09-23,NAGAFERT,B,4.06,4.1,3.81,3.86,4.0,118,75674,298775.0
2020-09-23,2020-09-23,YASHCHEM,B,57.5,58.25,56.5,56.65,55.05,48,6237,358356.0
2020-09-23,2020-09-23,MAXVIL,B,38.0,38.0,36.35,36.55,37.7,65,2404,88894.0
2020-09-23,2020-09-23,TAALTECH,X,243.6,243.6,230.0,235.1,233.25,164,11367,2674815.0
2020-09-23,2020-09-23,MGL,A,864.0,864.0,834.35,843.1,850.4,2185,48741,41374067.0
2020-09-23,2020-09-23,ZEAL,B,67.0,70.0,65.25,68.35,66.75,102,4003,273832.0
2020-09-23,2020-09-23,QUESS,A,390.05,404.1,383.6,396.45,389.5,1405,14943,5878044.0
2020-09-23,2020-09-23,DIGJAMLMTD,Z,2.51,2.6,2.45,2.48,2.57,19,6657,16648.0
2020-09-23,2020-09-23,MIDSELIETF,B,61.9,61.9,61.88,61.88,61.94,2,50,3094.0
2020-09-23,2020-09-23,ASYL,T,9.5,9.5,9.5,9.5,9.1,7,1000,9500.0
2020-09-23,2020-09-23,HIIL,X,802.0,828.5,757.0,768.2,796.7,25,330,256709.0
2020-09-23,2020-09-23,TITAANIUM,M,6.2,6.3,6.2,6.25,6.05,3,24000,150000.0
2020-09-23,2020-09-23,COMSYN,B,61.1,61.8,58.55,61.4,60.15,27,6114,368220.0
2020-09-23,2020-09-23,LLOYDSENGG,B,0.73,0.74,0.7,0.71,0.73,143,237544,169873.0
2020-09-23,2020-09-23,LTM,A,2619.35,2684.5,2401.15,2449.45,2584.3,3281,14180,36052793.0
2020-09-23,2020-09-23,EASTWEST,X,51.9,51.9,49.85,49.9,48.9,26,4318,217263.0
2020-09-23,2020-09-23,BSLSENETFG,B,425.0,425.0,351.0,425.0,425.0,7,13,5426.0
2020-09-23,2020-09-23,COLORCHIPS,X,5.55,5.55,5.55,5.55,5.7,1,20,111.0
2020-09-23,2020-09-23,ASHARI,XT,8.5,8.5,8.5,8.5,8.5,1,50,425.0
2020-09-23,2020-09-23,ADVENZYMES,A,231.0,239.0,222.9,227.35,222.35,1785,56826,12993955.0
2020-09-23,2020-09-23,LAHL,XT,4.69,4.69,4.69,4.69,4.47,1,25,117.0
2020-09-23,2020-09-23,PTIL,B,347.5,350.95,347.5,350.05,345.5,39,12449,4352800.0
2020-09-23,2020-09-23,DBL,A,355.0,357.0,341.6,347.85,349.05,581,7466,2603949.0
2020-09-23,2020-09-23,SPAL,B,121.6,121.6,109.4,111.35,116.0,243,2687,305320.0
2020-09-23,2020-09-23,BIGBLOC,T,51.0,51.0,51.0,51.0,51.0,2,649,33099.0
2020-09-23,2020-09-23,FRETAIL,A,94.4,94.4,86.4,86.65,90.9,3744,393665,34653657.0
2020-09-23,2020-09-23,RBLBANK,A,168.45,171.2,161.6,166.65,166.4,9318,918987,152494840.0
2020-09-23,2020-09-23,BLS,B,94.95,96.5,88.0,90.1,91.95,271,14384,1311695.0
2020-09-23,2020-09-23,MITSU,B,100.0,100.0,96.0,96.75,100.0,16,10085,996336.0
2020-09-23,2020-09-23,TIAANC,X,22.75,27.05,22.75,23.6,25.0,56,10250,245007.0
2020-09-23,2020-09-23,LTTS,A,1675.0,1685.75,1613.05,1620.45,1629.8,1049,4732,7839320.0
2020-09-23,2020-09-23,GNA,B,227.9,227.9,218.0,221.3,218.1,351,1743,386824.0
2020-09-23,2020-09-23,ICICIPRULI,A,412.95,412.95,400.8,408.5,403.45,2463,56777,22987520.0
2020-09-23,2020-09-23,IISL,XT,6.82,6.82,6.82,6.82,6.95,4,454,3096.0
2020-09-23,2020-09-23,ARCFIN,X,0.9,0.9,0.9,0.9,0.89,9,4970,4473.0
2020-09-23,2020-09-23,HPL,B,33.4,33.45,32.9,32.9,32.8,18,436,14407.0
2020-09-23,2020-09-23,SAGARSOFT,X,51.0,54.95,50.0,54.3,50.25,63,6987,375157.0
2020-09-23,2020-09-23,VALIANTORG,B,2860.0,2925.0,2769.0,2787.9,2853.95,1057,10611,30217011.0
2020-09-23,2020-09-23,ACML,M,9.8,10.5,9.8,10.5,10.5,2,2000,20300.0
2020-09-23,2020-09-23,SHASHIJIT,B,24.8,24.8,24.5,24.5,23.6,4,1739,42914.0
2020-09-23,2020-09-23,MHEL,M,35.95,36.25,35.95,36.25,36.25,4,12000,433350.0
2020-09-23,2020-09-23,ENDURANCE,A,1109.95,1109.95,1050.0,1061.15,1080.9,457,2117,2258043.0
2020-09-23,2020-09-23,IDFSENSEXE,B,373.03,373.03,373.03,373.03,389.9,1,10,3730.0
2020-09-23,2020-09-23,PNBHOUSING,A,317.0,332.0,310.15,323.8,314.2,2970,55550,17738020.0
2020-09-23,2020-09-23,SOUTHERNIN,XT,10.29,10.29,10.29,10.29,10.5,1,5,51.0
2020-09-23,2020-09-23,REGENCY,X,29.8,30.35,28.6,29.95,29.2,173,33698,1002310.0
2020-09-23,2020-09-23,VBL,A,694.0,695.5,675.0,677.6,689.05,701,5267,3596004.0
2020-09-23,2020-09-23,FRANKLININD,X,9.89,9.89,9.85,9.85,9.81,12,100000,986700.0
2020-09-23,2020-09-23,LKPSEC,X,6.17,6.24,5.44,6.2,5.71,101,29315,172687.0
2020-09-23,2020-09-23,OSIAJEE,X,34.5,37.95,33.0,36.55,34.0,180,12433,442989.0
2020-09-23,2020-09-23,SFL,A,1448.55,1457.4,1387.0,1395.05,1440.5,206,1085,1540432.0
2020-09-23,2020-09-23,EIKO,XT,38.05,38.05,38.05,38.05,40.05,9,2295,87324.0
2020-09-23,2020-09-23,HEADSUP,B,9.0,9.0,8.25,8.65,8.6,59,8446,71376.0
2020-09-23,2020-09-23,TCIEXP,A,786.6,797.05,753.05,766.1,786.6,531,2460,1894661.0
2020-09-23,2020-09-23,LAURUSLABS,A,1449.4,1494.4,1351.0,1366.3,1423.15,14105,142286,203065747.0
2020-09-23,2020-09-23,SNTCL,XT,1.4,1.42,1.4,1.42,1.36,9,2601,3647.0
2020-09-23,2020-09-23,SHANGAR,XT,100.8,100.8,100.8,100.8,102.85,1,10,1008.0
2020-09-23,2020-09-23,TRU,XT,300.0,309.0,285.0,287.15,300.0,149,1779,522263.0
2020-09-23,2020-09-23,PRICOLLTD,B,46.6,47.0,45.0,45.2,46.3,28,1476,67289.0
2020-09-23,2020-09-23,JITFINFRA,T,6.81,6.81,6.81,6.81,7.02,2,98,667.0
2020-09-23,2020-09-23,PARMAX,XT,44.0,44.0,43.95,43.95,42.75,5,434,19085.0
2020-09-23,2020-09-23,LLFICL,X,33.2,34.0,33.2,33.2,34.9,4,2305,76530.0
2020-09-23,2020-09-23,DANUBE,XT,10.77,10.77,10.77,10.77,10.98,3,500,5385.0
2020-09-23,2020-09-23,RADIOCITY,B,19.8,19.8,18.4,18.75,18.7,255,44232,834876.0
2020-09-23,2020-09-23,DMART,A,2056.5,2098.7,2047.1,2053.4,2053.85,3206,21661,44827810.0
2020-09-23,2020-09-23,ONTIC,X,6.29,6.3,6.29,6.3,6.3,3,4420,27822.0
2020-09-23,2020-09-23,MANOMAY,M,32.5,32.5,32.5,32.5,33.3,1,4000,130000.0
2020-09-23,2020-09-23,MAXIMUS,B,99.0,101.0,99.0,101.0,97.85,18,19656,1977923.0
2020-09-23,2020-09-23,CLEDUCATE,B,71.15,72.0,69.5,70.35,69.45,22,1070,75958.0
2020-09-23,2020-09-23,OCEANIC,T,41.85,41.85,38.2,38.25,39.9,6,520,21053.0
2020-09-23,2020-09-23,SHANKARA,A,339.7,343.2,334.1,337.25,331.2,125,1368,462215.0
2020-09-23,2020-09-23,CLFL,XT,6.82,6.82,6.82,6.82,6.69,1,5,34.0
2020-09-23,2020-09-23,STARLENT,M,61.25,61.25,59.8,60.25,60.5,3,15000,906500.0
2020-09-23,2020-09-23,SCHAND,B,68.1,72.45,67.45,71.1,69.2,31,969,68493.0
2020-09-23,2020-09-23,MEERA,M,36.05,36.25,33.1,33.1,34.65,10,12000,427380.0
2020-09-23,2020-09-23,IRBINVIT,IF,34.85,34.85,34.85,34.85,34.2,1,2500,87125.0
2020-09-23,2020-09-23,HUDCO,A,32.5,32.5,30.5,31.65,31.1,596,86029,2701851.0
2020-09-23,2020-09-23,PSPPROJECT,B,406.25,410.0,400.55,408.2,403.8,117,497,201873.0
2020-09-23,2020-09-23,YUG,M,28.5,28.5,28.5,28.5,27.0,2,8000,228000.0
2020-09-23,2020-09-23,INDIGRID,IF,104.8,105.39,104.8,104.98,104.6,17,39123,4107455.0
2020-09-23,2020-09-23,STARCEMENT,A,86.5,86.5,83.55,84.95,85.45,186,3532,299698.0
2020-09-23,2020-09-23,TEJASNET,B,72.1,74.2,68.6,71.05,72.2,1033,76461,5407095.0
2020-09-23,2020-09-23,ERIS,A,527.3,535.0,521.75,527.55,524.2,294,1860,982897.0
2020-09-23,2020-09-23,GTPL,B,91.0,91.5,87.0,87.55,90.75,136,3450,302914.0
2020-09-23,2020-09-23,AUBANK,A,669.5,676.6,647.15,654.35,668.2,1130,15227,10050329.0
2020-09-23,2020-09-23,LOWVOLIETF,B,95.61,95.61,94.67,94.8,94.95,3,10,951.0
2020-09-23,2020-09-23,GGENG,B,71.15,71.2,68.2,68.55,69.2,240,83348,5700458.0
2020-09-23,2020-09-23,7NR,B,7.42,7.72,7.42,7.42,7.57,51,13575,102881.0
2020-09-23,2020-09-23,BHAGYAPROP,B,21.75,21.75,21.7,21.7,22.0,3,100,2171.0
2020-09-23,2020-09-23,SALASAR,B,197.25,200.2,190.05,200.15,190.7,449,40123,7915983.0
2020-09-23,2020-09-23,GANGESSECU,B,39.2,40.0,39.0,40.0,38.25,16,1427,56175.0
2020-09-23,2020-09-23,AVADHSUGAR,B,180.95,182.65,174.3,176.35,179.95,202,3455,611849.0
2020-09-23,2020-09-23,MAGADSUGAR,B,116.45,116.45,112.8,114.45,114.15,37,841,95310.0
2020-09-23,2020-09-23,JIGAR,M,23.5,23.5,22.8,22.8,23.0,5,32000,732400.0
2020-09-23,2020-09-23,SPTL,B,2.29,2.29,2.09,2.1,2.2,283,404289,852618.0
2020-09-23,2020-09-23,GSTL,T,77.7,77.7,72.35,74.0,74.5,36,3723,273531.0
2020-09-23,2020-09-23,NEXT50BETA,B,289.0,289.0,289.0,289.0,289.94,5,33,9537.0
2020-09-23,2020-09-23,SIS,A,380.8,383.75,367.0,374.95,378.25,339,7524,2825623.0
2020-09-23,2020-09-23,COCHINSHIP,A,329.0,329.0,307.2,311.95,310.65,831,10077,3156474.0
2020-09-23,2020-09-23,HALEOSLABS,B,656.0,673.0,614.1,638.75,642.85,659,5336,3457872.0
2020-09-23,2020-09-23,KIOCL,B,119.0,120.4,115.2,118.2,115.15,100,1350,158308.0
2020-09-23,2020-09-23,SMRUTHIORG,X,308.95,309.75,295.0,295.0,295.0,59,7053,2170250.0
2020-09-23,2020-09-23,ABCAPITAL,A,63.5,65.45,62.05,63.15,62.95,1834,225453,14331386.0
2020-09-23,2020-09-23,APEX,B,250.1,255.3,244.35,247.0,248.6,659,16646,4161701.0
2020-09-23,2020-09-23,ANG,M,50.0,50.0,49.0,49.0,50.0,2,3200,158400.0
2020-09-23,2020-09-23,AMFL,B,2.85,2.85,2.8,2.8,2.85,34,11762,32970.0
2020-09-23,2020-09-23,DIXON,A,8698.0,9001.0,8698.0,8779.85,8568.3,3110,6760,59965798.0
2020-09-23,2020-09-23,BRNL,B,34.0,34.0,29.3,29.55,30.35,158,3486,110781.0
2020-09-23,2020-09-23,DCAL,A,159.35,160.4,148.1,149.6,155.85,1381,56014,8468215.0
2020-09-23,2020-09-23,LASA,B,66.5,68.65,66.5,67.8,65.4,373,43640,2962305.0
2020-09-23,2020-09-23,PROCLB,X,12.34,12.34,12.34,12.34,12.98,1,1,12.0
2020-09-23,2020-09-23,MATRIMONY,B,578.0,592.15,555.0,577.05,580.8,230,2223,1270826.0
2020-09-23,2020-09-23,RHFL,B,1.79,1.84,1.73,1.79,1.77,175,366787,650800.0
2020-09-23,2020-09-23,CAPACITE,B,120.65,120.75,118.0,118.95,117.6,429,6012,719002.0
2020-09-23,2020-09-23,ICICIGI,A,1271.75,1285.0,1248.1,1257.1,1257.0,975,7922,10007648.0
2020-09-23,2020-09-23,PQIF,X,9.4,9.4,9.4,9.4,9.89,2,2,18.0
2020-09-23,2020-09-23,SBILIFE,A,826.0,840.55,826.0,834.0,832.95,1835,22191,18494855.0
2020-09-23,2020-09-23,DIAMONDYD,B,595.0,599.05,581.45,599.05,589.95,53,731,429085.0
2020-09-23,2020-09-23,SHAREINDIA,B,102.6,105.0,102.1,103.7,101.45,76,1751,181535.0
2020-09-23,2020-09-23,TTFL,M,27.0,29.4,26.75,28.25,28.15,4,12000,335880.0
2020-09-23,2020-09-23,SAYAJIIND,X,101.05,104.5,100.25,104.5,105.0,9,765,76989.0
2020-09-23,2020-09-23,VANTABIO,M,165.5,169.5,164.95,169.5,161.45,7,5250,873937.0
2020-09-23,2020-09-23,MEHAI,B,23.9,23.9,21.7,21.85,22.8,30,4846,106586.0
2020-09-23,2020-09-23,SGRL,M,139.0,139.0,138.0,138.0,136.0,3,4500,624000.0
2020-09-23,2020-09-23,GODREJAGRO,A,509.0,509.0,495.85,502.15,498.85,468,4741,2376207.0
2020-09-23,2020-09-23,MESCON,XT,5.04,5.05,4.87,5.04,5.05,16,1072,5363.0
2020-09-23,2020-09-23,MASFIN,A,827.5,827.5,798.0,813.2,801.7,95,393,317744.0
2020-09-23,2020-09-23,IEX,A,195.0,197.0,184.95,190.05,192.0,3296,536108,101557615.0
2020-09-23,2020-09-23,GICRE,A,128.8,128.8,120.75,122.05,122.35,259,7556,932182.0
2020-09-23,2020-09-23,KAARYAFSL,M,4.4,4.63,4.4,4.63,4.63,6,27000,121170.0
2020-09-23,2020-09-23,SCPL,M,168.65,168.95,162.0,165.0,168.85,9,8000,1318720.0
2020-09-23,2020-09-23,TIINDIA,A,575.15,598.8,546.7,560.85,574.75,447,60124,34788357.0
2020-09-23,2020-09-23,NAM-INDIA,A,265.85,270.0,260.8,263.35,264.35,1729,29689,7847277.0
2020-09-23,2020-09-23,MAHLOG,A,334.4,335.05,315.85,319.0,327.4,676,3711,1205150.0
2020-09-23,2020-09-23,NIACL,A,106.5,107.25,103.4,103.6,104.95,345,7616,801211.0
2020-09-23,2020-09-23,IFGLEXPOR,B,148.9,148.9,143.0,144.5,148.8,79,1082,156177.0
2020-09-23,2020-09-23,KHADIM,B,106.8,108.25,103.75,106.0,106.25,96,2494,264108.0
2020-09-23,2020-09-23,5PAISA,T,369.0,369.0,350.5,362.9,360.9,16,157,56043.0
2020-09-23,2020-09-23,HDFCLIFE,A,602.0,602.0,576.15,580.0,579.15,1081,24462,14206101.0
2020-09-23,2020-09-23,SBRANDS,M,3.65,3.65,3.65,3.65,3.58,3,3000,10950.0
2020-09-23,2020-09-23,SHARIKA,M,24.5,24.5,24.5,24.5,24.5,1,3000,73500.0
2020-09-23,2020-09-23,ICICIB22,B,24.54,24.61,24.0,24.22,24.54,1910,50622,1225336.0
2020-09-23,2020-09-23,DNAMEDIA,B,0.49,0.49,0.49,0.49,0.49,2,450,220.0
2020-09-23,2020-09-23,HHOF1140RG,B,6.95,7.23,6.95,7.01,7.01,10,13220,92819.0
2020-09-23,2020-09-23,SHALBY,B,74.85,76.0,72.2,73.65,73.4,201,6692,492049.0
2020-09-23,2020-09-23,FSC,B,108.0,115.0,104.75,104.9,110.25,994,48041,5150635.0
2020-09-23,2020-09-23,VITESSE,XT,65.85,65.85,65.85,65.85,62.75,4,60,3951.0
2020-09-23,2020-09-23,ASTRON,B,42.85,43.0,41.7,41.7,42.0,22,206,8762.0
2020-09-23,2020-09-23,CHANDRIMA,XT,37.8,37.8,37.2,37.8,36.0,1339,457692,17297091.0
2020-09-23,2020-09-23,IPRU3018,B,8.0,8.0,7.91,7.91,7.86,5,3090,24621.0
2020-09-23,2020-09-23,IPRU3019,B,7.83,7.83,7.83,7.83,8.0,2,1000,7830.0
2020-09-23,2020-09-23,APOLLO,B,115.0,117.95,113.7,114.65,114.2,215,5175,596120.0
2020-09-23,2020-09-23,NEWGEN,B,222.85,233.0,214.75,216.2,215.5,1892,19735,4424464.0
2020-09-23,2020-09-23,PRAXIS,T,36.5,40.3,36.5,40.3,38.4,127,25310,999845.0
2020-09-23,2020-09-23,AMBER,A,1975.05,2039.05,1940.1,1992.05,1973.2,1975,9876,19724415.0
2020-09-23,2020-09-23,TIRUFOAM,X,36.25,36.25,36.25,36.25,36.8,1,1,36.0
2020-09-23,2020-09-23,GALAXYSURF,A,1849.2,1849.95,1780.05,1791.35,1811.6,196,645,1162834.0
2020-09-23,2020-09-23,FSSPL,MT,1.24,1.24,1.24,1.24,1.3,3,12000,14880.0
2020-09-23,2020-09-23,LAL,M,5.4,5.4,5.4,5.4,6.0,1,10000,54000.0
2020-09-23,2020-09-23,IWP,X,26.45,26.45,23.5,25.0,25.45,83,7727,188825.0
2020-09-23,2020-09-23,TDSL,B,22.35,24.0,21.7,22.15,24.1,191,37748,844720.0
2020-09-23,2020-09-23,BHATIA,B,74.0,74.0,74.0,74.0,72.9,1,1,74.0
2020-09-23,2020-09-23,SHIVAMILLS,B,23.0,23.0,23.0,23.0,23.3,3,51,1173.0
2020-09-23,2020-09-23,ASTERDM,A,141.2,141.2,131.35,136.25,136.25,252,9584,1296644.0
2020-09-23,2020-09-23,KANCOTEA,X,37.6,37.6,36.5,36.5,35.85,5,183,6789.0
2020-09-23,2020-09-23,HGINFRA,B,188.95,193.4,187.65,189.7,188.55,268,5498,1045338.0
2020-09-23,2020-09-23,BPLPHARMA,XT,418.4,418.65,399.05,407.85,419.0,46,491,201188.0
2020-09-23,2020-09-23,LIQUIDETF,F,999.99,1000.01,999.99,1000.0,999.99,1321,5100,5100004.0
2020-09-23,2020-09-23,BDL,A,292.0,298.05,287.5,294.2,287.95,2815,43807,12801844.0
2020-09-23,2020-09-23,BANDHANBNK,A,270.6,273.0,261.1,268.0,267.55,10520,1131804,303870319.0
2020-09-23,2020-09-23,HAL,A,777.4,787.0,759.05,770.05,775.1,1335,15852,12237169.0
2020-09-23,2020-09-23,DHARAN,T,107.5,107.5,101.8,104.0,103.05,124,7454,769544.0
2020-09-23,2020-09-23,SANDHAR,B,235.0,251.25,235.0,244.75,229.7,610,3168,776927.0
2020-09-23,2020-09-23,YASHO,M,135.0,135.0,135.0,135.0,135.0,10,60000,8100000.0
2020-09-23,2020-09-23,BENARA,M,9.41,9.41,8.67,9.23,9.28,7,26000,239820.0
2020-09-23,2020-09-23,ISEC,A,465.0,470.0,435.0,462.9,460.0,1020,13435,6089892.0
2020-09-23,2020-09-23,MIDHANI,A,196.95,199.05,191.2,195.3,194.8,1804,58985,11551461.0
2020-09-23,2020-09-23,TRL,M,4.1,4.1,4.1,4.1,4.5,1,4000,16400.0
2020-09-23,2020-09-23,LEMONTREE,A,26.5,27.3,26.05,26.5,26.0,753,114259,3042526.0
2020-09-23,2020-09-23,CHEMFAB,B,139.0,139.95,138.0,138.9,132.65,20,744,103357.0
2020-09-23,2020-09-23,ORIENTELEC,A,191.0,192.1,187.3,189.6,189.8,527,8792,1670963.0
2020-09-23,2020-09-23,AKSHAR,M,12.08,12.08,12.08,12.08,11.85,2,6000,72480.0
2020-09-23,2020-09-23,INDOUS,M,51.0,51.0,48.0,49.9,48.0,9,12500,614375.0
2020-09-23,2020-09-23,IPRU3095,B,9.4,9.4,9.4,9.4,9.06,1,1000,9400.0
2020-09-23,2020-09-23,BSE500IETF,B,150.1,150.1,150.05,150.05,150.05,2,2,300.0
2020-09-23,2020-09-23,INDOSTAR,A,288.55,290.0,279.45,281.6,275.45,64,229,64852.0
2020-09-23,2020-09-23,PARVATI,XT,2.24,2.46,2.24,2.4,2.35,6,714,1734.0
2020-09-23,2020-09-23,INNOVATORS,M,21.5,22.5,21.5,21.5,22.2,3,4800,104800.0
2020-09-23,2020-09-23,ZIMLAB,XT,86.15,90.25,86.0,90.1,86.1,15,901,78139.0
2020-09-23,2020-09-23,ARIHANTINS,M,2.15,2.15,2.15,2.15,2.26,2,8000,17200.0
2020-09-23,2020-09-23,AFFORDABLE,M,36.15,39.5,36.15,39.5,38.05,5,8000,300000.0
2020-09-23,2020-09-23,DOLLAR,B,135.5,135.5,131.0,133.25,132.25,517,7812,1046692.0
2020-09-23,2020-09-23,WAA,M,38.95,38.95,38.95,38.95,37.1,4,4800,186960.0
2020-09-23,2020-09-23,ADANIGREEN,A,617.5,630.6,588.35,588.35,619.3,4432,75056,44856970.0
2020-09-23,2020-09-23,SOLARA,B,996.0,1012.0,936.1,944.45,966.2,1995,13344,12952680.0
2020-09-23,2020-09-23,GAYAHWS,T,0.39,0.41,0.39,0.39,0.41,9,47068,18358.0
2020-09-23,2020-09-23,RITES,A,242.75,245.4,239.0,244.65,238.9,1492,37402,9053601.0
2020-09-23,2020-09-23,FINEORG,A,2730.0,2740.0,2565.0,2597.0,2665.3,2146,8862,23362584.0
2020-09-23,2020-09-23,VARROC,A,299.25,303.5,285.0,293.4,294.6,1438,16261,4788380.0
2020-09-23,2020-09-23,RAJNISH,M,14.9,14.9,14.9,14.9,14.9,1,1200,17880.0
2020-09-23,2020-09-23,GUJWIND,X,10.9,10.9,10.1,10.9,10.39,94,51870,559442.0
2020-09-23,2020-09-23,TVF1G,B,8.47,8.47,8.47,8.47,8.8,1,5,42.0
2020-09-23,2020-09-23,TCNSBRANDS,A,394.75,394.8,387.85,388.6,385.5,75,2021,792175.0
2020-09-23,2020-09-23,SUPERSHAKT,M,320.0,321.0,320.0,320.5,315.0,8,3600,1153800.0
2020-09-23,2020-09-23,RACONTEUR,M,23.6,23.6,20.2,20.2,25.2,12,19200,405280.0
2020-09-23,2020-09-23,IDFCEOS6RG,B,10.2,10.2,10.2,10.2,9.65,2,300,3060.0
2020-09-23,2020-09-23,HDFCAMC,A,2183.8,2251.15,2133.25,2145.25,2151.35,3462,23540,51548680.0
2020-09-23,2020-09-23,TVF2G,B,8.21,8.21,8.21,8.21,8.67,1,1,8.0
2020-09-23,2020-09-23,CREDITACC,A,709.7,711.0,686.7,699.65,686.4,425,2869,2011986.0
2020-09-23,2020-09-23,AMINTAN,X,0.74,0.74,0.7,0.74,0.71,5,2852,2080.0
2020-09-23,2020-09-23,NEXT50IETF,B,26.61,26.8,26.17,26.8,26.6,4,202,5402.0
2020-09-23,2020-09-23,ASRL,M,39.5,39.7,39.5,39.55,38.1,4,28000,1108450.0
2020-09-23,2020-09-23,SPACEINCUBA,X,0.51,0.51,0.51,0.51,0.51,1,15,7.0
2020-09-23,2020-09-23,LIQUIDIETF,F,1000.0,1000.01,1000.0,1000.0,1000.01,1347,2401,2401006.0
2020-09-23,2020-09-23,IRCON,A,81.65,82.6,80.05,80.35,81.65,1034,40917,3318288.0
2020-09-23,2020-09-23,SKYGOLD,M,181.5,181.5,181.5,181.5,181.5,2,3200,580800.0
2020-09-23,2020-09-23,SETFSN50,B,313.96,313.96,313.88,313.88,298.0,4,17,5336.0
2020-09-23,2020-09-23,MANORAMA,M,798.0,820.0,758.6,765.9,780.0,13,7800,6193530.0
2020-09-23,2020-09-23,INNOVATIVE,M,7.04,7.7,6.98,7.22,7.34,17,31000,222540.0
2020-09-23,2020-09-23,AAVAS,A,1367.0,1368.05,1345.0,1359.3,1355.35,128,1030,1392930.0
2020-09-23,2020-09-23,GENERAAGRI,XT,1.82,1.82,1.82,1.82,1.74,1,1,1.0
2020-09-23,2020-09-23,GRSE,B,172.3,175.5,170.0,172.7,170.65,214,5444,943537.0
2020-09-23,2020-09-23,A1L,M,65.0,65.45,65.0,65.45,65.5,3,6000,391100.0
2020-09-23,2020-09-23,SUNRETAIL,M,19.6,19.6,19.6,19.6,18.9,1,3000,58800.0
2020-09-23,2020-09-23,BCPL,M,54.35,54.35,54.25,54.25,54.9,15,72000,3909600.0
2020-09-23,2020-09-23,ATGL,A,192.0,194.4,181.7,186.25,188.55,2365,102945,19370707.0
2020-09-23,2020-09-23,PHOSPHATE,XT,51.1,51.1,51.1,51.1,51.1,2,100,5110.0
2020-09-23,2020-09-23,NIFTYETF,B,112.4,112.4,112.4,112.4,113.34,1,10,1124.0
2020-09-23,2020-09-23,TECHNOE,B,196.0,196.0,186.1,189.95,191.3,53,358,68642.0
2020-09-23,2020-09-23,RONI,M,40.0,40.25,40.0,40.25,40.0,5,66000,2646000.0
2020-09-23,2020-09-23,IPRU3218,B,9.31,9.31,9.31,9.31,10.15,1,10,93.0
2020-09-23,2020-09-23,DALBHARAT,A,766.75,772.8,735.0,749.8,762.9,457,2284,1704490.0
2020-09-23,2020-09-23,ABSLNN50ET,B,272.0,298.0,272.0,298.0,276.5,2,3,842.0
2020-09-23,2020-09-23,NILASPACES,B,1.2,1.2,1.15,1.2,1.15,32,39073,46593.0
2020-09-23,2020-09-23,TREJHARA,B,15.2,15.22,15.2,15.22,14.5,34,16530,251460.0
2020-09-23,2020-09-23,DECCAN,M,40.0,40.0,40.0,40.0,40.0,1,1200,48000.0
2020-09-23,2020-09-23,AXITA,M,39.1,39.5,38.25,39.0,38.55,6,24000,932400.0
2020-09-23,2020-09-23,KPIGREEN,M,64.9,69.5,64.85,67.2,68.0,3,4800,318800.0
2020-09-23,2020-09-23,RPSGVENT,B,239.95,243.5,228.45,230.2,233.85,599,8242,1939431.0
2020-09-23,2020-09-23,SPENCERS,B,77.55,79.9,77.55,79.0,77.4,868,37907,2995164.0
2020-09-23,2020-09-23,GLOSTERLTD,X,450.05,460.0,450.0,460.0,447.05,23,351,159736.0
2020-09-23,2020-09-23,XELPMOC,T,225.0,227.65,225.0,227.65,216.85,18,660,150008.0
2020-09-23,2020-09-23,RITCO,M,15.55,15.6,15.55,15.6,16.25,6,9600,149600.0
2020-09-23,2020-09-23,CHALET,B,150.45,150.45,138.0,142.25,143.3,768,13343,1906083.0
2020-09-23,2020-09-23,ANUP,B,559.1,571.0,544.6,554.6,552.9,85,848,477630.0
2020-09-23,2020-09-23,ARVINDFASN,A,128.95,130.7,120.0,125.15,126.0,656,21746,2757811.0
2020-09-23,2020-09-23,MSTCLTD,B,174.0,177.0,164.9,168.25,169.3,1286,42749,7283049.0
2020-09-23,2020-09-23,EMBASSY,IF,366.5,367.65,363.22,364.99,362.0,16,3200,1172552.0
2020-09-23,2020-09-23,RVNL,A,20.0,20.0,19.05,19.3,19.2,2043,355028,6866059.0
2020-09-23,2020-09-23,METROPOLIS,A,1800.0,1800.0,1700.05,1726.05,1743.95,879,3750,6521695.0
2020-09-23,2020-09-23,KPITTECH,A,111.7,115.7,110.0,113.0,107.6,3577,263725,29740618.0
2020-09-23,2020-09-23,POLYCAB,A,830.0,841.0,814.9,825.8,813.0,1229,11082,9152626.0
2020-09-23,2020-09-23,JINAAM,M,5.6,5.6,5.5,5.5,5.5,2,4000,22200.0
2020-09-23,2020-09-23,VIKASLIFE,B,8.95,8.95,8.95,8.95,9.4,260,20422,182776.0
2020-09-23,2020-09-23,NEOGEN,B,661.05,675.0,625.3,659.85,655.75,597,4083,2655904.0
2020-09-23,2020-09-23,AEPL,B,72.85,72.85,68.5,68.6,69.4,59,14963,1046591.0
2020-09-23,2020-09-23,MAHESH,XT,4.6,4.6,4.6,4.6,4.6,1,10,46.0
2020-09-23,2020-09-23,SUICH,MT,9.03,9.03,9.02,9.03,8.69,4,6400,57776.0
2020-09-23,2020-09-23,PPL,B,65.6,69.05,64.0,68.95,62.8,173,6124,408861.0
2020-09-23,2020-09-23,DGCONTENT,B,11.75,12.74,11.73,11.73,12.34,32,4316,52545.0
2020-09-23,2020-09-23,ARL,M,31.55,32.0,31.55,32.0,30.65,2,24000,766200.0
2020-09-23,2020-09-23,MURAE,M,72.8,72.8,66.0,66.0,69.35,3,9000,634800.0
2020-09-23,2020-09-23,SBC,M,43.1,43.1,43.05,43.1,42.55,5,42000,1809300.0
2020-09-23,2020-09-23,INDIAMART,B,4852.05,4984.15,4693.0,4898.8,4852.7,2273,7279,35480587.0
2020-09-23,2020-09-23,DCMNVL,B,24.1,26.9,23.5,24.0,23.75,136,3691,92274.0
2020-09-23,2020-09-23,BANKIETF,B,210.45,212.92,206.24,210.77,211.29,40,523,110141.0
2020-09-23,2020-09-23,AFFLE,B,2964.8,2984.1,2900.0,2953.0,2870.55,714,1946,5738086.0
2020-09-23,2020-09-23,SEACOAST,X,59.25,59.25,59.25,59.25,56.45,4,2580,152865.0
2020-09-23,2020-09-23,PVTBANIETF,B,116.35,116.35,114.83,115.19,114.35,59,1066,122572.0
2020-09-23,2020-09-23,SPANDANA,B,533.0,565.0,511.55,516.75,528.3,1977,25331,13879509.0
2020-09-23,2020-09-23,SWSOLAR,B,222.9,235.9,222.9,235.9,196.6,7228,359149,83724162.0
2020-09-23,2020-09-23,TRANSPACT,MS,134.5,135.0,133.0,133.0,135.0,10,17000,2281500.0
2020-09-23,2020-09-23,360ONE,B,930.0,983.85,922.55,974.6,944.25,181,2314,2235486.0
2020-09-23,2020-09-23,IIFLCAPS,B,41.2,41.65,39.25,40.0,40.1,379,54873,2212382.0
2020-09-23,2020-09-23,MUFIN,X,17.5,17.5,17.0,17.3,17.45,22,12221,212041.0
2020-09-23,2020-09-23,FLUOROCHEM,B,502.0,524.9,502.0,509.45,513.3,149,1106,567260.0
2020-09-23,2020-09-23,IRCTC,B,1374.95,1377.0,1353.1,1372.55,1356.2,4662,57441,78476411.0
2020-09-23,2020-09-23,NIESSPE,B,2.34,2.34,2.34,2.34,2.6,1,10,23.0
2020-09-23,2020-09-23,NIEHSPD,B,1.15,1.26,1.07,1.08,1.18,46,20278,22205.0
2020-09-23,2020-09-23,NIESSPL,B,2.4,2.4,2.16,2.4,2.4,4,753,1627.0
2020-09-23,2020-09-23,GOBLIN,M,31.0,31.15,30.95,31.1,31.55,7,20000,621200.0
2020-09-23,2020-09-23,GENSOL,M,79.0,79.0,79.0,79.0,86.0,1,1600,126400.0
2020-09-23,2020-09-23,VISHWARAJ,B,97.25,99.9,97.0,97.25,98.85,111,1726,169054.0
2020-09-23,2020-09-23,GREENPANEL,B,46.35,47.8,46.0,46.25,45.65,40,3322,155615.0
2020-09-23,2020-09-23,SHAHLON,XT,69.25,69.25,66.25,67.15,69.6,95,14134,950364.0
2020-09-23,2020-09-23,ABSLBANETF,B,249.99,249.99,205.05,213.0,215.0,48,272,59206.0
2020-09-23,2020-09-23,CSBBANK,B,222.0,225.25,214.0,219.95,221.85,161,2812,620107.0
2020-09-23,2020-09-23,ABCRSPDG,F,0.57,0.57,0.57,0.57,0.57,3,1300,741.0
2020-09-23,2020-09-23,UJJIVANSFB,B,32.05,33.15,31.5,32.15,32.15,1025,96379,3098269.0
2020-09-23,2020-09-23,HINDWAREAP,B,85.05,89.85,83.0,84.75,84.0,73,2509,213452.0
2020-09-23,2020-09-23,PRINCEPIPE,B,219.1,232.0,219.1,229.2,222.05,1755,52742,11916134.0
2020-09-23,2020-09-23,EBBETF0423,F,1080.0,1084.9,1080.0,1083.31,1084.92,22,186,201363.0
2020-09-23,2020-09-23,EBBETF0430,F,1102.98,1102.98,1098.25,1102.95,1098.3,16,96,105587.0
2020-09-23,2020-09-23,ARTEMISMED,B,152.0,153.0,147.15,147.25,151.0,6,12,1782.0
2020-09-23,2020-09-23,SUMICHEM,B,298.0,309.0,296.0,304.75,295.7,1930,78990,23812213.0
2020-09-23,2020-09-23,NEXT50,B,266.8,266.8,266.8,266.8,263.8,1,10,2668.0
2020-09-23,2020-09-23,BIRLATYRES,B,20.3,21.05,19.65,20.5,20.1,830,97872,2019712.0
2020-09-23,2020-09-23,UNIVPHOTO,T,211.35,222.5,211.35,213.0,220.25,5,101,21654.0
2020-09-23,2020-09-23,CBPL,M,37.0,37.0,37.0,37.0,38.0,1,2000,74000.0
2020-09-23,2020-09-23,06AGG,F,1.79,1.79,1.79,1.79,1.63,1,10,17.0
2020-09-23,2020-09-23,COHANCE,B,754.9,767.7,725.1,735.35,739.0,2003,19484,14482964.0
2020-09-23,2020-09-23,SBICARD,B,824.0,826.5,813.0,820.8,812.25,2862,41364,33944379.0
2020-09-23,2020-09-23,ROJL,M,33.0,33.0,33.0,33.0,33.0,1,3000,99000.0
2020-09-23,2020-09-23,11GPG,B,3.73,3.73,3.41,3.42,3.73,15,1475,5344.0
2020-09-23,2020-09-23,11AGG,B,10.25,10.25,10.25,10.25,11.35,6,1010,10352.0
2020-09-23,2020-09-23,POWERINDIA,B,935.0,963.45,933.0,952.6,945.25,324,3036,2879106.0
2020-09-23,2020-09-23,NIRMITEE,MS,284.0,284.0,284.0,284.0,285.0,5,6000,1704000.0
2020-09-23,2020-09-23,AARTISURF,T,500.0,520.0,487.0,495.4,505.2,220,2075,1037398.0
2020-09-23,2020-09-23,BOROLTD,T,149.6,149.6,144.0,144.1,147.15,40,6255,914431.0
2020-09-23,2020-09-23,ROSSARI,B,765.0,784.7,753.9,770.9,762.6,1428,16006,12364330.0
2020-09-23,2020-09-23,NDRAUTO,B,150.0,150.0,145.35,145.35,153.0,23,731,106507.0
2020-09-23,2020-09-23,EBBETF0425,F,992.0,1000.0,991.6,991.61,990.94,43,998,989774.0
2020-09-23,2020-09-23,EBBETF0431,F,992.0,997.43,992.0,997.43,992.95,4,101,100202.0
2020-09-23,2020-09-23,MINDSPACE,IF,303.9,306.6,302.5,304.17,306.04,39,8600,2616166.0
2020-09-23,2020-09-23,SBGLP,M,16.0,16.0,16.0,16.0,17.0,1,8000,128000.0
2020-09-23,2020-09-23,MAXHEALTH,B,111.8,115.55,108.65,111.05,109.0,2163,81343,9065806.0
2020-09-23,2020-09-23,ITIETF,B,201.04,201.04,197.61,197.71,200.08,37,298,59779.0
2020-09-23,2020-09-23,MAXIND,B,59.0,60.5,57.55,58.55,58.85,434,27205,1597845.0
2020-09-23,2020-09-23,HDFCNIFBAN,B,212.21,214.0,210.1,212.83,212.76,99,1125,238754.0
2020-09-23,2020-09-23,BANKBETA,B,207.55,207.55,207.55,207.55,218.42,1,4,830.0
2020-09-23,2020-09-23,HAPPSTMNDS,B,355.5,362.0,332.0,352.2,354.3,16350,490365,172467233.0
2020-09-23,2020-09-23,ROUTE,B,714.0,831.35,708.4,825.55,692.8,48486,1061723,831122758.0
2020-09-23,2020-09-23,SENSEXIETF,B,405.21,409.79,402.21,407.77,407.59,13,126,51205.0
2020-09-23,2020-09-23,TATAMTRDVR,A,59.7,60.8,59.1,60.4,58.75,1192,200169,12007271.0
2020-09-23,2020-09-23,FELDVR,B,14.95,14.95,13.75,13.85,14.45,62,18535,258933.0
2020-09-23,2020-09-23,JISLDVREQS,B,11.1,11.25,10.65,10.76,11.14,39,3507,37808.0
2020-09-23,2020-09-23,GATECHDVR,T,1.73,1.74,1.65,1.65,1.66,63,63763,109162.0
2020-09-23,2020-09-23,KARURVYSYA,B,33.15,34.0,32.2,32.8,33.1,915,158079,5238921.0
2020-09-23,2020-09-23,VEEDOL,B,4218.0,4243.85,4200.0,4210.1,4225.25,88,162,683044.0
2020-09-23,2020-09-23,AMRUTANJAN,B,434.35,438.3,426.8,433.9,427.4,274,1867,808434.0
2020-09-23,2020-09-23,HISARMETAL,B,79.0,84.7,68.0,80.25,78.0,249,9667,740234.0
2020-09-23,2020-09-23,BHARATRAS,B,9749.9,9749.9,9230.65,9434.2,9252.25,127,261,2450251.0
2020-09-23,2020-09-23,EASTSILK,B,1.14,1.19,1.11,1.19,1.14,3,110,125.0
2020-09-23,2020-09-23,FACT,B,44.0,44.3,43.15,43.95,42.9,118,4805,209550.0
2020-09-23,2020-09-23,GINNIFILA,B,11.71,11.85,11.44,11.61,11.3,23,1647,19097.0
2020-09-23,2020-09-23,SPIC,B,18.2,18.4,18.0,18.3,17.55,34,5817,106011.0
2020-09-23,2020-09-23,DENORA,B,216.6,217.85,210.0,212.0,211.45,15,319,68086.0
2020-09-23,2020-09-23,HARITASEAT,B,409.0,409.3,407.25,407.25,398.15,9,28,11437.0
2020-09-23,2020-09-23,SAKSOFT,B,390.0,423.2,390.0,407.45,386.65,2699,45035,18419706.0
2020-09-23,2020-09-23,SALONA,B,59.75,59.75,59.75,59.75,59.75,1,31,1852.0
2020-09-23,2020-09-23,ANDHRSUGAR,B,293.1,309.25,293.1,305.05,293.1,366,7419,2226986.0
2020-09-23,2020-09-23,IMPAL,B,551.9,551.9,551.9,551.9,550.9,4,50,27595.0
2020-09-23,2020-09-23,KCP,B,58.95,59.9,57.2,58.1,58.6,126,6191,360439.0
2020-09-23,2020-09-23,SUNDARMFIN,B,1309.15,1309.15,1300.0,1300.1,1301.65,72,20441,26573661.0
2020-09-23,2020-09-23,WHEELS,B,405.9,413.0,394.6,402.6,392.95,125,772,311897.0
2020-09-23,2020-09-23,MAITHANALL,B,520.55,520.55,503.3,504.65,504.95,175,1464,743570.0
2020-09-23,2020-09-23,ORISSAMINE,B,2023.45,2099.95,1970.0,2007.65,1994.9,335,845,1718361.0
2020-09-23,2020-09-23,GOLDBEES,E,44.44,44.65,43.7,43.99,44.23,697,258531,11334924.0
2020-09-23,2020-09-23,LIQUIDBEES,F,999.32,1000.01,999.32,1000.0,999.99,530,226940,226939054.0
2020-09-23,2020-09-23,GOLD1,E,442.0,442.89,438.01,441.05,443.33,110,1978,868870.0
2020-09-23,2020-09-23,SETFGOLD,E,4541.0,4541.0,4463.0,4494.41,4540.02,551,2028,9094280.0
2020-09-23,2020-09-23,QGOLDHALF,E,2195.0,2195.0,2176.0,2184.3,2207.1,32,133,290594.0
2020-09-23,2020-09-23,GOLDBETA,E,4553.5,4619.0,4530.0,4554.09,4611.56,142,455,2073271.0
2020-09-23,2020-09-23,NIFTYBEES,B,119.13,119.81,117.75,118.99,119.01,2243,114028,13549920.0
2020-09-23,2020-09-23,JUNIORBEES,B,279.39,279.39,273.25,275.17,275.59,107,402,110638.0
2020-09-23,2020-09-23,BANKBEES,B,214.95,215.0,210.0,213.63,213.4,1695,59890,12744428.0
2020-09-23,2020-09-23,PSUBANK,B,128.8,128.8,124.51,126.73,129.0,57,11352,1444661.0
2020-09-23,2020-09-23,PSUBNKBEES,B,14.5,14.6,14.01,14.23,14.52,142,19435,277065.0
2020-09-23,2020-09-23,SHARIABEES,B,293.45,293.45,293.45,293.45,294.76,1,1,293.0
2020-09-23,2020-09-23,HNGSNGBEES,E,332.95,332.95,332.95,332.95,328.1,10,14,4661.0
2020-09-23,2020-09-23,MOM50,B,110.56,110.56,109.0,109.0,109.93,9,52,5708.0
2020-09-23,2020-09-23,ASHIKACR,X,21.5,22.5,21.0,21.05,21.0,35,11620,249588.0
2020-09-23,2020-09-23,MADRASFERT,B,16.9,17.6,16.55,17.4,16.4,23,1641,28338.0
2020-09-23,2020-09-23,MUKUNDCRPS,F,5.0,5.0,5.0,5.0,4.99,1,2,10.0
2020-09-23,2020-09-23,75LTFH23,F,99.19,99.19,99.19,99.19,99.98,1,75000,7439250.0
2020-09-23,2020-09-23,ZEENCPS,F,3.6,3.6,3.57,3.6,3.59,10,196207,706333.0
2020-09-23,2020-09-23,RUSHILRE,R,33.0,33.0,19.8,20.3,32.95,91,38329,902623.0
2020-09-23,2020-09-23,SGB2016I,G,4875.5,4950.0,4875.0,4950.0,4950.0,6,37,181878.0
2020-09-23,2020-09-23,SGBNOV24,G,4908.0,4908.0,4907.0,4907.0,5000.0,2,3,14722.0
2020-09-23,2020-09-23,SGBMAY25,G,4850.0,4870.0,4850.0,4870.0,4912.0,4,45,218950.0
2020-09-23,2020-09-23,SGBDEC2513,G,4751.0,4751.0,4751.0,4751.0,4953.0,1,1,4751.0
2020-09-23,2020-09-23,SGBJAN26,G,4900.0,4900.0,4900.0,4900.0,5000.0,1,1,4900.0
2020-09-23,2020-09-23,SGBAUG27,G,5238.0,5238.0,5238.0,5238.0,4949.1,1,9,47142.0
2020-09-23,2020-09-23,SGBOCT27VI,G,4806.0,4806.0,4806.0,4806.0,5000.0,1,5,24030.0
2020-09-23,2020-09-23,SGBJ28VIII,G,5294.47,5294.47,5294.47,5294.47,5439.41,5,15,79417.0
2020-09-23,2020-09-23,SGBAPR28I,G,4824.99,4825.0,4810.0,4810.0,4787.11,6,6,28889.0
2020-09-23,2020-09-23,SGBMAY28,G,4763.0,4764.0,4763.0,4764.0,4885.0,2,22,104806.0
2020-09-23,2020-09-23,SGBJUN28,G,4800.0,4800.0,4700.0,4769.83,4803.57,36,170,810852.0
2020-09-23,2020-09-23,SGBJUL28IV,G,4760.0,4810.0,4751.0,4772.84,4810.0,111,279,1331031.0
2020-09-23,2020-09-23,SGBAUG28V,G,4800.0,4819.0,4740.0,4751.38,4798.31,252,1820,8664856.0
2020-09-23,2020-09-23,SGBSEP28VI,G,4910.49,4910.49,4910.49,4910.49,0.0,19,66,324092.0
2020-09-23,2020-09-23,TATASTEELPP,A,53.7,54.0,50.2,51.9,51.85,701,40354,2107485.0
2020-09-23,2020-09-23,IBVENTUREPP,B,94.9,98.8,89.0,91.45,93.05,830,49707,4638599.0
2020-09-23,2020-09-23,RELIANCEPP,A,1378.0,1382.0,1316.4,1339.7,1317.85,11551,137254,185655714.0
2020-09-23,2020-09-23,ABFRLPP,A,76.0,76.0,70.5,72.35,75.1,342,7841,565368.0
2020-09-23,2020-09-23,SATINPP,B,21.75,22.3,19.35,19.35,21.45,57,1101,24048.0
2020-09-23,2020-09-23,1075STF20,F,1057.0,1057.0,1055.5,1055.5,1055.0,6,153,161496.0
2020-09-23,2020-09-23,971STFC21,F,1007.5,1007.5,1007.5,1007.5,1009.32,2,30,30225.0
2020-09-23,2020-09-23,990IFCI21D,F,1070.0,1070.0,1070.0,1070.0,1057.0,1,100,107000.0
2020-09-23,2020-09-23,99IFCI24,F,1085.0,1085.0,1084.0,1084.0,1085.0,7,270,292815.0
2020-09-23,2020-09-23,849NTPC25,F,14.1,14.16,14.1,14.12,14.18,21,4840,68373.0
2020-09-23,2020-09-23,11MMFL21,F,875.21,980.0,875.21,980.0,980.0,2,30,28980.0
2020-09-23,2020-09-23,76NHAI31,F,1257.0,1258.0,1257.0,1258.0,1256.0,7,1020,1283140.0
2020-09-23,2020-09-23,774IREDA31,F,1255.55,1269.99,1255.51,1262.85,1265.7,17,533,672752.0
2020-09-23,2020-09-23,768IREDA36,F,1370.0,1370.0,1370.0,1370.0,1370.0,2,140,191800.0
2020-09-23,2020-09-23,764HUDCO31,F,1265.0,1265.0,1265.0,1265.0,1266.0,1,70,88550.0
2020-09-23,2020-09-23,769NHAI31,F,1228.0,1235.0,1227.0,1234.55,1227.0,25,1913,2352035.0
2020-09-23,2020-09-23,769HUDCO31,F,1288.0,1288.0,1288.0,1288.0,1290.0,2,200,257600.0
2020-09-23,2020-09-23,729IRFC26,F,1167.26,1170.02,1167.25,1170.02,1158.63,3,118,137830.0
2020-09-23,2020-09-23,764IRFC31,F,1300.0,1300.0,1300.0,1300.0,1299.0,1,1000,1300000.0
2020-09-23,2020-09-23,764NABAR31,F,1263.0,1263.0,1260.0,1260.0,1255.0,4,44,55560.0
2020-09-23,2020-09-23,850MFL21,F,1010.0,1022.0,1010.0,1022.0,978.98,3,110,111760.0
2020-09-23,2020-09-23,872MMFSL26,F,1045.0,1045.0,1041.0,1041.0,1045.0,5,200,208600.0
2020-09-23,2020-09-23,9MMFSL26,F,1074.41,1080.0,1074.41,1080.0,1077.32,2,100,107496.0
2020-09-23,2020-09-23,10NIDO26,F,900.0,900.0,900.0,900.0,800.0,2,663,596700.0
2020-09-23,2020-09-23,960SEFL21,F,937.5,937.5,937.5,937.5,910.0,1,40,37500.0
2020-09-23,2020-09-23,0SEFL21B,F,1320.0,1320.0,1320.0,1320.0,1358.0,1,3,3960.0
2020-09-23,2020-09-23,915RHFL27B,F,162.15,162.15,155.05,155.05,190.0,3,140,21778.0
2020-09-23,2020-09-23,975SEFL22B,F,890.5,890.5,890.5,890.5,890.1,1,200,178100.0
2020-09-23,2020-09-23,0SEFL22D,F,1202.0,1202.0,1202.0,1202.0,1130.1,1,1,1202.0
2020-09-23,2020-09-23,875MFL22,F,1010.0,1010.0,1008.0,1009.88,999.0,2,209,211064.0
2020-09-23,2020-09-23,900MFL22A,F,1040.0,1040.0,1035.0,1035.0,1030.0,2,12,12470.0
2020-09-23,2020-09-23,785MMFSL24,F,1011.01,1011.01,1011.01,1011.01,1010.0,1,20,20220.0
2020-09-23,2020-09-23,805MMFSL32,F,1150.0,1150.0,963.0,1043.0,1030.0,4,102,107736.0
2020-09-23,2020-09-23,925SEFL22,F,875.0,875.0,875.0,875.0,890.0,6,200,175000.0
2020-09-23,2020-09-23,0SEFL24,F,834.67,834.67,834.67,834.67,695.56,1,1,834.0
2020-09-23,2020-09-23,950SEFL27,F,862.5,862.5,825.0,827.88,840.1,2,13,10762.0
2020-09-23,2020-09-23,955SEFL27,F,800.0,817.19,800.0,817.19,800.0,3,50,40118.0
2020-09-23,2020-09-23,875SEFL21A,F,975.0,975.0,975.0,975.0,990.0,4,31,30225.0
2020-09-23,2020-09-23,842ERFL21,F,991.0,991.0,991.0,991.0,1000.0,1,15,14865.0
2020-09-23,2020-09-23,875ERFL21,F,1013.99,1014.0,1013.99,1014.0,1010.0,4,132,133847.0
2020-09-23,2020-09-23,9ERFL23,F,920.1,920.2,920.1,920.2,851.0,2,11,10121.0
2020-09-23,2020-09-23,888ECL28,F,824.95,824.95,823.98,823.98,824.95,2,140,115376.0
2020-09-23,2020-09-23,925ECL28,F,800.0,800.0,800.0,800.0,768.0,2,35,28000.0
2020-09-23,2020-09-23,850MFL21A,F,1003.9,1003.9,980.0,980.0,1003.9,2,515,516530.0
2020-09-23,2020-09-23,875MFL21A,F,1035.0,1035.0,1015.05,1035.0,1041.4,16,1690,1732678.0
2020-09-23,2020-09-23,9MFL23,F,1042.0,1042.0,1042.0,1042.0,1042.0,1,100,104200.0
2020-09-23,2020-09-23,91SEFL21,F,943.0,945.02,943.0,945.02,940.0,2,60,56640.0
2020-09-23,2020-09-23,0SEFL21,F,1065.8,1065.8,1065.8,1065.8,1125.0,1,50,53290.0
2020-09-23,2020-09-23,92SEFL28,F,875.0,875.0,875.0,875.0,850.0,2,34,29750.0
2020-09-23,2020-09-23,925JMFCSL21,F,1016.0,1016.0,1016.0,1016.0,1018.0,2,42,42672.0
2020-09-23,2020-09-23,0JMFCSL21,F,1212.0,1212.0,1212.0,1212.0,1212.0,1,12,14544.0
2020-09-23,2020-09-23,95JMFCSL23,F,1005.0,1005.0,1005.0,1005.0,996.0,2,75,75375.0
2020-09-23,2020-09-23,911JMFCSL23,F,1000.0,1000.0,990.0,990.0,995.34,3,30,29850.0
2020-09-23,2020-09-23,975JMFCS28,F,1002.1,1002.1,1002.0,1002.0,1002.0,3,125,125260.0
2020-09-23,2020-09-23,903SFL28,F,989.9,990.0,984.0,984.17,989.9,7,122,120700.0
2020-09-23,2020-09-23,91STFCL21,F,999.5,999.5,999.5,999.5,999.0,3,322,321839.0
2020-09-23,2020-09-23,93STFCL23,F,947.0,947.0,947.0,947.0,946.5,16,456,431832.0
2020-09-23,2020-09-23,94SFL28,F,970.0,985.0,970.0,980.0,980.0,4,120,116650.0
2020-09-23,2020-09-23,945EFL21,F,990.0,990.0,990.0,990.0,987.99,8,500,495000.0
2020-09-23,2020-09-23,925EFL23,F,900.0,900.0,900.0,900.0,915.0,1,10,9000.0
2020-09-23,2020-09-23,880TCFSL21,F,1022.8,1023.0,1017.5,1018.21,1023.0,22,640,652846.0
2020-09-23,2020-09-23,890TCFSL23,F,1053.99,1058.0,1052.0,1054.9,1051.02,32,3769,3973976.0
2020-09-23,2020-09-23,10KFL21,F,991.0,991.0,991.0,991.0,990.0,1,1,991.0
2020-09-23,2020-09-23,1025KFL25,F,985.0,985.0,985.0,985.0,989.0,1,250,246250.0
2020-09-23,2020-09-23,96AHFL21,F,1008.0,1008.0,1008.0,1008.0,997.5,1,39,39312.0
2020-09-23,2020-09-23,940STFCL21,F,1044.0,1062.99,1044.0,1062.82,1062.75,10,805,844400.0
2020-09-23,2020-09-23,950STFCL23,F,1020.16,1045.85,1020.11,1031.96,1060.01,6,410,419671.0
2020-09-23,2020-09-23,96MFL21,F,1000.0,1000.0,1000.0,1000.0,1002.02,2,190,190000.0
2020-09-23,2020-09-23,10MFL23,F,1003.1,1039.0,1003.1,1039.0,1041.25,3,6,6126.0
2020-09-23,2020-09-23,985MFL20,F,1088.8,1088.8,1088.8,1088.8,1086.0,2,2,2177.0
2020-09-23,2020-09-23,MFL29NOV18A,F,1192.9,1192.9,1190.0,1190.0,1144.0,2,6,7148.0
2020-09-23,2020-09-23,MFL25,F,1180.0,1180.0,1180.0,1180.0,1200.0,2,30,35400.0
2020-09-23,2020-09-23,10JMFCSL22,F,1078.5,1078.5,1078.5,1078.5,1071.0,1,5000,5392500.0
2020-09-23,2020-09-23,101JMFCSL23,F,1070.0,1070.0,1064.0,1065.0,1068.0,4,200,213400.0
2020-09-23,2020-09-23,967JMFCSL23,F,995.0,996.0,995.0,996.0,995.3,4,60,59755.0
2020-09-23,2020-09-23,981JMFCS28,F,1000.0,1000.0,998.0,998.0,1000.0,4,125,124950.0
2020-09-23,2020-09-23,995EFL24,F,918.0,920.2,918.0,919.0,970.0,12,500,459813.0
2020-09-23,2020-09-23,1040EFL24,F,988.0,988.0,988.0,988.0,939.0,1,75,74100.0
2020-09-23,2020-09-23,905MMFSL22,F,1060.01,1061.5,1060.0,1060.0,1060.51,9,520,551386.0
2020-09-23,2020-09-23,915MMFSL24,F,1081.0,1083.49,1080.25,1083.49,1082.0,4,128,138300.0
2020-09-23,2020-09-23,93MMFSL27,F,1130.0,1130.0,1129.99,1130.0,1124.01,6,100,112999.0
2020-09-23,2020-09-23,1025SEFL22,F,907.01,907.01,907.0,907.01,900.2,2,10,9070.0
2020-09-23,2020-09-23,1005SEFL24,F,885.0,900.0,885.0,900.0,880.0,3,59,52470.0
2020-09-23,2020-09-23,10KFLSRIII,F,985.0,985.0,985.0,985.0,985.0,1,150,147750.0
2020-09-23,2020-09-23,912STFCL24,F,1000.0,1000.0,998.99,998.99,973.0,4,110,109939.0
2020-09-23,2020-09-23,94STFCL22,F,1020.0,1023.01,1020.0,1023.0,1034.99,4,126,128820.0
2020-09-23,2020-09-23,975IFL24,F,1014.65,1014.65,1014.65,1014.65,1022.2,1,50,50732.0
2020-09-23,2020-09-23,975MFL24,F,1020.02,1020.02,1020.02,1020.02,1020.02,1,31,31620.0
2020-09-23,2020-09-23,MFLZC26,F,1141.0,1141.0,1141.0,1141.0,1175.0,1,10,11410.0
2020-09-23,2020-09-23,1075DLSL21,F,1000.0,1000.0,999.0,999.0,998.26,2,40,39980.0
2020-09-23,2020-09-23,0DLSL21A,F,1125.0,1125.0,1095.0,1113.78,1093.0,16,196,217937.0
2020-09-23,2020-09-23,1040DLSL22,F,985.0,985.0,985.0,985.0,919.0,1,18,17730.0
2020-09-23,2020-09-23,0DLSL22,F,955.15,955.15,955.15,955.15,1001.0,1,10,9551.0
2020-09-23,2020-09-23,1050DLSL24,F,989.0,989.0,940.01,964.51,990.0,2,20,19290.0
2020-09-23,2020-09-23,91LTFL22,F,1075.0,1075.0,1075.0,1075.0,1076.0,1,10,10750.0
2020-09-23,2020-09-23,925LTFH24,F,1099.0,1099.0,1099.0,1099.0,1110.0,1,100,109900.0
2020-09-23,2020-09-23,925MFL21A,F,951.1,1008.0,951.1,1003.0,1002.19,10,300,295182.0
2020-09-23,2020-09-23,975MFL24A,F,1030.0,1030.0,1026.0,1030.0,1027.0,3,107,110010.0
2020-09-23,2020-09-23,905LTF27,F,1125.0,1125.0,1090.0,1091.0,1119.0,3,22,24070.0
2020-09-23,2020-09-23,0SCUF21,F,1144.0,1144.0,1144.0,1144.0,1115.0,1,10,11440.0
2020-09-23,2020-09-23,965SCUF22,F,1010.05,1010.05,985.0,985.0,1010.0,3,50,49500.0
2020-09-23,2020-09-23,0SCUF22,F,1108.0,1110.0,1108.0,1110.0,1110.0,3,283,314110.0
2020-09-23,2020-09-23,0KFLSRI,F,1119.8,1119.8,1119.8,1119.8,1100.0,1,1,1119.0
2020-09-23,2020-09-23,975KFL21,F,955.01,988.0,955.0,988.0,985.0,22,2400,2335201.0
2020-09-23,2020-09-23,0MHIL21,F,1110.0,1110.0,1110.0,1110.0,1111.03,1,100,111000.0
2020-09-23,2020-09-23,1025SEFL24A,F,945.0,975.0,945.0,975.0,950.0,3,75,71625.0
2020-09-23,2020-09-23,1020JMFPL22,F,1031.0,1034.0,1031.0,1031.51,1030.0,4,175,180456.0
2020-09-23,2020-09-23,1004JMFPL24,F,1005.0,1005.4,1003.0,1003.27,1006.49,5,73,73247.0
2020-09-23,2020-09-23,1050JMFPL24,F,1043.0,1043.0,1036.0,1042.67,1049.0,2,105,109480.0
2020-09-23,2020-09-23,0EFL21A,F,1100.0,1134.9,1100.0,1134.9,1139.0,2,11,12134.0
2020-09-23,2020-09-23,995ECL24B,F,915.01,925.0,915.0,915.0,915.31,4,410,376650.0
2020-09-23,2020-09-23,ECL24A,F,1000.0,1100.0,1000.0,1100.0,1000.0,5,110,120855.0
2020-09-23,2020-09-23,104ECL29A,F,937.0,937.0,937.0,937.0,920.0,1,50,46850.0
2020-09-23,2020-09-23,975MFL24AA,F,1026.5,1026.5,1025.0,1025.0,1035.0,5,500,512647.0
2020-09-23,2020-09-23,95MFL21A,F,1010.0,1010.0,1010.0,1010.0,1010.0,1,100,101000.0
2020-09-23,2020-09-23,975MFL22AA,F,1065.0,1066.0,1065.0,1066.0,1043.7,2,30,31965.0
2020-09-23,2020-09-23,0MFL22AA,F,1120.0,1140.0,1120.0,1139.95,1087.0,6,475,540782.0
2020-09-23,2020-09-23,1013DLSL24,F,965.0,975.0,965.0,969.3,970.0,2,93,90145.0
2020-09-23,2020-09-23,912STF23,F,972.0,983.0,972.0,983.0,972.0,2,25,24520.0
2020-09-23,2020-09-23,845TCFS22,F,1025.35,1025.35,1025.35,1025.35,1030.0,1,40,41014.0
2020-09-23,2020-09-23,85TCAPS24,F,1060.0,1060.0,1060.0,1060.0,1053.47,1,50,53000.0
2020-09-23,2020-09-23,865TCAPS27,F,1068.0,1068.0,1068.0,1068.0,1070.1,7,415,443220.0
2020-09-23,2020-09-23,0IFL20,F,1109.3,1109.3,1109.3,1109.3,1108.13,1,30,33279.0
2020-09-23,2020-09-23,102JMFPL22,F,1000.0,1000.0,1000.0,1000.0,1000.0,1,100,100000.0
2020-09-23,2020-09-23,103JMFPL24,F,1010.0,1010.0,1010.0,1010.0,1020.0,1,100,101000.0
2020-09-23,2020-09-23,1025MMFL22,F,998.6,998.6,998.6,998.6,998.6,1,3,2995.0
2020-09-23,2020-09-23,0SCUF21A,F,1055.05,1055.05,1055.05,1055.05,1071.0,1,2,2110.0
2020-09-23,2020-09-23,93SCUF22,F,921.05,975.0,921.05,975.0,1010.0,3,505,465400.0
2020-09-23,2020-09-23,0SCUF22A,F,1075.0,1075.0,1075.0,1075.0,1000.0,1,20,21500.0
2020-09-23,2020-09-23,925MFL20,F,1080.1,1080.1,1080.1,1080.1,1080.1,2,61,65886.0
2020-09-23,2020-09-23,10MFL22A,F,1080.0,1080.0,1080.0,1080.0,1080.0,3,200,216000.0
2020-09-23,2020-09-23,975MFL24B,F,1101.0,1101.0,1026.02,1026.02,1035.63,4,1130,1161220.0
2020-09-23,2020-09-23,95MFL21D,F,1070.0,1075.0,895.2,1070.0,1075.0,32,845,894330.0
2020-09-23,2020-09-23,0MFL23A,F,1065.01,1098.4,1065.0,1098.4,1098.4,5,1043,1130733.0
2020-09-23,2020-09-23,1025MHFL24,F,1015.0,1015.0,1015.0,1015.0,1020.0,2,14,14210.0
2020-09-23,2020-09-23,MHFLZC26,F,1060.0,1060.02,1060.0,1060.01,1079.5,3,160,169602.0
2020-09-23,2020-09-23,99ECL21,F,1027.01,1050.0,1027.01,1050.0,1049.99,2,51,52400.0
2020-09-23,2020-09-23,995ECL24,F,932.0,958.6,932.0,958.6,930.0,7,31,29530.0
2020-09-23,2020-09-23,104ECL24,F,970.0,990.0,970.0,982.99,971.11,10,343,337991.0
2020-09-23,2020-09-23,995ECL29,F,865.0,865.0,865.0,865.0,887.0,7,281,243065.0
2020-09-23,2020-09-23,845LTFL22,F,1072.0,1072.0,1072.0,1072.0,1065.0,4,41,43952.0
2020-09-23,2020-09-23,86LTF24,F,1100.0,1100.0,1094.0,1100.0,1100.0,6,500,549349.0
2020-09-23,2020-09-23,865LTF26,F,1110.0,1110.0,1110.0,1110.0,1112.0,2,50,55500.0
2020-09-23,2020-09-23,975MFL24BB,F,1050.0,1050.0,1045.0,1045.0,1050.0,4,100,104750.0
2020-09-23,2020-09-23,81TCHF23,F,1064.07,1064.08,1064.07,1064.08,1063.0,5,128,136201.0
2020-09-23,2020-09-23,0EFIL21,F,977.0,977.0,977.0,977.0,1060.0,1,10,9770.0
2020-09-23,2020-09-23,9MFL21,F,985.32,985.32,985.32,985.32,985.2,1,15,14779.0
2020-09-23,2020-09-23,0MFL21CC,F,1030.02,1030.02,1030.02,1030.02,1054.5,3,165,169953.0
2020-09-23,2020-09-23,0MFL22CC,F,1020.0,1020.0,1020.0,1020.0,1020.0,1,20,20400.0
2020-09-23,2020-09-23,MFLZC25A,F,1010.0,1010.0,1010.0,1010.0,1072.3,1,10,10100.0
2020-09-23,2020-09-23,94MMFL21,F,956.2,956.2,956.2,956.2,956.1,1,1,956.0
2020-09-23,2020-09-23,95JFPL22,F,1038.0,1038.0,1038.0,1038.0,1038.0,1,100,103800.0
2020-09-23,2020-09-23,0JFPL22A,F,1037.0,1037.0,1037.0,1037.0,1037.0,1,20,20740.0
2020-09-23,2020-09-23,JMFPZC25,F,1030.0,1030.0,1028.0,1028.0,1023.0,2,90,92620.0
2020-09-23,2020-09-23,KFL29MAY20,F,986.0,986.0,986.0,986.0,980.0,2,100,98600.0
2020-09-23,2020-09-23,9MFL22,F,995.0,1000.0,982.01,982.01,985.0,3,100,99445.0
2020-09-23,2020-09-23,TATA18MAR11,F,1042500.0,1042500.0,1042500.0,1042500.0,1040000.0,2,2,2085000.0
2020-09-23,2020-09-23,843PFC22,F,5150.0,5150.0,5150.0,5150.0,4999.99,1,4,20600.0
2020-09-23,2020-09-23,915PNBPER,F,1051534.0,1051534.0,1046000.0,1046000.0,1045000.0,2,2,2097534.0
2020-09-23,2020-09-23,1015UPPC28,F,1012345.0,1012345.0,1012345.0,1012345.0,1000000.0,1,1,1012345.0
2020-09-23,2020-09-23,956SBIPERP,F,1132000.0,1132000.0,1132000.0,1132000.0,1131000.0,1,1,1132000.0
2020-09-23,2020-09-23,1025SF24,F,896000.0,899349.0,896000.0,899349.0,882555.0,2,2,1795349.0
2020-09-23,2020-09-23,MOHFL20H,F,1113948.0,1113948.0,1113948.0,1113948.0,0.0,1,8,8911584.0
2020-09-23,2020-09-23,1375SIBPER,F,103000.0,103000.0,103000.0,103000.0,103000.0,1,10,1030000.0
2020-09-23,2020-09-23,85BOBPERP,F,1015920.73,1015920.73,1015920.73,1015920.73,1015499.9,1,2,2031841.0
2020-09-23,2020-09-23,SBIBONDSII,F,10859.75,10859.75,10859.75,10859.75,10815.0,2,5,54298.0
2020-09-23,2020-09-23,IDFCFBLD1E,F,5125.01,5125.01,5125.01,5125.01,5100.0,2,4,20500.0
2020-09-23,2020-09-23,SBIBIVR,F,11060.0,11090.0,11060.0,11065.36,11085.96,21,110,1218103.0
2020-09-23,2020-09-23,SBIBIVNR,F,10780.1,10780.1,10780.1,10780.1,10775.0,1,1,10780.0
2020-09-23,2020-09-23,IIFCLBDIS1,F,1025.06,1025.06,1025.05,1025.06,1059.0,9,304,311616.0
2020-09-23,2020-09-23,IIFCLBDIS2,F,2090.0,2090.0,2077.01,2079.61,2108.99,2,50,103980.0
2020-09-23,2020-09-23,PFCBS1,F,5140.0,5200.0,5140.0,5200.0,5185.0,3,6,31019.0
2020-09-23,2020-09-23,PFCBS2,F,10595.0,10595.0,10540.11,10543.76,10650.0,7,16,169095.0
2020-09-23,2020-09-23,PFCBS3,F,5210.0,5215.0,5210.0,5215.0,5210.0,2,5,26055.0
2020-09-23,2020-09-23,PFCBS4,F,11300.0,11300.0,11300.0,11300.0,11101.03,2,6,67800.0
2020-09-23,2020-09-23,PFCBT1S1,F,5301.05,5301.05,5301.0,5301.0,5300.0,2,4,21204.0
2020-09-23,2020-09-23,PFCBT1S2,F,10300.0,10300.0,10300.0,10300.0,10270.0,1,1,10300.0
2020-09-23,2020-09-23,PFCBT1S3,F,5305.0,5305.0,5305.0,5305.0,5221.0,1,2,10610.0
2020-09-23,2020-09-23,LTINF9122II,F,2110.33,2125.0,2110.33,2125.0,2117.0,16,182,385545.0
2020-09-23,2020-09-23,820NHAI22,F,1055.0,1055.0,1051.02,1053.0,1052.0,3,287,302477.0
2020-09-23,2020-09-23,830NHAI27,F,1210.0,1213.5,1210.0,1213.5,1205.58,3,500,605945.0
2020-09-23,2020-09-23,830PFCL27,F,1289.7,1290.0,1289.7,1290.0,1265.0,5,500,644895.0
2020-09-23,2020-09-23,8IRFC230222,F,1130.0,1130.0,1130.0,1130.0,1132.6,1,10,11300.0
2020-09-23,2020-09-23,HUDCO050322,F,1094.0,1094.0,1093.0,1093.0,1093.1,3,150,164005.0
2020-09-23,2020-09-23,82HUDCO27,F,1240.05,1241.0,1240.0,1240.57,1239.94,3,226,280342.0
2020-09-23,2020-09-23,870IDFCFBL,F,10005.01,10050.0,10005.01,10010.0,10025.0,6,12,120210.0
2020-09-23,2020-09-23,870LNT22A,F,1041.0,1044.1,1041.0,1044.1,1046.99,2,6,6261.0
2020-09-23,2020-09-23,870LNT22B,F,2021.5,2030.0,2021.5,2025.6,2024.12,17,219,443780.0
2020-09-23,2020-09-23,793REC22,F,1060.11,1080.0,1060.11,1062.48,1061.43,12,810,863881.0
2020-09-23,2020-09-23,812REC27,F,1215.0,1216.5,1215.0,1216.5,1214.0,3,2000,2432925.0
2020-09-23,2020-09-23,722REC22TF,F,1115.5,1115.5,1115.5,1115.5,1112.0,1,68,75854.0
2020-09-23,2020-09-23,719PFC2023,F,1105.0,1105.0,1105.0,1105.0,1098.0,1,200,221000.0
2020-09-23,2020-09-23,751HUDCO28,F,1212.51,1212.51,1212.51,1212.51,1228.99,4,492,596554.0
2020-09-23,2020-09-23,719HUDCO28,F,1180.0,1180.0,1180.0,1180.0,1180.0,1,400,472000.0
2020-09-23,2020-09-23,704PFCL28,F,1160.0,1160.0,1160.0,1160.0,1150.0,1,200,232000.0
2020-09-23,2020-09-23,846REC28,F,1295.0,1298.01,1295.0,1297.6,1300.0,5,130,168610.0
2020-09-23,2020-09-23,871REC28,F,1314.0,1320.0,1310.1,1319.5,1315.0,25,1742,2296920.0
2020-09-23,2020-09-23,875IIFCL33,F,1431.0,1431.0,1431.0,1431.0,1430.9,4,709,1014579.0
2020-09-23,2020-09-23,843PFC23,F,1195.01,1205.0,1195.01,1205.0,1195.0,3,66,79091.0
2020-09-23,2020-09-23,876HUDCO24,F,1213.0,1213.0,1209.0,1211.25,1191.0,4,100,121125.0
2020-09-23,2020-09-23,901HUDCO34,F,1462.0,1463.99,1460.1,1463.99,1469.5,6,10,14625.0
2020-09-23,2020-09-23,866IIFCL24C,F,1350.0,1350.0,1350.0,1350.0,1350.0,1,50,67500.0
2020-09-23,2020-09-23,873IIFC29D,F,1314.0,1314.0,1314.0,1314.0,1300.0,1,10,13140.0
2020-09-23,2020-09-23,875NHAI29,F,1325.0,1325.0,1325.0,1325.0,1320.0,11,653,865225.0
2020-09-23,2020-09-23,848IRFC24,F,1177.99,1177.99,1177.99,1177.99,1185.0,1,100,117799.0
2020-09-23,2020-09-23,865IRFC29,F,1307.1,1307.1,1307.1,1307.1,1307.1,1,9,11763.0
2020-09-23,2020-09-23,880IREDA34,F,1450.0,1450.0,1440.0,1440.0,1440.0,11,1039,1497050.0
2020-09-23,2020-09-23,900KPL29,F,1331.95,1351.0,1331.95,1347.06,1332.0,11,397,533651.0
2020-09-23,2020-09-23,900KPL34,F,1440.0,1440.0,1440.0,1440.0,1445.0,1,70,100800.0
2020-09-23,2020-09-23,888IRFC29,F,1341.0,1341.0,1339.5,1339.5,1370.0,3,350,469248.0
2020-09-23,2020-09-23,841IIFC24B,F,1161.2,1161.2,1161.2,1161.2,1160.6,2,100,116120.0
2020-09-23,2020-09-23,880IIFCL29,F,1330.0,1330.0,1330.0,1330.0,1290.0,1,148,196840.0
2020-09-23,2020-09-23,880IIFCL34,F,1420.0,1420.0,1420.0,1420.0,1420.0,1,15,21300.0
2020-09-23,2020-09-23,1075IFC26A,F,10600.0,10600.0,10600.0,10600.0,10580.0,1,10,106000.0
2020-09-23,2020-09-23,IFCI310111D,F,10565.01,10565.01,10565.01,10565.01,10650.0,1,4,42260.0
2020-09-23,2020-09-23,IFCI121211A,F,9800.0,9900.0,9800.0,9900.0,9850.0,2,8,78800.0
2020-09-23,2020-09-23,IFCI150212A,F,10210.0,10230.0,10180.12,10200.11,10210.0,14,37,377641.0
2020-09-23,2020-09-23,916IFCI27,F,10150.0,10260.0,10150.0,10260.0,10499.0,2,8,81640.0
2020-09-23,2020-09-23,85IFCI24A,F,9359.0,9359.0,9359.0,9359.0,9271.0,2,8,74872.0
2020-09-23,2020-09-23,872IFCI27,F,9700.0,9915.0,8801.0,9915.0,9707.0,4,13,127351.0
