TradDt,BizDt,TckrSymb,SctySrs,OpnPric,HghPric,LwPric,ClsPric,PrvsClsgPric,TtlNbOfTxsExctd,TtlTradgVol,TtlTrfVal
2020-02-19,2020-02-19,ABB,B,1206.55,1231.0,1202.8,1210.75,1207.4,499,4072,4977077.0
2020-02-19,2020-02-19,AEGISLOG,A,257.0,266.95,251.0,255.0,255.95,3295,91251,23702186.0
2020-02-19,2020-02-19,ARE&M,A,780.0,789.8,774.75,784.35,776.4,1719,26148,20449526.0
2020-02-19,2020-02-19,AMBALALSA,XT,18.35,18.75,18.35,18.75,17.9,54,15492,288768.0
2020-02-19,2020-02-19,HDFC,A,2340.0,2384.3,2335.3,2377.4,2323.15,2563,37363,87938046.0
2020-02-19,2020-02-19,ANDHRAPET,X,27.85,27.85,25.2,25.45,27.0,251,40237,1045577.0
2020-02-19,2020-02-19,ANSALAPI,B,5.26,5.31,5.04,5.19,5.16,19,3225,16751.0
2020-02-19,2020-02-19,UTIQUE,X,1.06,1.27,1.06,1.27,1.17,15,3891,4383.0
2020-02-19,2020-02-19,BOMDYEING,A,81.85,83.65,81.65,82.4,81.35,2188,261590,21573586.0
2020-02-19,2020-02-19,ASIANHOTNR,B,80.1,80.1,72.9,75.75,83.0,266,1597,123493.0
2020-02-19,2020-02-19,ATUL,A,4988.15,5030.0,4953.0,4969.1,4996.95,302,1517,7603671.0
2020-02-19,2020-02-19,ATVPR,XT,4.35,4.35,4.14,4.35,4.35,26,5073,21104.0
2020-02-19,2020-02-19,AUTOLITEI,B,20.2,21.2,20.1,20.95,21.2,13,49,1020.0
2020-02-19,2020-02-19,BAJAJELEC,A,418.25,428.7,407.0,416.65,414.25,963,10623,4421084.0
2020-02-19,2020-02-19,BAJAJHIND,B,6.05,6.15,5.97,5.99,5.95,619,172194,1036596.0
2020-02-19,2020-02-19,FORCEMOT,A,1263.9,1277.15,1246.35,1256.6,1251.7,1487,12204,15400218.0
2020-02-19,2020-02-19,BAJFINANCE,A,4770.0,4886.7,4770.0,4877.0,4753.05,4168,47987,232664842.0
2020-02-19,2020-02-19,BALRAMCHIN,A,166.3,168.0,163.7,164.25,163.3,1239,38975,6445909.0
2020-02-19,2020-02-19,BANCOINDIA,B,94.0,94.45,93.0,94.2,93.25,154,2654,248414.0
2020-02-19,2020-02-19,ABREL,A,583.0,618.8,583.0,610.7,583.4,1542,47038,28514660.0
2020-02-19,2020-02-19,BANARISUG,B,1451.0,1470.0,1450.0,1470.0,1459.9,58,310,454825.0
2020-02-19,2020-02-19,BASF,A,857.45,858.6,840.0,852.65,845.25,717,2694,2294107.0
2020-02-19,2020-02-19,BATAINDIA,A,1812.9,1812.9,1782.1,1801.0,1797.45,1122,35193,63299308.0
2020-02-19,2020-02-19,BEML,A,883.0,892.35,871.0,878.0,876.55,1097,57036,50079510.0
2020-02-19,2020-02-19,BEL,A,83.2,84.9,81.95,84.7,83.05,1543,222273,18603227.0
2020-02-19,2020-02-19,BEPL,B,43.75,45.9,43.5,44.85,43.1,767,71659,3196600.0
2020-02-19,2020-02-19,TATASTLBSL,B,27.5,27.5,27.1,27.3,27.2,82,31367,855838.0
2020-02-19,2020-02-19,BIHSPONG,XT,0.54,0.58,0.54,0.54,0.56,9,23004,12423.0
2020-02-19,2020-02-19,BIRLACABLE,B,50.0,50.0,48.35,48.8,49.05,132,2720,133906.0
2020-02-19,2020-02-19,BLUESTARCO,A,842.9,844.5,827.5,832.45,835.75,375,1292,1082183.0
2020-02-19,2020-02-19,DISAQ,X,4610.0,4610.0,4471.05,4495.3,4610.95,53,232,1049304.0
2020-02-19,2020-02-19,QUESTCAP,X,63.5,63.5,63.5,63.5,63.5,2,51,3238.0
2020-02-19,2020-02-19,BPL,B,19.65,19.85,19.35,19.65,19.4,57,9224,180983.0
2020-02-19,2020-02-19,OAL,B,199.0,199.0,191.65,195.0,197.3,68,1409,274973.0
2020-02-19,2020-02-19,CENTEXT,B,2.54,2.58,2.44,2.51,2.5,9,4250,10717.0
2020-02-19,2020-02-19,CESC,A,694.5,694.5,679.0,689.45,686.15,390,4183,2874491.0
2020-02-19,2020-02-19,CHAMBLFERT,A,156.05,156.1,152.3,154.05,154.1,1730,24012,3692070.0
2020-02-19,2020-02-19,EXIDEIND,A,178.5,179.35,177.2,178.15,177.6,394,20954,3735036.0
2020-02-19,2020-02-19,CIPLA,A,437.85,448.8,437.85,447.45,435.65,2571,74148,32992351.0
2020-02-19,2020-02-19,DICIND,B,365.5,367.0,357.1,360.8,374.5,52,481,174872.0
2020-02-19,2020-02-19,CRISIL,A,1599.0,1658.15,1590.6,1635.0,1590.25,344,1125,1827330.0
2020-02-19,2020-02-19,CGPOWER,B,8.2,8.68,8.2,8.47,8.27,133,107696,925624.0
2020-02-19,2020-02-19,DABUR,A,498.05,510.0,490.0,507.95,504.85,4326,73347,36690236.0
2020-02-19,2020-02-19,DALMIASUG,B,114.0,114.7,111.4,113.25,108.95,1170,29527,3328609.0
2020-02-19,2020-02-19,ARVIND,A,38.5,39.5,38.5,39.25,38.4,237,45174,1771584.0
2020-02-19,2020-02-19,BALARPURIND,T,0.45,0.45,0.45,0.45,0.47,18,433039,194867.0
2020-02-19,2020-02-19,BHEL,A,34.95,35.5,34.2,35.4,34.7,1706,947784,33126617.0
2020-02-19,2020-02-19,HINDPETRO,A,227.0,227.0,223.5,226.4,224.9,1860,282710,63671405.0
2020-02-19,2020-02-19,IFCI,A,5.95,6.09,5.92,6.02,5.88,3897,180431,1084667.0
2020-02-19,2020-02-19,MTNL,B,9.46,9.64,8.87,9.23,9.11,316,135993,1256693.0
2020-02-19,2020-02-19,MRPL,A,41.15,41.2,40.05,40.45,40.3,345,42047,1705289.0
2020-02-19,2020-02-19,CHENNPETRO,A,117.4,117.55,113.25,114.4,114.8,904,29119,3375550.0
2020-02-19,2020-02-19,RELCAPITAL,A,6.9,7.24,6.8,7.23,6.9,759,384552,2722342.0
2020-02-19,2020-02-19,SBIN,A,321.7,323.95,317.3,320.25,317.6,14287,1272350,407317239.0
2020-02-19,2020-02-19,SAIL,A,42.4,42.9,41.1,41.6,41.95,7100,923462,38499225.0
2020-02-19,2020-02-19,TITAN,A,1311.1,1333.4,1311.1,1329.9,1311.1,2641,57966,76722913.0
2020-02-19,2020-02-19,IDBI,A,34.0,34.85,34.0,34.6,34.1,632,123411,4259717.0
2020-02-19,2020-02-19,DCW,B,14.0,14.15,13.7,13.75,13.75,45,11110,154272.0
2020-02-19,2020-02-19,DHAMPURSUG,B,192.15,194.85,189.4,193.75,188.95,924,29860,5744258.0
2020-02-19,2020-02-19,DIAMINESQ,X,196.0,220.0,194.1,216.1,193.65,1231,91634,19261172.0
2020-02-19,2020-02-19,ELANTAS,B,3100.0,3125.0,3021.0,3028.55,3061.05,82,760,2310361.0
2020-02-19,2020-02-19,DRREDDY,A,3250.0,3297.15,3250.0,3276.85,3250.2,626,5237,17179192.0
2020-02-19,2020-02-19,EIDPARRY,A,207.0,209.9,205.8,207.75,205.05,543,16255,3378995.0
2020-02-19,2020-02-19,PGHL,A,4270.0,4270.0,4210.0,4224.0,4240.7,204,442,1874281.0
2020-02-19,2020-02-19,ELECTCAST,B,15.12,15.3,15.03,15.23,15.02,86,41925,639148.0
2020-02-19,2020-02-19,ESABINDIA,B,1606.5,1607.5,1565.0,1577.3,1609.95,119,673,1071340.0
2020-02-19,2020-02-19,EPL,A,182.9,188.75,181.0,185.9,181.6,293,3931,721317.0
2020-02-19,2020-02-19,ESTER,B,39.25,40.5,38.8,40.05,37.95,354,10227,402646.0
2020-02-19,2020-02-19,FERROALLOYS,X,1.16,1.16,1.16,1.16,1.22,21,10204,11836.0
2020-02-19,2020-02-19,PHCAP,X,24.05,24.05,21.85,21.85,23.0,4,826,18072.0
2020-02-19,2020-02-19,FINCABLES,A,370.6,370.6,360.35,361.75,363.3,336,3428,1248140.0
2020-02-19,2020-02-19,COCKERILL,X,800.0,800.0,750.0,762.0,749.85,37,1094,838673.0
2020-02-19,2020-02-19,UFLEX,A,221.5,234.7,218.25,229.1,221.45,834,16539,3753070.0
2020-02-19,2020-02-19,FOSECOIND,B,1358.05,1379.75,1336.8,1356.05,1331.3,19,97,131550.0
2020-02-19,2020-02-19,GOLDENTOBC,B,24.45,24.55,24.2,24.5,24.65,6,44,1068.0
2020-02-19,2020-02-19,GANESHBE,X,39.2,39.2,38.0,39.0,38.05,87,13360,514010.0
2020-02-19,2020-02-19,GARDENSILK,T,9.08,9.25,8.65,8.65,9.1,35,10102,89617.0
2020-02-19,2020-02-19,METROGLOBL,X,46.15,46.15,46.0,46.1,46.5,3,30,1382.0
2020-02-19,2020-02-19,GTL,B,1.47,1.59,1.47,1.5,1.52,9,4502,6799.0
2020-02-19,2020-02-19,GODFRYPHLP,A,1349.85,1349.85,1288.15,1301.0,1301.15,765,5661,7412012.0
2020-02-19,2020-02-19,GODREJIND,A,419.9,419.9,412.75,414.8,417.95,3112,70933,29479155.0
2020-02-19,2020-02-19,KANSAINER,A,502.3,505.25,497.2,500.4,502.5,262,3741,1868840.0
2020-02-19,2020-02-19,GOODRICKE,X,167.0,170.1,165.55,168.9,164.2,171,6542,1106265.0
2020-02-19,2020-02-19,GOODYEAR,B,925.3,927.4,909.05,913.1,924.25,355,2854,2615659.0
2020-02-19,2020-02-19,GTNINDS,T,7.21,7.57,6.85,7.57,7.21,3,15,108.0
2020-02-19,2020-02-19,GHCL,A,172.35,173.45,168.35,169.65,171.55,413,7738,1319234.0
2020-02-19,2020-02-19,GFLLIMITED,B,155.0,156.95,148.0,149.15,152.85,282,5140,783070.0
2020-02-19,2020-02-19,HCL-INSYS,B,5.98,6.12,5.87,6.08,6.06,115,62030,371838.0
2020-02-19,2020-02-19,HDFCBANK,A,1216.0,1229.7,1214.1,1226.1,1213.55,4729,92646,113167758.0
2020-02-19,2020-02-19,HEROMOTOCO,A,2265.0,2279.85,2227.8,2251.95,2253.4,1889,18151,40847643.0
2020-02-19,2020-02-19,HFCL,A,16.95,17.0,16.85,16.95,16.9,1053,106460,1801557.0
2020-02-19,2020-02-19,HSCL,A,52.0,53.6,51.55,52.75,51.2,574,50459,2650737.0
2020-02-19,2020-02-19,HCC,B,9.05,9.45,9.0,9.25,8.94,292,129099,1189243.0
2020-02-19,2020-02-19,HINDOILEXP,B,91.0,93.0,90.0,90.45,90.55,231,9028,821731.0
2020-02-19,2020-02-19,AGI,B,57.65,59.15,56.3,56.75,56.3,643,24581,1423576.0
2020-02-19,2020-02-19,HINDZINC,A,186.0,189.5,184.65,184.95,185.6,558,14779,2755990.0
2020-02-19,2020-02-19,NDLVENTURE,B,406.05,411.4,392.0,398.3,406.35,179,1981,793787.0
2020-02-19,2020-02-19,HMT,Z,11.8,11.8,11.05,11.28,11.32,26,1288,14656.0
2020-02-19,2020-02-19,PRAGBOS,XT,2.45,2.62,2.4,2.4,2.5,7,21000,50465.0
2020-02-19,2020-02-19,HLVLTD,B,4.25,4.4,4.25,4.28,4.51,64,40675,176063.0
2020-02-19,2020-02-19,IGPL,B,172.0,172.4,166.0,168.05,170.5,72,1551,260872.0
2020-02-19,2020-02-19,INDIAGLYCO,B,362.5,377.35,356.0,363.75,355.25,5481,144886,53064829.0
2020-02-19,2020-02-19,MARGOFIN,X,6.59,6.59,6.59,6.59,6.59,2,50,329.0
2020-02-19,2020-02-19,INDORAMA,B,20.8,21.75,20.1,20.85,20.9,115,4225,86985.0
2020-02-19,2020-02-19,INFY,A,800.0,804.7,796.0,800.7,797.45,3448,100572,80453391.0
2020-02-19,2020-02-19,INGERRAND,B,646.0,648.55,639.15,641.85,645.4,142,1623,1044269.0
2020-02-19,2020-02-19,INSILCOLTD,X,9.25,9.89,8.6,9.05,8.87,48,4582,40816.0
2020-02-19,2020-02-19,INTEGFINSE,XT,23.75,23.75,23.75,23.75,23.75,1,56,1330.0
2020-02-19,2020-02-19,ITHL,X,70.0,72.9,69.5,70.6,71.25,40,7645,538125.0
2020-02-19,2020-02-19,IONEXCHANG,B,893.05,916.0,875.4,902.85,890.2,1763,27631,24647860.0
2020-02-19,2020-02-19,SUNDROP,B,691.6,694.9,677.05,683.1,695.0,130,397,271986.0
2020-02-19,2020-02-19,JISLJALEQS,A,6.29,6.63,6.1,6.24,6.32,453,428821,2680069.0
2020-02-19,2020-02-19,JASCH,X,30.05,31.8,30.0,30.45,30.0,19,3667,112195.0
2020-02-19,2020-02-19,JCTLTD,X,0.74,0.78,0.72,0.75,0.74,94,57786,43435.0
2020-02-19,2020-02-19,JINDALPOLY,B,263.9,267.2,262.5,265.75,261.6,73,407,107920.0
2020-02-19,2020-02-19,JSWSTEEL,A,286.25,289.8,280.05,280.7,284.85,1588,181185,51606109.0
2020-02-19,2020-02-19,UMANGDAIRY,B,42.65,47.0,42.05,45.05,42.1,383,4299,192847.0
2020-02-19,2020-02-19,KAJARIACER,A,534.65,547.2,534.0,538.5,527.05,617,6080,3279684.0
2020-02-19,2020-02-19,KAKATCEM,B,183.9,186.75,180.1,184.9,177.9,291,5230,968475.0
2020-02-19,2020-02-19,KSL,B,233.65,235.2,230.0,231.95,231.1,557,8440,1960335.0
2020-02-19,2020-02-19,KANELIND,XT,0.32,0.32,0.32,0.32,0.33,3,211,67.0
2020-02-19,2020-02-19,WHIRLPOOL,A,2307.4,2313.45,2243.05,2253.25,2300.65,795,3255,7375364.0
2020-02-19,2020-02-19,KGDENIM,XT,29.0,30.2,28.1,29.1,29.1,51,10434,306298.0
2020-02-19,2020-02-19,KINETICENG,XT,27.3,28.5,27.1,27.5,28.5,31,8207,222795.0
2020-02-19,2020-02-19,KIRLOSBROS,B,176.0,180.95,172.5,179.85,173.9,951,14162,2511759.0
2020-02-19,2020-02-19,KIRLOSIND,B,612.1,639.8,612.05,634.75,608.5,50,396,244744.0
2020-02-19,2020-02-19,KIRLFER,B,68.55,70.95,68.0,70.35,67.85,281,2348,163851.0
2020-02-19,2020-02-19,KOTAKBANK,A,1718.0,1739.95,1696.1,1700.0,1691.05,3346,78609,134605431.0
2020-02-19,2020-02-19,KSB,B,706.9,715.0,696.25,701.75,704.3,77,394,277379.0
2020-02-19,2020-02-19,LGBBROSLTD,B,284.3,287.55,279.35,282.55,280.85,148,853,242186.0
2020-02-19,2020-02-19,TRENT,A,737.0,777.55,737.0,775.2,726.8,3515,49996,37970341.0
2020-02-19,2020-02-19,LMW,A,3272.0,3302.0,3262.0,3269.5,3271.95,215,458,1500337.0
2020-02-19,2020-02-19,LICHSGFIN,A,365.6,373.0,361.5,366.05,363.65,4798,245465,89918586.0
2020-02-19,2020-02-19,UTTAMVALUE,B,0.19,0.19,0.19,0.19,0.19,11,1196,227.0
2020-02-19,2020-02-19,LUPIN,A,706.0,716.0,705.0,708.85,705.8,1335,25947,18411801.0
2020-02-19,2020-02-19,LYKALABS,B,18.45,18.5,18.0,18.05,18.15,194,7888,144335.0
2020-02-19,2020-02-19,RAMCOCEM,A,791.7,802.4,786.5,799.65,788.5,447,6126,4874572.0
2020-02-19,2020-02-19,MAFATIND,X,68.3,77.8,68.3,74.65,69.6,28,2528,189135.0
2020-02-19,2020-02-19,MAHSEAMLES,A,342.0,348.3,337.15,339.55,338.55,125,980,335936.0
2020-02-19,2020-02-19,MAHSCOOTER,A,4715.95,4750.0,4650.0,4736.35,4664.0,103,266,1255197.0
2020-02-19,2020-02-19,MAJESAUT,X,111.0,115.0,108.25,111.7,110.1,27,2790,310388.0
2020-02-19,2020-02-19,MANALIPETC,B,17.3,17.95,17.05,17.8,17.0,219,25879,453231.0
2020-02-19,2020-02-19,MFSL,A,511.7,522.3,502.7,516.45,502.35,2661,90746,46789453.0
2020-02-19,2020-02-19,ONIDA,B,9.06,9.35,9.06,9.15,8.95,30,5589,51305.0
2020-02-19,2020-02-19,CENTENKA,B,173.75,174.05,170.4,170.85,173.25,129,2516,432005.0
2020-02-19,2020-02-19,LORDSCHLO,XT,26.3,28.95,26.3,26.3,27.6,10,352,9382.0
2020-02-19,2020-02-19,SPICEJET,A,84.5,89.65,83.7,87.65,84.05,6422,773525,67463776.0
2020-02-19,2020-02-19,MOREPENLAB,B,14.37,14.48,14.05,14.15,14.3,145,48718,693010.0
2020-02-19,2020-02-19,MRF,A,70417.5,70417.5,69531.2,69955.7,69700.95,239,283,19774228.0
2020-02-19,2020-02-19,HEIDELBERG,A,200.0,205.7,198.0,202.0,199.3,3906,120979,24517470.0
2020-02-19,2020-02-19,NCC,A,42.4,43.4,40.85,43.05,41.45,4059,3331449,139299635.0
2020-02-19,2020-02-19,VEDL,A,142.75,144.2,141.6,142.65,140.6,1805,178662,25548380.0
2020-02-19,2020-02-19,NAHARSPING,B,38.6,41.4,38.6,39.95,39.45,86,1728,69716.0
2020-02-19,2020-02-19,NAPEROL,X,1695.0,1734.8,1660.0,1710.55,1675.55,651,4224,7168386.0
2020-02-19,2020-02-19,GRASIM,A,731.25,759.9,728.7,757.0,724.1,2153,54310,40541006.0
2020-02-19,2020-02-19,PEL,A,1537.9,1579.65,1533.0,1572.0,1522.3,2827,43132,67290961.0
2020-02-19,2020-02-19,NIITLTD,B,107.0,113.8,106.85,113.2,106.25,3712,154117,17053122.0
2020-02-19,2020-02-19,JAYKAY,X,3.28,3.67,3.26,3.32,3.44,22,3575,12001.0
2020-02-19,2020-02-19,NIRLON,B,292.15,296.75,292.0,295.35,292.55,57,7488,2191953.0
2020-02-19,2020-02-19,ONGC,A,100.1,102.2,98.8,101.7,99.25,5459,657005,66082135.0
2020-02-19,2020-02-19,OILCOUNTUB,T,3.7,3.7,3.45,3.7,3.54,6,850,3045.0
2020-02-19,2020-02-19,ORIENTHOT,B,27.5,28.35,27.5,28.3,27.8,6,172,4761.0
2020-02-19,2020-02-19,ORINTALBANK,A,42.4,42.45,41.6,41.8,41.8,284,45744,1922181.0
2020-02-19,2020-02-19,OSWALAGRO,B,5.35,7.4,5.35,6.68,6.33,55,12046,80270.0
2020-02-19,2020-02-19,INDSUCR,XT,24.95,24.95,22.95,22.95,24.15,47,8297,192531.0
2020-02-19,2020-02-19,RELIANCE,A,1475.55,1506.5,1475.55,1504.2,1466.1,14476,291146,436034862.0
2020-02-19,2020-02-19,PILITA,B,5.75,5.76,5.45,5.5,5.73,21,17493,99018.0
2020-02-19,2020-02-19,PENTAMEDG,X,0.28,0.3,0.28,0.28,0.29,41,45305,12949.0
2020-02-19,2020-02-19,RAYMOND,A,585.0,594.4,581.0,585.15,578.7,1127,19992,11766700.0
2020-02-19,2020-02-19,PIDILITIND,A,1580.0,1599.1,1578.95,1593.75,1582.0,962,13845,22010560.0
2020-02-19,2020-02-19,PIXTRANS,X,149.0,154.5,134.25,139.15,138.45,56,3434,474833.0
2020-02-19,2020-02-19,BIRLACORPN,A,743.7,766.0,743.7,746.75,744.9,738,4406,3334262.0
2020-02-19,2020-02-19,SURYAROSNI,B,165.95,173.2,163.9,165.7,162.8,400,13930,2330492.0
2020-02-19,2020-02-19,PRIMESECU,B,38.7,41.75,37.6,40.3,38.0,221,26112,1026292.0
2020-02-19,2020-02-19,PRSMJOHNSN,A,63.1,64.4,62.2,62.95,63.7,393,22837,1450209.0
2020-02-19,2020-02-19,RAIN,A,104.5,105.5,103.5,104.2,103.65,805,45861,4785505.0
2020-02-19,2020-02-19,AMJLAND,B,20.2,20.2,19.5,19.5,21.0,6,502,9936.0
2020-02-19,2020-02-19,PUNJCOMMU,B,12.3,12.3,10.5,11.25,11.4,13,809,9424.0
2020-02-19,2020-02-19,RSWM,B,116.1,119.05,116.0,117.4,115.1,77,291,34230.0
2020-02-19,2020-02-19,RAJSREESUG,B,17.4,17.4,16.5,16.5,16.85,3,501,8267.0
2020-02-19,2020-02-19,RALLIS,A,230.0,243.9,228.75,238.05,230.1,2829,97994,23263166.0
2020-02-19,2020-02-19,RAMANEWS,B,13.71,14.24,13.71,14.24,13.5,2,250,3533.0
2020-02-19,2020-02-19,RAMAPPR-B,X,10.85,11.45,10.8,10.8,11.36,16,2305,24905.0
2020-02-19,2020-02-19,RAPICUT,X,33.5,34.55,31.2,32.55,34.2,39,2681,87248.0
2020-02-19,2020-02-19,WELSPLSOL,X,9.0,10.2,9.0,9.6,9.0,50,32206,315317.0
2020-02-19,2020-02-19,ROLTA,T,3.65,3.65,3.35,3.5,3.5,104,65896,228143.0
2020-02-19,2020-02-19,RUBFILA,X,31.9,33.0,31.9,32.2,31.4,63,8862,286479.0
2020-02-19,2020-02-19,PATANJALI,B,46.1,46.1,46.1,46.1,43.95,17,3212,148073.0
2020-02-19,2020-02-19,SALORAINTL,X,12.36,12.36,12.36,12.36,13.0,2,800,9888.0
2020-02-19,2020-02-19,JINDALSAW,A,89.4,90.6,88.1,88.55,89.2,1744,85686,7620213.0
2020-02-19,2020-02-19,JKLAKSHMI,A,329.7,329.85,323.5,325.95,324.9,387,2787,908176.0
2020-02-19,2020-02-19,SHREECEM,A,25000.0,25222.9,24350.0,24552.2,23798.35,1066,19917,496141695.0
2020-02-19,2020-02-19,RELINFRA,A,22.25,23.4,21.1,23.05,21.9,1323,549923,12279405.0
2020-02-19,2020-02-19,TATAPOWER,A,52.8,52.8,50.8,51.4,51.5,1467,351169,18072188.0
2020-02-19,2020-02-19,SPMLINFRA,B,8.46,9.14,8.46,9.14,8.78,26,1579,13836.0
2020-02-19,2020-02-19,SUNDRMFAST,A,456.9,456.9,444.0,444.95,446.35,522,2211,986634.0
2020-02-19,2020-02-19,SUNFLAG,B,36.35,38.35,36.35,37.65,36.3,195,17569,655180.0
2020-02-19,2020-02-19,SPLPETRO,B,169.95,173.7,168.9,171.2,170.45,134,2470,424296.0
2020-02-19,2020-02-19,SWARAJENG,B,1150.0,1170.85,1150.0,1168.7,1146.65,40,251,291178.0
2020-02-19,2020-02-19,TATAELXSI,A,978.0,1014.0,978.0,1005.45,968.05,2772,84481,84697440.0
2020-02-19,2020-02-19,ACC,A,1434.9,1442.9,1422.9,1431.15,1422.05,963,42017,60172024.0
2020-02-19,2020-02-19,THERMAX,A,974.9,1000.65,964.05,985.55,967.55,391,1643,1618054.0
2020-02-19,2020-02-19,TIRUMALCHM,B,65.0,66.45,63.45,64.05,65.0,851,72660,4715023.0
2020-02-19,2020-02-19,THOMASCOOK,B,42.65,44.55,41.0,41.1,42.9,432,35018,1499163.0
2020-02-19,2020-02-19,TIMEX,X,38.0,38.4,36.8,37.35,37.65,185,49601,1857134.0
2020-02-19,2020-02-19,TOKYOPLAST,B,65.0,65.0,61.0,62.95,60.45,8,662,42537.0
2020-02-19,2020-02-19,TORNTPHARM,A,2140.0,2285.95,2134.65,2241.65,2132.0,2574,132776,292190385.0
2020-02-19,2020-02-19,AMBUJACEM,A,203.05,206.25,202.0,205.95,200.95,1245,44069,9004585.0
2020-02-19,2020-02-19,UTLINDS,X,11.58,11.58,10.5,11.35,11.05,15,6639,73798.0
2020-02-19,2020-02-19,UNIENTER,B,71.0,73.45,69.0,71.0,69.7,77,1148,81284.0
2020-02-19,2020-02-19,VHL,B,1306.0,1325.0,1306.0,1325.0,1303.15,11,33,43639.0
2020-02-19,2020-02-19,HINDALCO,A,184.0,188.45,184.0,188.1,184.5,1051,240355,44881380.0
2020-02-19,2020-02-19,WSTCSTPAPR,B,210.95,228.0,209.45,221.25,209.25,1040,9526,2058318.0
2020-02-19,2020-02-19,HOCL,B,11.73,12.38,11.5,11.58,11.93,182,64894,767580.0
2020-02-19,2020-02-19,PASUPTAC,X,9.69,10.0,9.52,9.78,9.7,56,19685,191851.0
2020-02-19,2020-02-19,PGHH,A,11206.45,11305.35,11168.9,11185.5,11249.25,78,128,1433937.0
2020-02-19,2020-02-19,MUKANDLTD,B,25.4,27.0,25.3,26.35,25.75,9,841,21348.0
2020-02-19,2020-02-19,BBOX,B,370.75,375.95,370.75,375.95,358.05,122,4336,1627304.0
2020-02-19,2020-02-19,UCAL,B,121.35,121.5,118.45,119.7,117.8,129,1434,172264.0
2020-02-19,2020-02-19,HARRMALAYA,B,62.6,65.05,62.45,63.05,61.95,345,17600,1123109.0
2020-02-19,2020-02-19,FEDERALBNK,A,82.6,85.4,82.6,84.45,81.95,1462,490254,41392572.0
2020-02-19,2020-02-19,TATASTEEL,A,436.1,438.45,428.35,432.95,431.65,6165,477846,207061189.0
2020-02-19,2020-02-19,SKFINDIA,A,1956.0,1979.25,1923.8,1959.7,1952.6,119,444,867516.0
2020-02-19,2020-02-19,ASHOKLEY,A,80.9,81.6,79.75,81.3,80.25,1901,570441,46013421.0
2020-02-19,2020-02-19,CUMMINSIND,A,537.65,543.95,532.0,539.9,530.1,728,12516,6745609.0
2020-02-19,2020-02-19,TATACOMM,B,393.1,394.9,381.95,384.55,391.4,1420,39460,15249218.0
2020-02-19,2020-02-19,ABBOTINDIA,A,15709.6,16199.0,15680.0,15738.55,15456.95,578,1160,18485467.0
2020-02-19,2020-02-19,BAJAJHLDNG,A,3716.35,3806.05,3669.35,3761.0,3697.8,625,1539,5772008.0
2020-02-19,2020-02-19,BHARATFORG,A,484.65,488.15,477.65,479.55,480.25,602,20027,9623921.0
2020-02-19,2020-02-19,ESCORTS,A,896.95,914.4,889.75,910.6,888.1,3417,141141,127865224.0
2020-02-19,2020-02-19,HINDMOTORS,B,5.2,5.2,4.99,5.01,5.11,41,13317,66959.0
2020-02-19,2020-02-19,LT,A,1290.1,1298.6,1276.65,1281.4,1286.25,4032,80016,102629212.0
2020-02-19,2020-02-19,M&M,A,526.5,529.85,522.0,526.0,523.25,1355,53660,28165461.0
2020-02-19,2020-02-19,BOSCHLTD,A,14700.0,14715.0,14407.75,14616.35,14561.25,190,326,4756023.0
2020-02-19,2020-02-19,PREMIER,T,1.58,1.58,1.58,1.58,1.66,1,66,104.0
2020-02-19,2020-02-19,BPCL,A,473.0,481.0,469.3,475.75,470.7,2816,237771,112904255.0
2020-02-19,2020-02-19,SIEMENS,A,1395.9,1424.65,1395.9,1421.7,1395.9,750,43127,61006959.0
2020-02-19,2020-02-19,TMPV,A,163.0,164.1,153.0,158.05,161.6,23284,3419137,537422013.0
2020-02-19,2020-02-19,VOLTAS,A,700.0,737.0,700.0,733.35,693.85,2976,111478,80359222.0
2020-02-19,2020-02-19,GESHIP,A,281.0,283.4,273.7,276.2,273.65,702,4737,1322699.0
2020-02-19,2020-02-19,DEEPAKFERT,A,96.75,98.6,96.45,96.65,95.9,490,21022,2049665.0
2020-02-19,2020-02-19,EXCELINDUS,B,750.0,760.0,697.05,709.5,739.65,491,3973,2879645.0
2020-02-19,2020-02-19,GRWRHITECH,X,204.9,210.65,204.9,209.8,202.4,81,6605,1380831.0
2020-02-19,2020-02-19,GLAXO,A,1349.0,1362.75,1326.1,1341.7,1344.6,1070,9146,12250207.0
2020-02-19,2020-02-19,GNFC,A,173.15,181.9,173.0,177.75,173.15,1599,60713,10813598.0
2020-02-19,2020-02-19,NOVARTIND,B,628.5,634.9,616.0,619.3,619.6,409,10925,6818150.0
2020-02-19,2020-02-19,SANOFI,A,7250.0,7285.0,7140.1,7176.05,7174.05,353,816,5892443.0
2020-02-19,2020-02-19,GLAXOSMITHKL,A,9653.55,9917.55,9653.55,9867.5,9604.0,181,279,2744717.0
2020-02-19,2020-02-19,PFIZER,A,4166.65,4273.0,4160.0,4220.5,4128.35,944,3741,15783762.0
2020-02-19,2020-02-19,GSFC,A,70.0,71.9,69.8,70.5,69.45,361,32302,2282811.0
2020-02-19,2020-02-19,HINDUNILVR,A,2250.0,2307.2,2241.9,2293.5,2232.9,2458,58458,133623041.0
2020-02-19,2020-02-19,JSWDULUX,A,2371.85,2500.0,2357.8,2462.7,2336.1,1047,4119,10076334.0
2020-02-19,2020-02-19,NOCIL,A,88.85,96.55,87.8,93.65,88.0,3384,275131,25623208.0
2020-02-19,2020-02-19,TATACHEM,A,751.3,768.25,748.75,765.1,750.0,797,25746,19547927.0
2020-02-19,2020-02-19,TNPETRO,B,35.55,35.9,34.9,35.2,35.15,160,12547,442176.0
2020-02-19,2020-02-19,ZUARIIND,B,46.35,48.25,46.35,47.55,46.05,42,1297,61132.0
2020-02-19,2020-02-19,NESTLEIND,A,16506.0,16839.55,16489.2,16775.95,16400.8,1029,2958,49516987.0
2020-02-19,2020-02-19,TATACONSUM,A,384.0,386.25,377.1,383.1,382.05,4209,234934,89916000.0
2020-02-19,2020-02-19,ASIANPAINT,A,1865.05,1892.35,1852.65,1886.25,1863.3,1938,88461,164441594.0
2020-02-19,2020-02-19,BRITANNIA,A,3079.1,3109.0,3040.0,3080.95,3065.7,1334,15961,49179283.0
2020-02-19,2020-02-19,COLPAL,A,1331.8,1355.85,1327.35,1352.65,1325.2,2012,36222,48707532.0
2020-02-19,2020-02-19,EIHOTEL,A,136.45,143.35,135.0,140.45,136.0,255,2907,402833.0
2020-02-19,2020-02-19,INDHOTEL,A,131.0,137.7,130.55,137.05,130.8,1111,32970,4424611.0
2020-02-19,2020-02-19,CASTROLIND,A,157.0,160.0,156.6,159.55,155.8,5024,57660,9157844.0
2020-02-19,2020-02-19,ITC,A,204.35,207.2,203.9,206.7,203.9,4033,345066,70998441.0
2020-02-19,2020-02-19,APOLLOTYRE,A,152.8,153.1,150.5,150.8,151.45,1935,87855,13305490.0
2020-02-19,2020-02-19,CEATLTD,A,1054.55,1074.0,1051.15,1069.55,1045.75,1456,47294,50319298.0
2020-02-19,2020-02-19,MODIRUBBER,T,31.5,31.5,31.45,31.45,30.75,2,12,377.0
2020-02-19,2020-02-19,FINPIPE,A,553.15,553.15,550.0,550.55,548.85,112,844,464871.0
2020-02-19,2020-02-19,DSINVEST,XT,307.95,307.95,307.95,307.95,314.2,2,6,1847.0
2020-02-19,2020-02-19,CENTRUM,A,19.0,20.25,19.0,19.75,19.75,102,13326,260478.0
2020-02-19,2020-02-19,TCIFINANCE,B,6.3,6.36,6.05,6.11,6.06,98,16052,100079.0
2020-02-19,2020-02-19,IITL,B,84.95,86.95,84.95,86.95,82.05,5,700,59642.0
2020-02-19,2020-02-19,TATAINVEST,A,936.45,941.5,920.05,922.75,933.5,308,2290,2121081.0
2020-02-19,2020-02-19,PRISMX,X,24.3,24.3,24.3,24.3,24.75,2,2,48.0
2020-02-19,2020-02-19,MOTOGENFIN,B,33.1,35.1,33.1,35.1,33.25,6,50,1705.0
2020-02-19,2020-02-19,WALCHPF,X,54.0,55.0,54.0,55.0,54.35,3,120,6530.0
2020-02-19,2020-02-19,WHBRADY,X,104.7,113.0,104.5,113.0,110.0,6,127,13285.0
2020-02-19,2020-02-19,SHAILY,X,508.75,508.75,480.1,492.15,496.1,103,2458,1215398.0
2020-02-19,2020-02-19,BBTC,A,1132.0,1148.0,1115.0,1123.15,1120.1,1155,11015,12451914.0
2020-02-19,2020-02-19,BOMBCYC,X,725.0,728.5,715.0,715.1,724.95,13,96,69509.0
2020-02-19,2020-02-19,GREAVESCOT,A,144.0,147.1,142.25,144.8,142.6,3106,45716,6627844.0
2020-02-19,2020-02-19,INDIANVSH,X,41.75,42.0,41.75,42.0,41.5,59,4921,206190.0
2020-02-19,2020-02-19,COASTCORP,X,262.75,269.45,262.5,263.25,267.0,27,196,51872.0
2020-02-19,2020-02-19,CHOWGULSTM,XT,3.2,3.26,3.2,3.26,3.25,7,7956,25936.0
2020-02-19,2020-02-19,GARWAOFFS,B,4.4,4.5,4.4,4.5,4.53,2,233,1045.0
2020-02-19,2020-02-19,ASIIL,X,10.45,10.69,10.01,10.31,10.69,42,6597,68065.0
2020-02-19,2020-02-19,SAGCEM,B,519.1,519.1,512.4,514.1,513.45,6,29,14909.0
2020-02-19,2020-02-19,DECCANCE,B,266.5,279.6,266.5,274.75,264.0,43,202,54546.0
2020-02-19,2020-02-19,MANGLMCEM,B,275.2,283.4,272.05,274.4,271.0,85,834,230837.0
2020-02-19,2020-02-19,NCLIND,B,83.95,85.1,83.5,85.1,83.0,23,2185,183142.0
2020-02-19,2020-02-19,SAURASHCEM,X,50.0,54.4,50.0,50.85,49.5,220,20093,1039913.0
2020-02-19,2020-02-19,SHREDIGCEM,B,26.85,27.7,26.75,27.5,26.4,207,38430,1054520.0
2020-02-19,2020-02-19,BORORENEW,B,213.1,223.5,213.1,219.55,211.45,2675,65080,14262422.0
2020-02-19,2020-02-19,ANDHRAPAP,B,273.4,275.0,269.85,275.0,272.5,19,165,44734.0
2020-02-19,2020-02-19,BALKRISIND,A,1234.4,1274.15,1229.15,1262.2,1238.25,3220,76209,95617130.0
2020-02-19,2020-02-19,ORIENTPPR,B,22.35,24.05,22.3,23.7,22.1,313,50826,1175305.0
2020-02-19,2020-02-19,CITADEL,X,10.12,10.12,10.12,10.12,10.36,2,300,3036.0
2020-02-19,2020-02-19,ROLLT,B,1.72,1.72,1.44,1.5,1.59,10,2077,3143.0
2020-02-19,2020-02-19,SESHAPAPER,B,153.9,158.1,153.05,155.8,150.8,53,521,80484.0
2020-02-19,2020-02-19,NATHIND,XT,102.0,102.45,98.0,98.0,98.4,36,749,75406.0
2020-02-19,2020-02-19,SINTEXIND,T,0.72,0.72,0.66,0.72,0.69,169,287578,196881.0
2020-02-19,2020-02-19,DCM,B,20.5,20.6,19.25,20.5,19.65,78,514,10247.0
2020-02-19,2020-02-19,FORBESCO,B,1450.0,1485.0,1440.0,1474.2,1463.75,121,1278,1870630.0
2020-02-19,2020-02-19,HPCOTTON,X,18.7,18.7,18.7,18.7,18.7,2,153,2861.0
2020-02-19,2020-02-19,JAMSHRI,X,2000.0,2000.0,2000.0,2000.0,1985.55,5,9,18000.0
2020-02-19,2020-02-19,KATRSPG,XT,20.0,21.0,20.0,21.0,20.0,2,1009,21180.0
2020-02-19,2020-02-19,KESORAMIND,B,44.3,44.6,42.85,43.3,43.85,215,17035,742788.0
2020-02-19,2020-02-19,LAKSHMIMIL,X,1850.0,1899.0,1850.0,1899.0,1850.0,8,44,83458.0
2020-02-19,2020-02-19,VTL,A,1048.75,1059.0,1048.75,1057.95,1031.6,195,1797,1890679.0
2020-02-19,2020-02-19,MODERNINDIA,XT,108.1,108.2,98.0,98.0,103.05,19,769,77387.0
2020-02-19,2020-02-19,PENINLAND,T,3.98,4.04,3.7,4.03,3.85,28,31175,123553.0
2020-02-19,2020-02-19,PASUSPG,XT,7.83,7.83,7.83,7.83,7.83,1,10,78.0
2020-02-19,2020-02-19,PHOENIXLTD,A,865.2,875.2,847.8,867.2,851.85,406,1542,1323712.0
2020-02-19,2020-02-19,MARATHON,B,81.05,81.4,79.3,81.4,79.4,143,650,52599.0
2020-02-19,2020-02-19,RELCHEMQ,X,67.0,69.1,65.0,66.2,67.15,54,1949,129267.0
2020-02-19,2020-02-19,RUBYMILLS,B,196.1,209.4,196.1,208.95,204.3,60,857,172892.0
2020-02-19,2020-02-19,SIMPLXREA,XT,48.25,48.25,48.1,48.1,50.6,8,447,21505.0
2020-02-19,2020-02-19,SWANCORP,A,124.85,129.6,123.0,125.55,124.0,298,11267,1414490.0
2020-02-19,2020-02-19,VICTMILL,X,1800.0,1850.0,1790.0,1823.65,1850.0,21,73,132483.0
2020-02-19,2020-02-19,ZSVARAJT,XT,23.8,23.8,23.8,23.8,24.9,1,500,11900.0
2020-02-19,2020-02-19,VEERENRGY,X,8.2,8.75,8.05,8.45,8.59,47,2487,20584.0
2020-02-19,2020-02-19,TILAK,XT,1.24,1.24,1.24,1.24,1.26,5,6,7.0
2020-02-19,2020-02-19,BANSWRAS,T,148.4,148.5,140.0,140.05,141.45,96,7297,1052676.0
2020-02-19,2020-02-19,SRF,A,4175.0,4175.05,4144.85,4161.85,4163.55,453,4965,20661849.0
2020-02-19,2020-02-19,SIYSIL,B,225.25,226.0,224.05,225.8,225.85,155,1299,292421.0
2020-02-19,2020-02-19,SWADPOL,XT,10.45,10.45,10.45,10.45,10.66,2,130,1358.0
2020-02-19,2020-02-19,BBL,B,809.7,817.6,799.1,803.4,799.85,120,310,249034.0
2020-02-19,2020-02-19,ELPROINTL,X,50.5,50.5,48.5,48.7,50.0,44,81171,4052351.0
2020-02-19,2020-02-19,EMCOLTD,Z,0.48,0.48,0.46,0.46,0.48,12,12000,5540.0
2020-02-19,2020-02-19,GEE,X,34.1,34.55,33.9,33.9,35.0,13,4475,153327.0
2020-02-19,2020-02-19,HIRECT,B,171.25,185.0,171.25,184.05,172.95,225,1922,347933.0
2020-02-19,2020-02-19,NIPPOBATRY,B,556.9,580.0,555.2,558.95,557.7,295,1346,764341.0
2020-02-19,2020-02-19,ZENSARTECH,A,142.35,145.75,142.35,144.55,140.8,776,14416,2079847.0
2020-02-19,2020-02-19,JYOTI,X,2.87,3.02,2.87,2.87,3.02,4,97,280.0
2020-02-19,2020-02-19,KAYCEEI,X,3349.0,3349.0,3349.0,3349.0,3190.0,1,1,3349.0
2020-02-19,2020-02-19,PANAENERG,X,159.0,159.0,148.0,148.1,150.0,65,2240,334336.0
2020-02-19,2020-02-19,NELCO,B,221.1,229.5,218.4,219.95,218.65,903,19514,4374730.0
2020-02-19,2020-02-19,PERMAGN,X,99.0,101.75,96.35,99.95,96.65,39,2276,226981.0
2020-02-19,2020-02-19,HIGHENE,X,285.55,290.95,281.5,289.75,285.55,26,846,240281.0
2020-02-19,2020-02-19,STDBAT,XT,3.33,3.33,3.18,3.33,3.18,14,3100,10308.0
2020-02-19,2020-02-19,UNIVCABLES,B,154.0,154.0,150.2,151.15,148.15,150,1137,172409.0
2020-02-19,2020-02-19,WSI,T,1.75,1.75,1.75,1.75,1.68,1,10,17.0
2020-02-19,2020-02-19,DLTNCBL,XT,41.85,43.7,41.85,42.25,43.8,23,2065,87238.0
2020-02-19,2020-02-19,LAKSELEC,X,310.05,313.95,310.0,310.0,310.25,19,616,191073.0
2020-02-19,2020-02-19,MODULEX,X,13.0,13.05,12.79,12.95,13.05,4,3917,50722.0
2020-02-19,2020-02-19,DELTAMAGNT,B,31.0,32.5,30.0,31.65,32.5,14,115,3595.0
2020-02-19,2020-02-19,PAZEL,X,0.52,0.56,0.52,0.54,0.54,38,64469,34432.0
2020-02-19,2020-02-19,RELTD,X,29.4,29.4,29.4,29.4,27.0,1,1,29.0
2020-02-19,2020-02-19,EMPOWER,X,0.19,0.19,0.19,0.19,0.19,2,1449,275.0
2020-02-19,2020-02-19,NYSSACORP,X,0.71,0.71,0.69,0.69,0.72,3,9635,6649.0
2020-02-19,2020-02-19,UNIABEXAL,X,510.0,527.0,507.1,510.1,528.0,7,42,21423.0
2020-02-19,2020-02-19,SARDAEN,B,204.2,207.4,201.8,203.05,199.55,201,3934,802366.0
2020-02-19,2020-02-19,BGWTATO,X,100.0,102.55,96.6,102.55,97.7,11,502,50332.0
2020-02-19,2020-02-19,INDIANHUME,B,210.0,220.1,210.0,213.4,208.8,272,3841,825096.0
2020-02-19,2020-02-19,INVPRECQ,X,210.0,215.0,206.0,212.85,209.25,17,1285,268070.0
2020-02-19,2020-02-19,KAIRA,X,765.0,775.0,765.0,775.0,739.75,10,56,43164.0
2020-02-19,2020-02-19,ORIENTCER,B,17.25,17.4,17.2,17.2,17.5,24,2180,37629.0
2020-02-19,2020-02-19,SANDUMA,X,692.0,724.9,692.0,710.9,707.0,78,1444,1034122.0
2020-02-19,2020-02-19,STOVACQ,X,2220.1,2409.0,2220.1,2395.25,2278.2,64,510,1203504.0
2020-02-19,2020-02-19,TATAYODOGA,X,27.05,27.05,25.5,25.85,26.25,40,3522,91329.0
2020-02-19,2020-02-19,TINPLATE,B,135.35,143.4,134.25,139.25,133.55,3579,109052,15143343.0
2020-02-19,2020-02-19,CHOLAHLDNG,A,540.9,545.6,534.9,539.0,538.7,138,1985,1070604.0
2020-02-19,2020-02-19,AUTOAXLES,B,750.0,751.0,739.0,741.4,741.55,66,209,155714.0
2020-02-19,2020-02-19,ATLASCYCLE,T,51.0,51.0,48.0,48.0,49.0,5,82,4171.0
2020-02-19,2020-02-19,ACGL,X,522.0,525.0,502.2,506.3,523.75,20,822,422164.0
2020-02-19,2020-02-19,SETCO,B,11.49,11.49,10.29,10.62,10.91,135,39680,419589.0
2020-02-19,2020-02-19,SCOOTER,T,25.5,25.5,25.0,25.05,25.45,4,152,3805.0
2020-02-19,2020-02-19,TALBROAUTO,B,121.0,126.0,116.2,118.8,118.9,64,382,45911.0
2020-02-19,2020-02-19,ZFSTEERING,X,374.0,383.0,365.05,372.4,368.9,86,2346,873102.0
2020-02-19,2020-02-19,SMLMAH,B,579.1,587.4,571.0,574.55,573.3,697,6496,3762529.0
2020-02-19,2020-02-19,TIL,B,186.9,194.0,186.0,188.95,181.0,69,592,112687.0
2020-02-19,2020-02-19,EICHERMOT,A,18999.95,19037.15,18733.0,18869.6,18763.0,1068,16831,318797517.0
2020-02-19,2020-02-19,ALFREDHE,X,614.45,615.0,614.45,614.75,598.05,2,10,6147.0
2020-02-19,2020-02-19,CIMMCO,B,19.5,19.8,19.25,19.35,19.35,58,2588,50196.0
2020-02-19,2020-02-19,VELJAN,X,984.85,984.85,917.15,936.15,980.0,21,96,90414.0
2020-02-19,2020-02-19,DYNAMATECH,B,880.1,998.0,865.0,903.4,864.95,155,810,741286.0
2020-02-19,2020-02-19,GMMPFAUDLR,B,3294.0,3461.45,3275.5,3350.3,3254.7,2027,10496,35473320.0
2020-02-19,2020-02-19,KIRLPNU,X,147.95,152.45,145.6,147.55,147.85,30,1113,164465.0
2020-02-19,2020-02-19,KPT,X,61.45,62.4,60.25,60.3,59.45,12,1250,77783.0
2020-02-19,2020-02-19,LAKSHMIEW,X,36.35,36.35,36.35,36.35,34.75,2,5,181.0
2020-02-19,2020-02-19,MANUGRAPH,B,13.05,13.35,12.66,13.16,12.99,36,1330,17325.0
2020-02-19,2020-02-19,NESCO,A,747.5,751.9,735.95,740.65,741.35,469,4868,3629318.0
2020-02-19,2020-02-19,INTEGRAEN,X,35.1,38.0,34.0,36.2,33.95,77,11482,410504.0
2020-02-19,2020-02-19,SEMAC,B,483.0,526.0,480.75,502.3,483.0,165,1234,631184.0
2020-02-19,2020-02-19,TEXINFRA,B,42.0,42.65,42.0,42.25,42.1,33,853,35975.0
2020-02-19,2020-02-19,WENDT,B,2736.8,2756.6,2701.0,2756.6,2722.25,20,86,235518.0
2020-02-19,2020-02-19,RESPONIND,B,90.5,90.5,87.2,87.85,88.7,226,44218,3892431.0
2020-02-19,2020-02-19,MAHACORP,X,0.17,0.17,0.17,0.17,0.17,1,10,1.0
2020-02-19,2020-02-19,DOLATALGO,B,57.9,58.75,57.0,57.6,57.85,194,10008,579050.0
2020-02-19,2020-02-19,WESTLIFE,A,473.4,496.3,463.5,485.55,467.1,3356,61330,29788450.0
2020-02-19,2020-02-19,ZEEL,A,247.0,255.25,244.65,252.3,245.55,6970,440255,110648511.0
2020-02-19,2020-02-19,GOLDCORP,X,76.0,76.0,76.0,76.0,80.0,1,2,152.0
2020-02-19,2020-02-19,SVPGLOB,X,404.0,406.95,400.15,405.9,403.95,29,4265,1730146.0
2020-02-19,2020-02-19,SKYLMILAR,X,2.53,2.53,2.53,2.53,2.53,1,1000,2530.0
2020-02-19,2020-02-19,BIMETAL,X,297.0,305.0,290.0,292.95,303.0,57,1411,414665.0
2020-02-19,2020-02-19,BHARATGEAR,T,49.5,51.7,47.25,47.9,49.5,19,2127,103500.0
2020-02-19,2020-02-19,BRADYM,X,42.1,42.1,42.1,42.1,40.1,2,6,252.0
2020-02-19,2020-02-19,ELECON,B,33.7,34.0,32.8,33.1,32.55,104,4895,163457.0
2020-02-19,2020-02-19,GRAUWEIL,B,50.3,52.75,50.3,52.05,50.75,314,50572,2602830.0
2020-02-19,2020-02-19,GAJRABEVEL,XT,0.38,0.38,0.38,0.38,0.4,2,201,76.0
2020-02-19,2020-02-19,HIMTEK,X,43.5,48.1,43.5,44.9,43.25,11,532,23517.0
2020-02-19,2020-02-19,GABRIEL,B,105.95,107.8,103.05,103.25,104.7,349,4930,516020.0
2020-02-19,2020-02-19,HERCULES,B,90.85,90.85,82.8,85.0,88.65,529,26286,2245284.0
2020-02-19,2020-02-19,IFBIND,B,532.9,532.9,511.15,515.85,522.65,189,850,443305.0
2020-02-19,2020-02-19,SINGERIND,X,30.0,31.3,29.8,30.4,29.6,127,28602,868977.0
2020-02-19,2020-02-19,INTLCOMBQ,XT,153.0,160.85,146.6,160.0,153.2,20,738,114643.0
2020-02-19,2020-02-19,FMGOETZE,B,563.9,563.9,550.0,553.5,565.7,51,130,71970.0
2020-02-19,2020-02-19,JOSTS,X,919.95,919.95,881.0,882.6,892.2,23,306,270652.0
2020-02-19,2020-02-19,SCHAEFFLER,A,4514.65,4646.0,4497.6,4593.65,4554.3,357,1723,7804132.0
2020-02-19,2020-02-19,RANEHOLDIN,B,709.0,719.55,698.5,701.5,697.2,82,325,228721.0
2020-02-19,2020-02-19,SNL,X,153.05,153.95,137.2,141.5,155.25,130,5606,800650.0
2020-02-19,2020-02-19,JAIPAN,XT,11.47,11.47,10.39,10.9,10.93,13,820,8794.0
2020-02-19,2020-02-19,MANCREDIT,X,41.0,41.0,36.05,39.55,39.8,458,22550,894914.0
2020-02-19,2020-02-19,TRF,B,109.75,112.45,109.0,111.55,108.6,898,13754,1525711.0
2020-02-19,2020-02-19,WPIL,X,581.1,593.0,570.0,573.5,580.4,184,2745,1590106.0
2020-02-19,2020-02-19,KENNAMET,B,999.1,999.1,955.55,975.65,976.0,214,1223,1179928.0
2020-02-19,2020-02-19,TRITONV,X,898.0,904.0,872.0,904.0,876.5,39,337,299635.0
2020-02-19,2020-02-19,PRAKASH,B,41.9,42.75,40.7,41.8,41.2,265,24097,1009615.0
2020-02-19,2020-02-19,BHORUKAALU,XT,0.31,0.31,0.3,0.3,0.3,14,29014,8725.0
2020-02-19,2020-02-19,ARSHIYA,B,15.85,15.85,15.1,15.55,16.0,27,2427,38096.0
2020-02-19,2020-02-19,GRINDWELL,A,616.15,620.7,613.5,615.45,621.7,130,1845,1137462.0
2020-02-19,2020-02-19,STANROS,X,73.0,73.0,71.3,72.0,73.3,11,490,35454.0
2020-02-19,2020-02-19,GENESYS,B,53.25,62.95,53.2,60.05,54.3,76,1889,109392.0
2020-02-19,2020-02-19,VOLKAI,X,31.6,31.6,31.6,31.6,30.1,1,1,31.0
2020-02-19,2020-02-19,PARNAXLAB,X,14.0,14.1,14.0,14.1,14.5,2,199,2795.0
2020-02-19,2020-02-19,VYAPARINDS,X,34.65,37.15,34.0,36.9,35.55,11,1775,65534.0
2020-02-19,2020-02-19,VIVIDHA,T,0.3,0.3,0.3,0.3,0.31,7,26011,7803.0
2020-02-19,2020-02-19,EMERGENT,XT,122.55,122.55,122.55,122.55,129.0,1,1,122.0
2020-02-19,2020-02-19,GSLTD,XT,29.6,29.7,29.6,29.7,29.7,4,1495,44359.0
2020-02-19,2020-02-19,ARIHANTSUP,B,28.0,28.0,26.65,27.95,28.05,8,154,4120.0
2020-02-19,2020-02-19,BLISSGVS,A,141.6,142.95,140.85,142.65,140.7,1483,49531,7037678.0
2020-02-19,2020-02-19,STYRENIX,B,745.05,771.0,745.05,764.0,752.0,97,426,324459.0
2020-02-19,2020-02-19,ALEMBICLTD,B,49.95,51.75,49.95,51.0,49.2,398,22265,1128169.0
2020-02-19,2020-02-19,AMNPLST,X,32.0,32.75,31.5,31.7,31.2,70,8410,267881.0
2020-02-19,2020-02-19,ANUHPHR,X,144.0,148.65,140.65,142.7,142.75,116,4658,677379.0
2020-02-19,2020-02-19,MODISONLTD,X,34.3,34.9,34.2,34.9,34.3,14,2008,69078.0
2020-02-19,2020-02-19,BAYERCROP,A,4293.95,4370.4,4243.4,4274.1,4257.75,144,262,1123754.0
2020-02-19,2020-02-19,SASHWAT,P,81.9,81.9,81.9,81.9,81.9,1,100,8190.0
2020-02-19,2020-02-19,SUDARCOLOR,B,360.0,369.0,357.2,361.0,357.0,338,3496,1270210.0
2020-02-19,2020-02-19,COROMANDEL,A,622.3,623.45,616.0,619.35,623.6,306,2466,1527293.0
2020-02-19,2020-02-19,DEEPAKNTR,A,485.95,498.15,475.5,483.25,482.55,4193,99359,48370535.0
2020-02-19,2020-02-19,DMCC,X,106.5,106.5,102.05,104.5,105.8,58,10376,1093451.0
2020-02-19,2020-02-19,FERMENTA,X,254.0,254.0,240.0,246.6,255.1,307,10296,2540919.0
2020-02-19,2020-02-19,GOCLCORP,B,276.9,276.9,272.0,272.0,272.35,30,250,68512.0
2020-02-19,2020-02-19,JAYCH,X,3.87,3.87,3.31,3.48,3.66,23,4324,14983.0
2020-02-19,2020-02-19,JLMORISON,X,1605.0,1650.0,1605.0,1650.0,1600.05,3,7,11505.0
2020-02-19,2020-02-19,KANORICHEM,B,36.45,41.85,36.45,41.4,38.1,193,8021,327755.0
2020-02-19,2020-02-19,KELENRG,X,785.45,799.95,770.0,795.35,785.45,27,323,254821.0
2020-02-19,2020-02-19,NITTAGELA,X,136.6,136.65,131.95,132.15,133.05,33,1731,229523.0
2020-02-19,2020-02-19,AGVENTURES,B,960.0,968.35,947.0,966.0,957.0,30,150,143240.0
2020-02-19,2020-02-19,PCBL,A,127.0,129.65,126.55,128.8,125.8,1120,52722,6742128.0
2020-02-19,2020-02-19,AMAL,X,121.5,121.5,117.1,120.75,119.45,55,8341,994430.0
2020-02-19,2020-02-19,POLYCHEM,X,473.55,473.55,428.5,444.0,451.0,4,18,7940.0
2020-02-19,2020-02-19,PUNJABCHEM,B,455.9,471.75,455.9,467.05,452.45,7,19,8865.0
2020-02-19,2020-02-19,SADHNANIQ,X,178.9,178.9,166.85,168.95,175.6,563,29934,5098378.0
2020-02-19,2020-02-19,SUDARSCHEM,A,472.95,476.0,459.0,461.25,469.6,993,17631,8174592.0
2020-02-19,2020-02-19,ULTRAMAR,X,177.0,177.25,175.0,176.95,176.7,158,16788,2950564.0
2020-02-19,2020-02-19,TRANSPEK,X,1610.0,1694.9,1610.0,1632.0,1597.85,488,6201,10330732.0
2020-02-19,2020-02-19,UNICHEMLAB,B,137.0,140.0,137.0,138.5,137.7,84,1413,196040.0
2020-02-19,2020-02-19,MYSORPETRO,X,45.8,45.9,42.35,42.45,44.4,15,1627,70845.0
2020-02-19,2020-02-19,ALKYLAMINE,B,1558.2,1599.0,1556.15,1589.4,1542.0,435,3564,5618659.0
2020-02-19,2020-02-19,TUTIALKA,X,4.25,4.25,4.25,4.25,4.25,5,581,2469.0
2020-02-19,2020-02-19,ASTRAZEN,A,2765.0,2895.0,2752.65,2848.4,2729.4,848,2739,7766606.0
2020-02-19,2020-02-19,PRIMO,X,30.8,31.1,30.0,30.9,31.0,15,2151,66008.0
2020-02-19,2020-02-19,TANFACIND,X,123.0,123.0,117.05,118.8,119.7,50,3151,374576.0
2020-02-19,2020-02-19,GUJPETR,XT,7.05,7.05,7.05,7.05,7.37,1,49,345.0
2020-02-19,2020-02-19,GUJTHEM,X,93.3,96.35,91.6,96.35,91.8,96,9085,868833.0
2020-02-19,2020-02-19,SCBL,Z,2.74,2.74,2.74,2.74,2.61,1,100,274.0
2020-02-19,2020-02-19,JAYSYN,X,44.7,45.6,44.7,45.6,44.0,3,4,181.0
2020-02-19,2020-02-19,MAKERSL,X,36.5,37.2,35.5,35.5,37.35,11,1010,36175.0
2020-02-19,2020-02-19,JBCHEPHARM,A,546.9,552.95,529.55,533.0,533.3,458,4345,2331912.0
2020-02-19,2020-02-19,BLUECHIPT,X,92.0,99.75,92.0,98.0,93.35,33,1294,120653.0
2020-02-19,2020-02-19,JAGAJITIND,XT,27.0,27.3,26.1,26.2,27.0,8,843,22268.0
2020-02-19,2020-02-19,KESARENT,X,33.9,33.9,31.5,32.0,32.7,13,2438,79324.0
2020-02-19,2020-02-19,TI,T,18.5,18.95,18.5,18.95,18.75,14,3050,56875.0
2020-02-19,2020-02-19,RAVALSUGAR,XT,1735.0,1735.0,1735.0,1735.0,1721.1,1,1,1735.0
2020-02-19,2020-02-19,SAKHTISUG,B,9.16,9.33,8.8,9.19,9.01,49,22447,202394.0
2020-02-19,2020-02-19,WALCHANNAG,B,58.7,58.8,56.5,57.85,57.25,383,12535,726793.0
2020-02-19,2020-02-19,KHODINDIA,XT,62.1,62.1,62.1,62.1,62.5,1,20,1242.0
2020-02-19,2020-02-19,IFBAGRO,B,350.1,358.45,341.85,352.4,344.65,223,1180,414608.0
2020-02-19,2020-02-19,DHARANISUG,B,6.85,7.06,6.75,6.9,6.42,106,3711,26010.0
2020-02-19,2020-02-19,THIRUASUG,Z,3.1,3.1,3.1,3.1,3.26,1,100,310.0
2020-02-19,2020-02-19,KFBL,X,40.0,43.8,40.0,41.85,40.25,32,5728,230083.0
2020-02-19,2020-02-19,GMBREW,B,447.85,452.0,440.0,441.95,446.8,389,2212,983801.0
2020-02-19,2020-02-19,RANASUG,T,4.9,4.94,4.6,4.8,4.71,101,79695,384912.0
2020-02-19,2020-02-19,PICCASUG,X,5.05,5.86,5.05,5.25,5.55,10,254,1307.0
2020-02-19,2020-02-19,RIGASUGAR,XT,3.26,3.4,3.25,3.25,3.42,7,4036,13133.0
2020-02-19,2020-02-19,SDBL,T,104.3,104.7,102.0,103.85,103.05,41,2219,229995.0
2020-02-19,2020-02-19,CJGEL,XT,6.43,6.43,6.43,6.43,6.76,3,400,2572.0
2020-02-19,2020-02-19,AMRITCORP,X,705.0,734.0,675.05,734.0,705.45,5,43,29972.0
2020-02-19,2020-02-19,ASALCBR,B,266.7,271.95,261.25,262.05,260.15,324,15204,4018725.0
2020-02-19,2020-02-19,FOODSIN,X,43.0,48.75,41.65,47.3,42.55,603,102935,4759519.0
2020-02-19,2020-02-19,IVP,B,43.05,43.05,43.05,43.05,45.6,1,25,1076.0
2020-02-19,2020-02-19,KLRFM,X,36.4,36.4,35.0,35.0,35.35,4,38,1344.0
2020-02-19,2020-02-19,MLKFOOD,X,490.0,509.7,483.3,491.1,493.0,32,226,111048.0
2020-02-19,2020-02-19,POLSON,X,10300.0,10300.0,9508.0,9680.9,9763.85,34,47,459975.0
2020-02-19,2020-02-19,WIPRO,A,244.55,248.2,244.55,247.55,244.1,1687,67210,16587271.0
2020-02-19,2020-02-19,ORIBEVER,X,62.05,69.5,60.1,61.9,64.55,25,963,61520.0
2020-02-19,2020-02-19,DHANUKA,B,522.0,524.0,508.25,514.85,516.7,421,2457,1269836.0
2020-02-19,2020-02-19,TTKHLTCARE,B,495.1,499.65,483.0,483.0,489.7,97,1779,872857.0
2020-02-19,2020-02-19,TGVSL,X,20.4,21.05,19.9,20.65,20.0,220,79518,1625553.0
2020-02-19,2020-02-19,LIMECHM,X,20.9,20.9,20.9,20.9,19.95,4,129,2696.0
2020-02-19,2020-02-19,KANPRPLA,X,55.2,57.7,53.25,56.85,55.2,39,1883,103769.0
2020-02-19,2020-02-19,TAINWALCHM,B,51.45,55.0,51.45,52.9,54.0,41,148,7798.0
2020-02-19,2020-02-19,JAGSNPHARM,B,29.0,29.0,26.3,27.2,26.55,53,1368,36514.0
2020-02-19,2020-02-19,KHAICHEM,X,7.41,8.1,7.38,7.94,7.55,29,20498,162620.0
2020-02-19,2020-02-19,NOL,X,36.4,36.4,34.55,34.55,34.7,4,61,2200.0
2020-02-19,2020-02-19,GILLETTE,A,6000.0,6038.3,5894.5,6000.85,5906.4,312,644,3835121.0
2020-02-19,2020-02-19,WIREFABR,X,65.55,65.55,65.55,65.55,69.0,1,10,655.0
2020-02-19,2020-02-19,ANSALHSG,T,4.94,4.94,4.71,4.71,4.94,2,220,1059.0
2020-02-19,2020-02-19,COMPUPN,XT,0.36,0.36,0.36,0.36,0.37,5,1420,511.0
2020-02-19,2020-02-19,MCCHRLS-B,X,384.0,384.0,375.0,383.0,379.6,4,63,23642.0
2020-02-19,2020-02-19,PIONRINV,X,36.1,38.0,35.95,37.05,37.05,36,6727,248910.0
2020-02-19,2020-02-19,ASHNOOR,XT,11.38,12.56,11.38,11.38,11.97,6,2300,26646.0
2020-02-19,2020-02-19,UNITECH,T,3.31,3.31,3.31,3.31,3.16,384,1189253,3936427.0
2020-02-19,2020-02-19,VIPIND,A,455.9,464.85,452.6,457.3,450.65,1048,13143,6027920.0
2020-02-19,2020-02-19,FIBERWEB,X,13.2,13.3,12.6,12.85,12.7,73,9289,120274.0
2020-02-19,2020-02-19,GYFTR,X,79.0,84.0,74.0,79.6,81.85,50,1482,116938.0
2020-02-19,2020-02-19,BAJAJST,X,254.85,255.0,243.1,253.7,242.3,50,1693,423835.0
2020-02-19,2020-02-19,KEYCORP,XT,10.6,10.6,10.6,10.6,10.1,2,300,3180.0
2020-02-19,2020-02-19,GUJHOTE,X,103.25,103.25,100.1,100.1,100.9,3,192,19225.0
2020-02-19,2020-02-19,PARMCOS-B,X,14.53,14.53,14.53,14.53,13.84,1,300,4359.0
2020-02-19,2020-02-19,JINDHOT,X,32.0,33.7,32.0,33.7,32.45,5,178,5715.0
2020-02-19,2020-02-19,SIMMOND,X,35.5,41.0,35.5,40.05,35.5,85,17346,685014.0
2020-02-19,2020-02-19,BNALTD,X,129.55,136.0,129.55,130.25,136.05,29,1119,145928.0
2020-02-19,2020-02-19,HAWKINCOOK,B,5288.05,5400.0,5219.95,5350.0,5163.2,317,1737,9222391.0
2020-02-19,2020-02-19,WARRENTEA,XT,47.1,47.1,46.1,47.05,45.55,7,217,10199.0
2020-02-19,2020-02-19,NEAGI,P,1060.0,1065.0,1060.0,1065.0,1028.4,4,400,425400.0
2020-02-19,2020-02-19,ISTLTD,X,350.0,350.0,335.1,338.6,360.2,22,641,221072.0
2020-02-19,2020-02-19,COSMOFIRST,B,328.0,332.5,323.35,327.0,321.3,640,8850,2903387.0
2020-02-19,2020-02-19,APOLLOHOSP,A,1777.5,1790.2,1751.15,1781.25,1775.35,2559,60422,106877848.0
2020-02-19,2020-02-19,NEXOME,X,24.25,24.25,24.25,24.25,23.1,1,159,3855.0
2020-02-19,2020-02-19,EVERESTIND,B,233.0,238.0,229.0,230.35,231.7,346,2259,523676.0
2020-02-19,2020-02-19,IRONWOOD,X,35.55,35.55,35.55,35.55,35.55,1,4,142.0
2020-02-19,2020-02-19,MSRINDIA,X,7.48,7.49,6.83,7.49,7.49,12,1259,9312.0
2020-02-19,2020-02-19,AYMSYNTEX,B,35.0,35.45,34.0,35.45,34.0,6,32,1092.0
2020-02-19,2020-02-19,PANCARBON,X,384.35,392.25,383.0,389.0,379.05,164,4822,1867177.0
2020-02-19,2020-02-19,FINKURVE,X,45.0,45.0,45.0,45.0,45.0,2,3,135.0
2020-02-19,2020-02-19,HBLEAS,X,0.71,0.72,0.71,0.72,0.74,5,595,423.0
2020-02-19,2020-02-19,SULABEN,X,0.54,0.54,0.54,0.54,0.52,4,1736,937.0
2020-02-19,2020-02-19,NAVNETEDUL,B,86.5,86.7,85.45,85.75,86.25,533,4300,368443.0
2020-02-19,2020-02-19,SATRAPROP,X,0.47,0.47,0.47,0.47,0.49,3,1000,470.0
2020-02-19,2020-02-19,AUSOMENT,T,36.1,38.95,36.1,37.5,38.0,12,758,28695.0
2020-02-19,2020-02-19,THAKRAL,X,8.3,8.3,8.3,8.3,8.3,1,10,83.0
2020-02-19,2020-02-19,RUCHINFRA,T,3.08,3.08,2.81,2.81,2.95,19,10623,31992.0
2020-02-19,2020-02-19,VJTFEDU,XT,60.0,60.0,60.0,60.0,60.0,2,1000,60000.0
2020-02-19,2020-02-19,LANCORHOL,X,4.0,4.58,4.0,4.15,3.98,8,1289,5359.0
2020-02-19,2020-02-19,INDINFO,XT,0.19,0.19,0.19,0.19,0.19,10,26413,5018.0
2020-02-19,2020-02-19,BANASFN,X,1.85,2.03,1.85,2.03,1.94,2,2,3.0
2020-02-19,2020-02-19,VISAKAIND,B,250.3,253.0,245.15,246.2,247.8,176,1475,367986.0
2020-02-19,2020-02-19,INFOMEDIA,T,1.4,1.4,1.4,1.4,1.46,1,205,287.0
2020-02-19,2020-02-19,HATHWAYB,XT,7.61,7.61,7.61,7.61,7.47,2,205,1560.0
2020-02-19,2020-02-19,PRESSMN,B,22.65,23.7,22.65,23.25,23.3,18,3225,75074.0
2020-02-19,2020-02-19,GUFICBIO,B,69.2,70.95,67.4,69.65,67.35,144,7165,495193.0
2020-02-19,2020-02-19,GRPLTD,B,820.0,820.0,770.15,784.05,770.0,21,43,34469.0
2020-02-19,2020-02-19,INDAG,X,97.95,97.95,88.3,92.4,91.6,71,8298,752972.0
2020-02-19,2020-02-19,PTL,B,35.1,36.4,35.05,36.4,36.65,5,532,18906.0
2020-02-19,2020-02-19,TVSSRICHAK,B,1600.0,1614.55,1585.0,1586.35,1598.3,37,118,188375.0
2020-02-19,2020-02-19,BENARAS,XT,1780.95,1780.95,1626.0,1637.0,1709.95,11,36,59143.0
2020-02-19,2020-02-19,BHAGWOX,XT,7.23,7.23,7.23,7.23,6.89,1,70,506.0
2020-02-19,2020-02-19,BOMOXY-B1,X,15050.0,15050.0,13705.0,14470.0,14400.0,26,30,423147.0
2020-02-19,2020-02-19,CRAVATEX,XT,426.0,426.0,425.0,425.0,438.0,3,50,21274.0
2020-02-19,2020-02-19,BERGEPAINT,A,584.35,584.35,572.15,579.1,579.3,702,20944,12086784.0
2020-02-19,2020-02-19,CAPRIHANS,X,45.8,47.6,45.0,46.2,46.25,64,20733,964095.0
2020-02-19,2020-02-19,GRAPHITE,A,267.9,276.7,266.3,273.85,263.55,3044,135313,36614417.0
2020-02-19,2020-02-19,CEMPRO,A,57.65,58.45,56.85,57.7,56.3,165,10378,596579.0
2020-02-19,2020-02-19,EMPIND,X,715.0,779.0,715.0,740.05,736.5,20,195,145147.0
2020-02-19,2020-02-19,GARFIBRES,B,1500.0,1500.0,1415.0,1443.2,1489.65,1180,7359,10608826.0
2020-02-19,2020-02-19,GOACARBON,T,235.95,244.95,224.5,240.65,235.15,84,2984,695769.0
2020-02-19,2020-02-19,HEG,A,1007.0,1039.15,1000.15,1020.15,999.75,2552,31552,32038590.0
2020-02-19,2020-02-19,HINDCOMPOS,B,187.0,187.0,180.0,181.35,185.1,59,523,96143.0
2020-02-19,2020-02-19,BIRLANU,B,1126.5,1169.1,1124.1,1148.35,1118.75,195,916,1052038.0
2020-02-19,2020-02-19,INTLCONV,B,22.0,23.65,22.0,22.75,21.95,27,4228,94399.0
2020-02-19,2020-02-19,JAYSREETEA,B,48.65,53.75,48.4,50.45,47.7,934,46127,2390802.0
2020-02-19,2020-02-19,HUHTAMAKI,B,280.0,303.0,278.1,293.25,275.9,3429,47561,13927317.0
2020-02-19,2020-02-19,PREMSYN,X,3.72,3.72,3.6,3.6,3.71,6,3100,11172.0
2020-02-19,2020-02-19,SHALPAINTS,B,97.1,99.15,96.4,97.7,95.9,359,11353,1109733.0
2020-02-19,2020-02-19,HINDMILL,X,270.0,272.1,270.0,270.05,259.15,13,113,30631.0
2020-02-19,2020-02-19,SUPREMEIND,A,1413.95,1413.95,1386.0,1397.65,1393.65,316,1764,2462701.0
2020-02-19,2020-02-19,VSTIND,A,4341.2,4341.8,4311.8,4323.25,4331.5,136,213,921240.0
2020-02-19,2020-02-19,SWASTIVI,X,3.19,3.19,2.82,2.88,2.92,51,20848,60092.0
2020-02-19,2020-02-19,YAMNINV,XT,0.19,0.19,0.19,0.19,0.19,2,3,0.0
2020-02-19,2020-02-19,JINDRILL,B,92.75,94.25,92.75,94.0,92.75,90,980,92085.0
2020-02-19,2020-02-19,APLAYA,X,0.13,0.13,0.13,0.13,0.13,4,1402,182.0
2020-02-19,2020-02-19,SAKTHIFIN,X,14.85,15.92,14.6,15.67,14.47,25,2144,33240.0
2020-02-19,2020-02-19,DEWANHFIN,A,10.85,10.85,10.85,10.85,10.34,114,42765,464000.0
2020-02-19,2020-02-19,AEROENTER,X,27.25,27.7,26.2,26.2,27.15,34,6030,163700.0
2020-02-19,2020-02-19,SHIVATEX,B,88.4,91.05,86.45,86.45,86.9,6,14,1228.0
2020-02-19,2020-02-19,VBDESAI,X,4.68,4.9,4.68,4.9,4.92,7,3003,14054.0
2020-02-19,2020-02-19,AXISOL,XT,5.8,5.8,5.8,5.8,6.1,4,2028,11762.0
2020-02-19,2020-02-19,WSFX,X,18.3,18.3,17.25,17.25,18.3,9,483,8619.0
2020-02-19,2020-02-19,CANFINHOME,A,513.1,517.35,506.65,509.55,510.05,963,21935,11217707.0
2020-02-19,2020-02-19,IVC,B,3.12,3.12,2.95,2.99,2.98,17,6110,18245.0
2020-02-19,2020-02-19,SHRIRAMFIN,A,1270.15,1302.85,1266.3,1291.2,1274.75,2581,37197,47967774.0
2020-02-19,2020-02-19,CHOLAFIN,A,330.45,331.25,326.85,329.35,327.95,407,17136,5636096.0
2020-02-19,2020-02-19,VLSFINANCE,B,53.45,57.0,53.45,55.65,54.3,155,8307,460975.0
2020-02-19,2020-02-19,ADMANUM,X,11.52,12.12,11.52,12.12,12.12,2,46,530.0
2020-02-19,2020-02-19,VIDEOCONIND,Z,2.3,2.33,2.17,2.28,2.28,96,72534,160766.0
2020-02-19,2020-02-19,INTRGLB,X,4.2,4.41,4.2,4.41,4.2,4,1222,5384.0
2020-02-19,2020-02-19,SHRISTI,X,90.0,96.5,88.0,96.5,88.0,10,20,1820.0
2020-02-19,2020-02-19,CREST,B,97.9,99.5,95.1,99.0,98.65,24,356,34680.0
2020-02-19,2020-02-19,VAKRANGEE,A,45.5,46.0,45.1,45.95,45.55,557,76257,3479869.0
2020-02-19,2020-02-19,DHARFIN,X,1.85,1.86,1.75,1.86,1.78,6,890,1611.0
2020-02-19,2020-02-19,ALEXANDER,X,11.76,11.76,10.75,11.38,11.31,62,22975,256622.0
2020-02-19,2020-02-19,INDBANK,B,7.16,7.43,7.05,7.15,7.39,21,3586,25661.0
2020-02-19,2020-02-19,BHARAT,X,14.0,14.26,12.91,13.15,12.99,79,8752,117489.0
2020-02-19,2020-02-19,CAPTRUST,B,112.5,112.5,112.5,112.5,118.4,6,150,16875.0
2020-02-19,2020-02-19,VIVOBIOT,X,27.6,28.8,27.1,27.55,28.0,15,510,14048.0
2020-02-19,2020-02-19,VEERHEALTH,X,8.1,8.1,8.1,8.1,8.4,1,200,1620.0
2020-02-19,2020-02-19,PANINDIAC,XT,0.19,0.19,0.19,0.19,0.19,3,201,38.0
2020-02-19,2020-02-19,SAHARAHOUS,X,30.7,33.0,29.0,32.0,30.7,21,1553,50450.0
2020-02-19,2020-02-19,GSBFIN,X,6.2,6.2,6.2,6.2,5.91,1,500,3100.0
2020-02-19,2020-02-19,MORARKFI,X,22.1,24.3,22.1,24.3,23.15,3,590,13668.0
2020-02-19,2020-02-19,MONARCH,X,23.95,23.95,22.05,22.8,23.1,9,922,20909.0
2020-02-19,2020-02-19,PROFINC,X,22.0,22.5,18.05,22.2,22.5,25,30669,681485.0
2020-02-19,2020-02-19,AVONMORE,X,11.55,11.97,11.12,11.97,11.51,17,1755,20505.0
2020-02-19,2020-02-19,PALSOFTINFO,XT,5.44,5.44,5.44,5.44,5.72,1,15,81.0
2020-02-19,2020-02-19,YASHMGM,X,5.0,5.4,5.0,5.4,5.26,6,80113,400570.0
2020-02-19,2020-02-19,ARIHANTCAP,X,43.0,43.85,43.0,43.05,42.4,23,1652,71621.0
2020-02-19,2020-02-19,JIKINDUS,T,0.26,0.26,0.26,0.26,0.26,2,140,36.0
2020-02-19,2020-02-19,FEDDERSHOL,X,26.4,26.45,22.6,22.95,24.05,8,320,7691.0
2020-02-19,2020-02-19,SAMBHAAV,B,1.81,2.0,1.81,2.0,2.0,18,30023,54346.0
2020-02-19,2020-02-19,NETTLINX,X,32.9,32.9,28.0,28.75,28.7,20,1415,40840.0
2020-02-19,2020-02-19,SCANSTL,XT,16.5,16.5,15.2,16.5,16.0,15,2313,37033.0
2020-02-19,2020-02-19,GICHSGFIN,A,116.6,121.1,114.0,116.35,117.45,812,12612,1486725.0
2020-02-19,2020-02-19,MATHEWE,X,10.94,10.94,10.94,10.94,11.5,1,5,54.0
2020-02-19,2020-02-19,WARNERMULTI,XT,0.88,0.88,0.88,0.88,0.88,2,100,88.0
2020-02-19,2020-02-19,INVIGO,X,1.82,1.82,1.82,1.82,1.74,3,3194,5813.0
2020-02-19,2020-02-19,VIPULLTD,T,20.85,20.85,19.65,20.0,20.65,8,348,6970.0
2020-02-19,2020-02-19,USHDI,XT,0.29,0.29,0.29,0.29,0.29,1,1,0.0
2020-02-19,2020-02-19,UGROCAP,X,160.0,161.0,159.7,160.0,157.1,11,1310,209645.0
2020-02-19,2020-02-19,SAHLIBHFI,X,69.3,69.3,62.8,68.95,66.1,44,7729,505579.0
2020-02-19,2020-02-19,AASTAFIN,X,19.0,19.6,18.15,19.2,19.0,44,17604,335277.0
2020-02-19,2020-02-19,MUTHOOTCAP,B,578.7,584.0,559.7,575.15,576.9,193,2190,1249702.0
2020-02-19,2020-02-19,MASTERTR,X,16.9,16.9,16.9,16.9,16.1,1,49,828.0
2020-02-19,2020-02-19,TTGIL,X,2.0,2.15,1.95,2.1,2.05,21,32018,64098.0
2020-02-19,2020-02-19,ROYALIND,X,0.51,0.51,0.51,0.51,0.53,1,200,102.0
2020-02-19,2020-02-19,DECNGOLD,XT,22.45,22.5,21.55,21.95,22.15,109,22801,504475.0
2020-02-19,2020-02-19,UPL,A,587.0,593.95,581.75,585.2,585.55,1390,1153411,680091691.0
2020-02-19,2020-02-19,CRANESSOFT,X,0.65,0.7,0.65,0.7,0.72,9,10416,7271.0
2020-02-19,2020-02-19,SIGIND,B,20.0,20.0,20.0,20.0,19.0,11,2751,55020.0
2020-02-19,2020-02-19,AVANCE,X,0.19,0.19,0.19,0.19,0.19,2,25,4.0
2020-02-19,2020-02-19,ABANSENT,XT,293.5,293.5,265.65,283.8,279.6,19,242,65990.0
2020-02-19,2020-02-19,VAMA,X,7.35,7.35,6.8,6.8,7.12,10,1336,9333.0
2020-02-19,2020-02-19,SUNTECK,A,390.0,395.95,385.65,392.4,389.9,1544,33759,13147460.0
2020-02-19,2020-02-19,STEPHANOTIS,XT,47.0,47.0,45.0,45.0,46.0,2,2,92.0
2020-02-19,2020-02-19,PRISMMEDI,X,18.2,19.9,18.0,19.1,18.8,318,84783,1618012.0
2020-02-19,2020-02-19,VERITAS,XT,31.45,31.45,31.45,31.45,30.85,1,36,1132.0
2020-02-19,2020-02-19,JAICORPLTD,A,99.0,100.4,97.05,98.1,96.35,2069,148792,14652281.0
2020-02-19,2020-02-19,ASHCAP,X,2.94,2.94,2.78,2.8,2.94,14,2182,6113.0
2020-02-19,2020-02-19,SVARTCORP,X,3.2,3.34,3.16,3.17,3.28,49,21701,69796.0
2020-02-19,2020-02-19,MMWL,X,4.49,4.49,3.85,4.08,4.09,27,69456,301240.0
2020-02-19,2020-02-19,SHIRPURGOLD,T,9.6,9.6,9.15,9.15,9.6,17,5470,50530.0
2020-02-19,2020-02-19,BHAGYANGR,B,19.25,19.25,19.1,19.15,18.9,42,660,12637.0
2020-02-19,2020-02-19,ARAVALIS,X,3.4,3.4,3.4,3.4,3.57,2,21,71.0
2020-02-19,2020-02-19,SWORDEDGE,XT,6.45,6.45,6.45,6.45,6.45,1,10,64.0
2020-02-19,2020-02-19,CRSL,X,0.19,0.19,0.19,0.19,0.19,5,5501,1045.0
2020-02-19,2020-02-19,STARTECK,XT,30.2,30.2,30.2,30.2,28.8,1,677,20445.0
2020-02-19,2020-02-19,APOLLOFI,XT,307.45,307.45,307.45,307.45,301.45,7,280,86086.0
2020-02-19,2020-02-19,SVCRES,XT,2.27,2.27,2.27,2.27,2.38,2,26,59.0
2020-02-19,2020-02-19,SHRJAGP,X,198.0,198.0,198.0,198.0,202.05,2,52,10296.0
2020-02-19,2020-02-19,LLOYDSME,X,7.77,8.33,7.77,8.31,8.13,58,11262,90373.0
2020-02-19,2020-02-19,BETXIND,X,14.4,14.4,14.4,14.4,14.9,1,25,360.0
2020-02-19,2020-02-19,GARNETINT,XT,42.9,42.9,42.9,42.9,42.1,2,3,128.0
2020-02-19,2020-02-19,SHALPRO,X,0.49,0.49,0.49,0.49,0.49,1,1,0.0
2020-02-19,2020-02-19,DONEAR,B,30.0,30.0,29.55,29.55,29.9,14,643,19131.0
2020-02-19,2020-02-19,SUPER,X,282.2,290.0,255.05,274.6,285.0,32,1757,474271.0
2020-02-19,2020-02-19,VIYASH,B,95.0,97.3,94.2,95.15,92.9,462,33123,3155374.0
2020-02-19,2020-02-19,STCINDIA,B,48.9,50.45,47.75,49.6,47.95,175,2858,139647.0
2020-02-19,2020-02-19,ZENITHEXPO,T,45.2,45.2,45.2,45.2,43.7,1,5,226.0
2020-02-19,2020-02-19,KOHINOOR,B,8.35,8.35,8.02,8.05,7.97,9,471,3870.0
2020-02-19,2020-02-19,AVANTIFEED,A,563.0,571.4,511.8,520.6,564.4,6095,89257,47630863.0
2020-02-19,2020-02-19,ZODJRDMKJ,B,29.15,30.65,29.05,30.1,30.6,14,37,1113.0
2020-02-19,2020-02-19,ADANIENT,A,253.8,255.5,250.2,254.05,249.4,1723,145802,36903108.0
2020-02-19,2020-02-19,BHANDARI,B,1.14,1.14,1.11,1.11,1.16,8,5202,5928.0
2020-02-19,2020-02-19,RLF,XT,1.86,1.86,1.86,1.86,1.86,3,600,1116.0
2020-02-19,2020-02-19,ORBTEXP,B,78.15,78.2,77.0,77.0,77.35,8,122,9417.0
2020-02-19,2020-02-19,SAVERA,X,46.0,48.7,45.55,46.5,43.1,44,3632,171968.0
2020-02-19,2020-02-19,TATASTLLP,B,369.55,377.45,368.5,369.25,364.9,101,1538,571573.0
2020-02-19,2020-02-19,NAVA,A,69.7,70.4,68.9,69.35,68.4,219,8135,565081.0
2020-02-19,2020-02-19,GSAUTO,X,4.2,4.2,4.12,4.14,4.08,8,3250,13618.0
2020-02-19,2020-02-19,TRANSFRE,XT,4.9,5.4,4.9,4.9,5.15,3,1101,5894.0
2020-02-19,2020-02-19,SBCL,X,46.45,49.0,44.0,45.7,44.55,112,20824,941078.0
2020-02-19,2020-02-19,AMFORG,XT,0.77,0.77,0.77,0.77,0.74,1,150,115.0
2020-02-19,2020-02-19,ONIXSOLAR,XT,5.68,5.68,5.68,5.68,5.68,7,539,3061.0
2020-02-19,2020-02-19,ORICONENT,B,16.5,16.85,15.45,16.55,15.5,145,29622,484388.0
2020-02-19,2020-02-19,BALASORE,X,11.85,11.85,11.11,11.44,11.29,105,32718,373040.0
2020-02-19,2020-02-19,NATSTLAGRO,T,1.64,1.72,1.64,1.7,1.64,4,5364,9053.0
2020-02-19,2020-02-19,UTTAMGALVA,B,6.23,6.39,6.19,6.38,6.09,73,49502,315481.0
2020-02-19,2020-02-19,PENIND,B,24.2,24.95,24.1,24.75,24.25,94,10942,268535.0
2020-02-19,2020-02-19,JAYUSH,XT,490.0,501.95,465.5,501.95,490.0,35,2751,1359141.0
2020-02-19,2020-02-19,SSWL,B,743.5,750.0,743.1,748.2,749.4,23,859,642268.0
2020-02-19,2020-02-19,MANINDS,B,55.2,58.75,54.9,56.35,54.8,812,89317,5105537.0
2020-02-19,2020-02-19,METALFORGE,B,4.85,5.08,4.7,5.08,4.85,33,2917,14247.0
2020-02-19,2020-02-19,AJMERA,B,114.8,115.2,113.0,114.45,112.65,178,3532,405160.0
2020-02-19,2020-02-19,COCHINM,X,147.85,147.85,138.0,140.4,141.35,32,1438,203529.0
2020-02-19,2020-02-19,INDIAHOMES,X,0.23,0.23,0.21,0.21,0.22,34,61861,13577.0
2020-02-19,2020-02-19,KVFORGE,X,24.55,25.4,24.55,25.4,25.4,2,12,298.0
2020-02-19,2020-02-19,CARBORUNIV,A,340.45,344.05,339.55,343.75,340.05,56,170,58256.0
2020-02-19,2020-02-19,MMTC,A,19.5,19.8,19.2,19.5,19.35,455,83071,1620063.0
2020-02-19,2020-02-19,VALLABHSQ,X,11.2,11.2,11.2,11.2,11.78,3,110,1232.0
2020-02-19,2020-02-19,PMTELELIN,X,3.23,3.23,3.23,3.23,3.4,2,80,258.0
2020-02-19,2020-02-19,SMFIL,XT,0.57,0.57,0.57,0.57,0.58,7,72100,41097.0
2020-02-19,2020-02-19,TATAMETALI,A,592.2,610.0,586.95,603.6,588.4,162,1403,838478.0
2020-02-19,2020-02-19,SHAHALLOYS,T,9.15,9.15,8.3,8.3,8.72,4,1106,9349.0
2020-02-19,2020-02-19,MONNETISPA,B,15.44,16.0,15.32,15.44,15.55,65,16116,248991.0
2020-02-19,2020-02-19,SSWRL,X,17.44,17.44,17.44,17.44,16.61,5,1975,34444.0
2020-02-19,2020-02-19,SOUTHMG,XT,15.6,15.6,15.6,15.6,16.4,3,400,6240.0
2020-02-19,2020-02-19,KALYANIFRG,T,143.5,143.7,130.2,138.25,136.95,37,1840,251046.0
2020-02-19,2020-02-19,PANCHMAHQ,X,20.0,20.0,20.0,20.0,19.9,3,130,2600.0
2020-02-19,2020-02-19,SRIND,XT,0.57,0.57,0.56,0.56,0.56,2,200,113.0
2020-02-19,2020-02-19,STEELCAS,X,112.0,115.0,109.65,113.2,110.0,43,27263,3009953.0
2020-02-19,2020-02-19,PITTIENG,B,37.05,37.75,36.0,37.25,37.15,31,1208,43989.0
2020-02-19,2020-02-19,PRADPME,X,49.55,49.55,49.2,49.4,51.2,13,2500,123516.0
2020-02-19,2020-02-19,SHRDAIS,XT,33.0,34.0,32.0,34.0,33.6,6,323,10548.0
2020-02-19,2020-02-19,MAHASTEEL,B,119.3,120.45,113.9,119.85,115.95,38,325,38243.0
2020-02-19,2020-02-19,NOVIS,XT,2.9,2.9,2.9,2.9,3.0,8,302,875.0
2020-02-19,2020-02-19,HINDCOPPER,A,35.65,36.4,35.15,36.15,35.15,452,79181,2841089.0
2020-02-19,2020-02-19,SRIPIPES,B,222.85,227.0,221.85,225.5,218.75,846,12774,2866344.0
2020-02-19,2020-02-19,NLCINDIA,A,52.6,53.3,51.75,52.0,52.65,597,94965,4964497.0
2020-02-19,2020-02-19,SPECTRA,XT,1.46,1.46,1.46,1.46,1.53,1,100,146.0
2020-02-19,2020-02-19,JMTAUTOLTD,B,1.45,1.54,1.34,1.35,1.44,69,33033,48034.0
2020-02-19,2020-02-19,KAJARIR,X,45.0,45.0,45.0,45.0,45.0,3,1250,56250.0
2020-02-19,2020-02-19,SOLIDSTON,X,12.02,12.51,12.02,12.51,11.92,2,2,24.0
2020-02-19,2020-02-19,SHILGRAVQ,X,66.95,66.95,60.3,61.0,60.1,16,1042,63845.0
2020-02-19,2020-02-19,WHITEORG,XT,7.19,7.19,6.7,6.9,7.01,113,32928,226124.0
2020-02-19,2020-02-19,AROGRANITE,B,33.0,33.5,31.0,32.35,32.45,57,2007,65347.0
2020-02-19,2020-02-19,DEEPAKSP,X,75.5,75.8,75.5,75.7,75.55,38,15320,1158920.0
2020-02-19,2020-02-19,JBFINDLTD,T,17.35,17.35,17.35,17.35,16.53,23,6020,104447.0
2020-02-19,2020-02-19,LOYALTEX,X,257.55,284.5,257.55,257.55,271.05,4,46,11923.0
2020-02-19,2020-02-19,HIMATSEIDE,A,101.0,103.8,99.7,100.85,99.45,494,11580,1171258.0
2020-02-19,2020-02-19,BSL,B,31.0,33.0,30.1,33.0,30.0,14,692,20988.0
2020-02-19,2020-02-19,PBMPOLY,X,41.9,41.9,37.0,40.8,39.45,36,1142,43608.0
2020-02-19,2020-02-19,KONARKSY,X,14.75,14.75,14.75,14.75,14.05,1,16,236.0
2020-02-19,2020-02-19,TTL,B,41.15,42.7,38.95,40.05,41.95,91,2990,120522.0
2020-02-19,2020-02-19,WELSPUNLIV,A,44.65,46.4,44.45,45.5,44.45,1143,315856,14388675.0
2020-02-19,2020-02-19,INDIANACRY,X,10.0,10.0,9.64,9.85,9.88,93,102695,1012835.0
2020-02-19,2020-02-19,GANECOS,B,370.05,381.0,369.4,377.05,366.9,740,12402,4663166.0
2020-02-19,2020-02-19,VARDMNPOLY,T,2.1,2.2,2.1,2.2,2.1,4,1200,2630.0
2020-02-19,2020-02-19,BLACKROSE,X,141.5,148.4,141.0,141.8,141.1,751,62850,9087355.0
2020-02-19,2020-02-19,SUMEETINDS,T,1.51,1.55,1.5,1.51,1.57,18,13148,19860.0
2020-02-19,2020-02-19,RAMGOPOLY,XT,0.76,0.79,0.76,0.79,0.76,3,323,251.0
2020-02-19,2020-02-19,SANGAMIND,T,51.05,53.95,51.05,53.9,52.6,5,500,26547.0
2020-02-19,2020-02-19,SEASONST,X,6.86,7.18,6.51,7.18,6.85,6,1460,9545.0
2020-02-19,2020-02-19,ZENIFIB,X,40.0,40.5,38.3,38.85,40.9,31,2367,92402.0
2020-02-19,2020-02-19,BHILSPIN,X,7.54,7.54,6.84,6.84,7.19,5,16903,126778.0
2020-02-19,2020-02-19,VGL,B,15.75,15.75,12.96,13.25,13.2,10,268,3496.0
2020-02-19,2020-02-19,ASHIMASYN,B,6.5,6.74,6.25,6.31,6.25,5,650,4170.0
2020-02-19,2020-02-19,PIONEEREMB,B,29.15,29.75,28.0,28.2,28.1,115,1238,35252.0
2020-02-19,2020-02-19,VIPPYSP,X,38.5,39.0,37.35,38.0,38.5,5,220,8404.0
2020-02-19,2020-02-19,JATTAINDUS,P,10.57,10.57,10.57,10.57,11.12,1,100,1057.0
2020-02-19,2020-02-19,PATSPINLTD,T,4.74,4.74,4.74,4.74,4.98,5,1400,6636.0
2020-02-19,2020-02-19,PREMIERPOL,B,23.6,23.6,23.6,23.6,24.1,8,90,2124.0
2020-02-19,2020-02-19,AJIL,X,62.0,62.0,62.0,62.0,60.8,6,1195,74090.0
2020-02-19,2020-02-19,SARUPINDUS,X,29.4,29.4,29.4,29.4,29.4,1,7,205.0
2020-02-19,2020-02-19,MANORG,X,161.15,167.8,158.0,160.4,161.15,214,13945,2262216.0
2020-02-19,2020-02-19,HINDADH,X,78.4,78.4,75.0,75.05,75.95,6,100,7514.0
2020-02-19,2020-02-19,SRIKPRIND,X,11.01,11.01,11.01,11.01,11.58,10,2439,26853.0
2020-02-19,2020-02-19,JYOTIRES,X,183.8,188.0,178.55,184.0,181.1,29,1830,338279.0
2020-02-19,2020-02-19,MHLXMIRU,X,32.0,38.4,32.0,36.85,37.2,16,3645,133712.0
2020-02-19,2020-02-19,SOUTLAT,XT,10.23,10.23,10.2,10.2,10.24,2,30,306.0
2020-02-19,2020-02-19,WINSOMTX,B,17.4,18.0,17.4,17.4,17.15,11,623,11063.0
2020-02-19,2020-02-19,ASAHIINDIA,A,248.55,250.7,247.3,250.4,244.85,47,475,118430.0
2020-02-19,2020-02-19,MURUDCERA,B,17.2,17.85,16.85,16.95,16.4,53,3565,61514.0
2020-02-19,2020-02-19,SEKURITIND,X,53.6,53.95,52.3,52.9,52.95,348,31727,1686860.0
2020-02-19,2020-02-19,ANANTRAJ,B,31.7,32.65,31.7,32.45,31.8,173,25431,822577.0
2020-02-19,2020-02-19,RESTILE,X,2.11,2.32,2.11,2.32,2.22,3,3283,6948.0
2020-02-19,2020-02-19,MADHAV,B,30.0,31.95,30.0,31.55,29.6,41,332,10307.0
2020-02-19,2020-02-19,RAMASIGNS,X,2.8,2.8,2.8,2.8,2.68,1,1,2.0
2020-02-19,2020-02-19,HALDYNGL,X,28.0,28.7,27.25,28.05,26.95,34,3202,89412.0
2020-02-19,2020-02-19,DUROPLY,X,44.0,45.45,42.5,42.8,42.1,18,633,27162.0
2020-02-19,2020-02-19,MANGALAMTIM,T,10.0,10.0,10.0,10.0,10.3,3,2048,20480.0
2020-02-19,2020-02-19,SHREYANIND,B,112.3,113.5,108.3,112.7,108.6,99,1062,116443.0
2020-02-19,2020-02-19,STARPAPER,B,121.55,133.1,119.75,130.75,120.35,2299,46668,5981156.0
2020-02-19,2020-02-19,PAKKA,X,39.8,39.8,37.3,38.45,39.05,212,29082,1098345.0
2020-02-19,2020-02-19,ARROWGREEN,T,40.0,43.5,39.75,41.0,41.55,24,1424,57882.0
2020-02-19,2020-02-19,VISHNU,B,122.0,123.7,120.55,120.55,121.95,34,809,98196.0
2020-02-19,2020-02-19,JUMBO,Z,9.1,9.1,9.1,9.1,9.1,3,200,1820.0
2020-02-19,2020-02-19,NRAIL,B,239.65,249.0,236.5,246.1,236.85,1032,6776,1635896.0
2020-02-19,2020-02-19,3PLAND,B,5.97,5.97,5.41,5.41,5.69,4,1405,8385.0
2020-02-19,2020-02-19,SANPA,XT,80.75,80.75,80.75,80.75,85.0,1,2,161.0
2020-02-19,2020-02-19,STHINPA,X,64.5,66.0,64.0,64.0,63.4,27,4431,284203.0
2020-02-19,2020-02-19,VINDHYATEL,B,891.0,891.0,856.9,861.25,864.45,142,334,289541.0
2020-02-19,2020-02-19,RIR,X,39.55,39.55,39.4,39.45,39.4,3,150,5920.0
2020-02-19,2020-02-19,ADOR,B,311.95,323.85,309.9,315.8,309.85,149,1252,391549.0
2020-02-19,2020-02-19,SALZERELEC,B,107.8,108.0,105.4,107.0,106.0,60,613,65405.0
2020-02-19,2020-02-19,JETKINGQ,X,27.0,29.5,27.0,27.0,28.4,15,896,24396.0
2020-02-19,2020-02-19,PCS,XT,3.2,3.2,3.2,3.2,3.33,5,200,640.0
2020-02-19,2020-02-19,USHAMART,B,25.15,25.15,23.95,24.35,24.7,106,10591,260028.0
2020-02-19,2020-02-19,SPELS,X,4.2,4.24,3.93,4.13,4.04,13,3394,14011.0
2020-02-19,2020-02-19,SUBROS,B,260.0,260.65,250.3,252.75,264.6,355,2317,590722.0
2020-02-19,2020-02-19,HONAUT,A,35551.0,36350.0,34759.0,34895.85,35551.8,72,102,3601327.0
2020-02-19,2020-02-19,SWITCHTE,X,32.65,32.65,31.55,31.65,32.65,5,333,10535.0
2020-02-19,2020-02-19,LUMAXIND,B,1477.9,1494.0,1437.0,1474.2,1489.0,36,176,258268.0
2020-02-19,2020-02-19,DIGISPICE,B,5.98,5.98,5.98,5.98,6.29,1,3000,17940.0
2020-02-19,2020-02-19,CALCOM,X,11.9,12.9,11.9,11.9,12.5,58,8579,102145.0
2020-02-19,2020-02-19,DYNAVSN,XT,37.1,37.1,36.35,36.35,38.25,5,300,11000.0
2020-02-19,2020-02-19,BCCFUBA,XT,8.0,8.28,7.5,8.28,7.89,4,203,1624.0
2020-02-19,2020-02-19,PRECISIO,XT,26.0,26.0,25.7,25.7,27.05,4,167,4292.0
2020-02-19,2020-02-19,FINELINE,X,23.3,23.3,23.3,23.3,22.25,2,21,489.0
2020-02-19,2020-02-19,HBLENGINE,B,18.0,18.0,14.6,16.6,16.25,73,11551,189942.0
2020-02-19,2020-02-19,GIPCL,B,69.5,70.5,68.85,69.05,69.2,502,20523,1422840.0
2020-02-19,2020-02-19,CMICABLES,B,35.5,36.3,33.25,33.45,34.95,111,968,33105.0
2020-02-19,2020-02-19,MOTHERSON,A,125.0,125.1,119.7,121.55,123.35,3526,483683,58457067.0
2020-02-19,2020-02-19,MINDTECK,B,22.05,27.6,22.05,25.6,23.6,150,5825,147659.0
2020-02-19,2020-02-19,HAVELLS,A,603.4,620.95,603.4,618.9,600.7,927,25643,15784880.0
2020-02-19,2020-02-19,ACIIN,X,0.3,0.3,0.3,0.3,0.3,1,1000,300.0
2020-02-19,2020-02-19,INCAP,XT,19.25,19.5,19.25,19.5,19.25,3,1000,19375.0
2020-02-19,2020-02-19,GUJINTRX,X,87.1,89.5,84.6,89.0,89.0,8,285,24431.0
2020-02-19,2020-02-19,IGARASHI,B,339.9,349.6,331.7,344.0,334.1,2917,47076,16104247.0
2020-02-19,2020-02-19,SYMPHONY,A,1359.0,1377.55,1330.0,1366.55,1351.85,332,1693,2291871.0
2020-02-19,2020-02-19,SUNSOURCE,XT,1.9,1.9,1.9,1.9,1.9,2,171,324.0
2020-02-19,2020-02-19,PATELSAI,X,122.3,126.85,122.3,123.65,122.0,13,849,105490.0
2020-02-19,2020-02-19,BUTTERFLY,B,197.65,204.75,197.5,202.8,195.8,800,14618,2945174.0
2020-02-19,2020-02-19,ATHENAGLO,X,44.1,44.1,44.1,44.1,49.0,2,4469,197082.0
2020-02-19,2020-02-19,DUTRON,XT,113.25,113.25,102.55,113.25,107.9,7,115,11900.0
2020-02-19,2020-02-19,RSSOFTWARE,B,19.1,19.1,18.6,19.0,19.1,480,4618,86693.0
2020-02-19,2020-02-19,MAGNAELQ,X,148.1,153.8,142.0,149.55,154.95,54,4767,701009.0
2020-02-19,2020-02-19,ELNET,X,105.55,113.45,105.55,113.45,111.0,2,2,219.0
2020-02-19,2020-02-19,ACCEL,XT,4.75,5.25,4.75,5.25,5.0,9,1380,7055.0
2020-02-19,2020-02-19,WEBELSOLAR,B,25.8,26.6,25.5,26.4,26.2,104,10828,280819.0
2020-02-19,2020-02-19,ROTO,X,136.8,139.9,135.0,138.65,136.85,192,10156,1398607.0
2020-02-19,2020-02-19,TTKPRESTIG,A,5832.1,5891.1,5815.55,5848.75,5841.8,166,285,1664067.0
2020-02-19,2020-02-19,DHINDIA,X,15.75,17.5,15.75,17.0,16.05,28,14200,241492.0
2020-02-19,2020-02-19,RAJRATAN,X,323.95,325.0,312.0,316.35,313.35,54,3070,974909.0
2020-02-19,2020-02-19,SURANAT&P,B,3.8,3.8,3.8,3.8,3.99,77,250,950.0
2020-02-19,2020-02-19,ONWARDTEC,B,59.0,62.9,59.0,62.1,60.3,42,894,55000.0
2020-02-19,2020-02-19,CENTUM,B,356.0,368.0,355.0,368.0,370.0,9,26,9345.0
2020-02-19,2020-02-19,ALFATRAN,X,13.11,13.25,13.0,13.25,13.5,6,1900,24836.0
2020-02-19,2020-02-19,STARLITE,X,2.45,2.48,2.44,2.44,2.48,13,9477,23310.0
2020-02-19,2020-02-19,NHCFOODS,X,4.26,4.48,4.26,4.48,4.48,3,3100,13866.0
2020-02-19,2020-02-19,TRIGYN,B,45.15,47.0,45.15,45.35,44.7,83,5170,239770.0
2020-02-19,2020-02-19,KEI,A,537.1,537.65,528.45,536.25,529.6,374,5619,3007411.0
2020-02-19,2020-02-19,KEERTHI,XT,37.45,40.95,37.45,39.35,39.4,12,403,15670.0
2020-02-19,2020-02-19,GUJSIDHCEM,B,23.3,23.6,22.9,22.9,23.05,53,3609,83749.0
2020-02-19,2020-02-19,MODINATUR,XT,23.5,25.75,23.5,25.0,24.6,12,897,22596.0
2020-02-19,2020-02-19,TASTYBITE,B,11502.0,11502.0,11111.0,11200.0,11188.45,60,97,1090054.0
2020-02-19,2020-02-19,RITESHIN,XT,6.53,6.53,6.53,6.53,6.22,5,1085,7085.0
2020-02-19,2020-02-19,AVTNPL,B,40.65,41.15,39.25,39.55,39.8,159,13085,521980.0
2020-02-19,2020-02-19,HNDFDS,B,740.0,740.0,714.0,723.75,727.2,32,782,566825.0
2020-02-19,2020-02-19,NAHARINDUS,B,26.15,28.0,26.15,27.35,26.15,61,586,15733.0
2020-02-19,2020-02-19,VADILALIND,B,829.0,835.55,824.0,825.65,821.25,80,1156,960997.0
2020-02-19,2020-02-19,ADFFOODS,B,298.65,300.5,295.2,296.15,295.75,13,491,146728.0
2020-02-19,2020-02-19,AJANTSOY,X,32.0,32.0,28.1,29.25,29.85,96,43361,1306844.0
2020-02-19,2020-02-19,WILLAMAGOR,B,14.7,16.0,14.7,16.0,15.25,15,2100,33470.0
2020-02-19,2020-02-19,SPTRSHI,XT,7.66,7.66,7.66,7.66,7.3,3,1000,7660.0
2020-02-19,2020-02-19,JVLAGRO,Z,0.44,0.44,0.44,0.44,0.46,4,4501,1980.0
2020-02-19,2020-02-19,SANWARIA,B,1.54,1.63,1.54,1.63,1.49,264,877660,1419670.0
2020-02-19,2020-02-19,PRIMAGR,XT,6.95,7.1,6.91,6.91,7.27,5,742,5135.0
2020-02-19,2020-02-19,TARAI,XT,4.8,4.8,4.8,4.8,5.05,6,757,3633.0
2020-02-19,2020-02-19,MODAIRY,X,3.49,3.49,3.2,3.24,3.29,16,15706,51712.0
2020-02-19,2020-02-19,BAMBINO,X,104.0,104.8,103.0,103.7,101.75,11,190,19788.0
2020-02-19,2020-02-19,VIKASWSP,B,7.88,7.88,7.56,7.6,7.86,205,205166,1585632.0
2020-02-19,2020-02-19,POONADAL,X,22.05,23.85,22.05,22.3,24.45,25,1730,39226.0
2020-02-19,2020-02-19,ANIKINDS,T,8.5,8.54,8.06,8.06,8.14,19,4259,35381.0
2020-02-19,2020-02-19,SHINDL,XT,24.45,24.5,22.45,24.25,23.6,4,35,831.0
2020-02-19,2020-02-19,KSE,XT,1449.0,1449.0,1400.0,1401.0,1416.95,32,405,572797.0
2020-02-19,2020-02-19,NARBADA,X,19.4,19.4,19.4,19.4,19.5,1,1,19.0
2020-02-19,2020-02-19,VIRATCRA,X,18.0,18.9,17.55,18.8,18.4,12,609,10956.0
2020-02-19,2020-02-19,CHORDIA,X,129.0,129.0,125.95,129.0,120.0,8,56,7095.0
2020-02-19,2020-02-19,OCEANAGRO,X,20.6,22.0,20.6,22.0,21.6,12,2018,41773.0
2020-02-19,2020-02-19,ASIANTNE,X,7.08,7.08,7.08,7.08,6.75,3,249,1762.0
2020-02-19,2020-02-19,HERITGFOOD,A,325.0,399.0,325.0,387.6,332.65,1025,13776,5257034.0
2020-02-19,2020-02-19,SIMRAN,X,41.85,41.95,39.1,41.45,38.15,16,5190,210875.0
2020-02-19,2020-02-19,DFMFOODS,B,298.0,302.25,292.0,296.4,290.7,828,10407,3096477.0
2020-02-19,2020-02-19,CCL,A,245.45,247.25,241.8,244.45,245.65,820,19818,4846770.0
2020-02-19,2020-02-19,KELLTONTEC,B,16.1,16.8,16.1,16.65,16.15,31,3548,58496.0
2020-02-19,2020-02-19,LAKESHORE,X,15.04,15.04,15.04,15.04,14.33,2,110,1654.0
2020-02-19,2020-02-19,RICOAUTO,B,40.45,40.75,40.0,40.25,40.0,120,11743,473815.0
2020-02-19,2020-02-19,OMAXAUTO,B,37.85,38.35,37.75,38.3,37.65,13,556,21140.0
2020-02-19,2020-02-19,MUNJALSHOW,B,117.0,119.1,116.6,118.5,118.4,39,3418,403633.0
2020-02-19,2020-02-19,JAMNAAUTO,A,40.0,41.4,40.0,40.75,39.9,483,49895,2027620.0
2020-02-19,2020-02-19,TVSHLTD,B,1980.05,2009.85,1980.0,2009.85,1972.0,7,26,51509.0
2020-02-19,2020-02-19,JTEKTINDIA,B,81.1,81.1,79.1,80.35,79.2,106,3764,301843.0
2020-02-19,2020-02-19,MUNJALAU,B,43.7,43.75,43.0,43.65,43.05,109,9298,403493.0
2020-02-19,2020-02-19,JAYBARMARU,B,234.7,235.4,228.9,232.0,232.4,132,1016,236636.0
2020-02-19,2020-02-19,RACLGEAR,X,110.8,118.0,110.0,114.4,108.6,332,42953,4873375.0
2020-02-19,2020-02-19,SAMKRG,X,122.0,124.8,120.5,121.45,121.1,60,2503,306588.0
2020-02-19,2020-02-19,SICALLOG,B,9.19,9.19,9.04,9.19,8.76,97,162068,1489397.0
2020-02-19,2020-02-19,RATNAMANI,B,1342.2,1359.95,1308.55,1319.85,1318.6,178,50994,68331123.0
2020-02-19,2020-02-19,VESUVIUS,B,1120.0,1120.0,1120.0,1120.0,1153.45,1,4,4480.0
2020-02-19,2020-02-19,ASAL,B,23.6,23.9,22.5,22.7,24.65,163,27622,637681.0
2020-02-19,2020-02-19,ABCINDQ,X,63.95,67.8,58.55,59.45,63.0,75,3127,189685.0
2020-02-19,2020-02-19,BALTE,X,9.26,9.26,9.26,9.26,9.74,5,869,8046.0
2020-02-19,2020-02-19,SIBARAUT,X,11.5,11.5,11.4,11.4,11.87,7,645,7361.0
2020-02-19,2020-02-19,TRANSWORLD,B,75.0,78.7,72.5,73.4,75.8,118,870,65691.0
2020-02-19,2020-02-19,ICIL,B,55.75,62.4,55.75,61.05,56.1,853,50305,3067456.0
2020-02-19,2020-02-19,MARALOVER,B,14.4,14.4,14.4,14.4,15.05,14,50,720.0
2020-02-19,2020-02-19,SOMATEX,B,2.28,2.29,2.12,2.12,2.2,5,1100,2483.0
2020-02-19,2020-02-19,OCTAVE,X,2.51,2.63,2.39,2.41,2.51,20,4951,12001.0
2020-02-19,2020-02-19,TRIDENT,A,5.64,5.71,5.6,5.69,5.57,1519,282764,1597258.0
2020-02-19,2020-02-19,ALOKINDS,T,19.0,19.0,18.05,18.05,3.32,1300,2012206,37793983.0
2020-02-19,2020-02-19,AMARJOTHI,X,63.0,64.95,62.55,63.25,62.0,11,1163,73272.0
2020-02-19,2020-02-19,NAGREEKEXP,B,13.27,14.49,13.27,14.32,13.96,106,2504,33663.0
2020-02-19,2020-02-19,SUDTIND-B,X,9.55,11.79,9.55,10.96,11.2,16,2975,32197.0
2020-02-19,2020-02-19,SBFL,X,3.8,3.8,3.8,3.8,4.0,1,1000,3800.0
2020-02-19,2020-02-19,ADITYASP,XT,4.5,4.96,4.5,4.86,4.73,7,1150,5244.0
2020-02-19,2020-02-19,PRIMEURB,XT,5.5,5.5,5.5,5.5,5.5,3,396,2178.0
2020-02-19,2020-02-19,MAXGROW,X,0.98,0.98,0.98,0.98,1.0,1,1,0.0
2020-02-19,2020-02-19,SRMCL,X,8.25,9.11,8.25,9.11,8.68,4,117,978.0
2020-02-19,2020-02-19,SUPERSPIN,T,3.06,3.18,3.06,3.08,3.22,14,3730,11644.0
2020-02-19,2020-02-19,SEASONSFUR,X,1.91,1.91,1.91,1.91,1.99,2,1801,3439.0
2020-02-19,2020-02-19,SILINV,B,137.2,138.4,134.1,137.85,140.85,22,332,45754.0
2020-02-19,2020-02-19,SURYALAXMI,B,16.9,21.5,16.9,19.0,20.0,21,995,19610.0
2020-02-19,2020-02-19,CITYMAN,XT,1.28,1.28,1.28,1.28,1.28,1,1,1.0
2020-02-19,2020-02-19,DAMODARIND,B,22.4,32.3,22.35,26.0,27.0,14,652,17238.0
2020-02-19,2020-02-19,SUNILTX,P,15.95,15.95,15.9,15.9,16.65,2,200,3185.0
2020-02-19,2020-02-19,SRINACHA,XT,11.52,11.52,10.95,10.95,11.52,2,200,2247.0
2020-02-19,2020-02-19,SAMBANDAM,X,64.0,64.0,64.0,64.0,61.85,1,100,6400.0
2020-02-19,2020-02-19,KANDAGIRI,X,7.23,7.23,7.23,7.23,6.89,1,5,36.0
2020-02-19,2020-02-19,KITEX,B,154.4,165.75,154.15,162.85,152.6,1881,44551,7174479.0
2020-02-19,2020-02-19,CRANEX,X,8.0,8.0,8.0,8.0,8.23,2,1500,12000.0
2020-02-19,2020-02-19,BATLIBOI,X,10.06,10.49,10.0,10.43,10.06,7,2642,26471.0
2020-02-19,2020-02-19,AUSTENG,X,39.7,39.7,35.2,36.45,36.4,6,111,4077.0
2020-02-19,2020-02-19,UNIDT,X,152.0,152.0,141.3,146.3,140.7,151,9486,1391330.0
2020-02-19,2020-02-19,FLUIDOM,X,90.35,94.75,90.1,90.4,90.5,26,1188,108893.0
2020-02-19,2020-02-19,EMAINDIA,X,3.66,3.66,3.66,3.66,3.49,1,100,366.0
2020-02-19,2020-02-19,WINDMACHIN,B,21.35,21.35,19.6,19.9,20.4,17,1741,34917.0
2020-02-19,2020-02-19,SHANTIGEAR,B,94.1,94.1,90.3,92.3,94.0,42,1570,145001.0
2020-02-19,2020-02-19,MIVENMACH,X,5.21,5.21,5.21,5.21,4.97,1,1,5.0
2020-02-19,2020-02-19,HONDAPOWER,B,1210.85,1210.85,1180.05,1186.95,1204.25,149,818,976394.0
2020-02-19,2020-02-19,HITECHGEAR,B,164.5,164.5,161.0,162.35,160.3,10,41,6646.0
2020-02-19,2020-02-19,ELGIEQUIP,A,223.0,225.8,221.0,225.7,224.75,150,621,138000.0
2020-02-19,2020-02-19,KLBRENG-B,X,23.85,23.85,21.2,21.3,22.1,15,436,9574.0
2020-02-19,2020-02-19,BIRLAPREC,X,6.49,6.49,6.12,6.24,6.22,67,12502,77474.0
2020-02-19,2020-02-19,YUKEN,X,507.0,549.0,496.0,543.15,510.6,491,45402,24160656.0
2020-02-19,2020-02-19,TIMKEN,A,1054.9,1054.9,1029.75,1035.0,1034.3,645,3525,3666923.0
2020-02-19,2020-02-19,VOITHPAPR,X,1070.0,1092.3,1041.0,1082.55,1060.2,62,731,780824.0
2020-02-19,2020-02-19,ARTSON,XT,36.0,36.75,35.5,35.65,36.5,17,2338,84121.0
2020-02-19,2020-02-19,SOLIMAC,X,27.95,27.95,27.0,27.4,28.0,13,184,5036.0
2020-02-19,2020-02-19,INDSILHYD,X,17.5,17.5,17.5,17.5,18.4,18,4303,75302.0
2020-02-19,2020-02-19,ITL,X,64.35,70.5,63.2,64.2,64.35,32,3670,239553.0
2020-02-19,2020-02-19,FRONTSP,X,357.85,380.0,340.0,353.0,348.65,655,30789,11151602.0
2020-02-19,2020-02-19,PRAJIND,B,108.45,109.75,106.5,107.2,106.8,2235,116106,12517297.0
2020-02-19,2020-02-19,YOGISUNG,X,1.31,1.31,1.31,1.31,1.37,1,231,302.0
2020-02-19,2020-02-19,HLEGLAS,XT,935.0,950.0,888.15,894.9,934.85,636,23515,21047833.0
2020-02-19,2020-02-19,GUJAPOLLO,B,115.7,121.55,115.7,121.2,123.75,156,1342,161843.0
2020-02-19,2020-02-19,TANAA,X,27.0,29.0,26.7,27.6,27.5,154,21416,593913.0
2020-02-19,2020-02-19,MMFL,B,400.1,416.0,394.95,410.35,388.3,44,286,117331.0
2020-02-19,2020-02-19,MAYURUNIQ,B,250.0,290.1,249.0,271.9,244.9,3443,70627,19073106.0
2020-02-19,2020-02-19,CENLUB,X,40.85,42.95,40.8,42.95,42.1,8,1206,49549.0
2020-02-19,2020-02-19,RAJOOENG,X,10.02,10.7,9.9,10.52,10.44,105,36782,377017.0
2020-02-19,2020-02-19,JMCPROJECTS,B,83.95,83.95,79.5,80.55,80.1,374,7012,568242.0
2020-02-19,2020-02-19,VJLAXMIE,X,23.1,24.3,23.1,24.25,23.15,11,1160,27931.0
2020-02-19,2020-02-19,AHMDSTE,XT,10.5,10.5,10.0,10.0,10.5,2,1161,12185.0
2020-02-19,2020-02-19,GVT&D,A,140.2,143.0,140.2,140.85,141.0,370,6150,870029.0
2020-02-19,2020-02-19,RAMRAT,X,73.85,75.9,71.2,71.75,72.4,32,1297,94500.0
2020-02-19,2020-02-19,JAYNECOIND,B,3.6,3.65,3.57,3.58,3.75,26,12750,45883.0
2020-02-19,2020-02-19,KPIL,A,374.05,378.85,364.0,368.25,372.45,1081,10166,3778459.0
2020-02-19,2020-02-19,CANDOUR,X,25.4,25.4,24.6,25.4,24.9,10,2205,55052.0
2020-02-19,2020-02-19,TIGLOB,X,70.0,70.0,62.95,64.95,65.35,21,688,44561.0
2020-02-19,2020-02-19,CONTROLPR,B,280.6,286.4,272.7,277.25,275.1,174,2239,627894.0
2020-02-19,2020-02-19,ANSALBU,X,30.8,32.5,28.5,31.8,30.8,15,1490,44244.0
2020-02-19,2020-02-19,WEIZMANIND,B,25.2,26.95,25.0,25.2,26.3,42,880,22215.0
2020-02-19,2020-02-19,BNRSEC,X,18.45,18.45,18.0,18.0,18.45,9,60,1088.0
2020-02-19,2020-02-19,RISHITECH,X,25.0,26.0,25.0,25.4,23.5,13,1133,28847.0
2020-02-19,2020-02-19,SINCLAIR,X,310.05,314.8,306.15,309.2,307.4,81,1566,484452.0
2020-02-19,2020-02-19,SAFARI,B,664.9,664.9,634.0,642.95,638.8,206,5716,3676487.0
2020-02-19,2020-02-19,COSMOFE,X,4.3,4.3,4.3,4.3,4.1,1,100,430.0
2020-02-19,2020-02-19,SANCTRN,X,156.0,156.0,156.0,156.0,164.0,3,80,12480.0
2020-02-19,2020-02-19,EIHAHOTELS,B,300.0,300.0,278.0,289.65,288.1,7,111,33135.0
2020-02-19,2020-02-19,MEDICAPQ,X,10.79,10.79,9.31,10.0,10.12,13,2717,27054.0
2020-02-19,2020-02-19,FOSECOC,X,1685.0,1815.0,1675.0,1774.3,1677.0,138,1452,2517822.0
2020-02-19,2020-02-19,SIPINDUST,Z,3.66,3.66,3.66,3.66,3.66,1,100,366.0
2020-02-19,2020-02-19,ABAN,B,22.25,22.5,21.8,22.15,22.0,143,7315,162000.0
2020-02-19,2020-02-19,KOKUYOCMLN,B,75.0,75.0,73.0,74.3,72.75,46,1923,142612.0
2020-02-19,2020-02-19,KILBURNOFFI,XT,1.1,1.1,1.1,1.1,1.1,1,1,1.0
2020-02-19,2020-02-19,BHARATSE,X,58.1,59.0,58.0,58.8,58.15,68,7670,445677.0
2020-02-19,2020-02-19,CONTPTR,XT,13.6,13.6,13.6,13.6,13.6,1,1,13.0
2020-02-19,2020-02-19,PEARLPOLY,T,14.2,14.2,13.55,14.2,13.55,8,2008,28457.0
2020-02-19,2020-02-19,VENKEYS,A,1427.0,1458.5,1405.1,1412.3,1414.7,929,6388,9098621.0
2020-02-19,2020-02-19,ADVANIHOTR,B,55.05,55.05,55.05,55.05,55.9,4,200,11010.0
2020-02-19,2020-02-19,GVFILM,X,0.28,0.3,0.28,0.3,0.28,54,160228,47761.0
2020-02-19,2020-02-19,SUPERHOUSE,B,90.05,91.75,90.05,91.5,90.0,13,518,47034.0
2020-02-19,2020-02-19,TCPLPACK,B,278.0,282.55,272.0,279.6,278.35,94,3100,864785.0
2020-02-19,2020-02-19,PURITY,P,2.04,2.04,2.04,2.04,1.95,2,300,612.0
2020-02-19,2020-02-19,BALMLAWRIE,B,109.7,109.85,107.25,108.8,109.7,816,18907,2053375.0
2020-02-19,2020-02-19,KOVAI,X,799.95,800.0,792.0,798.25,790.5,105,2573,2053305.0
2020-02-19,2020-02-19,ELDEHSG,X,1406.8,1498.0,1406.5,1490.0,1477.05,24,352,517918.0
2020-02-19,2020-02-19,DCMSHRIRAM,A,362.0,362.0,343.9,350.05,350.65,379,3473,1216954.0
2020-02-19,2020-02-19,DCMSRIND,X,165.0,167.95,164.5,165.0,163.8,128,23826,3938719.0
2020-02-19,2020-02-19,MAWANASUG,B,40.55,41.35,39.05,39.75,38.8,209,14017,559757.0
2020-02-19,2020-02-19,MAHAPEXLTD,T,97.1,101.9,93.1,98.95,97.95,4,202,19220.0
2020-02-19,2020-02-19,NILKAMAL,A,1522.05,1522.05,1477.0,1487.75,1503.15,487,2559,3832585.0
2020-02-19,2020-02-19,HOM,XT,0.19,0.19,0.19,0.19,0.19,1,1000,190.0
2020-02-19,2020-02-19,NAHARPOLY,B,40.0,41.25,39.5,40.15,39.0,69,4475,181033.0
2020-02-19,2020-02-19,3MINDIA,A,22100.1,22329.85,21800.0,21825.4,22127.3,217,415,9092780.0
2020-02-19,2020-02-19,BOSCH-HCIL,A,2919.0,2980.0,2891.7,2952.35,2903.45,218,869,2559272.0
2020-02-19,2020-02-19,JMFINANCIL,A,110.9,114.7,107.35,113.5,110.35,1777,68566,7641173.0
2020-02-19,2020-02-19,ADCINDIA,X,156.3,166.0,156.3,156.6,156.3,5,86,13464.0
2020-02-19,2020-02-19,COVENTRYCOI,XT,0.65,0.65,0.65,0.65,0.68,1,1000,650.0
2020-02-19,2020-02-19,TNTELE,T,1.57,1.57,1.57,1.57,1.5,1,631,990.0
2020-02-19,2020-02-19,RIIL,B,359.0,366.75,356.5,362.0,355.5,1939,37802,13673233.0
2020-02-19,2020-02-19,SHARP,XT,13.0,13.6,13.0,13.0,13.0,5,700,9360.0
2020-02-19,2020-02-19,LINDEINDIA,A,774.8,794.8,770.75,778.4,760.0,776,6696,5217019.0
2020-02-19,2020-02-19,INDBNK,B,30.0,31.0,28.1,29.95,29.2,30,1759,52833.0
2020-02-19,2020-02-19,LOTUSCHO,X,17.97,18.88,16.95,18.45,17.17,27,2753,50074.0
2020-02-19,2020-02-19,PACIFICI,X,94.15,94.15,94.15,94.15,89.7,1,1,94.0
2020-02-19,2020-02-19,CMMHOSP,XT,10.7,10.7,10.7,10.7,11.26,4,575,6152.0
2020-02-19,2020-02-19,APMIN,X,20.4,20.4,19.35,20.1,19.55,9,1701,33633.0
2020-02-19,2020-02-19,PRECWIRE,B,139.85,140.65,136.75,138.3,136.6,33,285,39566.0
2020-02-19,2020-02-19,KRYPTONQ,X,9.48,9.95,9.01,9.95,9.48,29,4385,42876.0
2020-02-19,2020-02-19,SWISSMLTRY,XT,0.97,1.01,0.97,1.0,0.97,20,4055,4054.0
2020-02-19,2020-02-19,MARBU,X,26.0,26.0,25.85,25.95,26.75,4,383,9946.0
2020-02-19,2020-02-19,FEL,B,21.85,22.3,21.8,22.0,22.1,210,31132,685822.0
2020-02-19,2020-02-19,INDTONER,X,83.05,87.9,80.6,85.45,83.0,389,37134,3111376.0
2020-02-19,2020-02-19,SCI,A,56.7,56.85,55.15,56.05,56.05,708,101288,5661374.0
2020-02-19,2020-02-19,SIKA,X,210.0,210.0,198.0,198.95,203.95,38,1141,229055.0
2020-02-19,2020-02-19,ITI,A,82.35,89.1,81.5,86.1,81.6,2493,220041,18772112.0
2020-02-19,2020-02-19,DREDGECORP,B,330.7,344.7,328.65,339.65,328.55,1780,35120,11846921.0
2020-02-19,2020-02-19,PHRMASI,XT,10.7,11.75,10.7,11.75,11.2,2,11,125.0
2020-02-19,2020-02-19,NFL,B,23.85,24.2,23.8,23.95,23.65,91,14557,349334.0
2020-02-19,2020-02-19,IPRINGLTD,X,62.05,68.0,62.05,64.55,63.75,19,990,63752.0
2020-02-19,2020-02-19,PIIND,A,1540.2,1583.0,1534.5,1547.6,1536.1,1120,34200,53050143.0
2020-02-19,2020-02-19,PLASTIBLEN,B,195.0,202.0,195.0,199.0,191.05,49,1335,267902.0
2020-02-19,2020-02-19,WATERBASE,B,135.55,135.95,131.15,131.65,134.5,1169,31031,4123901.0
2020-02-19,2020-02-19,FLEXFO,X,39.5,40.8,39.0,39.45,39.2,46,5443,216600.0
2020-02-19,2020-02-19,GOLKUNDIA,X,15.85,15.85,15.85,15.85,16.4,1,1,15.0
2020-02-19,2020-02-19,APCOTEXIND,B,140.35,146.2,140.35,145.5,140.35,809,12815,1853358.0
2020-02-19,2020-02-19,FORTISMLR,X,51.5,51.5,49.2,49.25,50.4,11,4381,219835.0
2020-02-19,2020-02-19,MASTEK,B,401.75,430.55,401.75,426.6,398.25,1064,7884,3306935.0
2020-02-19,2020-02-19,EIMCOELECO,B,310.0,310.75,310.0,310.0,310.0,27,101,31310.0
2020-02-19,2020-02-19,SAYAJIHOTL,XT,242.15,242.15,236.1,242.15,230.65,51,3073,741878.0
2020-02-19,2020-02-19,ASHIANA,B,105.05,105.95,104.4,104.4,105.1,8,103,10820.0
2020-02-19,2020-02-19,ECOBOAR,XT,5.02,5.02,5.02,5.02,4.93,3,800,4016.0
2020-02-19,2020-02-19,DVL,B,65.0,65.0,62.8,62.9,63.1,111,1757,111271.0
2020-02-19,2020-02-19,MAHEPC,B,139.75,146.6,138.0,142.9,137.2,365,27050,3848769.0
2020-02-19,2020-02-19,SREIINFRA,A,8.33,8.33,7.95,8.02,8.1,99,56266,454335.0
2020-02-19,2020-02-19,MITSHI,X,70.9,70.9,63.1,66.45,69.2,36,6969,470571.0
2020-02-19,2020-02-19,MAZDA,B,501.75,502.95,501.75,502.95,499.35,6,52,26093.0
2020-02-19,2020-02-19,VHLTD,T,1.09,1.19,1.09,1.11,1.14,8,1877,2167.0
2020-02-19,2020-02-19,MENONBE,B,52.3,54.1,46.0,53.0,52.3,2903,17932,937219.0
2020-02-19,2020-02-19,GUJRAFFIA,T,9.0,9.0,9.0,9.0,9.31,1,55,495.0
2020-02-19,2020-02-19,SIMPLEXINF,B,50.9,51.85,47.7,51.45,49.4,1387,133710,6707190.0
2020-02-19,2020-02-19,INNOVTEC,X,12.65,13.4,12.4,12.55,12.95,29,7079,89054.0
2020-02-19,2020-02-19,AXTEL,X,132.0,132.0,126.0,127.9,126.0,81,16096,2063882.0
2020-02-19,2020-02-19,POONAWALLA,A,51.05,51.05,49.0,49.6,50.7,55,2469,124052.0
2020-02-19,2020-02-19,HINFLUR,B,3.43,3.43,3.31,3.39,3.37,37,14214,47786.0
2020-02-19,2020-02-19,KINGFA,B,573.5,670.0,570.05,631.1,575.65,312,2953,1859549.0
2020-02-19,2020-02-19,RAMAPHO,X,45.3,45.3,37.0,42.85,45.2,72,8271,349575.0
2020-02-19,2020-02-19,VENLONENT,X,2.51,2.55,2.51,2.55,2.64,2,10,25.0
2020-02-19,2020-02-19,POLYPLEX,B,531.3,546.05,527.95,542.7,521.8,1018,6097,3286808.0
2020-02-19,2020-02-19,ALBERTDAVD,B,460.3,461.6,441.0,443.85,455.5,376,2631,1182597.0
2020-02-19,2020-02-19,CARYSIL,X,125.0,127.9,120.0,122.95,121.3,521,315714,38915243.0
2020-02-19,2020-02-19,KABRAEXTRU,B,72.3,73.6,72.3,72.4,73.1,13,193,14071.0
2020-02-19,2020-02-19,VINYLINDIA,B,61.85,62.0,61.0,61.4,60.7,35,478,29291.0
2020-02-19,2020-02-19,PCCOSMA,X,84.5,84.5,80.3,81.85,84.5,8,611,50025.0
2020-02-19,2020-02-19,IOLCP,B,238.8,257.3,230.6,234.5,234.65,14693,491335,120756960.0
2020-02-19,2020-02-19,KESARPE,X,5.15,5.15,4.8,4.81,4.98,108,39143,189661.0
2020-02-19,2020-02-19,VINATIORGA,A,971.0,1050.0,970.0,1013.85,971.4,2418,13227,13470180.0
2020-02-19,2020-02-19,LACTOSE,XT,22.95,23.1,22.6,23.1,22.0,29,4507,103129.0
2020-02-19,2020-02-19,AARTIIND,A,981.5,1010.0,981.5,996.65,1000.05,2181,20040,20014225.0
2020-02-19,2020-02-19,WANBURY,T,26.3,26.35,25.7,26.25,25.1,69,15301,402530.0
2020-02-19,2020-02-19,RESONANCE,X,57.4,59.25,53.2,57.8,53.9,214,32929,1896372.0
2020-02-19,2020-02-19,GAEL,B,150.0,156.9,150.0,155.65,147.15,492,7946,1228746.0
2020-02-19,2020-02-19,RCF,A,43.75,44.25,43.05,43.35,43.5,352,60892,2655994.0
2020-02-19,2020-02-19,KOPRAN,B,28.55,30.1,28.55,29.85,27.95,122,9081,268111.0
2020-02-19,2020-02-19,AIMCOPEST,X,82.1,95.0,82.1,89.6,82.2,202,14056,1245400.0
2020-02-19,2020-02-19,GUJTERC,X,6.71,7.04,6.71,7.04,6.71,3,740,5011.0
2020-02-19,2020-02-19,KABRADG,XT,1.97,1.97,1.91,1.95,1.94,24,21361,41146.0
2020-02-19,2020-02-19,SEYAIND,B,88.2,89.25,84.5,84.5,88.9,140,15779,1349238.0
2020-02-19,2020-02-19,JAYAGROGN,B,94.9,95.0,93.35,93.75,94.05,67,846,79507.0
2020-02-19,2020-02-19,BCLIND,X,61.5,65.35,60.2,62.3,64.95,95,19112,1186564.0
2020-02-19,2020-02-19,SHHARICH,XT,25.55,25.55,25.55,25.55,25.05,4,455,11625.0
2020-02-19,2020-02-19,INDOBORAX,X,350.0,350.0,334.0,337.25,350.85,39,691,234082.0
2020-02-19,2020-02-19,AARTIDRUGS,B,640.0,659.35,638.15,643.15,636.55,265,1516,981931.0
2020-02-19,2020-02-19,BODALCHEM,B,83.5,85.65,82.1,82.5,82.7,590,32605,2713213.0
2020-02-19,2020-02-19,VIMTALABS,B,102.0,102.0,99.0,99.15,100.0,47,921,92449.0
2020-02-19,2020-02-19,BIOFILCHEM,T,10.6,11.09,10.6,11.09,11.11,4,106,1126.0
2020-02-19,2020-02-19,ISHITADR,X,13.55,14.96,13.55,14.96,14.25,2,623,8476.0
2020-02-19,2020-02-19,MARKSANS,B,19.5,20.45,19.3,20.05,19.1,487,174112,3435579.0
2020-02-19,2020-02-19,AAREYDRUGS,X,19.4,19.8,19.2,19.25,18.8,23,17316,339148.0
2020-02-19,2020-02-19,ASINPET,XT,3.1,3.1,3.1,3.1,3.1,1,200,620.0
2020-02-19,2020-02-19,CAMEXLTD,X,16.95,16.95,15.15,15.3,15.6,46,8441,136200.0
2020-02-19,2020-02-19,EVEXIA,X,96.9,103.4,93.6,98.45,94.25,316,75717,7281662.0
2020-02-19,2020-02-19,SYNCOMF,X,0.7,0.71,0.65,0.68,0.69,260,708852,476762.0
2020-02-19,2020-02-19,RIDDHI,X,262.2,264.8,238.0,263.1,264.55,42,714,181350.0
2020-02-19,2020-02-19,SVCIND,XT,1.22,1.22,1.22,1.22,1.17,18,15637,19077.0
2020-02-19,2020-02-19,IPCALAB,A,1328.35,1429.1,1325.5,1407.85,1313.45,2100,17769,24685689.0
2020-02-19,2020-02-19,KILITCH,B,117.0,117.6,111.8,113.1,115.3,439,3399,385746.0
2020-02-19,2020-02-19,CORALAB,X,156.05,158.7,149.2,153.1,156.25,61,3423,520363.0
2020-02-19,2020-02-19,KREBSBIO,B,90.0,99.0,89.95,96.8,88.5,82,4714,448633.0
2020-02-19,2020-02-19,KMCSHIL,X,15.4,15.4,14.3,15.05,14.5,68,20663,310788.0
2020-02-19,2020-02-19,LAFFANSQ,XT,11.5,11.5,11.5,11.5,11.88,1,200,2300.0
2020-02-19,2020-02-19,BHASKAGR,XT,19.71,19.71,19.71,19.71,18.78,1,1000,19710.0
2020-02-19,2020-02-19,SUKHJITS,X,182.0,187.0,178.55,187.0,182.0,21,274,50699.0
2020-02-19,2020-02-19,NEULANDLAB,B,452.0,464.3,439.0,447.05,442.5,215,1314,594815.0
2020-02-19,2020-02-19,PODDARMENT,B,192.0,210.0,192.0,201.35,192.3,668,16711,3384716.0
2020-02-19,2020-02-19,VIVIDIND,X,21.15,21.15,19.45,19.95,19.45,11,1644,32975.0
2020-02-19,2020-02-19,PRIYALT,XT,20.15,20.15,20.1,20.1,19.25,2,11,221.0
2020-02-19,2020-02-19,TIRUSTA,XT,20.5,20.5,20.5,20.5,19.55,2,300,6150.0
2020-02-19,2020-02-19,JAYSYNTH,X,2.46,2.46,2.46,2.46,2.35,1,1,2.0
2020-02-19,2020-02-19,AEONXDIGI,X,24.0,24.85,23.85,24.2,24.9,23,1148,27627.0
2020-02-19,2020-02-19,AKSHARCHEM,B,323.2,338.0,321.6,328.3,318.35,600,4242,1405100.0
2020-02-19,2020-02-19,ALUFLUOR,X,118.0,118.0,112.1,113.7,115.95,152,10128,1164801.0
2020-02-19,2020-02-19,ARCHITORG,X,8.66,8.66,7.84,7.84,8.25,33,11277,89999.0
2020-02-19,2020-02-19,INDOAMIN,X,49.5,54.9,47.5,53.3,48.2,122,11673,591068.0
2020-02-19,2020-02-19,INDSWFTLTD,B,2.8,2.8,2.8,2.8,2.73,8,1225,3430.0
2020-02-19,2020-02-19,NATCAPSUQ,X,53.65,53.65,48.6,49.15,51.1,11,713,35841.0
2020-02-19,2020-02-19,BIBCL,B,7.45,7.77,7.4,7.6,7.76,103,20353,152577.0
2020-02-19,2020-02-19,SOTL,B,807.05,827.95,795.05,809.05,802.95,14,35,28346.0
2020-02-19,2020-02-19,HESTERBIO,B,1502.75,1558.0,1502.75,1548.75,1499.35,72,206,314668.0
2020-02-19,2020-02-19,BASANTGL,X,3.3,3.55,3.16,3.32,3.16,44,28856,98197.0
2020-02-19,2020-02-19,PARENTDRUGS,T,2.85,2.85,2.85,2.85,2.99,7,3366,9593.0
2020-02-19,2020-02-19,SANDUPHQ,X,14.5,15.15,14.05,14.85,14.45,15,2563,37853.0
2020-02-19,2020-02-19,NACLIND,B,31.6,32.15,31.6,31.85,30.9,63,8203,260553.0
2020-02-19,2020-02-19,VISTAPH,XT,7.49,7.78,7.12,7.78,7.49,38,2963,21311.0
2020-02-19,2020-02-19,SUNPHARMA,A,411.0,414.15,400.8,403.25,408.7,3779,222618,90325468.0
2020-02-19,2020-02-19,TITANBIO,X,42.0,42.95,40.5,41.7,40.6,26,1810,75455.0
2020-02-19,2020-02-19,JENBURPH,X,375.0,375.0,366.85,371.25,371.75,46,1521,565214.0
2020-02-19,2020-02-19,HIKAL,B,122.6,124.7,121.6,124.05,121.1,1234,39345,4845135.0
2020-02-19,2020-02-19,CAPLIPOINT,B,351.0,359.75,345.1,351.7,345.45,1417,10487,3698804.0
2020-02-19,2020-02-19,LINKPH,X,18.75,18.75,17.0,17.0,17.86,4,210,3587.0
2020-02-19,2020-02-19,DECIPHER,XT,29.9,29.9,27.55,29.5,29.0,11,5101,142908.0
2020-02-19,2020-02-19,WINTACLTD,X,90.0,90.0,83.05,84.05,85.0,7,127,11406.0
2020-02-19,2020-02-19,NUTRA,XT,10.7,10.7,10.7,10.7,11.26,4,675,7222.0
2020-02-19,2020-02-19,NGLFINE,X,435.0,445.9,431.05,440.85,433.75,47,924,402636.0
2020-02-19,2020-02-19,EVERESTO,X,121.3,128.9,121.3,127.0,122.9,38,1125,139229.0
2020-02-19,2020-02-19,AUROPHARMA,A,550.2,607.05,550.2,602.25,500.2,19843,897415,526377620.0
2020-02-19,2020-02-19,PHYTO,X,21.9,21.9,21.0,21.0,20.9,2,75,1620.0
2020-02-19,2020-02-19,NATCOPHARM,A,645.75,666.45,640.05,644.65,637.25,1200,12990,8475744.0
2020-02-19,2020-02-19,DYNAMIND,X,40.0,40.0,35.25,35.85,38.1,77,9156,334770.0
2020-02-19,2020-02-19,PANAMAPET,B,56.0,57.5,56.0,57.25,54.2,18,71,3986.0
2020-02-19,2020-02-19,BALPHARMA,B,35.0,41.75,35.0,39.75,38.8,40,559,22196.0
2020-02-19,2020-02-19,BDH,XT,65.0,67.4,64.0,65.55,64.25,27,1530,99066.0
2020-02-19,2020-02-19,JAUSPOL,XT,6.09,6.09,6.08,6.08,5.8,2,310,1884.0
2020-02-19,2020-02-19,CUBEXTUB,B,13.5,13.63,11.41,13.6,11.41,87,4936,66794.0
2020-02-19,2020-02-19,GALXBRG,XT,123.1,123.1,122.05,122.05,123.05,2,75,9162.0
2020-02-19,2020-02-19,VINRKLB,XT,4.19,4.2,4.19,4.2,4.02,3,2829,11878.0
2020-02-19,2020-02-19,UNRYLMA,XT,8.41,8.41,8.41,8.41,8.01,2,300,2523.0
2020-02-19,2020-02-19,SHERVANI,X,422.0,446.0,421.1,425.8,426.35,13,138,58365.0
2020-02-19,2020-02-19,SHETR,X,20.4,20.5,20.4,20.5,21.45,4,201,4105.0
2020-02-19,2020-02-19,TRABI,XT,3.9,3.9,3.58,3.8,3.76,29,13900,50294.0
2020-02-19,2020-02-19,MPL,XT,4.9,5.1,4.9,5.1,4.9,2,426,2092.0
2020-02-19,2020-02-19,NIKHILAD,X,125.0,141.6,123.0,136.5,137.05,28,1588,219575.0
2020-02-19,2020-02-19,MULTIBASE,X,127.0,127.0,116.9,119.8,116.9,81,5493,657836.0
2020-02-19,2020-02-19,ANDREWYU,B,13.06,13.42,13.01,13.11,13.1,155,42259,557039.0
2020-02-19,2020-02-19,LUDLOWJUT,X,75.6,81.05,75.6,78.35,78.05,84,4303,335479.0
2020-02-19,2020-02-19,HITECHCORP,B,76.0,79.0,76.0,79.0,82.0,17,179,13865.0
2020-02-19,2020-02-19,FILATEX,B,39.5,40.6,39.5,39.75,39.95,251,99388,3992352.0
2020-02-19,2020-02-19,MERCATOR,B,0.75,0.76,0.72,0.76,0.73,48,194335,146421.0
2020-02-19,2020-02-19,AMRAPLIN,X,3.15,3.27,3.15,3.27,3.12,3,1600,5136.0
2020-02-19,2020-02-19,PREMEXPLN,B,122.0,123.9,116.35,119.15,118.65,104,2388,287419.0
2020-02-19,2020-02-19,MOLDTECH,B,54.9,54.9,45.4,45.65,46.5,37,1638,76146.0
2020-02-19,2020-02-19,MPHASIS,A,908.4,908.4,892.1,895.3,896.3,275,1706,1534567.0
2020-02-19,2020-02-19,DIVSHKT,X,31.9,31.9,31.9,31.9,30.4,1,100,3190.0
2020-02-19,2020-02-19,ORIENTLTD,B,87.35,87.35,85.0,85.0,90.0,2,10,852.0
2020-02-19,2020-02-19,DUROPACK,XT,12.32,12.32,12.32,12.32,11.74,2,201,2476.0
2020-02-19,2020-02-19,SWARNSAR,X,9.12,9.12,8.99,9.0,8.98,9,2510,22644.0
2020-02-19,2020-02-19,NMDC,A,101.0,105.45,100.6,105.0,99.5,3176,259171,27058172.0
2020-02-19,2020-02-19,PATINTLOG,B,17.8,19.0,17.65,18.25,18.35,264,6137,110496.0
2020-02-19,2020-02-19,ALPHAGEO,B,234.4,240.0,225.0,227.65,227.4,270,3432,785294.0
2020-02-19,2020-02-19,HAMPTON,X,10.65,11.65,10.65,11.65,11.1,14,2512,28709.0
2020-02-19,2020-02-19,KKALPANAIND,X,21.9,22.0,16.75,19.0,20.9,105,20366,369653.0
2020-02-19,2020-02-19,OKPLA,XT,29.0,30.45,28.1,30.45,29.0,51,11021,334856.0
2020-02-19,2020-02-19,KRITI,X,22.95,22.95,20.0,20.1,20.55,98,28908,588458.0
2020-02-19,2020-02-19,ASMTEC,X,86.4,86.4,75.45,75.5,80.1,4,9,753.0
2020-02-19,2020-02-19,VISIONCINE,X,0.81,0.81,0.81,0.81,0.77,1,40,32.0
2020-02-19,2020-02-19,AEIM,X,1.12,1.12,1.12,1.12,1.12,1,1,1.0
2020-02-19,2020-02-19,WINSOMBR,XT,3.4,3.4,3.36,3.4,3.53,15,1444,4873.0
2020-02-19,2020-02-19,PHOENXINTL,XT,11.03,12.19,11.03,12.19,11.61,7,2111,23297.0
2020-02-19,2020-02-19,RISHIROOP,X,34.5,34.5,33.0,33.95,34.7,15,1490,50596.0
2020-02-19,2020-02-19,DOLPHMED,XT,0.55,0.55,0.55,0.55,0.53,1,500,275.0
2020-02-19,2020-02-19,SYSTMTXC,X,36.0,37.8,36.0,37.8,36.0,8,2041,74433.0
2020-02-19,2020-02-19,ALPINEHOU,X,10.17,10.17,10.17,10.17,10.7,8,531,5400.0
2020-02-19,2020-02-19,SANGHIIND,B,31.05,34.85,30.95,32.65,30.6,532,680070,21180096.0
2020-02-19,2020-02-19,MAXIMAASYST,XT,2.85,2.85,2.85,2.85,2.8,9,4400,12540.0
2020-02-19,2020-02-19,SGLRES,X,23.0,24.4,23.0,23.45,23.0,27,6271,146646.0
2020-02-19,2020-02-19,CHOKSILA,X,9.77,10.05,9.36,10.05,9.77,7,919,9227.0
2020-02-19,2020-02-19,CCHHL,T,2.6,2.83,2.6,2.83,2.71,11,3672,9920.0
2020-02-19,2020-02-19,REMAGNET,XT,9.31,9.31,9.31,9.31,9.8,1,1,9.0
2020-02-19,2020-02-19,TECHIN,B,2.45,2.45,2.1,2.1,2.23,2,520,1267.0
2020-02-19,2020-02-19,TPLPLASTEH,B,123.25,126.2,121.9,123.4,125.0,38,88,10948.0
2020-02-19,2020-02-19,WIMPLAST,X,360.0,360.0,355.0,360.0,356.15,53,2434,872491.0
2020-02-19,2020-02-19,LIBERTSHOE,B,126.65,129.4,125.9,128.75,125.35,1119,20606,2639477.0
2020-02-19,2020-02-19,ELECTHERM,B,137.2,141.1,137.0,139.85,138.5,144,1978,274285.0
2020-02-19,2020-02-19,BLUEDART,A,2925.0,3068.0,2923.55,3022.95,2899.2,411,1360,4103876.0
2020-02-19,2020-02-19,EXPOEAPL,X,2.34,2.34,2.24,2.24,2.34,3,150,346.0
2020-02-19,2020-02-19,NATPLAS,X,24.05,25.0,23.25,24.9,24.15,25,1518,36308.0
2020-02-19,2020-02-19,MFLINDIA,XT,0.2,0.2,0.19,0.19,0.2,21,111844,21251.0
2020-02-19,2020-02-19,RAYALEMA,XT,11.85,11.85,11.85,11.85,12.47,3,165,1955.0
2020-02-19,2020-02-19,MIRZAINT,B,59.9,61.8,59.3,61.5,59.05,318,17041,1038121.0
2020-02-19,2020-02-19,TFCILTD,B,71.75,74.0,71.0,73.55,70.7,401,16781,1218961.0
2020-02-19,2020-02-19,THAKDEV,X,53.75,53.75,53.75,53.75,56.55,1,1,53.0
2020-02-19,2020-02-19,BIL,B,139.9,139.9,131.15,133.35,134.1,18,52,7012.0
2020-02-19,2020-02-19,KAMATHOTEL,B,35.05,36.5,34.8,35.75,35.45,91,5175,185105.0
2020-02-19,2020-02-19,ECOPLAST,X,91.2,91.2,91.2,91.2,95.95,1,41,3739.0
2020-02-19,2020-02-19,ELEMARB,X,84.15,84.15,84.15,84.15,88.5,2,200,16830.0
2020-02-19,2020-02-19,ALCHEMISTLT,T,0.7,0.76,0.7,0.7,0.73,11,28425,19993.0
2020-02-19,2020-02-19,NICCOPAR,XT,34.0,35.5,32.3,35.0,34.0,37,15691,546183.0
2020-02-19,2020-02-19,NTCIND,X,26.2,27.6,26.2,27.5,26.05,12,714,19645.0
2020-02-19,2020-02-19,SANDESH,B,600.0,600.0,591.9,591.9,600.75,9,23,13782.0
2020-02-19,2020-02-19,GARNET,X,6.44,6.44,6.44,6.44,6.14,3,62,399.0
2020-02-19,2020-02-19,GOLDIAM,B,153.1,153.35,147.1,150.75,151.0,235,2065,310730.0
2020-02-19,2020-02-19,BRIGHTBR,X,80.25,87.85,80.25,82.35,84.05,31,3326,275214.0
2020-02-19,2020-02-19,CORPOCO,X,7.89,7.89,7.89,7.89,8.3,2,500,3945.0
2020-02-19,2020-02-19,SHAWGELTIN,X,157.95,157.95,152.1,152.65,152.25,9,181,27678.0
2020-02-19,2020-02-19,PGFOILQ,X,73.7,75.0,67.5,72.55,75.6,32,1413,101373.0
2020-02-19,2020-02-19,VELHO,XT,2.99,2.99,2.99,2.99,2.85,1,207,618.0
2020-02-19,2020-02-19,HOWARHO,X,6.0,6.0,6.0,6.0,5.74,2,2,12.0
2020-02-19,2020-02-19,VALIANT,X,25.5,27.5,25.5,27.45,25.5,15,6755,175518.0
2020-02-19,2020-02-19,DRAGARWQ,X,280.0,291.95,280.0,291.95,295.0,2,147,41171.0
2020-02-19,2020-02-19,GREENPLY,B,138.25,140.5,135.5,137.3,135.0,263,12153,1676771.0
2020-02-19,2020-02-19,PSLLTD,B,0.48,0.49,0.45,0.49,0.45,3,900,420.0
2020-02-19,2020-02-19,SEAMECLTD,B,440.0,446.05,440.0,443.55,420.25,3,4,1774.0
2020-02-19,2020-02-19,CHEVIOT,X,894.1,894.1,870.05,873.55,874.95,304,5690,5000679.0
2020-02-19,2020-02-19,DAICHI,X,271.0,290.0,262.0,289.55,270.85,110,6760,1893556.0
2020-02-19,2020-02-19,CONFIPET,B,25.5,25.95,24.6,25.6,25.4,144,38652,982312.0
2020-02-19,2020-02-19,ASHSI,X,8.65,9.55,8.65,9.55,9.1,3,120,1055.0
2020-02-19,2020-02-19,BANARBEADS,B,40.0,40.0,32.4,35.95,36.5,6,13,464.0
2020-02-19,2020-02-19,AREXMIS,X,56.35,59.0,54.3,59.0,56.35,35,2250,128770.0
2020-02-19,2020-02-19,BI,X,16.7,17.5,15.95,17.45,16.7,77,13608,234376.0
2020-02-19,2020-02-19,RISHILASE,X,13.99,13.99,12.11,12.2,12.99,12,1088,13353.0
2020-02-19,2020-02-19,63MOONS,B,102.9,104.15,101.25,101.7,101.7,829,23662,2430485.0
2020-02-19,2020-02-19,SARLAPOLY,B,20.1,20.5,19.95,20.1,20.0,65,8795,177776.0
2020-02-19,2020-02-19,HFIL,X,8.0,8.95,7.95,8.3,8.51,120,45357,370472.0
2020-02-19,2020-02-19,HRYNSHP,X,35.5,35.5,31.5,33.45,33.4,36,1025,32958.0
2020-02-19,2020-02-19,TYROON,X,32.3,32.3,32.3,32.3,32.3,2,20,646.0
2020-02-19,2020-02-19,LAOPALA,B,215.6,223.7,213.3,213.9,211.5,949,21255,4611977.0
2020-02-19,2020-02-19,STYLAMIND,X,461.0,470.0,458.0,460.0,474.7,35,3521,1621660.0
2020-02-19,2020-02-19,VENUSREM,B,24.7,25.5,24.65,25.45,24.8,121,5105,129034.0
2020-02-19,2020-02-19,UDL,X,4.8,5.0,4.56,4.85,4.8,31,54145,247701.0
2020-02-19,2020-02-19,DHOOTIN,X,19.2,19.9,19.15,19.6,19.95,4,125,2405.0
2020-02-19,2020-02-19,SHBAJRG,X,16.7,17.95,16.7,16.9,17.35,7,120,2026.0
2020-02-19,2020-02-19,URJA,T,1.5,1.54,1.45,1.46,1.51,252,232331,343715.0
2020-02-19,2020-02-19,ASHAPURMIN,B,40.5,40.85,38.85,39.1,39.55,154,9028,359846.0
2020-02-19,2020-02-19,GUJALKALI,A,366.15,368.9,360.4,363.75,360.8,483,3716,1355052.0
2020-02-19,2020-02-19,INDIACEM,A,72.5,74.9,72.3,74.5,71.7,1061,160898,11858418.0
2020-02-19,2020-02-19,JKTYRE,A,66.25,68.0,66.25,67.2,66.25,439,31244,2099913.0
2020-02-19,2020-02-19,MANGCHEFER,B,31.85,31.85,30.55,30.8,31.95,80,4566,142746.0
2020-02-19,2020-02-19,SIL,T,11.4,11.75,11.4,11.75,11.99,2,260,2967.0
2020-02-19,2020-02-19,JUBLPHARMA,A,504.75,533.5,504.75,525.15,496.6,1369,15419,8085154.0
2020-02-19,2020-02-19,ACKNIT,X,58.5,60.95,58.5,60.95,58.0,4,323,19139.0
2020-02-19,2020-02-19,MOHOTAIND,T,7.39,7.39,7.39,7.39,7.77,10,1650,12193.0
2020-02-19,2020-02-19,CSLFINANCE,X,270.9,273.0,270.0,272.6,270.0,11,216,58917.0
2020-02-19,2020-02-19,SANGHVIMOV,B,109.0,112.0,106.4,109.85,105.7,157,7419,815597.0
2020-02-19,2020-02-19,ANTELOPUS,B,139.85,141.0,138.4,140.45,139.0,169,4342,604560.0
2020-02-19,2020-02-19,PURETROP,X,71.5,75.0,71.5,73.3,72.9,84,6395,469607.0
2020-02-19,2020-02-19,FAZE3Q,X,42.0,45.0,42.0,42.1,43.9,9,645,28006.0
2020-02-19,2020-02-19,ANUPAM,XT,22.35,22.35,22.35,22.35,23.5,6,1085,24249.0
2020-02-19,2020-02-19,RAJPACK,X,23.85,26.35,23.85,26.35,25.1,3,12,303.0
2020-02-19,2020-02-19,PRIVISCL,B,628.0,667.0,605.0,626.1,616.25,2497,23226,14984586.0
2020-02-19,2020-02-19,NATRAJPR,XT,21.5,21.5,21.5,21.5,22.25,1,100,2150.0
2020-02-19,2020-02-19,SAMRATPH,X,87.0,87.0,73.0,74.95,80.0,79,4285,325479.0
2020-02-19,2020-02-19,NPRFIN,X,13.25,14.35,13.25,14.35,13.75,2,80,1065.0
2020-02-19,2020-02-19,NILE,X,326.95,344.0,320.05,337.05,322.5,171,4513,1504441.0
2020-02-19,2020-02-19,UDAICEMENT,X,11.53,11.69,11.3,11.35,11.57,168,103168,1180145.0
2020-02-19,2020-02-19,AMCOIND,X,20.75,21.0,20.75,21.0,20.0,21,2823,58943.0
2020-02-19,2020-02-19,OPTIEMUS,B,28.4,28.4,24.0,24.0,26.65,367,12695,330756.0
2020-02-19,2020-02-19,KISAN,X,13.7,13.8,12.9,13.1,13.15,88,26681,359377.0
2020-02-19,2020-02-19,VIJAYTX,X,29.35,31.0,29.35,30.55,31.75,19,2351,70636.0
2020-02-19,2020-02-19,KERALAYUR,X,40.65,45.85,40.65,41.0,42.0,26,2833,116085.0
2020-02-19,2020-02-19,MOHITPPR,X,7.45,7.45,7.45,7.45,7.83,1,30,223.0
2020-02-19,2020-02-19,ODYSSEY,X,17.0,17.0,16.65,16.75,17.35,15,4040,67647.0
2020-02-19,2020-02-19,SURATRAML,X,1.59,1.59,1.42,1.48,1.41,79,59994,88461.0
2020-02-19,2020-02-19,ATHARVENT,XT,0.49,0.49,0.49,0.49,0.51,10,18804,9213.0
2020-02-19,2020-02-19,CHROMATICIN,B,0.53,0.53,0.53,0.53,0.53,3,33,17.0
2020-02-19,2020-02-19,FUNDVISER,XT,10.25,10.25,9.29,9.29,9.77,4,60,562.0
2020-02-19,2020-02-19,THEMISMED,T,429.0,449.9,408.5,408.65,430.0,43,2755,1131016.0
2020-02-19,2020-02-19,KALLAM,X,6.35,6.35,5.9,5.91,5.9,14,1515,9103.0
2020-02-19,2020-02-19,BRAWN,XT,24.8,26.0,24.8,24.8,26.1,11,708,17620.0
2020-02-19,2020-02-19,KINGSINFR,X,23.95,23.95,22.3,22.85,22.7,51,93500,2131757.0
2020-02-19,2020-02-19,AUROLAB,X,34.0,37.3,32.8,36.15,34.0,52,5903,204047.0
2020-02-19,2020-02-19,KJMCFIN,X,8.3,8.3,8.3,8.3,8.3,2,100,830.0
2020-02-19,2020-02-19,SUVEN,B,51.1,51.1,51.1,51.1,48.7,13,2356,120391.0
2020-02-19,2020-02-19,RISAINTL,XT,0.49,0.51,0.49,0.51,0.51,6,10457,5126.0
2020-02-19,2020-02-19,KAYPOWR,X,1.33,1.33,1.33,1.33,1.33,2,500,665.0
2020-02-19,2020-02-19,INTSTOIL,X,8.5,8.5,8.01,8.01,8.4,5,550,4552.0
2020-02-19,2020-02-19,SAINIK,X,19.15,19.15,19.15,19.15,18.24,1,10,191.0
2020-02-19,2020-02-19,KOTHARIPRO,B,60.5,62.25,59.05,60.8,60.4,21,274,16522.0
2020-02-19,2020-02-19,PICCADIL,X,7.45,8.15,7.0,7.5,7.12,36,6745,50682.0
2020-02-19,2020-02-19,CLSEL,X,54.5,55.65,51.0,51.35,52.15,410,44842,2349498.0
2020-02-19,2020-02-19,CHANDRAP,X,17.0,17.0,16.5,16.5,16.25,4,2114,34888.0
2020-02-19,2020-02-19,KIMIABL,X,21.0,22.15,20.05,20.05,21.1,4,1200,25033.0
2020-02-19,2020-02-19,HINDTIN,X,46.95,46.95,43.75,43.9,44.65,117,15434,680647.0
2020-02-19,2020-02-19,GODAVARI,X,18.45,18.45,16.95,17.7,17.35,14,691,11745.0
2020-02-19,2020-02-19,PREMCO,XT,86.5,90.9,86.5,86.5,91.05,17,838,72710.0
2020-02-19,2020-02-19,MUKESHB,X,183.95,184.35,167.95,179.2,176.75,47,1594,276674.0
2020-02-19,2020-02-19,GENUSPOWER,B,26.1,26.2,25.45,26.0,26.0,60,15366,396193.0
2020-02-19,2020-02-19,ASIANENE,X,117.0,128.7,117.0,127.2,116.5,426,65577,8074943.0
2020-02-19,2020-02-19,UGARSUGAR,B,15.2,15.4,14.51,14.69,14.21,88,15542,232312.0
2020-02-19,2020-02-19,ORIENTBELL,B,110.1,111.0,107.6,108.15,110.05,100,995,109006.0
2020-02-19,2020-02-19,NRBBEARING,B,92.5,93.4,90.95,92.35,90.85,50,1236,114224.0
2020-02-19,2020-02-19,VAMSHIRU,X,14.0,14.0,14.0,14.0,14.5,2,110,1540.0
2020-02-19,2020-02-19,NILAINFRA,B,4.49,4.6,4.38,4.38,4.38,15,5527,24657.0
2020-02-19,2020-02-19,JINDCAP,X,3.86,3.86,3.86,3.86,3.68,1,10,38.0
2020-02-19,2020-02-19,SUMEDHA,X,20.8,21.8,20.7,21.25,20.65,17,2351,48917.0
2020-02-19,2020-02-19,CHOKSI,X,12.67,12.67,12.67,12.67,13.3,1,30,380.0
2020-02-19,2020-02-19,ADORFO,X,41.5,45.0,41.05,42.85,41.5,69,9855,428135.0
2020-02-19,2020-02-19,SHIVAAGRO,X,16.8,18.4,16.6,17.05,17.5,17,4857,82563.0
2020-02-19,2020-02-19,VALSONQ,X,19.75,19.75,15.25,17.15,16.6,46,4638,77665.0
2020-02-19,2020-02-19,SABOOSOD,X,5.0,5.0,4.52,4.77,4.9,28,1727,8146.0
2020-02-19,2020-02-19,TINNARUBR,X,19.1,19.1,19.1,19.1,19.1,1,1,19.0
2020-02-19,2020-02-19,VIKRAMTH,XT,89.0,89.0,85.15,88.0,89.0,19,901,78182.0
2020-02-19,2020-02-19,AKCAPIT,X,253.0,253.0,252.95,252.95,247.05,3,12,3035.0
2020-02-19,2020-02-19,RELAXO,A,817.0,823.75,809.5,812.8,815.85,1204,11441,9325943.0
2020-02-19,2020-02-19,VIRAT,X,51.65,52.0,51.65,51.7,48.0,6,180,9309.0
2020-02-19,2020-02-19,MARGLTD,Z,7.2,7.64,7.15,7.55,7.5,7,3217,23555.0
2020-02-19,2020-02-19,COSCO,X,84.0,84.0,83.6,83.6,83.6,3,10,839.0
2020-02-19,2020-02-19,SHILPAMED,B,450.5,460.3,450.0,460.3,438.4,551,6871,3145406.0
2020-02-19,2020-02-19,PARACABLES,B,7.25,7.25,7.08,7.19,7.14,35,12480,89140.0
2020-02-19,2020-02-19,NCLRESE,X,0.19,0.19,0.19,0.19,0.19,1,1,0.0
2020-02-19,2020-02-19,EXPLICITFIN,X,1.81,1.81,1.81,1.81,1.81,1,25,45.0
2020-02-19,2020-02-19,LADDERUP,X,30.0,30.0,29.3,29.3,30.8,4,1502,45058.0
2020-02-19,2020-02-19,UYFINCORP,X,2.4,2.4,2.4,2.4,2.4,1,10,24.0
2020-02-19,2020-02-19,SWASTIKA,XT,84.45,84.45,76.45,76.45,80.45,12,488,37334.0
2020-02-19,2020-02-19,PRIMAPLA,X,51.4,57.4,51.1,52.35,52.9,57,8315,444173.0
2020-02-19,2020-02-19,AAIL,X,20.15,23.7,20.15,21.95,19.75,35,2043,42931.0
2020-02-19,2020-02-19,VIPULORG,X,152.9,161.9,149.5,157.7,152.75,589,65463,10264212.0
2020-02-19,2020-02-19,ECORECO,X,31.3,33.8,31.2,33.3,31.9,15,952,31226.0
2020-02-19,2020-02-19,GOODLUCK,B,47.7,48.9,46.4,46.7,46.9,54,1525,72247.0
2020-02-19,2020-02-19,GOYALASS,XT,0.73,0.73,0.73,0.73,0.76,2,21,15.0
2020-02-19,2020-02-19,ZENITHHE,XT,1.1,1.1,1.0,1.0,1.05,33,7460,7509.0
2020-02-19,2020-02-19,SUPREME,X,17.53,17.53,17.0,17.16,16.7,15,3060,53332.0
2020-02-19,2020-02-19,LYKISLTD,X,18.8,19.0,17.25,18.9,18.95,41,2544,47000.0
2020-02-19,2020-02-19,ZENLABS,XT,39.0,39.0,38.5,38.5,39.0,6,575,22325.0
2020-02-19,2020-02-19,GOWRALE,XT,16.39,16.39,15.61,15.61,15.61,3,115,1799.0
2020-02-19,2020-02-19,JAGANLAM,X,27.6,27.6,27.6,27.6,28.15,19,294,8114.0
2020-02-19,2020-02-19,ALPSINDUS,T,1.03,1.03,0.98,0.98,0.99,2,304,301.0
2020-02-19,2020-02-19,ENCODE,XT,18.4,18.4,17.5,17.5,18.4,2,3,54.0
2020-02-19,2020-02-19,CORNE,X,5.75,5.75,5.75,5.75,6.0,2,100,575.0
2020-02-19,2020-02-19,STERTOOLS,B,195.0,219.75,195.0,207.25,194.9,182,942,196897.0
2020-02-19,2020-02-19,AGARWAL,X,1.42,1.42,1.42,1.42,1.36,1,50,71.0
2020-02-19,2020-02-19,KLGCAP,XT,9.83,9.83,9.37,9.37,9.37,4,61,572.0
2020-02-19,2020-02-19,DYNAMICP,XT,2.18,2.18,2.18,2.18,2.18,1,500,1090.0
2020-02-19,2020-02-19,CEEJAY,X,99.0,99.0,91.3,91.35,95.35,7,1103,105231.0
2020-02-19,2020-02-19,BHAGERIA,B,147.05,147.05,141.95,143.6,145.75,217,3062,440801.0
2020-02-19,2020-02-19,KRBL,A,302.9,306.65,302.85,304.6,298.8,514,12319,3762045.0
2020-02-19,2020-02-19,REFNOLRESIN,X,21.6,21.6,21.6,21.6,21.0,2,14,302.0
2020-02-19,2020-02-19,SSPDL,X,22.8,25.2,22.8,23.6,24.0,5,214,5051.0
2020-02-19,2020-02-19,DAIKAFFI,X,22.85,22.85,19.8,21.45,20.45,25,2384,50247.0
2020-02-19,2020-02-19,CILSEC,X,11.57,12.12,11.0,11.29,11.57,9,1316,14784.0
2020-02-19,2020-02-19,CUPID,B,222.65,238.95,219.1,237.25,220.9,1060,12933,3000215.0
2020-02-19,2020-02-19,SUNSHIEL,X,125.0,125.0,120.5,121.4,119.6,11,1055,127769.0
2020-02-19,2020-02-19,HIPOLIN,X,20.8,20.8,20.8,20.8,21.85,1,100,2080.0
2020-02-19,2020-02-19,CHEMBOND,B,201.0,204.0,195.0,198.9,198.15,292,1815,359089.0
2020-02-19,2020-02-19,CIFL,X,139.9,139.9,120.0,130.6,134.4,48,1239,158036.0
2020-02-19,2020-02-19,SUCROSA,X,15.1,15.45,14.75,15.0,15.3,64,20449,305438.0
2020-02-19,2020-02-19,AUDROC,XT,0.19,0.19,0.19,0.19,0.19,1,1,0.0
2020-02-19,2020-02-19,NGIND,X,53.9,54.65,52.15,54.65,52.05,12,1071,57710.0
2020-02-19,2020-02-19,REMSONSIND,B,78.0,82.4,78.0,82.4,77.9,6,474,38767.0
2020-02-19,2020-02-19,AQYLON,B,1.37,1.37,1.26,1.27,1.4,11,6047,7661.0
2020-02-19,2020-02-19,RAMINFO,X,29.8,29.95,26.25,28.05,27.75,43,3903,107633.0
2020-02-19,2020-02-19,SUNILAGR,X,24.2,24.2,24.2,24.2,25.45,3,18,435.0
2020-02-19,2020-02-19,DIANATEA,X,8.9,9.87,8.76,9.43,9.2,30,2707,25053.0
2020-02-19,2020-02-19,VIKASECO,B,2.31,2.49,2.14,2.4,2.27,81,87132,207141.0
2020-02-19,2020-02-19,IOC,A,113.25,114.45,112.65,114.15,112.7,2044,212144,24115688.0
2020-02-19,2020-02-19,SKCIL,X,30.7,35.9,30.65,35.7,32.65,20,2409,81530.0
2020-02-19,2020-02-19,INDIAHOME,X,49.85,50.45,44.75,46.35,44.85,36,3100,142859.0
2020-02-19,2020-02-19,JPTSEC,XT,10.25,10.25,10.25,10.25,9.9,1,40,410.0
2020-02-19,2020-02-19,UNIQUEO,X,3.34,3.34,3.33,3.33,3.5,11,11701,39002.0
2020-02-19,2020-02-19,BALAMINES,B,410.0,425.25,390.0,411.85,410.0,348,1954,809144.0
2020-02-19,2020-02-19,COMPEAU,X,142.05,154.7,142.0,143.6,147.0,14,373,53335.0
2020-02-19,2020-02-19,ZDHJERK,XT,8.1,8.1,8.1,8.1,8.1,1,5,40.0
2020-02-19,2020-02-19,VIJSOLX,XT,314.2,314.2,314.2,314.2,299.25,3,101,31734.0
2020-02-19,2020-02-19,ALANKIT,B,16.0,16.0,14.3,15.0,14.75,256,73610,1116001.0
2020-02-19,2020-02-19,NIHARINF,X,4.75,5.0,4.75,5.0,5.0,5,200,995.0
2020-02-19,2020-02-19,TULIPSTARH,X,26.1,26.1,26.1,26.1,26.1,1,1,26.0
2020-02-19,2020-02-19,OMINFRAL,B,23.25,23.7,22.9,22.9,22.35,21,2111,48558.0
2020-02-19,2020-02-19,CENTUPLE,X,2.73,2.73,2.47,2.47,2.6,3,91,225.0
2020-02-19,2020-02-19,ISHANCH,X,30.5,30.5,28.1,29.55,28.9,16,768,21976.0
2020-02-19,2020-02-19,BALUFORGE,XT,33.6,33.6,30.4,30.4,32.0,6,121,3822.0
2020-02-19,2020-02-19,PATELENG,B,16.6,17.4,16.6,16.8,16.35,124,27765,466559.0
2020-02-19,2020-02-19,MENAMANI,X,7.69,7.69,7.69,7.69,8.05,2,17,130.0
2020-02-19,2020-02-19,MEDICAMEQ,X,314.0,314.0,298.0,306.9,305.05,86,5152,1571447.0
2020-02-19,2020-02-19,ALICON,B,364.0,364.0,356.0,360.1,363.5,23,195,70480.0
2020-02-19,2020-02-19,EPSOMPRO,XT,6.0,6.03,6.0,6.03,5.75,7,330,1986.0
2020-02-19,2020-02-19,ABMKNO,X,47.6,49.0,47.0,49.0,46.0,10,1231,59460.0
2020-02-19,2020-02-19,EMAMILTD,A,277.45,277.45,270.5,272.15,273.45,747,23029,6281424.0
2020-02-19,2020-02-19,KEMISTAR,X,46.0,46.5,45.0,45.5,39.05,28,5297,244207.0
2020-02-19,2020-02-19,PRANAVSPIN,X,18.3,18.3,18.3,18.3,18.4,1,50,915.0
2020-02-19,2020-02-19,SYSCHEM,XT,8.2,8.46,8.05,8.43,8.47,67,7768,64576.0
2020-02-19,2020-02-19,ARMANFIN,B,946.0,996.9,946.0,970.0,946.7,203,1698,1650224.0
2020-02-19,2020-02-19,GLANCE,X,30.4,30.4,30.4,30.4,32.0,1,50,1520.0
2020-02-19,2020-02-19,SHILCTECH,X,140.05,140.05,140.0,140.0,145.0,2,14,1960.0
2020-02-19,2020-02-19,NUCLEUS,B,299.35,301.8,299.0,301.5,301.7,28,548,164403.0
2020-02-19,2020-02-19,WELLNESS,P,6.03,6.03,6.03,6.03,5.75,4,2000,12060.0
2020-02-19,2020-02-19,NLFL,X,18.7,18.7,18.7,18.7,17.85,1,26,486.0
2020-02-19,2020-02-19,MANAPPURAM,A,172.0,175.85,171.55,174.25,170.55,1499,222066,38666198.0
2020-02-19,2020-02-19,RTSPOWR,X,26.5,28.65,26.5,28.65,27.7,4,222,6146.0
2020-02-19,2020-02-19,COMFINTE,X,4.65,4.97,4.62,4.77,4.98,14,1903,8917.0
2020-02-19,2020-02-19,MAYURFL,XT,4.66,4.68,4.66,4.68,4.5,3,1000,4673.0
2020-02-19,2020-02-19,ANJANI,X,13.0,13.23,13.0,13.23,12.6,2,2125,28085.0
2020-02-19,2020-02-19,XTGLOBAL,XT,12.79,13.31,12.79,13.31,13.05,17,6248,82473.0
2020-02-19,2020-02-19,RASIELEC,X,2.85,2.85,2.13,2.39,2.5,35,4270,10091.0
2020-02-19,2020-02-19,SCOOBEEDAY,X,83.05,89.9,82.0,82.6,86.75,30,1426,119412.0
2020-02-19,2020-02-19,CITIPOR,XT,10.7,10.7,10.7,10.7,11.26,2,21,224.0
2020-02-19,2020-02-19,PRIMAIN,XT,7.95,7.95,7.95,7.95,8.36,3,665,5286.0
2020-02-19,2020-02-19,ANERI,X,8.44,8.44,8.44,8.44,8.29,1,400,3376.0
2020-02-19,2020-02-19,INDGELA,X,103.25,114.95,103.25,109.0,104.1,95,2399,263674.0
2020-02-19,2020-02-19,VSTTILLERS,B,1264.25,1278.25,1253.15,1264.5,1255.6,43,178,224921.0
2020-02-19,2020-02-19,B2BSOFT,XT,9.0,9.45,9.0,9.45,9.0,4,326,3069.0
2020-02-19,2020-02-19,RADHEDE,X,13.95,13.95,13.45,13.45,14.09,5,550,7447.0
2020-02-19,2020-02-19,NATPLASTI,X,35.1,35.1,35.1,35.1,35.1,1,54,1895.0
2020-02-19,2020-02-19,NATFIT,X,32.6,32.6,27.3,29.45,28.6,177,12315,372977.0
2020-02-19,2020-02-19,DHPIND,X,432.0,432.0,420.0,426.9,431.25,81,1814,768779.0
2020-02-19,2020-02-19,RRIL,XT,1.39,1.5,1.39,1.5,1.46,6,2197,3130.0
2020-02-19,2020-02-19,HAVISHA,T,0.67,0.67,0.67,0.67,0.67,1,4,2.0
2020-02-19,2020-02-19,ROSELABS,X,13.93,13.93,13.93,13.93,14.66,1,1,13.0
2020-02-19,2020-02-19,ZYDUSWELL,A,1502.95,1502.95,1476.05,1477.05,1481.5,60,422,626041.0
2020-02-19,2020-02-19,WINPRO,B,53.0,54.0,52.5,53.9,53.05,47,43606,2348428.0
2020-02-19,2020-02-19,BERVINL,XT,12.84,14.0,12.84,14.0,13.51,2,11,142.0
2020-02-19,2020-02-19,CONCOR,A,537.15,561.0,536.05,554.4,535.2,1670,27384,15111170.0
2020-02-19,2020-02-19,PANACEABIO,B,115.0,118.35,114.95,116.9,113.55,155,2113,246741.0
2020-02-19,2020-02-19,CHOICEIN,XT,89.5,90.0,88.5,89.9,89.55,67,6049,538567.0
2020-02-19,2020-02-19,SRAMSET,X,100.0,109.95,100.0,100.0,100.0,4,15,1599.0
2020-02-19,2020-02-19,SPAR,X,3.35,3.35,3.35,3.35,3.2,1,10,33.0
2020-02-19,2020-02-19,BYKE,B,16.85,17.55,16.85,17.05,16.7,314,4092,70745.0
2020-02-19,2020-02-19,ARIHANT,B,18.9,18.9,18.9,18.9,19.25,1,50,945.0
2020-02-19,2020-02-19,WOMENNET,XT,1.31,1.31,1.31,1.31,1.25,1,10,13.0
2020-02-19,2020-02-19,ALMONDZ,B,16.6,16.6,16.6,16.6,16.0,14,600,9960.0
2020-02-19,2020-02-19,ZICOMELECTR,T,1.34,1.34,1.34,1.34,1.41,2,21,28.0
2020-02-19,2020-02-19,TUNITEX,X,0.19,0.19,0.19,0.19,0.19,1,100,19.0
2020-02-19,2020-02-19,RADIXIND,XT,88.7,93.65,88.7,90.55,89.2,11,70,6395.0
2020-02-19,2020-02-19,TNPL,A,168.8,168.8,165.75,167.2,167.3,349,2803,467960.0
2020-02-19,2020-02-19,SHAKTIPUMP,B,255.5,261.7,252.05,254.75,252.9,1516,23987,6151557.0
2020-02-19,2020-02-19,PWASML,X,22.8,23.0,20.0,21.05,22.0,30,739,15684.0
2020-02-19,2020-02-19,GOLDTECH,B,8.21,8.36,8.21,8.36,8.49,2,831,6887.0
2020-02-19,2020-02-19,POLYLINK,X,10.34,10.34,10.34,10.34,9.63,1,10,103.0
2020-02-19,2020-02-19,DUKEOFS,X,8.35,8.35,7.72,7.72,8.12,47,4593,35577.0
2020-02-19,2020-02-19,CYBELEIND,XT,5.15,5.15,5.1,5.1,5.1,4,1115,5692.0
2020-02-19,2020-02-19,CGVAK,X,31.95,31.95,28.5,31.0,29.85,11,808,23690.0
2020-02-19,2020-02-19,NAVKARURB,X,12.84,12.84,12.84,12.84,13.51,6,974,12506.0
2020-02-19,2020-02-19,MADHUCON,B,2.95,3.1,2.95,2.95,3.1,59,2873,8477.0
2020-02-19,2020-02-19,SYBLY,XT,2.34,2.57,2.34,2.34,2.46,5,5060,11850.0
2020-02-19,2020-02-19,RAJESHEXPO,A,723.0,723.0,699.0,701.85,714.5,1076,55877,39702154.0
2020-02-19,2020-02-19,ESARIND,XT,0.59,0.59,0.59,0.59,0.58,7,12503,7376.0
2020-02-19,2020-02-19,MARIS,X,13.3,13.3,12.65,12.65,13.3,13,5910,75086.0
2020-02-19,2020-02-19,EVEREADY,A,70.15,72.45,67.65,68.35,67.95,706,51535,3634813.0
2020-02-19,2020-02-19,ORIENTTR,XT,2.79,2.8,2.55,2.55,2.68,20,5976,15883.0
2020-02-19,2020-02-19,VIKASPROP,B,11.2,11.2,11.2,11.2,11.42,30,3879,43444.0
2020-02-19,2020-02-19,ACESOFT,X,16.15,17.0,16.15,17.0,17.0,3,200,3246.0
2020-02-19,2020-02-19,HATSUN,A,630.0,658.95,622.6,649.45,616.55,98,913,587115.0
2020-02-19,2020-02-19,RISHDIGA,X,21.0,23.15,21.0,21.05,21.05,16,303,6414.0
2020-02-19,2020-02-19,MAINFRA,X,21.2,21.3,20.7,20.8,21.0,186,6610,137865.0
2020-02-19,2020-02-19,JINDWORLD,B,62.5,62.5,59.9,60.35,60.5,542,59123,3574016.0
2020-02-19,2020-02-19,SOMANYCERA,B,206.45,206.45,198.25,202.2,204.5,589,6000,1227994.0
2020-02-19,2020-02-19,CORALFINAC,B,14.85,14.85,14.02,14.02,14.47,15,2626,37809.0
2020-02-19,2020-02-19,VASINFRA,X,8.19,8.19,8.19,8.19,7.8,1,10,81.0
2020-02-19,2020-02-19,BERYLSE,X,8.5,8.67,8.5,8.67,8.26,4,1600,13636.0
2020-02-19,2020-02-19,DEVINE,XT,5.25,5.25,5.25,5.25,5.25,1,1,5.0
2020-02-19,2020-02-19,BAMPSL,XT,0.91,0.95,0.91,0.95,0.95,19,16306,15366.0
2020-02-19,2020-02-19,GENPHARMA,X,14.0,14.0,14.0,14.0,14.05,1,150,2100.0
2020-02-19,2020-02-19,CGCL,B,213.9,215.6,208.5,210.2,214.75,1776,204040,43700846.0
2020-02-19,2020-02-19,FDC,A,246.0,248.0,237.0,238.95,238.95,758,5761,1404491.0
2020-02-19,2020-02-19,GORANIN,X,13.54,13.54,13.54,13.54,12.9,4,45,609.0
2020-02-19,2020-02-19,STARCOM,XT,103.1,103.1,103.1,103.1,108.3,1,29,2989.0
2020-02-19,2020-02-19,OROSMITHS,X,3.2,3.2,3.2,3.2,3.2,1,200,640.0
2020-02-19,2020-02-19,LINCOLN,B,176.0,177.85,167.0,169.85,175.45,357,5408,927009.0
2020-02-19,2020-02-19,PRAVEG,X,5.94,5.94,5.94,5.94,5.83,2,500,2970.0
2020-02-19,2020-02-19,MARICO,A,302.05,306.5,298.4,299.95,299.55,1600,59697,17995686.0
2020-02-19,2020-02-19,VAXHS,Z,1.4,1.4,1.4,1.4,1.4,1,130,182.0
2020-02-19,2020-02-19,YUVRAAJHPL,X,0.49,0.49,0.49,0.49,0.49,1,10,4.0
2020-02-19,2020-02-19,RRMETAL,X,22.0,22.0,21.9,21.9,23.0,3,396,8672.0
2020-02-19,2020-02-19,MAYUR,XT,3.4,3.55,3.4,3.55,3.44,2,400,1390.0
2020-02-19,2020-02-19,ADVIKLA,XT,0.34,0.36,0.34,0.35,0.35,6,158,56.0
2020-02-19,2020-02-19,KARUTURIGLO,Z,0.25,0.27,0.25,0.25,0.26,42,145352,37354.0
2020-02-19,2020-02-19,PRITHVIEXCH,X,29.0,29.0,25.0,26.0,25.5,9,244,6245.0
2020-02-19,2020-02-19,KHYATI,XT,0.4,0.4,0.4,0.4,0.4,4,1588,635.0
2020-02-19,2020-02-19,RAINBOWF,X,9.95,9.95,9.95,9.95,10.45,1,1,9.0
2020-02-19,2020-02-19,VIDHIING,B,65.25,65.45,64.85,65.0,65.1,64,3298,214685.0
2020-02-19,2020-02-19,BHAGCHEM,X,329.7,329.7,319.2,320.1,320.5,6,2390,773817.0
2020-02-19,2020-02-19,GATECH,T,0.33,0.33,0.33,0.33,0.34,46,180503,59565.0
2020-02-19,2020-02-19,PANCHSHEEL,X,52.45,56.05,51.6,54.9,53.95,19,836,43437.0
2020-02-19,2020-02-19,MENNPIS,X,14.15,14.95,13.7,14.05,14.5,65,7967,112269.0
2020-02-19,2020-02-19,GREENCREST,X,0.52,0.52,0.52,0.52,0.52,3,1800,936.0
2020-02-19,2020-02-19,GENNEX,X,2.33,2.38,2.25,2.32,2.25,67,24087,55043.0
2020-02-19,2020-02-19,GINISILK,X,34.25,34.25,34.25,34.25,35.95,1,25,856.0
2020-02-19,2020-02-19,PRAENG,B,5.96,6.05,5.75,5.75,5.93,9,2300,13507.0
2020-02-19,2020-02-19,APOLLOPIPE,B,456.0,456.0,440.0,445.2,449.0,984,8643,3835604.0
2020-02-19,2020-02-19,UNJHAFOR,X,6.12,6.12,6.12,6.12,6.26,3,210,1285.0
2020-02-19,2020-02-19,POLYMED,B,312.0,312.0,293.25,299.25,294.1,286,1693,506564.0
2020-02-19,2020-02-19,KACHCHH,X,1.52,1.52,1.52,1.52,1.6,2,800,1216.0
2020-02-19,2020-02-19,ATULAUTO,B,244.35,245.0,239.0,244.1,238.75,173,2129,514778.0
2020-02-19,2020-02-19,GANGAPA,XT,24.8,24.8,24.8,24.8,26.05,2,50,1240.0
2020-02-19,2020-02-19,TIRSARJ,X,5.66,6.3,5.3,5.94,5.95,71,7870,45874.0
2020-02-19,2020-02-19,RODIUM,X,102.0,102.5,101.0,102.5,98.3,19,3839,391934.0
2020-02-19,2020-02-19,LAHOTIOV,X,10.59,10.59,9.5,10.06,9.68,24,12272,120165.0
2020-02-19,2020-02-19,ORIRAIL,X,51.7,53.0,51.35,51.9,52.2,48,13853,715849.0
2020-02-19,2020-02-19,JOINDRE,X,17.2,17.2,15.3,16.15,15.8,23,3237,53269.0
2020-02-19,2020-02-19,BHARATAGRI,X,160.0,160.0,155.0,157.8,153.2,30,4321,680092.0
2020-02-19,2020-02-19,UNITINT,X,5.3,5.3,4.81,5.3,5.05,3,102,491.0
2020-02-19,2020-02-19,SACHEMT,X,14.5,14.5,14.0,14.45,14.2,19,2192,30795.0
2020-02-19,2020-02-19,PIONEERDIS,B,149.0,150.25,147.1,147.75,148.35,55,531,79100.0
2020-02-19,2020-02-19,GMETCOAL,XT,7.99,7.99,7.99,7.99,7.99,4,100,799.0
2020-02-19,2020-02-19,KWALITYLTD,T,1.66,1.77,1.66,1.75,1.69,57,35991,63144.0
2020-02-19,2020-02-19,REXNORD,X,27.05,29.65,26.2,26.7,27.6,21,1579,42316.0
2020-02-19,2020-02-19,CCLINTER,X,4.72,4.72,4.72,4.72,4.5,1,1,4.0
2020-02-19,2020-02-19,AGARIND,B,79.8,83.85,79.3,81.9,76.5,16,1246,102013.0
2020-02-19,2020-02-19,SHAQUAK,XT,0.37,0.37,0.37,0.37,0.38,6,2141,792.0
2020-02-19,2020-02-19,VERTEX,X,1.01,1.01,1.01,1.01,0.99,2,400,404.0
2020-02-19,2020-02-19,RIBATEX,X,48.0,48.0,44.85,46.95,46.35,62,18895,879869.0
2020-02-19,2020-02-19,CHLOGIST,X,3.02,3.2,2.97,3.0,3.17,29,24589,73814.0
2020-02-19,2020-02-19,AMBIKCO,B,810.8,819.0,797.05,819.0,821.75,147,911,733566.0
2020-02-19,2020-02-19,HINDALUMI,X,39.75,47.8,39.75,41.9,43.75,38,3412,143325.0
2020-02-19,2020-02-19,ODYCORP,X,1.38,1.38,1.38,1.38,1.38,2,1788,2467.0
2020-02-19,2020-02-19,INDCTST,X,14.25,14.25,14.25,14.25,15.0,3,1117,15917.0
2020-02-19,2020-02-19,SAMINDUS,X,8.91,8.91,8.91,8.91,8.92,1,14,124.0
2020-02-19,2020-02-19,SHVFL,XT,7.03,7.03,7.03,7.03,7.39,7,18940,133148.0
2020-02-19,2020-02-19,FILATFASH,X,3.3,3.3,2.86,3.25,3.02,8,1605,5038.0
2020-02-19,2020-02-19,JAINSTUDIOS,T,1.5,1.5,1.5,1.5,1.57,1,100,150.0
2020-02-19,2020-02-19,SAFALHBS,Z,0.87,0.88,0.87,0.87,0.84,4,401,348.0
2020-02-19,2020-02-19,UNISTRMU,XT,3.48,3.48,3.48,3.48,3.49,1,10,34.0
2020-02-19,2020-02-19,ZENOTECH,X,24.0,26.7,24.0,26.4,25.45,27,2107,55507.0
2020-02-19,2020-02-19,HINDBIO,X,1.99,1.99,1.99,1.99,1.9,4,2763,5498.0
2020-02-19,2020-02-19,SWELECTES,B,122.0,122.5,120.55,120.55,123.0,12,102,12383.0
2020-02-19,2020-02-19,WALLFORT,X,17.7,17.7,17.7,17.7,16.9,1,565,10000.0
2020-02-19,2020-02-19,KDDL,B,284.0,288.0,284.0,288.0,294.3,2,2,572.0
2020-02-19,2020-02-19,3BBLACKBIO,X,96.95,96.95,86.5,87.05,89.25,127,12540,1103837.0
2020-02-19,2020-02-19,GUJJUBHAI,X,7.72,7.72,7.72,7.72,8.12,11,53000,409160.0
2020-02-19,2020-02-19,INTERDIGI,XT,0.15,0.15,0.15,0.15,0.15,1,1,0.0
2020-02-19,2020-02-19,ATVOENT,XT,0.28,0.28,0.28,0.28,0.28,9,41760,11692.0
2020-02-19,2020-02-19,EPUJA,X,10.35,10.79,9.6,10.0,10.33,305,302885,2958138.0
2020-02-19,2020-02-19,MUKANDENGG,B,11.0,11.0,11.0,11.0,11.0,1,1,11.0
2020-02-19,2020-02-19,RELIABVEN,X,11.13,11.13,11.13,11.13,11.71,2,582,6477.0
2020-02-19,2020-02-19,HEXAWARETEC,A,386.0,389.8,366.45,369.85,384.9,2551,115100,43526769.0
2020-02-19,2020-02-19,BANKBARODA,A,81.05,82.5,80.2,81.1,81.05,2131,676728,54915111.0
2020-02-19,2020-02-19,MOHITE,X,9.9,9.9,9.9,9.9,9.45,1,10,99.0
2020-02-19,2020-02-19,ACL,B,2.15,2.16,2.09,2.16,2.16,8,2887,6209.0
2020-02-19,2020-02-19,SKMEGGPROD,B,31.8,31.8,30.3,30.5,30.45,36,714,21895.0
2020-02-19,2020-02-19,WELCORP,A,211.45,211.45,208.15,209.35,207.35,856,117724,24632993.0
2020-02-19,2020-02-19,HOTLSILV,X,5.55,5.55,5.55,5.55,6.05,1,100,555.0
2020-02-19,2020-02-19,BANKINDIA,A,62.0,62.0,59.7,60.35,60.35,1178,636669,38623224.0
2020-02-19,2020-02-19,INDRAMEDCO,B,41.9,42.15,41.0,41.9,41.0,134,7083,294787.0
2020-02-19,2020-02-19,JOHNPHARMA,XT,1.49,1.49,1.49,1.49,1.56,1,1,1.0
2020-02-19,2020-02-19,GAIL,A,119.0,120.95,118.85,119.85,119.45,1046,165219,19802334.0
2020-02-19,2020-02-19,VAIBHAVGBL,B,1137.4,1173.25,1136.0,1168.6,1130.45,254,1143,1310475.0
2020-02-19,2020-02-19,TRESCON,X,73.0,73.0,69.0,69.05,73.5,9,81,5705.0
2020-02-19,2020-02-19,GUJSTATFIN,T,0.7,0.73,0.7,0.73,0.7,5,6011,4223.0
2020-02-19,2020-02-19,JKPAPER,B,122.95,128.95,122.8,127.95,121.9,1956,64899,8155459.0
2020-02-19,2020-02-19,SAREGAMA,B,393.0,404.95,390.0,397.35,392.25,64,436,172431.0
2020-02-19,2020-02-19,ALKASECUR,XT,0.28,0.28,0.27,0.27,0.28,3,51,13.0
2020-02-19,2020-02-19,CYBERTECH,B,45.45,47.0,45.0,45.6,45.1,34,937,43124.0
2020-02-19,2020-02-19,ICICIBANK,A,543.9,546.6,540.8,544.75,541.3,2875,187883,102155725.0
2020-02-19,2020-02-19,CYIENT,A,445.6,445.6,438.3,443.9,445.45,259,2167,957270.0
2020-02-19,2020-02-19,ENGINERSIN,A,79.25,83.9,79.25,83.4,78.8,2316,91408,7487829.0
2020-02-19,2020-02-19,CORPNBANK,A,21.2,21.25,20.6,20.8,20.8,193,41926,879065.0
2020-02-19,2020-02-19,DHANBANK,B,13.31,13.39,13.2,13.2,13.22,36,8560,113404.0
2020-02-19,2020-02-19,GMDCLTD,A,58.0,58.9,56.6,58.65,57.0,260,12175,707169.0
2020-02-19,2020-02-19,GAYATRI,X,0.63,0.66,0.63,0.66,0.63,8,2230,1464.0
2020-02-19,2020-02-19,INDUSINDBK,A,1162.0,1167.3,1116.45,1141.0,1144.15,12583,339330,386516503.0
2020-02-19,2020-02-19,ITDC,B,298.3,311.0,298.0,303.1,295.05,1067,14743,4489165.0
2020-02-19,2020-02-19,J&KBANK,A,18.3,19.3,17.95,19.0,18.25,332,75997,1409971.0
2020-02-19,2020-02-19,CUB,A,221.2,221.85,220.05,221.2,220.4,209,9789,2161342.0
2020-02-19,2020-02-19,ARCHIES,B,15.5,16.2,15.0,15.05,15.8,479,16144,245414.0
2020-02-19,2020-02-19,AXISBANK,A,741.9,745.3,735.8,741.2,733.4,2082,107821,79817343.0
2020-02-19,2020-02-19,HBSL,B,5.71,6.3,5.71,6.0,6.01,9,714,4127.0
2020-02-19,2020-02-19,SOUTHBANK,A,9.93,9.93,9.75,9.8,9.7,346,160186,1570083.0
2020-02-19,2020-02-19,ENERGYDEV,B,5.59,5.6,5.25,5.25,5.26,23,2340,12532.0
2020-02-19,2020-02-19,SONATSOFTW,A,340.0,344.0,332.0,332.6,336.25,808,14420,4865938.0
2020-02-19,2020-02-19,BENGALT,X,30.9,30.9,30.5,30.5,29.85,2,31,945.0
2020-02-19,2020-02-19,NATIONALUM,A,39.3,39.8,38.75,39.2,39.05,812,331096,12957089.0
2020-02-19,2020-02-19,INDNIPPON,B,355.0,363.0,343.75,346.2,345.4,51,807,280331.0
2020-02-19,2020-02-19,NSIL,B,741.5,747.85,741.5,747.85,747.75,2,2,1489.0
2020-02-19,2020-02-19,APARINDS,B,393.0,393.0,388.8,392.0,391.35,61,742,290104.0
2020-02-19,2020-02-19,TCIIND,X,652.0,690.0,652.0,690.0,661.0,3,1078,731894.0
2020-02-19,2020-02-19,ACCELYA,B,1052.55,1091.9,1048.0,1060.2,1052.5,261,1070,1144402.0
2020-02-19,2020-02-19,ORCHASP,X,1.25,1.28,1.16,1.17,1.25,34,23176,27812.0
2020-02-19,2020-02-19,LANDMARC,XT,0.45,0.45,0.45,0.45,0.46,2,80,36.0
2020-02-19,2020-02-19,SYNDICATEBN,A,22.05,22.4,21.8,22.25,21.7,145,44906,990894.0
2020-02-19,2020-02-19,HCLTECH,A,611.2,617.9,604.0,605.7,607.0,1422,36001,21983171.0
2020-02-19,2020-02-19,CASTEXTECH,T,0.35,0.35,0.35,0.35,0.35,6,2057,719.0
2020-02-19,2020-02-19,TCFCFINQ,X,23.4,23.85,21.5,23.85,21.7,11,250,5491.0
2020-02-19,2020-02-19,GEOJITFSL,B,26.55,27.25,26.3,27.25,26.3,52,2968,79258.0
2020-02-19,2020-02-19,JINDALSTEL,A,187.55,189.3,184.0,188.05,185.2,2957,385424,72038191.0
2020-02-19,2020-02-19,BLBLIMITED,B,3.8,4.36,3.8,4.24,3.83,6,508,1933.0
2020-02-19,2020-02-19,GLENMARK,A,311.1,319.95,311.1,317.9,311.95,2373,83307,26410212.0
2020-02-19,2020-02-19,WOCKPHARMA,A,338.0,373.85,338.0,367.7,335.4,9149,413325,149436355.0
2020-02-19,2020-02-19,TATACOFFEE,B,91.85,96.0,91.5,95.05,91.0,1467,103731,9831006.0
2020-02-19,2020-02-19,INDSWFTLAB,B,20.9,21.8,20.75,21.15,20.9,15,1718,36123.0
2020-02-19,2020-02-19,GVPIL,A,766.0,777.0,764.0,769.75,769.55,65,891,687283.0
2020-02-19,2020-02-19,SHREERAMA,B,5.44,5.56,5.43,5.43,5.7,52,7202,39304.0
2020-02-19,2020-02-19,MAHLIFE,A,378.1,385.9,378.1,381.1,378.65,252,1340,509621.0
2020-02-19,2020-02-19,SKUMARSCOM,XT,0.94,0.94,0.94,0.94,0.94,1,1,0.0
2020-02-19,2020-02-19,ZYDUSLIFE,A,269.95,277.2,267.85,276.25,268.0,1291,49453,13544307.0
2020-02-19,2020-02-19,SHIVACEM,XT,11.51,12.4,11.4,11.51,11.81,195,158960,1907366.0
2020-02-19,2020-02-19,CINEVISTA,B,6.19,6.19,6.19,6.19,6.32,1,5,30.0
2020-02-19,2020-02-19,INTENTECH,B,19.85,19.85,17.4,17.65,19.55,86,3381,61391.0
2020-02-19,2020-02-19,DANLAW,X,47.95,47.95,45.0,46.35,47.95,4,218,10105.0
2020-02-19,2020-02-19,BIOPACINDIA,XT,2.9,2.9,2.86,2.86,2.86,2,1050,3005.0
2020-02-19,2020-02-19,AJANTPHARM,A,1313.0,1346.65,1303.15,1314.2,1293.0,1071,9615,12743712.0
2020-02-19,2020-02-19,HBPOR,X,15.5,17.65,15.4,16.85,16.35,33,410,6793.0
2020-02-19,2020-02-19,HBESD,XT,6.86,6.95,6.86,6.95,7.06,8,294,2027.0
2020-02-19,2020-02-19,COMPUSOFT,B,5.36,5.6,5.05,5.2,5.05,67,30176,162405.0
2020-02-19,2020-02-19,OMNIAX,X,1.4,1.4,1.4,1.4,1.35,1,125,175.0
2020-02-19,2020-02-19,IZMO,B,27.95,28.05,27.1,27.9,26.55,54,2811,77566.0
2020-02-19,2020-02-19,TVSMOTOR,A,440.0,446.5,434.85,440.85,438.45,958,36469,16063983.0
2020-02-19,2020-02-19,MADALA,X,23.8,23.8,23.8,23.8,25.0,1,200,4760.0
2020-02-19,2020-02-19,ACLGATI,B,66.5,66.8,66.35,66.75,66.3,161,11094,738580.0
2020-02-19,2020-02-19,SUBEXLTD,B,6.65,7.1,6.38,6.61,6.6,383,321945,2166933.0
2020-02-19,2020-02-19,TCI,B,257.7,258.85,257.7,258.85,259.25,3,13,3353.0
2020-02-19,2020-02-19,PADMALAYAT,XT,1.39,1.53,1.39,1.53,1.46,10,3818,5760.0
2020-02-19,2020-02-19,AKSHOPTFBR,B,5.94,6.07,5.61,6.06,5.79,71,36680,214719.0
2020-02-19,2020-02-19,VIRGOGLOB,XT,0.71,0.71,0.71,0.71,0.72,1,1000,710.0
2020-02-19,2020-02-19,TRIVENI,B,81.9,81.9,79.0,79.45,78.55,730,52269,4171543.0
2020-02-19,2020-02-19,MUKTAARTS,B,36.7,36.7,36.6,36.6,36.2,4,1100,40270.0
2020-02-19,2020-02-19,NAGPI,X,32.0,32.0,29.0,30.0,30.5,4,163,4797.0
2020-02-19,2020-02-19,DSSL,B,24.05,24.3,22.25,24.0,24.7,53,4002,94493.0
2020-02-19,2020-02-19,PNBGILTS,B,28.6,29.5,28.6,29.3,28.65,118,10309,300987.0
2020-02-19,2020-02-19,BCG,T,5.05,5.07,5.05,5.07,4.83,129,168020,851701.0
2020-02-19,2020-02-19,RAMCOIND,B,180.0,183.8,176.75,183.1,176.35,159,2094,379049.0
2020-02-19,2020-02-19,RAMCOSYS,B,158.25,160.0,152.0,152.85,155.85,1080,11783,1832761.0
2020-02-19,2020-02-19,TTML,B,3.1,3.3,3.1,3.18,3.22,239,371221,1187009.0
2020-02-19,2020-02-19,VIRINCHI,X,39.5,41.8,37.0,38.3,37.55,198,29233,1135095.0
2020-02-19,2020-02-19,WEPSOLN,X,20.5,20.5,18.15,19.9,18.85,19,13709,278232.0
2020-02-19,2020-02-19,STLTECH,A,110.5,112.55,110.25,111.0,109.15,1750,72040,8018720.0
2020-02-19,2020-02-19,TIPSMUSIC,T,125.0,125.0,125.0,125.0,125.05,4,152,19000.0
2020-02-19,2020-02-19,UNIVARTS,X,0.96,0.96,0.96,0.96,0.92,1,409,392.0
2020-02-19,2020-02-19,FIRSTFIN,X,2.49,2.49,2.49,2.49,2.38,1,1,2.0
2020-02-19,2020-02-19,BABA,X,4.64,4.64,4.25,4.25,4.35,8,3291,14001.0
2020-02-19,2020-02-19,BALAJITELE,B,54.4,55.0,53.7,54.35,55.15,131,4196,227172.0
2020-02-19,2020-02-19,TYCHE,X,99.35,108.0,99.35,107.35,100.75,229,27198,2896847.0
2020-02-19,2020-02-19,CALSOFT,B,13.99,13.99,12.8,13.5,13.27,18,2056,27447.0
2020-02-19,2020-02-19,PNC,B,15.8,15.8,14.25,15.15,15.05,12,816,11752.0
2020-02-19,2020-02-19,IOB,A,9.5,9.5,9.08,9.14,9.09,89,63382,578952.0
2020-02-19,2020-02-19,TAJGVK,B,170.0,175.0,170.0,173.35,173.25,175,5010,870765.0
2020-02-19,2020-02-19,OPTOCIRCUIT,B,2.5,2.93,2.5,2.83,2.67,125,218950,618045.0
2020-02-19,2020-02-19,CREATIVEYE,B,1.15,1.15,1.15,1.15,1.21,1,1,1.0
2020-02-19,2020-02-19,AXISCADES,T,58.0,59.4,57.5,58.0,58.95,20,2318,134666.0
2020-02-19,2020-02-19,UMESLTD,B,0.86,0.95,0.86,0.87,0.95,6,4299,3699.0
2020-02-19,2020-02-19,BSOFT,A,92.5,94.5,92.3,93.65,92.55,578,42710,3991873.0
2020-02-19,2020-02-19,7TEC,X,13.0,13.3,13.0,13.25,12.99,6,89,1174.0
2020-02-19,2020-02-19,AVANTEL,X,274.3,276.9,270.0,270.6,273.75,43,1747,474795.0
2020-02-19,2020-02-19,MOSCHIP,X,9.45,10.09,9.45,9.69,9.82,54,14214,138790.0
2020-02-19,2020-02-19,SIGMAADV,B,7.12,7.7,7.12,7.25,7.2,17,2693,19487.0
2020-02-19,2020-02-19,TRANSCOR,X,10.0,10.69,10.0,10.0,10.28,9,2020,20200.0
2020-02-19,2020-02-19,VISESHINFO,T,0.19,0.19,0.19,0.19,0.19,7,1713,325.0
2020-02-19,2020-02-19,CEREBRAINT,T,36.0,37.8,36.0,37.8,36.0,27,12597,462265.0
2020-02-19,2020-02-19,ANDHRABANK,A,14.9,15.05,14.8,14.95,14.7,198,40080,597196.0
2020-02-19,2020-02-19,SMARTLINK,B,78.7,81.2,78.25,79.05,79.7,16,65,5113.0
2020-02-19,2020-02-19,GODREJCP,A,623.0,625.35,614.9,621.95,620.7,1714,43771,27106878.0
2020-02-19,2020-02-19,BFUTILITIE,B,313.0,323.95,312.95,315.85,309.6,2234,43878,13998585.0
2020-02-19,2020-02-19,UNITDSPR,B,731.0,734.9,719.0,729.75,722.5,2479,122623,89234562.0
2020-02-19,2020-02-19,SANINFRA,X,55.5,56.05,55.0,55.0,55.25,35,1864,103610.0
2020-02-19,2020-02-19,OLECTRA,B,153.15,154.05,147.6,149.45,152.15,957,8808,1317811.0
2020-02-19,2020-02-19,MPSLTD,B,340.0,349.95,340.0,347.85,340.0,102,852,294066.0
2020-02-19,2020-02-19,RNBOWDENIM,X,2.48,2.48,2.48,2.48,2.53,1,500,1240.0
2020-02-19,2020-02-19,CERA,A,2340.0,2497.65,2320.0,2444.15,2385.85,69,131,316352.0
2020-02-19,2020-02-19,BHARTIARTL,A,549.9,553.35,539.2,543.35,547.75,4792,291407,159268038.0
2020-02-19,2020-02-19,COMPINFO,B,15.35,15.35,14.1,14.55,14.65,156,4635,67327.0
2020-02-19,2020-02-19,GULPOLY,B,43.0,46.7,43.0,43.4,42.5,212,12488,561777.0
2020-02-19,2020-02-19,PONNIERODE,B,142.0,142.5,142.0,142.15,141.6,3,12,1705.0
2020-02-19,2020-02-19,PNB,A,52.75,53.15,51.7,52.7,52.05,1580,579040,30337169.0
2020-02-19,2020-02-19,OFSS,A,2867.0,2871.05,2846.55,2849.55,2863.1,91,279,798018.0
2020-02-19,2020-02-19,HAZOOR,X,0.7,0.7,0.7,0.7,0.7,2,7598,5318.0
2020-02-19,2020-02-19,KAMAHOLD,B,5451.0,5500.0,5400.0,5427.7,5440.1,18,206,1118065.0
2020-02-19,2020-02-19,APTECHT,B,147.7,148.5,143.7,144.2,145.6,925,25059,3663668.0
2020-02-19,2020-02-19,UNIONBANK,A,43.6,44.35,43.25,44.2,43.3,682,127216,5570106.0
2020-02-19,2020-02-19,UBL,A,1294.0,1297.0,1265.0,1286.15,1270.05,763,19285,24847555.0
2020-02-19,2020-02-19,ALLAHABADBK,A,14.2,14.25,13.95,14.1,14.0,202,42857,604228.0
2020-02-19,2020-02-19,NOIDATOLL,B,3.69,3.7,3.64,3.66,3.7,41,31254,114786.0
2020-02-19,2020-02-19,GRANULES,A,181.0,188.85,181.0,187.85,179.1,3445,189540,35290761.0
2020-02-19,2020-02-19,CANBK,A,175.0,176.0,171.6,173.7,172.9,2096,205800,35697483.0
2020-02-19,2020-02-19,BLIL,B,406.0,409.0,401.35,403.45,405.4,192,14652,5921249.0
2020-02-19,2020-02-19,POKARNA,B,82.75,83.5,82.1,82.2,81.75,15,814,67501.0
2020-02-19,2020-02-19,DIVISLAB,A,2176.45,2195.0,2155.7,2184.6,2176.45,590,9246,20120102.0
2020-02-19,2020-02-19,ASTRAMICRO,B,95.45,96.0,93.25,94.8,94.15,424,20659,1958740.0
2020-02-19,2020-02-19,RADICO,A,420.0,439.0,414.8,436.15,419.25,1993,53694,23203464.0
2020-02-19,2020-02-19,SHRMCITYUN,A,1421.8,1430.05,1418.0,1420.45,1419.55,11,11,15631.0
2020-02-19,2020-02-19,MARUTI,A,6815.0,6856.8,6633.75,6756.45,6772.0,6585,42888,288793799.0
2020-02-19,2020-02-19,RAJPALAYAM,X,710.0,730.0,702.35,725.65,712.2,13,298,212829.0
2020-02-19,2020-02-19,NAVINFLUOR,A,1289.0,1305.1,1267.25,1273.1,1278.85,1283,16780,21527720.0
2020-02-19,2020-02-19,UCOBANK,A,13.7,14.0,13.7,13.85,13.7,223,46409,643456.0
2020-02-19,2020-02-19,BAGFILMS,T,1.57,1.68,1.57,1.68,1.6,6,2784,4651.0
2020-02-19,2020-02-19,JSL,B,39.35,42.35,39.3,41.15,39.05,848,211138,8794273.0
2020-02-19,2020-02-19,SUPRAJIT,A,196.0,200.45,196.0,198.25,195.0,154,2314,458371.0
2020-02-19,2020-02-19,TVSELECT,B,103.65,112.6,103.65,107.15,103.5,571,8917,963100.0
2020-02-19,2020-02-19,IGL,A,479.8,480.5,469.55,478.45,470.7,1310,56699,26998852.0
2020-02-19,2020-02-19,TVTODAY,B,248.55,258.0,245.95,256.5,247.4,247,7349,1831460.0
2020-02-19,2020-02-19,PETRONET,A,263.8,266.2,260.35,265.6,260.05,1188,57401,15145832.0
2020-02-19,2020-02-19,BIOCON,A,304.0,309.15,303.7,306.05,300.15,1267,87415,26764460.0
2020-02-19,2020-02-19,PTC,A,52.0,52.0,51.2,51.5,51.0,849,166861,8598122.0
2020-02-19,2020-02-19,MAHABANK,B,11.7,11.77,11.45,11.47,11.77,95,25275,291516.0
2020-02-19,2020-02-19,RKFORGE,B,343.65,343.7,330.0,338.55,334.7,84,267,90241.0
2020-02-19,2020-02-19,DATAMATICS,B,67.7,67.7,66.3,66.75,66.25,134,8501,565331.0
2020-02-19,2020-02-19,NDTV,B,33.85,34.35,33.6,33.6,33.45,34,2354,79162.0
2020-02-19,2020-02-19,STAR,A,491.9,510.8,491.9,505.3,487.85,2895,128906,65143566.0
2020-02-19,2020-02-19,JPASSOCIAT,A,1.94,1.94,1.94,1.94,1.77,285,1072415,2080485.0
2020-02-19,2020-02-19,ULTRACEMCO,A,4480.0,4525.0,4455.15,4472.65,4469.4,1292,22013,98608399.0
2020-02-19,2020-02-19,UNOMINDA,A,374.85,380.6,374.85,379.55,374.2,399,2529,959051.0
2020-02-19,2020-02-19,TCS,A,2215.0,2228.85,2190.1,2194.6,2215.3,3581,58248,128464542.0
2020-02-19,2020-02-19,COFORGE,A,1858.0,1908.5,1846.6,1881.6,1849.05,1174,20282,38221230.0
2020-02-19,2020-02-19,GULFPETRO,B,51.45,52.2,48.0,48.25,51.15,227,13210,667619.0
2020-02-19,2020-02-19,CENTURYPLY,A,153.95,154.55,151.45,151.7,151.75,168,1994,303516.0
2020-02-19,2020-02-19,WELENT,B,73.8,75.8,71.5,73.6,73.4,453,298283,22384936.0
2020-02-19,2020-02-19,NTPC,A,112.75,113.7,110.5,112.05,109.7,4592,410171,45961372.0
2020-02-19,2020-02-19,SALSTEEL,T,3.03,3.03,3.03,3.03,3.18,3,1500,4545.0
2020-02-19,2020-02-19,JBMA,B,230.1,230.1,223.7,228.45,227.5,40,590,134545.0
2020-02-19,2020-02-19,DWARKESH,B,36.4,36.9,35.75,36.0,35.0,789,145100,5251173.0
2020-02-19,2020-02-19,INDOCO,B,253.9,265.5,246.55,260.25,251.75,375,11597,2981976.0
2020-02-19,2020-02-19,VIPCLOTHNG,B,6.91,6.91,6.71,6.75,6.81,27,5533,37407.0
2020-02-19,2020-02-19,XCHANGING,B,53.6,53.6,52.65,53.35,52.45,17,477,25336.0
2020-02-19,2020-02-19,JETAIRWAYS,Z,27.5,27.5,27.5,27.5,26.2,116,23350,642125.0
2020-02-19,2020-02-19,MORARJEE,B,16.4,16.5,14.5,15.0,15.5,155,3667,56405.0
2020-02-19,2020-02-19,GATEWAYDIST,A,127.85,127.85,125.4,125.8,127.05,204,1856,233928.0
2020-02-19,2020-02-19,JINDALPHOT,B,14.45,14.45,13.5,13.63,13.4,15,621,8845.0
2020-02-19,2020-02-19,POCL,X,213.95,216.8,203.0,205.55,204.15,156,3125,643413.0
2020-02-19,2020-02-19,JPPOWER,B,1.39,1.47,1.39,1.39,1.46,604,7266621,10147418.0
2020-02-19,2020-02-19,3IINFOLTD,B,2.13,2.13,2.02,2.03,2.03,186,390223,794670.0
2020-02-19,2020-02-19,MBECL,T,3.52,3.52,3.52,3.52,3.7,2,67,235.0
2020-02-19,2020-02-19,GOKEX,B,64.0,65.9,63.15,64.55,61.7,120,3644,236266.0
2020-02-19,2020-02-19,ALLDIGI,B,274.0,279.05,268.1,269.5,266.2,6,10,2726.0
2020-02-19,2020-02-19,IIFL,A,194.9,199.6,193.05,194.8,193.05,481,9178,1799072.0
2020-02-19,2020-02-19,MANGALAM,B,29.65,31.2,29.4,29.95,30.1,167,8996,271743.0
2020-02-19,2020-02-19,SHOPERSTOP,A,384.1,384.35,380.25,384.1,383.9,20,75,28725.0
2020-02-19,2020-02-19,NDL,B,19.95,21.5,19.9,21.2,19.55,68,5351,109432.0
2020-02-19,2020-02-19,JSWHL,B,2729.25,2775.6,2729.25,2749.65,2701.7,21,46,126593.0
2020-02-19,2020-02-19,JKCEMENT,A,1424.8,1471.0,1419.7,1462.4,1402.95,546,2749,3986968.0
2020-02-19,2020-02-19,BEEYU,X,0.35,0.36,0.35,0.36,0.35,2,125,44.0
2020-02-19,2020-02-19,UNIPLYIND,B,8.83,8.83,8.83,8.83,8.41,7,1567,13836.0
2020-02-19,2020-02-19,YESBANK,A,34.0,36.2,33.6,35.3,35.05,46918,8707381,304422005.0
2020-02-19,2020-02-19,NECLIFE,B,12.6,12.7,12.38,12.48,12.24,65,9449,118467.0
2020-02-19,2020-02-19,MSPL,B,5.84,5.85,5.6,5.6,5.61,8,341,1946.0
2020-02-19,2020-02-19,SPLIL,B,29.75,30.25,28.5,29.35,28.65,117,8417,245746.0
2020-02-19,2020-02-19,KTKBANK,A,77.8,77.8,76.05,76.25,76.45,321,26539,2027576.0
2020-02-19,2020-02-19,MCLEODRUSS,B,3.95,4.01,3.71,3.72,3.9,98,120219,449312.0
2020-02-19,2020-02-19,FACORALL,XT,1.28,1.4,1.28,1.4,1.34,18,11552,15554.0
2020-02-19,2020-02-19,IDFC,A,34.2,35.4,34.0,35.2,33.8,339,135888,4696500.0
2020-02-19,2020-02-19,VIVIMEDLAB,B,10.24,10.25,10.0,10.05,10.19,112,11482,115705.0
2020-02-19,2020-02-19,RML,B,263.0,265.0,261.7,261.95,258.25,52,386,101532.0
2020-02-19,2020-02-19,HTMEDIA,B,14.4,14.4,14.05,14.15,14.0,27,1823,25834.0
2020-02-19,2020-02-19,SASKEN,B,583.0,590.1,569.35,573.75,577.85,140,1873,1081635.0
2020-02-19,2020-02-19,FCSSOFT,B,0.21,0.21,0.2,0.21,0.21,83,146712,30434.0
2020-02-19,2020-02-19,SUZLON,A,2.29,2.3,2.22,2.27,2.26,9675,3158728,7102888.0
2020-02-19,2020-02-19,AURIONPRO,B,41.85,45.25,39.85,42.6,42.65,397,44287,1852658.0
2020-02-19,2020-02-19,RENUKA,B,7.27,7.31,7.01,7.15,7.14,119,92455,657788.0
2020-02-19,2020-02-19,KMSUGAR,B,8.35,8.35,8.1,8.1,7.97,11,5039,41649.0
2020-02-19,2020-02-19,BASML,B,119.05,121.55,117.65,121.55,117.35,107,551,65416.0
2020-02-19,2020-02-19,BOMBAYRAYON,B,4.01,4.15,4.01,4.11,4.0,17,621,2502.0
2020-02-19,2020-02-19,SORILINFRA,B,100.0,102.75,94.6,102.75,97.9,157,4514,444564.0
2020-02-19,2020-02-19,AIAENG,A,1815.05,1841.7,1781.7,1827.35,1800.95,357,1178,2137851.0
2020-02-19,2020-02-19,EKC,B,25.2,25.25,24.4,24.55,25.0,59,5073,125180.0
2020-02-19,2020-02-19,KERNEX,T,17.5,18.9,17.5,18.9,18.0,3,1001,17518.0
2020-02-19,2020-02-19,REPRO,B,560.55,560.55,554.0,554.0,552.5,89,271,151771.0
2020-02-19,2020-02-19,PVRINOX,A,2092.0,2119.95,2090.1,2114.5,2085.7,683,32192,68051880.0
2020-02-19,2020-02-19,RMCL,T,5.35,5.35,4.85,4.99,5.1,18,13210,64769.0
2020-02-19,2020-02-19,PUNJLLOYD,Z,1.22,1.22,1.16,1.16,1.22,53,33869,39497.0
2020-02-19,2020-02-19,ASMS,T,1.02,1.02,0.96,0.96,0.98,7,1433,1435.0
2020-02-19,2020-02-19,CELEBRITY,B,5.41,5.41,4.85,5.01,4.97,30,851,4274.0
2020-02-19,2020-02-19,EDUCOMP,Z,0.91,0.99,0.91,0.99,0.95,20,11893,11565.0
2020-02-19,2020-02-19,NITINSPIN,B,50.7,51.0,49.8,50.05,50.7,30,2100,105773.0
2020-02-19,2020-02-19,ROHLTD,B,71.0,72.75,69.05,71.0,70.2,172,5817,411608.0
2020-02-19,2020-02-19,ENIL,B,219.0,225.9,217.0,223.05,219.3,72,2647,585088.0
2020-02-19,2020-02-19,CELLA,Z,3.72,4.08,3.71,4.08,3.9,14,11007,41226.0
2020-02-19,2020-02-19,GSPL,A,235.5,237.0,229.5,231.45,233.5,708,14646,3414393.0
2020-02-19,2020-02-19,JAGRAN,A,68.6,69.1,68.2,68.95,68.7,74,4093,281114.0
2020-02-19,2020-02-19,INOXLEISURE,A,479.4,489.0,476.05,482.8,473.7,937,12897,6223892.0
2020-02-19,2020-02-19,DYNPRO,B,158.0,160.0,152.8,154.8,155.55,421,6917,1073337.0
2020-02-19,2020-02-19,GVKPIL,B,4.0,4.01,3.96,3.99,4.0,158,131512,524064.0
2020-02-19,2020-02-19,SADBHAV,A,89.2,90.0,76.4,81.4,89.9,2963,74874,6149003.0
2020-02-19,2020-02-19,RCOM,T,0.71,0.73,0.67,0.7,0.7,483,1142105,793225.0
2020-02-19,2020-02-19,SAKUMA,B,6.24,6.9,6.0,6.06,6.11,70,8810,55934.0
2020-02-19,2020-02-19,KEC,A,337.0,337.05,327.0,328.85,334.35,547,8823,2934193.0
2020-02-19,2020-02-19,GILLANDERS,B,28.65,28.85,27.1,28.5,28.0,11,1041,29668.0
2020-02-19,2020-02-19,INDOTECH,T,114.0,114.25,113.85,114.25,114.15,21,423,48281.0
2020-02-19,2020-02-19,BLKASHYAP,B,7.5,8.1,7.45,8.02,7.54,42,6326,48732.0
2020-02-19,2020-02-19,M&MFIN,A,378.7,383.35,374.15,382.4,370.0,826,37866,14345236.0
2020-02-19,2020-02-19,VISACHROME,B,4.1,4.39,3.91,4.01,4.2,22,362,1455.0
2020-02-19,2020-02-19,NITCO,B,23.4,24.05,23.4,23.95,23.6,40,1843,43909.0
2020-02-19,2020-02-19,SOLARINDS,A,1200.0,1265.0,1200.0,1241.95,1164.0,227,1266,1571000.0
2020-02-19,2020-02-19,MALUPAPER,B,31.1,35.0,30.65,33.55,30.0,174,7866,256795.0
2020-02-19,2020-02-19,UTTAMSUGAR,B,111.9,113.0,110.0,110.8,108.85,178,6500,721596.0
2020-02-19,2020-02-19,ROHITFERRO,T,0.4,0.4,0.4,0.4,0.4,3,3500,1400.0
2020-02-19,2020-02-19,KKCL,B,1002.5,1002.5,980.0,980.0,987.05,12,15,14752.0
2020-02-19,2020-02-19,SUNTV,A,475.4,497.0,475.0,494.75,471.7,2402,220064,108114862.0
2020-02-19,2020-02-19,GPIL,B,206.0,210.0,197.3,199.25,205.8,308,2224,458162.0
2020-02-19,2020-02-19,RSYSTEMS,B,96.0,99.0,95.9,98.0,96.0,283,22696,2184621.0
2020-02-19,2020-02-19,EMKAY,B,59.7,59.7,59.7,59.7,57.8,1,25,1492.0
2020-02-19,2020-02-19,TICL,T,1.44,1.44,1.44,1.44,1.38,3,1140,1641.0
2020-02-19,2020-02-19,LOKESHMACH,B,29.2,31.7,29.2,30.8,30.3,20,575,17716.0
2020-02-19,2020-02-19,KAMDHENU,B,82.85,84.9,76.55,79.4,84.0,138,3804,308274.0
2020-02-19,2020-02-19,PAUSHAKLTD,X,2719.0,2719.0,2561.0,2609.8,2643.45,99,617,1603770.0
2020-02-19,2020-02-19,INDICAP,X,41.65,43.0,39.6,42.2,41.55,12,1208,50422.0
2020-02-19,2020-02-19,PFOCUS,B,42.45,45.65,42.4,44.7,40.7,171,2837,124064.0
2020-02-19,2020-02-19,ALLCARGO,B,110.0,114.25,109.85,112.5,109.8,439,12195,1370653.0
2020-02-19,2020-02-19,EASUNREYRL,Z,2.13,2.33,2.13,2.33,2.24,9,1031,2236.0
2020-02-19,2020-02-19,GMRAIRPORT,A,22.5,23.15,22.5,23.05,22.55,1236,284844,6536949.0
2020-02-19,2020-02-19,TECHM,A,839.0,844.0,836.05,840.95,838.55,937,18970,15942414.0
2020-02-19,2020-02-19,CIEINDIA,A,161.0,161.25,153.25,155.15,158.85,1052,7449,1169990.0
2020-02-19,2020-02-19,VOLTAMP,B,1398.0,1475.0,1385.3,1442.55,1393.4,264,1054,1521670.0
2020-02-19,2020-02-19,ATLANTAA,B,5.86,5.86,5.35,5.65,5.59,12,2314,12564.0
2020-02-19,2020-02-19,DEEPENR,B,92.45,94.15,92.1,93.5,93.2,75,1091,101804.0
2020-02-19,2020-02-19,HGM,B,39.1,39.1,38.8,38.85,39.85,20,149,5816.0
2020-02-19,2020-02-19,ACE,B,77.4,78.2,76.25,76.75,76.65,99,8821,684802.0
2020-02-19,2020-02-19,GEECEE,B,79.4,79.55,77.75,79.4,79.65,15,526,41360.0
2020-02-19,2020-02-19,RICHAIND,Z,0.56,0.56,0.56,0.56,0.57,3,10,5.0
2020-02-19,2020-02-19,GAYAPROJ,B,26.6,26.6,26.6,26.6,28.0,10,557,14816.0
2020-02-19,2020-02-19,FIEMIND,B,478.1,478.1,474.0,476.05,472.0,43,513,243824.0
2020-02-19,2020-02-19,JHS,B,12.07,12.65,11.76,11.8,12.07,104,11791,143050.0
2020-02-19,2020-02-19,DCBBANK,A,172.8,173.3,169.6,172.45,171.9,1747,139406,23883156.0
2020-02-19,2020-02-19,GLOBALVECT,B,50.0,62.1,42.5,55.45,51.75,454,15831,918390.0
2020-02-19,2020-02-19,INSPIRISYS,B,34.1,34.9,32.05,32.8,32.65,21,108,3520.0
2020-02-19,2020-02-19,GTLINFRA,B,0.34,0.36,0.34,0.35,0.35,204,3935100,1365694.0
2020-02-19,2020-02-19,SHIVAMAUTO,B,19.55,19.55,18.5,18.95,19.2,60,6392,121073.0
2020-02-19,2020-02-19,NAUKRI,A,2835.0,2900.0,2810.0,2852.65,2789.9,1276,6721,19231774.0
2020-02-19,2020-02-19,TORNTPOWER,A,313.05,319.1,311.1,316.75,309.65,899,42099,13304847.0
2020-02-19,2020-02-19,PARSVNATH,T,1.97,2.09,1.97,2.03,2.07,23,2778,5556.0
2020-02-19,2020-02-19,SUTLEJTEX,B,29.5,32.0,28.1,28.8,28.5,113,8573,262108.0
2020-02-19,2020-02-19,LTFOODS,B,28.0,28.5,27.4,27.7,27.25,286,58043,1611918.0
2020-02-19,2020-02-19,SOBHA,A,370.0,370.0,348.75,352.5,364.35,1010,6770,2403180.0
2020-02-19,2020-02-19,RUCHIRA,B,59.7,61.7,56.5,60.9,58.7,162,11183,656165.0
2020-02-19,2020-02-19,TANLA,B,76.0,76.9,75.4,76.3,74.35,183,11669,889869.0
2020-02-19,2020-02-19,ZEEMEDIA,T,5.13,5.2,4.97,5.04,4.98,95,35361,178345.0
2020-02-19,2020-02-19,SITINET,T,1.1,1.1,1.04,1.04,1.09,49,114163,119869.0
2020-02-19,2020-02-19,LUMAXTECH,B,107.0,107.85,103.75,105.45,105.2,228,4640,491899.0
2020-02-19,2020-02-19,AUTOIND,T,21.55,22.5,21.5,22.5,22.4,5,266,5725.0
2020-02-19,2020-02-19,NETWORK18,T,31.55,31.55,31.05,31.55,30.05,445,321105,10126981.0
2020-02-19,2020-02-19,HUBTOWN,T,12.0,12.2,11.8,12.2,12.3,12,2345,27882.0
2020-02-19,2020-02-19,TV18BRDCST,A,29.25,29.25,28.0,28.3,28.85,2464,660965,18795545.0
2020-02-19,2020-02-19,CTE,B,22.0,22.0,20.5,21.4,21.9,27,1190,24567.0
2020-02-19,2020-02-19,TIIL,B,314.55,325.05,310.0,312.1,307.0,36,146,45834.0
2020-02-19,2020-02-19,REDINGTON,A,119.5,122.55,118.5,120.95,118.15,717,19441,2334309.0
2020-02-19,2020-02-19,AICHAMP,XT,8.22,8.22,7.44,8.22,7.83,4,214,1753.0
2020-02-19,2020-02-19,CINELINE,B,37.05,37.15,35.85,36.5,36.25,35,2144,78264.0
2020-02-19,2020-02-19,PGIL,B,138.25,138.25,132.05,133.05,136.4,18,187,24975.0
2020-02-19,2020-02-19,FSL,A,45.1,48.6,44.85,47.45,45.0,1649,268053,12544046.0
2020-02-19,2020-02-19,PFC,A,128.8,130.5,127.25,129.55,127.7,2129,252058,32529738.0
2020-02-19,2020-02-19,AHLUCONT,B,333.0,333.0,331.4,331.4,316.1,3,4,1328.0
2020-02-19,2020-02-19,TFL,T,4.05,4.07,4.05,4.05,4.25,5,2527,10255.0
2020-02-19,2020-02-19,CCCONSTR,Z,2.49,2.49,2.49,2.49,2.38,4,1100,2739.0
2020-02-19,2020-02-19,INDIANB,A,81.45,83.75,80.6,83.1,80.25,1260,37039,3046854.0
2020-02-19,2020-02-19,SMSPHARMA,B,42.3,43.0,40.0,40.0,39.55,144,3767,159619.0
2020-02-19,2020-02-19,ORIENTALTL,B,10.0,10.0,10.0,10.0,10.01,1,18,180.0
2020-02-19,2020-02-19,MINDTREELTD,A,1004.95,1021.0,997.0,1013.45,996.7,1199,48503,49139238.0
2020-02-19,2020-02-19,IDEA,A,3.2,4.49,3.13,4.19,3.03,149375,143256435,547004759.0
2020-02-19,2020-02-19,RAJTV,B,41.2,44.2,40.6,42.5,43.15,112,21960,930139.0
2020-02-19,2020-02-19,PAGEIND,A,23107.2,23142.0,22840.0,22929.7,22822.25,351,672,15445690.0
2020-02-19,2020-02-19,AMDIND,B,14.7,16.6,14.7,15.2,15.4,24,1437,21763.0
2020-02-19,2020-02-19,LEHAR,X,27.5,27.9,26.3,27.3,28.25,108,14780,395455.0
2020-02-19,2020-02-19,ASTRAL,A,1184.75,1199.0,1174.1,1194.85,1177.8,202,782,929518.0
2020-02-19,2020-02-19,EMBDL,A,87.95,90.15,85.35,87.35,86.95,1297,84012,7379826.0
2020-02-19,2020-02-19,CAMLINFINE,B,67.8,70.25,66.6,67.6,66.5,886,66184,4526761.0
2020-02-19,2020-02-19,ICRA,B,3000.0,3000.0,2989.0,3000.0,2995.0,6,9,26978.0
2020-02-19,2020-02-19,DISHTV,A,10.95,11.45,10.95,11.11,10.95,4249,425174,4749173.0
2020-02-19,2020-02-19,SAHYADRI,X,118.05,120.0,118.05,118.4,118.55,71,8828,1046339.0
2020-02-19,2020-02-19,SRHHYPOLTD,B,107.6,124.0,107.6,115.4,113.0,22,352,41136.0
2020-02-19,2020-02-19,FORTIS,A,152.9,159.3,151.45,157.2,152.7,1704,83664,13087558.0
2020-02-19,2020-02-19,TGBHOTELS,B,3.27,3.6,3.26,3.6,3.43,17,2870,9915.0
2020-02-19,2020-02-19,HILTON,T,10.88,11.0,10.44,11.0,10.98,5,1750,19058.0
2020-02-19,2020-02-19,DELTACORP,A,150.65,151.1,147.8,148.35,149.95,1672,108474,16245563.0
2020-02-19,2020-02-19,MICEL,T,0.52,0.56,0.52,0.56,0.54,6,9890,5468.0
2020-02-19,2020-02-19,INSECTICID,B,477.0,498.15,475.0,492.1,472.35,235,2067,997170.0
2020-02-19,2020-02-19,MCDHOLDING,T,18.65,20.35,18.5,19.75,19.45,20,3936,74627.0
2020-02-19,2020-02-19,ASAHISONG,B,131.0,135.8,129.25,131.2,129.55,266,8130,1076488.0
2020-02-19,2020-02-19,NITINFIRE,Z,0.38,0.39,0.38,0.39,0.39,3,5000,1948.0
2020-02-19,2020-02-19,HARYNACAP,X,32.5,33.25,32.5,33.25,34.0,3,260,8458.0
2020-02-19,2020-02-19,TIMETECHNO,A,51.85,51.85,50.25,50.85,50.35,78,8446,428811.0
2020-02-19,2020-02-19,HGS,B,895.35,898.0,873.7,878.5,888.35,141,436,385410.0
2020-02-19,2020-02-19,NELCAST,B,45.95,45.95,45.0,45.3,45.2,16,985,44602.0
2020-02-19,2020-02-19,MEGHMANI,A,58.4,58.8,57.5,58.05,58.15,957,133813,7779427.0
2020-02-19,2020-02-19,V2RETAIL,B,82.0,83.95,81.35,81.7,80.95,325,6057,500008.0
2020-02-19,2020-02-19,DLF,A,220.0,228.6,218.35,226.95,218.15,3525,665036,147491685.0
2020-02-19,2020-02-19,TARMAT,B,31.6,31.95,31.4,31.95,30.45,37,1187,37849.0
2020-02-19,2020-02-19,ANKITMETAL,T,0.4,0.4,0.4,0.4,0.39,3,5944,2377.0
2020-02-19,2020-02-19,CELESTIAL,T,2.09,2.09,2.09,2.09,2.2,5,291,608.0
2020-02-19,2020-02-19,SPARC,A,165.85,168.5,161.15,164.4,163.5,3568,132812,21954197.0
2020-02-19,2020-02-19,HDIL,T,2.1,2.31,2.1,2.31,2.2,170,111656,247610.0
2020-02-19,2020-02-19,SURYACHAKRA,Z,0.62,0.62,0.62,0.62,0.61,34,64364,39905.0
2020-02-19,2020-02-19,ADSL,T,19.8,21.0,19.8,19.9,20.8,51,16903,337361.0
2020-02-19,2020-02-19,ALPA,B,19.95,20.15,18.7,19.85,19.3,53,7452,148575.0
2020-02-19,2020-02-19,SSLEL,XT,31.1,31.1,31.1,31.1,32.65,1,1,31.0
2020-02-19,2020-02-19,OMAXE,A,156.5,156.65,155.0,155.15,154.9,637,72016,11215299.0
2020-02-19,2020-02-19,REFEX,B,79.9,80.25,73.45,74.6,77.3,2671,114687,8774145.0
2020-02-19,2020-02-19,CENTRALBK,A,16.7,17.15,16.55,16.9,16.5,153,36044,610158.0
2020-02-19,2020-02-19,SELMC,T,0.63,0.68,0.63,0.66,0.66,33,186468,120849.0
2020-02-19,2020-02-19,ASIANTILES,B,245.35,252.6,245.35,250.9,244.25,580,6538,1634567.0
2020-02-19,2020-02-19,KPRMILL,A,636.6,636.6,609.55,618.5,633.55,46,75,46454.0
2020-02-19,2020-02-19,TAKE,A,100.0,102.3,98.15,99.05,98.2,441,16431,1642282.0
2020-02-19,2020-02-19,PURVA,B,56.25,57.5,56.1,56.8,56.35,91,3351,190364.0
2020-02-19,2020-02-19,MOTILALOFS,A,763.45,792.7,763.45,790.65,775.25,382,2913,2277963.0
2020-02-19,2020-02-19,VTMLTD,X,24.55,25.0,24.4,24.45,24.5,25,2297,56467.0
2020-02-19,2020-02-19,INDOWIND,T,2.61,2.75,2.61,2.7,2.7,3,1135,3057.0
2020-02-19,2020-02-19,NAGREEKCAP,B,6.96,7.25,6.96,7.04,7.0,6,135,950.0
2020-02-19,2020-02-19,POWERGRID,A,186.9,187.9,183.1,187.45,185.0,826,75165,13970032.0
2020-02-19,2020-02-19,KSCL,B,465.45,467.0,459.8,465.4,461.25,714,11047,5136534.0
2020-02-19,2020-02-19,PAISALO,B,271.15,271.2,269.1,269.1,270.95,36,235,63665.0
2020-02-19,2020-02-19,SUPREMEINF,T,18.8,20.7,18.8,20.6,19.75,10,2420,48793.0
2020-02-19,2020-02-19,MAANALU,B,60.05,61.0,58.35,58.8,59.8,15,331,19706.0
2020-02-19,2020-02-19,IL&FSENGG,Z,1.75,1.8,1.75,1.75,1.72,7,11404,20467.0
2020-02-19,2020-02-19,PARLEIND,X,12.4,12.7,12.0,12.34,12.5,130,7109,88035.0
2020-02-19,2020-02-19,ARCOTECHLTD,T,1.4,1.4,1.28,1.28,1.34,28,35705,46441.0
2020-02-19,2020-02-19,RELIGARE,B,42.0,43.75,41.0,43.75,41.7,550,1016232,44208741.0
2020-02-19,2020-02-19,BVCL,T,12.06,12.06,12.06,12.06,12.21,1,100,1206.0
2020-02-19,2020-02-19,RATHIBAR,X,8.7,9.28,8.45,9.26,9.16,13,910,7821.0
2020-02-19,2020-02-19,EMPEEDIST,Z,3.1,3.41,3.1,3.25,3.25,6,1332,4267.0
2020-02-19,2020-02-19,ADANIPORTS,A,371.4,374.5,367.55,371.15,366.55,1247,63200,23405146.0
2020-02-19,2020-02-19,EDELWEISS,A,86.7,90.2,86.7,88.55,89.05,1368,73361,6503060.0
2020-02-19,2020-02-19,RGL,B,404.0,404.0,375.0,398.05,373.25,185,1378,544769.0
2020-02-19,2020-02-19,KOLTEPATIL,B,225.85,232.3,224.45,227.4,223.65,181,1648,375250.0
2020-02-19,2020-02-19,KAUSHALYA,T,0.39,0.39,0.39,0.39,0.38,1,39,15.0
2020-02-19,2020-02-19,JYOTHYLAB,A,130.2,134.5,128.45,129.55,130.4,756,7885,1037265.0
2020-02-19,2020-02-19,ECLERX,A,606.05,620.7,597.5,610.25,601.95,425,1449,884115.0
2020-02-19,2020-02-19,TARIL,B,10.35,10.35,8.66,8.77,8.81,312,22868,207948.0
2020-02-19,2020-02-19,BRIGADE,B,227.7,230.45,227.3,229.5,226.05,188,1400,320378.0
2020-02-19,2020-02-19,BGRENERGY,B,41.7,41.7,37.55,39.8,41.05,1122,49544,1969826.0
2020-02-19,2020-02-19,BURNPUR,B,1.02,1.02,0.99,0.99,1.02,4,3200,3190.0
2020-02-19,2020-02-19,MANAKSIA,B,46.25,48.15,45.25,46.15,46.25,63,5197,247817.0
2020-02-19,2020-02-19,PORWAL,X,14.9,15.5,13.8,14.05,14.35,64,3974,55577.0
2020-02-19,2020-02-19,PPAP,B,187.5,191.6,186.5,186.8,184.15,19,106,19846.0
2020-02-19,2020-02-19,ARIES,B,63.65,63.7,61.8,62.85,62.15,36,1228,77097.0
2020-02-19,2020-02-19,KUANTUM,B,503.0,506.0,475.0,479.3,504.7,253,2869,1402341.0
2020-02-19,2020-02-19,RPOWER,A,1.71,1.79,1.69,1.78,1.71,5649,4871051,8466555.0
2020-02-19,2020-02-19,JKIL,B,142.0,144.25,129.45,139.95,140.85,1321,44162,6174852.0
2020-02-19,2020-02-19,CORDSCABLE,B,44.95,44.95,43.65,44.95,45.15,36,1355,60003.0
2020-02-19,2020-02-19,KNRCON,A,289.0,289.0,280.1,285.35,285.2,446,8752,2489751.0
2020-02-19,2020-02-19,ONMOBILE,B,26.65,26.9,26.55,26.75,26.75,30,3582,96004.0
2020-02-19,2020-02-19,SEPC,B,3.89,3.99,3.69,3.99,3.8,24,17694,69159.0
2020-02-19,2020-02-19,BANG,B,18.45,19.0,17.85,18.95,18.75,53,379,6996.0
2020-02-19,2020-02-19,IRB,A,100.0,100.9,95.3,96.6,99.95,1158,76754,7519418.0
2020-02-19,2020-02-19,GSS,B,38.55,38.55,37.75,37.8,39.7,193,1255,47468.0
2020-02-19,2020-02-19,NAHARCAP,B,71.0,73.8,68.2,70.05,68.0,15,29994,2095041.0
2020-02-19,2020-02-19,VGUARD,A,202.0,205.8,202.0,205.2,202.15,387,5932,1210867.0
2020-02-19,2020-02-19,RECLTD,A,137.55,138.8,136.4,137.1,136.95,1731,157896,21704895.0
2020-02-19,2020-02-19,GAMMONINFRA,T,0.31,0.33,0.31,0.33,0.32,40,70850,22805.0
2020-02-19,2020-02-19,DHANI,B,185.95,202.15,185.7,200.9,183.8,4569,201906,40293557.0
2020-02-19,2020-02-19,TITAGARH,B,46.65,47.7,45.55,46.0,46.5,600,58182,2705223.0
2020-02-19,2020-02-19,KIRIINDUS,B,404.0,419.5,402.0,407.0,401.85,1288,22140,9100365.0
2020-02-19,2020-02-19,SANKHYAINFO,X,3.09,3.2,3.09,3.19,3.15,27,13751,43118.0
2020-02-19,2020-02-19,BIRLAMONEY,B,34.25,34.45,34.2,34.25,33.75,38,2799,96048.0
2020-02-19,2020-02-19,TELOGICA,Z,1.62,1.62,1.62,1.62,1.7,2,67,108.0
2020-02-19,2020-02-19,JAIBALAJI,B,26.6,27.9,26.5,27.9,27.0,3,51,1353.0
2020-02-19,2020-02-19,BAJAJ-AUTO,A,3100.85,3110.0,3073.9,3089.9,3082.45,838,24025,74301659.0
2020-02-19,2020-02-19,BAJAJFINSV,A,9594.7,9782.0,9594.7,9757.6,9530.75,987,5685,55256166.0
2020-02-19,2020-02-19,GOKUL,B,10.59,10.59,10.59,10.59,10.35,1,10,105.0
2020-02-19,2020-02-19,RPGLIFE,B,275.1,284.0,275.1,281.9,275.1,83,1578,443339.0
2020-02-19,2020-02-19,SENSEX1,B,422.5,427.0,422.5,427.0,420.05,9,83,35169.0
2020-02-19,2020-02-19,NIRAJ,XT,34.0,34.3,32.15,33.0,32.92,39,42016,1385604.0
2020-02-19,2020-02-19,RBL,B,570.0,581.35,570.0,575.4,571.95,52,185,106534.0
2020-02-19,2020-02-19,RANEENGINE,T,214.35,216.0,208.0,208.0,217.0,8,356,74799.0
2020-02-19,2020-02-19,METKORE,Z,0.22,0.22,0.22,0.22,0.22,1,1000,220.0
2020-02-19,2020-02-19,ARCHIDPLY,T,19.95,21.3,19.95,20.65,20.75,12,1351,27241.0
2020-02-19,2020-02-19,KSKENERGY,T,0.42,0.44,0.41,0.44,0.43,39,69119,29319.0
2020-02-19,2020-02-19,LOTUSEYE,B,23.85,25.7,22.65,23.45,23.5,40,587,13689.0
2020-02-19,2020-02-19,SOMICONVEY,B,15.3,15.3,15.3,15.3,15.25,1,1,15.0
2020-02-19,2020-02-19,BIRLACOT,Z,0.08,0.08,0.08,0.08,0.08,5,18101,1448.0
2020-02-19,2020-02-19,LGBFORGE,T,2.85,2.85,2.62,2.74,2.75,5,329,879.0
2020-02-19,2020-02-19,OCLIRONST,B,2.53,2.7,2.5,2.69,2.72,8,2645,6678.0
2020-02-19,2020-02-19,SICAGEN,B,15.0,15.0,14.4,14.5,14.55,26,2539,37073.0
2020-02-19,2020-02-19,20MICRONS,B,33.4,33.4,32.65,32.8,32.75,214,5533,182442.0
2020-02-19,2020-02-19,ZFCVINDIA,A,6786.45,6790.0,6712.7,6723.6,6800.1,32,90,605909.0
2020-02-19,2020-02-19,ALKALI,B,44.5,45.5,44.2,45.5,45.3,18,898,40566.0
2020-02-19,2020-02-19,ISGEC,B,370.0,373.8,362.1,367.3,364.85,150,7115,2610107.0
2020-02-19,2020-02-19,IMFA,B,198.8,205.5,198.8,204.25,199.5,82,1153,234657.0
2020-02-19,2020-02-19,VEDAVAAG,X,24.85,25.0,24.1,24.65,24.85,22,2820,69989.0
2020-02-19,2020-02-19,MOLDTKPAC,B,271.7,276.4,271.7,275.55,267.8,317,3114,854166.0
2020-02-19,2020-02-19,MHRIL,A,224.65,225.15,223.0,223.95,224.6,16,147,32891.0
2020-02-19,2020-02-19,LANDSMILL,T,1.11,1.11,1.11,1.11,1.06,1,3000,3330.0
2020-02-19,2020-02-19,BENGALASM,B,1554.0,1600.0,1545.4,1585.0,1551.9,38,439,694507.0
2020-02-19,2020-02-19,ADANIPOWER,A,57.0,59.05,56.5,58.2,56.7,1377,2019272,116443169.0
2020-02-19,2020-02-19,NHPC,A,21.4,21.9,21.25,21.45,21.55,714,316611,6780174.0
2020-02-19,2020-02-19,SURYAAMBA,X,53.9,53.9,53.8,53.9,51.35,7,16,861.0
2020-02-19,2020-02-19,JINDALCOTEX,T,1.68,1.84,1.68,1.84,1.76,3,220,386.0
2020-02-19,2020-02-19,GLOBUSSPR,B,144.5,149.3,140.2,147.05,143.1,695,14730,2144869.0
2020-02-19,2020-02-19,OIL,A,134.9,139.45,130.15,138.55,131.8,4371,256644,34692413.0
2020-02-19,2020-02-19,SWANDEF,T,1.33,1.45,1.33,1.43,1.39,469,1686394,2322162.0
2020-02-19,2020-02-19,BTTL,XT,4.74,4.74,4.3,4.74,4.52,5,1015,4805.0
2020-02-19,2020-02-19,EXPLEOSOL,B,299.1,308.95,295.0,299.15,294.55,142,1112,332332.0
2020-02-19,2020-02-19,RTNPOWER,B,2.93,2.94,2.92,2.94,2.8,334,1202643,3535044.0
2020-02-19,2020-02-19,DEN,B,65.45,65.45,62.3,65.45,59.5,1067,111312,7221784.0
2020-02-19,2020-02-19,ASTEC,B,466.8,478.0,466.8,475.0,474.2,59,581,274810.0
2020-02-19,2020-02-19,COXKINGS,Z,0.8,0.88,0.8,0.84,0.84,103,194606,162993.0
2020-02-19,2020-02-19,DLINKINDIA,B,101.75,105.0,101.0,102.6,101.75,117,5064,519992.0
2020-02-19,2020-02-19,JSWENERGY,A,65.2,67.3,64.0,64.5,65.75,598,40246,2628260.0
2020-02-19,2020-02-19,YUNIKM,X,1.2,1.21,1.17,1.17,1.16,8,4600,5559.0
2020-02-19,2020-02-19,GODREJPROP,A,1122.3,1135.0,1073.15,1088.35,1113.3,2344,51682,56851008.0
2020-02-19,2020-02-19,DBCORP,A,126.5,128.95,125.2,125.95,125.05,513,3099,393117.0
2020-02-19,2020-02-19,MBLINFRA,B,3.85,4.0,3.85,4.0,3.99,3,1201,4624.0
2020-02-19,2020-02-19,JUBLFOOD,A,1844.0,1902.55,1832.35,1897.5,1832.45,1955,44453,82976606.0
2020-02-19,2020-02-19,VASCONEQ,B,16.2,16.2,15.0,15.55,14.7,128,31779,489809.0
2020-02-19,2020-02-19,SYNCOMHEAL,B,0.79,0.79,0.79,0.79,0.79,1,300,237.0
2020-02-19,2020-02-19,THANGAMAYL,B,452.0,467.0,433.0,453.4,437.75,31,114,52055.0
2020-02-19,2020-02-19,DBREALTY,T,8.4,9.0,8.4,8.46,8.84,29,6547,55858.0
2020-02-19,2020-02-19,EMMBI,B,97.55,99.0,97.4,98.9,99.15,46,909,89483.0
2020-02-19,2020-02-19,HATHWAY,A,24.35,26.35,24.15,25.1,23.1,2593,661601,16658539.0
2020-02-19,2020-02-19,ARSSINFRA,B,14.0,16.55,13.9,16.2,13.8,472,72615,1188809.0
2020-02-19,2020-02-19,TEXMOPIPES,B,14.3,14.3,14.05,14.1,14.05,21,6018,85680.0
2020-02-19,2020-02-19,SUNDARAM,B,1.5,1.56,1.46,1.5,1.53,158,110154,163310.0
2020-02-19,2020-02-19,COROENGG,X,14.4,15.85,14.4,15.85,15.1,9,1514,22550.0
2020-02-19,2020-02-19,ROSSELLIND,T,61.3,61.3,61.3,61.3,61.65,7,500,30650.0
2020-02-19,2020-02-19,MANINFRA,B,29.3,29.3,28.35,28.45,28.1,170,12486,359584.0
2020-02-19,2020-02-19,TAMBOLIIN,X,57.35,60.85,57.35,59.0,56.95,272,74425,4431736.0
2020-02-19,2020-02-19,UNITEDBANK,B,7.9,7.9,7.66,7.79,7.72,70,31255,242948.0
2020-02-19,2020-02-19,DQENT,B,0.84,0.84,0.84,0.84,0.8,2,1008,846.0
2020-02-19,2020-02-19,IL&FSTRANS,Z,1.74,1.82,1.67,1.67,1.74,23,24987,43888.0
2020-02-19,2020-02-19,PERSISTENT,A,710.0,721.15,710.0,718.9,708.25,401,2033,1452685.0
2020-02-19,2020-02-19,ISFT,B,64.0,64.0,61.15,63.0,64.35,257,2308,141465.0
2020-02-19,2020-02-19,GOENKA,Z,0.27,0.27,0.25,0.27,0.26,12,9079,2420.0
2020-02-19,2020-02-19,KCPSUGIND,B,14.05,14.55,14.0,14.15,13.6,86,20247,286115.0
2020-02-19,2020-02-19,KECL,B,16.15,16.35,15.8,15.9,16.6,101,14227,225973.0
2020-02-19,2020-02-19,TALWALKAR,B,1.82,1.82,1.82,1.82,1.91,22,27235,49567.0
2020-02-19,2020-02-19,SATCH,X,1.15,1.15,1.02,1.06,1.09,36,31771,33332.0
2020-02-19,2020-02-19,SJVN,A,25.65,25.7,25.25,25.6,25.3,212,47020,1196584.0
2020-02-19,2020-02-19,JPINFRATEC,B,1.08,1.11,1.06,1.11,1.06,190,786508,866857.0
2020-02-19,2020-02-19,EMAMIPAP,B,92.95,93.0,92.95,93.0,88.6,7,191,17761.0
2020-02-19,2020-02-19,KRITINUT,X,22.0,22.0,19.65,20.3,21.0,94,17712,357681.0
2020-02-19,2020-02-19,PARABDRUGS,T,1.59,1.59,1.45,1.45,1.52,10,3207,4840.0
2020-02-19,2020-02-19,TECHNOFAB,T,14.45,14.45,14.45,14.45,15.2,3,129,1864.0
2020-02-19,2020-02-19,HMVL,B,71.25,71.25,70.6,70.75,71.9,26,974,68909.0
2020-02-19,2020-02-19,EMAMIREAL,T,48.6,52.4,48.6,48.6,51.15,45,3268,159975.0
2020-02-19,2020-02-19,AHLWEST,B,384.0,384.0,375.1,375.1,379.05,2,11,4215.0
2020-02-19,2020-02-19,AHLEAST,B,189.9,189.9,184.45,185.35,185.0,13,16,3008.0
2020-02-19,2020-02-19,BAJAJCON,A,193.35,200.8,193.35,197.9,194.9,612,7893,1558632.0
2020-02-19,2020-02-19,HDFCGOLD,E,3720.0,3780.0,3720.0,3752.5,3695.0,73,285,1068719.0
2020-02-19,2020-02-19,PRAKASHSTL,T,0.22,0.22,0.22,0.22,0.21,4,23200,5104.0
2020-02-19,2020-02-19,GOLDIETF,E,37.2,37.47,37.2,37.46,37.09,14,327,12220.0
2020-02-19,2020-02-19,GPPL,A,79.25,80.15,78.0,78.6,78.4,207,12718,1002231.0
2020-02-19,2020-02-19,WAAREEINDO,Z,0.95,0.96,0.95,0.96,0.92,22,41913,40048.0
2020-02-19,2020-02-19,HEALTHX,B,71.9,71.9,68.7,68.7,70.7,17,380,26243.0
2020-02-19,2020-02-19,CPCAP,B,129.65,144.0,126.1,138.05,128.95,2047,27254,3763871.0
2020-02-19,2020-02-19,EROSMEDIA,B,13.92,14.05,13.54,13.85,13.57,82,8038,111277.0
2020-02-19,2020-02-19,RAMKY,B,31.0,31.45,30.15,30.75,30.85,79,3549,109133.0
2020-02-19,2020-02-19,GREENPOWER,T,1.91,2.07,1.91,2.0,2.0,7,1487,2907.0
2020-02-19,2020-02-19,GALLISPAT,B,22.0,23.3,22.0,22.35,22.85,39,4031,93205.0
2020-02-19,2020-02-19,CANTABIL,B,350.0,352.6,339.0,343.35,344.8,444,25390,8874204.0
2020-02-19,2020-02-19,WABAG,A,205.25,207.3,202.1,203.2,202.05,544,9659,1975371.0
2020-02-19,2020-02-19,ASHOKA,A,98.55,99.3,97.7,98.0,97.05,341,13005,1276761.0
2020-02-19,2020-02-19,JWL,B,13.6,13.77,13.4,13.51,13.0,8,602,8166.0
2020-02-19,2020-02-19,OBEROIRLTY,A,517.0,517.0,506.9,510.25,510.6,382,3084,1577549.0
2020-02-19,2020-02-19,PRESTIGE,A,352.85,367.15,347.2,364.9,348.4,986,20559,7306249.0
2020-02-19,2020-02-19,COALINDIA,A,177.0,178.5,174.2,177.75,172.15,5884,708573,125181209.0
2020-02-19,2020-02-19,GRAVITA,B,67.9,69.0,66.2,66.45,65.55,81,3177,214587.0
2020-02-19,2020-02-19,RPPINFRA,B,53.75,54.0,49.0,50.8,51.9,74,1631,84019.0
2020-02-19,2020-02-19,MOIL,A,139.1,142.0,137.1,137.8,137.7,628,17987,2487871.0
2020-02-19,2020-02-19,ZEELEARN,B,17.15,18.25,17.1,17.7,17.0,187,49328,860057.0
2020-02-19,2020-02-19,KTIL,X,28.75,29.8,27.35,28.65,28.95,27,834,23617.0
2020-02-19,2020-02-19,A2ZINFRA,B,4.91,5.24,4.81,4.89,4.89,103,61854,309117.0
2020-02-19,2020-02-19,KIRLOSENG,B,139.05,144.0,136.3,138.05,137.7,794,11413,1586282.0
2020-02-19,2020-02-19,RKDL,B,5.41,6.35,5.35,5.53,6.0,32,4113,22779.0
2020-02-19,2020-02-19,PSB,B,16.95,17.15,16.75,17.0,16.65,13,814,13841.0
2020-02-19,2020-02-19,FMNL,B,25.55,25.55,24.3,24.6,24.05,18,2083,51190.0
2020-02-19,2020-02-19,SURANASOL,T,7.7,7.7,7.4,7.69,7.46,10,4513,34693.0
2020-02-19,2020-02-19,KICL,B,1613.55,1649.95,1600.05,1640.0,1605.5,18,64,103826.0
2020-02-19,2020-02-19,BFINVEST,B,325.15,326.9,316.0,317.95,320.7,388,5446,1745833.0
2020-02-19,2020-02-19,SUMMITSEC,B,416.0,449.45,416.0,441.85,418.6,30,105,45707.0
2020-02-19,2020-02-19,MIDVALENT,XT,0.19,0.19,0.19,0.19,0.19,35,25000,4750.0
2020-02-19,2020-02-19,INOVSYNTH,XT,3.25,3.42,3.25,3.42,3.42,2,51,173.0
2020-02-19,2020-02-19,STEL,B,61.25,62.0,61.05,61.15,60.25,9,310,19033.0
2020-02-19,2020-02-19,OMKARCHEM,B,4.29,4.3,4.26,4.3,4.1,603,11257,48362.0
2020-02-19,2020-02-19,JUBLINDS,T,126.7,132.4,126.25,129.0,128.0,7,348,44991.0
2020-02-19,2020-02-19,BILENERGY,B,0.61,0.61,0.61,0.61,0.64,12,8815,5377.0
2020-02-19,2020-02-19,TEXRAIL,B,31.8,31.8,30.25,30.4,30.7,564,23208,711140.0
2020-02-19,2020-02-19,INDTERRAIN,B,52.0,54.85,50.25,50.3,53.1,36,824,43225.0
2020-02-19,2020-02-19,FCL,B,25.15,25.6,24.2,24.95,25.05,237,45199,1113783.0
2020-02-19,2020-02-19,DHUNINV,B,215.35,228.95,215.35,218.15,225.45,31,407,89819.0
2020-02-19,2020-02-19,ZENTEC,B,54.75,60.0,54.75,58.55,54.9,113,5837,343896.0
2020-02-19,2020-02-19,LOVABLE,B,69.25,70.0,67.6,67.95,68.25,98,2038,140115.0
2020-02-19,2020-02-19,PFS,B,12.75,13.01,12.75,12.86,12.77,104,29671,380825.0
2020-02-19,2020-02-19,MON100,E,675.0,686.73,674.31,681.12,675.0,180,738,503358.0
2020-02-19,2020-02-19,TCIDEVELP,B,343.4,347.0,343.4,347.0,361.0,5,124,42804.0
2020-02-19,2020-02-19,MUTHOOTFIN,A,870.0,889.3,858.05,874.9,869.0,4773,161694,141383828.0
2020-02-19,2020-02-19,FCONSUMER,A,21.4,21.4,20.5,20.75,21.3,446,148745,3103075.0
2020-02-19,2020-02-19,TRUEGREEN,T,7.22,7.22,7.22,7.22,7.6,3,1300,9386.0
2020-02-19,2020-02-19,BSLGOLDETF,E,3830.0,3896.0,3830.0,3863.0,3748.0,3,3,11556.0
2020-02-19,2020-02-19,SANGHFORG,B,16.15,16.15,16.15,16.15,17.0,13,500,8075.0
2020-02-19,2020-02-19,DELPHIFX,B,393.3,393.3,356.5,393.3,374.6,111,2478,973241.0
2020-02-19,2020-02-19,RUSHIL,B,138.15,138.2,129.95,129.95,137.95,12,136,18379.0
2020-02-19,2020-02-19,ENKEIWHEL,X,248.0,248.0,240.0,244.85,241.7,10,792,191000.0
2020-02-19,2020-02-19,KRIDHANINF,T,1.82,1.99,1.82,1.99,1.9,8,7754,14946.0
2020-02-19,2020-02-19,BGLOBAL,T,1.4,1.4,1.4,1.4,1.47,2,410,574.0
2020-02-19,2020-02-19,INVENTURE,B,12.85,12.99,12.5,12.72,13.0,20,21058,268906.0
2020-02-19,2020-02-19,LTF,A,122.35,126.6,122.35,123.3,122.3,2225,345527,42780674.0
2020-02-19,2020-02-19,IBULLSLTD,A,99.75,102.75,94.05,102.75,97.9,538,40023,3998589.0
2020-02-19,2020-02-19,TREEHOUSE,B,4.63,5.19,4.63,4.63,4.87,3,310,1491.0
2020-02-19,2020-02-19,BROOKS,B,25.2,27.95,25.1,26.9,25.45,189,8137,214787.0
2020-02-19,2020-02-19,RUPA,B,216.95,224.5,216.55,217.3,214.05,67,886,195938.0
2020-02-19,2020-02-19,TDPOWERSYS,B,170.75,174.0,165.1,171.6,165.7,314,8258,1391725.0
2020-02-19,2020-02-19,GOLDAXIS,E,3649.99,3662.0,3647.65,3662.0,3615.0,6,7,25569.0
2020-02-19,2020-02-19,APLLTD,A,648.0,682.5,646.1,671.4,645.65,1961,23472,15539363.0
2020-02-19,2020-02-19,VASWANI,B,3.61,3.74,3.42,3.74,3.55,63,8708,31195.0
2020-02-19,2020-02-19,PGEL,B,66.5,66.6,64.9,66.0,64.4,30,2978,195089.0
2020-02-19,2020-02-19,LESHAIND,X,1.04,1.04,1.04,1.04,1.04,1,3,3.0
2020-02-19,2020-02-19,SETUINFRA,B,0.84,0.84,0.78,0.83,0.81,6,3950,3149.0
2020-02-19,2020-02-19,RDBRL,X,49.4,53.5,47.1,50.0,49.05,108,6508,330560.0
2020-02-19,2020-02-19,TIJARIA,B,4.62,5.04,4.62,4.82,4.8,46,5753,28889.0
2020-02-19,2020-02-19,FLEXITUFF,T,7.29,7.29,7.29,7.29,6.96,1,50,364.0
2020-02-19,2020-02-19,UEL,B,3.9,3.94,3.87,3.87,4.07,80,45025,174929.0
2020-02-19,2020-02-19,TRITURBINE,A,92.6,95.65,91.0,95.05,91.2,128,2783,261457.0
2020-02-19,2020-02-19,INDOTHAI,B,23.0,23.3,22.05,23.2,23.4,16,1254,28417.0
2020-02-19,2020-02-19,ESSARSHPNG,B,7.0,7.0,6.42,6.5,6.5,20,710,4708.0
2020-02-19,2020-02-19,LICMFGOLD,E,3810.0,3890.0,3780.0,3800.0,3759.0,28,45,172704.0
2020-02-19,2020-02-19,APLAPOLLO,A,2015.15,2168.55,2015.15,2101.3,2019.5,1342,6374,13423604.0
2020-02-19,2020-02-19,GPTINFRA,B,33.4,35.3,33.4,34.7,35.0,6,205,6854.0
2020-02-19,2020-02-19,THOMASCOTT,T,4.85,4.85,4.85,4.85,4.64,1,200,970.0
2020-02-19,2020-02-19,TERASOFT,B,24.3,26.0,24.05,24.25,24.25,25,731,18353.0
2020-02-19,2020-02-19,PMCFIN,X,0.36,0.36,0.36,0.36,0.35,14,79462,28606.0
2020-02-19,2020-02-19,AIML,XT,8.04,8.04,8.04,8.04,8.2,3,32,257.0
2020-02-19,2020-02-19,RHIM,B,236.15,236.65,220.95,221.85,235.8,286,4878,1111595.0
2020-02-19,2020-02-19,MCX,A,1299.0,1345.95,1291.6,1335.25,1296.15,2885,102628,135265520.0
2020-02-19,2020-02-19,SCHNEIDER,B,102.5,103.9,100.9,101.65,101.15,881,15290,1563902.0
2020-02-19,2020-02-19,OLPCL,X,6.82,6.82,6.82,6.82,6.82,1,10,68.0
2020-02-19,2020-02-19,NBCC,A,29.6,30.0,29.1,29.5,29.0,1152,388452,11467875.0
2020-02-19,2020-02-19,MTEDUCARE,B,14.05,14.05,14.05,14.05,14.75,12,2743,38539.0
2020-02-19,2020-02-19,MAXHEIGHTS,X,11.85,12.0,11.74,12.0,12.35,27,20966,250017.0
2020-02-19,2020-02-19,TBZ,B,37.0,37.0,35.0,35.35,36.65,293,14053,506671.0
2020-02-19,2020-02-19,VSSL,B,66.5,66.75,66.45,66.75,67.65,27,433,28894.0
2020-02-19,2020-02-19,SPECIALITY,B,56.25,57.0,55.15,55.9,55.8,93,3167,178383.0
2020-02-19,2020-02-19,AURUS,T,4.8,4.8,4.62,4.62,4.86,2,89,411.0
2020-02-19,2020-02-19,META,XT,1.98,1.98,1.98,1.98,2.08,2,2600,5148.0
2020-02-19,2020-02-19,SAMPANN,B,2.46,2.46,2.46,2.46,2.4,10,4635,11402.0
2020-02-19,2020-02-19,JTLIND,XT,128.0,128.65,126.5,127.2,128.6,24,7435,950048.0
2020-02-19,2020-02-19,AMTL,XT,11.99,12.0,11.42,11.42,12.02,33,5678,66226.0
2020-02-19,2020-02-19,NECCLTD,B,4.89,5.24,4.89,5.1,5.0,4,1150,5903.0
2020-02-19,2020-02-19,WAAREERTL,B,12.72,12.72,11.52,12.54,12.12,14,10272,119890.0
2020-02-19,2020-02-19,JUPITERIN,B,51.8,51.8,46.0,46.6,47.5,23,2536,124109.0
2020-02-19,2020-02-19,DUCON,T,5.52,5.96,5.5,5.7,5.78,37,17363,96890.0
2020-02-19,2020-02-19,PROZONER,B,18.5,18.6,17.25,17.45,17.8,63,17313,307556.0
2020-02-19,2020-02-19,SRGHFL,B,77.95,78.2,73.05,75.75,77.75,88,25457,1953054.0
2020-02-19,2020-02-19,LAKSHMIVILAS,A,16.4,16.55,16.3,16.3,17.15,83,32205,525157.0
2020-02-19,2020-02-19,COMCL,B,2.24,2.45,2.24,2.35,2.35,19,7003,16581.0
2020-02-19,2020-02-19,BITL,B,0.24,0.24,0.24,0.24,0.25,5,178,42.0
2020-02-19,2020-02-19,RMCHEM,XT,0.49,0.5,0.49,0.5,0.49,87,2353615,1163790.0
2020-02-19,2020-02-19,VIRTUALG,XT,0.17,0.17,0.17,0.17,0.17,12,13106,2228.0
2020-02-19,2020-02-19,ZUARI,B,88.5,88.95,86.0,87.0,87.2,204,3185,278245.0
2020-02-19,2020-02-19,STEELXIND,T,24.5,24.75,23.5,24.75,23.9,12,2609,64138.0
2020-02-19,2020-02-19,TRIOMERC,X,38.65,40.4,38.3,39.3,38.65,132,115127,4465827.0
2020-02-19,2020-02-19,CIGNITITEC,B,280.25,285.0,274.4,274.55,275.25,177,865,241790.0
2020-02-19,2020-02-19,CARERATING,A,492.8,532.5,489.65,518.1,488.95,3587,44246,22864461.0
2020-02-19,2020-02-19,PCJEWELLER,A,17.4,18.3,17.4,18.05,17.1,950,460159,8243185.0
2020-02-19,2020-02-19,INDUSTOWER,A,213.35,228.25,213.35,225.1,210.1,6446,662190,147564044.0
2020-02-19,2020-02-19,ESTEEMBIO,MT,6.08,6.08,6.08,6.08,6.2,2,5000,30400.0
2020-02-19,2020-02-19,VMART,A,2346.95,2386.45,2343.65,2363.55,2283.95,251,1528,3601064.0
2020-02-19,2020-02-19,MUKTA,X,3.87,3.87,3.87,3.87,3.87,4,29,112.0
2020-02-19,2020-02-19,COMFINCAP,X,5.3,5.62,5.16,5.27,5.36,8,335,1835.0
2020-02-19,2020-02-19,SBISENSEX,B,435.6,439.5,435.6,438.31,435.55,71,4651,2040365.0
2020-02-19,2020-02-19,REPCOHOME,A,299.85,318.75,295.65,301.55,292.45,726,19172,5772303.0
2020-02-19,2020-02-19,NIBL,B,4.01,4.64,4.01,4.01,4.45,9,1564,6272.0
2020-02-19,2020-02-19,KIFS,X,52.25,52.25,52.25,52.25,54.95,1,4,209.0
2020-02-19,2020-02-19,SREEL,B,164.0,165.0,157.0,157.5,157.0,24,712,112799.0
2020-02-19,2020-02-19,SHARDAMOTR,B,886.0,893.05,873.0,881.65,898.45,30,72,63545.0
2020-02-19,2020-02-19,BINNYMILLS,X,30.8,30.8,30.7,30.7,32.3,3,21,645.0
2020-02-19,2020-02-19,SVGLOBAL,X,33.9,33.9,31.3,31.3,32.3,5,730,24539.0
2020-02-19,2020-02-19,JUSTDIAL,A,493.0,504.75,490.75,501.85,488.95,2012,74391,37108804.0
2020-02-19,2020-02-19,OONE,X,0.61,0.61,0.61,0.61,0.59,1,1000,610.0
2020-02-19,2020-02-19,BRAHMINFRA,X,20.4,20.4,20.4,20.4,21.45,5,308,6283.0
2020-02-19,2020-02-19,ORIENTCEM,A,79.7,80.5,79.45,80.05,80.15,51,2071,165963.0
2020-02-19,2020-02-19,ABFRL,A,263.8,274.8,262.4,274.1,261.7,2232,56316,15032646.0
2020-02-19,2020-02-19,SAMMAANCAP,A,305.55,313.05,302.85,305.3,300.0,13994,1058719,325579915.0
2020-02-19,2020-02-19,ALSL,M,8.3,8.3,8.3,8.3,8.0,3,48000,398400.0
2020-02-19,2020-02-19,VKJINFRA,XT,0.19,0.19,0.19,0.19,0.19,3,14000,2660.0
2020-02-19,2020-02-19,KUSHAL,T,4.43,4.43,4.21,4.21,4.43,62,37215,159709.0
2020-02-19,2020-02-19,TIGERLOGS,B,51.65,52.25,51.0,51.45,51.05,52,10761,554401.0
2020-02-19,2020-02-19,JKAGRI,X,422.9,422.9,384.0,396.6,403.7,41,948,378820.0
2020-02-19,2020-02-19,FLFL,A,391.45,394.6,388.15,389.0,390.0,26,145,56516.0
2020-02-19,2020-02-19,SKFL,XT,1.91,1.91,1.91,1.91,2.01,2,200,382.0
2020-02-19,2020-02-19,PVVINFRA,XT,6.43,6.43,6.43,6.43,6.76,5,188,1208.0
2020-02-19,2020-02-19,VCU,T,6.35,6.35,6.06,6.06,6.37,2,35,216.0
2020-02-19,2020-02-19,INDRENEW,X,8.4,8.99,7.86,8.25,8.6,26,6343,53053.0
2020-02-19,2020-02-19,STELLAR,M,3.63,3.63,3.63,3.63,3.82,1,12000,43560.0
2020-02-19,2020-02-19,JPOLYINVST,B,14.02,14.02,14.02,14.02,14.75,1,2,28.0
2020-02-19,2020-02-19,INTELSOFT,XT,31.9,31.9,31.9,31.9,31.9,1,1,31.0
2020-02-19,2020-02-19,MOM100,B,18.46,18.68,18.46,18.68,18.48,4,2586,48293.0
2020-02-19,2020-02-19,CPL,B,30.45,34.5,30.45,32.25,32.55,144,49410,1580064.0
2020-02-19,2020-02-19,NIFTYIETF,B,126.25,128.08,126.25,127.54,126.73,161,2540,323475.0
2020-02-19,2020-02-19,NIF100IETF,B,130.0,132.0,130.0,131.98,128.55,4,4,523.0
2020-02-19,2020-02-19,ARNOLD,X,6.92,7.42,6.92,7.1,7.0,44,68401,477060.0
2020-02-19,2020-02-19,MODEXINT,X,5.13,5.13,5.13,5.13,5.39,4,22,112.0
2020-02-19,2020-02-19,SUNLOC,XT,17.0,17.0,16.45,16.45,17.25,6,1425,24185.0
2020-02-19,2020-02-19,JTLDEFENCE,T,7.06,7.12,7.06,7.06,7.43,27,4606,32523.0
2020-02-19,2020-02-19,SUYOG,B,378.0,378.0,330.0,355.0,355.0,8,1542,534058.0
2020-02-19,2020-02-19,NATHBIOGEN,B,314.9,334.7,312.65,329.8,313.2,776,6671,2134404.0
2020-02-19,2020-02-19,AGRITECH,B,41.15,42.3,41.05,42.05,41.5,40,551,22903.0
2020-02-19,2020-02-19,CHEMTECH,T,8.6,8.6,8.55,8.55,8.99,5,2115,18133.0
2020-02-19,2020-02-19,NIF100BEES,B,124.0,126.37,124.0,126.37,123.17,6,7,878.0
2020-02-19,2020-02-19,VIAANINDUS,X,1.9,2.01,1.85,1.93,1.94,51,38117,72648.0
2020-02-19,2020-02-19,DENISCHEM,X,35.0,35.0,33.0,34.8,33.85,14,369,12286.0
2020-02-19,2020-02-19,LAXMIPATI,M,59.95,59.95,59.95,59.95,62.0,1,3000,179850.0
2020-02-19,2020-02-19,NIFTY1,B,125.0,125.79,125.0,125.79,124.31,7,106,13255.0
2020-02-19,2020-02-19,KIRANVYPAR,X,84.0,86.0,83.5,84.7,86.0,9,709,59852.0
2020-02-19,2020-02-19,BCP,T,19.0,19.4,18.3,18.85,19.2,40,47896,901896.0
2020-02-19,2020-02-19,MANGIND,X,0.23,0.27,0.23,0.27,0.25,15,10815,2822.0
2020-02-19,2020-02-19,VIJIFIN,B,0.35,0.35,0.34,0.34,0.38,4,1340,467.0
2020-02-19,2020-02-19,OBILTD,B,10.16,10.16,9.66,9.66,10.16,47,8408,82469.0
2020-02-19,2020-02-19,CPSEETF,B,19.66,20.1,19.54,20.09,19.6,108213,383498,7653352.0
2020-02-19,2020-02-19,VASUPRADA,X,91.8,99.7,91.8,99.7,95.1,2,676,62135.0
2020-02-19,2020-02-19,GOLDLINE,X,0.23,0.23,0.23,0.23,0.24,14,16727,3847.0
2020-02-19,2020-02-19,SHARPINV,X,0.24,0.24,0.24,0.24,0.24,3,201,48.0
2020-02-19,2020-02-19,WONDERLA,B,235.1,238.5,235.0,235.0,236.55,42,198,46831.0
2020-02-19,2020-02-19,AFEL,XT,9.05,9.05,9.05,9.05,9.23,5,34,307.0
2020-02-19,2020-02-19,INCREDIBLE,B,36.5,38.25,34.65,37.7,36.45,103,9076,332322.0
2020-02-19,2020-02-19,METSL,X,58.0,60.5,58.0,58.0,60.0,14,3250,192618.0
2020-02-19,2020-02-19,JACKSON,X,0.21,0.21,0.19,0.19,0.2,23,89552,18014.0
2020-02-19,2020-02-19,ALPSMOTOR,XT,0.4,0.4,0.4,0.4,0.4,13,2106,842.0
2020-02-19,2020-02-19,DIVINUS,XT,37.0,37.0,37.0,37.0,37.0,3,1003,37111.0
2020-02-19,2020-02-19,MONEYBOXX,T,73.0,76.0,72.8,75.0,72.8,10,4723,354006.0
2020-02-19,2020-02-19,QUASAR,X,5.25,5.25,5.25,5.25,5.52,21,10700,56175.0
2020-02-19,2020-02-19,TPROJECT,X,0.21,0.21,0.2,0.2,0.2,10,3211,653.0
2020-02-19,2020-02-19,CTL,X,3.41,3.6,3.31,3.5,3.5,22,5370,18646.0
2020-02-19,2020-02-19,TARINI,M,5.2,5.2,4.9,4.9,4.9,3,18000,89100.0
2020-02-19,2020-02-19,YAANENT,X,18.0,18.2,17.95,18.2,17.9,42,41900,755322.0
2020-02-19,2020-02-19,PIPAN,XT,0.97,0.97,0.97,0.97,0.97,9,2000,1940.0
2020-02-19,2020-02-19,ANVRDHI,X,0.23,0.23,0.23,0.23,0.23,1,100,23.0
2020-02-19,2020-02-19,SAIBABA,X,3.54,3.54,3.54,3.54,3.48,3,12,42.0
2020-02-19,2020-02-19,SKIPPER,B,36.0,37.05,35.7,36.15,36.0,2469,92485,3336956.0
2020-02-19,2020-02-19,JAMESWARREN,X,81.0,81.0,81.0,81.0,81.9,2,35,2835.0
2020-02-19,2020-02-19,APOLLOTRI,X,497.7,498.9,482.0,494.9,481.3,1267,107551,52811251.0
2020-02-19,2020-02-19,GULFOILLUB,A,747.25,760.15,741.2,755.15,743.05,59,335,249942.0
2020-02-19,2020-02-19,CEMAINFRA,X,5.71,5.71,5.71,5.71,5.71,1,45,256.0
2020-02-19,2020-02-19,VISHAL,T,232.0,232.0,232.0,232.0,230.0,3,2500,580000.0
2020-02-19,2020-02-19,TOYAMSL,X,2.36,2.36,2.36,2.36,2.25,20,51301,121070.0
2020-02-19,2020-02-19,VRL,X,36.2,36.2,32.35,34.1,33.6,20,2756,96463.0
2020-02-19,2020-02-19,SNOWMAN,B,43.5,43.65,43.25,43.4,43.45,135,47776,2073366.0
2020-02-19,2020-02-19,QGO,XT,12.12,12.12,12.12,12.12,11.55,1,100,1212.0
2020-02-19,2020-02-19,EML,X,0.23,0.23,0.23,0.23,0.23,4,477,109.0
2020-02-19,2020-02-19,SHARDACROP,B,217.1,219.0,211.85,213.65,215.5,75,800,171917.0
2020-02-19,2020-02-19,SENSEXBEES,B,437.33,442.38,437.33,442.38,438.73,3,52,22747.0
2020-02-19,2020-02-19,SHEMAROO,B,71.2,74.95,71.2,71.3,74.9,473,14230,1025452.0
2020-02-19,2020-02-19,ETIL,X,4.0,4.32,4.0,4.0,4.12,4,631,2524.0
2020-02-19,2020-02-19,ATISHAY,B,57.85,57.85,54.0,54.0,55.0,21,150,8398.0
2020-02-19,2020-02-19,SANGAMFIN,X,43.05,43.05,43.05,43.05,41.0,1,1,43.0
2020-02-19,2020-02-19,DHABRIYA,B,42.25,47.9,42.05,46.95,47.95,12,491,21400.0
2020-02-19,2020-02-19,PDSL,B,390.45,392.0,389.4,390.65,386.05,90,355,138589.0
2020-02-19,2020-02-19,CEINSYS,T,103.25,108.0,103.2,104.65,108.45,8,756,78125.0
2020-02-19,2020-02-19,JSHL,M,20.1,20.15,20.1,20.15,19.5,4,20000,402500.0
2020-02-19,2020-02-19,NIYOGIN,XT,50.0,50.2,48.0,48.0,47.85,13,1909,95451.0
2020-02-19,2020-02-19,KALYANCAP,XT,26.75,26.75,26.75,26.75,28.05,3,126,3370.0
2020-02-19,2020-02-19,GBFL,X,1.51,1.51,1.51,1.51,1.44,4,1813,2737.0
2020-02-19,2020-02-19,SAPPL,X,158.6,158.6,158.6,158.6,151.05,2,2,317.0
2020-02-19,2020-02-19,AANCHALISP,B,9.57,9.57,8.4,8.5,8.92,70,27295,235115.0
2020-02-19,2020-02-19,KAIZENAGRO,T,8.1,8.1,8.1,8.1,8.51,4,25,202.0
2020-02-19,2020-02-19,JMJFIN,X,9.25,9.5,8.79,9.48,9.25,21,27266,258454.0
2020-02-19,2020-02-19,INTELLECT,A,138.8,148.55,137.2,146.0,137.95,1141,46633,6550235.0
2020-02-19,2020-02-19,MONTECARLO,B,250.0,250.0,248.55,248.55,246.7,5,27,6744.0
2020-02-19,2020-02-19,JSTL,X,21.5,21.5,17.75,19.0,18.0,35,10271,203987.0
2020-02-19,2020-02-19,PANAFIC,X,0.19,0.19,0.19,0.19,0.19,5,10808,2053.0
2020-02-19,2020-02-19,MKEXIM,XT,17.9,18.25,17.9,17.95,17.5,11,1157,20782.0
2020-02-19,2020-02-19,MCLOUD,XT,19.5,20.0,19.4,20.0,19.05,7,2831,55311.0
2020-02-19,2020-02-19,KANCHI,X,228.0,232.9,215.0,220.6,216.8,113,5393,1218071.0
2020-02-19,2020-02-19,DTIL,B,166.0,168.0,165.45,165.45,161.5,38,232,38431.0
2020-02-19,2020-02-19,RAFL,M,204.5,204.6,204.5,204.6,199.9,10,7500,1534000.0
2020-02-19,2020-02-19,COSYN,X,17.8,17.8,16.65,17.4,17.3,20,1513,25903.0
2020-02-19,2020-02-19,KARNAVATI,T,32.0,32.0,32.0,32.0,33.4,3,6000,192000.0
2020-02-19,2020-02-19,GENUSPAPER,B,5.05,5.15,4.9,5.1,5.16,20,18736,94978.0
2020-02-19,2020-02-19,MINDACORP,B,113.85,114.4,111.8,112.55,112.0,383,6376,717909.0
2020-02-19,2020-02-19,PACT,X,2.76,2.76,2.76,2.76,2.76,1,100,276.0
2020-02-19,2020-02-19,MERCURYLAB,X,331.8,331.8,331.0,331.0,316.0,5,45,14899.0
2020-02-19,2020-02-19,CONCORD,XT,16.75,16.75,16.75,16.75,17.6,4,193,3232.0
2020-02-19,2020-02-19,GREENLAM,B,1003.7,1003.7,975.75,975.9,982.75,40,193,191666.0
2020-02-19,2020-02-19,TALBROSENG,X,95.3,103.0,95.3,102.75,93.1,12,1500,149938.0
2020-02-19,2020-02-19,SAPL,X,371.0,371.0,371.0,371.0,359.0,1,5,1855.0
2020-02-19,2020-02-19,PTCIL,X,359.0,360.0,335.55,345.05,347.95,12,251,88258.0
2020-02-19,2020-02-19,GBLIL,X,0.36,0.36,0.36,0.36,0.37,2,51,18.0
2020-02-19,2020-02-19,NEIL,X,19.1,19.1,19.1,19.1,19.05,2,1400,26740.0
2020-02-19,2020-02-19,STARHFL,B,80.0,84.0,76.0,80.85,80.0,17,477,38372.0
2020-02-19,2020-02-19,BEEKAY,X,277.1,297.95,277.1,294.35,276.45,51,2432,697629.0
2020-02-19,2020-02-19,SSPNFIN,M,57.5,57.6,56.0,56.0,54.3,5,20000,1143800.0
2020-02-19,2020-02-19,SETFBSE100,B,125.5,125.9,125.5,125.9,124.62,3,101,12715.0
2020-02-19,2020-02-19,FRASER,X,10.0,10.22,8.36,8.36,10.44,123,53048,461094.0
2020-02-19,2020-02-19,AGIIL,T,56.75,56.75,56.5,56.55,56.7,96,12900,730613.0
2020-02-19,2020-02-19,BKMINDST,B,0.51,0.51,0.51,0.51,0.47,2,102,52.0
2020-02-19,2020-02-19,MANAKSTEEL,B,11.19,11.19,10.46,10.85,10.66,6,1123,12054.0
2020-02-19,2020-02-19,MANAKCOAT,B,3.55,3.74,3.55,3.74,3.55,2,100,364.0
2020-02-19,2020-02-19,IMAGICAA,T,3.6,3.74,3.46,3.7,3.58,17,6141,22252.0
2020-02-19,2020-02-19,INOXWIND,A,38.9,38.9,36.9,38.1,37.5,80,3272,124541.0
2020-02-19,2020-02-19,SAB,X,52.0,52.0,52.0,52.0,52.0,1,3,156.0
2020-02-19,2020-02-19,PML,X,1120.0,1180.1,1115.2,1117.85,1175.0,27,185,209357.0
2020-02-19,2020-02-19,VRLLOG,B,247.0,247.5,242.1,242.9,245.45,555,6730,1644660.0
2020-02-19,2020-02-19,BODHTREE,X,49.7,49.7,46.7,48.3,47.0,76,14679,709447.0
2020-02-19,2020-02-19,VBIND,XT,0.78,0.78,0.78,0.78,0.82,11,39211,30584.0
2020-02-19,2020-02-19,MEP,B,36.9,37.25,35.45,35.55,37.1,220,9063,327557.0
2020-02-19,2020-02-19,CLLIMITED,Z,3.06,3.06,3.06,3.06,3.22,1,2,6.0
2020-02-19,2020-02-19,UFO,B,120.95,120.95,115.9,116.5,118.4,289,2604,303938.0
2020-02-19,2020-02-19,SHIVALIK,XT,269.9,270.0,256.8,268.5,266.4,37,3927,1048168.0
2020-02-19,2020-02-19,PNCINFRA,A,202.35,205.7,201.05,201.9,201.15,386,8680,1762500.0
2020-02-19,2020-02-19,ARFIN,X,50.85,50.85,49.9,49.9,47.95,9,375,18782.0
2020-02-19,2020-02-19,HAWAENG,XT,18.5,18.5,18.5,18.5,18.5,1,50,925.0
2020-02-19,2020-02-19,AIIL,XT,96.1,106.2,96.1,105.25,101.15,27,5651,588564.0
2020-02-19,2020-02-19,POEL,X,30.4,34.25,30.0,31.05,32.7,64,431,13102.0
2020-02-19,2020-02-19,AEL,X,13.8,16.75,13.8,14.96,13.99,85,20625,310903.0
2020-02-19,2020-02-19,SGFIN,XT,2.8,2.8,2.8,2.8,2.8,1,1900,5320.0
2020-02-19,2020-02-19,SATIA,B,98.0,100.9,96.0,97.95,97.0,273,3214,314728.0
2020-02-19,2020-02-19,GVBL,X,8.66,8.66,8.66,8.66,8.25,2,1010,8746.0
2020-02-19,2020-02-19,GARMNTMNTR,M,70.0,72.5,68.0,68.0,69.0,8,32000,2215800.0
2020-02-19,2020-02-19,SPORTKING,XT,342.0,342.0,342.0,342.0,360.0,1,1,342.0
2020-02-19,2020-02-19,GROWINGTON,M,30.0,30.0,30.0,30.0,32.0,2,20000,600000.0
2020-02-19,2020-02-19,AMBITION,B,6.1,6.1,6.1,6.1,6.1,1,50,305.0
2020-02-19,2020-02-19,JIYAECO,B,17.4,17.4,17.0,17.4,16.6,237,122986,2138384.0
2020-02-19,2020-02-19,RUDRA,T,81.45,81.45,74.1,74.1,78.0,4,61,4548.0
2020-02-19,2020-02-19,LOYAL,T,44.45,45.7,44.0,44.0,43.65,11,683,30409.0
2020-02-19,2020-02-19,GGPL,B,73.85,77.5,70.0,72.55,75.7,54,2861,206334.0
2020-02-19,2020-02-19,MRSS,M,11.35,11.35,11.35,11.35,10.85,1,600,6810.0
2020-02-19,2020-02-19,BALKRISHNA,B,16.8,16.8,16.8,16.8,16.85,1,1,16.0
2020-02-19,2020-02-19,SHYAMCENT,T,2.76,2.76,2.76,2.76,2.9,1,150,414.0
2020-02-19,2020-02-19,ADANIENSOL,A,304.0,313.75,304.0,310.45,301.2,510,11130,3458824.0
2020-02-19,2020-02-19,STARDELTA,X,99.95,99.95,99.95,99.95,96.6,1,2,199.0
2020-02-19,2020-02-19,SAMSRITA,XT,57.0,57.0,57.0,57.0,60.0,2,1002,57114.0
2020-02-19,2020-02-19,SYNGENE,A,309.65,309.65,304.2,307.85,306.85,193,1953,599887.0
2020-02-19,2020-02-19,MSL,T,58.15,58.15,58.15,58.15,58.5,1,100,5815.0
2020-02-19,2020-02-19,KAYA,B,304.55,323.35,297.95,313.8,303.25,314,2178,689774.0
2020-02-19,2020-02-19,SYMBIOX,X,0.19,0.19,0.19,0.19,0.19,2,1299,246.0
2020-02-19,2020-02-19,ORTINGLOBE,B,8.39,8.39,8.39,8.39,8.06,3,151,1266.0
2020-02-19,2020-02-19,AURUM,B,403.15,403.15,397.5,397.95,397.7,34,1549,618906.0
2020-02-19,2020-02-19,OSWALGREEN,B,11.01,11.84,11.0,11.4,11.2,18,2117,24023.0
2020-02-19,2020-02-19,VASUDHAGAM,X,81.5,83.5,81.0,82.55,82.15,35,27018,2230494.0
2020-02-19,2020-02-19,SUNRAKSHAK,X,27.4,27.4,27.4,27.4,28.8,2,110,3014.0
2020-02-19,2020-02-19,ARVSMART,B,85.3,88.45,85.3,86.7,84.6,243,941,82209.0
2020-02-19,2020-02-19,POWERMECH,B,745.0,749.0,730.2,739.35,716.4,310,771,570869.0
2020-02-19,2020-02-19,RAMASTEEL,B,41.0,41.0,39.2,40.95,39.9,7,33,1307.0
2020-02-19,2020-02-19,SENSEXBETA,B,436.0,436.0,432.51,436.0,435.53,16,95,41416.0
2020-02-19,2020-02-19,NIFTYBETA,B,1270.0,1292.5,1267.0,1285.0,1265.35,40,421,537024.0
2020-02-19,2020-02-19,VETO,B,53.1,55.5,53.0,53.15,54.0,98,5921,319350.0
2020-02-19,2020-02-19,NAVKARCORP,B,29.6,30.55,29.4,29.9,29.1,159,13235,396477.0
2020-02-19,2020-02-19,SHREEPUSHK,B,118.0,120.45,112.0,119.6,114.1,580,8933,1056986.0
2020-02-19,2020-02-19,GUJENERGY,A,288.0,291.8,282.5,287.65,286.45,1353,509989,147229925.0
2020-02-19,2020-02-19,SADBHIN,B,31.95,31.95,25.5,28.4,31.85,1422,134526,3736190.0
2020-02-19,2020-02-19,PRABHAT,B,80.95,83.9,79.9,83.35,80.5,51,3023,248278.0
2020-02-19,2020-02-19,SALAUTO,X,137.5,149.0,137.5,148.95,137.65,21,2529,370048.0
2020-02-19,2020-02-19,POLYSPIN,X,73.0,73.0,73.0,73.0,73.0,1,7,511.0
2020-02-19,2020-02-19,PRITIKAUTO,X,102.9,105.55,99.0,101.65,102.2,91,23429,2401055.0
2020-02-19,2020-02-19,BELLACASA,T,109.4,109.4,109.4,109.4,115.15,1,1,109.0
2020-02-19,2020-02-19,SATIN,B,191.05,196.4,184.05,185.95,188.8,166,2065,393982.0
2020-02-19,2020-02-19,GENCON,X,72.0,72.15,69.3,70.8,70.8,44,52146,3665089.0
2020-02-19,2020-02-19,MUZALI,XT,4.57,4.57,4.57,4.57,4.81,1,1,4.0
2020-02-19,2020-02-19,TEJNAKSH,T,43.65,47.6,43.65,45.45,45.9,4,31,1366.0
2020-02-19,2020-02-19,IDFCFIRSTB,A,39.0,40.5,38.9,39.9,38.45,1512,750073,29676010.0
2020-02-19,2020-02-19,BEARDSELL,T,8.81,8.81,8.81,8.81,9.27,2,3000,26430.0
2020-02-19,2020-02-19,INDIGO,A,1450.15,1493.0,1450.15,1481.15,1470.15,1448,25950,38434930.0
2020-02-19,2020-02-19,SHK,A,114.0,114.9,109.15,110.55,110.45,365,70731,7920046.0
2020-02-19,2020-02-19,LICNETFN50,B,125.61,125.61,125.61,125.61,124.51,1,5,628.0
2020-02-19,2020-02-19,LICNETFSEN,B,502.8,503.05,502.8,503.0,499.5,5,5,2515.0
2020-02-19,2020-02-19,SMARTFIN,XT,72.0,72.0,72.0,72.0,72.0,1,2,144.0
2020-02-19,2020-02-19,QUINT,X,123.9,123.9,123.9,123.9,118.0,6,610,75579.0
2020-02-19,2020-02-19,HDFCNIFTY,B,1265.0,1276.64,1265.0,1276.64,1250.35,17,29,36936.0
2020-02-19,2020-02-19,HDFCSENSEX,B,4347.0,4356.0,4347.0,4356.0,4296.2,7,47,204345.0
2020-02-19,2020-02-19,UDAYJEW,X,102.85,102.95,96.45,101.55,102.85,71,5304,535006.0
2020-02-19,2020-02-19,SATTVASUKU,XT,10.0,10.0,10.0,10.0,9.97,2,2108,21080.0
2020-02-19,2020-02-19,ALKEM,A,2636.0,2720.0,2610.25,2621.25,2620.5,1064,6781,18087249.0
2020-02-19,2020-02-19,LALPATHLAB,A,1628.0,1656.75,1623.45,1639.15,1629.95,430,2990,4909386.0
2020-02-19,2020-02-19,NAVKETAN,X,0.19,0.19,0.19,0.19,0.19,1,15000,2850.0
2020-02-19,2020-02-19,SCTL,T,35.0,35.8,34.15,35.45,35.9,8,127,4396.0
2020-02-19,2020-02-19,LUXIND,A,1590.0,1590.0,1563.2,1567.0,1581.4,312,855,1345525.0
2020-02-19,2020-02-19,APOORVA,X,10.4,10.4,10.4,10.4,10.9,1,20,208.0
2020-02-19,2020-02-19,NH,A,350.5,357.95,345.8,350.65,347.85,894,7959,2802900.0
2020-02-19,2020-02-19,AARNAV,XT,51.05,51.05,46.25,47.0,48.65,11,2863,142605.0
2020-02-19,2020-02-19,MISHTANN,X,7.23,7.23,7.23,7.23,7.37,8,3146,22745.0
2020-02-19,2020-02-19,DELTA,X,3.19,3.19,3.13,3.13,3.19,3,1420,4527.0
2020-02-19,2020-02-19,JSLHISAR,A,76.0,77.35,73.8,74.35,75.4,306,39646,2972775.0
2020-02-19,2020-02-19,KEL,X,13.13,13.13,13.0,13.07,13.12,4,400,5226.0
2020-02-19,2020-02-19,BCLENTERPR,X,14.6,15.0,14.0,14.1,14.44,64,12574,179007.0
2020-02-19,2020-02-19,PRECAM,T,39.85,39.85,37.65,39.2,39.5,25,1925,73473.0
2020-02-19,2020-02-19,TEAMLEASE,A,2449.5,2472.4,2396.55,2442.4,2434.75,83,182,443482.0
2020-02-19,2020-02-19,KAMATS,M,6.25,9.36,6.25,9.36,7.8,6,6000,46680.0
2020-02-19,2020-02-19,BESTAGRO,X,233.0,233.0,217.45,227.7,228.85,458,45504,10063855.0
2020-02-19,2020-02-19,QUICKHEAL,B,126.9,128.95,125.0,125.45,126.25,510,16446,2079965.0
2020-02-19,2020-02-19,KPEL,T,100.0,105.0,100.0,105.0,100.0,5,1510,152550.0
2020-02-19,2020-02-19,GOKULAGRO,B,13.3,13.39,12.8,13.39,13.47,55,1733,22206.0
2020-02-19,2020-02-19,FREDUN,X,210.7,210.8,198.0,203.25,197.25,16,3356,679132.0
2020-02-19,2020-02-19,SIMBHALS,B,6.36,6.69,6.35,6.52,6.4,5,577,3692.0
2020-02-19,2020-02-19,RELICAB,M,40.0,40.0,40.0,40.0,45.0,1,12000,480000.0
2020-02-19,2020-02-19,DARJEELING,X,17.55,17.55,17.55,17.55,17.9,3,11,193.0
2020-02-19,2020-02-19,LICNFNHGP,B,125.0,130.99,124.5,128.54,125.0,17,668,83541.0
2020-02-19,2020-02-19,PDMJEPAPER,B,16.35,17.25,16.3,17.1,16.45,65,7282,121994.0
2020-02-19,2020-02-19,HCG,B,113.0,113.7,107.9,110.0,114.3,182,909,101452.0
2020-02-19,2020-02-19,UMIYA,B,6.48,7.15,6.48,7.15,6.81,23,4195,29654.0
2020-02-19,2020-02-19,BHARATWIRE,B,25.9,26.9,25.75,26.5,25.7,130,7590,198298.0
2020-02-19,2020-02-19,CHDCHEM,B,48.0,48.75,45.0,46.55,46.8,29,13662,640627.0
2020-02-19,2020-02-19,CCAVENUE,A,57.55,57.55,56.25,56.5,56.8,663,156792,8942392.0
2020-02-19,2020-02-19,LELAVOIR,XT,25.65,28.25,25.65,28.05,26.95,17,21215,583066.0
2020-02-19,2020-02-19,SUPERIOR,XT,27.15,27.35,27.0,27.35,27.15,70,2394,65002.0
2020-02-19,2020-02-19,LANCER,B,47.2,50.0,47.2,49.75,49.25,18,288,14175.0
2020-02-19,2020-02-19,EQUITAS,A,107.95,113.6,106.9,112.75,106.4,1810,184982,20569768.0
2020-02-19,2020-02-19,THYROCARE,A,623.2,653.45,609.0,618.7,618.2,2710,31912,20221328.0
2020-02-19,2020-02-19,BAJAJHCARE,T,233.0,257.0,233.0,233.1,245.0,8,89,21325.0
2020-02-19,2020-02-19,UJJIVAN,A,386.0,392.55,385.2,389.7,385.7,934,44552,17352129.0
2020-02-19,2020-02-19,RSDFIN,X,30.45,30.45,29.55,29.75,29.0,9,632,18902.0
2020-02-19,2020-02-19,CROMPTON,A,285.35,292.0,285.35,289.95,285.35,1327,23463,6785550.0
2020-02-19,2020-02-19,PILANIINVS,B,1770.0,1770.0,1725.0,1742.3,1747.3,203,2014,3510124.0
2020-02-19,2020-02-19,DARSHANORNA,B,39.3,40.7,37.4,38.0,39.3,26,1455,56334.0
2020-02-19,2020-02-19,PARAGMILK,A,101.0,110.0,100.95,108.75,100.85,2483,72961,7743612.0
2020-02-19,2020-02-19,MADHAVIPL,X,243.25,243.5,243.0,243.0,243.0,14,1508,366726.0
2020-02-19,2020-02-19,NAGAFERT,T,3.45,3.6,3.28,3.6,3.45,88,37777,127889.0
2020-02-19,2020-02-19,MIL,X,37.35,37.35,36.0,36.0,35.6,2,71,2557.0
2020-02-19,2020-02-19,YASHCHEM,B,84.75,88.5,83.35,85.4,87.4,53,12424,1060829.0
2020-02-19,2020-02-19,MAXVIL,B,49.05,53.0,48.5,49.05,48.0,846,313879,16537551.0
2020-02-19,2020-02-19,NV20IETF,B,58.1,58.62,58.1,58.62,57.8,2,2,116.0
2020-02-19,2020-02-19,TAALTECH,X,178.0,195.95,163.6,182.05,180.8,83,6261,1131592.0
2020-02-19,2020-02-19,MGL,A,1144.0,1165.35,1122.75,1137.4,1137.6,1525,23116,26279104.0
2020-02-19,2020-02-19,QFSL,XT,0.19,0.19,0.19,0.19,0.19,5,10700,2033.0
2020-02-19,2020-02-19,ZEAL,B,91.6,92.8,89.0,90.6,91.65,48,3006,274809.0
2020-02-19,2020-02-19,QUESS,A,583.05,584.85,543.15,556.95,580.1,1061,6218,3514492.0
2020-02-19,2020-02-19,DIGJAMLMTD,Z,0.98,0.98,0.97,0.98,0.97,4,4100,3988.0
2020-02-19,2020-02-19,MIDSELIETF,B,67.32,68.19,67.1,68.19,67.34,5,9,609.0
2020-02-19,2020-02-19,MAXINDIA,A,85.2,86.25,84.35,85.75,84.95,404,31122,2650350.0
2020-02-19,2020-02-19,ASYL,B,10.5,11.1,10.5,10.5,11.05,9,2985,31343.0
2020-02-19,2020-02-19,HIIL,X,630.4,649.9,629.05,643.95,659.6,25,288,183173.0
2020-02-19,2020-02-19,COMSYN,T,50.9,50.9,47.15,49.0,48.5,13,2095,105927.0
2020-02-19,2020-02-19,LLOYDSENGG,B,0.46,0.47,0.45,0.47,0.46,116,173147,80005.0
2020-02-19,2020-02-19,KPL,M,34.8,34.8,33.0,33.0,38.2,3,9000,307800.0
2020-02-19,2020-02-19,LTM,A,1979.0,1990.9,1952.35,1965.65,1962.0,841,3763,7407988.0
2020-02-19,2020-02-19,EASTWEST,X,81.0,81.15,74.1,79.95,79.4,37,4229,337522.0
2020-02-19,2020-02-19,ASHARI,X,17.0,17.0,17.0,17.0,16.55,1,5,85.0
2020-02-19,2020-02-19,ADVENZYMES,A,163.4,165.2,161.7,162.1,159.25,633,11728,1914566.0
2020-02-19,2020-02-19,LAHL,XT,5.09,5.09,5.09,5.09,4.85,1,100,509.0
2020-02-19,2020-02-19,PTIL,T,304.5,304.5,294.5,302.0,300.5,28,10321,3131356.0
2020-02-19,2020-02-19,DBL,A,357.8,365.0,343.15,349.45,352.45,1348,20319,7278674.0
2020-02-19,2020-02-19,SPAL,B,159.65,168.0,159.65,165.6,164.75,23,427,70873.0
2020-02-19,2020-02-19,BIGBLOC,T,38.95,38.95,38.95,38.95,41.0,3,250,9737.0
2020-02-19,2020-02-19,ECS,XT,3.5,3.5,3.5,3.5,3.59,1,5,17.0
2020-02-19,2020-02-19,FRETAIL,A,365.6,367.75,351.5,353.8,362.3,1133,28123,10013897.0
2020-02-19,2020-02-19,RBLBANK,A,306.0,311.5,302.65,306.85,302.05,5613,341437,104603935.0
2020-02-19,2020-02-19,BLS,B,67.4,69.0,65.95,68.85,67.9,75,2225,150060.0
2020-02-19,2020-02-19,DHATRE,T,31.9,33.4,31.6,33.4,31.9,15,8595,279335.0
2020-02-19,2020-02-19,TIAANC,X,26.2,28.35,26.05,27.75,27.05,62,41759,1107776.0
2020-02-19,2020-02-19,LTTS,A,1699.5,1745.0,1692.0,1728.65,1691.25,1244,14864,25633499.0
2020-02-19,2020-02-19,GNA,B,240.2,243.05,237.0,238.85,236.1,252,4681,1119669.0
2020-02-19,2020-02-19,ICICIPRULI,A,474.0,490.85,470.6,489.3,471.9,2363,56111,27141056.0
2020-02-19,2020-02-19,IISL,X,13.04,15.95,13.04,15.9,15.95,68,44123,697486.0
2020-02-19,2020-02-19,HPL,B,37.5,38.6,37.5,38.15,36.5,106,3575,136744.0
2020-02-19,2020-02-19,SAGARSOFT,X,48.0,48.0,47.5,47.7,46.6,4,622,29682.0
2020-02-19,2020-02-19,DRA,M,11.72,11.75,9.9,10.84,10.7,9,92500,1037550.0
2020-02-19,2020-02-19,ENDURANCE,A,1051.0,1072.65,1042.5,1059.2,1051.35,129,437,460307.0
2020-02-19,2020-02-19,IDFSENSEXE,B,360.0,360.0,360.0,360.0,387.3,1,10,3600.0
2020-02-19,2020-02-19,PNBHOUSING,A,411.0,414.75,410.1,411.4,407.4,1169,18363,7572665.0
2020-02-19,2020-02-19,REGENCY,X,22.5,22.5,22.2,22.5,22.5,131,8900,198181.0
2020-02-19,2020-02-19,VBL,A,812.05,819.15,793.2,798.95,806.3,1105,6620,5314599.0
2020-02-19,2020-02-19,LKPSEC,X,6.74,6.75,6.72,6.73,7.24,29,5698,38348.0
2020-02-19,2020-02-19,OSIAJEE,X,37.05,38.0,36.5,37.05,37.9,69,20307,756892.0
2020-02-19,2020-02-19,SFL,A,1699.0,1725.0,1657.25,1664.9,1658.45,78,210,353319.0
2020-02-19,2020-02-19,AVL,M,27.8,27.8,27.8,27.8,29.2,2,10000,278000.0
2020-02-19,2020-02-19,HEADSUP,B,8.42,8.44,8.08,8.43,8.1,205,2003,16719.0
2020-02-19,2020-02-19,TCIEXP,B,915.75,936.15,902.15,906.2,905.6,290,1302,1188576.0
2020-02-19,2020-02-19,LAURUSLABS,A,431.95,445.8,404.0,438.75,429.05,1050,13631,5899088.0
2020-02-19,2020-02-19,NEWLIGHT,XT,27.0,27.7,27.0,27.6,28.2,9,23502,637585.0
2020-02-19,2020-02-19,SNTCL,XT,7.03,7.03,7.03,7.03,7.39,1,10,70.0
2020-02-19,2020-02-19,SHANGAR,X,34.95,34.95,34.95,34.95,33.5,1,1,34.0
2020-02-19,2020-02-19,TRU,X,78.85,78.9,78.85,78.9,78.85,4,49100,3873985.0
2020-02-19,2020-02-19,SKL,M,5.46,5.46,5.46,5.46,5.46,1,10000,54600.0
2020-02-19,2020-02-19,PRICOLLTD,B,45.6,46.6,44.15,45.65,44.85,123,8292,377288.0
2020-02-19,2020-02-19,JITFINFRA,T,8.91,8.91,8.5,8.5,8.5,20,1135,9702.0
2020-02-19,2020-02-19,TANVI,M,41.0,43.0,41.0,43.0,39.0,3,50000,2104000.0
2020-02-19,2020-02-19,RMC,M,18.0,18.0,18.0,18.0,17.55,1,2000,36000.0
2020-02-19,2020-02-19,PARMAX,XT,19.8,19.8,18.0,18.9,18.9,5,1551,29718.0
2020-02-19,2020-02-19,LLFICL,X,135.0,135.1,129.1,132.4,133.4,37,11125,1478027.0
2020-02-19,2020-02-19,DANUBE,XT,10.8,10.9,10.8,10.9,10.8,14,10450,113370.0
2020-02-19,2020-02-19,RADIOCITY,B,27.0,27.45,26.35,27.0,26.85,14,408,11028.0
2020-02-19,2020-02-19,DMART,A,2388.0,2436.85,2373.85,2425.0,2365.3,7921,102083,245721170.0
2020-02-19,2020-02-19,KDLL,XT,16.4,16.41,16.37,16.41,16.09,16,65051,1066626.0
2020-02-19,2020-02-19,ONTIC,X,13.5,13.5,12.5,12.5,12.45,2,2,26.0
2020-02-19,2020-02-19,SMLT,M,15.0,15.0,15.0,15.0,15.0,1,8000,120000.0
2020-02-19,2020-02-19,MANOMAY,M,35.9,36.0,34.0,34.0,33.65,5,28000,998600.0
2020-02-19,2020-02-19,MAXIMUS,B,66.0,66.0,66.0,66.0,68.2,1,9000,594000.0
2020-02-19,2020-02-19,CLEDUCATE,B,69.85,69.95,68.0,68.1,67.85,39,211,14683.0
2020-02-19,2020-02-19,OCEANIC,B,49.3,53.2,46.7,53.2,49.2,11,414,20437.0
2020-02-19,2020-02-19,SHANKARA,A,488.0,512.85,470.1,483.0,488.45,1797,21004,10629547.0
2020-02-19,2020-02-19,STARLENT,M,31.7,32.1,31.0,32.1,30.7,4,20000,633500.0
2020-02-19,2020-02-19,SCHAND,T,69.0,72.0,68.05,72.0,71.3,20,661,46532.0
2020-02-19,2020-02-19,MEERA,M,68.25,68.25,68.25,68.25,61.5,1,1200,81900.0
2020-02-19,2020-02-19,IRBINVIT,IF,46.0,46.0,44.79,45.5,46.75,11,127500,5821675.0
2020-02-19,2020-02-19,HUDCO,A,34.0,34.35,33.6,34.0,33.8,319,61728,2099709.0
2020-02-19,2020-02-19,PSPPROJECT,B,520.9,521.35,518.0,520.3,520.1,57,532,276505.0
2020-02-19,2020-02-19,GKL,B,60.8,60.9,53.8,60.5,59.7,122,151235,9131393.0
2020-02-19,2020-02-19,YUG,M,19.5,20.7,19.5,20.7,20.5,2,8000,160800.0
2020-02-19,2020-02-19,AXISAEGPG,B,11.25,11.25,11.25,11.25,11.06,1,761,8561.0
2020-02-19,2020-02-19,INDIGRID,IF,98.75,100.0,98.75,99.6,97.2,13,23814,2373864.0
2020-02-19,2020-02-19,STARCEMENT,A,85.75,85.95,84.75,85.05,85.6,30,550,46957.0
2020-02-19,2020-02-19,RIDDHICORP,T,190.0,190.0,187.0,187.0,187.3,13,22,4144.0
2020-02-19,2020-02-19,HEOF1126RG,B,9.65,9.7,9.65,9.7,9.66,5,12500,120705.0
2020-02-19,2020-02-19,TEJASNET,A,68.25,68.85,66.0,67.0,67.3,548,12876,866966.0
2020-02-19,2020-02-19,ERIS,A,445.5,447.0,432.8,441.05,446.3,1987,18739,8225384.0
2020-02-19,2020-02-19,GTPL,B,69.45,69.85,68.35,69.0,71.0,120,1259,86910.0
2020-02-19,2020-02-19,AUBANK,A,1152.0,1201.9,1152.0,1167.15,1149.45,5573,451362,530048719.0
2020-02-19,2020-02-19,LOWVOLIETF,B,92.07,92.9,92.07,92.9,92.07,2,20,1849.0
2020-02-19,2020-02-19,GEL,M,45.8,46.0,45.8,45.9,46.05,2,6000,275400.0
2020-02-19,2020-02-19,GGENG,M,38.05,38.15,38.0,38.0,34.2,4,10000,380750.0
2020-02-19,2020-02-19,HEOF1100RG,B,9.31,9.31,9.31,9.31,9.48,1,1200,11172.0
2020-02-19,2020-02-19,SALASAR,B,121.0,123.25,120.7,122.85,118.85,314,3261,398509.0
2020-02-19,2020-02-19,GANGESSECU,B,33.8,35.0,33.8,34.65,34.8,16,70,2426.0
2020-02-19,2020-02-19,AVADHSUGAR,B,261.0,271.0,258.45,264.1,254.5,789,10943,2868995.0
2020-02-19,2020-02-19,MAGADSUGAR,B,131.0,132.45,128.65,129.0,127.45,45,2792,363040.0
2020-02-19,2020-02-19,SPTL,T,0.8,0.84,0.76,0.84,0.8,245,1542114,1208701.0
2020-02-19,2020-02-19,GSTL,B,65.0,74.9,54.6,57.85,64.0,62,11500,712671.0
2020-02-19,2020-02-19,NEXT50BETA,B,293.0,293.0,291.0,291.0,291.0,5,20,5822.0
2020-02-19,2020-02-19,SIS,A,586.55,600.75,578.0,579.75,585.95,245,2552,1515496.0
2020-02-19,2020-02-19,COCHINSHIP,A,346.75,348.35,341.55,347.55,342.8,538,5374,1857336.0
2020-02-19,2020-02-19,HALEOSLABS,B,255.45,260.45,250.75,254.6,247.0,9,96,24479.0
2020-02-19,2020-02-19,KIOCL,B,107.5,114.95,107.0,107.9,107.85,43,308,33492.0
2020-02-19,2020-02-19,CHOTHANI,M,6.54,6.97,6.54,6.97,7.49,2,20000,135100.0
2020-02-19,2020-02-19,SMRUTHIORG,X,95.0,109.9,95.0,109.9,98.0,17,194,19953.0
2020-02-19,2020-02-19,ABCAPITAL,A,88.9,90.1,88.5,89.05,88.55,1495,162331,14489231.0
2020-02-19,2020-02-19,APEX,B,363.0,366.45,350.9,354.3,362.05,1369,23420,8353316.0
2020-02-19,2020-02-19,ANG,M,42.65,42.65,42.65,42.65,40.0,1,1600,68240.0
2020-02-19,2020-02-19,KCDGROUP,XT,77.8,77.8,77.8,77.8,74.1,17,1400,108920.0
2020-02-19,2020-02-19,AMFL,B,21.5,21.5,20.9,20.9,21.3,30,25245,527898.0
2020-02-19,2020-02-19,DIXON,B,4530.0,4576.6,4450.0,4479.5,4503.9,1023,2460,11097273.0
2020-02-19,2020-02-19,BRNL,B,56.05,60.65,56.0,59.5,56.05,61,891,51064.0
2020-02-19,2020-02-19,DCAL,A,97.4,97.45,92.5,93.55,95.5,1650,62669,5956283.0
2020-02-19,2020-02-19,LASA,T,37.9,40.4,37.25,37.25,39.2,64,7347,278020.0
2020-02-19,2020-02-19,PROCLB,X,10.56,10.56,10.54,10.54,10.12,8,17,179.0
2020-02-19,2020-02-19,MATRIMONY,B,459.0,459.0,433.6,441.5,455.0,23,52,22993.0
2020-02-19,2020-02-19,RHFL,B,0.87,0.95,0.87,0.95,0.91,184,434240,404605.0
2020-02-19,2020-02-19,CAPACITE,B,176.6,178.65,175.05,176.05,176.1,381,3294,579916.0
2020-02-19,2020-02-19,ICICIGI,A,1343.0,1364.1,1342.5,1355.4,1338.7,576,19718,26743304.0
2020-02-19,2020-02-19,PQIF,X,22.0,22.0,21.0,21.0,22.0,8,200258,4405419.0
2020-02-19,2020-02-19,SBILIFE,A,916.3,942.0,916.3,938.85,916.0,1713,18068,16838135.0
2020-02-19,2020-02-19,DIAMONDYD,B,741.4,755.15,741.35,745.8,756.3,17,48,35832.0
2020-02-19,2020-02-19,SHAREINDIA,B,75.5,82.5,73.0,76.8,75.05,762,27424,2063693.0
2020-02-19,2020-02-19,TTFL,M,89.0,89.0,89.0,89.0,83.95,1,1000,89000.0
2020-02-19,2020-02-19,SAYAJIIND,X,118.45,118.45,117.6,117.6,117.5,8,126,14852.0
2020-02-19,2020-02-19,VANTABIO,M,114.95,114.95,114.8,114.8,118.4,2,1500,172312.0
2020-02-19,2020-02-19,IRIS,M,24.0,24.5,24.0,24.5,25.55,2,8000,194000.0
2020-02-19,2020-02-19,SGRL,M,74.0,77.5,74.0,77.5,73.6,4,6000,450900.0
2020-02-19,2020-02-19,GODREJAGRO,A,531.0,535.15,528.7,531.5,528.6,566,19064,10144724.0
2020-02-19,2020-02-19,MESCON,XT,6.2,6.2,5.89,5.9,6.2,5,251,1480.0
2020-02-19,2020-02-19,MASFIN,B,1033.6,1061.4,1019.8,1039.0,1018.15,1431,8833,9201025.0
2020-02-19,2020-02-19,IEX,A,186.0,187.6,179.2,186.05,185.9,592,21320,3920263.0
2020-02-19,2020-02-19,GICRE,A,209.0,226.5,209.0,217.15,207.75,2513,49219,10849840.0
2020-02-19,2020-02-19,SCPL,M,133.8,135.7,133.2,134.25,132.9,8,6400,857720.0
2020-02-19,2020-02-19,TIINDIA,A,490.6,497.0,489.55,494.8,487.55,188,1213,598152.0
2020-02-19,2020-02-19,NAM-INDIA,A,394.95,434.7,394.95,428.95,391.65,18359,581627,243635673.0
2020-02-19,2020-02-19,MAHLOG,A,402.0,403.0,392.2,396.6,400.4,150,727,290570.0
2020-02-19,2020-02-19,NIACL,A,130.05,138.1,130.05,133.05,129.75,1505,26458,3564156.0
2020-02-19,2020-02-19,IFGLEXPOR,B,158.5,162.0,153.65,154.1,157.75,10,305,49078.0
2020-02-19,2020-02-19,KHADIM,B,117.0,125.6,114.15,122.5,114.1,752,10306,1240171.0
2020-02-19,2020-02-19,5PAISA,B,185.4,190.2,184.4,184.4,185.8,3,3,560.0
2020-02-19,2020-02-19,HDFCLIFE,A,564.0,581.9,562.55,579.15,562.6,3232,88114,50443915.0
2020-02-19,2020-02-19,SBRANDS,M,9.35,9.35,9.35,9.35,9.84,1,1000,9350.0
2020-02-19,2020-02-19,ICICIB22,B,31.72,32.53,31.72,32.26,31.64,298,22702,730764.0
2020-02-19,2020-02-19,DNAMEDIA,T,0.34,0.34,0.34,0.34,0.35,2,16,5.0
2020-02-19,2020-02-19,HHOF1140RG,B,8.45,8.55,8.44,8.55,8.45,9,21660,183763.0
2020-02-19,2020-02-19,RATNABHUMI,M,109.5,110.0,108.0,108.0,109.35,27,86000,9410800.0
2020-02-19,2020-02-19,SHALBY,B,98.7,98.85,96.85,97.7,97.8,168,2666,262215.0
2020-02-19,2020-02-19,FSC,B,440.0,445.0,432.0,436.1,447.7,82,309,135015.0
2020-02-19,2020-02-19,DACEFRG,B,10.0,10.0,10.0,10.0,9.95,1,2500,25000.0
2020-02-19,2020-02-19,MRCAGRO,M,8.49,8.49,8.49,8.49,8.2,1,8000,67920.0
2020-02-19,2020-02-19,ASTRON,B,38.25,38.65,38.25,38.5,38.4,22,2460,94439.0
2020-02-19,2020-02-19,NCBFIVCG,B,6.01,6.01,6.01,6.01,6.63,2,1000,6010.0
2020-02-19,2020-02-19,IPRU3018,B,8.8,8.8,8.7,8.7,8.6,10,26500,231170.0
2020-02-19,2020-02-19,APOLLO,B,76.05,76.85,75.5,75.85,75.4,124,1958,148327.0
2020-02-19,2020-02-19,NEWGEN,B,199.25,200.0,196.45,197.9,200.0,235,2682,535935.0
2020-02-19,2020-02-19,AMBER,B,1573.65,1653.7,1565.0,1644.95,1554.75,1203,9460,15350584.0
2020-02-19,2020-02-19,GALAXYSURF,B,1630.0,1664.95,1606.6,1636.3,1618.7,557,1948,3173595.0
2020-02-19,2020-02-19,FSSPL,MT,2.4,2.4,2.2,2.2,2.31,3,12000,27200.0
2020-02-19,2020-02-19,IPRU3034,B,8.65,8.8,8.5,8.5,9.0,9,10000,86892.0
2020-02-19,2020-02-19,IWP,X,37.9,41.0,37.9,39.6,36.0,111,30406,1200498.0
2020-02-19,2020-02-19,TDSL,M,25.0,26.25,25.0,25.45,23.75,3,12000,305100.0
2020-02-19,2020-02-19,SHIVAMILLS,B,31.0,35.35,31.0,33.7,31.0,4,55,1785.0
2020-02-19,2020-02-19,ASTERDM,A,168.5,170.7,166.95,168.4,167.9,362,14023,2360704.0
2020-02-19,2020-02-19,YSL,XT,9025.0,9025.0,9025.0,9025.0,9000.0,1,5,45125.0
2020-02-19,2020-02-19,KANCOTEA,X,29.4,29.4,29.4,29.4,28.0,3,130,3822.0
2020-02-19,2020-02-19,ANGEL,M,3.92,3.96,3.92,3.96,3.6,12,68000,269120.0
2020-02-19,2020-02-19,HGINFRA,B,245.0,253.75,244.15,245.85,240.4,470,4558,1119750.0
2020-02-19,2020-02-19,AXISCBDPD,B,11.22,11.22,9.21,10.2,10.2,4,40,398.0
2020-02-19,2020-02-19,AXISCBGPG,B,9.98,9.98,9.95,9.96,9.95,7,5200,51787.0
2020-02-19,2020-02-19,ABSLRIF6RG,B,7.4,7.4,7.4,7.4,7.5,6,12000,88800.0
2020-02-19,2020-02-19,BPLPHARMA,XT,192.0,196.9,186.0,186.0,188.15,9,260,49376.0
2020-02-19,2020-02-19,LIQUIDETF,F,999.99,1000.01,999.99,1000.01,999.99,22,4395,4394970.0
2020-02-19,2020-02-19,BDL,B,275.3,305.35,273.75,292.75,268.6,4178,72005,21164556.0
2020-02-19,2020-02-19,BANDHANBNK,A,427.0,427.2,409.05,414.65,422.5,5781,152166,62995354.0
2020-02-19,2020-02-19,HAL,A,719.8,784.3,719.45,744.9,705.0,3222,23722,18061500.0
2020-02-19,2020-02-19,DHARAN,B,149.0,150.35,147.5,149.95,145.1,233,3696,551647.0
2020-02-19,2020-02-19,SANDHAR,B,268.25,268.25,263.35,264.55,269.0,64,194,51422.0
2020-02-19,2020-02-19,BENARA,M,29.0,31.5,29.0,29.85,30.35,2,6000,179000.0
2020-02-19,2020-02-19,ISEC,A,491.0,514.8,489.7,499.15,490.95,2484,53726,26968099.0
2020-02-19,2020-02-19,MIDHANI,B,219.25,226.85,215.2,217.6,219.1,4646,160952,35371494.0
2020-02-19,2020-02-19,LEMONTREE,A,59.0,60.6,59.0,59.9,59.0,310,51547,3082208.0
2020-02-19,2020-02-19,IPRU3081,F,9.8,9.8,9.35,9.35,9.6,3,4459,41736.0
2020-02-19,2020-02-19,CHEMFAB,B,170.0,170.0,167.5,167.5,164.05,4,116,19450.0
2020-02-19,2020-02-19,HARDWYN,M,19.05,19.05,19.05,19.05,18.95,1,5000,95250.0
2020-02-19,2020-02-19,ORIENTELEC,A,263.85,276.9,262.15,273.55,261.0,802,11940,3219670.0
2020-02-19,2020-02-19,AKSHAR,M,10.05,10.05,10.0,10.0,10.0,2,6000,60150.0
2020-02-19,2020-02-19,BSE500IETF,B,159.0,161.94,159.0,161.94,157.66,2,2,320.0
2020-02-19,2020-02-19,INDOSTAR,A,287.5,287.5,280.0,281.2,281.8,109,1934,544935.0
2020-02-19,2020-02-19,PARVATI,XT,1.15,1.23,1.13,1.13,1.18,8,3078,3583.0
2020-02-19,2020-02-19,INNOVATORS,M,30.0,30.05,29.0,29.45,31.5,7,11200,334240.0
2020-02-19,2020-02-19,ZIMLAB,X,64.95,65.0,56.0,63.75,62.95,13,321,19980.0
2020-02-19,2020-02-19,DOLLAR,B,149.2,154.15,149.2,150.85,151.6,33,85,12869.0
2020-02-19,2020-02-19,WAA,M,32.5,32.5,32.5,32.5,32.5,2,8000,260000.0
2020-02-19,2020-02-19,ADANIGREEN,A,194.2,198.75,191.95,197.85,189.3,4429,320101,63304879.0
2020-02-19,2020-02-19,UNICK,XT,19.9,21.8,19.9,21.8,20.85,3,1241,24697.0
2020-02-19,2020-02-19,SOLARA,B,663.85,663.85,625.0,641.7,646.8,904,4009,2614861.0
2020-02-19,2020-02-19,TALWGYM,B,1.15,1.15,1.15,1.15,1.21,20,38050,43757.0
2020-02-19,2020-02-19,GAYAHWS,T,0.33,0.35,0.33,0.35,0.34,3,3,1.0
2020-02-19,2020-02-19,RITES,A,313.7,323.45,313.7,320.75,313.1,4107,98377,31464594.0
2020-02-19,2020-02-19,FINEORG,B,2191.0,2288.8,2180.0,2234.6,2186.8,262,869,1951122.0
2020-02-19,2020-02-19,VARROC,A,396.0,413.0,396.0,404.3,401.65,143,1681,681216.0
2020-02-19,2020-02-19,GUJWIND,X,11.5,11.5,11.5,11.5,11.7,35,9702,111573.0
2020-02-19,2020-02-19,TCNSBRANDS,A,570.15,570.9,550.0,555.3,556.05,69,1159,655314.0
2020-02-19,2020-02-19,ASHNI,XT,6.25,6.25,6.25,6.25,6.57,1,25,156.0
2020-02-19,2020-02-19,IDFCEOS6RG,B,10.0,10.0,9.55,9.9,9.95,8,12000,117500.0
2020-02-19,2020-02-19,HDFCAMC,A,3258.95,3375.0,3237.45,3357.35,3220.35,5570,35654,119040602.0
2020-02-19,2020-02-19,TVF2G,B,9.05,9.05,9.05,9.05,8.84,1,15,135.0
2020-02-19,2020-02-19,CREDITACC,B,914.0,965.7,913.65,953.8,890.55,4697,41327,39224496.0
2020-02-19,2020-02-19,AMINTAN,XT,0.87,0.87,0.85,0.85,0.87,4,2166,1852.0
2020-02-19,2020-02-19,IPRU3168,B,9.5,9.5,9.5,9.5,9.85,1,500,4750.0
2020-02-19,2020-02-19,NEXT50IETF,B,28.53,28.99,28.53,28.82,28.5,5,443,12752.0
2020-02-19,2020-02-19,LIQUIDIETF,F,1000.0,1000.01,1000.0,1000.0,1000.0,5,1577,1577001.0
2020-02-19,2020-02-19,IRCON,B,561.0,598.8,558.5,587.95,555.7,12828,275494,160965186.0
2020-02-19,2020-02-19,SETFSN50,B,320.0,323.0,320.0,323.0,314.54,6,176,56832.0
2020-02-19,2020-02-19,MACH,M,82.0,85.0,79.0,84.5,75.0,6,18000,1507500.0
2020-02-19,2020-02-19,MANORAMA,M,448.0,488.0,448.0,485.75,439.0,18,10800,5175660.0
2020-02-19,2020-02-19,NIOSAG,B,9.7,9.7,9.7,9.7,9.5,4,3000,29100.0
2020-02-19,2020-02-19,AAVAS,A,1934.0,1989.0,1906.55,1957.35,1933.95,731,4239,8290630.0
2020-02-19,2020-02-19,GENERAAGRI,XT,1.35,1.35,1.35,1.35,1.3,1,1000,1350.0
2020-02-19,2020-02-19,GRSE,B,173.15,186.0,173.15,183.9,172.0,1787,23374,4227098.0
2020-02-19,2020-02-19,A1L,M,59.8,59.9,59.0,59.25,58.35,4,30000,1780900.0
2020-02-19,2020-02-19,DOLFIN,M,48.0,48.0,48.0,48.0,40.0,1,2000,96000.0
2020-02-19,2020-02-19,SUNRETAIL,M,23.5,27.45,22.5,25.0,25.0,5,15000,355350.0
2020-02-19,2020-02-19,BCPL,M,42.25,42.25,42.25,42.25,44.1,1,4000,169000.0
2020-02-19,2020-02-19,ATGL,A,165.9,166.3,163.85,164.3,164.1,4084,47236,7793597.0
2020-02-19,2020-02-19,PHOSPHATE,XT,71.4,71.4,71.4,71.4,71.5,1,1,71.0
2020-02-19,2020-02-19,NIFTYETF,B,122.0,123.2,122.0,123.1,120.6,5,84,10290.0
2020-02-19,2020-02-19,TECHNOE,B,292.45,300.95,291.0,299.95,294.65,59,1590,472766.0
2020-02-19,2020-02-19,RONI,M,33.0,33.0,33.0,33.0,33.0,1,6000,198000.0
2020-02-19,2020-02-19,IPRU3218,B,10.05,10.05,10.05,10.05,10.0,1,4000,40200.0
2020-02-19,2020-02-19,DALBHARAT,B,853.0,889.8,853.0,865.5,840.55,538,1713,1490257.0
2020-02-19,2020-02-19,ABSLNN50ET,B,286.5,288.84,286.5,288.84,284.27,2,2,575.0
2020-02-19,2020-02-19,NILASPACES,B,1.01,1.06,0.98,1.0,1.02,16,21153,21763.0
2020-02-19,2020-02-19,TREJHARA,B,8.16,8.48,8.11,8.2,8.98,145,3462,28315.0
2020-02-19,2020-02-19,DECCAN,M,59.0,59.0,57.0,58.3,59.3,16,21600,1256280.0
2020-02-19,2020-02-19,KPIGREEN,M,36.9,43.0,36.9,37.65,40.5,5,36800,1393280.0
2020-02-19,2020-02-19,RPSGVENT,B,295.0,295.45,289.3,293.95,295.25,119,956,280656.0
2020-02-19,2020-02-19,SPENCERS,B,79.95,84.9,78.85,83.05,78.95,1964,167917,13962441.0
2020-02-19,2020-02-19,GLOSTERLTD,X,583.5,606.55,583.5,598.1,584.25,20,335,200526.0
2020-02-19,2020-02-19,AARSHYAM,XT,9.55,9.55,9.55,9.55,10.0,1,8,76.0
2020-02-19,2020-02-19,RITCO,M,67.95,67.95,54.1,55.9,59.0,20,32000,1830160.0
2020-02-19,2020-02-19,CHALET,B,344.65,347.5,343.05,347.0,349.1,99,731,252956.0
2020-02-19,2020-02-19,ANUP,B,575.0,577.0,567.2,570.05,563.95,119,1853,1060234.0
2020-02-19,2020-02-19,ARVINDFASN,B,380.0,386.15,379.4,382.6,378.0,82,482,184121.0
2020-02-19,2020-02-19,HBEL,M,125.0,125.0,125.0,125.0,106.1,1,1000,125000.0
2020-02-19,2020-02-19,MSTCLTD,B,163.5,175.0,163.0,172.45,162.45,6724,148185,25106023.0
2020-02-19,2020-02-19,EMBASSY,IF,443.8,450.0,442.0,445.55,439.47,24,7400,3297566.0
2020-02-19,2020-02-19,CHANDNIMACH,X,2.62,2.62,2.62,2.62,2.5,3,18000,47160.0
2020-02-19,2020-02-19,NSL,M,23.0,23.0,23.0,23.0,23.0,1,18000,414000.0
2020-02-19,2020-02-19,CKFSL,B,0.35,0.35,0.35,0.35,0.36,12,71551,25042.0
2020-02-19,2020-02-19,RVNL,B,22.5,23.65,22.1,23.35,22.5,16761,868585,19937101.0
2020-02-19,2020-02-19,METROPOLIS,B,1827.0,1889.95,1815.1,1828.5,1826.8,1350,10630,19747557.0
2020-02-19,2020-02-19,KPITTECH,B,87.4,90.45,86.0,89.85,85.25,461,5105,446650.0
2020-02-19,2020-02-19,POLYCAB,B,1073.0,1087.2,1069.95,1077.7,1071.0,699,6589,7116490.0
2020-02-19,2020-02-19,VRFILMS,M,134.0,134.0,134.0,134.0,135.0,1,1000,134000.0
2020-02-19,2020-02-19,VIKASLIFE,B,2.6,2.66,2.47,2.51,2.6,81,506507,1265562.0
2020-02-19,2020-02-19,NEOGEN,B,490.0,529.9,477.1,494.2,477.1,1440,16407,8351832.0
2020-02-19,2020-02-19,BMW,X,17.5,17.5,17.5,17.5,17.5,1,14,245.0
2020-02-19,2020-02-19,AEPL,M,93.0,96.5,86.5,94.0,96.9,7,7000,651500.0
2020-02-19,2020-02-19,HARISH,X,26.6,32.0,26.45,28.15,29.15,56,4653,138872.0
2020-02-19,2020-02-19,SUICH,MT,11.4,11.4,11.35,11.35,10.95,3,4800,54640.0
2020-02-19,2020-02-19,PPL,B,57.2,57.2,55.65,56.0,57.7,63,1004,56601.0
2020-02-19,2020-02-19,DGCONTENT,T,4.7,4.7,4.7,4.7,4.48,3,125,587.0
2020-02-19,2020-02-19,ARL,M,35.0,35.0,35.0,35.0,37.1,1,4000,140000.0
2020-02-19,2020-02-19,MURAE,M,45.0,45.4,45.0,45.4,45.3,20,60000,2713650.0
2020-02-19,2020-02-19,SBC,M,31.5,31.5,31.45,31.5,31.6,6,36000,1133100.0
2020-02-19,2020-02-19,INDIAMART,B,2480.0,2550.0,2461.6,2528.65,2467.55,625,3472,8744042.0
2020-02-19,2020-02-19,DCMNVL,B,30.25,31.7,30.25,30.75,31.0,36,1050,32279.0
2020-02-19,2020-02-19,BANKIETF,B,309.0,309.65,308.56,308.56,307.83,3,3,927.0
2020-02-19,2020-02-19,SNXT50BEES,B,31.85,31.85,31.85,31.85,31.62,1,60,1911.0
2020-02-19,2020-02-19,AFFLE,B,2061.0,2296.0,2061.0,2266.65,2042.4,7400,59375,130297711.0
2020-02-19,2020-02-19,PVTBANIETF,B,168.0,168.85,168.0,168.85,166.1,4,7,1181.0
2020-02-19,2020-02-19,SPANDANA,B,1032.25,1051.0,1018.0,1041.55,1028.75,1059,10398,10843985.0
2020-02-19,2020-02-19,SWSOLAR,B,252.0,254.35,234.5,238.05,249.6,1380,28482,6902568.0
2020-02-19,2020-02-19,NOVATEOR,M,9.29,9.29,9.29,9.29,9.77,3,24000,222960.0
2020-02-19,2020-02-19,360ONE,B,1570.0,1658.55,1565.0,1619.35,1557.2,340,26508,41935743.0
2020-02-19,2020-02-19,IIFLCAPS,B,58.65,59.25,55.0,56.25,56.6,577,37690,2141159.0
2020-02-19,2020-02-19,MUFIN,B,18.0,18.0,15.5,16.9,15.75,36,10489,174586.0
2020-02-19,2020-02-19,FLUOROCHEM,B,550.45,554.95,550.45,552.0,560.1,10,35,19391.0
2020-02-19,2020-02-19,NIUSSP1C,F,12.71,12.71,12.71,12.71,12.71,1,34,432.0
2020-02-19,2020-02-19,IRCTC,B,1665.0,1872.7,1655.8,1830.65,1639.3,51627,981759,1734376878.0
2020-02-19,2020-02-19,NIEHSPD,B,4.49,4.49,4.49,4.49,4.98,8,2787,12513.0
2020-02-19,2020-02-19,NIEHSPG,B,5.87,5.87,4.81,4.93,5.34,22,1914,9464.0
2020-02-19,2020-02-19,GOBLIN,M,96.0,96.0,96.0,96.0,90.5,1,2000,192000.0
2020-02-19,2020-02-19,GENSOL,M,83.05,83.05,83.05,83.05,83.05,1,1600,132880.0
2020-02-19,2020-02-19,VISHWARAJ,B,78.5,78.5,74.35,74.65,75.9,16,6866,528302.0
2020-02-19,2020-02-19,GREENPANEL,B,54.75,55.0,54.5,55.0,53.7,66,4476,244925.0
2020-02-19,2020-02-19,SHAHLON,T,72.7,80.3,72.7,79.7,76.5,13,2960,231991.0
2020-02-19,2020-02-19,ANUROOP,M,11.4,13.0,11.4,11.41,11.4,8,80000,968600.0
2020-02-19,2020-02-19,CSBBANK,B,163.6,164.45,162.1,162.75,162.05,605,20929,3412459.0
2020-02-19,2020-02-19,UJJIVANSFB,B,53.1,53.7,52.9,53.1,52.8,1117,280122,14900273.0
2020-02-19,2020-02-19,HINDWAREAP,B,141.7,143.9,138.0,141.3,144.0,351,3408,478177.0
2020-02-19,2020-02-19,PRINCEPIPE,B,186.6,188.35,181.6,182.3,185.55,882,32844,6053031.0
2020-02-19,2020-02-19,EBBETF0423,F,1021.0,1021.0,1021.0,1021.0,1020.0,1,74,75554.0
2020-02-19,2020-02-19,EBBETF0430,F,1034.0,1034.0,1034.0,1034.0,1036.0,1,25,25850.0
2020-02-19,2020-02-19,GIANLIFE,M,22.0,22.0,18.0,21.8,18.5,5,42000,874800.0
2020-02-19,2020-02-19,ARTEMISMED,B,206.0,234.4,206.0,234.4,228.0,6,57,12203.0
2020-02-19,2020-02-19,SUMICHEM,B,249.75,260.35,244.25,253.15,247.3,3063,92594,23564067.0
2020-02-19,2020-02-19,MIDCAPIETF,B,66.0,66.0,66.0,66.0,66.01,2,74,4884.0
2020-02-19,2020-02-19,TRANWAY21,MS,19.82,19.82,16.22,16.22,18.02,11,120000,2072400.0
2020-02-19,2020-02-19,BIRLATYRES,T,9.75,9.75,9.75,9.75,10.25,58,18958,184840.0
2020-02-19,2020-02-19,UNIVPHOTO,T,65.95,65.95,65.95,65.95,62.85,3,502,33106.0
2020-02-19,2020-02-19,CBPL,MT,45.55,45.55,45.3,45.3,47.65,21,50000,2265600.0
2020-02-19,2020-02-19,ICLORGANIC,MT,21.7,22.8,21.7,22.8,21.8,2,12000,267000.0
2020-02-19,2020-02-19,SENSEXIETF,B,439.0,440.95,439.0,439.0,436.51,25,1035,455118.0
2020-02-19,2020-02-19,TATAMTRDVR,A,66.8,67.5,62.7,63.9,66.45,1531,451515,29002292.0
2020-02-19,2020-02-19,FELDVR,B,21.3,21.95,21.1,21.65,21.4,19,1763,37342.0
2020-02-19,2020-02-19,JISLDVREQS,B,5.62,5.67,5.3,5.63,5.58,65,6618,36040.0
2020-02-19,2020-02-19,GATECHDVR,B,0.19,0.19,0.19,0.19,0.19,3,411,78.0
2020-02-19,2020-02-19,STANCHART,B,52.8,54.7,52.55,53.75,50.45,55,1175,62521.0
2020-02-19,2020-02-19,KARURVYSYA,B,47.45,49.2,47.45,48.9,47.5,294,17298,838229.0
2020-02-19,2020-02-19,VEEDOL,B,4949.0,4949.0,4800.0,4821.45,4865.0,81,193,932914.0
2020-02-19,2020-02-19,AMRUTANJAN,B,494.3,524.0,493.2,507.3,486.9,1601,16253,8317311.0
2020-02-19,2020-02-19,XPROINDIA,B,23.75,23.85,22.7,22.7,24.95,10,504,11444.0
2020-02-19,2020-02-19,HISARMETAL,B,59.15,63.45,59.15,60.05,60.0,40,3737,227640.0
2020-02-19,2020-02-19,BHARATRAS,B,7445.0,7920.0,7371.85,7724.0,7217.0,485,1866,14166600.0
2020-02-19,2020-02-19,EASTSILK,T,1.07,1.07,1.07,1.07,1.12,6,2100,2247.0
2020-02-19,2020-02-19,FACT,B,35.3,36.8,35.2,36.55,35.2,144,19755,712258.0
2020-02-19,2020-02-19,GINNIFILA,B,7.82,8.79,7.82,8.09,7.8,28,8183,67094.0
2020-02-19,2020-02-19,SPIC,B,17.7,17.85,17.2,17.2,17.45,117,40897,721974.0
2020-02-19,2020-02-19,DENORA,B,213.5,216.1,210.7,214.6,212.45,166,2081,445523.0
2020-02-19,2020-02-19,KAVDEFENCE,T,2.0,2.0,2.0,2.0,2.1,1,55,110.0
2020-02-19,2020-02-19,HARITASEAT,B,485.05,485.3,475.0,482.8,489.15,30,126,60700.0
2020-02-19,2020-02-19,SAKSOFT,B,204.45,204.45,202.1,202.75,201.55,5,24,4892.0
2020-02-19,2020-02-19,SALONA,B,72.4,72.4,72.4,72.4,70.0,1,1,72.0
2020-02-19,2020-02-19,ANDHRSUGAR,B,285.05,285.05,274.25,276.2,278.85,144,1011,282770.0
2020-02-19,2020-02-19,IMPAL,B,570.0,571.0,570.0,571.0,560.95,2,2,1141.0
2020-02-19,2020-02-19,KCP,B,61.5,61.9,60.6,61.25,60.25,209,8623,527638.0
2020-02-19,2020-02-19,KHAITANLTD,T,20.45,20.45,20.4,20.4,20.45,2,2,40.0
2020-02-19,2020-02-19,SUNDARMFIN,B,1635.1,1646.65,1605.0,1636.15,1627.0,228,1400,2278201.0
2020-02-19,2020-02-19,SUNDRMBRAK,B,324.95,324.95,298.65,300.0,297.6,9,12,3713.0
2020-02-19,2020-02-19,WHEELS,B,568.0,602.0,567.0,598.75,565.9,77,547,323106.0
2020-02-19,2020-02-19,LAMBODHARA,B,32.85,32.85,32.1,32.2,33.25,12,173,5652.0
2020-02-19,2020-02-19,MAITHANALL,B,574.95,590.9,572.25,573.2,565.05,359,1759,1020192.0
2020-02-19,2020-02-19,ORISSAMINE,B,2313.95,2370.05,2241.0,2298.25,2293.3,2573,8166,18797729.0
2020-02-19,2020-02-19,GOLDBEES,E,36.34,36.74,36.34,36.72,36.15,174,56126,2049085.0
2020-02-19,2020-02-19,LIQUIDBEES,F,1000.0,1000.01,999.32,1000.0,1000.01,267,188559,188560317.0
2020-02-19,2020-02-19,GOLD1,E,363.0,366.4,363.0,366.4,361.45,37,298,108763.0
2020-02-19,2020-02-19,SETFGOLD,E,3710.1,3738.46,3710.1,3738.32,3699.06,28,83,309832.0
2020-02-19,2020-02-19,QGOLDHALF,E,1805.0,1823.0,1805.0,1822.03,1796.0,137,478,867819.0
2020-02-19,2020-02-19,GOLDBETA,E,3645.0,3689.9,3645.0,3689.9,3628.0,13,32,117095.0
2020-02-19,2020-02-19,NIFTYBEES,B,128.0,128.63,127.82,128.52,127.23,310,6202,795129.0
2020-02-19,2020-02-19,JUNIORBEES,B,293.0,298.32,293.0,298.02,291.85,189,3475,1026189.0
2020-02-19,2020-02-19,BANKBEES,B,312.0,314.7,312.0,313.13,311.38,58,8592,2690092.0
2020-02-19,2020-02-19,PSUBANK,B,211.0,212.5,210.25,212.5,211.28,25,183,38836.0
2020-02-19,2020-02-19,PSUBNKBEES,B,23.57,23.73,23.49,23.71,23.54,5,527,12490.0
2020-02-19,2020-02-19,MOM50,B,118.0,119.57,118.0,119.55,116.41,4,4,475.0
2020-02-19,2020-02-19,ASHIKACR,X,34.5,34.85,33.0,34.85,33.65,110,43131,1489096.0
2020-02-19,2020-02-19,MADRASFERT,B,16.65,17.05,16.55,16.85,16.6,28,3175,53112.0
2020-02-19,2020-02-19,895LTFHL21,F,107.0,107.0,105.55,105.55,105.62,4,1100,116320.0
2020-02-19,2020-02-19,JSWNCPS,F,1.24,1.24,1.24,1.24,1.24,6,2774,3439.0
2020-02-19,2020-02-19,ZEENCPS,F,5.56,5.6,5.56,5.59,5.56,19,1025713,5733645.0
2020-02-19,2020-02-19,SGB2016I,G,3801.1,3801.1,3801.1,3801.1,3885.0,3,20,76022.0
2020-02-19,2020-02-19,SGBNOV24,G,3840.55,3840.55,3840.55,3840.55,3802.28,1,4,15362.0
2020-02-19,2020-02-19,SGBMAR25,G,3802.29,3802.29,3802.2,3802.21,3730.61,3,10,38022.0
2020-02-19,2020-02-19,SGBJUL25,G,3850.0,3876.95,3850.0,3871.56,3848.99,5,70,270039.0
2020-02-19,2020-02-19,SGBJUL27,G,3850.0,3850.0,3780.0,3850.0,3718.0,9,330,1268500.0
2020-02-19,2020-02-19,SGBOCT27VI,G,3999.0,3999.0,3999.0,3999.0,3836.0,1,1,3999.0
2020-02-19,2020-02-19,TATASTEELPP,A,52.85,52.85,51.55,51.7,51.9,129,35868,1869859.0
2020-02-19,2020-02-19,IBVENTUREPP,B,79.9,89.2,79.9,85.2,76.55,491,65928,5639731.0
2020-02-19,2020-02-19,0STFC20VI,F,2020.0,2020.0,2006.0,2006.01,2035.0,16,1010,2028931.0
2020-02-19,2020-02-19,IIFLHFL202,F,1002.02,1002.02,1000.0,1000.0,1003.24,2,165,165292.0
2020-02-19,2020-02-19,IFLHFL2020,F,2050.0,2050.0,2050.0,2050.0,1881.0,1,1,2050.0
2020-02-19,2020-02-19,1015STFC21,F,1070.0,1073.0,1070.0,1070.0,1070.0,7,215,230283.0
2020-02-19,2020-02-19,0STFC2021,F,1851.01,1851.01,1851.01,1851.01,1867.0,1,10,18510.0
2020-02-19,2020-02-19,1225MFL20K,F,1821.0,1821.0,1821.0,1821.0,1851.0,1,100,182100.0
2020-02-19,2020-02-19,13KFL2020F,F,992.0,992.0,992.0,992.0,1001.0,2,200,198400.0
2020-02-19,2020-02-19,99IFCI24,F,1000.0,1000.0,980.0,980.0,990.0,2,10,9900.0
2020-02-19,2020-02-19,94IFCI25,F,949.0,949.0,949.0,949.0,945.0,3,500,474500.0
2020-02-19,2020-02-19,849NTPC25,F,13.9,14.1,13.9,14.09,14.06,33,3933,55216.0
2020-02-19,2020-02-19,0MFL2022K,F,1605.0,1605.0,1605.0,1605.0,1684.7,1,100,160500.0
2020-02-19,2020-02-19,1025SREI20,F,990.0,1000.0,990.0,1000.0,998.42,3,99,98740.0
2020-02-19,2020-02-19,ZCSREI20,F,1580.0,1580.0,1540.0,1567.33,1570.0,4,64,100410.0
2020-02-19,2020-02-19,760PFCL35,F,1245.0,1245.0,1245.0,1245.0,1173.1,1,15,18675.0
2020-02-19,2020-02-19,714REC25,F,1070.0,1070.0,1070.0,1070.0,1070.0,1,26,27820.0
2020-02-19,2020-02-19,732IRFC25,F,1095.0,1104.0,1095.0,1096.0,1090.0,5,221,242199.0
2020-02-19,2020-02-19,753IRFC30,F,1167.0,1167.0,1167.0,1167.0,1170.0,1,1000,1167000.0
2020-02-19,2020-02-19,76NHAI31,F,1218.0,1218.0,1218.0,1218.0,1225.0,2,1000,1218000.0
2020-02-19,2020-02-19,753IREDA26,F,1102.0,1102.0,1101.0,1101.0,1100.0,4,140,154260.0
2020-02-19,2020-02-19,774IREDA31,F,1165.0,1165.0,1165.0,1165.0,1165.0,3,405,471825.0
2020-02-19,2020-02-19,764HUDCO31,F,1162.0,1162.0,1155.0,1160.0,1162.1,12,201,233040.0
2020-02-19,2020-02-19,729HUDCO26,F,1067.5,1067.5,1067.3,1067.3,1067.3,2,104,111009.0
2020-02-19,2020-02-19,769HUDCO31,F,1167.0,1172.0,1167.0,1172.0,1170.0,9,954,1116828.0
2020-02-19,2020-02-19,764IRFC31,F,1175.1,1188.9,1175.1,1188.9,1184.95,2,2,2364.0
2020-02-19,2020-02-19,764NABAR31,F,1225.0,1227.0,1225.0,1226.0,1224.0,9,55,67415.0
2020-02-19,2020-02-19,9MMFSL26,F,1083.98,1092.0,1083.98,1092.0,1080.0,3,90,98047.0
2020-02-19,2020-02-19,957NIDO26,F,855.0,855.0,855.0,855.0,850.1,1,10,8550.0
2020-02-19,2020-02-19,10NIDO26,F,948.0,948.0,948.0,948.0,930.0,1,15000,14220000.0
2020-02-19,2020-02-19,893DHFL26B,F,231.0,231.0,231.0,231.0,206.9,2,55,12705.0
2020-02-19,2020-02-19,925DHFL21B,F,240.0,240.0,240.0,240.0,250.0,1,1,240.0
2020-02-19,2020-02-19,0DHFL21B,F,431.0,431.0,431.0,431.0,360.0,1,10,4310.0
2020-02-19,2020-02-19,925DHFL23B,F,235.0,235.0,230.0,234.0,230.05,5,260,60504.0
2020-02-19,2020-02-19,865SCL26,F,883.0,883.0,883.0,883.0,879.8,1,60,52980.0
2020-02-19,2020-02-19,9SCL26BA,F,727.8,728.0,727.8,727.9,718.8,4,100,72790.0
2020-02-19,2020-02-19,960SIFL21,F,954.0,954.0,920.0,920.0,934.0,2,100,93700.0
2020-02-19,2020-02-19,905RHFL22B,F,202.0,202.0,201.97,202.0,169.0,4,51,10301.0
2020-02-19,2020-02-19,915RHFL27B,F,150.0,150.0,150.0,150.0,125.0,1,4,600.0
2020-02-19,2020-02-19,940RHFL32B,F,223.68,223.68,223.68,223.68,279.6,1,50,11184.0
2020-02-19,2020-02-19,935SEFL22B,F,849.0,850.0,771.0,808.13,850.0,17,446,355520.0
2020-02-19,2020-02-19,975SEFL22B,F,865.0,891.0,865.0,874.67,872.1,20,915,799171.0
2020-02-19,2020-02-19,805MMFS32,F,1175.0,1175.0,1175.0,1175.0,1164.68,1,29,34075.0
2020-02-19,2020-02-19,912SIFL22,F,835.02,835.02,835.0,835.0,939.0,5,60,50100.0
2020-02-19,2020-02-19,950SIFL22,F,875.0,875.0,875.0,875.0,855.01,2,50,43750.0
2020-02-19,2020-02-19,850MFL20,F,987.0,990.0,977.72,980.17,987.0,9,425,417691.0
2020-02-19,2020-02-19,875MFL22,F,985.0,989.0,985.0,988.56,985.0,12,186,183893.0
2020-02-19,2020-02-19,0MFL20,F,1242.01,1242.01,1242.01,1242.01,1246.94,1,1500,1863015.0
2020-02-19,2020-02-19,800MMFSL27,F,975.0,975.0,975.0,975.0,965.01,1,3,2925.0
2020-02-19,2020-02-19,930SEFL22,F,825.0,825.0,825.0,825.0,850.0,5,83,68475.0
2020-02-19,2020-02-19,0SEFL22,F,907.0,907.0,897.0,897.2,999.0,2,50,44860.0
2020-02-19,2020-02-19,950SEFL27,F,820.0,820.0,801.0,801.0,800.0,2,100,81050.0
2020-02-19,2020-02-19,0KFL22B,F,1135.0,1135.01,1135.0,1135.01,1080.0,8,800,908006.0
2020-02-19,2020-02-19,875ERFL21,F,1003.0,1003.0,1003.0,1003.0,1000.1,1,100,100300.0
2020-02-19,2020-02-19,875MFL23,F,975.49,975.49,975.49,975.49,972.0,1,50,48774.0
2020-02-19,2020-02-19,875MFL21A,F,1040.0,1040.0,1040.0,1040.0,1052.0,1,299,310960.0
2020-02-19,2020-02-19,0MFL21A,F,1110.05,1110.05,1110.05,1110.05,1112.0,1,20,22201.0
2020-02-19,2020-02-19,0MFL23,F,1112.3,1112.3,1112.3,1112.3,1135.0,1,1,1112.0
2020-02-19,2020-02-19,875SEFL21,F,880.0,880.0,880.0,880.0,850.0,1,10,8800.0
2020-02-19,2020-02-19,92SEFL28,F,830.0,830.0,830.0,830.0,830.0,2,183,151890.0
2020-02-19,2020-02-19,89DHFL21,F,250.0,250.0,243.0,243.0,235.0,2,30,7360.0
2020-02-19,2020-02-19,9DHFL23,F,192.52,192.52,192.5,192.51,177.0,3,125,24063.0
2020-02-19,2020-02-19,911JMFCSL23,F,958.0,958.0,958.0,958.0,945.0,2,13,12454.0
2020-02-19,2020-02-19,975JMFCS28,F,960.0,962.5,955.05,955.05,967.0,13,417,398847.0
2020-02-19,2020-02-19,893STFCL23,F,1000.99,1000.99,990.01,999.05,1001.0,5,87,86955.0
2020-02-19,2020-02-19,903SFL28,F,1001.0,1001.1,1000.5,1000.5,1001.0,4,56,56056.0
2020-02-19,2020-02-19,94SFL28,F,1049.9,1049.9,1049.9,1049.9,1015.72,1,25,26247.0
2020-02-19,2020-02-19,0STFCL21F,F,1141.25,1141.25,1141.25,1141.25,1141.25,1,25,28531.0
2020-02-19,2020-02-19,0STFCL23,F,1144.75,1144.75,1144.75,1144.75,1144.75,1,25,28618.0
2020-02-19,2020-02-19,945EFL21,F,950.01,950.01,950.01,950.01,960.0,1,1,950.0
2020-02-19,2020-02-19,925EFL23,F,902.0,910.0,902.0,910.0,902.0,4,111,100130.0
2020-02-19,2020-02-19,965EFL23,F,908.0,908.0,908.0,908.0,906.0,5,45,40860.0
2020-02-19,2020-02-19,880TCFSL21,F,1040.0,1040.0,1036.8,1036.8,1037.65,6,402,417315.0
2020-02-19,2020-02-19,890TCFSL23,F,1046.5,1046.5,1046.25,1046.25,1049.49,2,100,104631.0
2020-02-19,2020-02-19,910TCAP28,F,1067.0,1067.0,1067.0,1067.0,1062.0,1,200,213400.0
2020-02-19,2020-02-19,AHFL29SEP18,F,1085.01,1085.01,1085.01,1085.01,1085.0,1,10,10850.0
2020-02-19,2020-02-19,912STFCL23,F,999.95,999.95,999.0,999.0,1000.0,2,49,48974.0
2020-02-19,2020-02-19,940STFCL21,F,1026.4,1026.4,1026.4,1026.4,1026.4,1,25,25660.0
2020-02-19,2020-02-19,950STFCL23,F,1026.7,1026.7,1026.7,1026.7,1009.0,1,25,25667.0
2020-02-19,2020-02-19,97SFL28,F,1027.3,1027.3,1027.3,1027.3,1027.3,2,25,25682.0
2020-02-19,2020-02-19,STFCL21118,F,1116.0,1117.55,1116.0,1117.55,1116.5,3,25,27915.0
2020-02-19,2020-02-19,STFCL21118A,F,1118.85,1118.85,1118.85,1118.85,1118.85,1,25,27971.0
2020-02-19,2020-02-19,10MFL21A,F,1015.0,1025.0,1015.0,1025.0,1020.0,3,25,25575.0
2020-02-19,2020-02-19,1040MFL23,F,1030.0,1030.0,1030.0,1030.0,1025.0,1,20,20600.0
2020-02-19,2020-02-19,MFL29NOV18A,F,1116.05,1116.05,1116.0,1116.0,1120.0,2,100,111604.0
2020-02-19,2020-02-19,MFL25,F,1090.0,1090.0,1090.0,1090.0,1100.0,1,10,10900.0
2020-02-19,2020-02-19,10JMFCSL22,F,981.1,981.1,981.1,981.1,988.0,2,75,73582.0
2020-02-19,2020-02-19,0JMFCSL22,F,1040.0,1040.0,1040.0,1040.0,1040.0,2,39,40560.0
2020-02-19,2020-02-19,101JMFCSL23,F,973.0,973.0,922.0,922.0,980.0,3,200,190279.0
2020-02-19,2020-02-19,981JMFCS28,F,980.0,985.0,980.0,980.0,980.0,5,150,147150.0
2020-02-19,2020-02-19,1020EFL22,F,969.99,970.0,969.99,970.0,955.0,2,50,48499.0
2020-02-19,2020-02-19,EFL4JAN19,F,1000.0,1034.5,1000.0,1005.0,1050.0,6,1101,1120348.0
2020-02-19,2020-02-19,1040EFL24,F,900.0,900.0,900.0,900.0,906.04,1,19,17100.0
2020-02-19,2020-02-19,1015ECL29,F,950.0,957.4,950.0,955.0,952.06,12,357,340175.0
2020-02-19,2020-02-19,1060ECL29,F,882.0,882.0,880.0,880.0,901.0,3,300,264200.0
2020-02-19,2020-02-19,905MMFSL22,F,1080.0,1085.0,1080.0,1085.0,1084.19,2,5,5405.0
2020-02-19,2020-02-19,981SEFL22,F,930.0,930.0,930.0,930.0,900.02,1,10,9300.0
2020-02-19,2020-02-19,1025SEFL22,F,925.0,925.0,925.0,925.0,925.0,1,6,5550.0
2020-02-19,2020-02-19,1005SEFL24,F,830.5,945.0,830.5,840.0,935.0,3,16,13497.0
2020-02-19,2020-02-19,912STFCL24,F,999.0,999.0,998.0,999.0,999.0,9,372,371594.0
2020-02-19,2020-02-19,957ICCL25,F,999.95,999.95,999.95,999.95,999.95,1,25,24998.0
2020-02-19,2020-02-19,94STFCL22,F,1003.7,1003.7,1003.7,1003.7,1003.7,1,25,25092.0
2020-02-19,2020-02-19,95SFL24,F,1003.75,1003.75,1003.75,1003.75,1003.0,1,25,25093.0
2020-02-19,2020-02-19,97SFL29,F,1003.85,1003.85,1003.85,1003.85,1003.85,1,25,25096.0
2020-02-19,2020-02-19,0STFCL22A,F,1092.85,1092.85,1071.0,1071.82,1060.2,3,90,96989.0
2020-02-19,2020-02-19,SFL24,F,1093.9,1093.9,1093.9,1093.9,1093.4,1,25,27347.0
2020-02-19,2020-02-19,935MFL22,F,990.05,990.05,990.05,990.05,987.0,1,10,9900.0
2020-02-19,2020-02-19,0MFL22,F,1060.0,1060.0,1060.0,1060.0,1061.42,1,10,10600.0
2020-02-19,2020-02-19,0MFL24,F,1061.0,1061.0,1061.0,1061.0,1061.0,1,4,4244.0
2020-02-19,2020-02-19,1040ICFL22,F,950.0,950.0,950.0,950.0,900.0,1,5,4750.0
2020-02-19,2020-02-19,925LTFH24,F,1107.84,1107.84,1105.01,1105.01,1110.0,2,14,15487.0
2020-02-19,2020-02-19,889LTFH24,F,1045.0,1047.0,1045.0,1047.0,1046.0,3,29,30343.0
2020-02-19,2020-02-19,935LTF29,F,1113.01,1125.0,1113.01,1122.1,1125.0,5,80,89342.0
2020-02-19,2020-02-19,925MFL21A,F,987.0,990.0,972.1,972.1,981.01,4,80,78871.0
2020-02-19,2020-02-19,950MFL21A,F,1075.0,1075.0,1060.0,1074.4,1075.0,3,84,90270.0
2020-02-19,2020-02-19,0MFL22A,F,1072.0,1072.0,1072.0,1072.0,1072.0,2,20,21440.0
2020-02-19,2020-02-19,89LTFL22,F,1074.0,1074.0,1074.0,1074.0,1069.31,1,75,80550.0
2020-02-19,2020-02-19,905LTF27,F,1094.0,1095.0,1094.0,1095.0,1094.0,2,126,137870.0
2020-02-19,2020-02-19,87LTF27,F,1010.0,1010.0,1010.0,1010.0,1044.0,1,56,56560.0
2020-02-19,2020-02-19,926SCUF22,F,976.0,990.0,976.0,990.0,976.0,4,35,34410.0
2020-02-19,2020-02-19,0SCUF22,F,1045.0,1045.0,1045.0,1045.0,1065.0,1,20,20900.0
2020-02-19,2020-02-19,SFLZC24C,F,1045.25,1045.25,1045.25,1045.25,1047.26,1,20,20905.0
2020-02-19,2020-02-19,1005SIFL22,F,995.0,1000.0,995.0,1000.0,960.0,5,100,99900.0
2020-02-19,2020-02-19,1025SIFL24,F,930.0,931.0,930.0,930.0,896.0,3,18,16742.0
2020-02-19,2020-02-19,SFL24,F,945.0,945.0,945.0,945.0,838.0,1,5,4725.0
2020-02-19,2020-02-19,990JMFPL21,F,1049.0,1049.0,1040.0,1049.0,1010.0,4,49,51113.0
2020-02-19,2020-02-19,1020JMFPL22,F,1050.0,1050.0,1050.0,1050.0,1050.0,1,10,10500.0
2020-02-19,2020-02-19,0JMFPL22A,F,977.0,977.0,972.0,972.0,913.0,2,30,29200.0
2020-02-19,2020-02-19,1004JMFPL24,F,997.0,997.0,991.0,991.0,991.02,6,91,90365.0
2020-02-19,2020-02-19,1050JMFPL24,F,1020.0,1020.0,1005.0,1017.17,1006.0,6,250,254292.0
2020-02-19,2020-02-19,99EFL21,F,970.25,971.1,970.25,971.1,1031.5,6,500,485286.0
2020-02-19,2020-02-19,0EFL22,F,910.0,910.0,910.0,910.0,975.6,1,40,36400.0
2020-02-19,2020-02-19,995ECL24B,F,920.0,920.0,915.0,915.0,931.14,6,170,155600.0
2020-02-19,2020-02-19,104ECL24A,F,935.0,935.0,935.0,935.0,1000.0,1,10,9350.0
2020-02-19,2020-02-19,995ECL29A,F,915.0,915.0,915.0,915.0,912.0,3,4,3660.0
2020-02-19,2020-02-19,925MFL21B,F,1001.0,1001.0,981.0,985.96,991.11,25,176,174410.0
2020-02-19,2020-02-19,95MFL22,F,980.0,994.9,980.0,994.9,992.0,13,256,253383.0
2020-02-19,2020-02-19,975MFL24AA,F,992.2,1005.0,992.0,1005.0,995.0,6,510,507905.0
2020-02-19,2020-02-19,912STF23,F,999.95,999.95,999.95,999.95,999.95,1,25,24998.0
2020-02-19,2020-02-19,93STF22,F,1043.35,1043.35,1043.35,1043.35,1043.35,1,25,26083.0
2020-02-19,2020-02-19,97SFL26,F,1045.35,1045.35,1000.0,1007.6,1041.7,7,100,101703.0
2020-02-19,2020-02-19,SFLZC26A,F,1045.35,1045.35,956.0,956.0,1041.7,2,30,30913.0
2020-02-19,2020-02-19,845TCFS22,F,1036.0,1036.0,1036.0,1036.0,1037.0,1,1,1036.0
2020-02-19,2020-02-19,985IIFL22,F,990.0,992.0,990.0,992.0,985.0,2,200,198200.0
2020-02-19,2020-02-19,0MMFL21A,F,1012.0,1012.0,1012.0,1012.0,1022.0,1,20,20240.0
2020-02-19,2020-02-19,10MMFL21,F,901.1,925.0,901.1,925.0,960.0,3,20,18261.0
2020-02-19,2020-02-19,955SCUF21A,F,1002.05,1002.05,1002.0,1002.0,1002.05,2,25,25050.0
2020-02-19,2020-02-19,0SCUF22A,F,1006.0,1008.9,932.4,1007.42,1005.86,6,80,78167.0
2020-02-19,2020-02-19,BILNCD,F,31.7,31.95,31.7,31.84,31.91,27,6571,208836.0
2020-02-19,2020-02-19,9MFL20,F,985.0,985.0,980.02,980.02,970.02,2,50,49100.0
2020-02-19,2020-02-19,925MFL20,F,1007.19,1015.9,1006.4,1015.0,1014.0,8,820,830589.0
2020-02-19,2020-02-19,975MFL24B,F,1004.0,1004.0,1003.0,1003.0,998.02,2,100,100315.0
2020-02-19,2020-02-19,95MFL21D,F,980.05,980.05,980.05,980.05,980.05,2,10,9800.0
2020-02-19,2020-02-19,975MHFL22,F,970.0,979.0,970.0,970.0,978.0,9,515,499595.0
2020-02-19,2020-02-19,0MHFL22,F,990.0,990.0,965.0,965.0,961.13,2,60,59150.0
2020-02-19,2020-02-19,99ECL21,F,936.0,965.0,936.0,965.0,974.0,2,9,8540.0
2020-02-19,2020-02-19,0ECL21,F,950.0,950.0,950.0,950.0,970.0,1,5,4750.0
2020-02-19,2020-02-19,102ECL23,F,936.0,936.0,936.0,936.0,936.0,1,20,18720.0
2020-02-19,2020-02-19,0ECL23,F,840.01,840.01,840.01,840.01,830.0,1,50,42000.0
2020-02-19,2020-02-19,995ECL24,F,997.2,997.2,910.0,927.58,926.0,21,115,106818.0
2020-02-19,2020-02-19,104ECL24,F,920.0,954.0,901.0,940.0,950.0,15,245,227329.0
2020-02-19,2020-02-19,845LTFL22,F,1010.0,1014.9,1009.0,1013.77,1008.15,8,180,182020.0
2020-02-19,2020-02-19,829LTF24,F,1034.0,1034.0,1034.0,1034.0,1020.0,1,1,1034.0
2020-02-19,2020-02-19,865LTF26,F,1032.0,1032.0,1032.0,1032.0,1035.0,2,300,309600.0
2020-02-19,2020-02-19,95MFL23A,F,965.01,990.0,965.0,987.5,0.0,7,140,136015.0
2020-02-19,2020-02-19,975MFL24BB,F,1010.0,1010.0,1010.0,1010.0,1004.6,3,30,30300.0
2020-02-19,2020-02-19,81TCHF28,F,1008.0,1008.0,1008.0,1008.0,1007.0,1,70,70560.0
2020-02-19,2020-02-19,9SFL25A,F,1030.0,1030.0,952.0,952.0,0.0,2,201,191430.0
2020-02-19,2020-02-19,97EFIL21,F,958.0,959.0,958.0,959.0,950.0,3,58,55573.0
2020-02-19,2020-02-19,98NWFL25,F,924.0,926.0,924.0,926.0,922.0,10,134,123937.0
2020-02-19,2020-02-19,9MFL21,F,985.0,985.0,975.0,975.0,975.0,11,358,350371.0
2020-02-19,2020-02-19,0MFL21CC,F,999.0,1005.0,999.0,1000.0,1000.0,3,640,640060.0
2020-02-19,2020-02-19,MFLZC25A,F,995.0,1005.5,995.0,1005.5,995.0,2,425,426287.0
2020-02-19,2020-02-19,TATA18MAR11,F,1092500.0,1092500.0,1092500.0,1092500.0,1088000.0,1,1,1092500.0
2020-02-19,2020-02-19,872PFCL22A,F,9400.5,9400.5,9400.5,9400.5,9400.0,2,2,18801.0
2020-02-19,2020-02-19,915PNBPER,F,1011944.0,1011944.0,1011944.0,1011944.0,1005000.0,3,4,4047776.0
2020-02-19,2020-02-19,RHFL2FEB18,F,400000.0,400000.0,400000.0,400000.0,425000.0,1,2,800000.0
2020-02-19,2020-02-19,RCL100718A,F,25000.0,25000.0,25000.0,25000.0,70000.0,2,50,1250000.0
2020-02-19,2020-02-19,1032APCR28,F,200000.0,200000.0,200000.0,200000.0,202000.0,1,5,1000000.0
2020-02-19,2020-02-19,1025SFL24B,F,1001000.0,1001000.0,1000000.0,1000500.0,997199.44,2,2,2001000.0
2020-02-19,2020-02-19,1175SIBL29,F,110759.38,110759.38,110759.38,110759.38,110374.13,1,20,2215187.0
2020-02-19,2020-02-19,1375SIBPER,F,102000.0,102500.0,102000.0,102500.0,102000.0,2,20,2045000.0
2020-02-19,2020-02-19,SBIBONDSII,F,11322.0,11322.0,11301.0,11301.0,11255.0,2,10,113115.0
2020-02-19,2020-02-19,IDFCFBLD1F,F,9700.0,9700.0,9700.0,9700.0,9685.15,1,4,38800.0
2020-02-19,2020-02-19,SBIBIVR,F,11705.0,11710.0,11702.0,11710.0,11663.63,25,304,3559311.0
2020-02-19,2020-02-19,SBIBIVNR,F,11350.0,11350.0,11315.05,11335.0,11360.0,3,5,56685.0
2020-02-19,2020-02-19,IIFCLBDIS2,F,1970.01,1970.01,1968.85,1968.88,1958.51,7,170,334866.0
2020-02-19,2020-02-19,PFCBS1,F,5330.0,5330.0,5289.0,5289.0,5234.09,5,10,53075.0
2020-02-19,2020-02-19,PFCBS2,F,10040.5,10144.0,10040.5,10144.0,10017.5,6,15,150945.0
2020-02-19,2020-02-19,PFCBS3,F,5319.0,5321.0,5319.0,5321.0,5267.0,3,16,85112.0
2020-02-19,2020-02-19,PFCBT1S1,F,5045.0,5055.0,5045.0,5055.0,5018.0,2,3,15145.0
2020-02-19,2020-02-19,PFCBT1S2,F,9798.0,9798.0,9798.0,9798.0,9625.03,1,2,19596.0
2020-02-19,2020-02-19,PFCBT1S4,F,9801.0,9801.0,9601.06,9601.06,9800.0,4,8,77703.0
2020-02-19,2020-02-19,LTINF90122I,F,1000.0,1021.0,1000.0,1012.0,1008.05,9,104,105260.0
2020-02-19,2020-02-19,LTINF9122II,F,1977.62,1990.0,1977.61,1989.74,1985.0,24,419,831895.0
2020-02-19,2020-02-19,820NHAI22,F,1083.99,1083.99,1079.75,1079.75,1079.0,2,60,64827.0
2020-02-19,2020-02-19,830NHAI27,F,1188.0,1191.0,1188.0,1191.0,1180.01,6,154,182965.0
2020-02-19,2020-02-19,820PFC2022,F,1079.99,1079.99,1078.01,1078.01,1080.0,7,235,253596.0
2020-02-19,2020-02-19,830PFCL27,F,1153.02,1199.08,1153.02,1199.08,1200.0,3,101,117999.0
2020-02-19,2020-02-19,8IRFC230222,F,1077.1,1077.1,1077.1,1077.1,1079.5,1,50,53855.0
2020-02-19,2020-02-19,HUDCO050322,F,1052.0,1052.0,1049.55,1049.55,1052.0,3,140,147182.0
2020-02-19,2020-02-19,870IDFCFBL,F,9320.0,9330.0,9320.0,9330.0,9331.0,4,12,111904.0
2020-02-19,2020-02-19,870LNT22A,F,1056.01,1061.5,1056.01,1061.5,1061.5,9,161,170382.0
2020-02-19,2020-02-19,870LNT22B,F,1886.3,1907.0,1886.3,1900.61,1900.01,13,187,355265.0
2020-02-19,2020-02-19,812REC27,F,1186.1,1200.25,1186.1,1200.2,1200.0,6,406,482946.0
2020-02-19,2020-02-19,751HUDCO28,F,1135.0,1135.0,1115.0,1115.0,1147.5,10,174,196081.0
2020-02-19,2020-02-19,846REC28,F,1186.0,1204.97,1186.0,1194.03,1248.0,21,8250,9807598.0
2020-02-19,2020-02-19,862REC33,F,1260.0,1260.0,1260.0,1260.0,1260.0,1,5,6300.0
2020-02-19,2020-02-19,839HUDCO23,F,1096.92,1096.92,1096.91,1096.91,1113.49,2,500,548455.0
2020-02-19,2020-02-19,876HUDCO28,F,1245.0,1245.0,1241.5,1244.5,1260.0,2,7,8711.0
2020-02-19,2020-02-19,892NHPC33,F,1375.0,1375.0,1375.0,1375.0,1357.01,1,1000,1375000.0
2020-02-19,2020-02-19,867PFCL33,F,1295.0,1295.0,1295.0,1295.0,1295.0,1,40,51800.0
2020-02-19,2020-02-19,879PFCL28,F,1250.0,1279.0,1250.0,1279.0,1250.0,2,35,44185.0
2020-02-19,2020-02-19,892PFCL33,F,1315.0,1318.1,1314.01,1318.0,1315.81,10,188,247345.0
2020-02-19,2020-02-19,891NTPC33,F,1318.0,1318.0,1318.0,1318.0,1320.0,1,1000,1318000.0
2020-02-19,2020-02-19,901HUDCO34,F,1325.15,1336.0,1325.15,1336.0,1336.55,7,2913,3880895.0
2020-02-19,2020-02-19,891IIFCL34,F,1299.0,1300.0,1295.0,1299.84,1306.0,4,32,41594.0
2020-02-19,2020-02-19,875NHAI29,F,1305.01,1305.01,1301.0,1301.0,1304.0,7,1000,1301736.0
2020-02-19,2020-02-19,880IREDA29,F,1297.0,1297.0,1297.0,1297.0,1315.0,1,1000,1297000.0
2020-02-19,2020-02-19,900KPL34,F,1360.0,1399.0,1360.0,1373.67,1355.0,4,4,5481.0
2020-02-19,2020-02-19,898HUDCO29,F,1270.0,1270.0,1268.0,1268.0,1272.0,5,225,285600.0
2020-02-19,2020-02-19,880IIFCL34,F,1322.71,1370.0,1322.71,1370.0,1351.12,2,2,2692.0
2020-02-19,2020-02-19,753NTPC30E,F,1150.0,1150.0,1150.0,1150.0,1140.0,1,78,89700.0
2020-02-19,2020-02-19,762NTPC35F,F,1202.76,1202.76,1202.76,1202.76,1201.0,1,10,12027.0
2020-02-19,2020-02-19,IFCI150910A,F,4975.09,4975.09,4975.09,4975.09,4970.0,2,4,19900.0
2020-02-19,2020-02-19,1075IFC26A,F,10900.0,10949.0,10900.0,10949.0,11200.0,2,20,218490.0
2020-02-19,2020-02-19,IFCI310111B,F,9800.0,9800.0,9711.01,9797.0,9782.04,8,16,156483.0
2020-02-19,2020-02-19,IFCI121211A,F,9010.15,9100.0,9010.15,9030.06,9010.15,7,20,181012.0
2020-02-19,2020-02-19,875IFCI26A,F,8851.01,9130.01,8851.01,9130.01,9060.0,4,8,72482.0
2020-02-19,2020-02-19,IFCI150212A,F,9300.0,9500.0,9290.01,9293.02,9263.0,10,26,243636.0
2020-02-19,2020-02-19,IFCI150212B,F,4755.0,4755.0,4755.0,4755.0,4755.0,3,6,28530.0
2020-02-19,2020-02-19,916IFCI27A,F,4730.0,4730.0,4730.0,4730.0,4726.07,1,4,18920.0
2020-02-19,2020-02-19,85IFCI24A,F,8000.0,8010.0,8000.0,8010.0,8006.0,3,8,64040.0
2020-02-19,2020-02-19,893PTCIF22A,F,9376.0,9431.0,9376.0,9431.0,9376.0,3,9,84659.0
