TradDt,BizDt,TckrSymb,SctySrs,OpnPric,HghPric,LwPric,ClsPric,PrvsClsgPric,TtlNbOfTxsExctd,TtlTradgVol,TtlTrfVal
2022-05-13,2022-05-13,ABB,A,2288.0,2307.25,2248.0,2288.65,2237.05,1581,11875,27067485.0
2022-05-13,2022-05-13,AEGISLOG,A,199.0,199.0,185.9,189.85,193.2,1373,63359,12238837.0
2022-05-13,2022-05-13,ARE&M,A,501.9,515.35,501.9,506.8,500.3,3717,47638,24246555.0
2022-05-13,2022-05-13,AMBALALSA,X,30.15,31.65,30.15,30.8,30.05,393,59905,1854467.0
2022-05-13,2022-05-13,HDFC,A,2174.7,2190.55,2126.0,2132.55,2150.45,10756,124174,268576957.0
2022-05-13,2022-05-13,ANDHRAPET,B,97.45,101.0,96.7,98.3,95.5,1435,137593,13614182.0
2022-05-13,2022-05-13,ANSALAPI,T,13.95,14.3,13.85,14.2,13.65,25,4239,60165.0
2022-05-13,2022-05-13,UTIQUE,X,5.4,5.5,5.02,5.36,5.5,273,64765,342351.0
2022-05-13,2022-05-13,ARUNAHTEL,X,10.46,11.43,9.9,10.5,10.46,84,2037,21394.0
2022-05-13,2022-05-13,BOMDYEING,A,100.0,104.95,99.75,100.45,98.8,3479,402621,41139288.0
2022-05-13,2022-05-13,ASIANHOTNR,B,79.1,79.3,77.75,78.2,77.65,112,1189,93509.0
2022-05-13,2022-05-13,ATUL,A,8317.4,8418.3,8080.2,8256.0,8167.15,1012,2183,18025250.0
2022-05-13,2022-05-13,ATVPR,XT,8.62,9.52,8.62,9.47,9.07,69,6926,65464.0
2022-05-13,2022-05-13,BAJAJELEC,A,940.0,940.5,895.0,909.65,917.3,1319,5740,5312652.0
2022-05-13,2022-05-13,BAJAJHIND,A,14.2,14.7,14.2,14.5,14.0,2991,2822856,41292236.0
2022-05-13,2022-05-13,FORCEMOT,A,1024.0,1030.35,1004.45,1011.7,1004.9,408,1258,1280278.0
2022-05-13,2022-05-13,BAJFINANCE,A,5719.95,5748.55,5500.35,5515.2,5588.0,9965,64866,365973433.0
2022-05-13,2022-05-13,BALRAMCHIN,A,383.15,401.9,383.15,392.45,380.95,2389,120453,47558485.0
2022-05-13,2022-05-13,BANCOINDIA,B,124.5,127.55,121.0,121.35,121.5,150,2459,304913.0
2022-05-13,2022-05-13,ABREL,A,705.0,719.15,691.1,694.5,697.4,1529,11722,8229540.0
2022-05-13,2022-05-13,BANARISUG,A,2427.2,2441.2,2374.35,2386.9,2367.55,50,163,393560.0
2022-05-13,2022-05-13,BASF,A,2443.95,2467.45,2379.65,2454.2,2414.6,953,2978,7228611.0
2022-05-13,2022-05-13,BATAINDIA,A,1685.0,1730.0,1667.35,1677.4,1683.35,1311,10582,18044753.0
2022-05-13,2022-05-13,BEML,A,1356.0,1404.2,1345.0,1349.8,1346.9,1026,4962,6803876.0
2022-05-13,2022-05-13,BEL,A,219.1,225.75,217.85,218.85,218.1,3048,247650,55191999.0
2022-05-13,2022-05-13,BEPL,A,112.9,114.3,110.1,110.7,110.85,1244,43919,4923638.0
2022-05-13,2022-05-13,BIHSPONG,XT,8.43,8.43,8.06,8.3,8.03,101,21220,177317.0
2022-05-13,2022-05-13,BIRLACABLE,B,117.45,123.8,117.45,119.65,114.65,1110,33663,4041601.0
2022-05-13,2022-05-13,BLUESTARCO,A,1030.05,1050.0,983.85,988.1,1027.05,1350,6196,6274445.0
2022-05-13,2022-05-13,DISAQ,X,5631.0,6070.0,5600.0,5605.9,5670.0,97,480,2718602.0
2022-05-13,2022-05-13,QUESTCAP,X,250.0,273.6,250.0,273.6,248.75,52,2431,645377.0
2022-05-13,2022-05-13,BPL,B,62.0,62.65,61.2,62.55,59.7,352,26919,1678848.0
2022-05-13,2022-05-13,OAL,B,518.45,539.6,506.0,535.05,507.95,170,1266,661162.0
2022-05-13,2022-05-13,CENTEXT,B,9.45,9.45,8.72,9.13,8.7,226,54595,497596.0
2022-05-13,2022-05-13,CESC,A,80.2,81.65,78.0,78.3,79.8,3014,119980,9493555.0
2022-05-13,2022-05-13,CHAMBLFERT,A,417.0,425.25,386.0,391.1,414.4,4110,123675,50571872.0
2022-05-13,2022-05-13,EXIDEIND,A,140.6,145.7,140.6,142.15,141.0,5227,226976,32694952.0
2022-05-13,2022-05-13,CIPLA,A,920.6,950.0,920.0,932.85,921.1,4933,92110,85808266.0
2022-05-13,2022-05-13,DICIND,B,336.9,336.9,330.15,332.15,327.2,4,4,1333.0
2022-05-13,2022-05-13,CRISIL,A,3179.95,3310.8,3179.95,3278.55,3160.2,786,1758,5712633.0
2022-05-13,2022-05-13,CGPOWER,B,167.0,169.95,165.4,166.5,165.5,1524,77379,12972270.0
2022-05-13,2022-05-13,DABUR,A,517.8,517.8,498.55,500.65,498.25,4520,193003,97794099.0
2022-05-13,2022-05-13,DALMIASUG,A,375.0,396.0,375.0,391.65,371.75,1950,24107,9384866.0
2022-05-13,2022-05-13,ARVIND,A,101.0,103.3,98.5,99.4,99.7,3894,157971,15888037.0
2022-05-13,2022-05-13,BALARPURIND,Z,1.6,1.68,1.6,1.6,1.68,316,2208560,3541609.0
2022-05-13,2022-05-13,BHEL,A,46.5,47.8,46.05,46.3,45.35,4706,2164033,101638095.0
2022-05-13,2022-05-13,HINDPETRO,A,265.6,267.05,256.6,257.95,262.55,2181,80613,21196654.0
2022-05-13,2022-05-13,IFCI,A,9.6,10.0,9.35,9.49,9.37,1101,846550,8163786.0
2022-05-13,2022-05-13,MTNL,A,22.0,22.7,21.4,21.55,21.4,811,190925,4226011.0
2022-05-13,2022-05-13,MRPL,A,69.5,71.75,67.2,67.7,66.8,5921,852274,58910299.0
2022-05-13,2022-05-13,CHENNPETRO,A,259.4,272.2,259.4,270.9,259.25,4383,243355,65823105.0
2022-05-13,2022-05-13,RELCAPITAL,B,14.35,14.5,13.8,14.05,13.85,1263,273644,3888151.0
2022-05-13,2022-05-13,SBIN,A,470.0,477.0,440.0,445.05,462.45,32848,2162733,1003220268.0
2022-05-13,2022-05-13,SAIL,A,82.25,83.35,79.35,79.7,80.65,9057,1480555,120591017.0
2022-05-13,2022-05-13,TITAN,A,2048.4,2154.0,2048.4,2091.05,2048.4,6019,71987,152303100.0
2022-05-13,2022-05-13,IDBI,A,37.15,37.65,36.0,36.3,36.65,4505,1379544,50979799.0
2022-05-13,2022-05-13,DCW,B,40.45,40.45,39.35,40.25,38.55,636,84667,3407585.0
2022-05-13,2022-05-13,DHAMPURSUG,T,334.0,334.0,317.3,317.3,359.25,410,12011,3851805.0
2022-05-13,2022-05-13,DIAMINESQ,X,300.1,304.7,290.0,291.45,296.55,230,11562,3425835.0
2022-05-13,2022-05-13,ELANTAS,B,3758.05,3832.75,3758.05,3767.65,3835.7,74,1346,5111331.0
2022-05-13,2022-05-13,DRREDDY,A,3843.7,3978.25,3843.7,3923.5,3874.85,1425,5934,23396865.0
2022-05-13,2022-05-13,EIDPARRY,A,469.7,490.55,469.7,480.25,462.65,1848,22631,10878600.0
2022-05-13,2022-05-13,PGHL,A,4323.0,4465.0,4283.4,4396.2,4294.0,328,63217,275020275.0
2022-05-13,2022-05-13,ELECTCAST,B,34.7,35.35,34.15,34.75,33.55,2805,1453341,50752802.0
2022-05-13,2022-05-13,ESABINDIA,A,3065.25,3376.35,3065.25,3299.1,3047.0,1176,4713,15388581.0
2022-05-13,2022-05-13,EPL,A,157.8,160.0,154.9,155.45,154.25,453,9894,1543317.0
2022-05-13,2022-05-13,ESTER,B,127.4,134.8,127.4,133.5,128.4,663,16137,2131776.0
2022-05-13,2022-05-13,FGP,X,7.5,7.93,7.4,7.46,7.21,69,14664,114930.0
2022-05-13,2022-05-13,PHCAP,X,85.0,92.0,81.7,83.45,85.15,53,1470,125631.0
2022-05-13,2022-05-13,FINCABLES,A,403.6,403.6,358.0,360.15,364.3,1514,16870,6183793.0
2022-05-13,2022-05-13,COCKERILL,X,1298.95,1324.7,1260.1,1271.4,1261.8,148,2447,3143023.0
2022-05-13,2022-05-13,UFLEX,A,568.0,575.95,557.0,560.35,560.8,1431,10492,5944632.0
2022-05-13,2022-05-13,FOSECOIND,B,1363.9,1450.0,1363.9,1408.15,1287.3,404,1629,2297284.0
2022-05-13,2022-05-13,GOLDENTOBC,B,106.0,106.0,98.05,100.05,104.65,301,9253,961774.0
2022-05-13,2022-05-13,GANESHBE,B,105.65,111.25,105.65,107.05,104.75,1207,39622,4307156.0
2022-05-13,2022-05-13,METROGLOBL,X,78.95,78.95,75.0,75.1,74.3,29,2795,213927.0
2022-05-13,2022-05-13,GTL,B,8.26,8.78,8.26,8.57,8.06,738,242765,2082746.0
2022-05-13,2022-05-13,GODFRYPHLP,A,1150.0,1171.95,1128.3,1137.3,1128.95,469,1471,1689807.0
2022-05-13,2022-05-13,GODREJIND,A,459.5,459.5,447.9,453.0,439.3,716,5914,2690526.0
2022-05-13,2022-05-13,KANSAINER,A,409.95,409.95,396.3,398.4,398.8,1502,13083,5232445.0
2022-05-13,2022-05-13,GOODRICKE,X,216.0,221.0,211.6,217.25,211.6,79,2325,506713.0
2022-05-13,2022-05-13,GOODYEAR,B,872.85,888.3,859.15,864.8,857.85,186,1013,880052.0
2022-05-13,2022-05-13,GTNINDS,X,44.4,44.45,43.35,44.2,42.35,67,9730,431939.0
2022-05-13,2022-05-13,GHCL,A,605.6,605.6,582.55,588.5,582.85,3941,48246,28762853.0
2022-05-13,2022-05-13,GFLLIMITED,B,66.0,69.5,63.1,64.25,62.85,217,6841,457856.0
2022-05-13,2022-05-13,GLFL,T,2.41,2.42,2.41,2.42,2.43,2,1475,3559.0
2022-05-13,2022-05-13,HCL-INSYS,B,14.75,15.8,14.75,15.8,15.05,812,78645,1233146.0
2022-05-13,2022-05-13,HDFCBANK,A,1317.0,1317.0,1287.05,1290.95,1303.1,32119,389864,507244543.0
2022-05-13,2022-05-13,HEROMOTOCO,A,2405.0,2499.35,2405.0,2448.7,2403.45,2374,19838,48903068.0
2022-05-13,2022-05-13,HFCL,A,63.0,64.9,62.75,63.4,61.85,7110,1149238,73323800.0
2022-05-13,2022-05-13,HSCL,A,60.0,63.85,59.4,60.45,59.1,12454,2154212,131917980.0
2022-05-13,2022-05-13,HCC,A,13.2,14.25,13.2,13.6,12.85,1740,1644773,22634261.0
2022-05-13,2022-05-13,HINDOILEXP,A,163.95,174.0,161.65,171.0,159.5,2747,105064,17687107.0
2022-05-13,2022-05-13,AGI,A,275.9,275.9,245.1,257.25,261.95,2350,30237,7783710.0
2022-05-13,2022-05-13,HINDZINC,A,290.0,294.55,283.1,284.7,286.45,3156,48722,14092797.0
2022-05-13,2022-05-13,NDLVENTURE,B,328.0,364.9,328.0,355.7,349.4,65,553,196614.0
2022-05-13,2022-05-13,HMT,Z,25.4,25.4,24.65,24.75,25.3,12,541,13561.0
2022-05-13,2022-05-13,PRAGBOS,XT,2.65,2.83,2.57,2.69,2.7,48,7489,20864.0
2022-05-13,2022-05-13,HLVLTD,B,8.5,9.49,8.5,9.17,8.65,123,42198,391674.0
2022-05-13,2022-05-13,IGPL,B,644.3,652.1,635.0,638.5,639.05,568,2412,1553576.0
2022-05-13,2022-05-13,INDIAGLYCO,A,897.65,970.5,888.7,952.45,882.0,3176,30617,28496617.0
2022-05-13,2022-05-13,INDLEASE,X,6.27,6.91,6.27,6.7,6.59,71,15709,102866.0
2022-05-13,2022-05-13,MARGOFIN,X,27.1,27.1,25.2,26.9,25.1,6,64,1727.0
2022-05-13,2022-05-13,INDORAMA,B,67.9,71.65,67.9,68.95,66.65,1497,102726,7201424.0
2022-05-13,2022-05-13,INFY,A,1520.0,1529.0,1498.3,1503.35,1509.25,22236,277270,420225155.0
2022-05-13,2022-05-13,INGERRAND,A,1480.0,1488.85,1443.0,1468.35,1477.35,1483,3231,4717222.0
2022-05-13,2022-05-13,INSILCOLTD,X,6.85,7.0,6.5,6.83,6.84,73,30272,204184.0
2022-05-13,2022-05-13,ITHL,X,113.95,113.95,108.0,111.95,106.55,60,1610,179911.0
2022-05-13,2022-05-13,IONEXCHANG,A,1686.6,1708.0,1637.0,1672.3,1658.65,620,1934,3209351.0
2022-05-13,2022-05-13,SUNDROP,A,810.0,828.2,807.05,815.05,812.4,86,293,238863.0
2022-05-13,2022-05-13,JISLJALEQS,A,32.6,34.3,32.6,33.4,32.5,1692,312035,10546658.0
2022-05-13,2022-05-13,JASCH,X,143.0,152.0,140.0,148.0,136.3,390,26647,3904044.0
2022-05-13,2022-05-13,JCTLTD,X,3.38,3.59,3.35,3.4,3.37,1514,1376590,4788181.0
2022-05-13,2022-05-13,JINDALPOLY,A,910.05,983.95,897.95,903.9,904.55,1167,6372,5865689.0
2022-05-13,2022-05-13,JSWSTEEL,A,634.3,636.75,594.45,599.85,624.65,5318,238233,148533289.0
2022-05-13,2022-05-13,UMANGDAIRY,B,58.8,66.05,57.05,61.8,56.9,232,4314,268003.0
2022-05-13,2022-05-13,KAJARIACER,A,945.1,973.05,942.75,968.8,945.65,1038,3442,3298738.0
2022-05-13,2022-05-13,KAKATCEM,B,215.85,217.6,212.65,214.15,207.6,120,888,190861.0
2022-05-13,2022-05-13,KSL,A,299.0,307.0,296.55,298.25,300.35,299,7816,2350881.0
2022-05-13,2022-05-13,KANELIND,X,3.33,3.36,3.09,3.28,3.08,70,9899,32327.0
2022-05-13,2022-05-13,WHIRLPOOL,A,1570.0,1592.35,1550.0,1554.8,1559.15,910,5335,8410450.0
2022-05-13,2022-05-13,KGDENIM,X,51.25,51.25,46.9,48.1,47.6,29,14150,680785.0
2022-05-13,2022-05-13,KINETICENG,XT,84.9,84.9,79.45,82.8,81.85,37,2509,208124.0
2022-05-13,2022-05-13,KIRLOSBROS,A,261.3,270.85,260.8,266.55,257.75,207,2188,579311.0
2022-05-13,2022-05-13,KIRLOSIND,B,1340.05,1350.0,1302.0,1303.45,1320.35,105,310,411959.0
2022-05-13,2022-05-13,KIRLFER,A,207.5,220.15,206.9,208.7,208.6,2830,36300,7744907.0
2022-05-13,2022-05-13,ENVAIREL,X,23.95,26.2,23.95,26.2,23.85,36,6139,158565.0
2022-05-13,2022-05-13,KOTAKBANK,A,1800.0,1800.0,1756.15,1779.65,1761.2,4418,68532,121853824.0
2022-05-13,2022-05-13,KRIFILIND,XT,7.0,7.0,7.0,7.0,7.3,6,861,6027.0
2022-05-13,2022-05-13,KSB,A,1232.0,1319.7,1232.0,1264.45,1210.8,1031,3026,3871126.0
2022-05-13,2022-05-13,LGBBROSLTD,A,559.05,566.45,549.95,554.05,546.8,760,4135,2308999.0
2022-05-13,2022-05-13,TRENT,A,1025.1,1054.6,1016.15,1031.4,1010.25,2412,27895,29034314.0
2022-05-13,2022-05-13,LMW,A,8518.7,8713.8,8249.95,8323.0,8395.45,872,1672,14199704.0
2022-05-13,2022-05-13,LICHSGFIN,A,334.0,342.85,329.7,331.05,331.8,2545,85611,28926284.0
2022-05-13,2022-05-13,LUPIN,A,697.0,707.9,691.4,696.3,694.3,3234,62974,44137612.0
2022-05-13,2022-05-13,LYKALABS,B,127.6,127.9,125.05,127.8,121.85,178,15744,2012985.0
2022-05-13,2022-05-13,RAMCOCEM,A,708.0,709.7,681.9,685.2,702.7,2089,34301,23780874.0
2022-05-13,2022-05-13,MAFATIND,XT,180.0,187.55,175.1,180.05,178.85,9,102,18657.0
2022-05-13,2022-05-13,MAHSEAMLES,A,551.0,567.35,536.6,554.15,549.3,1750,19085,10548110.0
2022-05-13,2022-05-13,MAHSCOOTER,A,3494.0,3501.75,3364.7,3385.3,3471.95,355,685,2347477.0
2022-05-13,2022-05-13,MAJESAUT,X,114.5,128.8,114.5,121.95,117.9,44,1443,176900.0
2022-05-13,2022-05-13,MANALIPETC,B,107.9,107.9,103.2,103.9,101.55,1789,104736,11020823.0
2022-05-13,2022-05-13,MFSL,A,706.25,739.0,706.25,716.3,708.35,1165,13881,10095143.0
2022-05-13,2022-05-13,MIDINDIA,XT,33.1,33.1,33.0,33.1,31.55,99,13844,458206.0
2022-05-13,2022-05-13,ONIDA,B,15.2,15.2,14.1,14.4,14.5,568,100777,1492069.0
2022-05-13,2022-05-13,CENTENKA,B,485.0,505.15,485.0,491.75,485.7,763,6510,3240033.0
2022-05-13,2022-05-13,LORDSCHLO,X,101.0,101.0,95.15,99.0,100.1,63,2855,283428.0
2022-05-13,2022-05-13,SPICEJET,A,47.45,48.5,47.45,48.1,47.25,2859,256341,12331250.0
2022-05-13,2022-05-13,MOREPENLAB,A,38.95,40.15,38.9,39.2,38.2,4458,379998,14986758.0
2022-05-13,2022-05-13,MRF,A,67600.0,73141.75,67600.0,72000.3,67585.15,725,1083,77407033.0
2022-05-13,2022-05-13,HEIDELBERG,A,190.55,190.55,183.0,184.95,184.35,797,9126,1708979.0
2022-05-13,2022-05-13,NCC,A,63.9,64.65,61.4,62.1,62.4,3151,446798,28447384.0
2022-05-13,2022-05-13,VEDL,A,318.45,321.7,290.6,292.65,312.35,14624,920581,282611199.0
2022-05-13,2022-05-13,NAHARSPING,T,405.15,429.0,396.8,401.5,417.65,376,13682,5620190.0
2022-05-13,2022-05-13,NAPEROL,B,1568.0,1584.0,1511.25,1525.4,1591.25,693,8341,12846723.0
2022-05-13,2022-05-13,GRASIM,A,1519.3,1519.3,1468.9,1475.0,1487.15,1756,17015,25461165.0
2022-05-13,2022-05-13,PEL,A,1834.6,1872.0,1805.0,1813.5,1815.3,2298,19968,36818254.0
2022-05-13,2022-05-13,NIITLTD,A,440.05,462.4,430.9,437.6,436.0,3051,40052,17995220.0
2022-05-13,2022-05-13,JAYKAY,X,61.55,64.65,59.95,60.15,60.6,213,48375,2959782.0
2022-05-13,2022-05-13,NIRLON,B,375.05,402.65,365.0,368.65,375.3,137,1838,691077.0
2022-05-13,2022-05-13,ONGC,A,159.5,160.45,152.9,153.5,155.9,6489,486660,76091021.0
2022-05-13,2022-05-13,OILCOUNTUB,B,7.48,7.67,7.47,7.5,7.86,70,15505,116296.0
2022-05-13,2022-05-13,ORIENTHOT,B,58.0,58.5,55.2,55.95,56.7,952,61941,3532388.0
2022-05-13,2022-05-13,OSWALAGRO,B,25.25,29.45,25.25,29.3,26.8,188,19584,566385.0
2022-05-13,2022-05-13,INDSUCR,X,61.5,66.95,61.5,64.8,60.65,202,22365,1460549.0
2022-05-13,2022-05-13,RELIANCE,A,2432.0,2478.0,2416.05,2428.05,2400.95,25989,290185,711183392.0
2022-05-13,2022-05-13,PILITA,B,9.17,9.17,8.25,8.63,8.45,635,226854,1970758.0
2022-05-13,2022-05-13,RAYMOND,A,748.5,781.75,748.5,771.6,746.1,3814,43567,33497804.0
2022-05-13,2022-05-13,PIDILITIND,A,2115.4,2172.2,2113.0,2122.45,2115.4,5585,27694,59407742.0
2022-05-13,2022-05-13,PIXTRANS,B,875.0,875.0,811.95,822.35,834.7,2298,10816,9154656.0
2022-05-13,2022-05-13,BIRLACORPN,A,931.85,969.0,925.2,952.0,931.9,2309,14591,13805473.0
2022-05-13,2022-05-13,SURYAROSNI,A,364.0,376.65,364.0,368.25,358.9,1029,10665,3960451.0
2022-05-13,2022-05-13,PRIMESECU,B,100.9,101.05,96.35,97.0,99.75,61,470,46694.0
2022-05-13,2022-05-13,PRSMJOHNSN,A,111.9,116.0,108.2,114.3,111.05,1481,43450,4913886.0
2022-05-13,2022-05-13,RAIN,A,154.5,154.5,146.85,147.9,146.5,1671,100012,15095685.0
2022-05-13,2022-05-13,AMJLAND,B,25.15,25.15,23.75,24.4,24.35,159,3987,98463.0
2022-05-13,2022-05-13,PUNJCOMMU,B,32.15,34.45,32.15,34.45,31.9,7,337,11421.0
2022-05-13,2022-05-13,RSWM,B,429.9,440.75,420.0,424.35,417.05,1889,35736,15540847.0
2022-05-13,2022-05-13,RAJSREESUG,B,30.8,34.25,30.8,33.5,31.15,189,20022,680253.0
2022-05-13,2022-05-13,RALLIS,A,206.8,206.8,199.95,200.4,198.05,1392,44684,9011320.0
2022-05-13,2022-05-13,RAMANEWS,B,17.25,17.25,16.55,16.7,16.55,136,6739,114398.0
2022-05-13,2022-05-13,RAMAPPR-B,X,24.3,24.3,22.0,22.0,23.15,60,23080,554074.0
2022-05-13,2022-05-13,RAPICUT,XT,55.9,57.95,53.85,57.95,55.2,26,3587,203967.0
2022-05-13,2022-05-13,WELSPLSOL,X,14.9,15.85,14.9,15.7,14.9,285,115709,1800356.0
2022-05-13,2022-05-13,ROLTA,T,4.4,4.75,4.31,4.73,4.53,308,290220,1284362.0
2022-05-13,2022-05-13,RUBFILA,X,87.4,87.4,78.15,80.8,79.7,375,27521,2264475.0
2022-05-13,2022-05-13,PATANJALI,B,980.0,1021.2,960.0,977.2,940.3,27481,586270,579859625.0
2022-05-13,2022-05-13,SALORAINTL,X,43.3,45.3,43.3,44.95,43.3,9,515,22341.0
2022-05-13,2022-05-13,JINDALSAW,A,80.75,82.25,79.5,80.5,79.15,1894,124024,10043484.0
2022-05-13,2022-05-13,JKLAKSHMI,A,384.9,390.0,377.45,385.6,375.15,919,9764,3741656.0
2022-05-13,2022-05-13,SHREECEM,A,22840.2,22976.1,22430.0,22547.6,22640.5,656,1274,28932049.0
2022-05-13,2022-05-13,RELINFRA,B,104.0,107.0,101.0,102.1,100.85,4682,234838,24463182.0
2022-05-13,2022-05-13,TATAPOWER,A,224.55,229.15,221.25,222.85,219.05,41561,2842618,640636813.0
2022-05-13,2022-05-13,SPMLINFRA,B,43.65,43.65,42.6,43.55,41.6,49,7435,323395.0
2022-05-13,2022-05-13,SUNDRMFAST,A,716.75,716.75,689.45,705.0,703.25,1062,6142,4313651.0
2022-05-13,2022-05-13,SUNFLAG,A,100.0,100.85,94.0,94.9,96.7,1484,49638,4857681.0
2022-05-13,2022-05-13,SWARAJENG,A,1508.0,1512.15,1466.5,1488.4,1480.5,120,532,794932.0
2022-05-13,2022-05-13,TATAELXSI,A,7171.0,7999.0,7001.0,7890.2,6886.6,42999,206880,1580102358.0
2022-05-13,2022-05-13,ACC,A,2221.0,2221.0,2100.0,2113.7,2179.6,3648,44771,96338583.0
2022-05-13,2022-05-13,THERMAX,A,1921.15,1985.95,1897.0,1918.25,1894.25,1156,5959,11550634.0
2022-05-13,2022-05-13,TIRUMALCHM,A,227.0,238.55,227.0,233.95,222.8,4590,147602,34578260.0
2022-05-13,2022-05-13,THOMASCOOK,A,61.0,66.2,61.0,64.65,62.2,1318,72867,4726022.0
2022-05-13,2022-05-13,TIMEX,X,59.4,59.95,55.05,55.5,56.85,351,62484,3561441.0
2022-05-13,2022-05-13,TOKYOPLAST,B,86.05,88.25,85.0,87.55,82.0,52,1267,110490.0
2022-05-13,2022-05-13,TORNTPHARM,A,2518.75,2628.9,2514.05,2581.35,2503.4,660,3462,8994622.0
2022-05-13,2022-05-13,TRANSCHEM,X,21.55,22.5,21.55,22.2,21.5,15,2410,53853.0
2022-05-13,2022-05-13,AMBUJACEM,A,378.5,378.5,356.25,358.8,372.95,5872,297561,107733459.0
2022-05-13,2022-05-13,UTLINDS,X,4.29,4.44,4.11,4.39,4.12,176,25805,111838.0
2022-05-13,2022-05-13,UNIENTER,B,125.5,129.05,125.5,125.95,126.75,56,1451,186396.0
2022-05-13,2022-05-13,VHL,B,2999.6,3000.0,2803.9,2883.15,2763.05,106,279,797995.0
2022-05-13,2022-05-13,HINDALCO,A,409.9,414.5,385.05,387.9,406.05,16212,576816,230143789.0
2022-05-13,2022-05-13,WSTCSTPAPR,A,313.7,320.55,306.45,309.85,304.85,1290,20014,6275140.0
2022-05-13,2022-05-13,HOCL,B,27.95,29.0,27.5,27.65,27.4,216,28288,787764.0
2022-05-13,2022-05-13,MPILCORPL,X,194.0,214.0,194.0,214.0,204.0,5,32,6458.0
2022-05-13,2022-05-13,PASUPTAC,B,35.25,37.5,29.65,34.35,34.95,548,67981,2399643.0
2022-05-13,2022-05-13,TEAM24,XT,2.05,2.05,2.05,2.05,1.96,3,1251,2564.0
2022-05-13,2022-05-13,PGHH,A,13410.35,13577.8,13348.7,13364.2,13397.0,109,119,1601065.0
2022-05-13,2022-05-13,MUKANDLTD,B,116.0,117.75,113.0,114.15,112.65,303,8671,998245.0
2022-05-13,2022-05-13,BBOX,A,140.0,166.05,140.0,166.05,691.95,989,14645,2280946.0
2022-05-13,2022-05-13,UCAL,B,107.0,108.65,106.95,107.3,105.4,63,1025,110399.0
2022-05-13,2022-05-13,HARRMALAYA,B,147.85,147.95,140.25,145.5,139.35,1093,28412,4128471.0
2022-05-13,2022-05-13,FEDERALBNK,A,87.0,87.8,83.15,83.5,85.45,8129,928133,79773529.0
2022-05-13,2022-05-13,TATASTEEL,A,1130.0,1152.15,1092.5,1096.45,1118.15,28849,533206,598571592.0
2022-05-13,2022-05-13,SKFINDIA,A,3133.1,3278.45,3116.1,3170.8,3102.65,1584,11066,35229491.0
2022-05-13,2022-05-13,ASHOKLEY,A,118.1,126.15,118.1,122.65,117.4,6090,1245774,153864256.0
2022-05-13,2022-05-13,CUMMINSIND,A,971.8,1008.5,965.8,1000.3,956.8,934,8873,8793136.0
2022-05-13,2022-05-13,TATACOMM,A,977.0,993.0,956.8,962.65,973.9,1939,38339,37359986.0
2022-05-13,2022-05-13,ABBOTINDIA,A,16877.55,16913.75,16440.15,16542.4,16790.65,373,530,8847347.0
2022-05-13,2022-05-13,BAJAJHLDNG,A,4924.3,4973.8,4877.3,4938.65,4855.15,691,1381,6807148.0
2022-05-13,2022-05-13,BHARATFORG,A,609.8,651.8,609.8,629.15,603.45,3631,60217,38183056.0
2022-05-13,2022-05-13,ESCORTS,A,1548.75,1606.1,1537.55,1549.0,1551.8,3626,38696,60823323.0
2022-05-13,2022-05-13,HINDMOTORS,B,10.17,10.75,10.1,10.46,9.83,328,39902,415636.0
2022-05-13,2022-05-13,LT,A,1546.0,1575.3,1502.3,1534.5,1524.35,6865,104885,162391642.0
2022-05-13,2022-05-13,M&M,A,875.0,904.5,870.2,888.95,864.9,3090,132387,118472278.0
2022-05-13,2022-05-13,BOSCHLTD,A,13134.0,13475.85,13020.75,13103.9,13132.5,669,1300,17260867.0
2022-05-13,2022-05-13,PREMIER,B,4.96,5.0,4.4,4.93,4.55,27,8427,38556.0
2022-05-13,2022-05-13,BPCL,A,348.0,348.0,336.0,337.05,339.85,2863,99944,34137200.0
2022-05-13,2022-05-13,SIEMENS,A,2306.0,2345.3,2155.65,2300.95,2275.35,4042,31281,71217221.0
2022-05-13,2022-05-13,TMPV,A,386.3,415.75,386.3,404.35,372.1,35815,2941553,1191767073.0
2022-05-13,2022-05-13,VOLTAS,A,960.7,964.5,928.1,932.75,950.7,4070,66115,62595760.0
2022-05-13,2022-05-13,GESHIP,A,363.5,389.0,363.5,378.3,364.2,2383,36197,13583835.0
2022-05-13,2022-05-13,DEEPAKFERT,A,551.0,568.95,529.2,534.15,549.35,3038,38837,21386806.0
2022-05-13,2022-05-13,EXCELINDUS,B,1224.0,1306.75,1224.0,1280.05,1224.05,1594,6198,7903433.0
2022-05-13,2022-05-13,GRWRHITECH,A,614.3,644.9,605.0,611.7,598.9,119,2914,1803667.0
2022-05-13,2022-05-13,GLAXO,A,1480.0,1510.55,1465.0,1491.65,1487.35,695,2422,3592371.0
2022-05-13,2022-05-13,GNFC,A,705.7,708.25,613.7,618.8,681.85,10139,463685,300525177.0
2022-05-13,2022-05-13,NOVARTIND,B,586.15,593.8,580.05,585.95,578.25,79,694,405950.0
2022-05-13,2022-05-13,SANOFI,A,6630.0,6781.85,6506.0,6748.5,6510.55,1204,4048,26926327.0
2022-05-13,2022-05-13,PFIZER,A,4215.0,4276.4,4202.8,4252.7,4213.5,558,1484,6309948.0
2022-05-13,2022-05-13,GSFC,A,149.7,152.4,143.85,144.85,146.6,2912,197135,29280698.0
2022-05-13,2022-05-13,HINDUNILVR,A,2156.0,2217.05,2152.8,2194.35,2141.0,11345,148062,325436186.0
2022-05-13,2022-05-13,JSWDULUX,A,1760.0,1800.0,1750.05,1760.05,1759.15,157,465,826564.0
2022-05-13,2022-05-13,NOCIL,A,233.0,233.5,225.9,228.2,226.05,1994,55896,12806200.0
2022-05-13,2022-05-13,TATACHEM,A,945.95,958.0,914.0,918.95,935.8,5076,90993,85599049.0
2022-05-13,2022-05-13,TNPETRO,A,104.9,105.1,101.55,102.7,100.0,1483,55774,5753652.0
2022-05-13,2022-05-13,ZUARIIND,B,156.4,161.05,152.45,156.7,151.55,2182,54989,8594004.0
2022-05-13,2022-05-13,NESTLEIND,A,16333.0,16567.6,16310.0,16406.1,16231.55,873,1684,27684988.0
2022-05-13,2022-05-13,TATACONSUM,A,747.7,760.8,735.1,737.9,738.45,3571,112912,84433838.0
2022-05-13,2022-05-13,ASIANPAINT,A,3061.0,3116.95,3036.15,3065.2,3039.4,7456,64812,199327316.0
2022-05-13,2022-05-13,BRITANNIA,A,3200.2,3320.0,3200.2,3278.35,3217.85,2422,15049,49515871.0
2022-05-13,2022-05-13,COLPAL,A,1555.85,1613.85,1555.85,1602.4,1565.7,1845,18411,29403279.0
2022-05-13,2022-05-13,EIHOTEL,A,136.55,137.3,132.05,134.1,133.5,1694,68756,9283386.0
2022-05-13,2022-05-13,INDHOTEL,A,219.0,226.1,217.4,218.55,217.95,4661,240638,53296468.0
2022-05-13,2022-05-13,CASTROLIND,A,101.2,102.45,101.05,101.3,100.7,1803,69457,7068170.0
2022-05-13,2022-05-13,ITC,A,257.3,260.85,254.1,258.65,252.95,13133,982848,254425174.0
2022-05-13,2022-05-13,APOLLOTYRE,A,196.9,208.35,194.0,200.8,195.75,4516,303456,61143018.0
2022-05-13,2022-05-13,CEATLTD,A,1012.3,1042.5,1010.9,1030.1,1012.45,1733,8767,9041710.0
2022-05-13,2022-05-13,MODIRUBBER,T,59.0,60.0,59.0,60.0,60.4,2,65,3850.0
2022-05-13,2022-05-13,FINPIPE,A,139.8,143.55,139.05,139.85,139.8,1837,51190,7256886.0
2022-05-13,2022-05-13,CENTRUM,A,23.3,24.25,23.05,23.2,22.6,291,26296,623297.0
2022-05-13,2022-05-13,TCIFINANCE,T,5.53,5.53,5.45,5.45,5.28,15,7321,39904.0
2022-05-13,2022-05-13,IITL,T,109.0,111.0,109.0,109.0,114.0,8,144,15744.0
2022-05-13,2022-05-13,INDPRUD,X,1375.0,1380.0,1350.0,1380.0,1375.0,10,22,30016.0
2022-05-13,2022-05-13,TATAINVEST,A,1458.0,1458.0,1400.0,1405.1,1370.5,809,2444,3460211.0
2022-05-13,2022-05-13,PRISMX,X,5.01,5.49,5.01,5.35,5.11,382,93144,491905.0
2022-05-13,2022-05-13,MOTOGENFIN,B,26.0,26.75,25.45,26.1,25.2,30,1889,49101.0
2022-05-13,2022-05-13,WALCHPF,X,142.0,142.0,132.1,139.25,131.0,18,285,39535.0
2022-05-13,2022-05-13,WHBRADY,X,204.95,204.95,202.8,202.95,188.2,11,195,39684.0
2022-05-13,2022-05-13,SHAILY,B,1591.05,1678.0,1580.0,1609.5,1589.1,337,1587,2586315.0
2022-05-13,2022-05-13,BBTC,A,918.25,940.3,911.3,916.95,899.4,1134,7677,7108256.0
2022-05-13,2022-05-13,BOMBCYC,X,595.6,600.0,595.6,599.5,595.55,17,148,88442.0
2022-05-13,2022-05-13,GREAVESCOT,A,134.55,145.6,134.55,142.15,131.05,9054,654184,92077476.0
2022-05-13,2022-05-13,MULLER,XT,129.2,129.2,129.2,129.2,134.1,1,1,129.0
2022-05-13,2022-05-13,AMALGAM,XT,33.75,33.75,33.75,33.75,32.15,8,299,10091.0
2022-05-13,2022-05-13,INDIANVSH,X,51.55,51.55,51.55,51.55,54.25,56,19052,982130.0
2022-05-13,2022-05-13,COASTCORP,B,324.7,330.55,310.85,313.15,306.1,8251,63492,20137438.0
2022-05-13,2022-05-13,CHOWGULSTM,XT,11.1,11.85,10.9,11.16,11.31,56,6138,69162.0
2022-05-13,2022-05-13,GARWAOFFS,X,38.0,40.3,37.0,39.45,36.65,167,38443,1507885.0
2022-05-13,2022-05-13,ASIIL,XT,14.75,15.0,14.4,14.45,14.7,28,4970,72711.0
2022-05-13,2022-05-13,SAGCEM,B,205.4,223.9,205.4,214.05,201.45,168,2462,519253.0
2022-05-13,2022-05-13,DECCANCE,B,502.4,510.05,490.0,492.7,495.85,171,1653,836644.0
2022-05-13,2022-05-13,MANGLMCEM,A,299.0,306.2,291.0,297.3,294.85,643,7726,2309562.0
2022-05-13,2022-05-13,NCLIND,A,164.05,174.9,164.0,168.65,165.65,1502,58666,9803764.0
2022-05-13,2022-05-13,SAURASHCEM,X,61.45,63.9,60.0,62.45,59.8,255,29721,1849010.0
2022-05-13,2022-05-13,SHREDIGCEM,B,65.4,65.4,62.25,62.55,61.7,633,15823,1002471.0
2022-05-13,2022-05-13,BORORENEW,A,600.0,614.6,593.1,597.8,586.45,2929,54848,33193568.0
2022-05-13,2022-05-13,RASSIREF,X,15.7,15.7,15.7,15.7,15.8,3,51,800.0
2022-05-13,2022-05-13,TRIVENIGQ,XT,23.0,24.8,22.95,23.05,24.15,224,50282,1168615.0
2022-05-13,2022-05-13,NILACHAL,X,33.8,35.4,31.25,32.5,32.45,31,869,29019.0
2022-05-13,2022-05-13,ANDHRAPAP,B,324.45,326.45,316.5,318.1,313.6,196,3043,975315.0
2022-05-13,2022-05-13,BALKRISIND,A,1967.5,2000.0,1882.15,1887.95,1909.4,1605,10491,20178106.0
2022-05-13,2022-05-13,ORIENTPPR,B,27.25,27.8,26.75,26.9,26.7,953,201343,5521930.0
2022-05-13,2022-05-13,CITADEL,X,16.35,17.0,15.25,16.8,14.3,34,4084,67658.0
2022-05-13,2022-05-13,ROLLT,B,1.64,1.64,1.58,1.6,1.59,273,185771,296629.0
2022-05-13,2022-05-13,SESHAPAPER,B,185.0,188.35,178.75,180.75,179.15,576,8045,1474832.0
2022-05-13,2022-05-13,SHBHAWANI,Z,4.0,4.0,4.0,4.0,4.2,9,529,2116.0
2022-05-13,2022-05-13,NATHIND,X,84.0,84.0,81.25,81.5,81.85,29,1846,151034.0
2022-05-13,2022-05-13,VAPIENTER,XT,29.45,29.45,28.0,28.1,29.45,3,500,14058.0
2022-05-13,2022-05-13,DCM,B,83.0,83.0,72.25,72.65,71.8,174,10071,755426.0
2022-05-13,2022-05-13,FORBESCO,B,400.05,409.5,380.1,395.85,387.3,149,2212,874953.0
2022-05-13,2022-05-13,HPCOTTON,X,130.1,139.7,130.0,130.35,131.95,112,6316,842544.0
2022-05-13,2022-05-13,KATRSPG,X,390.0,405.0,371.0,380.05,390.1,99,2665,1021999.0
2022-05-13,2022-05-13,KESORAMIND,A,51.6,53.1,50.75,51.6,50.6,1161,88586,4597768.0
2022-05-13,2022-05-13,LAKSHMIMIL,X,3579.95,3599.0,3411.0,3425.3,3405.05,29,88,307820.0
2022-05-13,2022-05-13,VTL,A,327.0,327.0,308.0,310.1,318.15,2072,49393,15730968.0
2022-05-13,2022-05-13,PENINLAND,T,11.2,11.2,10.21,11.2,10.69,65,31357,348773.0
2022-05-13,2022-05-13,PHOENIXLTD,A,1050.05,1052.25,1007.45,1019.7,1032.95,1909,12887,13148120.0
2022-05-13,2022-05-13,MARATHON,B,124.75,125.25,118.9,119.65,119.95,103,1454,174844.0
2022-05-13,2022-05-13,RELCHEMQ,X,200.0,219.35,194.0,200.9,194.75,396,20852,4260629.0
2022-05-13,2022-05-13,RUBYMILLS,B,373.3,383.25,365.05,367.8,361.7,835,5275,1971209.0
2022-05-13,2022-05-13,SIMPLXREA,X,102.0,102.0,78.2,91.0,94.9,31,902,79607.0
2022-05-13,2022-05-13,SWANCORP,A,270.0,276.85,266.2,267.45,264.85,497,9602,2597615.0
2022-05-13,2022-05-13,VICTMILL,X,2150.0,2250.0,2150.0,2250.0,2139.55,7,8,17521.0
2022-05-13,2022-05-13,ZSVARAJT,X,9.5,9.5,8.75,9.32,9.16,22,8321,76993.0
2022-05-13,2022-05-13,ZODIACVEN,X,28.3,28.4,25.3,28.4,27.3,14,1463,40665.0
2022-05-13,2022-05-13,VEERENRGY,X,12.26,13.0,12.25,12.8,12.87,47,7231,90740.0
2022-05-13,2022-05-13,TILAK,X,9.8,9.99,9.47,9.71,9.96,1281,184340,1790576.0
2022-05-13,2022-05-13,KKFIN,X,9.9,9.9,9.06,9.06,9.51,9,3500,34227.0
2022-05-13,2022-05-13,WAGEND,X,1.15,1.27,1.15,1.21,1.21,152,252996,308675.0
2022-05-13,2022-05-13,MEDIAONE,X,11.48,11.48,11.48,11.48,10.94,4,457,5246.0
2022-05-13,2022-05-13,BANSWRAS,B,223.1,229.0,216.05,220.05,214.75,110,1295,288977.0
2022-05-13,2022-05-13,MODWOOL,X,94.5,97.25,90.1,97.0,88.45,17,172,15906.0
2022-05-13,2022-05-13,MODIPON,XT,48.65,50.15,48.6,48.6,51.15,32,502,24596.0
2022-05-13,2022-05-13,SHRIDINE,X,680.05,715.0,680.0,701.75,704.3,20,792,554000.0
2022-05-13,2022-05-13,SRF,A,2235.0,2294.0,2213.25,2227.5,2195.1,5188,58427,132439503.0
2022-05-13,2022-05-13,SIYSIL,B,560.0,577.8,536.1,542.6,552.6,390,2370,1329469.0
2022-05-13,2022-05-13,SWADPOL,XT,6.75,6.75,6.51,6.51,6.85,15,4662,31205.0
2022-05-13,2022-05-13,BBL,B,1501.4,1561.8,1472.0,1491.85,1486.35,263,792,1205397.0
2022-05-13,2022-05-13,ELPROINTL,B,61.7,61.7,59.9,60.0,59.9,63,18579,1117168.0
2022-05-13,2022-05-13,GEE,X,52.25,60.95,52.25,58.4,53.9,88,15165,876839.0
2022-05-13,2022-05-13,HIRECT,B,176.0,184.7,176.0,182.3,176.25,51,250,45290.0
2022-05-13,2022-05-13,NIPPOBATRY,B,370.65,378.95,366.65,370.0,369.9,93,441,164598.0
2022-05-13,2022-05-13,ZENSARTECH,A,312.0,316.3,300.5,302.1,305.5,4417,76324,23272000.0
2022-05-13,2022-05-13,JYOTI,X,8.65,8.86,8.3,8.73,8.65,31,9961,83827.0
2022-05-13,2022-05-13,KAYCEEI,X,3849.0,3849.9,3766.0,3766.0,3666.6,31,71,271022.0
2022-05-13,2022-05-13,INDOKEM,X,48.5,54.2,48.5,53.25,49.45,77,14790,777246.0
2022-05-13,2022-05-13,PANAENERG,X,278.9,278.9,256.0,260.0,263.2,194,2524,663562.0
2022-05-13,2022-05-13,NELCO,A,521.0,546.7,515.2,542.9,520.7,781,7367,3952064.0
2022-05-13,2022-05-13,PERMAGN,X,355.15,370.0,355.0,367.65,354.55,49,846,307557.0
2022-05-13,2022-05-13,HIGHENE,X,1330.0,1433.55,1330.0,1382.2,1303.25,252,1583,2226081.0
2022-05-13,2022-05-13,STDBAT,X,32.95,32.95,31.0,31.85,31.9,46,3649,117233.0
2022-05-13,2022-05-13,UNIVCABLES,B,138.25,140.05,136.7,138.95,134.8,32,488,67629.0
2022-05-13,2022-05-13,DLTNCBL,X,41.8,43.5,40.2,41.05,41.55,15,282,11874.0
2022-05-13,2022-05-13,LAKSELEC,X,567.35,575.0,547.0,555.9,565.5,88,2557,1419646.0
2022-05-13,2022-05-13,MODULEX,X,12.4,12.4,11.4,11.5,11.18,151,51413,603723.0
2022-05-13,2022-05-13,DELTAMAGNT,B,80.7,83.9,80.4,82.6,79.95,24,2590,213299.0
2022-05-13,2022-05-13,LONGSPUR,X,5.46,5.46,5.46,5.46,5.46,1,50,273.0
2022-05-13,2022-05-13,RELTD,X,50.0,50.0,47.0,48.8,47.2,70,4674,225399.0
2022-05-13,2022-05-13,ZMULTIPU,XT,10.49,10.55,10.01,10.5,10.07,12,157,1648.0
2022-05-13,2022-05-13,NYSSACORP,X,5.8,6.25,5.8,5.95,5.91,116,12839,77667.0
2022-05-13,2022-05-13,FLOMIC,X,104.0,111.4,101.0,103.9,104.75,141,3406,362853.0
2022-05-13,2022-05-13,KRISHNA,X,33.95,34.1,32.0,33.4,32.5,42,8719,286949.0
2022-05-13,2022-05-13,GANHOLD,XT,30.4,30.4,29.45,29.45,31.0,9,692,20384.0
2022-05-13,2022-05-13,SJCORP,X,28.75,28.75,28.75,28.75,30.25,1,1,28.0
2022-05-13,2022-05-13,UNIABEXAL,X,593.95,596.0,560.25,576.05,570.9,29,442,258702.0
2022-05-13,2022-05-13,SARDAEN,B,1022.0,1026.05,951.05,959.6,998.05,3568,19305,19175913.0
2022-05-13,2022-05-13,BGWTATO,X,140.1,158.0,140.0,146.65,150.0,5,85,12325.0
2022-05-13,2022-05-13,BOMBWIR,XT,50.0,53.55,48.45,53.55,51.0,16,382,19317.0
2022-05-13,2022-05-13,GALADA,Z,2.63,2.63,2.63,2.63,2.76,6,803,2111.0
2022-05-13,2022-05-13,AZADIND,XT,16.05,16.3,16.05,16.05,16.85,14,2283,36645.0
2022-05-13,2022-05-13,INDIANHUME,B,163.65,163.95,157.7,158.75,162.35,104,1863,297845.0
2022-05-13,2022-05-13,INVPRECQ,X,260.15,279.95,260.15,277.6,266.5,25,1567,434402.0
2022-05-13,2022-05-13,INFORTEC,X,50.6,51.2,46.45,46.45,51.6,10,157,7573.0
2022-05-13,2022-05-13,KAIRA,X,1999.0,1999.0,1816.0,1998.0,1870.95,9,23,42875.0
2022-05-13,2022-05-13,ORIENTCER,B,29.05,29.5,28.6,28.75,28.45,148,4956,144472.0
2022-05-13,2022-05-13,NATIONSTD,T,5283.45,5283.45,5283.45,5283.45,5031.9,24,60,317007.0
2022-05-13,2022-05-13,DUNCANENG,X,205.85,207.3,200.0,207.0,197.5,32,641,132255.0
2022-05-13,2022-05-13,SANDUMA,B,3075.0,3380.0,3060.0,3119.7,3044.65,2862,18848,60098471.0
2022-05-13,2022-05-13,STOVACQ,X,2552.25,2552.25,2403.0,2451.8,2488.5,64,371,917837.0
2022-05-13,2022-05-13,TATAYODOGA,X,104.2,109.0,102.0,108.2,99.1,337,17580,1885806.0
2022-05-13,2022-05-13,TINPLATE,A,344.25,349.25,337.2,340.45,334.2,2188,49579,17056671.0
2022-05-13,2022-05-13,CHOLAHLDNG,A,613.45,613.45,600.65,605.0,603.45,595,1831,1110872.0
2022-05-13,2022-05-13,ZWELCAST,X,422.5,422.5,422.5,422.5,443.2,1,1,422.0
2022-05-13,2022-05-13,AUTOAXLES,B,1417.05,1446.6,1385.2,1413.3,1411.7,169,698,994959.0
2022-05-13,2022-05-13,ACGL,X,811.05,888.8,810.1,863.15,816.85,88,613,523269.0
2022-05-13,2022-05-13,SETCO,B,14.15,14.4,13.65,13.75,13.65,134,12189,170845.0
2022-05-13,2022-05-13,SCOOTER,T,31.0,32.45,30.15,30.35,31.25,16,584,18637.0
2022-05-13,2022-05-13,TALBROAUTO,B,414.3,429.65,405.65,413.85,400.9,593,4723,1967667.0
2022-05-13,2022-05-13,ZFSTEERING,X,422.5,442.9,422.1,426.0,422.1,31,1073,457399.0
2022-05-13,2022-05-13,SMLMAH,B,540.0,568.75,540.0,554.65,528.75,255,1861,1034232.0
2022-05-13,2022-05-13,TIL,B,110.25,110.25,101.65,108.3,101.1,242,4909,519057.0
2022-05-13,2022-05-13,EICHERMOT,A,2395.0,2482.95,2395.0,2436.0,2383.3,2707,22213,54305730.0
2022-05-13,2022-05-13,JAINEX,XT,78.0,78.0,78.0,78.0,81.75,1,20,1560.0
2022-05-13,2022-05-13,ALFREDHE,X,660.0,660.0,660.0,660.0,658.95,2,52,34320.0
2022-05-13,2022-05-13,VELJAN,X,957.0,1026.95,957.0,1025.0,945.0,57,485,488621.0
2022-05-13,2022-05-13,DYNAMATECH,B,1838.7,1866.9,1778.7,1796.65,1787.95,352,1035,1895735.0
2022-05-13,2022-05-13,GGDPROP,X,64.3,64.3,64.3,64.3,62.0,1,1,64.0
2022-05-13,2022-05-13,GMMPFAUDLR,A,4336.0,4384.45,4251.1,4304.95,4211.6,474,1460,6303850.0
2022-05-13,2022-05-13,KIRLPNU,A,412.0,422.9,400.1,410.15,400.4,537,15318,6361873.0
2022-05-13,2022-05-13,KPT,X,122.85,128.7,120.0,120.0,122.85,38,2241,273470.0
2022-05-13,2022-05-13,LAKSHMIEW,X,582.6,667.0,580.0,588.05,651.2,45,318,187257.0
2022-05-13,2022-05-13,MANUGRAPH,B,14.4,14.5,14.1,14.4,13.9,9,1055,15142.0
2022-05-13,2022-05-13,NESCO,A,545.15,560.8,530.45,535.25,541.1,741,3018,1649614.0
2022-05-13,2022-05-13,INTEGRAEN,XT,79.8,80.4,75.05,79.0,76.6,111,13666,1086700.0
2022-05-13,2022-05-13,SEMAC,B,580.4,600.8,580.4,580.95,580.4,74,621,361507.0
2022-05-13,2022-05-13,TEXINFRA,B,72.8,74.4,71.15,71.3,71.5,152,2453,178989.0
2022-05-13,2022-05-13,WENDT,B,5990.0,6080.0,5953.0,6080.0,5997.0,30,58,348330.0
2022-05-13,2022-05-13,RESPONIND,A,124.1,139.2,124.1,136.55,127.7,1977,55510,7370778.0
2022-05-13,2022-05-13,SHYMINV,XT,7.0,7.0,6.6,6.61,6.88,105,26141,176396.0
2022-05-13,2022-05-13,MAHACORP,X,1.22,1.38,1.22,1.38,1.26,635,832490,1135750.0
2022-05-13,2022-05-13,DOLATALGO,B,82.25,85.1,81.8,83.8,80.9,946,30919,2583631.0
2022-05-13,2022-05-13,WESTLIFE,A,413.0,439.9,413.0,425.4,411.6,1273,5864,2520554.0
2022-05-13,2022-05-13,ZEEL,A,237.6,247.3,237.6,239.45,235.9,3856,282344,68829587.0
2022-05-13,2022-05-13,GOLDCORP,X,180.0,180.0,180.0,180.0,180.0,3,34,6120.0
2022-05-13,2022-05-13,SVPGLOB,B,43.85,44.45,42.3,42.75,43.05,446,230978,9898020.0
2022-05-13,2022-05-13,SKYLMILAR,XT,11.64,12.86,11.64,12.71,12.25,24,904,11390.0
2022-05-13,2022-05-13,BIMETAL,X,300.1,311.9,300.1,303.1,300.65,18,255,77452.0
2022-05-13,2022-05-13,BHARATGEAR,B,133.7,140.9,127.8,137.65,129.05,307,5060,681403.0
2022-05-13,2022-05-13,BRADYM,X,111.0,111.0,100.9,100.9,110.75,4,5,544.0
2022-05-13,2022-05-13,LATIMMETAL,XT,175.0,177.3,160.5,177.3,168.9,514,29460,5171989.0
2022-05-13,2022-05-13,ELECON,A,178.0,193.8,178.0,184.55,181.1,2103,76620,14275831.0
2022-05-13,2022-05-13,GRAUWEIL,B,63.95,69.6,62.85,65.25,63.0,2021,174498,11474353.0
2022-05-13,2022-05-13,HIMTEK,X,99.8,101.9,95.0,95.05,93.8,32,1550,149301.0
2022-05-13,2022-05-13,GABRIEL,A,106.8,110.35,106.8,108.4,105.95,596,13163,1427165.0
2022-05-13,2022-05-13,HERCULES,B,133.45,137.1,131.0,131.65,131.55,183,2179,293465.0
2022-05-13,2022-05-13,ALGOQUANT,X,425.85,437.8,409.9,419.3,422.85,45,3449,1446528.0
2022-05-13,2022-05-13,IFBIND,A,866.95,965.6,866.95,944.15,847.05,1718,11248,10593514.0
2022-05-13,2022-05-13,SINGERIND,X,46.75,48.5,45.0,46.6,45.3,227,22340,1061278.0
2022-05-13,2022-05-13,INTLCOMBQ,X,278.05,298.95,278.05,280.0,285.0,21,331,94891.0
2022-05-13,2022-05-13,FMGOETZE,B,266.6,268.7,265.8,267.8,267.0,100,1772,473296.0
2022-05-13,2022-05-13,JOSTS,X,391.0,419.95,375.1,381.1,389.95,38,492,191563.0
2022-05-13,2022-05-13,SCHAEFFLER,A,1985.05,2050.0,1969.5,1983.2,1981.7,1320,3309,6597432.0
2022-05-13,2022-05-13,RANEHOLDIN,B,575.1,599.9,574.65,592.2,576.15,86,750,442522.0
2022-05-13,2022-05-13,SNL,X,261.95,274.85,247.0,270.1,261.6,108,8064,2048128.0
2022-05-13,2022-05-13,JAIPAN,XT,15.5,15.5,15.05,15.05,15.8,10,923,13981.0
2022-05-13,2022-05-13,MANCREDIT,XT,119.95,119.95,114.75,115.05,117.55,49,8380,972438.0
2022-05-13,2022-05-13,TRF,B,118.0,118.0,114.5,114.85,113.0,139,3653,427266.0
2022-05-13,2022-05-13,WPIL,X,873.05,940.0,873.05,918.6,872.6,163,2982,2721084.0
2022-05-13,2022-05-13,KENNAMET,A,1748.0,1783.55,1705.3,1731.45,1765.4,608,1825,3171129.0
2022-05-13,2022-05-13,HINDHARD,X,209.6,217.9,205.0,217.1,209.6,8,106,22090.0
2022-05-13,2022-05-13,TRITONV,X,1239.0,1239.0,1192.05,1212.45,1229.0,43,267,327397.0
2022-05-13,2022-05-13,SUDAI,XT,7.3,7.49,6.8,6.8,7.15,11,1055,7344.0
2022-05-13,2022-05-13,PRAKASH,A,63.35,66.6,62.35,63.75,61.8,2541,208175,13323674.0
2022-05-13,2022-05-13,ARSHIYA,B,20.6,22.7,20.4,21.0,19.9,672,73203,1558030.0
2022-05-13,2022-05-13,GRINDWELL,A,1681.95,1697.3,1637.5,1652.75,1661.9,1168,2854,4748596.0
2022-05-13,2022-05-13,LAKPRE,Z,5.41,5.41,5.29,5.31,5.41,2,25,132.0
2022-05-13,2022-05-13,STANROS,X,85.5,94.0,83.2,89.5,85.95,35,1091,98170.0
2022-05-13,2022-05-13,GENESYS,T,487.8,487.8,470.0,470.2,470.85,16,575,272111.0
2022-05-13,2022-05-13,VOLKAI,X,66.95,66.95,66.9,66.9,64.2,3,151,10109.0
2022-05-13,2022-05-13,PARNAXLAB,X,121.2,121.2,113.0,116.3,116.0,109,10791,1283981.0
2022-05-13,2022-05-13,VIVIDHA,B,1.65,1.7,1.58,1.64,1.57,1488,687850,1128625.0
2022-05-13,2022-05-13,KANANIIND,T,34.5,35.2,33.0,33.95,33.55,736,295671,10199124.0
2022-05-13,2022-05-13,GSLTD,X,16.0,17.25,14.4,14.85,16.0,114,13560,202828.0
2022-05-13,2022-05-13,ARIHANTSUP,B,130.15,136.0,126.3,129.05,130.15,190,32330,4316856.0
2022-05-13,2022-05-13,BLISSGVS,A,72.0,72.0,67.3,68.05,68.95,363,15055,1037803.0
2022-05-13,2022-05-13,STYRENIX,B,768.6,775.0,732.0,736.85,759.45,1066,7768,5848520.0
2022-05-13,2022-05-13,ALEMBICLTD,A,67.95,69.5,67.4,68.25,66.2,686,23650,1614900.0
2022-05-13,2022-05-13,AMNPLST,X,96.0,97.85,92.0,94.05,93.35,241,9120,855580.0
2022-05-13,2022-05-13,ANUHPHR,X,91.0,93.95,90.0,92.3,90.35,187,12214,1121656.0
2022-05-13,2022-05-13,MODISONLTD,B,62.3,63.2,61.15,61.7,60.55,146,2506,155456.0
2022-05-13,2022-05-13,BAYERCROP,A,4545.4,4605.3,4470.0,4516.5,4544.55,213,403,1837720.0
2022-05-13,2022-05-13,STARSOURCE,XT,34.95,38.55,34.95,34.95,36.75,16,749,26212.0
2022-05-13,2022-05-13,SUDARCOLOR,B,454.95,472.1,443.7,452.3,445.15,300,1815,827264.0
2022-05-13,2022-05-13,COROMANDEL,A,877.15,909.15,877.15,882.2,872.6,1080,11125,9981085.0
2022-05-13,2022-05-13,DEEPAKNTR,A,1950.0,2035.0,1950.0,1984.15,1918.65,4121,56114,112480785.0
2022-05-13,2022-05-13,DMCC,B,321.05,357.5,321.05,341.9,331.05,1183,12732,4417616.0
2022-05-13,2022-05-13,FERMENTA,X,209.55,209.75,200.0,202.05,203.45,233,10264,2076493.0
2022-05-13,2022-05-13,GOCLCORP,B,267.0,267.0,229.35,232.9,232.05,93,869,204731.0
2022-05-13,2022-05-13,JAYCH,X,6.75,6.96,6.07,6.23,6.56,156,50886,324729.0
2022-05-13,2022-05-13,JLMORISON,X,1682.0,1682.0,1666.0,1666.0,1619.0,2,2,3348.0
2022-05-13,2022-05-13,KANORICHEM,B,101.35,104.3,99.2,101.4,100.45,26,1092,111946.0
2022-05-13,2022-05-13,KELENRG,X,587.0,587.0,573.8,573.8,549.9,6,36,20854.0
2022-05-13,2022-05-13,NITTAGELA,X,328.0,348.0,310.05,331.6,315.7,402,14529,4863503.0
2022-05-13,2022-05-13,MPAGI,XT,8.5,8.53,8.5,8.53,8.92,5,466,3974.0
2022-05-13,2022-05-13,AGVENTURES,B,920.0,920.0,780.0,794.4,805.6,214,1227,989573.0
2022-05-13,2022-05-13,PCBL,A,100.05,107.3,100.05,104.15,99.6,4045,204198,21358493.0
2022-05-13,2022-05-13,AMAL,X,320.0,348.0,305.0,308.95,315.25,185,6342,2031732.0
2022-05-13,2022-05-13,POLYCHEM,X,560.0,560.0,520.0,520.0,530.0,3,20,10870.0
2022-05-13,2022-05-13,PUNJABCHEM,A,1227.65,1241.2,1192.55,1216.45,1210.0,137,327,400087.0
2022-05-13,2022-05-13,ZR2,XT,700.1,700.1,700.1,700.1,666.8,6,22,15402.0
2022-05-13,2022-05-13,SADHNANIQ,XT,112.15,118.8,112.15,115.55,113.15,968,88631,10267968.0
2022-05-13,2022-05-13,SUDARSCHEM,A,468.95,468.95,430.0,437.35,446.05,1929,15136,6698885.0
2022-05-13,2022-05-13,ULTRAMAR,B,325.9,340.0,324.05,330.9,320.85,713,19954,6662703.0
2022-05-13,2022-05-13,TRANSPEK,B,1629.35,1654.95,1616.6,1624.7,1613.35,169,3257,5335935.0
2022-05-13,2022-05-13,UNICHEMLAB,A,247.15,250.35,238.1,240.1,243.75,233,3193,783337.0
2022-05-13,2022-05-13,MYSORPETRO,X,97.9,97.9,93.7,96.1,92.35,18,915,88357.0
2022-05-13,2022-05-13,ALKYLAMINE,A,3076.1,3086.2,3004.25,3037.3,2989.9,1008,2804,8563283.0
2022-05-13,2022-05-13,TUTIALKA,X,23.45,23.45,20.1,20.85,21.55,100,14137,304499.0
2022-05-13,2022-05-13,ASTRAZEN,A,2482.4,2532.25,2463.95,2522.7,2454.2,167,390,977963.0
2022-05-13,2022-05-13,PRIMO,X,72.5,75.6,70.0,75.15,71.5,1227,716609,53122273.0
2022-05-13,2022-05-13,TANFACIND,X,477.7,542.0,457.0,518.55,452.9,686,18124,9267482.0
2022-05-13,2022-05-13,GUJPETR,XT,37.65,37.65,35.9,35.9,35.9,6,46,1681.0
2022-05-13,2022-05-13,GUJTHEM,X,389.0,417.95,378.0,381.3,386.25,322,12294,4792032.0
2022-05-13,2022-05-13,JAYSYN,X,75.25,77.9,73.5,73.95,75.25,107,5653,422779.0
2022-05-13,2022-05-13,MAKERSL,X,168.9,168.9,156.05,159.1,161.5,77,3427,554973.0
2022-05-13,2022-05-13,CONTCHM,XT,116.9,116.9,116.9,116.9,116.9,2,10,1169.0
2022-05-13,2022-05-13,JBCHEPHARM,A,1578.0,1604.25,1558.55,1588.0,1551.05,841,2395,3779383.0
2022-05-13,2022-05-13,RAJSPTR,P,1.42,1.42,1.3,1.3,1.36,2,200,272.0
2022-05-13,2022-05-13,BLUECHIPT,X,128.7,144.0,122.45,133.0,128.7,55,1287,171088.0
2022-05-13,2022-05-13,JAGAJITIND,XT,61.7,61.75,58.8,61.5,61.75,38,8167,501590.0
2022-05-13,2022-05-13,KESARENT,X,89.9,95.55,89.9,94.95,85.1,151,10478,973680.0
2022-05-13,2022-05-13,TI,B,51.5,53.85,51.5,51.75,51.95,337,15224,801121.0
2022-05-13,2022-05-13,EMERALL,XT,79.0,79.0,78.5,78.5,78.85,2,27,2120.0
2022-05-13,2022-05-13,RAVALSUGAR,XT,2525.05,2525.1,2525.05,2525.1,2634.0,5,16,40401.0
2022-05-13,2022-05-13,SAKHTISUG,B,15.25,16.4,15.25,15.9,15.3,235,17726,285514.0
2022-05-13,2022-05-13,WALCHANNAG,T,47.5,49.75,45.1,48.75,47.4,136,12710,613319.0
2022-05-13,2022-05-13,KHODINDIA,XT,71.0,72.0,67.55,72.0,71.05,11,299,20885.0
2022-05-13,2022-05-13,IFBAGRO,B,640.0,640.0,554.5,566.8,545.9,120,1037,591831.0
2022-05-13,2022-05-13,DHARANISUG,B,16.2,17.15,15.85,15.85,16.65,151,23755,389778.0
2022-05-13,2022-05-13,KFBL,X,63.35,69.9,63.35,68.05,66.0,49,1566,104217.0
2022-05-13,2022-05-13,CAPRO,XT,45.05,49.7,45.05,49.65,47.4,9,111,5051.0
2022-05-13,2022-05-13,GMBREW,B,540.0,560.1,532.95,553.05,534.45,506,3096,1700066.0
2022-05-13,2022-05-13,RANASUG,B,31.4,32.6,30.9,31.15,30.7,737,93107,2962471.0
2022-05-13,2022-05-13,PICCASUG,X,17.05,17.75,16.85,17.75,16.95,120,19355,340945.0
2022-05-13,2022-05-13,RIGASUGAR,X,9.04,9.06,8.8,9.0,8.63,27,4856,43668.0
2022-05-13,2022-05-13,SDBL,T,56.0,60.3,55.7,59.85,57.45,283,46137,2739974.0
2022-05-13,2022-05-13,CJGEL,XT,15.5,17.05,15.5,17.05,16.25,20,2664,42587.0
2022-05-13,2022-05-13,AMRITCORP,X,900.0,924.9,900.0,915.7,911.9,20,335,304351.0
2022-05-13,2022-05-13,ASALCBR,B,453.7,455.45,444.95,449.6,445.45,508,3410,1531825.0
2022-05-13,2022-05-13,FOODSIN,B,74.0,74.0,69.0,69.0,67.6,218,5934,418045.0
2022-05-13,2022-05-13,IVP,B,137.0,142.35,136.95,140.25,134.5,68,1173,161942.0
2022-05-13,2022-05-13,KLRFM,X,65.1,69.55,64.25,65.05,66.25,24,442,28847.0
2022-05-13,2022-05-13,OLYOI,XT,35.05,35.05,35.05,35.05,35.9,3,35,1226.0
2022-05-13,2022-05-13,MLKFOOD,X,343.8,380.0,340.0,347.2,358.0,75,822,291114.0
2022-05-13,2022-05-13,POLSON,X,10818.0,11000.0,10206.0,10210.05,10255.0,21,25,264505.0
2022-05-13,2022-05-13,WIPRO,A,480.6,480.6,466.9,468.55,473.8,32420,787738,372365911.0
2022-05-13,2022-05-13,ORIBEVER,X,81.0,82.7,75.05,82.4,82.65,52,754,60764.0
2022-05-13,2022-05-13,DHANUKA,A,669.05,711.0,669.05,704.25,674.95,524,4355,3037069.0
2022-05-13,2022-05-13,TTKHLTCARE,B,739.85,766.9,735.0,748.7,736.6,128,1246,935281.0
2022-05-13,2022-05-13,TGVSL,X,76.3,82.75,74.95,75.2,78.85,1788,408463,32332602.0
2022-05-13,2022-05-13,LIMECHM,X,28.95,28.95,24.65,25.0,26.25,20,516,13236.0
2022-05-13,2022-05-13,KANPRPLA,B,113.4,125.0,113.4,121.4,112.15,144,1103,132183.0
2022-05-13,2022-05-13,TAINWALCHM,B,78.2,80.65,76.0,77.9,77.45,88,996,78535.0
2022-05-13,2022-05-13,JAGSNPHARM,B,279.4,287.5,273.6,280.85,277.0,690,106840,29720551.0
2022-05-13,2022-05-13,KHAICHEM,B,94.65,102.45,94.65,100.1,97.6,1465,65449,6631067.0
2022-05-13,2022-05-13,NOL,X,105.1,111.95,105.1,108.0,108.0,35,542,59141.0
2022-05-13,2022-05-13,GILLETTE,A,4938.0,4938.0,4801.3,4857.7,4856.25,209,266,1290487.0
2022-05-13,2022-05-13,WIREFABR,X,87.0,95.0,86.25,94.95,85.4,22,1152,108465.0
2022-05-13,2022-05-13,ANSALHSG,B,6.72,6.96,6.58,6.69,6.44,69,23867,161405.0
2022-05-13,2022-05-13,MCCHRLS-B,X,654.0,654.0,603.2,616.05,648.55,19,173,110104.0
2022-05-13,2022-05-13,ADDIND,X,25.9,30.7,25.9,28.1,28.35,58,4655,133074.0
2022-05-13,2022-05-13,PIONRINV,X,32.45,33.1,31.5,32.95,33.1,7,73,2375.0
2022-05-13,2022-05-13,ASHNOOR,XT,50.5,52.9,48.15,49.05,50.5,23,905,45285.0
2022-05-13,2022-05-13,UNITECH,Z,1.7,1.79,1.66,1.79,1.71,606,1809521,3125670.0
2022-05-13,2022-05-13,VIPIND,A,604.5,620.5,593.6,601.95,602.95,2361,27801,16985246.0
2022-05-13,2022-05-13,FIBERWEB,B,42.75,42.75,40.35,41.05,41.05,461,34377,1417969.0
2022-05-13,2022-05-13,GYFTR,X,109.0,109.0,86.1,102.45,93.15,41,3345,331178.0
2022-05-13,2022-05-13,BAJAJST,X,614.95,614.95,531.0,573.65,583.0,497,9710,5601581.0
2022-05-13,2022-05-13,KIDUJA,X,96.6,103.9,95.95,96.05,100.95,15,133,12914.0
2022-05-13,2022-05-13,KEYCORP,XT,46.95,48.3,45.0,46.0,46.0,17,504,23173.0
2022-05-13,2022-05-13,GUJHOTE,X,128.7,130.5,127.7,129.0,123.2,25,934,120418.0
2022-05-13,2022-05-13,FYNX,X,10.1,10.1,10.1,10.1,9.62,2,1000,10100.0
2022-05-13,2022-05-13,PARMCOS-B,X,78.85,78.85,78.85,78.85,82.95,14,122,9619.0
2022-05-13,2022-05-13,JINDHOT,X,40.0,40.0,39.8,40.0,39.75,18,1572,62869.0
2022-05-13,2022-05-13,SIMMOND,XT,48.7,49.2,45.0,46.1,46.95,40,4294,198328.0
2022-05-13,2022-05-13,BNALTD,X,268.0,268.0,250.0,250.95,248.5,33,1437,366133.0
2022-05-13,2022-05-13,HAWKINCOOK,A,5101.1,5245.95,5101.1,5178.85,5161.4,86,281,1451005.0
2022-05-13,2022-05-13,WARRENTEA,X,70.8,71.25,70.8,71.2,70.8,5,122,8687.0
2022-05-13,2022-05-13,BESTEAST,XT,33.45,33.45,33.45,33.45,35.2,3,514,17193.0
2022-05-13,2022-05-13,NEAGI,X,3753.15,3897.0,3753.0,3784.75,3859.0,15,47,178715.0
2022-05-13,2022-05-13,ISTLTD,X,450.0,450.0,403.65,414.65,431.35,107,3927,1673934.0
2022-05-13,2022-05-13,COSMOFIRST,A,1700.0,1702.4,1581.15,1605.45,1659.75,2749,14153,23165213.0
2022-05-13,2022-05-13,APOLLOHOSP,A,3591.0,3711.95,3530.8,3548.2,3580.6,3741,21859,79171178.0
2022-05-13,2022-05-13,NITINCAST,X,159.0,159.0,136.1,150.75,145.05,58,1814,271888.0
2022-05-13,2022-05-13,NEXOME,X,41.5,41.7,41.5,41.5,39.0,10,1410,58546.0
2022-05-13,2022-05-13,EVERESTIND,B,557.1,574.45,539.1,546.1,553.95,1439,20886,11745057.0
2022-05-13,2022-05-13,IRONWOOD,X,32.85,32.9,27.8,31.8,30.0,13,1085,35121.0
2022-05-13,2022-05-13,MSRINDIA,XT,20.15,20.15,20.15,20.15,19.2,1,10,201.0
2022-05-13,2022-05-13,AYMSYNTEX,B,98.2,104.75,97.25,100.7,95.5,288,6507,660103.0
2022-05-13,2022-05-13,PANCARBON,X,397.95,404.0,380.0,392.45,392.6,137,3230,1268030.0
2022-05-13,2022-05-13,FINKURVE,X,47.75,50.1,45.4,46.45,47.75,45,2748,131884.0
2022-05-13,2022-05-13,HBLEAS,XT,4.43,4.43,4.43,4.43,4.66,1,100,443.0
2022-05-13,2022-05-13,SULABEN,X,9.79,9.79,9.79,9.79,9.33,1613,873336,8549959.0
2022-05-13,2022-05-13,NAVNETEDUL,A,86.9,91.95,86.9,89.15,89.45,610,17843,1612203.0
2022-05-13,2022-05-13,SATRAPROP,Z,1.54,1.6,1.54,1.54,1.62,117,116801,179874.0
2022-05-13,2022-05-13,AUSOMENT,B,68.1,71.4,68.1,68.6,68.25,33,1158,80106.0
2022-05-13,2022-05-13,RUCHINFRA,T,8.13,8.97,8.13,8.97,8.55,196,30161,263147.0
2022-05-13,2022-05-13,VOLLF,X,26.5,26.5,26.5,26.5,26.5,5,269,7128.0
2022-05-13,2022-05-13,NETLINK,X,50.0,52.5,50.0,52.5,50.0,10,120,6026.0
2022-05-13,2022-05-13,LANCORHOL,X,21.6,23.1,20.9,23.0,22.0,63,30992,695376.0
2022-05-13,2022-05-13,INDINFO,X,3.66,3.76,3.58,3.58,3.76,7875,18103900,65057599.0
2022-05-13,2022-05-13,BANASFN,X,36.8,38.75,36.25,38.4,36.95,732,77012,2932595.0
2022-05-13,2022-05-13,VISAKAIND,B,564.0,564.0,490.5,494.15,498.15,929,6894,3446661.0
2022-05-13,2022-05-13,INFOMEDIA,B,4.51,4.81,4.51,4.81,4.59,23,1529,7308.0
2022-05-13,2022-05-13,HATHWAYB,XT,19.85,21.85,19.85,21.85,20.85,53,2983,62483.0
2022-05-13,2022-05-13,PRESSMN,B,41.05,41.65,39.95,40.05,40.3,111,9867,402275.0
2022-05-13,2022-05-13,GUFICBIO,B,221.3,228.0,220.0,223.65,218.85,1218,19074,4268911.0
2022-05-13,2022-05-13,PHOTON,XT,66.35,66.35,60.05,61.75,63.2,14,108,6797.0
2022-05-13,2022-05-13,GRPLTD,B,1373.0,1430.0,1373.0,1391.5,1374.0,134,644,896990.0
2022-05-13,2022-05-13,INDAG,X,71.6,71.6,65.0,67.55,66.75,54,2288,153371.0
2022-05-13,2022-05-13,MMRUBBR-B,X,52.0,58.5,51.8,55.15,53.4,20,819,43752.0
2022-05-13,2022-05-13,PTL,B,30.1,31.6,29.85,31.0,30.3,567,24400,758399.0
2022-05-13,2022-05-13,TVSSRICHAK,A,1640.0,1640.0,1530.1,1538.75,1541.5,47,154,241668.0
2022-05-13,2022-05-13,SEL,X,16.15,16.15,15.35,16.1,16.15,43,4817,75432.0
2022-05-13,2022-05-13,BENARAS,X,2039.0,2040.0,2009.0,2009.0,1974.25,4,18,36315.0
2022-05-13,2022-05-13,BHAGWOX,XT,40.75,42.75,38.75,42.55,40.75,53,4274,178620.0
2022-05-13,2022-05-13,BOMOXY-B1,X,13006.0,13488.0,12688.2,12764.5,13005.0,29,42,545936.0
2022-05-13,2022-05-13,CRAVATEX,X,388.95,390.0,383.0,383.8,388.95,9,333,128646.0
2022-05-13,2022-05-13,BERGEPAINT,A,670.0,673.0,654.0,656.95,659.8,1014,12546,8346400.0
2022-05-13,2022-05-13,CAPRIHANS,X,116.0,121.0,105.05,108.25,116.9,122,11956,1345684.0
2022-05-13,2022-05-13,GRAPHITE,A,453.75,467.95,444.05,449.95,447.8,2475,47809,21976046.0
2022-05-13,2022-05-13,CEMPRO,A,57.0,58.8,57.0,57.55,56.85,435,15988,927071.0
2022-05-13,2022-05-13,EMPIND,X,632.95,632.95,610.0,622.15,606.5,18,141,88096.0
2022-05-13,2022-05-13,GRAVISSHO,X,20.5,20.5,18.8,19.85,18.7,21,1057,20588.0
2022-05-13,2022-05-13,GARFIBRES,A,2935.45,2943.95,2890.85,2898.05,2899.95,261,1042,3047533.0
2022-05-13,2022-05-13,GARWAMAR,X,11.3,11.4,11.3,11.3,11.88,7,805,9100.0
2022-05-13,2022-05-13,GOACARBON,B,412.85,429.2,410.5,416.85,402.35,993,6494,2723639.0
2022-05-13,2022-05-13,HARDCAS,X,256.55,256.55,256.55,256.55,260.0,1,2,513.0
2022-05-13,2022-05-13,HEG,A,1023.0,1055.45,1016.55,1025.55,1002.95,1881,15450,16049136.0
2022-05-13,2022-05-13,HINDCOMPOS,B,263.2,268.05,260.05,260.1,254.65,138,961,253607.0
2022-05-13,2022-05-13,BIRLANU,A,3576.6,3586.85,3464.6,3507.85,3503.6,572,1000,3513750.0
2022-05-13,2022-05-13,INDIANCARD,B,251.25,256.3,231.5,235.25,257.2,309,7609,1815016.0
2022-05-13,2022-05-13,INTLCONV,B,67.6,68.4,66.45,67.45,65.8,555,22876,1544486.0
2022-05-13,2022-05-13,JAYSREETEA,B,106.9,108.9,104.1,105.0,105.05,174,2367,252935.0
2022-05-13,2022-05-13,MODRNSH,X,18.55,18.55,16.2,16.2,18.0,10,72,1192.0
2022-05-13,2022-05-13,HUHTAMAKI,A,178.2,180.5,175.3,177.95,175.9,883,27778,4944638.0
2022-05-13,2022-05-13,PREMSYN,X,27.95,27.95,23.7,24.8,26.15,21,7312,181688.0
2022-05-13,2022-05-13,SHALPAINTS,B,129.0,138.25,128.15,132.1,125.7,1051,27831,3667151.0
2022-05-13,2022-05-13,HINDMILL,X,279.0,279.0,277.0,277.9,274.95,5,8,2223.0
2022-05-13,2022-05-13,SUPREMEIND,A,1860.0,1889.95,1845.0,1876.65,1848.95,1060,3779,7077405.0
2022-05-13,2022-05-13,UPHOT,XT,450.0,450.0,427.5,427.5,450.0,10,3139,1347698.0
2022-05-13,2022-05-13,VSTIND,A,3146.0,3170.35,3123.9,3148.45,3136.85,194,282,887237.0
2022-05-13,2022-05-13,SWASTIVI,X,6.78,7.1,6.54,6.87,6.47,368,88747,610441.0
2022-05-13,2022-05-13,MSLGLOBAL,XT,3.15,3.16,3.0,3.13,3.06,37,12123,38015.0
2022-05-13,2022-05-13,YAMNINV,XT,1.21,1.33,1.21,1.31,1.27,2842,2566790,3355627.0
2022-05-13,2022-05-13,PREMCAP,X,6.6,6.6,5.65,6.06,6.27,99,31734,182994.0
2022-05-13,2022-05-13,JINDRILL,B,182.8,186.65,180.45,184.05,177.8,159,2889,533718.0
2022-05-13,2022-05-13,SAKTHIFIN,X,24.7,25.45,23.45,24.45,24.65,29,1333,32492.0
2022-05-13,2022-05-13,AEROENTER,X,40.5,40.5,37.0,37.35,37.35,222,17367,662409.0
2022-05-13,2022-05-13,SHIVATEX,B,193.2,196.65,191.3,193.1,187.75,84,1816,352686.0
2022-05-13,2022-05-13,VBDESAI,X,11.3,11.3,10.31,10.31,10.79,16,2681,28612.0
2022-05-13,2022-05-13,QUADRANT,XT,1.9,1.9,1.9,1.9,2.0,1002,798386,1516933.0
2022-05-13,2022-05-13,1STCUS,XT,57.4,57.4,53.45,53.45,56.25,5,13,726.0
2022-05-13,2022-05-13,KAMANWALA,X,9.11,9.5,9.11,9.5,9.11,2,175,1604.0
2022-05-13,2022-05-13,WSFX,X,25.7,27.8,25.7,27.8,26.7,3,101,2702.0
2022-05-13,2022-05-13,ANJANIFOODS,XT,85.5,91.55,85.5,91.55,87.2,20,811,73931.0
2022-05-13,2022-05-13,MILLENNIUM,XT,2.06,2.15,2.0,2.1,2.05,28,6684,13468.0
2022-05-13,2022-05-13,ICDSLTD,T,37.2,38.2,35.15,35.75,36.9,11,362,13542.0
2022-05-13,2022-05-13,CANFINHOME,A,476.0,509.45,466.0,495.3,471.0,2372,61874,30227914.0
2022-05-13,2022-05-13,IVC,B,6.44,6.44,5.85,5.97,6.09,201,55059,329565.0
2022-05-13,2022-05-13,SHRIRAMFIN,A,1080.0,1094.0,1047.7,1061.9,1063.1,3197,47581,51164758.0
2022-05-13,2022-05-13,CHOLAFIN,A,612.5,654.15,612.5,632.25,609.1,3222,105626,67462772.0
2022-05-13,2022-05-13,VLSFINANCE,B,153.85,153.85,145.95,149.25,143.65,216,3976,599695.0
2022-05-13,2022-05-13,INDCEMCAP,X,10.45,10.45,9.51,9.94,9.63,41,2267,22967.0
2022-05-13,2022-05-13,ADMANUM,X,38.5,42.35,38.5,40.5,40.35,17,1780,72488.0
2022-05-13,2022-05-13,MEHIF,XT,7.35,7.71,7.34,7.71,7.35,10,972,7249.0
2022-05-13,2022-05-13,INTRGLB,X,21.9,21.9,20.2,20.2,21.25,4,287,5805.0
2022-05-13,2022-05-13,SHRISTI,X,49.0,52.5,49.0,52.4,53.0,6,138,6805.0
2022-05-13,2022-05-13,CREST,B,171.35,171.35,170.9,170.9,169.65,9,505,86395.0
2022-05-13,2022-05-13,VAKRANGEE,A,32.0,32.5,31.45,31.7,31.5,2167,409456,13094344.0
2022-05-13,2022-05-13,GUJCRED,XT,39.8,39.8,36.15,37.1,37.95,56,3484,133030.0
2022-05-13,2022-05-13,SYLPH,Z,23.8,23.8,21.6,23.8,22.7,251,150206,3549611.0
2022-05-13,2022-05-13,DHARFIN,X,6.2,6.2,6.0,6.0,5.94,3,102,612.0
2022-05-13,2022-05-13,ALEXANDER,XT,20.7,21.65,19.95,20.1,20.95,189,19176,387356.0
2022-05-13,2022-05-13,INDBANK,B,25.8,26.65,24.05,24.15,24.5,312,21161,529174.0
2022-05-13,2022-05-13,BHARAT,X,25.0,25.0,23.0,24.95,22.85,15,961,23663.0
2022-05-13,2022-05-13,CAPTRUST,B,108.4,115.0,108.4,113.25,108.1,52,1299,147262.0
2022-05-13,2022-05-13,USHAKIRA,XT,20.0,20.5,19.95,19.95,19.6,11,750,15029.0
2022-05-13,2022-05-13,VIVOBIOT,X,38.55,39.7,38.5,39.1,38.25,61,4969,193307.0
2022-05-13,2022-05-13,VEERHEALTH,X,12.25,12.25,12.25,12.25,12.25,2,2110,25847.0
2022-05-13,2022-05-13,PANINDIAC,XT,3.76,3.86,3.76,3.86,3.68,457,196102,756521.0
2022-05-13,2022-05-13,SAHARAHOUS,X,44.6,44.6,39.05,41.95,42.85,30,1655,66441.0
2022-05-13,2022-05-13,NDASEC,X,10.6,12.0,10.6,11.99,10.45,10,649,7687.0
2022-05-13,2022-05-13,SUPRATRE,XT,17.6,17.6,17.1,17.6,17.95,4,162,2801.0
2022-05-13,2022-05-13,GSBFIN,X,7.37,7.37,7.37,7.37,7.37,2,125,921.0
2022-05-13,2022-05-13,MORARKFI,X,92.95,97.0,92.9,94.2,86.7,34,634,60098.0
2022-05-13,2022-05-13,MONARCH,B,277.65,297.55,277.65,285.75,282.1,475,3136,907366.0
2022-05-13,2022-05-13,PROFINC,XT,6.69,6.69,6.69,6.69,7.04,215,55822,373449.0
2022-05-13,2022-05-13,TEAMGTY,B,48.0,48.0,47.45,47.5,45.9,37,1499,71711.0
2022-05-13,2022-05-13,CRESCENTIS,X,29.85,32.0,29.8,31.95,30.05,12,466,14449.0
2022-05-13,2022-05-13,MANTRA,XT,14.1,14.1,14.1,14.1,14.1,2,100,1410.0
2022-05-13,2022-05-13,AVONMORE,X,80.8,80.8,75.8,77.8,74.45,30,1602,125348.0
2022-05-13,2022-05-13,LIBORDFIN,X,6.4,7.04,5.8,6.44,6.4,24,1076,6989.0
2022-05-13,2022-05-13,YASHMGM,X,10.55,11.5,10.55,11.5,10.59,16,1027,11794.0
2022-05-13,2022-05-13,ARIHANTCAP,B,80.65,81.4,79.25,80.7,77.55,267,21764,1755963.0
2022-05-13,2022-05-13,ISLCONSUL,X,15.05,16.0,15.0,16.0,15.55,4,3313,52995.0
2022-05-13,2022-05-13,DCMFINSERV,B,3.2,3.2,2.9,3.2,3.05,27,15690,48250.0
2022-05-13,2022-05-13,FEDDERSHOL,X,77.8,77.8,73.0,76.4,74.15,9,321,24858.0
2022-05-13,2022-05-13,SAMBHAAV,B,4.48,4.61,4.0,4.11,4.28,187,54477,235046.0
2022-05-13,2022-05-13,SUGALDAM,X,17.45,17.45,17.45,17.45,17.45,1,1,17.0
2022-05-13,2022-05-13,NETTLINX,X,72.95,74.95,68.0,72.5,68.6,63,24289,1685982.0
2022-05-13,2022-05-13,SCANSTL,X,44.15,44.7,35.3,42.9,42.5,696,155339,6561943.0
2022-05-13,2022-05-13,GICHSGFIN,B,134.4,134.4,127.95,129.65,127.15,254,7700,994978.0
2022-05-13,2022-05-13,AJCON,X,33.05,41.95,33.05,38.35,38.4,18,1280,44178.0
2022-05-13,2022-05-13,YOGI,XT,17.15,17.2,17.15,17.2,18.05,10,1106,19009.0
2022-05-13,2022-05-13,CUBIFIN,X,2.08,2.18,2.0,2.17,2.08,106,54578,116252.0
2022-05-13,2022-05-13,RELICTEC,X,18.0,18.0,18.0,18.0,18.0,1,1,18.0
2022-05-13,2022-05-13,NIMBSPROJ,X,46.35,46.35,46.35,46.35,48.75,4,638,29571.0
2022-05-13,2022-05-13,BAIDFIN,XT,36.65,39.25,35.65,38.95,37.4,63,4823,184670.0
2022-05-13,2022-05-13,VIPULLTD,T,19.7,19.7,18.8,19.6,19.75,17,3395,64325.0
2022-05-13,2022-05-13,KZLFIN,X,15.4,15.8,15.4,15.8,15.8,2,95,1498.0
2022-05-13,2022-05-13,USHDI,X,2.39,2.39,2.21,2.34,2.32,266,97610,220601.0
2022-05-13,2022-05-13,RFL,XT,178.85,178.85,161.85,177.15,170.35,198,10827,1837205.0
2022-05-13,2022-05-13,UGROCAP,B,154.85,158.0,147.15,152.35,146.2,132,2297,349861.0
2022-05-13,2022-05-13,SAHLIBHFI,X,216.75,216.75,198.0,201.15,200.0,32,813,163457.0
2022-05-13,2022-05-13,ABIRAFN,Z,5.88,5.88,5.87,5.88,5.6,7,9000,52918.0
2022-05-13,2022-05-13,SEVENHILL,XT,0.77,0.85,0.77,0.79,0.81,1606,2081082,1644150.0
2022-05-13,2022-05-13,AASTAFIN,X,15.65,15.75,15.65,15.7,15.0,18,3107,48675.0
2022-05-13,2022-05-13,MUTHOOTCAP,B,251.35,251.8,242.3,244.9,245.35,42,279,69818.0
2022-05-13,2022-05-13,MASTERTR,XT,139.85,139.85,133.6,133.95,133.2,20,872,119260.0
2022-05-13,2022-05-13,SOBME,XT,5.11,5.11,5.11,5.11,4.87,1,1,5.0
2022-05-13,2022-05-13,TTGIL,X,2.05,2.24,2.05,2.16,2.15,57,16588,36109.0
2022-05-13,2022-05-13,ZSARACOM,X,2559.95,2566.0,2559.95,2566.0,2520.0,2,2,5125.0
2022-05-13,2022-05-13,SKYBIOTECH,XT,28.95,28.95,28.95,28.95,28.95,1,1,28.0
2022-05-13,2022-05-13,ROYALIND,X,2.86,3.0,2.85,2.88,3.0,85,12315,35540.0
2022-05-13,2022-05-13,DHANSAFAL,X,2.7,2.83,2.7,2.83,2.7,295,118971,334822.0
2022-05-13,2022-05-13,VISVEN,XT,41.9,41.9,41.9,41.9,44.0,1,50,2095.0
2022-05-13,2022-05-13,DECNGOLD,X,23.8,25.25,23.8,24.2,23.2,203,37355,908839.0
2022-05-13,2022-05-13,UPL,A,767.55,795.0,767.55,782.4,766.35,2782,108524,85490843.0
2022-05-13,2022-05-13,CRANESSOFT,X,2.7,2.84,2.7,2.83,2.71,224,94937,265394.0
2022-05-13,2022-05-13,AVIVA,X,38.35,38.35,38.2,38.35,37.6,13,540,20692.0
2022-05-13,2022-05-13,ROSEMER,X,5.19,5.19,5.19,5.19,4.95,1,10,51.0
2022-05-13,2022-05-13,SIGIND,B,36.55,38.9,36.5,37.05,36.6,158,5057,191018.0
2022-05-13,2022-05-13,SECURKLOUD,B,69.95,69.95,65.85,66.8,66.1,303,5098,341483.0
2022-05-13,2022-05-13,ABANSENT,X,98.9,100.0,95.35,100.0,96.15,14,398,39390.0
2022-05-13,2022-05-13,CAPRICORN,XT,9.7,9.7,9.03,9.03,9.5,10,631,6093.0
2022-05-13,2022-05-13,VAMA,X,8.28,8.54,7.88,7.91,8.29,1090,385138,3068888.0
2022-05-13,2022-05-13,SUNTECK,A,405.0,409.7,382.6,390.15,400.3,5536,71166,28272964.0
2022-05-13,2022-05-13,SILVERO,Z,2.5,2.55,2.41,2.55,2.43,35,25011,61537.0
2022-05-13,2022-05-13,STEPHANOTIS,X,51.4,51.4,46.55,48.0,49.0,12,483,22878.0
2022-05-13,2022-05-13,PRISMMEDI,X,6.65,7.77,6.65,7.42,7.16,59,9631,69283.0
2022-05-13,2022-05-13,VERITAS,XT,112.8,117.35,112.75,113.0,115.05,86,8407,971299.0
2022-05-13,2022-05-13,JAICORPLTD,A,116.0,120.95,115.35,116.5,114.0,5941,515923,61011152.0
2022-05-13,2022-05-13,ASHCAP,X,5.17,5.97,5.17,5.88,5.43,265,54491,305734.0
2022-05-13,2022-05-13,SVARTCORP,X,4.85,5.58,4.85,5.58,5.08,258,86380,458323.0
2022-05-13,2022-05-13,MMWL,XT,9.69,9.98,9.15,9.91,9.51,374,54610,541693.0
2022-05-13,2022-05-13,NNTL,Z,30.85,30.85,30.75,30.8,29.4,43,4638,142937.0
2022-05-13,2022-05-13,BHAGYANGR,B,40.0,41.85,37.85,39.0,38.75,294,8175,318403.0
2022-05-13,2022-05-13,CHMBBRW,X,3.18,3.18,2.88,3.01,3.03,64,38570,115221.0
2022-05-13,2022-05-13,SGMART,XT,415.15,437.0,415.15,437.0,437.0,9,79,32993.0
2022-05-13,2022-05-13,ARAVALIS,X,6.25,6.7,6.24,6.5,6.12,37,5738,37108.0
2022-05-13,2022-05-13,SWORDEDGE,XT,0.67,0.72,0.67,0.7,0.7,1593,1196891,836590.0
2022-05-13,2022-05-13,CRSL,XT,36.1,36.1,36.1,36.1,38.0,490,30613,1105129.0
2022-05-13,2022-05-13,STARTECK,B,125.05,130.15,122.55,123.25,128.95,93,2346,291100.0
2022-05-13,2022-05-13,SHARDUL,X,83.55,90.9,83.55,90.9,87.1,6,791,66615.0
2022-05-13,2022-05-13,SERA,X,78.5,78.75,75.05,78.0,75.0,48,2423,187197.0
2022-05-13,2022-05-13,NIRAVCOM,X,440.0,440.0,385.5,385.5,370.0,3,26,11385.0
2022-05-13,2022-05-13,APOLLOFI,X,677.0,700.0,634.15,682.7,642.85,96,748,497185.0
2022-05-13,2022-05-13,SHRJAGP,X,796.05,874.6,796.05,853.1,795.95,200,2384,2013041.0
2022-05-13,2022-05-13,LLOYDSME,T,155.0,160.8,152.9,152.9,160.9,2365,681868,105682497.0
2022-05-13,2022-05-13,LLOYDSENT,X,7.11,7.82,7.11,7.82,7.45,369,128454,966083.0
2022-05-13,2022-05-13,BETXIND,X,75.0,78.4,71.7,74.1,79.65,55,3091,225996.0
2022-05-13,2022-05-13,POLYTEX,X,3.89,4.28,3.89,4.15,4.08,28,3540,14426.0
2022-05-13,2022-05-13,DHANCOT,X,83.9,86.35,78.6,81.75,82.25,64,1923,161400.0
2022-05-13,2022-05-13,OASISEC,X,68.9,69.0,68.9,69.0,69.0,2,120,8270.0
2022-05-13,2022-05-13,GARNETINT,XT,56.25,60.0,56.25,59.7,59.15,17,523,31264.0
2022-05-13,2022-05-13,SHALPRO,X,0.78,0.78,0.78,0.78,0.79,2901,1446984,1128647.0
2022-05-13,2022-05-13,DONEAR,B,48.0,50.0,47.85,48.6,48.35,124,2579,125344.0
2022-05-13,2022-05-13,SUPER,X,685.05,720.95,685.05,710.0,698.7,13,182,127809.0
2022-05-13,2022-05-13,VIYASH,A,114.95,115.35,110.4,112.15,112.35,2205,303651,34246037.0
2022-05-13,2022-05-13,STCINDIA,B,87.3,89.85,86.9,87.75,85.25,137,18999,1695103.0
2022-05-13,2022-05-13,KOHINOOR,T,24.6,24.6,24.6,24.6,23.45,47,14096,346761.0
2022-05-13,2022-05-13,AVANTIFEED,A,464.0,475.0,436.95,458.4,457.65,8199,153551,70359277.0
2022-05-13,2022-05-13,ZODJRDMKJ,X,33.8,33.8,32.0,32.15,31.95,8,264,8538.0
2022-05-13,2022-05-13,SITAENT,X,19.0,19.0,17.55,18.8,18.15,45,1537,28583.0
2022-05-13,2022-05-13,MANBRO,XT,9.14,9.14,9.14,9.14,9.33,1,1,9.0
2022-05-13,2022-05-13,KEYFINSERV,B,90.1,92.5,87.4,89.1,84.75,151,1755,155262.0
2022-05-13,2022-05-13,ADANIENT,A,2084.75,2133.45,2035.85,2055.05,2042.6,3778,63221,132484543.0
2022-05-13,2022-05-13,ASTALLTD,XT,24.55,24.55,22.25,22.25,23.4,8,2178,49781.0
2022-05-13,2022-05-13,HARIAEXPO,X,6.15,6.19,5.89,5.89,6.19,24,2013,12027.0
2022-05-13,2022-05-13,BHANDARI,B,5.1,5.53,5.1,5.53,5.03,363,177944,964809.0
2022-05-13,2022-05-13,RLF,XT,5.76,6.23,5.76,5.76,6.06,29,2124,12262.0
2022-05-13,2022-05-13,REGENTRP,X,2.25,2.32,2.13,2.24,2.21,161,90192,204648.0
2022-05-13,2022-05-13,ORBTEXP,B,102.75,105.1,98.75,98.75,99.65,420,16473,1687464.0
2022-05-13,2022-05-13,SAVERA,X,50.95,50.95,46.85,48.35,48.6,21,1763,85415.0
2022-05-13,2022-05-13,CHROME,XT,36.3,39.2,36.3,37.6,37.95,22,2921,111127.0
2022-05-13,2022-05-13,TATASTLLP,A,647.1,650.35,637.55,642.0,631.3,520,3372,2170199.0
2022-05-13,2022-05-13,NAVA,A,140.45,144.5,134.55,135.95,136.5,2594,123958,17459765.0
2022-05-13,2022-05-13,REMIEDEL,X,36.0,36.55,35.05,35.2,36.0,8,199,7083.0
2022-05-13,2022-05-13,GSAUTO,X,11.6,12.21,11.59,12.21,11.1,30,2613,30835.0
2022-05-13,2022-05-13,TRANSFRE,XT,16.05,16.1,15.2,15.2,15.35,8,932,14993.0
2022-05-13,2022-05-13,SBCL,B,429.7,438.1,402.0,418.75,392.45,1539,23617,9912671.0
2022-05-13,2022-05-13,GANDHITUBE,B,342.75,350.0,338.0,342.2,335.3,48,277,94617.0
2022-05-13,2022-05-13,AMFORG,X,5.79,5.79,5.4,5.76,5.77,33,5848,33441.0
2022-05-13,2022-05-13,ORICONENT,B,27.35,28.8,27.05,27.5,27.65,197,11386,319133.0
2022-05-13,2022-05-13,STLSTRINF,X,28.0,28.0,25.5,26.95,26.8,40,3205,86292.0
2022-05-13,2022-05-13,NATSTLAGRO,T,3.68,4.05,3.68,4.05,3.86,7,17863,72214.0
2022-05-13,2022-05-13,UTTAMGALVA,B,4.26,4.26,3.94,4.01,4.06,347,418044,1734935.0
2022-05-13,2022-05-13,PENIND,B,36.0,36.2,34.4,34.55,35.35,1021,91295,3225737.0
2022-05-13,2022-05-13,JYOTISTRUC,Z,15.55,16.9,15.55,16.4,16.1,120,36603,608787.0
2022-05-13,2022-05-13,JAYUSH,X,469.55,469.55,469.55,469.55,447.9,1,1,469.0
2022-05-13,2022-05-13,SSWL,B,770.0,806.95,733.0,741.05,747.8,4909,51172,39683908.0
2022-05-13,2022-05-13,MANINDS,B,80.45,83.85,80.35,80.6,78.2,648,20462,1680359.0
2022-05-13,2022-05-13,IMEC,XT,1.87,1.96,1.78,1.87,1.87,21,11528,21502.0
2022-05-13,2022-05-13,MDRNSTL,X,20.8,21.35,19.35,19.5,20.35,40,4310,90377.0
2022-05-13,2022-05-13,GOLKONDA,Z,20.6,20.6,20.6,20.6,19.65,12,824,16974.0
2022-05-13,2022-05-13,METALFORGE,Z,4.32,4.6,4.3,4.49,4.51,22,6647,29090.0
2022-05-13,2022-05-13,GFSTEELS,B,3.11,3.11,3.11,3.11,2.97,3,1001,3113.0
2022-05-13,2022-05-13,AJMERA,B,307.55,307.9,274.2,281.85,299.15,2063,26042,7773296.0
2022-05-13,2022-05-13,COCHINM,X,101.8,109.7,99.1,103.0,99.1,58,2508,260115.0
2022-05-13,2022-05-13,INDIAHOMES,X,2.75,3.0,2.55,2.88,2.79,867,309085,867149.0
2022-05-13,2022-05-13,KVFORGE,X,50.0,50.0,46.4,46.5,48.25,41,1861,87809.0
2022-05-13,2022-05-13,CARBORUNIV,A,743.8,743.8,718.2,730.15,729.2,1039,4968,3612594.0
2022-05-13,2022-05-13,MMTC,A,39.3,39.45,38.45,38.6,38.6,3500,369112,14412750.0
2022-05-13,2022-05-13,ASHIS,X,21.1,21.95,19.75,20.05,21.1,16,1549,30991.0
2022-05-13,2022-05-13,PMTELELIN,XT,3.88,3.88,3.7,3.79,3.7,14,12914,49854.0
2022-05-13,2022-05-13,SMFIL,X,4.45,4.52,4.18,4.21,4.4,120,26412,111578.0
2022-05-13,2022-05-13,MAITRI,XT,44.25,46.1,42.05,46.1,44.25,27,1614,67919.0
2022-05-13,2022-05-13,TATAMETALI,A,716.85,726.35,704.0,707.35,705.75,860,5777,4128602.0
2022-05-13,2022-05-13,SHAHALLOYS,B,72.2,73.55,70.25,73.55,70.05,44,2949,215613.0
2022-05-13,2022-05-13,JSWISPL,B,29.4,30.25,29.05,29.35,28.7,2148,344635,10258103.0
2022-05-13,2022-05-13,ELANGO,XT,8.75,8.95,8.13,8.34,8.55,21,1320,11512.0
2022-05-13,2022-05-13,KANSHST,XT,32.95,35.2,32.75,34.5,34.45,29,20193,682450.0
2022-05-13,2022-05-13,MAHALXSE,Z,10.2,10.2,9.7,10.0,10.2,8,1265,12669.0
2022-05-13,2022-05-13,SIMPLEXCAS,X,41.8,43.05,38.8,38.85,41.25,22,902,36607.0
2022-05-13,2022-05-13,SSWRL,X,22.1,23.25,21.5,23.0,21.4,18,1206,26614.0
2022-05-13,2022-05-13,SOUTHMG,XT,28.0,28.0,28.0,28.0,29.45,1,1,28.0
2022-05-13,2022-05-13,BAROEXT,X,3.46,4.14,3.46,3.99,3.79,225,65170,254943.0
2022-05-13,2022-05-13,KALYANIFRG,T,166.5,176.35,166.45,175.9,170.9,5,62,10340.0
2022-05-13,2022-05-13,PANCHMAHQ,X,137.0,154.4,137.0,148.9,138.9,178,20909,3076271.0
2022-05-13,2022-05-13,ADITYA,X,11.08,11.09,10.15,11.09,11.09,11,1308,14497.0
2022-05-13,2022-05-13,SRIND,X,2.06,2.06,1.88,1.9,2.07,26,8308,16284.0
2022-05-13,2022-05-13,STEELCAS,B,311.85,322.95,311.85,322.95,305.05,21,229,72586.0
2022-05-13,2022-05-13,PITTIENG,B,244.7,264.4,244.7,254.1,241.0,4567,147230,37762286.0
2022-05-13,2022-05-13,GLITTEKG,X,3.29,3.61,3.29,3.59,3.29,8,12565,41636.0
2022-05-13,2022-05-13,PRADPME,X,85.95,88.8,84.8,88.8,80.75,197,11739,1030163.0
2022-05-13,2022-05-13,GNRL,X,20.3,21.4,19.6,20.7,20.7,74,9385,192805.0
2022-05-13,2022-05-13,SHRDAIS,XT,69.0,69.0,69.0,69.0,68.35,2,2,138.0
2022-05-13,2022-05-13,MAHASTEEL,B,66.4,68.5,65.2,66.95,66.4,119,2175,145037.0
2022-05-13,2022-05-13,HINDCOPPER,A,94.7,95.75,91.6,92.1,92.15,4177,344630,32423271.0
2022-05-13,2022-05-13,AXELPOLY,XT,41.0,41.0,37.55,39.9,39.5,7,603,23414.0
2022-05-13,2022-05-13,NLCINDIA,A,71.2,73.75,71.2,71.75,70.35,7179,776539,56203941.0
2022-05-13,2022-05-13,SPECTRA,X,8.97,8.97,8.97,8.97,8.55,4,2512,22532.0
2022-05-13,2022-05-13,KAJARIR,X,59.0,59.85,57.05,57.7,57.65,103,7380,431335.0
2022-05-13,2022-05-13,SOLIDSTON,X,29.0,29.0,27.6,28.35,29.0,20,633,17790.0
2022-05-13,2022-05-13,SHILGRAVQ,X,87.45,93.6,87.45,88.2,87.4,23,319,28665.0
2022-05-13,2022-05-13,WHITEORG,X,11.48,11.6,10.51,10.52,11.06,412,206271,2236825.0
2022-05-13,2022-05-13,MFSINTRCRP,X,14.1,14.95,13.65,13.65,14.35,91,12264,168348.0
2022-05-13,2022-05-13,AROGRANITE,B,42.5,44.2,42.0,43.2,41.75,211,9538,413362.0
2022-05-13,2022-05-13,RUDRAECO,X,4.67,4.8,4.5,4.8,4.58,61,5108,24071.0
2022-05-13,2022-05-13,RAJKSYN,XT,30.0,30.0,28.4,30.0,28.85,20,2417,68988.0
2022-05-13,2022-05-13,DEEPAKSP,X,243.0,255.0,243.0,246.2,242.15,194,7067,1774214.0
2022-05-13,2022-05-13,JBFINDLTD,B,11.92,12.25,11.92,12.25,11.67,36,8710,106196.0
2022-05-13,2022-05-13,LOYALTEX,X,1069.0,1075.0,1056.0,1074.3,1025.6,20,105,112480.0
2022-05-13,2022-05-13,HIMATSEIDE,A,118.75,122.5,115.3,118.15,116.15,1588,53036,6371196.0
2022-05-13,2022-05-13,BSL,B,116.7,118.45,110.75,111.45,112.85,250,4039,463259.0
2022-05-13,2022-05-13,PBMPOLY,X,124.1,134.9,121.5,129.0,129.0,42,848,109530.0
2022-05-13,2022-05-13,ADINATH,XT,41.7,42.65,41.7,42.65,40.65,122,6329,268559.0
2022-05-13,2022-05-13,SURYALA,X,315.0,328.8,310.0,318.6,324.5,42,729,235518.0
2022-05-13,2022-05-13,SURYVANSP,X,17.0,17.25,17.0,17.25,17.4,8,1409,24226.0
2022-05-13,2022-05-13,TTL,B,91.25,92.8,88.0,88.5,89.45,142,4528,412567.0
2022-05-13,2022-05-13,WELSPUNLIV,A,69.0,69.0,64.7,67.2,66.05,7907,1265656,84076558.0
2022-05-13,2022-05-13,INDIANACRY,X,12.58,12.88,12.45,12.61,12.31,318,143367,1804751.0
2022-05-13,2022-05-13,GANECOS,B,699.0,699.0,672.05,678.45,666.65,540,2990,2034073.0
2022-05-13,2022-05-13,CEETAIN,XT,15.26,15.26,15.2,15.26,15.26,7,311,4738.0
2022-05-13,2022-05-13,VARDMNPOLY,B,22.8,25.1,22.8,24.4,23.95,36,707,17543.0
2022-05-13,2022-05-13,BLACKROSE,B,183.0,188.35,181.85,183.35,182.95,1543,34546,6395364.0
2022-05-13,2022-05-13,STCORP,XT,53.1,53.1,53.1,53.1,50.6,15,703,37329.0
2022-05-13,2022-05-13,SUMEETINDS,B,8.65,8.9,8.65,8.84,8.48,109,27527,243076.0
2022-05-13,2022-05-13,BINNY,X,329.6,329.85,299.5,311.9,315.25,254,12766,3905945.0
2022-05-13,2022-05-13,RAMGOPOLY,XT,9.11,9.11,8.25,8.25,8.68,30,3024,26250.0
2022-05-13,2022-05-13,SANGAMIND,B,297.9,306.9,289.65,296.55,282.75,451,4706,1398120.0
2022-05-13,2022-05-13,MKVENTURES,XT,773.95,773.95,700.55,736.5,737.35,38,361,258571.0
2022-05-13,2022-05-13,KUSHIND,XT,3.05,3.37,3.05,3.13,3.21,31,13147,40472.0
2022-05-13,2022-05-13,ZENIFIB,X,54.5,56.25,54.5,55.85,54.0,16,515,28412.0
2022-05-13,2022-05-13,BHILSPIN,X,32.85,35.3,30.35,34.2,32.1,48,3755,120664.0
2022-05-13,2022-05-13,VGL,B,25.9,25.9,23.85,24.35,24.3,42,1690,41225.0
2022-05-13,2022-05-13,SANTETX,XT,60.85,61.05,60.85,60.9,64.0,16,2004,122088.0
2022-05-13,2022-05-13,ASHIMASYN,B,13.4,13.9,12.45,12.64,12.47,339,91680,1219292.0
2022-05-13,2022-05-13,PIONEEREMB,B,43.9,45.4,43.85,44.4,42.6,81,2395,106891.0
2022-05-13,2022-05-13,VIPPYSP,X,118.95,118.95,107.05,110.15,117.95,25,1483,173498.0
2022-05-13,2022-05-13,JAIHIND,XT,25.3,27.75,25.3,27.3,26.6,41,15491,414711.0
2022-05-13,2022-05-13,RAGHUSYN,X,141.3,150.0,140.0,145.3,144.15,286,53974,7669083.0
2022-05-13,2022-05-13,KAMADGIRI,XT,61.5,61.5,58.45,60.0,61.5,17,2579,154685.0
2022-05-13,2022-05-13,PATSPINLTD,X,8.49,8.75,8.36,8.72,8.34,63,11892,103011.0
2022-05-13,2022-05-13,ONEGLOBAL,X,56.0,56.85,55.0,56.75,54.15,68,5273,297224.0
2022-05-13,2022-05-13,NEOINFRA,X,12.45,12.65,11.65,11.7,12.25,131,92166,1095571.0
2022-05-13,2022-05-13,PREMIERPOL,B,93.35,94.95,84.0,85.1,91.45,245,4439,391158.0
2022-05-13,2022-05-13,EVERFIN,X,35.85,35.85,33.0,33.75,32.6,27,1005,35910.0
2022-05-13,2022-05-13,KRRAIL,X,23.0,24.15,23.0,23.0,23.05,30,2878,68019.0
2022-05-13,2022-05-13,GUJCOTEX,XT,6.69,6.69,6.69,6.69,7.04,83,6520,43618.0
2022-05-13,2022-05-13,AJIL,Z,25.25,27.7,25.25,26.45,26.5,24,1187,31386.0
2022-05-13,2022-05-13,GARWSYN,X,14.05,15.9,14.05,15.9,15.45,22,7976,125348.0
2022-05-13,2022-05-13,SARUPINDUS,XT,24.0,24.0,24.0,24.0,24.95,2,18,432.0
2022-05-13,2022-05-13,MANORG,B,791.8,791.8,747.05,764.1,759.15,190,1500,1150080.0
2022-05-13,2022-05-13,HINDADH,X,487.95,513.85,485.0,513.85,489.4,83,1647,829691.0
2022-05-13,2022-05-13,SRIKPRIND,X,24.6,24.6,22.4,24.3,23.6,28,676,16216.0
2022-05-13,2022-05-13,JYOTIRES,X,1910.0,2005.0,1910.0,1950.15,1914.1,350,3046,6018524.0
2022-05-13,2022-05-13,MHLXMIRU,B,119.2,122.7,118.95,119.2,117.95,37,351,42559.0
2022-05-13,2022-05-13,SOUTLAT,XT,14.45,14.45,14.45,14.45,14.45,4,165,2384.0
2022-05-13,2022-05-13,WINSOMTX,B,88.55,93.85,88.05,89.75,86.65,231,10257,931702.0
2022-05-13,2022-05-13,MODINSU,XT,48.0,48.5,45.05,47.7,47.0,25,3139,145727.0
2022-05-13,2022-05-13,ASAHIINDIA,A,393.8,410.2,393.8,404.65,387.45,1855,22617,9099582.0
2022-05-13,2022-05-13,MURUDCERA,B,23.85,24.5,23.05,23.15,23.25,131,5834,139420.0
2022-05-13,2022-05-13,SEKURITIND,X,74.5,77.5,74.5,76.25,73.05,774,53048,4043024.0
2022-05-13,2022-05-13,ANANTRAJ,A,49.8,52.75,49.4,51.75,48.75,2922,294140,14998657.0
2022-05-13,2022-05-13,MADHUDIN,X,24.55,26.8,24.55,26.1,24.65,19,794,20750.0
2022-05-13,2022-05-13,RESTILE,X,2.74,2.74,2.49,2.68,2.62,24,745,1919.0
2022-05-13,2022-05-13,MADHAV,B,49.7,50.0,47.35,48.0,47.85,36,1581,76924.0
2022-05-13,2022-05-13,RAMASIGNS,X,3.97,3.97,3.72,3.75,3.91,102,61477,234544.0
2022-05-13,2022-05-13,HINDNATGLS,T,13.75,15.0,13.75,14.0,14.45,167,38203,536073.0
2022-05-13,2022-05-13,HALDYNGL,X,40.4,40.75,38.3,39.3,38.05,250,56318,2231542.0
2022-05-13,2022-05-13,DUROPLY,X,103.2,107.95,98.85,98.95,104.05,91,7010,707613.0
2022-05-13,2022-05-13,SHREYANIND,B,112.75,119.95,103.0,113.0,112.65,160,4255,481965.0
2022-05-13,2022-05-13,STARPAPER,B,156.95,156.95,148.25,149.75,152.4,672,8306,1276361.0
2022-05-13,2022-05-13,PAKKA,X,79.0,86.0,79.0,82.8,78.85,240,26337,2187980.0
2022-05-13,2022-05-13,NATPLY,Z,9.38,9.38,8.94,8.94,8.94,6,62,554.0
2022-05-13,2022-05-13,ARROWGREEN,B,94.7,102.8,94.0,96.75,94.75,33,621,61370.0
2022-05-13,2022-05-13,VISHNU,T,1280.0,1391.35,1280.0,1311.8,1325.1,234,63919,82103276.0
2022-05-13,2022-05-13,JUMBO,X,23.3,24.2,22.15,22.2,23.3,44,5170,117540.0
2022-05-13,2022-05-13,NRAIL,B,250.0,250.0,230.0,230.05,226.2,48,440,102099.0
2022-05-13,2022-05-13,3PLAND,T,15.45,15.45,14.1,14.1,14.8,11,2158,30824.0
2022-05-13,2022-05-13,SANPA,XT,90.25,95.0,90.25,95.0,95.0,3,8,736.0
2022-05-13,2022-05-13,VENTURA,XT,5.7,5.7,5.7,5.7,6.0,2,101,575.0
2022-05-13,2022-05-13,SHKARTP,XT,6.35,6.35,6.3,6.3,6.35,2,11,69.0
2022-05-13,2022-05-13,STHINPA,X,149.95,151.0,141.5,144.65,145.05,62,2739,399717.0
2022-05-13,2022-05-13,FAMILYCARE,X,18.0,19.25,17.8,18.85,18.35,151,117872,2221409.0
2022-05-13,2022-05-13,VINDHYATEL,A,934.15,968.8,930.6,953.7,921.5,47,176,167980.0
2022-05-13,2022-05-13,RIR,X,225.9,226.9,222.0,226.9,216.1,114,2230,504240.0
2022-05-13,2022-05-13,ADOR,B,611.85,611.85,600.0,604.15,599.35,66,313,189854.0
2022-05-13,2022-05-13,IDM,XT,10.0,10.0,10.0,10.0,10.0,2,7,70.0
2022-05-13,2022-05-13,SALZERELEC,B,181.95,188.7,179.4,180.65,180.25,359,10549,1941067.0
2022-05-13,2022-05-13,JETKINGQ,X,48.3,48.3,43.15,43.75,46.05,41,3129,137564.0
2022-05-13,2022-05-13,APLAB,X,20.6,20.6,20.55,20.55,19.85,5,13,267.0
2022-05-13,2022-05-13,PCS,X,16.8,17.25,16.3,16.95,16.45,53,3834,64554.0
2022-05-13,2022-05-13,USHAMART,A,120.0,126.9,120.0,121.5,120.75,4677,142365,17568312.0
2022-05-13,2022-05-13,SPELS,XT,56.65,57.95,55.0,56.75,55.5,755,33909,1922429.0
2022-05-13,2022-05-13,SUBROS,A,305.7,310.95,300.05,303.5,300.9,116,1107,338950.0
2022-05-13,2022-05-13,HONAUT,A,36000.0,36088.95,34103.0,34310.25,37209.95,592,1161,40711452.0
2022-05-13,2022-05-13,SWITCHTE,X,38.85,40.05,36.25,37.15,38.15,14,74,2905.0
2022-05-13,2022-05-13,LUMAXIND,B,883.7,885.0,864.1,873.7,871.95,99,635,558816.0
2022-05-13,2022-05-13,DIGISPICE,B,28.25,29.8,28.0,28.3,28.0,174,8502,243599.0
2022-05-13,2022-05-13,AURIQUE,X,5.69,5.85,5.4,5.54,5.69,27,4174,23410.0
2022-05-13,2022-05-13,CALCOM,XT,101.0,107.9,101.0,105.15,102.8,71,17354,1852668.0
2022-05-13,2022-05-13,DYNAVSN,XT,131.25,131.25,131.25,131.25,125.0,1,10,1312.0
2022-05-13,2022-05-13,BCCFUBA,XT,20.0,21.0,19.0,19.15,20.0,31,3059,59328.0
2022-05-13,2022-05-13,PRECISIO,XT,31.3,31.3,31.3,31.3,32.85,3,399,12488.0
2022-05-13,2022-05-13,FINELINE,X,51.9,52.5,48.6,52.0,50.15,20,533,27542.0
2022-05-13,2022-05-13,HBLENGINE,B,72.05,74.25,69.75,70.4,71.0,3192,440287,31991179.0
2022-05-13,2022-05-13,GUJARATPOLY,X,32.4,32.45,30.05,31.5,30.95,40,3831,122064.0
2022-05-13,2022-05-13,GIPCL,B,85.0,87.05,84.0,84.2,83.4,408,13910,1185256.0
2022-05-13,2022-05-13,CMICABLES,B,28.05,31.15,28.05,29.65,29.7,86,2715,81534.0
2022-05-13,2022-05-13,MOTHERSON,A,116.0,120.95,116.0,117.25,114.9,8807,807575,95847164.0
2022-05-13,2022-05-13,MINDTECK,B,126.5,137.3,126.5,132.9,124.9,345,6609,883585.0
2022-05-13,2022-05-13,HAVELLS,A,1205.1,1255.3,1205.1,1235.0,1199.35,3111,65525,81195180.0
2022-05-13,2022-05-13,ACIIN,XT,2.16,2.16,2.16,2.16,2.27,441,164288,354862.0
2022-05-13,2022-05-13,INCAP,XT,38.65,38.65,38.65,38.65,36.85,1,25,966.0
2022-05-13,2022-05-13,GUJINTRX,X,129.95,129.95,120.3,120.3,120.6,4,261,31904.0
2022-05-13,2022-05-13,IGARASHI,B,299.75,315.75,298.2,309.95,294.45,632,5231,1606928.0
2022-05-13,2022-05-13,SYMPHONY,A,1025.25,1059.15,1016.45,1052.65,1003.9,904,3654,3796811.0
2022-05-13,2022-05-13,PANELEC,X,31.55,31.55,28.55,28.65,30.05,14,1160,33549.0
2022-05-13,2022-05-13,LEENEE,X,10.0,10.99,10.0,10.99,10.47,164,24481,266732.0
2022-05-13,2022-05-13,PATELSAI,X,215.0,215.0,197.5,207.85,203.3,152,11785,2400749.0
2022-05-13,2022-05-13,BUTTERFLY,B,1407.7,1414.0,1401.4,1406.65,1404.9,285,1886,2658779.0
2022-05-13,2022-05-13,ATHENAGLO,XT,73.35,73.35,67.5,67.5,71.05,7,5124,346343.0
2022-05-13,2022-05-13,NARMP,XT,10.1,10.1,10.1,10.1,10.6,4,111,1121.0
2022-05-13,2022-05-13,DUTRON,XT,128.0,128.3,121.95,121.95,128.35,4,406,51590.0
2022-05-13,2022-05-13,RSSOFTWARE,B,26.05,27.8,26.05,26.95,26.05,293,8626,230605.0
2022-05-13,2022-05-13,MAGNAELQ,X,185.0,188.95,185.0,188.15,185.0,23,3012,567913.0
2022-05-13,2022-05-13,ELNET,X,155.25,168.3,155.25,162.15,153.4,17,231,37435.0
2022-05-13,2022-05-13,ACCEL,X,21.5,21.85,20.85,21.15,20.85,185,32541,702055.0
2022-05-13,2022-05-13,WEBELSOLAR,T,90.05,99.3,90.05,97.1,94.65,508,22795,2202427.0
2022-05-13,2022-05-13,ROTO,B,417.1,428.2,410.25,412.05,410.3,290,4406,1847731.0
2022-05-13,2022-05-13,TTKPRESTIG,A,794.0,811.0,776.4,802.15,769.0,1639,10704,8475870.0
2022-05-13,2022-05-13,DHINDIA,X,30.0,30.0,25.1,28.4,29.1,13,1293,37337.0
2022-05-13,2022-05-13,RAJRATAN,T,592.0,649.0,592.0,632.65,618.15,230,2955,1872912.0
2022-05-13,2022-05-13,SURANAT&P,B,10.38,11.39,10.38,10.75,10.92,302,61004,661475.0
2022-05-13,2022-05-13,ONWARDTEC,B,307.15,307.15,280.05,292.9,297.5,232,3385,1009918.0
2022-05-13,2022-05-13,CENTUM,B,439.4,440.0,420.25,420.8,414.0,19,23,9846.0
2022-05-13,2022-05-13,ALFATRAN,X,7.67,7.67,7.29,7.29,7.67,5,3520,25668.0
2022-05-13,2022-05-13,STARLITE,Z,6.48,6.48,6.16,6.16,6.48,20,8540,52638.0
2022-05-13,2022-05-13,NHCFOODS,X,16.5,17.75,16.5,17.35,16.25,98,11205,191991.0
2022-05-13,2022-05-13,PVP,T,5.34,5.4,5.34,5.4,5.15,45,61649,332344.0
2022-05-13,2022-05-13,TRIGYN,B,101.05,108.5,101.05,104.35,101.05,1469,39544,4159264.0
2022-05-13,2022-05-13,KEI,A,1095.0,1159.3,1074.45,1146.5,1053.65,4175,32541,36429481.0
2022-05-13,2022-05-13,IMPPOWERS,T,11.9,12.49,11.75,12.47,11.9,20,2727,33909.0
2022-05-13,2022-05-13,KEERTHI,XT,159.0,159.0,150.75,155.0,158.65,54,2003,306915.0
2022-05-13,2022-05-13,BHEEMACEM,XT,69.2,69.2,69.2,69.2,67.85,8,25,1730.0
2022-05-13,2022-05-13,GUJSIDHCEM,B,39.3,40.35,39.3,39.45,37.75,232,5520,218803.0
2022-05-13,2022-05-13,SURAJ,Z,111.7,123.05,111.35,116.4,117.2,116,6025,721049.0
2022-05-13,2022-05-13,APCL,B,220.0,235.9,220.0,226.7,240.1,253,3412,778023.0
2022-05-13,2022-05-13,MODINATUR,X,212.0,221.85,202.95,206.95,212.0,299,22768,4771846.0
2022-05-13,2022-05-13,PRSNTIN,XT,11.88,11.88,11.88,11.88,11.82,2,401,4763.0
2022-05-13,2022-05-13,ZKHANDEN,XT,23.0,23.0,22.6,22.6,23.7,4,9,205.0
2022-05-13,2022-05-13,TASTYBITE,A,9976.0,10190.7,9975.95,10004.25,9951.55,43,64,643530.0
2022-05-13,2022-05-13,RITESHIN,XT,32.1,32.1,29.2,30.8,30.65,25,980,29974.0
2022-05-13,2022-05-13,AVTNPL,B,91.1,95.45,88.85,93.0,90.6,1277,30967,2862751.0
2022-05-13,2022-05-13,HNDFDS,A,1788.05,1811.7,1776.05,1794.85,1754.95,78,246,442344.0
2022-05-13,2022-05-13,NAHARINDUS,B,163.8,168.3,161.1,162.7,158.75,1459,40501,6680378.0
2022-05-13,2022-05-13,VADILENT,XT,1710.0,1850.0,1710.0,1805.0,1800.0,15,2151,3878460.0
2022-05-13,2022-05-13,VADILALIND,B,1715.9,1776.4,1672.4,1691.6,1697.55,623,1705,2947391.0
2022-05-13,2022-05-13,ASHAI,XT,7.21,7.21,6.85,6.85,7.21,3,225,1595.0
2022-05-13,2022-05-13,ADFFOODS,B,707.05,736.6,692.95,724.6,709.15,125,1553,1106643.0
2022-05-13,2022-05-13,RGRL,X,11.3,12.2,11.1,11.99,11.46,126,10478,124968.0
2022-05-13,2022-05-13,AJANTSOY,X,250.0,256.45,241.8,243.9,254.5,2299,112358,27699239.0
2022-05-13,2022-05-13,WILLAMAGOR,B,21.6,22.75,21.5,21.65,20.65,28,340,7512.0
2022-05-13,2022-05-13,KISAAN,X,3.1,3.42,3.1,3.35,3.26,21,3515,11699.0
2022-05-13,2022-05-13,SIEL,XT,30.3,31.8,30.3,30.3,30.3,11,864,26180.0
2022-05-13,2022-05-13,SANWARIA,Z,0.84,0.91,0.84,0.86,0.88,997,1495854,1308228.0
2022-05-13,2022-05-13,PRIMAGR,XT,27.6,29.4,27.05,29.4,28.4,14,668,18770.0
2022-05-13,2022-05-13,TARAI,XT,5.3,5.64,5.12,5.57,5.38,72,6529,34408.0
2022-05-13,2022-05-13,MODAIRY,X,7.55,8.63,7.55,8.56,7.85,120,19542,161855.0
2022-05-13,2022-05-13,BAMBINO,X,280.9,282.2,280.0,282.2,268.8,29,449,126386.0
2022-05-13,2022-05-13,PRIMIND,Z,7.97,8.36,7.58,8.25,7.97,18,1646,12484.0
2022-05-13,2022-05-13,VIKASWSP,Z,2.75,2.87,2.63,2.74,2.74,115,111070,306668.0
2022-05-13,2022-05-13,JATALIA,Z,5.15,5.25,5.15,5.25,5.25,4,206,1080.0
2022-05-13,2022-05-13,VSFPROJ,X,33.35,40.3,33.35,33.5,37.0,9,706,23605.0
2022-05-13,2022-05-13,POONADAL,XT,59.55,65.5,59.55,62.8,62.65,130,7709,489613.0
2022-05-13,2022-05-13,TRANSFD,X,72.4,72.4,68.0,68.0,69.0,5,130,9280.0
2022-05-13,2022-05-13,ANIKINDS,B,24.2,26.25,23.85,25.75,25.1,101,9027,223370.0
2022-05-13,2022-05-13,SHINDL,XT,51.5,51.5,50.85,50.85,49.15,4,500,25522.0
2022-05-13,2022-05-13,KMGMILK,P,21.0,21.0,21.0,21.0,21.0,1,100,2100.0
2022-05-13,2022-05-13,KSE,XT,2110.0,2148.0,2100.0,2118.3,2078.6,67,1059,2247739.0
2022-05-13,2022-05-13,NARBADA,X,38.5,42.9,38.5,42.0,41.5,20,467,18872.0
2022-05-13,2022-05-13,VIRATCRA,X,30.1,30.9,28.05,29.2,30.0,108,9046,270102.0
2022-05-13,2022-05-13,CHORDIA,X,140.0,140.0,130.1,134.6,138.9,5,26,3504.0
2022-05-13,2022-05-13,CIANAGRO,XT,66.0,68.0,66.0,68.0,69.45,5,477,31504.0
2022-05-13,2022-05-13,TAIIND,X,44.05,46.25,41.85,43.9,44.05,109,7620,329502.0
2022-05-13,2022-05-13,NKIND,B,34.6,34.6,34.6,34.6,32.3,1,1,34.0
2022-05-13,2022-05-13,BKV,XT,9.17,9.17,8.72,8.72,9.17,26,1598,14024.0
2022-05-13,2022-05-13,ASIANTNE,X,15.95,16.35,14.85,15.85,15.6,277,46648,731899.0
2022-05-13,2022-05-13,HERITGFOOD,A,306.85,306.85,289.2,290.6,290.05,2262,26549,7837331.0
2022-05-13,2022-05-13,SIMRAN,X,145.25,152.0,141.0,142.5,148.2,99,4899,718107.0
2022-05-13,2022-05-13,DFMFOODS,B,210.5,227.5,210.5,222.05,209.9,451,8345,1834800.0
2022-05-13,2022-05-13,CCL,A,323.8,334.0,323.8,329.85,324.8,1659,27455,9067945.0
2022-05-13,2022-05-13,KELLTONTEC,B,70.85,71.6,69.0,70.55,68.2,1406,83948,5973754.0
2022-05-13,2022-05-13,SURFI,XT,7.26,7.26,7.26,7.26,7.26,1,17,123.0
2022-05-13,2022-05-13,INTEGFD,XT,16.0,16.0,16.0,16.0,16.8,5,220,3520.0
2022-05-13,2022-05-13,LAKESHORE,X,20.25,20.4,20.25,20.4,20.25,5,185,3764.0
2022-05-13,2022-05-13,RICOAUTO,B,32.9,33.75,32.55,32.75,32.35,690,38680,1285570.0
2022-05-13,2022-05-13,OMAXAUTO,B,47.05,49.9,46.25,46.95,46.2,303,12356,601207.0
2022-05-13,2022-05-13,MUNJALSHOW,B,98.0,98.2,94.25,95.8,93.45,82,1277,122129.0
2022-05-13,2022-05-13,JAMNAAUTO,A,102.5,108.0,102.45,106.3,101.85,2486,104986,11131455.0
2022-05-13,2022-05-13,TVSHLTD,A,3607.0,3670.9,3553.1,3565.4,3609.8,49,96,346177.0
2022-05-13,2022-05-13,JTEKTINDIA,A,70.0,73.9,68.7,73.2,69.3,398,8697,618595.0
2022-05-13,2022-05-13,MUNJALAU,B,39.0,40.7,39.0,40.2,38.8,323,8847,354168.0
2022-05-13,2022-05-13,JAYBARMARU,B,133.35,133.35,125.6,126.05,127.0,131,2231,289538.0
2022-05-13,2022-05-13,RACLGEAR,X,588.25,615.0,588.25,596.25,589.55,208,8738,5280314.0
2022-05-13,2022-05-13,SAMKRG,X,137.0,139.0,135.5,137.4,135.85,50,1047,143853.0
2022-05-13,2022-05-13,ECSTSTL,P,58.35,58.35,58.35,58.35,61.4,1,100,5835.0
2022-05-13,2022-05-13,SICALLOG,B,10.09,11.04,10.09,10.82,10.09,273,68571,721454.0
2022-05-13,2022-05-13,RATNAMANI,A,2280.0,2422.0,2256.55,2384.05,2245.05,735,1898,4424467.0
2022-05-13,2022-05-13,VESUVIUS,A,989.0,1009.0,965.55,967.15,983.3,77,442,438999.0
2022-05-13,2022-05-13,ASAL,T,417.9,437.95,409.0,416.25,417.9,257,5487,2337749.0
2022-05-13,2022-05-13,ARCEEIN,X,6.39,6.7,6.3,6.7,6.39,12,310,1992.0
2022-05-13,2022-05-13,ABCINDQ,X,73.0,74.95,72.05,74.0,69.55,8,272,19700.0
2022-05-13,2022-05-13,BALTE,X,8.0,8.0,7.16,7.9,7.85,14,540,4265.0
2022-05-13,2022-05-13,SIBARAUT,X,8.3,8.69,8.01,8.17,8.43,24,1581,12826.0
2022-05-13,2022-05-13,TRANSWORLD,B,301.55,311.4,298.2,302.8,289.95,839,9400,2843897.0
2022-05-13,2022-05-13,STARLOG,X,9.96,9.96,9.47,9.96,9.96,20,2330,23100.0
2022-05-13,2022-05-13,TITANIN,X,28.8,28.8,28.8,28.8,27.45,40,10565,304272.0
2022-05-13,2022-05-13,ICIL,A,145.0,145.0,136.95,138.0,147.0,3723,97969,13816064.0
2022-05-13,2022-05-13,MARALOVER,B,79.95,79.95,71.4,73.25,78.75,208,15722,1181997.0
2022-05-13,2022-05-13,SOMATEX,T,6.75,7.19,6.69,6.71,7.04,20,2415,16348.0
2022-05-13,2022-05-13,ADVLIFE,XT,29.8,29.8,29.8,29.8,31.35,1,23,685.0
2022-05-13,2022-05-13,KAKTEX,XT,16.25,16.25,16.25,16.25,17.1,24,377,6126.0
2022-05-13,2022-05-13,OCTAVE,XT,2.17,2.17,2.17,2.17,2.28,11,5550,12043.0
2022-05-13,2022-05-13,TRIDENT,A,45.3,47.95,44.9,46.25,45.75,6990,851302,39755019.0
2022-05-13,2022-05-13,ALOKINDS,A,22.25,22.9,21.9,22.25,21.65,3615,2097495,46767338.0
2022-05-13,2022-05-13,PASARI,XT,4.85,4.85,4.84,4.85,4.62,14,2544,12336.0
2022-05-13,2022-05-13,CLCIND,Z,2.3,2.4,2.29,2.29,2.41,26,34927,80129.0
2022-05-13,2022-05-13,AMARJOTHI,X,159.85,171.0,155.55,163.1,153.1,90,3521,569333.0
2022-05-13,2022-05-13,OLYMPTX,X,35.0,37.45,33.0,33.25,35.0,36,2369,82162.0
2022-05-13,2022-05-13,NAGREEKEXP,B,49.05,52.2,49.05,49.95,49.75,158,7265,374322.0
2022-05-13,2022-05-13,SUDTIND-B,X,40.8,41.75,39.3,39.3,39.6,13,30347,1193144.0
2022-05-13,2022-05-13,SBFL,X,13.7,14.53,13.7,14.53,13.21,42,4547,65812.0
2022-05-13,2022-05-13,ADITYASP,XT,18.4,19.1,17.55,18.65,18.25,23,1050,19481.0
2022-05-13,2022-05-13,DHANFAB,XT,126.75,126.75,126.75,126.75,120.75,166,12582,1594768.0
2022-05-13,2022-05-13,SLSTLQ,X,52.0,59.0,52.0,58.95,57.5,11,702,38385.0
2022-05-13,2022-05-13,ZODIACLOTH,B,98.55,100.0,96.35,96.9,95.45,54,771,75810.0
2022-05-13,2022-05-13,SRMCL,X,26.5,26.95,26.0,26.0,25.75,12,1005,26498.0
2022-05-13,2022-05-13,SUPERSPIN,T,11.25,11.9,11.1,11.3,11.56,66,15461,177217.0
2022-05-13,2022-05-13,UNITEDTE,XT,11.81,12.04,10.9,11.99,11.47,36,4094,46643.0
2022-05-13,2022-05-13,SILINV,B,298.25,339.75,298.25,311.2,286.0,319,2546,830160.0
2022-05-13,2022-05-13,SURYALAXMI,B,65.85,67.0,64.65,64.95,64.75,118,2974,196708.0
2022-05-13,2022-05-13,SAMTEX,XT,3.59,3.75,3.42,3.75,3.58,203,65218,235074.0
2022-05-13,2022-05-13,CITYMAN,XT,6.05,6.35,6.05,6.05,6.05,14,4346,27510.0
2022-05-13,2022-05-13,DHANROTO,X,98.95,98.95,91.5,94.1,95.55,46,1579,150074.0
2022-05-13,2022-05-13,DAMODARIND,B,51.3,54.05,51.3,52.75,50.75,89,1852,97433.0
2022-05-13,2022-05-13,UNIROYAL,X,13.0,13.65,12.35,13.65,13.0,18,2135,28676.0
2022-05-13,2022-05-13,TATIAGLOB,X,2.49,2.68,2.4,2.59,2.49,229,75793,190666.0
2022-05-13,2022-05-13,SUNILTX,P,38.05,38.05,37.55,37.55,38.25,2,200,7560.0
2022-05-13,2022-05-13,SRINACHA,X,54.0,57.9,50.0,50.0,50.0,35,1420,73923.0
2022-05-13,2022-05-13,SAMBANDAM,X,205.25,210.0,205.25,210.0,203.35,33,627,131125.0
2022-05-13,2022-05-13,KANDAGIRI,X,17.5,17.5,17.5,17.5,17.5,4,552,9660.0
2022-05-13,2022-05-13,KITEX,B,224.5,237.9,222.65,227.95,219.15,2216,62251,14182694.0
2022-05-13,2022-05-13,CRANEX,X,15.9,16.6,15.9,16.4,15.85,45,7571,123116.0
2022-05-13,2022-05-13,BATLIBOI,X,37.1,38.0,37.1,37.5,37.0,26,6023,226007.0
2022-05-13,2022-05-13,AUSTENG,X,57.0,60.95,55.3,57.65,57.3,15,980,55796.0
2022-05-13,2022-05-13,UNIDT,B,438.0,438.0,412.85,416.65,407.55,689,4954,2083342.0
2022-05-13,2022-05-13,FLUIDOM,X,147.9,147.9,140.05,141.95,140.95,139,4250,609975.0
2022-05-13,2022-05-13,EMAINDIA,X,18.0,18.0,18.0,18.0,18.0,1,1,18.0
2022-05-13,2022-05-13,WINDMACHIN,B,34.3,38.95,34.25,37.55,33.55,442,23844,881298.0
2022-05-13,2022-05-13,SHANTIGEAR,B,215.3,224.0,209.3,211.95,209.1,3125,115466,24993694.0
2022-05-13,2022-05-13,MIVENMACH,XT,11.24,11.24,11.24,11.24,11.24,2,600,6744.0
2022-05-13,2022-05-13,HONDAPOWER,B,1367.3,1386.85,1337.05,1354.65,1342.05,126,654,894980.0
2022-05-13,2022-05-13,HITECHGEAR,B,198.95,198.95,186.35,187.75,186.05,66,842,163280.0
2022-05-13,2022-05-13,ELGIEQUIP,A,256.1,267.9,248.85,257.0,259.0,7068,112403,28851801.0
2022-05-13,2022-05-13,UVDRHOR,X,66.25,69.7,66.0,68.5,69.95,5,313,20716.0
2022-05-13,2022-05-13,KLBRENG-B,X,38.2,40.75,38.0,39.3,39.4,54,19300,759997.0
2022-05-13,2022-05-13,BIRLAPREC,XT,23.65,25.3,23.65,25.3,24.1,183,44041,1112722.0
2022-05-13,2022-05-13,YUKEN,B,503.15,504.05,472.1,481.15,501.5,55,478,238364.0
2022-05-13,2022-05-13,TIMKEN,A,1824.45,1925.0,1807.3,1866.45,1796.65,2569,5638,10594328.0
2022-05-13,2022-05-13,VOITHPAPR,X,1049.95,1075.0,1031.5,1051.0,1047.0,23,423,449709.0
2022-05-13,2022-05-13,ARTSON,XT,69.25,72.7,67.5,72.5,69.25,257,22580,1637903.0
2022-05-13,2022-05-13,SOLIMAC,X,53.0,54.0,51.25,53.4,51.45,46,1665,87593.0
2022-05-13,2022-05-13,INDSILHYD,X,79.0,82.5,79.0,80.95,78.8,149,23807,1934607.0
2022-05-13,2022-05-13,ITL,X,127.5,144.0,123.0,125.5,121.8,59,2246,286896.0
2022-05-13,2022-05-13,FRONTSP,X,288.0,315.0,288.0,309.15,293.2,91,2360,730419.0
2022-05-13,2022-05-13,PRAJIND,A,333.3,339.75,330.0,332.55,324.45,4108,109562,36669100.0
2022-05-13,2022-05-13,RASANDIK,X,89.8,93.5,89.8,91.2,89.1,46,2552,232181.0
2022-05-13,2022-05-13,YOGISUNG,X,4.99,5.35,4.95,4.99,4.99,9,2465,12301.0
2022-05-13,2022-05-13,HLEGLAS,A,4071.95,4071.95,3551.0,3603.1,3981.95,2337,4520,16771436.0
2022-05-13,2022-05-13,GUJAPOLLO,B,210.5,224.45,209.95,217.9,208.95,92,1910,417076.0
2022-05-13,2022-05-13,TANAA,X,107.65,111.0,105.0,109.15,105.5,428,23679,2560744.0
2022-05-13,2022-05-13,CONART,X,35.55,35.95,33.35,34.3,33.5,23,3372,117909.0
2022-05-13,2022-05-13,MMFL,B,815.6,821.75,800.85,808.35,803.9,221,543,440827.0
2022-05-13,2022-05-13,IYKOTHITE,Z,14.7,14.7,14.7,14.7,14.7,1,24,352.0
2022-05-13,2022-05-13,MAYURUNIQ,A,344.05,353.5,331.15,334.2,348.55,2974,100162,34615306.0
2022-05-13,2022-05-13,CENLUB,X,98.8,101.1,93.5,95.35,90.8,70,2552,250762.0
2022-05-13,2022-05-13,RAJOOENG,X,31.6,33.55,31.5,32.0,30.85,508,51058,1658129.0
2022-05-13,2022-05-13,JMCPROJECTS,B,79.9,79.9,76.2,77.1,73.4,219,4579,356237.0
2022-05-13,2022-05-13,VJLAXMIE,X,50.0,51.05,46.55,51.05,48.65,14,514,26200.0
2022-05-13,2022-05-13,AHMDSTE,X,19.5,19.5,18.0,18.0,18.0,3,250,4575.0
2022-05-13,2022-05-13,GVT&D,A,102.65,108.9,102.65,106.65,103.1,172,5719,610092.0
2022-05-13,2022-05-13,RAMRAT,X,185.0,190.0,182.6,187.5,181.05,85,2872,538689.0
2022-05-13,2022-05-13,JAYNECOIND,B,22.25,22.3,21.35,21.9,21.7,41,4836,105395.0
2022-05-13,2022-05-13,KPIL,A,337.3,353.0,337.3,348.55,344.2,838,9624,3347084.0
2022-05-13,2022-05-13,NMSGLOBAL,XT,18.95,18.95,17.15,17.15,18.05,18,883,15223.0
2022-05-13,2022-05-13,CANDOUR,X,46.0,48.3,45.0,45.95,44.85,50,6130,283220.0
2022-05-13,2022-05-13,TIGLOB,X,85.0,85.0,81.55,81.6,80.7,18,625,51329.0
2022-05-13,2022-05-13,CONTROLPR,B,396.9,407.65,396.0,398.05,389.65,261,1111,446831.0
2022-05-13,2022-05-13,BEMHY,X,219.0,225.0,213.0,215.0,218.75,8,3016,642577.0
2022-05-13,2022-05-13,ANSALBU,X,88.45,94.45,88.2,91.05,87.65,143,5037,460617.0
2022-05-13,2022-05-13,WEIZMANIND,B,52.0,52.95,50.8,52.95,50.95,92,717,37400.0
2022-05-13,2022-05-13,BNRSEC,X,37.75,37.75,36.05,36.2,36.35,35,1277,46987.0
2022-05-13,2022-05-13,RISHITECH,X,31.0,31.55,30.05,30.1,30.9,16,1876,57468.0
2022-05-13,2022-05-13,SINCLAIR,X,89.2,103.9,89.05,96.7,89.2,644,73177,7029649.0
2022-05-13,2022-05-13,SAFARI,B,921.75,940.2,872.3,886.05,904.35,216,1508,1358215.0
2022-05-13,2022-05-13,COSMOFE,X,559.95,559.95,508.7,508.8,535.45,932,67323,34833485.0
2022-05-13,2022-05-13,FUTURSEC,XT,10.7,10.8,10.7,10.8,10.7,3,153,1652.0
2022-05-13,2022-05-13,SANCTRN,X,901.2,968.0,883.15,889.15,929.55,70,483,434153.0
2022-05-13,2022-05-13,THRIVE,X,65.9,65.9,60.0,62.0,62.45,27,800,50658.0
2022-05-13,2022-05-13,EIHAHOTELS,B,402.05,418.35,394.25,399.1,391.35,250,1730,700359.0
2022-05-13,2022-05-13,MEDICAPQ,X,52.75,54.95,50.6,52.95,52.85,236,22121,1153668.0
2022-05-13,2022-05-13,OTCO,X,6.27,6.58,6.27,6.54,6.27,25,1189,7797.0
2022-05-13,2022-05-13,FOSECOC,X,998.9,1000.0,960.3,983.25,952.0,24,107,105628.0
2022-05-13,2022-05-13,SIPINDUST,Z,4.43,4.43,4.43,4.43,4.66,16,297,1315.0
2022-05-13,2022-05-13,BAPACK,XT,190.0,202.9,190.0,201.85,193.3,26,305,60286.0
2022-05-13,2022-05-13,ABAN,B,47.75,50.0,47.7,48.15,46.9,1257,50142,2433292.0
2022-05-13,2022-05-13,KOKUYOCMLN,B,57.95,60.25,57.95,58.6,57.1,138,3233,190842.0
2022-05-13,2022-05-13,BHARATSE,X,70.0,71.95,70.0,70.25,69.65,135,9461,668619.0
2022-05-13,2022-05-13,CONTPTR,XT,42.5,44.7,41.6,41.9,43.5,22,1092,46468.0
2022-05-13,2022-05-13,PEARLPOLY,B,22.7,22.75,22.7,22.75,21.7,31,2457,55846.0
2022-05-13,2022-05-13,VENKEYS,A,1901.0,1974.0,1901.0,1918.4,1874.4,790,2175,4206500.0
2022-05-13,2022-05-13,ADVANIHOTR,B,77.3,77.3,69.7,69.95,68.4,104,1471,104249.0
2022-05-13,2022-05-13,GVFILM,X,0.87,0.97,0.87,0.96,0.89,2891,2809622,2653692.0
2022-05-13,2022-05-13,SUPERHOUSE,B,147.05,159.9,147.05,156.85,151.6,112,1314,206802.0
2022-05-13,2022-05-13,RAMAVISION,X,20.15,21.1,20.15,20.25,21.1,20,989,20253.0
2022-05-13,2022-05-13,TCPLPACK,B,689.25,707.0,689.25,694.55,679.4,269,1113,778763.0
2022-05-13,2022-05-13,SHRIGANG,XT,6.68,6.68,6.68,6.68,6.37,1,5,33.0
2022-05-13,2022-05-13,BALMLAWRIE,A,108.65,113.7,108.65,112.05,110.5,751,23511,2650507.0
2022-05-13,2022-05-13,KOVAI,B,1401.0,1556.0,1401.0,1500.0,1416.9,63,377,559855.0
2022-05-13,2022-05-13,ELDEHSG,B,678.45,685.0,637.5,641.6,643.0,80,712,474789.0
2022-05-13,2022-05-13,DCMSHRIRAM,A,1060.0,1060.65,985.05,993.7,1052.8,2918,16583,16826214.0
2022-05-13,2022-05-13,DCMSRIND,B,87.0,93.25,87.0,88.6,86.75,1107,53977,4876166.0
2022-05-13,2022-05-13,MAWANASUG,B,111.0,114.95,111.0,114.85,109.5,185,13847,1589538.0
2022-05-13,2022-05-13,MINID,XT,16.4,16.8,15.65,15.8,16.45,21,1850,29451.0
2022-05-13,2022-05-13,MAHAPEXLTD,B,79.95,79.95,77.4,79.9,75.25,10,112,8861.0
2022-05-13,2022-05-13,NILKAMAL,A,1909.5,1943.05,1876.2,1886.25,1910.2,57,91,173409.0
2022-05-13,2022-05-13,NAHARPOLY,B,369.1,369.1,360.0,366.75,351.55,381,10640,3923612.0
2022-05-13,2022-05-13,3MINDIA,A,18441.45,18441.45,17886.05,17971.7,18103.5,292,397,7152156.0
2022-05-13,2022-05-13,BOSCH-HCIL,A,1810.0,1835.0,1730.2,1745.85,1790.95,145,409,731112.0
2022-05-13,2022-05-13,JMFINANCIL,A,64.15,66.2,62.4,62.85,62.8,2009,123481,7939284.0
2022-05-13,2022-05-13,ADCINDIA,X,263.95,263.95,260.0,260.0,250.35,20,889,231968.0
2022-05-13,2022-05-13,TNTELE,T,9.83,10.27,9.34,9.55,9.83,89,23171,227427.0
2022-05-13,2022-05-13,SUNRAJDI,Z,7.08,7.08,7.08,7.08,7.45,1,100,708.0
2022-05-13,2022-05-13,RIIL,A,990.0,1024.0,965.1,972.5,959.9,7377,140573,139470066.0
2022-05-13,2022-05-13,SHARP,X,53.3,53.3,51.05,52.7,50.7,16,1267,66779.0
2022-05-13,2022-05-13,LINDEINDIA,A,3298.0,3326.2,3145.0,3168.6,3217.25,1357,6253,20231562.0
2022-05-13,2022-05-13,INDBNK,B,29.75,29.75,26.05,27.55,25.75,29,3815,107014.0
2022-05-13,2022-05-13,LOTUSCHO,X,152.45,158.0,145.6,149.35,152.45,165,7855,1178286.0
2022-05-13,2022-05-13,PACIFICI,X,415.15,423.85,406.35,410.4,413.2,57,1934,795629.0
2022-05-13,2022-05-13,CMMHOSP,X,28.5,28.5,24.25,24.95,24.65,33,2637,66655.0
2022-05-13,2022-05-13,UNIOFFICE,XT,3.48,3.84,3.48,3.48,3.66,17,2204,8108.0
2022-05-13,2022-05-13,APMIN,X,39.9,40.0,38.5,39.3,38.1,45,7661,299507.0
2022-05-13,2022-05-13,PRECWIRE,B,72.5,72.6,70.6,71.45,69.15,151,6951,500271.0
2022-05-13,2022-05-13,KRYPTONQ,X,25.75,27.0,25.4,25.95,25.85,30,8834,226652.0
2022-05-13,2022-05-13,SWISSMLTRY,X,21.35,22.6,21.0,21.9,21.7,310,92083,2017612.0
2022-05-13,2022-05-13,MARBU,X,41.7,44.95,36.0,37.1,38.8,47,3169,119807.0
2022-05-13,2022-05-13,FEL,B,3.19,3.4,3.19,3.37,3.24,196,118288,399111.0
2022-05-13,2022-05-13,INDTONER,X,155.15,156.8,150.0,151.45,153.75,90,6497,995786.0
2022-05-13,2022-05-13,KUNSTOFF,X,23.65,23.65,23.65,23.65,22.55,1,1,23.0
2022-05-13,2022-05-13,SCI,A,113.9,115.55,112.0,112.55,110.65,1952,116205,13221442.0
2022-05-13,2022-05-13,SIKA,X,676.0,704.5,662.7,678.5,684.55,228,2597,1773136.0
2022-05-13,2022-05-13,ITI,A,80.35,84.85,80.35,83.55,81.5,523,17667,1483742.0
2022-05-13,2022-05-13,DREDGECORP,B,284.75,299.1,284.75,292.25,288.2,702,11406,3352130.0
2022-05-13,2022-05-13,PHRMASI,XT,28.65,30.05,27.35,30.05,28.65,14,1900,55854.0
2022-05-13,2022-05-13,PODDARHOUS,B,195.0,197.15,195.0,197.15,188.1,11,100,19678.0
2022-05-13,2022-05-13,NFL,A,45.9,47.4,45.0,45.2,45.8,2199,279194,12903412.0
2022-05-13,2022-05-13,IPRINGLTD,X,94.05,102.0,94.05,98.95,92.3,57,1579,155296.0
2022-05-13,2022-05-13,PIIND,A,2482.0,2482.0,2370.0,2381.25,2409.9,1566,9490,22970149.0
2022-05-13,2022-05-13,PLASTIBLEN,B,185.1,189.35,183.95,184.0,182.95,64,1422,264219.0
2022-05-13,2022-05-13,YASHINNO,XT,33.75,35.0,32.1,34.9,33.75,6,221,7414.0
2022-05-13,2022-05-13,KKPLASTICK,XT,26.05,26.05,25.25,25.25,26.55,12,432,10992.0
2022-05-13,2022-05-13,WATERBASE,B,77.0,82.8,77.0,80.15,81.9,301,6905,556995.0
2022-05-13,2022-05-13,FLEXFO,X,94.0,94.0,86.25,86.75,87.2,73,5719,502682.0
2022-05-13,2022-05-13,GOLKUNDIA,X,78.5,83.0,75.0,81.55,75.95,50,2847,224054.0
2022-05-13,2022-05-13,APCOTEXIND,A,544.0,559.0,531.85,541.8,536.4,1236,13795,7512650.0
2022-05-13,2022-05-13,FORTISMLR,X,54.0,55.0,52.5,53.2,54.05,11,648,34503.0
2022-05-13,2022-05-13,MASTEK,A,2480.0,2531.9,2400.0,2411.05,2450.3,1776,8241,20091918.0
2022-05-13,2022-05-13,EIMCOELECO,B,330.65,339.4,329.75,332.9,332.8,35,204,68369.0
2022-05-13,2022-05-13,SAYAJIHOTL,XT,237.7,261.7,237.7,240.0,249.85,24,750,185230.0
2022-05-13,2022-05-13,ASHIANA,B,132.5,132.5,127.1,128.65,129.65,87,1924,251165.0
2022-05-13,2022-05-13,SVAMSOF,X,5.15,5.76,5.0,5.46,5.24,151,32762,178623.0
2022-05-13,2022-05-13,ECOBOAR,X,23.4,25.65,23.4,25.35,23.85,25,1840,46445.0
2022-05-13,2022-05-13,DVL,B,203.4,209.95,199.1,206.8,201.2,189,2290,470537.0
2022-05-13,2022-05-13,MAHEPC,B,100.85,102.2,90.0,97.95,99.1,127,7727,765968.0
2022-05-13,2022-05-13,SREIINFRA,B,4.45,4.79,4.45,4.79,4.57,105,149062,707293.0
2022-05-13,2022-05-13,MITSHI,X,12.99,12.99,12.01,12.01,11.99,5,351,4363.0
2022-05-13,2022-05-13,SHUKJEW,P,7.15,7.2,7.0,7.0,7.0,3,10400,74550.0
2022-05-13,2022-05-13,MAZDA,B,469.95,470.75,453.9,458.7,469.6,114,303,140972.0
2022-05-13,2022-05-13,VHLTD,Z,3.18,3.43,3.18,3.21,3.34,23,17709,59286.0
2022-05-13,2022-05-13,SOVERDIA,X,15.6,15.6,15.6,15.6,15.15,5,201,3135.0
2022-05-13,2022-05-13,MENONBE,B,72.5,78.0,72.5,74.9,73.9,258,5067,383156.0
2022-05-13,2022-05-13,MUKATPIP,X,5.18,5.18,4.93,5.06,5.18,8,208,1050.0
2022-05-13,2022-05-13,GUJRAFFIA,T,32.4,33.45,32.0,33.45,32.4,8,138,4503.0
2022-05-13,2022-05-13,SIMPLEXINF,T,71.0,77.45,70.55,76.1,73.8,85,14152,1078292.0
2022-05-13,2022-05-13,INNOVTEC,X,17.0,18.4,17.0,17.9,17.1,30,3290,58020.0
2022-05-13,2022-05-13,SUPTANERY,X,6.7,7.47,6.7,6.99,6.68,295,105051,744381.0
2022-05-13,2022-05-13,CONSTRONIC,XT,5.31,5.31,5.31,5.31,5.55,1,50,265.0
2022-05-13,2022-05-13,AXTEL,X,238.15,247.0,235.0,241.7,238.15,121,3436,829371.0
2022-05-13,2022-05-13,GRANDOAK,XT,8.75,8.75,8.75,8.75,8.75,1,10,87.0
2022-05-13,2022-05-13,POONAWALLA,A,228.5,259.8,227.25,247.5,216.5,20840,1533888,378814769.0
2022-05-13,2022-05-13,HINFLUR,T,10.65,10.65,9.82,10.05,10.29,49,4675,49167.0
2022-05-13,2022-05-13,KINGFA,B,949.35,978.9,926.1,936.55,919.75,117,442,423141.0
2022-05-13,2022-05-13,PATIDAR,X,6.45,6.48,5.88,5.88,6.18,16,1469,8936.0
2022-05-13,2022-05-13,RAMAPHO,X,368.35,373.3,352.45,357.2,345.45,333,10913,3960197.0
2022-05-13,2022-05-13,VENLONENT,XT,5.05,5.28,5.05,5.28,5.05,10,319,1627.0
2022-05-13,2022-05-13,POLYPLEX,A,2265.0,2396.1,2265.0,2330.15,2253.75,3472,18287,43063031.0
2022-05-13,2022-05-13,ALBERTDAVD,B,522.45,534.0,518.45,521.55,519.55,63,481,253805.0
2022-05-13,2022-05-13,HARLETH,XT,36.5,37.5,36.5,37.5,35.75,13,2377,89021.0
2022-05-13,2022-05-13,CARYSIL,A,656.9,662.3,630.0,640.4,633.3,1743,19267,12505946.0
2022-05-13,2022-05-13,KABRAEXTRU,B,348.5,359.15,319.25,330.15,340.05,1000,5466,1881942.0
2022-05-13,2022-05-13,VINYLINDIA,B,265.5,278.35,265.5,273.6,258.6,1159,16453,4503106.0
2022-05-13,2022-05-13,PCCOSMA,X,112.0,112.0,109.1,111.05,111.5,14,227,25157.0
2022-05-13,2022-05-13,TCMLMTD,XT,47.5,47.5,43.25,43.25,45.5,7,421,18627.0
2022-05-13,2022-05-13,IOLCP,A,383.0,392.0,364.4,380.4,373.75,2084,30499,11714209.0
2022-05-13,2022-05-13,VINATIORGA,A,1819.6,1838.95,1785.6,1799.7,1791.5,845,3468,6281439.0
2022-05-13,2022-05-13,LACTOSE,X,71.6,71.6,65.6,66.1,69.05,36,1447,96012.0
2022-05-13,2022-05-13,AARTIIND,A,756.1,771.0,745.5,751.3,740.95,4219,50961,38827312.0
2022-05-13,2022-05-13,PNTKYOR,XT,13.97,13.97,13.97,13.97,13.31,38,115855,1618494.0
2022-05-13,2022-05-13,WANBURY,T,70.45,71.55,67.55,70.0,68.15,36,4776,336965.0
2022-05-13,2022-05-13,RESONANCE,X,148.0,149.95,138.15,142.65,136.2,188,8115,1162017.0
2022-05-13,2022-05-13,GAEL,A,283.1,317.95,283.1,306.85,282.9,5886,145474,44535316.0
2022-05-13,2022-05-13,RCF,A,84.0,84.7,81.5,82.1,82.0,5498,609716,50872962.0
2022-05-13,2022-05-13,KOPRAN,B,224.0,230.05,222.65,226.95,223.25,940,16118,3654777.0
2022-05-13,2022-05-13,AIMCOPEST,X,114.0,119.5,109.0,112.4,112.05,170,18967,2203839.0
2022-05-13,2022-05-13,GUJTERC,XT,31.5,31.5,28.5,29.5,30.0,32,6712,207988.0
2022-05-13,2022-05-13,KABRADG,X,3.41,3.41,3.41,3.41,3.25,2,278,947.0
2022-05-13,2022-05-13,SEYAIND,T,30.5,30.95,28.3,30.95,29.5,40,5544,169971.0
2022-05-13,2022-05-13,JAYAGROGN,B,231.55,236.1,226.05,231.7,226.7,1775,35386,8172576.0
2022-05-13,2022-05-13,BCLIND,T,350.5,380.5,345.5,364.0,362.65,389,14677,5345193.0
2022-05-13,2022-05-13,SHHARICH,X,65.7,65.95,61.1,62.5,64.65,20,648,40814.0
2022-05-13,2022-05-13,INDOBORAX,B,132.0,136.8,131.55,133.4,129.7,347,7403,992621.0
2022-05-13,2022-05-13,AARTIDRUGS,A,420.85,427.0,417.25,424.55,415.5,1326,12804,5425145.0
2022-05-13,2022-05-13,BODALCHEM,A,91.8,97.55,91.8,94.35,92.3,2032,72145,6879208.0
2022-05-13,2022-05-13,ORCHPHARMA,B,329.0,333.05,310.2,314.25,302.8,305,3779,1231069.0
2022-05-13,2022-05-13,VIMTALABS,B,339.9,357.65,336.0,349.0,336.85,517,2800,969911.0
2022-05-13,2022-05-13,BIOFILCHEM,B,56.7,59.1,56.55,58.75,55.55,194,3436,199446.0
2022-05-13,2022-05-13,ISHITADR,X,46.1,50.65,46.1,50.65,48.25,82,5000,244028.0
2022-05-13,2022-05-13,MARKSANS,A,45.0,47.45,44.8,45.65,45.5,2012,135440,6282548.0
2022-05-13,2022-05-13,UNIVSTAR,XT,158.45,166.4,158.45,165.45,166.75,29,1529,243112.0
2022-05-13,2022-05-13,AAREYDRUGS,B,37.2,38.7,36.95,37.5,36.55,191,9584,363753.0
2022-05-13,2022-05-13,NORRIS,X,27.15,27.15,27.15,27.15,28.55,2,101,2742.0
2022-05-13,2022-05-13,ASINPET,XT,28.7,29.8,27.3,27.35,28.7,35,1543,43331.0
2022-05-13,2022-05-13,CAMEXLTD,X,28.9,28.9,26.7,28.4,27.85,29,3394,93044.0
2022-05-13,2022-05-13,EVEXIA,X,4.38,4.7,4.38,4.51,4.58,4178,4221776,19203905.0
2022-05-13,2022-05-13,INDOEURO,XT,12.2,12.8,12.1,12.2,12.2,9,385,4789.0
2022-05-13,2022-05-13,SYNCOMF,X,8.8,9.38,8.8,9.38,8.53,5390,3202101,29645116.0
2022-05-13,2022-05-13,RIDDHI,XT,373.85,373.85,350.05,369.95,356.3,14,168,59726.0
2022-05-13,2022-05-13,SVCIND,XT,3.56,3.89,3.56,3.7,3.74,235,50023,186832.0
2022-05-13,2022-05-13,IPCALAB,A,980.0,984.25,970.3,974.95,958.15,437,2331,2278188.0
2022-05-13,2022-05-13,KILITCH,B,146.9,157.0,146.9,155.0,145.55,184,3109,480185.0
2022-05-13,2022-05-13,RAAJMEDI,P,38.05,38.05,38.05,38.05,37.95,2,200,7610.0
2022-05-13,2022-05-13,CORALAB,X,244.85,257.3,236.5,247.2,244.85,21,245,61559.0
2022-05-13,2022-05-13,BACPHAR,XT,4.45,4.45,4.03,4.03,4.24,9,305,1322.0
2022-05-13,2022-05-13,KREBSBIO,B,120.75,136.4,120.35,125.65,116.55,149,2459,314957.0
2022-05-13,2022-05-13,KMCSHIL,XT,59.35,60.95,59.0,59.6,59.3,429,36191,2170974.0
2022-05-13,2022-05-13,LAFFANSQ,X,36.1,40.5,34.15,38.25,39.35,25,2380,87681.0
2022-05-13,2022-05-13,BHASKAGR,XT,52.0,53.0,51.0,51.3,52.0,6,43,2217.0
2022-05-13,2022-05-13,SUKHJITS,X,459.9,459.95,445.0,445.45,437.15,145,4915,2210996.0
2022-05-13,2022-05-13,NEULANDLAB,A,1025.0,1089.0,1025.0,1040.8,1041.65,1622,12426,13235953.0
2022-05-13,2022-05-13,GAYATRIBI,XT,19.4,19.4,18.05,18.1,18.95,77,9636,174714.0
2022-05-13,2022-05-13,PODDARMENT,B,274.7,279.5,261.8,266.4,266.4,64,2287,624826.0
2022-05-13,2022-05-13,PHARMAID,X,12.99,12.99,12.27,12.56,12.99,41,4259,54251.0
2022-05-13,2022-05-13,VIVIDIND,X,30.8,30.8,29.4,30.65,29.4,80,8033,241842.0
2022-05-13,2022-05-13,PRIYALT,XT,19.25,19.25,17.45,18.8,18.35,11,277,5180.0
2022-05-13,2022-05-13,TIRUSTA,XT,66.75,71.9,66.7,69.85,70.2,15,813,54806.0
2022-05-13,2022-05-13,HEMORGANIC,XT,54.05,54.05,54.05,54.05,56.85,34,1116,60319.0
2022-05-13,2022-05-13,JAYSYNTH,X,6.15,6.45,6.13,6.45,6.15,9,419,2670.0
2022-05-13,2022-05-13,AEONXDIGI,X,83.85,83.85,77.65,83.35,76.85,26,518,42286.0
2022-05-13,2022-05-13,AKSHARCHEM,B,306.0,322.2,304.15,308.85,304.55,201,1016,315807.0
2022-05-13,2022-05-13,BERLDRG,X,9.6,9.6,9.2,9.2,9.4,3,48,449.0
2022-05-13,2022-05-13,INDXTRA,XT,50.55,50.55,50.35,50.35,53.0,13,578,29102.0
2022-05-13,2022-05-13,GAGAN,X,10.0,10.0,9.89,9.98,9.85,19,504,5018.0
2022-05-13,2022-05-13,PARKERAC,X,10.23,10.23,10.23,10.23,9.31,1,1,10.0
2022-05-13,2022-05-13,SHUKRAPHAR,X,56.3,56.3,56.3,56.3,59.2,1,10,563.0
2022-05-13,2022-05-13,ALUFLUOR,X,289.0,292.0,275.05,283.7,279.45,197,9095,2583169.0
2022-05-13,2022-05-13,OXYGENTAPH,XT,22.45,22.45,22.45,22.45,22.0,2,152,3412.0
2022-05-13,2022-05-13,ARCHITORG,X,43.05,43.75,41.65,43.15,43.05,139,57276,2464885.0
2022-05-13,2022-05-13,SIKOZY,XT,1.0,1.0,1.0,1.0,1.0,2,520,520.0
2022-05-13,2022-05-13,INDOAMIN,B,96.0,102.9,93.0,98.2,93.55,433,13690,1341631.0
2022-05-13,2022-05-13,INDSWFTLTD,B,8.88,9.32,8.85,9.13,8.88,24,1007,9229.0
2022-05-13,2022-05-13,NATCAPSUQ,X,490.0,490.7,470.05,486.45,467.35,265,13731,6705677.0
2022-05-13,2022-05-13,WELCURE,XT,5.25,5.58,5.06,5.58,5.32,30,3108,16280.0
2022-05-13,2022-05-13,BIBCL,T,28.8,29.45,28.1,29.4,28.05,182,27304,803138.0
2022-05-13,2022-05-13,SOTL,B,1024.2,1059.75,1000.0,1014.15,1002.0,182,1899,1924141.0
2022-05-13,2022-05-13,HESTERBIO,A,2359.9,2410.9,2310.1,2320.5,2332.65,113,272,647868.0
2022-05-13,2022-05-13,KABSON,XT,11.95,12.35,11.19,12.31,11.77,50,3218,38456.0
2022-05-13,2022-05-13,BASANTGL,X,19.15,21.95,19.15,20.95,18.55,2886,481196,10034569.0
2022-05-13,2022-05-13,SANDUPHQ,X,70.65,71.85,70.05,70.7,70.6,27,2030,143426.0
2022-05-13,2022-05-13,NACLIND,B,75.95,82.1,74.55,75.45,77.1,230,4514,349191.0
2022-05-13,2022-05-13,VISTAPH,X,7.95,8.78,7.8,7.86,8.42,118,55472,446720.0
2022-05-13,2022-05-13,SUNPHARMA,A,850.6,889.0,850.6,882.1,850.15,10040,173499,152638035.0
2022-05-13,2022-05-13,TITANBIO,X,237.9,243.95,218.25,227.5,231.6,431,10871,2467429.0
2022-05-13,2022-05-13,SDL,X,15.4,15.4,15.4,15.4,15.49,1,3,46.0
2022-05-13,2022-05-13,JENBURPH,X,536.5,539.9,521.0,529.45,519.65,94,392,209144.0
2022-05-13,2022-05-13,HIKAL,A,379.0,399.55,379.0,396.95,382.05,1738,22483,8859004.0
2022-05-13,2022-05-13,CAPLIPOINT,A,669.0,718.0,668.65,710.25,662.65,864,9327,6427035.0
2022-05-13,2022-05-13,FISCHER,XT,49.55,49.55,48.55,48.55,48.55,2,3,146.0
2022-05-13,2022-05-13,LINKPH,X,40.55,44.95,40.55,42.15,41.85,36,2117,88419.0
2022-05-13,2022-05-13,DECIPHER,X,37.35,41.05,37.35,40.95,39.1,658,36277,1445133.0
2022-05-13,2022-05-13,EMMESSA,X,30.25,32.7,30.15,30.15,31.7,40,2814,87018.0
2022-05-13,2022-05-13,NGLFINE,B,1883.0,2010.0,1883.0,1934.9,1871.95,577,3655,7170249.0
2022-05-13,2022-05-13,EVERESTO,X,165.0,172.3,163.0,165.15,159.3,76,2780,464577.0
2022-05-13,2022-05-13,AUROPHARMA,A,573.0,582.7,556.0,562.15,570.95,4965,84860,48362112.0
2022-05-13,2022-05-13,NATCOPHARM,A,683.85,694.8,678.35,685.85,677.8,941,7803,5351134.0
2022-05-13,2022-05-13,DYNAMIND,X,77.0,77.0,74.8,74.85,71.3,10,199,15056.0
2022-05-13,2022-05-13,PANAMAPET,B,257.0,270.9,257.0,263.05,260.15,3019,58742,15468916.0
2022-05-13,2022-05-13,BALPHARMA,B,98.95,104.15,98.95,101.4,98.75,177,4214,428956.0
2022-05-13,2022-05-13,BDH,X,121.2,127.4,118.05,122.0,118.7,36,1921,235409.0
2022-05-13,2022-05-13,GLOBUSCON,X,42.2,43.4,40.0,42.75,41.35,107,8187,344148.0
2022-05-13,2022-05-13,CUBEXTUB,B,22.7,24.55,22.5,24.4,22.4,91,6779,162797.0
2022-05-13,2022-05-13,POLYCHMP,X,77.0,79.55,73.55,75.6,72.7,23,1203,91007.0
2022-05-13,2022-05-13,GALXBRG,XT,420.55,450.0,420.5,448.0,435.35,30,803,348318.0
2022-05-13,2022-05-13,SCAGRO,XT,9.1,9.34,9.09,9.09,8.9,6,477,4338.0
2022-05-13,2022-05-13,SHERVANI,X,240.0,240.0,233.0,239.45,237.45,11,76,18188.0
2022-05-13,2022-05-13,BNAGROCHEM,XT,12.6,12.6,12.4,12.6,12.35,4,28,352.0
2022-05-13,2022-05-13,SUPERTEX,X,8.8,8.83,8.8,8.82,8.41,6,820,7240.0
2022-05-13,2022-05-13,SHETR,X,39.85,43.95,39.85,43.95,41.35,6,123,5332.0
2022-05-13,2022-05-13,TRABI,XT,3.65,3.74,3.41,3.6,3.57,53,12570,46304.0
2022-05-13,2022-05-13,MPL,X,10.35,10.7,10.35,10.35,10.85,39,7273,75454.0
2022-05-13,2022-05-13,NIKHILAD,X,741.0,800.0,741.0,796.4,765.2,68,795,632043.0
2022-05-13,2022-05-13,SPENTA,X,86.0,90.4,82.5,84.3,86.85,19,286,24255.0
2022-05-13,2022-05-13,MULTIBASE,X,196.25,196.3,188.1,189.7,185.2,32,2581,492095.0
2022-05-13,2022-05-13,ANDREWYU,B,23.05,23.9,22.7,23.2,22.1,945,68269,1590723.0
2022-05-13,2022-05-13,LUDLOWJUT,X,78.7,81.35,78.7,79.95,79.2,93,9462,756598.0
2022-05-13,2022-05-13,ASHRAM,XT,4.85,4.85,4.85,4.85,4.62,16,5902,28624.0
2022-05-13,2022-05-13,ROYALCU,XT,8.91,8.91,8.07,8.9,8.49,3,46,379.0
2022-05-13,2022-05-13,NOGMIND,XT,4.55,4.76,4.55,4.76,4.54,12,314,1482.0
2022-05-13,2022-05-13,SURJIND,XT,87.3,87.3,85.5,85.5,90.0,85,3378,288841.0
2022-05-13,2022-05-13,HITECHCORP,B,232.15,247.6,232.15,240.9,242.0,39,223,54200.0
2022-05-13,2022-05-13,BLOOM,X,10.36,10.36,10.36,10.36,9.89,1,10,103.0
2022-05-13,2022-05-13,FILATEX,A,106.0,108.7,103.3,104.4,104.75,1347,90210,9564634.0
2022-05-13,2022-05-13,STDSFAC,XT,67.0,74.0,67.0,73.9,70.5,22,773,55098.0
2022-05-13,2022-05-13,MERCATOR,B,1.55,1.55,1.5,1.51,1.52,164,163423,247979.0
2022-05-13,2022-05-13,MORGAN,X,28.95,29.6,26.15,27.85,27.0,44,2838,77755.0
2022-05-13,2022-05-13,AMRAPLIN,X,15.8,16.55,14.85,15.3,15.45,98,10736,170201.0
2022-05-13,2022-05-13,PREMEXPLN,T,280.75,310.2,280.75,310.2,295.45,84,3273,969983.0
2022-05-13,2022-05-13,MOLDTECH,B,91.8,103.55,90.85,95.4,87.2,809,17690,1730443.0
2022-05-13,2022-05-13,CRSTCHM,XT,43.3,43.3,39.5,43.1,41.25,14,425,18064.0
2022-05-13,2022-05-13,MPHASIS,A,2535.25,2567.45,2431.0,2442.35,2512.05,2664,17750,44374465.0
2022-05-13,2022-05-13,MEDINOV,XT,28.55,28.55,28.5,28.5,29.95,29,2511,71613.0
2022-05-13,2022-05-13,DIVSHKT,X,75.95,75.95,68.15,69.85,70.8,18,1537,106897.0
2022-05-13,2022-05-13,ORIENTLTD,B,65.55,70.4,65.55,66.3,65.8,95,3086,213047.0
2022-05-13,2022-05-13,SHREYASI,XT,12.3,13.5,12.3,13.5,12.9,62,94940,1174645.0
2022-05-13,2022-05-13,PANJON,XT,15.15,15.15,14.0,15.1,14.45,42,3464,49583.0
2022-05-13,2022-05-13,DUROPACK,XT,30.55,33.45,30.5,33.45,31.95,13,2441,80892.0
2022-05-13,2022-05-13,SWARNSAR,X,17.0,19.45,16.85,17.8,17.7,36,3835,68551.0
2022-05-13,2022-05-13,GANESHHOU,B,285.0,285.0,265.0,269.0,269.35,1055,14500,3944599.0
2022-05-13,2022-05-13,NMDC,A,141.0,141.45,135.5,136.1,137.5,3999,246390,34198657.0
2022-05-13,2022-05-13,PATINTLOG,B,12.45,13.65,12.4,12.85,12.65,166,27089,353756.0
2022-05-13,2022-05-13,ALPHAGEO,B,272.0,281.25,265.0,267.5,271.6,290,2453,668300.0
2022-05-13,2022-05-13,HAMPTON,X,360.9,360.9,359.0,359.75,360.8,13,1149,412680.0
2022-05-13,2022-05-13,KKALPANAIND,X,30.15,34.1,30.15,31.5,31.45,481,73276,2296368.0
2022-05-13,2022-05-13,OKPLA,XT,36.4,37.3,34.4,34.95,35.65,135,26200,946625.0
2022-05-13,2022-05-13,KRITI,B,95.6,99.25,93.65,96.2,94.6,472,6298,606831.0
2022-05-13,2022-05-13,ASMTEC,X,445.0,466.45,443.15,443.15,466.45,986,15623,6986903.0
2022-05-13,2022-05-13,VISIONCINE,X,1.49,1.49,1.49,1.49,1.42,64,28203,42022.0
2022-05-13,2022-05-13,INDRANIB,XT,30.85,31.0,29.0,30.05,30.35,281,19595,595304.0
2022-05-13,2022-05-13,EUROLED,XT,13.5,13.5,13.3,13.3,13.9,9,384,5129.0
2022-05-13,2022-05-13,WINSOMBR,XT,11.4,12.18,11.4,12.18,11.6,92,11105,133818.0
2022-05-13,2022-05-13,ELEFLOR,XT,19.2,19.2,19.2,19.2,20.2,371,15197,291782.0
2022-05-13,2022-05-13,SAENTER,XT,35.3,35.3,33.5,33.9,33.65,3,265,9264.0
2022-05-13,2022-05-13,SKYIND,X,79.3,79.3,72.15,72.7,77.85,63,4374,321996.0
2022-05-13,2022-05-13,PHOENXINTL,XT,24.0,24.95,22.85,23.0,24.05,35,4774,109462.0
2022-05-13,2022-05-13,RISHIROOP,X,112.85,112.85,108.55,109.3,106.5,59,3526,390482.0
2022-05-13,2022-05-13,PROMACT,X,4.58,4.58,4.14,4.3,4.58,14,1070,4514.0
2022-05-13,2022-05-13,STRGRENWO,X,18.9,18.9,18.9,18.9,18.9,1,1,18.0
2022-05-13,2022-05-13,SYSTMTXC,X,436.0,500.0,436.0,481.3,496.15,16,177,86185.0
2022-05-13,2022-05-13,ALPINEHOU,X,53.6,54.75,51.1,52.4,52.55,87,10709,558735.0
2022-05-13,2022-05-13,SANGHIIND,B,40.15,41.7,40.15,40.85,39.85,1015,59562,2437985.0
2022-05-13,2022-05-13,WWALUM,XT,15.7,16.8,15.2,15.2,16.0,20,1424,22275.0
2022-05-13,2022-05-13,SFPIL,XT,19.9,19.9,19.9,19.9,19.9,2,9,179.0
2022-05-13,2022-05-13,SGLRES,X,12.67,13.2,12.01,13.09,12.31,55,14241,182357.0
2022-05-13,2022-05-13,CHOKSILA,X,28.1,28.1,25.8,26.9,26.85,9,2100,56710.0
2022-05-13,2022-05-13,CCHHL,B,6.85,7.7,6.85,7.17,7.0,85,32380,241441.0
2022-05-13,2022-05-13,LONTE,XT,27.85,27.85,27.85,27.85,29.3,15,549,15289.0
2022-05-13,2022-05-13,ENTRINT,X,23.65,23.65,19.8,21.5,22.0,54,5847,122009.0
2022-05-13,2022-05-13,TECHIN,B,10.78,11.32,10.66,11.32,11.21,71,11146,120511.0
2022-05-13,2022-05-13,TPLPLASTEH,B,129.9,133.0,121.6,122.1,122.45,26,401,50594.0
2022-05-13,2022-05-13,WIMPLAST,X,385.0,392.0,371.1,377.55,379.0,172,6128,2340147.0
2022-05-13,2022-05-13,LIBERTSHOE,B,153.5,156.95,150.35,151.2,148.65,664,20527,3165669.0
2022-05-13,2022-05-13,LIPPISYS,XT,13.0,13.0,13.0,13.0,12.4,3,1301,16913.0
2022-05-13,2022-05-13,ELECTHERM,B,103.8,105.95,103.0,103.85,103.6,101,2516,262833.0
2022-05-13,2022-05-13,BLUEDART,A,7011.55,7154.6,6837.15,6994.3,6999.45,1307,3358,23584256.0
2022-05-13,2022-05-13,EXPOEAPL,X,9.2,10.0,9.2,9.79,9.23,36,2713,26390.0
2022-05-13,2022-05-13,NATPLAS,X,42.7,46.3,42.7,44.0,42.65,57,12033,534563.0
2022-05-13,2022-05-13,MFLINDIA,X,1.03,1.19,1.03,1.19,1.09,1831,2114788,2478783.0
2022-05-13,2022-05-13,TEXELIN,X,48.3,48.45,45.6,47.75,46.15,27,2260,108472.0
2022-05-13,2022-05-13,RAYALEMA,XT,22.7,23.15,22.7,23.1,23.7,4,551,12732.0
2022-05-13,2022-05-13,MIRZAINT,B,176.65,182.85,174.35,177.15,171.5,2695,95892,17133648.0
2022-05-13,2022-05-13,TFCILTD,B,54.4,56.25,53.85,54.1,53.2,386,7926,437121.0
2022-05-13,2022-05-13,THAKDEV,X,106.0,106.0,104.5,104.5,110.0,5,139,14676.0
2022-05-13,2022-05-13,ARENTERP,B,36.1,37.3,34.4,36.8,36.1,22,124,4546.0
2022-05-13,2022-05-13,BIL,B,173.5,198.0,173.5,175.65,180.6,216,4055,748809.0
2022-05-13,2022-05-13,KAMATHOTEL,B,63.55,70.6,63.55,68.4,61.55,438,17364,1183060.0
2022-05-13,2022-05-13,POLOHOT,Z,6.85,6.85,6.65,6.65,6.99,32,1188,7907.0
2022-05-13,2022-05-13,ELEMARB,X,121.95,124.0,111.9,111.9,117.0,11,317,38669.0
2022-05-13,2022-05-13,ADARSHPL,X,16.6,16.65,15.15,15.2,15.9,73,11544,183007.0
2022-05-13,2022-05-13,HPBL,Z,420.5,462.8,420.5,459.9,442.35,26,169,76710.0
2022-05-13,2022-05-13,NICCOPAR,X,59.2,63.6,59.2,62.0,61.1,18,854,53490.0
2022-05-13,2022-05-13,NTCIND,X,90.0,99.2,90.0,90.7,89.1,66,1287,118156.0
2022-05-13,2022-05-13,SANDESH,B,718.6,724.4,690.0,702.9,701.0,37,178,125518.0
2022-05-13,2022-05-13,GARNET,X,23.75,24.5,23.25,23.9,23.25,29,2968,70924.0
2022-05-13,2022-05-13,GOLDIAM,B,132.6,139.6,131.25,133.1,128.15,837,20226,2763505.0
2022-05-13,2022-05-13,BRIGHTBR,X,152.95,152.95,141.7,145.3,145.25,61,3276,472118.0
2022-05-13,2022-05-13,CORPOCO,XT,8.85,9.32,8.6,9.25,9.05,89,19513,170084.0
2022-05-13,2022-05-13,SHAWGELTIN,X,204.0,204.95,197.0,197.0,199.3,57,1633,329293.0
2022-05-13,2022-05-13,PGFOILQ,XT,322.95,322.95,311.0,321.05,308.05,28,635,200363.0
2022-05-13,2022-05-13,GRATEXI,XT,14.35,14.35,14.06,14.06,14.06,3,100,1410.0
2022-05-13,2022-05-13,VELHO,X,7.0,7.0,6.95,6.95,6.95,24,4342,30371.0
2022-05-13,2022-05-13,HOWARHO,XT,6.76,6.8,6.76,6.76,7.11,4,380,2576.0
2022-05-13,2022-05-13,VALIANT,XT,73.5,80.35,73.5,80.35,76.55,30,8609,690333.0
2022-05-13,2022-05-13,DRAGARWQ,X,762.0,779.0,713.9,727.5,740.0,123,2682,1974251.0
2022-05-13,2022-05-13,GREENPLY,A,184.6,187.6,178.8,179.85,184.0,1082,19540,3583298.0
2022-05-13,2022-05-13,UNQTYMI,XT,8.06,8.15,8.06,8.06,8.48,14,2031,16371.0
2022-05-13,2022-05-13,SEAMECLTD,B,895.75,940.75,875.0,894.4,861.45,692,2644,2397114.0
2022-05-13,2022-05-13,RAGHUNAT,XT,15.2,16.8,15.2,16.8,16.0,37,2110,35222.0
2022-05-13,2022-05-13,CHEVIOT,X,1149.0,1175.0,1080.25,1142.5,1100.5,229,2534,2896380.0
2022-05-13,2022-05-13,DAICHI,X,286.05,294.9,279.3,282.35,279.75,118,4505,1280963.0
2022-05-13,2022-05-13,RAJINFRA,X,7.05,7.12,7.03,7.03,7.39,14,4310,30414.0
2022-05-13,2022-05-13,SPICEISLIN,XT,12.25,12.25,11.65,12.25,12.26,6,72,862.0
2022-05-13,2022-05-13,CONFIPET,A,52.5,52.85,50.7,51.15,50.7,1105,82865,4309921.0
2022-05-13,2022-05-13,ASHSI,X,15.85,15.85,14.85,15.65,15.35,26,861,13374.0
2022-05-13,2022-05-13,BANARBEADS,B,73.7,76.2,73.0,73.25,70.65,64,2560,191754.0
2022-05-13,2022-05-13,AREXMIS,X,150.05,150.05,146.2,146.2,148.45,3,200,29536.0
2022-05-13,2022-05-13,BI,X,66.6,68.6,63.05,65.25,62.4,352,32241,2165723.0
2022-05-13,2022-05-13,ISFL,X,8.04,8.04,8.04,8.04,8.46,783,134487,1081275.0
2022-05-13,2022-05-13,RISHILASE,X,17.5,18.0,15.75,18.0,17.25,21,542,9506.0
2022-05-13,2022-05-13,JAINCO,X,6.01,6.3,6.01,6.3,6.01,10,1159,7023.0
2022-05-13,2022-05-13,INTECCAP,X,19.95,20.95,18.4,19.5,19.95,8,120,2244.0
2022-05-13,2022-05-13,63MOONS,B,151.55,158.0,145.95,145.95,153.6,1319,104262,15336730.0
2022-05-13,2022-05-13,SARLAPOLY,B,47.65,52.4,47.65,50.7,46.65,505,40545,2049138.0
2022-05-13,2022-05-13,MKTCREAT,X,9.4,9.4,8.95,9.39,9.4,11,763,7108.0
2022-05-13,2022-05-13,HFIL,X,19.5,21.25,19.5,20.15,19.5,333,41803,850955.0
2022-05-13,2022-05-13,21STCENMGM,B,26.85,26.85,26.85,26.85,27.35,5,161,4322.0
2022-05-13,2022-05-13,HRYNSHP,X,84.95,93.95,83.1,87.3,82.8,108,6521,572077.0
2022-05-13,2022-05-13,KALIND,XT,25.0,25.0,25.0,25.0,24.8,4,338,8450.0
2022-05-13,2022-05-13,TYROON,X,97.0,102.75,91.0,95.0,89.6,10,49,4585.0
2022-05-13,2022-05-13,LAOPALA,A,280.0,282.4,272.0,273.95,275.25,2596,42276,11756333.0
2022-05-13,2022-05-13,STYLAMIND,B,876.8,880.0,841.5,864.05,864.85,782,4290,3721851.0
2022-05-13,2022-05-13,VENUSREM,B,214.0,238.5,211.9,225.9,206.75,2122,29045,6597387.0
2022-05-13,2022-05-13,LASTMILE,XT,24.05,24.05,24.0,24.0,22.95,7,159,3820.0
2022-05-13,2022-05-13,GUJCRAFT,X,115.95,118.7,115.95,118.7,113.05,25,1810,214569.0
2022-05-13,2022-05-13,DHOOTIN,X,87.8,87.8,83.5,85.5,82.8,54,1939,165728.0
2022-05-13,2022-05-13,SHBAJRG,X,162.25,173.8,162.25,169.0,165.55,71,2537,434189.0
2022-05-13,2022-05-13,URJA,B,12.95,14.45,12.95,14.3,13.15,4527,1753912,24865990.0
2022-05-13,2022-05-13,ASHAPURMIN,B,112.5,118.85,110.0,118.85,108.05,751,29152,3383517.0
2022-05-13,2022-05-13,GUJALKALI,A,795.0,817.0,755.0,763.8,785.4,5829,108199,85266952.0
2022-05-13,2022-05-13,INDIACEM,A,172.0,176.45,167.7,168.55,168.2,1619,120567,20746290.0
2022-05-13,2022-05-13,JKTYRE,A,112.55,121.65,112.55,118.75,111.7,2509,129437,15277963.0
2022-05-13,2022-05-13,MANGCHEFER,B,98.0,98.9,93.0,93.75,95.65,2126,114100,11016963.0
2022-05-13,2022-05-13,SIL,T,15.05,15.55,15.0,15.4,15.0,10,895,13462.0
2022-05-13,2022-05-13,JUBLPHARMA,A,398.0,414.8,394.85,398.35,400.75,1572,15461,6288549.0
2022-05-13,2022-05-13,THEINVEST,B,89.3,91.7,88.0,88.6,88.6,240,5250,466811.0
2022-05-13,2022-05-13,SAMYAKINT,XT,24.0,24.0,24.0,24.0,24.0,2,126,3024.0
2022-05-13,2022-05-13,AADIIND,XT,6.89,7.19,6.56,7.06,6.89,41,15013,101953.0
2022-05-13,2022-05-13,ACKNIT,X,155.0,157.95,148.0,150.0,149.85,18,1400,214931.0
2022-05-13,2022-05-13,TITANSEC,X,16.7,16.85,15.8,16.45,15.7,229,20414,331324.0
2022-05-13,2022-05-13,REALECO,X,16.25,16.25,14.8,15.5,14.8,14,324,5107.0
2022-05-13,2022-05-13,YASHRAJC,XT,10.11,10.11,10.11,10.11,10.64,14,1291,13052.0
2022-05-13,2022-05-13,CSLFINANCE,X,190.0,190.0,183.0,183.15,175.5,42,1777,333074.0
2022-05-13,2022-05-13,SANGHVIMOV,B,173.25,178.5,171.0,177.35,171.0,131,2954,519739.0
2022-05-13,2022-05-13,ANTELOPUS,B,196.85,197.3,194.0,194.8,195.8,438,9319,1819620.0
2022-05-13,2022-05-13,PURETROP,X,108.25,108.25,102.0,103.1,100.35,53,2392,248423.0
2022-05-13,2022-05-13,FAZE3Q,X,305.05,313.7,291.85,300.95,303.3,248,24295,7297180.0
2022-05-13,2022-05-13,PRADHIN,X,39.95,39.95,35.55,39.7,37.2,10,335,13267.0
2022-05-13,2022-05-13,ANUPAM,X,2.46,2.75,2.43,2.69,2.55,695,344501,918779.0
2022-05-13,2022-05-13,RAJPACK,X,30.9,33.3,30.8,32.25,29.6,41,4498,145061.0
2022-05-13,2022-05-13,PRIVISCL,A,1160.0,1263.35,1160.0,1262.7,1148.5,958,17082,21030001.0
2022-05-13,2022-05-13,NATRAJPR,XT,110.4,114.9,109.85,114.45,110.4,29,986,110559.0
2022-05-13,2022-05-13,SAMRATPH,X,396.95,401.0,372.0,398.55,383.05,117,1634,643705.0
2022-05-13,2022-05-13,NILE,X,453.7,453.7,435.55,446.85,430.2,55,939,417989.0
2022-05-13,2022-05-13,UDAICEMENT,B,31.05,31.6,30.65,31.1,30.15,652,92426,2888387.0
2022-05-13,2022-05-13,AMCOIND,X,65.4,65.4,63.4,65.4,65.4,8,157,10025.0
2022-05-13,2022-05-13,OPTIEMUS,B,277.35,298.45,275.25,280.85,269.4,3483,105823,30339947.0
2022-05-13,2022-05-13,KREONFIN,XT,72.85,72.85,66.0,66.0,69.45,11,7276,501851.0
2022-05-13,2022-05-13,KISAN,X,12.79,12.89,12.35,12.62,12.33,64,10718,136162.0
2022-05-13,2022-05-13,VIJAYTX,X,35.95,35.95,32.5,32.55,33.0,39,13916,456128.0
2022-05-13,2022-05-13,KERALAYUR,X,70.65,70.65,66.35,67.45,67.6,32,1755,119530.0
2022-05-13,2022-05-13,MONGIPA,XT,18.15,19.8,18.05,19.8,19.0,11,1507,28505.0
2022-05-13,2022-05-13,MOHITPPR,XT,18.05,18.05,18.05,18.05,19.0,24,5528,99780.0
2022-05-13,2022-05-13,DAULAT,X,25.9,27.25,23.6,26.2,24.8,69,3472,92597.0
2022-05-13,2022-05-13,OSCARGLO,X,6.06,6.06,6.06,6.06,6.05,1,99,599.0
2022-05-13,2022-05-13,ODYSSEY,X,57.45,57.45,53.0,53.1,56.95,233,9007,487040.0
2022-05-13,2022-05-13,SURATRAML,X,12.7,13.29,12.21,12.94,12.7,2133,396746,5155898.0
2022-05-13,2022-05-13,ATHARVENT,X,2.41,2.48,2.29,2.43,2.41,21,6948,16373.0
2022-05-13,2022-05-13,FUNDVISER,XT,21.55,21.55,21.1,21.55,21.55,6,220,4738.0
2022-05-13,2022-05-13,THEMISMED,B,805.0,827.3,800.95,822.3,803.55,100,1397,1137765.0
2022-05-13,2022-05-13,KALLAM,X,16.0,17.5,15.55,16.0,16.0,491,151669,2493804.0
2022-05-13,2022-05-13,BRAWN,XT,17.5,17.95,17.4,17.95,17.5,7,493,8579.0
2022-05-13,2022-05-13,FORINTL,XT,46.0,48.8,46.0,48.5,46.8,24,483,23355.0
2022-05-13,2022-05-13,KINGSINFR,XT,67.45,69.65,67.0,69.65,66.35,109,12628,870060.0
2022-05-13,2022-05-13,NUTRICIRCLE,X,47.45,47.45,47.45,47.45,45.2,1,1,47.0
2022-05-13,2022-05-13,SUBSM,XT,25.25,25.25,25.25,25.25,26.05,1,6,151.0
2022-05-13,2022-05-13,AUROLAB,X,95.35,97.0,87.2,96.35,90.6,127,4136,381752.0
2022-05-13,2022-05-13,KJMCFIN,X,34.0,34.0,34.0,34.0,32.5,1,3,102.0
2022-05-13,2022-05-13,SUVEN,B,79.45,81.7,78.85,79.8,78.5,869,36224,2899186.0
2022-05-13,2022-05-13,ARYAMAN,X,56.0,56.0,47.1,52.05,51.0,14,158,8225.0
2022-05-13,2022-05-13,BRIDGESE,X,11.15,11.49,10.0,10.33,10.47,183,25449,266579.0
2022-05-13,2022-05-13,RAJTUBE,X,18.25,19.15,18.25,19.15,18.25,7,125,2359.0
2022-05-13,2022-05-13,KAYPOWR,X,5.44,5.44,5.3,5.3,5.19,3,106,575.0
2022-05-13,2022-05-13,INTSTOIL,X,19.5,19.5,18.6,19.4,18.75,51,3815,73128.0
2022-05-13,2022-05-13,GLOBALCA,XT,4.54,4.76,4.35,4.7,4.54,41,6896,32417.0
2022-05-13,2022-05-13,SAINIK,X,27.15,29.95,27.15,28.8,28.55,12,744,20220.0
2022-05-13,2022-05-13,ARIGATO,XT,18.15,18.15,18.15,18.15,18.15,1,1,18.0
2022-05-13,2022-05-13,RICHUNV,XT,9.18,9.18,8.45,8.79,8.76,4,6,53.0
2022-05-13,2022-05-13,QUANTDIA,XT,5.25,5.25,5.25,5.25,5.25,1,158,829.0
2022-05-13,2022-05-13,SPCAPIT,X,18.5,19.8,18.05,18.5,18.0,29,724,13387.0
2022-05-13,2022-05-13,PAOS,X,14.3,14.3,14.3,14.3,13.62,5,610,8723.0
2022-05-13,2022-05-13,KOTHARIPRO,T,92.25,99.85,92.25,99.85,95.1,9,220,21799.0
2022-05-13,2022-05-13,PICCADIL,X,33.3,36.05,33.3,34.15,32.8,1168,192822,6716390.0
2022-05-13,2022-05-13,CLSEL,B,109.15,110.7,103.25,104.75,106.65,605,21093,2254362.0
2022-05-13,2022-05-13,CHANDRAP,X,228.0,238.9,228.0,238.9,227.55,160,9021,2128586.0
2022-05-13,2022-05-13,KIMIABL,X,39.15,39.15,33.1,38.05,36.0,16,1045,38240.0
2022-05-13,2022-05-13,HINDTIN,X,78.05,83.8,78.05,80.3,78.9,136,11575,923392.0
2022-05-13,2022-05-13,GODAVARI,X,70.9,70.9,68.0,68.85,69.1,80,12843,890091.0
2022-05-13,2022-05-13,PREMCO,X,368.35,368.35,341.15,365.0,340.75,13,113,40930.0
2022-05-13,2022-05-13,MUKESHB,X,111.0,111.0,96.35,100.1,101.25,18,225,22992.0
2022-05-13,2022-05-13,GENUSPOWER,A,81.0,84.0,80.0,81.5,80.95,971,51472,4233030.0
2022-05-13,2022-05-13,ASIANENE,B,88.75,91.9,87.85,88.85,86.85,288,9939,889476.0
2022-05-13,2022-05-13,KBSINDIA,X,13.75,14.2,13.75,14.2,14.45,6,120,1654.0
2022-05-13,2022-05-13,UGARSUGAR,B,51.3,52.7,50.05,52.2,50.2,1237,104106,5425233.0
2022-05-13,2022-05-13,ORIENTBELL,B,405.0,423.9,405.0,415.6,406.6,104,3515,1462407.0
2022-05-13,2022-05-13,NRBBEARING,B,114.3,114.3,107.55,110.1,109.0,707,8113,897192.0
2022-05-13,2022-05-13,VAMSHIRU,X,22.4,22.75,22.0,22.75,22.9,8,500,11117.0
2022-05-13,2022-05-13,NILAINFRA,B,6.0,6.12,5.89,5.94,5.83,109,54599,327554.0
2022-05-13,2022-05-13,DBSTOCKBRO,B,24.0,24.2,23.75,23.75,25.0,11,535,12773.0
2022-05-13,2022-05-13,VINYOFL,XT,32.3,32.3,29.85,29.85,31.4,4,218,6564.0
2022-05-13,2022-05-13,JINDCAP,X,29.15,29.15,25.15,28.4,26.5,208,21526,610466.0
2022-05-13,2022-05-13,EPIC,X,6.03,6.03,6.03,6.03,5.75,3,63,379.0
2022-05-13,2022-05-13,SUMEDHA,X,67.0,76.95,67.0,75.95,71.7,81,13256,1003505.0
2022-05-13,2022-05-13,KUWERIN,XT,7.6,7.6,7.3,7.3,7.6,2,200,1466.0
2022-05-13,2022-05-13,CHOKSI,X,35.0,35.9,32.35,32.95,32.35,48,2874,95799.0
2022-05-13,2022-05-13,ASHISHPO,XT,31.45,31.45,31.45,31.45,33.1,27,1350,42457.0
2022-05-13,2022-05-13,ADORFO,X,68.1,70.5,68.1,70.05,67.95,241,30956,2150978.0
2022-05-13,2022-05-13,SHIVAAGRO,X,89.0,94.85,87.0,89.65,89.4,76,3626,326379.0
2022-05-13,2022-05-13,SIDDHA,X,6.24,6.31,5.76,5.83,6.06,159,27463,160579.0
2022-05-13,2022-05-13,KIRANSY-B,XT,6.9,7.49,6.79,6.8,7.14,85,47577,324271.0
2022-05-13,2022-05-13,SUMERUIND,XT,2.34,2.58,2.34,2.58,2.46,53,21361,50384.0
2022-05-13,2022-05-13,RUNGTAIR,XT,21.75,21.75,21.75,21.75,22.85,38,3012,65511.0
2022-05-13,2022-05-13,VALSONQ,X,17.0,18.2,16.8,17.1,17.35,37,4632,81581.0
2022-05-13,2022-05-13,SABOOSOD,X,20.8,20.8,19.5,19.6,19.1,91,16285,325014.0
2022-05-13,2022-05-13,GSLSEC,X,5.42,5.42,5.42,5.42,5.7,1,2,10.0
2022-05-13,2022-05-13,TINNARUBR,X,307.5,329.4,307.5,329.4,313.75,137,5368,1738033.0
2022-05-13,2022-05-13,VIKRAMTH,X,58.0,60.0,50.0,51.25,56.8,1054,72757,4129889.0
2022-05-13,2022-05-13,STRATMONT,X,20.4,20.4,20.4,20.4,20.4,2,234,4773.0
2022-05-13,2022-05-13,AKCAPIT,X,409.95,421.0,405.0,419.9,395.6,90,6164,2539571.0
2022-05-13,2022-05-13,RELAXO,A,1027.0,1034.35,988.0,1018.3,1029.15,4951,28545,29111823.0
2022-05-13,2022-05-13,VIRAT,XT,196.5,209.0,195.0,202.25,199.3,71,3364,665807.0
2022-05-13,2022-05-13,RRETAIL,XT,6.75,7.09,6.43,6.79,6.76,114,22276,151452.0
2022-05-13,2022-05-13,TERAI,X,67.0,67.35,58.15,59.6,61.45,23,458,28843.0
2022-05-13,2022-05-13,MANRAJH,Z,14.66,14.66,14.66,14.66,13.97,2,107,1568.0
2022-05-13,2022-05-13,COSCO,X,209.5,209.5,192.25,198.6,200.4,44,1475,292897.0
2022-05-13,2022-05-13,SHILPAMED,A,399.8,400.95,385.2,386.85,392.95,629,5020,1981304.0
2022-05-13,2022-05-13,PARACABLES,B,10.8,11.49,10.49,10.92,10.49,226,64859,717643.0
2022-05-13,2022-05-13,NCLRESE,X,1.05,1.23,1.05,1.23,1.12,4360,4917582,5863052.0
2022-05-13,2022-05-13,KOIYAIN,X,3.55,3.64,3.55,3.64,3.47,11,526,1912.0
2022-05-13,2022-05-13,LADDERUP,X,26.85,26.85,23.3,24.0,22.85,32,1444,36592.0
2022-05-13,2022-05-13,UYFINCORP,XT,11.79,11.89,11.79,11.85,11.33,127,77394,917050.0
2022-05-13,2022-05-13,EKAMLEA,X,4.79,4.8,4.79,4.8,4.79,8,473,2268.0
2022-05-13,2022-05-13,SWASTIKA,X,189.25,194.8,189.25,190.95,183.15,24,243,46844.0
2022-05-13,2022-05-13,PRIMAPLA,X,82.0,92.7,82.0,86.4,82.1,109,3757,324400.0
2022-05-13,2022-05-13,TELECANOR,XT,13.5,13.75,13.1,13.25,13.75,20,2851,38140.0
2022-05-13,2022-05-13,GARGFUR,XT,33.25,33.3,33.25,33.25,35.0,15,447,14864.0
2022-05-13,2022-05-13,SAMPRE,XT,29.45,30.9,29.4,29.55,30.9,11,385,11501.0
2022-05-13,2022-05-13,AAIL,X,52.85,52.85,48.0,48.6,49.3,53,5393,268161.0
2022-05-13,2022-05-13,VIPULORG,X,170.0,170.0,159.9,160.3,162.0,156,4405,722795.0
2022-05-13,2022-05-13,ECORECO,X,102.0,110.45,99.65,109.1,100.5,247,22563,2431091.0
2022-05-13,2022-05-13,GOODLUCK,B,252.75,259.95,250.0,251.5,249.65,151,1720,437863.0
2022-05-13,2022-05-13,GOYALASS,X,1.71,1.78,1.63,1.64,1.71,171,161272,270332.0
2022-05-13,2022-05-13,ZENITHHE,XT,6.22,6.44,6.15,6.4,6.14,324,40442,255935.0
2022-05-13,2022-05-13,YORKEXP,XT,34.3,34.35,34.3,34.3,34.3,8,378,12965.0
2022-05-13,2022-05-13,SUPREME,X,53.2,56.25,52.1,54.25,54.35,103,12800,691527.0
2022-05-13,2022-05-13,LYKISLTD,X,31.1,31.1,29.0,29.45,29.7,89,9480,278677.0
2022-05-13,2022-05-13,PRIMEPRO,X,14.09,14.09,12.1,12.18,13.37,21,3531,43404.0
2022-05-13,2022-05-13,ZENLABS,X,33.95,34.0,31.65,32.05,32.65,33,7559,248663.0
2022-05-13,2022-05-13,RAJRILTD,T,9.32,9.32,9.32,9.32,8.88,1,100,932.0
2022-05-13,2022-05-13,ANIRIT,P,9.89,9.89,9.89,9.89,9.43,2,200,1978.0
2022-05-13,2022-05-13,GOWRALE,XT,24.0,24.9,22.85,24.9,24.0,4,121,2789.0
2022-05-13,2022-05-13,JAGANLAM,X,50.4,56.65,50.4,52.65,50.95,72,5339,284414.0
2022-05-13,2022-05-13,AJEL,Z,9.8,9.83,8.92,8.93,9.37,31,8359,81137.0
2022-05-13,2022-05-13,ASITCFIN,X,87.55,90.0,86.75,86.75,91.3,53,3018,262465.0
2022-05-13,2022-05-13,ENCODE,XT,8.45,8.45,8.42,8.42,8.06,6,233,1965.0
2022-05-13,2022-05-13,SUPERBAK,X,12.73,12.73,12.73,12.73,13.39,11,2223,28298.0
2022-05-13,2022-05-13,OVOBELE,P,34.0,34.0,32.5,32.5,32.5,2,200,6650.0
2022-05-13,2022-05-13,CHALLANI,X,15.5,15.5,14.45,14.45,15.2,10,539,7791.0
2022-05-13,2022-05-13,CORNE,XT,13.9,13.9,13.29,13.3,13.98,7,1013,13471.0
2022-05-13,2022-05-13,STERTOOLS,B,122.4,125.45,121.55,123.2,120.75,163,2544,315183.0
2022-05-13,2022-05-13,INFRAINDUS,Z,7.1,7.1,7.1,7.1,7.1,1,25,177.0
2022-05-13,2022-05-13,CEEJAY,X,108.85,108.85,92.3,95.85,103.15,14,439,43377.0
2022-05-13,2022-05-13,SUNCITYSY,XT,10.57,10.57,10.57,10.57,11.12,13,631,6669.0
2022-05-13,2022-05-13,SHGANEL,XT,17.3,17.3,16.2,16.45,16.5,6,65,1120.0
2022-05-13,2022-05-13,ANNAINFRA,X,7.62,7.63,7.62,7.63,7.6,2,37,281.0
2022-05-13,2022-05-13,BHAGERIA,B,213.4,214.6,200.0,202.35,203.7,151,2938,606740.0
2022-05-13,2022-05-13,BNRUDY,X,30.55,30.55,27.7,30.45,29.15,5,112,3108.0
2022-05-13,2022-05-13,KRBL,A,233.2,240.85,222.15,230.55,234.3,4610,147645,34023509.0
2022-05-13,2022-05-13,REFNOLRESIN,X,39.6,41.8,37.65,41.7,39.6,15,442,18107.0
2022-05-13,2022-05-13,SSPDL,X,13.28,13.28,12.5,12.5,12.65,4,82,1049.0
2022-05-13,2022-05-13,DAIKAFFI,X,23.3,24.95,23.3,24.0,24.8,14,347,8226.0
2022-05-13,2022-05-13,CILSEC,X,28.0,31.95,28.0,29.55,28.55,63,4064,120556.0
2022-05-13,2022-05-13,CLIOINFO,X,6.12,6.65,6.12,6.25,6.44,60,9886,61865.0
2022-05-13,2022-05-13,CUPID,B,240.0,249.7,238.25,240.45,237.2,587,10093,2476954.0
2022-05-13,2022-05-13,SUNSHIEL,X,523.0,555.0,520.0,548.95,511.05,220,11529,6244886.0
2022-05-13,2022-05-13,CHEMBOND,B,170.45,174.0,165.7,170.85,164.5,82,386,65994.0
2022-05-13,2022-05-13,CIFL,X,125.9,126.7,119.95,120.0,125.9,14,92,11090.0
2022-05-13,2022-05-13,SUCROSA,X,6.85,6.99,6.72,6.9,6.7,88,59240,407190.0
2022-05-13,2022-05-13,NGIND,X,72.0,76.7,64.25,65.7,65.95,25,1421,95874.0
2022-05-13,2022-05-13,ASIAPAK,X,19.0,19.0,19.0,19.0,19.0,3,251,4769.0
2022-05-13,2022-05-13,ERPSOFT,XT,122.85,122.85,122.85,122.85,117.0,6,179,21990.0
2022-05-13,2022-05-13,JRFOODS,XT,5.95,6.24,5.95,5.99,5.95,14,2293,13694.0
2022-05-13,2022-05-13,REMSONSIND,B,193.3,199.65,192.65,192.85,197.8,79,1859,362285.0
2022-05-13,2022-05-13,AQYLON,T,1.76,1.76,1.76,1.76,1.85,5,1300,2288.0
2022-05-13,2022-05-13,RAMINFO,X,116.0,118.8,111.5,112.7,111.0,101,11813,1354323.0
2022-05-13,2022-05-13,SUNILAGR,X,131.35,133.7,122.4,129.0,127.5,11,290,37297.0
2022-05-13,2022-05-13,DIANATEA,X,28.25,29.4,28.25,28.75,28.05,71,7562,218131.0
2022-05-13,2022-05-13,VIKASECO,B,3.24,3.57,3.24,3.49,3.4,1722,4257422,14640152.0
2022-05-13,2022-05-13,IOC,A,125.7,125.7,120.7,121.35,121.95,7505,774972,95721656.0
2022-05-13,2022-05-13,ALFAICA,XT,47.95,50.3,47.95,50.25,47.95,15,1038,52175.0
2022-05-13,2022-05-13,SKCIL,X,63.6,70.0,60.25,67.45,61.6,44,2802,188092.0
2022-05-13,2022-05-13,INDIAHOME,X,30.3,33.5,29.0,29.5,30.95,52,7345,225207.0
2022-05-13,2022-05-13,ROOPAIND,X,27.4,28.1,25.55,27.95,26.8,28,2053,57155.0
2022-05-13,2022-05-13,UNIQUEO,X,37.0,38.4,36.0,36.65,36.6,36,8394,312502.0
2022-05-13,2022-05-13,BALAMINES,A,3148.0,3169.35,2950.15,2981.5,3068.0,2476,8718,26996769.0
2022-05-13,2022-05-13,ARISE,X,16.25,16.25,16.25,16.25,16.25,2,20,325.0
2022-05-13,2022-05-13,VISAGAR,X,1.89,1.89,1.71,1.72,1.8,1899,3264082,5734131.0
2022-05-13,2022-05-13,LIBORD,XT,9.1,9.1,8.84,8.84,9.3,4,128,1133.0
2022-05-13,2022-05-13,COMPEAU,X,179.45,179.45,169.7,170.35,173.0,5,101,17191.0
2022-05-13,2022-05-13,ZDHJERK,XT,14.15,14.15,13.55,13.55,13.5,7,872,12155.0
2022-05-13,2022-05-13,NEELKAN,Z,12.55,12.55,11.93,11.93,12.55,11,381,4605.0
2022-05-13,2022-05-13,CONTILI,XT,46.15,50.95,46.15,48.05,48.55,12,155,7783.0
2022-05-13,2022-05-13,VIJSOLX,XT,1905.0,2001.05,1905.0,1973.0,1905.8,105,740,1469338.0
2022-05-13,2022-05-13,SHRIKRISH,X,20.5,22.55,20.35,22.45,20.5,6,212,4765.0
2022-05-13,2022-05-13,ALANKIT,B,12.65,13.34,11.35,12.14,12.65,766,106267,1299027.0
2022-05-13,2022-05-13,NIHARINF,X,11.53,11.53,10.96,11.01,11.53,49,8639,95563.0
2022-05-13,2022-05-13,UNITDCR,X,12.65,12.65,11.5,11.5,12.05,2,2,24.0
2022-05-13,2022-05-13,OMINFRAL,B,33.8,36.25,33.8,35.15,33.3,340,6443,227801.0
2022-05-13,2022-05-13,ISHANCH,X,117.55,120.0,104.05,106.95,115.1,1274,154623,17323671.0
2022-05-13,2022-05-13,GOTHIPL,P,19.95,19.95,18.05,18.15,19.0,6,1000,18855.0
2022-05-13,2022-05-13,BALUFORGE,X,85.0,90.65,85.0,88.3,87.7,189,5570,490675.0
2022-05-13,2022-05-13,PATELENG,B,21.8,22.05,21.45,22.05,21.0,433,70925,1549021.0
2022-05-13,2022-05-13,KATIPATANG,XT,3.96,3.96,3.96,3.96,4.16,1,50,198.0
2022-05-13,2022-05-13,MENAMANI,XT,14.0,14.0,14.0,14.0,14.7,4,202,2828.0
2022-05-13,2022-05-13,INANI,X,21.9,21.9,18.85,21.0,19.0,45,10010,206026.0
2022-05-13,2022-05-13,GEMSI,X,1.36,1.49,1.33,1.46,1.38,249,74539,108227.0
2022-05-13,2022-05-13,MEDICAMEQ,B,640.95,670.95,631.0,666.35,634.0,467,7208,4716533.0
2022-05-13,2022-05-13,ALICON,B,687.0,699.4,681.2,682.65,687.35,78,283,194178.0
2022-05-13,2022-05-13,DILIGENT,X,16.45,16.9,15.3,16.9,16.1,340,73359,1176889.0
2022-05-13,2022-05-13,ALFAVIO,X,132.4,133.4,132.25,133.4,132.2,100,8505,1128594.0
2022-05-13,2022-05-13,ORGCOAT,XT,9.81,9.81,9.32,9.32,9.81,8,3053,28724.0
2022-05-13,2022-05-13,CATVISION,XT,11.35,11.35,10.31,10.39,10.85,7,1086,11315.0
2022-05-13,2022-05-13,ABMKNO,X,88.25,97.0,88.25,94.2,88.9,106,6369,595966.0
2022-05-13,2022-05-13,EMAMILTD,A,454.75,455.85,419.15,427.3,451.05,5213,56708,24780808.0
2022-05-13,2022-05-13,KEMISTAR,X,36.0,36.05,35.85,35.85,33.95,12,362,12991.0
2022-05-13,2022-05-13,SKPSEC,X,84.5,86.95,81.0,82.3,84.2,43,1454,122839.0
2022-05-13,2022-05-13,PRANAVSPIN,X,22.95,22.95,21.1,22.8,21.0,5,252,5777.0
2022-05-13,2022-05-13,SYSCHEM,X,12.85,14.38,12.85,13.95,13.54,31,8868,117257.0
2022-05-13,2022-05-13,BLSINFOTE,XT,6.26,6.26,6.26,6.26,5.97,581,457540,2864200.0
2022-05-13,2022-05-13,MEFCOMCAP,X,26.1,26.4,24.2,25.2,25.15,33,6316,156585.0
2022-05-13,2022-05-13,HEMANG,XT,56.0,56.0,56.0,56.0,58.9,21,851,47656.0
2022-05-13,2022-05-13,ARMANFIN,B,969.95,1017.95,957.05,986.7,937.65,330,2379,2336340.0
2022-05-13,2022-05-13,EFORU,XT,9.41,9.41,9.41,9.41,9.41,1,36,338.0
2022-05-13,2022-05-13,DHANADACO,XT,4.6,4.6,4.37,4.37,4.59,20,3405,15002.0
2022-05-13,2022-05-13,GLANCE,X,59.5,60.5,52.5,53.25,56.0,26,875,47664.0
2022-05-13,2022-05-13,SHILCTECH,X,532.0,575.6,532.0,566.7,523.3,695,24122,13655019.0
2022-05-13,2022-05-13,TRADEWELL,XT,37.8,39.65,37.8,39.65,37.8,5,553,21911.0
2022-05-13,2022-05-13,SPRIGHT,XT,19.95,19.95,19.95,19.95,20.95,249,24206,482909.0
2022-05-13,2022-05-13,NUCLEUS,B,389.2,396.6,386.95,388.0,385.8,52,391,152532.0
2022-05-13,2022-05-13,COLINZ,XT,26.8,26.8,26.8,26.8,26.8,1,1,26.0
2022-05-13,2022-05-13,NLFL,X,31.5,31.5,29.65,31.0,29.65,16,231,6891.0
2022-05-13,2022-05-13,MANAPPURAM,A,104.5,104.5,98.25,99.0,100.8,7678,509605,51601700.0
2022-05-13,2022-05-13,RTSPOWR,X,60.75,60.75,55.0,55.7,57.6,40,4045,228350.0
2022-05-13,2022-05-13,COMFINTE,X,23.6,24.8,23.0,23.9,23.65,88,12150,291988.0
2022-05-13,2022-05-13,ANJANI,X,34.4,34.4,32.1,32.4,31.8,24,298,9709.0
2022-05-13,2022-05-13,XTGLOBAL,X,46.3,51.4,45.4,48.25,42.85,469,104108,5251561.0
2022-05-13,2022-05-13,RANDER,X,9.39,9.39,9.05,9.39,9.23,16,317,2879.0
2022-05-13,2022-05-13,RASIELEC,X,8.7,8.96,8.5,8.67,8.78,71,12314,106918.0
2022-05-13,2022-05-13,SCOOBEEDAY,X,152.6,152.8,141.0,145.05,147.05,31,1023,148679.0
2022-05-13,2022-05-13,DHRUVCA,X,4.08,4.08,4.08,4.08,4.29,1,1,4.0
2022-05-13,2022-05-13,SHAMROIN,XT,6.06,6.36,5.76,5.76,6.06,11,170,981.0
2022-05-13,2022-05-13,LINC,B,243.95,265.0,242.95,250.35,237.05,103,923,232574.0
2022-05-13,2022-05-13,PRIMAIN,XT,33.45,36.9,33.45,36.8,35.2,11,439,14955.0
2022-05-13,2022-05-13,ANERI,X,5.22,5.22,5.22,5.22,5.49,1,100,522.0
2022-05-13,2022-05-13,INDGELA,X,110.0,112.85,107.05,109.45,109.0,62,2080,225525.0
2022-05-13,2022-05-13,OPTIFIN,X,38.65,40.0,38.65,40.0,40.65,13,860,33245.0
2022-05-13,2022-05-13,PARAGONF,X,19.15,19.15,18.6,19.15,19.5,10,518,9781.0
2022-05-13,2022-05-13,VELLORA,X,23.0,23.0,21.1,22.1,22.75,38,4141,91266.0
2022-05-13,2022-05-13,ESHAMEDIA,XT,7.2,7.2,7.0,7.0,7.0,2,4,28.0
2022-05-13,2022-05-13,REFEXRENEW,X,345.0,345.0,287.05,318.9,318.3,60,926,271900.0
2022-05-13,2022-05-13,VSTTILLERS,A,2413.3,2488.0,2399.45,2468.15,2406.0,508,976,2375226.0
2022-05-13,2022-05-13,B2BSOFT,XT,33.95,34.3,31.25,31.55,32.85,83,5067,165313.0
2022-05-13,2022-05-13,NIKKIGL,X,9.25,9.6,9.25,9.25,9.42,12,433,4047.0
2022-05-13,2022-05-13,RADHEDE,X,138.25,150.45,138.25,150.45,143.3,84,15298,2293015.0
2022-05-13,2022-05-13,KINETRU,XT,9.6,10.0,9.4,9.61,9.6,11,462,4427.0
2022-05-13,2022-05-13,ELIXIR,X,43.4,43.4,41.5,41.5,40.6,6,202,8552.0
2022-05-13,2022-05-13,TRISHAKT,X,70.0,72.65,65.75,71.95,69.2,32,3282,220009.0
2022-05-13,2022-05-13,PANKAJPO,X,4.7,4.7,4.7,4.7,4.9,1,16,75.0
2022-05-13,2022-05-13,MARBLE,XT,11.5,11.5,10.93,11.4,11.5,12,955,10625.0
2022-05-13,2022-05-13,CINDRELL,XT,23.45,23.45,23.45,23.45,22.35,8,613,14374.0
2022-05-13,2022-05-13,NATPLASTI,X,83.75,83.75,75.0,75.1,76.75,10,509,38409.0
2022-05-13,2022-05-13,NATFIT,X,53.55,54.0,52.0,52.0,53.55,21,1438,76147.0
2022-05-13,2022-05-13,ARTEFACT,X,63.7,64.0,59.55,61.45,60.7,30,3247,203905.0
2022-05-13,2022-05-13,AMITINT,X,5.69,6.27,5.69,5.69,5.98,19,40844,232451.0
2022-05-13,2022-05-13,NUTECGLOB,X,9.27,9.27,9.27,9.27,9.49,3,31,287.0
2022-05-13,2022-05-13,DHPIND,X,718.0,750.0,718.0,725.25,713.65,81,1041,769911.0
2022-05-13,2022-05-13,RRIL,X,13.7,14.85,13.7,14.05,13.75,100,17479,247631.0
2022-05-13,2022-05-13,AVAILFC,X,129.2,137.75,129.2,136.9,132.1,77,4251,567419.0
2022-05-13,2022-05-13,MGIL,XT,3.85,3.93,3.85,3.9,3.93,17,3976,15572.0
2022-05-13,2022-05-13,HAVISHA,T,2.34,2.34,2.24,2.24,2.35,34,3187,7191.0
2022-05-13,2022-05-13,ROSELABS,X,13.65,13.65,13.65,13.65,13.0,3,41,559.0
2022-05-13,2022-05-13,KRETTOSYS,XT,0.81,0.85,0.77,0.85,0.81,1901,1787578,1446931.0
2022-05-13,2022-05-13,VIKALPS,XT,7.58,7.58,7.21,7.58,7.58,12,466,3419.0
2022-05-13,2022-05-13,ZYDUSWELL,A,1539.4,1603.7,1538.3,1587.35,1529.5,844,2189,3456171.0
2022-05-13,2022-05-13,WINPRO,B,5.6,5.67,5.05,5.19,5.48,242,291666,1532606.0
2022-05-13,2022-05-13,MILESTONE,X,13.75,13.75,12.8,12.8,13.1,7,307,4072.0
2022-05-13,2022-05-13,BERVINL,XT,44.15,44.15,44.0,44.0,45.05,2,2,88.0
2022-05-13,2022-05-13,GUJINV,XT,7.99,7.99,7.6,7.6,7.99,7,698,5328.0
2022-05-13,2022-05-13,CONCOR,A,605.0,624.15,599.55,606.3,594.2,3182,51616,31657869.0
2022-05-13,2022-05-13,EASTRED,X,38.5,39.0,35.4,37.7,38.5,22,1658,63243.0
2022-05-13,2022-05-13,PANACEABIO,B,143.2,145.75,136.95,139.1,135.9,188,3283,457507.0
2022-05-13,2022-05-13,PEETISEC,XT,22.35,22.95,22.35,22.95,21.9,17,700,16005.0
2022-05-13,2022-05-13,CHOICEIN,B,310.7,314.7,308.8,311.55,305.5,458,3249,1014174.0
2022-05-13,2022-05-13,SRAMSET,X,143.95,143.95,136.3,137.35,135.35,14,178,24754.0
2022-05-13,2022-05-13,GOLECHA,X,9.32,9.32,9.32,9.32,8.88,1,1,9.0
2022-05-13,2022-05-13,EKANSH,X,26.35,26.6,24.45,26.6,24.25,13,529,13626.0
2022-05-13,2022-05-13,BYKE,T,36.1,36.8,36.1,36.5,35.05,43,5835,213582.0
2022-05-13,2022-05-13,CSURGSU,X,57.0,57.0,53.1,53.25,55.35,8,35,1867.0
2022-05-13,2022-05-13,ARIHANT,X,28.0,28.5,27.2,28.5,27.15,9,417,11693.0
2022-05-13,2022-05-13,HASTIFIN,X,4.85,4.85,4.8,4.8,4.85,9,723,3493.0
2022-05-13,2022-05-13,UPSURGE,X,43.8,43.8,38.75,41.9,40.0,42,7655,320315.0
2022-05-13,2022-05-13,PADAMCO,XT,29.15,29.15,29.15,29.15,30.65,2,25,728.0
2022-05-13,2022-05-13,SOURCENTRL,X,91.9,91.9,78.5,86.3,82.65,24,314,26861.0
2022-05-13,2022-05-13,GGAUTO,XT,20.75,21.95,20.2,21.9,20.95,25,5875,127210.0
2022-05-13,2022-05-13,ALMONDZ,B,97.65,102.7,96.65,97.6,95.45,79,1727,170840.0
2022-05-13,2022-05-13,LWSKNIT,XT,12.75,12.8,12.75,12.8,13.4,3,350,4467.0
2022-05-13,2022-05-13,ANSINDUS,XT,10.5,11.02,10.5,11.02,10.5,3,16,173.0
2022-05-13,2022-05-13,ALCHCORP,XT,13.6,13.6,13.55,13.55,13.55,7,1357,18450.0
2022-05-13,2022-05-13,TUNITEX,XT,2.75,3.03,2.75,3.03,2.89,751,369547,1093874.0
2022-05-13,2022-05-13,RADIXIND,XT,55.4,55.5,55.4,55.5,55.2,5,201,11152.0
2022-05-13,2022-05-13,KIRANPR,X,6.37,6.37,6.37,6.37,6.07,5,2058,13109.0
2022-05-13,2022-05-13,NARPROP,XT,19.2,20.0,18.8,19.95,19.55,16,256,4993.0
2022-05-13,2022-05-13,MEGACOR,X,2.3,2.42,2.3,2.3,2.42,152,51127,117702.0
2022-05-13,2022-05-13,TNPL,A,193.3,197.35,187.05,188.35,190.7,1698,40191,7756886.0
2022-05-13,2022-05-13,SHAKTIPUMP,A,439.95,449.0,428.6,439.85,420.35,896,9117,4008566.0
2022-05-13,2022-05-13,SUNGOLD,XT,1.81,1.9,1.81,1.81,1.9,19,21040,38566.0
2022-05-13,2022-05-13,SAFFRON,XT,6.9,7.03,6.9,7.03,7.03,2,32,221.0
2022-05-13,2022-05-13,PWASML,X,54.0,55.5,50.0,50.5,54.95,51,3655,187530.0
2022-05-13,2022-05-13,GOLDTECH,B,55.5,55.95,52.2,53.0,53.3,93,5679,310246.0
2022-05-13,2022-05-13,VARDHMAN,XT,6.9,7.03,6.9,6.9,6.7,6,158,1093.0
2022-05-13,2022-05-13,GRMOVER,T,360.65,375.0,360.65,360.9,379.6,959,84190,30377082.0
2022-05-13,2022-05-13,MOHITIND,B,20.95,21.1,19.6,19.95,19.65,102,3112,62617.0
2022-05-13,2022-05-13,POLYLINK,X,30.6,32.8,30.5,30.5,32.1,98,17003,525584.0
2022-05-13,2022-05-13,MINAXI,X,2.54,2.79,2.41,2.79,2.54,256,109538,296340.0
2022-05-13,2022-05-13,NOUVEAU,X,1.28,1.28,1.28,1.28,1.3,35,3753,4803.0
2022-05-13,2022-05-13,DUKEOFS,X,8.5,9.09,8.5,9.09,8.66,17,1167,10542.0
2022-05-13,2022-05-13,CYBELEIND,XT,14.1,14.1,14.1,14.1,14.1,3,58,817.0
2022-05-13,2022-05-13,CGVAK,X,236.0,260.1,228.1,244.6,236.6,150,4348,1056595.0
2022-05-13,2022-05-13,NAVKARURB,XT,79.0,82.5,77.0,80.95,80.35,140,37006,2932070.0
2022-05-13,2022-05-13,MADHUCON,T,5.33,5.87,5.33,5.86,5.6,59,26885,150128.0
2022-05-13,2022-05-13,SYBLY,XT,6.51,6.79,6.24,6.3,6.56,25,1569,10449.0
2022-05-13,2022-05-13,RAJESHEXPO,A,612.9,612.9,585.5,587.95,593.75,1307,14851,8765596.0
2022-05-13,2022-05-13,ESARIND,X,3.88,3.88,3.74,3.74,3.81,26,19111,71609.0
2022-05-13,2022-05-13,MARIS,X,97.05,102.5,97.05,99.85,97.65,222,29579,2988885.0
2022-05-13,2022-05-13,SKRABUL,X,14.5,14.5,14.5,14.5,14.5,1,11,159.0
2022-05-13,2022-05-13,EVEREADY,A,311.0,317.2,309.25,312.6,314.6,647,20303,6332550.0
2022-05-13,2022-05-13,STEP2COR,X,13.65,13.65,13.65,13.65,13.0,1,50,682.0
2022-05-13,2022-05-13,ORIENTTR,X,12.19,12.19,12.19,12.19,12.83,94,12125,147803.0
2022-05-13,2022-05-13,VIKASPROP,B,1.74,1.85,1.71,1.75,1.7,649,430492,767399.0
2022-05-13,2022-05-13,ACESOFT,X,18.8,18.8,18.0,18.0,18.7,17,4865,87578.0
2022-05-13,2022-05-13,HATSUN,A,1000.0,1000.0,844.85,855.9,989.55,4917,28807,25348969.0
2022-05-13,2022-05-13,ACCEDERE,XT,29.9,31.4,28.5,28.5,29.95,14,244,7105.0
2022-05-13,2022-05-13,RISHDIGA,X,22.4,22.4,20.2,20.2,20.65,6,450,9206.0
2022-05-13,2022-05-13,MAINFRA,X,56.95,58.0,53.75,55.25,54.55,33,5662,318290.0
2022-05-13,2022-05-13,JINDWORLD,T,270.05,287.0,270.05,279.3,277.35,108,2650,741998.0
2022-05-13,2022-05-13,SOMANYCERA,A,589.95,608.0,556.6,587.2,556.0,2138,15907,9353409.0
2022-05-13,2022-05-13,RAGHUTOB,X,12.9,12.9,12.06,12.89,12.5,47,3480,44574.0
2022-05-13,2022-05-13,DRL,XT,28.25,28.25,28.25,28.25,29.7,1,25,706.0
2022-05-13,2022-05-13,CORALFINAC,B,33.25,36.95,33.25,36.65,34.7,80,1520,53194.0
2022-05-13,2022-05-13,AROMAENT,Z,15.5,15.5,15.5,15.5,14.85,1,1,15.0
2022-05-13,2022-05-13,SANJIVIN,X,41.1,44.65,41.1,44.45,42.55,59,8186,363016.0
2022-05-13,2022-05-13,KMFBLDR,X,6.15,6.59,6.15,6.55,6.47,13,5000,31815.0
2022-05-13,2022-05-13,BERYLSE,XT,8.32,8.35,8.32,8.35,8.74,6,760,6336.0
2022-05-13,2022-05-13,RAP,X,18.9,18.9,17.1,17.1,18.0,6,345,6340.0
2022-05-13,2022-05-13,DEVINE,XT,5.55,5.65,5.37,5.65,5.65,9,279,1517.0
2022-05-13,2022-05-13,BAMPSL,XT,6.88,6.95,6.61,6.89,6.75,81,50517,346812.0
2022-05-13,2022-05-13,GENPHARMA,X,5.25,5.59,5.2,5.38,5.15,685,223602,1194131.0
2022-05-13,2022-05-13,INCON,XT,21.8,22.4,20.3,21.5,21.35,38,2358,51658.0
2022-05-13,2022-05-13,CGCL,A,643.15,666.15,628.0,637.35,637.15,764,3724,2417633.0
2022-05-13,2022-05-13,FDC,A,254.0,254.0,243.4,245.15,244.65,597,8671,2141070.0
2022-05-13,2022-05-13,GORANIN,X,99.35,99.35,87.55,90.85,93.7,38,2804,257847.0
2022-05-13,2022-05-13,KGPETRO,X,280.05,294.0,260.0,263.95,295.0,47,937,249282.0
2022-05-13,2022-05-13,STARCOM,X,109.9,109.9,90.0,103.45,99.95,10,107,10682.0
2022-05-13,2022-05-13,COUNCODOS,B,4.42,4.7,4.29,4.6,4.3,58,21204,96859.0
2022-05-13,2022-05-13,OROSMITHS,X,6.3,6.3,6.3,6.3,6.63,166,25061,157884.0
2022-05-13,2022-05-13,LINCOLN,B,290.0,302.05,290.0,294.75,287.75,122,1631,480319.0
2022-05-13,2022-05-13,SILVOAK,X,41.95,42.2,37.55,39.5,41.4,15,702,29161.0
2022-05-13,2022-05-13,PRAVEG,X,135.55,144.9,135.55,142.55,137.7,77,3539,500709.0
2022-05-13,2022-05-13,SURAJLTD,X,67.55,72.2,67.55,68.75,70.05,16,282,19761.0
2022-05-13,2022-05-13,MARICO,A,500.3,512.7,496.95,500.1,500.55,3854,303092,154174383.0
2022-05-13,2022-05-13,TOKYOFIN,X,10.75,11.21,10.75,11.21,10.68,6,2505,27922.0
2022-05-13,2022-05-13,MAHAVIRIND,XT,2.08,2.25,2.08,2.23,2.18,71,29295,61252.0
2022-05-13,2022-05-13,NATGENI,XT,383.4,423.7,383.4,388.55,403.55,24,226,89158.0
2022-05-13,2022-05-13,UVS,XT,19.6,19.6,19.6,19.6,18.7,6,167,3273.0
2022-05-13,2022-05-13,HITTCO,XT,8.49,9.07,8.26,8.94,8.69,109,10802,94656.0
2022-05-13,2022-05-13,RRMETAL,X,38.4,39.0,36.6,37.4,37.2,24,2795,107455.0
2022-05-13,2022-05-13,VISIONCO,X,2.25,2.25,2.22,2.22,2.15,16,1070,2396.0
2022-05-13,2022-05-13,ANKIN,XT,17.5,17.5,17.5,17.5,17.5,1,3,52.0
2022-05-13,2022-05-13,EMROCK,X,8.64,8.64,7.82,7.82,8.23,2,85,684.0
2022-05-13,2022-05-13,AMERISE,XT,1.0,1.0,0.95,0.98,1.0,522,528316,507805.0
2022-05-13,2022-05-13,PRITHVIEXCH,XT,29.0,29.05,27.75,29.05,29.2,6,406,11649.0
2022-05-13,2022-05-13,RAINBOWF,X,10.25,10.4,9.27,9.32,10.29,66,69038,647071.0
2022-05-13,2022-05-13,TRICOMFRU,X,1.48,1.59,1.48,1.48,1.55,75,35744,53199.0
2022-05-13,2022-05-13,VIDHIING,B,392.0,404.65,389.5,392.5,392.15,730,6453,2560509.0
2022-05-13,2022-05-13,BHAGCHEM,B,888.6,889.0,835.6,851.8,859.75,57,397,342356.0
2022-05-13,2022-05-13,PANCHSHEEL,X,194.0,204.8,192.2,201.15,190.0,298,33565,6609193.0
2022-05-13,2022-05-13,MENNPIS,X,42.5,43.4,41.25,42.4,41.2,179,14862,635553.0
2022-05-13,2022-05-13,GREENCREST,X,7.04,7.04,6.78,6.99,6.91,168,40354,282299.0
2022-05-13,2022-05-13,GENNEX,X,6.5,6.95,6.38,6.68,6.38,830,213281,1425170.0
2022-05-13,2022-05-13,PRAENG,T,15.95,16.45,15.8,15.9,15.95,30,6758,109056.0
2022-05-13,2022-05-13,BIOGEN,X,1.0,1.05,1.0,1.05,1.0,1233,1208496,1265937.0
2022-05-13,2022-05-13,GKCONS,X,11.2,11.2,11.2,11.2,11.2,1,50,560.0
2022-05-13,2022-05-13,APOLLOPIPE,A,496.0,527.85,477.1,479.7,475.9,2312,31556,15606062.0
2022-05-13,2022-05-13,UNJHAFOR,X,10.26,10.75,10.03,10.6,10.26,21,9759,100049.0
2022-05-13,2022-05-13,POLYMED,A,749.6,785.5,749.6,781.25,741.95,518,1555,1200981.0
2022-05-13,2022-05-13,KACHCHH,X,20.0,20.7,17.5,18.3,18.85,21,1215,23295.0
2022-05-13,2022-05-13,KACL,XT,82.4,82.4,82.4,82.4,86.7,239,5636,464406.0
2022-05-13,2022-05-13,KCLINFRA,X,2.12,2.2,2.02,2.08,2.12,115,128973,267727.0
2022-05-13,2022-05-13,ATULAUTO,B,170.85,173.0,168.05,168.85,166.7,358,6083,1041704.0
2022-05-13,2022-05-13,PRERINFRA,X,36.0,37.7,34.55,36.4,34.65,125,24705,905081.0
2022-05-13,2022-05-13,METALCO,X,53.95,56.95,52.15,54.3,54.85,55,7423,406911.0
2022-05-13,2022-05-13,SGNTE,XT,0.68,0.68,0.62,0.62,0.65,16,7804,5115.0
2022-05-13,2022-05-13,TIRSARJ,X,8.6,8.75,8.36,8.4,8.8,45,9724,82683.0
2022-05-13,2022-05-13,RODIUM,X,65.95,67.75,59.05,63.75,63.75,13,532,34369.0
2022-05-13,2022-05-13,NATHUEC,XT,3.89,4.29,3.89,4.29,4.09,43,13136,52822.0
2022-05-13,2022-05-13,INDUSFINL,X,14.8,14.8,14.1,14.8,14.1,11,1252,18527.0
2022-05-13,2022-05-13,LAHOTIOV,X,35.0,39.0,34.65,35.45,34.5,97,17389,646307.0
2022-05-13,2022-05-13,ZENITHSTL,B,5.35,5.41,5.25,5.41,5.16,445,422990,2284043.0
2022-05-13,2022-05-13,TRINITYLEA,XT,5.51,6.09,5.51,6.09,5.8,7,333,1835.0
2022-05-13,2022-05-13,ASTAR,B,762.05,776.3,762.05,775.8,816.0,4,4,3075.0
2022-05-13,2022-05-13,ORIRAIL,X,113.5,119.45,110.95,114.9,110.9,105,20348,2347769.0
2022-05-13,2022-05-13,JOINDRE,X,26.2,26.2,23.45,26.2,25.65,19,734,19175.0
2022-05-13,2022-05-13,BHARATAGRI,X,511.8,511.8,468.25,471.8,468.8,39,326,156788.0
2022-05-13,2022-05-13,UNITINT,X,5.25,5.93,5.25,5.45,5.45,13,1607,8829.0
2022-05-13,2022-05-13,SACHEMT,X,22.45,23.95,22.15,23.7,22.45,394,34252,799045.0
2022-05-13,2022-05-13,ANJANIFIN,X,6.7,6.7,5.99,6.45,5.6,81,17685,113775.0
2022-05-13,2022-05-13,PIONEERDIS,B,156.3,169.2,156.3,163.85,156.85,46,678,111516.0
2022-05-13,2022-05-13,GMETCOAL,Z,19.95,19.95,19.95,19.95,21.0,4,160,3192.0
2022-05-13,2022-05-13,TACENT,X,7.1,7.1,7.1,7.1,7.1,1,2,14.0
2022-05-13,2022-05-13,REXNORD,X,57.0,61.5,57.0,58.5,55.85,93,6972,415671.0
2022-05-13,2022-05-13,NWIL,XT,3.71,3.71,3.71,3.71,3.54,1,2,7.0
2022-05-13,2022-05-13,KHANDSE,T,24.1,25.85,24.1,24.15,25.35,3,150,3628.0
2022-05-13,2022-05-13,SAWACA,X,12.35,13.0,12.35,12.8,12.95,231,19507,243476.0
2022-05-13,2022-05-13,CCLINTER,X,17.4,18.5,17.4,18.25,16.9,15,248,4383.0
2022-05-13,2022-05-13,GALLOPENT,XT,67.55,67.55,67.55,67.55,64.35,6,484,32694.0
2022-05-13,2022-05-13,CROISSANCE,X,4.11,4.3,3.95,4.21,4.1,74,266084,1131323.0
2022-05-13,2022-05-13,JOJO,XT,19.27,19.27,19.27,19.27,18.36,2,1200,23124.0
2022-05-13,2022-05-13,GALAGEX,XT,34.3,34.3,34.3,34.3,35.0,3,6,205.0
2022-05-13,2022-05-13,CASTORA,XT,7.44,7.44,7.43,7.43,7.44,9,147,1093.0
2022-05-13,2022-05-13,AGARIND,B,533.9,573.7,529.5,561.15,531.1,3173,73421,40537320.0
2022-05-13,2022-05-13,DHAMPURE,X,39.9,42.5,38.75,41.8,38.3,114,9229,382231.0
2022-05-13,2022-05-13,SHAQUAK,XT,2.3,2.3,2.24,2.25,2.35,55,11362,25700.0
2022-05-13,2022-05-13,GOLCA,XT,7.74,7.74,7.74,7.74,7.5,4,506,3916.0
2022-05-13,2022-05-13,INNOCORP,X,7.67,7.72,7.67,7.67,8.07,59,13089,100626.0
2022-05-13,2022-05-13,SARTHAKIND,X,67.7,67.7,67.7,67.7,67.7,2,3,203.0
2022-05-13,2022-05-13,SAICAPI,XT,162.45,162.45,162.45,162.45,154.75,1,1,162.0
2022-05-13,2022-05-13,VERTEX,XT,2.81,3.09,2.81,3.09,2.95,48,7221,22183.0
2022-05-13,2022-05-13,RIBATEX,X,39.05,43.85,39.0,40.9,38.8,75,7377,308048.0
2022-05-13,2022-05-13,SHREMETAL,XT,23.5,23.5,23.5,23.5,23.5,1,1,23.0
2022-05-13,2022-05-13,CHLOGIST,X,6.12,6.2,5.82,5.98,5.91,463,105730,640908.0
2022-05-13,2022-05-13,AMBIKCO,B,1800.85,1869.5,1782.65,1820.75,1741.8,1134,2830,5175173.0
2022-05-13,2022-05-13,HINDALUMI,X,40.5,40.5,36.15,38.2,35.05,150,12896,493163.0
2022-05-13,2022-05-13,SPECFOOD,X,18.05,19.0,18.05,19.0,19.0,3,12,227.0
2022-05-13,2022-05-13,AMRAAGRI,X,1.3,1.41,1.3,1.31,1.36,867,778007,1024948.0
2022-05-13,2022-05-13,AUTOPINS,X,61.25,66.0,61.25,66.0,68.0,4,111,7273.0
2022-05-13,2022-05-13,ODYCORP,X,6.75,7.27,6.75,6.78,7.1,128,43624,295122.0
2022-05-13,2022-05-13,SAMINDUS,X,34.55,34.55,34.55,34.55,36.35,4,26,898.0
2022-05-13,2022-05-13,SHVFL,XT,9.62,9.63,9.62,9.63,10.11,2,260,2503.0
2022-05-13,2022-05-13,POOJAENT,XT,148.4,148.4,134.3,136.15,141.35,36,538,73873.0
2022-05-13,2022-05-13,GRAVITY,X,5.21,5.69,5.21,5.62,5.42,24,5307,29847.0
2022-05-13,2022-05-13,LCCINFOTEC,B,2.73,3.01,2.73,3.01,2.87,144,98808,280031.0
2022-05-13,2022-05-13,FILATFASH,XT,6.83,7.23,6.83,7.12,7.11,122,67727,483270.0
2022-05-13,2022-05-13,SINDHUTRAD,T,90.0,97.95,89.0,97.95,93.3,291,25302,2413380.0
2022-05-13,2022-05-13,JAINSTUDIOS,Z,2.83,2.83,2.83,2.83,2.83,1,10,28.0
2022-05-13,2022-05-13,UNISTRMU,X,14.25,14.25,12.92,13.12,13.59,31,3486,46112.0
2022-05-13,2022-05-13,ZENOTECH,X,52.5,55.1,51.25,53.5,50.1,378,70501,3809847.0
2022-05-13,2022-05-13,HINDBIO,X,3.61,3.8,3.61,3.61,3.74,24,4081,14851.0
2022-05-13,2022-05-13,FRONTCORP,X,28.5,28.5,28.5,28.5,28.0,1,100,2850.0
2022-05-13,2022-05-13,SWELECTES,B,354.9,356.95,333.0,338.4,344.8,225,1555,538062.0
2022-05-13,2022-05-13,WALLFORT,X,48.15,52.0,48.15,49.9,48.15,20,459,22748.0
2022-05-13,2022-05-13,KDDL,B,817.1,875.6,817.1,848.05,796.0,86,526,449642.0
2022-05-13,2022-05-13,TRUSTEDGE,XT,19.55,19.95,19.55,19.85,19.55,12,289,5666.0
2022-05-13,2022-05-13,ABHICAP,X,108.4,108.4,108.4,108.4,103.25,5,187,20270.0
2022-05-13,2022-05-13,3BBLACKBIO,X,348.9,349.9,338.4,343.95,343.35,207,2969,1025216.0
2022-05-13,2022-05-13,GUJJUBHAI,XT,54.7,54.7,50.25,51.0,52.15,56,5742,295748.0
2022-05-13,2022-05-13,ATVOENT,XT,1.77,1.93,1.77,1.9,1.86,51,86576,159866.0
2022-05-13,2022-05-13,INDOCITY,X,8.5,8.5,8.0,8.34,8.07,37,4654,37737.0
2022-05-13,2022-05-13,SBECSUG,X,25.35,26.45,24.6,25.95,24.6,27,3294,84864.0
2022-05-13,2022-05-13,BRIJLEAS,XT,1.96,2.06,1.96,2.06,2.06,3,101,198.0
2022-05-13,2022-05-13,BSELALGO,X,2.8,3.0,2.75,2.93,2.73,526,242581,708810.0
2022-05-13,2022-05-13,RELIABVEN,X,17.5,18.25,17.0,17.1,16.75,52,3965,70079.0
2022-05-13,2022-05-13,BANKBARODA,A,97.75,99.35,94.0,94.95,96.05,10293,2003007,195361657.0
2022-05-13,2022-05-13,MOHITE,X,21.45,21.55,20.5,21.55,20.55,21,2141,46031.0
2022-05-13,2022-05-13,ACL,B,7.58,8.36,7.58,8.36,7.97,394,530418,4065749.0
2022-05-13,2022-05-13,SKMEGGPROD,B,59.85,62.2,59.35,59.85,58.9,99,1034,62488.0
2022-05-13,2022-05-13,WELCORP,A,173.0,180.7,170.85,177.75,167.5,2501,83394,14800386.0
2022-05-13,2022-05-13,HOTLSILV,X,8.11,8.6,8.05,8.56,8.37,16,2491,20506.0
2022-05-13,2022-05-13,BANKINDIA,A,42.45,43.45,41.55,42.15,41.0,2839,544689,23136312.0
2022-05-13,2022-05-13,INDRAMEDCO,B,58.75,59.45,57.4,58.35,57.1,160,7019,412418.0
2022-05-13,2022-05-13,JOHNPHARMA,X,0.96,1.0,0.95,1.0,0.96,927,1132708,1127152.0
2022-05-13,2022-05-13,GAIL,A,152.0,152.8,146.75,147.85,150.25,4986,344547,51887903.0
2022-05-13,2022-05-13,VAIBHAVGBL,A,393.5,410.65,388.75,391.7,389.6,1700,16158,6490579.0
2022-05-13,2022-05-13,TRESCON,X,15.75,15.75,14.45,15.4,15.1,33,1299,19749.0
2022-05-13,2022-05-13,GUJSTATFIN,T,7.6,7.99,7.27,7.69,7.61,161,9086,70369.0
2022-05-13,2022-05-13,JKPAPER,A,296.1,311.8,296.1,305.3,295.9,4339,132844,40421805.0
2022-05-13,2022-05-13,SAREGAMA,A,353.0,380.65,353.0,380.65,362.55,809,28040,10626226.0
2022-05-13,2022-05-13,MINOLTAF,Z,3.51,3.51,3.51,3.51,3.51,4,336,1179.0
2022-05-13,2022-05-13,ADROITINFO,T,10.52,11.15,10.52,10.52,10.96,14,5266,55671.0
2022-05-13,2022-05-13,CYBERTECH,B,146.35,159.95,143.1,144.95,142.4,2718,72983,11071343.0
2022-05-13,2022-05-13,ICICIBANK,A,702.0,703.15,675.0,677.45,695.9,25392,419361,289328413.0
2022-05-13,2022-05-13,CYIENT,A,793.9,799.35,776.45,788.65,786.3,2014,18491,14542813.0
2022-05-13,2022-05-13,ENGINERSIN,A,59.0,59.95,58.9,59.15,58.9,1435,106720,6343005.0
2022-05-13,2022-05-13,DHANBANK,B,12.27,12.35,11.81,11.98,11.9,256,65037,784116.0
2022-05-13,2022-05-13,GMDCLTD,A,186.0,187.0,172.25,173.85,181.3,4669,355895,64270893.0
2022-05-13,2022-05-13,INDUSINDBK,A,890.95,894.0,869.2,872.0,869.45,3789,136244,120403882.0
2022-05-13,2022-05-13,ITDC,A,326.25,335.2,326.2,328.65,321.45,267,3585,1182528.0
2022-05-13,2022-05-13,J&KBANK,A,28.65,28.85,27.4,28.4,27.6,3166,567900,16026563.0
2022-05-13,2022-05-13,CUB,A,120.6,123.3,118.55,118.9,119.4,1051,41944,5103427.0
2022-05-13,2022-05-13,ARCHIES,T,16.9,17.4,16.25,16.7,16.6,55,6407,107950.0
2022-05-13,2022-05-13,AXISBANK,A,658.0,659.45,633.5,635.9,649.35,6687,176509,114202453.0
2022-05-13,2022-05-13,HBSL,B,44.25,48.85,44.25,45.75,46.55,137,9206,418861.0
2022-05-13,2022-05-13,CMXLTD,X,12.35,12.44,11.96,12.0,11.31,17,11501,142815.0
2022-05-13,2022-05-13,SOUTHBANK,A,7.91,8.5,7.84,7.89,7.63,4211,2845926,23185447.0
2022-05-13,2022-05-13,ENERGYDEV,B,16.0,16.2,15.25,15.25,16.05,206,29305,454103.0
2022-05-13,2022-05-13,SONATSOFTW,A,671.95,675.0,646.75,655.85,662.45,1940,11310,7414905.0
2022-05-13,2022-05-13,BENGALT,X,71.25,74.75,71.25,74.7,70.95,9,847,63256.0
2022-05-13,2022-05-13,NATIONALUM,A,91.3,91.45,88.5,89.2,89.3,7743,2269874,204110376.0
2022-05-13,2022-05-13,INDNIPPON,B,384.2,398.55,375.2,380.6,375.9,130,1653,634627.0
2022-05-13,2022-05-13,NSIL,B,1660.0,1660.0,1450.0,1470.9,1512.0,80,150,228678.0
2022-05-13,2022-05-13,APARINDS,A,596.65,627.9,582.05,594.75,591.1,632,4953,2964921.0
2022-05-13,2022-05-13,TCIIND,X,1432.0,1432.0,1432.0,1432.0,1500.0,1,7,10024.0
2022-05-13,2022-05-13,ACCELYA,B,950.2,971.2,946.25,951.8,944.9,221,440,421505.0
2022-05-13,2022-05-13,ORCHASP,XT,5.75,5.99,5.45,5.51,5.71,231,91208,520055.0
2022-05-13,2022-05-13,HCLTECH,A,1077.75,1077.95,1046.6,1054.35,1058.65,6579,219524,235118152.0
2022-05-13,2022-05-13,TCFCFINQ,X,37.0,37.0,33.6,36.25,34.9,36,2791,99535.0
2022-05-13,2022-05-13,GEOJITFSL,A,55.5,55.5,53.0,53.55,52.5,1035,63578,3420687.0
2022-05-13,2022-05-13,JINDALSTEL,A,467.0,481.5,450.9,453.55,459.95,7827,340763,160365098.0
2022-05-13,2022-05-13,BLBLIMITED,B,22.6,24.5,22.6,23.75,23.75,370,67627,1581236.0
2022-05-13,2022-05-13,GLENMARK,A,390.5,404.1,390.5,394.05,390.15,870,25675,10249852.0
2022-05-13,2022-05-13,WOCKPHARMA,A,235.25,243.0,230.6,234.5,230.2,1451,37215,8779288.0
2022-05-13,2022-05-13,TATACOFFEE,A,207.3,207.3,198.0,199.35,198.7,2963,97764,19716638.0
2022-05-13,2022-05-13,KJMCCORP,X,35.95,35.95,35.0,35.95,34.25,5,103,3699.0
2022-05-13,2022-05-13,INDSWFTLAB,B,59.0,61.7,56.75,59.1,56.05,266,6194,365952.0
2022-05-13,2022-05-13,GVPIL,A,178.0,180.4,176.35,176.9,177.2,433,8576,1528709.0
2022-05-13,2022-05-13,SHREERAMA,B,12.1,12.8,12.0,12.3,12.35,178,19603,243239.0
2022-05-13,2022-05-13,MAHLIFE,A,320.0,354.0,320.0,347.75,316.3,3792,52468,18058651.0
2022-05-13,2022-05-13,VAARAD,X,15.8,18.5,15.8,17.3,16.0,23,1211,21028.0
2022-05-13,2022-05-13,ZYDUSLIFE,A,335.0,344.45,335.0,340.7,333.45,2566,73375,25063399.0
2022-05-13,2022-05-13,SHIVACEM,X,48.1,49.6,46.8,47.85,46.15,1011,259469,12571303.0
2022-05-13,2022-05-13,CINEVISTA,B,12.87,12.87,11.79,12.14,12.26,75,11508,142416.0
2022-05-13,2022-05-13,INTENTECH,B,69.7,71.8,66.5,67.15,69.2,452,8562,595223.0
2022-05-13,2022-05-13,DANLAW,X,134.25,143.95,130.0,132.6,133.0,71,3627,486422.0
2022-05-13,2022-05-13,AJANTPHARM,A,1726.7,1726.7,1673.2,1711.05,1704.65,1067,2636,4507203.0
2022-05-13,2022-05-13,HBPOR,X,34.5,34.5,30.05,30.8,31.8,21,1001,31655.0
2022-05-13,2022-05-13,HBESD,X,16.8,16.8,16.0,16.8,16.0,15,1848,30468.0
2022-05-13,2022-05-13,AMBICAAGAR,B,20.95,22.4,20.85,22.3,21.05,139,14148,303932.0
2022-05-13,2022-05-13,COMPUSOFT,B,19.65,20.95,19.65,20.95,19.05,315,46540,965566.0
2022-05-13,2022-05-13,OMNIAX,X,3.76,3.76,3.69,3.69,3.42,19,1938,7244.0
2022-05-13,2022-05-13,IZMO,B,72.1,73.95,69.2,70.95,67.95,176,8195,579998.0
2022-05-13,2022-05-13,TVSMOTOR,A,605.75,641.6,605.7,634.85,603.0,2968,68431,43139373.0
2022-05-13,2022-05-13,MADALA,X,165.0,179.8,160.0,165.0,154.35,41,1013,170529.0
2022-05-13,2022-05-13,ACLGATI,A,140.7,142.0,136.0,137.55,137.65,2148,78970,10963746.0
2022-05-13,2022-05-13,SUBEXLTD,A,29.25,31.35,29.25,30.7,28.65,5124,1579232,48382760.0
2022-05-13,2022-05-13,TCI,A,644.95,664.25,636.35,660.45,631.85,1732,10537,6826154.0
2022-05-13,2022-05-13,PADMALAYAT,Z,2.92,2.92,2.78,2.78,2.92,21,11184,31091.0
2022-05-13,2022-05-13,AKSHOPTFBR,B,9.5,10.7,9.5,9.84,10.03,474,164107,1667694.0
2022-05-13,2022-05-13,TRIVENI,A,257.55,274.7,257.55,265.35,257.55,12068,256790,68768744.0
2022-05-13,2022-05-13,MUKTAARTS,T,42.0,43.65,42.0,43.0,41.6,36,1968,85424.0
2022-05-13,2022-05-13,HITKITGLO,XT,0.61,0.61,0.61,0.61,0.61,7,1811,1104.0
2022-05-13,2022-05-13,NAGPI,X,70.0,75.0,68.2,70.2,68.9,67,5000,360040.0
2022-05-13,2022-05-13,DSSL,B,242.6,256.0,238.0,244.6,234.8,1296,13249,3254853.0
2022-05-13,2022-05-13,PNBGILTS,B,65.95,66.7,65.1,65.45,64.95,388,22124,1458557.0
2022-05-13,2022-05-13,BCG,T,63.95,64.75,62.15,62.95,61.95,2941,292557,18545951.0
2022-05-13,2022-05-13,RAMCOIND,A,194.0,198.3,189.0,192.7,188.05,173,2508,483546.0
2022-05-13,2022-05-13,RAMCOSYS,A,246.0,253.05,245.85,249.6,242.15,1195,15072,3763291.0
2022-05-13,2022-05-13,TTML,B,126.7,130.45,118.9,119.1,125.15,16625,1164154,145753722.0
2022-05-13,2022-05-13,VIRINCHI,X,35.8,35.95,32.8,33.0,34.5,599,116831,4015040.0
2022-05-13,2022-05-13,WEPSOLN,X,23.6,25.45,23.55,24.65,23.95,27,12519,305246.0
2022-05-13,2022-05-13,STLTECH,A,156.5,164.0,154.1,155.3,155.3,2275,83611,13182124.0
2022-05-13,2022-05-13,TIPSMUSIC,B,1699.85,1710.0,1640.0,1682.25,1629.2,492,2274,3828568.0
2022-05-13,2022-05-13,UMIYA-MRO,B,62.15,67.0,56.45,59.3,57.5,258,11574,699967.0
2022-05-13,2022-05-13,FIRSTFIN,X,5.11,5.12,5.11,5.12,5.37,8,853,4360.0
2022-05-13,2022-05-13,BABA,X,16.25,17.9,16.25,17.45,17.4,110,6170,106682.0
2022-05-13,2022-05-13,BALAJITELE,B,60.0,60.0,57.3,57.8,57.7,439,16934,990422.0
2022-05-13,2022-05-13,TYCHE,X,135.0,135.0,127.0,130.8,127.1,53,1206,158148.0
2022-05-13,2022-05-13,CALSOFT,B,25.4,25.4,22.0,22.45,24.0,184,6071,138728.0
2022-05-13,2022-05-13,PNC,T,41.9,42.0,39.05,41.0,40.55,28,1567,64182.0
2022-05-13,2022-05-13,IOB,A,16.45,16.5,15.9,16.0,15.95,1900,616265,9970215.0
2022-05-13,2022-05-13,TAJGVK,B,138.0,147.7,138.0,144.8,136.7,532,15200,2164069.0
2022-05-13,2022-05-13,CREATIVEYE,B,4.31,4.31,4.0,4.15,4.11,20,19322,83054.0
2022-05-13,2022-05-13,AXISCADES,B,135.3,136.85,135.3,136.85,130.35,25,2433,332740.0
2022-05-13,2022-05-13,KONNDOR,X,4.21,4.21,4.21,4.21,4.43,2,26,109.0
2022-05-13,2022-05-13,BSOFT,A,364.1,375.25,356.4,358.1,363.65,4791,113031,41498854.0
2022-05-13,2022-05-13,USGTECH,X,7.18,7.55,7.18,7.18,7.55,59,2536,18244.0
2022-05-13,2022-05-13,4THGEN,X,3.15,3.15,2.85,3.15,3.0,12,397,1243.0
2022-05-13,2022-05-13,7TEC,X,37.5,39.7,36.3,36.65,37.0,147,11196,413194.0
2022-05-13,2022-05-13,AVANTEL,X,1103.0,1166.0,1075.0,1093.45,1110.7,597,10453,11838338.0
2022-05-13,2022-05-13,MOSCHIP,X,47.0,47.85,46.6,47.85,45.6,1091,184445,8804382.0
2022-05-13,2022-05-13,SIGMAADV,B,46.5,46.5,42.5,42.9,44.7,299,28272,1245211.0
2022-05-13,2022-05-13,TRANSCOR,X,21.75,22.75,20.7,20.7,21.75,95,23259,489254.0
2022-05-13,2022-05-13,VISESHINFO,B,0.82,0.89,0.81,0.85,0.85,6114,38551724,33200614.0
2022-05-13,2022-05-13,CEREBRAINT,A,61.8,63.0,60.0,61.75,58.9,549,28502,1767429.0
2022-05-13,2022-05-13,SMARTLINK,B,118.0,123.45,112.9,116.1,117.6,306,6334,761907.0
2022-05-13,2022-05-13,GODREJCP,A,772.4,828.15,772.4,796.95,770.5,8071,133339,108354188.0
2022-05-13,2022-05-13,GENUSPRIME,XT,11.87,13.09,11.87,11.98,12.49,58,4102,49954.0
2022-05-13,2022-05-13,BFUTILITIE,A,307.5,323.95,307.5,311.95,305.0,1421,21081,6667256.0
2022-05-13,2022-05-13,UNITDSPR,B,799.0,845.6,799.0,822.35,790.6,4172,66199,55063655.0
2022-05-13,2022-05-13,SANINFRA,X,398.9,426.0,380.0,415.45,374.7,587,38488,15573305.0
2022-05-13,2022-05-13,OLECTRA,B,543.0,568.5,543.0,549.0,541.45,3832,65520,36583951.0
2022-05-13,2022-05-13,MPSLTD,B,526.85,530.55,520.15,529.4,516.6,43,172,90586.0
2022-05-13,2022-05-13,RNBOWDENIM,X,4.51,4.52,4.47,4.5,4.7,23,2711,12148.0
2022-05-13,2022-05-13,CERA,A,4117.0,4128.1,3845.0,3916.65,3960.45,1236,2106,8339023.0
2022-05-13,2022-05-13,TSPIRITUAL,XT,1.35,1.35,1.35,1.35,1.29,59,32506,43883.0
2022-05-13,2022-05-13,BHARTIARTL,A,717.9,717.9,685.0,689.4,705.75,12306,359357,251544158.0
2022-05-13,2022-05-13,SHALIWIR,X,8.15,8.79,8.15,8.64,8.6,53,3878,32945.0
2022-05-13,2022-05-13,COMPINFO,B,24.6,25.5,23.5,24.65,23.75,487,29982,732989.0
2022-05-13,2022-05-13,GULPOLY,B,271.2,284.0,271.2,278.0,269.75,479,3293,915824.0
2022-05-13,2022-05-13,FAZE3AUTO,X,95.7,102.9,95.7,98.1,95.75,39,1321,131115.0
2022-05-13,2022-05-13,PONNIERODE,B,248.45,257.75,247.45,251.9,240.35,139,2950,749242.0
2022-05-13,2022-05-13,PNB,A,29.7,30.0,28.95,29.3,28.6,14033,5690818,167752233.0
2022-05-13,2022-05-13,OFSS,A,3370.0,3377.25,3220.8,3231.15,3501.4,2940,11299,36989449.0
2022-05-13,2022-05-13,HAZOOR,X,19.85,21.8,19.85,21.65,20.8,31,1953,42409.0
2022-05-13,2022-05-13,KAMAHOLD,A,10100.0,10494.95,10100.0,10214.05,10083.3,35,58,591429.0
2022-05-13,2022-05-13,APTECHT,A,291.0,291.0,273.2,276.45,278.15,888,10369,2931497.0
2022-05-13,2022-05-13,UNIONBANK,A,34.6,37.7,33.9,36.2,33.7,4742,2255221,81156996.0
2022-05-13,2022-05-13,UBL,A,1463.25,1513.55,1420.75,1426.55,1455.7,1404,17084,25255372.0
2022-05-13,2022-05-13,ISMTLTD,T,57.35,59.9,57.0,57.45,59.6,166,28119,1646447.0
2022-05-13,2022-05-13,NOIDATOLL,B,7.08,7.38,7.08,7.25,6.86,56,12260,89023.0
2022-05-13,2022-05-13,GRANULES,A,237.95,244.0,236.75,239.25,235.3,1836,50793,12247670.0
2022-05-13,2022-05-13,CANBK,A,195.25,202.5,192.1,193.3,192.9,11010,914752,181351515.0
2022-05-13,2022-05-13,BLIL,B,367.95,367.95,362.8,363.85,363.45,461,14064,5118583.0
2022-05-13,2022-05-13,POKARNA,B,540.7,567.95,534.05,554.3,525.15,2264,15521,8506135.0
2022-05-13,2022-05-13,DIVISLAB,A,4274.0,4353.4,4257.1,4283.75,4233.05,4310,23237,100496377.0
2022-05-13,2022-05-13,ASTRAMICRO,A,237.85,237.85,221.0,222.15,223.35,1349,46199,10521080.0
2022-05-13,2022-05-13,RADICO,A,769.8,790.0,746.05,758.35,741.65,3027,25963,20012838.0
2022-05-13,2022-05-13,SHRMCITYUN,A,1676.85,1683.0,1614.65,1643.3,1646.2,587,2008,3294154.0
2022-05-13,2022-05-13,MARUTI,A,7369.95,7369.95,7062.65,7101.8,7252.25,5266,21260,153990179.0
2022-05-13,2022-05-13,RAJPALAYAM,X,825.0,825.0,801.0,803.05,802.15,123,2983,2414787.0
2022-05-13,2022-05-13,NAVINFLUOR,A,3965.3,4037.0,3909.6,3917.05,3887.85,1510,7801,31022445.0
2022-05-13,2022-05-13,UCOBANK,A,11.23,11.75,11.23,11.49,11.05,935,997798,11394348.0
2022-05-13,2022-05-13,BAGFILMS,T,5.73,6.01,5.73,6.01,5.73,98,42625,255152.0
2022-05-13,2022-05-13,JSL,A,146.0,153.15,143.7,145.7,142.85,6564,330561,49312327.0
2022-05-13,2022-05-13,SUPRAJIT,B,302.05,322.2,302.05,308.0,307.15,1487,13656,4291484.0
2022-05-13,2022-05-13,TVSELECT,B,202.0,221.95,202.0,209.85,199.85,1419,26376,5546071.0
2022-05-13,2022-05-13,IGL,A,351.95,379.5,351.95,372.75,345.55,6189,251407,92629109.0
2022-05-13,2022-05-13,TVTODAY,A,303.6,308.5,276.5,278.65,318.2,3944,58728,16797009.0
2022-05-13,2022-05-13,PALREDTEC,T,132.55,138.85,126.55,128.85,132.55,111,4302,572928.0
2022-05-13,2022-05-13,PETRONET,A,210.0,212.25,204.05,205.6,211.45,2142,5122596,1075440493.0
2022-05-13,2022-05-13,BIOCON,A,330.0,335.45,324.5,326.45,327.7,1463,36673,12151587.0
2022-05-13,2022-05-13,PTC,A,83.85,85.85,82.85,83.4,82.8,2173,74528,6322200.0
2022-05-13,2022-05-13,MAHABANK,A,15.5,16.25,15.5,15.8,15.55,2075,753153,11984713.0
2022-05-13,2022-05-13,RKFORGE,A,156.0,163.2,155.9,157.8,152.9,2017,61457,9814450.0
2022-05-13,2022-05-13,DATAMATICS,B,246.7,247.95,235.3,239.35,239.1,1252,14185,3469374.0
2022-05-13,2022-05-13,NDTV,B,155.7,158.65,152.95,158.0,151.1,784,20850,3278866.0
2022-05-13,2022-05-13,STAR,A,270.45,281.9,270.4,280.55,266.3,789,19374,5353994.0
2022-05-13,2022-05-13,JPASSOCIAT,A,7.95,8.48,7.95,8.07,7.79,1395,1387600,11330088.0
2022-05-13,2022-05-13,ULTRACEMCO,A,6250.0,6291.0,6143.6,6199.9,6190.3,2449,8679,53989288.0
2022-05-13,2022-05-13,UNOMINDA,A,826.3,855.7,822.8,832.9,824.05,2567,21056,17769609.0
2022-05-13,2022-05-13,TCS,A,3441.0,3441.3,3383.15,3413.45,3411.0,15438,142500,486301263.0
2022-05-13,2022-05-13,COFORGE,A,3710.0,3799.0,3659.8,3744.25,3656.55,2912,16623,62337719.0
2022-05-13,2022-05-13,GULFPETRO,B,48.4,48.75,47.1,47.4,47.0,146,5671,272188.0
2022-05-13,2022-05-13,CENTURYPLY,A,506.35,540.0,501.3,504.15,496.05,1323,10506,5379766.0
2022-05-13,2022-05-13,WELENT,A,82.7,83.2,75.15,76.2,71.4,2672,101763,7982553.0
2022-05-13,2022-05-13,NTPC,A,148.65,149.95,143.45,144.05,148.6,8780,915340,133701422.0
2022-05-13,2022-05-13,SALSTEEL,B,8.65,9.07,8.61,9.07,8.64,58,16763,149074.0
2022-05-13,2022-05-13,JBMA,B,457.0,457.3,441.0,456.9,435.55,1438,31836,14520492.0
2022-05-13,2022-05-13,DWARKESH,A,105.5,110.55,103.3,104.25,103.35,6675,680476,73193910.0
2022-05-13,2022-05-13,INDOCO,A,334.95,339.9,329.8,336.35,330.15,710,3992,1331579.0
2022-05-13,2022-05-13,VIPCLOTHNG,T,23.1,24.05,22.6,23.7,22.95,218,72125,1705500.0
2022-05-13,2022-05-13,IMPEXFERRO,B,8.06,8.06,7.33,7.35,7.71,1158,1096593,8310527.0
2022-05-13,2022-05-13,XCHANGING,B,70.0,73.25,70.0,71.6,70.9,615,22883,1648826.0
2022-05-13,2022-05-13,JETAIRWAYS,Z,105.9,105.9,98.2,98.3,103.35,668,48775,4912881.0
2022-05-13,2022-05-13,MORARJEE,T,24.0,24.0,23.1,24.0,23.0,17,904,21577.0
2022-05-13,2022-05-13,JINDALPHOT,B,185.0,189.65,181.7,184.5,179.5,113,1649,307942.0
2022-05-13,2022-05-13,POCL,X,605.0,649.0,605.0,620.75,591.5,533,14133,8828863.0
2022-05-13,2022-05-13,JPPOWER,A,6.17,6.46,6.11,6.45,6.16,6572,11717345,74560046.0
2022-05-13,2022-05-13,3IINFOLTD,B,45.35,52.4,45.35,50.05,44.75,5022,434758,21457530.0
2022-05-13,2022-05-13,MBECL,T,3.84,3.84,3.84,3.84,4.04,174,309566,1188733.0
2022-05-13,2022-05-13,GOKEX,B,433.25,444.0,414.95,421.05,417.4,2198,38858,16605724.0
2022-05-13,2022-05-13,ALLDIGI,B,460.0,465.25,455.0,458.2,451.6,25,155,71201.0
2022-05-13,2022-05-13,IIFL,A,302.75,304.0,286.9,289.0,294.95,2371,85197,25124167.0
2022-05-13,2022-05-13,MANGALAM,B,109.1,109.35,103.65,106.55,106.35,126,8942,943688.0
2022-05-13,2022-05-13,SHOPERSTOP,A,459.0,477.95,444.3,469.65,445.8,2342,37999,17780583.0
2022-05-13,2022-05-13,CYBERMEDIA,T,21.0,22.8,21.0,22.8,22.0,12,617,13604.0
2022-05-13,2022-05-13,NDL,B,43.4,43.85,42.5,43.0,41.95,311,6632,287619.0
2022-05-13,2022-05-13,JSWHL,A,3571.0,3574.6,3454.1,3473.65,3499.7,21,73,254409.0
2022-05-13,2022-05-13,JKCEMENT,A,2371.0,2371.0,2267.0,2304.05,2330.95,741,2810,6496932.0
2022-05-13,2022-05-13,BEEYU,XT,3.49,3.85,3.49,3.85,3.67,92,11897,43832.0
2022-05-13,2022-05-13,YESBANK,A,12.73,12.84,12.44,12.47,12.57,26493,17482226,220857711.0
2022-05-13,2022-05-13,NECLIFE,B,24.8,25.4,24.05,24.6,24.0,751,82227,2050494.0
2022-05-13,2022-05-13,MSPL,B,10.94,11.25,10.51,10.78,10.51,497,115880,1259561.0
2022-05-13,2022-05-13,SPLIL,B,55.2,55.65,53.25,53.85,52.9,232,5096,278424.0
2022-05-13,2022-05-13,KTKBANK,A,60.4,60.9,59.15,59.85,59.8,1301,97143,5836542.0
2022-05-13,2022-05-13,MCLEODRUSS,B,22.9,22.9,21.35,22.1,21.1,424,59592,1319837.0
2022-05-13,2022-05-13,FACORALL,X,6.29,6.51,6.2,6.34,6.2,564,407130,2622251.0
2022-05-13,2022-05-13,IDFC,A,49.8,51.15,49.5,49.65,49.2,1449,504300,25480146.0
2022-05-13,2022-05-13,VIVIMEDLAB,B,13.35,14.05,13.35,13.8,13.45,304,29452,402959.0
2022-05-13,2022-05-13,RML,B,300.0,305.0,297.1,298.15,294.55,94,546,165030.0
2022-05-13,2022-05-13,HTMEDIA,B,25.6,26.3,25.1,25.25,24.85,470,57422,1471087.0
2022-05-13,2022-05-13,SASKEN,A,783.95,785.0,740.85,748.95,748.15,308,1129,858298.0
2022-05-13,2022-05-13,FCSSOFT,B,2.98,2.99,2.79,2.99,2.85,2232,2903487,8606957.0
2022-05-13,2022-05-13,SUZLON,A,8.66,9.16,8.66,8.78,8.62,11549,10022182,89249722.0
2022-05-13,2022-05-13,AURIONPRO,B,308.1,318.0,303.0,305.25,300.2,199,2973,918545.0
2022-05-13,2022-05-13,RENUKA,A,43.15,46.8,42.85,44.55,42.1,10653,2345656,105218521.0
2022-05-13,2022-05-13,KMSUGAR,B,30.5,32.35,30.5,31.05,30.0,919,77711,2442103.0
2022-05-13,2022-05-13,BASML,B,65.0,70.0,65.0,67.4,63.8,650,27857,1908919.0
2022-05-13,2022-05-13,PBAINFRA,B,11.22,11.45,11.0,11.05,10.57,6,580,6427.0
2022-05-13,2022-05-13,BOMBAYRAYON,Z,5.9,5.9,5.6,5.79,5.64,50,25303,147018.0
2022-05-13,2022-05-13,SORILINFRA,B,61.7,63.85,60.1,60.35,59.6,191,10180,626250.0
2022-05-13,2022-05-13,AIAENG,A,1809.6,1828.45,1775.2,1794.7,1802.75,575,3317,6004122.0
2022-05-13,2022-05-13,EKC,B,154.0,162.3,154.0,162.3,154.6,274,6303,1008979.0
2022-05-13,2022-05-13,KERNEX,T,159.75,167.25,151.55,151.55,159.5,43,4899,769548.0
2022-05-13,2022-05-13,REPRO,B,386.5,387.85,382.35,384.5,378.35,12,170,65080.0
2022-05-13,2022-05-13,PVRINOX,A,1790.0,1808.0,1742.85,1745.35,1753.95,1583,22520,40079789.0
2022-05-13,2022-05-13,RMCL,Z,2.29,2.29,2.09,2.16,2.2,39,27474,58459.0
2022-05-13,2022-05-13,PUNJLLOYD,Z,2.23,2.23,2.21,2.22,2.32,193,253405,562043.0
2022-05-13,2022-05-13,ASMS,Z,4.34,4.78,4.34,4.56,4.56,27,3522,16057.0
2022-05-13,2022-05-13,CELEBRITY,B,13.9,14.25,12.8,13.1,13.3,92,7605,102427.0
2022-05-13,2022-05-13,EDUCOMP,Z,3.6,3.7,3.5,3.5,3.68,58,30761,109926.0
2022-05-13,2022-05-13,NITINSPIN,B,235.9,235.9,218.95,219.8,227.9,1991,31212,7061920.0
2022-05-13,2022-05-13,ROHLTD,B,125.4,126.65,123.35,124.6,121.2,81,686,85948.0
2022-05-13,2022-05-13,ENIL,B,198.8,208.95,197.0,199.75,195.6,325,4016,815299.0
2022-05-13,2022-05-13,CELLA,Z,5.8,6.15,5.62,5.62,5.88,10,635,3677.0
2022-05-13,2022-05-13,GSPL,A,268.0,271.55,248.0,250.25,259.55,3276,97204,24900196.0
2022-05-13,2022-05-13,JAGRAN,B,60.95,61.0,59.35,60.0,60.05,715,19970,1201098.0
2022-05-13,2022-05-13,INOXLEISURE,A,472.45,480.2,458.7,463.0,462.65,1251,12637,5923312.0
2022-05-13,2022-05-13,DYNPRO,B,487.7,509.95,487.7,500.25,480.85,812,5216,2597056.0
2022-05-13,2022-05-13,SADBHAV,A,26.4,27.4,25.7,26.0,25.9,1023,86921,2317853.0
2022-05-13,2022-05-13,RCOM,B,2.37,2.47,2.35,2.44,2.29,7806,3276556,7948770.0
2022-05-13,2022-05-13,SAKUMA,B,15.9,19.1,15.9,18.0,16.05,2085,615260,10986546.0
2022-05-13,2022-05-13,KEC,A,352.45,367.35,351.3,365.35,349.25,1226,17730,6397817.0
2022-05-13,2022-05-13,GILLANDERS,B,67.45,67.45,65.75,65.75,69.2,48,2735,181103.0
2022-05-13,2022-05-13,INDOTECH,B,194.55,199.35,180.3,182.0,188.0,169,1914,360274.0
2022-05-13,2022-05-13,BLKASHYAP,B,21.5,21.8,21.05,21.3,20.85,191,9934,213886.0
2022-05-13,2022-05-13,M&MFIN,A,173.0,173.0,165.15,166.35,163.6,2380,245160,41152462.0
2022-05-13,2022-05-13,VISACHROME,T,16.4,17.85,16.2,17.85,17.0,22,4411,75563.0
2022-05-13,2022-05-13,NITCO,B,21.8,22.4,21.8,22.0,21.45,140,5477,120437.0
2022-05-13,2022-05-13,MPDL,X,16.2,18.95,16.2,18.5,18.0,16,1758,30872.0
2022-05-13,2022-05-13,SOLARINDS,A,2796.55,2818.85,2773.85,2785.55,2775.95,664,1708,4766566.0
2022-05-13,2022-05-13,GALLANTT,B,62.95,67.7,62.95,65.75,62.05,396,32294,2131425.0
2022-05-13,2022-05-13,MALUPAPER,B,30.3,30.9,30.0,30.15,29.9,49,936,28446.0
2022-05-13,2022-05-13,UTTAMSUGAR,B,218.6,226.0,213.35,216.0,211.5,1124,18452,4043770.0
2022-05-13,2022-05-13,SGL,B,25.15,25.3,24.2,25.1,25.15,96,2667,66130.0
2022-05-13,2022-05-13,KKCL,B,214.0,220.0,207.0,208.1,202.05,801,20676,4404608.0
2022-05-13,2022-05-13,SUNTV,A,420.0,424.25,409.0,410.25,413.8,1423,22631,9466525.0
2022-05-13,2022-05-13,GPIL,A,339.75,350.2,334.45,338.65,327.6,4345,87914,30144907.0
2022-05-13,2022-05-13,RSYSTEMS,B,219.55,224.1,214.7,219.5,211.6,712,10110,2216673.0
2022-05-13,2022-05-13,EMKAY,B,99.0,99.0,90.55,92.9,91.05,140,4175,389431.0
2022-05-13,2022-05-13,TICL,Z,13.66,14.0,12.98,13.13,13.66,33,6515,86094.0
2022-05-13,2022-05-13,LOKESHMACH,B,82.0,82.0,74.45,75.95,73.15,406,15120,1163254.0
2022-05-13,2022-05-13,KAMDHENU,B,196.55,196.55,182.4,185.9,189.65,904,22103,4224208.0
2022-05-13,2022-05-13,PAUSHAKLTD,A,9588.0,9759.25,9450.05,9696.4,9435.65,479,1228,11841757.0
2022-05-13,2022-05-13,GTNTEX,X,16.0,16.4,15.6,16.05,15.85,35,4534,72602.0
2022-05-13,2022-05-13,INDICAP,X,30.3,34.8,30.3,33.5,33.2,24,4848,165828.0
2022-05-13,2022-05-13,PFOCUS,B,70.95,71.5,69.25,69.4,69.9,124,2790,197264.0
2022-05-13,2022-05-13,ALLCARGO,A,316.1,338.8,316.1,326.25,315.8,1319,13627,4446076.0
2022-05-13,2022-05-13,EASUNREYRL,Z,2.85,2.85,2.61,2.61,2.74,26,3912,10253.0
2022-05-13,2022-05-13,GMRAIRPORT,A,32.8,34.15,32.7,33.45,32.4,1241,309313,10349807.0
2022-05-13,2022-05-13,TECHM,A,1230.55,1234.85,1195.15,1202.3,1213.55,6533,81011,98598279.0
2022-05-13,2022-05-13,CIEINDIA,A,197.5,198.0,186.7,189.25,195.0,1154,45131,8719359.0
2022-05-13,2022-05-13,VOLTAMP,B,1797.95,1831.0,1728.5,1758.55,1783.2,160,1438,2550718.0
2022-05-13,2022-05-13,ATLANTAA,B,15.2,15.75,14.15,15.1,14.35,492,10181,151443.0
2022-05-13,2022-05-13,DEEPENR,T,80.3,85.5,80.25,80.35,84.45,131,7337,597814.0
2022-05-13,2022-05-13,HGM,B,55.45,58.15,53.2,54.6,53.15,133,4470,248858.0
2022-05-13,2022-05-13,ACE,A,184.0,188.5,179.25,182.9,177.3,2470,70865,13048976.0
2022-05-13,2022-05-13,GEECEE,B,144.25,145.55,141.05,141.5,141.55,80,425,60937.0
2022-05-13,2022-05-13,RICHAIND,Z,3.55,3.75,3.42,3.43,3.6,62,13040,45881.0
2022-05-13,2022-05-13,GAYAPROJ,B,18.25,19.05,17.6,17.7,17.25,754,135437,2473122.0
2022-05-13,2022-05-13,FIEMIND,B,820.0,844.95,820.0,826.95,816.0,357,2213,1845309.0
2022-05-13,2022-05-13,JHS,B,24.65,24.95,24.0,24.55,23.4,117,2299,56408.0
2022-05-13,2022-05-13,DCBBANK,A,83.0,85.0,81.0,82.1,82.3,2267,152507,12796888.0
2022-05-13,2022-05-13,GLOBALVECT,B,41.85,43.9,41.8,43.9,41.85,75,7177,308672.0
2022-05-13,2022-05-13,INSPIRISYS,B,49.05,50.55,49.05,50.55,48.15,7,1200,60475.0
2022-05-13,2022-05-13,GTLINFRA,B,1.22,1.26,1.22,1.23,1.26,11150,40973126,50805546.0
2022-05-13,2022-05-13,SHIVAMAUTO,B,30.1,30.95,29.15,30.65,29.5,150,18325,555050.0
2022-05-13,2022-05-13,NAUKRI,A,3570.0,3642.35,3450.0,3464.45,3532.3,2862,15526,55152156.0
2022-05-13,2022-05-13,TORNTPOWER,A,446.85,447.6,428.0,431.55,438.65,918,18766,8273502.0
2022-05-13,2022-05-13,PARSVNATH,B,13.7,13.95,12.5,13.4,12.7,213,108843,1477312.0
2022-05-13,2022-05-13,SUTLEJTEX,B,65.75,65.75,63.15,64.4,63.5,573,36617,2369482.0
2022-05-13,2022-05-13,LTFOODS,A,80.3,81.0,77.25,78.0,78.4,3421,362269,28705842.0
2022-05-13,2022-05-13,SOBHA,A,519.0,523.35,502.0,506.2,503.25,2137,28195,14486942.0
2022-05-13,2022-05-13,RUCHIRA,B,91.6,93.4,88.0,90.85,87.85,1274,53277,4850982.0
2022-05-13,2022-05-13,TANLA,A,1204.7,1223.2,1172.0,1180.8,1171.4,4561,36436,43580160.0
2022-05-13,2022-05-13,ZEEMEDIA,B,17.0,17.5,17.0,17.45,16.7,829,347627,6068097.0
2022-05-13,2022-05-13,SITINET,T,2.06,2.26,2.06,2.23,2.16,795,910381,2009736.0
2022-05-13,2022-05-13,LUMAXTECH,B,150.3,153.45,143.05,145.95,147.95,437,9105,1354855.0
2022-05-13,2022-05-13,AUTOIND,T,56.5,58.15,54.0,56.45,55.4,120,4880,277261.0
2022-05-13,2022-05-13,NETWORK18,A,74.0,79.0,74.0,77.0,72.6,2157,132211,10131780.0
2022-05-13,2022-05-13,HUBTOWN,T,55.25,55.45,53.3,54.15,52.85,96,28124,1539346.0
2022-05-13,2022-05-13,TV18BRDCST,A,42.55,43.25,40.05,40.4,41.85,8164,1392173,58338861.0
2022-05-13,2022-05-13,CTE,B,57.0,60.75,57.0,59.1,57.45,105,1981,116786.0
2022-05-13,2022-05-13,TIIL,B,956.45,965.0,932.85,950.05,937.35,411,1343,1278632.0
2022-05-13,2022-05-13,REDINGTON,A,135.35,138.15,132.4,133.7,132.65,4591,402242,54692717.0
2022-05-13,2022-05-13,AICHAMP,XT,17.65,17.65,17.65,17.65,18.55,7,335,5912.0
2022-05-13,2022-05-13,CINELINE,T,121.55,134.2,121.55,133.25,127.85,96,15595,1979535.0
2022-05-13,2022-05-13,PGIL,B,395.3,405.2,389.55,390.65,388.55,79,1076,428400.0
2022-05-13,2022-05-13,FSL,A,113.75,113.75,108.4,109.1,109.7,1483,104055,11543452.0
2022-05-13,2022-05-13,PFC,A,107.3,108.3,105.05,105.3,106.35,1983,156781,16683466.0
2022-05-13,2022-05-13,AHLUCONT,A,445.6,456.9,428.4,428.85,440.85,365,1751,775445.0
2022-05-13,2022-05-13,TFL,B,8.9,9.14,8.71,8.87,9.16,14,2714,24437.0
2022-05-13,2022-05-13,CCCONSTR,Z,3.86,4.05,3.67,3.76,3.86,21,19357,72042.0
2022-05-13,2022-05-13,INDIANB,A,140.5,149.75,140.5,145.65,137.6,5292,274442,40237150.0
2022-05-13,2022-05-13,SMSPHARMA,B,82.5,86.45,81.7,82.5,82.25,343,13294,1115428.0
2022-05-13,2022-05-13,ORIENTALTL,B,11.82,12.92,11.82,12.65,12.18,32,3425,43195.0
2022-05-13,2022-05-13,MINDTREELTD,A,3021.4,3055.0,2926.3,2942.3,2954.4,3371,35602,106641302.0
2022-05-13,2022-05-13,ELAND,X,6.95,7.58,6.95,7.54,7.28,54,9311,68210.0
2022-05-13,2022-05-13,IDEA,A,8.25,8.57,8.23,8.33,8.19,96291,43219695,363224274.0
2022-05-13,2022-05-13,RAJTV,B,36.0,36.1,36.0,36.1,35.2,16,161,5807.0
2022-05-13,2022-05-13,PAGEIND,A,41850.0,42929.65,41250.0,41788.15,40891.45,355,644,27247827.0
2022-05-13,2022-05-13,AMDIND,B,41.15,41.75,38.9,39.55,40.1,353,23996,963157.0
2022-05-13,2022-05-13,LEHAR,X,37.5,40.0,37.15,38.95,36.9,64,3022,115084.0
2022-05-13,2022-05-13,ASTRAL,A,1808.8,1808.8,1714.0,1727.1,1782.8,3129,19974,35211261.0
2022-05-13,2022-05-13,EMBDL,A,79.2,79.2,70.25,70.85,74.15,5500,895069,66137007.0
2022-05-13,2022-05-13,CAMLINFINE,A,106.9,108.5,103.65,104.9,105.4,2018,97066,10272120.0
2022-05-13,2022-05-13,ICRA,A,3880.0,3990.0,3852.05,3966.1,3865.9,126,336,1317709.0
2022-05-13,2022-05-13,DISHTV,A,13.05,13.7,12.8,13.3,12.85,1317,381367,5109722.0
2022-05-13,2022-05-13,SAHYADRI,X,470.0,484.0,465.0,479.0,452.95,175,3744,1787827.0
2022-05-13,2022-05-13,SRHHYPOLTD,B,375.05,402.05,374.6,385.95,370.7,246,2982,1169671.0
2022-05-13,2022-05-13,FORTIS,A,242.05,244.45,235.0,236.15,237.6,2432,25842,6175845.0
2022-05-13,2022-05-13,TGBHOTELS,T,9.52,9.52,9.29,9.29,9.07,2,80,755.0
2022-05-13,2022-05-13,HILTON,T,27.8,29.2,26.75,29.2,27.85,15,2416,70321.0
2022-05-13,2022-05-13,DELTACORP,A,225.8,231.6,220.55,222.4,221.45,4598,219778,50006925.0
2022-05-13,2022-05-13,MICEL,B,14.05,15.45,14.05,14.9,14.75,421,72622,1086019.0
2022-05-13,2022-05-13,INSECTICID,B,731.3,731.3,693.65,724.55,724.2,1691,144620,103377190.0
2022-05-13,2022-05-13,ASAHISONG,B,323.95,323.95,286.2,289.8,292.75,118,585,174449.0
2022-05-13,2022-05-13,HARYNACAP,X,44.5,45.4,43.65,45.0,42.5,36,2196,97790.0
2022-05-13,2022-05-13,TIMETECHNO,A,91.0,95.25,89.8,90.3,89.6,3506,208465,19268430.0
2022-05-13,2022-05-13,HGS,A,907.9,907.9,847.0,850.85,878.4,3637,17955,15489456.0
2022-05-13,2022-05-13,NELCAST,B,64.7,64.7,58.5,59.6,57.65,356,7947,479725.0
2022-05-13,2022-05-13,V2RETAIL,B,124.75,131.75,124.75,129.5,124.2,89,2340,297153.0
2022-05-13,2022-05-13,DLF,A,324.2,332.7,317.3,318.65,322.35,5408,319351,104380465.0
2022-05-13,2022-05-13,TARMAT,B,57.0,57.0,53.85,54.05,54.0,46,1191,65227.0
2022-05-13,2022-05-13,ANKITMETAL,B,6.13,6.52,6.07,6.07,6.38,158,52603,323073.0
2022-05-13,2022-05-13,SPARC,A,206.0,216.65,206.0,209.6,204.3,2420,68934,14582387.0
2022-05-13,2022-05-13,HDIL,Z,5.15,5.56,5.11,5.33,5.36,454,277260,1459281.0
2022-05-13,2022-05-13,SURYACHAKRA,Z,0.99,1.09,0.99,1.09,1.04,137,204428,211503.0
2022-05-13,2022-05-13,ADSL,B,112.3,124.85,111.2,118.45,107.8,2511,60817,7272722.0
2022-05-13,2022-05-13,ALPA,B,63.1,68.0,63.1,66.4,64.45,149,7093,469316.0
2022-05-13,2022-05-13,SSLEL,XT,239.0,239.0,218.05,235.0,228.55,31,569,130530.0
2022-05-13,2022-05-13,OMAXE,B,87.0,91.4,85.65,86.6,85.45,4244,560415,49419217.0
2022-05-13,2022-05-13,REFEX,B,123.95,127.5,120.5,122.05,121.6,351,6809,845166.0
2022-05-13,2022-05-13,CENTRALBK,A,16.7,17.35,16.7,17.0,16.65,1375,623034,10624468.0
2022-05-13,2022-05-13,SELMC,T,1187.0,1187.0,1187.0,1187.0,1211.2,49,213,252831.0
2022-05-13,2022-05-13,ASIANTILES,B,74.5,78.65,69.9,70.4,74.45,3396,194593,14553591.0
2022-05-13,2022-05-13,KPRMILL,A,586.0,590.35,558.75,567.8,579.0,2761,27381,15599782.0
2022-05-13,2022-05-13,TAKE,B,21.9,22.8,21.7,22.2,21.0,1926,214890,4778592.0
2022-05-13,2022-05-13,PURVA,B,86.65,91.65,85.9,88.2,85.45,317,35366,3156921.0
2022-05-13,2022-05-13,MOTILALOFS,A,806.0,829.2,806.0,821.0,803.05,857,5911,4850485.0
2022-05-13,2022-05-13,VTMLTD,X,52.85,53.95,50.2,51.55,49.6,208,16481,855652.0
2022-05-13,2022-05-13,INDOWIND,B,15.05,16.15,15.05,15.3,15.4,254,31770,490448.0
2022-05-13,2022-05-13,NAGREEKCAP,T,12.43,12.43,11.4,11.4,12.0,4,157,1792.0
2022-05-13,2022-05-13,MAGNUM,B,11.05,11.58,10.76,11.52,11.03,60,26287,301624.0
2022-05-13,2022-05-13,POWERGRID,A,241.6,241.6,233.15,236.9,235.7,2737,406618,96038048.0
2022-05-13,2022-05-13,KSCL,A,535.85,548.6,530.3,538.3,526.6,469,3659,1967540.0
2022-05-13,2022-05-13,PAISALO,A,760.8,811.8,757.45,796.15,746.4,584,2754,2150365.0
2022-05-13,2022-05-13,CCCL,B,2.34,2.55,2.31,2.45,2.43,321,482206,1170066.0
2022-05-13,2022-05-13,SUPREMEINF,B,9.03,9.4,8.88,9.18,9.34,26,6848,61129.0
2022-05-13,2022-05-13,MAANALU,B,129.8,129.8,118.05,118.95,117.15,46,723,87471.0
2022-05-13,2022-05-13,IL&FSENGG,Z,14.5,15.85,14.5,14.8,15.25,61,26501,403725.0
2022-05-13,2022-05-13,PARLEIND,X,7.78,8.5,7.71,8.01,7.69,764,69098,553097.0
2022-05-13,2022-05-13,RELIGARE,A,109.15,113.45,106.35,112.25,106.25,1522,115059,12793604.0
2022-05-13,2022-05-13,BVCL,T,22.65,22.65,22.65,22.65,21.6,1,1,22.0
2022-05-13,2022-05-13,RATHIBAR,X,28.35,28.35,26.3,27.6,27.15,79,6768,187093.0
2022-05-13,2022-05-13,ADANIPORTS,A,728.0,735.9,702.35,706.1,713.0,7372,324316,233989493.0
2022-05-13,2022-05-13,EDELWEISS,A,53.75,57.0,52.55,54.65,52.45,3522,458382,25129344.0
2022-05-13,2022-05-13,RGL,B,634.0,685.55,628.0,676.45,625.65,738,10426,6746871.0
2022-05-13,2022-05-13,KOLTEPATIL,A,226.8,232.2,220.25,222.8,222.95,1412,31262,7081045.0
2022-05-13,2022-05-13,KAUSHALYA,B,3.77,4.12,3.77,4.01,3.94,48,20941,83583.0
2022-05-13,2022-05-13,JYOTHYLAB,A,144.55,150.0,144.55,147.9,145.0,2154,298642,43847184.0
2022-05-13,2022-05-13,ECLERX,A,2105.0,2183.0,2103.0,2115.3,2105.45,651,1702,3611347.0
2022-05-13,2022-05-13,TARIL,B,31.45,31.7,30.3,30.6,30.35,277,18773,582689.0
2022-05-13,2022-05-13,BRIGADE,A,397.0,421.0,392.0,407.45,394.55,1797,14910,6104460.0
2022-05-13,2022-05-13,BGRENERGY,B,61.5,69.0,61.5,67.15,65.7,356,12440,844136.0
2022-05-13,2022-05-13,BURNPUR,B,5.52,6.02,5.52,5.75,5.52,206,82389,480109.0
2022-05-13,2022-05-13,MANAKSIA,B,73.55,75.75,71.95,73.05,70.1,603,17844,1321990.0
2022-05-13,2022-05-13,PORWAL,X,18.5,19.9,18.3,18.65,18.95,91,6614,124477.0
2022-05-13,2022-05-13,PPAP,B,177.05,188.25,176.65,180.1,178.05,127,1217,223544.0
2022-05-13,2022-05-13,ARIES,B,127.35,137.9,127.35,133.15,131.65,155,2309,310618.0
2022-05-13,2022-05-13,KUANTUM,B,73.2,75.55,71.25,72.5,70.95,133,4892,356578.0
2022-05-13,2022-05-13,RPOWER,A,12.7,12.95,12.42,12.49,12.45,6225,4659965,59157640.0
2022-05-13,2022-05-13,JKIL,A,225.0,226.5,215.8,218.75,218.55,3699,135538,29672879.0
2022-05-13,2022-05-13,CORDSCABLE,B,52.45,53.4,51.75,52.3,51.15,162,2669,139502.0
2022-05-13,2022-05-13,KNRCON,A,231.05,243.25,226.75,230.05,234.75,2462,38470,9035742.0
2022-05-13,2022-05-13,ONMOBILE,A,134.45,143.0,134.45,137.95,130.5,3353,295979,41196227.0
2022-05-13,2022-05-13,SEPC,B,8.02,9.07,8.02,8.94,7.56,823,1011093,9032099.0
2022-05-13,2022-05-13,BANG,B,40.6,44.75,40.55,41.7,42.65,229,30397,1290019.0
2022-05-13,2022-05-13,IRB,A,193.2,205.25,191.0,193.75,189.25,4353,136540,27219346.0
2022-05-13,2022-05-13,GSS,T,198.9,200.0,195.0,197.65,193.4,77,39280,7773837.0
2022-05-13,2022-05-13,NAHARCAP,B,464.0,505.05,464.0,472.35,447.3,1438,10059,4929765.0
2022-05-13,2022-05-13,VGUARD,A,212.0,212.0,202.05,205.05,203.25,802,13604,2807168.0
2022-05-13,2022-05-13,RECLTD,A,117.0,118.15,113.55,114.05,115.85,2311,168998,19607014.0
2022-05-13,2022-05-13,AJRINFRA,T,1.7,1.85,1.7,1.78,1.77,303,458767,820279.0
2022-05-13,2022-05-13,DHANI,A,41.7,42.45,41.4,42.45,40.45,1014,214568,9076934.0
2022-05-13,2022-05-13,TITAGARH,B,101.6,104.85,101.4,102.15,100.2,1082,55276,5702153.0
2022-05-13,2022-05-13,KIRIINDUS,A,431.0,446.7,429.9,442.65,425.25,1071,9036,3968225.0
2022-05-13,2022-05-13,SANKHYAINFO,XT,17.81,17.81,17.81,17.81,18.74,193,35197,626858.0
2022-05-13,2022-05-13,BIRLAMONEY,B,60.05,61.2,56.95,57.05,58.65,284,15536,911237.0
2022-05-13,2022-05-13,TELOGICA,Z,1.86,1.86,1.86,1.86,1.86,1,10,18.0
2022-05-13,2022-05-13,JAIBALAJI,B,47.35,49.5,46.4,48.8,46.55,197,8001,385295.0
2022-05-13,2022-05-13,BAJAJ-AUTO,A,3615.1,3735.0,3615.1,3640.9,3585.1,3470,37269,137268577.0
2022-05-13,2022-05-13,BAJAJFINSV,A,13200.0,13218.1,12573.7,12613.7,12848.95,3181,8149,105301411.0
2022-05-13,2022-05-13,GOKUL,B,36.1,37.2,35.65,36.45,34.6,999,66053,2407463.0
2022-05-13,2022-05-13,RPGLIFE,B,453.5,485.05,452.0,472.6,458.45,116,778,369410.0
2022-05-13,2022-05-13,SENSEX1,B,557.0,574.9,546.75,555.08,557.87,57,1575,884407.0
2022-05-13,2022-05-13,NIRAJ,B,34.95,36.9,30.65,33.1,32.45,99,4272,143575.0
2022-05-13,2022-05-13,RBL,B,592.65,615.0,588.0,604.45,579.0,138,485,290394.0
2022-05-13,2022-05-13,RANEENGINE,B,216.0,217.7,203.5,206.85,212.4,77,1482,314393.0
2022-05-13,2022-05-13,BAFNAPH,B,129.95,129.95,125.0,128.6,128.0,35,460,58362.0
2022-05-13,2022-05-13,CHLLTD,X,19.05,20.0,19.0,19.7,19.05,8,101,1956.0
2022-05-13,2022-05-13,SEJALLTD,T,255.0,257.0,246.1,254.0,245.0,82,1817,463953.0
2022-05-13,2022-05-13,ARCHIDPLY,B,47.0,50.7,45.55,49.25,46.1,292,10052,492876.0
2022-05-13,2022-05-13,LOTUSEYE,B,49.75,53.1,49.3,50.95,48.35,88,3869,197042.0
2022-05-13,2022-05-13,SOMICONVEY,B,32.95,34.5,32.35,34.25,32.95,44,522,17391.0
2022-05-13,2022-05-13,LGBFORGE,B,8.92,9.3,8.68,8.83,8.49,123,42489,379683.0
2022-05-13,2022-05-13,LPDC,B,7.84,7.84,7.24,7.37,7.47,52,19225,149316.0
2022-05-13,2022-05-13,SICAGEN,X,27.0,27.0,25.6,25.9,26.05,71,10715,281359.0
2022-05-13,2022-05-13,SIMPLXMIL,X,36.7,36.7,36.55,36.55,35.95,5,132,4832.0
2022-05-13,2022-05-13,SIMPLXPAP,XT,34.35,35.3,32.0,32.7,33.65,120,5243,168325.0
2022-05-13,2022-05-13,20MICRONS,B,79.65,83.6,79.2,79.5,78.3,1883,120950,9893582.0
2022-05-13,2022-05-13,ZFCVINDIA,A,7349.1,7920.1,7349.1,7778.6,7365.0,277,314,2434224.0
2022-05-13,2022-05-13,ALKALI,T,83.45,85.9,78.55,85.2,81.95,50,3359,283925.0
2022-05-13,2022-05-13,ISGEC,A,524.7,528.25,498.45,503.1,515.5,532,2813,1442421.0
2022-05-13,2022-05-13,IMFA,B,343.1,349.95,334.5,336.3,333.1,604,5512,1886977.0
2022-05-13,2022-05-13,VEDAVAAG,X,49.05,50.9,46.3,47.05,48.45,256,30723,1494239.0
2022-05-13,2022-05-13,MOLDTKPAC,A,719.45,724.0,689.0,708.1,683.95,1815,12006,8507352.0
2022-05-13,2022-05-13,MHRIL,A,218.0,236.3,218.0,233.6,216.15,1995,47640,10983927.0
2022-05-13,2022-05-13,LANDSMILL,T,5.1,5.62,5.1,5.59,5.36,86,30201,163693.0
2022-05-13,2022-05-13,ROML,B,67.55,68.95,67.0,68.95,65.7,75,4195,288107.0
2022-05-13,2022-05-13,BENGALASM,B,2250.05,2295.0,2161.1,2262.6,2197.5,81,429,968326.0
2022-05-13,2022-05-13,ADANIPOWER,A,242.05,254.65,242.05,254.65,242.55,8872,1104768,279965739.0
2022-05-13,2022-05-13,NHPC,A,31.75,32.45,30.8,31.2,31.3,3136,920931,29350666.0
2022-05-13,2022-05-13,SURYAAMBA,X,194.95,195.05,186.6,193.8,183.5,27,1241,238612.0
2022-05-13,2022-05-13,GLOBUSSPR,B,1239.0,1239.0,1193.25,1209.0,1193.2,2308,23429,28559803.0
2022-05-13,2022-05-13,OIL,A,227.0,227.0,218.95,220.15,222.65,2742,82334,18395938.0
2022-05-13,2022-05-13,SWANDEF,Z,2.8,3.0,2.8,2.91,2.86,332,285094,834560.0
2022-05-13,2022-05-13,BTTL,X,18.95,19.0,17.6,18.15,18.35,159,12004,220372.0
2022-05-13,2022-05-13,SPSL,X,28.0,29.45,28.0,29.45,28.05,18,1912,56305.0
2022-05-13,2022-05-13,EXPLEOSOL,B,1223.6,1257.55,1196.8,1225.0,1204.6,1450,7475,9141371.0
2022-05-13,2022-05-13,RTNPOWER,A,4.53,4.54,4.4,4.53,4.33,1675,5432722,24627746.0
2022-05-13,2022-05-13,DEN,B,34.4,36.2,34.4,34.95,34.65,1112,116886,4146855.0
2022-05-13,2022-05-13,ASTEC,A,1673.9,1724.6,1652.3,1670.45,1640.4,1042,2782,4683520.0
2022-05-13,2022-05-13,DLINKINDIA,B,128.25,131.7,126.35,127.55,123.95,825,19280,2485729.0
2022-05-13,2022-05-13,JSWENERGY,A,252.05,265.85,244.7,249.0,251.1,3038,57231,14674691.0
2022-05-13,2022-05-13,YUNIKM,X,5.01,5.01,4.51,4.8,4.87,74,12219,58137.0
2022-05-13,2022-05-13,GODREJPROP,A,1325.3,1390.0,1325.3,1342.2,1319.3,2352,31048,42238353.0
2022-05-13,2022-05-13,DBCORP,B,84.15,84.95,77.9,83.0,82.45,1176,63209,5135473.0
2022-05-13,2022-05-13,MBLINFRA,B,19.15,20.1,19.05,19.9,19.15,178,18688,368241.0
2022-05-13,2022-05-13,JUBLFOOD,A,476.45,490.0,473.35,475.2,469.45,7738,173780,84063462.0
2022-05-13,2022-05-13,VASCONEQ,B,22.55,23.65,22.5,23.0,22.1,471,34383,795401.0
2022-05-13,2022-05-13,THANGAMAYL,B,1082.5,1087.2,1043.55,1055.6,1067.7,154,1896,2008197.0
2022-05-13,2022-05-13,DBREALTY,T,57.8,63.8,57.8,62.35,60.8,586,74889,4642975.0
2022-05-13,2022-05-13,EMMBI,B,88.65,88.75,86.15,86.25,87.0,107,1859,161784.0
2022-05-13,2022-05-13,HATHWAY,A,17.2,17.55,17.0,17.15,16.85,2669,685773,11826247.0
2022-05-13,2022-05-13,ARSSINFRA,B,23.85,25.4,23.5,24.7,23.25,80,2189,54110.0
2022-05-13,2022-05-13,TEXMOPIPES,B,67.0,73.85,65.7,69.25,65.05,755,25641,1810043.0
2022-05-13,2022-05-13,SUNDARAM,B,2.88,2.89,2.73,2.89,2.76,201,217108,625031.0
2022-05-13,2022-05-13,COROENGG,X,31.4,31.4,28.85,29.55,30.35,43,8299,245191.0
2022-05-13,2022-05-13,ROSSELLIND,B,174.0,178.0,171.15,173.7,169.4,289,4800,833425.0
2022-05-13,2022-05-13,MANINFRA,A,89.0,91.9,89.0,90.05,88.75,2090,61050,5543389.0
2022-05-13,2022-05-13,TAMBOLIIN,X,86.05,89.35,85.5,86.75,85.55,109,16063,1394229.0
2022-05-13,2022-05-13,IVZINGOLD,E,4560.0,4560.0,4527.05,4527.05,4573.0,2,2,9087.0
2022-05-13,2022-05-13,IL&FSTRANS,Z,4.2,4.2,3.82,4.01,4.01,33,16908,67852.0
2022-05-13,2022-05-13,PERSISTENT,A,3750.0,3785.0,3566.55,3588.35,3698.95,2932,12495,45486373.0
2022-05-13,2022-05-13,ISFT,B,159.3,166.9,154.15,160.0,155.25,119,2618,423239.0
2022-05-13,2022-05-13,GOENKA,Z,2.28,2.28,2.09,2.24,2.19,137,75247,161923.0
2022-05-13,2022-05-13,KCPSUGIND,B,24.0,25.4,24.0,24.5,23.8,1233,116873,2912965.0
2022-05-13,2022-05-13,KECL,B,21.5,22.45,20.55,21.7,21.5,204,34311,748412.0
2022-05-13,2022-05-13,SATCH,X,3.18,3.18,2.8,2.92,3.0,104,36833,109927.0
2022-05-13,2022-05-13,TARAPUR,B,3.7,3.98,3.7,3.76,3.99,7,10113,37426.0
2022-05-13,2022-05-13,SJVN,A,27.25,27.55,27.2,27.3,27.2,827,334855,9177347.0
2022-05-13,2022-05-13,JPINFRATEC,B,2.44,2.53,2.42,2.45,2.42,2475,1051101,2605940.0
2022-05-13,2022-05-13,EMAMIPAP,B,146.9,150.6,132.0,146.0,141.9,260,12109,1742820.0
2022-05-13,2022-05-13,KRITINUT,X,60.15,65.8,60.15,61.25,59.2,883,130695,8203237.0
2022-05-13,2022-05-13,GKB,X,74.95,75.0,74.95,74.95,71.35,6,226,16939.0
2022-05-13,2022-05-13,HMVL,B,60.75,62.3,60.0,61.1,59.2,168,5275,324033.0
2022-05-13,2022-05-13,EMAMIREAL,B,57.55,58.05,55.0,55.2,56.55,56,1512,87121.0
2022-05-13,2022-05-13,AHLEAST,B,231.0,231.0,227.6,229.0,231.7,18,123,28375.0
2022-05-13,2022-05-13,BAJAJCON,A,141.6,153.0,141.6,148.35,141.6,1849,56687,8391339.0
2022-05-13,2022-05-13,HDFCGOLD,E,44.84,44.84,44.46,44.74,45.12,294,93880,4186442.0
2022-05-13,2022-05-13,PRAKASHSTL,B,5.2,5.3,4.82,5.16,4.82,763,607489,3153638.0
2022-05-13,2022-05-13,GOLDIETF,E,44.88,44.88,44.33,44.66,45.12,260,15286,680671.0
2022-05-13,2022-05-13,GPPL,A,79.25,80.65,78.9,79.8,77.75,1140,74436,5953142.0
2022-05-13,2022-05-13,WELINV,B,274.1,289.85,274.1,274.1,264.4,8,53,14614.0
2022-05-13,2022-05-13,WAAREEINDO,Z,3.63,3.73,3.63,3.68,3.82,238,141427,514789.0
2022-05-13,2022-05-13,HEALTHX,B,326.0,351.1,324.95,331.05,325.0,1278,17849,6012726.0
2022-05-13,2022-05-13,CPCAP,B,109.85,112.1,107.7,108.05,109.3,149,2143,233089.0
2022-05-13,2022-05-13,EROSMEDIA,B,24.85,25.0,23.65,23.8,23.85,417,42086,1025961.0
2022-05-13,2022-05-13,RAMKY,B,157.7,163.6,155.65,157.3,156.9,828,16841,2683453.0
2022-05-13,2022-05-13,GREENPOWER,B,9.26,10.02,9.26,10.0,9.55,3184,773854,7668201.0
2022-05-13,2022-05-13,GALLISPAT,B,66.45,66.45,61.85,63.85,60.1,135,6163,389653.0
2022-05-13,2022-05-13,CANTABIL,B,998.6,1010.9,965.25,979.1,990.65,484,2458,2423827.0
2022-05-13,2022-05-13,SEATV,XT,3.93,3.93,3.93,3.93,4.13,7,136,534.0
2022-05-13,2022-05-13,WABAG,A,241.0,246.65,238.1,239.65,236.9,1657,29823,7187284.0
2022-05-13,2022-05-13,BEDMUTHA,B,75.75,79.15,75.7,76.6,75.4,22,2110,165507.0
2022-05-13,2022-05-13,ASHOKA,A,72.0,75.3,72.0,73.2,71.75,2026,123240,9123329.0
2022-05-13,2022-05-13,JWL,B,49.8,51.1,48.65,49.75,45.4,1159,51380,2577882.0
2022-05-13,2022-05-13,OBEROIRLTY,A,836.9,862.0,810.1,821.5,825.95,1552,20411,16932312.0
2022-05-13,2022-05-13,PRESTIGE,A,449.95,449.95,430.45,440.1,431.1,2498,46937,20491804.0
2022-05-13,2022-05-13,SHAH,B,3.8,3.99,3.8,3.93,3.8,230,320197,1261742.0
2022-05-13,2022-05-13,COALINDIA,A,169.2,173.55,168.0,168.7,166.8,4545,404950,69279937.0
2022-05-13,2022-05-13,GRAVITA,T,282.0,282.0,256.75,258.95,270.25,441,13481,3647978.0
2022-05-13,2022-05-13,RPPINFRA,B,39.35,42.65,39.3,40.7,39.35,547,28169,1141595.0
2022-05-13,2022-05-13,RDBIPL,X,36.0,36.0,32.75,34.3,34.0,19,553,19074.0
2022-05-13,2022-05-13,MOIL,A,160.15,161.65,154.05,154.95,160.25,3321,63941,10039562.0
2022-05-13,2022-05-13,ZEELEARN,B,6.3,6.58,6.3,6.58,6.27,117,36160,237411.0
2022-05-13,2022-05-13,KTIL,X,30.9,31.35,29.5,31.35,29.9,32,2896,88545.0
2022-05-13,2022-05-13,A2ZINFRA,B,10.02,10.94,10.02,10.76,10.42,258,278873,2959461.0
2022-05-13,2022-05-13,KIRLOSENG,A,136.0,140.25,136.0,138.5,135.05,484,8890,1229663.0
2022-05-13,2022-05-13,RKDL,T,10.27,10.27,9.7,10.0,9.98,8,2981,29842.0
2022-05-13,2022-05-13,PSB,B,14.35,15.0,14.25,14.75,14.15,304,40511,592520.0
2022-05-13,2022-05-13,FMNL,B,5.24,5.26,5.04,5.22,4.79,429,260291,1361275.0
2022-05-13,2022-05-13,SURANASOL,B,20.15,22.2,20.0,22.05,20.2,400,27269,591744.0
2022-05-13,2022-05-13,KICL,B,1520.8,1537.0,1511.0,1526.0,1480.95,38,72,109630.0
2022-05-13,2022-05-13,BFINVEST,B,267.2,273.5,264.1,269.4,261.65,135,1260,337604.0
2022-05-13,2022-05-13,SUMMITSEC,B,581.95,620.0,576.05,601.15,571.0,108,1637,979442.0
2022-05-13,2022-05-13,INOVSYNTH,XT,23.5,23.5,22.15,23.5,22.4,28,6204,145140.0
2022-05-13,2022-05-13,STEL,B,119.8,135.3,118.55,124.2,116.95,290,14085,1780934.0
2022-05-13,2022-05-13,OMKARCHEM,B,27.3,28.45,26.85,27.55,27.1,76,2676,74633.0
2022-05-13,2022-05-13,JUBLINDS,B,399.5,410.0,398.0,404.5,391.35,155,1491,602650.0
2022-05-13,2022-05-13,TEXRAIL,B,48.7,49.45,45.75,46.85,46.55,3847,469364,22588948.0
2022-05-13,2022-05-13,INDTERRAIN,B,47.4,47.4,43.9,45.7,43.9,301,17981,816650.0
2022-05-13,2022-05-13,FCL,B,160.55,167.65,158.9,162.0,156.4,1380,40324,6573985.0
2022-05-13,2022-05-13,DHUNINV,B,599.35,659.1,599.25,642.1,595.05,89,683,436717.0
2022-05-13,2022-05-13,ZENTEC,B,152.05,156.0,144.45,151.0,152.05,3559,67555,10139653.0
2022-05-13,2022-05-13,LOVABLE,B,124.85,131.3,124.85,127.15,121.75,291,3916,500025.0
2022-05-13,2022-05-13,PFS,B,15.1,15.65,14.5,15.05,15.2,368,60903,932467.0
2022-05-13,2022-05-13,MON100,E,103.57,103.97,101.16,103.27,101.39,2015,141119,14500220.0
2022-05-13,2022-05-13,TCIDEVELP,T,360.0,360.0,360.0,360.0,356.35,1,1,360.0
2022-05-13,2022-05-13,MUTHOOTFIN,A,1120.95,1142.25,1110.55,1119.65,1111.35,2361,24931,28169157.0
2022-05-13,2022-05-13,FCONSUMER,A,2.19,2.25,2.19,2.22,2.15,10162,3924582,8788452.0
2022-05-13,2022-05-13,TRUEGREEN,X,34.9,36.0,33.6,35.3,34.95,21,1280,44738.0
2022-05-13,2022-05-13,BSLGOLDETF,E,45.29,47.19,45.29,45.98,46.69,81,3887,180673.0
2022-05-13,2022-05-13,VMS,X,15.4,16.2,15.05,15.1,15.45,45,5102,78182.0
2022-05-13,2022-05-13,KARMAENG,T,28.6,31.4,28.6,31.4,29.95,6,392,11647.0
2022-05-13,2022-05-13,DELPHIFX,B,489.7,489.7,445.0,456.7,471.8,153,2522,1155902.0
2022-05-13,2022-05-13,RUSHIL,B,408.0,445.0,406.0,412.9,409.6,395,4367,1822014.0
2022-05-13,2022-05-13,ENKEIWHEL,X,405.0,405.0,391.0,391.0,395.9,47,2648,1042001.0
2022-05-13,2022-05-13,KRIDHANINF,B,4.82,4.82,4.36,4.74,4.49,30,17377,81081.0
2022-05-13,2022-05-13,INVENTURE,B,2.79,2.87,2.79,2.87,2.74,495,737017,2104441.0
2022-05-13,2022-05-13,LTF,A,77.0,78.05,74.7,75.05,75.45,3756,641504,49158595.0
2022-05-13,2022-05-13,IBULLSLTD,B,33.95,36.0,33.55,34.7,33.0,514,46257,1603870.0
2022-05-13,2022-05-13,TREEHOUSE,B,8.25,8.34,8.03,8.22,7.76,14,857,6929.0
2022-05-13,2022-05-13,BROOKS,B,80.6,81.25,77.0,78.65,75.75,109,2476,195738.0
2022-05-13,2022-05-13,RUPA,A,490.0,502.95,465.2,471.6,479.6,2429,54426,26626439.0
2022-05-13,2022-05-13,TDPOWERSYS,B,390.0,419.75,385.2,415.45,383.35,1137,13605,5541785.0
2022-05-13,2022-05-13,GOLDAXIS,E,43.84,43.87,43.3,43.37,44.12,80,8543,371771.0
2022-05-13,2022-05-13,APLLTD,A,735.4,751.95,732.5,741.45,727.3,587,6685,4948983.0
2022-05-13,2022-05-13,VASWANI,B,18.65,19.1,17.75,18.6,18.05,156,20971,389813.0
2022-05-13,2022-05-13,PGEL,B,628.35,663.0,617.1,625.55,617.0,735,3980,2550118.0
2022-05-13,2022-05-13,LESHAIND,XT,13.45,14.54,13.42,14.24,14.12,152,36166,506324.0
2022-05-13,2022-05-13,SETUINFRA,T,2.36,2.5,2.36,2.4,2.48,89,56727,134366.0
2022-05-13,2022-05-13,RDBRL,X,85.8,85.85,81.6,82.9,82.1,146,8408,695109.0
2022-05-13,2022-05-13,ONELIFECAP,B,10.95,11.28,10.81,10.88,11.25,20,15359,167916.0
2022-05-13,2022-05-13,FLEXITUFF,T,27.2,27.2,26.75,26.75,28.15,7,370,9897.0
2022-05-13,2022-05-13,UEL,B,3.47,4.01,3.47,3.98,3.65,594,327499,1285587.0
2022-05-13,2022-05-13,TRITURBINE,A,183.4,183.4,172.05,173.6,179.25,2513,65480,11528796.0
2022-05-13,2022-05-13,INDOTHAI,B,325.0,325.0,301.25,301.25,317.1,100,3072,940553.0
2022-05-13,2022-05-13,ESSARSHPNG,B,7.9,7.94,7.0,7.9,7.22,195,71156,540714.0
2022-05-13,2022-05-13,LICMFGOLD,E,4670.0,4670.0,4633.1,4633.1,4694.0,2,2,9303.0
2022-05-13,2022-05-13,APLAPOLLO,A,818.45,894.05,818.45,870.9,808.45,4912,38937,33200641.0
2022-05-13,2022-05-13,GPTINFRA,B,93.8,99.7,90.9,93.4,90.7,207,3822,364121.0
2022-05-13,2022-05-13,FERVENTSYN,X,13.5,13.5,13.5,13.5,13.32,1,300,4050.0
2022-05-13,2022-05-13,TERASOFT,B,39.55,42.25,38.7,42.05,38.8,385,9090,372320.0
2022-05-13,2022-05-13,PMCFIN,X,3.8,3.83,3.7,3.83,3.65,1899,1125251,4291167.0
2022-05-13,2022-05-13,FUTSOL,XT,32.9,32.9,32.9,32.9,33.95,1,1,32.0
2022-05-13,2022-05-13,AIML,XT,30.4,32.9,30.4,32.05,31.95,336,167618,5199543.0
2022-05-13,2022-05-13,RHIM,A,536.0,574.0,525.85,542.0,536.45,4960,46608,25340102.0
2022-05-13,2022-05-13,MCX,A,1174.0,1198.15,1149.0,1151.15,1158.35,1631,16963,19882058.0
2022-05-13,2022-05-13,SCHNEIDER,A,118.35,118.45,112.8,113.6,114.25,2099,68822,7987508.0
2022-05-13,2022-05-13,OLPCL,X,3.52,3.52,3.52,3.52,3.21,5,394,1386.0
2022-05-13,2022-05-13,NBCC,A,32.5,33.6,32.5,32.6,32.0,2755,523619,17313635.0
2022-05-13,2022-05-13,MTEDUCARE,B,8.03,8.23,7.69,7.87,7.78,64,9908,79456.0
2022-05-13,2022-05-13,HEXATRADEX,B,175.0,180.8,175.0,178.05,180.0,72,1447,257783.0
2022-05-13,2022-05-13,TBZ,B,56.95,60.75,56.95,58.2,56.4,494,22380,1315741.0
2022-05-13,2022-05-13,VSSL,B,226.15,232.5,220.65,224.0,220.9,505,9315,2112368.0
2022-05-13,2022-05-13,LOOKS,X,10.25,10.44,8.25,9.26,10.04,313,50905,466764.0
2022-05-13,2022-05-13,SPECIALITY,B,125.8,128.7,119.75,121.3,122.9,952,17870,2229481.0
2022-05-13,2022-05-13,AURUS,B,5.21,5.34,4.96,5.16,4.88,39,11021,56477.0
2022-05-13,2022-05-13,RTNINDIA,B,33.0,37.6,32.45,37.45,31.35,7847,1796658,65686330.0
2022-05-13,2022-05-13,SAMPANN,B,17.65,18.95,17.4,18.6,18.05,133,17333,319836.0
2022-05-13,2022-05-13,JTLIND,B,219.2,228.0,219.2,222.8,216.4,640,21759,4928346.0
2022-05-13,2022-05-13,AMTL,XT,22.05,23.95,22.05,23.95,22.9,34,5183,122866.0
2022-05-13,2022-05-13,NECCLTD,B,25.85,26.45,25.85,26.45,25.2,37,15350,405846.0
2022-05-13,2022-05-13,WAAREERTL,X,299.0,312.0,290.1,294.7,294.5,224,13965,4209204.0
2022-05-13,2022-05-13,JUPITERIN,X,19.9,20.95,18.45,20.0,19.5,48,3416,67277.0
2022-05-13,2022-05-13,DUCON,B,19.5,21.5,19.5,20.8,20.5,790,115178,2329132.0
2022-05-13,2022-05-13,PROZONER,B,21.6,23.4,21.6,22.75,21.6,515,37771,861237.0
2022-05-13,2022-05-13,SRGHFL,X,131.0,131.0,121.65,122.0,125.05,30,1899,243564.0
2022-05-13,2022-05-13,COMCL,X,15.25,15.5,14.7,15.25,15.05,60,4724,71329.0
2022-05-13,2022-05-13,CASPIAN,XT,7.09,7.09,6.74,6.74,7.09,5,615,4285.0
2022-05-13,2022-05-13,AERPACE,X,3.91,4.31,3.82,4.05,4.1,153,48506,193783.0
2022-05-13,2022-05-13,VIRTUALG,X,1.42,1.49,1.42,1.49,1.42,1100,2259510,3346853.0
2022-05-13,2022-05-13,ZUARI,B,155.2,171.9,155.2,160.7,156.55,5425,510556,84987587.0
2022-05-13,2022-05-13,STEELXIND,B,161.15,166.4,150.6,158.85,158.5,1862,114592,18166519.0
2022-05-13,2022-05-13,TRIOMERC,X,1.55,1.56,1.46,1.49,1.49,219,130653,196956.0
2022-05-13,2022-05-13,CIGNITITEC,A,382.1,418.85,382.1,407.05,380.1,1431,13108,5229489.0
2022-05-13,2022-05-13,CDG,X,17.4,17.4,17.0,17.0,17.0,6,57,981.0
2022-05-13,2022-05-13,CARERATING,A,417.0,428.0,412.1,416.5,413.2,1777,19716,8289845.0
2022-05-13,2022-05-13,PCJEWELLER,B,18.7,21.3,18.7,20.35,19.2,1360,216708,4420708.0
2022-05-13,2022-05-13,INDUSTOWER,A,196.6,198.55,181.7,182.95,201.6,10646,471523,88483882.0
2022-05-13,2022-05-13,VMART,A,2959.7,3009.75,2885.25,2972.6,2929.4,553,1094,3230276.0
2022-05-13,2022-05-13,MUKTA,X,7.56,7.56,7.56,7.56,7.95,71,7329,55407.0
2022-05-13,2022-05-13,MYSTICELE,XT,6.15,6.74,6.11,6.73,6.42,43,10432,67828.0
2022-05-13,2022-05-13,COMFINCAP,X,24.9,25.65,23.05,24.45,23.75,80,6833,169384.0
2022-05-13,2022-05-13,SBISENSEX,A,569.98,570.79,559.5,560.65,562.0,350,19416,10969928.0
2022-05-13,2022-05-13,REPCOHOME,A,159.25,162.1,154.0,154.7,158.1,1046,18029,2837893.0
2022-05-13,2022-05-13,GCMSECU,M,2.99,3.03,2.93,3.01,2.81,40,72000,215872.0
2022-05-13,2022-05-13,NIBL,B,20.25,21.8,20.25,20.7,21.25,75,2480,51182.0
2022-05-13,2022-05-13,KIFS,X,145.55,146.15,140.5,146.15,139.2,38,1099,160288.0
2022-05-13,2022-05-13,SREEL,B,165.0,175.05,165.0,167.6,175.3,953,141056,24000315.0
2022-05-13,2022-05-13,SHARDAMOTR,B,655.1,670.0,650.0,656.85,652.5,146,977,645501.0
2022-05-13,2022-05-13,SVGLOBAL,X,51.45,51.5,51.45,51.45,54.15,45,6185,318243.0
2022-05-13,2022-05-13,JUSTDIAL,A,665.5,683.1,660.95,672.5,657.9,2229,33964,22910645.0
2022-05-13,2022-05-13,OONE,X,8.3,8.39,8.0,8.24,7.91,42,2555,21000.0
2022-05-13,2022-05-13,IFINSEC,X,36.95,37.95,36.0,37.25,36.2,20,213,7872.0
2022-05-13,2022-05-13,BRAHMINFRA,X,27.3,28.4,26.4,26.65,26.75,36,5051,136072.0
2022-05-13,2022-05-13,AMPVOLTS,X,16.63,16.63,16.63,16.63,17.5,79,3797,63144.0
2022-05-13,2022-05-13,KHOOBSURAT,XT,2.67,2.9,2.67,2.84,2.81,2598,1039732,2902188.0
2022-05-13,2022-05-13,ORIENTCEM,A,121.8,123.6,117.75,118.95,118.05,3277,114594,13757386.0
2022-05-13,2022-05-13,ABFRL,A,253.2,267.7,253.2,264.05,252.1,2669,88459,23201866.0
2022-05-13,2022-05-13,SAMMAANCAP,A,121.65,125.3,116.55,117.85,119.35,17798,1762846,214293219.0
2022-05-13,2022-05-13,KUSHAL,Z,3.43,3.73,3.43,3.43,3.61,332,336478,1155420.0
2022-05-13,2022-05-13,TIGERLOGS,X,229.0,238.9,221.05,222.35,218.25,518,30779,7008219.0
2022-05-13,2022-05-13,JKAGRI,X,655.0,685.95,632.0,662.2,656.4,49,551,371136.0
2022-05-13,2022-05-13,FLFL,B,14.05,14.7,13.9,13.95,14.6,1277,183694,2583058.0
2022-05-13,2022-05-13,PVVINFRA,XT,21.0,21.7,20.4,21.2,21.0,85,11255,238541.0
2022-05-13,2022-05-13,INDRENEW,XT,10.4,10.68,9.68,10.68,10.18,40,3229,33810.0
2022-05-13,2022-05-13,STELLAR,M,4.75,4.75,4.75,4.75,5.25,1,6000,28500.0
2022-05-13,2022-05-13,JPOLYINVST,B,205.35,217.8,205.35,213.15,209.6,62,594,126481.0
2022-05-13,2022-05-13,YURANUS,X,6.56,6.56,6.56,6.56,6.56,3,31,203.0
2022-05-13,2022-05-13,INTELSOFT,X,17.55,18.4,17.55,18.4,17.55,170,25119,461234.0
2022-05-13,2022-05-13,MOM100,B,28.68,29.19,28.5,28.54,28.41,206,16668,480394.0
2022-05-13,2022-05-13,BPCAP,X,6.25,7.0,6.25,7.0,6.83,8,531,3363.0
2022-05-13,2022-05-13,CPL,X,17.9,18.5,17.8,17.9,17.5,194,57871,1047652.0
2022-05-13,2022-05-13,NIFTYIETF,B,171.4,173.51,170.0,170.13,170.79,909,77651,13254450.0
2022-05-13,2022-05-13,NIF100IETF,B,177.0,179.0,172.75,174.17,178.74,47,864,152041.0
2022-05-13,2022-05-13,ARNOLD,X,11.84,11.84,10.47,10.8,10.77,71,33895,380705.0
2022-05-13,2022-05-13,SUNLOC,XT,81.8,86.2,80.5,86.0,82.1,181,21793,1858420.0
2022-05-13,2022-05-13,JTLDEFENCE,X,6.49,7.41,6.49,7.27,7.08,10,249,1826.0
2022-05-13,2022-05-13,SUYOG,X,378.0,389.9,378.0,388.55,376.25,6,38,14598.0
2022-05-13,2022-05-13,NATHBIOGEN,B,196.45,205.0,192.95,196.55,194.55,303,14771,2939516.0
2022-05-13,2022-05-13,AGRITECH,T,85.8,85.8,81.45,81.75,82.0,7,170,14062.0
2022-05-13,2022-05-13,KETOMOTORS,XT,27.5,28.9,27.35,28.3,27.55,34,797,22644.0
2022-05-13,2022-05-13,NIF100BEES,B,171.0,174.9,163.5,166.71,177.86,200,3211,539487.0
2022-05-13,2022-05-13,VIAANINDUS,X,0.88,0.88,0.88,0.88,0.84,38,86596,76204.0
2022-05-13,2022-05-13,DENISCHEM,X,60.45,60.45,57.25,58.9,55.8,24,925,54497.0
2022-05-13,2022-05-13,POLYMAC,M,35.0,35.25,35.0,35.25,34.15,9,52800,1851360.0
2022-05-13,2022-05-13,NIFTY1,B,168.5,170.85,167.2,167.82,168.09,372,14971,2530179.0
2022-05-13,2022-05-13,HANSUGAR,X,6.34,7.2,6.34,7.04,6.83,177,34777,242615.0
2022-05-13,2022-05-13,KIRANVYPAR,X,140.85,147.25,130.0,135.7,131.3,64,4251,563686.0
2022-05-13,2022-05-13,BCP,B,4.0,4.7,4.0,4.65,4.28,262,124195,563897.0
2022-05-13,2022-05-13,RACE,M,168.0,180.0,168.0,180.0,166.0,3,5625,952500.0
2022-05-13,2022-05-13,MANGIND,X,4.6,4.74,4.32,4.64,4.52,1935,1431042,6730174.0
2022-05-13,2022-05-13,VIJIFIN,B,3.59,3.76,3.43,3.65,3.59,70,11245,41785.0
2022-05-13,2022-05-13,HBGHOTELS,XT,38.3,41.0,37.1,40.95,39.05,49,3961,150466.0
2022-05-13,2022-05-13,RAUNAQ,XT,22.4,22.4,22.4,22.4,22.35,1,1000,22400.0
2022-05-13,2022-05-13,CPSEETF,A,34.21,34.54,33.58,33.79,33.84,436,43110,1465793.0
2022-05-13,2022-05-13,HARIAAPL,XT,1.49,1.49,1.49,1.49,1.49,1,1040,1549.0
2022-05-13,2022-05-13,VASUPRADA,X,85.5,85.5,82.5,83.0,81.8,18,273,22918.0
2022-05-13,2022-05-13,RNBDENIMS,B,65.35,70.0,65.25,65.25,68.65,183,20056,1325710.0
2022-05-13,2022-05-13,GOLDLINE,Z,1.38,1.38,1.38,1.38,1.45,826,388940,536737.0
2022-05-13,2022-05-13,SHARPINV,X,2.0,2.18,1.98,2.18,2.08,1453,1098886,2295440.0
2022-05-13,2022-05-13,WONDERLA,B,228.75,228.75,207.5,211.3,211.5,2502,60484,13101701.0
2022-05-13,2022-05-13,GCMCAPI,M,5.0,5.0,5.0,5.0,4.84,1,1000,5000.0
2022-05-13,2022-05-13,AFEL,X,102.95,104.2,102.85,102.85,108.25,318,296684,30584419.0
2022-05-13,2022-05-13,INCREDIBLE,B,19.55,21.5,19.55,20.75,20.55,86,2092,42749.0
2022-05-13,2022-05-13,WESTLEIRES,XT,130.0,130.0,129.25,129.25,135.95,2,26,3361.0
2022-05-13,2022-05-13,NAM,X,27.25,27.25,27.25,27.25,28.55,1,15,408.0
2022-05-13,2022-05-13,METSL,X,56.8,57.9,54.0,57.25,54.0,11,267,15198.0
2022-05-13,2022-05-13,SPS,B,109.55,109.55,108.5,108.5,107.25,2,5,543.0
2022-05-13,2022-05-13,MONEYBOXX,B,121.0,124.0,118.05,120.95,117.85,45,1430,173795.0
2022-05-13,2022-05-13,WORTH,X,39.05,39.05,39.05,39.05,41.1,3,22,859.0
2022-05-13,2022-05-13,TPROJECT,X,3.45,3.52,3.35,3.35,3.52,15,1323,4475.0
2022-05-13,2022-05-13,CTL,X,10.25,10.25,9.74,9.74,10.25,117,26635,261914.0
2022-05-13,2022-05-13,TARINI,M,6.3,6.3,6.18,6.18,6.5,2,6000,37440.0
2022-05-13,2022-05-13,YAANENT,X,20.0,21.0,18.55,19.0,18.8,38,10738,203730.0
2022-05-13,2022-05-13,PIPAN,XT,1.77,1.77,1.61,1.77,1.69,137,79586,133598.0
2022-05-13,2022-05-13,ANVRDHI,XT,5.28,5.28,5.02,5.02,5.28,21,1724,8782.0
2022-05-13,2022-05-13,RAAMA,XT,2.4,2.4,2.4,2.4,2.29,178,151146,362750.0
2022-05-13,2022-05-13,BRPL,B,61.95,63.75,61.9,63.75,60.75,62,7560,481232.0
2022-05-13,2022-05-13,SKIPPER,B,61.2,63.8,55.0,59.0,60.7,704,47645,2886580.0
2022-05-13,2022-05-13,JAMESWARREN,X,249.0,249.0,221.35,224.8,230.6,27,576,131966.0
2022-05-13,2022-05-13,VISTARAMAR,X,204.7,218.45,199.15,202.5,209.6,90,2875,595824.0
2022-05-13,2022-05-13,APOLLOTRI,A,808.0,845.0,801.85,830.7,791.65,7209,65741,54497912.0
2022-05-13,2022-05-13,GULFOILLUB,A,385.0,394.6,385.0,389.9,386.25,497,4960,1938577.0
2022-05-13,2022-05-13,TRIVENIENT,X,12.25,12.5,11.05,11.39,11.99,1331,778048,9058486.0
2022-05-13,2022-05-13,CEMAINFRA,XT,5.48,5.48,5.21,5.21,5.48,11,175,912.0
2022-05-13,2022-05-13,TTIENT,X,13.19,13.19,13.19,13.19,12.57,54,30244,398918.0
2022-05-13,2022-05-13,VISHAL,B,31.0,32.7,31.0,31.65,31.1,517,31008,993131.0
2022-05-13,2022-05-13,TOYAMSL,XT,11.3,12.4,11.3,12.05,11.85,1292,2063312,24333303.0
2022-05-13,2022-05-13,UNISON,X,24.1,27.4,24.1,27.1,25.85,190,15445,409733.0
2022-05-13,2022-05-13,RTFL,Z,24.9,25.6,24.9,25.6,24.4,70,1572,39975.0
2022-05-13,2022-05-13,VRL,X,109.7,109.7,103.5,107.7,102.95,17,1319,141735.0
2022-05-13,2022-05-13,SNOWMAN,B,31.45,32.3,31.2,31.45,30.9,993,181808,5800859.0
2022-05-13,2022-05-13,QGO,XT,23.15,24.8,23.15,24.5,24.35,4,13,320.0
2022-05-13,2022-05-13,PURSHOTTAM,X,17.4,17.4,15.8,17.3,16.6,11,587,9356.0
2022-05-13,2022-05-13,SHARDACROP,A,610.0,645.6,607.05,645.6,586.95,2872,23686,14940069.0
2022-05-13,2022-05-13,MIIL,M,61.95,61.95,61.95,61.95,59.0,1,4000,247800.0
2022-05-13,2022-05-13,CITYONLINE,Z,5.6,5.6,5.6,5.6,5.7,4,176,985.0
2022-05-13,2022-05-13,SENSEXBEES,A,608.0,614.0,577.48,585.85,592.67,99,1126,658694.0
2022-05-13,2022-05-13,SHEMAROO,B,111.3,114.25,109.0,109.8,106.1,92,1598,178521.0
2022-05-13,2022-05-13,ULTRACAB,X,25.15,25.9,24.55,25.15,24.4,283,74741,1890916.0
2022-05-13,2022-05-13,RCCL,X,25.0,25.0,25.0,25.0,26.2,1,5,125.0
2022-05-13,2022-05-13,ETIL,X,7.99,7.99,7.5,7.8,7.64,24,5333,41720.0
2022-05-13,2022-05-13,ATISHAY,X,35.0,37.8,33.0,33.55,34.85,54,4246,148066.0
2022-05-13,2022-05-13,DHABRIYA,B,85.0,89.2,83.0,85.0,85.0,79,1020,86923.0
2022-05-13,2022-05-13,PDSL,B,1606.05,1657.95,1599.45,1636.45,1583.4,17,57,92467.0
2022-05-13,2022-05-13,VGCL,T,49.0,51.35,48.3,49.85,48.95,8,502,24599.0
2022-05-13,2022-05-13,STARLIT,B,10.12,10.12,9.7,9.76,9.74,19,2198,21757.0
2022-05-13,2022-05-13,CEINSYS,B,156.4,163.0,148.15,155.1,151.9,111,17226,2659486.0
2022-05-13,2022-05-13,PANABYTE,X,36.1,36.1,36.1,36.1,37.95,2,2,72.0
2022-05-13,2022-05-13,CRANEINFRA,X,7.47,7.48,7.16,7.44,7.48,27,2123,15849.0
2022-05-13,2022-05-13,NIYOGIN,X,56.5,60.0,49.1,50.45,54.6,619,58408,3034717.0
2022-05-13,2022-05-13,KALYANCAP,X,43.3,51.0,43.3,48.0,49.0,41,10890,517250.0
2022-05-13,2022-05-13,CITIZEN,XT,18.0,18.0,17.95,17.95,18.0,10,800,14399.0
2022-05-13,2022-05-13,GBFL,X,9.31,9.37,8.56,8.56,9.01,261,70372,612999.0
2022-05-13,2022-05-13,GILADAFINS,X,17.45,19.15,17.45,17.9,18.35,80,4373,76809.0
2022-05-13,2022-05-13,SAPPL,X,305.0,320.4,305.0,311.45,308.8,23,731,229202.0
2022-05-13,2022-05-13,AANCHALISP,T,14.5,14.7,13.5,14.7,14.0,64,13654,198864.0
2022-05-13,2022-05-13,CAPPIPES,M,87.5,87.9,87.5,87.75,80.0,3,4500,394800.0
2022-05-13,2022-05-13,JMJFIN,X,13.59,13.65,11.71,13.58,12.41,22,4685,63309.0
2022-05-13,2022-05-13,INTELLECT,A,579.25,599.2,564.0,571.95,578.5,1534,30141,17629222.0
2022-05-13,2022-05-13,MONTECARLO,B,466.65,479.55,463.75,471.75,455.05,894,8465,3987654.0
2022-05-13,2022-05-13,JSTL,X,72.2,79.0,72.2,74.55,75.95,370,42689,3132053.0
2022-05-13,2022-05-13,ICL,XT,19.8,19.8,19.8,19.8,18.9,1,1,19.0
2022-05-13,2022-05-13,SCC,X,9.16,9.16,9.16,9.16,9.64,3,160,1465.0
2022-05-13,2022-05-13,PANAFIC,XT,1.75,1.91,1.75,1.89,1.84,817,393613,705008.0
2022-05-13,2022-05-13,CSL,XT,22.0,22.0,22.0,22.0,22.7,3,106,2332.0
2022-05-13,2022-05-13,NEXUSSURGL,X,11.0,11.9,10.85,11.75,11.4,89,38346,421760.0
2022-05-13,2022-05-13,SELLWIN,X,22.95,22.95,21.3,22.45,22.25,64,33362,747154.0
2022-05-13,2022-05-13,EMERALD,X,15.85,15.85,14.3,15.15,15.25,16,2397,35247.0
2022-05-13,2022-05-13,MKEXIM,X,71.55,78.85,69.6,78.85,71.7,396,32908,2488390.0
2022-05-13,2022-05-13,MCLOUD,XT,360.0,365.15,338.3,344.5,355.8,61,2523,876687.0
2022-05-13,2022-05-13,OCTAL,X,31.35,31.35,31.35,31.35,33.0,4,109,3417.0
2022-05-13,2022-05-13,KANCHI,X,670.0,688.8,650.0,670.25,662.7,475,6973,4661249.0
2022-05-13,2022-05-13,DTIL,B,246.25,250.25,241.65,245.6,236.9,30,465,113903.0
2022-05-13,2022-05-13,VANICOM,XT,11.45,11.45,11.45,11.45,11.45,3,112,1282.0
2022-05-13,2022-05-13,VINCOFE,X,65.45,66.45,61.4,64.95,64.0,47,11107,724730.0
2022-05-13,2022-05-13,COSYN,X,21.5,22.25,20.5,20.75,20.75,89,26727,566836.0
2022-05-13,2022-05-13,ABHIFIN,XT,45.0,45.0,45.0,45.0,45.0,6,24,1080.0
2022-05-13,2022-05-13,MERCANTILE,X,18.8,20.1,16.75,18.3,18.4,43,4571,86787.0
2022-05-13,2022-05-13,SONAL,X,37.0,38.5,32.85,37.5,32.2,31,837,30611.0
2022-05-13,2022-05-13,ALFL,XT,2.12,2.3,2.11,2.2,2.22,100,38492,84063.0
2022-05-13,2022-05-13,GENUSPAPER,B,15.15,16.55,15.15,16.55,15.8,846,200259,3264261.0
2022-05-13,2022-05-13,MINDACORP,A,203.85,205.85,196.7,197.9,197.3,4119,132673,26673080.0
2022-05-13,2022-05-13,MERCURYLAB,X,448.0,548.0,440.0,453.05,464.35,45,265,128108.0
2022-05-13,2022-05-13,CONCORD,X,29.0,29.0,27.0,27.9,26.5,33,1635,45615.0
2022-05-13,2022-05-13,WARDINMOBI,B,60.75,61.95,58.15,59.4,60.75,3308,462644,27985740.0
2022-05-13,2022-05-13,GREENLAM,A,317.0,319.05,306.35,312.95,317.9,394,3283,1022590.0
2022-05-13,2022-05-13,TALBROSENG,X,364.95,365.0,325.25,349.75,338.7,54,1323,473868.0
2022-05-13,2022-05-13,SAPL,X,495.0,495.0,495.0,495.0,475.0,1,1,495.0
2022-05-13,2022-05-13,PTCIL,B,3994.6,3994.6,3900.1,3923.25,3828.35,94,430,1700682.0
2022-05-13,2022-05-13,CHENFERRO,X,131.85,131.85,131.85,131.85,125.6,77,26481,3491519.0
2022-05-13,2022-05-13,MEGRISOFT,X,121.4,121.4,121.4,121.4,121.4,1,1,121.0
2022-05-13,2022-05-13,GITARENEW,X,160.05,173.85,160.05,173.8,165.6,228,9804,1693590.0
2022-05-13,2022-05-13,ORTEL,Z,1.48,1.48,1.48,1.48,1.48,1,1000,1480.0
2022-05-13,2022-05-13,STARHFL,B,117.0,118.0,115.0,117.4,115.35,127,48630,5680187.0
2022-05-13,2022-05-13,BEEKAY,X,455.0,464.75,430.0,449.7,427.25,86,2220,990465.0
2022-05-13,2022-05-13,SETFBSE100,A,173.0,173.75,170.0,170.9,171.08,38,3765,645722.0
2022-05-13,2022-05-13,FRASER,X,7.6,7.99,7.54,7.86,7.95,91,21347,166383.0
2022-05-13,2022-05-13,AGIIL,B,253.0,266.95,250.3,260.55,253.55,106,1777,461518.0
2022-05-13,2022-05-13,BKMINDST,Z,1.97,2.12,1.97,2.04,2.07,65,67675,133701.0
2022-05-13,2022-05-13,MANAKSTEEL,B,42.3,45.75,42.3,43.7,41.55,527,35657,1579620.0
2022-05-13,2022-05-13,MANAKALUCO,B,22.0,22.45,20.25,20.75,20.95,192,11631,244529.0
2022-05-13,2022-05-13,MANAKCOAT,B,25.4,25.4,24.2,24.95,24.2,227,28702,718224.0
2022-05-13,2022-05-13,IMAGICAA,B,14.5,15.05,14.28,14.99,14.73,213,35241,515844.0
2022-05-13,2022-05-13,INOXWIND,B,91.4,95.8,90.65,94.5,91.4,2224,171865,16027471.0
2022-05-13,2022-05-13,AANANDALAK,X,10.0,10.0,9.5,9.79,10.2,13,569,5590.0
2022-05-13,2022-05-13,URSUGAR,B,19.0,19.85,18.6,19.2,18.65,249,74034,1424592.0
2022-05-13,2022-05-13,ATHCON,M,16.0,16.1,14.05,16.05,15.5,5,17500,270875.0
2022-05-13,2022-05-13,NORTHLINK,X,19.7,19.7,18.15,18.15,18.8,5,602,10929.0
2022-05-13,2022-05-13,SHESHAINDS,XT,19.85,21.8,19.85,21.8,20.8,4,128,2595.0
2022-05-13,2022-05-13,SAB,X,93.0,106.0,90.3,97.45,98.45,21,496,47501.0
2022-05-13,2022-05-13,PML,X,1205.0,1310.95,1180.35,1188.8,1209.2,70,355,429897.0
2022-05-13,2022-05-13,ALANSCOTT,X,139.9,139.9,139.9,139.9,139.9,1,3,419.0
2022-05-13,2022-05-13,SUJALA,X,16.7,16.7,16.0,16.0,15.25,9,310,5165.0
2022-05-13,2022-05-13,VRLLOG,A,525.0,541.45,523.8,529.55,517.6,2590,26423,14106722.0
2022-05-13,2022-05-13,BODHTREE,X,25.05,27.45,25.05,26.8,25.5,54,3358,88488.0
2022-05-13,2022-05-13,VBIND,X,8.88,8.88,8.88,8.88,8.46,3,2006,17813.0
2022-05-13,2022-05-13,MEP,B,20.85,21.85,20.5,20.7,20.85,948,171696,3654263.0
2022-05-13,2022-05-13,WARDWIZFBL,X,57.95,57.95,57.95,57.95,55.2,50,5694,329967.0
2022-05-13,2022-05-13,UFO,B,101.9,103.9,98.45,99.15,100.1,420,7485,753996.0
2022-05-13,2022-05-13,PANTH,X,27.1,27.35,26.1,27.35,26.05,1438,835537,22711431.0
2022-05-13,2022-05-13,SHIVALIK,B,775.0,820.0,760.0,763.35,756.7,139,1064,837872.0
2022-05-13,2022-05-13,ICSL,XT,6.05,6.65,6.04,6.05,6.35,39,5870,36813.0
2022-05-13,2022-05-13,PNCINFRA,A,237.75,241.55,233.6,237.9,231.95,1745,20317,4836684.0
2022-05-13,2022-05-13,ARFIN,X,185.0,189.95,184.15,184.15,193.8,75,4124,762662.0
2022-05-13,2022-05-13,HELPAGE,X,12.6,12.6,12.6,12.6,13.26,4,55,693.0
2022-05-13,2022-05-13,HAWAENG,XT,54.0,54.0,52.0,52.1,54.0,4,335,17486.0
2022-05-13,2022-05-13,AIIL,B,155.8,156.0,140.0,147.25,130.0,681,33275,5031888.0
2022-05-13,2022-05-13,POEL,X,59.0,59.0,52.0,52.5,56.0,62,9557,512597.0
2022-05-13,2022-05-13,AEL,X,71.25,77.8,71.25,71.3,74.95,674,248784,17761324.0
2022-05-13,2022-05-13,SGFIN,XT,49.2,49.2,49.2,49.2,46.9,5,9790,481668.0
2022-05-13,2022-05-13,SATIA,B,117.0,122.85,114.95,116.1,113.1,884,26495,3129985.0
2022-05-13,2022-05-13,GVBL,XT,28.55,28.55,28.55,28.55,27.2,2,10,285.0
2022-05-13,2022-05-13,GARMNTMNTR,B,70.1,75.5,70.1,72.0,70.6,346,19985,1465263.0
2022-05-13,2022-05-13,SRESTHA,X,1.47,1.58,1.42,1.48,1.46,357,176248,260942.0
2022-05-13,2022-05-13,SAUMYA,X,103.95,103.95,94.15,103.6,99.0,7,115,11943.0
2022-05-13,2022-05-13,MUL,X,3.96,3.97,3.84,3.87,3.79,186,103017,406179.0
2022-05-13,2022-05-13,MISHKA,T,27.5,28.85,27.3,28.85,27.5,11,627,17309.0
2022-05-13,2022-05-13,SPORTKING,T,1004.0,1038.95,980.0,999.15,991.55,739,9583,9620244.0
2022-05-13,2022-05-13,GROWINGTON,M,15.36,16.85,15.36,16.74,16.09,35,140000,2277450.0
2022-05-13,2022-05-13,AMBITION,T,4.99,5.45,4.99,5.01,5.25,44,4705,23648.0
2022-05-13,2022-05-13,HCKKVENTURE,X,24.1,24.1,24.1,24.1,25.35,41,3381,81482.0
2022-05-13,2022-05-13,RUDRA,B,31.5,39.0,31.5,36.1,35.3,68,3841,134009.0
2022-05-13,2022-05-13,LOYAL,B,28.7,28.7,28.7,28.7,28.7,1,1,28.0
2022-05-13,2022-05-13,GGPL,B,36.05,37.4,35.5,35.7,36.2,19,2735,100757.0
2022-05-13,2022-05-13,MRSS,M,6.4,6.99,6.38,6.69,6.37,9,7200,47130.0
2022-05-13,2022-05-13,BALKRISHNA,B,38.8,39.55,38.3,39.55,38.0,6,52,2024.0
2022-05-13,2022-05-13,SHYAMCENT,B,22.45,23.5,22.45,23.1,22.4,970,245563,5738854.0
2022-05-13,2022-05-13,SURYAINDIA,XT,17.4,17.4,17.4,17.4,16.6,1,1,17.0
2022-05-13,2022-05-13,ADANIENSOL,A,2224.0,2297.2,2116.0,2215.75,2187.85,4718,44191,99323809.0
2022-05-13,2022-05-13,STARDELTA,X,100.0,107.0,98.0,98.5,99.8,16,250,24823.0
2022-05-13,2022-05-13,SAMSRITA,X,25.2,26.25,23.55,24.6,25.7,13,124,3079.0
2022-05-13,2022-05-13,SYNGENE,A,547.25,553.55,522.95,527.9,538.9,1085,13497,7307216.0
2022-05-13,2022-05-13,MSL,B,93.75,93.75,80.55,87.75,79.4,81,1650,142477.0
2022-05-13,2022-05-13,KAYA,B,321.95,338.9,320.0,329.0,309.8,83,396,130224.0
2022-05-13,2022-05-13,SYMBIOX,X,4.56,4.56,4.56,4.56,4.79,10,892,4067.0
2022-05-13,2022-05-13,ORTINGLOBE,B,22.7,23.75,22.2,22.55,21.75,170,7950,180814.0
2022-05-13,2022-05-13,AVI,X,22.5,26.0,22.5,25.7,24.6,160,9310,235739.0
2022-05-13,2022-05-13,AURUM,T,89.2,91.5,85.05,90.7,87.15,112,6742,608613.0
2022-05-13,2022-05-13,OSWALGREEN,B,22.55,23.3,22.25,22.45,22.05,305,37973,868123.0
2022-05-13,2022-05-13,VASUDHAGAM,X,8.35,8.89,8.12,8.82,8.48,63,6021,51418.0
2022-05-13,2022-05-13,SUNRAKSHAK,X,41.45,45.55,41.45,44.0,43.4,141,7794,346288.0
2022-05-13,2022-05-13,ARVSMART,B,169.45,176.3,165.1,168.25,163.8,63,4230,727468.0
2022-05-13,2022-05-13,POWERMECH,B,910.95,918.45,878.05,884.15,897.1,951,3912,3514498.0
2022-05-13,2022-05-13,RAMASTEEL,B,344.4,349.45,327.0,333.4,339.1,654,10938,3722658.0
2022-05-13,2022-05-13,THINKINK,B,63.3,65.05,63.25,64.65,63.3,1341,741329,47600905.0
2022-05-13,2022-05-13,SENSEXBETA,B,574.0,574.0,557.0,558.09,566.66,66,2679,1513458.0
2022-05-13,2022-05-13,NIFTYBETA,B,1680.0,1729.0,1660.15,1695.96,1680.37,52,377,639117.0
2022-05-13,2022-05-13,VETO,B,89.95,93.2,87.0,90.9,88.15,306,10219,926704.0
2022-05-13,2022-05-13,NAVKARCORP,B,47.7,49.25,45.35,45.35,47.7,1317,121858,5766799.0
2022-05-13,2022-05-13,SHREEPUSHK,B,261.1,282.5,261.1,271.6,257.8,1108,22556,6065106.0
2022-05-13,2022-05-13,GUJENERGY,A,572.0,579.0,555.45,568.5,566.95,8267,367634,208404501.0
2022-05-13,2022-05-13,SADBHIN,T,9.44,9.45,9.05,9.45,9.0,89,52853,496421.0
2022-05-13,2022-05-13,SALAUTO,X,193.7,193.7,187.5,190.05,179.7,7,23,4409.0
2022-05-13,2022-05-13,POLYSPIN,X,64.1,64.1,62.8,64.0,64.0,36,1769,112631.0
2022-05-13,2022-05-13,PRITIKAUTO,B,14.85,15.15,14.15,14.8,14.3,252,34702,510171.0
2022-05-13,2022-05-13,SML,XT,25.8,25.8,25.8,25.8,26.3,2,50,1290.0
2022-05-13,2022-05-13,MAHAVEER,Z,5.88,5.88,5.88,5.88,5.6,3,500,2940.0
2022-05-13,2022-05-13,KRISHNACAP,XT,15.65,15.65,14.9,14.9,15.65,4,77,1151.0
2022-05-13,2022-05-13,VISHALBL,B,50.0,58.6,50.0,54.5,54.2,40,883,46405.0
2022-05-13,2022-05-13,BELLACASA,B,169.0,169.0,160.0,161.35,156.35,20,433,70098.0
2022-05-13,2022-05-13,MALLCOM,B,659.5,680.05,641.0,668.25,675.5,118,480,318142.0
2022-05-13,2022-05-13,NAKSH,T,18.05,18.05,18.05,18.05,19.0,29,1758,31731.0
2022-05-13,2022-05-13,SATIN,B,104.1,108.15,100.0,105.3,103.0,595,52389,5534857.0
2022-05-13,2022-05-13,DITCO,X,21.4,21.4,21.3,21.3,20.9,9,266,5667.0
2022-05-13,2022-05-13,SWAGTAM,XT,92.0,92.0,92.0,92.0,87.65,7,52,4784.0
2022-05-13,2022-05-13,GENCON,B,33.0,33.0,27.9,28.75,29.0,209,5457,158228.0
2022-05-13,2022-05-13,NEERAJ,XT,19.75,19.75,19.75,19.75,20.75,3,11,217.0
2022-05-13,2022-05-13,MUZALI,X,2.78,3.1,2.78,2.99,2.85,83,34115,103082.0
2022-05-13,2022-05-13,TEJNAKSH,B,152.0,152.0,138.3,142.85,137.55,135,46276,6591019.0
2022-05-13,2022-05-13,COFFEEDAY,B,42.3,43.7,41.75,43.15,40.8,2717,271639,11618525.0
2022-05-13,2022-05-13,IDFCFIRSTB,A,35.3,35.85,34.45,34.55,34.8,11669,3511271,123737218.0
2022-05-13,2022-05-13,BEARDSELL,B,14.4,14.8,14.2,14.3,14.1,42,7530,108159.0
2022-05-13,2022-05-13,INDIGO,A,1672.9,1688.3,1617.55,1626.7,1630.4,2043,19180,31836711.0
2022-05-13,2022-05-13,IGCIL,X,29.0,29.0,29.0,29.0,30.0,1,1,29.0
2022-05-13,2022-05-13,SHK,A,132.4,134.55,128.5,130.05,129.2,355,8687,1145527.0
2022-05-13,2022-05-13,ECOFINITY,XT,11.7,11.7,11.7,11.7,11.7,1,25,292.0
2022-05-13,2022-05-13,PANORAMA,XT,114.9,114.9,114.9,114.9,120.9,6,482,55381.0
2022-05-13,2022-05-13,SHREEGANES,X,3.1,3.25,3.02,3.11,3.1,1776,1102502,3445985.0
2022-05-13,2022-05-13,GTV,XT,138.0,138.9,127.95,131.0,134.65,30,458,59919.0
2022-05-13,2022-05-13,LICNETFN50,B,172.57,173.93,172.5,173.1,172.34,36,112,19371.0
2022-05-13,2022-05-13,LICNETFSEN,A,573.78,575.0,568.0,569.31,568.0,16,329,188470.0
2022-05-13,2022-05-13,GARBIFIN,XT,25.5,25.5,25.5,25.5,24.3,1,100,2550.0
2022-05-13,2022-05-13,SMARTFIN,X,6.8,6.9,6.1,6.25,6.63,135,29496,183706.0
2022-05-13,2022-05-13,ADCON,XT,1.44,1.58,1.44,1.53,1.51,420,230747,346157.0
2022-05-13,2022-05-13,QUINT,X,320.0,328.4,296.05,297.8,300.4,259,8047,2442601.0
2022-05-13,2022-05-13,HDFCNIFTY,B,173.93,173.93,169.25,170.05,170.43,225,18389,3156477.0
2022-05-13,2022-05-13,HDFCSENSEX,A,584.34,584.34,569.36,571.48,573.76,223,4666,2686851.0
2022-05-13,2022-05-13,UDAYJEW,X,81.95,85.95,77.0,85.85,76.0,21,2198,183700.0
2022-05-13,2022-05-13,SATTVASUKU,X,11.35,12.5,11.07,12.17,11.94,101,22349,272934.0
2022-05-13,2022-05-13,ALKEM,A,2923.95,3132.7,2888.2,2903.0,2960.4,3889,51850,154539690.0
2022-05-13,2022-05-13,LALPATHLAB,A,2360.0,2360.0,2275.0,2285.25,2299.15,663,4085,9469026.0
2022-05-13,2022-05-13,SCTL,B,1.23,1.48,1.23,1.48,1.35,1398,960743,1365977.0
2022-05-13,2022-05-13,CREATIVE,X,385.0,385.0,375.0,375.0,360.0,6,26,9850.0
2022-05-13,2022-05-13,AAYUSH,X,24.85,24.85,24.5,24.5,24.15,3,8,197.0
2022-05-13,2022-05-13,LUXIND,A,2050.0,2074.45,2036.45,2050.0,2020.45,1288,4216,8672285.0
2022-05-13,2022-05-13,ABHIINFRA,XT,5.3,5.3,5.3,5.3,5.3,5,345,1828.0
2022-05-13,2022-05-13,APOORVA,X,38.7,44.0,38.7,42.8,41.8,4,41,1754.0
2022-05-13,2022-05-13,AGRIBIO,X,13.0,13.0,13.0,13.0,13.0,1,1,13.0
2022-05-13,2022-05-13,NH,A,678.0,682.85,657.2,675.55,657.0,689,3633,2430301.0
2022-05-13,2022-05-13,DEEPAI,XT,15.9,16.65,15.9,16.65,15.9,10,232,3787.0
2022-05-13,2022-05-13,SUPHA,X,138.5,138.5,138.5,138.5,138.45,1,199,27561.0
2022-05-13,2022-05-13,AARNAV,X,43.6,48.7,43.6,48.7,44.3,1450,76923,3665714.0
2022-05-13,2022-05-13,ACEWIN,MT,4.68,4.68,4.68,4.68,4.68,1,9600,44928.0
2022-05-13,2022-05-13,SIPTL,XT,1.49,1.5,1.38,1.46,1.43,574,573241,844979.0
2022-05-13,2022-05-13,SHIVA,XT,6.05,6.05,5.62,5.91,5.91,29,6549,37035.0
2022-05-13,2022-05-13,MISHTANN,XT,22.1,22.7,21.4,21.8,22.05,1373,312539,6838237.0
2022-05-13,2022-05-13,JSLHISAR,A,274.35,292.75,273.6,284.9,265.9,2085,26960,7673959.0
2022-05-13,2022-05-13,AMPL,XT,54.7,54.8,50.1,52.75,52.2,31,5584,305498.0
2022-05-13,2022-05-13,KEL,X,14.1,14.1,14.1,14.1,14.0,3,336,4737.0
2022-05-13,2022-05-13,KEIL,X,42.25,42.25,40.2,40.2,42.3,40,2181,88716.0
2022-05-13,2022-05-13,BCLENTERPR,X,2.8,2.8,2.8,2.8,2.94,838,365048,1022134.0
2022-05-13,2022-05-13,PRECAM,B,104.1,110.0,103.25,105.8,100.15,1026,21178,2258814.0
2022-05-13,2022-05-13,TEAMLEASE,A,3475.0,3499.65,3414.65,3448.75,3447.6,492,1009,3482438.0
2022-05-13,2022-05-13,KAMATS,M,30.25,30.25,30.25,30.25,28.85,3,7500,226875.0
2022-05-13,2022-05-13,BESTAGRO,B,815.0,824.35,780.0,789.0,777.35,266,1024,828286.0
2022-05-13,2022-05-13,ACEMEN,XT,38.6,40.0,37.0,40.0,38.6,11,2708,100803.0
2022-05-13,2022-05-13,BFLAFL,X,90.1,90.1,90.1,90.1,94.8,468,18998,1711719.0
2022-05-13,2022-05-13,RCL,Z,20.9,23.1,20.9,23.1,22.0,13,6664,144278.0
2022-05-13,2022-05-13,QUICKHEAL,B,168.6,182.45,168.6,177.35,171.05,312,5323,945010.0
2022-05-13,2022-05-13,KAPILRAJ,X,8.64,8.64,7.83,7.83,8.23,6,75,635.0
2022-05-13,2022-05-13,KPEL,B,153.0,160.0,145.0,149.4,152.4,583,23529,3589576.0
2022-05-13,2022-05-13,IFINSER,X,7.58,7.58,7.58,7.58,7.22,11,3546,26878.0
2022-05-13,2022-05-13,HILIKS,XT,8.3,8.3,8.3,8.3,8.3,2,14,116.0
2022-05-13,2022-05-13,GOKULAGRO,T,98.1,106.95,98.1,99.15,103.25,674,43044,4320233.0
2022-05-13,2022-05-13,FREDUN,X,919.0,930.0,885.1,909.15,902.3,118,2873,2596670.0
2022-05-13,2022-05-13,SIMBHALS,T,24.2,26.7,24.2,26.5,25.45,161,26090,672063.0
2022-05-13,2022-05-13,MNIL,XT,15.6,15.6,15.0,15.6,15.6,10,1417,22046.0
2022-05-13,2022-05-13,ADVIKCA,XT,3.01,3.01,3.01,3.01,3.16,574,627830,1889768.0
2022-05-13,2022-05-13,LICNFNHGP,B,174.29,174.29,169.0,170.14,169.22,15,1276,217146.0
2022-05-13,2022-05-13,PDMJEPAPER,B,37.45,38.1,36.6,36.7,36.85,231,7675,285747.0
2022-05-13,2022-05-13,HCG,A,264.3,265.45,257.3,261.3,258.1,647,7709,2014342.0
2022-05-13,2022-05-13,UMIYA,B,8.65,9.49,8.65,9.49,9.1,2,5,44.0
2022-05-13,2022-05-13,BHARATWIRE,B,59.0,62.0,58.0,58.7,59.35,209,7448,447387.0
2022-05-13,2022-05-13,CHDCHEM,B,8.3,8.3,7.62,7.75,7.73,50,4285,33798.0
2022-05-13,2022-05-13,CCAVENUE,A,13.75,14.8,13.4,14.4,13.55,2747,957944,13561340.0
2022-05-13,2022-05-13,LELAVOIR,X,41.95,42.15,38.6,41.15,40.45,52,6760,275788.0
2022-05-13,2022-05-13,SUPERIOR,X,2.9,3.23,2.9,3.06,3.06,70,36946,113133.0
2022-05-13,2022-05-13,RPEL,B,445.1,475.0,435.95,446.05,453.5,117,1633,732580.0
2022-05-13,2022-05-13,LANCER,B,195.1,208.7,195.1,196.9,190.8,470,7912,1575005.0
2022-05-13,2022-05-13,EQUITAS,A,113.45,113.45,101.15,103.95,112.0,3749,114957,12524043.0
2022-05-13,2022-05-13,HALDER,X,465.05,523.0,436.55,458.1,479.6,37,353,164833.0
2022-05-13,2022-05-13,THYROCARE,A,738.2,747.75,733.0,734.25,734.95,322,1318,975392.0
2022-05-13,2022-05-13,BAJAJHCARE,B,319.0,319.0,289.8,301.05,293.7,928,7910,2365021.0
2022-05-13,2022-05-13,UJJIVAN,A,139.0,145.55,137.0,143.65,135.25,1333,49165,7082394.0
2022-05-13,2022-05-13,CROMPTON,A,348.25,357.2,348.25,353.0,346.0,1920,37608,13294089.0
2022-05-13,2022-05-13,PILANIINVS,A,1725.8,1750.0,1691.0,1700.8,1682.9,120,267,461950.0
2022-05-13,2022-05-13,DARSHANORNA,T,40.65,40.65,40.65,40.65,42.75,105,2850,115852.0
2022-05-13,2022-05-13,PARAGMILK,A,89.1,91.5,87.55,88.25,88.1,822,19967,1794452.0
2022-05-13,2022-05-13,MADHAVIPL,X,4.47,4.72,4.3,4.58,4.34,372,448512,2029493.0
2022-05-13,2022-05-13,KOCL,XT,3.81,4.21,3.81,4.21,4.01,638,639241,2627437.0
2022-05-13,2022-05-13,SNIM,X,10.75,11.4,10.39,10.39,10.93,31,2837,29549.0
2022-05-13,2022-05-13,NAGAFERT,B,12.94,13.25,12.9,12.98,12.65,281,85299,1116944.0
2022-05-13,2022-05-13,SEIL,B,670.0,714.95,670.0,711.4,680.95,85,2265,1585816.0
2022-05-13,2022-05-13,MIL,X,33.6,33.6,30.4,30.4,32.0,47,4217,129133.0
2022-05-13,2022-05-13,YASHCHEM,B,52.3,58.9,52.3,57.6,55.7,90,23859,1348231.0
2022-05-13,2022-05-13,MAXVIL,B,94.3,97.8,94.3,95.5,93.05,230,4816,460902.0
2022-05-13,2022-05-13,NV20IETF,B,90.0,92.63,89.0,89.64,89.66,112,1631,147039.0
2022-05-13,2022-05-13,TAALTECH,X,1685.05,1750.0,1625.6,1682.9,1673.25,253,1509,2540461.0
2022-05-13,2022-05-13,MGL,A,748.35,766.0,737.15,740.95,748.15,2629,43246,32534957.0
2022-05-13,2022-05-13,ZEAL,B,8.06,8.15,7.42,7.94,7.35,417,110195,871412.0
2022-05-13,2022-05-13,QUESS,A,586.1,617.65,586.1,611.55,585.65,1131,6151,3746564.0
2022-05-13,2022-05-13,DIGJAMLMTD,T,142.95,143.45,136.05,143.45,136.65,39,1616,231003.0
2022-05-13,2022-05-13,MIDSELIETF,B,93.87,94.0,91.17,92.56,91.14,24,176,16460.0
2022-05-13,2022-05-13,ASYL,T,8.69,9.12,8.26,9.07,8.69,11,4207,37980.0
2022-05-13,2022-05-13,HIIL,X,2576.0,2900.0,2493.0,2691.3,2660.45,28,51,136689.0
2022-05-13,2022-05-13,COMSYN,B,223.05,263.0,223.0,244.6,224.5,321,61100,14395351.0
2022-05-13,2022-05-13,LLOYDSENGG,B,12.19,12.7,11.75,12.2,12.23,2976,1496032,18330591.0
2022-05-13,2022-05-13,KPL,M,385.15,385.15,365.75,367.5,384.95,48,14600,5421400.0
2022-05-13,2022-05-13,LTM,A,4210.0,4278.7,4089.0,4108.05,4165.1,6002,34087,142262104.0
2022-05-13,2022-05-13,EASTWEST,X,7.7,7.89,7.4,7.78,7.74,174,69906,528875.0
2022-05-13,2022-05-13,BSLSENETFG,A,50.15,51.38,50.15,50.58,50.98,24,669,34016.0
2022-05-13,2022-05-13,COLORCHIPS,XT,42.0,42.0,40.4,40.4,42.5,7,229,9571.0
2022-05-13,2022-05-13,ADVENZYMES,A,277.8,281.85,271.95,273.45,275.0,829,8985,2489694.0
2022-05-13,2022-05-13,LAHL,XT,7.56,7.56,6.85,6.85,7.21,41,9941,73671.0
2022-05-13,2022-05-13,PTIL,B,309.4,327.55,308.25,310.85,320.15,41,4673,1484028.0
2022-05-13,2022-05-13,DBL,A,221.0,232.9,216.6,226.35,211.8,3768,134324,30334108.0
2022-05-13,2022-05-13,SPAL,B,334.75,348.0,333.15,337.75,324.9,650,7080,2428361.0
2022-05-13,2022-05-13,BIGBLOC,T,86.05,94.75,85.75,94.75,90.25,107,9089,830305.0
2022-05-13,2022-05-13,ECS,X,3.85,3.85,3.85,3.85,3.67,1,92,354.0
2022-05-13,2022-05-13,FRETAIL,A,14.55,14.55,14.55,14.55,15.3,460,123799,1801275.0
2022-05-13,2022-05-13,RBLBANK,A,104.7,114.6,104.7,110.85,101.75,15856,2967683,330306849.0
2022-05-13,2022-05-13,BLS,B,171.55,173.75,160.2,164.0,317.75,2376,39609,6545560.0
2022-05-13,2022-05-13,MITSU,B,280.55,295.75,278.6,283.3,276.75,192,5339,1513004.0
2022-05-13,2022-05-13,SABEVENTS,B,6.2,6.2,5.63,6.2,5.91,37,5666,33594.0
2022-05-13,2022-05-13,RSTL,M,33.95,33.95,33.95,33.95,32.3,1,3000,101850.0
2022-05-13,2022-05-13,GAMCO,XT,41.6,41.6,37.75,37.75,39.7,5,9,357.0
2022-05-13,2022-05-13,TIAANC,X,6.5,6.5,5.68,6.12,6.2,108,21814,133403.0
2022-05-13,2022-05-13,LTTS,A,3675.0,3675.0,3471.0,3505.7,3585.5,2717,18267,65451097.0
2022-05-13,2022-05-13,GNA,B,488.7,504.9,488.7,500.55,486.1,757,4512,2244059.0
2022-05-13,2022-05-13,RADHIKAJWE,B,184.55,192.95,182.75,188.3,183.25,703,39229,7372036.0
2022-05-13,2022-05-13,ICICIPRULI,A,496.0,504.0,484.0,489.2,488.9,2352,44446,21974114.0
2022-05-13,2022-05-13,IISL,XT,3.55,3.59,3.44,3.59,3.44,21,1935,6715.0
2022-05-13,2022-05-13,ARCFIN,X,1.63,1.63,1.63,1.63,1.71,2115,2008514,3273877.0
2022-05-13,2022-05-13,HPL,B,57.8,59.25,57.5,57.9,56.65,298,22128,1294597.0
2022-05-13,2022-05-13,SAGARSOFT,X,152.95,170.0,152.95,166.65,149.5,110,5426,872953.0
2022-05-13,2022-05-13,DRA,M,20.5,20.5,18.6,19.45,19.5,9,22500,438875.0
2022-05-13,2022-05-13,VALIANTORG,A,790.0,790.0,728.05,737.35,713.45,2717,20282,15152937.0
2022-05-13,2022-05-13,ACML,M,36.15,39.9,36.15,39.9,38.0,2,2000,76050.0
2022-05-13,2022-05-13,SHASHIJIT,T,19.85,19.85,18.05,18.05,18.95,10,1135,20488.0
2022-05-13,2022-05-13,ENDURANCE,A,1143.0,1196.1,1143.0,1182.55,1145.7,1351,9229,10791466.0
2022-05-13,2022-05-13,IDFSENSEXE,A,551.65,551.65,551.65,551.65,556.0,1,3,1654.0
2022-05-13,2022-05-13,PURPLE,X,9.88,9.88,8.55,9.49,9.05,15,1012,9615.0
2022-05-13,2022-05-13,SUPRAPFSL,X,29.95,33.0,29.95,30.7,29.7,5,114,3540.0
2022-05-13,2022-05-13,PNBHOUSING,A,312.9,331.75,312.9,317.45,312.9,1787,28219,9083382.0
2022-05-13,2022-05-13,SOUTHERNIN,XT,16.55,16.6,16.55,16.6,16.2,2,2,33.0
2022-05-13,2022-05-13,REGENCY,X,10.2,10.2,9.75,9.75,9.48,19,1326,13129.0
2022-05-13,2022-05-13,VBL,A,1085.0,1112.05,1070.05,1098.15,1062.85,3163,43919,48041512.0
2022-05-13,2022-05-13,SALEM,XT,59.35,62.05,56.15,56.4,59.1,46,2305,135503.0
2022-05-13,2022-05-13,FRANKLININD,X,18.85,19.79,18.85,19.79,18.85,3,105,2073.0
2022-05-13,2022-05-13,LKPSEC,X,14.0,14.85,13.25,13.95,13.6,252,73714,1039686.0
2022-05-13,2022-05-13,OSIAJEE,X,50.95,51.8,47.4,49.2,49.85,677,20373,1005312.0
2022-05-13,2022-05-13,SFL,A,3238.4,3250.0,3083.1,3173.0,3338.6,1495,5033,15901878.0
2022-05-13,2022-05-13,EIKO,XT,41.0,45.3,41.0,45.3,43.15,22,9174,406656.0
2022-05-13,2022-05-13,AVL,B,720.0,720.0,660.1,689.2,692.3,162,1715,1166213.0
2022-05-13,2022-05-13,HEADSUP,B,12.55,14.27,12.55,13.5,12.72,92,7150,98386.0
2022-05-13,2022-05-13,TCIEXP,A,1538.8,1575.65,1507.7,1516.45,1520.5,2116,3866,5993236.0
2022-05-13,2022-05-13,LAURUSLABS,A,536.1,552.0,533.15,538.45,535.45,1335,41463,22526431.0
2022-05-13,2022-05-13,NEWLIGHT,X,21.5,22.9,19.05,20.1,21.1,129,44686,886610.0
2022-05-13,2022-05-13,VSL,B,13.7,14.05,12.8,14.05,13.4,179,29665,405088.0
2022-05-13,2022-05-13,MTPL,XT,12.4,13.25,12.4,12.4,13.05,35,5204,64669.0
2022-05-13,2022-05-13,SHANGAR,XT,5.08,5.15,4.7,5.05,4.91,76,31117,155069.0
2022-05-13,2022-05-13,GLCL,Z,16.45,17.55,15.95,17.0,16.75,9,843,13459.0
2022-05-13,2022-05-13,TRU,B,83.0,88.85,80.05,81.8,82.9,1737,221585,18549737.0
2022-05-13,2022-05-13,PRICOLLTD,A,103.0,106.75,96.45,99.2,99.8,2849,149308,15380073.0
2022-05-13,2022-05-13,JITFINFRA,T,140.0,140.4,131.0,135.15,135.55,69,7143,960252.0
2022-05-13,2022-05-13,TANVI,M,60.15,60.25,60.15,60.25,62.15,3,6000,361200.0
2022-05-13,2022-05-13,RMC,M,37.45,37.45,37.45,37.45,40.4,1,2000,74900.0
2022-05-13,2022-05-13,PARMAX,X,39.3,39.3,39.15,39.15,36.0,8,115,4513.0
2022-05-13,2022-05-13,LLFICL,X,71.5,75.75,62.0,65.25,72.35,66,49456,3599033.0
2022-05-13,2022-05-13,DANUBE,XT,49.1,49.1,49.1,49.1,51.65,115,4681,229837.0
2022-05-13,2022-05-13,RADIOCITY,B,24.4,24.4,23.0,23.25,22.9,152,2919,67861.0
2022-05-13,2022-05-13,DMART,A,3370.0,3370.0,3206.75,3234.95,3262.3,4985,24305,80012223.0
2022-05-13,2022-05-13,IFL,M,61.5,61.5,61.5,61.5,64.7,1,6000,369000.0
2022-05-13,2022-05-13,KDLL,X,12.99,12.99,12.99,12.99,13.0,1,5,64.0
2022-05-13,2022-05-13,ONTIC,X,16.9,16.9,15.0,15.5,17.6,1511,318798,5007672.0
2022-05-13,2022-05-13,SMLT,B,104.0,106.45,98.0,101.0,101.55,129,3635,373389.0
2022-05-13,2022-05-13,CHEMCRUX,B,176.3,184.3,160.0,166.9,173.5,1034,55879,9530403.0
2022-05-13,2022-05-13,MAXIMUS,B,102.95,107.85,101.0,106.25,104.6,160,14718,1522965.0
2022-05-13,2022-05-13,CLEDUCATE,B,114.05,114.9,108.25,111.2,109.45,276,22406,2543905.0
2022-05-13,2022-05-13,PRIMEFRESH,M,96.5,106.0,96.25,96.25,97.35,6,9000,898650.0
2022-05-13,2022-05-13,OCEANIC,T,55.75,55.75,51.4,51.4,54.1,7,400,20822.0
2022-05-13,2022-05-13,SHANKARA,A,652.05,692.0,652.05,679.0,655.65,886,4796,3247930.0
2022-05-13,2022-05-13,CLFL,XT,17.0,17.0,17.0,17.0,17.85,7,1303,22151.0
2022-05-13,2022-05-13,STARLENT,B,87.8,94.95,87.0,90.35,87.05,32,377,33749.0
2022-05-13,2022-05-13,SCHAND,B,95.2,99.5,95.2,96.8,93.3,193,4055,394145.0
2022-05-13,2022-05-13,MEERA,B,89.55,91.85,86.2,90.6,86.05,163,6990,629467.0
2022-05-13,2022-05-13,IRBINVIT,IF,52.74,52.95,52.1,52.5,52.46,666,22844,1200012.0
2022-05-13,2022-05-13,HUDCO,A,31.5,32.1,31.4,31.5,31.4,1856,250098,7940707.0
2022-05-13,2022-05-13,PSPPROJECT,B,480.7,488.05,473.6,477.05,468.2,838,7094,3418597.0
2022-05-13,2022-05-13,GKL,B,16.55,17.55,16.0,17.2,16.75,182,20602,357959.0
2022-05-13,2022-05-13,INDIGRID,IF,143.49,143.49,141.1,141.49,140.71,112,7001,991906.0
2022-05-13,2022-05-13,VARIMAN,X,162.1,170.0,160.75,162.05,169.2,64,3280,538620.0
2022-05-13,2022-05-13,STARCEMENT,A,83.3,85.45,82.5,84.4,82.9,267,4605,388255.0
2022-05-13,2022-05-13,TEJASNET,A,395.0,411.6,395.0,406.6,392.0,2565,55920,22781370.0
2022-05-13,2022-05-13,ERIS,A,676.4,699.95,665.95,671.1,665.5,2497,23366,16014317.0
2022-05-13,2022-05-13,CONTAINER,XT,5.08,5.59,5.08,5.08,5.34,57,14861,76331.0
2022-05-13,2022-05-13,GTPL,B,164.3,166.55,160.0,160.95,164.75,118,1780,288932.0
2022-05-13,2022-05-13,AUBANK,A,1304.0,1325.7,1283.6,1295.5,1239.35,5273,91579,119415886.0
2022-05-13,2022-05-13,LOWVOLIETF,B,129.5,132.45,128.87,131.26,129.39,135,4694,615072.0
2022-05-13,2022-05-13,GGENG,B,5.13,5.13,4.85,4.92,4.92,467,173492,861896.0
2022-05-13,2022-05-13,BHAGYAPROP,B,39.95,39.95,38.55,39.0,39.0,13,1348,52490.0
2022-05-13,2022-05-13,SALASAR,B,243.6,243.65,232.5,237.8,232.4,503,3763,900437.0
2022-05-13,2022-05-13,GANGESSECU,B,103.25,106.95,100.5,106.9,100.7,21,290,30525.0
2022-05-13,2022-05-13,PALASHSECU,T,99.95,99.95,95.0,95.0,99.3,9,3473,330918.0
2022-05-13,2022-05-13,AVADHSUGAR,B,604.3,633.45,603.3,610.5,595.1,2109,24007,14805918.0
2022-05-13,2022-05-13,MAGADSUGAR,B,276.35,316.75,276.35,302.75,288.25,1212,31197,9607623.0
2022-05-13,2022-05-13,SPTL,T,6.06,6.49,6.05,6.09,6.36,997,448853,2775185.0
2022-05-13,2022-05-13,GSTL,B,46.65,46.65,44.55,45.75,44.55,79,4954,226233.0
2022-05-13,2022-05-13,NEXT50BETA,B,40.25,40.51,39.2,39.76,39.59,53,6385,256859.0
2022-05-13,2022-05-13,SIS,A,478.6,483.0,463.6,468.8,477.5,563,4616,2200076.0
2022-05-13,2022-05-13,COCHINSHIP,A,310.65,319.95,308.85,312.55,306.8,1039,14322,4494023.0
2022-05-13,2022-05-13,HALEOSLABS,B,597.85,599.05,562.9,563.6,576.45,66,351,201610.0
2022-05-13,2022-05-13,KIOCL,B,199.55,207.4,198.6,202.45,194.6,186,3836,784254.0
2022-05-13,2022-05-13,SMRUTHIORG,X,173.0,179.7,172.0,173.2,170.4,94,4839,846192.0
2022-05-13,2022-05-13,ABCAPITAL,A,102.9,104.85,99.5,100.05,99.65,2189,201188,20431358.0
2022-05-13,2022-05-13,APEX,B,273.25,285.0,264.4,267.9,273.25,2616,43391,11976175.0
2022-05-13,2022-05-13,SHISHIND,B,125.55,134.5,125.55,134.5,128.1,46,2030,272611.0
2022-05-13,2022-05-13,ANG,B,228.95,229.8,215.0,217.15,221.3,268,9686,2125364.0
2022-05-13,2022-05-13,KCDGROUP,X,43.05,43.05,43.05,43.05,41.0,1,10,430.0
2022-05-13,2022-05-13,DIXON,A,3440.0,3484.95,3255.6,3369.95,3401.9,10197,45908,153892371.0
2022-05-13,2022-05-13,BRNL,B,30.55,32.0,29.55,30.65,29.3,185,9484,295572.0
2022-05-13,2022-05-13,DCAL,A,121.0,121.65,114.4,118.35,115.75,1300,52689,6253960.0
2022-05-13,2022-05-13,LASA,B,45.95,47.95,45.95,46.6,45.05,236,10462,491666.0
2022-05-13,2022-05-13,MATRIMONY,A,746.0,792.0,722.35,769.25,666.65,4427,41813,32133076.0
2022-05-13,2022-05-13,RHFL,B,3.25,3.57,3.25,3.56,3.25,696,601354,2120068.0
2022-05-13,2022-05-13,CAPACITE,A,106.0,111.6,106.0,109.85,105.8,1016,39154,4267816.0
2022-05-13,2022-05-13,ICICIGI,A,1250.6,1309.6,1250.6,1278.85,1249.4,2694,24315,31309584.0
2022-05-13,2022-05-13,PQIF,XT,47.5,50.5,46.25,50.35,48.65,119,3623,174107.0
2022-05-13,2022-05-13,SBILIFE,A,1065.0,1072.95,1038.9,1043.7,1061.15,2621,31925,33788197.0
2022-05-13,2022-05-13,DIAMONDYD,B,602.3,617.2,591.2,613.85,595.0,84,367,221672.0
2022-05-13,2022-05-13,SHAREINDIA,B,1249.0,1249.0,1177.6,1199.75,1169.65,1207,3928,4733228.0
2022-05-13,2022-05-13,TTFL,T,87.0,93.0,87.0,91.6,89.95,69,2634,239969.0
2022-05-13,2022-05-13,POOJA,B,38.35,41.0,38.35,38.8,39.8,218,17718,696800.0
2022-05-13,2022-05-13,SAYAJIIND,X,247.95,247.95,235.0,235.0,239.0,10,165,38839.0
2022-05-13,2022-05-13,VANTABIO,M,96.0,96.0,96.0,96.0,99.9,1,750,72000.0
2022-05-13,2022-05-13,MEHAI,B,39.25,39.25,38.95,38.95,38.2,9,333,13013.0
2022-05-13,2022-05-13,IRIS,B,77.9,81.8,76.0,79.2,76.5,122,2536,200825.0
2022-05-13,2022-05-13,SGRL,B,274.85,282.7,266.1,270.1,266.65,174,2664,730257.0
2022-05-13,2022-05-13,STL,B,225.0,230.0,222.5,222.5,223.7,40,8070,1825536.0
2022-05-13,2022-05-13,GODREJAGRO,A,518.75,518.75,498.7,501.3,504.85,1806,26326,13320007.0
2022-05-13,2022-05-13,MASFIN,A,569.6,575.35,557.5,562.0,549.2,1165,7360,4163042.0
2022-05-13,2022-05-13,IEX,A,187.0,193.0,186.0,186.8,183.45,21654,929534,176253818.0
2022-05-13,2022-05-13,GICRE,A,111.4,117.0,111.4,113.75,112.3,901,25232,2890853.0
2022-05-13,2022-05-13,KAARYAFSL,M,25.5,25.5,25.5,25.5,22.6,1,3000,76500.0
2022-05-13,2022-05-13,SCPL,M,470.0,474.0,440.05,448.8,444.3,44,18000,8232860.0
2022-05-13,2022-05-13,TIINDIA,A,1696.7,1744.0,1609.1,1725.2,1632.7,1484,5305,8883684.0
2022-05-13,2022-05-13,NAM-INDIA,A,282.0,288.5,274.5,275.85,280.4,1782,54574,15440239.0
2022-05-13,2022-05-13,MAHLOG,A,461.3,479.9,455.6,457.55,455.3,1139,11976,5580965.0
2022-05-13,2022-05-13,NIACL,A,107.1,107.1,103.35,104.0,102.45,1061,21627,2251846.0
2022-05-13,2022-05-13,IFGLEXPOR,B,265.6,268.65,255.0,257.0,253.4,80,1436,378358.0
2022-05-13,2022-05-13,KHADIM,B,194.55,207.45,194.3,198.35,194.55,395,4621,926319.0
2022-05-13,2022-05-13,5PAISA,B,316.0,318.5,305.05,309.05,306.1,286,2786,871005.0
2022-05-13,2022-05-13,HDFCLIFE,A,552.0,565.85,548.35,550.3,547.45,4811,164860,91698975.0
2022-05-13,2022-05-13,SHARIKA,B,12.95,13.15,12.15,12.25,12.55,481,189085,2432300.0
2022-05-13,2022-05-13,ICICIB22,A,47.05,47.08,46.01,46.24,46.33,148,19295,902162.0
2022-05-13,2022-05-13,ASPIRA,X,55.9,55.9,52.0,54.3,54.05,13,1345,70494.0
2022-05-13,2022-05-13,DNAMEDIA,B,2.07,2.25,2.05,2.25,2.15,28,40702,86601.0
2022-05-13,2022-05-13,DYCL,B,109.4,110.55,106.05,110.15,105.3,193,16273,1777199.0
2022-05-13,2022-05-13,RATNABHUMI,T,119.0,119.0,118.0,118.0,122.95,3,2000,237000.0
2022-05-13,2022-05-13,SHALBY,B,108.1,109.35,106.0,107.15,104.5,423,6293,678298.0
2022-05-13,2022-05-13,FSC,B,25.25,25.45,24.3,25.0,24.25,228,18119,455452.0
2022-05-13,2022-05-13,MRCAGRO,M,57.0,62.0,57.0,59.8,60.0,19,38000,2226400.0
2022-05-13,2022-05-13,DML,M,14.65,14.65,14.65,14.65,16.65,1,10000,146500.0
2022-05-13,2022-05-13,CRYSTAL,X,47.9,49.05,44.45,49.05,46.75,64,15184,732102.0
2022-05-13,2022-05-13,VITESSE,XT,107.35,112.0,107.35,111.45,112.95,22,5424,603770.0
2022-05-13,2022-05-13,ASTRON,B,45.4,45.7,43.65,44.15,44.6,135,1952,87456.0
2022-05-13,2022-05-13,CHANDRIMA,X,4.04,4.04,4.04,4.04,4.04,1,9,36.0
2022-05-13,2022-05-13,RITHWIKFMS,M,55.1,55.1,55.1,55.1,55.1,1,3000,165300.0
2022-05-13,2022-05-13,7SEASL,X,19.35,19.45,18.55,18.95,18.95,17,416,7768.0
2022-05-13,2022-05-13,APOLLO,B,115.0,118.9,113.95,114.95,111.95,389,9666,1121306.0
2022-05-13,2022-05-13,NEWGEN,A,418.75,423.35,393.05,397.3,409.2,4192,35344,14131813.0
2022-05-13,2022-05-13,PRAXIS,B,40.05,40.75,38.95,39.15,38.9,166,7810,306152.0
2022-05-13,2022-05-13,AMBER,A,3185.0,3444.1,3185.0,3376.45,3184.0,1980,7544,25042666.0
2022-05-13,2022-05-13,ASHOKAMET,M,9.82,9.82,7.7,9.59,9.2,3,18000,162660.0
2022-05-13,2022-05-13,GALAXYSURF,A,2680.8,2757.95,2635.0,2684.25,2665.45,912,1451,3925904.0
2022-05-13,2022-05-13,GGL,B,12.18,12.18,11.75,11.88,11.67,108,15318,183829.0
2022-05-13,2022-05-13,GUJHYSPIN,M,9.5,10.33,9.5,10.33,10.48,3,50000,491800.0
2022-05-13,2022-05-13,LAL,M,16.35,16.36,16.35,16.36,14.88,2,20000,327100.0
2022-05-13,2022-05-13,KENVI,M,26.0,26.0,26.0,26.0,25.2,1,6450,167700.0
2022-05-13,2022-05-13,IWP,X,31.0,34.9,31.0,33.55,30.4,92,25143,834904.0
2022-05-13,2022-05-13,TDSL,B,19.25,19.75,19.2,19.35,18.8,70,3400,65964.0
2022-05-13,2022-05-13,BHATIA,B,25.5,25.5,23.15,24.4,23.6,121,7257,175278.0
2022-05-13,2022-05-13,SHIVAMILLS,B,95.0,99.9,91.35,95.55,95.15,224,7353,712270.0
2022-05-13,2022-05-13,ASTERDM,A,168.0,172.7,166.0,171.2,164.1,940,21012,3581543.0
2022-05-13,2022-05-13,KANCOTEA,X,82.0,83.3,82.0,83.3,79.45,3,95,7796.0
2022-05-13,2022-05-13,HGINFRA,A,538.0,548.0,520.0,528.65,537.1,3589,45998,24581511.0
2022-05-13,2022-05-13,AXISCBDPD,B,14.0,14.0,14.0,14.0,13.95,1,10,140.0
2022-05-13,2022-05-13,AXISCBGPG,B,14.35,14.55,14.35,14.55,14.15,2,10,144.0
2022-05-13,2022-05-13,INFLAME,M,344.7,350.0,335.9,350.0,342.5,15,12500,4313400.0
2022-05-13,2022-05-13,BPLPHARMA,XT,317.0,329.2,297.9,311.7,313.55,138,2430,750916.0
2022-05-13,2022-05-13,LIQUIDETF,F,1000.0,1000.01,999.99,1000.0,1000.0,27,2014,2013996.0
2022-05-13,2022-05-13,BDL,A,663.8,702.9,654.85,664.35,639.5,6638,122009,82794029.0
2022-05-13,2022-05-13,GOYALALUM,M,95.2,96.5,95.0,96.5,96.0,4,5760,549792.0
2022-05-13,2022-05-13,BANDHANBNK,A,305.0,332.5,305.0,317.4,304.2,14643,963313,311004939.0
2022-05-13,2022-05-13,HAL,A,1518.05,1570.85,1468.0,1511.35,1516.9,6607,76157,116949804.0
2022-05-13,2022-05-13,DHARAN,B,4.89,5.21,4.89,4.89,5.14,1886,12599448,61838353.0
2022-05-13,2022-05-13,SANDHAR,B,228.35,233.05,223.0,228.5,224.6,189,7370,1695656.0
2022-05-13,2022-05-13,YASHO,T,1360.0,1420.0,1360.0,1392.4,1381.3,1588,12233,17066612.0
2022-05-13,2022-05-13,ISEC,A,495.0,495.0,472.35,475.25,471.8,2380,28201,13480781.0
2022-05-13,2022-05-13,MIDHANI,A,170.0,171.75,165.0,166.15,164.95,1342,32382,5438032.0
2022-05-13,2022-05-13,OBCL,B,123.0,129.65,120.0,121.65,123.5,260,15638,1938485.0
2022-05-13,2022-05-13,LEMONTREE,A,59.0,61.4,59.0,60.5,58.65,6846,600930,36325631.0
2022-05-13,2022-05-13,CHEMFAB,T,175.6,175.6,175.6,175.6,167.25,2,5,878.0
2022-05-13,2022-05-13,HARDWYN,T,248.5,248.55,236.75,248.55,236.75,84,8311,2062403.0
2022-05-13,2022-05-13,ORIENTELEC,A,306.65,307.45,296.75,299.6,314.1,1940,22565,6782665.0
2022-05-13,2022-05-13,DHRUV,B,50.5,58.25,50.5,56.0,52.1,205,17361,968739.0
2022-05-13,2022-05-13,AKSHAR,M,59.0,60.9,58.8,60.9,58.0,10,30000,1796400.0
2022-05-13,2022-05-13,BSE500IETF,A,23.0,23.28,22.34,22.46,22.74,122,29906,672277.0
2022-05-13,2022-05-13,INDOSTAR,A,157.0,165.95,150.15,156.9,158.05,728,29346,4705096.0
2022-05-13,2022-05-13,PARVATI,X,11.35,11.71,11.0,11.03,11.0,84,28419,318857.0
2022-05-13,2022-05-13,MEGASTAR,B,179.15,180.75,166.2,167.8,168.3,236,5753,983349.0
2022-05-13,2022-05-13,INNOVATORS,M,56.95,57.0,55.35,55.35,53.0,7,11200,630240.0
2022-05-13,2022-05-13,ZIMLAB,XT,190.0,199.5,190.0,198.65,190.0,20,646,125202.0
2022-05-13,2022-05-13,AFFORDABLE,M,140.1,148.0,140.0,141.0,132.0,13,11200,1584600.0
2022-05-13,2022-05-13,DOLLAR,B,483.45,497.65,475.25,479.0,475.25,1679,25549,12502129.0
2022-05-13,2022-05-13,NGIL,B,137.95,148.05,135.7,139.05,142.8,57,3707,511009.0
2022-05-13,2022-05-13,PALMJEWELS,B,13.6,14.61,12.25,14.61,13.29,117,33829,484079.0
2022-05-13,2022-05-13,WAA,M,38.8,40.7,38.2,39.3,38.8,17,30400,1202800.0
2022-05-13,2022-05-13,ADANIGREEN,A,2444.0,2545.25,2105.25,2171.7,2435.6,12049,73630,170336498.0
2022-05-13,2022-05-13,UNICK,XT,41.3,41.3,41.3,41.3,43.35,5,376,15528.0
2022-05-13,2022-05-13,SOLARA,A,462.35,462.95,440.05,445.2,448.85,1643,13497,6117885.0
2022-05-13,2022-05-13,GAYAHWS,T,0.68,0.68,0.68,0.68,0.71,12,29071,19768.0
2022-05-13,2022-05-13,RITES,A,248.0,250.2,244.5,246.2,246.2,875,7990,1978298.0
2022-05-13,2022-05-13,FINEORG,A,4195.0,4320.0,4128.6,4198.0,4195.0,738,1851,7834512.0
2022-05-13,2022-05-13,VARROC,A,335.0,346.65,331.95,334.5,331.65,2976,55343,18794763.0
2022-05-13,2022-05-13,RAJNISH,MT,172.0,174.35,171.5,174.35,166.05,9,24300,4220640.0
2022-05-13,2022-05-13,RAWEDGE,B,39.8,39.8,37.4,37.4,37.4,6,579,22504.0
2022-05-13,2022-05-13,TCNSBRANDS,A,705.7,709.15,664.7,686.5,691.05,1835,5591,3816633.0
2022-05-13,2022-05-13,SUPERSHAKT,M,378.0,378.0,378.0,378.0,351.0,1,10500,3969000.0
2022-05-13,2022-05-13,HDFCAMC,A,1844.0,1861.65,1755.0,1771.4,1840.4,8790,47575,86067459.0
2022-05-13,2022-05-13,VIVANTA,XT,17.7,18.05,16.9,17.6,17.2,58,5468,97528.0
2022-05-13,2022-05-13,FRATELLI,XT,28.8,28.8,28.75,28.75,30.25,12,340,9777.0
2022-05-13,2022-05-13,CREDITACC,A,900.0,972.3,895.7,929.2,872.25,3925,35478,33515166.0
2022-05-13,2022-05-13,AMINTAN,X,2.45,2.67,2.45,2.47,2.57,352,161610,401071.0
2022-05-13,2022-05-13,DEEP,B,207.0,213.4,205.0,207.95,204.6,334,50943,10686302.0
2022-05-13,2022-05-13,NEXT50IETF,B,38.96,39.92,38.29,38.62,39.13,142,4652,180724.0
2022-05-13,2022-05-13,ASRL,B,95.05,99.2,95.0,96.45,94.4,1155,55658,5423009.0
2022-05-13,2022-05-13,SPACEINCUBA,X,3.13,3.15,3.0,3.14,3.0,103,92733,289844.0
2022-05-13,2022-05-13,SGIL,B,177.15,178.45,175.3,175.3,169.7,13,209,37251.0
2022-05-13,2022-05-13,LIQUIDIETF,F,1000.0,1000.0,1000.0,1000.0,1000.0,15,2089,2089000.0
2022-05-13,2022-05-13,IRCON,A,38.2,39.6,38.2,39.3,38.65,1121,57550,2261781.0
2022-05-13,2022-05-13,SETFSN50,A,472.0,475.0,460.1,462.28,467.5,34,391,183425.0
2022-05-13,2022-05-13,MANORAMA,B,1035.05,1063.0,1026.0,1031.1,1032.95,200,2810,2920743.0
2022-05-13,2022-05-13,INNOVATIVE,M,7.92,7.93,7.75,7.93,7.56,24,41000,323990.0
2022-05-13,2022-05-13,AAVAS,A,2150.0,2192.9,2025.0,2069.9,2148.9,2672,8503,17976940.0
2022-05-13,2022-05-13,GRSE,A,285.35,294.0,281.25,283.45,278.7,2232,50450,14441958.0
2022-05-13,2022-05-13,A1L,M,275.0,278.5,275.0,278.5,274.5,4,2300,636237.0
2022-05-13,2022-05-13,DOLFIN,M,85.5,85.5,85.0,85.0,115.0,3,7800,664300.0
2022-05-13,2022-05-13,SUNRETAIL,M,1.0,1.05,1.0,1.02,1.05,36,1728000,1751520.0
2022-05-13,2022-05-13,SMGOLD,B,85.0,85.8,79.15,83.7,83.3,390,13344,1097059.0
2022-05-13,2022-05-13,BCPL,B,42.4,42.4,39.1,40.85,39.4,114,4785,193835.0
2022-05-13,2022-05-13,ATGL,A,2310.0,2485.0,2310.0,2376.05,2294.3,4831,36788,88135318.0
2022-05-13,2022-05-13,NETRIPPLES,XT,6.0,6.0,6.0,6.0,6.25,2,101,606.0
2022-05-13,2022-05-13,PHOSPHATE,XT,109.35,109.35,108.1,108.1,109.35,2,2002,216418.0
2022-05-13,2022-05-13,NIFTYETF,B,165.0,169.0,162.1,163.58,163.84,60,1678,276802.0
2022-05-13,2022-05-13,TECHNOE,A,257.75,272.1,254.2,267.85,257.2,733,12369,3275748.0
2022-05-13,2022-05-13,DGL,M,2.76,2.86,2.74,2.86,2.88,4,8000,22440.0
2022-05-13,2022-05-13,NIVAKA,X,3.4,3.42,3.11,3.41,3.26,108,55583,185837.0
2022-05-13,2022-05-13,DALBHARAT,A,1424.3,1448.35,1400.0,1407.7,1406.1,1123,7815,11114629.0
2022-05-13,2022-05-13,ABSLNN50ET,B,38.7,39.43,38.35,38.63,39.12,24,294,11406.0
2022-05-13,2022-05-13,NILASPACES,B,4.75,4.82,4.42,4.42,4.65,343,315794,1457508.0
2022-05-13,2022-05-13,SRD,B,307.05,322.8,295.1,319.25,307.45,671,14674,4683210.0
2022-05-13,2022-05-13,TREJHARA,B,57.25,58.65,56.95,58.0,55.9,45,3148,182657.0
2022-05-13,2022-05-13,AXISCCDPD,B,14.25,15.25,14.25,15.0,14.5,3,10200,150500.0
2022-05-13,2022-05-13,AXISCCGPG,B,14.15,16.5,14.15,14.35,15.05,12,42518,640789.0
2022-05-13,2022-05-13,DECCAN,M,36.0,38.6,36.0,36.1,36.0,9,16800,617640.0
2022-05-13,2022-05-13,AXITA,M,159.65,162.6,154.65,161.7,161.75,28,67000,10753700.0
2022-05-13,2022-05-13,KPIGREEN,B,436.2,445.75,432.15,445.75,424.55,845,7141,3150666.0
2022-05-13,2022-05-13,RPSGVENT,A,512.95,575.15,501.55,517.95,494.8,1796,10181,5476597.0
2022-05-13,2022-05-13,SPENCERS,B,76.0,81.65,72.7,79.0,73.05,1386,66839,5165713.0
2022-05-13,2022-05-13,GLOSTERLTD,X,1029.0,1029.0,962.0,965.95,1020.25,228,3265,3220754.0
2022-05-13,2022-05-13,XELPMOC,B,224.0,231.0,211.25,219.1,222.05,384,5974,1333008.0
2022-05-13,2022-05-13,RITCO,B,112.0,123.6,112.0,123.6,117.75,77,8919,1098904.0
2022-05-13,2022-05-13,CHALET,A,292.15,296.1,285.65,288.5,288.8,2390,83253,24313496.0
2022-05-13,2022-05-13,ANMOL,B,187.45,191.35,184.85,188.15,182.8,35,926,173268.0
2022-05-13,2022-05-13,JONJUA,M,15.1,15.1,15.1,15.1,15.1,1,2951,44560.0
2022-05-13,2022-05-13,KRANTI,B,56.9,59.85,55.15,58.7,54.45,191,39166,2273658.0
2022-05-13,2022-05-13,ANUP,B,800.0,810.85,786.0,791.6,786.7,95,391,310705.0
2022-05-13,2022-05-13,ARVINDFASN,A,232.0,241.9,229.25,234.75,235.15,2082,21359,5012795.0
2022-05-13,2022-05-13,SNXT50BETA,B,46.6,47.0,45.75,46.21,45.75,25,1158,53837.0
2022-05-13,2022-05-13,ENERGYINF,IF,97.0,97.0,96.35,96.35,96.5,4,800000,77210000.0
2022-05-13,2022-05-13,AGOL,B,70.0,73.0,67.0,69.85,70.0,25,1391,97708.0
2022-05-13,2022-05-13,HBEL,M,69.7,69.7,50.0,69.7,58.1,8,8000,474450.0
2022-05-13,2022-05-13,MSTCLTD,A,295.9,296.6,285.05,286.95,289.25,1059,24916,7270576.0
2022-05-13,2022-05-13,EMBASSY,IF,370.0,381.21,370.0,373.04,377.88,1245,29518,11121920.0
2022-05-13,2022-05-13,CHANDNIMACH,X,26.4,26.4,26.4,26.4,25.15,2,300,7920.0
2022-05-13,2022-05-13,RVNL,A,31.0,31.45,30.75,31.05,30.5,3042,352631,10954490.0
2022-05-13,2022-05-13,METROPOLIS,A,2041.3,2138.35,1996.05,2016.55,2041.3,755,6712,14034620.0
2022-05-13,2022-05-13,KPITTECH,A,485.0,512.8,485.0,498.75,479.65,3988,75038,37399165.0
2022-05-13,2022-05-13,POLYCAB,A,2450.0,2565.0,2428.0,2539.7,2427.65,2679,15842,40033478.0
2022-05-13,2022-05-13,VIKASLIFE,B,3.71,3.85,3.71,3.85,3.67,1768,3269402,12568253.0
2022-05-13,2022-05-13,NEOGEN,B,1484.2,1488.5,1367.2,1404.4,1496.3,4803,29046,40886278.0
2022-05-13,2022-05-13,GKP,B,150.0,164.0,140.0,143.25,149.65,632,30459,4550855.0
2022-05-13,2022-05-13,WORL,T,175.0,175.0,163.9,165.55,172.5,232,10680,1770479.0
2022-05-13,2022-05-13,BMW,X,25.5,27.65,25.5,27.55,25.8,125,3316,89484.0
2022-05-13,2022-05-13,AEPL,B,48.55,48.55,45.7,46.05,44.9,18,663,31141.0
2022-05-13,2022-05-13,MAHESH,X,9.0,9.0,8.87,8.87,8.87,2,219,1968.0
2022-05-13,2022-05-13,DEL,X,22.5,22.6,21.0,22.6,20.55,33,32802,729036.0
2022-05-13,2022-05-13,HARISH,X,43.7,43.7,41.55,43.7,43.7,14,1347,56389.0
2022-05-13,2022-05-13,PPL,B,163.05,180.55,163.05,173.4,164.25,3203,65393,11375724.0
2022-05-13,2022-05-13,ARL,B,49.0,53.1,49.0,52.05,50.6,188,11493,601293.0
2022-05-13,2022-05-13,MURAE,B,4.7,4.93,4.7,4.9,4.7,798,235792,1152640.0
2022-05-13,2022-05-13,SBC,B,5.31,5.71,5.31,5.67,5.44,248,202025,1140598.0
2022-05-13,2022-05-13,INDIAMART,A,4290.0,4366.0,4169.95,4195.4,4217.55,757,3151,13521430.0
2022-05-13,2022-05-13,CPML,M,46.55,49.5,46.4,49.05,48.75,9,18000,869700.0
2022-05-13,2022-05-13,DCMNVL,B,186.55,190.5,177.5,184.8,181.9,442,5691,1055340.0
2022-05-13,2022-05-13,BANKIETF,B,350.0,360.0,330.38,331.23,335.34,56,321,107967.0
2022-05-13,2022-05-13,SNXT50BEES,A,46.0,47.88,44.66,45.45,45.48,51,2036,94035.0
2022-05-13,2022-05-13,AFFLE,A,1010.0,1062.85,1010.0,1033.35,1003.5,8205,50305,52009312.0
2022-05-13,2022-05-13,SEACOAST,X,6.47,6.49,6.2,6.34,6.21,1121,935309,5961253.0
2022-05-13,2022-05-13,PVTBANIETF,B,169.0,171.21,165.34,167.3,168.35,77,1946,330385.0
2022-05-13,2022-05-13,SPANDANA,A,394.75,407.7,389.0,391.3,384.6,1079,8922,3556676.0
2022-05-13,2022-05-13,SWSOLAR,A,321.5,334.55,321.0,324.25,321.35,1386,25180,8263003.0
2022-05-13,2022-05-13,ALPHALOGIC,B,34.0,37.0,30.15,36.1,32.4,111,27244,955054.0
2022-05-13,2022-05-13,360ONE,A,1510.05,1543.4,1431.05,1455.4,1529.7,1518,3525,5262329.0
2022-05-13,2022-05-13,IIFLCAPS,A,78.0,78.0,75.1,76.5,75.75,2272,195825,14926136.0
2022-05-13,2022-05-13,MUFIN,X,73.35,77.75,73.35,74.7,74.85,74,9220,686229.0
2022-05-13,2022-05-13,GALACTICO,B,132.0,132.6,131.95,132.6,126.3,37,2052,271729.0
2022-05-13,2022-05-13,VEL,XT,29.0,29.8,27.0,29.8,28.4,22,5807,169396.0
2022-05-13,2022-05-13,NIESSPC,B,4.78,4.78,4.78,4.78,4.35,1,10,47.0
2022-05-13,2022-05-13,FLUOROCHEM,T,2349.95,2377.95,2200.0,2377.95,2264.75,412,4210,9905762.0
2022-05-13,2022-05-13,NIEHSPI,B,2.45,2.45,2.45,2.45,2.5,1,1,2.0
2022-05-13,2022-05-13,IRCTC,A,625.0,661.25,625.0,652.0,620.75,26362,544778,354446503.0
2022-05-13,2022-05-13,NIESSPE,B,2.71,2.71,2.47,2.47,2.47,3,47,118.0
2022-05-13,2022-05-13,NIEHSPD,B,1.1,1.19,1.08,1.08,1.09,24,25332,27575.0
2022-05-13,2022-05-13,NIEHSPE,B,1.9,1.9,1.65,1.89,1.83,9,274,485.0
2022-05-13,2022-05-13,NIEHSPG,B,2.98,3.5,2.98,3.5,3.27,4,336,1101.0
2022-05-13,2022-05-13,NIEHSPH,B,2.0,2.02,1.98,2.0,2.2,12,7330,14663.0
2022-05-13,2022-05-13,NIEHSPL,B,1.75,1.75,1.51,1.69,1.61,6,569,873.0
2022-05-13,2022-05-13,NIESSPL,B,0.87,0.98,0.87,0.93,0.95,19,27846,26390.0
2022-05-13,2022-05-13,NIESSPM,B,4.15,4.15,3.53,3.94,3.89,17,1566,6018.0
2022-05-13,2022-05-13,GOBLIN,M,22.25,22.3,22.25,22.3,21.0,2,4000,89100.0
2022-05-13,2022-05-13,GENSOL,M,324.0,328.4,316.3,321.55,312.8,38,59584,19245791.0
2022-05-13,2022-05-13,VISHWARAJ,B,19.5,20.3,19.5,19.65,19.45,2204,414619,8268874.0
2022-05-13,2022-05-13,GREENPANEL,A,491.0,509.15,482.0,488.0,487.0,2260,23680,11704978.0
2022-05-13,2022-05-13,SHAHLON,X,14.0,15.7,14.0,14.95,14.6,26,1671,25730.0
2022-05-13,2022-05-13,ABSLBANETF,B,33.1,33.8,33.1,33.3,33.3,44,1773,59381.0
2022-05-13,2022-05-13,COLAB,XT,42.5,42.85,42.5,42.85,40.85,22,1000,42776.0
2022-05-13,2022-05-13,CSBBANK,A,195.5,200.55,187.0,190.5,193.8,1874,36765,7178796.0
2022-05-13,2022-05-13,ABCRSPRG,F,2.16,2.16,2.0,2.0,2.16,14,7067,14294.0
2022-05-13,2022-05-13,ABCRSPDG,F,3.07,3.07,3.07,3.07,3.07,1,10,30.0
2022-05-13,2022-05-13,ABDBSPDG,F,3.5,3.5,3.5,3.5,3.5,2,3,10.0
2022-05-13,2022-05-13,ABDBSPRG,F,3.55,3.55,3.06,3.45,3.4,6,1115,3452.0
2022-05-13,2022-05-13,ABMTSPRDG,F,4.99,5.0,4.3,4.3,4.56,23,1194,5783.0
2022-05-13,2022-05-13,ABMTSPRG,F,3.08,3.08,3.08,3.08,2.81,1,10,30.0
2022-05-13,2022-05-13,ABMTSPRQD,F,1.39,1.39,1.39,1.39,1.27,1,1000,1390.0
2022-05-13,2022-05-13,UJJIVANSFB,A,17.4,17.65,17.1,17.45,16.05,1108,639315,11130642.0
2022-05-13,2022-05-13,HINDWAREAP,A,310.0,310.0,292.0,299.0,291.65,1326,16901,5052841.0
2022-05-13,2022-05-13,PRINCEPIPE,A,630.05,653.65,626.0,630.4,627.55,2155,17679,11345122.0
2022-05-13,2022-05-13,EBBETF0423,F,1167.6,1174.9,1165.11,1170.75,1169.0,22,206,241200.0
2022-05-13,2022-05-13,EBBETF0430,F,1172.0,1174.25,1168.11,1171.13,1172.47,48,3057,3582226.0
2022-05-13,2022-05-13,ASSAMENT,XT,442.15,442.15,442.15,442.15,442.15,1,1,442.0
2022-05-13,2022-05-13,ARTEMISMED,B,39.3,40.0,37.7,37.8,38.55,137,5562,214117.0
2022-05-13,2022-05-13,SUMICHEM,A,419.9,425.9,411.7,415.0,411.85,807,16549,6945852.0
2022-05-13,2022-05-13,MIDCAPIETF,B,101.79,113.9,101.5,103.52,104.93,73,1946,201629.0
2022-05-13,2022-05-13,NEXT50,B,380.0,392.0,375.53,377.79,378.69,51,359,136947.0
2022-05-13,2022-05-13,TRANWAY21,MS,9.93,10.0,9.93,10.0,11.03,4,40000,398600.0
2022-05-13,2022-05-13,JANUSCORP,M,9.3,9.3,9.3,9.3,9.4,1,1500,13950.0
2022-05-13,2022-05-13,BIRLATYRES,B,11.05,12.15,11.05,11.05,11.6,1541,612496,6891619.0
2022-05-13,2022-05-13,UNIVPHOTO,B,400.0,403.65,380.0,391.65,387.3,55,425,166473.0
2022-05-13,2022-05-13,OCTAVIUSPL,XT,59.3,59.3,59.0,59.0,59.3,2,11,649.0
2022-05-13,2022-05-13,COHANCE,A,516.05,536.7,516.0,521.85,515.75,1788,15048,7917818.0
2022-05-13,2022-05-13,SBICARD,A,744.9,755.65,710.85,715.35,736.1,4080,59549,43740762.0
2022-05-13,2022-05-13,07AGG,F,0.17,0.17,0.17,0.17,0.16,2,2,0.0
2022-05-13,2022-05-13,07GPG,F,1.43,1.43,1.41,1.42,1.3,9,3202,4536.0
2022-05-13,2022-05-13,09AGG,F,39.01,46.49,39.01,44.0,43.34,6,32,1460.0
2022-05-13,2022-05-13,09GPG,F,1.66,1.66,1.66,1.66,1.6,3,502,833.0
2022-05-13,2022-05-13,08MPD,B,2.95,2.95,2.43,2.85,2.69,37,2463,6832.0
2022-05-13,2022-05-13,08GPG,B,1.2,1.2,1.06,1.19,1.12,23,11166,13169.0
2022-05-13,2022-05-13,10ARD,F,140.77,140.77,115.19,140.77,127.98,224,5230,691386.0
2022-05-13,2022-05-13,10GPG,F,0.97,0.97,0.97,0.97,0.89,11,13061,12669.0
2022-05-13,2022-05-13,ROJL,M,25.9,25.9,25.9,25.9,21.6,1,3000,77700.0
2022-05-13,2022-05-13,COSPOWER,M,70.0,70.0,70.0,70.0,70.5,1,2000,140000.0
2022-05-13,2022-05-13,11DPR,B,7.87,7.87,6.71,7.3,7.45,13,371,2519.0
2022-05-13,2022-05-13,11GPG,B,1.7,1.87,1.62,1.78,1.71,22,2983,5212.0
2022-05-13,2022-05-13,11MPD,B,1.76,2.0,1.75,1.85,1.94,21,3344,6056.0
2022-05-13,2022-05-13,11MPR,B,3.45,3.98,3.45,3.98,3.83,16,1959,6759.0
2022-05-13,2022-05-13,11QPD,B,2.42,2.42,2.1,2.4,2.23,8,310,747.0
2022-05-13,2022-05-13,11AGG,B,6.1,7.34,6.1,6.99,6.68,10,1982,13177.0
2022-05-13,2022-05-13,11AMD,B,5.99,5.99,5.99,5.99,5.45,4,97,581.0
2022-05-13,2022-05-13,11DPD,B,2.79,3.04,2.57,2.84,2.79,33,6909,20393.0
2022-05-13,2022-05-13,POWERINDIA,A,2802.0,3075.05,2802.0,3040.35,2861.75,1656,4099,12401891.0
2022-05-13,2022-05-13,DJML,M,52.9,53.5,47.55,47.55,49.75,9,22000,1126700.0
2022-05-13,2022-05-13,NATURAL,X,8.35,8.35,8.0,8.21,7.96,139,38873,319351.0
2022-05-13,2022-05-13,AARTISURF,B,685.25,685.25,670.0,672.5,667.75,108,529,357573.0
2022-05-13,2022-05-13,BOROLTD,A,309.0,320.9,309.0,313.1,307.6,1153,11280,3539787.0
2022-05-13,2022-05-13,ROSSARI,A,886.8,886.8,866.05,873.95,870.9,535,2273,1986781.0
2022-05-13,2022-05-13,NDRAUTO,B,381.05,398.5,361.95,385.65,363.35,369,5402,2029921.0
2022-05-13,2022-05-13,EBBETF0431,F,1041.16,1042.72,1040.0,1042.71,1043.75,20,1533,1595938.0
2022-05-13,2022-05-13,MINDSPACE,IF,349.4,349.4,342.61,344.97,345.0,842,5081,1752371.0
2022-05-13,2022-05-13,SBGLP,M,206.9,210.0,206.9,210.0,206.9,9,9000,1871800.0
2022-05-13,2022-05-13,ALPL30IETF,B,155.5,158.67,155.01,156.04,155.21,26,608,95205.0
2022-05-13,2022-05-13,MAXHEALTH,A,352.0,366.5,352.0,364.4,353.75,2990,49160,17798114.0
2022-05-13,2022-05-13,ITIETF,B,305.0,309.59,302.0,303.09,303.72,110,1741,533417.0
2022-05-13,2022-05-13,MAXIND,B,72.65,73.05,71.5,71.55,71.85,105,5526,398484.0
2022-05-13,2022-05-13,HDFCNIFBAN,B,339.0,344.3,333.0,333.93,338.29,91,906,304623.0
2022-05-13,2022-05-13,BANKBETA,B,34.15,34.15,33.0,33.03,33.61,13,16,535.0
2022-05-13,2022-05-13,HAPPSTMNDS,B,862.1,935.0,862.1,913.5,862.1,10453,108695,98381316.0
2022-05-13,2022-05-13,ROUTE,A,1400.0,1438.3,1393.0,1404.45,1372.65,2452,12288,17365747.0
2022-05-13,2022-05-13,ADL,T,55.35,55.35,52.3,52.3,52.75,3,343,18930.0
2022-05-13,2022-05-13,CAMS,A,2250.0,2251.6,2141.6,2151.65,2196.8,2363,9358,20332588.0
2022-05-13,2022-05-13,CHEMCON,B,270.0,281.0,270.0,278.2,269.25,452,4239,1180005.0
2022-05-13,2022-05-13,SECMARK,M,150.0,150.0,143.0,147.0,148.0,4,4000,588000.0
2022-05-13,2022-05-13,ANGELONE,A,1325.0,1405.0,1271.95,1305.65,1337.5,8775,128346,172575417.0
2022-05-13,2022-05-13,ATAM,M,110.0,110.0,110.0,110.0,114.45,1,1500,165000.0
2022-05-13,2022-05-13,MAZDOCK,A,267.95,276.85,260.7,264.65,264.45,1887,57748,15541947.0
2022-05-13,2022-05-13,UTIAMC,A,707.0,730.2,692.4,699.05,714.85,1121,8276,5894837.0
2022-05-13,2022-05-13,LIKHITHA,B,274.7,297.0,272.05,281.0,272.8,90,1173,325333.0
2022-05-13,2022-05-13,VGIL,M,154.0,154.0,146.3,147.0,154.0,3,3000,447300.0
2022-05-13,2022-05-13,HEMIPROP,A,104.95,106.65,102.15,102.65,102.05,1285,64677,6791315.0
2022-05-13,2022-05-13,EQUITASBNK,A,54.9,56.15,54.2,54.9,54.9,1836,79033,4346098.0
2022-05-13,2022-05-13,SHINEFASH,M,49.5,50.0,49.5,50.0,55.0,2,4000,199000.0
2022-05-13,2022-05-13,GLAND,A,2850.0,3023.0,2850.0,2995.4,2846.85,1704,5618,16742043.0
2022-05-13,2022-05-13,ESG,B,26.8,27.59,26.75,26.75,26.73,29,1666,45195.0
2022-05-13,2022-05-13,RBA,A,89.0,92.7,88.9,90.25,87.4,5266,254781,23175921.0
2022-05-13,2022-05-13,TARC,B,39.45,40.9,38.7,39.4,38.35,1345,161411,6389855.0
2022-05-13,2022-05-13,MOGSEC,F,48.2,48.4,47.8,48.37,48.4,20,1011,48506.0
2022-05-13,2022-05-13,RVHL,T,22.15,22.15,20.8,22.1,21.5,8,440,9436.0
2022-05-13,2022-05-13,FAIRCHEMOR,B,1401.15,1421.3,1362.5,1375.9,1390.1,402,1101,1542751.0
2022-05-13,2022-05-13,BECTORFOOD,A,300.5,345.05,286.3,287.7,287.55,1381,23256,6831080.0
2022-05-13,2022-05-13,AWHCL,B,241.0,251.95,241.0,243.75,246.05,1803,24847,6159805.0
2022-05-13,2022-05-13,INFRABEES,B,492.0,504.89,486.0,488.0,485.67,20,149,73467.0
2022-05-13,2022-05-13,RFLL,X,19.65,19.75,18.0,19.2,18.0,78,76723,1479944.0
2022-05-13,2022-05-13,IRFC,A,21.25,21.4,21.25,21.3,21.15,3025,833093,17735244.0
2022-05-13,2022-05-13,INDIGOPNTS,A,1440.0,1450.3,1412.6,1442.15,1402.65,570,1614,2318616.0
2022-05-13,2022-05-13,HOMEFIRST,A,745.0,765.6,739.4,760.8,756.5,1252,5561,4186589.0
2022-05-13,2022-05-13,STOVEKRAFT,A,545.0,579.85,545.0,573.95,554.9,711,5536,3151133.0
2022-05-13,2022-05-13,BIRET,IF,315.28,319.0,310.0,311.06,312.79,375,6293,1964381.0
2022-05-13,2022-05-13,MRP,M,43.3,43.3,43.3,43.3,45.0,1,12000,519600.0
2022-05-13,2022-05-13,SMCGLOBAL,B,81.8,81.8,79.4,79.75,79.5,137,9675,773934.0
2022-05-13,2022-05-13,NURECA,B,997.25,1031.55,978.9,1001.7,968.05,814,2326,2354320.0
2022-05-13,2022-05-13,RAILTEL,A,93.95,97.35,93.95,95.7,92.95,2195,114152,10928888.0
2022-05-13,2022-05-13,HERANBA,A,581.4,607.7,567.0,597.6,564.3,1950,15546,9143607.0
2022-05-13,2022-05-13,MTARTECH,A,1394.0,1425.0,1351.15,1364.55,1373.15,1679,9006,12596955.0
2022-05-13,2022-05-13,JUBLINGREA,A,437.0,454.75,428.5,433.25,422.0,3265,78775,34674746.0
2022-05-13,2022-05-13,EASEMYTRIP,B,346.8,358.3,346.8,357.85,341.25,1463,129340,46234897.0
2022-05-13,2022-05-13,KMEW,M,221.0,227.0,221.0,227.0,219.9,4,3000,676500.0
2022-05-13,2022-05-13,SUUMAYA,M,64.95,64.95,59.4,59.55,62.5,84,43650,2633647.0
2022-05-13,2022-05-13,ANURAS,A,811.0,861.95,786.2,796.6,783.15,1540,9712,7810247.0
2022-05-13,2022-05-13,CRAFTSMAN,A,2189.75,2247.35,2104.65,2195.7,2162.95,660,1929,4192363.0
2022-05-13,2022-05-13,LXCHEM,A,345.2,362.25,341.0,345.25,342.15,6707,132563,46815230.0
2022-05-13,2022-05-13,KALYANKJIL,A,62.1,63.15,58.9,62.3,61.5,3413,215303,13188363.0
2022-05-13,2022-05-13,SURYODAY,A,123.6,130.9,120.8,122.35,122.85,1408,20250,2546709.0
2022-05-13,2022-05-13,NAZARA,B,1150.0,1288.9,1144.3,1244.35,1096.55,5660,64416,78729495.0
2022-05-13,2022-05-13,SUVIDHAA,B,6.24,6.86,6.05,6.86,6.24,319,82106,544261.0
2022-05-13,2022-05-13,UFBL,B,980.0,1035.0,954.05,1000.4,982.3,3796,31250,30847880.0
2022-05-13,2022-05-13,EKI,M,8160.0,8450.0,8160.0,8331.75,7976.8,235,7225,60018131.0
2022-05-13,2022-05-13,ARTEMISADR,M,23.5,24.75,23.25,24.0,23.95,6,42000,1007100.0
2022-05-13,2022-05-13,LODHA,B,895.0,913.0,852.5,860.25,880.25,2221,11767,10354967.0
2022-05-13,2022-05-13,DEEPINDS,B,222.8,236.95,216.4,221.25,216.7,836,11455,2629316.0
2022-05-13,2022-05-13,PGINVIT,IF,135.7,136.89,135.24,136.5,135.98,469,17706,2413688.0
2022-05-13,2022-05-13,MAFANG,B,39.17,39.84,37.98,38.47,38.61,1365,131571,5118370.0
2022-05-13,2022-05-13,HEALTHIETF,B,77.2,78.66,77.2,77.92,76.71,12,133,10388.0
2022-05-13,2022-05-13,IWEL,B,576.45,576.45,575.55,576.4,549.0,24,46,26511.0
2022-05-13,2022-05-13,VINEETLAB,B,48.2,58.8,48.2,54.15,53.5,91,2091,114048.0
2022-05-13,2022-05-13,SHYAMMETL,B,304.6,306.7,300.1,301.3,299.7,735,5141,1561991.0
2022-05-13,2022-05-13,SONACOMS,B,575.05,588.2,560.75,569.4,568.0,2663,46221,26454833.0
2022-05-13,2022-05-13,NAVODAYENT,M,7.6,7.6,7.5,7.55,7.5,2,12000,90600.0
2022-05-13,2022-05-13,DODLA,B,483.6,489.45,477.7,478.0,478.2,25,236,113497.0
2022-05-13,2022-05-13,KIMS,B,1238.85,1260.55,1233.0,1248.1,1231.55,570,2012,2512327.0
2022-05-13,2022-05-13,IPL,B,265.95,265.95,245.15,246.5,242.3,691,10238,2536576.0
2022-05-13,2022-05-13,GRINFRA,B,1446.9,1464.0,1420.0,1420.9,1433.55,236,972,1392022.0
2022-05-13,2022-05-13,CLEAN,B,1736.15,1766.0,1710.0,1713.3,1720.95,887,2532,4379013.0
2022-05-13,2022-05-13,ETERNAL,B,53.55,59.2,52.25,56.75,52.0,44092,9030568,504199196.0
2022-05-13,2022-05-13,TATVA,B,2100.0,2111.95,2047.45,2061.15,2063.95,900,103353,213441958.0
2022-05-13,2022-05-13,ALIVUS,B,432.15,439.75,432.0,434.9,432.15,790,6528,2846497.0
2022-05-13,2022-05-13,BFSI,B,15.45,15.78,15.3,15.33,15.48,103,5838,90393.0
2022-05-13,2022-05-13,GCSL,M,200.0,200.0,200.0,200.0,200.0,1,800,160000.0
2022-05-13,2022-05-13,ROLEXRINGS,B,1162.7,1165.0,1128.0,1157.65,1159.45,330,1177,1349521.0
2022-05-13,2022-05-13,FMCGIETF,B,369.0,377.0,369.0,374.9,363.82,9,10,3738.0
2022-05-13,2022-05-13,EXXARO,B,104.95,107.05,103.45,104.5,102.25,362,7061,737471.0
2022-05-13,2022-05-13,KRSNAA,B,534.8,541.2,520.0,528.65,526.7,1151,7349,3907758.0
2022-05-13,2022-05-13,WINDLAS,B,240.0,247.3,226.3,227.95,215.5,761,9534,2219936.0
2022-05-13,2022-05-13,DEVYANI,B,154.2,156.9,151.0,152.15,151.45,2265,96001,14846825.0
2022-05-13,2022-05-13,MOL,B,119.3,119.85,114.2,115.35,114.4,4238,456677,53616449.0
2022-05-13,2022-05-13,EPIGRAL,B,1202.8,1233.55,1184.05,1202.35,1178.25,2761,25812,31121922.0
2022-05-13,2022-05-13,CARTRADE,B,599.0,609.3,587.1,592.6,592.4,1274,11693,7022759.0
2022-05-13,2022-05-13,NUVOCO,B,308.65,309.55,296.05,297.8,304.55,1570,15740,4750616.0
2022-05-13,2022-05-13,APTUS,B,285.0,309.0,285.0,303.6,282.75,1902,25051,7536423.0
2022-05-13,2022-05-13,CHEMPLASTS,B,487.0,533.0,487.0,513.85,483.95,4060,35172,18101283.0
2022-05-13,2022-05-13,SHARPLINE,XT,19.28,19.28,19.28,19.28,18.37,9,1704,32853.0
2022-05-13,2022-05-13,AASHKA,M,45.0,45.0,41.7,42.0,44.0,22,32000,1378700.0
2022-05-13,2022-05-13,ITAXIS,B,326.0,326.0,302.02,310.09,340.0,68,231,71071.0
2022-05-13,2022-05-13,HEALTHAXIS,B,80.2,80.8,78.6,80.19,80.43,41,227,18132.0
2022-05-13,2022-05-13,ACUTAAS,B,929.65,943.35,910.2,938.9,898.7,2026,15320,14223304.0
2022-05-13,2022-05-13,VIJAYA,B,394.0,404.0,378.4,401.05,373.25,981,3950,1558236.0
2022-05-13,2022-05-13,NBL,MS,56.0,56.0,56.0,56.0,56.0,1,1600,89600.0
2022-05-13,2022-05-13,CONSUMAXIS,B,64.8,70.48,64.3,67.95,66.29,34,271,18224.0
2022-05-13,2022-05-13,SANSERA,B,703.35,719.65,670.4,681.7,697.8,3095,31646,22359453.0
2022-05-13,2022-05-13,PREVEST,M,310.0,310.0,290.0,294.65,297.35,66,34400,10379060.0
2022-05-13,2022-05-13,MARKOLINES,M,94.0,100.6,94.0,95.5,92.1,5,8000,771920.0
2022-05-13,2022-05-13,MASPTOP50,B,26.9,27.3,26.1,26.52,26.24,85,9541,251762.0
2022-05-13,2022-05-13,PARAS,B,580.0,604.9,580.0,593.3,575.9,3316,35878,21292523.0
2022-05-13,2022-05-13,GETALONG,M,68.0,68.0,68.0,68.0,70.0,1,2000,136000.0
2022-05-13,2022-05-13,SVRL,M,111.0,111.0,109.5,109.5,110.7,6,6000,663000.0
2022-05-13,2022-05-13,ABSLAMC,B,492.0,494.85,480.0,488.65,482.35,1228,8040,3900870.0
2022-05-13,2022-05-13,CWD,MS,1070.0,1130.0,1069.0,1100.0,1113.85,13,3000,3258320.0
2022-05-13,2022-05-13,CONSUMIETF,B,65.0,66.5,65.0,65.62,64.77,5,8,525.0
2022-05-13,2022-05-13,NYKAA,B,1317.0,1392.0,1295.0,1310.7,1288.35,10850,113462,152056666.0
2022-05-13,2022-05-13,FINOPB,B,265.95,267.15,250.0,259.15,258.3,752,498885,129656262.0
2022-05-13,2022-05-13,SJS,B,385.0,387.5,374.0,376.25,381.45,615,4193,1597453.0
2022-05-13,2022-05-13,EQUAL50ADD,B,182.0,183.75,181.75,181.77,181.04,29,5842,1066742.0
2022-05-13,2022-05-13,SIGACHI,B,260.0,283.8,258.55,268.95,255.9,2062,25801,7029018.0
2022-05-13,2022-05-13,POLICYBZR,B,555.0,658.65,555.0,648.15,548.9,11593,158262,96494575.0
2022-05-13,2022-05-13,PAYTM,B,520.0,555.55,517.1,543.3,515.65,9668,266034,141521726.0
2022-05-13,2022-05-13,SAPPHIRE,B,1073.55,1083.5,998.0,1008.15,1041.8,2980,12602,13007425.0
2022-05-13,2022-05-13,LATENTVIEW,B,400.15,407.0,386.05,388.9,394.85,5901,100028,39545047.0
2022-05-13,2022-05-13,TARSONS,B,612.95,625.15,610.2,617.15,607.3,1442,6558,4052932.0
2022-05-13,2022-05-13,OMNIPOTENT,M,20.85,23.3,20.85,23.15,21.35,6,12000,266100.0
2022-05-13,2022-05-13,GOCOLORS,B,942.2,988.95,942.2,975.75,924.35,1131,4292,4196968.0
2022-05-13,2022-05-13,HITECH,B,527.2,556.15,522.4,528.25,518.8,140,557,294375.0
2022-05-13,2022-05-13,STARHEALTH,B,650.0,665.35,640.85,655.35,646.7,1802,12964,8500856.0
2022-05-13,2022-05-13,TEGA,B,418.0,429.7,418.0,425.5,419.05,649,2671,1137265.0
2022-05-13,2022-05-13,MAHKTECH,B,13.29,13.3,12.63,13.07,13.01,115,13257,172408.0
2022-05-13,2022-05-13,ANANDRATHI,B,621.3,622.8,610.0,614.5,611.6,251,1266,782406.0
2022-05-13,2022-05-13,ZODIAC,T,92.1,99.4,92.1,93.25,96.9,191,9133,854628.0
2022-05-13,2022-05-13,RATEGAIN,B,306.0,317.15,305.3,306.65,308.2,2041,42278,13103298.0
2022-05-13,2022-05-13,BBETF0432,F,980.11,991.96,980.11,985.82,986.95,36,1591,1563020.0
2022-05-13,2022-05-13,SHRIRAMPPS,B,61.95,65.1,61.95,63.2,61.4,1292,54006,3460053.0
2022-05-13,2022-05-13,JETFREIGHT,B,55.6,60.7,55.6,60.35,55.2,69,2578,153087.0
2022-05-13,2022-05-13,MAPMYINDIA,B,1208.0,1290.9,1203.55,1247.6,1169.25,3028,21808,27225993.0
2022-05-13,2022-05-13,METROBRAND,B,509.0,532.5,509.0,521.45,515.3,2780,36914,19275328.0
2022-05-13,2022-05-13,MEDPLUS,B,815.0,850.0,815.0,828.25,792.45,2087,12396,10384132.0
2022-05-13,2022-05-13,DATAPATTNS,B,675.0,703.45,662.35,689.3,662.5,3101,30881,21064866.0
2022-05-13,2022-05-13,HPAL,B,345.0,366.35,340.05,344.3,348.5,1876,19087,6721175.0
2022-05-13,2022-05-13,SUPRIYA,B,328.1,347.2,322.0,324.15,322.9,2957,78389,26443797.0
2022-05-13,2022-05-13,CLARA,M,87.6,88.6,83.6,83.6,90.9,4,6000,521100.0
2022-05-13,2022-05-13,WITS,MS,180.0,185.0,177.0,177.0,211.95,3,2400,433600.0
2022-05-13,2022-05-13,MONQ50,B,47.5,49.66,47.5,49.64,47.42,42,6832,329543.0
2022-05-13,2022-05-13,MIDQ50ADD,B,153.0,154.25,153.0,153.2,151.75,37,43988,6778015.0
2022-05-13,2022-05-13,NIFTYADD,B,160.0,161.5,158.9,159.0,159.5,9,1017,161735.0
2022-05-13,2022-05-13,CMSINFO,B,234.0,239.3,230.75,235.45,234.0,3815,88956,20811797.0
2022-05-13,2022-05-13,BCONCEPTS,T,92.5,99.5,92.5,98.6,97.3,33,4546,425247.0
2022-05-13,2022-05-13,FABINO,M,26.75,26.75,26.75,26.75,26.0,1,3000,80250.0
2022-05-13,2022-05-13,WEL,T,184.3,192.0,175.4,175.4,184.3,10,333,58725.0
2022-05-13,2022-05-13,AUTOIETF,B,102.0,107.0,102.0,104.66,101.6,47,986,104577.0
2022-05-13,2022-05-13,AGSTRA,B,99.95,101.65,96.0,96.9,97.2,1779,50234,4961856.0
2022-05-13,2022-05-13,SILVERIETF,E,61.94,61.94,60.9,61.23,62.41,464,38968,2383413.0
2022-05-13,2022-05-13,ALKOSIGN,M,48.75,48.75,48.75,48.75,46.0,2,21000,1023750.0
2022-05-13,2022-05-13,MAKEINDIA,B,73.84,74.25,73.8,73.8,72.69,7,110,8137.0
2022-05-13,2022-05-13,AWL,T,599.0,608.9,555.35,571.25,581.8,19691,413343,244460228.0
2022-05-13,2022-05-13,SSTL,M,9.1,9.1,9.1,9.1,9.0,2,40000,364000.0
2022-05-13,2022-05-13,DEVIT,T,143.45,158.45,143.45,156.7,150.95,373,17734,2636275.0
2022-05-13,2022-05-13,MANYAVAR,B,955.05,987.25,932.45,977.45,944.4,2745,19445,18568339.0
2022-05-13,2022-05-13,SPITZE,M,73.4,75.0,70.0,70.75,72.0,16,32000,2314600.0
2022-05-13,2022-05-13,MOMOMENTUM,B,174.0,177.15,171.34,173.73,172.5,31,720,126170.0
2022-05-13,2022-05-13,SILVER,E,62.8,63.1,60.85,61.38,62.79,406,23591,1445524.0
2022-05-13,2022-05-13,TECH,B,29.33,31.0,29.33,29.81,30.23,40,3774,113306.0
2022-05-13,2022-05-13,HEALTHY,B,7.9,7.9,7.76,7.87,7.72,58,6334,49728.0
2022-05-13,2022-05-13,BSLNIFTY,B,17.6,17.98,17.51,17.61,17.64,178,8533,151747.0
2022-05-13,2022-05-13,EKENNIS,M,96.9,96.9,84.1,94.5,92.45,5,8000,728720.0
2022-05-13,2022-05-13,GSEC5IETF,F,50.0,51.0,50.0,50.0,51.0,4,9,451.0
2022-05-13,2022-05-13,MIDCAPETF,B,10.37,10.37,10.09,10.15,10.09,304,30520,308482.0
2022-05-13,2022-05-13,EUREKAFORB,B,309.85,317.95,298.6,303.7,299.35,310,17510,5387681.0
2022-05-13,2022-05-13,GATEWAY,B,72.9,74.4,70.8,72.5,71.7,822,35891,2619553.0
2022-05-13,2022-05-13,GMRP&UI,B,27.45,28.5,26.5,27.5,27.15,530,41833,1169050.0
2022-05-13,2022-05-13,BCCL,M,55.5,56.0,52.0,56.0,56.4,6,54400,3032000.0
2022-05-13,2022-05-13,MSUMI,B,60.5,64.55,60.5,62.5,60.75,5221,653114,40864866.0
2022-05-13,2022-05-13,ACHYUT,M,20.0,20.0,20.0,20.0,20.0,1,6000,120000.0
2022-05-13,2022-05-13,EVOQ,M,12.0,12.0,11.85,11.85,12.0,5,20000,238840.0
2022-05-13,2022-05-13,MOLOWVOL,B,106.5,110.0,106.5,109.85,108.32,5,133,14623.0
2022-05-13,2022-05-13,AVROIND,B,118.15,118.15,118.15,118.15,112.55,2,2,236.0
2022-05-13,2022-05-13,UMAEXPORTS,B,62.9,64.75,60.0,60.5,59.9,3203,358493,22219708.0
2022-05-13,2022-05-13,VERANDA,B,198.0,216.3,195.7,207.95,206.0,3640,249561,51603256.0
2022-05-13,2022-05-13,SEML,M,116.45,116.45,116.45,116.45,116.75,1,1000,116450.0
2022-05-13,2022-05-13,DHYAANITR,M,60.0,60.95,60.0,60.95,61.0,3,6000,361900.0
2022-05-13,2022-05-13,HARIOMPIPE,B,198.9,201.4,190.1,193.6,191.9,1113,33942,6704597.0
2022-05-13,2022-05-13,EIGHTY,M,41.0,41.2,41.0,41.2,39.25,5,15000,616800.0
2022-05-13,2022-05-13,SFSL,MT,40.9,43.0,40.9,42.3,43.0,3,9000,380700.0
2022-05-13,2022-05-13,GLHRL,MT,99.6,100.0,99.6,99.6,104.8,29,29000,2889900.0
2022-05-13,2022-05-13,FONE4,MT,8.2,8.2,7.55,7.56,7.94,21,380000,3035300.0
2022-05-13,2022-05-13,NVENTURES,MT,39.6,39.6,39.2,39.25,41.25,4,12000,471900.0
2022-05-13,2022-05-13,CAMPUS,B,348.95,356.85,330.05,332.05,339.9,5943,224221,77116963.0
2022-05-13,2022-05-13,RAINBOW,B,472.7,475.0,450.05,456.2,462.55,4450,71633,33125080.0
2022-05-13,2022-05-13,SILVERTUC,B,280.0,280.95,280.0,280.95,267.6,2,225,63023.0
2022-05-13,2022-05-13,SENSEXIETF,A,582.0,594.9,573.1,577.84,580.65,156,1648,961555.0
2022-05-13,2022-05-13,TATAMTRDVR,A,190.05,200.8,190.05,193.1,182.75,6662,475426,93297776.0
2022-05-13,2022-05-13,FELDVR,T,7.0,7.42,6.97,7.0,7.33,47,11186,79756.0
2022-05-13,2022-05-13,JISLDVREQS,B,19.2,19.5,19.1,19.3,18.4,19,651,12577.0
2022-05-13,2022-05-13,GATECHDVR,B,10.98,11.0,10.52,10.84,10.8,61,41165,449485.0
2022-05-13,2022-05-13,KARURVYSYA,B,43.0,44.1,41.95,42.4,42.45,4513,776551,33770386.0
2022-05-13,2022-05-13,VEEDOL,B,1040.0,1041.5,1000.05,1027.15,1012.1,542,2664,2747378.0
2022-05-13,2022-05-13,AMRUTANJAN,B,822.9,822.9,792.0,812.25,787.8,1144,6363,5133741.0
2022-05-13,2022-05-13,XPROINDIA,T,1031.1,1105.0,1015.35,1017.4,1068.75,163,2083,2152327.0
2022-05-13,2022-05-13,HISARMETAL,B,109.9,113.85,109.25,112.25,107.35,72,873,97405.0
2022-05-13,2022-05-13,BHARATRAS,B,13114.65,13699.0,12271.8,12432.85,13040.35,783,1089,13890371.0
2022-05-13,2022-05-13,EASTSILK,B,5.15,5.41,5.15,5.18,5.36,50,26233,137164.0
2022-05-13,2022-05-13,FACT,B,115.0,117.95,111.75,113.45,112.4,1204,40634,4686746.0
2022-05-13,2022-05-13,GINNIFILA,B,43.0,43.0,38.6,39.1,39.3,273,26625,1069745.0
2022-05-13,2022-05-13,SPIC,B,61.1,63.8,60.1,62.5,58.95,2329,271604,16922770.0
2022-05-13,2022-05-13,DENORA,B,654.9,666.0,616.0,640.8,634.65,414,3838,2459648.0
2022-05-13,2022-05-13,KAVDEFENCE,B,11.85,12.33,11.31,11.9,11.75,73,10247,122137.0
2022-05-13,2022-05-13,SAKSOFT,B,697.9,741.0,697.9,708.45,690.5,262,2639,1893077.0
2022-05-13,2022-05-13,SALONA,B,245.65,245.85,234.2,234.7,234.2,64,292,69052.0
2022-05-13,2022-05-13,EQUIPPP,B,63.0,63.0,61.9,63.0,60.0,63,1572,98863.0
2022-05-13,2022-05-13,ANDHRSUGAR,B,138.0,138.0,132.5,133.85,130.95,2059,66063,8927365.0
2022-05-13,2022-05-13,IMPAL,B,773.75,780.55,773.75,774.95,770.65,10,38,29568.0
2022-05-13,2022-05-13,KCP,B,103.8,105.95,99.0,101.8,102.25,1347,34727,3552411.0
2022-05-13,2022-05-13,KHAITANLTD,T,43.8,43.8,42.3,42.3,43.8,2,8,345.0
2022-05-13,2022-05-13,RADAAN,T,1.57,1.57,1.57,1.57,1.5,1,500,785.0
2022-05-13,2022-05-13,SUNDARMFIN,B,1848.4,1848.4,1799.3,1800.05,1828.9,291,591,1074991.0
2022-05-13,2022-05-13,SUNDRMBRAK,B,337.15,339.45,330.0,332.05,335.0,52,306,102184.0
2022-05-13,2022-05-13,WHEELS,B,561.05,579.9,561.05,574.25,551.05,38,230,130793.0
2022-05-13,2022-05-13,LAMBODHARA,B,81.85,86.35,81.85,83.2,80.5,141,3422,289669.0
2022-05-13,2022-05-13,MAITHANALL,B,1018.0,1059.35,1018.0,1031.2,1018.45,1408,6737,7018143.0
2022-05-13,2022-05-13,LOHIASECURI,X,146.7,146.9,146.4,146.9,139.95,13,1701,249848.0
2022-05-13,2022-05-13,ORISSAMINE,B,2781.4,2909.95,2779.1,2856.2,2725.1,668,1604,4581815.0
2022-05-13,2022-05-13,GOLDBEES,E,43.63,43.99,43.3,43.47,43.96,679,231301,10084875.0
2022-05-13,2022-05-13,LIQUIDBEES,F,995.0,1000.01,995.0,1000.0,999.99,281,52093,52093042.0
2022-05-13,2022-05-13,GOLD1,E,43.84,43.85,43.46,43.55,44.08,200,18367,801316.0
2022-05-13,2022-05-13,SETFGOLD,E,45.1,45.1,44.5,44.54,45.29,408,64395,2875810.0
2022-05-13,2022-05-13,QGOLDHALF,E,43.6,43.79,43.26,43.26,43.78,31,2045,88621.0
2022-05-13,2022-05-13,GOLDBETA,E,43.58,43.79,43.25,43.39,43.84,69,12315,535009.0
2022-05-13,2022-05-13,NIFTYBEES,B,173.0,174.55,171.0,171.41,171.63,2915,179043,30976007.0
2022-05-13,2022-05-13,JUNIORBEES,B,403.67,407.0,394.16,396.39,398.74,1541,23183,9321403.0
2022-05-13,2022-05-13,BANKBEES,B,341.2,343.19,333.97,335.05,338.14,1943,66139,22366803.0
2022-05-13,2022-05-13,PSUBANK,B,238.5,243.88,233.73,237.13,237.95,95,3292,791903.0
2022-05-13,2022-05-13,PSUBNKBEES,B,26.7,27.29,26.12,26.21,26.38,898,171259,4567144.0
2022-05-13,2022-05-13,SHARIABEES,B,402.93,405.0,402.93,404.0,397.75,6,8,3229.0
2022-05-13,2022-05-13,QNIFTY,B,1660.0,1682.0,1654.0,1656.76,1660.0,20,154,258446.0
2022-05-13,2022-05-13,HNGSNGBEES,E,303.99,303.99,297.01,298.3,297.13,38,350,104530.0
2022-05-13,2022-05-13,MOM50,B,159.0,162.0,155.1,158.6,158.2,45,338,53882.0
2022-05-13,2022-05-13,ASHIKACR,X,36.75,36.85,33.0,36.45,35.0,32,8296,304109.0
2022-05-13,2022-05-13,MADRASFERT,B,43.8,45.35,43.0,43.4,42.5,1261,62115,2750532.0
2022-05-13,2022-05-13,BANKNIFTY1,B,337.0,341.2,334.5,334.73,336.9,46,408,138834.0
2022-05-13,2022-05-13,SETFNIFBK,B,335.0,340.0,331.12,332.12,335.19,81,1201,402792.0
2022-05-13,2022-05-13,SETFNIF50,B,164.41,165.2,161.67,162.01,162.92,1118,70153,11473352.0
2022-05-13,2022-05-13,TCMRE,R,16.0,18.5,13.55,14.8,13.4,55,5822,89288.0
2022-05-13,2022-05-13,SGB20151,G,5399.0,5399.0,5000.0,5000.0,5022.0,11,67,335840.0
2022-05-13,2022-05-13,SGB2016II,G,5150.0,5150.0,5150.0,5150.0,4940.0,1,1,5150.0
2022-05-13,2022-05-13,SGBAUG24,G,5000.0,5050.0,4862.0,4911.67,4933.2,9,87,431378.0
2022-05-13,2022-05-13,SGBSEP24,G,5000.0,5000.0,5000.0,5000.0,4852.16,1,10,50000.0
2022-05-13,2022-05-13,SGBMAY25,G,4860.0,4860.0,4860.0,4860.0,4860.0,1,1,4860.0
2022-05-13,2022-05-13,SGBOCT25IV,G,4812.0,4812.0,4812.0,4812.0,4803.06,2,2,9624.0
2022-05-13,2022-05-13,SGBOCT25,G,4861.0,4861.0,4850.0,4851.85,4851.05,4,73,354185.0
2022-05-13,2022-05-13,SGBDEC25,G,5238.0,5238.0,5238.0,5238.0,4821.0,1,1,5238.0
2022-05-13,2022-05-13,SGBJAN26,G,4800.0,4800.0,4800.0,4800.0,4782.03,1,3,14400.0
2022-05-13,2022-05-13,757GS2033,G,103.2,103.2,103.2,103.2,110.0,1,200000,20640000.0
2022-05-13,2022-05-13,SGBAUG27,G,4780.0,4780.0,4775.0,4775.0,4775.0,5,26,124155.0
2022-05-13,2022-05-13,SGBSEP27,G,4680.0,4680.0,4680.0,4680.0,4950.0,2,50,234000.0
2022-05-13,2022-05-13,SGBAPR28I,G,4702.0,4702.0,4700.1,4700.1,4730.0,3,8,37606.0
2022-05-13,2022-05-13,SGBMAY28,G,4710.0,4758.0,4710.0,4737.03,4738.0,7,24,113305.0
2022-05-13,2022-05-13,SGBJUN28,G,4691.0,4740.0,4691.0,4720.0,4725.1,8,28,131653.0
2022-05-13,2022-05-13,SGBJUL28IV,G,4710.0,4720.0,4710.0,4720.0,4710.0,5,60,282700.0
2022-05-13,2022-05-13,SGBAUG28V,G,4800.0,4800.0,4746.0,4767.64,4800.0,95,374,1779160.0
2022-05-13,2022-05-13,SGBSEP28VI,G,4700.0,4785.0,4700.0,4785.0,4715.0,5,10,47310.0
2022-05-13,2022-05-13,SGBOC28VII,G,4720.0,4730.0,4715.0,4730.0,4721.67,11,45,212485.0
2022-05-13,2022-05-13,SGBN28VIII,G,4740.01,4740.01,4701.01,4712.48,4755.1,14,60,283768.0
2022-05-13,2022-05-13,SGBJAN29IX,G,4742.0,4790.0,4632.0,4705.88,4725.53,25,185,866800.0
2022-05-13,2022-05-13,SGBFEB29XI,G,4729.99,4729.99,4671.0,4671.0,4729.99,2,11,51734.0
2022-05-13,2022-05-13,SGBMR29XII,G,4712.0,4720.0,4705.0,4720.0,4713.0,7,58,273071.0
2022-05-13,2022-05-13,SGBMAY29I,G,4711.0,4739.0,4701.0,4717.37,4742.03,36,413,1947603.0
2022-05-13,2022-05-13,SGBJUN29II,G,4722.0,4730.0,4722.0,4730.0,4723.01,2,12,56744.0
2022-05-13,2022-05-13,SGBJU29III,G,4715.0,4720.0,4715.0,4720.0,4712.0,2,10,47190.0
2022-05-13,2022-05-13,SGBJUL29IV,G,4701.1,4756.8,4666.16,4740.33,4732.0,26,184,864680.0
2022-05-13,2022-05-13,SGBAUG29V,G,4722.0,4725.0,4701.0,4725.0,4722.0,3,8,37677.0
2022-05-13,2022-05-13,SGBSEP29VI,G,4784.0,4840.0,4784.0,4840.0,4708.0,5,50,239694.0
2022-05-13,2022-05-13,SGBD29VIII,G,4730.01,4735.0,4720.0,4720.08,4725.63,13,70,330766.0
2022-05-13,2022-05-13,SGBJAN30IX,G,4775.0,4775.0,4700.0,4700.0,4722.01,2,6,28575.0
2022-05-13,2022-05-13,SGBMAR30X,G,4770.0,4885.0,4751.0,4800.1,4770.0,9,31,150057.0
2022-05-13,2022-05-13,AIRTELPP,A,339.95,339.95,309.0,311.6,323.0,719,7948,2519953.0
2022-05-13,2022-05-13,PATINTPP,B,3.6,4.17,3.6,3.92,3.48,156,68355,263895.0
2022-05-13,2022-05-13,NATCAPSPP,X,340.2,375.3,340.2,368.75,357.45,41,518,191272.0
2022-05-13,2022-05-13,WARDWIZPP,B,20.75,21.9,20.1,21.3,20.75,177,21777,457911.0
2022-05-13,2022-05-13,TILAKPP,X,3.01,3.01,3.01,3.01,3.16,36,27512,82811.0
2022-05-13,2022-05-13,PRISMXPP,X,1.45,1.65,1.3,1.58,1.4,68,34831,51442.0
2022-05-13,2022-05-13,ASMTECPP,X,375.0,390.0,374.8,390.0,394.5,19,169,63844.0
2022-05-13,2022-05-13,99IFCI24,F,1061.0,1061.0,1057.0,1057.0,1060.0,2,22,23334.0
2022-05-13,2022-05-13,849NTPC25,F,13.05,13.12,13.05,13.1,13.08,14,2805,36747.0
2022-05-13,2022-05-13,736PFCL25,F,1082.35,1102.0,1082.35,1102.0,1095.0,3,72,79038.0
2022-05-13,2022-05-13,714REC25,F,1070.01,1070.01,1070.01,1070.01,1070.21,1,1,1070.0
2022-05-13,2022-05-13,753IRFC30,F,1180.0,1180.0,1180.0,1180.0,1191.0,1,5,5900.0
2022-05-13,2022-05-13,76NHAI31,F,1200.0,1200.0,1156.82,1160.05,1154.0,38,4307,4986423.0
2022-05-13,2022-05-13,769NHAI31,F,1220.0,1228.0,1220.0,1228.0,1210.36,3,82,100440.0
2022-05-13,2022-05-13,769HUDCO31,F,1177.0,1199.0,1177.0,1199.0,1185.41,5,172,204194.0
2022-05-13,2022-05-13,764IRFC31,F,1215.0,1220.0,1206.0,1210.88,1200.0,15,562,680892.0
2022-05-13,2022-05-13,729NABAR26,F,1088.9,1098.0,1088.9,1098.0,1065.01,18,1737,1899508.0
2022-05-13,2022-05-13,764NABAR31,F,1165.0,1166.0,1160.0,1163.0,1165.0,11,1156,1341698.0
2022-05-13,2022-05-13,9MMFSL26,F,1120.0,1120.0,1118.0,1118.67,1121.01,2,30,33560.0
2022-05-13,2022-05-13,10NIDO26,F,1025.0,1025.0,1025.0,1025.0,1020.0,1,15,15375.0
2022-05-13,2022-05-13,915SCL26,F,911.0,911.0,910.0,910.0,915.0,4,113,102843.0
2022-05-13,2022-05-13,915RHFL27B,F,320.0,320.0,320.0,320.0,294.01,1,20,6400.0
2022-05-13,2022-05-13,92KFL27,F,1560.0,1560.0,1560.0,1560.0,1400.0,12,450,702000.0
2022-05-13,2022-05-13,800MMFSL27,F,1014.0,1014.0,1014.0,1014.0,1014.98,1,50,50700.0
2022-05-13,2022-05-13,805MMFSL32,F,1022.0,1022.0,1022.0,1022.0,1022.0,4,603,616266.0
2022-05-13,2022-05-13,950SEFL28,F,144.0,144.0,144.0,144.0,180.0,1,13,1872.0
2022-05-13,2022-05-13,865ERFL23,F,996.0,996.0,995.0,995.0,995.0,2,200,199100.0
2022-05-13,2022-05-13,9MFL23,F,1015.0,1019.0,1012.0,1015.02,1018.97,10,1255,1273516.0
2022-05-13,2022-05-13,0MFL23,F,1395.01,1395.01,1395.01,1395.01,1415.0,1,130,181351.0
2022-05-13,2022-05-13,935SEFL23,F,408.0,408.0,408.0,408.0,340.0,1,1,408.0
2022-05-13,2022-05-13,975JMFCS28,F,1121.0,1121.0,1121.0,1121.0,1124.0,1,43,48203.0
2022-05-13,2022-05-13,934JMFCS28,F,1030.0,1030.0,1030.0,1030.0,1022.0,1,25,25750.0
2022-05-13,2022-05-13,893STFCL23,F,1010.0,1010.0,1010.0,1010.0,1009.0,1,50,50500.0
2022-05-13,2022-05-13,903SFL28,F,1060.0,1060.0,1060.0,1060.0,1064.85,1,20,21200.0
2022-05-13,2022-05-13,925EFL23,F,974.31,990.0,966.0,990.0,1001.0,16,1178,1145429.0
2022-05-13,2022-05-13,890TCFSL23,F,1078.1,1078.1,1077.0,1077.0,1080.0,18,125,134630.0
2022-05-13,2022-05-13,925AHFL23,F,1010.0,1010.0,1010.0,1010.0,1010.0,1,2,2020.0
2022-05-13,2022-05-13,97SFL28,F,1100.0,1100.0,1100.0,1100.0,1117.0,1,10,11000.0
2022-05-13,2022-05-13,10MFL23,F,1026.0,1026.0,1022.0,1022.0,1022.0,4,63,64526.0
2022-05-13,2022-05-13,0JMFCSL22,F,1383.0,1384.0,1383.0,1383.35,1383.0,2,31,42884.0
2022-05-13,2022-05-13,1025JFCS28,F,1090.0,1090.0,1090.0,1090.0,1080.0,2,100,109000.0
2022-05-13,2022-05-13,981JMFCS28,F,1090.0,1090.0,1090.0,1090.0,1095.0,1,19,20710.0
2022-05-13,2022-05-13,995EFL24,F,1003.0,1003.0,1000.0,1000.0,1000.0,3,131,131300.0
2022-05-13,2022-05-13,1040EFL24,F,1020.0,1020.0,1016.0,1018.0,1004.31,3,330,335620.0
2022-05-13,2022-05-13,EFL4JAN19A,F,1362.0,1362.0,1362.0,1362.0,1375.0,1,100,136200.0
2022-05-13,2022-05-13,1015ECL29,F,1010.0,1010.0,1000.0,1000.0,1005.0,3,45,45100.0
2022-05-13,2022-05-13,1060ECL29,F,975.0,975.0,975.0,975.0,976.01,1,100,97500.0
2022-05-13,2022-05-13,93MMFSL27,F,1084.0,1084.5,1080.01,1084.0,1089.99,8,348,376518.0
2022-05-13,2022-05-13,1005SEFL24,F,249.9,260.8,249.9,255.0,251.0,12,304,77033.0
2022-05-13,2022-05-13,97SFL29,F,1100.0,1100.0,1100.0,1100.0,1100.0,1,1,1100.0
2022-05-13,2022-05-13,975IFL24,F,1011.0,1011.0,1011.0,1011.0,1005.45,2,155,156705.0
2022-05-13,2022-05-13,10IIFL29,F,1005.0,1005.0,1001.12,1001.12,1020.0,2,46,46129.0
2022-05-13,2022-05-13,1050DLSL24,F,1006.0,1006.0,1006.0,1006.0,994.0,3,63,63378.0
2022-05-13,2022-05-13,925LTFH24,F,1039.0,1053.0,1039.0,1046.99,1036.0,4,400,417349.0
2022-05-13,2022-05-13,889LTFH24,F,1054.0,1054.0,1050.55,1050.55,1055.0,2,3,3158.0
2022-05-13,2022-05-13,898LTF29,F,1108.0,1108.0,1108.0,1108.0,1095.0,5,140,155120.0
2022-05-13,2022-05-13,975MFL24A,F,1036.4,1036.4,1029.99,1030.0,1030.0,4,18,18578.0
2022-05-13,2022-05-13,10MFL24,F,1033.0,1035.0,1032.0,1034.06,1032.0,7,75,77487.0
2022-05-13,2022-05-13,87LTF27,F,1074.9,1075.0,1074.9,1075.0,1060.0,2,77,82774.0
2022-05-13,2022-05-13,935SFL24,F,1020.0,1020.0,1016.0,1019.94,1017.6,13,815,831169.0
2022-05-13,2022-05-13,975MHIL24,F,1030.0,1034.0,1030.0,1032.8,1030.0,4,153,157842.0
2022-05-13,2022-05-13,1004JMFPL24,F,1011.0,1011.99,1008.0,1008.2,1010.19,19,833,840892.0
2022-05-13,2022-05-13,1050JMFPL24,F,1008.0,1010.0,1007.99,1008.0,1008.0,17,2627,2648958.0
2022-05-13,2022-05-13,102EFL22,F,998.2,998.2,992.7,994.2,999.8,4,50,49677.0
2022-05-13,2022-05-13,0EFL22,F,1325.0,1325.0,1325.0,1325.0,1332.0,1,3,3975.0
2022-05-13,2022-05-13,995ECL24B,F,990.0,990.0,990.0,990.0,992.0,2,250,247500.0
2022-05-13,2022-05-13,104ECL24A,F,990.0,990.0,973.2,973.59,980.0,14,590,576020.0
2022-05-13,2022-05-13,995ECL29A,F,1000.0,1010.0,1000.0,1010.0,1000.0,2,10,10030.0
2022-05-13,2022-05-13,95MFL22,F,1000.0,1000.01,1000.0,1000.01,992.0,2,229,229002.0
2022-05-13,2022-05-13,10MFL24A,F,1115.5,1115.5,1113.0,1113.0,1114.31,13,615,685319.0
2022-05-13,2022-05-13,0MFL22AA,F,1305.0,1305.0,1305.0,1305.0,1300.01,10,1533,2000565.0
2022-05-13,2022-05-13,912STF23,F,1019.5,1020.0,1019.5,1020.0,1006.0,2,50,50980.0
2022-05-13,2022-05-13,0STF23,F,1296.0,1296.0,1296.0,1296.0,1293.0,1,50,64800.0
2022-05-13,2022-05-13,985IIFL22,F,1010.5,1029.9,1010.5,1028.0,1010.5,5,340,346195.0
2022-05-13,2022-05-13,97SCUF22,F,1052.51,1052.51,1052.5,1052.51,1060.0,2,25,26312.0
2022-05-13,2022-05-13,985SFL24,F,1080.0,1080.0,1080.0,1080.0,1120.0,2,100,108000.0
2022-05-13,2022-05-13,1175KAFL24,F,1020.0,1020.0,1020.0,1020.0,1012.0,1,14,14280.0
2022-05-13,2022-05-13,BILNCD,F,31.85,31.85,31.63,31.68,31.61,5,1021,32467.0
2022-05-13,2022-05-13,10MFL22A,F,1275.0,1276.0,1220.0,1276.0,1275.0,6,860,1085344.0
2022-05-13,2022-05-13,975MFL24B,F,1029.5,1029.5,1029.5,1029.5,1032.0,2,10,10295.0
2022-05-13,2022-05-13,975MFL23,F,1058.0,1058.0,1058.0,1058.0,1052.0,1,50,52900.0
2022-05-13,2022-05-13,10MFL24B,F,1076.0,1076.0,1075.26,1075.26,1077.0,2,54,58089.0
2022-05-13,2022-05-13,0MFL23A,F,1257.2,1260.0,1257.2,1257.25,1253.2,7,500,629444.0
2022-05-13,2022-05-13,1065MHFL24,F,1110.0,1110.0,1110.0,1110.0,1110.0,1,2,2220.0
2022-05-13,2022-05-13,MHFLZC24,F,1324.0,1324.0,1324.0,1324.0,1310.01,1,50,66200.0
2022-05-13,2022-05-13,102ECL23,F,1036.69,1036.7,1036.69,1036.7,1015.01,2,100,103669.0
2022-05-13,2022-05-13,995ECL24,F,998.99,999.0,998.99,998.99,990.0,4,9,8990.0
2022-05-13,2022-05-13,104ECL24,F,1003.8,1003.8,1003.8,1003.8,1013.2,1,30,30114.0
2022-05-13,2022-05-13,ECLZC24B,F,1219.0,1219.0,1219.0,1219.0,1226.99,1,20,24380.0
2022-05-13,2022-05-13,995ECL29,F,980.0,980.0,970.0,980.0,980.0,5,106,103830.0
2022-05-13,2022-05-13,865LTF26,F,1067.0,1075.0,1067.0,1072.0,1068.01,7,84,89938.0
2022-05-13,2022-05-13,10MFL24AA,F,1065.1,1065.1,1065.1,1065.1,1075.0,2,15,15976.0
2022-05-13,2022-05-13,81TCHF23,F,1034.0,1034.0,1034.0,1034.0,1028.64,1,29,29986.0
2022-05-13,2022-05-13,84TCHF28,F,1070.01,1070.01,1070.01,1070.01,1070.0,2,20,21400.0
2022-05-13,2022-05-13,885STFCL23,F,1022.0,1022.0,1022.0,1022.0,1100.0,1,5,5110.0
2022-05-13,2022-05-13,9SFL25A,F,1020.2,1020.2,1020.2,1020.2,1030.0,1,5,5101.0
2022-05-13,2022-05-13,98NWFL25,F,998.9,998.9,975.0,975.23,980.0,6,715,699896.0
2022-05-13,2022-05-13,NWFLZC25,F,1140.0,1150.0,1140.0,1150.0,1180.0,4,20,22894.0
2022-05-13,2022-05-13,98NWFL30,F,1007.1,1007.1,996.0,996.0,1009.9,2,150,150288.0
2022-05-13,2022-05-13,94MFL23,F,1005.0,1005.0,1005.0,1005.0,1014.5,4,143,143715.0
2022-05-13,2022-05-13,97JFPL23,F,1028.0,1028.0,1028.0,1028.0,1024.0,1,6,6168.0
2022-05-13,2022-05-13,948JFPL25,F,1022.0,1022.0,1012.0,1017.0,1024.0,6,300,305100.0
2022-05-13,2022-05-13,KFL29MAY20B,F,1210.0,1210.0,1210.0,1210.0,1193.5,3,400,484000.0
2022-05-13,2022-05-13,925MFL25,F,975.0,975.0,975.0,975.0,985.0,1,5,4875.0
2022-05-13,2022-05-13,0MFL22C,F,1181.0,1185.0,1125.4,1183.67,1181.5,6,380,442704.0
2022-05-13,2022-05-13,885MFL23,F,994.0,994.0,994.0,994.0,994.99,1,50,49700.0
2022-05-13,2022-05-13,935EFSL24,F,977.0,978.8,977.0,978.8,977.0,3,111,108627.0
2022-05-13,2022-05-13,953EFSL31,F,921.0,921.0,921.0,921.0,921.0,2,100,92100.0
2022-05-13,2022-05-13,MFLI24,F,985.0,985.0,985.0,985.0,985.0,2,1211,1192835.0
2022-05-13,2022-05-13,MFLII26,F,980.0,982.0,980.0,981.77,980.0,3,72,70684.0
2022-05-13,2022-05-13,MFLIV26,F,985.8,985.8,985.8,985.8,998.8,1,100,98580.0
2022-05-13,2022-05-13,MFLV24,F,1063.0,1063.0,1060.0,1060.0,1066.0,2,100,106150.0
2022-05-13,2022-05-13,7PFCL31,F,993.8,994.0,992.8,993.96,995.0,15,1226,1218244.0
2022-05-13,2022-05-13,697PFCL36,F,998.99,998.99,990.0,993.9,993.0,10,215,213419.0
2022-05-13,2022-05-13,715PFCL36,F,1004.99,1004.99,1002.0,1004.0,1001.9,16,971,974097.0
2022-05-13,2022-05-13,825MFL23,F,993.0,993.0,991.0,991.0,979.0,5,603,598453.0
2022-05-13,2022-05-13,9MFL27,F,997.0,997.0,997.0,997.0,997.0,1,1,997.0
2022-05-13,2022-05-13,0MFL23E,F,1095.0,1106.8,1093.11,1093.11,1095.0,4,62,67949.0
2022-05-13,2022-05-13,MFLZC27E,F,1150.0,1150.0,1150.0,1150.0,1090.0,1,100,115000.0
2022-05-13,2022-05-13,10IIFL28A,F,985.0,985.0,982.0,982.0,980.0,3,150,147490.0
2022-05-13,2022-05-13,96IIFL28A,F,990.0,990.0,975.0,982.83,988.95,18,1766,1733358.0
2022-05-13,2022-05-13,MFLV26E,F,999.0,999.0,997.0,997.0,1000.0,2,10,9974.0
2022-05-13,2022-05-13,MFLVI31F,F,1005.0,1005.0,1002.1,1002.1,1007.0,7,170,170620.0
2022-05-13,2022-05-13,KFLZC26C,F,1000.0,1000.0,1000.0,1000.0,1068.0,1,60,60000.0
2022-05-13,2022-05-13,910EFSL24,F,975.0,975.0,975.0,975.0,941.11,1,10,9750.0
2022-05-13,2022-05-13,916EFSL26,F,945.0,952.0,945.0,952.0,945.0,10,51,48545.0
2022-05-13,2022-05-13,930EFSL31,F,906.7,906.7,906.7,906.7,900.55,9,133,120591.0
2022-05-13,2022-05-13,82IGT31,F,1026.0,1026.0,1026.0,1026.0,1026.36,5,132,135432.0
2022-05-13,2022-05-13,MFLZC26D,F,1060.0,1060.0,1060.0,1060.0,1080.0,1,20,21200.0
2022-05-13,2022-05-13,BILNCD2021,F,29.31,29.4,29.31,29.4,29.52,11,97,2847.0
2022-05-13,2022-05-13,96IIFL28,F,980.75,981.0,980.5,981.0,977.11,3,300,294225.0
2022-05-13,2022-05-13,IIFLZC28C,F,1012.0,1012.0,1012.0,1012.0,1012.0,3,50,50600.0
2022-05-13,2022-05-13,875EFSL24,F,950.0,950.01,946.0,948.17,950.0,8,331,314173.0
2022-05-13,2022-05-13,91EFSL24,F,1000.0,1000.0,1000.0,1000.0,1000.0,1,20,20000.0
2022-05-13,2022-05-13,915EFSL26,F,944.0,944.0,943.0,944.0,940.0,6,31,29261.0
2022-05-13,2022-05-13,955EFSL26A,F,961.21,961.21,959.0,959.0,956.2,7,200,192202.0
2022-05-13,2022-05-13,97EFSL31,F,975.8,975.8,975.8,975.8,945.2,1,50,48790.0
2022-05-13,2022-05-13,950MMFL25,F,999.0,1010.0,999.0,1010.0,999.0,2,24,24196.0
2022-05-13,2022-05-13,0KSFL23,F,1020.0,1020.0,1020.0,1020.0,995.0,4,100,102000.0
2022-05-13,2022-05-13,10KSFL25,F,965.0,965.0,965.0,965.0,995.0,3,900,868500.0
2022-05-13,2022-05-13,791JMFPL26,F,1012.5,1014.0,1012.5,1014.0,1012.0,2,22,22290.0
2022-05-13,2022-05-13,842IIFL26,F,941.0,941.0,941.0,941.0,944.51,2,79,74339.0
2022-05-13,2022-05-13,1050IML23,F,900.2,1001.0,900.2,1001.0,975.1,3,3,2901.0
2022-05-13,2022-05-13,825MFL24,F,968.1,968.1,968.0,968.0,990.0,2,30,29042.0
2022-05-13,2022-05-13,910MFL26,F,965.0,965.0,965.0,965.0,980.0,1,20,19300.0
2022-05-13,2022-05-13,950MFL27,F,1010.0,1010.0,1010.0,1010.0,1000.0,3,200,202000.0
2022-05-13,2022-05-13,975MFL29,F,1010.0,1010.0,1010.0,1010.0,1020.0,2,80,80800.0
2022-05-13,2022-05-13,1003UCL24,F,982.0,1008.99,982.0,995.0,1002.0,4,70,69623.0
2022-05-13,2022-05-13,875EFSL23,F,980.0,980.0,980.0,980.0,975.2,1,10,9800.0
2022-05-13,2022-05-13,91EFSL24A,F,980.0,982.0,980.0,982.0,982.0,2,60,58900.0
2022-05-13,2022-05-13,93EFSL31A,F,964.0,964.0,964.0,964.0,964.0,1,1,964.0
2022-05-13,2022-05-13,8MFL24,F,972.0,972.0,972.0,972.0,963.0,2,17,16524.0
2022-05-13,2022-05-13,10KAFL24,F,989.0,989.0,989.0,989.0,989.0,1,1,989.0
2022-05-13,2022-05-13,10KFIL27,F,1034.99,1034.99,1034.99,1034.99,0.0,1,1,1034.0
2022-05-13,2022-05-13,NIDO24,F,938.0,938.0,938.0,938.0,938.0,1,10,9380.0
2022-05-13,2022-05-13,905NIDO25,F,901.0,901.0,900.1,900.15,0.0,3,15,13506.0
2022-05-13,2022-05-13,915NIDO27,F,1000.0,1000.0,1000.0,1000.0,980.0,1,1,1000.0
2022-05-13,2022-05-13,930NIDO32,F,990.0,1048.0,990.0,1019.0,981.0,2,2,2038.0
2022-05-13,2022-05-13,1015UCL24,F,1027.95,1027.95,1027.95,1027.95,1000.0,1,1,1027.0
2022-05-13,2022-05-13,1040UCL25,F,1000.0,1000.0,995.0,995.0,1000.0,3,15,14980.0
2022-05-13,2022-05-13,102HDB2023B,F,1095697.32,1095697.32,1095697.32,1095697.32,0.0,1,3,3287091.0
2022-05-13,2022-05-13,95SIBL28,F,102000.0,102000.0,102000.0,102000.0,102000.0,1,10,1020000.0
2022-05-13,2022-05-13,975UPPCL27,F,1005500.0,1005500.0,1005500.0,1005500.0,1042000.0,1,1,1005500.0
2022-05-13,2022-05-13,1015UPPCL23,F,799000.0,799000.0,799000.0,799000.0,794000.0,1,1,799000.0
2022-05-13,2022-05-13,1015UPPCL24,F,1030000.0,1030000.0,1030000.0,1030000.0,1025000.0,1,1,1030000.0
2022-05-13,2022-05-13,1015UPPC25,F,1044990.0,1045000.0,1044990.0,1044995.0,1044990.0,2,2,2089990.0
2022-05-13,2022-05-13,1375SIBPER,F,104000.0,104000.0,104000.0,104000.0,104490.0,1,10,1040000.0
2022-05-13,2022-05-13,85BOBPERP,F,1068500.0,1068500.0,1068500.0,1068500.0,1062000.0,1,1,1068500.0
2022-05-13,2022-05-13,PFCBT1S4,F,12904.0,12904.0,12900.0,12900.0,12900.0,2,6,77416.0
2022-05-13,2022-05-13,830NHAI27,F,1178.0,1178.0,1178.0,1178.0,1181.0,1,5,5890.0
2022-05-13,2022-05-13,82HUDCO27,F,1170.0,1188.0,1170.0,1177.0,1145.0,12,914,1076498.0
2022-05-13,2022-05-13,812REC27,F,1239.68,1239.68,1176.31,1176.31,1178.0,2,12,14242.0
2022-05-13,2022-05-13,722REC22TF,F,1039.6,1039.6,1039.6,1039.6,1042.0,1,50,51980.0
2022-05-13,2022-05-13,738REC27TF,F,1108.31,1108.31,1108.31,1108.31,1132.0,1,20,22166.0
2022-05-13,2022-05-13,718IRFC2023,F,1052.6,1052.6,1052.6,1052.6,1053.0,1,5,5263.0
2022-05-13,2022-05-13,734HUDCO23,F,1098.99,1098.99,1098.99,1098.99,1099.0,1,30,32969.0
2022-05-13,2022-05-13,751HUDCO28,F,1118.0,1118.0,1118.0,1118.0,1128.0,4,50,55900.0
2022-05-13,2022-05-13,826REC23,F,1063.5,1067.0,1063.5,1067.0,1071.0,3,135,143734.0
2022-05-13,2022-05-13,871REC28,F,1215.0,1216.0,1212.0,1213.63,1202.21,5,293,355976.0
2022-05-13,2022-05-13,826IIFCL23,F,1071.52,1071.52,1071.52,1071.52,1076.88,1,100,107152.0
2022-05-13,2022-05-13,879PFCL28,F,1225.0,1225.0,1225.0,1225.0,1215.2,1,1,1225.0
2022-05-13,2022-05-13,892PFCL33,F,1345.0,1345.0,1345.0,1345.0,1349.5,2,100,134500.0
2022-05-13,2022-05-13,891NTPC33,F,1331.1,1331.1,1328.0,1329.55,1330.0,2,20,26591.0
2022-05-13,2022-05-13,876HUDCO24,F,1085.0,1095.0,1085.0,1085.0,1075.01,10,900,981623.0
2022-05-13,2022-05-13,901HUDCO34,F,1351.0,1351.0,1350.0,1350.09,1358.89,3,110,148510.0
2022-05-13,2022-05-13,848IIFC29A,F,1172.0,1172.0,1172.0,1172.0,1232.31,1,400,468800.0
2022-05-13,2022-05-13,891IIFCL34,F,1332.0,1332.0,1330.0,1330.0,1321.19,3,225,299300.0
2022-05-13,2022-05-13,852NHAI24,F,1070.0,1070.0,1070.0,1070.0,1099.76,3,202,216140.0
2022-05-13,2022-05-13,875NHAI29,F,1270.0,1270.0,1220.0,1255.5,1221.0,14,436,548677.0
2022-05-13,2022-05-13,865IRFC29,F,1181.73,1181.73,1181.73,1181.73,1171.51,2,750,886297.0
2022-05-13,2022-05-13,880IREDA29,F,1250.0,1250.0,1250.0,1250.0,1210.0,1,1,1250.0
2022-05-13,2022-05-13,861KPL24,F,1085.0,1085.0,1085.0,1085.0,1080.0,1,30,32550.0
2022-05-13,2022-05-13,900KPL29,F,1250.0,1250.0,1250.0,1250.0,1200.0,1,1,1250.0
2022-05-13,2022-05-13,736NTPC25D,F,1134.0,1137.0,1134.0,1137.0,1115.0,17,526,597283.0
2022-05-13,2022-05-13,1075IFC26A,F,11550.0,11550.0,11550.0,11550.0,11450.0,1,10,115500.0
2022-05-13,2022-05-13,916IFCI27A,F,5100.0,5100.0,5100.0,5100.0,5100.0,1,4,20400.0
2022-05-13,2022-05-13,85IFCI24A,F,11401.0,11401.0,11401.0,11401.0,11350.0,1,1,11401.0
2022-05-13,2022-05-13,872IFCI27,F,11185.0,11185.0,11185.0,11185.0,11173.0,2,4,44740.0
2022-05-13,2022-05-13,990IFCI27B,F,25800.0,25800.0,25800.0,25800.0,25600.0,1,12,309600.0
2022-05-13,2022-05-13,975IFCI28,F,1015481.0,1015481.0,1015481.0,1015481.0,920000.0,1,1,1015481.0
2022-05-13,2022-05-13,955TCAPERA,F,1089999.0,1089999.0,1089999.0,1089999.0,1090000.0,1,1,1089999.0
2022-05-13,2022-05-13,675PFL31,F,830.99,830.99,829.0,829.63,827.94,24,3176,2634896.0
2022-05-13,2022-05-13,97UPPCL31,F,1049999.0,1049999.0,1049999.0,1049999.0,1048974.0,2,2,2099998.0
2022-05-13,2022-05-13,97UPPCL32,F,1054000.0,1054000.0,1054000.0,1054000.0,1054000.0,1,1,1054000.0
