TradDt,BizDt,TckrSymb,SctySrs,OpnPric,HghPric,LwPric,ClsPric,PrvsClsgPric,TtlNbOfTxsExctd,TtlTradgVol,TtlTrfVal
2023-07-06,2023-07-06,ABB,A,4400.05,4445.4,4384.25,4396.45,4400.8,1376,6175,27256208.0
2023-07-06,2023-07-06,AEGISLOG,A,353.0,353.0,343.85,345.1,353.0,3039,989991,343373643.0
2023-07-06,2023-07-06,ARE&M,A,687.3,708.45,686.0,703.55,686.0,2824,55848,39190208.0
2023-07-06,2023-07-06,AMBALALSA,X,28.47,28.47,27.67,28.13,28.08,339,89088,2492474.0
2023-07-06,2023-07-06,HDFC,A,2796.9,2815.8,2772.8,2795.6,2796.4,5869,61791,172613510.0
2023-07-06,2023-07-06,ANDHRAPET,X,65.53,67.45,65.53,66.97,65.95,529,92664,6176639.0
2023-07-06,2023-07-06,ANSALAPI,T,9.4,9.6,8.93,9.0,9.4,78,32844,304887.0
2023-07-06,2023-07-06,UTIQUE,X,5.0,5.09,4.9,4.98,5.01,232,93561,464892.0
2023-07-06,2023-07-06,ARUNAHTEL,XT,20.61,21.99,20.14,21.07,21.2,100,29901,605905.0
2023-07-06,2023-07-06,BOMDYEING,A,123.55,127.95,118.6,119.6,122.9,10041,1111047,136075214.0
2023-07-06,2023-07-06,ASIANHOTNR,T,167.95,167.95,156.0,165.0,160.0,9,362,59600.0
2023-07-06,2023-07-06,ATUL,A,6835.0,6868.0,6767.05,6852.3,6842.45,717,2874,19612362.0
2023-07-06,2023-07-06,ATVPR,XT,9.35,9.86,9.35,9.54,9.51,83,13445,128456.0
2023-07-06,2023-07-06,BAJAJELEC,A,1215.85,1229.65,1214.65,1219.7,1219.05,287,2094,2560706.0
2023-07-06,2023-07-06,BAJAJHIND,A,16.94,17.5,16.94,17.37,17.05,4679,3584990,62097990.0
2023-07-06,2023-07-06,FORCEMOT,B,2545.0,2649.5,2530.0,2618.75,2492.25,1911,10943,28551684.0
2023-07-06,2023-07-06,BAJFINANCE,A,7825.0,7825.0,7735.0,7771.45,7837.7,4196,28590,222104258.0
2023-07-06,2023-07-06,BALRAMCHIN,A,382.5,385.6,380.95,383.9,382.5,1648,60241,23102116.0
2023-07-06,2023-07-06,BANCOINDIA,B,303.05,308.7,302.85,304.55,303.3,751,17420,5330778.0
2023-07-06,2023-07-06,ABREL,A,928.0,930.8,907.6,913.3,928.0,1454,24382,22389240.0
2023-07-06,2023-07-06,BANARISUG,B,2741.7,2743.65,2708.05,2723.9,2728.45,38,82,223121.0
2023-07-06,2023-07-06,BASF,A,2599.2,2621.4,2590.8,2601.05,2589.75,157,600,1562939.0
2023-07-06,2023-07-06,BATAINDIA,A,1661.0,1676.0,1651.25,1673.45,1659.2,2237,20033,33397609.0
2023-07-06,2023-07-06,BEML,A,1596.6,1608.8,1581.95,1589.0,1592.75,722,6864,10941919.0
2023-07-06,2023-07-06,BEL,A,122.1,125.05,121.95,124.8,121.75,10990,1436668,177690445.0
2023-07-06,2023-07-06,BEPL,B,92.8,93.1,90.9,91.2,92.45,1813,119291,10953646.0
2023-07-06,2023-07-06,BIHSPONG,XT,9.34,9.34,8.81,9.19,9.19,39,5312,48621.0
2023-07-06,2023-07-06,BILVYAPAR,T,17.38,17.97,17.38,17.86,17.73,13,1259,22402.0
2023-07-06,2023-07-06,BIRLACABLE,B,171.35,175.3,171.35,172.45,174.2,784,25144,4359284.0
2023-07-06,2023-07-06,BLUESTARCO,A,790.05,791.65,783.25,789.85,787.8,457,2236,1762339.0
2023-07-06,2023-07-06,DISAQ,B,10001.55,10200.0,10001.55,10139.95,10049.75,42,266,2699415.0
2023-07-06,2023-07-06,QUESTCAP,X,275.3,279.0,271.5,278.4,270.0,35,665,183500.0
2023-07-06,2023-07-06,BPL,B,60.8,61.3,60.2,60.65,60.72,55,2716,164469.0
2023-07-06,2023-07-06,OAL,B,327.0,343.65,326.95,334.55,329.0,306,4105,1375718.0
2023-07-06,2023-07-06,CENTEXT,B,9.71,10.25,9.71,9.99,10.03,204,10108,101665.0
2023-07-06,2023-07-06,CESC,A,72.51,76.58,72.51,75.8,73.08,3221,559664,42191940.0
2023-07-06,2023-07-06,CHAMBLFERT,A,274.95,279.0,273.3,278.25,273.0,2193,108931,30165223.0
2023-07-06,2023-07-06,EXIDEIND,A,247.25,252.0,247.0,248.05,246.4,4530,332060,82669080.0
2023-07-06,2023-07-06,CIPLA,A,1010.85,1023.2,1010.85,1021.0,1010.65,1534,25619,26084387.0
2023-07-06,2023-07-06,DICIND,B,438.1,445.0,432.65,445.0,439.0,31,133,58310.0
2023-07-06,2023-07-06,CRISIL,A,3890.0,3949.9,3850.0,3866.65,3904.0,380,1045,4046091.0
2023-07-06,2023-07-06,CGPOWER,A,385.95,394.95,385.0,390.05,383.8,1686,91337,35760606.0
2023-07-06,2023-07-06,DABUR,A,590.5,596.9,586.8,591.65,592.45,3236,56927,33654331.0
2023-07-06,2023-07-06,DALMIASUG,B,366.25,372.7,366.25,371.65,366.2,137,2281,846948.0
2023-07-06,2023-07-06,ARVIND,A,137.55,140.9,136.45,140.15,138.05,2111,102196,14176362.0
2023-07-06,2023-07-06,BHEL,A,93.2,95.31,92.67,93.06,92.96,15612,3695725,346973132.0
2023-07-06,2023-07-06,HINDPETRO,A,288.15,307.0,288.15,302.2,290.75,7364,561566,169094858.0
2023-07-06,2023-07-06,IFCI,A,12.34,12.84,12.3,12.44,12.35,2196,1966421,24742782.0
2023-07-06,2023-07-06,MTNL,A,19.71,20.18,19.71,19.86,19.74,474,234399,4674758.0
2023-07-06,2023-07-06,MRPL,A,88.75,92.25,87.46,90.37,88.89,9204,1819201,164299348.0
2023-07-06,2023-07-06,CHENNPETRO,A,427.7,445.0,427.7,441.3,427.65,6165,348059,152385273.0
2023-07-06,2023-07-06,RELCAPITAL,T,11.36,11.36,11.36,11.36,10.82,388,275615,3130986.0
2023-07-06,2023-07-06,SBIN,A,590.0,593.45,588.95,592.3,590.85,19339,633065,374410446.0
2023-07-06,2023-07-06,SAIL,A,88.04,88.25,86.94,87.71,88.05,4980,762488,66837984.0
2023-07-06,2023-07-06,TITAN,A,3095.05,3111.95,3081.35,3105.7,3100.05,4110,24075,74547748.0
2023-07-06,2023-07-06,IDBI,A,57.75,58.95,57.33,58.42,57.97,2767,976055,56990092.0
2023-07-06,2023-07-06,DCW,A,43.15,46.5,42.95,45.07,43.11,1838,299245,13365211.0
2023-07-06,2023-07-06,DHAMPURSUG,A,266.0,269.55,264.85,267.15,265.65,861,18061,4830235.0
2023-07-06,2023-07-06,DIAMINESQ,X,616.0,634.95,606.0,628.6,616.3,308,8903,5555942.0
2023-07-06,2023-07-06,ELANTAS,B,6421.1,6421.1,6252.05,6372.55,6298.25,78,394,2489574.0
2023-07-06,2023-07-06,DRREDDY,A,5199.95,5255.0,5175.45,5231.65,5176.65,1183,4963,25927046.0
2023-07-06,2023-07-06,EIDPARRY,A,469.0,469.0,463.2,465.95,467.45,1053,20090,9358122.0
2023-07-06,2023-07-06,PGHL,A,5193.35,5210.0,5085.6,5148.3,5179.35,264,436,2244965.0
2023-07-06,2023-07-06,ELECTCAST,A,61.15,62.8,61.0,61.4,61.15,976,191810,11857661.0
2023-07-06,2023-07-06,ESABINDIA,A,4074.2,4145.0,4068.8,4102.75,4058.1,312,675,2774068.0
2023-07-06,2023-07-06,EPL,A,217.95,221.05,214.25,219.65,214.75,2245,66160,14454053.0
2023-07-06,2023-07-06,ESTER,B,109.5,110.1,108.0,108.5,109.55,390,11614,1263640.0
2023-07-06,2023-07-06,FGP,X,5.0,5.21,5.0,5.21,5.01,10,1436,7469.0
2023-07-06,2023-07-06,PHCAP,X,61.05,62.68,56.05,59.74,61.89,45,5540,323127.0
2023-07-06,2023-07-06,FINCABLES,A,840.0,842.45,823.85,828.4,839.0,609,6148,5090541.0
2023-07-06,2023-07-06,COCKERILL,X,2793.0,2835.0,2773.0,2807.0,2757.65,209,2322,6516754.0
2023-07-06,2023-07-06,UFLEX,A,426.0,441.65,426.0,436.4,428.35,888,15840,6904702.0
2023-07-06,2023-07-06,FOSECOIND,B,2620.0,2648.0,2608.2,2613.6,2622.6,105,328,861011.0
2023-07-06,2023-07-06,GOLDENTOBC,Z,40.19,42.48,40.0,40.32,42.0,20,1676,68585.0
2023-07-06,2023-07-06,GANESHBE,B,146.9,148.7,145.05,145.6,146.4,384,11317,1662578.0
2023-07-06,2023-07-06,METROGLOBL,X,92.79,92.79,90.01,91.5,90.71,46,7948,730127.0
2023-07-06,2023-07-06,GTL,B,6.56,6.72,6.53,6.62,6.69,237,92064,610238.0
2023-07-06,2023-07-06,GODFRYPHLP,A,1747.0,1754.1,1715.35,1723.55,1738.6,380,2212,3831866.0
2023-07-06,2023-07-06,GODREJIND,A,510.1,516.85,505.2,506.65,515.15,896,10508,5353516.0
2023-07-06,2023-07-06,KANSAINER,A,323.5,327.9,318.1,319.35,323.45,1424,24204,7786098.0
2023-07-06,2023-07-06,GOODRICKE,X,194.0,194.0,187.1,187.45,188.7,47,2804,527352.0
2023-07-06,2023-07-06,GOODYEAR,B,1218.0,1289.0,1190.1,1270.05,1205.95,3255,24517,30793493.0
2023-07-06,2023-07-06,GTNINDS,X,35.15,35.15,31.1,33.41,33.35,86,6670,217331.0
2023-07-06,2023-07-06,GHCL,A,519.5,548.3,518.9,542.35,519.5,1520,31267,16826569.0
2023-07-06,2023-07-06,GFLLIMITED,B,57.06,58.3,56.75,57.92,57.21,300,37424,2168739.0
2023-07-06,2023-07-06,GLFL,B,2.95,2.95,2.95,2.95,3.0,6,2179,6428.0
2023-07-06,2023-07-06,HCL-INSYS,B,13.92,13.99,13.71,13.8,13.92,921,117694,1629298.0
2023-07-06,2023-07-06,HDFCBANK,A,1673.9,1687.7,1654.4,1674.75,1673.3,19798,312701,523252221.0
2023-07-06,2023-07-06,HEROMOTOCO,A,3151.95,3206.15,3117.8,3171.25,3156.45,4089,30180,95430741.0
2023-07-06,2023-07-06,HFCL,A,67.1,68.13,66.93,67.63,67.09,2462,553782,37377248.0
2023-07-06,2023-07-06,HSCL,A,130.3,132.1,128.85,129.4,129.35,3595,216344,28173562.0
2023-07-06,2023-07-06,HCC,A,21.05,21.25,20.5,20.7,21.0,4492,7737520,160808274.0
2023-07-06,2023-07-06,HINDOILEXP,A,216.9,222.95,215.05,217.95,214.8,2091,96729,21248098.0
2023-07-06,2023-07-06,AGI,A,574.95,574.95,561.6,571.0,568.65,840,9448,5363665.0
2023-07-06,2023-07-06,HINDZINC,A,315.1,338.5,315.1,336.15,311.35,7566,341772,112433225.0
2023-07-06,2023-07-06,NDLVENTURE,T,119.0,119.5,117.5,117.75,119.9,11,390,46133.0
2023-07-06,2023-07-06,HMT,Z,28.75,29.0,28.5,28.98,28.75,36,4107,118155.0
2023-07-06,2023-07-06,PRAGBOS,XT,2.0,2.1,2.0,2.1,2.0,25,17557,36667.0
2023-07-06,2023-07-06,HLVLTD,B,13.6,13.72,13.34,13.39,13.5,237,44420,602270.0
2023-07-06,2023-07-06,IGPL,B,514.6,525.95,508.05,512.45,505.7,1046,13339,6863896.0
2023-07-06,2023-07-06,INDIAGLYCO,A,630.0,633.3,625.0,630.9,627.7,429,3885,2446529.0
2023-07-06,2023-07-06,INDLEASE,X,5.51,5.51,5.51,5.51,5.5,1,100,551.0
2023-07-06,2023-07-06,MARGOFIN,X,36.47,36.47,34.0,36.0,35.94,45,5177,182709.0
2023-07-06,2023-07-06,INDORAMA,B,48.95,49.5,48.3,49.0,48.85,93,7993,391060.0
2023-07-06,2023-07-06,INFY,A,1343.85,1347.25,1337.7,1343.9,1346.6,7650,165554,222270960.0
2023-07-06,2023-07-06,INGERRAND,A,2770.9,2790.0,2756.4,2767.7,2759.65,186,608,1686242.0
2023-07-06,2023-07-06,ITHL,X,304.55,312.0,302.0,309.9,304.55,131,9654,2973078.0
2023-07-06,2023-07-06,IONEXCHANG,A,420.05,469.85,420.05,461.85,420.7,3446,63047,28149993.0
2023-07-06,2023-07-06,SUNDROP,B,859.95,866.15,853.65,865.75,864.0,44,163,140143.0
2023-07-06,2023-07-06,JISLJALEQS,A,40.79,42.16,40.36,41.71,40.44,2293,1060151,43870203.0
2023-07-06,2023-07-06,JASCH,X,165.05,171.0,163.6,166.9,165.05,170,16443,2755419.0
2023-07-06,2023-07-06,JCTLTD,X,2.04,2.08,2.03,2.07,2.04,586,614517,1265764.0
2023-07-06,2023-07-06,JINDALPOLY,A,668.6,669.15,655.9,667.6,661.55,840,12430,8278398.0
2023-07-06,2023-07-06,JSWSTEEL,A,804.25,804.3,790.0,795.55,792.45,11267,356546,283097102.0
2023-07-06,2023-07-06,UMANGDAIRY,B,60.6,61.25,60.12,60.48,60.6,32,925,56286.0
2023-07-06,2023-07-06,KAJARIACER,A,1265.2,1270.45,1231.3,1241.9,1258.2,484,7182,8939899.0
2023-07-06,2023-07-06,KAKATCEM,B,214.05,216.05,208.05,214.05,213.65,141,2050,436399.0
2023-07-06,2023-07-06,KSL,B,353.9,356.35,347.7,352.45,353.55,113,1827,643822.0
2023-07-06,2023-07-06,KANELIND,XT,1.47,1.61,1.47,1.61,1.54,19,5809,8919.0
2023-07-06,2023-07-06,WHIRLPOOL,A,1481.2,1481.2,1464.05,1471.6,1481.2,153,595,875877.0
2023-07-06,2023-07-06,KGDENIM,X,28.0,29.25,27.11,28.91,28.0,79,10990,312690.0
2023-07-06,2023-07-06,KINETICENG,XT,115.0,115.0,113.0,113.1,113.35,118,6274,713027.0
2023-07-06,2023-07-06,KIRLOSBROS,B,637.95,654.35,625.25,634.15,637.65,2611,33182,21263846.0
2023-07-06,2023-07-06,KIRLOSIND,B,3318.4,3377.6,3300.8,3352.75,3281.5,164,441,1471910.0
2023-07-06,2023-07-06,KIRLFER,A,489.15,489.15,472.0,475.2,482.8,1173,16632,7902194.0
2023-07-06,2023-07-06,ENVAIREL,X,68.25,69.99,66.4,66.44,69.64,16,581,39296.0
2023-07-06,2023-07-06,KOTAKBANK,A,1864.95,1880.7,1860.0,1877.25,1865.05,6940,80519,150752735.0
2023-07-06,2023-07-06,KRIFILIND,X,3.3,3.3,3.3,3.3,3.15,13,5085,16780.0
2023-07-06,2023-07-06,KSB,A,2195.95,2195.95,2126.4,2134.25,2156.6,167,497,1061904.0
2023-07-06,2023-07-06,LGBBROSLTD,A,1132.15,1141.9,1128.5,1137.8,1129.55,237,3594,4076056.0
2023-07-06,2023-07-06,TRENT,A,1736.95,1760.05,1722.1,1754.7,1731.95,1551,11317,19662589.0
2023-07-06,2023-07-06,LMW,A,13625.6,13899.0,13455.5,13738.25,13613.25,456,1252,17091066.0
2023-07-06,2023-07-06,LICHSGFIN,A,393.6,399.45,393.45,398.2,393.75,1846,63024,25021889.0
2023-07-06,2023-07-06,LUPIN,A,896.05,910.0,891.8,905.15,897.4,2272,41572,37525097.0
2023-07-06,2023-07-06,LYKALABS,B,111.0,112.85,109.15,110.6,111.35,140,2802,312754.0
2023-07-06,2023-07-06,RAMCOCEM,A,925.05,953.0,925.05,934.95,941.3,919,5982,5645849.0
2023-07-06,2023-07-06,HYBRIDFIN,T,7.43,7.51,7.15,7.51,7.51,5,150,1100.0
2023-07-06,2023-07-06,MAFATIND,X,62.2,65.0,61.51,64.74,62.1,350,62575,4021747.0
2023-07-06,2023-07-06,MAHSEAMLES,A,451.7,470.65,451.1,466.1,453.05,874,10673,4970579.0
2023-07-06,2023-07-06,MAHSCOOTER,A,5859.95,5859.95,5660.05,5673.8,5753.3,172,475,2710907.0
2023-07-06,2023-07-06,MAJESAUT,X,164.7,166.95,160.1,163.15,163.6,91,7158,1173720.0
2023-07-06,2023-07-06,MANALIPETC,B,68.98,69.65,67.55,67.94,68.33,1030,74545,5085441.0
2023-07-06,2023-07-06,BARODARY,XT,168.55,170.75,165.55,169.7,168.55,137,1220,206823.0
2023-07-06,2023-07-06,MFSL,A,809.0,813.5,800.7,806.1,808.3,1139,15980,12891287.0
2023-07-06,2023-07-06,MIDINDIA,XT,9.2,9.2,8.58,8.63,9.0,19,28918,258327.0
2023-07-06,2023-07-06,ONIDA,B,18.4,19.45,18.4,18.86,18.76,606,177146,3369884.0
2023-07-06,2023-07-06,CENTENKA,B,439.35,441.45,429.85,437.7,439.3,102,1448,630125.0
2023-07-06,2023-07-06,LORDSCHLO,X,154.0,158.6,154.0,155.1,155.0,191,6136,955717.0
2023-07-06,2023-07-06,SPICEJET,B,30.11,31.0,29.95,30.39,30.38,5078,1399182,42639795.0
2023-07-06,2023-07-06,MOREPENLAB,A,30.01,31.45,30.01,30.64,30.14,817,415704,12822900.0
2023-07-06,2023-07-06,MRF,A,100200.0,101899.35,100162.95,101134.35,100196.75,478,696,70323682.0
2023-07-06,2023-07-06,HEIDELBERG,A,174.85,178.0,173.9,176.8,174.85,1647,63155,11139060.0
2023-07-06,2023-07-06,NCC,A,123.15,130.55,123.0,129.0,123.0,6111,722156,92747415.0
2023-07-06,2023-07-06,VEDL,A,278.35,280.55,276.85,279.95,277.4,6847,411840,114899809.0
2023-07-06,2023-07-06,NAHARSPING,B,274.85,281.0,272.1,274.05,273.1,96,2024,555436.0
2023-07-06,2023-07-06,NAPEROL,X,1566.0,1645.0,1552.15,1576.75,1521.45,1216,17270,27579133.0
2023-07-06,2023-07-06,GRASIM,A,1772.2,1782.95,1764.65,1767.9,1779.1,1182,9876,17517486.0
2023-07-06,2023-07-06,PEL,A,973.05,981.9,936.0,940.5,950.55,7325,6284464,5916797252.0
2023-07-06,2023-07-06,NIITLTD,A,83.42,84.13,83.0,83.32,83.62,369,25984,2164487.0
2023-07-06,2023-07-06,JAYKAY,X,64.6,68.99,62.31,68.07,63.93,1075,348371,23056333.0
2023-07-06,2023-07-06,NIRLON,B,397.0,397.0,385.0,390.55,390.6,109,3201,1252962.0
2023-07-06,2023-07-06,ONGC,A,162.55,165.65,162.55,165.4,162.7,4082,281004,46186780.0
2023-07-06,2023-07-06,OILCOUNTUB,T,26.0,26.34,26.0,26.34,25.09,36,8746,230250.0
2023-07-06,2023-07-06,ORIENTHOT,B,88.1,88.78,88.0,88.25,88.09,151,6503,574244.0
2023-07-06,2023-07-06,OSWALAGRO,B,30.2,31.05,30.2,30.6,30.56,112,7550,231467.0
2023-07-06,2023-07-06,INDSUCR,X,69.2,70.65,69.0,69.16,68.6,79,14275,989528.0
2023-07-06,2023-07-06,RELIANCE,A,2576.0,2644.3,2576.0,2638.35,2584.8,34420,619409,1627398339.0
2023-07-06,2023-07-06,PILITA,T,8.91,9.25,8.91,9.14,9.12,54,19832,179163.0
2023-07-06,2023-07-06,RAYMOND,A,1721.55,1754.1,1721.55,1735.55,1741.95,810,5672,9858936.0
2023-07-06,2023-07-06,PIDILITIND,A,2615.05,2655.0,2615.05,2649.4,2610.05,4161,26462,69777407.0
2023-07-06,2023-07-06,PIXTRANS,B,958.0,958.0,940.15,944.25,944.15,155,994,940126.0
2023-07-06,2023-07-06,BIRLACORPN,A,1221.05,1252.95,1221.05,1249.3,1233.85,656,4114,5126955.0
2023-07-06,2023-07-06,SURYAROSNI,A,768.4,795.0,768.4,780.95,772.8,1131,24069,18820837.0
2023-07-06,2023-07-06,PRIMESECU,B,130.0,130.2,128.15,129.7,129.0,96,1893,245034.0
2023-07-06,2023-07-06,PRSMJOHNSN,A,132.95,135.0,132.0,132.2,133.35,451,15964,2129142.0
2023-07-06,2023-07-06,RAIN,A,165.95,167.45,164.7,166.0,164.9,543,32367,5372840.0
2023-07-06,2023-07-06,AMJLAND,B,29.5,29.5,26.5,26.7,27.0,69,8086,219094.0
2023-07-06,2023-07-06,PUNJCOMMU,B,32.01,32.5,31.0,32.32,32.5,77,9166,295610.0
2023-07-06,2023-07-06,RSWM,B,201.55,203.95,197.5,198.85,201.25,551,11059,2223952.0
2023-07-06,2023-07-06,RAJSREESUG,B,39.8,41.0,39.8,40.58,39.8,165,11019,446779.0
2023-07-06,2023-07-06,RALLIS,A,210.4,213.0,210.4,211.25,210.35,1408,51426,10887207.0
2023-07-06,2023-07-06,RAMANEWS,B,12.92,13.32,12.92,13.1,13.18,19,2410,31756.0
2023-07-06,2023-07-06,RAMAPPR-B,XT,24.67,25.9,23.44,25.8,24.67,12,890,22629.0
2023-07-06,2023-07-06,RAMAPETRO,X,3.64,3.64,3.64,3.64,3.82,1,100,364.0
2023-07-06,2023-07-06,RAPICUT,X,53.99,53.99,52.5,52.51,53.05,17,1465,77079.0
2023-07-06,2023-07-06,WELSPLSOL,X,28.55,29.0,28.0,28.76,28.2,642,443567,12714839.0
2023-07-06,2023-07-06,RUBFILA,X,74.0,75.75,74.0,74.47,74.13,344,41544,3106848.0
2023-07-06,2023-07-06,PATANJALI,T,1191.8,1198.7,1185.0,1189.95,1198.65,323,5321,6339693.0
2023-07-06,2023-07-06,SALORAINTL,X,36.1,37.57,36.0,36.01,36.11,42,9977,360296.0
2023-07-06,2023-07-06,JINDALSAW,A,274.95,286.65,273.5,284.95,275.95,3751,109201,30825353.0
2023-07-06,2023-07-06,JKLAKSHMI,A,696.05,701.15,686.85,688.1,697.15,1771,21001,14489715.0
2023-07-06,2023-07-06,SHREECEM,A,24450.05,24477.55,24202.3,24211.85,24419.3,273,558,13572644.0
2023-07-06,2023-07-06,RELINFRA,A,138.7,141.45,138.0,138.75,138.55,3417,234503,32832197.0
2023-07-06,2023-07-06,TATAPOWER,A,225.0,230.25,223.65,229.55,221.65,16860,1534356,349217072.0
2023-07-06,2023-07-06,SUNDRMFAST,A,1226.7,1255.0,1226.45,1241.85,1229.6,244,1283,1595092.0
2023-07-06,2023-07-06,SUNFLAG,B,190.5,196.85,186.6,187.7,190.5,2544,140713,27016030.0
2023-07-06,2023-07-06,SPLPETRO,A,440.0,445.7,435.6,439.0,444.25,570,5815,2564396.0
2023-07-06,2023-07-06,SWARAJENG,B,2236.0,2300.0,2236.0,2290.5,2236.1,834,5567,12659186.0
2023-07-06,2023-07-06,TATAELXSI,A,7553.05,7569.65,7505.3,7533.95,7548.55,967,3758,28289715.0
2023-07-06,2023-07-06,ACC,A,1818.7,1824.75,1809.65,1820.1,1821.05,1295,11205,20367729.0
2023-07-06,2023-07-06,THERMAX,A,2252.2,2270.0,2196.3,2243.3,2255.4,752,3793,8496002.0
2023-07-06,2023-07-06,TIRUMALCHM,A,204.05,208.0,198.5,200.75,206.15,2142,73930,14902755.0
2023-07-06,2023-07-06,THOMASCOOK,B,76.26,78.71,76.26,77.6,77.87,518,46424,3609116.0
2023-07-06,2023-07-06,TIMEX,B,172.85,173.55,165.95,166.8,171.15,992,134649,22915866.0
2023-07-06,2023-07-06,TOKYOPLAST,B,93.75,95.35,93.0,94.49,94.6,34,1059,99621.0
2023-07-06,2023-07-06,TORNTPHARM,A,1895.35,1918.8,1895.35,1898.6,1884.15,665,3405,6489880.0
2023-07-06,2023-07-06,TRANSCHEM,X,21.8,22.2,21.27,21.58,21.9,60,3717,80217.0
2023-07-06,2023-07-06,AMBUJACEM,A,431.05,435.55,429.25,431.55,432.45,3520,147929,63978967.0
2023-07-06,2023-07-06,UTLINDS,X,1.61,1.76,1.61,1.69,1.76,28,11154,18838.0
2023-07-06,2023-07-06,UNIENTER,B,158.15,164.35,158.15,162.5,157.75,86,3918,636796.0
2023-07-06,2023-07-06,VHL,B,2812.95,2908.25,2812.95,2882.8,2873.4,36,98,284108.0
2023-07-06,2023-07-06,HINDALCO,A,420.0,427.65,417.15,425.85,421.45,2603,122359,51678138.0
2023-07-06,2023-07-06,WSTCSTPAPR,A,472.2,488.5,472.2,481.85,472.15,1666,35888,17325817.0
2023-07-06,2023-07-06,HOCL,B,27.55,28.5,27.55,28.23,27.38,240,73552,2066585.0
2023-07-06,2023-07-06,MPILCORPL,X,309.9,309.95,309.9,309.95,296.85,2,15,4648.0
2023-07-06,2023-07-06,PASUPTAC,B,32.59,32.89,31.8,31.92,32.35,94,8340,268613.0
2023-07-06,2023-07-06,TEAM24,XT,7.0,7.42,6.96,7.32,7.32,38,4424,31156.0
2023-07-06,2023-07-06,PGHH,A,14624.6,14834.15,14619.05,14782.7,14677.75,266,445,6560182.0
2023-07-06,2023-07-06,MUKANDLTD,B,122.45,122.85,121.0,121.6,122.05,303,23430,2853685.0
2023-07-06,2023-07-06,BBOX,B,152.1,177.95,151.85,177.95,148.3,5969,268817,45151202.0
2023-07-06,2023-07-06,UCAL,B,122.35,131.05,122.3,127.65,126.5,143,5953,766499.0
2023-07-06,2023-07-06,HARRMALAYA,B,138.9,140.5,138.0,138.45,138.7,73,2335,323402.0
2023-07-06,2023-07-06,FEDERALBNK,A,132.8,136.45,132.45,135.3,133.3,15344,1638391,221560092.0
2023-07-06,2023-07-06,TATASTEEL,A,112.35,112.85,111.45,112.65,112.9,7969,1462894,164077045.0
2023-07-06,2023-07-06,SKFINDIA,A,5050.7,5165.45,4950.95,5122.6,5051.95,163,344,1761480.0
2023-07-06,2023-07-06,ASHOKLEY,A,165.15,165.75,163.35,165.2,165.15,7415,540099,88926386.0
2023-07-06,2023-07-06,CUMMINSIND,A,1889.95,1919.95,1870.0,1916.0,1875.75,6592,40999,78042773.0
2023-07-06,2023-07-06,TATACOMM,A,1543.95,1555.05,1531.0,1536.05,1537.75,949,12212,18813301.0
2023-07-06,2023-07-06,ABBOTINDIA,A,23000.1,23850.0,23000.1,23767.7,23316.9,596,1142,27009304.0
2023-07-06,2023-07-06,BAJAJHLDNG,A,7121.0,7198.15,7039.4,7148.2,7173.35,721,1648,11745744.0
2023-07-06,2023-07-06,BHARATFORG,A,856.0,859.15,848.6,855.5,854.7,1440,33849,28924482.0
2023-07-06,2023-07-06,ESCORTS,A,2260.0,2260.0,2223.6,2242.7,2263.7,859,7324,16408020.0
2023-07-06,2023-07-06,HINDMOTORS,B,14.55,14.73,14.5,14.65,14.71,418,69321,1016372.0
2023-07-06,2023-07-06,LT,A,2464.35,2499.9,2464.35,2487.8,2470.5,5879,86276,214857031.0
2023-07-06,2023-07-06,M&M,A,1475.4,1552.0,1473.05,1548.7,1475.35,13991,1010876,1548961806.0
2023-07-06,2023-07-06,BOSCHLTD,A,19207.0,19580.0,19168.55,19516.05,19223.4,851,1746,33890538.0
2023-07-06,2023-07-06,BPCL,A,385.05,397.0,385.05,393.1,386.25,4767,233985,91697335.0
2023-07-06,2023-07-06,SIEMENS,A,3690.05,3761.0,3690.05,3734.25,3713.2,1050,5511,20610095.0
2023-07-06,2023-07-06,TMPV,A,588.55,605.0,588.5,600.8,588.35,26546,1273605,761388282.0
2023-07-06,2023-07-06,VOLTAS,A,765.05,772.0,763.05,769.0,766.65,3496,57535,44248745.0
2023-07-06,2023-07-06,GESHIP,A,735.95,742.2,722.2,738.4,729.45,396,4044,2967624.0
2023-07-06,2023-07-06,DEEPAKFERT,A,574.8,605.8,572.5,601.95,572.7,3914,109361,65016347.0
2023-07-06,2023-07-06,EXCELINDUS,B,962.7,995.0,962.7,992.0,962.6,175,977,965083.0
2023-07-06,2023-07-06,GRWRHITECH,B,895.0,912.45,886.1,892.15,889.45,423,3465,3122311.0
2023-07-06,2023-07-06,GLAXO,A,1413.9,1422.0,1404.25,1416.3,1419.9,2755,19165,27052189.0
2023-07-06,2023-07-06,GNFC,A,597.05,612.25,597.05,608.4,601.75,4000,171901,104558133.0
2023-07-06,2023-07-06,NOVARTIND,B,838.1,854.95,838.1,848.6,837.55,379,4249,3604152.0
2023-07-06,2023-07-06,SANOFI,A,6870.1,6965.0,6870.1,6928.6,6949.4,350,645,4468131.0
2023-07-06,2023-07-06,PFIZER,A,3770.05,3825.0,3770.05,3776.35,3796.8,509,2262,8566951.0
2023-07-06,2023-07-06,GSFC,A,167.1,170.45,165.8,168.0,166.3,3621,341563,57608154.0
2023-07-06,2023-07-06,HINDUNILVR,A,2755.75,2764.0,2736.0,2757.8,2755.75,8758,270594,743815506.0
2023-07-06,2023-07-06,JSWDULUX,A,2492.35,2504.9,2478.65,2481.75,2483.15,163,598,1490746.0
2023-07-06,2023-07-06,NOCIL,A,216.05,216.5,213.4,214.0,215.85,2024,76013,16331299.0
2023-07-06,2023-07-06,TATACHEM,A,1007.55,1018.1,1005.85,1012.4,1007.15,1497,20704,20967809.0
2023-07-06,2023-07-06,TNPETRO,B,83.29,83.9,82.07,83.18,82.53,206,12724,1056595.0
2023-07-06,2023-07-06,ZUARIIND,B,148.25,149.8,146.15,147.75,147.9,215,12658,1877496.0
2023-07-06,2023-07-06,NESTLEIND,A,22870.95,23388.95,22870.95,23096.55,22881.95,867,1957,45251209.0
2023-07-06,2023-07-06,TATACONSUM,A,845.85,847.15,841.65,844.9,845.85,1565,23075,19487799.0
2023-07-06,2023-07-06,ASIANPAINT,A,3400.1,3407.45,3367.75,3395.9,3374.15,2471,17632,59718283.0
2023-07-06,2023-07-06,BRITANNIA,A,5194.55,5268.55,5126.7,5168.75,5096.1,4231,25784,134175675.0
2023-07-06,2023-07-06,COLPAL,A,1785.05,1807.95,1769.0,1780.35,1793.35,1766,14328,25555011.0
2023-07-06,2023-07-06,EIHOTEL,A,208.05,210.3,206.65,207.35,208.3,445,17551,3647114.0
2023-07-06,2023-07-06,INDHOTEL,A,382.2,386.1,378.1,385.05,379.85,1839,79201,30331058.0
2023-07-06,2023-07-06,CASTROLIND,A,124.1,125.8,124.1,124.85,124.4,863,58607,7322159.0
2023-07-06,2023-07-06,ITC,A,475.55,476.85,470.5,473.75,474.8,8311,298118,141071894.0
2023-07-06,2023-07-06,APOLLOTYRE,A,400.95,413.0,397.0,411.15,399.1,5552,250179,102021492.0
2023-07-06,2023-07-06,CEATLTD,A,2092.25,2510.75,2090.65,2498.1,2092.3,15170,182144,433782437.0
2023-07-06,2023-07-06,MODIRUBBER,T,64.0,66.0,64.0,65.9,63.0,19,1057,68347.0
2023-07-06,2023-07-06,FINPIPE,A,174.95,175.3,172.4,174.65,172.75,1019,52622,9181682.0
2023-07-06,2023-07-06,DSINVEST,XT,240.85,240.85,236.3,236.3,240.85,5,20,4794.0
2023-07-06,2023-07-06,CENTRUM,B,21.21,21.9,21.16,21.3,21.41,291,65520,1417536.0
2023-07-06,2023-07-06,IITL,B,115.75,117.25,113.0,114.3,115.9,87,1419,164532.0
2023-07-06,2023-07-06,INDPRUD,X,2260.0,2325.0,2201.05,2276.45,2258.0,43,189,425894.0
2023-07-06,2023-07-06,TATAINVEST,A,2353.95,2353.95,2310.55,2316.55,2330.8,995,4701,10915595.0
2023-07-06,2023-07-06,PRISMX,XT,2.25,2.25,2.2,2.21,2.2,357,207214,459743.0
2023-07-06,2023-07-06,MOTOGENFIN,B,31.25,32.85,31.25,32.68,32.06,8,163,5281.0
2023-07-06,2023-07-06,WALCHPF,X,122.2,129.8,120.25,124.65,122.8,26,348,43222.0
2023-07-06,2023-07-06,WHBRADY,X,348.0,360.0,338.45,357.1,342.95,102,2611,914312.0
2023-07-06,2023-07-06,SHAILY,B,1481.7,1502.45,1475.1,1490.6,1484.55,14,25,37365.0
2023-07-06,2023-07-06,BBTC,A,1107.05,1147.25,1100.0,1134.9,1101.4,2187,25075,28340377.0
2023-07-06,2023-07-06,BOMBCYC,X,740.0,745.0,735.0,737.5,750.0,15,60,44230.0
2023-07-06,2023-07-06,GREAVESCOT,A,135.05,136.6,134.0,134.65,134.85,1605,78373,10583952.0
2023-07-06,2023-07-06,INDIANVSH,XT,47.25,49.94,46.0,46.01,48.19,34,3617,170041.0
2023-07-06,2023-07-06,COASTCORP,B,219.65,229.75,219.65,224.35,216.4,208,3667,828112.0
2023-07-06,2023-07-06,CHOWGULSTM,XT,13.24,13.99,13.13,13.95,13.76,22,4346,57389.0
2023-07-06,2023-07-06,GARWAOFFS,XT,38.39,38.39,36.5,36.6,37.96,89,18691,690392.0
2023-07-06,2023-07-06,ASIIL,X,15.87,15.88,15.07,15.31,15.54,108,114887,1783719.0
2023-07-06,2023-07-06,SAGCEM,B,210.75,212.95,208.3,209.4,210.85,378,21721,4593533.0
2023-07-06,2023-07-06,DECCANCE,B,501.4,508.55,500.85,503.45,503.9,235,2959,1490116.0
2023-07-06,2023-07-06,MANGLMCEM,B,307.95,309.7,303.55,308.05,306.6,193,1022,313947.0
2023-07-06,2023-07-06,NCLIND,B,198.8,201.9,197.05,201.1,197.25,248,4049,806296.0
2023-07-06,2023-07-06,SAURASHCEM,X,60.5,61.6,59.61,60.93,60.51,504,54341,3302001.0
2023-07-06,2023-07-06,SHREDIGCEM,B,80.49,81.05,79.55,79.86,79.74,822,68825,5522869.0
2023-07-06,2023-07-06,BORORENEW,A,506.3,508.55,501.05,501.85,502.55,2283,24769,12491130.0
2023-07-06,2023-07-06,LERTHAI,XT,302.1,302.1,302.1,302.1,318.0,4,21,6344.0
2023-07-06,2023-07-06,TRIVENIGQ,XT,19.7,19.7,19.25,19.53,19.65,86,9258,178746.0
2023-07-06,2023-07-06,NILACHAL,X,37.7,37.7,35.5,35.65,35.76,20,429,15710.0
2023-07-06,2023-07-06,ANDHRAPAP,B,413.75,425.4,413.75,424.3,414.2,362,7674,3236334.0
2023-07-06,2023-07-06,BALKRISIND,A,2426.0,2472.05,2405.2,2443.0,2418.7,2288,13811,33664958.0
2023-07-06,2023-07-06,ORIENTPPR,B,40.22,42.39,40.22,41.77,40.47,941,189580,7880669.0
2023-07-06,2023-07-06,CITADEL,X,20.4,22.39,20.0,20.0,20.4,51,8947,186131.0
2023-07-06,2023-07-06,ROLLT,T,1.37,1.45,1.37,1.42,1.4,86,119969,169676.0
2023-07-06,2023-07-06,SESHAPAPER,B,288.45,288.45,278.05,279.85,283.65,444,9509,2667861.0
2023-07-06,2023-07-06,NATHIND,X,56.2,58.99,56.0,56.61,56.05,107,10069,579249.0
2023-07-06,2023-07-06,VAPIENTER,XT,100.0,100.0,100.0,100.0,100.0,10,200,20000.0
2023-07-06,2023-07-06,DCM,B,69.05,69.35,68.1,68.1,68.15,7,74,5060.0
2023-07-06,2023-07-06,FORBESCO,X,607.3,661.0,606.8,649.35,603.8,392,10065,6368847.0
2023-07-06,2023-07-06,HPCOTTON,X,95.1,97.98,95.1,96.22,95.07,30,1279,123838.0
2023-07-06,2023-07-06,JAMSHRI,X,4100.0,4100.0,4100.0,4100.0,3907.0,1,1,4100.0
2023-07-06,2023-07-06,KATRSPG,X,230.0,235.0,227.5,230.75,229.5,28,411,95634.0
2023-07-06,2023-07-06,KESORAMIND,B,64.71,66.0,63.66,65.56,64.59,432,62276,4048613.0
2023-07-06,2023-07-06,LAKSHMIMIL,X,3710.0,3718.0,3650.0,3690.0,3712.1,56,369,1362561.0
2023-07-06,2023-07-06,VTL,A,365.7,376.15,363.95,365.4,365.1,1338,17144,6345921.0
2023-07-06,2023-07-06,PENINLAND,B,25.0,25.43,24.5,24.99,25.2,394,58529,1455949.0
2023-07-06,2023-07-06,PASUSPG,XT,28.74,28.75,27.0,28.7,27.39,12,1485,42280.0
2023-07-06,2023-07-06,PHOENIXLTD,A,1569.1,1585.4,1552.55,1564.1,1564.75,656,2347,3683799.0
2023-07-06,2023-07-06,MARATHON,B,316.1,335.5,315.0,326.8,315.5,497,4196,1369848.0
2023-07-06,2023-07-06,RELCHEMQ,B,190.0,190.0,181.1,183.15,185.35,47,763,139120.0
2023-07-06,2023-07-06,RUBYMILLS,B,208.9,221.9,207.2,215.4,208.4,453,9393,2035728.0
2023-07-06,2023-07-06,SIMPLXREA,X,88.99,88.99,84.65,87.89,87.29,10,361,31835.0
2023-07-06,2023-07-06,SWANCORP,A,263.15,266.0,261.05,261.5,264.05,286,6539,1722070.0
2023-07-06,2023-07-06,VICTMILL,X,2756.0,2844.9,2756.0,2794.0,2785.2,19,54,151724.0
2023-07-06,2023-07-06,ZSVARAJT,X,6.05,6.05,5.55,5.76,5.72,33,3868,21982.0
2023-07-06,2023-07-06,ZODIACVEN,X,18.35,18.35,17.0,18.0,17.51,71,22428,397228.0
2023-07-06,2023-07-06,VEERENRGY,X,12.85,12.85,11.91,12.05,12.34,104,23145,280356.0
2023-07-06,2023-07-06,TILAK,X,3.63,3.63,3.57,3.58,3.58,339,158452,567581.0
2023-07-06,2023-07-06,KKFIN,XT,20.55,20.55,20.55,20.55,19.58,2,20800,427440.0
2023-07-06,2023-07-06,WAGEND,X,0.74,0.78,0.7,0.78,0.74,43,28512,21088.0
2023-07-06,2023-07-06,BANSWRAS,B,165.35,169.05,165.3,167.45,165.55,303,7978,1338103.0
2023-07-06,2023-07-06,MODWOOL,X,72.25,72.5,72.01,72.5,72.01,4,34,2455.0
2023-07-06,2023-07-06,MODIPON,X,36.05,38.25,36.05,37.0,36.6,10,405,15062.0
2023-07-06,2023-07-06,SHRIDINE,X,507.85,507.85,492.15,507.0,507.85,32,1225,613136.0
2023-07-06,2023-07-06,SRF,A,2229.8,2282.05,2212.2,2277.4,2224.05,2019,13774,31019071.0
2023-07-06,2023-07-06,SIYSIL,B,542.05,562.35,542.05,557.4,547.45,1027,15286,8493328.0
2023-07-06,2023-07-06,SWADPOL,XT,41.49,41.49,40.9,41.0,40.99,65,3872,159622.0
2023-07-06,2023-07-06,BBL,A,3332.85,3337.95,3254.05,3260.95,3339.0,864,2874,9461039.0
2023-07-06,2023-07-06,ELPROINTL,B,64.9,65.01,63.5,64.91,64.9,284,149780,9703642.0
2023-07-06,2023-07-06,GEE,X,68.5,68.89,67.33,68.35,68.31,111,16589,1131194.0
2023-07-06,2023-07-06,HIRECT,T,307.0,307.0,297.5,298.0,304.45,7,175,52329.0
2023-07-06,2023-07-06,NIPPOBATRY,B,386.35,396.55,381.95,387.95,387.5,138,590,229842.0
2023-07-06,2023-07-06,ZENSARTECH,A,383.0,395.0,383.0,389.1,382.35,2121,71930,28031438.0
2023-07-06,2023-07-06,JSLINDL,XT,389.0,425.0,388.1,422.45,408.5,23,281,115455.0
2023-07-06,2023-07-06,KAYCEEI,XT,11974.0,12499.0,11974.0,11982.0,11974.3,19,23,282252.0
2023-07-06,2023-07-06,INDOKEM,X,102.0,102.0,100.2,100.2,100.0,39,4975,498760.0
2023-07-06,2023-07-06,PANAENERG,X,254.05,258.45,248.3,252.7,254.75,159,6234,1572817.0
2023-07-06,2023-07-06,NELCO,A,722.15,725.55,714.35,716.35,721.3,286,3911,2816075.0
2023-07-06,2023-07-06,PERMAGN,X,1399.0,1574.7,1363.05,1519.85,1401.0,3239,62274,92042535.0
2023-07-06,2023-07-06,HIGHENE,XT,490.0,512.0,484.85,494.85,498.25,447,7938,3912304.0
2023-07-06,2023-07-06,STDBAT,X,29.0,29.69,27.85,28.32,28.8,69,5337,151749.0
2023-07-06,2023-07-06,UNIVCABLES,B,388.75,393.0,385.0,386.1,385.15,35,560,218827.0
2023-07-06,2023-07-06,DLTNCBL,X,96.0,106.0,93.51,100.16,88.66,887,81611,8284435.0
2023-07-06,2023-07-06,LAKSELEC,XT,1225.0,1279.8,1225.0,1279.8,1218.9,263,4479,5671574.0
2023-07-06,2023-07-06,MODULEX,Z,9.02,9.43,8.7,8.83,9.02,53,19663,174570.0
2023-07-06,2023-07-06,DELTAMAGNT,B,77.5,81.65,76.1,79.97,78.12,67,4668,373162.0
2023-07-06,2023-07-06,LONGSPUR,XT,2.8,2.8,2.75,2.8,2.8,26,136521,377817.0
2023-07-06,2023-07-06,RELTD,X,48.89,48.89,47.21,48.89,47.85,30,3215,155329.0
2023-07-06,2023-07-06,ZMULTIPU,XT,8.06,8.06,7.3,7.3,7.68,6,312,2505.0
2023-07-06,2023-07-06,NYSSACORP,X,4.0,4.09,3.9,3.96,3.92,69,18614,73836.0
2023-07-06,2023-07-06,FLOMIC,X,98.8,98.8,96.1,97.49,97.9,46,3243,316198.0
2023-07-06,2023-07-06,KRISHNA,X,103.1,103.95,98.3,100.55,100.5,16,620,63163.0
2023-07-06,2023-07-06,UNIABEXAL,X,1068.75,1068.75,1025.5,1031.2,1043.65,52,870,903005.0
2023-07-06,2023-07-06,SARDAEN,B,1489.95,1498.4,1454.1,1491.0,1465.85,831,5624,8356292.0
2023-07-06,2023-07-06,BGWTATO,X,396.0,411.0,390.1,405.15,393.8,159,3244,1308930.0
2023-07-06,2023-07-06,BOMBWIR,XT,27.34,27.5,26.51,26.51,27.9,19,603,16131.0
2023-07-06,2023-07-06,GALADA,Z,2.18,2.18,2.05,2.12,2.09,23,7118,15190.0
2023-07-06,2023-07-06,AZADIND,XT,20.8,20.8,20.8,20.8,20.39,1,5,104.0
2023-07-06,2023-07-06,INDIANHUME,B,236.1,241.15,235.3,237.05,239.65,1467,32198,7650952.0
2023-07-06,2023-07-06,INVPRECQ,XT,420.1,440.0,420.1,434.4,426.25,44,2609,1118449.0
2023-07-06,2023-07-06,INFORTEC,X,44.2,47.39,44.2,45.0,46.43,10,336,15364.0
2023-07-06,2023-07-06,KAIRA,X,2710.0,2720.0,2600.05,2695.0,2650.0,49,145,385479.0
2023-07-06,2023-07-06,ORIENTCER,B,28.93,31.83,28.93,31.58,29.41,882,129222,3982474.0
2023-07-06,2023-07-06,NATIONSTD,B,4742.05,4849.6,4742.0,4825.45,4803.05,26,52,250209.0
2023-07-06,2023-07-06,RATHIST,XT,3.81,3.81,3.81,3.81,3.63,10,6082,23172.0
2023-07-06,2023-07-06,DUNCANENG,X,424.15,448.8,424.15,442.55,434.8,71,1289,565837.0
2023-07-06,2023-07-06,SANDUMA,A,1235.0,1239.0,1220.85,1231.85,1230.5,761,8780,10804044.0
2023-07-06,2023-07-06,STOVACQ,X,2271.15,2310.0,2270.0,2277.1,2271.15,95,1799,4106265.0
2023-07-06,2023-07-06,TATAYODOGA,XT,74.12,76.45,72.51,75.0,75.24,142,6308,472819.0
2023-07-06,2023-07-06,TINPLATE,A,332.5,335.6,332.0,334.2,335.3,534,6242,2082107.0
2023-07-06,2023-07-06,CHOLAHLDNG,A,929.55,955.25,922.35,938.2,931.2,453,2898,2716242.0
2023-07-06,2023-07-06,ZWELCAST,X,939.9,939.9,904.0,925.9,904.25,18,114,104986.0
2023-07-06,2023-07-06,AUTOAXLES,B,2215.05,2230.0,2197.15,2218.35,2201.5,397,1504,3323848.0
2023-07-06,2023-07-06,ACGL,X,1250.0,1257.95,1223.05,1243.4,1231.55,247,4210,5244961.0
2023-07-06,2023-07-06,SETCO,T,6.9,6.95,6.81,6.95,6.94,64,35511,245220.0
2023-07-06,2023-07-06,SCOOTER,T,30.13,30.35,29.23,30.24,29.4,30,2204,66546.0
2023-07-06,2023-07-06,TALBROAUTO,B,740.15,742.3,720.0,724.9,738.05,1133,18675,13708687.0
2023-07-06,2023-07-06,ZFSTEERING,X,739.35,739.35,712.7,724.7,727.3,205,3970,2876454.0
2023-07-06,2023-07-06,SMLMAH,B,1080.6,1103.0,1075.0,1080.45,1074.75,248,1519,1656729.0
2023-07-06,2023-07-06,TIL,Z,116.9,117.3,112.55,117.3,111.75,62,3155,367474.0
2023-07-06,2023-07-06,EICHERMOT,A,3268.95,3289.95,3207.55,3222.9,3309.95,16298,114862,371510555.0
2023-07-06,2023-07-06,JAINEX,XT,188.8,190.0,172.0,186.95,181.0,34,1454,260223.0
2023-07-06,2023-07-06,ALFREDHE,X,717.6,738.0,715.0,721.3,710.55,14,100,72964.0
2023-07-06,2023-07-06,VELJAN,X,1266.95,1295.0,1260.0,1272.75,1265.45,36,348,446493.0
2023-07-06,2023-07-06,DYNAMATECH,B,3811.15,3861.0,3795.0,3817.7,3813.95,357,770,2947463.0
2023-07-06,2023-07-06,GGDPROP,X,57.61,60.67,57.61,58.8,59.73,8,657,38130.0
2023-07-06,2023-07-06,GMMPFAUDLR,A,1485.05,1508.4,1481.0,1487.2,1492.15,449,3102,4632288.0
2023-07-06,2023-07-06,KIRLPNU,A,670.9,691.0,662.4,668.6,667.2,820,7979,5374450.0
2023-07-06,2023-07-06,KPT,X,282.95,285.75,273.8,280.1,282.3,128,4162,1165097.0
2023-07-06,2023-07-06,LAKSHMIEW,X,1058.0,1089.4,1058.0,1080.0,1078.85,17,128,137379.0
2023-07-06,2023-07-06,MANUGRAPH,B,17.15,20.54,17.15,20.32,17.12,550,60194,1185418.0
2023-07-06,2023-07-06,MONOT,Z,0.27,0.27,0.27,0.27,0.27,4,1101,297.0
2023-07-06,2023-07-06,NESCO,A,618.4,634.85,618.4,630.65,618.85,325,2435,1532052.0
2023-07-06,2023-07-06,INTEGRAEN,X,261.1,269.0,261.1,263.15,263.2,337,14104,3727719.0
2023-07-06,2023-07-06,SEMAC,T,1660.0,1699.95,1660.0,1662.0,1671.35,19,135,225907.0
2023-07-06,2023-07-06,TEXINFRA,B,65.27,65.27,63.5,63.67,65.27,166,9215,593533.0
2023-07-06,2023-07-06,WENDT,B,10157.5,10157.5,9878.45,10063.6,10028.5,26,30,301888.0
2023-07-06,2023-07-06,RESPONIND,B,170.1,173.75,166.2,171.55,170.8,606,72004,12152234.0
2023-07-06,2023-07-06,SHYMINV,X,4.25,4.25,4.14,4.14,4.33,41,10099,42628.0
2023-07-06,2023-07-06,MAHACORP,X,1.16,1.16,1.13,1.14,1.14,402,391713,447014.0
2023-07-06,2023-07-06,DOLATALGO,B,43.55,44.95,43.45,44.41,43.99,304,29066,1279926.0
2023-07-06,2023-07-06,WESTLIFE,A,863.45,888.0,852.95,863.6,862.1,1024,7602,6658117.0
2023-07-06,2023-07-06,ZEEL,A,184.45,192.6,182.7,188.7,183.05,6203,886856,166094199.0
2023-07-06,2023-07-06,SVPGLOB,T,10.49,10.5,10.22,10.28,10.31,53,13010,135297.0
2023-07-06,2023-07-06,SKYLMILAR,X,11.45,11.49,10.9,11.23,10.99,29,5380,60297.0
2023-07-06,2023-07-06,BIMETAL,X,470.0,476.0,464.0,473.6,465.2,61,2191,1026431.0
2023-07-06,2023-07-06,BHARATGEAR,B,124.95,135.0,123.25,123.5,124.1,165,6069,757814.0
2023-07-06,2023-07-06,BRADYM,XT,380.25,412.5,380.25,403.0,394.6,28,368,147111.0
2023-07-06,2023-07-06,LATIMMETAL,XT,12.75,12.75,12.4,12.59,12.59,131,35562,443580.0
2023-07-06,2023-07-06,ELECON,A,641.95,650.0,626.75,638.95,636.35,1339,23151,14818831.0
2023-07-06,2023-07-06,GRAUWEIL,B,110.3,113.4,110.3,112.65,111.15,358,14091,1583058.0
2023-07-06,2023-07-06,HIMTEK,X,129.95,130.75,126.7,127.7,128.25,72,9776,1257307.0
2023-07-06,2023-07-06,GABRIEL,A,200.0,205.45,199.95,202.3,198.9,2512,105121,21349146.0
2023-07-06,2023-07-06,HERCULES,B,276.0,279.0,270.35,271.2,271.7,489,10454,2869273.0
2023-07-06,2023-07-06,ALGOQUANT,X,570.45,584.0,567.25,581.7,569.65,88,10375,6000863.0
2023-07-06,2023-07-06,IFBIND,A,820.0,822.15,813.65,817.75,817.1,118,1411,1155721.0
2023-07-06,2023-07-06,SINGERIND,X,73.97,74.4,72.52,73.5,73.02,319,62949,4634982.0
2023-07-06,2023-07-06,INTLCOMBQ,X,647.0,649.8,636.0,643.1,642.7,97,4012,2575264.0
2023-07-06,2023-07-06,FMGOETZE,B,374.85,377.1,368.55,372.25,369.45,392,9913,3701768.0
2023-07-06,2023-07-06,JOSTS,XT,417.5,417.5,407.15,411.2,408.75,37,746,306991.0
2023-07-06,2023-07-06,SCHAEFFLER,A,3080.05,3108.0,3064.0,3096.4,3077.5,572,2340,7235404.0
2023-07-06,2023-07-06,RANEHOLDIN,B,1136.25,1144.4,1100.95,1125.15,1132.2,629,6533,7365629.0
2023-07-06,2023-07-06,SNL,X,335.0,344.0,330.1,336.5,328.85,75,3790,1281803.0
2023-07-06,2023-07-06,JAIPAN,XT,49.0,49.99,47.5,49.5,50.0,66,5134,245948.0
2023-07-06,2023-07-06,MANCREDIT,X,102.0,103.1,102.0,102.5,100.05,42,16630,1708500.0
2023-07-06,2023-07-06,TRF,B,172.35,172.35,171.05,171.65,173.0,112,2761,474168.0
2023-07-06,2023-07-06,WPIL,B,2839.8,2846.85,2800.0,2807.1,2818.4,318,3906,11034792.0
2023-07-06,2023-07-06,KENNAMET,A,2728.05,2757.7,2700.0,2708.85,2739.75,459,1864,5075611.0
2023-07-06,2023-07-06,HINDHARD,X,308.95,308.95,277.3,292.0,293.35,39,837,239539.0
2023-07-06,2023-07-06,TRITONV,X,1351.2,1387.5,1330.1,1380.35,1363.0,102,1035,1410713.0
2023-07-06,2023-07-06,SUDAI,XT,5.1,5.35,5.1,5.13,5.35,5,104,531.0
2023-07-06,2023-07-06,PRAKASH,B,79.35,79.35,77.12,77.76,77.87,1406,150493,11730715.0
2023-07-06,2023-07-06,ARSHIYA,T,4.75,4.75,4.6,4.64,4.67,98,74043,345132.0
2023-07-06,2023-07-06,GRINDWELL,A,2213.8,2232.25,2170.5,2191.45,2210.55,609,1992,4373304.0
2023-07-06,2023-07-06,LAKPRE,Z,4.6,4.62,4.6,4.62,4.62,2,2500,11502.0
2023-07-06,2023-07-06,STANROS,X,80.01,80.01,80.0,80.01,80.02,4,54,4320.0
2023-07-06,2023-07-06,GENESYS,B,304.25,305.0,286.0,290.7,297.65,360,4442,1304405.0
2023-07-06,2023-07-06,VOLKAI,XT,108.1,115.0,108.1,109.4,113.65,9,35,3829.0
2023-07-06,2023-07-06,PARNAXLAB,X,65.5,69.4,64.25,68.36,62.74,229,32398,2175149.0
2023-07-06,2023-07-06,GOURMET,XT,26.56,26.56,26.56,26.56,25.3,10,37823,1004578.0
2023-07-06,2023-07-06,VIVIDHA,B,0.85,0.88,0.84,0.87,0.85,204,328378,280677.0
2023-07-06,2023-07-06,KANANIIND,T,7.85,7.85,7.46,7.58,7.85,63,26522,200122.0
2023-07-06,2023-07-06,GSLTD,X,12.24,12.74,11.66,12.23,12.24,26,1315,15619.0
2023-07-06,2023-07-06,ARIHANTSUP,B,179.65,191.15,175.45,189.15,180.2,927,33410,6167378.0
2023-07-06,2023-07-06,BLISSGVS,B,76.0,77.72,75.53,77.02,76.19,293,18219,1402905.0
2023-07-06,2023-07-06,STYRENIX,B,1066.6,1108.35,1066.6,1095.05,1096.55,541,3580,3922866.0
2023-07-06,2023-07-06,ALEMBICLTD,B,74.44,74.44,73.2,73.32,73.36,441,26981,1983914.0
2023-07-06,2023-07-06,AMNPLST,X,94.5,94.5,90.7,91.12,91.58,103,8161,745868.0
2023-07-06,2023-07-06,ANUHPHR,X,106.1,106.95,103.0,104.6,106.4,366,34788,3642852.0
2023-07-06,2023-07-06,MODISONLTD,B,74.2,74.8,71.4,72.76,72.53,164,14401,1052254.0
2023-07-06,2023-07-06,BAYERCROP,A,4600.0,4659.95,4582.9,4651.4,4579.6,235,512,2368314.0
2023-07-06,2023-07-06,SUDARCOLOR,B,356.0,360.6,353.1,354.8,354.2,314,2336,831496.0
2023-07-06,2023-07-06,COROMANDEL,A,956.25,979.0,956.25,975.55,961.15,2335,29807,28885318.0
2023-07-06,2023-07-06,DEEPAKNTR,A,2135.0,2139.75,2117.1,2135.95,2130.5,1777,18607,39547339.0
2023-07-06,2023-07-06,DMCC,B,317.3,320.5,312.45,314.85,315.0,244,1733,547577.0
2023-07-06,2023-07-06,FERMENTA,X,138.4,138.4,136.2,136.8,137.45,96,7236,990776.0
2023-07-06,2023-07-06,GOCLCORP,B,321.0,337.35,319.8,333.45,321.0,854,9733,3230596.0
2023-07-06,2023-07-06,JAYCH,X,7.5,7.55,7.31,7.4,7.14,141,37244,277619.0
2023-07-06,2023-07-06,KANORICHEM,B,110.0,111.4,109.25,109.85,110.6,69,2080,230035.0
2023-07-06,2023-07-06,KELENRG,XT,1670.5,1670.5,1560.0,1578.1,1617.2,152,1635,2630556.0
2023-07-06,2023-07-06,NITTAGELA,X,796.0,807.0,790.0,791.35,793.55,220,4525,3602050.0
2023-07-06,2023-07-06,MPAGI,X,6.35,6.36,5.76,6.35,6.06,15,843,5238.0
2023-07-06,2023-07-06,AGVENTURES,B,803.25,809.0,796.0,803.0,801.8,52,268,214936.0
2023-07-06,2023-07-06,PCBL,A,164.0,166.4,160.05,161.35,163.85,1395,122988,20091663.0
2023-07-06,2023-07-06,AMAL,X,270.0,276.1,266.0,272.5,271.65,49,2047,553442.0
2023-07-06,2023-07-06,POLYCHEM,X,1621.0,1621.85,1501.0,1511.3,1544.65,205,2222,3511636.0
2023-07-06,2023-07-06,PUNJABCHEM,B,888.5,896.95,872.2,878.45,886.15,230,1689,1486293.0
2023-07-06,2023-07-06,SADHNANIQ,B,108.4,113.6,108.4,111.0,109.5,866,50488,5647623.0
2023-07-06,2023-07-06,SUDARSCHEM,A,491.8,497.65,490.65,493.1,491.85,706,11572,5719491.0
2023-07-06,2023-07-06,TECILCHEM,T,18.9,18.9,18.11,18.18,18.96,11,508,9206.0
2023-07-06,2023-07-06,ULTRAMAR,X,373.8,387.95,370.1,375.35,367.65,1531,86940,33000924.0
2023-07-06,2023-07-06,TRANSPEK,X,2106.0,2118.0,2045.1,2071.2,2105.15,404,8458,17564131.0
2023-07-06,2023-07-06,UNICHEMLAB,A,381.5,384.5,379.05,380.1,382.55,206,2031,774837.0
2023-07-06,2023-07-06,MYSORPETRO,X,118.0,123.0,118.0,121.4,121.65,31,1702,206644.0
2023-07-06,2023-07-06,ALKYLAMINE,A,2696.95,2696.95,2605.95,2628.4,2663.35,535,1772,4672572.0
2023-07-06,2023-07-06,TUTIALKA,X,60.02,63.34,60.02,62.54,60.95,125,19553,1219182.0
2023-07-06,2023-07-06,ASTRAZEN,A,3726.55,3758.9,3697.85,3733.95,3730.7,159,433,1611604.0
2023-07-06,2023-07-06,PRIMO,A,62.44,62.89,61.9,62.12,62.44,542,105333,6561721.0
2023-07-06,2023-07-06,TANFACIND,B,1910.95,2006.45,1910.95,2006.45,1910.95,611,10781,21471715.0
2023-07-06,2023-07-06,GUJPETR,XT,36.0,36.4,34.26,35.98,36.0,17,973,34401.0
2023-07-06,2023-07-06,GUJTHEM,B,790.15,800.0,790.15,794.85,795.95,293,4867,3876385.0
2023-07-06,2023-07-06,SCBL,X,2.4,2.42,2.35,2.4,2.37,27,6666,15940.0
2023-07-06,2023-07-06,JAYSYN,X,70.0,70.6,68.3,69.17,68.62,39,3869,266435.0
2023-07-06,2023-07-06,MAKERSL,X,117.55,124.0,117.55,121.35,119.7,82,2985,366713.0
2023-07-06,2023-07-06,CONTCHM,XT,62.71,65.84,62.0,62.01,62.71,16,129,8137.0
2023-07-06,2023-07-06,JBCHEPHARM,A,2300.7,2323.0,2294.0,2311.0,2302.65,469,1963,4519952.0
2023-07-06,2023-07-06,RAJSPTR,P,1.14,1.14,1.14,1.14,1.18,2,300,342.0
2023-07-06,2023-07-06,APTPACK,XT,34.55,34.55,32.91,33.63,32.91,19,1296,43957.0
2023-07-06,2023-07-06,BLUECHIPT,X,145.75,155.0,141.0,147.05,144.35,163,9604,1440903.0
2023-07-06,2023-07-06,JAGAJITIND,XT,130.25,136.75,130.0,131.45,130.25,191,42747,5753338.0
2023-07-06,2023-07-06,KESARENT,X,77.66,77.66,74.15,75.0,76.57,8,503,37495.0
2023-07-06,2023-07-06,TI,B,153.55,155.35,147.65,151.35,153.55,974,37563,5696418.0
2023-07-06,2023-07-06,EMERALL,X,87.97,87.97,87.0,87.0,83.79,6,330,28836.0
2023-07-06,2023-07-06,RAVALSUGAR,X,3750.0,3750.0,3750.0,3750.0,3700.1,5,5,18750.0
2023-07-06,2023-07-06,SAKHTISUG,B,24.07,24.88,24.07,24.65,24.56,172,39781,978586.0
2023-07-06,2023-07-06,IFBAGRO,B,533.95,565.0,532.95,559.95,539.0,424,7511,4146641.0
2023-07-06,2023-07-06,KFBL,X,52.0,53.99,51.61,52.54,52.03,73,4613,242090.0
2023-07-06,2023-07-06,CAPRO,XT,56.3,61.0,56.3,61.0,59.14,10,624,37433.0
2023-07-06,2023-07-06,GMBREW,B,610.0,621.15,600.45,602.7,608.25,1591,25138,15384147.0
2023-07-06,2023-07-06,RANASUG,B,23.72,24.35,23.72,24.0,23.74,402,185746,4478818.0
2023-07-06,2023-07-06,PICCASUG,X,18.0,18.0,17.5,17.9,17.81,52,7115,126620.0
2023-07-06,2023-07-06,SDBL,B,306.0,310.0,297.3,302.35,306.7,2079,60529,18399969.0
2023-07-06,2023-07-06,CJGEL,XT,23.16,23.16,21.51,23.16,22.06,8,100,2216.0
2023-07-06,2023-07-06,ASALCBR,B,410.8,417.0,410.4,413.7,410.8,128,1405,581140.0
2023-07-06,2023-07-06,FOODSIN,B,193.55,196.05,190.1,191.25,193.55,1216,32849,6331671.0
2023-07-06,2023-07-06,IVP,T,164.5,165.5,164.5,164.5,169.1,13,272,44847.0
2023-07-06,2023-07-06,KLRFM,X,132.25,132.25,130.25,130.9,130.95,93,12294,1604302.0
2023-07-06,2023-07-06,OLYOI,X,18.0,18.0,18.0,18.0,18.0,1,4,72.0
2023-07-06,2023-07-06,MLKFOOD,X,544.85,544.85,504.9,524.6,528.8,181,49824,25461321.0
2023-07-06,2023-07-06,POLSON,X,12150.0,12240.0,11950.05,12179.0,12150.0,27,36,434948.0
2023-07-06,2023-07-06,WIPRO,A,394.95,396.9,393.05,396.05,393.85,5785,239443,94558285.0
2023-07-06,2023-07-06,ORIBEVER,X,127.15,134.0,120.0,127.25,124.65,145,5636,718362.0
2023-07-06,2023-07-06,DHANUKA,B,790.4,793.95,785.45,790.0,790.3,290,4211,3325948.0
2023-07-06,2023-07-06,TTKHLTCARE,B,1295.95,1295.95,1262.1,1264.85,1280.05,316,2868,3651082.0
2023-07-06,2023-07-06,TGVSL,A,104.85,105.5,101.55,103.66,103.47,1386,181122,18892055.0
2023-07-06,2023-07-06,LIMECHM,X,22.01,22.78,21.55,21.99,22.5,19,2739,60213.0
2023-07-06,2023-07-06,KANPRPLA,B,108.65,114.6,108.65,112.2,110.85,331,9333,1050205.0
2023-07-06,2023-07-06,TAINWALCHM,B,110.0,125.0,110.0,124.25,120.45,73,1349,160496.0
2023-07-06,2023-07-06,JAGSNPHARM,B,365.9,372.0,364.85,364.85,365.25,411,2850,1048779.0
2023-07-06,2023-07-06,KHAICHEM,B,65.99,66.1,65.2,65.98,64.99,165,10517,690442.0
2023-07-06,2023-07-06,NOL,X,90.2,91.0,86.2,87.03,90.67,38,1564,137083.0
2023-07-06,2023-07-06,GILLETTE,A,5133.55,5173.0,5059.45,5126.85,5133.55,681,1937,9938720.0
2023-07-06,2023-07-06,WIREFABR,XT,184.5,192.0,183.0,185.0,192.0,12,556,104240.0
2023-07-06,2023-07-06,ANSALHSG,X,4.02,4.04,3.95,3.99,3.99,91,44637,178078.0
2023-07-06,2023-07-06,COMPUPN,XT,2.32,2.54,2.32,2.54,2.44,9,2630,6522.0
2023-07-06,2023-07-06,MCCHRLS-B,X,421.1,437.0,392.3,409.55,413.2,97,2547,1044661.0
2023-07-06,2023-07-06,ADDIND,X,33.4,33.4,30.16,31.64,32.51,44,3302,102585.0
2023-07-06,2023-07-06,PIONRINV,X,31.0,32.41,31.0,31.0,32.0,13,612,19054.0
2023-07-06,2023-07-06,ASHNOOR,XT,35.88,35.88,34.01,35.0,35.01,45,6634,231963.0
2023-07-06,2023-07-06,UNITECH,Z,1.38,1.4,1.37,1.37,1.38,352,552966,765473.0
2023-07-06,2023-07-06,VIPIND,A,611.6,614.0,608.55,610.5,611.65,1006,11163,6815647.0
2023-07-06,2023-07-06,FIBERWEB,B,30.3,30.52,29.93,30.32,30.29,97,4113,124338.0
2023-07-06,2023-07-06,GYFTR,X,79.7,79.7,75.3,78.18,75.5,45,3322,257928.0
2023-07-06,2023-07-06,MNPLFIN,P,7.01,7.01,7.01,7.01,6.68,1,400,2804.0
2023-07-06,2023-07-06,BAJAJST,X,1229.0,1260.0,1097.0,1251.55,1204.95,594,12062,14849326.0
2023-07-06,2023-07-06,KIDUJA,X,61.31,64.37,58.5,64.34,61.31,14,1956,122426.0
2023-07-06,2023-07-06,KEYCORP,XT,59.01,59.74,59.01,59.05,59.45,8,591,34931.0
2023-07-06,2023-07-06,GUJHOTE,X,161.6,163.9,158.6,161.0,158.2,64,5226,843368.0
2023-07-06,2023-07-06,RASRESOR,XT,42.85,43.15,41.0,41.0,41.1,9,411,17436.0
2023-07-06,2023-07-06,PARMCOS-B,X,38.5,38.5,35.1,36.28,36.4,33,1441,52778.0
2023-07-06,2023-07-06,JINDHOT,X,41.4,41.9,41.05,41.69,41.9,13,376,15502.0
2023-07-06,2023-07-06,SIMMOND,XT,55.94,57.9,54.4,55.12,55.66,50,23241,1293566.0
2023-07-06,2023-07-06,BNALTD,X,250.0,258.6,250.0,255.0,250.2,10,450,114609.0
2023-07-06,2023-07-06,HAWKINCOOK,A,6353.35,6450.0,6353.35,6439.3,6448.6,116,589,3790740.0
2023-07-06,2023-07-06,WARRENTEA,X,51.35,53.4,51.0,51.55,52.25,28,1640,84387.0
2023-07-06,2023-07-06,COCHMAL,XT,97.65,101.0,97.65,99.7,102.75,29,480,47378.0
2023-07-06,2023-07-06,BESTEAST,X,30.2,30.2,30.18,30.18,31.76,7,179,5403.0
2023-07-06,2023-07-06,NEAGI,X,3479.95,3479.95,3403.9,3403.9,3403.9,6,25,85921.0
2023-07-06,2023-07-06,ISTLTD,X,520.15,531.0,520.0,528.15,519.95,35,331,173847.0
2023-07-06,2023-07-06,COSMOFIRST,A,687.15,699.8,687.15,696.7,689.0,159,1235,856350.0
2023-07-06,2023-07-06,APOLLOHOSP,A,5080.05,5310.1,5075.7,5281.1,5075.75,3391,25542,133864040.0
2023-07-06,2023-07-06,NITINCAST,XT,468.05,484.0,452.2,469.15,473.65,41,458,214963.0
2023-07-06,2023-07-06,NEXOME,X,38.91,40.6,38.9,40.59,40.79,4,67,2609.0
2023-07-06,2023-07-06,EVERESTIND,B,936.0,943.6,886.0,895.7,929.8,448,3584,3222904.0
2023-07-06,2023-07-06,IRONWOOD,X,29.36,29.36,26.59,26.59,27.98,14,749,21358.0
2023-07-06,2023-07-06,MSRINDIA,X,9.27,9.56,8.8,8.8,9.26,228,62577,552770.0
2023-07-06,2023-07-06,AYMSYNTEX,B,78.42,78.75,77.55,78.0,77.98,31,2189,170932.0
2023-07-06,2023-07-06,PANCARBON,X,375.9,375.9,360.0,374.9,368.7,289,12864,4773267.0
2023-07-06,2023-07-06,FINKURVE,X,80.0,84.65,80.0,81.01,81.51,27,1947,159139.0
2023-07-06,2023-07-06,HBLEAS,XT,3.67,3.67,3.33,3.6,3.5,34,4156,15006.0
2023-07-06,2023-07-06,SULABEN,X,3.82,3.88,3.82,3.83,3.81,94,24143,92733.0
2023-07-06,2023-07-06,NAVNETEDUL,A,127.1,129.85,123.9,129.35,125.15,389,14753,1891111.0
2023-07-06,2023-07-06,SATRAPROP,Z,0.72,0.72,0.69,0.72,0.72,9,4262,3067.0
2023-07-06,2023-07-06,AUSOMENT,B,63.0,65.15,62.16,63.8,62.57,37,2731,172751.0
2023-07-06,2023-07-06,RUCHINFRA,T,8.65,8.7,8.45,8.51,8.65,104,32420,277719.0
2023-07-06,2023-07-06,VJTFEDU,XT,63.5,68.2,63.5,63.5,66.84,5,33,2100.0
2023-07-06,2023-07-06,VOLLF,X,11.9,11.9,11.44,11.89,11.67,24,6651,76293.0
2023-07-06,2023-07-06,NETLINK,XT,85.9,85.9,81.0,84.54,82.26,50,1717,143628.0
2023-07-06,2023-07-06,LANCORHOL,XT,47.5,49.24,45.61,48.73,46.9,81,65947,3199427.0
2023-07-06,2023-07-06,INDINFO,XT,2.11,2.11,2.11,2.11,2.01,3401,5524159,11655975.0
2023-07-06,2023-07-06,BANASFN,XT,16.21,17.24,16.21,16.91,16.99,227,27867,468073.0
2023-07-06,2023-07-06,VISAKAIND,B,89.43,90.0,86.42,86.9,88.82,889,39572,3472445.0
2023-07-06,2023-07-06,INFOMEDIA,B,5.49,5.49,5.16,5.16,5.3,7,1637,8847.0
2023-07-06,2023-07-06,HATHWAYB,XT,17.15,17.18,16.35,17.13,17.18,20,2466,41521.0
2023-07-06,2023-07-06,GUFICBIO,B,243.15,250.45,241.35,243.95,244.3,921,28671,7090761.0
2023-07-06,2023-07-06,PHOTON,XT,61.05,64.0,60.85,61.14,64.05,10,498,31143.0
2023-07-06,2023-07-06,GRPLTD,T,3699.9,3700.0,3590.0,3590.0,3610.2,8,32,115829.0
2023-07-06,2023-07-06,INDAG,XT,135.2,136.0,130.1,130.7,135.2,1899,45153,5930335.0
2023-07-06,2023-07-06,MMRUBBR-B,X,110.0,110.0,105.3,106.1,108.0,25,1477,157282.0
2023-07-06,2023-07-06,PTL,B,36.89,36.89,35.96,36.5,35.96,671,70678,2579141.0
2023-07-06,2023-07-06,TVSSRICHAK,A,2950.05,3168.75,2950.05,3059.9,2961.35,491,2768,8515606.0
2023-07-06,2023-07-06,SEL,XT,15.65,15.66,15.65,15.65,16.0,5,159,2488.0
2023-07-06,2023-07-06,BENARAS,X,4590.0,4599.0,4486.1,4557.3,4548.8,62,338,1537853.0
2023-07-06,2023-07-06,BHAGWOX,XT,38.0,39.95,36.95,37.95,38.86,52,4215,157000.0
2023-07-06,2023-07-06,BOMOXY-B1,X,11688.0,11688.0,11424.0,11540.35,11540.55,14,18,208247.0
2023-07-06,2023-07-06,CRAVATEX,X,398.0,407.0,398.0,405.5,402.05,59,1203,482253.0
2023-07-06,2023-07-06,BERGEPAINT,A,672.0,681.45,672.0,680.55,676.85,723,9306,6314320.0
2023-07-06,2023-07-06,CAPRIHANS,X,194.9,210.0,194.9,206.15,193.35,623,64221,13135130.0
2023-07-06,2023-07-06,GRAPHITE,A,392.05,413.7,392.05,410.8,396.5,1985,93634,38125212.0
2023-07-06,2023-07-06,CEMPRO,A,162.4,167.6,161.05,166.05,162.5,1209,54655,8983070.0
2023-07-06,2023-07-06,EMPIND,X,710.0,758.95,710.0,735.1,703.9,496,13269,9767932.0
2023-07-06,2023-07-06,GRAVISSHO,X,32.99,32.99,31.5,32.26,31.78,12,1119,36271.0
2023-07-06,2023-07-06,GARFIBRES,A,3157.95,3185.0,3149.45,3181.85,3158.8,356,1143,3626486.0
2023-07-06,2023-07-06,GARWAMAR,X,7.86,7.87,7.86,7.87,7.86,6,349,2744.0
2023-07-06,2023-07-06,GOACARBON,B,532.3,536.8,526.85,527.9,532.85,771,17250,9154029.0
2023-07-06,2023-07-06,HARDCAS,X,392.3,431.45,392.3,401.0,392.3,8,87,34466.0
2023-07-06,2023-07-06,HEG,A,1602.6,1637.2,1586.9,1593.1,1602.6,3218,35643,57268016.0
2023-07-06,2023-07-06,HINDCOMPOS,B,356.4,360.35,347.65,350.3,356.45,217,1996,705615.0
2023-07-06,2023-07-06,BIRLANU,A,3066.85,3082.0,3031.1,3035.8,3057.2,92,158,481505.0
2023-07-06,2023-07-06,INDIANCARD,B,230.35,230.4,229.45,230.1,230.4,17,208,47851.0
2023-07-06,2023-07-06,INTLCONV,B,71.8,75.0,71.31,74.74,71.05,814,52284,3851170.0
2023-07-06,2023-07-06,JAYSREETEA,B,91.74,92.6,91.0,91.04,91.14,80,5407,494352.0
2023-07-06,2023-07-06,MODRNSH,X,18.16,19.48,18.06,19.35,17.71,50,5349,100453.0
2023-07-06,2023-07-06,HUHTAMAKI,B,278.25,279.4,274.95,277.05,277.05,296,4020,1115066.0
2023-07-06,2023-07-06,PREMSYN,X,15.0,15.0,14.2,14.74,15.45,36,5973,86562.0
2023-07-06,2023-07-06,SHALPAINTS,B,155.0,156.65,153.6,154.25,154.4,310,8565,1326732.0
2023-07-06,2023-07-06,HINDMILL,X,225.0,227.7,212.5,213.4,219.9,34,930,202707.0
2023-07-06,2023-07-06,SUPREMEIND,A,3261.55,3261.55,3180.0,3196.05,3197.35,424,1769,5688235.0
2023-07-06,2023-07-06,UPHOT,XT,602.0,615.0,592.05,614.8,591.7,12,159,96710.0
2023-07-06,2023-07-06,VSTIND,A,3630.0,3635.0,3592.0,3610.6,3621.4,189,640,2311108.0
2023-07-06,2023-07-06,SWASTIVI,X,5.97,6.24,5.86,5.98,6.04,321,126981,763531.0
2023-07-06,2023-07-06,MSLGLOBAL,XT,9.25,9.25,8.74,9.0,9.2,57,36681,330813.0
2023-07-06,2023-07-06,YAMNINV,XT,0.65,0.65,0.63,0.64,0.64,649,461172,295509.0
2023-07-06,2023-07-06,PREMCAP,X,3.75,3.75,3.51,3.64,3.54,33,5009,18244.0
2023-07-06,2023-07-06,JINDRILL,B,344.6,359.65,344.6,349.3,344.5,911,10593,3739802.0
2023-07-06,2023-07-06,SAKTHIFIN,X,32.0,32.0,31.01,31.2,31.44,26,1223,38400.0
2023-07-06,2023-07-06,AEROENTER,B,88.27,92.4,85.1,90.26,88.27,2149,273729,24727031.0
2023-07-06,2023-07-06,JMDVL,XT,26.15,26.2,26.14,26.18,25.69,819,126659,3317106.0
2023-07-06,2023-07-06,SHIVATEX,B,124.5,125.25,123.55,125.25,123.1,10,150,18661.0
2023-07-06,2023-07-06,VBDESAI,X,8.5,8.5,8.2,8.45,8.17,9,1613,13584.0
2023-07-06,2023-07-06,QUADRANT,X,0.83,0.84,0.79,0.82,0.81,327,815178,669753.0
2023-07-06,2023-07-06,1STCUS,XT,33.35,33.35,33.35,33.35,34.17,1,3,100.0
2023-07-06,2023-07-06,KAMANWALA,X,9.0,9.2,8.78,9.19,8.82,20,1476,13273.0
2023-07-06,2023-07-06,WSFX,X,39.0,39.95,38.86,39.9,37.62,34,2391,94032.0
2023-07-06,2023-07-06,ANJANIFOODS,XT,23.1,24.19,23.1,23.51,24.19,24,2016,47580.0
2023-07-06,2023-07-06,PARSHWANA,XT,51.81,56.0,51.81,51.81,54.53,8,328,17287.0
2023-07-06,2023-07-06,MILLENNIUM,XT,1.71,1.79,1.71,1.71,1.71,23,12528,21639.0
2023-07-06,2023-07-06,ICDSLTD,T,27.13,27.13,26.8,26.8,25.87,4,159,4295.0
2023-07-06,2023-07-06,CANFINHOME,A,762.95,773.0,762.0,768.5,769.1,1416,22383,17165724.0
2023-07-06,2023-07-06,IVC,B,7.93,8.01,7.86,7.97,7.93,340,99862,793592.0
2023-07-06,2023-07-06,SHRIRAMFIN,A,1802.4,1802.4,1768.0,1771.75,1802.4,2770,26881,48011873.0
2023-07-06,2023-07-06,CHOLAFIN,A,1189.95,1199.95,1155.25,1165.05,1186.5,3267,74367,86847528.0
2023-07-06,2023-07-06,VLSFINANCE,B,157.2,159.6,156.95,157.25,157.5,107,2420,381610.0
2023-07-06,2023-07-06,INDCEMCAP,XT,12.07,12.07,11.12,11.57,11.51,41,6390,76497.0
2023-07-06,2023-07-06,ADMANUM,X,47.28,48.45,46.1,46.11,48.49,6,424,19853.0
2023-07-06,2023-07-06,INTRGLB,X,22.65,24.69,22.55,23.65,23.73,10,371,8372.0
2023-07-06,2023-07-06,MCLTD,X,7.84,7.84,7.84,7.84,7.47,3,126,987.0
2023-07-06,2023-07-06,SHRISTI,X,22.37,22.37,22.37,22.37,22.37,4,55,1230.0
2023-07-06,2023-07-06,CREST,B,225.65,230.0,222.55,229.45,227.7,318,5019,1139527.0
2023-07-06,2023-07-06,VAKRANGEE,A,16.5,16.63,16.33,16.45,16.51,1578,503474,8315782.0
2023-07-06,2023-07-06,GUJCRED,XT,21.7,22.76,21.7,22.76,21.68,13,2268,49432.0
2023-07-06,2023-07-06,SYLPH,X,3.24,3.27,3.11,3.18,3.17,350,213165,680117.0
2023-07-06,2023-07-06,ALEXANDER,X,15.05,15.44,14.11,14.53,14.72,366,64844,943063.0
2023-07-06,2023-07-06,INDBANK,B,27.16,28.28,27.16,27.82,27.79,170,19896,558883.0
2023-07-06,2023-07-06,SHRYDUS,XT,36.15,37.8,35.15,35.42,37.0,53,9331,335332.0
2023-07-06,2023-07-06,BHARAT,X,24.88,24.88,23.9,24.88,24.86,37,2660,65799.0
2023-07-06,2023-07-06,CAPTRUST,B,78.67,78.67,77.03,77.96,78.67,37,1636,127792.0
2023-07-06,2023-07-06,USHAKIRA,XT,21.4,22.5,21.4,21.51,22.5,7,191,4161.0
2023-07-06,2023-07-06,VIVOBIOT,X,28.5,28.5,27.4,27.66,27.59,81,9151,253526.0
2023-07-06,2023-07-06,VEERHEALTH,XT,32.65,32.68,31.0,32.31,31.56,52,28232,900403.0
2023-07-06,2023-07-06,PANINDIAC,XT,2.15,2.15,2.05,2.08,2.07,193,48678,101103.0
2023-07-06,2023-07-06,SAHARAHOUS,X,46.7,50.0,46.7,48.94,49.34,23,457,21671.0
2023-07-06,2023-07-06,NDASEC,X,14.6,14.6,13.3,13.3,14.0,8,4627,66739.0
2023-07-06,2023-07-06,MORARKFI,X,121.0,122.45,119.5,120.2,120.45,85,4366,526522.0
2023-07-06,2023-07-06,MONARCH,B,281.05,288.55,280.6,283.95,278.15,413,4861,1382011.0
2023-07-06,2023-07-06,PROFINC,X,1.06,1.06,1.02,1.02,1.04,348,846995,872922.0
2023-07-06,2023-07-06,TEAMGTY,B,58.6,59.5,55.5,55.99,58.02,41,713,40850.0
2023-07-06,2023-07-06,BEFOUNDMOL,X,2.13,2.13,2.13,2.13,2.13,1,696,1482.0
2023-07-06,2023-07-06,AVONMORE,B,82.3,83.54,81.39,81.4,81.51,201,9259,763150.0
2023-07-06,2023-07-06,LIBORDFIN,X,6.34,6.34,5.8,6.24,6.1,29,2313,14077.0
2023-07-06,2023-07-06,YASHMGM,X,15.45,15.45,14.75,14.81,14.71,27,5243,78413.0
2023-07-06,2023-07-06,ARIHANTCAP,B,39.45,40.5,38.55,38.69,38.83,65,16732,661317.0
2023-07-06,2023-07-06,ISLCONSUL,X,24.0,25.5,23.95,24.4,24.9,19,11505,276442.0
2023-07-06,2023-07-06,DCMFINSERV,T,4.51,4.55,4.45,4.45,4.57,10,9056,40844.0
2023-07-06,2023-07-06,RRFIN,XT,10.42,10.42,9.45,9.47,9.93,11,1031,10529.0
2023-07-06,2023-07-06,FEDDERSHOL,XT,450.0,450.0,433.0,446.0,439.0,15,867,381855.0
2023-07-06,2023-07-06,SAMBHAAV,B,2.9,3.15,2.9,3.14,3.06,31,18117,56092.0
2023-07-06,2023-07-06,SUGALDAM,X,13.2,13.85,13.2,13.85,13.86,3,82,1083.0
2023-07-06,2023-07-06,NETTLINX,X,91.79,91.79,88.0,90.06,88.84,43,2161,193734.0
2023-07-06,2023-07-06,SCANSTL,X,36.28,36.8,35.25,36.45,35.4,144,12678,458336.0
2023-07-06,2023-07-06,GICHSGFIN,B,178.1,183.5,178.1,182.95,179.65,230,7153,1302922.0
2023-07-06,2023-07-06,MATHEWE,X,6.58,6.58,6.58,6.58,6.3,1,1,6.0
2023-07-06,2023-07-06,AJCON,XT,32.5,32.5,32.5,32.5,33.6,1,12,390.0
2023-07-06,2023-07-06,STANCAP,XT,57.0,57.0,52.23,52.23,54.97,68,13570,714516.0
2023-07-06,2023-07-06,YOGI,XT,34.65,34.65,31.35,34.59,33.0,10,314,9880.0
2023-07-06,2023-07-06,CUBIFIN,X,1.65,1.66,1.56,1.61,1.64,130,59574,95419.0
2023-07-06,2023-07-06,RELICTEC,X,18.33,18.34,18.33,18.34,18.33,2,76,1393.0
2023-07-06,2023-07-06,NIMBSPROJ,X,32.0,32.0,32.0,32.0,31.75,1,50,1600.0
2023-07-06,2023-07-06,BAIDFIN,B,38.0,39.5,37.72,38.86,37.96,351,177556,6838969.0
2023-07-06,2023-07-06,VIPULLTD,B,14.14,14.14,13.48,13.48,13.63,42,11945,161841.0
2023-07-06,2023-07-06,KZLFIN,X,18.16,18.16,18.16,18.16,18.16,2,9,163.0
2023-07-06,2023-07-06,USHDI,X,1.09,1.12,1.06,1.1,1.1,69,42609,46296.0
2023-07-06,2023-07-06,RFL,XT,162.0,162.0,153.9,162.0,162.0,5,474,74242.0
2023-07-06,2023-07-06,UGROCAP,B,232.05,235.0,229.0,230.55,232.3,938,24419,5646398.0
2023-07-06,2023-07-06,SAHLIBHFI,X,138.05,140.1,138.05,140.0,138.6,33,8931,1249912.0
2023-07-06,2023-07-06,MANSIFIN,XT,44.0,44.8,40.66,44.8,42.79,7,342,15044.0
2023-07-06,2023-07-06,SEVENHILL,X,0.5,0.51,0.49,0.51,0.51,314,290646,147031.0
2023-07-06,2023-07-06,AASTAFIN,XT,40.05,41.49,38.85,40.0,40.06,31,8101,326168.0
2023-07-06,2023-07-06,MUTHOOTCAP,B,386.1,393.05,383.95,388.35,387.1,403,4909,1909359.0
2023-07-06,2023-07-06,MASTERTR,X,354.6,354.6,354.6,354.6,373.25,128,4621,1638606.0
2023-07-06,2023-07-06,EFCIL,XT,880.0,908.0,853.0,857.35,890.0,87,1472,1266178.0
2023-07-06,2023-07-06,TTGIL,X,2.27,2.28,2.18,2.23,2.23,201,36706,82290.0
2023-07-06,2023-07-06,ZSARACOM,X,2447.8,2500.0,2406.0,2420.0,2403.9,18,71,172365.0
2023-07-06,2023-07-06,SKYBIOTECH,XT,98.5,98.5,98.5,98.5,98.5,1,9,886.0
2023-07-06,2023-07-06,ROYALIND,XT,2.5,2.51,2.5,2.51,2.51,3,56,140.0
2023-07-06,2023-07-06,DHANSAFAL,X,3.46,3.59,3.46,3.53,3.51,303,91914,323521.0
2023-07-06,2023-07-06,VISVEN,X,87.38,87.38,87.38,87.38,91.97,7,128,11184.0
2023-07-06,2023-07-06,DECNGOLD,X,62.35,67.9,62.35,66.55,58.15,3344,1331736,87572858.0
2023-07-06,2023-07-06,UPL,A,672.05,674.15,669.4,672.95,669.8,4672,67281,45192609.0
2023-07-06,2023-07-06,CRANESSOFT,X,3.01,3.14,3.01,3.09,3.14,154,64399,197226.0
2023-07-06,2023-07-06,SAICOM,X,0.44,0.45,0.44,0.45,0.44,413,399626,178055.0
2023-07-06,2023-07-06,NIDHGRN,XT,74.3,74.3,74.3,74.3,74.25,3,100,7430.0
2023-07-06,2023-07-06,SIGIND,T,47.7,48.35,47.56,48.35,47.56,46,6721,322614.0
2023-07-06,2023-07-06,SECURKLOUD,B,39.0,39.2,37.45,38.36,38.09,156,11492,444413.0
2023-07-06,2023-07-06,ABANSENT,X,189.0,189.1,185.0,185.75,187.3,1039,13600,2555737.0
2023-07-06,2023-07-06,CAPRICORN,X,11.34,11.34,10.77,11.33,11.33,14,813,8886.0
2023-07-06,2023-07-06,VAMA,X,4.88,4.88,4.75,4.82,4.82,118,48100,230737.0
2023-07-06,2023-07-06,SUNTECK,A,286.05,302.55,283.85,298.6,284.4,8066,1158861,339054574.0
2023-07-06,2023-07-06,SILVERO,Z,2.1,2.28,2.09,2.28,2.18,4,763,1648.0
2023-07-06,2023-07-06,STEPHANOTIS,X,26.6,28.0,26.6,26.6,28.0,6,351,9343.0
2023-07-06,2023-07-06,PRISMMEDI,XT,24.99,25.0,23.1,24.99,24.31,44,5328,130920.0
2023-07-06,2023-07-06,VERITAS,XT,183.0,183.0,179.45,183.0,179.45,33,103311,18628547.0
2023-07-06,2023-07-06,JAICORPLTD,A,172.4,179.6,172.4,176.4,173.6,2513,163011,28861204.0
2023-07-06,2023-07-06,ASHCAP,XT,4.05,4.05,4.05,4.05,4.26,277,95202,385568.0
2023-07-06,2023-07-06,SVARTCORP,X,2.7,2.78,2.68,2.72,2.74,190,57458,156711.0
2023-07-06,2023-07-06,MMWL,B,12.51,13.25,12.21,12.96,12.53,370,392607,5047597.0
2023-07-06,2023-07-06,NNTL,Z,11.0,11.0,10.98,10.98,11.55,2,1201,13187.0
2023-07-06,2023-07-06,BHAGYANGR,B,57.0,58.34,55.5,56.68,55.49,132,8937,508003.0
2023-07-06,2023-07-06,SHANTAI,X,30.34,30.34,30.34,30.34,28.9,1,20,606.0
2023-07-06,2023-07-06,CHMBBRW,X,3.35,3.35,2.79,2.81,3.1,31,14521,40611.0
2023-07-06,2023-07-06,SGMART,XT,2183.5,2183.5,2183.5,2183.5,2140.7,5,52,113542.0
2023-07-06,2023-07-06,ARAVALIS,X,3.78,3.78,3.6,3.6,3.78,9,594,2202.0
2023-07-06,2023-07-06,CRSL,A,28.39,28.39,27.1,27.26,28.03,1756,1933563,53327800.0
2023-07-06,2023-07-06,STARTECK,B,154.9,164.5,154.9,159.9,154.65,63,10475,1671843.0
2023-07-06,2023-07-06,SHARDUL,X,91.5,91.5,90.99,90.99,91.49,4,110,10039.0
2023-07-06,2023-07-06,NIRAVCOM,X,443.35,443.9,443.35,443.9,466.65,4,23,10209.0
2023-07-06,2023-07-06,APOLLOFI,X,488.05,499.0,483.05,493.25,499.75,49,907,448872.0
2023-07-06,2023-07-06,ENBETRD,XT,13.15,14.53,13.15,14.53,13.84,178,145987,2038758.0
2023-07-06,2023-07-06,GANONPRO,X,14.42,14.42,13.06,13.06,13.74,31,45432,625837.0
2023-07-06,2023-07-06,SHRJAGP,X,671.0,671.0,660.0,661.5,668.8,94,1038,687845.0
2023-07-06,2023-07-06,LLOYDSME,A,452.0,459.85,444.4,450.1,446.15,2762,198388,89213831.0
2023-07-06,2023-07-06,LLOYDSENT,X,15.96,16.75,15.9,16.42,15.89,1965,1910105,31536568.0
2023-07-06,2023-07-06,VIRYA,XT,522.65,522.65,522.65,522.65,497.8,1,10,5226.0
2023-07-06,2023-07-06,POLYTEX,X,2.91,2.91,2.91,2.91,2.91,5,324,942.0
2023-07-06,2023-07-06,DHANCOT,XT,80.0,81.5,77.0,81.5,80.83,5,15,1172.0
2023-07-06,2023-07-06,OASISEC,XT,115.65,115.7,115.65,115.7,115.45,2,2,231.0
2023-07-06,2023-07-06,GARNETINT,X,57.44,57.44,55.5,56.87,57.0,48,13427,761564.0
2023-07-06,2023-07-06,SHALPRO,X,0.49,0.5,0.49,0.49,0.49,898,10571944,5183210.0
2023-07-06,2023-07-06,DONEAR,B,96.66,98.45,96.0,96.71,97.02,196,15325,1499359.0
2023-07-06,2023-07-06,SUPER,X,901.05,946.0,896.2,944.9,918.6,76,2559,2376808.0
2023-07-06,2023-07-06,VIYASH,A,92.19,92.73,90.54,91.32,90.76,555,108733,9920884.0
2023-07-06,2023-07-06,STCINDIA,B,81.9,82.5,80.78,80.94,81.33,113,5699,465554.0
2023-07-06,2023-07-06,ZENITHEXPO,T,106.4,106.4,106.4,106.4,106.4,4,43,4575.0
2023-07-06,2023-07-06,KOHINOOR,T,36.6,37.0,36.0,36.12,36.54,222,18583,674193.0
2023-07-06,2023-07-06,AVANTIFEED,A,397.95,416.2,392.0,409.25,393.8,6196,145382,59549656.0
2023-07-06,2023-07-06,ZODJRDMKJ,X,33.99,33.99,33.1,33.8,33.0,17,2831,95722.0
2023-07-06,2023-07-06,SITAENT,X,15.53,16.5,15.06,16.24,15.55,17,1367,21417.0
2023-07-06,2023-07-06,PULSRIN,XT,97.5,97.9,94.97,97.03,97.4,49,1308,125843.0
2023-07-06,2023-07-06,ADANIENT,A,2398.95,2428.0,2390.05,2403.4,2398.95,5577,99082,238230649.0
2023-07-06,2023-07-06,HARIAEXPO,X,4.85,5.1,4.61,4.85,4.85,11,1055,4910.0
2023-07-06,2023-07-06,BHANDARI,B,4.64,4.9,4.64,4.82,4.81,124,38726,186169.0
2023-07-06,2023-07-06,RLF,XT,6.32,6.32,6.01,6.01,6.32,23,2331,14034.0
2023-07-06,2023-07-06,REGENTRP,X,3.37,3.37,3.09,3.19,3.22,89,239500,747362.0
2023-07-06,2023-07-06,ORBTEXP,T,176.05,184.0,176.05,183.8,177.5,16,2647,480616.0
2023-07-06,2023-07-06,SAVERA,X,81.15,82.0,79.04,79.43,79.37,104,17552,1419431.0
2023-07-06,2023-07-06,CHROME,XT,45.39,45.39,42.1,45.0,43.25,12,553,24730.0
2023-07-06,2023-07-06,TATASTLLP,B,690.0,690.0,672.95,681.35,681.65,304,3084,2092236.0
2023-07-06,2023-07-06,NAVA,A,304.05,311.55,304.05,308.35,308.55,394,10978,3394916.0
2023-07-06,2023-07-06,REMIEDEL,X,42.83,42.83,39.65,40.0,40.24,37,2032,82204.0
2023-07-06,2023-07-06,GSAUTO,XT,21.45,21.9,20.11,20.93,21.01,52,6825,142346.0
2023-07-06,2023-07-06,TRANSFRE,XT,22.5,22.5,21.3,21.3,22.42,32,26130,559820.0
2023-07-06,2023-07-06,SBCL,A,685.95,711.9,682.35,698.15,680.85,2597,62295,43362028.0
2023-07-06,2023-07-06,GANDHITUBE,B,568.0,577.15,568.0,574.4,573.8,153,1690,966924.0
2023-07-06,2023-07-06,AMFORG,X,5.09,5.3,5.05,5.05,5.09,185,7130,36929.0
2023-07-06,2023-07-06,ONIXSOLAR,XT,40.2,40.2,38.0,39.7,39.93,22,1183,45726.0
2023-07-06,2023-07-06,ORICONENT,T,24.6,24.6,23.95,24.04,24.22,106,22636,545937.0
2023-07-06,2023-07-06,ACROW,XT,900.0,914.95,837.0,905.0,881.0,23,232,196521.0
2023-07-06,2023-07-06,STLSTRINF,X,20.25,20.25,19.8,20.06,19.85,29,4896,98720.0
2023-07-06,2023-07-06,PENIND,B,77.7,79.55,77.7,78.62,77.49,796,82795,6503260.0
2023-07-06,2023-07-06,JYOTISTRUC,T,8.8,8.8,8.35,8.45,8.73,355,309617,2652089.0
2023-07-06,2023-07-06,JAYUSH,X,653.0,684.0,646.0,667.05,663.55,38,546,357347.0
2023-07-06,2023-07-06,SSWL,B,206.1,211.2,205.1,209.65,207.0,1448,72238,15096042.0
2023-07-06,2023-07-06,MANINDS,B,145.25,147.25,142.6,143.05,143.95,478,18708,2715427.0
2023-07-06,2023-07-06,MDRNSTL,X,14.84,15.14,14.52,14.96,14.84,65,4676,70034.0
2023-07-06,2023-07-06,BELDING,XT,199.3,199.3,182.5,182.5,192.1,21,471,88708.0
2023-07-06,2023-07-06,GOLKONDA,Z,16.5,17.5,16.07,16.27,16.86,20,4898,82275.0
2023-07-06,2023-07-06,METALFORGE,Z,2.85,2.9,2.71,2.89,2.8,16,2455,6854.0
2023-07-06,2023-07-06,AJMERA,B,364.45,379.0,363.7,370.85,360.95,739,7383,2755301.0
2023-07-06,2023-07-06,COCHINM,X,314.45,339.95,311.0,331.15,306.8,1107,76154,24768344.0
2023-07-06,2023-07-06,INDIAHOMES,XT,1.78,1.87,1.76,1.79,1.83,188,69400,125194.0
2023-07-06,2023-07-06,KVFORGE,X,51.03,53.67,50.8,52.96,53.92,17,1750,90344.0
2023-07-06,2023-07-06,CARBORUNIV,A,1196.4,1220.1,1195.4,1200.9,1197.35,523,2534,3057888.0
2023-07-06,2023-07-06,MMTC,A,33.5,33.71,32.9,33.02,33.37,788,197923,6586130.0
2023-07-06,2023-07-06,ASHIS,X,30.53,32.73,30.53,32.11,30.57,30,2277,72215.0
2023-07-06,2023-07-06,PMTELELIN,X,5.85,6.29,5.85,6.29,5.85,7,811,4744.0
2023-07-06,2023-07-06,SMFIL,X,3.52,3.79,3.5,3.64,3.55,91,16233,58271.0
2023-07-06,2023-07-06,BLOIN,X,25.75,25.75,23.4,23.98,23.5,17,913,22383.0
2023-07-06,2023-07-06,MAITRI,XT,23.5,24.67,23.5,24.28,23.5,14,623,15269.0
2023-07-06,2023-07-06,TATAMETALI,A,815.95,815.95,796.3,800.6,802.75,339,4990,3991631.0
2023-07-06,2023-07-06,SHAHALLOYS,B,47.25,47.99,46.66,46.66,47.25,54,2198,103695.0
2023-07-06,2023-07-06,JSWISPL,B,35.17,35.49,35.11,35.27,35.23,310,126974,4484534.0
2023-07-06,2023-07-06,ELANGO,XT,7.0,7.0,7.0,7.0,6.67,2,11,77.0
2023-07-06,2023-07-06,KANSHST,X,23.5,24.1,22.68,23.49,22.68,32,1149,26997.0
2023-07-06,2023-07-06,MAHALXSE,Z,6.74,7.06,6.4,6.51,6.73,9,739,4924.0
2023-07-06,2023-07-06,SIMPLEXCAS,X,46.79,49.49,46.5,47.09,47.84,36,4470,212829.0
2023-07-06,2023-07-06,SSWRL,X,34.6,34.6,32.8,33.67,33.49,14,1156,39721.0
2023-07-06,2023-07-06,BAROEXT,XT,2.75,2.86,2.75,2.82,2.78,87,102038,287174.0
2023-07-06,2023-07-06,GUJCONT,P,191.55,204.5,186.0,204.5,195.0,13,1700,330095.0
2023-07-06,2023-07-06,KALYANIFRG,T,266.1,266.1,263.0,263.0,265.9,12,168,44202.0
2023-07-06,2023-07-06,PANCHMAHQ,X,128.9,128.9,125.0,125.55,126.95,39,860,108172.0
2023-07-06,2023-07-06,ADITYA,X,8.31,8.31,8.31,8.31,8.31,11,6201,51530.0
2023-07-06,2023-07-06,SRIND,XT,1.62,1.78,1.62,1.7,1.7,24,16210,27212.0
2023-07-06,2023-07-06,STEELCAS,B,499.95,500.6,487.95,494.75,497.95,155,1795,891371.0
2023-07-06,2023-07-06,PITTIENG,B,372.3,375.05,367.0,369.05,371.95,509,10133,3762088.0
2023-07-06,2023-07-06,GLITTEKG,X,2.87,3.12,2.87,2.9,2.99,13,2953,8609.0
2023-07-06,2023-07-06,PRADPME,X,161.95,161.95,153.0,157.2,160.25,190,5284,835271.0
2023-07-06,2023-07-06,GNRL,X,13.75,13.75,13.25,13.68,13.7,96,10263,139121.0
2023-07-06,2023-07-06,SHRDAIS,XT,79.0,81.95,74.53,81.94,78.45,33,466,36064.0
2023-07-06,2023-07-06,MAHASTEEL,T,71.0,73.55,71.0,73.49,70.5,30,9716,707994.0
2023-07-06,2023-07-06,NOVIS,XT,16.6,16.6,16.6,16.6,15.81,33,3081,51144.0
2023-07-06,2023-07-06,STERPOW,XT,20.41,20.41,20.41,20.41,19.44,6,796,16246.0
2023-07-06,2023-07-06,HINDCOPPER,A,116.8,123.0,116.05,122.1,116.25,6187,793014,95640532.0
2023-07-06,2023-07-06,AXELPOLY,XT,43.9,46.09,42.36,45.89,43.9,20,888,39982.0
2023-07-06,2023-07-06,NLCINDIA,A,107.8,109.0,107.1,108.0,107.8,723,67726,7319220.0
2023-07-06,2023-07-06,KAJARIR,X,44.0,46.5,43.81,45.47,43.84,158,34889,1600318.0
2023-07-06,2023-07-06,SOLIDSTON,XT,26.98,27.85,25.74,27.5,26.93,17,3517,93655.0
2023-07-06,2023-07-06,SHILGRAVQ,X,108.0,109.5,106.0,106.5,106.65,87,10126,1087284.0
2023-07-06,2023-07-06,WHITEORG,X,7.29,7.38,7.05,7.11,7.29,260,86071,614523.0
2023-07-06,2023-07-06,MFSINTRCRP,Z,9.76,9.77,9.76,9.77,9.31,28,6047,59063.0
2023-07-06,2023-07-06,HGIND,X,214.45,214.45,202.2,203.2,205.45,63,15890,3231046.0
2023-07-06,2023-07-06,AROGRANITE,B,42.66,42.7,42.0,42.5,42.0,17,239,10130.0
2023-07-06,2023-07-06,RUDRAECO,XT,6.1,6.44,5.9,6.29,6.21,53,11410,71083.0
2023-07-06,2023-07-06,RAJKSYN,X,25.85,28.49,24.22,26.34,25.9,128,50652,1247149.0
2023-07-06,2023-07-06,DEEPAKSP,X,246.8,246.8,236.5,238.6,243.85,226,11116,2664252.0
2023-07-06,2023-07-06,LOYALTEX,B,690.2,695.0,680.75,693.0,688.5,24,82,56521.0
2023-07-06,2023-07-06,HIMATSEIDE,B,132.15,132.5,128.45,128.95,132.4,1113,52494,6827678.0
2023-07-06,2023-07-06,BSL,T,178.0,178.85,174.0,177.2,178.95,22,1075,190208.0
2023-07-06,2023-07-06,PBMPOLY,X,97.0,103.4,94.0,95.14,94.67,277,21239,2084798.0
2023-07-06,2023-07-06,ADINATH,XT,24.6,25.0,24.2,24.98,24.9,35,2831,69956.0
2023-07-06,2023-07-06,SURYALA,XT,835.0,920.1,832.5,920.1,876.3,723,18365,15560526.0
2023-07-06,2023-07-06,SURYVANSP,X,22.25,22.75,22.05,22.29,22.3,10,956,21307.0
2023-07-06,2023-07-06,TTL,B,75.9,76.35,75.0,75.81,75.99,42,1611,121818.0
2023-07-06,2023-07-06,WELSPUNLIV,A,96.51,98.91,94.9,95.12,96.94,1656,169466,16454281.0
2023-07-06,2023-07-06,INDIANACRY,XT,14.58,14.58,14.18,14.24,14.3,265,137170,1966602.0
2023-07-06,2023-07-06,GANECOS,B,1047.75,1053.55,1015.95,1019.7,1043.4,358,2929,3020735.0
2023-07-06,2023-07-06,CEETAIN,XT,30.82,30.82,30.82,30.82,29.36,30,9637,297012.0
2023-07-06,2023-07-06,VARDMNPOLY,T,61.5,61.74,59.99,61.74,58.8,97,27408,1685879.0
2023-07-06,2023-07-06,BLACKROSE,X,139.95,141.6,138.3,141.05,138.95,648,21598,3020717.0
2023-07-06,2023-07-06,STCORP,XT,36.63,40.47,36.63,39.71,38.55,355,108475,4163428.0
2023-07-06,2023-07-06,SUMEETINDS,T,2.0,2.2,2.0,2.2,2.1,104,149614,322240.0
2023-07-06,2023-07-06,BINNY,X,264.0,264.0,255.0,257.7,258.65,81,3887,998529.0
2023-07-06,2023-07-06,SANGAMIND,B,312.05,321.2,311.95,315.1,317.65,321,8113,2557972.0
2023-07-06,2023-07-06,MKVENTURES,X,1132.9,1132.95,1100.1,1117.05,1107.7,34,443,494257.0
2023-07-06,2023-07-06,KUSHIND,X,6.25,6.25,6.01,6.1,6.29,18,9181,57205.0
2023-07-06,2023-07-06,SRECR,P,45.2,45.2,42.95,42.95,45.17,10,1800,77990.0
2023-07-06,2023-07-06,SEASONST,X,14.0,14.0,14.0,14.0,14.06,2,2,28.0
2023-07-06,2023-07-06,ZENIFIB,X,63.42,63.42,62.43,62.49,63.42,27,1264,79214.0
2023-07-06,2023-07-06,BHILSPIN,X,46.88,47.99,45.4,46.61,46.87,13,1617,75848.0
2023-07-06,2023-07-06,VGL,B,20.4,20.5,20.21,20.32,19.54,14,1456,29593.0
2023-07-06,2023-07-06,SANTETX,XT,71.9,73.3,71.9,73.3,69.82,28,2234,163325.0
2023-07-06,2023-07-06,ASHIMASYN,B,14.14,14.9,13.86,13.91,13.92,207,66025,954295.0
2023-07-06,2023-07-06,PIONEEREMB,B,40.0,40.65,39.5,39.67,39.84,80,4720,187409.0
2023-07-06,2023-07-06,VIPPYSP,X,156.0,159.65,148.0,154.05,156.0,59,4251,653952.0
2023-07-06,2023-07-06,JAIHIND,XT,21.3,22.36,20.24,22.3,21.3,16,4013,89107.0
2023-07-06,2023-07-06,RAGHUSYN,X,140.0,151.85,139.0,149.3,141.5,179,15133,2208440.0
2023-07-06,2023-07-06,KAMADGIRI,X,85.71,85.71,80.14,83.54,81.63,8,112,9436.0
2023-07-06,2023-07-06,PATSPINLTD,X,12.0,12.0,11.51,11.96,11.53,27,2718,32136.0
2023-07-06,2023-07-06,ONEGLOBAL,X,32.0,34.3,31.0,32.95,32.11,10,619,19774.0
2023-07-06,2023-07-06,NEOINFRA,X,10.17,10.17,10.0,10.0,9.7,6,553,5611.0
2023-07-06,2023-07-06,PREMIERPOL,T,108.0,108.0,104.0,105.65,106.7,97,15231,1611334.0
2023-07-06,2023-07-06,EVERFIN,X,42.0,45.79,42.0,42.51,44.59,8,86,3711.0
2023-07-06,2023-07-06,KRRAIL,XT,477.8,499.0,470.1,487.4,491.8,159,6898,3309856.0
2023-07-06,2023-07-06,YARNSYN,XT,29.46,31.99,29.46,30.3,31.0,18,2247,66923.0
2023-07-06,2023-07-06,GUJCOTEX,X,3.36,3.44,3.3,3.36,3.36,85,21060,71102.0
2023-07-06,2023-07-06,GARWSYN,XT,15.0,15.0,14.75,14.8,14.37,12,2322,34455.0
2023-07-06,2023-07-06,SARUPINDUS,XT,22.4,22.4,22.1,22.1,22.75,4,1450,32180.0
2023-07-06,2023-07-06,MANORG,B,420.1,428.2,417.3,422.05,424.0,221,2547,1083401.0
2023-07-06,2023-07-06,HINDADH,X,181.0,186.0,177.0,179.4,180.4,409,28880,5239051.0
2023-07-06,2023-07-06,SRIKPRIND,X,16.5,19.9,16.11,18.99,16.63,234,77944,1406232.0
2023-07-06,2023-07-06,JYOTIRES,A,1420.0,1438.75,1400.0,1411.3,1407.4,1130,12241,17416589.0
2023-07-06,2023-07-06,MHLXMIRU,T,177.5,178.0,171.0,173.1,179.8,56,3491,613106.0
2023-07-06,2023-07-06,SOUTLAT,XT,23.0,23.0,21.0,21.0,22.0,4,252,5294.0
2023-07-06,2023-07-06,WINSOMTX,B,58.0,60.89,57.88,59.58,58.0,474,68361,4027418.0
2023-07-06,2023-07-06,MODINSU,XT,54.95,54.95,53.28,53.52,53.99,56,7003,377179.0
2023-07-06,2023-07-06,ASAHIINDIA,A,543.9,543.9,527.35,529.7,534.2,1257,21363,11391894.0
2023-07-06,2023-07-06,MURUDCERA,T,40.35,41.94,40.1,41.11,41.47,61,7291,294859.0
2023-07-06,2023-07-06,SEKURITIND,X,104.5,105.25,102.8,103.3,103.7,529,80874,8372399.0
2023-07-06,2023-07-06,ANANTRAJ,A,179.0,182.1,179.0,181.35,181.0,1027,36623,6633854.0
2023-07-06,2023-07-06,MADHUDIN,XT,28.63,29.74,28.63,29.74,28.61,6,1400,40247.0
2023-07-06,2023-07-06,RESTILE,X,3.71,3.86,3.56,3.63,3.71,49,48663,177127.0
2023-07-06,2023-07-06,MADHAV,B,43.64,44.0,43.05,43.89,42.84,62,7948,348273.0
2023-07-06,2023-07-06,RAMASIGNS,X,3.4,3.49,3.25,3.31,3.4,38,9922,33383.0
2023-07-06,2023-07-06,HALDYNGL,X,75.8,76.7,74.0,76.37,74.68,605,90339,6853207.0
2023-07-06,2023-07-06,DUROPLY,XT,206.1,210.9,206.1,207.15,206.1,57,5157,1076904.0
2023-07-06,2023-07-06,SHREYANIND,T,204.45,204.95,200.0,201.15,205.75,149,6378,1288920.0
2023-07-06,2023-07-06,AGIOPAPER,X,3.48,3.48,3.33,3.33,3.48,11,1048,3572.0
2023-07-06,2023-07-06,STARPAPER,B,174.1,177.05,174.0,176.65,172.75,119,1045,184033.0
2023-07-06,2023-07-06,PAKKA,X,109.9,110.8,106.9,107.65,109.9,846,134019,14505320.0
2023-07-06,2023-07-06,ARROWGREEN,T,311.0,325.5,308.05,325.4,310.05,34,2049,659777.0
2023-07-06,2023-07-06,VISHNU,B,352.1,356.0,348.0,348.6,352.55,784,10914,3843651.0
2023-07-06,2023-07-06,JUMBO,X,23.0,23.0,21.4,22.1,22.95,35,2247,49518.0
2023-07-06,2023-07-06,NRAIL,B,300.0,304.4,293.9,294.45,290.3,85,720,213006.0
2023-07-06,2023-07-06,3PLAND,T,19.21,19.53,19.21,19.53,19.6,2,262,5113.0
2023-07-06,2023-07-06,SANPA,XT,146.0,146.0,145.25,145.25,151.0,4,1064,154645.0
2023-07-06,2023-07-06,SHKARTP,X,7.3,8.17,7.2,8.16,6.81,118,52604,411605.0
2023-07-06,2023-07-06,STHINPA,X,107.0,108.75,104.1,104.8,108.15,140,17529,1850719.0
2023-07-06,2023-07-06,FAMILYCARE,XT,6.98,7.06,6.61,7.01,6.82,1269,754880,5178327.0
2023-07-06,2023-07-06,VINDHYATEL,B,1836.9,1911.5,1823.2,1858.6,1824.45,333,1220,2276313.0
2023-07-06,2023-07-06,RIR,XT,472.0,495.85,470.0,488.9,473.85,143,4216,2064159.0
2023-07-06,2023-07-06,ADOR,B,1200.0,1248.35,1199.8,1204.1,1200.15,861,5891,7198237.0
2023-07-06,2023-07-06,SALZERELEC,B,358.75,374.5,353.85,354.5,359.3,1003,19876,7223568.0
2023-07-06,2023-07-06,JETKINGQ,X,43.8,44.5,43.8,44.38,43.8,20,1155,50865.0
2023-07-06,2023-07-06,INDAGIV,XT,28.88,28.88,28.88,28.88,30.4,3,74,2137.0
2023-07-06,2023-07-06,APLAB,XT,67.39,68.11,66.0,66.64,64.87,293,68299,4619370.0
2023-07-06,2023-07-06,PCS,X,15.99,16.24,15.0,15.65,15.68,87,10339,161885.0
2023-07-06,2023-07-06,USHAMART,A,284.05,289.0,284.0,287.4,284.15,1432,35106,10065419.0
2023-07-06,2023-07-06,SPELS,XT,52.4,54.75,52.0,54.75,52.15,644,71398,3834891.0
2023-07-06,2023-07-06,SUBROS,B,443.55,445.45,433.9,436.6,436.05,292,1863,818090.0
2023-07-06,2023-07-06,EDVENSWA,X,40.06,44.98,40.06,41.87,43.2,1086,208118,8829655.0
2023-07-06,2023-07-06,HONAUT,A,42430.0,42595.0,42225.0,42530.5,42478.65,16,18,762938.0
2023-07-06,2023-07-06,SWITCHTE,X,35.94,39.3,35.94,39.3,37.8,30,2851,110096.0
2023-07-06,2023-07-06,LUMAXIND,B,2112.0,2151.75,2109.5,2140.6,2114.85,182,1120,2381591.0
2023-07-06,2023-07-06,DIGISPICE,B,20.27,21.4,20.27,20.98,21.09,25,2813,59644.0
2023-07-06,2023-07-06,CALCOM,X,163.0,164.95,158.5,160.95,160.55,133,6656,1068054.0
2023-07-06,2023-07-06,DYNAVSN,XT,141.5,150.65,141.5,144.0,148.9,12,940,136411.0
2023-07-06,2023-07-06,BCCFUBA,XT,33.99,34.0,32.0,33.0,32.5,36,4342,142624.0
2023-07-06,2023-07-06,PRECISIO,XT,42.71,44.82,40.58,41.0,42.71,26,4718,192024.0
2023-07-06,2023-07-06,FINELINE,XT,40.0,43.75,39.85,40.61,41.9,13,1432,57417.0
2023-07-06,2023-07-06,HBLENGINE,A,155.35,156.55,153.2,153.65,156.2,3014,208656,32332030.0
2023-07-06,2023-07-06,GUJARATPOLY,XT,56.81,56.81,54.4,54.5,55.7,72,5947,327810.0
2023-07-06,2023-07-06,GIPCL,B,99.05,108.75,99.05,107.55,100.05,5086,440322,46815477.0
2023-07-06,2023-07-06,MOTHERSON,A,91.45,92.93,90.0,91.52,90.32,9326,1496893,137145675.0
2023-07-06,2023-07-06,MINDTECK,T,136.0,140.7,134.5,138.85,136.1,19,1776,242646.0
2023-07-06,2023-07-06,HAVELLS,A,1282.05,1327.1,1282.05,1309.0,1289.05,4848,110399,144673349.0
2023-07-06,2023-07-06,ACIIN,X,0.89,0.89,0.84,0.86,0.87,470,203605,175581.0
2023-07-06,2023-07-06,SBECSYS,XT,19.77,20.34,19.0,20.34,19.38,33,2749,55686.0
2023-07-06,2023-07-06,INCAP,XT,39.95,39.95,37.26,37.26,39.22,17,1612,60079.0
2023-07-06,2023-07-06,GUJINTRX,X,186.4,186.4,174.0,177.25,176.0,56,1715,305851.0
2023-07-06,2023-07-06,IGARASHI,B,478.6,482.0,470.85,472.35,475.45,309,2994,1425552.0
2023-07-06,2023-07-06,SYMPHONY,A,890.15,892.45,885.15,888.8,890.15,224,813,723547.0
2023-07-06,2023-07-06,REGANTO,XT,4.7,4.85,4.51,4.64,4.71,173,85503,404240.0
2023-07-06,2023-07-06,PANELEC,X,30.74,30.74,29.55,29.55,31.1,5,405,11999.0
2023-07-06,2023-07-06,VXLINSTR,X,7.77,7.77,7.04,7.05,7.41,10,1654,11803.0
2023-07-06,2023-07-06,SHYAMTEL,B,6.3,6.8,6.3,6.8,6.26,2,72,488.0
2023-07-06,2023-07-06,LEENEE,X,7.11,8.4,7.11,7.8,7.25,242,74098,572536.0
2023-07-06,2023-07-06,PATELSAI,X,288.0,288.0,272.9,274.65,288.05,416,36914,10343153.0
2023-07-06,2023-07-06,BUTTERFLY,B,1134.75,1151.2,1125.45,1151.2,1130.15,37,114,129834.0
2023-07-06,2023-07-06,ATHENAGLO,X,51.65,53.9,51.5,53.59,54.8,31,2429,127335.0
2023-07-06,2023-07-06,DUTRON,XT,130.65,132.0,130.65,132.0,130.55,6,104,13702.0
2023-07-06,2023-07-06,MAGNAELQ,X,398.0,425.0,375.1,404.3,379.5,297,14118,5612011.0
2023-07-06,2023-07-06,MARSONS,Z,6.88,6.88,6.54,6.58,6.65,70,37462,253203.0
2023-07-06,2023-07-06,ELNET,X,215.05,225.0,215.0,220.1,217.2,158,13800,3026171.0
2023-07-06,2023-07-06,ACCEL,X,14.71,15.0,14.2,14.87,14.84,98,16827,249567.0
2023-07-06,2023-07-06,WEBELSOLAR,B,83.32,89.0,83.32,88.36,85.02,132,9732,856755.0
2023-07-06,2023-07-06,ROTO,B,790.6,801.9,778.15,780.5,791.9,619,7877,6234105.0
2023-07-06,2023-07-06,TTKPRESTIG,A,745.05,759.0,745.05,756.85,746.75,1521,14486,10903280.0
2023-07-06,2023-07-06,DHINDIA,X,73.6,76.5,72.15,73.86,72.17,111,8418,623488.0
2023-07-06,2023-07-06,RAJRATAN,A,832.85,833.7,814.15,820.55,826.3,430,3840,3159346.0
2023-07-06,2023-07-06,SURANAT&P,B,9.31,9.34,9.19,9.21,9.22,52,4499,41458.0
2023-07-06,2023-07-06,ONWARDTEC,B,493.25,496.6,486.6,488.8,493.15,951,18943,9333233.0
2023-07-06,2023-07-06,CENTUM,B,1355.0,1368.0,1321.2,1329.0,1354.4,230,1109,1487871.0
2023-07-06,2023-07-06,ALFATRAN,XT,35.5,36.8,33.3,34.63,35.05,113,30811,1087429.0
2023-07-06,2023-07-06,STARLITE,Z,2.6,2.6,2.57,2.57,2.63,4,1138,2931.0
2023-07-06,2023-07-06,NHCFOODS,XT,50.85,52.0,50.0,51.79,50.82,127,16252,828650.0
2023-07-06,2023-07-06,PVP,T,10.39,10.39,9.92,9.98,10.39,83,22179,222957.0
2023-07-06,2023-07-06,TRIGYN,B,105.45,111.4,105.45,107.4,105.9,817,30944,3368432.0
2023-07-06,2023-07-06,KEI,A,2340.0,2350.0,2294.2,2311.7,2328.55,540,4298,9966709.0
2023-07-06,2023-07-06,IMPPOWERS,Z,3.5,3.6,3.26,3.6,3.43,19,6986,24242.0
2023-07-06,2023-07-06,KEERTHI,XT,133.0,135.0,132.5,133.75,138.35,15,1100,146327.0
2023-07-06,2023-07-06,BHEEMACEM,XT,41.0,41.0,40.2,40.83,40.91,81,6250,253450.0
2023-07-06,2023-07-06,SURAJ,Z,163.95,164.0,157.15,164.0,163.95,7,190,30743.0
2023-07-06,2023-07-06,APCL,B,185.85,186.1,182.25,183.65,184.45,158,2385,441378.0
2023-07-06,2023-07-06,MODINATUR,X,224.2,227.8,221.2,224.35,222.0,40,12656,2803576.0
2023-07-06,2023-07-06,ZKHANDEN,XT,62.0,62.0,58.81,62.0,61.9,6,63,3902.0
2023-07-06,2023-07-06,TASTYBITE,B,13699.0,13900.0,13512.3,13679.9,13606.55,226,462,6311619.0
2023-07-06,2023-07-06,RITESHIN,XT,41.38,41.38,39.1,40.4,40.07,75,4647,188949.0
2023-07-06,2023-07-06,AVTNPL,B,90.01,91.79,90.01,90.31,90.61,253,13824,1254275.0
2023-07-06,2023-07-06,HNDFDS,A,573.95,578.3,561.3,569.65,569.85,1311,16620,9480135.0
2023-07-06,2023-07-06,NAHARINDUS,B,121.7,128.25,121.7,125.45,124.8,163,5563,700776.0
2023-07-06,2023-07-06,VADILENT,XT,3850.0,4042.0,3725.0,3865.0,3850.0,24,73,287841.0
2023-07-06,2023-07-06,VADILALIND,B,2728.5,2735.0,2667.55,2684.15,2728.5,787,2361,6371652.0
2023-07-06,2023-07-06,ASHAI,XT,5.0,5.0,5.0,5.0,5.0,4,41,205.0
2023-07-06,2023-07-06,ADFFOODS,B,1028.2,1065.5,1028.2,1044.95,1046.0,760,4238,4463878.0
2023-07-06,2023-07-06,RGRL,X,8.41,8.41,8.02,8.05,8.43,40,7691,62461.0
2023-07-06,2023-07-06,WILLIMFI,X,3.4,3.6,3.4,3.6,3.53,2,170,598.0
2023-07-06,2023-07-06,AJANTSOY,X,28.95,29.37,28.7,29.1,28.68,704,79328,2310877.0
2023-07-06,2023-07-06,WILLAMAGOR,T,22.02,22.95,21.25,22.38,22.02,10,5247,111705.0
2023-07-06,2023-07-06,KISAAN,X,6.55,6.55,6.55,6.55,6.24,8,3031,19853.0
2023-07-06,2023-07-06,SIEL,XT,77.0,79.6,72.05,74.9,75.81,16,1444,105014.0
2023-07-06,2023-07-06,SPTRSHI,XT,17.0,17.8,16.15,16.25,17.0,11,684,11214.0
2023-07-06,2023-07-06,SRDAPRT,XT,45.7,45.7,43.0,43.66,44.0,5,87,3842.0
2023-07-06,2023-07-06,PRIMAGR,XT,23.16,25.0,23.16,23.96,24.0,5,413,9882.0
2023-07-06,2023-07-06,MADHURIND,XT,4.49,4.49,4.49,4.49,4.28,2,33,148.0
2023-07-06,2023-07-06,TARAI,Z,5.5,5.5,5.03,5.5,5.28,15,579,3059.0
2023-07-06,2023-07-06,MODAIRY,X,21.74,21.74,21.05,21.1,21.32,84,13245,282230.0
2023-07-06,2023-07-06,BAMBINO,X,301.4,301.4,294.3,295.35,295.8,135,5650,1678707.0
2023-07-06,2023-07-06,VIKASWSP,Z,1.3,1.35,1.27,1.33,1.31,91,87536,115049.0
2023-07-06,2023-07-06,VSFPROJ,XT,45.0,47.0,44.68,47.0,45.53,6,1603,71789.0
2023-07-06,2023-07-06,POONADAL,X,54.2,54.2,51.58,51.83,53.66,23,1786,92886.0
2023-07-06,2023-07-06,TRANSFD,X,69.31,69.31,67.01,67.01,66.01,7,376,25715.0
2023-07-06,2023-07-06,ANIKINDS,B,31.49,32.39,30.86,32.08,31.33,112,9214,291255.0
2023-07-06,2023-07-06,SHINDL,XT,60.9,60.9,58.0,58.09,59.0,24,17469,1028755.0
2023-07-06,2023-07-06,KSE,XT,1505.0,1518.95,1493.0,1505.0,1495.25,46,970,1454834.0
2023-07-06,2023-07-06,NARBADA,X,55.5,55.5,55.05,55.1,55.0,12,507,28035.0
2023-07-06,2023-07-06,VIRATCRA,X,28.5,29.0,28.5,28.88,28.71,23,1404,40356.0
2023-07-06,2023-07-06,AMBARPIL,XT,209.05,214.95,200.05,209.0,209.05,28,583,122998.0
2023-07-06,2023-07-06,CHORDIA,XT,103.9,103.9,100.7,100.7,106.0,22,973,98154.0
2023-07-06,2023-07-06,CIANAGRO,XT,39.82,39.82,36.2,36.2,38.1,42,6838,249104.0
2023-07-06,2023-07-06,TAIIND,X,41.0,43.5,40.2,41.24,41.89,54,3795,159013.0
2023-07-06,2023-07-06,BKV,XT,8.32,8.48,8.32,8.45,8.32,23,616,5185.0
2023-07-06,2023-07-06,NCCBLUE,P,4.9,4.9,4.9,4.9,4.67,1,400,1960.0
2023-07-06,2023-07-06,NORBTEAEXP,T,7.3,7.32,7.3,7.3,7.3,9,1009,7374.0
2023-07-06,2023-07-06,ASIANTNE,X,12.3,12.3,11.94,12.09,12.08,122,40214,486530.0
2023-07-06,2023-07-06,HERITGFOOD,B,215.0,221.4,215.0,219.15,215.75,814,29637,6478731.0
2023-07-06,2023-07-06,SIMRAN,XT,146.05,148.95,139.0,148.2,146.05,60,4861,710751.0
2023-07-06,2023-07-06,CCL,A,692.05,729.0,692.05,726.5,691.9,1707,23480,16947425.0
2023-07-06,2023-07-06,KELLTONTEC,B,73.25,73.43,71.48,71.71,72.29,863,84977,6110099.0
2023-07-06,2023-07-06,SURFI,XT,8.0,8.71,8.0,8.71,8.3,13,1194,10334.0
2023-07-06,2023-07-06,LAKESHORE,X,32.2,34.5,32.0,33.17,32.2,48,4966,168350.0
2023-07-06,2023-07-06,RICOAUTO,B,109.1,109.5,106.5,108.45,108.15,1509,120729,13051308.0
2023-07-06,2023-07-06,OMAXAUTO,T,53.6,54.96,53.6,54.77,54.1,14,1266,68283.0
2023-07-06,2023-07-06,MUNJALSHOW,B,149.85,149.85,143.0,144.4,147.9,913,42919,6230827.0
2023-07-06,2023-07-06,JAMNAAUTO,A,104.3,110.5,103.85,108.95,103.35,5911,510323,55287748.0
2023-07-06,2023-07-06,TVSHLTD,A,4672.75,4750.0,4672.75,4731.4,4686.65,149,344,1625617.0
2023-07-06,2023-07-06,JTEKTINDIA,B,143.05,149.1,142.7,146.35,143.6,852,26274,3854859.0
2023-07-06,2023-07-06,MUNJALAU,B,56.8,57.19,55.1,55.37,56.8,578,42185,2375148.0
2023-07-06,2023-07-06,JAYBARMARU,B,314.75,315.75,306.7,306.7,322.8,687,36224,11151893.0
2023-07-06,2023-07-06,RACLGEAR,X,1194.9,1268.0,1194.9,1257.2,1194.1,620,12042,14976238.0
2023-07-06,2023-07-06,SAMKRG,X,146.9,150.6,144.2,148.5,144.0,221,15378,2281674.0
2023-07-06,2023-07-06,RATNAMANI,A,2400.5,2461.1,2345.0,2403.45,2375.5,1044,4358,10565103.0
2023-07-06,2023-07-06,VESUVIUS,A,2429.95,2466.7,2390.4,2451.95,2403.6,780,2185,5330040.0
2023-07-06,2023-07-06,ASAL,B,364.1,376.0,363.4,370.65,363.25,358,4339,1609919.0
2023-07-06,2023-07-06,ARCEEIN,X,6.39,6.39,5.83,5.83,6.47,11,685,4271.0
2023-07-06,2023-07-06,ABCINDQ,X,95.0,95.0,85.0,87.01,91.4,79,3642,318560.0
2023-07-06,2023-07-06,BALTE,X,11.99,11.99,11.37,11.7,11.8,14,803,9205.0
2023-07-06,2023-07-06,SIBARAUT,X,9.9,9.94,9.52,9.76,9.47,31,3352,32868.0
2023-07-06,2023-07-06,TRANSWORLD,B,346.75,354.75,343.75,351.65,346.15,526,10618,3683132.0
2023-07-06,2023-07-06,STARLOG,XT,30.0,30.85,29.1,30.0,29.5,25,2272,68206.0
2023-07-06,2023-07-06,TITANIN,XT,48.49,48.49,47.0,47.81,48.2,76,4147,197911.0
2023-07-06,2023-07-06,ICIL,A,205.05,212.8,205.05,207.5,205.75,843,29993,6310938.0
2023-07-06,2023-07-06,MARALOVER,B,56.25,59.2,56.2,57.9,57.5,76,5777,332336.0
2023-07-06,2023-07-06,SOMATEX,T,28.6,29.0,27.7,27.92,28.75,62,29145,816744.0
2023-07-06,2023-07-06,KAKTEX,XT,31.6,32.44,30.71,32.23,32.27,27,2194,69392.0
2023-07-06,2023-07-06,OCTAVE,X,1.92,1.92,1.92,1.92,1.88,1,1,1.0
2023-07-06,2023-07-06,TRIDENT,A,33.41,33.95,33.33,33.83,33.35,6961,1714505,57876177.0
2023-07-06,2023-07-06,ALOKINDS,A,16.71,17.07,16.61,16.75,16.75,4192,3035285,50807540.0
2023-07-06,2023-07-06,PASARI,X,7.11,7.89,7.11,7.2,7.06,11,1739,12515.0
2023-07-06,2023-07-06,CLCIND,Z,1.64,1.64,1.64,1.64,1.57,9,23136,37943.0
2023-07-06,2023-07-06,AMARJOTHI,X,196.9,199.0,192.3,194.2,193.55,94,5862,1152895.0
2023-07-06,2023-07-06,OLYMPTX,X,103.0,103.0,97.01,97.55,99.84,44,476,46508.0
2023-07-06,2023-07-06,NAGREEKEXP,T,48.5,50.49,48.14,49.5,48.56,14,1651,81544.0
2023-07-06,2023-07-06,SUDTIND-B,X,16.4,16.99,15.88,16.0,16.39,104,62633,1018257.0
2023-07-06,2023-07-06,SBFL,X,17.76,18.0,16.75,17.45,17.76,41,11188,197279.0
2023-07-06,2023-07-06,EUREKAI,XT,4.34,4.46,4.06,4.39,4.25,107,38255,166891.0
2023-07-06,2023-07-06,ADITYASP,XT,19.5,20.3,19.5,19.56,19.5,23,4786,94173.0
2023-07-06,2023-07-06,DHANFAB,XT,37.66,39.51,37.66,38.2,37.66,12,981,37173.0
2023-07-06,2023-07-06,SLSTLQ,X,36.95,36.95,31.7,34.99,34.0,26,2742,97303.0
2023-07-06,2023-07-06,ZODIACLOTH,B,101.6,103.95,101.2,102.15,101.1,200,5130,523628.0
2023-07-06,2023-07-06,SRMCL,XT,28.19,29.0,27.0,27.88,28.19,14,2215,59943.0
2023-07-06,2023-07-06,SUPERSPIN,B,7.29,7.3,6.9,6.92,7.06,186,21411,151622.0
2023-07-06,2023-07-06,UNITEDTE,XT,11.25,12.39,11.25,12.39,11.8,10,742,8580.0
2023-07-06,2023-07-06,SILINV,B,330.2,342.0,318.0,323.8,325.25,47,225,72949.0
2023-07-06,2023-07-06,SURYALAXMI,B,57.1,60.05,57.1,59.0,59.5,23,700,41328.0
2023-07-06,2023-07-06,SAMTEX,X,2.02,2.15,2.02,2.03,2.06,56,18024,37410.0
2023-07-06,2023-07-06,CITYMAN,XT,22.49,22.49,20.86,20.86,21.95,18,1904,40018.0
2023-07-06,2023-07-06,DHANROTO,X,90.15,91.0,85.62,88.03,90.15,99,6188,547750.0
2023-07-06,2023-07-06,DAMODARIND,B,44.5,44.5,43.85,44.0,44.0,10,174,7664.0
2023-07-06,2023-07-06,SANBLUE,X,25.9,25.9,24.81,25.22,25.85,11,950,24229.0
2023-07-06,2023-07-06,UNIROYAL,X,13.0,13.0,12.85,13.0,13.0,14,1234,15940.0
2023-07-06,2023-07-06,SRINACHA,X,35.85,39.4,35.85,37.02,35.2,27,2173,82949.0
2023-07-06,2023-07-06,SAMBANDAM,X,148.85,148.85,148.8,148.8,148.85,3,74,11012.0
2023-07-06,2023-07-06,KANDAGIRI,X,14.9,14.9,14.9,14.9,14.3,1,1,14.0
2023-07-06,2023-07-06,PARASPETRO,T,0.85,0.85,0.83,0.83,0.83,43,136822,113873.0
2023-07-06,2023-07-06,KITEX,B,187.9,195.0,187.9,191.5,192.15,838,25249,4862729.0
2023-07-06,2023-07-06,CRANEX,X,31.14,31.14,29.8,30.77,30.39,15,1510,45922.0
2023-07-06,2023-07-06,BATLIBOI,XT,80.16,80.16,75.25,79.66,76.35,368,113616,9007032.0
2023-07-06,2023-07-06,AUSTENG,X,203.95,207.85,194.0,196.25,197.6,294,22913,4618005.0
2023-07-06,2023-07-06,UNIDT,B,206.4,209.4,202.45,204.25,206.6,2133,186962,38663197.0
2023-07-06,2023-07-06,FLUIDOM,XT,333.05,333.05,325.0,326.05,333.05,118,5036,1644868.0
2023-07-06,2023-07-06,EMAINDIA,X,19.7,21.5,19.7,21.0,20.73,6,203,4209.0
2023-07-06,2023-07-06,WINDMACHIN,T,58.5,58.5,55.55,56.57,56.59,61,11414,652013.0
2023-07-06,2023-07-06,SHANTIGEAR,B,466.95,470.3,453.4,457.35,467.45,1288,16992,7782731.0
2023-07-06,2023-07-06,MIVENMACH,XT,19.65,19.65,19.65,19.65,20.68,6,146,2868.0
2023-07-06,2023-07-06,HONDAPOWER,B,2170.1,2205.0,2170.1,2196.45,2167.0,143,779,1708535.0
2023-07-06,2023-07-06,HITECHGEAR,B,399.95,411.9,393.65,397.7,399.5,381,6035,2430957.0
2023-07-06,2023-07-06,ELGIEQUIP,A,536.55,543.9,536.55,539.85,540.9,1164,21291,11511896.0
2023-07-06,2023-07-06,UVDRHOR,XT,168.4,172.25,165.3,167.1,168.4,34,523,87684.0
2023-07-06,2023-07-06,KLBRENG-B,XT,126.0,133.0,126.0,132.3,127.5,406,110720,14444284.0
2023-07-06,2023-07-06,BIRLAPREC,X,41.44,43.95,41.44,41.97,42.1,319,41873,1784448.0
2023-07-06,2023-07-06,YUKEN,B,634.55,640.0,630.0,631.15,635.1,60,263,166466.0
2023-07-06,2023-07-06,TIMKEN,A,3320.05,3345.0,3271.0,3287.85,3332.0,695,2774,9175911.0
2023-07-06,2023-07-06,VOITHPAPR,X,1590.0,1619.7,1590.0,1599.85,1589.25,79,2997,4793624.0
2023-07-06,2023-07-06,ARTSON,X,86.49,87.0,85.0,85.28,84.32,346,28237,2422604.0
2023-07-06,2023-07-06,SOLIMAC,X,58.92,58.92,57.21,57.98,57.97,24,980,56422.0
2023-07-06,2023-07-06,INDSILHYD,X,37.9,38.1,37.1,37.4,37.85,84,12190,456887.0
2023-07-06,2023-07-06,ITL,X,229.95,233.8,216.0,220.25,225.4,177,9173,2033092.0
2023-07-06,2023-07-06,FRONTSP,X,438.4,442.0,420.5,422.9,432.8,262,11067,4706112.0
2023-07-06,2023-07-06,PRAJIND,A,370.05,379.1,368.05,370.55,369.05,2061,43255,16118051.0
2023-07-06,2023-07-06,RASANDIK,X,73.0,73.0,69.0,70.91,72.06,36,7152,516818.0
2023-07-06,2023-07-06,YOGISUNG,X,3.33,3.49,3.33,3.49,3.49,5,924,3176.0
2023-07-06,2023-07-06,HLEGLAS,A,686.0,686.3,671.2,673.9,680.7,974,8839,5982380.0
2023-07-06,2023-07-06,GUJAPOLLO,B,191.25,192.95,191.0,192.25,191.25,36,691,133027.0
2023-07-06,2023-07-06,TANAA,X,191.4,199.9,185.85,195.85,187.4,1462,140212,27399110.0
2023-07-06,2023-07-06,CONART,X,43.7,43.7,41.8,42.12,43.89,76,7034,297826.0
2023-07-06,2023-07-06,MINALIND,XT,1.85,1.85,1.85,1.85,1.77,7,34811,64400.0
2023-07-06,2023-07-06,SHIVAGR,XT,17.57,17.57,17.57,17.57,18.49,5,86,1511.0
2023-07-06,2023-07-06,MMFL,B,969.0,969.0,919.9,923.55,938.75,584,3353,3113268.0
2023-07-06,2023-07-06,IYKOTHITE,XT,23.0,24.15,22.0,22.07,23.0,15,7917,175495.0
2023-07-06,2023-07-06,MAYURUNIQ,B,511.65,519.6,501.35,506.0,508.95,721,6483,3321713.0
2023-07-06,2023-07-06,CENLUB,X,269.0,277.0,252.05,264.2,259.15,529,18912,5083209.0
2023-07-06,2023-07-06,RAJOOENG,XT,50.33,52.84,49.0,52.84,50.33,1163,423536,21707888.0
2023-07-06,2023-07-06,VJLAXMIE,X,36.0,37.0,35.15,36.13,35.25,18,2374,87280.0
2023-07-06,2023-07-06,AHMDSTE,X,18.71,20.53,18.71,20.0,19.56,4,100,1987.0
2023-07-06,2023-07-06,GVT&D,T,223.9,223.9,213.4,215.0,223.95,239,14925,3229335.0
2023-07-06,2023-07-06,RAMRAT,B,295.05,300.0,286.4,289.6,292.5,397,7488,2190607.0
2023-07-06,2023-07-06,JAYNECOIND,B,23.5,23.5,22.8,22.83,22.85,154,15669,361048.0
2023-07-06,2023-07-06,KPIL,A,542.95,569.35,532.7,554.8,547.55,984,9267,5155591.0
2023-07-06,2023-07-06,CANDOUR,X,48.4,48.4,44.74,46.59,47.09,118,29313,1340262.0
2023-07-06,2023-07-06,TIGLOB,XT,206.95,207.0,194.0,197.65,198.75,30,931,185124.0
2023-07-06,2023-07-06,CONTROLPR,B,615.05,636.7,615.05,629.9,619.65,979,7167,4516396.0
2023-07-06,2023-07-06,BEMHY,X,599.0,599.0,586.05,597.8,587.1,29,321,191555.0
2023-07-06,2023-07-06,ANSALBU,X,75.7,75.7,73.11,74.31,73.07,41,1940,144482.0
2023-07-06,2023-07-06,WEIZMANIND,T,99.0,100.85,95.35,97.31,99.91,33,1624,158479.0
2023-07-06,2023-07-06,BNRSEC,X,39.19,39.97,38.3,38.46,38.87,102,10766,419455.0
2023-07-06,2023-07-06,RISHITECH,X,26.0,27.5,26.0,26.56,25.74,24,4150,108998.0
2023-07-06,2023-07-06,SINCLAIR,X,119.0,121.0,118.45,118.95,118.95,237,20697,2466140.0
2023-07-06,2023-07-06,SAFARI,A,2933.95,2963.0,2889.4,2948.35,2916.3,617,1479,4347248.0
2023-07-06,2023-07-06,JJFINCOR,XT,15.0,15.0,15.0,15.0,15.54,1,1,15.0
2023-07-06,2023-07-06,COSMOFE,X,220.0,238.0,215.55,235.3,219.1,585,41909,9703860.0
2023-07-06,2023-07-06,FUTURSEC,XT,19.0,19.0,19.0,19.0,19.0,1,2,38.0
2023-07-06,2023-07-06,SANCTRN,X,738.95,738.95,621.0,630.2,660.4,9,34,21890.0
2023-07-06,2023-07-06,THRIVE,X,50.97,50.97,45.9,47.46,49.12,139,11596,544881.0
2023-07-06,2023-07-06,EIHAHOTELS,B,512.95,517.1,505.95,508.7,512.85,92,1122,575688.0
2023-07-06,2023-07-06,MEDICAPQ,X,37.85,37.85,37.01,37.29,37.25,76,3082,115493.0
2023-07-06,2023-07-06,OTCO,X,4.82,5.3,4.78,5.3,4.82,11,740,3550.0
2023-07-06,2023-07-06,FOSECOC,X,1029.8,1029.8,1003.15,1006.85,1014.0,74,1191,1199552.0
2023-07-06,2023-07-06,BAPACK,XT,181.95,181.95,178.3,181.7,182.0,18,497,89648.0
2023-07-06,2023-07-06,ABAN,B,41.45,42.35,41.35,41.81,41.5,312,22851,957232.0
2023-07-06,2023-07-06,KOKUYOCMLN,B,116.55,121.4,116.3,120.3,116.3,1013,85482,10214232.0
2023-07-06,2023-07-06,BHARATSE,X,128.3,133.8,128.3,131.65,129.0,445,49592,6555519.0
2023-07-06,2023-07-06,CONTPTR,XT,53.2,55.3,53.2,53.5,54.29,48,5107,275169.0
2023-07-06,2023-07-06,NBFOOT,P,3.7,3.7,3.7,3.7,3.84,8,15200,56240.0
2023-07-06,2023-07-06,MACPLASQ,X,147.3,154.9,139.3,147.5,147.4,218,37087,5521498.0
2023-07-06,2023-07-06,PEARLPOLY,B,23.0,23.0,21.5,21.72,22.0,77,5534,120309.0
2023-07-06,2023-07-06,VENKEYS,A,1705.0,1738.6,1698.0,1701.15,1697.55,504,4168,7159345.0
2023-07-06,2023-07-06,ADVANIHOTR,B,88.37,88.48,86.8,86.98,87.86,104,4011,349449.0
2023-07-06,2023-07-06,GVFILM,X,0.48,0.48,0.42,0.46,0.48,1088,2720129,1241129.0
2023-07-06,2023-07-06,SUPERHOUSE,B,217.2,217.2,214.35,215.8,214.1,17,236,50827.0
2023-07-06,2023-07-06,RAMAVISION,X,38.9,38.9,37.04,37.35,37.8,25,3413,128260.0
2023-07-06,2023-07-06,TCPLPACK,B,1418.1,1463.0,1404.55,1409.15,1410.5,194,1384,1977822.0
2023-07-06,2023-07-06,BALMLAWRIE,B,134.1,138.6,134.0,137.65,134.1,517,25111,3431820.0
2023-07-06,2023-07-06,KOVAI,B,2550.05,2569.0,2504.75,2512.35,2529.1,225,1139,2888500.0
2023-07-06,2023-07-06,ELDEHSG,B,774.9,779.85,754.95,774.35,773.25,136,532,410018.0
2023-07-06,2023-07-06,DCMSHRIRAM,A,885.95,899.35,881.75,896.45,886.45,210,1196,1064303.0
2023-07-06,2023-07-06,DCMSRIND,B,76.6,82.5,76.6,80.91,78.71,275,20089,1639647.0
2023-07-06,2023-07-06,MAWANASUG,B,103.29,103.9,102.45,103.33,103.29,480,29799,3078994.0
2023-07-06,2023-07-06,MINID,XT,18.9,18.9,17.35,17.61,18.0,18,1157,21053.0
2023-07-06,2023-07-06,NILKAMAL,B,2423.85,2451.15,2406.95,2430.55,2429.6,136,380,922457.0
2023-07-06,2023-07-06,NAHARPOLY,B,240.0,248.85,240.0,245.35,244.75,88,1214,298672.0
2023-07-06,2023-07-06,3MINDIA,A,27413.75,28203.7,27200.0,27442.1,27280.7,139,146,4038988.0
2023-07-06,2023-07-06,BOSCH-HCIL,A,1059.95,1061.4,1036.0,1052.2,1046.85,632,3631,3817232.0
2023-07-06,2023-07-06,JMFINANCIL,A,75.19,75.19,73.0,73.7,74.18,899,102037,7550123.0
2023-07-06,2023-07-06,ADCINDIA,X,715.0,810.0,707.8,778.85,712.65,529,16241,12688865.0
2023-07-06,2023-07-06,TNTELE,T,5.81,6.34,5.81,6.03,6.07,4,94,566.0
2023-07-06,2023-07-06,SUNRAJDI,Z,8.19,8.19,7.6,7.95,7.83,8,885,7098.0
2023-07-06,2023-07-06,RIIL,A,955.0,974.95,955.0,964.65,955.8,1150,20206,19514754.0
2023-07-06,2023-07-06,SHARP,XT,55.46,58.99,55.46,55.61,56.91,5,126,7349.0
2023-07-06,2023-07-06,LINDEINDIA,A,4396.25,4400.05,4361.05,4374.15,4391.5,144,616,2703529.0
2023-07-06,2023-07-06,INDBNK,B,30.5,33.0,30.3,32.39,30.48,40,2253,72086.0
2023-07-06,2023-07-06,JAIMATAG,XT,1.61,1.67,1.6,1.63,1.65,236,114537,186379.0
2023-07-06,2023-07-06,PACIFICI,X,132.95,132.95,130.0,131.3,130.0,23,461,60178.0
2023-07-06,2023-07-06,CMMHOSP,X,24.3,26.9,24.1,24.69,24.5,35,5856,145370.0
2023-07-06,2023-07-06,UNIOFFICE,XT,4.2,4.2,4.18,4.2,4.0,8,1605,6713.0
2023-07-06,2023-07-06,APMIN,X,50.35,50.8,49.35,50.39,50.23,107,11518,579333.0
2023-07-06,2023-07-06,PRECWIRE,B,89.0,91.75,89.0,89.95,89.39,1154,112036,10155652.0
2023-07-06,2023-07-06,KRYPTONQ,X,20.24,20.45,19.75,20.34,20.13,95,12013,242965.0
2023-07-06,2023-07-06,SWISSMLTRY,X,13.1,13.1,12.81,12.93,13.0,582,139061,1799085.0
2023-07-06,2023-07-06,MARBU,X,38.1,38.1,37.02,37.04,38.0,8,160,5958.0
2023-07-06,2023-07-06,FEL,Z,0.8,0.81,0.79,0.81,0.8,115,140247,111986.0
2023-07-06,2023-07-06,INDTONER,X,243.9,248.45,242.05,246.7,243.9,86,2996,733261.0
2023-07-06,2023-07-06,KUNSTOFF,X,24.5,24.5,23.51,23.58,24.49,30,544,13060.0
2023-07-06,2023-07-06,SCI,A,100.2,102.1,100.15,100.9,100.1,1411,96356,9769331.0
2023-07-06,2023-07-06,SIKA,X,768.0,768.0,725.0,737.45,754.4,255,3310,2453308.0
2023-07-06,2023-07-06,ITI,A,109.6,109.8,108.6,109.25,109.65,639,29243,3190990.0
2023-07-06,2023-07-06,DREDGECORP,B,357.3,369.6,356.7,363.1,353.35,1772,40607,14840516.0
2023-07-06,2023-07-06,PHRMASI,XT,23.31,24.41,23.31,24.41,23.25,10,900,21925.0
2023-07-06,2023-07-06,PODDARHOUS,T,104.0,104.0,103.95,103.95,103.8,3,44,4575.0
2023-07-06,2023-07-06,NFL,A,72.24,73.45,71.9,72.88,71.89,2744,518130,37682559.0
2023-07-06,2023-07-06,IPRINGLTD,X,104.2,109.0,104.2,105.5,106.0,52,5034,532880.0
2023-07-06,2023-07-06,PIIND,A,3868.65,3873.15,3818.0,3853.7,3855.1,849,5653,21736965.0
2023-07-06,2023-07-06,PLASTIBLEN,B,195.85,197.0,194.55,195.75,195.8,66,650,127180.0
2023-07-06,2023-07-06,YASHINNO,XT,37.75,40.48,37.75,38.0,38.94,19,2541,96591.0
2023-07-06,2023-07-06,KKPLASTICK,XT,15.62,15.62,15.62,15.62,14.88,1,151,2358.0
2023-07-06,2023-07-06,WATERBASE,B,75.51,89.6,74.52,85.43,74.78,2432,151318,12908387.0
2023-07-06,2023-07-06,FLEXFO,X,86.5,87.99,86.0,87.2,85.81,80,5708,496377.0
2023-07-06,2023-07-06,GOLKUNDIA,X,102.65,106.05,100.55,103.25,102.45,68,4126,424844.0
2023-07-06,2023-07-06,APCOTEXIND,A,556.55,562.1,551.0,553.95,557.85,617,6160,3428689.0
2023-07-06,2023-07-06,FORTISMLR,X,60.0,62.0,59.75,60.1,60.06,65,4070,246272.0
2023-07-06,2023-07-06,MASTEK,A,2010.1,2037.95,1977.2,1986.9,2017.2,890,5691,11428221.0
2023-07-06,2023-07-06,EIMCOELECO,T,630.1,644.65,630.0,644.05,635.55,24,670,428106.0
2023-07-06,2023-07-06,SAYAJIHOTL,XT,362.3,362.3,351.0,351.1,345.05,13,332,118057.0
2023-07-06,2023-07-06,ASHIANA,B,187.75,198.0,187.75,193.45,191.55,542,16249,3181205.0
2023-07-06,2023-07-06,ECOBOAR,X,20.78,22.69,19.15,21.13,20.78,115,22829,480137.0
2023-07-06,2023-07-06,DVL,B,285.25,290.85,283.95,287.0,284.75,445,9265,2666414.0
2023-07-06,2023-07-06,TIHIL,XT,20.0,20.13,19.0,19.5,19.74,35,13518,265869.0
2023-07-06,2023-07-06,MAHEPC,B,104.0,111.65,104.0,107.4,105.55,485,19477,2110909.0
2023-07-06,2023-07-06,SREIINFRA,T,2.11,2.15,2.05,2.05,2.15,197,254173,527243.0
2023-07-06,2023-07-06,MITSHI,X,14.46,14.46,13.4,14.17,14.2,86,44824,630823.0
2023-07-06,2023-07-06,MAZDA,T,869.0,879.95,856.0,859.3,869.45,79,1326,1143927.0
2023-07-06,2023-07-06,SOVERDIA,X,25.45,25.5,24.5,25.25,25.19,41,4361,109318.0
2023-07-06,2023-07-06,MENONBE,B,139.2,143.35,139.2,141.4,141.55,383,18405,2595037.0
2023-07-06,2023-07-06,MUKATPIP,X,7.02,7.02,7.02,7.02,7.02,3,200,1404.0
2023-07-06,2023-07-06,GUJRAFFIA,T,28.6,28.6,28.0,28.6,28.66,5,401,11408.0
2023-07-06,2023-07-06,SIMPLEXINF,B,35.95,35.95,32.95,34.99,33.72,182,20018,692843.0
2023-07-06,2023-07-06,INNOVTEC,X,17.25,17.25,16.5,16.52,16.56,28,2114,35177.0
2023-07-06,2023-07-06,SUPTANERY,X,7.67,7.74,7.42,7.47,7.41,238,57920,434841.0
2023-07-06,2023-07-06,CONSTRONIC,XT,7.0,7.0,7.0,7.0,7.28,5,216,1512.0
2023-07-06,2023-07-06,AXTEL,X,315.5,315.5,306.0,309.15,315.0,235,9511,2943987.0
2023-07-06,2023-07-06,APIL,XT,31.1,31.1,30.05,30.05,30.15,3,125,3785.0
2023-07-06,2023-07-06,POONAWALLA,A,370.95,375.0,360.75,362.0,368.35,2286,111726,41126102.0
2023-07-06,2023-07-06,HINFLUR,B,9.75,9.75,9.41,9.45,9.64,47,9113,86988.0
2023-07-06,2023-07-06,KINGFA,B,1997.75,2021.95,1971.2,1982.0,1992.5,239,1075,2148631.0
2023-07-06,2023-07-06,RAMAPHO,B,244.85,247.0,239.05,241.45,244.2,218,3254,790377.0
2023-07-06,2023-07-06,VENLONENT,XT,4.66,4.85,4.66,4.8,4.66,10,1286,6095.0
2023-07-06,2023-07-06,POLYPLEX,A,1326.05,1351.5,1319.35,1329.0,1351.9,2331,18956,25308556.0
2023-07-06,2023-07-06,ALBERTDAVD,B,644.95,645.0,624.35,625.25,636.35,368,2704,1710303.0
2023-07-06,2023-07-06,HARLETH,XT,41.85,41.85,41.3,41.3,41.7,19,874,36136.0
2023-07-06,2023-07-06,CARYSIL,A,701.8,701.8,685.1,697.05,692.05,777,8584,5964478.0
2023-07-06,2023-07-06,KABRAEXTRU,B,452.35,461.6,452.35,457.2,459.8,195,2487,1137981.0
2023-07-06,2023-07-06,VINYLINDIA,B,509.3,516.9,503.0,505.1,505.9,216,2474,1257523.0
2023-07-06,2023-07-06,PCCOSMA,XT,184.0,184.0,172.0,182.0,180.45,54,2756,490276.0
2023-07-06,2023-07-06,TCMLMTD,X,38.7,39.69,37.99,38.6,38.07,44,8644,330975.0
2023-07-06,2023-07-06,IOLCP,A,377.0,384.5,377.0,380.65,376.55,1770,40751,15552269.0
2023-07-06,2023-07-06,KESARPE,XT,6.37,6.68,6.08,6.22,6.39,158,64102,401956.0
2023-07-06,2023-07-06,VINATIORGA,A,1845.15,1845.15,1828.7,1834.95,1832.2,1081,4447,8155133.0
2023-07-06,2023-07-06,LACTOSE,X,48.99,48.99,47.0,47.3,47.36,27,2585,123837.0
2023-07-06,2023-07-06,TEEAI,XT,30.61,30.61,30.61,30.61,29.16,4,201,6152.0
2023-07-06,2023-07-06,AARTIIND,A,489.95,489.95,480.0,486.0,486.45,9388,149289,72328893.0
2023-07-06,2023-07-06,WANBURY,T,53.7,56.94,53.7,54.96,56.08,24,3692,201145.0
2023-07-06,2023-07-06,RESONANCE,X,86.98,88.0,84.1,86.93,84.66,131,16823,1455335.0
2023-07-06,2023-07-06,GAEL,A,241.1,245.1,241.05,243.75,241.6,268,7481,1820922.0
2023-07-06,2023-07-06,RCF,A,116.55,119.45,116.05,118.1,116.25,8597,1189545,140338465.0
2023-07-06,2023-07-06,GUJINJEC,XT,8.24,8.24,8.24,8.24,8.67,1,10,82.0
2023-07-06,2023-07-06,KOPRAN,B,184.2,186.7,183.5,184.2,184.75,612,24957,4603800.0
2023-07-06,2023-07-06,AIMCOPEST,X,121.0,121.0,116.55,118.9,118.35,165,15386,1816302.0
2023-07-06,2023-07-06,SEYAIND,T,25.12,25.99,24.01,25.43,25.11,22,5030,127833.0
2023-07-06,2023-07-06,JAYAGROGN,B,229.85,232.9,228.0,231.55,229.85,173,2360,543345.0
2023-07-06,2023-07-06,BCLIND,B,486.25,512.15,486.25,508.9,492.95,468,8633,4292043.0
2023-07-06,2023-07-06,SHHARICH,X,45.98,45.98,43.8,44.98,45.28,11,1109,49410.0
2023-07-06,2023-07-06,INDOBORAX,B,130.75,133.7,127.25,130.7,131.85,203,7030,921958.0
2023-07-06,2023-07-06,AARTIDRUGS,A,463.0,474.15,463.0,470.3,466.95,744,8158,3838672.0
2023-07-06,2023-07-06,BODALCHEM,B,76.69,77.2,76.0,76.32,75.76,381,38092,2921701.0
2023-07-06,2023-07-06,ORCHPHARMA,T,508.7,509.0,491.1,506.8,502.1,81,72224,35509680.0
2023-07-06,2023-07-06,VIMTALABS,B,405.45,407.9,398.6,399.35,401.05,116,1309,530032.0
2023-07-06,2023-07-06,BIOFILCHEM,B,44.96,45.34,44.86,45.31,44.52,24,503,22632.0
2023-07-06,2023-07-06,ISHITADR,XT,77.1,79.85,77.1,79.27,80.52,33,1136,88119.0
2023-07-06,2023-07-06,MARKSANS,A,93.7,95.25,93.21,94.01,93.66,901,111431,10489126.0
2023-07-06,2023-07-06,UNIVSTAR,XT,131.8,132.6,126.3,131.0,126.3,33,1632,212869.0
2023-07-06,2023-07-06,AAREYDRUGS,B,33.1,34.18,32.85,32.97,33.69,189,5711,191350.0
2023-07-06,2023-07-06,NORRIS,X,10.35,11.25,10.35,11.14,11.0,23,549,5942.0
2023-07-06,2023-07-06,CAMEXLTD,XT,29.38,29.38,28.0,28.03,28.67,35,5365,152340.0
2023-07-06,2023-07-06,EVEXIA,XT,2.43,2.47,2.31,2.34,2.43,1510,2166709,5164327.0
2023-07-06,2023-07-06,INDOEURO,XT,36.77,37.5,34.25,34.65,36.05,37,3517,123246.0
2023-07-06,2023-07-06,SYNCOMF,B,7.63,7.83,7.62,7.64,7.72,1035,521694,4011114.0
2023-07-06,2023-07-06,RIDDHI,X,337.0,339.95,333.3,335.15,337.0,26,225,75607.0
2023-07-06,2023-07-06,SVCIND,XT,2.69,2.69,2.55,2.68,2.61,139,40580,106698.0
2023-07-06,2023-07-06,IPCALAB,A,753.4,761.75,746.85,760.4,749.65,965,11800,8932573.0
2023-07-06,2023-07-06,KILITCH,T,188.45,194.85,188.45,194.85,188.25,3,160,30381.0
2023-07-06,2023-07-06,RAAJMEDI,P,37.01,37.01,37.01,37.01,36.31,2,200,7402.0
2023-07-06,2023-07-06,CORALAB,X,244.05,254.9,243.2,247.85,249.7,54,1754,434655.0
2023-07-06,2023-07-06,KREBSBIO,T,71.9,72.8,70.0,70.0,70.0,13,1483,104264.0
2023-07-06,2023-07-06,KMCSHIL,B,65.99,65.99,65.21,65.72,65.88,599,61855,4063299.0
2023-07-06,2023-07-06,LAFFANSQ,X,39.08,39.14,39.08,39.12,39.05,5,925,36191.0
2023-07-06,2023-07-06,BHASKAGR,XT,60.0,60.0,57.19,59.99,60.02,7,37,2208.0
2023-07-06,2023-07-06,SUKHJITS,B,425.1,425.1,415.0,419.9,423.0,134,2599,1089468.0
2023-07-06,2023-07-06,NEULANDLAB,A,3147.9,3147.9,3052.7,3102.25,3086.3,1388,6701,20738160.0
2023-07-06,2023-07-06,GAYATRIBI,XT,10.64,10.64,10.07,10.07,10.2,73,25600,258351.0
2023-07-06,2023-07-06,PODDARMENT,B,317.5,317.5,309.0,311.0,311.8,40,598,185357.0
2023-07-06,2023-07-06,PHARMAID,XT,51.0,52.34,48.56,48.56,51.11,90,19010,935194.0
2023-07-06,2023-07-06,VIVIDIND,X,22.0,22.5,22.0,22.11,22.44,38,3092,68262.0
2023-07-06,2023-07-06,PRIYALT,X,10.99,10.99,10.36,10.4,10.71,7,271,2973.0
2023-07-06,2023-07-06,TIRUSTA,XT,81.0,86.5,78.81,85.0,82.9,32,2385,197357.0
2023-07-06,2023-07-06,JAYSYNTH,X,4.72,5.2,4.72,5.2,4.96,6,1005,4796.0
2023-07-06,2023-07-06,AEONXDIGI,X,95.9,98.25,95.0,96.15,95.89,42,1982,191249.0
2023-07-06,2023-07-06,AKSHARCHEM,B,241.0,249.45,239.45,246.65,242.55,64,682,166970.0
2023-07-06,2023-07-06,BERLDRG,X,16.6,17.49,16.6,17.35,16.6,12,1142,19558.0
2023-07-06,2023-07-06,INDXTRA,XT,127.35,135.0,127.35,134.8,134.05,152,53581,6996981.0
2023-07-06,2023-07-06,ISTRNETWK,X,1.44,1.51,1.44,1.51,1.44,12,3930,5746.0
2023-07-06,2023-07-06,GAGAN,X,14.1,14.1,14.0,14.1,13.44,27,3419,48200.0
2023-07-06,2023-07-06,PARKERAC,X,9.4,9.4,9.4,9.4,8.96,2,401,3769.0
2023-07-06,2023-07-06,ALUFLUOR,X,414.15,420.0,405.5,407.75,413.8,387,16917,6955117.0
2023-07-06,2023-07-06,OXYGENTAPH,XT,48.9,48.9,44.27,47.83,46.59,26,1876,90006.0
2023-07-06,2023-07-06,ARCHITORG,X,60.75,61.59,60.2,60.75,61.08,179,27360,1667679.0
2023-07-06,2023-07-06,SIKOZY,X,1.11,1.11,1.04,1.04,1.09,23,17611,18543.0
2023-07-06,2023-07-06,INDOAMIN,B,115.15,118.0,115.15,116.05,114.85,303,9233,1075219.0
2023-07-06,2023-07-06,NATCAPSUQ,X,375.0,375.0,366.0,367.7,369.4,369,15022,5542596.0
2023-07-06,2023-07-06,WELCURE,X,4.18,4.18,3.99,4.07,4.09,147,38520,155638.0
2023-07-06,2023-07-06,BIBCL,B,22.5,22.5,22.0,22.32,22.36,183,24284,543093.0
2023-07-06,2023-07-06,SOTL,B,288.65,308.35,288.65,306.8,287.1,951,20838,6309444.0
2023-07-06,2023-07-06,HESTERBIO,B,1730.9,1739.1,1702.0,1723.45,1731.65,83,203,348107.0
2023-07-06,2023-07-06,KABSON,XT,10.89,11.21,10.26,11.0,10.68,42,13813,150587.0
2023-07-06,2023-07-06,BASANTGL,X,20.14,20.15,19.75,19.94,19.79,548,114380,2284435.0
2023-07-06,2023-07-06,SANDUPHQ,X,55.9,55.9,51.1,52.42,54.58,92,9458,500069.0
2023-07-06,2023-07-06,NACLIND,B,94.5,95.2,93.25,93.34,94.7,357,16570,1554421.0
2023-07-06,2023-07-06,VISTAPH,X,9.75,10.36,9.75,10.12,10.06,56,9084,90070.0
2023-07-06,2023-07-06,SUNPHARMA,A,1039.35,1056.0,1039.15,1041.8,1044.6,2553,137246,143805168.0
2023-07-06,2023-07-06,TITANBIO,X,253.55,260.0,253.55,257.6,257.7,203,10586,2714879.0
2023-07-06,2023-07-06,JENBURPH,X,718.0,725.0,710.0,711.45,715.85,61,680,486548.0
2023-07-06,2023-07-06,HIKAL,A,317.15,317.15,306.7,307.6,307.85,1104,27091,8363785.0
2023-07-06,2023-07-06,CAPLIPOINT,A,794.95,801.45,788.75,795.1,790.1,671,8636,6869722.0
2023-07-06,2023-07-06,LINKPH,X,42.2,42.2,41.0,41.32,42.14,29,1968,81571.0
2023-07-06,2023-07-06,DECIPHER,XT,17.22,17.89,17.22,17.49,17.57,131,10312,180953.0
2023-07-06,2023-07-06,EMMESSA,X,25.27,25.62,24.75,25.11,24.77,22,765,19013.0
2023-07-06,2023-07-06,NGLFINE,B,1845.0,1907.3,1842.35,1877.65,1839.95,83,633,1189808.0
2023-07-06,2023-07-06,EVERESTO,X,116.0,136.6,116.0,136.6,113.85,865,99110,13221204.0
2023-07-06,2023-07-06,AUROPHARMA,A,732.85,765.0,725.45,761.55,731.25,6156,110106,82726191.0
2023-07-06,2023-07-06,PHYTO,XT,37.04,37.04,35.0,36.0,35.9,6,1205,44212.0
2023-07-06,2023-07-06,NATCOPHARM,A,679.0,699.45,679.0,696.45,679.65,1864,34607,23840215.0
2023-07-06,2023-07-06,DYNAMIND,X,61.82,62.75,60.5,61.0,61.82,25,2082,129819.0
2023-07-06,2023-07-06,PANAMAPET,B,309.0,309.0,290.3,305.45,304.6,753,15465,4728004.0
2023-07-06,2023-07-06,BALPHARMA,B,90.0,95.52,90.0,92.63,89.62,430,19492,1817089.0
2023-07-06,2023-07-06,BDH,X,156.6,161.5,153.6,158.4,157.15,115,11824,1886914.0
2023-07-06,2023-07-06,JAUSPOL,X,4.75,4.75,4.75,4.75,5.0,1,20,95.0
2023-07-06,2023-07-06,CUBEXTUB,T,36.0,37.0,35.75,36.95,35.71,13,3188,114870.0
2023-07-06,2023-07-06,POLYCHMP,X,56.55,59.5,56.55,58.21,57.25,15,313,18554.0
2023-07-06,2023-07-06,GALXBRG,XT,1509.0,1519.0,1452.0,1481.2,1480.8,137,2007,2998016.0
2023-07-06,2023-07-06,SCAGRO,XT,12.71,12.71,11.84,12.46,12.46,23,1749,21018.0
2023-07-06,2023-07-06,RALEGRA,X,30.01,35.0,30.0,33.42,30.0,109,17017,574031.0
2023-07-06,2023-07-06,KARANWO,X,3.1,3.1,2.95,3.1,3.1,7,209,644.0
2023-07-06,2023-07-06,SHERVANI,X,474.0,495.0,418.0,420.2,448.35,113,2184,957330.0
2023-07-06,2023-07-06,SUPERTEX,X,10.51,10.51,9.65,9.67,10.15,148,71943,698183.0
2023-07-06,2023-07-06,SHETR,X,76.4,78.89,74.0,75.89,76.35,51,8133,611447.0
2023-07-06,2023-07-06,TRABI,XT,4.15,4.15,4.0,4.12,4.1,50,12066,49245.0
2023-07-06,2023-07-06,MPL,X,13.58,13.84,13.12,13.3,13.51,87,9113,121987.0
2023-07-06,2023-07-06,NIKHILAD,X,132.5,137.0,129.45,132.9,131.15,865,92887,12465327.0
2023-07-06,2023-07-06,MULTIBASE,X,218.0,223.05,217.0,218.3,218.75,59,2859,623949.0
2023-07-06,2023-07-06,ANDREWYU,B,23.16,26.38,23.16,25.7,23.59,1159,241334,6112211.0
2023-07-06,2023-07-06,LUDLOWJUT,X,84.9,84.9,83.6,84.16,83.83,104,10366,872450.0
2023-07-06,2023-07-06,ASHRAM,XT,4.16,4.16,3.78,3.79,3.97,19,2100,7955.0
2023-07-06,2023-07-06,ROYALCU,XT,9.3,9.57,8.68,9.57,9.12,19,5864,53834.0
2023-07-06,2023-07-06,SURJIND,X,112.7,112.7,109.0,109.75,110.45,30,1125,123337.0
2023-07-06,2023-07-06,HITECHCORP,T,231.05,238.65,230.35,230.35,242.45,16,829,194963.0
2023-07-06,2023-07-06,BLOOM,X,12.55,12.55,11.39,11.39,11.98,12,1645,18837.0
2023-07-06,2023-07-06,FILATEX,B,39.64,39.64,38.96,39.3,39.35,406,27699,1088589.0
2023-07-06,2023-07-06,STDSFAC,XT,57.7,60.58,57.7,60.0,57.7,9,128,7673.0
2023-07-06,2023-07-06,MORGAN,X,31.99,34.49,30.61,30.74,31.69,63,5696,179212.0
2023-07-06,2023-07-06,AMRAPLIN,X,12.8,12.8,12.0,12.0,12.15,36,12226,147012.0
2023-07-06,2023-07-06,PREMEXPLN,B,443.0,467.1,443.0,465.65,439.65,667,9851,4539381.0
2023-07-06,2023-07-06,MIDEASTP,X,4.12,4.12,4.12,4.12,4.12,2,60,247.0
2023-07-06,2023-07-06,MOLDTECH,B,244.0,253.75,232.5,233.95,242.4,3747,76994,18600193.0
2023-07-06,2023-07-06,CRSTCHM,XT,67.97,67.97,65.0,67.39,67.97,18,486,32202.0
2023-07-06,2023-07-06,MPHASIS,A,1878.0,1891.0,1873.0,1882.65,1881.45,1035,8846,16652228.0
2023-07-06,2023-07-06,MEDINOV,XT,23.85,23.89,23.5,23.5,23.49,18,2225,52837.0
2023-07-06,2023-07-06,DIVSHKT,X,68.39,68.59,66.0,67.94,66.62,48,4092,273351.0
2023-07-06,2023-07-06,ORIENTLTD,B,63.99,63.99,63.85,63.85,63.65,3,803,51374.0
2023-07-06,2023-07-06,SHREYASI,XT,10.05,10.55,9.55,10.55,10.05,24,4969,50010.0
2023-07-06,2023-07-06,PANJON,X,14.25,14.39,13.92,14.0,13.92,25,4041,56902.0
2023-07-06,2023-07-06,DUROPACK,XT,108.75,109.0,104.55,108.0,106.1,72,1995,214717.0
2023-07-06,2023-07-06,SWARNSAR,X,20.1,23.95,20.1,21.61,20.73,236,48111,1053245.0
2023-07-06,2023-07-06,GANESHHOU,B,412.9,421.0,406.45,407.2,412.5,278,1924,793299.0
2023-07-06,2023-07-06,NMDC,A,107.2,107.45,106.55,107.05,107.45,1924,272053,29098306.0
2023-07-06,2023-07-06,CINDHO,X,42.75,43.6,40.25,43.6,44.0,8,525,21625.0
2023-07-06,2023-07-06,PATINTLOG,B,14.3,15.04,14.21,14.78,14.17,720,180943,2669759.0
2023-07-06,2023-07-06,ALPHAGEO,B,272.3,282.5,271.1,272.85,277.65,114,596,164745.0
2023-07-06,2023-07-06,HAMPTON,B,44.75,44.75,42.0,43.5,43.44,62,34109,1487440.0
2023-07-06,2023-07-06,KKALPANAIND,X,13.43,13.43,13.0,13.02,13.0,116,21002,275622.0
2023-07-06,2023-07-06,KRITI,B,124.0,126.35,118.1,118.7,123.1,944,39805,4863760.0
2023-07-06,2023-07-06,ASMTEC,X,512.1,540.0,512.1,522.5,518.9,264,5604,2927463.0
2023-07-06,2023-07-06,PERFEPA,X,81.0,83.9,75.0,79.99,83.0,37,687,55025.0
2023-07-06,2023-07-06,VISIONCINE,XT,0.89,0.89,0.85,0.85,0.89,29,14069,12468.0
2023-07-06,2023-07-06,INDRANIB,X,64.5,64.5,55.4,61.37,62.83,397,141638,8750574.0
2023-07-06,2023-07-06,EUROLED,XT,20.9,22.0,19.95,19.95,20.96,13,1284,25890.0
2023-07-06,2023-07-06,WINSOMBR,XT,10.47,10.47,10.25,10.35,10.21,66,14409,149762.0
2023-07-06,2023-07-06,ELEFLOR,X,6.41,6.51,6.37,6.44,6.45,191,35298,226916.0
2023-07-06,2023-07-06,SAENTER,X,41.18,41.18,41.18,41.18,39.22,1,1,41.0
2023-07-06,2023-07-06,SKYIND,X,73.0,74.99,69.01,72.07,72.86,36,703,50079.0
2023-07-06,2023-07-06,PHOENXINTL,XT,26.99,28.24,25.6,28.21,26.9,23,3285,91440.0
2023-07-06,2023-07-06,RISHIROOP,X,103.0,104.7,102.1,103.45,102.5,32,3237,333662.0
2023-07-06,2023-07-06,STRGRENWO,X,31.3,31.3,31.3,31.3,32.15,3,221,6917.0
2023-07-06,2023-07-06,SYSTMTXC,X,250.0,259.0,245.25,248.0,248.45,68,12055,3057258.0
2023-07-06,2023-07-06,ALPINEHOU,X,133.0,134.75,129.0,133.1,129.65,147,15462,2026657.0
2023-07-06,2023-07-06,SANGHIIND,B,70.9,72.4,70.29,70.81,70.94,565,66435,4727203.0
2023-07-06,2023-07-06,WWALUM,XT,13.84,13.84,13.6,13.6,13.91,4,1517,20735.0
2023-07-06,2023-07-06,SFPIL,XT,17.59,17.59,16.0,17.59,16.76,51,5994,104307.0
2023-07-06,2023-07-06,SGLRES,X,9.19,9.3,8.75,9.0,8.99,75,24037,214665.0
2023-07-06,2023-07-06,CHOKSILA,X,51.0,51.99,48.31,49.53,49.96,25,1273,63367.0
2023-07-06,2023-07-06,CCHHL,B,7.03,7.25,6.95,7.21,7.28,70,15964,114651.0
2023-07-06,2023-07-06,LONTE,XT,22.9,22.9,21.81,21.83,22.9,17,1733,38433.0
2023-07-06,2023-07-06,ENTRINT,X,17.35,17.69,16.6,17.27,17.29,8,70,1201.0
2023-07-06,2023-07-06,TECHIN,B,10.07,10.45,9.81,9.81,9.84,24,2209,22236.0
2023-07-06,2023-07-06,TPLPLASTEH,T,44.0,44.0,42.11,42.83,42.85,49,5865,251800.0
2023-07-06,2023-07-06,WIMPLAST,X,466.9,466.9,457.05,463.1,459.5,108,5808,2679242.0
2023-07-06,2023-07-06,PHOTOQUP,XT,21.75,21.78,21.75,21.78,20.75,6,1000,21765.0
2023-07-06,2023-07-06,LIBERTSHOE,B,235.0,240.9,234.45,237.3,237.25,539,8735,2084797.0
2023-07-06,2023-07-06,LIPPISYS,XT,15.44,16.21,14.67,16.2,15.44,19,2096,33200.0
2023-07-06,2023-07-06,ELECTHERM,T,84.5,84.9,81.6,83.1,83.19,21,1231,103013.0
2023-07-06,2023-07-06,BLUEDART,A,7233.4,7425.0,7194.2,7351.2,7258.9,589,1226,8936058.0
2023-07-06,2023-07-06,EXPOEAPL,X,11.6,11.64,11.15,11.55,11.53,72,7390,85231.0
2023-07-06,2023-07-06,NATPLAS,X,55.6,57.9,55.3,55.79,55.65,76,10391,582643.0
2023-07-06,2023-07-06,MFLINDIA,X,0.67,0.68,0.66,0.68,0.67,1050,1379935,919704.0
2023-07-06,2023-07-06,AJWAFUN,P,15.27,16.57,15.1,16.51,15.79,6,3100,49608.0
2023-07-06,2023-07-06,TEXELIN,XT,56.0,56.0,52.55,52.9,55.0,65,13617,729270.0
2023-07-06,2023-07-06,RAYALEMA,XT,39.98,40.54,38.7,40.04,38.65,51,8220,326625.0
2023-07-06,2023-07-06,MIRZAINT,T,50.21,50.8,49.7,49.84,50.21,434,33736,1688555.0
2023-07-06,2023-07-06,TFCILTD,B,78.0,79.4,78.0,78.58,78.06,251,23513,1846779.0
2023-07-06,2023-07-06,THAKDEV,X,137.0,138.0,137.0,137.95,137.95,17,346,47668.0
2023-07-06,2023-07-06,ARENTERP,T,32.65,32.65,32.65,32.65,33.6,1,10,326.0
2023-07-06,2023-07-06,BIL,T,212.9,212.9,211.0,211.85,212.95,7,112,23770.0
2023-07-06,2023-07-06,KAMATHOTEL,T,227.5,234.5,227.5,232.75,227.5,37,2431,566149.0
2023-07-06,2023-07-06,KEEPLEARN,T,3.46,3.57,3.46,3.57,3.4,17,13335,47540.0
2023-07-06,2023-07-06,POLOHOT,X,11.0,11.45,10.07,10.8,11.0,46,4750,51823.0
2023-07-06,2023-07-06,ECOPLAST,XT,144.0,147.8,138.1,141.0,143.05,31,1743,243396.0
2023-07-06,2023-07-06,ELEMARB,XT,177.9,178.0,167.1,176.95,175.85,49,1574,272324.0
2023-07-06,2023-07-06,ADARSHPL,X,19.0,19.25,18.05,18.45,18.47,52,5217,98212.0
2023-07-06,2023-07-06,HPBL,Z,280.05,280.05,280.05,280.05,294.75,23,194,54329.0
2023-07-06,2023-07-06,NICCOPAR,X,135.7,137.7,130.05,136.65,133.2,114,5397,726457.0
2023-07-06,2023-07-06,NTCIND,X,79.2,80.8,77.1,79.19,78.02,23,259,20566.0
2023-07-06,2023-07-06,SANDESH,B,979.3,997.15,963.5,965.9,950.0,30,202,197278.0
2023-07-06,2023-07-06,GARNET,X,14.8,14.9,14.4,14.78,14.8,18,3067,45306.0
2023-07-06,2023-07-06,GOLDIAM,B,130.0,132.45,129.05,129.95,129.05,707,28301,3699911.0
2023-07-06,2023-07-06,BRIGHTBR,X,160.0,160.0,155.2,158.55,159.0,37,1609,252803.0
2023-07-06,2023-07-06,SHAWGELTIN,X,418.8,429.95,403.0,414.7,418.8,296,5696,2373720.0
2023-07-06,2023-07-06,PGFOILQ,XT,183.1,197.0,183.1,193.95,190.0,48,2983,572250.0
2023-07-06,2023-07-06,GRATEXI,XT,18.44,19.36,18.44,19.36,18.44,13,1025,19634.0
2023-07-06,2023-07-06,VELHO,X,6.1,6.2,5.58,5.97,6.1,57,6306,37155.0
2023-07-06,2023-07-06,HOWARHO,X,12.39,12.39,12.39,12.39,11.8,10,4319,53512.0
2023-07-06,2023-07-06,PRESSURS,XT,7.98,7.98,7.3,7.58,7.68,379,120543,917395.0
2023-07-06,2023-07-06,VALIANT,X,162.3,166.0,162.3,162.75,167.95,24,1770,289255.0
2023-07-06,2023-07-06,DRAGARWQ,X,1390.0,1406.8,1381.0,1385.3,1396.35,67,742,1029048.0
2023-07-06,2023-07-06,GREENPLY,B,176.05,183.5,176.05,180.35,177.65,1270,45326,8241970.0
2023-07-06,2023-07-06,UNQTYMI,XT,7.5,7.55,7.5,7.55,7.66,7,92,694.0
2023-07-06,2023-07-06,SEAMECLTD,B,734.0,790.1,723.3,756.55,731.1,1543,13682,10466918.0
2023-07-06,2023-07-06,RAGHUNAT,XT,10.1,10.4,10.1,10.21,10.27,17,329,3370.0
2023-07-06,2023-07-06,CHEVIOT,B,1193.45,1240.0,1193.45,1236.05,1190.9,360,2358,2885183.0
2023-07-06,2023-07-06,DAICHI,X,373.0,398.0,370.35,396.1,377.1,168,14277,5452427.0
2023-07-06,2023-07-06,RAJINFRA,XT,6.6,6.6,6.59,6.59,6.32,4,102,672.0
2023-07-06,2023-07-06,SPICEISLIN,XT,16.51,17.91,16.51,16.76,17.06,16,2061,34512.0
2023-07-06,2023-07-06,CONFIPET,A,80.0,80.2,77.2,78.21,78.64,868,103610,8179655.0
2023-07-06,2023-07-06,SIPL,XT,6.0,6.0,5.99,5.99,6.0,4,408,2444.0
2023-07-06,2023-07-06,ASHSI,XT,32.95,34.59,31.31,33.24,32.95,87,7020,236508.0
2023-07-06,2023-07-06,BANARBEADS,B,84.84,84.84,83.2,83.2,83.74,73,1601,134828.0
2023-07-06,2023-07-06,AREXMIS,X,115.0,115.0,105.0,106.5,110.45,8,706,78860.0
2023-07-06,2023-07-06,BI,X,57.0,57.5,55.27,56.31,55.16,298,39864,2258523.0
2023-07-06,2023-07-06,ISFL,X,1.78,1.84,1.77,1.78,1.78,247,147919,266194.0
2023-07-06,2023-07-06,RISHILASE,XT,41.34,41.99,41.34,41.54,41.35,27,5475,227938.0
2023-07-06,2023-07-06,JAINCO,X,3.67,3.67,3.62,3.62,3.5,5,1047,3831.0
2023-07-06,2023-07-06,KUMPFIN,XT,13.31,14.68,13.31,14.66,14.0,4,362,5096.0
2023-07-06,2023-07-06,INTECCAP,X,19.34,19.34,18.74,18.74,18.79,5,50,940.0
2023-07-06,2023-07-06,RAJSEC,X,7.31,7.32,7.31,7.32,7.31,3,63,460.0
2023-07-06,2023-07-06,63MOONS,B,247.05,252.6,243.85,247.1,246.95,1244,24579,6105609.0
2023-07-06,2023-07-06,SARLAPOLY,B,48.0,48.08,45.9,46.11,47.28,342,24656,1159619.0
2023-07-06,2023-07-06,MKTCREAT,X,9.31,9.31,8.79,9.01,8.61,11,355,3280.0
2023-07-06,2023-07-06,HFIL,X,23.7,24.3,23.69,23.84,23.69,254,56506,1348515.0
2023-07-06,2023-07-06,SONALAD,XT,61.23,63.1,58.5,61.69,61.51,198,16264,982788.0
2023-07-06,2023-07-06,PADMAIND,X,2.83,2.83,2.83,2.83,2.83,5,170,481.0
2023-07-06,2023-07-06,21STCENMGM,B,22.03,22.03,22.03,22.03,22.47,4,22,484.0
2023-07-06,2023-07-06,HRYNSHP,X,89.9,91.0,85.0,86.9,87.32,244,16679,1473052.0
2023-07-06,2023-07-06,KALIND,XT,23.88,25.6,23.88,25.6,24.5,7,534,12868.0
2023-07-06,2023-07-06,TYROON,X,84.66,84.66,81.5,82.4,83.0,11,316,25969.0
2023-07-06,2023-07-06,LAOPALA,A,462.0,463.8,453.05,460.5,461.8,1487,16401,7532668.0
2023-07-06,2023-07-06,STYLAMIND,A,1569.15,1628.0,1569.15,1585.85,1559.95,241,1024,1640845.0
2023-07-06,2023-07-06,VENUSREM,T,262.0,273.8,262.0,273.8,260.8,229,20885,5676457.0
2023-07-06,2023-07-06,WOODSVILA,X,6.83,6.83,6.83,6.83,6.51,1,10,68.0
2023-07-06,2023-07-06,LASTMILE,XT,216.75,217.0,216.75,216.9,217.9,6,635,137721.0
2023-07-06,2023-07-06,GUJCRAFT,X,72.85,74.4,70.0,73.99,72.85,36,2197,160615.0
2023-07-06,2023-07-06,HEERAISP,Z,11.3,11.5,11.2,11.5,11.75,19,9247,103794.0
2023-07-06,2023-07-06,DHOOTIN,X,86.4,86.4,83.65,83.66,84.01,21,1444,121675.0
2023-07-06,2023-07-06,SHBAJRG,X,188.1,207.0,184.65,203.1,182.8,801,63739,12570101.0
2023-07-06,2023-07-06,URJA,B,10.25,10.3,10.0,10.05,10.16,2432,1178635,11875132.0
2023-07-06,2023-07-06,ASHAPURMIN,B,125.3,126.55,121.0,123.55,125.25,704,23423,2912645.0
2023-07-06,2023-07-06,GUJALKALI,A,670.0,683.55,668.4,676.6,667.95,322,2526,1706129.0
2023-07-06,2023-07-06,INDIACEM,A,212.85,213.15,207.1,210.7,212.15,2255,126673,26626337.0
2023-07-06,2023-07-06,JKTYRE,A,240.95,261.4,237.15,256.7,240.95,8181,575679,146327817.0
2023-07-06,2023-07-06,MANGCHEFER,B,107.7,108.75,106.5,107.45,106.7,691,36782,3944454.0
2023-07-06,2023-07-06,SIL,T,25.02,25.65,25.02,25.36,25.69,122,12519,317738.0
2023-07-06,2023-07-06,JUBLPHARMA,A,388.0,393.8,388.0,390.85,389.85,359,6109,2386504.0
2023-07-06,2023-07-06,THEINVEST,T,82.0,82.0,80.5,80.51,82.2,23,928,75192.0
2023-07-06,2023-07-06,SAMYAKINT,XT,19.75,19.9,18.77,18.77,19.75,8,2051,40560.0
2023-07-06,2023-07-06,AADIIND,X,3.9,3.9,3.65,3.65,3.55,18,3666,14083.0
2023-07-06,2023-07-06,ACKNIT,X,204.8,209.5,196.1,197.45,195.35,357,29007,5938768.0
2023-07-06,2023-07-06,TITANSEC,X,17.0,17.0,16.85,16.89,16.93,162,12402,210036.0
2023-07-06,2023-07-06,REALECO,X,27.0,27.99,26.9,27.88,28.22,53,3461,94057.0
2023-07-06,2023-07-06,VIVANZA,XT,10.11,10.11,10.11,10.11,9.63,1,200,2022.0
2023-07-06,2023-07-06,YASHRAJC,X,12.25,12.25,11.25,11.44,11.71,43,9462,111709.0
2023-07-06,2023-07-06,LORDSHOTL,XT,10.17,10.17,9.25,9.25,9.69,8,235,2321.0
2023-07-06,2023-07-06,CSLFINANCE,B,337.1,338.7,320.5,334.35,334.1,356,7445,2474330.0
2023-07-06,2023-07-06,SANGHVIMOV,B,492.3,538.0,492.3,531.0,511.4,3923,78722,41523373.0
2023-07-06,2023-07-06,ANTELOPUS,B,340.0,366.3,333.9,353.25,339.25,3021,83015,29368473.0
2023-07-06,2023-07-06,PURETROP,XT,152.0,156.5,152.0,152.25,152.05,47,6518,994584.0
2023-07-06,2023-07-06,FAZE3Q,B,389.6,397.2,365.0,368.35,396.85,754,7608,2842320.0
2023-07-06,2023-07-06,ANUPAM,X,1.63,1.66,1.61,1.65,1.63,253,137576,225381.0
2023-07-06,2023-07-06,RAJPACK,X,45.09,47.21,45.06,45.5,46.01,19,954,43296.0
2023-07-06,2023-07-06,PRIVISCL,A,1064.0,1093.95,1064.0,1082.5,1085.7,217,1043,1132323.0
2023-07-06,2023-07-06,NATRAJPR,XT,51.26,51.26,48.12,50.0,50.25,24,2240,111806.0
2023-07-06,2023-07-06,SAMRATPH,X,529.9,533.6,485.3,492.15,508.25,907,19793,10065389.0
2023-07-06,2023-07-06,NPRFIN,X,15.43,15.43,15.43,15.43,15.44,2,963,14859.0
2023-07-06,2023-07-06,NILE,X,802.9,802.9,767.6,771.55,792.45,416,6593,5124105.0
2023-07-06,2023-07-06,UDAICEMENT,B,26.34,27.38,25.81,26.75,26.2,943,298128,7938826.0
2023-07-06,2023-07-06,AMCOIND,X,61.98,61.98,58.41,60.66,58.97,27,2230,132289.0
2023-07-06,2023-07-06,OPTIEMUS,B,211.6,212.95,208.0,209.1,213.45,557,11552,2424090.0
2023-07-06,2023-07-06,KREONFIN,XT,52.0,52.8,52.0,52.8,50.29,13,2055,108273.0
2023-07-06,2023-07-06,KISAN,XT,14.9,14.9,13.91,14.01,14.64,119,64938,929374.0
2023-07-06,2023-07-06,VIJAYTX,X,26.84,26.84,25.65,26.18,26.17,22,1393,36472.0
2023-07-06,2023-07-06,KERALAYUR,XT,105.0,108.55,105.0,106.7,104.8,39,1446,153527.0
2023-07-06,2023-07-06,MONGIPA,XT,23.4,23.4,23.0,23.0,22.56,5,120,2803.0
2023-07-06,2023-07-06,MOHITPPR,XT,19.51,20.75,19.51,20.73,20.35,20,3653,73119.0
2023-07-06,2023-07-06,DAULAT,X,21.5,22.7,21.01,21.11,21.61,46,3590,75987.0
2023-07-06,2023-07-06,ODYSSEY,XT,84.0,84.45,77.95,78.75,82.01,199,24816,2009433.0
2023-07-06,2023-07-06,SURATRAML,X,8.23,8.4,8.23,8.32,8.33,612,131424,1090734.0
2023-07-06,2023-07-06,ATHARVENT,X,2.45,2.59,2.3,2.59,2.45,14,2930,7090.0
2023-07-06,2023-07-06,THEMISMED,B,1470.7,1549.5,1443.15,1499.55,1439.5,861,3457,5170314.0
2023-07-06,2023-07-06,KALLAM,X,9.21,9.21,8.9,9.01,8.98,121,42180,378689.0
2023-07-06,2023-07-06,BRAWN,XT,15.75,17.28,15.75,15.94,16.46,11,1115,17603.0
2023-07-06,2023-07-06,FORINTL,XT,28.41,30.8,28.41,30.8,29.67,27,1901,57602.0
2023-07-06,2023-07-06,KINGSINFR,X,107.1,111.9,106.05,109.55,109.2,155,18788,2033847.0
2023-07-06,2023-07-06,SWOJAS,XT,10.65,10.65,10.65,10.65,10.45,75,24436,260243.0
2023-07-06,2023-07-06,AUROLAB,X,82.99,82.99,76.1,79.05,79.59,347,16325,1272164.0
2023-07-06,2023-07-06,KJMCFIN,XT,38.46,38.46,36.06,36.45,36.63,7,668,25551.0
2023-07-06,2023-07-06,SUVEN,B,61.99,64.0,61.99,63.53,61.95,292,26801,1697211.0
2023-07-06,2023-07-06,ARYAMAN,X,139.2,146.0,135.0,143.55,139.2,8,123,17219.0
2023-07-06,2023-07-06,BRIDGESE,X,6.59,6.59,6.33,6.41,6.85,18,3261,20766.0
2023-07-06,2023-07-06,RISAINTL,X,0.55,0.55,0.53,0.55,0.55,81,162161,87446.0
2023-07-06,2023-07-06,KAYPOWR,X,6.99,6.99,6.7,6.79,6.59,10,821,5509.0
2023-07-06,2023-07-06,INTSTOIL,X,26.1,27.68,26.01,26.97,26.98,28,3122,84838.0
2023-07-06,2023-07-06,GLOBALCA,XT,0.96,1.01,0.96,0.98,0.99,394,426805,420318.0
2023-07-06,2023-07-06,SAINIK,X,29.5,30.47,29.5,30.23,29.5,6,12,359.0
2023-07-06,2023-07-06,QUANTDIA,XT,20.2,20.2,19.81,19.81,20.85,16,587,11669.0
2023-07-06,2023-07-06,SPCAPIT,X,16.0,18.19,16.0,16.78,16.01,64,11796,200157.0
2023-07-06,2023-07-06,KOTHARIPRO,B,102.0,104.95,101.5,103.5,101.95,99,2206,228543.0
2023-07-06,2023-07-06,PICCADIL,X,69.48,70.45,69.0,69.33,69.47,420,55618,3874910.0
2023-07-06,2023-07-06,CLSEL,B,170.5,172.0,167.35,169.15,171.15,816,21915,3711150.0
2023-07-06,2023-07-06,CHANDRAP,X,24.29,24.29,23.31,23.77,23.81,140,21225,503703.0
2023-07-06,2023-07-06,KIMIABL,X,36.1,38.75,36.1,38.15,36.1,12,1095,40904.0
2023-07-06,2023-07-06,HINDTIN,X,108.9,109.0,105.1,105.5,105.9,270,16336,1750010.0
2023-07-06,2023-07-06,GODAVARI,X,94.89,95.75,93.13,93.65,93.09,83,5283,500279.0
2023-07-06,2023-07-06,PREMCO,X,376.5,378.5,359.0,363.35,376.5,55,2573,938622.0
2023-07-06,2023-07-06,MUKESHB,XT,137.0,137.0,124.9,135.0,131.45,70,6692,897413.0
2023-07-06,2023-07-06,GENUSPOWER,B,175.45,179.8,168.35,171.3,168.9,9660,899816,155617064.0
2023-07-06,2023-07-06,KBSINDIA,XT,9.9,10.32,9.85,10.0,9.91,57,5649,56291.0
2023-07-06,2023-07-06,PRABHHANS,X,67.7,67.7,61.28,65.5,64.5,10,398,25016.0
2023-07-06,2023-07-06,UGARSUGAR,B,120.1,123.65,120.1,122.75,121.45,262,14098,1726670.0
2023-07-06,2023-07-06,ORIENTBELL,B,529.95,529.95,516.55,520.55,519.0,61,382,199889.0
2023-07-06,2023-07-06,NRBBEARING,B,206.65,209.4,203.9,206.1,205.9,1653,46929,9685607.0
2023-07-06,2023-07-06,VAMSHIRU,X,23.75,23.75,23.69,23.69,23.65,4,143,3387.0
2023-07-06,2023-07-06,NILAINFRA,B,6.08,6.49,6.08,6.23,6.23,351,107229,678051.0
2023-07-06,2023-07-06,DBSTOCKBRO,B,23.8,24.7,23.3,23.98,24.3,324,32973,778996.0
2023-07-06,2023-07-06,VINYOFL,XT,94.4,97.0,94.4,96.1,95.55,142,3432,327622.0
2023-07-06,2023-07-06,JINDCAP,X,22.85,23.49,21.51,22.67,22.44,78,7853,177092.0
2023-07-06,2023-07-06,EPIC,X,6.01,6.54,6.01,6.54,6.01,16,3323,21391.0
2023-07-06,2023-07-06,SUMEDHA,XT,44.0,44.25,42.75,43.59,44.02,83,4112,178860.0
2023-07-06,2023-07-06,KUWERIN,X,10.47,10.47,10.3,10.3,9.98,6,191,1998.0
2023-07-06,2023-07-06,CHOKSI,X,48.0,49.9,47.61,47.81,48.22,22,2732,133316.0
2023-07-06,2023-07-06,ASHISHPO,X,19.55,19.55,19.48,19.48,20.5,12,618,12078.0
2023-07-06,2023-07-06,ADORFO,X,110.0,112.75,109.1,110.9,109.95,356,102579,11399807.0
2023-07-06,2023-07-06,SHIVAAGRO,X,64.11,64.97,63.0,63.81,64.11,58,4369,279148.0
2023-07-06,2023-07-06,SIDDHA,XT,6.17,6.47,6.17,6.47,6.17,36,22298,141512.0
2023-07-06,2023-07-06,KIRANSY-B,XT,6.17,6.17,6.17,6.17,6.17,1,1,6.0
2023-07-06,2023-07-06,SUMERUIND,XT,1.64,1.68,1.53,1.53,1.61,45,77894,125016.0
2023-07-06,2023-07-06,RUNGTAIR,XT,53.88,53.88,49.41,49.77,52.01,71,10543,529530.0
2023-07-06,2023-07-06,GTTDATA,XT,4.42,4.42,4.42,4.42,4.21,6,3626,16026.0
2023-07-06,2023-07-06,VALSONQ,X,22.75,22.75,22.08,22.16,22.38,8,1293,28586.0
2023-07-06,2023-07-06,SABOOSOD,X,16.75,16.75,15.9,16.04,16.19,174,77944,1259697.0
2023-07-06,2023-07-06,GSLSEC,X,6.78,6.78,6.78,6.78,7.13,2,222,1505.0
2023-07-06,2023-07-06,TINNARUBR,X,570.0,594.0,560.0,563.6,532.85,2081,64893,37121565.0
2023-07-06,2023-07-06,VIKRAMTH,X,95.39,96.95,93.87,96.16,94.64,473,28167,2694095.0
2023-07-06,2023-07-06,AKCAPIT,X,521.85,523.9,501.05,520.15,518.55,71,1395,723075.0
2023-07-06,2023-07-06,RELAXO,A,907.55,923.55,905.95,917.35,906.35,3706,32538,29905692.0
2023-07-06,2023-07-06,VIRAT,X,224.8,224.8,217.1,220.0,221.0,13,98,21549.0
2023-07-06,2023-07-06,RRETAIL,XT,18.13,18.13,18.0,18.0,18.12,55,63176,1142138.0
2023-07-06,2023-07-06,TERAI,X,71.5,72.0,68.53,71.87,69.52,29,2399,171652.0
2023-07-06,2023-07-06,COSCO,X,186.9,186.9,177.3,177.6,181.0,86,8481,1523340.0
2023-07-06,2023-07-06,SHILPAMED,A,303.0,305.3,290.05,293.4,303.95,1237,25625,7638454.0
2023-07-06,2023-07-06,PARACABLES,B,35.11,35.9,34.8,35.28,35.67,469,64779,2289947.0
2023-07-06,2023-07-06,NCLRESE,X,0.4,0.4,0.39,0.39,0.4,2763,3733401,1469424.0
2023-07-06,2023-07-06,KOIYAIN,X,3.94,3.94,3.94,3.94,3.76,8,805,3171.0
2023-07-06,2023-07-06,LADDERUP,X,20.09,20.09,18.9,19.01,19.8,40,4955,94559.0
2023-07-06,2023-07-06,UYFINCORP,X,28.97,29.39,27.84,27.85,28.96,380,258402,7294452.0
2023-07-06,2023-07-06,SWASTIKA,X,174.5,180.0,173.6,179.95,178.05,42,1051,186041.0
2023-07-06,2023-07-06,PRIMAPLA,XT,158.0,158.0,148.5,150.1,152.1,155,7749,1172486.0
2023-07-06,2023-07-06,TELECANOR,X,5.5,5.77,5.5,5.77,5.5,4,1203,6802.0
2023-07-06,2023-07-06,STURDY,XT,0.38,0.38,0.37,0.38,0.37,246,1000762,378066.0
2023-07-06,2023-07-06,GARGFUR,XT,85.0,88.94,85.0,85.77,85.75,19,1093,94823.0
2023-07-06,2023-07-06,AAIL,X,91.8,91.8,88.0,88.57,90.66,212,18349,1637129.0
2023-07-06,2023-07-06,VIPULORG,X,112.9,115.95,110.05,112.0,111.6,111,10283,1157814.0
2023-07-06,2023-07-06,ECORECO,X,112.75,115.65,111.5,114.05,112.75,203,15913,1812073.0
2023-07-06,2023-07-06,GOODLUCK,B,443.3,455.75,436.5,451.9,444.45,821,32610,14609801.0
2023-07-06,2023-07-06,GOYALASS,XT,1.85,1.94,1.78,1.88,1.87,171,297179,536951.0
2023-07-06,2023-07-06,ZENITHHE,XT,3.9,3.97,3.89,3.92,3.92,135,31445,123774.0
2023-07-06,2023-07-06,ACEENGITEC,XT,14.82,15.2,14.82,15.2,14.53,2,2,30.0
2023-07-06,2023-07-06,YORKEXP,XT,37.6,39.4,37.6,39.0,37.6,3,11,429.0
2023-07-06,2023-07-06,SUPREME,X,84.87,84.87,81.1,82.98,84.87,109,8189,676993.0
2023-07-06,2023-07-06,LYKISLTD,XT,74.48,77.0,74.47,74.47,78.38,704,150589,11223798.0
2023-07-06,2023-07-06,PRIMEPRO,XT,21.0,21.0,19.36,19.75,20.14,26,2050,40722.0
2023-07-06,2023-07-06,ZENLABS,X,45.0,45.0,40.8,42.34,43.8,53,5573,235061.0
2023-07-06,2023-07-06,RAJRILTD,T,65.05,65.05,65.02,65.02,66.34,42,1211,78739.0
2023-07-06,2023-07-06,JAGANLAM,XT,72.0,72.0,70.05,70.88,71.25,54,3160,224221.0
2023-07-06,2023-07-06,AJEL,Z,8.87,8.87,8.35,8.48,8.45,21,2547,21718.0
2023-07-06,2023-07-06,ALPSINDUS,T,1.75,1.75,1.71,1.75,1.77,21,12072,21106.0
2023-07-06,2023-07-06,ASITCFIN,XT,134.7,147.85,134.7,147.85,141.75,4,28,3804.0
2023-07-06,2023-07-06,SUPERBAK,X,18.7,18.7,18.7,18.7,19.67,4,77,1439.0
2023-07-06,2023-07-06,OVOBELE,XT,297.9,297.9,276.1,281.2,290.6,334,11707,3289611.0
2023-07-06,2023-07-06,CHALLANI,X,10.3,10.3,10.3,10.3,9.81,14,1576,16232.0
2023-07-06,2023-07-06,CORNE,XT,11.85,11.85,11.85,11.85,11.85,6,94,1113.0
2023-07-06,2023-07-06,STERTOOLS,B,359.45,360.45,352.65,358.25,358.2,218,2416,861137.0
2023-07-06,2023-07-06,AGARWAL,X,14.04,14.04,14.04,14.04,13.38,4,769,10796.0
2023-07-06,2023-07-06,CEEJAY,X,139.0,142.9,130.0,135.3,133.8,58,5879,815685.0
2023-07-06,2023-07-06,SUNCITYSY,XT,5.67,5.67,5.51,5.51,5.4,7,117,654.0
2023-07-06,2023-07-06,SHGANEL,XT,12.85,12.85,12.85,12.85,12.24,2,61,783.0
2023-07-06,2023-07-06,ANNAINFRA,X,9.75,9.75,9.75,9.75,9.75,1,2,19.0
2023-07-06,2023-07-06,BHAGERIA,B,162.55,165.1,157.95,158.35,161.35,339,11114,1809184.0
2023-07-06,2023-07-06,OIVL,XT,68.2,68.2,65.0,65.0,65.0,2,1019,69431.0
2023-07-06,2023-07-06,BNRUDY,X,43.29,43.29,41.5,41.82,41.52,31,1590,67490.0
2023-07-06,2023-07-06,KRBL,A,362.95,362.95,351.0,351.5,357.65,1632,43985,15514443.0
2023-07-06,2023-07-06,REFNOLRESIN,X,75.0,75.0,70.45,74.59,72.36,19,1683,123990.0
2023-07-06,2023-07-06,SSPDL,X,15.25,16.3,15.25,15.5,15.28,10,1208,18772.0
2023-07-06,2023-07-06,DAIKAFFI,X,23.52,24.74,23.52,24.23,24.97,14,1267,30904.0
2023-07-06,2023-07-06,CILSEC,X,24.52,27.9,24.52,26.17,26.54,70,10779,286764.0
2023-07-06,2023-07-06,CLIOINFO,X,4.84,4.84,4.35,4.76,4.55,14,2234,9997.0
2023-07-06,2023-07-06,CUPID,B,250.0,250.0,245.0,245.45,245.1,498,11306,2781101.0
2023-07-06,2023-07-06,SUNSHIEL,X,714.5,714.5,685.25,699.8,699.4,116,3356,2323869.0
2023-07-06,2023-07-06,HIPOLIN,XT,89.98,89.98,81.71,85.0,86.0,12,292,24945.0
2023-07-06,2023-07-06,CHEMBOND,B,427.2,431.75,413.95,424.55,423.95,525,5996,2555563.0
2023-07-06,2023-07-06,CIFL,X,96.1,97.0,96.0,96.53,96.27,9,213,20518.0
2023-07-06,2023-07-06,ABVL,XT,152.0,155.5,145.0,145.95,152.25,27,3753,551455.0
2023-07-06,2023-07-06,SUCROSA,X,6.7,6.87,6.52,6.71,6.65,110,66999,444089.0
2023-07-06,2023-07-06,NGIND,X,145.5,145.5,130.0,135.35,143.3,503,31043,4294374.0
2023-07-06,2023-07-06,REMSONSIND,B,247.8,252.1,244.95,247.0,239.85,122,2528,624157.0
2023-07-06,2023-07-06,RRPDEFENSE,P,14.47,14.47,14.47,14.47,15.23,4,800,11576.0
2023-07-06,2023-07-06,STANPACK,X,6.1,6.74,6.1,6.1,6.42,21,9768,59904.0
2023-07-06,2023-07-06,AQYLON,T,1.4,1.41,1.29,1.41,1.35,33,11775,16233.0
2023-07-06,2023-07-06,RAMINFO,X,92.35,93.0,85.0,90.31,91.66,171,11331,1010256.0
2023-07-06,2023-07-06,SUNILAGR,X,178.9,178.9,170.0,171.3,171.4,16,366,62580.0
2023-07-06,2023-07-06,DIANATEA,X,23.8,23.84,22.9,23.17,23.89,100,14814,342848.0
2023-07-06,2023-07-06,VIKASECO,B,3.16,3.2,3.09,3.17,3.16,1244,2413468,7563033.0
2023-07-06,2023-07-06,IOC,A,96.0,98.84,96.0,98.6,95.52,15577,3026578,297369175.0
2023-07-06,2023-07-06,ALFAICA,XT,50.0,50.0,49.25,49.34,50.16,5,337,16749.0
2023-07-06,2023-07-06,SKCIL,X,145.8,150.0,140.25,148.65,144.65,42,6220,912072.0
2023-07-06,2023-07-06,INDIAHOME,X,29.0,29.0,26.65,26.93,28.71,136,25453,696081.0
2023-07-06,2023-07-06,ROOPAIND,XT,42.16,43.99,42.0,42.0,42.0,17,1085,45937.0
2023-07-06,2023-07-06,UNIQUEO,X,34.0,40.78,34.0,40.78,33.99,333,97137,3814696.0
2023-07-06,2023-07-06,BALAMINES,A,2276.05,2298.9,2272.7,2289.1,2276.05,387,2654,6070326.0
2023-07-06,2023-07-06,ARISE,X,10.45,11.64,10.45,11.17,10.74,29,3118,34368.0
2023-07-06,2023-07-06,VISAGAR,X,1.0,1.04,0.99,1.0,1.02,574,1845197,1854428.0
2023-07-06,2023-07-06,COMPEAU,X,290.0,297.4,284.15,285.65,285.45,66,3087,891278.0
2023-07-06,2023-07-06,NEELKAN,Z,10.45,10.45,10.45,10.45,10.49,1,2,20.0
2023-07-06,2023-07-06,CONTILI,X,81.0,83.6,76.2,81.51,83.6,32,1073,86836.0
2023-07-06,2023-07-06,VIJSOLX,XT,1020.0,1020.0,964.0,990.9,1013.7,112,546,540600.0
2023-07-06,2023-07-06,SHRIKRISH,XT,35.35,36.56,33.6,36.2,35.35,58,6198,214644.0
2023-07-06,2023-07-06,ALANKIT,B,13.41,13.62,11.68,12.05,13.25,2104,800979,10012029.0
2023-07-06,2023-07-06,NIHARINF,X,6.64,6.64,6.3,6.3,6.79,15,3975,26129.0
2023-07-06,2023-07-06,UNITDCR,X,13.23,13.23,12.25,12.31,12.6,15,1355,17717.0
2023-07-06,2023-07-06,OMINFRAL,T,48.3,50.1,47.22,48.41,49.17,67,18631,897212.0
2023-07-06,2023-07-06,ISHANCH,X,53.0,53.0,50.85,52.62,52.62,118,17491,918956.0
2023-07-06,2023-07-06,GOTHIPL,P,33.75,33.75,33.75,33.75,34.0,1,100,3375.0
2023-07-06,2023-07-06,BALUFORGE,X,159.8,170.0,159.1,165.95,160.5,2540,592643,98277432.0
2023-07-06,2023-07-06,CEENIK,XT,12.7,12.7,12.7,12.7,12.1,2,7,88.0
2023-07-06,2023-07-06,PATELENG,T,37.89,38.5,36.5,36.91,37.89,2566,919843,34217822.0
2023-07-06,2023-07-06,INANI,X,20.45,20.45,19.5,19.51,19.7,20,2046,39984.0
2023-07-06,2023-07-06,GEMSI,XT,0.86,0.86,0.81,0.85,0.84,232,146204,123572.0
2023-07-06,2023-07-06,ELFORGE,XT,10.1,10.39,9.6,10.25,10.09,34,12364,123118.0
2023-07-06,2023-07-06,MEDICAMEQ,B,788.5,788.5,720.0,725.45,725.95,150,964,706319.0
2023-07-06,2023-07-06,ALICON,B,876.65,886.85,873.9,879.05,872.3,345,2242,1973707.0
2023-07-06,2023-07-06,DILIGENT,X,12.98,13.29,12.81,12.91,12.97,114,104393,1357478.0
2023-07-06,2023-07-06,EPSOMPRO,XT,6.12,6.12,5.75,5.75,6.0,10,451,2618.0
2023-07-06,2023-07-06,ALFAVIO,X,14.5,15.75,13.2,14.85,14.31,119,51453,774748.0
2023-07-06,2023-07-06,ORGCOAT,X,6.83,6.83,6.37,6.37,6.7,2,846,5548.0
2023-07-06,2023-07-06,CATVISION,X,12.25,12.25,11.82,12.25,12.0,7,123,1456.0
2023-07-06,2023-07-06,ABMKNO,X,97.0,101.0,93.35,97.55,95.17,300,39039,3838352.0
2023-07-06,2023-07-06,EMAMILTD,A,423.35,429.1,421.55,426.4,421.75,685,6162,2631891.0
2023-07-06,2023-07-06,KEMISTAR,X,38.3,38.3,36.53,38.0,38.19,14,555,21015.0
2023-07-06,2023-07-06,SKPSEC,X,60.09,65.8,59.1,63.0,60.09,13,241,15501.0
2023-07-06,2023-07-06,SYSCHEM,X,41.85,41.85,39.35,40.91,41.6,262,83193,3370834.0
2023-07-06,2023-07-06,BLSINFOTE,X,1.88,1.88,1.83,1.85,1.87,1202,945466,1745924.0
2023-07-06,2023-07-06,MEFCOMCAP,XT,19.1,19.5,18.75,19.31,19.13,45,6688,128342.0
2023-07-06,2023-07-06,HEMANG,XT,40.5,40.5,38.01,40.16,39.51,68,6501,257048.0
2023-07-06,2023-07-06,ARMANFIN,B,2216.0,2239.9,2185.1,2233.1,2202.5,211,656,1454267.0
2023-07-06,2023-07-06,EFORU,XT,9.06,9.06,8.61,8.63,9.06,7,643,5549.0
2023-07-06,2023-07-06,GLANCE,X,51.75,55.45,51.75,54.0,53.79,8,112,5866.0
2023-07-06,2023-07-06,SHILCTECH,X,1888.0,1900.0,1836.25,1868.05,1879.7,309,4137,7727829.0
2023-07-06,2023-07-06,NUCLEUS,B,1098.05,1135.45,1087.25,1092.45,1097.75,612,5098,5664687.0
2023-07-06,2023-07-06,COLINZ,XT,36.15,39.35,36.15,37.3,37.6,26,714,27264.0
2023-07-06,2023-07-06,NLFL,X,38.61,41.8,38.21,38.81,38.61,78,19831,788220.0
2023-07-06,2023-07-06,MANAPPURAM,A,128.25,131.0,128.25,129.9,129.0,3882,468626,60735071.0
2023-07-06,2023-07-06,RTSPOWR,X,112.45,116.0,110.15,113.0,112.45,162,12225,1376338.0
2023-07-06,2023-07-06,COMFINTE,XT,4.55,4.65,4.4,4.56,4.49,1130,436273,1979930.0
2023-07-06,2023-07-06,MAYURFL,XT,9.6,10.08,9.6,9.6,9.6,5,75,724.0
2023-07-06,2023-07-06,ANJANI,X,28.7,28.7,28.21,28.21,28.99,20,1505,42851.0
2023-07-06,2023-07-06,XTGLOBAL,X,39.4,40.7,39.4,39.84,39.91,96,32851,1319821.0
2023-07-06,2023-07-06,DECOMIC,XT,77.0,77.0,72.5,75.55,73.86,8,88,6619.0
2023-07-06,2023-07-06,RANDER,X,4.9,4.91,4.9,4.9,4.82,10,3700,18131.0
2023-07-06,2023-07-06,RASIELEC,X,15.49,15.49,15.1,15.17,15.09,112,56191,860260.0
2023-07-06,2023-07-06,SCOOBEEDAY,X,120.1,124.95,117.8,124.75,125.2,37,2605,309403.0
2023-07-06,2023-07-06,SHAMROIN,XT,4.34,4.34,4.13,4.24,4.34,10,1215,5061.0
2023-07-06,2023-07-06,LINC,B,716.8,724.7,692.0,696.0,713.0,351,2607,1839836.0
2023-07-06,2023-07-06,PRIMAIN,XT,16.6,16.6,15.02,15.05,15.81,5,349,5579.0
2023-07-06,2023-07-06,INDGELA,X,380.0,383.0,363.85,372.35,383.0,209,11518,4351697.0
2023-07-06,2023-07-06,OPTIFIN,XT,82.84,82.84,75.0,81.2,78.9,36,5638,423417.0
2023-07-06,2023-07-06,PARAGONF,XT,38.01,41.0,38.01,41.0,39.85,16,731,29403.0
2023-07-06,2023-07-06,VELLORA,X,23.0,23.49,22.15,22.34,22.97,44,3305,74515.0
2023-07-06,2023-07-06,ESHAMEDIA,XT,4.23,4.23,4.23,4.23,4.23,1,120,507.0
2023-07-06,2023-07-06,REFEXRENEW,XT,435.0,465.0,435.0,453.65,447.0,21,962,442453.0
2023-07-06,2023-07-06,VSTTILLERS,B,2919.95,2919.95,2870.0,2887.5,2886.7,238,604,1744004.0
2023-07-06,2023-07-06,B2BSOFT,XT,27.98,28.5,26.61,27.9,27.15,57,4484,125759.0
2023-07-06,2023-07-06,RADHEDE,XT,3.13,3.14,3.05,3.1,3.1,393,317388,981038.0
2023-07-06,2023-07-06,ELIXIR,X,43.0,44.0,38.0,40.97,43.0,72,4438,182835.0
2023-07-06,2023-07-06,TRISHAKT,XT,39.95,39.95,38.95,38.95,38.59,2,125,4968.0
2023-07-06,2023-07-06,PANKAJPO,X,5.7,5.7,5.7,5.7,5.43,1,10,57.0
2023-07-06,2023-07-06,MARBLE,X,16.0,18.85,15.5,18.79,15.71,223,82649,1505830.0
2023-07-06,2023-07-06,CINDRELL,XT,9.36,9.36,8.92,8.92,8.92,9,505,4723.0
2023-07-06,2023-07-06,NATPLASTI,XT,161.4,161.4,152.7,153.15,156.15,35,1269,196302.0
2023-07-06,2023-07-06,NATFIT,X,89.0,90.92,88.0,88.64,87.82,28,2381,213658.0
2023-07-06,2023-07-06,ARTEFACT,XT,56.9,56.9,55.0,56.19,57.4,64,9770,544031.0
2023-07-06,2023-07-06,AMITINT,Z,2.65,2.8,2.65,2.8,2.75,4,33,89.0
2023-07-06,2023-07-06,TUSALDAH,X,30.3,30.3,30.3,30.3,28.86,2,50,1515.0
2023-07-06,2023-07-06,NUTECGLOB,XT,35.5,35.5,33.25,33.25,35.0,3,149,5195.0
2023-07-06,2023-07-06,DHPIND,X,851.95,851.95,835.0,839.65,835.7,92,1468,1238891.0
2023-07-06,2023-07-06,RRIL,XT,20.2,20.78,19.18,20.21,20.18,270,66371,1341718.0
2023-07-06,2023-07-06,AVAILFC,X,158.95,158.95,149.9,152.5,156.75,114,4729,714821.0
2023-07-06,2023-07-06,HAVISHA,T,1.98,1.99,1.81,1.95,1.9,136,80320,155875.0
2023-07-06,2023-07-06,ROSELABS,XT,25.75,25.75,25.75,25.75,24.56,1,1,25.0
2023-07-06,2023-07-06,CHARMS,X,3.73,3.73,3.63,3.67,3.56,33,10694,39884.0
2023-07-06,2023-07-06,KRETTOSYS,X,0.54,0.55,0.53,0.53,0.54,818,575558,307176.0
2023-07-06,2023-07-06,ZYDUSWELL,A,1475.05,1499.85,1475.05,1482.3,1481.2,635,3522,5238118.0
2023-07-06,2023-07-06,WINPRO,B,2.4,2.4,2.33,2.36,2.37,188,140681,332205.0
2023-07-06,2023-07-06,MILESTONE,X,15.0,15.0,15.0,15.0,15.0,4,62,930.0
2023-07-06,2023-07-06,BERVINL,XT,32.25,32.37,31.42,31.5,33.07,15,582,18712.0
2023-07-06,2023-07-06,CONCOR,A,672.35,691.25,672.35,689.75,673.0,1529,33488,22939916.0
2023-07-06,2023-07-06,EASTRED,X,33.0,34.4,33.0,34.4,34.04,7,131,4325.0
2023-07-06,2023-07-06,PANACEABIO,B,127.25,127.6,126.0,126.1,126.5,154,3662,463547.0
2023-07-06,2023-07-06,PEETISEC,XT,20.0,21.38,19.87,20.37,20.37,11,573,11525.0
2023-07-06,2023-07-06,CHOICEIN,A,344.45,346.5,338.5,344.35,340.6,1117,47284,16195037.0
2023-07-06,2023-07-06,SRAMSET,X,168.6,168.6,152.7,156.25,160.7,144,14754,2302599.0
2023-07-06,2023-07-06,GOLECHA,XT,15.74,16.1,15.2,15.47,15.85,26,18228,287501.0
2023-07-06,2023-07-06,EKANSH,X,85.85,85.85,77.35,80.2,80.02,69,5031,411720.0
2023-07-06,2023-07-06,SPAR,XT,37.4,37.89,36.82,37.89,36.09,180,46043,1738239.0
2023-07-06,2023-07-06,BYKE,B,39.55,40.2,39.41,39.99,39.14,44,5345,213056.0
2023-07-06,2023-07-06,CSURGSU,X,69.1,72.8,69.1,72.79,71.24,21,775,54599.0
2023-07-06,2023-07-06,ARIHANT,XT,75.83,75.83,75.83,75.83,79.82,39,5947,450961.0
2023-07-06,2023-07-06,HASTIFIN,X,5.4,5.4,5.4,5.4,5.4,3,9050,48870.0
2023-07-06,2023-07-06,UPSURGE,X,33.8,37.75,33.4,36.92,34.94,63,46691,1654444.0
2023-07-06,2023-07-06,WOMENNET,XT,3.4,3.45,3.4,3.45,3.45,2,5,17.0
2023-07-06,2023-07-06,SOURCENTRL,X,91.8,95.0,90.15,92.57,92.0,18,500,46512.0
2023-07-06,2023-07-06,GGAUTO,XT,60.3,60.55,56.5,57.07,57.69,155,36904,2157909.0
2023-07-06,2023-07-06,ALMONDZ,B,82.78,82.78,78.52,78.52,78.12,12,314,24856.0
2023-07-06,2023-07-06,LWSKNIT,XT,14.05,14.7,14.05,14.7,14.05,4,705,9913.0
2023-07-06,2023-07-06,ANSINDUS,XT,8.8,8.8,8.4,8.4,8.8,3,20,168.0
2023-07-06,2023-07-06,TUNITEX,X,1.6,1.64,1.57,1.61,1.59,286,232237,372472.0
2023-07-06,2023-07-06,RADIXIND,XT,77.95,81.95,75.1,80.09,78.05,13,131,9992.0
2023-07-06,2023-07-06,NARPROP,XT,22.91,23.58,21.7,23.58,22.46,43,5415,125632.0
2023-07-06,2023-07-06,MEGACOR,XT,2.9,2.9,2.64,2.72,2.77,325,398926,1111992.0
2023-07-06,2023-07-06,BMBMUMG,Z,4.57,4.57,4.5,4.5,4.36,7,1307,5951.0
2023-07-06,2023-07-06,TNPL,A,210.75,216.8,210.75,214.95,210.3,912,30212,6508574.0
2023-07-06,2023-07-06,SHAKTIPUMP,B,594.9,601.15,581.45,584.9,592.45,746,9194,5442263.0
2023-07-06,2023-07-06,SUNGOLD,X,2.6,2.6,2.6,2.6,2.6,4,201,522.0
2023-07-06,2023-07-06,PWASML,X,25.98,25.98,24.35,25.54,24.76,35,1889,47851.0
2023-07-06,2023-07-06,GOLDTECH,B,92.95,92.95,88.75,92.95,88.53,247,98946,9190251.0
2023-07-06,2023-07-06,VARDHMAN,XT,8.21,8.79,8.21,8.21,8.38,9,602,5255.0
2023-07-06,2023-07-06,GRMOVER,B,167.35,167.95,164.45,165.55,166.6,169,7113,1180575.0
2023-07-06,2023-07-06,MOHITIND,B,15.0,15.0,14.6,14.6,15.05,15,990,14571.0
2023-07-06,2023-07-06,POLYLINK,X,21.0,21.0,20.0,20.29,20.5,81,30086,609815.0
2023-07-06,2023-07-06,MINAXI,X,1.4,1.4,1.4,1.4,1.4,35,10233,14326.0
2023-07-06,2023-07-06,CONTICON,X,5.0,5.01,5.0,5.01,5.25,7,781,3912.0
2023-07-06,2023-07-06,NOUVEAU,X,0.49,0.5,0.49,0.49,0.49,130,191611,93979.0
2023-07-06,2023-07-06,DUKEOFS,X,7.1,7.1,6.5,6.5,6.82,6,1398,9147.0
2023-07-06,2023-07-06,CYBELEIND,XT,24.79,26.02,23.6,25.86,24.79,20,2033,51714.0
2023-07-06,2023-07-06,CGVAK,X,367.95,374.0,354.15,361.35,364.0,171,5210,1899399.0
2023-07-06,2023-07-06,NAVKARURB,X,9.55,9.55,8.88,8.89,9.34,132,85598,768792.0
2023-07-06,2023-07-06,MADHUCON,T,5.39,5.6,5.16,5.4,5.39,54,32063,170604.0
2023-07-06,2023-07-06,SYBLY,X,5.47,5.5,5.2,5.24,5.27,16,12670,68479.0
2023-07-06,2023-07-06,RAJESHEXPO,A,531.5,543.05,526.3,529.35,529.6,3754,141212,75331916.0
2023-07-06,2023-07-06,ESARIND,X,4.72,4.85,4.72,4.77,4.81,73,12926,61562.0
2023-07-06,2023-07-06,MARIS,X,41.98,41.98,40.5,41.3,41.3,22,1301,53180.0
2023-07-06,2023-07-06,EVEREADY,A,340.0,342.5,335.3,338.1,333.6,393,6441,2182989.0
2023-07-06,2023-07-06,STEP2COR,X,16.35,16.35,16.35,16.35,15.65,3,36,588.0
2023-07-06,2023-07-06,ORIENTTR,X,9.9,9.9,9.47,9.6,9.93,27,35707,348788.0
2023-07-06,2023-07-06,VIKASPROP,Z,0.45,0.46,0.44,0.45,0.45,222,347231,157032.0
2023-07-06,2023-07-06,ACESOFT,X,20.0,20.0,18.24,18.24,19.19,6,58,1080.0
2023-07-06,2023-07-06,HATSUN,A,933.9,944.0,926.5,942.45,925.45,67,403,377344.0
2023-07-06,2023-07-06,ACCEDERE,XT,55.83,55.83,52.0,52.0,53.18,8,1525,83899.0
2023-07-06,2023-07-06,RISHDIGA,X,21.5,21.5,18.34,19.08,19.68,38,4323,82919.0
2023-07-06,2023-07-06,KOBO,Z,2.14,2.22,2.04,2.2,2.14,39,20900,44051.0
2023-07-06,2023-07-06,JINDWORLD,B,329.45,329.45,322.45,324.45,321.65,374,4998,1628011.0
2023-07-06,2023-07-06,SOMANYCERA,B,702.75,705.0,696.55,701.4,699.75,544,4400,3084381.0
2023-07-06,2023-07-06,RAGHUTOB,X,18.16,18.35,18.16,18.18,18.16,22,3085,56331.0
2023-07-06,2023-07-06,CORALFINAC,B,36.6,38.16,36.55,37.19,36.82,136,7328,273567.0
2023-07-06,2023-07-06,SANJIVIN,XT,67.0,70.0,64.02,68.6,66.75,90,12094,805061.0
2023-07-06,2023-07-06,VASINFRA,X,3.1,3.25,3.1,3.25,3.1,15,3000,9744.0
2023-07-06,2023-07-06,KMFBLDR,X,4.1,4.1,3.99,3.99,4.18,14,4068,16318.0
2023-07-06,2023-07-06,DEVINE,XT,6.65,6.69,6.6,6.6,6.65,9,132,873.0
2023-07-06,2023-07-06,BAMPSL,XT,10.1,10.1,9.5,10.07,9.95,64,53162,516755.0
2023-07-06,2023-07-06,GENPHARMA,X,3.57,3.57,3.47,3.53,3.49,352,355628,1246941.0
2023-07-06,2023-07-06,INCON,XT,14.33,14.33,14.25,14.25,13.66,6,116,1658.0
2023-07-06,2023-07-06,CGCL,A,778.9,790.6,761.05,768.15,781.25,1042,94029,72683499.0
2023-07-06,2023-07-06,FDC,A,331.1,343.55,331.1,334.65,337.85,1491,40409,13601154.0
2023-07-06,2023-07-06,GORANIN,X,132.85,132.85,125.6,129.9,129.85,35,709,90798.0
2023-07-06,2023-07-06,KGPETRO,X,206.0,210.95,198.0,210.95,210.95,29,747,150763.0
2023-07-06,2023-07-06,MAL,XT,1.77,1.77,1.77,1.77,1.69,1,1,1.0
2023-07-06,2023-07-06,COUNCODOS,B,4.15,4.15,3.9,3.9,3.91,24,7208,28419.0
2023-07-06,2023-07-06,TEJASSVI,XT,14.28,14.28,13.55,13.55,13.6,3,108,1541.0
2023-07-06,2023-07-06,LINCOLN,B,420.5,421.05,412.35,413.8,416.0,318,4172,1738505.0
2023-07-06,2023-07-06,SILVOAK,X,39.0,42.4,39.0,39.75,39.48,10,161,6304.0
2023-07-06,2023-07-06,PRAVEG,XT,498.0,500.0,489.0,496.65,498.65,437,17363,8582014.0
2023-07-06,2023-07-06,SURAJLTD,XT,130.0,134.15,124.0,133.15,127.8,131,23540,3086416.0
2023-07-06,2023-07-06,MARICO,A,535.15,541.65,525.15,527.7,538.85,4212,93302,49547897.0
2023-07-06,2023-07-06,NATGENI,XT,82.3,82.3,82.3,82.3,82.3,5,110,9053.0
2023-07-06,2023-07-06,HITTCO,X,11.3,11.3,10.52,10.89,11.17,99,29974,328411.0
2023-07-06,2023-07-06,RRMETAL,XT,33.62,35.28,33.62,33.74,33.62,4,30,1010.0
2023-07-06,2023-07-06,VISIONCO,X,1.76,1.88,1.76,1.85,1.82,17,4625,8461.0
2023-07-06,2023-07-06,INANISEC,XT,17.45,18.15,17.0,17.91,17.4,33,8687,150264.0
2023-07-06,2023-07-06,ANKIN,XT,13.49,13.5,13.49,13.5,13.62,4,265,3574.0
2023-07-06,2023-07-06,AMERISE,X,0.72,0.74,0.72,0.73,0.73,171,117440,85697.0
2023-07-06,2023-07-06,PRITHVIEXCH,XT,64.88,66.97,60.71,60.73,63.9,36,1624,100354.0
2023-07-06,2023-07-06,RAINBOWF,X,10.5,10.5,9.15,10.25,10.1,52,7618,74050.0
2023-07-06,2023-07-06,TRICOMFRU,X,1.4,1.55,1.37,1.4,1.46,25,14061,19513.0
2023-07-06,2023-07-06,VIDHIING,B,402.45,402.45,396.55,396.95,400.7,32,254,101620.0
2023-07-06,2023-07-06,BHAGCHEM,B,1444.9,1450.0,1440.65,1450.0,1450.7,6,7,10118.0
2023-07-06,2023-07-06,PANCHSHEEL,X,173.0,180.75,170.1,173.3,173.2,246,15165,2614301.0
2023-07-06,2023-07-06,MENNPIS,X,56.01,57.0,55.0,55.74,55.95,553,98937,5499895.0
2023-07-06,2023-07-06,GREENCREST,XT,0.67,0.67,0.66,0.67,0.66,133,331367,222015.0
2023-07-06,2023-07-06,GENNEX,X,6.8,6.98,6.73,6.78,6.83,332,130337,887226.0
2023-07-06,2023-07-06,GINISILK,XT,48.37,48.37,46.55,48.37,48.37,6,396,18781.0
2023-07-06,2023-07-06,PRAENG,B,11.47,11.59,11.3,11.32,11.5,95,4763,54400.0
2023-07-06,2023-07-06,BIOGEN,XT,0.87,0.87,0.87,0.87,0.91,2397,1734722,1509208.0
2023-07-06,2023-07-06,APOLLOPIPE,B,720.05,733.0,712.75,719.3,724.8,328,2858,2063380.0
2023-07-06,2023-07-06,POLYMED,A,1174.95,1174.95,1122.15,1134.4,1156.6,1224,7911,9083536.0
2023-07-06,2023-07-06,SHRADDHA,XT,36.86,36.86,36.86,36.86,35.11,23,92355,3404205.0
2023-07-06,2023-07-06,KACHCHH,X,21.2,22.97,21.01,21.93,21.99,28,14517,318484.0
2023-07-06,2023-07-06,PADALPO,XT,26.99,26.99,26.99,26.99,25.71,3,300,8097.0
2023-07-06,2023-07-06,KACL,X,27.93,27.93,26.85,27.2,27.08,211,22990,624190.0
2023-07-06,2023-07-06,KCLINFRA,XT,1.87,1.87,1.8,1.85,1.87,181,116003,213063.0
2023-07-06,2023-07-06,ATULAUTO,B,338.85,342.0,325.95,329.55,337.95,1640,32148,10762767.0
2023-07-06,2023-07-06,PRERINFRA,X,25.5,26.49,25.5,26.06,25.66,198,116320,3037797.0
2023-07-06,2023-07-06,METALCO,XT,96.9,99.75,92.15,99.75,95.0,91,10235,1007544.0
2023-07-06,2023-07-06,SGNTE,XT,0.64,0.64,0.6,0.63,0.61,68,63744,39224.0
2023-07-06,2023-07-06,GANGAPA,X,71.0,71.1,69.53,70.8,70.91,27,2633,185345.0
2023-07-06,2023-07-06,TIRSARJ,X,10.24,10.24,9.33,9.84,9.75,88,22501,220217.0
2023-07-06,2023-07-06,MUNOTHFI,XT,76.98,77.98,76.98,77.98,77.98,6,112,8674.0
2023-07-06,2023-07-06,RODIUM,X,51.8,51.8,48.0,51.8,49.34,22,628,32088.0
2023-07-06,2023-07-06,NAGTECH,X,5.75,5.79,5.25,5.69,5.52,43,7865,44678.0
2023-07-06,2023-07-06,NATHUEC,X,5.0,5.0,5.0,5.0,4.97,6,75,375.0
2023-07-06,2023-07-06,INDUSFINL,X,18.88,20.86,18.88,19.23,19.87,26,1444,27662.0
2023-07-06,2023-07-06,LAHOTIOV,X,28.75,30.25,27.16,29.36,28.19,171,57014,1669455.0
2023-07-06,2023-07-06,ZENITHSTL,T,4.01,4.11,3.97,4.03,4.01,69,39766,159410.0
2023-07-06,2023-07-06,TRINITYLEA,XT,25.7,25.7,25.7,25.7,25.7,1,4,102.0
2023-07-06,2023-07-06,ASTAR,B,705.05,748.3,693.2,699.0,724.9,53,343,242851.0
2023-07-06,2023-07-06,ORIRAIL,X,50.48,52.0,50.0,51.18,51.37,375,74112,3781348.0
2023-07-06,2023-07-06,JOINDRE,X,33.62,33.94,33.03,33.06,33.63,49,11663,386099.0
2023-07-06,2023-07-06,BHARATAGRI,X,116.0,116.0,112.95,113.2,114.2,210,66599,7559764.0
2023-07-06,2023-07-06,UNITINT,X,6.69,6.69,6.5,6.5,6.59,5,500,3319.0
2023-07-06,2023-07-06,SACHEMT,X,18.51,18.99,18.5,18.7,18.75,115,21110,394245.0
2023-07-06,2023-07-06,ANJANIFIN,X,9.45,9.45,8.5,8.51,8.51,20,6695,58464.0
2023-07-06,2023-07-06,GMETCOAL,Z,20.4,20.4,19.0,19.0,19.43,16,764,15109.0
2023-07-06,2023-07-06,TACENT,X,8.16,8.16,8.16,8.16,7.78,1,100,816.0
2023-07-06,2023-07-06,REXNORD,X,133.4,142.0,130.0,132.75,130.45,498,34720,4735669.0
2023-07-06,2023-07-06,KHANDSE,T,29.8,29.8,28.8,29.49,29.05,11,3466,101422.0
2023-07-06,2023-07-06,SAWACA,X,0.9,0.9,0.87,0.9,0.88,282,263908,236499.0
2023-07-06,2023-07-06,CCLINTER,XT,20.25,21.88,20.11,21.39,21.12,31,2449,49869.0
2023-07-06,2023-07-06,GALLOPENT,XT,17.86,17.88,17.86,17.88,17.87,6,648,11584.0
2023-07-06,2023-07-06,CROISSANCE,X,6.9,6.9,6.15,6.75,6.72,267,338466,2248113.0
2023-07-06,2023-07-06,CASTORA,XT,5.13,5.38,4.88,5.37,5.13,53,5851,30140.0
2023-07-06,2023-07-06,AGARIND,B,623.0,623.0,607.55,609.75,618.65,1161,18970,11658345.0
2023-07-06,2023-07-06,DHAMPURE,XT,46.29,46.29,45.26,46.14,45.77,52,5637,257401.0
2023-07-06,2023-07-06,SHAQUAK,XT,1.28,1.35,1.25,1.33,1.31,63,11471,14823.0
2023-07-06,2023-07-06,INNOCORP,X,6.75,6.75,5.76,6.22,6.25,22,1878,11249.0
2023-07-06,2023-07-06,SARTHAKIND,XT,30.5,30.5,29.0,29.95,29.4,43,6060,182633.0
2023-07-06,2023-07-06,SAICAPI,XT,126.0,138.0,126.0,135.95,132.05,4,29,3936.0
2023-07-06,2023-07-06,LEXORAA,XT,9.07,9.07,9.07,9.07,8.64,1,15,136.0
2023-07-06,2023-07-06,VERTEX,X,2.75,2.78,2.63,2.68,2.65,129,41913,114092.0
2023-07-06,2023-07-06,RIBATEX,XT,54.75,54.75,52.0,52.06,52.75,57,7534,396838.0
2023-07-06,2023-07-06,NEWINFRA,XT,10.7,11.27,10.5,11.03,10.75,29,15823,173762.0
2023-07-06,2023-07-06,JUNE,X,1.92,1.92,1.74,1.83,1.83,21,3001,5351.0
2023-07-06,2023-07-06,SHREMETAL,XT,32.62,35.62,32.27,32.6,33.94,7,636,20708.0
2023-07-06,2023-07-06,CHLOGIST,X,4.53,4.88,4.53,4.59,4.61,147,52829,247413.0
2023-07-06,2023-07-06,AMBIKCO,B,1626.75,1626.75,1601.0,1614.25,1624.0,428,2973,4791598.0
2023-07-06,2023-07-06,HINDALUMI,X,36.44,36.78,36.0,36.75,36.39,40,2580,94124.0
2023-07-06,2023-07-06,SPECFOOD,XT,47.5,48.9,46.0,47.4,47.5,10,576,27754.0
2023-07-06,2023-07-06,AMRAAGRI,X,0.74,0.74,0.71,0.73,0.73,364,289787,210170.0
2023-07-06,2023-07-06,AUTOPINS,XT,75.0,75.0,69.0,69.0,72.0,3,5,363.0
2023-07-06,2023-07-06,ODYCORP,X,6.38,6.38,6.03,6.19,6.19,28,4201,25878.0
2023-07-06,2023-07-06,INDCTST,X,33.0,33.0,32.2,32.2,32.18,4,19,619.0
2023-07-06,2023-07-06,SAMINDUS,X,48.12,52.1,48.12,51.99,49.78,23,1811,94059.0
2023-07-06,2023-07-06,SHVFL,XT,12.0,12.0,11.64,12.0,12.0,4,135,1612.0
2023-07-06,2023-07-06,POOJAENT,XT,168.0,171.0,168.0,171.0,165.25,3,97,16446.0
2023-07-06,2023-07-06,GRAVITY,X,3.68,3.8,3.68,3.68,3.93,15,5574,20624.0
2023-07-06,2023-07-06,LCCINFOTEC,T,2.1,2.26,2.1,2.26,2.16,68,95599,215171.0
2023-07-06,2023-07-06,FILATFASH,X,12.6,12.88,12.25,12.43,12.73,359,205292,2582918.0
2023-07-06,2023-07-06,SINDHUTRAD,B,23.38,23.38,22.6,23.04,22.73,168,49287,1137241.0
2023-07-06,2023-07-06,UNISTRMU,XT,18.95,19.2,17.38,18.24,18.29,191,73178,1297358.0
2023-07-06,2023-07-06,ZENOTECH,X,52.43,53.5,51.35,53.08,52.43,139,17493,919790.0
2023-07-06,2023-07-06,HINDBIO,XT,7.09,7.25,6.61,7.23,6.95,113,34696,238105.0
2023-07-06,2023-07-06,FRONTCORP,X,30.01,32.65,30.01,30.81,31.25,49,4341,132845.0
2023-07-06,2023-07-06,SWELECTES,B,405.0,444.35,390.2,436.7,409.9,2287,31060,13029233.0
2023-07-06,2023-07-06,WALLFORT,X,62.0,62.0,54.3,55.53,56.91,40,1640,92107.0
2023-07-06,2023-07-06,KDDL,B,1463.85,1516.45,1442.15,1484.5,1465.2,969,6459,9498750.0
2023-07-06,2023-07-06,TRUSTEDGE,XT,18.0,18.0,17.2,17.89,18.0,13,148,2629.0
2023-07-06,2023-07-06,ABHICAP,X,106.0,106.0,100.67,104.0,101.97,68,1526,157910.0
2023-07-06,2023-07-06,3BBLACKBIO,X,422.0,429.0,410.05,418.1,422.4,182,5458,2283152.0
2023-07-06,2023-07-06,GUJJUBHAI,X,103.2,104.7,99.8,103.5,101.6,190,47042,4802403.0
2023-07-06,2023-07-06,ATVOENT,XT,2.11,2.11,1.92,1.99,2.01,25,56378,116227.0
2023-07-06,2023-07-06,INDOCITY,X,7.15,7.15,6.51,6.55,6.51,18,2160,14687.0
2023-07-06,2023-07-06,SBECSUG,XT,36.0,36.0,34.0,35.5,35.02,38,1817,64138.0
2023-07-06,2023-07-06,BRIJLEAS,X,4.02,4.02,4.01,4.01,4.01,12,3180,12763.0
2023-07-06,2023-07-06,BSELALGO,XT,10.25,10.36,10.0,10.22,10.32,648,363605,3712709.0
2023-07-06,2023-07-06,RELIABVEN,X,11.1,11.1,10.15,11.06,10.88,85,11896,126744.0
2023-07-06,2023-07-06,BANKBARODA,A,205.2,205.9,202.95,205.4,205.15,4274,595685,121989836.0
2023-07-06,2023-07-06,MOHITE,XT,26.5,27.5,26.5,27.5,27.8,7,2340,62761.0
2023-07-06,2023-07-06,ACL,B,86.65,88.0,84.9,86.51,88.03,383,7615,659092.0
2023-07-06,2023-07-06,SKMEGGPROD,B,227.0,236.05,221.95,231.5,226.7,1800,54092,12458462.0
2023-07-06,2023-07-06,WELCORP,A,285.1,294.6,283.85,286.55,285.65,4037,139721,40539018.0
2023-07-06,2023-07-06,HOTLSILV,X,11.49,11.49,11.0,11.45,11.5,12,3139,36063.0
2023-07-06,2023-07-06,BANKINDIA,A,80.01,81.92,79.76,80.55,80.22,2467,479409,38789174.0
2023-07-06,2023-07-06,INDRAMEDCO,T,92.01,96.0,92.01,95.22,92.87,304,58276,5492813.0
2023-07-06,2023-07-06,JOHNPHARMA,X,0.52,0.52,0.51,0.51,0.51,744,1112014,571028.0
2023-07-06,2023-07-06,GAIL,A,106.75,111.35,106.2,110.85,107.4,12099,1976072,216708191.0
2023-07-06,2023-07-06,VAIBHAVGBL,A,310.95,310.95,307.1,308.55,309.15,1097,14516,4482718.0
2023-07-06,2023-07-06,TRESCON,XT,16.3,16.35,15.01,16.33,15.58,112,66565,1077609.0
2023-07-06,2023-07-06,GUJSTATFIN,T,6.55,6.55,6.37,6.4,6.55,45,14826,94744.0
2023-07-06,2023-07-06,JKPAPER,A,312.95,317.5,309.5,311.2,311.2,3187,121970,38172778.0
2023-07-06,2023-07-06,SAREGAMA,A,409.95,414.55,402.95,405.1,406.6,1038,12453,5051918.0
2023-07-06,2023-07-06,MINOLTAF,Z,7.9,8.29,7.53,8.29,7.9,13,3640,30101.0
2023-07-06,2023-07-06,ADROITINFO,T,17.1,18.23,16.81,18.05,17.59,35,8947,158511.0
2023-07-06,2023-07-06,CYBERTECH,T,138.0,138.5,135.5,135.9,136.9,103,6417,875155.0
2023-07-06,2023-07-06,ICICIBANK,A,957.0,963.9,954.85,959.4,958.15,8274,245639,235693481.0
2023-07-06,2023-07-06,CYIENT,A,1511.0,1514.0,1478.75,1486.4,1506.4,2064,14084,20926949.0
2023-07-06,2023-07-06,ENGINERSIN,A,115.15,123.8,115.15,119.75,116.15,7958,852170,102942256.0
2023-07-06,2023-07-06,DHANBANK,B,18.21,19.12,18.21,18.69,18.69,769,211042,3956590.0
2023-07-06,2023-07-06,GMDCLTD,A,169.15,170.9,167.8,168.25,169.15,1043,55440,9375235.0
2023-07-06,2023-07-06,INDUSINDBK,A,1399.9,1399.9,1373.5,1389.3,1399.95,6645,104768,145167201.0
2023-07-06,2023-07-06,ITDC,B,331.0,341.2,330.95,333.4,331.1,113,2420,814062.0
2023-07-06,2023-07-06,J&KBANK,A,68.7,70.67,66.77,68.14,68.85,5818,1404431,96388478.0
2023-07-06,2023-07-06,CUB,A,129.05,132.25,128.45,131.15,129.9,4213,470770,61763333.0
2023-07-06,2023-07-06,ARCHIES,T,27.95,28.29,26.4,27.39,27.61,156,32761,898206.0
2023-07-06,2023-07-06,AXISBANK,A,962.5,985.9,962.0,981.6,966.55,8002,184266,179357651.0
2023-07-06,2023-07-06,HBSL,B,46.9,47.54,46.35,47.54,47.03,88,1254,58727.0
2023-07-06,2023-07-06,CMXLTD,X,9.8,9.8,9.11,9.23,9.61,22,1802,16629.0
2023-07-06,2023-07-06,SOUTHBANK,A,20.42,20.72,20.15,20.36,20.32,3805,4635347,94455663.0
2023-07-06,2023-07-06,ENERGYDEV,B,18.19,18.49,17.9,18.14,18.32,118,11972,216369.0
2023-07-06,2023-07-06,SONATSOFTW,A,985.4,1015.0,985.4,1011.2,998.05,488,3463,3483150.0
2023-07-06,2023-07-06,BENGALT,X,77.4,82.0,77.35,78.17,80.57,31,3783,296682.0
2023-07-06,2023-07-06,NATIONALUM,A,84.06,84.8,83.17,84.46,83.87,2809,552274,46521009.0
2023-07-06,2023-07-06,INDNIPPON,B,448.7,451.0,439.25,440.85,445.95,182,2293,1022295.0
2023-07-06,2023-07-06,NSIL,B,2388.1,2409.2,2358.4,2398.55,2359.5,72,525,1243904.0
2023-07-06,2023-07-06,APARINDS,A,3500.0,3532.65,3481.3,3489.35,3504.7,467,2010,7033721.0
2023-07-06,2023-07-06,TCIIND,X,1310.0,1310.0,1223.55,1229.2,1265.0,11,57,72172.0
2023-07-06,2023-07-06,ACCELYA,B,1333.35,1346.0,1333.35,1339.6,1327.25,184,838,1121927.0
2023-07-06,2023-07-06,ORCHASP,XT,3.13,3.23,3.01,3.13,3.08,278,400816,1244375.0
2023-07-06,2023-07-06,HCLTECH,A,1199.85,1199.85,1175.0,1180.4,1195.05,6194,63601,75362529.0
2023-07-06,2023-07-06,TCFCFINQ,X,31.05,31.05,30.02,30.78,30.4,27,1777,54508.0
2023-07-06,2023-07-06,GEOJITFSL,B,47.3,48.69,47.3,47.67,47.73,189,17491,842631.0
2023-07-06,2023-07-06,JINDALSTEL,A,623.95,623.95,608.0,612.5,624.6,3204,112286,69086071.0
2023-07-06,2023-07-06,BLBLIMITED,B,19.5,19.5,18.95,18.97,18.96,72,10764,204595.0
2023-07-06,2023-07-06,GLENMARK,A,662.0,670.8,661.7,668.35,665.0,2522,31688,21166332.0
2023-07-06,2023-07-06,WOCKPHARMA,A,240.6,251.65,240.6,246.2,242.9,4597,208954,51728746.0
2023-07-06,2023-07-06,TATACOFFEE,A,242.7,245.3,242.7,243.65,244.25,1355,28220,6880240.0
2023-07-06,2023-07-06,KJMCCORP,XT,40.36,40.36,37.55,40.33,38.44,13,1642,65514.0
2023-07-06,2023-07-06,INDSWFTLAB,B,93.03,95.1,90.47,91.53,93.02,590,41745,3895582.0
2023-07-06,2023-07-06,MELSTAR,Z,2.21,2.3,2.1,2.1,2.21,22,12420,26411.0
2023-07-06,2023-07-06,GVPIL,B,161.2,163.15,159.15,160.85,159.6,694,23846,3832029.0
2023-07-06,2023-07-06,SHREERAMA,T,15.4,16.34,15.4,15.96,15.89,190,53995,858190.0
2023-07-06,2023-07-06,MAHLIFE,A,481.95,484.1,474.0,477.6,478.2,325,10397,4975733.0
2023-07-06,2023-07-06,GROARC,X,8.81,8.81,8.03,8.41,8.64,38,5794,48101.0
2023-07-06,2023-07-06,VAARAD,XT,18.5,19.36,17.52,19.19,18.44,158,26841,505553.0
2023-07-06,2023-07-06,ZYDUSLIFE,A,585.0,591.95,582.55,587.2,584.9,1431,23887,14042693.0
2023-07-06,2023-07-06,SHIVACEM,B,53.8,53.8,52.0,52.63,51.44,1122,389213,20586194.0
2023-07-06,2023-07-06,CINEVISTA,B,13.79,14.3,13.68,14.18,13.78,769,14605,205027.0
2023-07-06,2023-07-06,INTENTECH,B,76.0,77.01,74.3,74.91,75.14,152,7244,543411.0
2023-07-06,2023-07-06,DANLAW,XT,735.0,745.0,730.0,739.6,735.0,124,7807,5778203.0
2023-07-06,2023-07-06,AJANTPHARM,A,1404.1,1454.55,1404.1,1426.5,1432.75,356,1731,2485055.0
2023-07-06,2023-07-06,HBPOR,X,38.76,38.76,37.01,38.16,38.0,60,2198,82948.0
2023-07-06,2023-07-06,HBESD,X,34.54,34.54,31.36,32.35,32.9,61,5638,180910.0
2023-07-06,2023-07-06,AMBICAAGAR,T,37.5,40.26,37.26,39.57,38.35,85,10521,413299.0
2023-07-06,2023-07-06,COMPUSOFT,B,18.55,19.74,18.55,19.43,18.81,296,27732,535988.0
2023-07-06,2023-07-06,OMNIAX,XT,3.68,3.74,3.51,3.74,3.57,27,10454,39028.0
2023-07-06,2023-07-06,IZMO,T,198.3,199.9,194.0,198.05,202.95,213,14057,2772158.0
2023-07-06,2023-07-06,TVSMOTOR,A,1325.0,1327.15,1304.1,1314.6,1320.8,2411,25920,34071718.0
2023-07-06,2023-07-06,MADALA,X,148.9,148.9,141.25,147.65,148.65,50,609,90222.0
2023-07-06,2023-07-06,ACLGATI,A,125.65,128.65,125.65,126.45,126.15,613,31976,4064676.0
2023-07-06,2023-07-06,SUBEXLTD,A,29.6,29.6,28.84,29.03,29.15,996,162160,4712950.0
2023-07-06,2023-07-06,TCI,A,730.45,733.5,728.3,730.55,732.45,77,651,475992.0
2023-07-06,2023-07-06,PADMALAYAT,Z,1.89,1.98,1.89,1.98,1.89,10,1628,3209.0
2023-07-06,2023-07-06,AKSHOPTFBR,B,8.55,8.59,8.36,8.4,8.46,318,65687,556418.0
2023-07-06,2023-07-06,PICTUREHS,X,5.53,6.02,5.53,5.96,5.74,19,3596,20424.0
2023-07-06,2023-07-06,TRIVENI,A,284.75,284.75,280.2,282.1,281.7,1140,28042,7893834.0
2023-07-06,2023-07-06,MUKTAARTS,B,51.35,51.47,51.0,51.31,50.73,11,1887,96866.0
2023-07-06,2023-07-06,NAGPI,X,68.6,68.6,67.0,68.0,68.69,11,392,26761.0
2023-07-06,2023-07-06,DSSL,B,472.1,500.0,472.1,490.0,479.4,503,6120,3013182.0
2023-07-06,2023-07-06,PNBGILTS,B,62.88,67.49,62.85,66.36,62.26,2117,227473,15081706.0
2023-07-06,2023-07-06,BCG,B,29.36,30.26,29.36,30.26,28.82,3582,4460708,134770017.0
2023-07-06,2023-07-06,RAMCOIND,B,169.05,174.0,169.05,173.3,171.6,518,18227,3132777.0
2023-07-06,2023-07-06,RAMCOSYS,B,263.9,265.05,255.05,255.9,258.9,700,12486,3234485.0
2023-07-06,2023-07-06,TTML,A,75.2,75.38,74.1,74.45,75.57,2059,184921,13796433.0
2023-07-06,2023-07-06,VIRINCHI,T,43.5,43.5,40.87,40.93,43.02,452,176916,7395559.0
2023-07-06,2023-07-06,WEPSOLN,X,31.65,32.49,30.36,30.61,32.26,631,100176,3121624.0
2023-07-06,2023-07-06,STLTECH,A,148.75,150.85,148.75,150.0,149.35,1620,96390,14425719.0
2023-07-06,2023-07-06,TIPSMUSIC,B,276.65,276.65,263.2,266.95,269.8,380,7183,1913098.0
2023-07-06,2023-07-06,UMIYA-MRO,B,53.95,54.0,53.0,54.0,53.79,5,16,859.0
2023-07-06,2023-07-06,FIRSTFIN,X,5.35,5.35,5.1,5.35,5.1,8,4885,26107.0
2023-07-06,2023-07-06,BABA,X,13.67,13.67,12.91,13.2,13.29,34,2899,38040.0
2023-07-06,2023-07-06,BALAJITELE,B,43.06,45.65,42.91,44.59,42.69,464,38861,1712346.0
2023-07-06,2023-07-06,TYCHE,X,179.0,180.0,176.05,178.6,176.4,152,5585,998206.0
2023-07-06,2023-07-06,CALSOFT,T,14.99,15.0,14.47,15.0,15.06,11,1977,29191.0
2023-07-06,2023-07-06,PNC,B,36.26,36.36,36.26,36.33,36.09,9,310,11260.0
2023-07-06,2023-07-06,IOB,A,26.15,27.15,26.15,26.46,26.19,2709,1308883,34842691.0
2023-07-06,2023-07-06,TAJGVK,B,241.0,246.0,238.9,240.3,238.1,687,19831,4811446.0
2023-07-06,2023-07-06,CREATIVEYE,B,3.71,3.78,3.7,3.78,3.78,8,2172,8037.0
2023-07-06,2023-07-06,AXISCADES,T,478.0,484.0,465.3,468.5,481.7,182,5585,2640039.0
2023-07-06,2023-07-06,UMESLTD,B,3.45,3.68,3.4,3.49,3.44,79,16321,58449.0
2023-07-06,2023-07-06,BSOFT,A,352.4,356.0,349.5,353.45,353.6,1745,121493,42928702.0
2023-07-06,2023-07-06,USGTECH,X,3.51,3.79,3.51,3.61,3.62,10,2006,7401.0
2023-07-06,2023-07-06,4THGEN,X,3.25,3.25,3.25,3.25,3.38,1,2,6.0
2023-07-06,2023-07-06,7TEC,X,42.8,42.8,40.4,41.15,41.35,182,9292,380950.0
2023-07-06,2023-07-06,AVANTEL,X,762.35,784.75,762.35,774.7,772.55,878,28221,21949048.0
2023-07-06,2023-07-06,MOSCHIP,B,76.75,83.75,76.0,83.03,76.07,4121,991253,80788546.0
2023-07-06,2023-07-06,SIGMAADV,B,30.95,31.74,30.3,30.7,30.93,74,8434,261678.0
2023-07-06,2023-07-06,TRANSCOR,X,31.0,32.1,31.0,32.0,31.65,66,9661,306022.0
2023-07-06,2023-07-06,VISESHINFO,B,0.42,0.43,0.41,0.42,0.42,885,5154776,2167869.0
2023-07-06,2023-07-06,CEREBRAINT,T,6.05,6.05,5.95,5.97,6.05,175,31734,190007.0
2023-07-06,2023-07-06,NEXTMEDIA,B,5.27,5.27,4.98,5.0,5.17,10,312,1579.0
2023-07-06,2023-07-06,SMARTLINK,B,165.95,170.95,164.8,167.35,164.65,138,2310,387048.0
2023-07-06,2023-07-06,GODREJCP,A,1097.05,1101.55,1070.75,1079.1,1096.9,1753,21092,22779131.0
2023-07-06,2023-07-06,GENUSPRIME,XT,13.13,14.07,13.13,14.07,13.4,63,5557,77767.0
2023-07-06,2023-07-06,BFUTILITIE,B,388.0,395.75,383.0,386.2,387.6,851,18843,7329856.0
2023-07-06,2023-07-06,UNITDSPR,A,930.7,949.9,923.65,943.7,929.4,1582,24180,22714012.0
2023-07-06,2023-07-06,SANINFRA,B,89.47,89.47,87.0,88.21,88.18,350,102780,9059488.0
2023-07-06,2023-07-06,OLECTRA,A,991.95,1076.65,986.0,1043.3,988.15,10053,232748,243658697.0
2023-07-06,2023-07-06,MPSLTD,B,990.0,1085.95,990.0,1072.4,1060.1,146,947,1014753.0
2023-07-06,2023-07-06,CERA,A,7627.5,7683.15,7519.7,7541.45,7627.5,482,1121,8492657.0
2023-07-06,2023-07-06,TSPIRITUAL,XT,1.29,1.33,1.22,1.31,1.28,34,8612,10820.0
2023-07-06,2023-07-06,BHARTIARTL,A,865.85,877.6,863.65,870.15,866.35,2467,61103,53147671.0
2023-07-06,2023-07-06,SHALIWIR,XT,18.35,18.95,18.33,18.62,18.98,89,10333,190438.0
2023-07-06,2023-07-06,COMPINFO,B,14.31,15.4,14.31,15.29,14.68,670,160672,2441541.0
2023-07-06,2023-07-06,GULPOLY,B,264.3,268.75,259.95,261.0,268.35,744,10557,2786557.0
2023-07-06,2023-07-06,FAZE3AUTO,XT,80.99,81.0,77.11,79.75,78.0,29,9294,745146.0
2023-07-06,2023-07-06,PONNIERODE,B,379.0,384.05,378.3,379.35,379.6,319,3950,1503153.0
2023-07-06,2023-07-06,PNB,A,58.4,59.75,57.96,58.97,58.58,9067,3877603,229142877.0
2023-07-06,2023-07-06,OFSS,A,3889.95,3894.6,3835.55,3869.25,3867.4,779,3245,12528899.0
2023-07-06,2023-07-06,HAZOOR,XT,140.0,140.2,135.25,139.15,138.55,211,36985,5135478.0
2023-07-06,2023-07-06,KAMAHOLD,A,12456.05,12589.9,12400.0,12438.95,12505.1,147,620,7727804.0
2023-07-06,2023-07-06,APTECHT,B,491.1,505.1,491.0,502.65,489.25,642,8712,4355760.0
2023-07-06,2023-07-06,UNIONBANK,A,77.66,80.0,77.66,79.71,77.63,4564,1165691,92680639.0
2023-07-06,2023-07-06,UBL,A,1533.95,1548.4,1528.75,1541.45,1521.2,810,5926,9130349.0
2023-07-06,2023-07-06,ISMTLTD,B,76.2,77.81,75.0,76.78,76.02,487,37804,2882839.0
2023-07-06,2023-07-06,NOIDATOLL,B,6.79,6.84,6.71,6.76,6.79,32,5160,34828.0
2023-07-06,2023-07-06,GRANULES,A,295.0,303.25,294.75,300.9,295.2,1349,60845,18259635.0
2023-07-06,2023-07-06,CANBK,A,322.0,329.35,320.5,326.0,322.0,3322,232428,75655817.0
2023-07-06,2023-07-06,BLIL,B,413.0,416.1,411.3,412.25,412.65,630,31695,13110862.0
2023-07-06,2023-07-06,POKARNA,B,372.7,377.15,370.0,376.55,373.2,187,2437,909953.0
2023-07-06,2023-07-06,DIVISLAB,A,3735.35,3750.4,3698.0,3735.9,3749.15,3910,21928,81646706.0
2023-07-06,2023-07-06,ASTRAMICRO,A,374.05,374.05,363.05,364.05,374.05,723,23049,8494816.0
2023-07-06,2023-07-06,RADICO,A,1358.15,1448.0,1354.95,1384.25,1358.65,5741,57096,80127636.0
2023-07-06,2023-07-06,MARUTI,A,9994.5,10013.6,9820.0,9854.7,9994.5,4486,22360,221252925.0
2023-07-06,2023-07-06,RAJPALAYAM,X,748.3,750.0,737.7,745.05,734.2,57,836,623818.0
2023-07-06,2023-07-06,NAVINFLUOR,A,4626.9,4650.0,4595.6,4615.95,4615.85,855,3762,17356117.0
2023-07-06,2023-07-06,UCOBANK,A,28.51,29.55,28.51,28.9,28.73,2702,1719120,49841269.0
2023-07-06,2023-07-06,BAGFILMS,B,4.64,5.18,4.5,4.86,4.6,409,265048,1297849.0
2023-07-06,2023-07-06,JSL,A,352.05,368.55,350.65,365.3,353.6,1895,37092,13472894.0
2023-07-06,2023-07-06,SUPRAJIT,A,416.0,440.35,413.8,437.55,415.65,3510,54191,23376419.0
2023-07-06,2023-07-06,TVSELECT,B,394.55,424.7,394.0,412.7,394.7,2216,59950,24840244.0
2023-07-06,2023-07-06,IGL,A,484.95,493.0,482.55,489.15,484.35,4470,164814,80782251.0
2023-07-06,2023-07-06,TVTODAY,B,197.0,200.9,197.0,198.9,199.25,484,9961,1984709.0
2023-07-06,2023-07-06,PALREDTEC,B,141.25,159.0,140.9,151.55,143.05,1031,30393,4659688.0
2023-07-06,2023-07-06,PETRONET,A,227.0,228.5,225.3,228.3,226.4,2283,80457,18293443.0
2023-07-06,2023-07-06,BIOCON,A,259.95,264.4,257.7,259.65,257.7,4321,202230,52709862.0
2023-07-06,2023-07-06,PTC,A,112.65,113.7,111.5,111.95,112.65,767,56643,6365683.0
2023-07-06,2023-07-06,MAHABANK,A,31.08,32.49,30.9,32.29,30.9,11494,7022666,224139700.0
2023-07-06,2023-07-06,RKFORGE,A,439.75,450.25,439.75,448.55,444.4,1477,30781,13783435.0
2023-07-06,2023-07-06,DATAMATICS,B,577.05,617.6,575.55,592.95,578.1,6695,162812,97559078.0
2023-07-06,2023-07-06,NDTV,A,229.7,229.7,225.7,227.05,228.2,1195,38754,8800330.0
2023-07-06,2023-07-06,STAR,A,452.15,457.95,437.6,441.45,451.45,3843,61379,27372056.0
2023-07-06,2023-07-06,JPASSOCIAT,A,8.39,8.85,8.39,8.77,8.43,3856,4521753,39482305.0
2023-07-06,2023-07-06,ULTRACEMCO,A,8400.05,8475.0,8396.6,8405.95,8373.1,1268,5277,44468183.0
2023-07-06,2023-07-06,UNOMINDA,A,560.35,565.0,556.95,557.65,560.3,1483,12878,7211594.0
2023-07-06,2023-07-06,TCS,A,3300.0,3327.0,3300.0,3322.85,3320.5,8494,60702,201208793.0
2023-07-06,2023-07-06,COFORGE,A,4721.8,4749.9,4696.2,4744.8,4724.05,390,1916,9045734.0
2023-07-06,2023-07-06,GULFPETRO,B,40.0,41.0,39.7,40.37,39.53,168,19644,793361.0
2023-07-06,2023-07-06,CENTURYPLY,A,665.4,694.0,665.4,676.35,677.4,613,6100,4176262.0
2023-07-06,2023-07-06,WELENT,A,207.3,223.55,207.3,221.8,205.05,3822,148834,32331098.0
2023-07-06,2023-07-06,NTPC,A,193.05,197.15,192.7,196.55,193.45,6566,480772,94118787.0
2023-07-06,2023-07-06,SALSTEEL,B,16.08,16.55,15.9,16.31,15.91,107,16318,263827.0
2023-07-06,2023-07-06,JBMA,A,1467.95,1497.0,1272.05,1299.65,1493.15,17342,271967,367721221.0
2023-07-06,2023-07-06,DWARKESH,A,90.49,91.0,89.84,90.1,90.58,1023,116227,10500198.0
2023-07-06,2023-07-06,INDOCO,A,324.05,331.05,324.05,326.55,329.2,249,2922,958848.0
2023-07-06,2023-07-06,VIPCLOTHNG,T,46.7,46.7,45.52,45.65,46.36,140,22930,1052842.0
2023-07-06,2023-07-06,IMPEXFERRO,T,2.93,3.04,2.9,3.0,2.94,44,16637,48571.0
2023-07-06,2023-07-06,XCHANGING,B,86.5,91.83,86.5,89.3,87.88,978,93992,8508707.0
2023-07-06,2023-07-06,JETAIRWAYS,Z,45.97,46.0,44.7,45.37,45.85,402,23997,1083406.0
2023-07-06,2023-07-06,MORARJEE,B,18.2,18.47,17.82,18.1,18.01,21,1556,28338.0
2023-07-06,2023-07-06,JINDALPHOT,B,352.0,353.5,346.7,347.0,349.95,90,432,150413.0
2023-07-06,2023-07-06,POCL,B,401.45,407.95,401.45,404.25,401.65,315,5285,2129934.0
2023-07-06,2023-07-06,JPPOWER,A,6.24,6.34,6.22,6.31,6.23,7853,17295711,109030796.0
2023-07-06,2023-07-06,3IINFOLTD,B,33.66,34.72,33.4,33.95,33.72,620,76285,2583284.0
2023-07-06,2023-07-06,GOKEX,A,484.3,519.0,484.3,512.65,493.95,3394,71386,36434000.0
2023-07-06,2023-07-06,ALLDIGI,B,530.5,544.0,522.95,534.1,531.15,243,2576,1367199.0
2023-07-06,2023-07-06,IIFL,A,509.95,523.4,506.9,512.25,507.8,1267,30710,15799460.0
2023-07-06,2023-07-06,MANGALAM,B,109.45,110.75,108.55,109.25,108.15,187,10384,1138568.0
2023-07-06,2023-07-06,SHOPERSTOP,A,820.0,823.45,805.85,816.2,820.95,960,4801,3907292.0
2023-07-06,2023-07-06,CYBERMEDIA,B,16.5,16.5,15.9,15.93,16.23,44,10693,170603.0
2023-07-06,2023-07-06,NDL,B,20.14,21.0,20.14,20.38,19.84,94,21975,453465.0
2023-07-06,2023-07-06,JSWHL,B,4650.0,4650.0,4536.35,4579.75,4620.05,88,365,1669875.0
2023-07-06,2023-07-06,JKCEMENT,A,3297.8,3320.75,3286.0,3291.95,3308.6,291,828,2738471.0
2023-07-06,2023-07-06,BEEYU,X,2.01,2.01,1.98,1.99,2.01,15,5133,10307.0
2023-07-06,2023-07-06,YESBANK,A,17.21,17.94,17.21,17.79,17.18,30066,48827870,861509571.0
2023-07-06,2023-07-06,NECLIFE,B,20.1,21.08,20.1,20.64,20.53,230,49326,1022715.0
2023-07-06,2023-07-06,MSPL,B,8.68,8.85,8.68,8.75,8.74,180,55609,487141.0
2023-07-06,2023-07-06,SPLIL,B,67.97,68.7,66.45,67.48,67.97,170,9048,609217.0
2023-07-06,2023-07-06,KTKBANK,A,200.25,202.65,196.1,197.65,200.2,3901,395078,78437514.0
2023-07-06,2023-07-06,MCLEODRUSS,B,19.01,19.01,18.56,18.73,18.59,124,13547,254706.0
2023-07-06,2023-07-06,FACORALL,X,6.39,6.57,6.31,6.44,6.35,736,311003,2007964.0
2023-07-06,2023-07-06,IDFC,A,115.35,115.65,112.7,113.65,114.3,7150,1348971,153722297.0
2023-07-06,2023-07-06,RML,B,685.05,703.5,685.05,695.5,687.4,184,1231,858745.0
2023-07-06,2023-07-06,HTMEDIA,B,20.25,20.79,20.07,20.25,20.42,199,17641,359620.0
2023-07-06,2023-07-06,SASKEN,B,977.8,982.0,952.0,961.25,977.8,371,2136,2068030.0
2023-07-06,2023-07-06,FCSSOFT,B,2.17,2.17,2.12,2.14,2.16,903,1089187,2337180.0
2023-07-06,2023-07-06,SUZLON,A,16.77,17.95,16.62,17.65,17.46,43147,76178082,1307508962.0
2023-07-06,2023-07-06,AURIONPRO,T,910.0,956.95,910.0,956.95,911.4,90,3556,3386202.0
2023-07-06,2023-07-06,RENUKA,A,43.35,44.0,43.16,43.51,43.35,2629,680779,29685392.0
2023-07-06,2023-07-06,KMSUGAR,B,26.51,26.78,26.41,26.61,26.4,198,21373,569177.0
2023-07-06,2023-07-06,BASML,B,46.9,47.03,46.31,46.39,47.0,69,14996,697298.0
2023-07-06,2023-07-06,PBAINFRA,B,9.3,9.3,8.66,8.76,9.01,34,4951,43690.0
2023-07-06,2023-07-06,AIAENG,A,3201.0,3241.85,3175.3,3214.25,3185.5,1073,4968,15958735.0
2023-07-06,2023-07-06,EKC,B,121.65,127.1,121.65,123.9,121.35,2053,105581,13161836.0
2023-07-06,2023-07-06,KERNEX,T,336.3,340.0,330.0,338.2,344.45,107,4132,1384485.0
2023-07-06,2023-07-06,REPRO,B,704.8,745.75,679.15,699.85,701.6,588,6095,4311731.0
2023-07-06,2023-07-06,PVRINOX,A,1372.0,1386.65,1360.0,1376.6,1372.1,2282,27086,37156678.0
2023-07-06,2023-07-06,ASMS,Z,13.03,13.03,12.55,13.03,12.78,182,84257,1096256.0
2023-07-06,2023-07-06,CELEBRITY,B,14.0,14.05,13.65,14.0,13.8,32,5714,79922.0
2023-07-06,2023-07-06,NITINSPIN,B,264.95,266.65,259.8,264.25,263.8,766,17414,4575049.0
2023-07-06,2023-07-06,ROHLTD,B,351.95,351.95,324.95,332.7,326.95,161,1822,599969.0
2023-07-06,2023-07-06,ENIL,B,139.8,139.8,128.0,138.75,135.7,159,5165,709492.0
2023-07-06,2023-07-06,CELLA,Z,8.77,8.77,8.38,8.38,8.77,11,3176,26691.0
2023-07-06,2023-07-06,GSPL,A,286.0,290.05,282.25,287.0,286.05,1797,32277,9223844.0
2023-07-06,2023-07-06,JAGRAN,B,87.5,90.1,86.8,87.37,87.34,358,20727,1828523.0
2023-07-06,2023-07-06,DYNPRO,B,321.2,322.7,299.95,306.2,318.5,501,4310,1329593.0
2023-07-06,2023-07-06,GVKPIL,B,2.78,2.78,2.72,2.74,2.74,488,1349613,3697819.0
2023-07-06,2023-07-06,SADBHAV,T,11.05,11.15,10.85,10.87,10.95,57,22752,247520.0
2023-07-06,2023-07-06,RCOM,T,1.29,1.29,1.29,1.29,1.23,182,359681,463988.0
2023-07-06,2023-07-06,SAKUMA,B,13.61,14.2,13.61,14.07,13.64,196,76073,1071412.0
2023-07-06,2023-07-06,KEC,A,591.0,604.35,587.8,597.35,575.7,4130,126644,75306687.0
2023-07-06,2023-07-06,GILLANDERS,B,72.95,73.95,71.95,73.86,71.5,18,807,59237.0
2023-07-06,2023-07-06,BLKASHYAP,B,44.0,44.43,43.0,43.08,43.75,228,23277,1014238.0
2023-07-06,2023-07-06,M&MFIN,A,340.05,344.9,338.65,340.8,343.15,2396,70672,24159493.0
2023-07-06,2023-07-06,VISACHROME,T,12.62,12.73,12.62,12.72,12.51,5,1023,13010.0
2023-07-06,2023-07-06,NITCO,B,18.1,18.35,17.95,18.2,18.09,128,15383,278310.0
2023-07-06,2023-07-06,MPDL,X,21.7,22.59,20.52,21.08,22.6,25,2022,43443.0
2023-07-06,2023-07-06,SOLARINDS,A,3739.9,3745.0,3680.0,3704.95,3706.0,421,1067,3957742.0
2023-07-06,2023-07-06,GALLANTT,B,62.5,68.45,62.5,67.85,62.76,926,75317,5035908.0
2023-07-06,2023-07-06,MALUPAPER,B,33.84,34.05,33.1,33.1,33.21,21,1027,34459.0
2023-07-06,2023-07-06,UTTAMSUGAR,B,331.3,335.8,327.95,331.2,328.1,215,2932,972695.0
2023-07-06,2023-07-06,SGL,B,14.8,14.8,14.1,14.4,14.48,71,2380,34687.0
2023-07-06,2023-07-06,KKCL,B,555.55,566.45,554.8,564.25,554.5,372,2092,1173297.0
2023-07-06,2023-07-06,SUNTV,A,441.05,464.7,441.05,463.55,443.65,4495,137088,62423236.0
2023-07-06,2023-07-06,GPIL,A,523.95,528.4,519.0,523.75,522.65,861,21497,11289185.0
2023-07-06,2023-07-06,RSYSTEMS,B,428.05,446.8,428.05,437.6,430.5,1181,34860,15292570.0
2023-07-06,2023-07-06,EMKAY,B,75.0,75.8,73.38,74.8,74.34,64,4472,333755.0
2023-07-06,2023-07-06,TICL,Z,15.8,16.25,15.75,15.82,15.7,45,8427,134246.0
2023-07-06,2023-07-06,LOKESHMACH,T,192.9,192.9,186.45,186.55,188.1,87,4181,785102.0
2023-07-06,2023-07-06,KAMDHENU,B,308.3,323.35,308.3,320.3,313.95,265,3721,1182436.0
2023-07-06,2023-07-06,PAUSHAKLTD,A,6887.95,6915.0,6552.55,6712.3,6814.8,1086,3297,22233170.0
2023-07-06,2023-07-06,GTNTEX,X,11.2,11.49,11.0,11.32,11.59,19,1256,14175.0
2023-07-06,2023-07-06,INDICAP,X,27.5,27.59,27.21,27.26,27.57,8,707,19290.0
2023-07-06,2023-07-06,PFOCUS,B,125.45,125.45,121.8,122.15,123.55,632,13506,1660396.0
2023-07-06,2023-07-06,ALLCARGO,A,279.2,282.0,277.55,280.1,279.65,541,13174,3695858.0
2023-07-06,2023-07-06,GMRAIRPORT,A,43.99,44.9,43.57,44.71,43.81,2573,594601,26420370.0
2023-07-06,2023-07-06,TECHM,A,1175.0,1183.5,1162.0,1178.5,1175.4,7516,108338,127023622.0
2023-07-06,2023-07-06,CIEINDIA,A,539.85,542.5,526.25,528.75,531.7,2286,47048,25208996.0
2023-07-06,2023-07-06,VOLTAMP,A,4035.35,4103.2,4035.35,4054.05,4015.85,499,971,3953316.0
2023-07-06,2023-07-06,ATLANTAA,B,15.4,15.4,14.4,14.51,14.72,225,13086,191647.0
2023-07-06,2023-07-06,DEEPENR,T,120.65,125.75,120.0,122.35,124.7,46,3854,472596.0
2023-07-06,2023-07-06,HGM,T,50.55,51.5,49.3,50.18,50.78,11,773,38663.0
2023-07-06,2023-07-06,ACE,A,508.05,567.85,508.05,551.9,505.35,11396,408909,223821962.0
2023-07-06,2023-07-06,GEECEE,B,178.35,185.35,178.35,179.7,179.0,132,5622,1016529.0
2023-07-06,2023-07-06,RICHAIND,Z,1.35,1.37,1.35,1.37,1.42,6,2113,2869.0
2023-07-06,2023-07-06,GAYAPROJ,T,6.18,6.18,5.75,5.9,6.05,242,217852,1262198.0
2023-07-06,2023-07-06,FIEMIND,A,1767.75,1788.65,1746.95,1774.7,1765.7,440,1763,3127490.0
2023-07-06,2023-07-06,JHS,T,24.0,24.5,23.3,23.84,23.95,100,33373,801483.0
2023-07-06,2023-07-06,DCBBANK,A,129.65,132.3,127.45,128.8,121.45,5770,573248,74463121.0
2023-07-06,2023-07-06,GLOBALVECT,B,71.75,75.82,71.0,71.5,71.94,226,10151,737851.0
2023-07-06,2023-07-06,GTLINFRA,A,0.82,0.84,0.81,0.82,0.82,11790,10073073,8293464.0
2023-07-06,2023-07-06,SHIVAMAUTO,B,27.7,28.8,26.6,28.32,27.22,459,100354,2816001.0
2023-07-06,2023-07-06,NAUKRI,A,4406.05,4484.35,4378.8,4467.95,4439.6,797,3921,17331367.0
2023-07-06,2023-07-06,TORNTPOWER,A,618.35,644.95,613.0,639.9,609.65,3236,116173,73805106.0
2023-07-06,2023-07-06,PARSVNATH,B,8.24,8.4,8.2,8.24,8.23,139,14903,123947.0
2023-07-06,2023-07-06,SUTLEJTEX,B,49.0,51.5,48.35,49.59,48.62,334,34071,1690106.0
2023-07-06,2023-07-06,LTFOODS,A,128.5,132.0,128.5,130.15,129.4,2050,105103,13726812.0
2023-07-06,2023-07-06,SOBHA,A,547.8,559.5,547.8,555.4,548.25,2872,60657,33650538.0
2023-07-06,2023-07-06,RUCHIRA,B,112.15,114.1,112.15,113.35,113.45,175,3474,393232.0
2023-07-06,2023-07-06,TANLA,A,1027.7,1062.8,1027.7,1054.4,1040.55,3406,56190,58757541.0
2023-07-06,2023-07-06,ZEEMEDIA,B,8.11,9.6,8.11,9.39,8.2,3483,3519596,31290230.0
2023-07-06,2023-07-06,LUMAXTECH,B,360.0,362.95,355.9,360.15,359.35,524,9133,3270487.0
2023-07-06,2023-07-06,AUTOIND,B,70.8,72.1,70.55,70.99,70.74,266,19044,1363060.0
2023-07-06,2023-07-06,NETWORK18,A,62.45,64.2,62.3,63.48,62.55,1028,214708,13627616.0
2023-07-06,2023-07-06,HUBTOWN,T,41.25,42.35,41.0,42.28,41.66,82,30837,1291622.0
2023-07-06,2023-07-06,TV18BRDCST,A,38.14,39.44,38.14,38.86,38.14,832,241819,9385270.0
2023-07-06,2023-07-06,CTE,T,68.92,68.92,66.0,67.85,67.65,17,847,57160.0
2023-07-06,2023-07-06,TIIL,B,1619.95,1646.55,1551.0,1631.1,1588.5,870,5732,9207081.0
2023-07-06,2023-07-06,REDINGTON,A,195.0,195.2,192.4,193.9,193.75,946,48008,9304525.0
2023-07-06,2023-07-06,AICHAMP,XT,31.99,31.99,29.53,30.04,30.93,15,831,25602.0
2023-07-06,2023-07-06,CINELINE,B,85.01,85.54,83.56,85.05,83.22,16,717,60903.0
2023-07-06,2023-07-06,PGIL,B,598.3,619.95,593.35,606.7,593.05,417,3769,2287125.0
2023-07-06,2023-07-06,FSL,A,131.4,131.8,128.25,128.9,130.5,1491,64823,8392592.0
2023-07-06,2023-07-06,PFC,A,223.85,226.65,222.25,223.55,223.3,7132,1223118,275042380.0
2023-07-06,2023-07-06,AHLUCONT,B,678.05,684.0,675.05,678.2,673.65,933,10210,6922750.0
2023-07-06,2023-07-06,TFL,B,11.45,11.45,9.6,10.73,9.76,630,151403,1591658.0
2023-07-06,2023-07-06,INDIANB,A,301.45,307.9,301.45,305.0,304.25,874,40629,12384093.0
2023-07-06,2023-07-06,SMSPHARMA,B,92.52,94.5,91.2,93.44,91.84,207,13255,1226789.0
2023-07-06,2023-07-06,ORIENTALTL,B,6.13,6.34,6.0,6.19,6.26,49,7617,46810.0
2023-07-06,2023-07-06,ELAND,X,5.95,6.09,5.77,6.06,6.0,29,10099,59473.0
2023-07-06,2023-07-06,IDEA,A,7.43,7.53,7.4,7.48,7.42,21908,18017280,134659845.0
2023-07-06,2023-07-06,RAJTV,T,46.0,46.83,46.0,46.83,44.61,6,312,14435.0
2023-07-06,2023-07-06,PAGEIND,A,36726.6,37093.85,36370.0,37003.95,36721.85,1107,1660,60733306.0
2023-07-06,2023-07-06,AMDIND,T,65.65,66.99,65.0,65.73,66.16,34,3986,262718.0
2023-07-06,2023-07-06,LEHAR,XT,128.0,131.5,125.65,129.8,128.25,153,10794,1381421.0
2023-07-06,2023-07-06,ASTRAL,A,1865.05,1879.0,1833.2,1841.95,1869.65,6221,47010,87065747.0
2023-07-06,2023-07-06,EMBDL,A,59.88,62.99,59.88,62.35,60.06,6141,1661913,103482502.0
2023-07-06,2023-07-06,CAMLINFINE,A,160.55,163.15,158.8,159.9,160.25,480,19809,3197719.0
2023-07-06,2023-07-06,ICRA,A,5526.0,5556.55,5455.05,5512.6,5516.5,64,163,894352.0
2023-07-06,2023-07-06,DISHTV,A,17.85,18.69,17.31,17.48,17.6,10082,7600973,136347020.0
2023-07-06,2023-07-06,SAHYADRI,B,366.8,375.0,366.1,373.9,367.2,79,4863,1790340.0
2023-07-06,2023-07-06,SRHHYPOLTD,B,700.05,714.2,692.0,698.7,700.05,1360,16932,11928537.0
2023-07-06,2023-07-06,FORTIS,A,317.2,325.7,314.85,322.1,315.55,1804,57957,18602228.0
2023-07-06,2023-07-06,TGBHOTELS,T,10.44,10.62,10.41,10.62,10.14,8,6518,68585.0
2023-07-06,2023-07-06,HILTON,T,160.1,168.75,160.1,166.55,164.55,103,8263,1355602.0
2023-07-06,2023-07-06,DELTACORP,A,251.9,256.95,250.5,254.1,250.5,1753,85052,21623413.0
2023-07-06,2023-07-06,INSECTICID,B,447.3,454.0,446.5,452.6,448.15,226,1611,726911.0
2023-07-06,2023-07-06,ASAHISONG,B,232.95,239.2,231.6,234.65,232.15,51,309,72936.0
2023-07-06,2023-07-06,HARYNACAP,X,63.63,67.99,62.08,65.0,64.39,11,1206,75847.0
2023-07-06,2023-07-06,TIMETECHNO,A,126.85,129.75,124.9,128.75,126.25,2577,322985,41067701.0
2023-07-06,2023-07-06,HGS,A,1083.3,1105.5,1080.0,1092.35,1077.25,497,3695,4036464.0
2023-07-06,2023-07-06,NELCAST,B,92.5,93.65,92.05,92.8,92.22,65,35484,3282817.0
2023-07-06,2023-07-06,V2RETAIL,T,141.2,141.2,141.2,141.2,134.5,10,457,64528.0
2023-07-06,2023-07-06,DLF,A,502.05,517.5,502.05,513.6,499.6,4889,271387,138696975.0
2023-07-06,2023-07-06,TARMAT,B,64.5,69.5,64.15,68.78,63.9,245,11411,768979.0
2023-07-06,2023-07-06,SPARC,A,218.7,221.7,216.5,218.75,218.75,2047,67250,14724057.0
2023-07-06,2023-07-06,ADSL,B,107.95,111.2,107.45,109.3,107.6,1694,88456,9619330.0
2023-07-06,2023-07-06,ALPA,B,69.43,70.46,69.0,69.11,69.46,121,9494,658918.0
2023-07-06,2023-07-06,SSLEL,X,125.35,133.0,123.0,129.6,127.5,40,1986,249713.0
2023-07-06,2023-07-06,OMAXE,B,50.69,51.2,50.4,50.51,50.69,68,34744,1761743.0
2023-07-06,2023-07-06,REFEX,B,522.05,535.9,518.9,526.7,526.55,873,13983,7385307.0
2023-07-06,2023-07-06,CENTRALBK,A,30.75,31.91,30.62,31.12,30.78,4586,1635145,51274770.0
2023-07-06,2023-07-06,SELMC,T,127.45,130.95,127.45,127.45,130.05,71,1424,181818.0
2023-07-06,2023-07-06,ASIANTILES,B,47.63,49.58,47.63,48.1,47.83,1037,118557,5766082.0
2023-07-06,2023-07-06,KPRMILL,A,653.55,655.95,640.0,648.15,652.15,660,11857,7673396.0
2023-07-06,2023-07-06,TAKE,B,16.88,17.2,16.45,16.86,16.86,335,37773,635870.0
2023-07-06,2023-07-06,PURVA,B,93.75,105.95,93.75,102.19,94.21,2046,148430,15233289.0
2023-07-06,2023-07-06,MOTILALOFS,A,741.75,748.9,728.55,741.0,740.15,1213,12587,9305097.0
2023-07-06,2023-07-06,VTMLTD,X,57.95,57.95,53.5,54.64,54.74,72,2078,113728.0
2023-07-06,2023-07-06,INDOWIND,B,10.11,10.55,10.11,10.3,10.18,93,24128,250130.0
2023-07-06,2023-07-06,NAGREEKCAP,B,22.35,24.5,21.75,21.94,22.55,72,7159,164175.0
2023-07-06,2023-07-06,MAGNUM,T,33.2,34.6,33.05,34.3,33.03,66,16700,571693.0
2023-07-06,2023-07-06,POWERGRID,A,257.25,263.65,254.4,262.85,253.25,8212,440039,113971369.0
2023-07-06,2023-07-06,KSCL,A,577.4,577.4,557.5,564.5,577.4,1815,24861,14210248.0
2023-07-06,2023-07-06,PAISALO,A,49.59,49.79,47.6,49.13,49.59,948,144691,7028895.0
2023-07-06,2023-07-06,SUPREMEINF,T,21.1,21.45,21.1,21.45,21.5,4,17,362.0
2023-07-06,2023-07-06,MAANALU,T,335.45,344.0,326.6,338.05,332.2,96,3557,1197528.0
2023-07-06,2023-07-06,IL&FSENGG,Z,11.14,11.39,11.14,11.17,11.14,35,33290,372177.0
2023-07-06,2023-07-06,PARLEIND,X,7.05,7.08,7.01,7.06,7.05,236,21302,150281.0
2023-07-06,2023-07-06,RELIGARE,A,170.15,179.0,170.15,174.95,175.95,537,17726,3133832.0
2023-07-06,2023-07-06,BVCL,T,34.3,35.97,34.3,34.76,34.89,13,1364,48583.0
2023-07-06,2023-07-06,RATHIBAR,X,24.25,24.25,22.4,24.08,24.0,95,9356,218290.0
2023-07-06,2023-07-06,ADANIPORTS,A,741.05,745.9,738.0,740.05,742.9,6484,190258,141277938.0
2023-07-06,2023-07-06,EDELWEISS,A,49.02,50.47,49.0,50.16,49.05,508,71350,3564478.0
2023-07-06,2023-07-06,RGL,B,108.35,111.4,101.0,102.7,108.25,1425,81671,8688988.0
2023-07-06,2023-07-06,KOLTEPATIL,B,358.6,375.0,358.6,370.05,358.25,947,19542,7199980.0
2023-07-06,2023-07-06,KAUSHALYA,T,4.88,4.88,4.59,4.64,4.83,68,32327,150787.0
2023-07-06,2023-07-06,JYOTHYLAB,A,234.05,240.0,231.8,237.5,235.95,2452,65650,15584130.0
2023-07-06,2023-07-06,ECLERX,A,1610.95,1685.95,1602.0,1678.3,1615.2,1449,8750,14481254.0
2023-07-06,2023-07-06,TARIL,B,99.1,101.65,99.1,101.15,99.02,1832,130071,13122534.0
2023-07-06,2023-07-06,BRIGADE,A,556.25,564.5,550.4,557.05,559.5,1055,8497,4733611.0
2023-07-06,2023-07-06,BGRENERGY,B,60.59,62.15,60.09,60.26,59.93,165,11165,682463.0
2023-07-06,2023-07-06,BURNPUR,B,4.32,4.41,4.32,4.38,4.39,105,13723,60072.0
2023-07-06,2023-07-06,MANAKSIA,B,158.35,161.8,158.05,161.45,158.05,213,3886,622544.0
2023-07-06,2023-07-06,PORWAL,XT,25.0,25.0,24.15,24.34,25.0,14,1631,40532.0
2023-07-06,2023-07-06,PPAP,B,202.8,209.7,202.8,205.4,201.9,42,312,64490.0
2023-07-06,2023-07-06,ARIES,B,167.8,172.35,167.15,169.2,167.7,154,2683,455121.0
2023-07-06,2023-07-06,KUANTUM,B,199.1,213.55,196.75,201.6,199.2,1247,37282,7653720.0
2023-07-06,2023-07-06,RPOWER,A,14.38,15.51,14.3,15.31,14.37,27807,48901288,738951269.0
2023-07-06,2023-07-06,JKIL,A,301.0,311.5,301.0,308.45,305.6,720,11086,3415539.0
2023-07-06,2023-07-06,CORDSCABLE,T,89.7,89.7,88.25,89.38,89.16,94,6472,576511.0
2023-07-06,2023-07-06,KNRCON,A,246.5,250.9,244.1,249.65,245.65,1734,44947,11197985.0
2023-07-06,2023-07-06,ONMOBILE,B,82.5,84.38,81.8,81.98,82.63,1196,96280,7990691.0
2023-07-06,2023-07-06,SEPC,B,9.73,9.86,9.31,9.49,9.69,819,398729,3816439.0
2023-07-06,2023-07-06,BANG,B,40.0,41.0,40.0,40.35,40.32,21,375,15192.0
2023-07-06,2023-07-06,IRB,A,26.51,26.75,26.28,26.35,26.67,1331,416366,11024420.0
2023-07-06,2023-07-06,GSS,B,186.4,186.95,184.9,185.0,185.0,44,4057,751209.0
2023-07-06,2023-07-06,NAHARCAP,B,294.5,296.0,291.0,292.75,293.0,92,501,147099.0
2023-07-06,2023-07-06,VGUARD,A,280.35,287.25,280.2,280.8,280.35,683,14877,4218385.0
2023-07-06,2023-07-06,RECLTD,A,166.05,167.95,165.3,165.85,166.45,2948,728773,121246025.0
2023-07-06,2023-07-06,GOKAKTEX,XT,31.84,31.84,30.34,31.84,30.33,35,6367,202365.0
2023-07-06,2023-07-06,DHANI,A,32.84,32.89,32.25,32.34,32.39,820,100136,3261011.0
2023-07-06,2023-07-06,TITAGARH,A,510.1,529.2,507.0,522.0,511.55,1712,39590,20612424.0
2023-07-06,2023-07-06,KIRIINDUS,A,284.6,288.25,283.25,284.5,285.55,89,2297,659175.0
2023-07-06,2023-07-06,BIRLAMONEY,B,59.63,62.54,59.63,61.63,59.63,429,28007,1723617.0
2023-07-06,2023-07-06,JAIBALAJI,T,76.05,78.4,76.05,77.67,77.06,25,5034,390330.0
2023-07-06,2023-07-06,BAJAJ-AUTO,A,4890.9,4936.7,4831.45,4917.4,4888.65,3473,33060,161317153.0
2023-07-06,2023-07-06,BAJAJFINSV,A,1619.95,1623.95,1609.85,1620.1,1614.7,6216,97316,157443018.0
2023-07-06,2023-07-06,GOKUL,B,31.2,31.5,30.7,31.24,31.2,211,20850,651896.0
2023-07-06,2023-07-06,RPGLIFE,B,945.9,954.75,928.3,931.5,950.4,265,1717,1623236.0
2023-07-06,2023-07-06,SENSEX1,A,69.36,70.3,69.11,70.04,69.96,104,1161,81278.0
2023-07-06,2023-07-06,NIRAJ,B,31.35,31.98,31.22,31.9,31.22,9,107,3408.0
2023-07-06,2023-07-06,RBL,B,870.25,874.8,857.9,869.25,861.45,353,3704,3215333.0
2023-07-06,2023-07-06,RANEENGINE,T,305.0,305.95,300.05,301.15,295.0,31,1545,467644.0
2023-07-06,2023-07-06,CHLLTD,X,18.76,18.76,18.08,18.46,18.0,6,825,15440.0
2023-07-06,2023-07-06,SEJALLTD,T,234.0,238.7,233.05,238.7,240.9,4,65,15232.0
2023-07-06,2023-07-06,ARCHIDPLY,T,74.35,76.45,74.0,75.65,74.49,38,5709,431428.0
2023-07-06,2023-07-06,LOTUSEYE,B,81.93,81.93,78.35,79.77,81.4,71,8063,644286.0
2023-07-06,2023-07-06,SOMICONVEY,T,64.82,64.82,64.82,64.82,61.74,70,25354,1643446.0
2023-07-06,2023-07-06,LGBFORGE,B,9.85,9.97,9.3,9.57,9.57,203,115926,1127381.0
2023-07-06,2023-07-06,LPDC,B,6.61,6.79,6.39,6.39,6.32,125,28212,182686.0
2023-07-06,2023-07-06,SICAGEN,X,42.45,44.0,41.75,43.52,41.54,412,196458,8459668.0
2023-07-06,2023-07-06,SIMPLXMIL,X,2900.05,2925.05,2860.05,2860.05,3000.0,20,37,107446.0
2023-07-06,2023-07-06,SIMPLXPAP,XT,1838.0,1838.0,1838.0,1838.0,1934.5,4,4,7352.0
2023-07-06,2023-07-06,20MICRONS,T,94.0,94.3,92.85,93.91,93.1,24,1443,135371.0
2023-07-06,2023-07-06,ZFCVINDIA,A,12238.5,12244.05,12120.45,12144.35,12180.7,106,143,1743112.0
2023-07-06,2023-07-06,ALKALI,T,113.05,115.2,113.05,115.1,114.15,14,1844,210048.0
2023-07-06,2023-07-06,ISGEC,A,674.8,694.0,674.55,677.8,672.45,611,5931,4061297.0
2023-07-06,2023-07-06,IMFA,B,327.45,341.05,327.45,335.4,328.55,841,16720,5599436.0
2023-07-06,2023-07-06,TPHQ,T,10.55,10.55,9.9,9.97,10.41,161,44054,447120.0
2023-07-06,2023-07-06,VEDAVAAG,X,45.21,46.9,44.8,45.37,45.21,143,10838,494708.0
2023-07-06,2023-07-06,MOLDTKPAC,A,1085.15,1101.4,1067.85,1074.0,1083.0,1078,5969,6452300.0
2023-07-06,2023-07-06,MHRIL,A,297.35,299.55,295.0,296.0,298.55,324,3871,1152314.0
2023-07-06,2023-07-06,LANDSMILL,T,0.38,0.38,0.37,0.38,0.38,239,1168692,437696.0
2023-07-06,2023-07-06,ROML,B,41.16,41.8,40.9,40.95,41.16,35,778,32216.0
2023-07-06,2023-07-06,BENGALASM,A,4999.8,5000.0,4930.0,4995.65,4941.65,59,177,880631.0
2023-07-06,2023-07-06,ADANIPOWER,A,245.05,248.2,245.05,246.45,245.7,10226,466653,115161205.0
2023-07-06,2023-07-06,NHPC,A,45.3,47.3,45.15,46.96,45.4,7479,3891417,180187071.0
2023-07-06,2023-07-06,SURYAAMBA,XT,192.1,208.05,190.0,195.35,200.0,43,2630,506006.0
2023-07-06,2023-07-06,GLOBUSSPR,A,1284.95,1287.55,1262.05,1270.45,1278.45,1530,10330,13162213.0
2023-07-06,2023-07-06,OIL,A,250.95,252.3,249.55,250.05,249.1,1222,28082,7031712.0
2023-07-06,2023-07-06,SWANDEF,Z,2.65,2.65,2.65,2.65,2.53,264,1247847,3306794.0
2023-07-06,2023-07-06,BTTL,X,17.0,18.29,17.0,17.07,17.27,135,24952,432718.0
2023-07-06,2023-07-06,SPSL,X,15.3,15.8,15.3,15.8,16.0,4,106,1671.0
2023-07-06,2023-07-06,EXPLEOSOL,B,1535.0,1598.9,1535.0,1561.8,1562.9,414,1654,2593319.0
2023-07-06,2023-07-06,RTNPOWER,A,5.24,5.35,5.2,5.22,5.21,3737,7593268,39912462.0
2023-07-06,2023-07-06,DEN,B,35.0,35.99,35.0,35.34,35.23,276,40365,1438114.0
2023-07-06,2023-07-06,ASTEC,A,1361.5,1382.55,1336.0,1342.85,1363.1,158,534,727355.0
2023-07-06,2023-07-06,DLINKINDIA,B,261.05,270.95,260.7,267.0,262.35,759,24781,6614766.0
2023-07-06,2023-07-06,JSWENERGY,A,303.25,311.75,303.25,310.05,301.4,3138,194692,60130697.0
2023-07-06,2023-07-06,GODREJPROP,A,1572.0,1620.0,1569.25,1598.8,1560.55,5930,90958,145923112.0
2023-07-06,2023-07-06,DBCORP,B,154.1,158.8,152.25,156.45,152.65,1651,75612,11792084.0
2023-07-06,2023-07-06,MBLINFRA,T,20.98,20.98,20.2,20.43,20.11,13,2970,61443.0
2023-07-06,2023-07-06,JUBLFOOD,A,491.05,496.0,491.05,492.4,493.55,3619,61543,30354770.0
2023-07-06,2023-07-06,VASCONEQ,B,43.5,43.75,42.35,42.62,43.09,555,111310,4773842.0
2023-07-06,2023-07-06,THANGAMAYL,B,1520.0,1553.65,1520.0,1538.8,1504.95,366,1755,2701154.0
2023-07-06,2023-07-06,DBREALTY,A,71.7,80.35,70.16,78.27,71.72,1498,143074,10839963.0
2023-07-06,2023-07-06,EMMBI,B,86.32,88.0,84.49,87.2,86.99,64,6594,575789.0
2023-07-06,2023-07-06,HATHWAY,B,15.5,16.2,15.5,15.54,15.47,711,469172,7406948.0
2023-07-06,2023-07-06,ARSSINFRA,T,20.8,20.8,19.5,20.0,20.0,12,2698,55798.0
2023-07-06,2023-07-06,TEXMOPIPES,B,57.55,59.9,57.15,57.98,58.09,529,25919,1529222.0
2023-07-06,2023-07-06,SUNDARAM,B,2.18,2.3,2.14,2.2,2.19,305,533357,1170127.0
2023-07-06,2023-07-06,COROENGG,XT,40.9,41.5,39.5,41.5,39.75,24,12530,503193.0
2023-07-06,2023-07-06,ROSSELLIND,B,344.4,360.4,344.4,351.5,344.45,261,5964,2107855.0
2023-07-06,2023-07-06,MANINFRA,B,112.15,113.2,111.0,111.6,112.45,474,27250,3050092.0
2023-07-06,2023-07-06,TAMBOLIIN,X,149.9,150.0,141.65,143.45,148.0,70,5430,795822.0
2023-07-06,2023-07-06,IVZINGOLD,E,5230.0,5248.0,5230.0,5237.0,5200.0,4,4,20952.0
2023-07-06,2023-07-06,IL&FSTRANS,Z,2.8,2.99,2.77,2.99,2.9,21,30729,88678.0
2023-07-06,2023-07-06,PERSISTENT,A,4855.0,4896.0,4801.0,4889.9,4856.9,2422,12435,60299726.0
2023-07-06,2023-07-06,ISFT,B,137.5,138.95,135.4,136.05,136.75,91,66123,9000507.0
2023-07-06,2023-07-06,GOENKA,Z,0.86,0.86,0.82,0.84,0.83,23,67387,56431.0
2023-07-06,2023-07-06,KCPSUGIND,B,24.85,25.19,24.7,24.89,24.7,226,24353,606041.0
2023-07-06,2023-07-06,KECL,T,131.0,133.85,126.7,127.7,131.25,460,33529,4329279.0
2023-07-06,2023-07-06,SATCH,XT,2.94,3.07,2.93,3.0,2.95,52,44056,130445.0
2023-07-06,2023-07-06,TARAPUR,T,4.49,4.49,4.3,4.35,4.4,22,4533,20002.0
2023-07-06,2023-07-06,SJVN,A,44.2,47.75,44.09,47.42,43.98,6638,2982939,138583855.0
2023-07-06,2023-07-06,EMAMIPAP,B,119.85,120.9,119.25,119.65,120.05,112,2901,347689.0
2023-07-06,2023-07-06,KRITINUT,B,56.45,57.1,55.51,56.24,55.28,135,8259,465898.0
2023-07-06,2023-07-06,GKB,X,91.8,91.8,88.5,91.23,89.49,65,7711,697095.0
2023-07-06,2023-07-06,HMVL,T,61.5,64.2,60.01,62.5,61.72,27,13860,861147.0
2023-07-06,2023-07-06,EMAMIREAL,B,68.8,70.0,68.8,69.07,68.04,55,3680,255199.0
2023-07-06,2023-07-06,AHLEAST,B,121.3,122.0,120.7,121.9,122.45,14,277,33695.0
2023-07-06,2023-07-06,BAJAJCON,A,196.0,199.35,194.1,195.2,195.45,1497,63254,12444406.0
2023-07-06,2023-07-06,HDFCGOLD,E,51.41,51.49,51.22,51.4,51.41,263,87080,4474145.0
2023-07-06,2023-07-06,PRAKASHSTL,B,4.37,4.49,4.37,4.48,4.37,122,89140,398303.0
2023-07-06,2023-07-06,GOLDIETF,E,51.93,51.93,51.25,51.39,51.37,130,10817,555672.0
2023-07-06,2023-07-06,GPPL,A,121.8,123.15,118.45,118.9,121.45,1277,54431,6545088.0
2023-07-06,2023-07-06,WELINV,T,362.1,362.1,355.05,355.05,360.0,2,15,5396.0
2023-07-06,2023-07-06,HEALTHX,B,283.7,297.3,283.7,288.8,279.8,113,854,248184.0
2023-07-06,2023-07-06,CPCAP,B,219.1,222.25,210.35,214.4,219.65,632,16926,3654719.0
2023-07-06,2023-07-06,EROSMEDIA,B,19.64,19.8,19.17,19.41,19.45,441,54758,1069177.0
2023-07-06,2023-07-06,RAMKY,B,388.75,392.3,378.0,381.25,384.5,554,5392,2081153.0
2023-07-06,2023-07-06,GREENPOWER,B,11.37,11.6,11.25,11.38,11.45,2633,1526410,17430367.0
2023-07-06,2023-07-06,CANTABIL,B,1021.95,1035.8,1008.95,1014.5,1021.85,105,369,376666.0
2023-07-06,2023-07-06,SEATV,X,2.17,2.18,2.17,2.18,2.28,8,5906,12816.0
2023-07-06,2023-07-06,WABAG,A,478.05,492.45,476.05,486.45,477.1,1374,13090,6347566.0
2023-07-06,2023-07-06,BEDMUTHA,B,70.29,73.0,67.9,68.75,70.53,149,3128,223211.0
2023-07-06,2023-07-06,ASHOKA,A,80.49,81.5,80.05,80.92,80.39,1027,100490,8115792.0
2023-07-06,2023-07-06,JWL,B,179.35,183.35,179.35,180.5,180.7,1910,100766,18251946.0
2023-07-06,2023-07-06,OBEROIRLTY,A,1015.05,1057.5,1015.05,1039.75,1012.95,4478,62801,65189418.0
2023-07-06,2023-07-06,PRESTIGE,A,581.75,597.4,580.4,591.95,576.45,878,15348,9075161.0
2023-07-06,2023-07-06,SHAH,B,3.41,3.86,3.24,3.77,3.29,355,654239,2330719.0
2023-07-06,2023-07-06,COALINDIA,A,231.05,235.95,231.05,234.55,231.35,4047,254652,59633214.0
2023-07-06,2023-07-06,GRAVITA,A,607.1,625.0,607.1,610.4,618.65,367,4037,2482081.0
2023-07-06,2023-07-06,RPPINFRA,B,64.69,66.07,62.81,63.81,57.26,2588,301860,19413595.0
2023-07-06,2023-07-06,RDBIPL,XT,57.95,58.45,55.9,56.53,58.84,98,11779,668405.0
2023-07-06,2023-07-06,MOIL,A,178.05,184.5,177.9,181.75,179.3,3126,116878,21173627.0
2023-07-06,2023-07-06,KTIL,X,39.4,39.5,38.0,38.64,38.7,33,9126,356975.0
2023-07-06,2023-07-06,A2ZINFRA,T,7.17,7.17,7.0,7.01,7.19,127,60159,423840.0
2023-07-06,2023-07-06,KIRLOSENG,A,402.75,403.9,397.5,400.1,399.75,264,3537,1417211.0
2023-07-06,2023-07-06,PSB,B,33.24,34.1,32.81,33.44,33.06,1332,398668,13319891.0
2023-07-06,2023-07-06,FMNL,B,4.74,4.8,4.63,4.74,4.66,58,23162,110287.0
2023-07-06,2023-07-06,SURANASOL,B,21.35,22.06,21.35,21.5,21.55,261,28904,626424.0
2023-07-06,2023-07-06,KICL,B,1878.0,1889.4,1839.4,1884.9,1880.0,30,104,194961.0
2023-07-06,2023-07-06,BFINVEST,B,387.0,392.1,385.0,386.4,387.0,186,1816,705363.0
2023-07-06,2023-07-06,SUMMITSEC,B,740.35,880.0,738.1,859.65,733.85,1225,9977,8267033.0
2023-07-06,2023-07-06,INOVSYNTH,XT,19.4,20.75,19.4,19.45,19.96,15,2049,40029.0
2023-07-06,2023-07-06,STEL,B,138.1,154.95,138.0,151.35,139.0,476,11258,1659652.0
2023-07-06,2023-07-06,OMKARCHEM,Z,9.75,9.8,8.95,9.66,9.35,52,10332,98991.0
2023-07-06,2023-07-06,JUBLINDS,B,554.7,562.0,551.4,551.4,550.75,83,509,283324.0
2023-07-06,2023-07-06,TEXRAIL,A,76.26,78.5,76.26,78.05,77.56,640,107874,8386998.0
2023-07-06,2023-07-06,INDTERRAIN,B,56.0,57.3,55.4,55.94,56.53,179,9837,553595.0
2023-07-06,2023-07-06,FCL,A,298.8,301.35,295.2,295.85,298.8,1627,42698,12696468.0
2023-07-06,2023-07-06,DHUNINV,B,730.0,731.95,713.5,721.55,723.3,96,359,258647.0
2023-07-06,2023-07-06,ZENTEC,A,415.05,425.0,415.05,419.75,414.15,885,24655,10342588.0
2023-07-06,2023-07-06,LOVABLE,B,112.3,113.8,111.05,112.7,111.8,113,2586,289987.0
2023-07-06,2023-07-06,PFS,B,19.31,20.3,19.31,20.21,19.44,614,320592,6415981.0
2023-07-06,2023-07-06,MON100,E,120.85,121.39,120.7,121.28,120.51,899,83365,10093016.0
2023-07-06,2023-07-06,MUTHOOTFIN,A,1260.0,1266.15,1249.3,1259.5,1259.85,766,4676,5877213.0
2023-07-06,2023-07-06,FCONSUMER,T,0.9,0.95,0.9,0.94,0.91,295,730014,680858.0
2023-07-06,2023-07-06,TRUEGREEN,X,18.18,18.19,17.01,17.7,17.02,54,14211,251032.0
2023-07-06,2023-07-06,BSLGOLDETF,E,53.0,53.24,52.5,52.85,52.99,102,2484,130690.0
2023-07-06,2023-07-06,VMS,X,15.58,16.75,15.15,16.04,15.58,139,28397,448896.0
2023-07-06,2023-07-06,KARMAENG,B,43.0,44.29,43.0,43.45,43.04,26,2916,128573.0
2023-07-06,2023-07-06,DELPHIFX,B,380.1,388.5,370.05,376.35,383.7,111,631,238400.0
2023-07-06,2023-07-06,RUSHIL,B,290.0,297.5,287.0,292.5,289.85,392,7377,2153010.0
2023-07-06,2023-07-06,ENKEIWHEL,X,495.9,495.9,486.2,488.55,483.65,35,2492,1227657.0
2023-07-06,2023-07-06,KRIDHANINF,T,2.3,2.3,2.22,2.28,2.3,39,9453,21474.0
2023-07-06,2023-07-06,INVENTURE,B,1.99,2.02,1.98,2.0,1.99,358,1051798,2106240.0
2023-07-06,2023-07-06,LTF,A,131.6,132.75,129.75,131.05,131.45,3066,393426,51523187.0
2023-07-06,2023-07-06,IBULLSLTD,T,12.93,13.2,12.39,12.57,12.93,112,583196,7349452.0
2023-07-06,2023-07-06,TREEHOUSE,B,17.5,17.7,16.88,17.26,17.04,82,1926,33613.0
2023-07-06,2023-07-06,BROOKS,B,77.55,78.5,75.1,75.84,76.53,58,2375,183385.0
2023-07-06,2023-07-06,RUPA,B,274.0,276.15,271.65,273.1,275.0,786,17994,4935435.0
2023-07-06,2023-07-06,TDPOWERSYS,A,236.95,244.65,234.6,235.55,236.8,2554,79196,18976567.0
2023-07-06,2023-07-06,GOLDAXIS,E,50.45,50.45,49.82,50.08,50.27,385,8255,413558.0
2023-07-06,2023-07-06,APLLTD,A,643.95,659.0,640.95,656.5,642.0,1199,8938,5813527.0
2023-07-06,2023-07-06,VASWANI,B,20.96,21.19,20.7,21.0,20.81,83,3184,66547.0
2023-07-06,2023-07-06,PGEL,B,1550.5,1599.0,1550.5,1568.45,1529.45,414,2030,3220263.0
2023-07-06,2023-07-06,LESHAIND,XT,3.98,4.02,3.94,3.97,3.98,333,74485,296209.0
2023-07-06,2023-07-06,RDBRL,X,103.5,105.0,101.15,104.15,103.3,288,25518,2659353.0
2023-07-06,2023-07-06,TIJARIA,T,6.61,6.83,6.51,6.59,6.61,13,5189,34214.0
2023-07-06,2023-07-06,ONELIFECAP,B,13.25,13.37,12.05,12.82,12.29,240,22064,281538.0
2023-07-06,2023-07-06,FLEXITUFF,B,28.6,28.6,27.3,27.95,28.0,7,274,7633.0
2023-07-06,2023-07-06,UEL,T,2.2,2.2,2.11,2.18,2.2,123,79493,172670.0
2023-07-06,2023-07-06,TRITURBINE,A,399.25,399.25,394.5,394.95,398.35,1844,18665,7397605.0
2023-07-06,2023-07-06,INDOTHAI,T,256.25,256.25,249.0,255.0,252.0,15,128,32310.0
2023-07-06,2023-07-06,ESSARSHPNG,T,11.6,12.1,11.6,11.78,11.85,124,42788,507696.0
2023-07-06,2023-07-06,LICMFGOLD,E,5335.0,5389.0,5335.0,5372.4,5357.0,9,23,123791.0
2023-07-06,2023-07-06,APLAPOLLO,A,1313.25,1340.0,1306.3,1329.0,1313.1,2807,27452,36128649.0
2023-07-06,2023-07-06,GPTINFRA,T,71.5,71.5,68.0,69.48,70.87,137,12438,856512.0
2023-07-06,2023-07-06,FERVENTSYN,X,18.3,18.3,18.3,18.3,18.4,2,105,1921.0
2023-07-06,2023-07-06,THOMASCOTT,T,59.2,63.89,59.2,63.76,62.0,17,2276,138493.0
2023-07-06,2023-07-06,TERASOFT,T,48.15,49.69,48.15,48.15,48.5,17,1181,56917.0
2023-07-06,2023-07-06,PMCFIN,X,1.62,1.63,1.59,1.6,1.61,979,1330079,2146335.0
2023-07-06,2023-07-06,FUTSOL,XT,61.1,64.15,61.1,64.15,61.1,16,513,32848.0
2023-07-06,2023-07-06,AIML,X,29.09,29.09,27.7,28.2,28.69,78,4769,134941.0
2023-07-06,2023-07-06,RHIM,A,621.0,633.05,617.6,626.3,621.75,826,8952,5588839.0
2023-07-06,2023-07-06,MCX,A,1527.95,1671.9,1513.2,1627.75,1519.95,13442,232153,378820121.0
2023-07-06,2023-07-06,SCHNEIDER,A,278.0,279.45,272.4,274.95,277.65,2550,70951,19547795.0
2023-07-06,2023-07-06,NBCC,A,40.6,41.34,40.23,40.35,40.53,1257,446637,18249486.0
2023-07-06,2023-07-06,MTEDUCARE,T,4.05,4.25,4.05,4.12,4.1,24,5998,24544.0
2023-07-06,2023-07-06,HEXATRADEX,B,148.65,149.2,145.15,148.3,145.0,84,1027,150879.0
2023-07-06,2023-07-06,TBZ,B,82.06,85.36,82.06,82.62,83.44,507,41857,3479658.0
2023-07-06,2023-07-06,VSSL,B,191.05,192.8,188.0,191.35,189.0,942,14485,2754620.0
2023-07-06,2023-07-06,LOOKS,X,4.77,4.91,4.77,4.91,4.77,26,7136,34465.0
2023-07-06,2023-07-06,SPECIALITY,B,230.85,231.0,229.05,229.85,229.65,111,2373,545715.0
2023-07-06,2023-07-06,AURUS,B,4.23,4.46,4.23,4.46,4.52,15,1788,7883.0
2023-07-06,2023-07-06,RTNINDIA,A,40.5,41.1,40.45,40.53,40.47,548,66208,2695800.0
2023-07-06,2023-07-06,SAMPANN,T,18.75,19.85,18.35,19.75,19.06,8,836,15694.0
2023-07-06,2023-07-06,JTLIND,B,360.1,364.95,358.3,359.6,359.45,635,13615,4932369.0
2023-07-06,2023-07-06,AMTL,X,32.1,32.26,30.5,32.26,30.73,194,116148,3729918.0
2023-07-06,2023-07-06,NECCLTD,B,19.01,19.54,19.01,19.41,19.02,38,3814,73959.0
2023-07-06,2023-07-06,WAAREERTL,B,1157.9,1159.95,1115.8,1127.7,1147.95,2140,35099,39956746.0
2023-07-06,2023-07-06,JUPITERIN,X,20.49,20.49,19.5,19.87,20.27,150,21735,434449.0
2023-07-06,2023-07-06,DUCON,T,6.72,6.89,6.56,6.74,6.72,102,47225,318141.0
2023-07-06,2023-07-06,PROZONER,B,26.31,26.5,25.5,25.91,26.06,427,70251,1828988.0
2023-07-06,2023-07-06,SRGHFL,X,220.0,224.9,217.75,219.65,221.35,611,31714,6960917.0
2023-07-06,2023-07-06,COMCL,X,17.93,18.45,17.01,17.72,17.93,97,20072,349282.0
2023-07-06,2023-07-06,CASPIAN,XT,23.8,24.89,22.62,23.33,23.8,27,6324,149781.0
2023-07-06,2023-07-06,VIRTUALG,X,0.89,0.89,0.85,0.87,0.88,534,891873,776253.0
2023-07-06,2023-07-06,ZUARI,B,152.55,155.45,151.0,151.8,152.35,413,10799,1651993.0
2023-07-06,2023-07-06,STEELXIND,B,14.65,15.12,14.4,14.87,14.34,885,612067,8998080.0
2023-07-06,2023-07-06,TRIOMERC,XT,0.57,0.61,0.57,0.61,0.59,41,62737,36541.0
2023-07-06,2023-07-06,CIGNITITEC,A,797.0,840.1,797.0,832.45,796.45,1656,21361,17706626.0
2023-07-06,2023-07-06,CDG,X,15.5,15.5,15.0,15.5,14.9,8,99,1510.0
2023-07-06,2023-07-06,CARERATING,A,723.7,735.0,716.45,725.4,721.5,618,10745,7817300.0
2023-07-06,2023-07-06,PCJEWELLER,B,27.11,27.39,26.64,26.99,27.2,922,347032,9380915.0
2023-07-06,2023-07-06,INDUSTOWER,A,162.7,166.9,162.35,165.95,162.9,4974,427086,70626608.0
2023-07-06,2023-07-06,VMART,A,2239.85,2239.85,2167.5,2187.95,2206.85,200,708,1550067.0
2023-07-06,2023-07-06,NIBE,XT,354.85,359.95,352.0,354.95,354.85,76,3973,1414754.0
2023-07-06,2023-07-06,MUKTA,X,2.8,2.9,2.8,2.88,2.8,32,9100,25880.0
2023-07-06,2023-07-06,COMFINCAP,XT,7.35,7.57,7.2,7.41,7.35,181,61009,452715.0
2023-07-06,2023-07-06,SBISENSEX,A,705.5,710.0,703.4,709.02,705.03,180,2280,1610143.0
2023-07-06,2023-07-06,BMAL,M,3.8,3.8,3.8,3.8,3.46,1,4000,15200.0
2023-07-06,2023-07-06,REPCOHOME,A,333.85,333.85,318.8,323.85,330.25,1430,30218,9746693.0
2023-07-06,2023-07-06,GCMSECU,B,2.2,2.2,1.71,1.99,1.95,156,278943,549021.0
2023-07-06,2023-07-06,NIBL,T,23.45,23.6,22.51,22.56,23.03,30,13142,298515.0
2023-07-06,2023-07-06,KIFS,XT,169.9,169.9,159.0,159.1,165.35,30,832,134987.0
2023-07-06,2023-07-06,SREEL,B,194.0,194.5,192.5,192.6,193.2,14,305,59074.0
2023-07-06,2023-07-06,SHARDAMOTR,B,802.8,810.0,796.95,805.75,798.1,290,2509,2013584.0
2023-07-06,2023-07-06,BINNYMILLS,Z,114.55,119.5,114.55,114.75,114.5,4,35,4148.0
2023-07-06,2023-07-06,SVGLOBAL,XT,66.2,70.0,66.2,70.0,68.5,9,610,41772.0
2023-07-06,2023-07-06,JUSTDIAL,A,743.95,743.95,730.9,741.2,729.05,277,4218,3107418.0
2023-07-06,2023-07-06,OONE,X,15.75,16.49,15.3,16.05,16.44,64,7413,117797.0
2023-07-06,2023-07-06,IFINSEC,XT,34.99,35.68,33.91,33.91,35.69,11,725,24896.0
2023-07-06,2023-07-06,BRAHMINFRA,X,38.55,41.0,38.55,38.81,38.75,43,30488,1191409.0
2023-07-06,2023-07-06,KHOOBSURAT,X,1.25,1.25,1.11,1.23,1.24,411,341933,414800.0
2023-07-06,2023-07-06,ORIENTCEM,A,134.6,136.35,134.5,135.5,136.65,844,57075,7739452.0
2023-07-06,2023-07-06,ABFRL,A,210.9,214.2,209.3,213.55,210.5,1166,68666,14543353.0
2023-07-06,2023-07-06,SAMMAANCAP,A,131.3,132.55,127.9,128.2,130.45,4945,692053,90080657.0
2023-07-06,2023-07-06,ALSL,M,14.0,14.0,14.0,14.0,12.26,2,16000,224000.0
2023-07-06,2023-07-06,GCMCOMM,M,5.36,5.36,5.36,5.36,5.36,1,6000,32160.0
2023-07-06,2023-07-06,ESSENTIA,T,6.01,6.32,6.01,6.21,6.16,53,11935,73228.0
2023-07-06,2023-07-06,TIGERLOGS,X,350.0,380.0,349.0,371.05,354.55,744,86067,31811092.0
2023-07-06,2023-07-06,JKAGRI,X,464.9,468.0,451.0,457.05,453.55,46,979,451676.0
2023-07-06,2023-07-06,FLFL,Z,4.67,4.94,4.67,4.94,4.75,63,15864,76674.0
2023-07-06,2023-07-06,PVVINFRA,X,14.45,14.59,13.47,14.32,13.77,82,17034,242061.0
2023-07-06,2023-07-06,VCU,XT,6.0,6.23,5.95,6.07,6.08,106,20163,122862.0
2023-07-06,2023-07-06,INDRENEW,X,12.86,13.77,12.86,13.68,13.12,141,139423,1882357.0
2023-07-06,2023-07-06,STELLAR,M,3.6,4.1,3.6,4.1,4.01,2,12000,46200.0
2023-07-06,2023-07-06,JPOLYINVST,B,615.0,615.0,583.1,593.45,602.75,179,2513,1486744.0
2023-07-06,2023-07-06,INTELSOFT,X,11.9,12.2,11.7,11.72,11.92,98,14440,171225.0
2023-07-06,2023-07-06,MOM100,B,38.26,38.7,38.0,38.59,38.29,298,27388,1054045.0
2023-07-06,2023-07-06,CPL,X,19.7,20.31,19.7,20.0,20.08,204,49012,983388.0
2023-07-06,2023-07-06,NIFTYIETF,B,211.81,212.9,211.5,212.73,212.01,275,16123,3425256.0
2023-07-06,2023-07-06,NIF100IETF,B,211.5,212.74,210.93,212.09,211.52,32,694,146954.0
2023-07-06,2023-07-06,ARNOLD,X,23.0,23.0,21.5,21.6,22.89,96,112786,2439951.0
2023-07-06,2023-07-06,SUNLOC,X,59.0,60.0,56.0,56.91,58.03,66,5624,326783.0
2023-07-06,2023-07-06,JTLDEFENCE,Z,3.54,3.86,3.54,3.56,3.72,23,7580,27781.0
2023-07-06,2023-07-06,SUYOG,X,407.85,407.85,390.2,397.15,399.85,79,12763,5110704.0
2023-07-06,2023-07-06,NATHBIOGEN,B,197.0,223.7,197.0,216.55,195.2,1953,45669,9777033.0
2023-07-06,2023-07-06,AGRITECH,B,102.45,105.0,102.15,104.4,102.9,113,2877,298986.0
2023-07-06,2023-07-06,KETOMOTORS,XT,13.46,14.16,13.46,14.16,14.16,2,14,193.0
2023-07-06,2023-07-06,NIF100BEES,B,201.0,202.87,201.0,201.43,200.77,62,299,60338.0
2023-07-06,2023-07-06,VIAANINDUS,Z,0.63,0.63,0.58,0.6,0.6,38,44876,26194.0
2023-07-06,2023-07-06,DENISCHEM,X,88.0,90.64,87.0,89.77,87.5,89,6068,541507.0
2023-07-06,2023-07-06,POLYMAC,M,32.6,36.2,32.3,32.58,32.53,36,53600,1755360.0
2023-07-06,2023-07-06,UNISHIRE,M,2.14,2.14,2.05,2.05,2.05,2,20000,41900.0
2023-07-06,2023-07-06,LADDU,X,32.62,33.8,32.55,33.5,33.45,277,27922,926540.0
2023-07-06,2023-07-06,NIFTY1,B,207.01,208.6,207.01,208.44,207.48,109,1581,329152.0
2023-07-06,2023-07-06,HANSUGAR,X,5.43,5.44,5.25,5.41,5.33,118,31597,169687.0
2023-07-06,2023-07-06,KIRANVYPAR,X,144.95,144.95,140.05,141.9,141.85,61,10592,1513822.0
2023-07-06,2023-07-06,BCP,B,3.99,3.99,3.86,3.9,3.93,359,78229,305740.0
2023-07-06,2023-07-06,RACE,B,286.0,286.0,270.75,274.05,276.45,176,2680,734549.0
2023-07-06,2023-07-06,MANGIND,X,2.88,3.12,2.83,3.11,2.84,1888,4254348,12937927.0
2023-07-06,2023-07-06,VIJIFIN,B,1.75,1.83,1.75,1.78,1.78,130,233963,416365.0
2023-07-06,2023-07-06,HBGHOTELS,X,68.99,70.64,65.25,69.3,67.28,70,9474,656626.0
2023-07-06,2023-07-06,RAUNAQ,XT,21.12,22.17,21.12,22.17,21.12,4,522,11570.0
2023-07-06,2023-07-06,INFRONICS,X,31.5,31.5,29.71,29.91,31.0,25,3490,104108.0
2023-07-06,2023-07-06,CPSEETF,A,44.4,45.35,44.26,45.26,44.26,518,106473,4787757.0
2023-07-06,2023-07-06,HARIAAPL,XT,4.17,4.17,3.99,4.17,4.17,19,5046,20400.0
2023-07-06,2023-07-06,VASUPRADA,X,72.98,72.99,72.98,72.99,72.99,2,250,18246.0
2023-07-06,2023-07-06,RNBDENIMS,T,28.49,28.49,28.0,28.25,28.49,40,10373,291304.0
2023-07-06,2023-07-06,GOLDLINE,Z,0.52,0.52,0.5,0.51,0.51,561,492540,253580.0
2023-07-06,2023-07-06,SHARPINV,XT,0.74,0.74,0.71,0.73,0.73,548,541171,395535.0
2023-07-06,2023-07-06,WONDERLA,B,555.45,573.45,555.1,571.0,555.05,295,4621,2604356.0
2023-07-06,2023-07-06,GCMCAPI,M,3.49,3.66,3.21,3.42,3.33,18,26000,90600.0
2023-07-06,2023-07-06,AFEL,XT,8.3,8.3,7.91,8.3,7.91,463,316488,2613507.0
2023-07-06,2023-07-06,INCREDIBLE,B,26.99,27.28,24.15,26.0,26.46,136,18127,479417.0
2023-07-06,2023-07-06,NAM,XT,57.0,57.0,57.0,57.0,57.0,1,57,3249.0
2023-07-06,2023-07-06,METSL,X,67.94,67.94,63.65,64.86,63.55,35,1679,109388.0
2023-07-06,2023-07-06,SPS,T,83.0,87.15,78.85,87.15,83.0,7,106,8433.0
2023-07-06,2023-07-06,MONEYBOXX,B,158.05,159.9,155.8,159.75,157.55,72,16293,2562090.0
2023-07-06,2023-07-06,TPROJECT,X,2.54,2.54,2.3,2.47,2.42,13,5411,13442.0
2023-07-06,2023-07-06,AMARSEC,XT,28.01,28.02,28.01,28.02,28.01,2,110,3082.0
2023-07-06,2023-07-06,CTL,X,20.11,21.9,20.11,20.95,21.71,45,3018,63896.0
2023-07-06,2023-07-06,TARINI,M,5.67,6.55,5.66,5.87,5.8,10,30000,179550.0
2023-07-06,2023-07-06,YAANENT,X,23.75,23.75,23.75,23.75,23.7,1,5000,118750.0
2023-07-06,2023-07-06,RAAMA,X,0.82,0.82,0.75,0.77,0.75,36,17730,13658.0
2023-07-06,2023-07-06,GOLDCOINHF,X,6.2,6.2,6.2,6.2,6.2,9,311,1928.0
2023-07-06,2023-07-06,BRPL,B,71.95,71.95,68.08,69.78,68.84,123,4619,321733.0
2023-07-06,2023-07-06,ARMAN,XT,84.84,84.84,84.84,84.84,89.3,1,12,1018.0
2023-07-06,2023-07-06,SKIPPER,B,168.05,170.85,165.15,166.0,168.55,391,8829,1482735.0
2023-07-06,2023-07-06,JAMESWARREN,X,240.65,243.35,240.05,242.8,240.95,13,1220,293644.0
2023-07-06,2023-07-06,VISTARAMAR,X,294.75,300.95,292.0,297.8,294.0,266,5828,1724726.0
2023-07-06,2023-07-06,GULFOILLUB,B,471.0,479.25,469.65,476.6,470.4,235,2964,1401126.0
2023-07-06,2023-07-06,TRIVENIENT,X,2.85,2.85,2.75,2.79,2.75,143,86779,243175.0
2023-07-06,2023-07-06,CEMAINFRA,X,2.57,2.81,2.57,2.81,2.69,10,2103,5472.0
2023-07-06,2023-07-06,TTIENT,X,11.81,12.05,11.72,11.81,12.09,80,31768,377812.0
2023-07-06,2023-07-06,VISHAL,B,17.02,17.35,16.8,16.96,17.04,372,59340,1013382.0
2023-07-06,2023-07-06,TOYAMSL,X,11.03,11.2,10.81,10.95,11.03,398,328886,3618911.0
2023-07-06,2023-07-06,GAJANANSEC,XT,44.88,44.88,40.62,40.62,42.75,16,585,24937.0
2023-07-06,2023-07-06,UNISON,X,23.1,23.75,22.5,23.41,23.57,64,5092,117607.0
2023-07-06,2023-07-06,RTFL,Z,18.75,18.8,17.02,17.02,17.91,38,16030,292660.0
2023-07-06,2023-07-06,VRL,X,153.45,153.45,146.0,147.55,148.8,43,1610,239279.0
2023-07-06,2023-07-06,SNOWMAN,B,45.8,46.04,44.96,45.25,45.78,246,38815,1766148.0
2023-07-06,2023-07-06,QGO,X,49.99,49.99,47.66,49.7,49.9,10,564,27863.0
2023-07-06,2023-07-06,PURSHOTTAM,XT,14.1,14.1,14.1,14.1,14.82,7,907,12788.0
2023-07-06,2023-07-06,SHARDACROP,A,550.4,569.3,550.4,553.45,553.95,1333,23261,12993059.0
2023-07-06,2023-07-06,MIIL,T,146.0,146.0,144.65,144.65,144.35,10,2650,383945.0
2023-07-06,2023-07-06,SENSEXBEES,A,715.03,730.98,715.03,729.19,724.57,130,5294,3847564.0
2023-07-06,2023-07-06,SHEMAROO,T,152.05,158.35,152.05,156.65,155.05,32,3216,501961.0
2023-07-06,2023-07-06,ULTRACAB,X,14.1,14.85,14.0,14.5,14.06,517,119140,1727453.0
2023-07-06,2023-07-06,RCCL,X,35.4,35.4,35.26,35.26,34.71,11,765,26989.0
2023-07-06,2023-07-06,ETIL,X,7.17,9.6,7.17,9.58,8.0,207,101278,949882.0
2023-07-06,2023-07-06,ATISHAY,X,34.8,34.8,32.22,33.67,32.63,25,1418,47002.0
2023-07-06,2023-07-06,SANGAMFIN,XT,69.17,69.17,69.0,69.17,65.88,8,1286,88950.0
2023-07-06,2023-07-06,DHABRIYA,XT,218.95,218.95,204.5,210.1,214.4,75,16744,3501770.0
2023-07-06,2023-07-06,PDSL,B,354.05,355.55,345.55,346.9,353.75,415,3504,1225503.0
2023-07-06,2023-07-06,HANMAN,M,1.63,1.75,1.62,1.62,1.7,12,50400,82740.0
2023-07-06,2023-07-06,VGCL,X,46.52,48.99,46.25,46.81,47.98,28,1422,66896.0
2023-07-06,2023-07-06,STARLIT,XT,3.95,4.04,3.85,4.04,3.85,59,21285,85301.0
2023-07-06,2023-07-06,CEINSYS,XT,210.0,210.0,200.05,202.75,206.35,2178,107486,21965169.0
2023-07-06,2023-07-06,CRANEINFRA,X,13.4,13.78,12.27,13.21,13.3,23,1446,18697.0
2023-07-06,2023-07-06,NIYOGIN,XT,60.45,60.45,60.45,60.45,57.58,804,105069,6351421.0
2023-07-06,2023-07-06,KALYANCAP,X,18.37,18.37,17.55,17.83,17.69,101,40807,731868.0
2023-07-06,2023-07-06,CITIZEN,XT,29.92,31.4,29.92,31.4,29.92,17,2098,64622.0
2023-07-06,2023-07-06,GBFL,X,6.33,6.33,6.04,6.18,6.18,77,20630,126403.0
2023-07-06,2023-07-06,GILADAFINS,X,10.77,11.15,10.65,10.97,10.77,50,8436,91996.0
2023-07-06,2023-07-06,JETSOLAR,M,12.25,12.25,12.25,12.25,12.89,1,4000,49000.0
2023-07-06,2023-07-06,SAPPL,X,255.0,255.0,252.3,252.3,257.4,8,413,105279.0
2023-07-06,2023-07-06,AANCHALISP,X,14.75,14.9,14.34,14.6,14.34,64,20052,292639.0
2023-07-06,2023-07-06,CAPPIPES,B,29.49,29.5,28.75,29.16,28.75,151,15919,467554.0
2023-07-06,2023-07-06,JMJFIN,X,17.25,17.25,15.22,15.33,16.1,29,5730,88776.0
2023-07-06,2023-07-06,INTELLECT,A,610.0,624.9,607.35,623.4,607.6,1174,18636,11522458.0
2023-07-06,2023-07-06,MONTECARLO,B,817.1,817.1,805.0,806.5,816.9,266,1666,1345892.0
2023-07-06,2023-07-06,JSTL,X,46.04,47.5,45.0,47.04,46.04,110,26245,1208058.0
2023-07-06,2023-07-06,ICL,XT,36.5,36.5,34.7,34.99,36.5,16,430,15086.0
2023-07-06,2023-07-06,PANAFIC,X,1.0,1.01,0.97,0.99,0.99,310,168240,166258.0
2023-07-06,2023-07-06,CSL,X,7.89,7.89,7.06,7.28,7.45,50,19900,145988.0
2023-07-06,2023-07-06,NEXUSSURGL,X,10.45,10.45,10.2,10.2,9.79,32,6446,66899.0
2023-07-06,2023-07-06,SELLWIN,X,10.77,11.39,10.45,10.91,10.62,90,29255,318609.0
2023-07-06,2023-07-06,GALADAFIN,X,11.7,11.7,11.67,11.67,11.17,2,41,478.0
2023-07-06,2023-07-06,EMERALD,X,23.99,23.99,22.4,23.47,23.52,69,11664,269999.0
2023-07-06,2023-07-06,MKEXIM,X,97.5,97.5,92.32,93.81,94.28,351,38401,3592470.0
2023-07-06,2023-07-06,MCLOUD,B,230.0,234.9,227.5,233.7,228.7,2217,227183,52561635.0
2023-07-06,2023-07-06,OCTAL,X,20.0,20.95,20.0,20.95,20.0,2,35,723.0
2023-07-06,2023-07-06,MIHIKA,XT,25.95,25.95,25.95,25.95,25.98,1,170,4411.0
2023-07-06,2023-07-06,KANCHI,X,440.0,447.8,430.6,434.45,439.9,247,6826,2993752.0
2023-07-06,2023-07-06,DTIL,B,213.95,214.9,208.25,212.25,213.05,57,762,161597.0
2023-07-06,2023-07-06,VANICOM,XT,12.0,12.5,11.9,12.5,12.0,10,70,840.0
2023-07-06,2023-07-06,VINCOFE,XT,17.75,18.34,17.47,18.34,17.47,274,130453,2349649.0
2023-07-06,2023-07-06,RAFL,M,205.0,205.0,204.85,205.0,220.0,8,13750,2817562.0
2023-07-06,2023-07-06,COSYN,XT,33.0,35.0,32.5,33.87,33.71,66,10804,366208.0
2023-07-06,2023-07-06,SOFCOM,XT,53.94,54.5,50.36,52.16,53.01,101,36768,1912376.0
2023-07-06,2023-07-06,NAPL,XT,101.0,106.05,96.0,106.05,101.0,18,8012,801906.0
2023-07-06,2023-07-06,KARNAVATI,XT,4.93,4.94,4.93,4.94,4.71,23,4986,24616.0
2023-07-06,2023-07-06,ABHIFIN,XT,23.75,23.75,23.75,23.75,23.75,1,1,23.0
2023-07-06,2023-07-06,MERCANTILE,X,21.0,21.0,19.3,19.74,18.04,231,34599,689163.0
2023-07-06,2023-07-06,SONAL,X,78.55,78.55,73.5,75.0,74.17,34,304,23046.0
2023-07-06,2023-07-06,GENUSPAPER,B,15.44,17.72,14.76,17.43,14.77,1762,622542,10680302.0
2023-07-06,2023-07-06,MINDACORP,A,286.0,293.95,286.0,291.5,287.15,826,27380,7935591.0
2023-07-06,2023-07-06,MERCURYLAB,X,777.2,827.4,772.0,801.05,800.0,33,379,300129.0
2023-07-06,2023-07-06,CONCORD,X,27.75,27.75,26.65,27.31,27.75,22,1544,41847.0
2023-07-06,2023-07-06,WARDINMOBI,A,44.1,44.38,43.59,43.84,44.12,2797,404332,17737698.0
2023-07-06,2023-07-06,GREENLAM,A,479.9,479.9,469.7,472.6,476.1,396,4538,2148458.0
2023-07-06,2023-07-06,TALBROSENG,X,544.9,546.8,531.1,535.35,539.95,123,1938,1046730.0
2023-07-06,2023-07-06,SAPL,X,1080.0,1080.0,1080.0,1080.0,1030.0,2,12,12960.0
2023-07-06,2023-07-06,PTCIL,A,4150.0,4162.0,3933.0,3948.35,4138.7,566,3291,13153708.0
2023-07-06,2023-07-06,CHENFERRO,X,141.0,144.35,135.1,136.05,139.1,372,20777,2873143.0
2023-07-06,2023-07-06,MEGRISOFT,X,109.9,109.9,103.05,107.75,102.15,30,536,58079.0
2023-07-06,2023-07-06,GITARENEW,X,100.8,100.8,96.2,99.7,98.55,122,5949,588714.0
2023-07-06,2023-07-06,ORTEL,Z,1.13,1.13,1.03,1.12,1.08,5,2003,2243.0
2023-07-06,2023-07-06,NEIL,X,8.2,8.2,8.2,8.2,8.2,1,186,1525.0
2023-07-06,2023-07-06,STARHFL,X,52.0,52.0,49.5,51.64,51.74,1258,764612,39018380.0
2023-07-06,2023-07-06,BEEKAY,X,427.2,440.0,422.1,430.9,433.0,79,3201,1381682.0
2023-07-06,2023-07-06,SETFBSE100,A,212.0,213.68,211.0,213.12,211.5,33,249,53027.0
2023-07-06,2023-07-06,FRASER,X,6.39,6.75,6.0,6.01,6.2,67,14376,88967.0
2023-07-06,2023-07-06,TIRUPATIIN,XT,44.25,44.25,41.0,41.57,42.24,138,14046,587129.0
2023-07-06,2023-07-06,GANVERSE,M,82.05,90.6,82.05,82.05,86.35,195,827500,68983375.0
2023-07-06,2023-07-06,AGIIL,X,570.0,570.0,550.0,570.0,566.95,39,868,490711.0
2023-07-06,2023-07-06,BKMINDST,Z,0.84,0.9,0.84,0.87,0.88,24,27736,23974.0
2023-07-06,2023-07-06,MANAKSTEEL,B,47.35,48.85,46.73,47.75,45.81,208,15691,745564.0
2023-07-06,2023-07-06,MANAKALUCO,B,22.7,22.99,22.15,22.18,22.47,126,9772,219654.0
2023-07-06,2023-07-06,MANAKCOAT,B,18.6,18.6,18.0,18.04,18.09,115,9768,177724.0
2023-07-06,2023-07-06,IMAGICAA,B,46.5,46.9,45.97,46.28,46.43,379,43585,2020235.0
2023-07-06,2023-07-06,INOXWIND,A,170.15,177.05,170.0,172.25,167.45,3557,366189,63374535.0
2023-07-06,2023-07-06,AANANDALAK,X,7.88,7.88,7.36,7.87,7.53,6,520,4083.0
2023-07-06,2023-07-06,URSUGAR,B,14.0,14.0,13.05,13.45,13.71,146,127749,1720451.0
2023-07-06,2023-07-06,ATHCON,M,17.03,17.03,17.03,17.03,17.92,3,7500,127725.0
2023-07-06,2023-07-06,SHESHAINDS,X,16.0,16.0,15.99,16.0,15.99,8,293,4686.0
2023-07-06,2023-07-06,SAB,X,87.68,87.68,84.58,87.58,87.79,7,357,31153.0
2023-07-06,2023-07-06,PML,X,1830.0,1999.9,1780.0,1931.25,1833.85,466,6509,12384614.0
2023-07-06,2023-07-06,SUJALA,X,16.84,16.84,16.8,16.8,16.84,16,1614,27143.0
2023-07-06,2023-07-06,VRLLOG,A,700.05,710.45,700.05,708.85,699.65,202,784,554298.0
2023-07-06,2023-07-06,GRAMEVA,X,15.77,15.77,15.77,15.77,15.02,2,42,662.0
2023-07-06,2023-07-06,PALCO,X,57.04,61.19,57.04,58.99,59.8,19,404,23815.0
2023-07-06,2023-07-06,BODHTREE,XT,7.0,7.24,7.0,7.0,7.04,31,4232,29961.0
2023-07-06,2023-07-06,VBIND,X,3.61,3.61,3.61,3.61,3.8,12,4161,15021.0
2023-07-06,2023-07-06,SARVOTTAM,XT,30.02,31.97,30.02,31.97,30.45,18,2417,77048.0
2023-07-06,2023-07-06,MEP,B,12.1,12.1,11.75,11.8,12.02,110,23359,277104.0
2023-07-06,2023-07-06,WARDWIZFBL,X,37.69,37.69,36.03,37.05,37.14,118,17724,653305.0
2023-07-06,2023-07-06,UFO,B,80.0,86.37,79.17,84.59,79.91,344,12153,1006464.0
2023-07-06,2023-07-06,PANTH,XT,7.94,7.94,7.72,7.83,7.82,200,41993,328296.0
2023-07-06,2023-07-06,SHIVALIK,B,788.0,793.3,777.7,778.6,782.45,66,504,396659.0
2023-07-06,2023-07-06,ICSL,X,4.32,4.32,3.8,4.19,4.0,71,17098,70649.0
2023-07-06,2023-07-06,PNCINFRA,A,338.15,367.9,338.15,354.95,338.15,7908,203344,72182696.0
2023-07-06,2023-07-06,ARFIN,X,32.65,33.5,31.66,33.26,32.64,267,310157,10140684.0
2023-07-06,2023-07-06,STARBEAM,X,3.5,3.5,3.5,3.5,3.4,5,110,385.0
2023-07-06,2023-07-06,HAWAENG,XT,113.0,119.9,112.1,114.05,117.95,31,832,94600.0
2023-07-06,2023-07-06,AIIL,A,344.9,359.0,335.25,355.75,339.75,388,19896,6920031.0
2023-07-06,2023-07-06,POEL,X,176.5,177.0,173.05,174.45,174.15,70,2728,477793.0
2023-07-06,2023-07-06,AEL,X,73.8,76.7,73.0,73.63,73.0,433,90945,6783318.0
2023-07-06,2023-07-06,CAPFIN,XT,25.43,25.43,25.43,25.43,24.22,26,4244,107924.0
2023-07-06,2023-07-06,SGFIN,T,580.0,584.9,565.0,571.7,575.95,281,31504,18005990.0
2023-07-06,2023-07-06,SATIA,B,114.85,116.55,113.55,113.8,114.2,503,38802,4454918.0
2023-07-06,2023-07-06,GARMNTMNTR,B,4.99,5.0,4.88,4.93,4.91,89,17422,86336.0
2023-07-06,2023-07-06,SRESTHA,X,1.1,1.17,1.1,1.13,1.12,128,210290,237352.0
2023-07-06,2023-07-06,SAUMYA,X,81.88,81.88,75.1,75.3,77.99,11,437,33847.0
2023-07-06,2023-07-06,MUL,XT,8.12,8.12,8.0,8.1,7.74,348,636044,5162859.0
2023-07-06,2023-07-06,SPORTKING,B,862.95,874.2,858.4,861.2,863.2,199,1131,976887.0
2023-07-06,2023-07-06,GROWINGTON,M,161.0,164.45,159.0,161.25,159.3,30,48050,7704895.0
2023-07-06,2023-07-06,RUDRA,X,92.0,107.7,91.0,102.31,92.67,1412,347606,35360857.0
2023-07-06,2023-07-06,BALKRISHNA,B,27.31,28.18,27.31,27.61,28.65,47,5261,146299.0
2023-07-06,2023-07-06,SHYAMCENT,B,19.29,20.0,19.29,19.78,19.66,333,70021,1384264.0
2023-07-06,2023-07-06,ADANIENSOL,A,770.1,774.7,765.35,769.6,770.1,6221,112659,86763870.0
2023-07-06,2023-07-06,STARDELTA,XT,267.25,269.9,254.0,257.4,257.95,35,998,264472.0
2023-07-06,2023-07-06,SAMSRITA,X,17.4,18.0,17.14,17.87,17.4,57,12291,220408.0
2023-07-06,2023-07-06,SYNGENE,A,755.05,769.4,750.45,768.05,753.6,682,6529,4979703.0
2023-07-06,2023-07-06,PECOS,M,93.35,93.35,91.56,91.56,96.35,2,2000,184910.0
2023-07-06,2023-07-06,MSL,T,225.5,226.9,218.0,222.5,222.05,58,2562,569057.0
2023-07-06,2023-07-06,KAYA,B,342.5,342.5,327.45,333.15,329.95,194,2724,909611.0
2023-07-06,2023-07-06,ALSTONE,XT,0.71,0.71,0.7,0.71,0.68,6095,15780724,11198934.0
2023-07-06,2023-07-06,SYMBIOX,XT,3.31,3.42,3.31,3.34,3.38,153,62603,209660.0
2023-07-06,2023-07-06,ORTINGLOBE,T,21.41,22.1,21.18,22.1,21.41,5,503,10685.0
2023-07-06,2023-07-06,AVI,XT,14.41,15.1,14.41,14.52,14.7,49,2589,37987.0
2023-07-06,2023-07-06,AURUM,B,124.5,125.0,122.5,123.0,123.05,106,3773,466862.0
2023-07-06,2023-07-06,OSWALGREEN,B,23.27,24.3,23.0,23.91,23.37,310,57389,1368326.0
2023-07-06,2023-07-06,VASUDHAGAM,XT,6.89,6.89,6.89,6.89,6.57,6,8505,58599.0
2023-07-06,2023-07-06,SUNRAKSHAK,X,110.0,110.0,107.0,108.05,108.3,76,5895,638038.0
2023-07-06,2023-07-06,ARVSMART,B,339.5,354.95,339.5,344.95,338.1,370,7167,2497650.0
2023-07-06,2023-07-06,POWERMECH,A,3589.35,3695.0,3589.35,3666.9,3659.5,345,2245,8238238.0
2023-07-06,2023-07-06,CANOPYFIN,XT,81.97,83.94,77.51,80.36,80.81,24,1959,156554.0
2023-07-06,2023-07-06,RAMASTEEL,B,37.0,37.0,35.31,35.47,36.2,1628,204733,7322607.0
2023-07-06,2023-07-06,THINKINK,B,98.95,100.0,96.98,98.91,98.95,747,722808,71275814.0
2023-07-06,2023-07-06,SENSEXBETA,A,701.0,704.0,698.49,704.0,700.12,18,69,48321.0
2023-07-06,2023-07-06,NIFTYBETA,B,2080.0,2085.0,2080.0,2082.0,2070.0,31,67,139497.0
2023-07-06,2023-07-06,UNIAUTO,B,150.0,150.0,139.0,140.85,143.6,99,8892,1262448.0
2023-07-06,2023-07-06,VETO,B,107.15,114.4,107.15,109.6,106.6,1477,63545,7050480.0
2023-07-06,2023-07-06,NAVKARCORP,B,55.7,56.5,54.88,55.42,54.98,240,30441,1683612.0
2023-07-06,2023-07-06,SHREEPUSHK,B,199.7,202.95,196.6,199.8,197.75,401,8649,1722458.0
2023-07-06,2023-07-06,GUJENERGY,A,476.45,479.4,473.7,475.25,473.95,913,21588,10296280.0
2023-07-06,2023-07-06,WAAREE,M,444.0,453.0,442.0,444.75,446.0,16,11200,4992050.0
2023-07-06,2023-07-06,SADBHIN,T,3.65,3.78,3.6,3.67,3.72,89,67511,250314.0
2023-07-06,2023-07-06,SALAUTO,XT,423.95,423.95,400.0,401.75,404.3,55,1190,478871.0
2023-07-06,2023-07-06,POLYSPIN,X,53.78,53.8,51.8,51.98,52.0,27,3955,206108.0
2023-07-06,2023-07-06,PRITIKAUTO,B,17.25,18.03,17.25,17.79,17.53,319,48539,858688.0
2023-07-06,2023-07-06,SML,XT,23.54,23.54,23.54,23.54,23.54,1,31,729.0
2023-07-06,2023-07-06,MAHAVEER,Z,7.1,7.16,7.1,7.16,7.43,2,886,6290.0
2023-07-06,2023-07-06,KRISHNACAP,XT,17.1,17.1,17.1,17.1,17.1,1,1,17.0
2023-07-06,2023-07-06,VISHALBL,B,114.35,116.75,112.0,114.75,114.3,207,5502,634347.0
2023-07-06,2023-07-06,BELLACASA,X,150.0,177.7,150.0,171.6,148.1,577,49962,8525252.0
2023-07-06,2023-07-06,MALLCOM,B,1114.95,1144.0,1065.0,1075.4,1079.5,493,2988,3279854.0
2023-07-06,2023-07-06,NAKSH,B,18.9,19.7,18.51,19.04,19.25,97,21764,420984.0
2023-07-06,2023-07-06,SATIN,B,172.85,177.85,170.5,176.05,172.45,972,38974,6738824.0
2023-07-06,2023-07-06,DITCO,XT,17.4,17.4,17.4,17.4,18.3,1,36,626.0
2023-07-06,2023-07-06,SWAGTAM,XT,42.8,42.8,42.8,42.8,45.0,2,219,9373.0
2023-07-06,2023-07-06,GENCON,T,49.0,52.18,49.0,51.6,49.7,24,2760,143223.0
2023-07-06,2023-07-06,KUBERJI,X,1.82,1.82,1.82,1.82,1.74,1,425,773.0
2023-07-06,2023-07-06,MUZALI,X,1.76,1.76,1.59,1.63,1.69,84,139416,229997.0
2023-07-06,2023-07-06,TEJNAKSH,B,72.62,72.62,69.01,71.54,69.87,72,4471,318341.0
2023-07-06,2023-07-06,COFFEEDAY,A,39.26,39.95,38.95,39.12,38.95,1295,259616,10222466.0
2023-07-06,2023-07-06,IDFCFIRSTB,A,80.35,81.09,79.75,80.51,80.33,8200,2316218,186126074.0
2023-07-06,2023-07-06,BEARDSELL,T,26.5,27.07,26.1,27.0,26.37,32,8165,215825.0
2023-07-06,2023-07-06,INDIGO,A,2650.0,2705.9,2648.75,2698.15,2658.4,2594,18807,50430792.0
2023-07-06,2023-07-06,SHK,B,118.85,119.85,118.35,118.9,117.85,131,4497,535112.0
2023-07-06,2023-07-06,PANORAMA,XT,251.2,252.95,231.0,240.9,242.35,63,2725,658418.0
2023-07-06,2023-07-06,SHREEGANES,X,1.07,1.07,1.06,1.07,1.07,759,681483,726143.0
2023-07-06,2023-07-06,GTV,X,387.0,403.0,370.05,397.55,375.3,215,25020,9637285.0
2023-07-06,2023-07-06,LICNETFN50,B,211.0,211.47,209.0,211.34,210.08,28,178,37538.0
2023-07-06,2023-07-06,LICNETFSEN,A,703.13,703.13,703.13,703.13,717.48,1,4,2812.0
2023-07-06,2023-07-06,GARBIFIN,XT,26.1,27.37,25.31,26.78,26.6,19,6425,165532.0
2023-07-06,2023-07-06,SMARTFIN,X,7.4,7.48,7.31,7.38,7.37,103,10205,75489.0
2023-07-06,2023-07-06,RAJKOTINV,Z,34.81,34.81,34.81,34.81,33.16,9,2319,80724.0
2023-07-06,2023-07-06,ADCON,XT,1.64,1.64,1.58,1.63,1.61,168,62124,99704.0
2023-07-06,2023-07-06,QUINT,X,155.0,157.0,151.0,154.75,153.8,91,12808,1973371.0
2023-07-06,2023-07-06,HDFCNIFTY,B,211.02,212.3,211.0,212.27,210.56,61,946,200279.0
2023-07-06,2023-07-06,HDFCSENSEX,A,713.0,720.0,713.0,714.97,716.39,90,1679,1201934.0
2023-07-06,2023-07-06,UDAYJEW,X,109.95,109.95,103.05,105.05,107.35,127,6458,678837.0
2023-07-06,2023-07-06,SATTVASUKU,XT,9.32,9.7,9.32,9.35,9.46,19,8085,77269.0
2023-07-06,2023-07-06,GROVY,XT,80.99,80.99,80.99,80.99,81.5,2,295,23892.0
2023-07-06,2023-07-06,ALKEM,A,3527.1,3542.2,3502.1,3527.35,3513.35,672,3301,11656963.0
2023-07-06,2023-07-06,LALPATHLAB,A,2290.6,2355.05,2290.6,2337.75,2290.6,3674,25763,60060326.0
2023-07-06,2023-07-06,CREATIVE,X,530.0,608.4,530.0,585.4,526.5,228,2227,1292007.0
2023-07-06,2023-07-06,AAYUSH,XT,25.9,25.9,25.9,25.9,26.9,3,41,1061.0
2023-07-06,2023-07-06,LUXIND,B,1493.1,1505.15,1493.05,1499.7,1499.3,646,3122,4678277.0
2023-07-06,2023-07-06,APOORVA,XT,20.9,20.9,19.9,19.91,20.9,9,717,14527.0
2023-07-06,2023-07-06,AGRIBIO,X,56.01,58.75,55.11,57.69,57.0,117,37549,2125260.0
2023-07-06,2023-07-06,NH,A,998.9,1019.0,990.0,1013.2,990.3,1794,25764,25948851.0
2023-07-06,2023-07-06,DEEPAI,XT,7.63,8.23,7.63,7.86,8.03,2747,1898899,14825576.0
2023-07-06,2023-07-06,SUPHA,X,4333.0,4440.0,4163.3,4280.7,4240.1,516,6328,27066034.0
2023-07-06,2023-07-06,AARNAV,X,32.1,32.45,32.0,32.29,32.15,312,20292,653741.0
2023-07-06,2023-07-06,SCL,XT,80.8,80.8,73.5,79.76,77.0,23,55089,4299355.0
2023-07-06,2023-07-06,SIPTL,X,1.02,1.04,0.99,1.01,1.01,119,199566,202773.0
2023-07-06,2023-07-06,SHIVA,XT,4.45,4.58,4.2,4.2,4.37,20,3042,13829.0
2023-07-06,2023-07-06,MISHTANN,X,11.15,11.34,11.02,11.07,11.07,5496,4445608,49560767.0
2023-07-06,2023-07-06,DELTA,X,15.7,15.99,14.59,15.99,15.25,15,756,11969.0
2023-07-06,2023-07-06,AMPL,XT,139.0,146.1,138.0,146.1,139.15,57,3434,495778.0
2023-07-06,2023-07-06,BLUECLOUDS,XT,57.0,60.66,57.0,59.0,57.92,29,882,52035.0
2023-07-06,2023-07-06,KEIL,X,20.76,20.9,20.0,20.07,20.41,69,8294,167225.0
2023-07-06,2023-07-06,BCLENTERPR,X,1.19,1.22,1.16,1.22,1.19,464,377270,448114.0
2023-07-06,2023-07-06,PRECAM,B,185.95,187.6,180.6,181.45,185.05,988,28827,5296475.0
2023-07-06,2023-07-06,TEAMLEASE,A,2439.35,2448.0,2400.0,2420.8,2410.15,284,1138,2769247.0
2023-07-06,2023-07-06,KAMATS,T,63.7,63.72,62.0,63.66,60.69,43,15428,981285.0
2023-07-06,2023-07-06,BESTAGRO,B,1110.05,1135.7,1109.0,1118.7,1104.65,527,4070,4571014.0
2023-07-06,2023-07-06,ACEMEN,XT,65.37,65.37,65.0,65.0,65.37,4,154,10066.0
2023-07-06,2023-07-06,BFLAFL,XT,12.4,12.4,12.03,12.24,12.4,73,7900,96901.0
2023-07-06,2023-07-06,RCL,Z,1.91,2.0,1.9,1.95,2.0,40,14499,28094.0
2023-07-06,2023-07-06,QUICKHEAL,B,173.9,176.4,171.5,172.25,169.9,617,16648,2889480.0
2023-07-06,2023-07-06,KAPILRAJ,X,24.0,25.41,23.4,25.41,24.2,10,823,20285.0
2023-07-06,2023-07-06,KPEL,B,393.9,396.95,373.3,376.35,392.9,3296,162536,62483167.0
2023-07-06,2023-07-06,IFINSER,X,17.1,18.5,17.1,18.5,18.0,4,2473,42297.0
2023-07-06,2023-07-06,HILIKS,XT,10.93,10.93,10.39,10.39,10.93,5,85,902.0
2023-07-06,2023-07-06,GOKULAGRO,B,107.5,108.4,106.45,107.05,107.4,417,16053,1722978.0
2023-07-06,2023-07-06,FREDUN,X,830.5,842.95,810.0,816.15,830.05,338,11652,9578129.0
2023-07-06,2023-07-06,SIMBHALS,B,24.41,25.04,24.36,24.64,24.42,36,6092,150562.0
2023-07-06,2023-07-06,VKAL,XT,188.0,204.0,187.3,201.15,197.15,73,2051,401402.0
2023-07-06,2023-07-06,MNIL,XT,12.83,13.85,12.83,13.09,13.5,29,8851,114012.0
2023-07-06,2023-07-06,ADVIKCA,XT,2.19,2.19,2.09,2.16,2.16,393,1663901,3579797.0
2023-07-06,2023-07-06,LICNFNHGP,B,206.0,207.4,205.1,206.97,205.15,14,190,39153.0
2023-07-06,2023-07-06,PDMJEPAPER,B,40.5,41.8,40.5,41.09,41.26,229,30540,1256855.0
2023-07-06,2023-07-06,HCG,B,306.1,328.0,306.1,325.75,320.65,832,8071,2604891.0
2023-07-06,2023-07-06,UMIYA,B,6.05,6.35,6.05,6.25,6.05,7,1688,10657.0
2023-07-06,2023-07-06,BHARATWIRE,B,173.5,178.6,173.2,175.5,173.1,493,19951,3506966.0
2023-07-06,2023-07-06,CHDCHEM,B,5.29,5.34,5.12,5.12,5.29,28,8806,45455.0
2023-07-06,2023-07-06,CCAVENUE,A,15.91,16.34,15.9,16.04,16.0,2251,1305493,21030802.0
2023-07-06,2023-07-06,LELAVOIR,XT,61.0,61.0,58.51,61.0,60.5,36,18194,1099435.0
2023-07-06,2023-07-06,BALGOPAL,X,20.46,20.46,18.0,18.95,18.99,26,3993,75613.0
2023-07-06,2023-07-06,SUPERIOR,X,1.47,1.47,1.4,1.4,1.4,27,12054,17125.0
2023-07-06,2023-07-06,RPEL,B,1019.0,1025.0,1000.0,1002.35,1013.65,732,6523,6577592.0
2023-07-06,2023-07-06,LANCER,B,146.6,152.0,143.5,148.4,145.75,1389,524171,76945983.0
2023-07-06,2023-07-06,HALDER,X,262.0,266.0,255.55,256.1,266.1,29,386,99934.0
2023-07-06,2023-07-06,THYROCARE,A,540.0,547.7,533.0,542.5,532.0,1621,19853,10776292.0
2023-07-06,2023-07-06,BAJAJHCARE,B,314.75,316.45,313.2,315.2,313.65,102,1786,562615.0
2023-07-06,2023-07-06,UJJIVAN,A,416.7,419.55,410.0,412.1,411.65,1037,37260,15432303.0
2023-07-06,2023-07-06,RSDFIN,X,83.5,83.5,80.0,80.0,77.65,16,295,24135.0
2023-07-06,2023-07-06,CROMPTON,A,284.05,289.95,281.5,288.6,286.0,2613,115847,33243279.0
2023-07-06,2023-07-06,PILANIINVS,B,1921.8,1937.0,1908.55,1917.55,1916.65,63,276,530694.0
2023-07-06,2023-07-06,DARSHANORNA,B,3.15,3.15,3.01,3.03,3.06,45,7849,23886.0
2023-07-06,2023-07-06,PARAGMILK,B,136.55,138.55,136.0,136.7,136.95,451,31097,4258492.0
2023-07-06,2023-07-06,MADHAVIPL,XT,5.48,5.6,5.39,5.47,5.39,433,236436,1290348.0
2023-07-06,2023-07-06,KOCL,XT,2.3,2.34,2.23,2.26,2.27,27,13242,30271.0
2023-07-06,2023-07-06,NAGAFERT,B,9.65,9.79,9.47,9.53,9.64,310,192045,1829106.0
2023-07-06,2023-07-06,SEIL,B,78.5,79.01,71.5,73.18,79.01,288,44038,3387794.0
2023-07-06,2023-07-06,MIL,X,74.22,74.22,72.01,73.89,72.41,5,107,7900.0
2023-07-06,2023-07-06,YASHCHEM,B,84.49,84.49,78.5,79.84,83.81,208,37932,3084992.0
2023-07-06,2023-07-06,MAXVIL,B,203.2,214.0,202.75,207.5,203.05,537,18533,3858542.0
2023-07-06,2023-07-06,NV20IETF,B,110.23,110.74,110.2,110.73,110.21,34,431,47625.0
2023-07-06,2023-07-06,JLL,XT,31.12,34.38,31.12,34.38,32.75,4,64,2030.0
2023-07-06,2023-07-06,TAALTECH,X,1787.0,1818.0,1725.0,1768.95,1764.6,342,3582,6260527.0
2023-07-06,2023-07-06,MGL,A,1084.0,1110.0,1077.25,1105.0,1079.8,1881,22368,24583202.0
2023-07-06,2023-07-06,ZEAL,B,6.67,6.76,6.65,6.69,6.68,303,111199,744384.0
2023-07-06,2023-07-06,QUESS,A,441.0,444.3,436.7,438.15,443.3,391,4938,2176662.0
2023-07-06,2023-07-06,DIGJAMLMTD,T,85.5,89.94,85.5,87.89,88.0,30,1009,88105.0
2023-07-06,2023-07-06,MIDSELIETF,B,109.05,113.14,109.05,113.0,111.38,99,7286,810473.0
2023-07-06,2023-07-06,HIIL,XT,2670.0,2699.95,2550.0,2698.95,2675.85,18,68,179401.0
2023-07-06,2023-07-06,COMSYN,B,71.34,71.34,68.1,69.46,69.56,108,9716,677959.0
2023-07-06,2023-07-06,LLOYDSENGG,A,26.0,27.15,26.0,26.43,26.03,3014,1944089,51941454.0
2023-07-06,2023-07-06,KPL,B,321.05,324.0,312.15,318.3,320.6,366,12688,4044778.0
2023-07-06,2023-07-06,LTM,A,5259.0,5263.85,5170.0,5178.9,5240.7,2226,13471,70108739.0
2023-07-06,2023-07-06,EASTWEST,X,4.7,4.88,4.51,4.69,4.7,158,65964,310249.0
2023-07-06,2023-07-06,BSLSENETFG,A,63.8,64.17,63.59,64.17,63.79,22,210,13426.0
2023-07-06,2023-07-06,COLORCHIPS,X,7.1,7.1,6.92,6.96,7.01,234,42331,296581.0
2023-07-06,2023-07-06,ADVENZYMES,B,279.25,300.15,279.0,291.55,277.2,4544,100727,29547783.0
2023-07-06,2023-07-06,LAHL,XT,5.44,5.45,5.0,5.42,5.2,36,9323,49540.0
2023-07-06,2023-07-06,DBL,A,260.65,263.7,253.2,255.25,260.85,1576,65138,16830678.0
2023-07-06,2023-07-06,SPAL,B,440.0,453.5,440.0,453.35,446.35,107,1495,667001.0
2023-07-06,2023-07-06,BIGBLOC,B,157.9,162.65,155.55,156.25,159.05,801,19923,3156966.0
2023-07-06,2023-07-06,FRETAIL,Z,2.95,3.0,2.9,2.99,2.95,446,324924,967101.0
2023-07-06,2023-07-06,RBLBANK,A,190.95,190.95,185.5,186.95,190.65,4159,649283,121898695.0
2023-07-06,2023-07-06,BLS,A,210.05,212.5,207.0,210.05,210.75,3257,219456,46035431.0
2023-07-06,2023-07-06,MITSU,B,200.0,201.95,190.0,191.2,196.9,1027,27602,5410527.0
2023-07-06,2023-07-06,SPRAYKING,B,158.65,158.65,156.0,156.35,155.3,109,18888,2960780.0
2023-07-06,2023-07-06,DHATRE,T,102.0,102.0,95.0,95.73,99.99,53,1663,162061.0
2023-07-06,2023-07-06,TVVISION,B,2.53,2.6,2.53,2.6,2.53,13,10799,27861.0
2023-07-06,2023-07-06,GAMCO,X,95.7,95.98,88.25,90.87,95.7,28,1248,112604.0
2023-07-06,2023-07-06,TIAANC,X,2.88,3.1,2.88,2.95,3.14,18,3612,10793.0
2023-07-06,2023-07-06,LTTS,A,4011.0,4020.0,3970.6,3999.05,4007.8,1871,9645,38551145.0
2023-07-06,2023-07-06,GNA,B,889.95,919.45,876.0,889.75,870.95,974,11787,10594860.0
2023-07-06,2023-07-06,RADHIKAJWE,B,37.47,37.81,37.0,37.58,36.87,213,38373,1438746.0
2023-07-06,2023-07-06,ICICIPRULI,A,570.2,582.3,570.2,576.15,570.65,1239,26656,15357747.0
2023-07-06,2023-07-06,IISL,X,2.75,2.9,2.75,2.88,3.1,14,14001,39491.0
2023-07-06,2023-07-06,ARCFIN,X,0.63,0.63,0.61,0.63,0.63,1549,1871169,1164252.0
2023-07-06,2023-07-06,HPL,B,178.4,179.6,169.25,174.05,180.55,4602,309591,54039157.0
2023-07-06,2023-07-06,SAGARSOFT,X,144.5,144.5,130.2,138.45,144.6,153,10668,1473807.0
2023-07-06,2023-07-06,DRA,M,25.25,25.25,25.25,25.25,25.25,2,5000,126250.0
2023-07-06,2023-07-06,VALIANTORG,A,537.3,547.95,537.3,544.9,542.55,695,5842,3172243.0
2023-07-06,2023-07-06,ACML,M,62.99,62.99,61.1,62.0,60.96,9,9000,560580.0
2023-07-06,2023-07-06,SHASHIJIT,B,35.25,36.0,33.12,34.04,33.5,101,164686,5768746.0
2023-07-06,2023-07-06,ENDURANCE,A,1651.05,1675.35,1643.6,1651.65,1654.95,474,1919,3184647.0
2023-07-06,2023-07-06,PURPLE,X,3.21,3.51,3.2,3.2,3.36,34,33991,109077.0
2023-07-06,2023-07-06,SUPRAPFSL,X,18.9,18.9,18.05,18.76,18.21,7,1259,23163.0
2023-07-06,2023-07-06,PNBHOUSING,A,562.15,585.0,559.5,580.25,562.3,1716,41877,23900716.0
2023-07-06,2023-07-06,SOUTHERNIN,XT,15.1,15.1,14.7,15.1,15.0,4,12,180.0
2023-07-06,2023-07-06,REGENCY,X,10.13,10.2,9.75,9.76,9.89,66,18244,180825.0
2023-07-06,2023-07-06,VBL,A,828.15,835.0,811.0,814.0,825.7,7119,98426,80546966.0
2023-07-06,2023-07-06,SALEM,X,39.0,39.95,39.0,39.95,39.0,12,1801,71070.0
2023-07-06,2023-07-06,FRANKLININD,X,12.95,13.05,12.3,12.95,12.6,38,22269,287070.0
2023-07-06,2023-07-06,LKPSEC,X,11.12,11.54,11.0,11.09,11.12,232,60524,676008.0
2023-07-06,2023-07-06,OSIAJEE,X,58.3,59.2,55.01,56.53,58.26,229,8956,517691.0
2023-07-06,2023-07-06,SFL,A,1179.95,1201.25,1176.4,1184.85,1180.45,451,2769,3284181.0
2023-07-06,2023-07-06,EIKO,X,67.55,72.25,66.76,67.51,70.27,573,112779,7626758.0
2023-07-06,2023-07-06,AVL,B,1630.0,1645.0,1615.25,1635.3,1630.0,812,20893,33951911.0
2023-07-06,2023-07-06,HEADSUP,B,12.3,12.84,12.3,12.46,12.51,114,9086,114655.0
2023-07-06,2023-07-06,TCIEXP,A,1534.3,1549.1,1491.3,1502.95,1526.85,495,2098,3187279.0
2023-07-06,2023-07-06,LAURUSLABS,A,355.5,369.95,354.5,367.45,354.5,6986,233039,84760681.0
2023-07-06,2023-07-06,NEWLIGHT,X,21.5,21.8,21.5,21.7,21.5,13,1449,31333.0
2023-07-06,2023-07-06,VSL,T,8.45,8.78,8.4,8.62,8.55,313,90772,776941.0
2023-07-06,2023-07-06,SHANGAR,X,3.45,3.48,3.21,3.48,3.32,71,20824,71724.0
2023-07-06,2023-07-06,FLORACORP,XT,10.33,10.33,10.33,10.33,10.87,8,808,8346.0
2023-07-06,2023-07-06,TRU,B,58.35,60.0,54.65,55.54,58.56,2245,397881,22444754.0
2023-07-06,2023-07-06,PRICOLLTD,A,223.95,228.3,223.5,226.75,223.25,1747,50141,11375343.0
2023-07-06,2023-07-06,CFL,XT,25.45,25.45,25.45,25.45,25.45,2,20,509.0
2023-07-06,2023-07-06,JITFINFRA,T,634.0,666.0,632.0,666.0,634.3,531,39366,25727090.0
2023-07-06,2023-07-06,TANVI,M,73.55,73.96,70.0,73.96,70.44,3,6000,435020.0
2023-07-06,2023-07-06,RMC,M,509.9,511.05,482.0,510.1,486.75,121,82500,41810825.0
2023-07-06,2023-07-06,PARMAX,X,30.0,30.46,29.9,29.9,30.46,7,302,9151.0
2023-07-06,2023-07-06,DANUBE,XT,17.25,17.3,16.7,17.19,16.7,127,48911,835031.0
2023-07-06,2023-07-06,RADIOCITY,T,12.0,12.44,11.9,12.33,12.08,131,76102,926699.0
2023-07-06,2023-07-06,DMART,A,3849.95,3849.95,3811.0,3818.65,3818.55,1915,16179,61905385.0
2023-07-06,2023-07-06,IFL,B,15.9,15.9,15.21,15.39,15.47,1225,3986531,61380456.0
2023-07-06,2023-07-06,ONTIC,XT,0.58,0.63,0.58,0.63,0.6,152,310176,194154.0
2023-07-06,2023-07-06,SMLT,T,255.8,255.8,255.8,255.8,243.65,116,18244,4666815.0
2023-07-06,2023-07-06,CHEMCRUX,B,325.0,325.0,315.05,317.75,320.05,1077,16851,5340686.0
2023-07-06,2023-07-06,MANOMAY,T,133.3,133.3,128.8,128.8,127.0,5,372,49267.0
2023-07-06,2023-07-06,MAXIMUS,B,16.8,17.0,16.4,16.71,16.48,619,298326,4983325.0
2023-07-06,2023-07-06,CLEDUCATE,B,67.05,70.48,67.05,69.0,67.46,172,12286,850069.0
2023-07-06,2023-07-06,PRIMEFRESH,M,213.1,222.6,213.1,222.55,215.3,5,4500,982762.0
2023-07-06,2023-07-06,SHANKARA,B,754.8,769.6,741.55,745.95,749.9,371,3366,2539792.0
2023-07-06,2023-07-06,STARLENT,B,111.9,112.0,109.2,110.95,108.8,19,278,30874.0
2023-07-06,2023-07-06,SCHAND,B,191.85,202.2,190.25,196.95,190.95,1550,35165,6912361.0
2023-07-06,2023-07-06,KANUNGO,XT,4.1,4.1,4.1,4.1,4.31,7,1417,5809.0
2023-07-06,2023-07-06,MEERA,B,47.74,47.74,46.5,46.71,46.2,37,3581,168777.0
2023-07-06,2023-07-06,IRBINVIT,IF,71.0,71.1,70.8,70.88,70.94,352,26970,1912156.0
2023-07-06,2023-07-06,HUDCO,A,59.0,59.8,58.75,59.01,59.0,2660,523432,30997396.0
2023-07-06,2023-07-06,PSPPROJECT,A,725.0,737.95,722.45,725.0,723.45,495,5721,4177276.0
2023-07-06,2023-07-06,GKL,B,11.98,12.0,11.75,11.82,11.75,109,12407,147372.0
2023-07-06,2023-07-06,YUG,M,70.5,71.0,70.5,71.0,70.5,2,4000,283000.0
2023-07-06,2023-07-06,INDIGRID,IF,138.0,138.5,136.6,136.68,137.51,1243,160038,22038006.0
2023-07-06,2023-07-06,VARIMAN,X,15.0,15.45,15.0,15.14,15.27,153,76619,1157007.0
2023-07-06,2023-07-06,STARCEMENT,A,143.2,153.8,142.95,149.35,143.05,3833,187388,28121360.0
2023-07-06,2023-07-06,RIDDHICORP,B,222.9,229.7,206.25,215.1,214.1,77,5996,1292322.0
2023-07-06,2023-07-06,TEJASNET,A,715.35,726.0,707.1,718.6,710.55,833,16005,11488962.0
2023-07-06,2023-07-06,ERIS,A,701.5,717.35,699.45,706.15,695.0,855,8499,6015929.0
2023-07-06,2023-07-06,CONTAINER,XT,7.3,7.32,6.64,6.67,6.98,26,12535,89964.0
2023-07-06,2023-07-06,GTPL,B,111.85,114.55,111.85,112.4,111.45,86,2151,244155.0
2023-07-06,2023-07-06,AUBANK,A,770.0,791.75,765.75,789.4,768.75,2333,37853,29541653.0
2023-07-06,2023-07-06,LOWVOLIETF,B,159.26,160.46,159.22,160.31,158.98,84,1734,276742.0
2023-07-06,2023-07-06,GGENG,B,1.29,1.31,1.19,1.21,1.29,2508,9110881,11422639.0
2023-07-06,2023-07-06,7NR,B,0.67,0.7,0.65,0.68,0.67,548,1695242,1154709.0
2023-07-06,2023-07-06,SALASAR,B,50.97,53.2,49.6,52.07,49.89,1574,235635,12249390.0
2023-07-06,2023-07-06,GANGESSECU,B,113.85,115.55,113.85,115.1,114.05,22,192,22071.0
2023-07-06,2023-07-06,PALASHSECU,T,112.85,112.85,108.95,108.95,107.75,3,175,19358.0
2023-07-06,2023-07-06,AVADHSUGAR,B,522.5,529.65,522.2,526.05,525.0,462,4736,2493592.0
2023-07-06,2023-07-06,MAGADSUGAR,B,418.0,423.25,416.95,422.0,414.4,61,896,377432.0
2023-07-06,2023-07-06,GSTL,B,33.66,33.66,32.5,32.59,32.63,46,5022,164520.0
2023-07-06,2023-07-06,NEXT50BETA,B,45.26,46.89,45.26,46.66,46.5,103,4452,207619.0
2023-07-06,2023-07-06,SIS,A,422.85,429.8,418.85,423.15,422.5,879,7025,2979111.0
2023-07-06,2023-07-06,COCHINSHIP,A,563.0,581.45,561.55,576.05,561.9,926,18662,10664162.0
2023-07-06,2023-07-06,HALEOSLABS,B,520.05,524.7,515.65,522.0,523.05,35,146,75650.0
2023-07-06,2023-07-06,KIOCL,A,188.4,190.1,187.1,188.7,186.3,121,1824,344509.0
2023-07-06,2023-07-06,SMRUTHIORG,X,131.0,131.0,120.0,125.05,126.65,186,13067,1628723.0
2023-07-06,2023-07-06,ABCAPITAL,A,189.95,190.15,187.6,188.85,188.75,1461,117612,22194076.0
2023-07-06,2023-07-06,APEX,B,212.95,221.65,211.6,212.45,212.75,1311,40157,8627173.0
2023-07-06,2023-07-06,SHISHIND,T,393.95,396.0,389.05,394.1,389.5,146,5646,2224637.0
2023-07-06,2023-07-06,ANG,B,67.35,67.35,66.0,67.01,66.14,106,8133,542339.0
2023-07-06,2023-07-06,KCDGROUP,XT,25.25,25.25,22.95,23.27,24.15,45,13347,316717.0
2023-07-06,2023-07-06,DIXON,A,4205.75,4289.2,4170.0,4260.8,4205.75,1955,14881,63244363.0
2023-07-06,2023-07-06,BRNL,B,31.0,31.55,30.9,31.25,30.9,118,8950,278141.0
2023-07-06,2023-07-06,DCAL,B,140.9,145.3,140.9,142.25,141.45,695,24440,3491323.0
2023-07-06,2023-07-06,LASA,B,22.66,22.84,22.65,22.79,22.65,14,1058,24032.0
2023-07-06,2023-07-06,PROCLB,X,6.15,6.39,6.1,6.39,6.1,6,4210,25708.0
2023-07-06,2023-07-06,MATRIMONY,B,641.25,649.05,635.95,638.05,647.65,147,1145,734299.0
2023-07-06,2023-07-06,RHFL,B,3.23,3.32,3.19,3.32,3.17,1109,4370162,14373950.0
2023-07-06,2023-07-06,CAPACITE,B,223.9,234.1,222.4,225.9,219.75,1605,95048,21735009.0
2023-07-06,2023-07-06,SAGAR,M,32.5,34.73,32.5,33.05,34.74,4,21000,692550.0
2023-07-06,2023-07-06,ICICIGI,A,1310.0,1345.0,1310.0,1339.5,1323.05,1558,13134,17561530.0
2023-07-06,2023-07-06,PQIF,B,41.02,42.2,41.0,41.89,41.59,32,1578,65236.0
2023-07-06,2023-07-06,SBILIFE,A,1294.05,1311.45,1290.0,1292.7,1291.15,1659,12537,16318883.0
2023-07-06,2023-07-06,DIAMONDYD,B,768.3,777.0,765.1,776.0,767.8,134,420,324821.0
2023-07-06,2023-07-06,SHAREINDIA,A,1282.85,1290.0,1245.1,1256.7,1287.6,188,1366,1726934.0
2023-07-06,2023-07-06,TTFL,B,63.3,66.4,63.3,64.97,64.14,72,1241,80596.0
2023-07-06,2023-07-06,POOJA,B,32.64,33.0,31.5,32.05,32.0,116,14605,466471.0
2023-07-06,2023-07-06,SAYAJIIND,X,184.3,184.3,171.05,179.8,174.9,17,710,127265.0
2023-07-06,2023-07-06,MEHAI,T,19.44,19.44,19.44,19.44,18.52,52,11369,221013.0
2023-07-06,2023-07-06,IRIS,B,78.8,82.05,78.8,79.71,80.01,94,5552,445110.0
2023-07-06,2023-07-06,SGRL,B,435.95,435.95,403.0,410.85,422.9,1151,18020,7423976.0
2023-07-06,2023-07-06,STL,B,63.89,63.89,61.48,62.84,61.99,65,21434,1341713.0
2023-07-06,2023-07-06,GODREJAGRO,A,469.85,470.3,462.9,464.55,464.25,745,10467,4872692.0
2023-07-06,2023-07-06,MASFIN,A,770.65,773.2,762.05,767.55,765.55,121,496,381344.0
2023-07-06,2023-07-06,IEX,A,126.9,127.4,125.8,126.65,126.0,9523,752610,95220666.0
2023-07-06,2023-07-06,GICRE,A,182.1,187.0,182.1,185.85,182.95,1577,71448,13204103.0
2023-07-06,2023-07-06,SCPL,T,400.0,407.25,388.0,392.1,405.05,122,4368,1733693.0
2023-07-06,2023-07-06,TIINDIA,A,3175.0,3227.45,3156.3,3204.85,3157.7,1199,6330,20169533.0
2023-07-06,2023-07-06,NAM-INDIA,A,287.95,291.1,284.2,286.55,285.15,1236,33877,9734917.0
2023-07-06,2023-07-06,MAHLOG,A,385.05,389.4,383.0,384.85,387.9,434,5343,2057472.0
2023-07-06,2023-07-06,NIACL,A,115.2,119.5,114.65,118.05,116.15,1061,69198,8190429.0
2023-07-06,2023-07-06,IFGLEXPOR,B,349.5,359.0,349.5,358.1,351.1,225,2669,946674.0
2023-07-06,2023-07-06,KHADIM,B,218.5,219.95,216.05,216.75,218.8,322,22681,4949363.0
2023-07-06,2023-07-06,5PAISA,B,403.5,409.9,393.95,400.3,411.9,1203,25529,10195695.0
2023-07-06,2023-07-06,HDFCLIFE,A,675.0,677.7,659.7,660.95,672.9,2486,69033,46066308.0
2023-07-06,2023-07-06,SBRANDS,M,16.4,16.4,16.4,16.4,17.15,5,6000,98400.0
2023-07-06,2023-07-06,SHARIKA,T,6.65,6.7,6.34,6.54,6.67,165,71141,466713.0
2023-07-06,2023-07-06,ICICIB22,A,67.71,68.8,67.0,68.63,67.71,417,33449,2285297.0
2023-07-06,2023-07-06,ASPIRA,X,28.0,32.1,27.63,28.11,28.0,28,2224,65024.0
2023-07-06,2023-07-06,DNAMEDIA,B,3.39,3.39,3.17,3.22,3.28,107,54739,179420.0
2023-07-06,2023-07-06,DYCL,B,357.75,364.55,352.15,355.95,359.2,831,12945,4644563.0
2023-07-06,2023-07-06,SHALBY,B,176.35,186.6,176.35,183.6,176.45,1722,89571,16421563.0
2023-07-06,2023-07-06,MRCAGRO,T,31.45,31.45,31.45,31.45,33.1,65,6004,188825.0
2023-07-06,2023-07-06,DML,M,25.5,25.5,22.0,23.5,23.06,3,30000,710000.0
2023-07-06,2023-07-06,CRYSTAL,XT,5.0,5.09,4.85,4.95,4.97,481,137076,678361.0
2023-07-06,2023-07-06,VITESSE,Z,18.3,18.95,17.29,17.95,18.2,34,2513,45277.0
2023-07-06,2023-07-06,ASTRON,B,26.69,27.0,25.95,26.63,26.68,145,8635,228974.0
2023-07-06,2023-07-06,CHANDRIMA,X,6.25,6.83,6.25,6.83,6.56,4,492,3125.0
2023-07-06,2023-07-06,7SEASL,XT,24.0,24.0,23.09,23.22,24.3,48,14117,328182.0
2023-07-06,2023-07-06,APOLLO,B,46.5,49.51,46.5,47.9,47.27,3156,369956,17978792.0
2023-07-06,2023-07-06,NEWGEN,A,653.45,664.95,644.0,647.7,652.45,1231,8701,5664592.0
2023-07-06,2023-07-06,AMBER,A,2250.2,2290.1,2225.6,2279.3,2219.3,654,3966,9001595.0
2023-07-06,2023-07-06,TIRUFOAM,X,79.0,79.41,79.0,79.41,75.63,3,190,15071.0
2023-07-06,2023-07-06,SRUSTEELS,XT,19.55,21.27,19.45,21.27,20.26,1458,415221,8375727.0
2023-07-06,2023-07-06,ASHOKAMET,B,17.81,18.17,17.34,18.01,17.77,44,13091,229175.0
2023-07-06,2023-07-06,GALAXYSURF,A,2645.05,2700.4,2643.95,2651.95,2640.85,180,745,1985337.0
2023-07-06,2023-07-06,GGL,B,11.17,11.39,11.05,11.13,11.16,140,24232,269083.0
2023-07-06,2023-07-06,MEDICO,B,72.32,73.85,71.5,71.5,73.34,86,4170,303346.0
2023-07-06,2023-07-06,LAL,T,209.35,209.35,207.9,207.9,208.75,3,90,18827.0
2023-07-06,2023-07-06,IWP,XT,24.0,25.0,23.65,23.67,24.3,54,14387,344604.0
2023-07-06,2023-07-06,TDSL,B,12.0,12.4,11.98,12.02,12.01,112,44597,536696.0
2023-07-06,2023-07-06,BHATIA,B,15.5,15.74,15.16,15.31,15.49,340,55395,847734.0
2023-07-06,2023-07-06,SHIVAMILLS,T,70.1,72.0,70.1,70.78,72.97,27,2712,192929.0
2023-07-06,2023-07-06,ASTERDM,A,313.05,318.2,309.4,310.8,314.55,2732,70567,22056138.0
2023-07-06,2023-07-06,YSL,X,13203.0,13300.0,13203.0,13300.0,13202.65,5,13,171977.0
2023-07-06,2023-07-06,KANCOTEA,X,72.9,73.49,71.75,73.24,71.74,37,2493,181740.0
2023-07-06,2023-07-06,HGINFRA,A,866.95,889.0,862.05,885.25,871.75,1775,17867,15717571.0
2023-07-06,2023-07-06,INFLAME,M,598.9,611.5,586.9,591.0,596.8,79,20500,12369012.0
2023-07-06,2023-07-06,BPLPHARMA,X,394.95,409.0,374.0,400.6,380.0,93,3747,1485735.0
2023-07-06,2023-07-06,LIQUIDETF,F,999.99,1000.0,999.99,1000.0,1000.0,181,26185,26184953.0
2023-07-06,2023-07-06,BDL,A,1129.95,1135.35,1106.9,1116.45,1126.45,931,14850,16703523.0
2023-07-06,2023-07-06,ACTIVE,T,46.0,46.0,43.13,46.0,45.39,21,2677,121012.0
2023-07-06,2023-07-06,BANDHANBNK,A,226.05,231.15,225.35,230.6,224.9,6473,518839,118650426.0
2023-07-06,2023-07-06,HAL,A,3737.0,3766.05,3708.75,3731.4,3735.25,4945,42471,158534445.0
2023-07-06,2023-07-06,DHARAN,B,3.08,3.08,2.93,2.93,3.08,466,2293021,6738543.0
2023-07-06,2023-07-06,SANDHAR,B,352.4,367.3,350.65,357.65,352.35,1564,29836,10739497.0
2023-07-06,2023-07-06,YASHO,B,1800.0,1807.6,1740.6,1748.85,1812.9,3172,15642,27545587.0
2023-07-06,2023-07-06,BENARA,M,14.8,15.7,14.5,15.7,15.49,3,6000,90000.0
2023-07-06,2023-07-06,ISEC,A,606.25,615.05,604.45,608.3,608.3,1493,23060,14041541.0
2023-07-06,2023-07-06,MIDHANI,A,290.25,304.75,287.0,294.8,290.25,2932,117094,34783767.0
2023-07-06,2023-07-06,OBCL,B,52.0,53.59,52.0,52.93,52.39,67,7723,405536.0
2023-07-06,2023-07-06,TRL,M,405.1,405.1,405.1,405.1,385.85,9,9600,3888960.0
2023-07-06,2023-07-06,LEMONTREE,A,93.7,95.6,92.8,93.25,93.64,2274,474740,44427878.0
2023-07-06,2023-07-06,CHEMFAB,B,322.95,325.45,318.9,320.85,322.95,153,3826,1236924.0
2023-07-06,2023-07-06,HARDWYN,B,45.0,45.0,43.12,43.12,45.38,907,130894,5722242.0
2023-07-06,2023-07-06,ORIENTELEC,A,246.0,247.3,240.2,245.0,243.75,1212,22180,5404294.0
2023-07-06,2023-07-06,DHRUV,B,48.0,50.9,48.0,50.0,48.79,54,5019,251549.0
2023-07-06,2023-07-06,AKSHAR,T,65.0,68.0,64.95,66.38,67.0,33,2810,185103.0
2023-07-06,2023-07-06,INDOUS,M,356.75,356.75,354.0,354.45,352.95,6,3000,1066025.0
2023-07-06,2023-07-06,BSE500IETF,A,28.19,28.19,27.23,27.95,27.81,75,2741,76715.0
2023-07-06,2023-07-06,INDOSTAR,T,145.9,151.9,144.95,151.8,144.7,192,36138,5466535.0
2023-07-06,2023-07-06,MILEFUR,M,6.41,6.41,5.92,6.12,6.17,15,45000,276420.0
2023-07-06,2023-07-06,UHZAVERI,T,45.0,45.0,45.0,45.0,45.0,5,61,2745.0
2023-07-06,2023-07-06,PARVATI,X,7.97,8.41,7.32,8.41,7.65,444,241956,1988129.0
2023-07-06,2023-07-06,MEGASTAR,T,293.55,302.0,286.8,298.7,293.55,135,3206,939640.0
2023-07-06,2023-07-06,INNOVATORS,M,150.05,156.75,150.05,155.9,149.3,11,19200,2975520.0
2023-07-06,2023-07-06,ZIMLAB,B,107.55,109.0,106.0,106.5,107.45,551,23767,2550398.0
2023-07-06,2023-07-06,AFFORDABLE,M,492.0,497.4,485.85,497.4,473.75,159,118800,58972280.0
2023-07-06,2023-07-06,DOLLAR,B,370.35,372.75,364.85,369.05,367.8,336,4264,1575352.0
2023-07-06,2023-07-06,NGIL,T,58.2,58.2,56.1,58.0,58.2,4,77,4474.0
2023-07-06,2023-07-06,PALMJEWELS,B,13.25,13.94,13.02,13.9,13.62,42,5701,78048.0
2023-07-06,2023-07-06,WAA,M,85.15,85.54,80.46,82.5,85.11,94,160000,13191216.0
2023-07-06,2023-07-06,ADANIGREEN,A,950.0,973.25,950.0,961.3,947.95,2954,44263,42351807.0
2023-07-06,2023-07-06,UNICK,XT,52.45,54.6,52.45,54.6,52.0,17,10239,558235.0
2023-07-06,2023-07-06,SOLARA,B,402.1,404.4,385.05,392.15,398.8,2679,26770,10521245.0
2023-07-06,2023-07-06,RITES,A,367.05,373.6,365.0,372.7,366.95,1912,46826,17286410.0
2023-07-06,2023-07-06,FINEORG,A,4821.05,4861.35,4811.5,4821.85,4843.2,1367,3783,18262577.0
2023-07-06,2023-07-06,VARROC,A,334.95,350.2,333.9,349.0,334.8,1177,22959,7916413.0
2023-07-06,2023-07-06,RAJNISH,B,14.19,14.35,13.97,14.0,14.05,834,789093,11107145.0
2023-07-06,2023-07-06,RAWEDGE,B,52.0,52.0,51.96,51.97,50.0,4,1383,71913.0
2023-07-06,2023-07-06,TCNSBRANDS,A,416.2,421.85,415.85,420.15,416.0,216,4088,1715267.0
2023-07-06,2023-07-06,ASHNI,XT,23.54,23.54,22.05,22.13,22.75,34,7575,168836.0
2023-07-06,2023-07-06,RACONTEUR,M,20.06,22.14,20.04,22.14,21.09,4,6400,135008.0
2023-07-06,2023-07-06,HDFCAMC,A,2300.0,2300.0,2248.1,2257.1,2294.4,1541,11866,26970925.0
2023-07-06,2023-07-06,FRATELLI,X,25.0,25.0,24.05,24.8,25.0,23,4028,99795.0
2023-07-06,2023-07-06,CREDITACC,A,1261.95,1288.45,1251.9,1278.45,1250.3,2554,20134,25701513.0
2023-07-06,2023-07-06,AMINTAN,X,2.0,2.08,1.98,2.03,2.04,98,36119,73116.0
2023-07-06,2023-07-06,DEEP,B,92.7,92.7,91.1,91.6,91.86,163,18480,1699836.0
2023-07-06,2023-07-06,NEXT50IETF,B,45.45,45.83,45.36,45.72,45.49,167,11758,536765.0
2023-07-06,2023-07-06,ASRL,B,36.16,36.2,35.4,35.9,35.45,627,46261,1657269.0
2023-07-06,2023-07-06,SPACEINCUBA,X,1.32,1.32,1.21,1.21,1.25,33,26223,32815.0
2023-07-06,2023-07-06,SGIL,T,192.5,200.0,192.5,198.85,192.65,131,14683,2891921.0
2023-07-06,2023-07-06,LIQUIDIETF,F,1000.0,1015.0,1000.0,1000.0,1000.06,240,37479,37515016.0
2023-07-06,2023-07-06,IRCON,A,83.5,84.17,83.1,83.24,83.64,1044,181406,15165242.0
2023-07-06,2023-07-06,SKYGOLD,T,281.0,283.8,270.05,277.95,281.75,65,930,257860.0
2023-07-06,2023-07-06,SETFSN50,A,568.0,569.99,568.0,568.0,566.69,6,25,14215.0
2023-07-06,2023-07-06,MANORAMA,T,1700.0,1700.0,1642.0,1657.9,1669.9,31,339,569333.0
2023-07-06,2023-07-06,INNOVATIVE,M,3.0,3.22,2.97,3.15,3.01,17,24000,73990.0
2023-07-06,2023-07-06,AAVAS,A,1549.9,1554.5,1525.65,1536.8,1540.0,617,4659,7159394.0
2023-07-06,2023-07-06,GRSE,A,571.95,576.8,565.45,571.85,567.1,708,16488,9384160.0
2023-07-06,2023-07-06,A1L,B,363.0,366.0,294.8,331.8,361.7,411,125941,45065466.0
2023-07-06,2023-07-06,DOLFIN,B,136.25,139.0,136.05,137.0,136.0,29,302,41363.0
2023-07-06,2023-07-06,SHUBHAM,T,21.9,21.9,21.0,21.04,21.07,69,2708,57241.0
2023-07-06,2023-07-06,AKI,T,23.9,23.9,22.1,22.69,23.12,43,4397,97441.0
2023-07-06,2023-07-06,SUNRETAIL,M,0.5,0.5,0.49,0.49,0.5,13,624000,311040.0
2023-07-06,2023-07-06,SMGOLD,T,14.0,14.2,13.6,14.17,14.02,171,21112,295626.0
2023-07-06,2023-07-06,VIVIDM,T,32.3,35.6,32.3,34.0,34.0,29,9198,304169.0
2023-07-06,2023-07-06,BCPL,B,52.3,52.6,50.22,51.27,51.29,335,31975,1646756.0
2023-07-06,2023-07-06,ATGL,A,649.6,653.8,646.1,648.6,649.5,2262,31080,20183677.0
2023-07-06,2023-07-06,PHOSPHATE,X,110.0,110.1,109.9,109.9,111.15,28,611,67195.0
2023-07-06,2023-07-06,NIFTYETF,B,203.13,205.06,203.13,204.64,206.54,38,482,98567.0
2023-07-06,2023-07-06,TECHNOE,A,370.2,398.95,370.2,383.6,373.05,757,10229,3914212.0
2023-07-06,2023-07-06,NIVAKA,X,2.28,2.37,2.28,2.34,2.28,41,23516,54728.0
2023-07-06,2023-07-06,DALBHARAT,A,2180.75,2198.8,2164.55,2192.95,2174.5,352,2440,5319720.0
2023-07-06,2023-07-06,ABSLNN50ET,B,45.52,45.59,45.24,45.43,45.42,12,29,1315.0
2023-07-06,2023-07-06,NILASPACES,B,4.17,4.95,3.86,4.4,4.22,943,1297314,5826749.0
2023-07-06,2023-07-06,SRD,B,125.9,126.25,125.25,125.4,125.05,238,20814,2622679.0
2023-07-06,2023-07-06,TREJHARA,T,68.65,72.4,68.65,72.13,69.0,63,8849,629551.0
2023-07-06,2023-07-06,DECCAN,B,30.8,30.8,27.35,27.78,27.55,58,1675,46949.0
2023-07-06,2023-07-06,AXITA,B,26.35,26.73,26.0,26.02,26.08,973,219844,5739019.0
2023-07-06,2023-07-06,KPIGREEN,A,897.0,908.0,860.0,863.6,881.65,1306,16939,14802168.0
2023-07-06,2023-07-06,RPSGVENT,B,443.75,445.95,436.75,439.9,439.2,73,832,366481.0
2023-07-06,2023-07-06,SPENCERS,B,62.49,64.0,61.76,63.46,61.47,262,8820,553107.0
2023-07-06,2023-07-06,GLOSTERLTD,X,744.0,747.0,737.15,742.35,739.1,248,3387,2512507.0
2023-07-06,2023-07-06,XELPMOC,B,90.66,93.36,90.66,93.01,90.52,102,3526,327326.0
2023-07-06,2023-07-06,RITCO,B,168.75,170.7,168.0,169.6,168.3,76,1565,265012.0
2023-07-06,2023-07-06,CHALET,A,443.05,447.55,440.7,442.15,443.0,312,2450,1085402.0
2023-07-06,2023-07-06,ANMOL,B,232.1,235.45,230.95,233.75,230.8,362,7268,1692798.0
2023-07-06,2023-07-06,JONJUA,M,11.13,11.13,11.02,11.02,11.6,3,10380,114872.0
2023-07-06,2023-07-06,KRANTI,B,95.09,99.49,95.0,96.77,97.03,212,11345,1099461.0
2023-07-06,2023-07-06,ANUP,B,1769.2,1875.0,1768.7,1862.8,1756.1,1411,21222,38863164.0
2023-07-06,2023-07-06,ARVINDFASN,A,346.0,354.95,345.8,353.35,348.8,851,13582,4778677.0
2023-07-06,2023-07-06,SNXT50BETA,A,56.55,59.75,56.34,58.36,56.5,20,140,7938.0
2023-07-06,2023-07-06,AGOL,B,82.95,83.47,82.95,83.07,82.98,97,270293,22467036.0
2023-07-06,2023-07-06,AARTECH,M,111.8,122.9,110.3,122.9,111.75,89,230000,27988000.0
2023-07-06,2023-07-06,HBEL,M,300.0,300.0,300.0,300.0,315.0,7,5000,1500000.0
2023-07-06,2023-07-06,MSTCLTD,A,343.1,368.7,343.1,363.15,345.55,4318,153897,55560801.0
2023-07-06,2023-07-06,EMBASSY,IF,291.56,296.29,291.56,295.57,293.69,777,954774,281202695.0
2023-07-06,2023-07-06,CHANDNIMACH,X,11.76,11.76,11.75,11.75,11.75,14,4734,55625.0
2023-07-06,2023-07-06,NSL,M,240.0,247.5,230.05,237.8,246.9,18,16000,3822150.0
2023-07-06,2023-07-06,RVNL,A,123.3,125.1,122.6,122.85,124.1,10864,1149816,142458584.0
2023-07-06,2023-07-06,METROPOLIS,A,1464.65,1492.4,1457.6,1473.75,1459.95,958,7860,11614551.0
2023-07-06,2023-07-06,KPITTECH,A,1059.0,1089.9,1059.0,1084.8,1055.25,2462,36142,38986970.0
2023-07-06,2023-07-06,POLYCAB,A,3550.05,3585.0,3543.45,3561.55,3551.6,1697,8885,31652029.0
2023-07-06,2023-07-06,VRFILMS,M,283.15,284.35,283.15,284.35,270.85,9,2500,710100.0
2023-07-06,2023-07-06,VIKASLIFE,B,3.12,3.15,3.1,3.11,3.15,1503,2604199,8122906.0
2023-07-06,2023-07-06,NEOGEN,A,1655.6,1659.15,1608.9,1616.15,1639.15,701,3488,5699875.0
2023-07-06,2023-07-06,GKP,T,12.48,12.48,11.6,12.11,12.15,160,18252,221698.0
2023-07-06,2023-07-06,WORL,T,9.09,9.09,8.71,8.78,8.98,170,25217,224557.0
2023-07-06,2023-07-06,EVANS,M,106.5,106.5,106.5,106.5,101.43,3,3000,319500.0
2023-07-06,2023-07-06,BMW,X,29.0,29.75,29.0,29.5,29.08,120,10064,296693.0
2023-07-06,2023-07-06,MAHESH,X,11.23,11.23,11.23,11.23,11.23,11,6714,75398.0
2023-07-06,2023-07-06,CHCL,M,26.65,26.7,26.0,26.0,26.36,3,6000,158700.0
2023-07-06,2023-07-06,DEL,X,28.0,29.0,28.0,29.0,28.0,15,8483,244157.0
2023-07-06,2023-07-06,HARISH,X,43.81,43.81,41.2,43.7,42.95,6,436,18024.0
2023-07-06,2023-07-06,PPL,B,182.0,183.3,179.5,180.1,180.4,1043,38509,6972994.0
2023-07-06,2023-07-06,DGCONTENT,T,15.01,15.01,14.88,15.0,15.5,9,2331,34952.0
2023-07-06,2023-07-06,PARSHVA,B,172.85,172.85,172.75,172.85,172.85,5,54,9333.0
2023-07-06,2023-07-06,ARL,B,37.0,38.9,37.0,37.5,36.44,34,4488,167688.0
2023-07-06,2023-07-06,MURAE,B,1.84,1.88,1.55,1.55,1.72,6175,28834355,46687323.0
2023-07-06,2023-07-06,SBC,T,19.3,19.5,19.0,19.27,19.18,105,34115,661741.0
2023-07-06,2023-07-06,INDIAMART,A,2811.0,2854.4,2803.75,2835.75,2802.75,447,1807,5118528.0
2023-07-06,2023-07-06,DCMNVL,B,166.0,170.0,164.25,166.6,166.0,181,4177,701454.0
2023-07-06,2023-07-06,BANKIETF,B,45.58,45.75,45.45,45.72,45.55,74,19987,910859.0
2023-07-06,2023-07-06,SNXT50BEES,A,54.55,56.48,54.55,55.87,55.44,79,944,52597.0
2023-07-06,2023-07-06,AFFLE,A,1070.05,1077.9,1063.45,1068.3,1071.45,764,6537,6994437.0
2023-07-06,2023-07-06,SEACOAST,XT,3.88,3.99,3.84,3.87,3.94,1217,774119,3019099.0
2023-07-06,2023-07-06,PVTBANIETF,B,229.0,230.0,229.0,230.0,228.62,14,80,18384.0
2023-07-06,2023-07-06,SPANDANA,B,687.8,705.0,687.8,701.45,701.8,281,1811,1261028.0
2023-07-06,2023-07-06,SWSOLAR,A,290.7,294.5,289.45,291.05,289.85,1304,43348,12628004.0
2023-07-06,2023-07-06,TRANSPACT,MS,150.0,150.0,150.0,150.0,157.4,1,4000,600000.0
2023-07-06,2023-07-06,ALPHALOGIC,T,47.25,47.35,46.0,46.18,47.03,125,9619,447111.0
2023-07-06,2023-07-06,360ONE,A,467.95,488.0,467.95,481.1,474.7,431,4456,2151905.0
2023-07-06,2023-07-06,IIFLCAPS,B,61.57,63.0,61.52,62.54,61.71,372,32663,2032145.0
2023-07-06,2023-07-06,MUFIN,X,148.5,149.45,142.0,146.5,144.2,1334,64957,9516219.0
2023-07-06,2023-07-06,MISQUITA,M,44.0,44.0,44.0,44.0,44.0,1,2000,88000.0
2023-07-06,2023-07-06,VEL,X,17.4,17.4,15.25,16.18,16.81,109,73792,1227262.0
2023-07-06,2023-07-06,NIESSPJ,B,22.5,23.01,18.84,21.0,20.93,14,196,3952.0
2023-07-06,2023-07-06,FLUOROCHEM,A,2950.05,2970.0,2934.0,2943.05,2959.45,325,1408,4155806.0
2023-07-06,2023-07-06,NIEHSPI,B,2.3,2.3,2.07,2.3,2.3,4,329,750.0
2023-07-06,2023-07-06,IRCTC,A,626.5,633.25,626.5,632.2,630.4,1706,35871,22631719.0
2023-07-06,2023-07-06,NIESSPE,B,2.78,2.78,2.78,2.78,2.78,1,500,1390.0
2023-07-06,2023-07-06,NIEHSPD,B,0.78,0.78,0.69,0.76,0.72,9,2423,1766.0
2023-07-06,2023-07-06,NIESSPK,B,94.04,94.04,80.0,84.99,85.5,5,213,17067.0
2023-07-06,2023-07-06,NIEHSPJ,B,4.85,4.85,4.85,4.85,4.41,1,1,4.0
2023-07-06,2023-07-06,NIEHSPL,B,0.96,0.96,0.96,0.96,0.96,3,1000,960.0
2023-07-06,2023-07-06,NIESSPL,B,0.62,0.62,0.58,0.58,0.62,15,21724,12802.0
2023-07-06,2023-07-06,NIESSPM,B,1.35,1.46,1.35,1.46,1.35,3,423,595.0
2023-07-06,2023-07-06,GOBLIN,M,53.98,53.98,50.0,50.0,52.68,8,16000,812400.0
2023-07-06,2023-07-06,GENSOL,B,1427.95,1432.2,1379.0,1386.6,1405.65,871,8280,11626807.0
2023-07-06,2023-07-06,VISHWARAJ,B,16.1,16.41,16.1,16.28,16.12,687,781935,12748133.0
2023-07-06,2023-07-06,GREENPANEL,A,347.95,353.2,341.85,345.05,346.45,2453,62706,21882622.0
2023-07-06,2023-07-06,SHAHLON,X,14.4,14.4,13.8,14.09,13.77,37,3865,53850.0
2023-07-06,2023-07-06,ABSLBANETF,B,44.74,45.77,44.74,45.69,45.53,63,1023,46477.0
2023-07-06,2023-07-06,ANUROOP,T,28.51,29.8,27.1,28.99,28.5,9,414,11668.0
2023-07-06,2023-07-06,COLAB,X,51.46,56.71,51.31,55.47,54.01,42,11706,627448.0
2023-07-06,2023-07-06,CSBBANK,A,293.95,293.95,286.75,288.8,289.2,933,21525,6277706.0
2023-07-06,2023-07-06,UJJIVANSFB,A,41.54,42.8,40.91,41.07,40.66,8068,3063787,128687225.0
2023-07-06,2023-07-06,HINDWAREAP,A,538.9,560.05,535.65,547.45,536.55,1459,15371,8485175.0
2023-07-06,2023-07-06,PRINCEPIPE,A,652.05,658.25,645.1,647.8,649.3,558,5755,3747430.0
2023-07-06,2023-07-06,EBBETF0430,F,1285.0,1288.89,1283.23,1287.25,1288.27,65,383,492273.0
2023-07-06,2023-07-06,VALENCIA,MS,29.99,30.25,29.94,30.25,27.5,4,12000,360540.0
2023-07-06,2023-07-06,ASSAMENT,XT,326.0,326.0,326.0,326.0,310.6,1,2,652.0
2023-07-06,2023-07-06,GIANLIFE,B,22.7,23.0,20.12,22.25,21.33,216,86462,1873471.0
2023-07-06,2023-07-06,ARTEMISMED,B,126.1,128.25,122.3,123.6,125.9,824,33436,4206326.0
2023-07-06,2023-07-06,SUMICHEM,A,448.6,448.6,438.7,441.3,448.9,2119,27579,12215087.0
2023-07-06,2023-07-06,MIDCAPIETF,B,137.5,140.0,137.5,140.0,136.9,67,3901,543087.0
2023-07-06,2023-07-06,NEXT50,B,444.0,447.73,444.0,447.73,444.56,15,131,58465.0
2023-07-06,2023-07-06,JANUSCORP,M,4.3,4.37,4.22,4.24,4.32,43,304500,1305360.0
2023-07-06,2023-07-06,BIRLATYRES,T,4.48,4.65,4.4,4.55,4.48,217,235605,1055657.0
2023-07-06,2023-07-06,UNIVPHOTO,B,421.5,430.0,421.5,426.7,424.0,68,176,74952.0
2023-07-06,2023-07-06,OCTAVIUSPL,X,45.26,47.99,45.26,47.99,45.99,2,170,7748.0
2023-07-06,2023-07-06,COHANCE,A,486.2,492.35,484.0,486.0,483.95,626,5813,2830716.0
2023-07-06,2023-07-06,SBICARD,A,836.3,844.9,829.3,841.35,836.25,2724,27202,22757914.0
2023-07-06,2023-07-06,07AGG,F,4.71,4.71,4.29,4.29,4.29,5,78,336.0
2023-07-06,2023-07-06,07GPG,F,1.09,1.1,0.91,1.1,1.01,8,10156,9613.0
2023-07-06,2023-07-06,09AGG,F,95.67,96.65,95.67,95.7,87.87,8,92,8808.0
2023-07-06,2023-07-06,09GPG,F,2.34,2.34,2.34,2.34,2.6,1,1,2.0
2023-07-06,2023-07-06,08MPD,B,2.19,2.19,2.18,2.18,2.0,5,160,348.0
2023-07-06,2023-07-06,08GPG,B,0.95,0.95,0.88,0.93,0.95,12,2415,2189.0
2023-07-06,2023-07-06,10AGG,F,4.81,4.81,4.81,4.81,4.38,4,511,2457.0
2023-07-06,2023-07-06,10GPG,F,0.83,0.83,0.82,0.82,0.78,3,50,41.0
2023-07-06,2023-07-06,COSPOWER,M,275.0,275.0,275.0,275.0,268.0,3,2000,550000.0
2023-07-06,2023-07-06,11DPR,B,6.41,6.41,6.41,6.41,5.83,1,1,6.0
2023-07-06,2023-07-06,11GPG,B,0.85,0.97,0.85,0.95,0.89,16,30477,28630.0
2023-07-06,2023-07-06,11MPD,B,1.45,1.45,1.21,1.38,1.34,7,2265,2792.0
2023-07-06,2023-07-06,11MPR,B,9.35,9.35,8.43,8.44,9.36,10,2349,19843.0
2023-07-06,2023-07-06,11QPD,B,3.23,3.23,3.0,3.22,3.23,14,289,913.0
2023-07-06,2023-07-06,11AGG,B,8.67,8.67,8.67,8.67,9.63,5,170,1473.0
2023-07-06,2023-07-06,11AMD,B,17.8,17.8,14.58,14.58,16.2,8,480,7150.0
2023-07-06,2023-07-06,11DPD,B,1.96,1.96,1.94,1.94,1.85,8,2266,4411.0
2023-07-06,2023-07-06,POWERINDIA,A,4246.95,4340.05,4217.8,4322.9,4229.75,734,2408,10368861.0
2023-07-06,2023-07-06,DJML,B,154.8,154.8,146.6,148.15,148.4,50,432,63569.0
2023-07-06,2023-07-06,NATURAL,X,7.39,7.39,6.9,6.97,7.19,121,98631,702458.0
2023-07-06,2023-07-06,AARTISURF,B,614.05,625.0,612.05,622.85,613.1,265,2013,1241513.0
2023-07-06,2023-07-06,BOROLTD,A,421.05,424.2,417.45,417.8,421.05,268,4244,1784885.0
2023-07-06,2023-07-06,ROSSARI,A,844.7,864.45,842.9,857.25,842.25,461,4575,3917864.0
2023-07-06,2023-07-06,NDRAUTO,T,870.0,880.0,861.7,873.0,870.0,60,514,448235.0
2023-07-06,2023-07-06,EBBETF0425,F,1140.0,1140.0,1137.12,1138.5,1141.36,18,1671,1904170.0
2023-07-06,2023-07-06,EBBETF0431,F,1148.0,1154.95,1146.71,1152.93,1149.0,6,308,353829.0
2023-07-06,2023-07-06,MINDSPACE,IF,300.0,302.19,299.76,302.11,300.28,571,9395,2825575.0
2023-07-06,2023-07-06,SBGLP,B,212.35,215.0,201.6,209.05,209.2,268,12675,2629707.0
2023-07-06,2023-07-06,ALPL30IETF,B,196.5,198.29,196.5,198.1,196.25,17,68,13459.0
2023-07-06,2023-07-06,MAXHEALTH,A,604.0,618.0,602.3,614.55,603.35,1402,28228,17249850.0
2023-07-06,2023-07-06,ITIETF,B,30.73,31.29,30.73,31.18,31.2,222,15579,485063.0
2023-07-06,2023-07-06,MAXIND,B,125.9,131.1,124.9,128.85,125.45,1039,50639,6509058.0
2023-07-06,2023-07-06,HDFCNIFBAN,B,456.1,459.47,454.1,459.12,457.5,21,228,103736.0
2023-07-06,2023-07-06,BANKBETA,B,45.71,46.04,45.71,45.86,45.79,12,420927,19324754.0
2023-07-06,2023-07-06,HAPPSTMNDS,A,995.7,995.7,980.65,985.0,995.7,1281,15679,15481892.0
2023-07-06,2023-07-06,ROUTE,A,1591.4,1632.0,1591.4,1612.9,1610.15,2030,12928,20881743.0
2023-07-06,2023-07-06,SAMRATFORG,XT,294.0,294.0,281.1,294.0,294.0,11,87,25552.0
2023-07-06,2023-07-06,ADVAIT,M,359.7,359.7,340.0,342.9,354.3,30,15500,5386625.0
2023-07-06,2023-07-06,ADL,T,76.9,76.9,73.15,73.63,75.05,6,31,2285.0
2023-07-06,2023-07-06,CAMS,A,2278.45,2328.45,2278.45,2300.85,2278.45,3053,14038,32345431.0
2023-07-06,2023-07-06,CHEMCON,B,276.05,281.65,276.05,279.3,276.3,160,2315,646845.0
2023-07-06,2023-07-06,SECMARK,M,78.2,82.0,78.2,82.0,82.08,6,7500,600750.0
2023-07-06,2023-07-06,ANGELONE,A,1799.2,1799.2,1751.0,1763.3,1799.25,2978,34175,60282587.0
2023-07-06,2023-07-06,ATAM,T,219.0,227.0,215.05,225.9,218.45,77,2352,516094.0
2023-07-06,2023-07-06,MAZDOCK,A,1306.0,1308.55,1285.0,1292.05,1302.5,4404,57409,74254350.0
2023-07-06,2023-07-06,UTIAMC,A,808.05,820.2,805.75,810.05,809.75,1373,11906,9658254.0
2023-07-06,2023-07-06,GMPL,M,113.5,114.2,113.5,114.1,113.8,7,102200,11648420.0
2023-07-06,2023-07-06,LIKHITHA,B,264.0,271.1,263.3,269.85,262.35,465,11868,3192955.0
2023-07-06,2023-07-06,HEMIPROP,A,110.15,114.0,104.95,106.95,112.35,4172,396543,43365566.0
2023-07-06,2023-07-06,EQUITASBNK,A,92.45,94.89,91.68,93.26,91.6,5044,411305,38446289.0
2023-07-06,2023-07-06,GLAND,A,1065.0,1067.9,1057.55,1060.55,1063.9,646,5830,6181928.0
2023-07-06,2023-07-06,ESG,B,31.19,31.35,31.19,31.23,31.16,21,1224,38312.0
2023-07-06,2023-07-06,NETPIX,MS,33.7,33.7,33.7,33.7,35.5,1,4000,134800.0
2023-07-06,2023-07-06,RBA,A,110.75,112.2,110.7,111.6,110.8,460,18396,2054470.0
2023-07-06,2023-07-06,TARC,B,65.01,67.55,65.01,67.2,66.07,647,64365,4295001.0
2023-07-06,2023-07-06,MOGSEC,F,52.19,52.2,52.19,52.2,52.24,2,83,4331.0
2023-07-06,2023-07-06,RVHL,B,27.7,27.7,25.34,25.46,25.21,25,7687,196734.0
2023-07-06,2023-07-06,FAIRCHEMOR,A,1264.05,1285.5,1235.9,1279.0,1265.95,393,3041,3831440.0
2023-07-06,2023-07-06,BECTORFOOD,A,820.25,824.25,810.05,818.55,820.25,1266,13771,11243207.0
2023-07-06,2023-07-06,AWHCL,B,310.0,332.45,306.85,323.05,302.95,3279,64734,20830744.0
2023-07-06,2023-07-06,INFRABEES,B,601.0,607.57,600.0,607.53,598.56,157,3741,2262896.0
2023-07-06,2023-07-06,RFLL,X,27.75,27.75,27.75,27.75,27.44,5,1021,28332.0
2023-07-06,2023-07-06,IRFC,A,33.5,33.65,33.3,33.37,33.44,3184,2385167,79753625.0
2023-07-06,2023-07-06,INDIGOPNTS,A,1434.0,1460.0,1434.0,1448.45,1428.5,2035,12633,18284037.0
2023-07-06,2023-07-06,HOMEFIRST,A,812.8,812.8,781.5,786.55,794.2,632,3020,2384537.0
2023-07-06,2023-07-06,STOVEKRAFT,A,446.0,458.0,445.65,452.2,445.9,668,10936,4929439.0
2023-07-06,2023-07-06,BIRET,IF,266.01,270.69,266.01,270.24,267.92,157,7427,1994288.0
2023-07-06,2023-07-06,SMCGLOBAL,B,74.5,75.54,73.18,74.39,74.55,129,9556,709481.0
2023-07-06,2023-07-06,NURECA,T,355.75,366.0,355.75,364.2,360.8,73,2984,1072136.0
2023-07-06,2023-07-06,RAILTEL,A,129.3,132.55,128.75,130.8,129.9,1653,198151,25907510.0
2023-07-06,2023-07-06,HERANBA,B,378.75,395.65,378.2,391.8,378.8,891,29106,11391365.0
2023-07-06,2023-07-06,DAVANGERE,X,78.42,78.42,75.0,76.41,76.51,46,6044,464270.0
2023-07-06,2023-07-06,DRCSYSTEMS,B,37.7,38.56,37.46,37.8,38.69,37,657,24932.0
2023-07-06,2023-07-06,MTARTECH,A,1890.05,1917.05,1890.05,1912.5,1902.95,1715,8886,16926367.0
2023-07-06,2023-07-06,JUBLINGREA,A,412.1,421.15,412.1,416.5,416.45,1628,33814,14163772.0
2023-07-06,2023-07-06,EASEMYTRIP,A,41.72,42.25,41.4,41.77,41.73,4768,1209239,50601945.0
2023-07-06,2023-07-06,KMEW,M,1120.0,1120.0,1070.0,1071.5,1105.0,33,4500,4923518.0
2023-07-06,2023-07-06,SUUMAYA,M,9.3,9.4,9.25,9.35,8.96,74,119250,1120455.0
2023-07-06,2023-07-06,ANURAS,A,970.1,1010.0,970.1,998.05,970.05,1037,6665,6587851.0
2023-07-06,2023-07-06,CRAFTSMAN,A,4048.95,4048.95,3918.45,3971.3,3982.35,511,1445,5742493.0
2023-07-06,2023-07-06,LXCHEM,A,260.05,269.0,260.05,263.3,262.35,2568,92124,24434067.0
2023-07-06,2023-07-06,KALYANKJIL,A,148.65,154.8,147.2,153.9,148.6,6989,590291,89546414.0
2023-07-06,2023-07-06,SURYODAY,B,168.55,168.55,164.0,165.55,167.65,967,60143,10035176.0
2023-07-06,2023-07-06,NAZARA,A,712.25,733.1,712.25,724.7,726.6,2257,31982,23197993.0
2023-07-06,2023-07-06,SUVIDHAA,B,4.09,4.09,3.85,3.9,3.95,176,45727,179557.0
2023-07-06,2023-07-06,UFBL,A,655.0,660.35,651.35,655.35,655.95,572,22622,14819206.0
2023-07-06,2023-07-06,EKI,A,470.5,475.05,462.0,463.45,471.25,4541,97165,45342093.0
2023-07-06,2023-07-06,ARTEMISADR,M,24.6,24.6,24.6,24.6,24.8,1,6000,147600.0
2023-07-06,2023-07-06,LODHA,A,709.95,740.0,704.15,727.35,702.6,5470,806358,584174345.0
2023-07-06,2023-07-06,DEEPINDS,B,170.2,186.9,170.2,180.2,177.6,468,13905,2553467.0
2023-07-06,2023-07-06,PGINVIT,IF,116.5,116.5,115.25,116.03,115.15,1686,67066,7780707.0
2023-07-06,2023-07-06,MAFANG,B,64.0,64.0,63.39,63.64,63.88,796,69099,4402316.0
2023-07-06,2023-07-06,HEALTHIETF,B,90.2,91.54,90.2,91.53,90.35,73,3647,331484.0
2023-07-06,2023-07-06,IWEL,B,2239.0,2410.0,2239.0,2347.1,2206.1,1110,4384,10328576.0
2023-07-06,2023-07-06,VINEETLAB,B,57.99,57.99,52.0,53.87,52.5,48,3735,197876.0
2023-07-06,2023-07-06,SHYAMMETL,A,354.15,364.0,354.15,356.65,359.15,444,9541,3427978.0
2023-07-06,2023-07-06,SONACOMS,A,516.9,527.0,516.0,523.8,515.75,1694,41618,21755841.0
2023-07-06,2023-07-06,NAVODAYENT,M,6.05,6.65,6.05,6.41,5.97,19,240000,1545360.0
2023-07-06,2023-07-06,DODLA,B,588.2,595.0,588.2,590.5,589.3,85,480,283575.0
2023-07-06,2023-07-06,KIMS,A,1748.0,1809.0,1746.9,1776.6,1749.65,742,4060,7230407.0
2023-07-06,2023-07-06,ADESHWAR,M,24.0,24.0,24.0,24.0,25.0,1,6000,144000.0
2023-07-06,2023-07-06,IPL,B,224.9,229.45,221.05,223.5,221.55,644,16182,3644751.0
2023-07-06,2023-07-06,GRINFRA,A,1310.0,1337.0,1303.0,1332.15,1314.75,1670,8956,11872455.0
2023-07-06,2023-07-06,CLEAN,A,1375.05,1384.6,1368.05,1374.5,1378.4,644,3882,5341853.0
2023-07-06,2023-07-06,AAPLUSTRAD,M,18.62,18.62,17.78,17.95,17.74,10,104000,1892240.0
2023-07-06,2023-07-06,ETERNAL,A,74.4,75.25,74.27,74.72,74.12,9848,1987359,148672245.0
2023-07-06,2023-07-06,TATVA,B,1768.05,1795.15,1766.7,1771.8,1768.55,365,1485,2636665.0
2023-07-06,2023-07-06,ALIVUS,B,570.1,612.0,570.1,596.75,578.0,3644,54470,32684481.0
2023-07-06,2023-07-06,BFSI,B,20.56,20.61,20.47,20.57,20.56,127,9689,198971.0
2023-07-06,2023-07-06,GCSL,M,290.0,290.0,265.0,276.15,292.0,13,15840,4468932.0
2023-07-06,2023-07-06,ROLEXRINGS,A,2113.05,2168.0,2113.05,2137.1,2150.7,270,1158,2481268.0
2023-07-06,2023-07-06,FMCGIETF,B,554.0,556.0,552.26,555.02,553.6,41,225,124595.0
2023-07-06,2023-07-06,EXXARO,B,113.05,114.3,112.05,113.35,114.35,435,8371,951773.0
2023-07-06,2023-07-06,KRSNAA,B,585.4,588.85,580.0,582.6,582.15,379,4037,2355189.0
2023-07-06,2023-07-06,WINDLAS,B,294.35,310.0,294.35,304.95,299.2,527,7614,2330528.0
2023-07-06,2023-07-06,DEVYANI,A,189.75,197.0,189.75,191.9,189.7,4775,209237,40651884.0
2023-07-06,2023-07-06,MOL,A,87.89,87.91,86.2,86.6,87.1,1043,71650,6230372.0
2023-07-06,2023-07-06,EPIGRAL,A,1040.1,1086.2,1040.1,1073.85,1049.15,1061,5981,6413709.0
2023-07-06,2023-07-06,CARTRADE,A,516.0,518.0,502.95,507.65,516.15,1029,9789,4988589.0
2023-07-06,2023-07-06,NUVOCO,A,355.1,356.25,352.0,355.2,352.45,761,12039,4267340.0
2023-07-06,2023-07-06,APTUS,A,248.95,254.9,246.95,252.85,246.75,2825,103986,26263440.0
2023-07-06,2023-07-06,CHEMPLASTS,A,447.0,455.0,443.9,447.45,445.5,1252,19486,8767647.0
2023-07-06,2023-07-06,AASHKA,M,50.0,50.44,49.03,49.03,49.84,8,8000,397760.0
2023-07-06,2023-07-06,ITAXIS,B,309.0,310.1,307.0,309.51,310.53,20,167,51567.0
2023-07-06,2023-07-06,HEALTHAXIS,B,90.3,91.9,90.3,91.47,90.35,54,1837,167749.0
2023-07-06,2023-07-06,ACUTAAS,A,1273.35,1284.4,1269.0,1271.9,1272.25,341,1589,2026162.0
2023-07-06,2023-07-06,VIJAYA,A,463.4,479.05,461.9,467.7,463.6,544,4456,2100867.0
2023-07-06,2023-07-06,NBL,MS,80.0,80.0,80.0,80.0,80.0,1,1600,128000.0
2023-07-06,2023-07-06,CONSUMAXIS,B,85.5,85.79,85.26,85.79,85.0,4,295,25280.0
2023-07-06,2023-07-06,SANSERA,A,907.3,955.35,907.3,935.95,908.2,998,11821,11036655.0
2023-07-06,2023-07-06,PREVEST,M,544.95,568.9,544.95,563.2,541.4,81,36400,20282060.0
2023-07-06,2023-07-06,MARKOLINES,M,113.65,114.75,112.0,114.2,115.85,19,16000,1810480.0
2023-07-06,2023-07-06,MASPTOP50,B,32.22,32.22,31.61,32.12,31.7,161,13522,430378.0
2023-07-06,2023-07-06,SBLI,M,62.5,65.0,62.5,65.0,66.09,3,4800,306000.0
2023-07-06,2023-07-06,PARAS,A,616.05,639.7,614.85,631.5,615.9,1565,31502,19810290.0
2023-07-06,2023-07-06,GETALONG,M,163.0,163.0,163.0,163.0,158.0,1,2000,326000.0
2023-07-06,2023-07-06,SVRL,M,148.0,148.0,144.0,145.9,147.9,8,8000,1171500.0
2023-07-06,2023-07-06,ABSLAMC,A,372.3,374.9,371.4,371.95,372.3,720,9503,3543561.0
2023-07-06,2023-07-06,PROMAX,M,40.0,40.0,40.0,40.0,42.5,1,2500,100000.0
2023-07-06,2023-07-06,CWD,MS,1007.0,1015.0,992.1,1009.5,1032.1,13,3500,3530565.0
2023-07-06,2023-07-06,CONSUMIETF,B,85.0,85.86,85.0,85.86,85.09,12,71,6077.0
2023-07-06,2023-07-06,NYKAA,A,143.05,144.75,142.65,143.95,143.35,4390,409523,58855282.0
2023-07-06,2023-07-06,FINOPB,B,279.65,280.0,270.5,278.15,274.0,1224,25067,6945925.0
2023-07-06,2023-07-06,SJS,B,596.05,602.0,578.65,584.4,594.85,737,8101,4764082.0
2023-07-06,2023-07-06,EQUAL50ADD,B,226.3,232.48,226.3,231.59,230.9,27,494,114533.0
2023-07-06,2023-07-06,SIGACHI,B,303.6,303.6,294.3,296.05,296.35,266,3963,1180129.0
2023-07-06,2023-07-06,POLICYBZR,A,692.6,716.25,692.6,713.25,692.6,3680,61169,43301075.0
2023-07-06,2023-07-06,SGFRL,M,46.5,46.5,46.5,46.5,46.5,1,3000,139500.0
2023-07-06,2023-07-06,PAYTM,A,853.3,872.5,853.3,870.25,853.25,3457,84402,73074231.0
2023-07-06,2023-07-06,SAPPHIRE,A,1419.95,1419.95,1382.0,1385.4,1400.3,259,887,1235793.0
2023-07-06,2023-07-06,LATENTVIEW,A,381.0,389.9,378.5,379.95,381.0,3912,90233,34638666.0
2023-07-06,2023-07-06,TARSONS,A,590.05,600.1,583.3,590.2,595.15,936,8100,4797614.0
2023-07-06,2023-07-06,GOCOLORS,A,1141.85,1141.85,1112.1,1118.15,1114.3,232,1035,1156645.0
2023-07-06,2023-07-06,DMR,M,36.0,38.17,34.1,38.16,34.7,6,36000,1336620.0
2023-07-06,2023-07-06,HITECH,B,77.99,77.99,76.1,76.23,75.68,120,8568,656378.0
2023-07-06,2023-07-06,STARHEALTH,A,584.65,599.1,584.65,597.3,596.4,1182,23162,13715858.0
2023-07-06,2023-07-06,TEGA,B,979.95,1021.95,969.95,1017.7,980.4,1833,14656,14800213.0
2023-07-06,2023-07-06,MAHKTECH,B,14.03,14.05,13.8,14.03,14.18,400,120962,1683082.0
2023-07-06,2023-07-06,ANANDRATHI,B,911.95,915.15,895.0,898.75,908.4,593,3926,3544530.0
2023-07-06,2023-07-06,ZODIAC,T,128.55,132.1,128.05,130.8,128.85,53,1530,199698.0
2023-07-06,2023-07-06,RATEGAIN,A,438.5,439.1,426.7,437.0,438.5,1664,32229,14027735.0
2023-07-06,2023-07-06,BBETF0432,F,1079.32,1079.32,1075.0,1075.0,1075.02,14,136,146407.0
2023-07-06,2023-07-06,SHRIRAMPPS,B,63.11,66.7,63.0,65.9,63.82,3908,277187,18021986.0
2023-07-06,2023-07-06,JETFREIGHT,B,11.05,11.49,11.05,11.46,11.24,141,3081,35121.0
2023-07-06,2023-07-06,MAPMYINDIA,A,1240.0,1256.0,1225.0,1238.75,1235.35,745,5962,7381949.0
2023-07-06,2023-07-06,METROBRAND,A,979.75,1002.0,961.4,998.1,966.7,1476,10732,10598576.0
2023-07-06,2023-07-06,MEDPLUS,A,818.35,838.45,814.75,835.3,819.1,989,14372,11905536.0
2023-07-06,2023-07-06,DATAPATTNS,A,1903.95,1938.3,1881.0,1912.35,1893.75,1983,13580,25963032.0
2023-07-06,2023-07-06,HPAL,B,434.8,444.75,430.95,433.75,433.65,447,13549,5878902.0
2023-07-06,2023-07-06,SUPRIYA,B,240.0,247.5,240.0,246.55,241.7,205,3894,957979.0
2023-07-06,2023-07-06,CLARA,M,174.2,180.45,174.2,180.45,177.0,2,1660,294359.0
2023-07-06,2023-07-06,MONQ50,B,53.75,53.91,53.3,53.79,53.85,28,633,33838.0
2023-07-06,2023-07-06,MIDQ50ADD,B,176.5,177.16,173.03,174.94,175.89,16,687,120839.0
2023-07-06,2023-07-06,BRANDBUCKT,M,23.55,23.55,23.55,23.55,24.15,1,2000,47100.0
2023-07-06,2023-07-06,NIFTYADD,B,197.0,199.94,197.0,199.22,197.17,6,14,2786.0
2023-07-06,2023-07-06,CMSINFO,A,379.35,386.4,368.8,374.0,377.05,1798,50200,19064457.0
2023-07-06,2023-07-06,BCONCEPTS,T,338.25,365.0,338.25,357.8,352.35,51,2066,727815.0
2023-07-06,2023-07-06,WEL,B,217.95,219.1,214.05,218.25,219.3,66,686,149430.0
2023-07-06,2023-07-06,AUTOIETF,B,154.0,156.39,154.0,156.0,154.17,83,1688,262804.0
2023-07-06,2023-07-06,AGSTRA,B,58.75,59.8,58.5,59.02,58.94,432,34863,2058012.0
2023-07-06,2023-07-06,SILVERIETF,E,72.13,72.52,71.98,72.21,71.4,82,2605,188198.0
2023-07-06,2023-07-06,ALKOSIGN,M,77.67,77.67,74.5,75.0,77.67,10,16500,1251480.0
2023-07-06,2023-07-06,MAKEINDIA,B,93.25,93.93,93.23,93.9,92.99,24,327,30566.0
2023-07-06,2023-07-06,AWL,A,409.05,412.0,406.3,407.1,406.95,7554,240195,98217838.0
2023-07-06,2023-07-06,QRIL,M,71.0,71.0,71.0,71.0,71.9,1,2000,142000.0
2023-07-06,2023-07-06,DEVIT,T,133.0,133.0,130.0,132.75,132.9,85,11984,1566777.0
2023-07-06,2023-07-06,MANYAVAR,A,1229.95,1237.9,1213.2,1216.55,1222.45,926,5685,6955028.0
2023-07-06,2023-07-06,MOMOMENTUM,B,42.9,43.28,42.41,43.27,43.6,89,5405,231483.0
2023-07-06,2023-07-06,SOFTTECH,B,150.35,153.3,147.45,150.7,153.35,67,2911,433862.0
2023-07-06,2023-07-06,SILVER,E,71.8,72.49,71.11,72.19,71.5,412,32176,2318258.0
2023-07-06,2023-07-06,TECH,B,30.6,30.65,30.32,30.58,30.48,43,325,9922.0
2023-07-06,2023-07-06,HEALTHY,B,9.05,9.15,9.05,9.15,9.04,45,1601,14507.0
2023-07-06,2023-07-06,BSLNIFTY,B,22.1,22.26,21.74,22.12,22.0,112,3661,80780.0
2023-07-06,2023-07-06,EKENNIS,M,82.15,82.15,79.2,80.22,88.0,24,22400,1810120.0
2023-07-06,2023-07-06,GSEC5IETF,F,52.78,52.78,52.78,52.78,53.19,1,1,52.0
2023-07-06,2023-07-06,MIDCAPETF,B,13.53,13.69,13.53,13.6,13.59,37,2447,33334.0
2023-07-06,2023-07-06,EUREKAFORB,A,540.0,554.9,531.2,538.95,539.95,514,11652,6279575.0
2023-07-06,2023-07-06,GATEWAY,A,74.8,74.8,72.45,72.88,73.37,250,20360,1486618.0
2023-07-06,2023-07-06,GMRP&UI,B,18.6,20.0,18.6,19.63,18.98,737,121271,2365549.0
2023-07-06,2023-07-06,BCCL,M,47.5,47.5,45.45,45.5,47.4,8,14400,660720.0
2023-07-06,2023-07-06,MSUMI,A,58.88,58.91,57.9,58.13,58.39,5837,553064,32171948.0
2023-07-06,2023-07-06,ACHYUT,M,47.0,50.45,47.0,48.0,49.45,7,58500,2877300.0
2023-07-06,2023-07-06,EVOQ,M,15.75,15.75,15.12,15.12,15.12,2,8000,123480.0
2023-07-06,2023-07-06,MOLOWVOL,B,27.4,27.8,27.4,27.67,27.56,28,783,21678.0
2023-07-06,2023-07-06,AVROIND,B,128.0,128.6,125.05,125.8,125.75,136,12716,1622198.0
2023-07-06,2023-07-06,UMAEXPORTS,T,57.0,57.45,56.0,56.57,57.53,192,17233,977005.0
2023-07-06,2023-07-06,VERANDA,B,197.0,209.9,186.15,188.0,193.1,384,55639,11496305.0
2023-07-06,2023-07-06,SEML,M,263.25,263.25,254.05,254.15,261.35,67,33500,8646825.0
2023-07-06,2023-07-06,DHYAANITR,M,139.0,140.0,139.0,140.0,118.2,4,4000,559000.0
2023-07-06,2023-07-06,HARIOMPIPE,B,634.45,647.0,628.85,636.25,637.1,507,3478,2212229.0
2023-07-06,2023-07-06,EIGHTY,M,51.0,51.0,51.0,51.0,51.45,1,3000,153000.0
2023-07-06,2023-07-06,FONE4,M,3.43,4.04,3.43,3.99,3.59,12,130000,504700.0
2023-07-06,2023-07-06,NVENTURES,M,45.0,45.0,45.0,45.0,43.0,1,3000,135000.0
2023-07-06,2023-07-06,CAMPUS,A,311.05,312.8,309.25,311.3,311.0,2722,65120,20250919.0
2023-07-06,2023-07-06,RAINBOW,A,963.7,997.0,959.55,996.75,963.4,654,7260,7188735.0
2023-07-06,2023-07-06,SILVERTUC,B,380.0,387.0,371.85,382.4,377.0,218,6864,2581864.0
2023-07-06,2023-07-06,LICI,A,624.3,630.95,624.3,628.05,626.95,5887,74327,46673248.0
2023-07-06,2023-07-06,PRUDENT,B,995.05,1021.45,995.05,1014.35,1009.9,170,639,646308.0
2023-07-06,2023-07-06,VENUSPIPES,B,1159.95,1167.35,1155.0,1157.45,1155.05,188,1079,1252024.0
2023-07-06,2023-07-06,DELHIVERY,A,390.05,393.6,388.0,390.1,391.75,954,27002,10524671.0
2023-07-06,2023-07-06,PARADEEP,A,62.8,66.57,62.8,65.46,62.76,3311,580505,37952380.0
2023-07-06,2023-07-06,TIERRA,X,129.95,129.95,119.15,122.1,125.4,98,2937,362643.0
2023-07-06,2023-07-06,ETHOSLTD,B,1494.25,1524.1,1494.25,1497.85,1510.65,266,1045,1572954.0
2023-07-06,2023-07-06,EMUDHRA,B,470.6,477.1,459.85,469.2,460.2,4328,97606,45602566.0
2023-07-06,2023-07-06,AETHER,A,1055.05,1097.25,1055.05,1058.65,1058.35,735,6633,7112203.0
2023-07-06,2023-07-06,WEWIN,B,47.8,47.8,45.54,46.48,47.2,33,1297,60238.0
2023-07-06,2023-07-06,GOEL,M,164.0,164.0,164.0,164.0,169.5,1,800,131200.0
2023-07-06,2023-07-06,MODIS,M,202.0,202.65,198.5,202.65,199.25,11,12000,2399800.0
2023-07-06,2023-07-06,PGCRL,M,193.9,194.45,175.0,189.0,185.0,7,4200,791040.0
2023-07-06,2023-07-06,SAILANI,M,22.14,22.14,21.93,21.93,22.14,2,3200,70512.0
2023-07-06,2023-07-06,BRRL,M,200.0,210.0,200.0,209.1,193.0,3,8800,1840000.0
2023-07-06,2023-07-06,JAYANT,M,77.0,80.0,75.3,80.0,79.17,13,9750,751500.0
2023-07-06,2023-07-06,VEERKRUPA,M,2.76,2.8,2.59,2.59,2.72,40,1185700,3080816.0
2023-07-06,2023-07-06,HEALTHYLIFE,M,6.21,6.69,6.21,6.31,6.45,9,90000,583200.0
2023-07-06,2023-07-06,DDEVPLSTIK,X,194.0,206.9,190.75,203.65,190.75,2344,114179,22962188.0
2023-07-06,2023-07-06,MOHEALTH,B,26.47,26.47,26.0,26.35,26.08,82,4824,126951.0
2023-07-06,2023-07-06,MOM30IETF,B,21.7,21.78,21.7,21.78,21.61,10,406,8810.0
2023-07-06,2023-07-06,HDFCNIF100,B,195.0,196.0,195.0,195.7,194.53,22,46,9002.0
2023-07-06,2023-07-06,HDFCNEXT50,B,445.0,445.16,442.11,445.16,443.01,3,3,1332.0
2023-07-06,2023-07-06,INFRAIETF,B,58.75,59.68,58.75,59.68,58.77,10,15,890.0
2023-07-06,2023-07-06,SILVERADD,E,69.5,70.3,69.5,70.3,69.01,12,71,4985.0
2023-07-06,2023-07-06,SYRMA,A,444.25,448.2,442.8,446.25,444.25,619,17656,7878031.0
2023-07-06,2023-07-06,NIFTYQLITY,B,16.01,16.23,15.85,15.97,16.01,126,3407,54600.0
2023-07-06,2023-07-06,MOMENTUM,B,21.5,21.7,21.25,21.46,21.35,19,191,4100.0
2023-07-06,2023-07-06,MOVALUE,B,55.2,55.83,55.2,55.76,55.21,9,91,5043.0
2023-07-06,2023-07-06,OLATECH,M,103.0,103.0,103.0,103.0,102.49,3,6000,618000.0
2023-07-06,2023-07-06,NATURO,M,11.26,12.0,11.26,11.5,12.45,4,16000,186400.0
2023-07-06,2023-07-06,RHETAN,M,9.14,10.0,9.14,10.0,9.8,11,202500,1989675.0
2023-07-06,2023-07-06,DREAMFOLKS,B,657.95,671.25,654.05,657.45,651.45,2086,28579,18885844.0
2023-07-06,2023-07-06,HDFCSILVER,E,69.5,70.0,69.13,69.64,68.83,28,555,38624.0
2023-07-06,2023-07-06,DBOL,B,175.25,175.25,171.0,171.8,172.1,611,15042,2598838.0
2023-07-06,2023-07-06,DPL,M,22.74,23.9,21.66,23.9,22.22,8,24000,544680.0
2023-07-06,2023-07-06,TMB,B,433.05,438.9,432.0,434.2,431.75,263,3107,1351263.0
2023-07-06,2023-07-06,VOEPL,M,192.4,192.4,188.6,189.8,191.2,30,31000,5892300.0
2023-07-06,2023-07-06,KSOLVES,B,889.5,898.65,889.35,898.05,885.45,158,884,790744.0
2023-07-06,2023-07-06,HARSHA,A,469.0,473.4,467.1,469.35,469.25,513,7439,3498574.0
2023-07-06,2023-07-06,HDFCQUAL,B,43.82,43.96,43.52,43.55,43.82,6,51,2226.0
2023-07-06,2023-07-06,HDFCVALUE,B,101.6,101.87,100.73,101.3,102.0,7,15,1522.0
2023-07-06,2023-07-06,MAFIA,M,16.51,16.51,16.41,16.46,18.13,3,12000,197720.0
2023-07-06,2023-07-06,TIPSFILMS,B,545.0,545.0,514.65,517.75,521.3,145,882,460311.0
2023-07-06,2023-07-06,SRSOLTD,M,157.6,160.0,157.6,158.7,160.0,17,14400,2291200.0
2023-07-06,2023-07-06,TLL,M,140.0,140.0,132.0,140.0,142.0,3,3600,494400.0
2023-07-06,2023-07-06,REETECH,M,50.0,62.71,50.0,62.71,52.26,57,87600,5370816.0
2023-07-06,2023-07-06,CARGOTRANS,M,85.0,85.0,84.0,84.0,85.0,2,3000,253500.0
2023-07-06,2023-07-06,CNCRD,M,286.2,289.95,286.0,289.95,294.95,7,3500,1005775.0
2023-07-06,2023-07-06,INA,M,140.0,143.0,137.35,138.65,140.0,44,46000,6430800.0
2023-07-06,2023-07-06,STML,M,153.5,158.9,153.5,158.1,157.7,4,6000,937500.0
2023-07-06,2023-07-06,VEDANTASSET,M,54.0,54.0,54.0,54.0,60.0,1,3000,162000.0
2023-07-06,2023-07-06,MAAGHADV,M,36.15,39.9,36.15,39.88,38.05,9,18000,665600.0
2023-07-06,2023-07-06,SECURCRED,B,22.75,22.75,21.3,21.67,21.97,161,14212,309355.0
2023-07-06,2023-07-06,EMIL,B,88.1,89.65,86.53,86.9,88.1,591,46002,4045512.0
2023-07-06,2023-07-06,HDFCLOWVOL,B,147.0,150.0,147.0,150.0,147.85,2,2,297.0
2023-07-06,2023-07-06,HDFCMOMENT,B,214.87,215.36,214.87,215.36,212.12,3,3,645.0
2023-07-06,2023-07-06,PPLPHARMA,B,93.37,95.95,92.45,94.42,92.37,2871,1860793,176419146.0
2023-07-06,2023-07-06,DCI,T,154.75,162.45,150.0,154.45,154.75,61,2503,386262.0
2023-07-06,2023-07-06,PACE,M,20.3,20.75,19.55,19.94,20.0,22,37200,746304.0
2023-07-06,2023-07-06,TRACXN,B,92.9,93.01,90.26,90.79,91.92,479,47285,4333801.0
2023-07-06,2023-07-06,NARMADA,B,20.2,23.74,20.0,21.93,19.79,1071,250779,5852140.0
2023-07-06,2023-07-06,INFOBEAN,B,474.1,522.2,473.35,515.6,471.95,1053,14904,7613194.0
2023-07-06,2023-07-06,HPIL,B,97.4,97.5,95.5,96.33,96.15,70,1710,164768.0
2023-07-06,2023-07-06,DCXINDIA,B,270.15,273.15,265.0,268.4,271.85,1808,55494,14900042.0
2023-07-06,2023-07-06,DAPS,M,33.0,33.0,33.0,33.0,31.99,1,4000,132000.0
2023-07-06,2023-07-06,FUSION,B,576.05,587.65,576.05,582.0,582.05,1453,14462,8429316.0
2023-07-06,2023-07-06,BIKAJI,B,419.95,419.95,410.0,416.1,409.3,980,11162,4625120.0
2023-07-06,2023-07-06,MEDANTA,B,686.0,694.5,683.3,689.85,686.7,846,14284,9847514.0
2023-07-06,2023-07-06,TECHNOPACK,M,89.8,89.8,86.5,87.35,86.83,6,12000,1049820.0
2023-07-06,2023-07-06,ACI,B,539.95,541.95,530.0,539.2,535.85,1035,14714,7901002.0
2023-07-06,2023-07-06,FIVESTAR,B,670.0,688.5,669.85,676.45,664.0,940,10723,7280674.0
2023-07-06,2023-07-06,KAYNES,B,1619.95,1628.2,1570.0,1574.95,1616.35,1765,32624,52610885.0
2023-07-06,2023-07-06,HDFCNIFIT,B,301.0,301.27,299.41,300.49,299.6,9,132,39660.0
2023-07-06,2023-07-06,HDFCPVTBAN,B,231.91,232.08,231.5,231.5,233.99,8,13,3013.0
2023-07-06,2023-07-06,INOXGREEN,B,56.1,60.0,56.1,58.29,55.69,1283,275292,16145013.0
2023-07-06,2023-07-06,BBTCL,B,243.5,248.5,243.0,244.85,243.6,86,390,96191.0
2023-07-06,2023-07-06,RUSTOMJEE,B,580.0,589.6,575.1,578.8,578.4,236,2442,1416671.0
2023-07-06,2023-07-06,VINNY,T,5.15,5.55,5.05,5.36,5.31,169,273906,1452483.0
2023-07-06,2023-07-06,AAATECH,B,55.25,56.2,53.2,54.26,55.76,173,6643,357695.0
2023-07-06,2023-07-06,FINIETF,B,19.66,19.7,19.59,19.68,19.76,31,976,19152.0
2023-07-06,2023-07-06,AMBOAGRI,M,28.9,28.9,25.0,25.0,25.6,6,24000,636400.0
2023-07-06,2023-07-06,SIRCA,B,362.65,367.8,356.8,360.2,356.05,413,7385,2675499.0
2023-07-06,2023-07-06,DHARMAJ,B,171.65,174.9,171.65,173.15,173.5,304,6239,1082883.0
2023-07-06,2023-07-06,SARVESHWAR,B,68.5,70.7,68.5,70.7,68.5,49,2594,180567.0
2023-07-06,2023-07-06,UNIPARTS,B,562.95,579.7,559.8,575.45,562.55,1056,12671,7296636.0
2023-07-06,2023-07-06,EBBETF0433,F,1049.88,1049.88,1048.5,1048.5,1048.12,2,3,3146.0
2023-07-06,2023-07-06,GSEC10IETF,F,216.3,216.3,216.3,216.3,216.1,1,300,64890.0
2023-07-06,2023-07-06,GARGI,M,163.0,169.0,163.0,169.0,161.0,5,10000,1673900.0
2023-07-06,2023-07-06,COMMOIETF,B,61.25,61.81,61.25,61.69,61.16,21,1246,76844.0
2023-07-06,2023-07-06,SULA,B,435.05,454.45,435.05,449.05,438.65,2696,67053,30059368.0
2023-07-06,2023-07-06,AFSL,B,278.4,283.85,275.7,278.15,275.95,334,18008,5010533.0
2023-07-06,2023-07-06,DRONACHRYA,M,165.0,168.65,164.1,166.9,165.9,109,114000,18999250.0
2023-07-06,2023-07-06,LANDMARK,B,731.05,757.8,727.65,744.2,738.7,1079,17112,12732887.0
2023-07-06,2023-07-06,KFINTECH,B,352.3,362.05,352.3,358.45,359.45,1055,18868,6762954.0
2023-07-06,2023-07-06,ELIN,B,171.95,171.95,164.35,164.8,170.45,1548,47315,7883103.0
2023-07-06,2023-07-06,RADIANTCMS,B,93.49,93.49,92.05,92.47,92.4,300,14244,1317398.0
2023-07-06,2023-07-06,AVEER,T,451.5,451.5,422.0,451.5,430.0,56,3184,1394149.0
2023-07-06,2023-07-06,AERONEU,B,94.55,98.0,94.55,96.24,96.55,158,9712,942597.0
2023-07-06,2023-07-06,REXSEAL,M,100.0,104.0,100.0,104.0,101.0,2,2000,204000.0
2023-07-06,2023-07-06,SVS,M,8.8,8.8,8.8,8.8,9.1,1,6000,52800.0
2023-07-06,2023-07-06,LOGICA,M,270.0,275.0,270.0,275.0,270.0,3,7800,2127000.0
2023-07-06,2023-07-06,KAMOPAINTS,B,304.2,304.2,296.5,301.65,301.15,578,9744,2920924.0
2023-07-06,2023-07-06,AARTIPHARM,B,369.7,370.0,364.05,367.3,370.1,1833,18827,6909076.0
2023-07-06,2023-07-06,DHARNI,M,24.0,24.0,24.0,24.0,25.0,1,6000,144000.0
2023-07-06,2023-07-06,TRANSVOY,M,72.15,72.2,72.15,72.2,71.1,2,3200,230960.0
2023-07-06,2023-07-06,EARTH,M,51.4,54.1,51.4,54.0,53.0,8,24000,1281900.0
2023-07-06,2023-07-06,ASHIKAG,X,35.5,35.5,32.52,34.6,33.35,26,474,15905.0
2023-07-06,2023-07-06,BTML,T,123.65,133.75,123.65,128.0,130.0,20,1898,241360.0
2023-07-06,2023-07-06,NSLNISP,B,44.14,44.15,43.52,43.9,43.85,1904,404413,17710879.0
2023-07-06,2023-07-06,INDONG,M,27.3,28.1,27.25,28.0,27.3,12,48000,1336760.0
2023-07-06,2023-07-06,HDFCBSE500,B,26.28,26.33,26.02,26.23,26.09,21,660,17311.0
2023-07-06,2023-07-06,HDFCSML250,B,107.58,108.45,107.58,108.25,107.45,59,3601,389498.0
2023-07-06,2023-07-06,HDFCMID150,B,134.43,136.65,134.43,136.64,136.08,9,59,8053.0
2023-07-06,2023-07-06,GOLDETF,E,58.26,59.25,58.0,59.0,58.5,30,210,12197.0
2023-07-06,2023-07-06,SEALMATIC,M,355.8,356.0,347.55,347.75,350.45,43,28800,10122540.0
2023-07-06,2023-07-06,ROBU,M,306.55,312.6,302.0,302.0,317.85,43,55200,16797480.0
2023-07-06,2023-07-06,PATRON,M,10.7,10.95,10.6,10.78,10.9,11,44000,471480.0
2023-07-06,2023-07-06,SVJ,M,54.34,59.89,54.34,59.89,57.19,11,33000,1809870.0
2023-07-06,2023-07-06,RESGEN,M,50.5,51.65,49.93,50.58,50.57,22,69000,3481530.0
2023-07-06,2023-07-06,ITCONS,M,39.5,42.0,39.06,41.9,40.0,5,10000,404920.0
2023-07-06,2023-07-06,AIRAN,B,17.75,17.75,17.3,17.58,17.5,224,34526,605740.0
2023-07-06,2023-07-06,DIVGIITTS,B,942.45,975.45,932.25,947.65,928.05,688,4358,4144419.0
2023-07-06,2023-07-06,ABSLLIQUID,F,1000.0,1000.01,1000.0,1000.01,1000.01,3,1162,1162011.0
2023-07-06,2023-07-06,PCL,M,68.0,68.0,65.0,68.0,68.0,18,42000,2818020.0
2023-07-06,2023-07-06,PSUBNKIETF,B,44.15,44.79,44.15,44.5,44.01,22,147,6518.0
2023-07-06,2023-07-06,SUDARSHAN,M,67.18,67.18,64.75,64.87,65.0,10,17600,1147040.0
2023-07-06,2023-07-06,GSLSU,B,198.25,211.65,198.25,205.8,201.3,761,16130,3344709.0
2023-07-06,2023-07-06,LABELKRAFT,M,72.0,78.1,72.0,76.28,71.0,11,22000,1669500.0
2023-07-06,2023-07-06,BRIGHT,M,237.0,258.95,237.0,252.3,237.3,62,74000,18378050.0
2023-07-06,2023-07-06,DEVLAB,M,62.0,62.75,59.0,60.62,63.0,20,40000,2446580.0
2023-07-06,2023-07-06,LOWVOL,B,147.0,148.58,147.0,148.58,147.95,5,6,888.0
2023-07-06,2023-07-06,USK,B,30.27,30.95,30.27,30.45,30.26,306,33509,1023235.0
2023-07-06,2023-07-06,MAIDEN,M,81.5,90.38,79.75,90.38,82.17,84,188000,16607160.0
2023-07-06,2023-07-06,EXHICON,M,250.0,258.8,237.1,237.1,249.55,32,68000,16579700.0
2023-07-06,2023-07-06,AVALON,B,602.6,605.5,584.55,600.1,602.6,2132,28501,17025169.0
2023-07-06,2023-07-06,SANCODE,M,60.49,60.49,60.49,60.49,59.34,1,3000,181470.0
2023-07-06,2023-07-06,BLAL,B,159.0,161.05,158.5,159.0,158.05,244,6785,1081247.0
2023-07-06,2023-07-06,SILVERBETA,E,70.5,71.24,70.0,71.03,70.04,77,779,55124.0
2023-07-06,2023-07-06,RHL,B,96.45,98.78,96.05,96.05,96.45,16,513,49852.0
2023-07-06,2023-07-06,RETINA,M,40.5,40.5,40.0,40.01,41.47,7,28000,1122200.0
2023-07-06,2023-07-06,MANKIND,B,1692.05,1717.0,1692.05,1707.2,1699.1,2423,29840,50919794.0
2023-07-06,2023-07-06,INNOKAIZ,M,135.0,153.0,132.5,150.6,131.9,169,310400,44774480.0
2023-07-06,2023-07-06,AVG,B,278.85,278.85,271.0,271.9,278.8,881,12561,3453559.0
2023-07-06,2023-07-06,ATALREAL,B,120.7,121.25,119.85,120.2,120.95,202,5334,642874.0
2023-07-06,2023-07-06,PIGL,T,45.55,47.4,44.25,46.3,45.79,27,2384,109097.0
2023-07-06,2023-07-06,NXST,IF,113.0,113.07,110.48,111.93,111.22,643,27763,3118380.0
2023-07-06,2023-07-06,PAVNAIND,B,315.0,325.0,312.0,314.8,327.95,35,90,28396.0
2023-07-06,2023-07-06,HSIL,M,223.85,232.45,223.85,227.85,229.65,23,49600,11399200.0
2023-07-06,2023-07-06,SIGMA,B,347.05,360.4,338.0,359.65,343.25,178,1388,485569.0
2023-07-06,2023-07-06,GHCLTEXTIL,B,78.25,84.8,77.0,83.57,79.11,5088,267969,21884011.0
2023-07-06,2023-07-06,MKPL,B,679.65,708.95,671.65,683.05,686.25,36,319,216259.0
2023-07-06,2023-07-06,CFF,M,239.55,269.0,232.55,262.8,238.05,365,320000,81941240.0
2023-07-06,2023-07-06,COMRADE,M,105.0,109.3,104.3,107.53,106.3,20,50000,5314500.0
2023-07-06,2023-07-06,SILVERAG,E,70.5,72.54,70.5,71.58,70.0,10,11,782.0
2023-07-06,2023-07-06,IKIO,B,420.05,423.45,415.0,416.65,420.4,2690,60425,25234508.0
2023-07-06,2023-07-06,SONALIS,M,75.07,75.07,75.07,75.07,68.25,1,4000,300280.0
2023-07-06,2023-07-06,BIZOTIC,MT,113.6,119.5,113.6,113.6,119.55,207,318400,36204480.0
2023-07-06,2023-07-06,COSMICCRF,MT,237.5,237.5,233.0,237.35,226.2,74,39200,9308020.0
2023-07-06,2023-07-06,HMAAGRO,B,585.05,612.8,581.1,597.4,583.1,2195,39725,23731675.0
2023-07-06,2023-07-06,URAVIDEF,B,289.95,290.3,262.7,289.25,276.5,292,13124,3605723.0
2023-07-06,2023-07-06,VEEFIN,MT,89.85,94.73,87.3,94.73,90.22,252,785600,71754848.0
2023-07-06,2023-07-06,SENSEXIETF,A,711.48,731.9,711.48,730.62,726.0,43,557,406744.0
2023-07-06,2023-07-06,TATAMTRDVR,A,306.55,315.95,306.55,313.95,310.45,2137,107968,33729700.0
2023-07-06,2023-07-06,FELDVR,T,4.9,4.9,4.75,4.76,4.98,21,5732,27341.0
2023-07-06,2023-07-06,JISLDVREQS,B,20.8,21.14,20.0,20.89,20.57,228,13509,279057.0
2023-07-06,2023-07-06,GATECHDVR,T,15.35,15.9,15.0,15.36,15.17,57,60186,950731.0
2023-07-06,2023-07-06,KARURVYSYA,B,132.0,133.45,130.85,131.65,133.15,3821,239554,31660742.0
2023-07-06,2023-07-06,VEEDOL,B,1038.05,1065.0,1038.05,1051.95,1036.7,1283,11695,12354827.0
2023-07-06,2023-07-06,AMRUTANJAN,B,719.85,724.0,719.45,721.05,715.7,359,3032,2187740.0
2023-07-06,2023-07-06,XPROINDIA,B,838.5,855.0,837.85,843.55,838.35,422,3335,2814910.0
2023-07-06,2023-07-06,HISARMETAL,B,147.75,147.75,142.95,145.3,143.35,232,8604,1246957.0
2023-07-06,2023-07-06,BHARATRAS,B,9511.05,9519.1,9405.0,9413.25,9517.05,59,111,1050214.0
2023-07-06,2023-07-06,EASTSILK,T,2.0,2.15,2.0,2.14,2.06,32,15976,33745.0
2023-07-06,2023-07-06,FACT,B,480.0,486.15,472.2,475.9,482.2,4646,177413,85247397.0
2023-07-06,2023-07-06,GINNIFILA,T,28.3,29.35,28.3,28.47,29.0,58,10082,287964.0
2023-07-06,2023-07-06,SPIC,B,67.79,68.8,67.75,68.0,67.86,835,90413,6168193.0
2023-07-06,2023-07-06,DENORA,B,1820.95,1820.95,1780.0,1796.1,1798.15,343,1167,2093161.0
2023-07-06,2023-07-06,KAVDEFENCE,T,8.0,8.24,7.6,7.89,8.0,29,6478,50628.0
2023-07-06,2023-07-06,SAKSOFT,B,327.65,331.55,321.15,323.85,326.1,891,17910,5827022.0
2023-07-06,2023-07-06,SALONA,B,288.6,289.1,276.7,279.75,282.35,162,969,274909.0
2023-07-06,2023-07-06,EQUIPPP,T,27.0,27.99,27.0,27.68,28.23,22,2695,74745.0
2023-07-06,2023-07-06,ANDHRSUGAR,B,112.7,113.25,111.7,112.2,112.4,199,15663,1762027.0
2023-07-06,2023-07-06,IMPAL,B,797.9,815.0,789.1,791.35,792.0,160,570,455031.0
2023-07-06,2023-07-06,KCP,B,109.55,111.2,108.4,108.95,109.4,446,21724,2387121.0
2023-07-06,2023-07-06,KHAITANLTD,B,50.56,52.5,49.2,50.77,50.65,53,4326,220799.0
2023-07-06,2023-07-06,RADAAN,T,1.51,1.51,1.45,1.45,1.51,2,222,333.0
2023-07-06,2023-07-06,SUNDARMFIN,B,2670.0,2671.0,2631.35,2651.35,2650.25,303,1584,4202657.0
2023-07-06,2023-07-06,SUNDRMBRAK,B,358.0,363.95,351.0,354.2,357.3,31,333,118780.0
2023-07-06,2023-07-06,WHEELS,B,786.3,843.05,784.0,819.7,782.95,807,10207,8369899.0
2023-07-06,2023-07-06,LAMBODHARA,T,153.65,154.0,151.25,151.3,153.65,55,2174,332813.0
2023-07-06,2023-07-06,MAITHANALL,B,1050.0,1062.0,1026.65,1035.7,1050.15,2057,11829,12354071.0
2023-07-06,2023-07-06,LOHIASECURI,XT,193.95,193.95,186.5,186.5,192.9,9,282,54545.0
2023-07-06,2023-07-06,ORISSAMINE,B,3819.95,3821.0,3727.4,3806.7,3820.5,378,1378,5221891.0
2023-07-06,2023-07-06,GOLDBEES,E,49.91,50.02,49.81,49.92,50.03,4490,461692,23056009.0
2023-07-06,2023-07-06,LIQUIDBEES,F,1000.0,1000.01,999.99,1000.01,1000.01,1570,330618,330620876.0
2023-07-06,2023-07-06,GOLD1,E,50.29,50.29,50.0,50.19,50.21,83,2232,111935.0
2023-07-06,2023-07-06,SETFGOLD,E,51.37,51.43,51.19,51.39,51.27,202,18335,940666.0
2023-07-06,2023-07-06,QGOLDHALF,E,49.75,49.75,49.66,49.74,49.81,37,3306,164364.0
2023-07-06,2023-07-06,GOLDBETA,E,50.19,50.21,50.01,50.11,50.17,117,2322,116437.0
2023-07-06,2023-07-06,NIFTYBEES,B,212.53,214.15,212.53,213.85,212.98,1564,196737,42034833.0
2023-07-06,2023-07-06,JUNIORBEES,B,467.14,471.02,466.45,470.84,467.58,149,9203,4317210.0
2023-07-06,2023-07-06,BANKBEES,B,458.38,462.3,458.38,462.01,459.95,424,30907,14237777.0
2023-07-06,2023-07-06,PSUBANK,B,437.0,441.93,437.0,439.05,436.6,172,540,237219.0
2023-07-06,2023-07-06,PSUBNKBEES,B,48.76,49.16,48.63,49.09,48.76,446,82776,4057853.0
2023-07-06,2023-07-06,SHARIABEES,B,420.0,425.0,420.0,425.0,423.72,10,135,57132.0
2023-07-06,2023-07-06,QNIFTY,B,2060.0,2076.0,2060.0,2076.0,2058.01,14,45,93222.0
2023-07-06,2023-07-06,HNGSNGBEES,E,274.1,275.5,272.0,273.5,276.03,815,246055,67084208.0
2023-07-06,2023-07-06,MOM50,B,196.5,197.38,196.5,197.35,197.1,31,98,19311.0
2023-07-06,2023-07-06,GRADIENTE,XT,6.74,6.74,6.41,6.41,6.45,46,29765,194738.0
2023-07-06,2023-07-06,MADRASFERT,B,75.83,77.45,75.61,76.11,75.55,1283,119175,9110734.0
2023-07-06,2023-07-06,BANKNIFTY1,B,459.1,463.8,459.1,463.8,459.92,33,346,159558.0
2023-07-06,2023-07-06,SETFNIFBK,B,455.1,458.01,455.1,457.91,455.19,39,804,367423.0
2023-07-06,2023-07-06,SETFNIF50,B,201.39,202.35,201.04,202.31,201.5,83,3926,791675.0
2023-07-06,2023-07-06,MBLNCRPS,F,88.8,88.9,88.8,88.8,88.8,11,1000,88850.0
2023-07-06,2023-07-06,9TVSHL24,F,10.09,10.1,10.04,10.08,10.1,23,55611,561410.0
2023-07-06,2023-07-06,NECLTDRE,R,0.37,0.37,0.36,0.36,0.36,5,520,189.0
2023-07-06,2023-07-06,ALANRE,R,9.01,12.4,9.01,11.0,9.01,81,28964,297850.0
2023-07-06,2023-07-06,SGB20151,G,5900.0,5900.0,5900.0,5900.0,5850.0,1,1,5900.0
2023-07-06,2023-07-06,SGB2016I,G,5850.0,5850.0,5850.0,5850.0,5874.0,3,4,23400.0
2023-07-06,2023-07-06,SGBSEP24,G,5850.0,5850.0,5845.0,5850.0,5850.0,9,54,315895.0
2023-07-06,2023-07-06,SGBNOV24,G,5853.25,5853.25,5853.0,5853.0,5808.51,5,7,40972.0
2023-07-06,2023-07-06,SGBNOV25VI,G,5852.0,5852.0,5852.0,5852.0,5851.11,1,1,5852.0
2023-07-06,2023-07-06,SGBNOV258,G,5733.0,5733.0,5725.0,5725.0,5801.01,2,17,97405.0
2023-07-06,2023-07-06,SGBDEC25,G,6020.0,6020.0,6020.0,6020.0,6009.99,1,1,6020.0
2023-07-06,2023-07-06,SGBJAN26,G,5724.0,5949.0,5724.0,5949.0,6099.0,2,3,17397.0
2023-07-06,2023-07-06,SGBMAY26,G,5736.0,5736.0,5735.0,5735.0,5805.05,2,18,103231.0
2023-07-06,2023-07-06,SGBOCT27,G,5825.0,5825.0,5825.0,5825.0,5794.98,1,1,5825.0
2023-07-06,2023-07-06,SGBAPR28I,G,5910.0,5950.0,5820.0,5829.59,5900.0,31,150,877330.0
2023-07-06,2023-07-06,SGBMAY28,G,5800.0,5800.0,5780.0,5780.0,5860.0,2,2,11580.0
2023-07-06,2023-07-06,SGBJUN28,G,5800.0,5800.0,5800.0,5800.0,5775.0,1,4,23200.0
2023-07-06,2023-07-06,SGBJUL28IV,G,5835.0,5835.0,5825.0,5825.0,5808.0,5,24,139863.0
2023-07-06,2023-07-06,SGBAUG28V,G,5879.0,5900.0,5865.0,5899.65,5882.29,44,215,1265053.0
2023-07-06,2023-07-06,SGBSEP28VI,G,5989.9,5989.9,5900.0,5900.0,5929.0,4,45,265619.0
2023-07-06,2023-07-06,SGBN28VIII,G,5821.01,5879.0,5790.01,5790.01,5860.0,3,8,46827.0
2023-07-06,2023-07-06,SGBJAN29IX,G,5819.0,5819.0,5774.0,5806.73,5791.8,42,222,1286506.0
2023-07-06,2023-07-06,SGBJAN29X,G,5820.0,5880.0,5819.0,5875.0,5868.5,10,84,490954.0
2023-07-06,2023-07-06,SGBMR29XII,G,5819.0,5819.0,5819.0,5819.0,5771.0,4,10,58190.0
2023-07-06,2023-07-06,SGBMAY29I,G,5800.0,5800.03,5780.0,5800.0,5799.0,37,326,1888520.0
2023-07-06,2023-07-06,SGBJUN29II,G,5809.0,5824.0,5760.0,5800.0,5810.0,18,121,701995.0
2023-07-06,2023-07-06,SGBJUL29IV,G,5820.2,5849.95,5820.2,5822.2,5818.0,5,25,145655.0
2023-07-06,2023-07-06,SGBAUG29V,G,5949.0,5949.0,5949.0,5949.0,5875.0,2,5,29745.0
2023-07-06,2023-07-06,SGBSEP29VI,G,5825.0,5825.0,5825.0,5825.0,5810.0,1,5,29125.0
2023-07-06,2023-07-06,SGBNV29VII,G,5800.0,5800.0,5800.0,5800.0,5800.0,1,1,5800.0
2023-07-06,2023-07-06,SGBD29VIII,G,5812.0,5812.0,5805.0,5808.2,5850.0,4,10,58082.0
2023-07-06,2023-07-06,SGBJAN30IX,G,5845.0,5845.0,5812.51,5812.51,5820.0,2,2,11657.0
2023-07-06,2023-07-06,754GS2036,G,103.8,103.8,103.65,103.65,104.0,5,6500,674000.0
2023-07-06,2023-07-06,SGBJUN30,G,5889.0,5889.0,5889.0,5889.0,5850.0,1,1,5889.0
2023-07-06,2023-07-06,SGBAUG30,G,5849.0,5871.0,5831.1,5864.33,5855.0,27,47,274825.0
2023-07-06,2023-07-06,SGBMAR31IV,G,6036.99,6036.99,5970.01,5970.01,6000.0,3,21,126040.0
2023-07-06,2023-07-06,182TB091123,G,97.3,97.3,97.3,97.3,0.0,3,16000,1556800.0
2023-07-06,2023-07-06,AIRTELPP,A,465.95,482.6,465.95,468.3,470.05,105,1160,550453.0
2023-07-06,2023-07-06,AURUMPP,B,65.7,65.7,65.0,65.0,65.7,24,1712,112436.0
2023-07-06,2023-07-06,ADCONPP,XT,1.12,1.13,1.04,1.08,1.09,78,233916,259157.0
2023-07-06,2023-07-06,AARTIPP,B,310.2,310.2,307.35,308.3,310.1,5,24,7436.0
2023-07-06,2023-07-06,SGRLPP,B,349.85,349.85,349.85,349.85,330.0,1,1,349.0
2023-07-06,2023-07-06,SHUKRAPP,XT,103.75,103.75,103.75,103.75,109.2,40,28379,2944321.0
2023-07-06,2023-07-06,IFCIZC25,F,2123.43,2123.43,2123.43,2123.43,2060.0,1,1,2123.0
2023-07-06,2023-07-06,849NTPC25,F,10.32,10.36,10.32,10.33,10.33,29,8579,88611.0
2023-07-06,2023-07-06,736PFCL25,F,1082.99,1082.99,1082.99,1082.99,1087.9,2,10,10829.0
2023-07-06,2023-07-06,735NHAI31,F,1133.01,1133.01,1133.0,1133.01,1145.0,2,857,970986.0
2023-07-06,2023-07-06,76NHAI31,F,1156.0,1159.0,1155.0,1159.0,1152.59,6,313,362383.0
2023-07-06,2023-07-06,727HUDCO26,F,1061.0,1061.0,1061.0,1061.0,1059.11,2,30,31830.0
2023-07-06,2023-07-06,769NHAI31,F,1185.0,1185.0,1185.0,1185.0,1186.03,1,43,50955.0
2023-07-06,2023-07-06,729HUDCO26,F,1070.01,1070.01,1070.0,1070.0,1070.0,2,521,557471.0
2023-07-06,2023-07-06,729NABAR26,F,1058.0,1058.0,1057.0,1057.0,1057.0,2,40,42300.0
2023-07-06,2023-07-06,764NABAR31,F,1147.45,1148.0,1146.8,1148.0,1148.97,4,1055,1210067.0
2023-07-06,2023-07-06,957NIDO26,F,958.0,958.0,958.0,958.0,985.0,1,25,23950.0
2023-07-06,2023-07-06,10NIDO26,F,984.0,985.0,980.5,985.0,985.0,13,540,531347.0
2023-07-06,2023-07-06,865SCL26,F,954.95,955.0,954.95,955.0,935.0,2,40,38199.0
2023-07-06,2023-07-06,915SCL26,F,886.0,970.0,880.0,969.9,976.0,21,650,621304.0
2023-07-06,2023-07-06,888ECL28,F,927.8,927.8,927.8,927.8,911.2,1,1,927.0
2023-07-06,2023-07-06,KFLZC25A,F,1848.19,1848.19,1848.19,1848.19,1848.0,2,8,14785.0
2023-07-06,2023-07-06,96SEFL28,F,261.0,261.0,260.0,260.0,232.0,3,185,48260.0
2023-07-06,2023-07-06,0EFL23,F,1557.5,1557.5,1557.27,1557.49,1556.98,15,426,663491.0
2023-07-06,2023-07-06,965EFL23,F,1081.0,1085.0,1078.0,1085.0,1080.25,4,104,112200.0
2023-07-06,2023-07-06,92SFIL28,F,857.0,857.0,857.0,857.0,857.0,1,34,29138.0
2023-07-06,2023-07-06,890TCFSL23,F,1062.1,1067.8,1062.1,1065.0,1065.0,59,1965,2092279.0
2023-07-06,2023-07-06,925AHFL23,F,998.0,998.0,998.0,998.0,1005.0,10,42,41916.0
2023-07-06,2023-07-06,965AHFL23,F,1075.0,1075.0,1075.0,1075.0,1055.0,1,1,1075.0
2023-07-06,2023-07-06,930SFL28,F,1018.0,1050.0,1015.0,1022.3,1013.05,15,591,603299.0
2023-07-06,2023-07-06,10MFL23,F,1010.0,1010.0,1010.0,1010.0,1005.0,1,15,15150.0
2023-07-06,2023-07-06,1040MFL23,F,1044.0,1055.0,1040.0,1055.0,1027.32,30,1893,1981953.0
2023-07-06,2023-07-06,1025JFCS28,F,1102.0,1102.0,1102.0,1102.0,1102.95,3,75,82650.0
2023-07-06,2023-07-06,EFL4JAN19A,F,1536.2,1536.2,1536.2,1536.2,1534.0,4,155,238111.0
2023-07-06,2023-07-06,1015ECL29,F,1003.0,1003.0,1001.05,1002.44,1005.0,4,350,350853.0
2023-07-06,2023-07-06,1060ECL29,F,1015.01,1015.1,1015.01,1015.1,1012.07,2,107,108606.0
2023-07-06,2023-07-06,915MMFSL24,F,1021.0,1021.0,1021.0,1021.0,1025.0,1,100,102100.0
2023-07-06,2023-07-06,912STFCL24,F,1000.1,1000.1,1000.0,1000.0,1000.0,2,50,50003.0
2023-07-06,2023-07-06,SFL24,F,1484.0,1489.0,1484.0,1487.0,1484.0,3,70,103940.0
2023-07-06,2023-07-06,10IIFL29,F,1010.0,1010.0,1010.0,1010.0,1010.2,1,100,101000.0
2023-07-06,2023-07-06,1050DLSL24,F,993.0,994.0,990.0,990.0,994.99,6,125,123864.0
2023-07-06,2023-07-06,11DLSL24,F,1010.0,1010.0,1010.0,1010.0,997.0,1,100,101000.0
2023-07-06,2023-07-06,0DLSL24,F,1539.0,1539.0,1539.0,1539.0,1539.0,1,3,4617.0
2023-07-06,2023-07-06,925LTFH24,F,1040.0,1040.0,1031.0,1031.0,1021.01,13,204,210557.0
2023-07-06,2023-07-06,898LTF29,F,1055.1,1080.0,1055.1,1070.1,1073.01,10,119,127825.0
2023-07-06,2023-07-06,975MFL24A,F,1005.0,1005.0,1005.0,1005.0,1007.0,2,150,150750.0
2023-07-06,2023-07-06,9LTFH24,F,1030.0,1030.0,1030.0,1030.0,1001.01,1,25,25750.0
2023-07-06,2023-07-06,935SFL24,F,1003.6,1003.6,1003.01,1003.01,1000.2,6,250,250876.0
2023-07-06,2023-07-06,1075SEFL24,F,250.0,260.0,250.0,260.0,232.8,4,30,7699.0
2023-07-06,2023-07-06,995ECL24B,F,987.0,987.0,987.0,987.0,992.03,1,500,493500.0
2023-07-06,2023-07-06,995ECL29A,F,980.0,980.0,980.0,980.0,980.0,3,82,80360.0
2023-07-06,2023-07-06,1004DLSL24,F,997.0,997.0,997.0,997.0,980.0,1,1,997.0
2023-07-06,2023-07-06,945SFL24,F,995.1,995.1,995.1,995.1,972.1,1,1,995.0
2023-07-06,2023-07-06,975MFL24B,F,1014.0,1019.2,1001.0,1014.0,1010.0,18,2326,2336922.0
2023-07-06,2023-07-06,995ECL24,F,985.0,985.0,980.0,981.86,985.0,58,1612,1580775.0
2023-07-06,2023-07-06,104ECL24,F,1040.0,1040.0,1040.0,1040.0,1040.0,2,16,16640.0
2023-07-06,2023-07-06,ECLZC24B,F,1399.0,1399.0,1364.03,1399.0,1399.0,3,52,72678.0
2023-07-06,2023-07-06,829LTF24,F,1006.12,1006.12,1004.0,1004.04,1003.0,13,1000,1004359.0
2023-07-06,2023-07-06,10MFL24AA,F,1050.0,1050.0,1050.0,1050.0,1051.2,1,50,52500.0
2023-07-06,2023-07-06,TCHF30,F,1030.0,1030.0,1030.0,1030.0,1069.0,2,100,103000.0
2023-07-06,2023-07-06,98NWFL25,F,979.0,979.0,978.0,978.0,985.0,5,1352,1322356.0
2023-07-06,2023-07-06,98NWFL30,F,984.0,1009.0,984.0,1009.0,975.0,2,2,1993.0
2023-07-06,2023-07-06,948JFPL25,F,1002.0,1002.0,1002.0,1002.0,1001.0,4,250,250500.0
2023-07-06,2023-07-06,965MFL23,F,998.0,999.0,998.0,999.0,997.0,3,703,701939.0
2023-07-06,2023-07-06,0MFL23B,F,1319.2,1319.2,1319.2,1319.2,1305.16,1,335,441932.0
2023-07-06,2023-07-06,MFLZC25D,F,1259.0,1259.0,1259.0,1259.0,1250.0,1,500,629500.0
2023-07-06,2023-07-06,MFLOIII24,F,1030.0,1030.0,1030.0,1030.0,1025.0,7,131,134930.0
2023-07-06,2023-07-06,MFLOV24,F,1195.8,1195.8,1195.8,1195.8,1195.8,1,1,1195.0
2023-07-06,2023-07-06,10MMFL23C,F,994.5,994.5,994.5,994.5,994.5,4,500,497250.0
2023-07-06,2023-07-06,935EFSL24,F,1018.0,1031.0,1018.0,1030.0,1032.33,7,91,93515.0
2023-07-06,2023-07-06,939EFSL26,F,952.0,966.0,940.0,948.89,960.0,41,802,757715.0
2023-07-06,2023-07-06,MFLI24,F,981.2,981.2,981.2,981.2,968.0,1,1,981.0
2023-07-06,2023-07-06,697PFCL36,F,982.99,982.99,970.0,970.0,960.0,2,110,107479.0
2023-07-06,2023-07-06,695PFCL36,F,974.1,976.1,974.1,976.1,960.0,2,7001,6819676.0
2023-07-06,2023-07-06,715PFCL36,F,992.2,996.85,992.15,993.5,998.12,11,1150,1141485.0
2023-07-06,2023-07-06,875MFL26,F,920.0,930.0,920.0,930.0,980.0,2,6,5550.0
2023-07-06,2023-07-06,MFLZC27C,F,1235.0,1235.0,1235.0,1235.0,1230.0,1,950,1173250.0
2023-07-06,2023-07-06,10MMFL24A,F,1000.0,1000.0,1000.0,1000.0,1000.0,1,48,48000.0
2023-07-06,2023-07-06,1025MMFL26,F,999.0,999.0,992.0,992.0,1000.0,2,55,54903.0
2023-07-06,2023-07-06,10IIFL28A,F,996.5,996.5,996.5,996.5,995.1,1,22,21923.0
2023-07-06,2023-07-06,96IIFL28A,F,986.35,994.0,986.35,994.0,992.0,13,500,496437.0
2023-07-06,2023-07-06,MFLI24A,F,972.15,972.15,972.0,972.0,975.0,3,83,80679.0
2023-07-06,2023-07-06,10KFL24D,F,970.0,970.0,970.0,970.0,1150.0,2,100,97000.0
2023-07-06,2023-07-06,910EFSL24,F,995.0,995.0,995.0,995.0,996.8,1,30,29850.0
2023-07-06,2023-07-06,955EFSL26,F,900.02,938.0,900.02,936.0,938.01,3,16,14582.0
2023-07-06,2023-07-06,EFSLZC26A,F,1137.96,1137.96,1137.96,1137.96,1132.55,1,10,11379.0
2023-07-06,2023-07-06,930EFSL31,F,947.99,947.99,947.99,947.99,905.0,2,10,9479.0
2023-07-06,2023-07-06,82IGT31,F,1015.0,1015.0,1015.0,1015.0,1010.0,2,16,16240.0
2023-07-06,2023-07-06,797IGT31,F,980.3,980.3,980.3,980.3,1009.0,1,40,39212.0
2023-07-06,2023-07-06,825MFCL23A,F,999.98,999.98,999.98,999.98,999.99,1,99,98998.0
2023-07-06,2023-07-06,850MFCL24B,F,989.6,989.6,989.6,989.6,960.0,1,1000,989600.0
2023-07-06,2023-07-06,950MFCL27D,F,989.0,989.2,981.0,981.0,995.0,3,21,20689.0
2023-07-06,2023-07-06,BILNCD2021,F,28.22,28.42,28.22,28.26,28.27,12,415,11742.0
2023-07-06,2023-07-06,835PCHFL23,F,1074.0,1074.0,1073.0,1073.0,1073.32,2,153,164319.0
2023-07-06,2023-07-06,85PCHFL24,F,1070.01,1074.9,1070.01,1074.18,1052.0,3,175,187773.0
2023-07-06,2023-07-06,IIFLZC28C,F,1086.0,1086.0,1085.0,1085.0,1100.0,2,2,2171.0
2023-07-06,2023-07-06,EFSL24,F,1129.65,1131.8,1103.51,1131.7,1129.65,12,43,48584.0
2023-07-06,2023-07-06,915EFSL26,F,940.0,940.0,940.0,940.0,950.0,1,100,94000.0
2023-07-06,2023-07-06,955EFSL26A,F,1000.8,1000.8,1000.8,1000.8,1000.75,1,50,50040.0
2023-07-06,2023-07-06,850KSFL23,F,995.0,995.0,995.0,995.0,985.0,1,1,995.0
2023-07-06,2023-07-06,10KSFL25,F,970.0,970.0,970.0,970.0,995.0,3,300,291000.0
2023-07-06,2023-07-06,820JMFPL26,F,1058.0,1059.0,1058.0,1059.0,1026.22,3,220,232930.0
2023-07-06,2023-07-06,830JMFPL30,F,965.0,965.0,965.0,965.0,962.0,1,46,44390.0
2023-07-06,2023-07-06,842IIFL26,F,950.09,950.09,950.0,950.0,951.0,10,10,9500.0
2023-07-06,2023-07-06,825MFL24,F,985.0,985.0,985.0,985.0,989.2,3,100,98500.0
2023-07-06,2023-07-06,MFL291021,F,1110.1,1110.1,1110.1,1110.1,1120.0,1,51,56615.0
2023-07-06,2023-07-06,875EFSL23,F,1018.0,1018.0,1018.0,1018.0,1022.8,1,10,10180.0
2023-07-06,2023-07-06,875EFSL24A,F,963.0,963.0,960.0,960.0,964.2,8,114,109484.0
2023-07-06,2023-07-06,91EFSL24A,F,1005.0,1005.0,1005.0,1005.0,995.0,2,6,6030.0
2023-07-06,2023-07-06,EFSL24C,F,1094.9,1094.9,1094.9,1094.9,1065.0,1,1,1094.0
2023-07-06,2023-07-06,915EFSL26A,F,949.8,949.8,949.18,949.2,944.69,5,404,383597.0
2023-07-06,2023-07-06,EFSL26A,F,1010.0,1010.0,1010.0,1010.0,1030.0,2,37,37370.0
2023-07-06,2023-07-06,97EFSL31A,F,947.0,950.8,947.0,950.8,947.0,2,25,23678.0
2023-07-06,2023-07-06,843IHFL29,F,935.0,935.0,934.7,934.7,934.99,3,66,61707.0
2023-07-06,2023-07-06,SCL25,F,1060.0,1090.0,1060.0,1090.0,1080.0,2,32,33950.0
2023-07-06,2023-07-06,DLSL2FEB22,F,1110.0,1110.0,1110.0,1110.0,1046.0,1,3,3330.0
2023-07-06,2023-07-06,850MFL27,F,960.0,960.0,960.0,960.0,960.0,1,30,28800.0
2023-07-06,2023-07-06,MFLZC24H,F,1111.8,1111.8,1111.8,1111.8,1121.17,1,550,611490.0
2023-07-06,2023-07-06,MFLZC25C,F,1082.0,1084.0,1082.0,1084.0,1070.02,2,62,67144.0
2023-07-06,2023-07-06,SFL290422B,F,1000.0,1025.0,1000.0,1025.0,0.0,2,10,10225.0
2023-07-06,2023-07-06,NIDO24,F,1047.8,1047.8,1047.8,1047.8,1065.0,1,10,10478.0
2023-07-06,2023-07-06,955NIDO27,F,958.5,958.55,958.5,958.55,931.71,2,45,43133.0
2023-07-06,2023-07-06,NIDO27,F,1000.85,1000.85,1000.85,1000.85,993.55,1,15,15012.0
2023-07-06,2023-07-06,930NIDO32,F,944.1,973.9,944.1,973.9,925.0,3,60,57540.0
2023-07-06,2023-07-06,MFLIII25C,F,974.0,974.0,954.2,954.2,955.13,3,4,3857.0
2023-07-06,2023-07-06,DLSL25A,F,1090.0,1090.0,1090.0,1090.0,1000.0,1,1,1090.0
2023-07-06,2023-07-06,850MMFL24,F,986.0,986.0,986.0,986.0,984.0,2,19,18734.0
2023-07-06,2023-07-06,MFLIII25,F,965.0,965.0,964.0,964.0,964.0,2,618,596252.0
2023-07-06,2023-07-06,NWIL24,F,1055.55,1055.95,1055.55,1055.95,1015.55,4,200,211132.0
2023-07-06,2023-07-06,88NWIL25,F,960.0,960.0,960.0,960.0,960.0,2,420,403200.0
2023-07-06,2023-07-06,NWIL25,F,960.45,1015.0,960.45,1015.0,1025.0,3,100,98772.0
2023-07-06,2023-07-06,953NWIL32,F,950.0,960.0,950.0,960.0,960.0,7,140,133750.0
2023-07-06,2023-07-06,95KFL26,F,985.0,985.0,985.0,985.0,985.0,3,60,59100.0
2023-07-06,2023-07-06,825MFL25A,F,960.0,960.0,960.0,960.0,970.0,1,30,28800.0
2023-07-06,2023-07-06,835MFL26,F,950.0,950.0,861.01,887.18,966.8,2,17,15082.0
2023-07-06,2023-07-06,MFL24B,F,1029.0,1041.0,1029.0,1041.0,1044.0,4,1235,1279425.0
2023-07-06,2023-07-06,847SCL25,F,1000.0,1000.0,1000.0,1000.0,999.9,1,10,10000.0
2023-07-06,2023-07-06,885EFSL24,F,1020.55,1023.55,1020.55,1023.55,1020.55,6,25,25543.0
2023-07-06,2023-07-06,925EFSL25,F,994.0,994.0,994.0,994.0,994.0,1,4,3976.0
2023-07-06,2023-07-06,EFSL25,F,990.0,990.0,990.0,990.0,990.45,1,1,990.0
2023-07-06,2023-07-06,935EFSL27,F,940.0,940.0,902.06,940.0,940.0,3,13,11916.0
2023-07-06,2023-07-06,975EFSL27,F,980.8,980.8,980.8,980.8,962.2,1,103,101022.0
2023-07-06,2023-07-06,965EFSL32,F,968.0,968.0,953.0,954.33,951.0,5,35,33675.0
2023-07-06,2023-07-06,1010EFSL32,F,980.0,980.0,969.0,969.0,978.0,3,50,48469.0
2023-07-06,2023-07-06,79NHIT35,F,310.8,310.8,310.8,310.8,311.88,1,82,25485.0
2023-07-06,2023-07-06,79NHIT40,F,312.5,316.0,310.03,316.0,312.49,5,23,7157.0
2023-07-06,2023-07-06,79NHIT47,F,419.99,419.99,419.0,419.0,419.15,2,278,116559.0
2023-07-06,2023-07-06,MFLTDI25,F,942.0,942.0,931.0,942.0,949.0,53,1361,1279144.0
2023-07-06,2023-07-06,MFLTDIII24,F,1019.8,1019.8,1005.0,1005.0,1018.0,4,14,14262.0
2023-07-06,2023-07-06,760MFL25,F,983.0,983.0,983.0,983.0,982.2,3,15,14745.0
2023-07-06,2023-07-06,1075CCIL25,F,1010.0,1010.0,1010.0,1010.0,1010.0,1,50,50500.0
2023-07-06,2023-07-06,CCILZC29,F,950.0,950.0,877.49,900.0,944.5,32,169,153482.0
2023-07-06,2023-07-06,9EFSL25,F,995.8,995.8,995.8,995.8,995.8,3,61,60743.0
2023-07-06,2023-07-06,EFSLZC25,F,1000.45,1000.45,973.8,973.8,972.9,3,45,43954.0
2023-07-06,2023-07-06,920EFSL26B,F,950.0,950.0,948.0,950.0,950.0,13,1151,1093251.0
2023-07-06,2023-07-06,967EFSL28D,F,971.0,971.0,970.0,970.0,970.0,4,60,58210.0
2023-07-06,2023-07-06,1010EFS28A,F,970.55,970.55,970.55,970.55,965.0,1,10,9705.0
2023-07-06,2023-07-06,10EFSL33B,F,998.9,999.0,985.99,986.0,985.0,16,567,563211.0
2023-07-06,2023-07-06,865IIFL28,F,951.1,951.1,951.1,951.1,960.0,1,10,9511.0
2023-07-06,2023-07-06,810MFL25,F,972.8,972.8,972.8,972.8,974.8,1,7,6809.0
2023-07-06,2023-07-06,775MFL26,F,958.0,958.0,958.0,958.0,983.8,1,10,9580.0
2023-07-06,2023-07-06,920EFSL26,F,945.0,945.0,929.99,930.0,945.0,41,944,882503.0
2023-07-06,2023-07-06,960EFSL26,F,980.0,980.0,980.0,980.0,990.0,1,10,9800.0
2023-07-06,2023-07-06,10EFSL33,F,990.0,999.0,990.0,999.0,990.0,4,200,199350.0
2023-07-06,2023-07-06,1045EFS33B,F,985.0,985.0,970.0,970.0,985.0,8,215,210802.0
2023-07-06,2023-07-06,775MFL2025,F,982.8,982.8,982.8,982.8,960.2,3,111,109090.0
2023-07-06,2023-07-06,84MFL25,F,970.0,970.0,970.0,970.0,965.25,1,1,970.0
2023-07-06,2023-07-06,9MFL30A,F,970.0,970.0,970.0,970.0,996.9,1,16,15520.0
2023-07-06,2023-07-06,MFL25A,F,980.0,999.99,980.0,999.99,990.0,6,1005,1002984.0
2023-07-06,2023-07-06,MFL26Z,F,990.0,990.0,990.0,990.0,1000.0,1,200,198000.0
2023-07-06,2023-07-06,1150IML28,F,1020.0,1035.0,1020.0,1033.97,1024.65,4,30,30884.0
2023-07-06,2023-07-06,975UPPCL26,F,1009321.0,1009321.0,1009321.0,1009321.0,1025823.79,1,1,1009321.0
2023-07-06,2023-07-06,1015UPPC25,F,1011100.0,1011100.0,1011100.0,1011100.0,1032000.0,1,1,1011100.0
2023-07-06,2023-07-06,1015UPPC26,F,1030000.0,1030000.0,1019560.0,1019560.0,1045000.0,3,3,3078560.0
2023-07-06,2023-07-06,1015UPPC28,F,1039500.0,1039500.0,1039000.0,1039000.0,1075000.0,2,2,2078500.0
2023-07-06,2023-07-06,1032APCR26,F,202760.0,202900.0,202760.0,202853.33,202720.0,3,15,3042800.0
2023-07-06,2023-07-06,1025SFL24B,F,1010000.0,1010000.0,1010000.0,1010000.0,1009061.01,1,1,1010000.0
2023-07-06,2023-07-06,1375SIBPER,F,108328.0,108328.0,108328.0,108328.0,108239.0,1,10,1083280.0
2023-07-06,2023-07-06,PFCBT1S3,F,5096.0,5096.0,5016.0,5016.0,5096.0,3,8,40448.0
2023-07-06,2023-07-06,830NHAI27,F,1163.0,1163.0,1163.0,1163.0,1159.84,1,50,58150.0
2023-07-06,2023-07-06,830PFCL27,F,1150.0,1150.0,1150.0,1150.0,1147.85,1,335,385250.0
2023-07-06,2023-07-06,82HUDCO27,F,1122.0,1124.0,1114.5,1114.5,1122.0,5,321,357925.0
2023-07-06,2023-07-06,812REC27,F,1087.74,1087.74,1087.74,1087.74,1090.0,1,1,1087.0
2023-07-06,2023-07-06,751HUDCO28,F,1114.5,1114.5,1114.5,1114.5,1110.5,1,900,1003050.0
2023-07-06,2023-07-06,826REC23,F,1048.0,1048.0,1045.0,1045.0,1052.9,2,300,314250.0
2023-07-06,2023-07-06,871REC28,F,1192.0,1192.0,1190.5,1190.84,1195.01,12,1488,1773262.0
2023-07-06,2023-07-06,851HUDCO28,F,1197.01,1197.01,1197.01,1197.01,1196.0,2,98,117306.0
2023-07-06,2023-07-06,839HUDCO23,F,1066.69,1066.69,1033.23,1065.97,1067.05,7,510,535344.0
2023-07-06,2023-07-06,876HUDCO28,F,1201.0,1201.0,1201.0,1201.0,1201.0,1,20,24020.0
2023-07-06,2023-07-06,892NHPC33,F,1281.0,1281.0,1281.0,1281.0,1291.0,1,200,256200.0
2023-07-06,2023-07-06,863IIFCL28,F,1192.05,1192.05,1192.05,1192.05,1192.05,1,100,119205.0
2023-07-06,2023-07-06,879PFCL28,F,1195.0,1200.0,1195.0,1200.0,1195.0,11,965,1156246.0
2023-07-06,2023-07-06,892PFCL33,F,1323.99,1323.99,1322.5,1322.5,1324.0,8,600,793998.0
2023-07-06,2023-07-06,891NTPC33,F,1330.0,1330.0,1321.5,1323.25,1315.0,11,183,243000.0
2023-07-06,2023-07-06,876HUDCO24,F,1051.0,1058.0,1051.0,1058.0,1051.0,2,101,106158.0
2023-07-06,2023-07-06,901HUDCO34,F,1326.0,1326.0,1326.0,1326.0,1334.0,1,20,26520.0
2023-07-06,2023-07-06,866IIFC34B,F,1299.7,1299.7,1299.7,1299.7,1268.0,1,2100,2729370.0
2023-07-06,2023-07-06,866IIFCL24C,F,1051.6,1051.6,1051.6,1051.6,1045.1,1,50,52580.0
2023-07-06,2023-07-06,852NHAI24,F,1039.85,1044.78,1038.1,1044.78,1068.98,5,318,331609.0
2023-07-06,2023-07-06,875NHAI29,F,1208.0,1209.0,1208.0,1209.0,1190.0,2,100,120890.0
2023-07-06,2023-07-06,848IRFC24,F,1036.0,1036.0,1035.5,1035.5,1023.49,3,19,19677.0
2023-07-06,2023-07-06,880IREDA29,F,1191.0,1191.0,1191.0,1191.0,1204.0,1,1,1191.0
2023-07-06,2023-07-06,861KPL24,F,1049.9,1049.9,1049.9,1049.9,1032.0,2,39,40946.0
2023-07-06,2023-07-06,900KPL29,F,1195.0,1195.0,1195.0,1195.0,1189.0,1,10,11950.0
2023-07-06,2023-07-06,819REC24,F,1056.0,1056.0,1056.0,1056.0,1218.9,1,29,30624.0
2023-07-06,2023-07-06,841IIFC24B,F,1032.0,1033.0,1032.0,1033.0,1035.0,2,45,46445.0
2023-07-06,2023-07-06,880IIFCL29,F,1167.01,1167.01,1167.01,1167.01,1178.0,1,40,46680.0
2023-07-06,2023-07-06,880IIFCL34,F,1265.01,1280.0,1265.01,1280.0,1290.0,3,50,63700.0
2023-07-06,2023-07-06,753NTPC30E,F,1161.66,1161.66,1161.66,1161.66,1159.6,1,28,32526.0
2023-07-06,2023-07-06,SHAREINWARR,W,788.0,788.0,788.0,788.0,788.0,1,10,7880.0
2023-07-06,2023-07-06,1075IFCI26,F,32450.0,32546.97,32375.0,32460.05,32417.73,6,60,1947010.0
2023-07-06,2023-07-06,1075IFC26A,F,11200.0,11200.0,11150.0,11150.0,11100.0,11,130,1451500.0
2023-07-06,2023-07-06,872IFCI27,F,12200.0,12200.0,12010.05,12010.05,12200.0,3,17,206680.0
2023-07-06,2023-07-06,990IFCI27B,F,26055.0,26055.0,26055.0,26055.0,24255.0,2,8,208440.0
2023-07-06,2023-07-06,675PFL31,F,806.14,806.25,806.14,806.25,807.2,3,210,169290.0
2023-07-06,2023-07-06,995UPPCL27,F,1030000.0,1030000.0,1030000.0,1030000.0,1052444.0,1,1,1030000.0
2023-07-06,2023-07-06,962APSB31A,F,1014500.0,1014500.0,1014500.0,1014500.0,1013224.66,1,1,1014500.0
2023-07-06,2023-07-06,11MML26,F,100700.0,101150.0,100700.0,100700.0,100700.0,9,11,1109600.0
2023-07-06,2023-07-06,1075MSFS28,F,100200.0,100200.0,100200.0,100200.0,100117.49,1,1,100200.0
2023-07-06,2023-07-06,9FFSL30,F,99099.0,99099.0,99099.0,99099.0,99999.99,3,4,396396.0
2023-07-06,2023-07-06,11MML26A,F,100500.0,100710.0,100500.0,100700.0,100500.0,7,28,2817928.0
2023-07-06,2023-07-06,1050HFL28A,F,100230.0,100230.0,100230.0,100230.0,100201.0,3,16,1603680.0
2023-07-06,2023-07-06,HFL280623,F,100241.0,100241.0,100241.0,100241.0,100211.0,1,3,300723.0
2023-07-06,2023-07-06,849KIIFB31,F,100270.0,100270.0,100270.0,100270.0,0.0,1,20,2005400.0
