TradDt,BizDt,TckrSymb,SctySrs,OpnPric,HghPric,LwPric,ClsPric,PrvsClsgPric,TtlNbOfTxsExctd,TtlTradgVol,TtlTrfVal
2022-08-16,2022-08-16,ABB,A,2810.0,2910.0,2810.0,2900.7,2795.25,2340,14781,42466831.0
2022-08-16,2022-08-16,AEGISLOG,A,270.0,277.4,265.05,270.3,270.9,3008,114494,30968891.0
2022-08-16,2022-08-16,ARE&M,A,520.05,524.7,515.0,522.6,513.65,1676,27760,14475440.0
2022-08-16,2022-08-16,AMBALALSA,X,29.05,29.7,28.8,29.0,29.0,346,60034,1742375.0
2022-08-16,2022-08-16,HDFC,A,2462.0,2490.0,2462.0,2484.2,2456.7,5592,56651,140533447.0
2022-08-16,2022-08-16,ANDHRAPET,B,83.5,85.15,82.95,83.6,82.6,803,92090,7731635.0
2022-08-16,2022-08-16,ANSALAPI,B,15.75,16.1,15.5,15.65,16.05,40,4728,74069.0
2022-08-16,2022-08-16,UTIQUE,X,5.68,6.07,5.27,6.07,5.06,440,396811,2359954.0
2022-08-16,2022-08-16,ARUNAHTEL,X,14.9,15.45,14.0,14.77,15.25,75,7117,104482.0
2022-08-16,2022-08-16,BOMDYEING,A,101.45,105.0,101.05,103.45,100.9,3010,292028,30181470.0
2022-08-16,2022-08-16,ASIANHOTNR,B,85.5,96.85,83.45,92.7,85.5,1249,63810,5954588.0
2022-08-16,2022-08-16,ATUL,A,9307.4,9396.0,9256.05,9311.55,9218.55,361,622,5792788.0
2022-08-16,2022-08-16,ATVPR,XT,9.85,9.85,9.13,9.27,9.53,68,15335,144313.0
2022-08-16,2022-08-16,BAJAJELEC,A,1146.05,1161.0,1136.1,1143.3,1146.05,1334,7335,8422073.0
2022-08-16,2022-08-16,BAJAJHIND,A,10.05,10.51,10.03,10.15,10.69,2625,2066992,21135828.0
2022-08-16,2022-08-16,FORCEMOT,A,1107.0,1129.75,1093.85,1107.35,1116.5,984,6427,7108565.0
2022-08-16,2022-08-16,BAJFINANCE,A,7317.0,7385.0,7271.4,7285.6,7308.8,2677,17007,124570383.0
2022-08-16,2022-08-16,BALRAMCHIN,A,339.6,344.8,336.45,341.2,339.5,4619,129943,44316655.0
2022-08-16,2022-08-16,BANCOINDIA,B,195.5,201.0,192.15,198.7,186.15,2790,99573,19703236.0
2022-08-16,2022-08-16,ABREL,A,840.05,850.05,830.25,834.8,844.45,973,8135,6822853.0
2022-08-16,2022-08-16,BANARISUG,B,2742.35,2832.85,2740.35,2802.75,2695.4,52,74,206268.0
2022-08-16,2022-08-16,BASF,A,3098.55,3297.45,3070.0,3269.15,3069.55,2376,10637,34437057.0
2022-08-16,2022-08-16,BATAINDIA,A,1903.25,1984.75,1903.25,1974.9,1912.25,4882,46165,90723255.0
2022-08-16,2022-08-16,BEML,A,1756.15,1771.9,1724.15,1756.95,1756.15,3158,25884,45277842.0
2022-08-16,2022-08-16,BEL,A,292.8,295.25,290.2,293.8,290.9,2493,166957,48981116.0
2022-08-16,2022-08-16,BEPL,A,109.85,114.45,108.15,113.1,107.8,2286,89088,10016579.0
2022-08-16,2022-08-16,BIHSPONG,XT,8.7,9.04,8.45,8.83,8.87,113,35476,307128.0
2022-08-16,2022-08-16,BIRLACABLE,B,124.0,124.0,118.55,119.15,118.7,947,20127,2403227.0
2022-08-16,2022-08-16,BLUESTARCO,A,999.0,1025.0,998.95,1011.65,995.5,1189,16248,16481179.0
2022-08-16,2022-08-16,DISAQ,X,7810.0,7947.0,7500.0,7883.85,7957.35,144,901,7023684.0
2022-08-16,2022-08-16,QUESTCAP,X,240.0,248.0,233.15,245.6,240.0,49,1732,419059.0
2022-08-16,2022-08-16,BPL,B,70.55,72.25,70.0,71.0,70.0,237,10125,716619.0
2022-08-16,2022-08-16,OAL,B,530.75,535.0,516.9,518.45,525.0,228,1660,868031.0
2022-08-16,2022-08-16,CENTEXT,B,9.63,10.27,9.63,10.15,10.21,142,19679,198309.0
2022-08-16,2022-08-16,CESC,A,79.6,80.0,78.8,79.05,79.45,1678,91107,7221778.0
2022-08-16,2022-08-16,CHAMBLFERT,A,345.0,345.8,337.3,341.75,342.85,1123,39296,13418803.0
2022-08-16,2022-08-16,EXIDEIND,A,159.95,165.4,159.5,164.15,159.15,4161,379216,61844052.0
2022-08-16,2022-08-16,CIPLA,A,1022.6,1035.5,1022.6,1033.85,1027.35,2248,31171,32154863.0
2022-08-16,2022-08-16,DICIND,B,398.0,398.0,387.0,387.0,399.35,22,114,44923.0
2022-08-16,2022-08-16,CRISIL,A,3250.0,3295.0,3224.05,3280.05,3261.6,820,2736,8921868.0
2022-08-16,2022-08-16,CGPOWER,A,238.0,240.15,234.9,238.4,235.75,4128,183336,43594203.0
2022-08-16,2022-08-16,DABUR,A,578.05,587.95,577.8,579.1,581.6,3141,56254,32718740.0
2022-08-16,2022-08-16,DALMIASUG,A,340.35,341.3,334.55,338.05,338.0,441,9025,3053355.0
2022-08-16,2022-08-16,ARVIND,A,96.3,97.45,95.1,95.4,95.7,1042,57804,5531448.0
2022-08-16,2022-08-16,BALARPURIND,Z,1.15,1.15,1.15,1.15,1.21,82,516149,593571.0
2022-08-16,2022-08-16,BHEL,A,52.85,54.05,52.8,53.85,52.95,4357,1655839,88742943.0
2022-08-16,2022-08-16,HINDPETRO,A,249.0,256.0,246.2,255.2,245.9,6725,491639,123835085.0
2022-08-16,2022-08-16,IFCI,A,10.02,10.25,9.96,10.07,9.99,547,470368,4745101.0
2022-08-16,2022-08-16,MTNL,A,23.95,23.95,23.0,23.2,23.55,1119,296038,6924885.0
2022-08-16,2022-08-16,MRPL,A,75.15,75.6,73.2,73.65,75.15,3274,362029,26872892.0
2022-08-16,2022-08-16,CHENNPETRO,B,266.5,268.0,262.05,264.65,266.3,1971,116028,30728901.0
2022-08-16,2022-08-16,RELCAPITAL,T,13.45,13.73,13.29,13.51,13.45,428,126573,1703346.0
2022-08-16,2022-08-16,SBIN,A,532.0,534.0,525.0,525.9,530.65,6541,283045,149497994.0
2022-08-16,2022-08-16,SAIL,A,82.4,83.0,80.25,82.7,81.55,5643,1096137,89612038.0
2022-08-16,2022-08-16,TITAN,A,2452.0,2499.0,2433.8,2493.65,2471.95,6886,65495,162854031.0
2022-08-16,2022-08-16,IDBI,A,39.85,41.5,39.15,40.3,39.85,4525,1926165,77598950.0
2022-08-16,2022-08-16,DCW,B,43.3,43.65,39.5,40.05,42.1,3908,545576,22706924.0
2022-08-16,2022-08-16,DHAMPURSUG,A,224.0,233.0,221.55,230.6,222.45,2966,77698,17727686.0
2022-08-16,2022-08-16,DIAMINESQ,X,468.0,488.0,466.8,483.25,454.65,1248,61286,29411384.0
2022-08-16,2022-08-16,ELANTAS,B,4247.5,4360.15,4149.9,4184.2,4143.3,218,3532,15040120.0
2022-08-16,2022-08-16,DRREDDY,A,4262.0,4318.05,4262.0,4296.9,4262.25,2158,11363,48875699.0
2022-08-16,2022-08-16,EIDPARRY,A,579.9,582.0,569.0,580.3,579.9,1875,32547,18768507.0
2022-08-16,2022-08-16,PGHL,A,4409.0,4425.0,4372.25,4392.5,4376.0,445,722,3172368.0
2022-08-16,2022-08-16,ELECTCAST,B,37.0,37.1,35.05,35.35,37.15,1204,152413,5470750.0
2022-08-16,2022-08-16,ESABINDIA,A,3341.0,3341.0,3288.9,3302.45,3290.75,234,481,1593150.0
2022-08-16,2022-08-16,EPL,A,163.65,166.55,162.0,162.7,165.25,715,12327,2024247.0
2022-08-16,2022-08-16,ESTER,B,147.05,150.9,141.25,146.25,140.7,751,16766,2446192.0
2022-08-16,2022-08-16,FGP,X,7.81,7.81,7.45,7.54,7.81,22,1779,13397.0
2022-08-16,2022-08-16,PHCAP,X,75.7,88.0,75.7,81.1,80.0,88,3944,331219.0
2022-08-16,2022-08-16,FINCABLES,A,440.45,465.2,437.0,458.05,435.75,1506,34487,15463075.0
2022-08-16,2022-08-16,COCKERILL,X,1100.0,1117.7,1064.0,1099.65,1089.25,105,1688,1829155.0
2022-08-16,2022-08-16,UFLEX,A,688.0,694.95,679.75,686.5,678.2,2480,45421,31168681.0
2022-08-16,2022-08-16,FOSECOIND,B,1766.0,1766.0,1739.2,1751.6,1758.05,48,159,279791.0
2022-08-16,2022-08-16,GOLDENTOBC,T,84.0,85.0,80.6,83.0,83.05,31,1282,106770.0
2022-08-16,2022-08-16,GANESHBE,B,130.0,132.3,129.5,131.0,129.65,566,10591,1386434.0
2022-08-16,2022-08-16,METROGLOBL,X,81.2,86.3,81.2,83.55,85.0,59,1912,159750.0
2022-08-16,2022-08-16,GTL,B,8.94,9.0,8.8,8.85,8.88,389,123662,1096753.0
2022-08-16,2022-08-16,GODFRYPHLP,A,1185.35,1185.75,1164.15,1177.6,1184.45,262,524,615242.0
2022-08-16,2022-08-16,GODREJIND,A,468.0,488.6,468.0,483.65,466.6,956,13108,6332216.0
2022-08-16,2022-08-16,KANSAINER,A,500.35,511.95,497.0,499.3,494.2,838,9427,4737270.0
2022-08-16,2022-08-16,GOODRICKE,X,233.9,233.9,222.2,222.85,227.4,126,9215,2066187.0
2022-08-16,2022-08-16,GOODYEAR,B,1020.85,1047.5,1020.85,1035.4,1032.0,634,4448,4623430.0
2022-08-16,2022-08-16,GTNINDS,X,59.7,59.7,54.0,59.7,54.3,434,130618,7716302.0
2022-08-16,2022-08-16,GHCL,A,620.0,625.45,616.0,619.75,616.25,691,11039,6848239.0
2022-08-16,2022-08-16,GFLLIMITED,B,75.55,78.4,74.6,76.1,75.9,180,8578,659948.0
2022-08-16,2022-08-16,GLFL,B,3.08,3.08,3.08,3.08,2.94,1,1190,3665.0
2022-08-16,2022-08-16,HCL-INSYS,B,17.25,17.55,17.0,17.1,17.2,866,83629,1434539.0
2022-08-16,2022-08-16,HDFCBANK,A,1490.0,1508.6,1488.25,1501.95,1484.75,6033,131621,197697392.0
2022-08-16,2022-08-16,HEROMOTOCO,A,2784.05,2844.8,2783.7,2816.6,2760.9,2969,22616,63630674.0
2022-08-16,2022-08-16,HFCL,A,74.8,75.7,73.75,74.25,74.95,5222,833895,62466973.0
2022-08-16,2022-08-16,HSCL,A,96.95,102.5,95.8,100.9,95.4,8096,1207852,121329453.0
2022-08-16,2022-08-16,HCC,A,12.22,12.86,12.22,12.65,12.3,1362,779114,9788416.0
2022-08-16,2022-08-16,HINDOILEXP,A,169.95,169.95,160.95,162.85,169.75,1493,59240,9756742.0
2022-08-16,2022-08-16,AGI,B,306.5,307.7,296.85,300.1,305.25,1212,33395,10081735.0
2022-08-16,2022-08-16,HINDZINC,A,275.0,301.5,271.45,292.3,273.75,10315,444067,127854727.0
2022-08-16,2022-08-16,NDLVENTURE,B,401.05,426.8,401.05,421.85,411.4,230,3213,1333326.0
2022-08-16,2022-08-16,HMT,Z,23.3,25.0,23.3,23.9,24.5,28,2928,69612.0
2022-08-16,2022-08-16,PRAGBOS,XT,2.69,2.74,2.57,2.59,2.7,56,20850,54439.0
2022-08-16,2022-08-16,HLVLTD,B,9.7,10.2,9.5,10.02,9.64,205,43978,432617.0
2022-08-16,2022-08-16,IGPL,A,631.5,639.65,626.1,631.25,623.85,601,3484,2204391.0
2022-08-16,2022-08-16,INDIAGLYCO,A,805.05,848.0,802.95,842.1,797.95,954,8153,6728922.0
2022-08-16,2022-08-16,INDLEASE,X,7.84,7.84,7.84,7.84,8.25,5,511,4006.0
2022-08-16,2022-08-16,MARGOFIN,X,26.0,26.0,26.0,26.0,26.3,8,840,21840.0
2022-08-16,2022-08-16,INDORAMA,B,59.05,62.75,57.75,62.35,58.3,472,23832,1474682.0
2022-08-16,2022-08-16,INFY,A,1601.2,1608.45,1591.1,1595.8,1594.5,11135,140346,224374290.0
2022-08-16,2022-08-16,INGERRAND,A,1740.0,1740.0,1681.55,1702.45,1727.2,1481,5728,9739211.0
2022-08-16,2022-08-16,INSILCOLTD,X,7.12,7.45,6.86,7.28,7.12,92,18491,131378.0
2022-08-16,2022-08-16,ITHL,X,141.9,146.0,139.1,140.15,138.0,39,2592,363319.0
2022-08-16,2022-08-16,IONEXCHANG,A,1770.0,1825.55,1770.0,1791.15,1764.0,786,12710,22879864.0
2022-08-16,2022-08-16,SUNDROP,B,780.0,783.25,771.0,775.65,778.85,85,393,305464.0
2022-08-16,2022-08-16,JISLJALEQS,A,35.2,36.45,34.9,35.85,35.95,1763,508635,18127696.0
2022-08-16,2022-08-16,JASCH,X,157.2,162.0,157.2,158.75,160.25,218,11449,1824334.0
2022-08-16,2022-08-16,JCTLTD,XT,3.63,3.63,3.63,3.63,3.82,831,765687,2779443.0
2022-08-16,2022-08-16,JINDALPOLY,A,1031.95,1042.55,1020.15,1028.0,1029.4,573,3412,3501887.0
2022-08-16,2022-08-16,JSWSTEEL,A,682.6,682.6,670.8,673.8,678.1,1867,57716,38937006.0
2022-08-16,2022-08-16,UMANGDAIRY,B,54.55,56.65,54.55,55.85,55.6,141,4013,222534.0
2022-08-16,2022-08-16,KAJARIACER,A,1165.85,1165.85,1130.85,1138.65,1140.0,378,1408,1607691.0
2022-08-16,2022-08-16,KAKATCEM,B,204.4,207.9,198.2,202.85,204.4,147,1320,270652.0
2022-08-16,2022-08-16,KSL,B,291.45,294.95,284.0,286.1,288.05,297,3671,1070178.0
2022-08-16,2022-08-16,KANELIND,XT,3.41,3.75,3.41,3.75,3.58,110,240861,856476.0
2022-08-16,2022-08-16,WHIRLPOOL,A,1806.35,1806.35,1775.0,1790.45,1784.4,483,2220,3973832.0
2022-08-16,2022-08-16,KGDENIM,X,34.4,36.3,34.0,35.3,34.4,33,1931,66635.0
2022-08-16,2022-08-16,KINETICENG,X,90.5,94.3,86.0,87.45,86.75,468,50583,4614001.0
2022-08-16,2022-08-16,KIRLOSBROS,B,306.0,308.55,297.35,304.9,299.25,187,2138,645156.0
2022-08-16,2022-08-16,KIRLOSIND,B,1477.0,1529.85,1429.85,1504.95,1453.45,185,969,1441472.0
2022-08-16,2022-08-16,KIRLFER,A,245.05,251.5,238.45,249.3,248.45,4196,106459,25887959.0
2022-08-16,2022-08-16,ENVAIREL,X,39.3,39.3,38.2,39.3,37.45,18,2676,104768.0
2022-08-16,2022-08-16,KOTAKBANK,A,1840.05,1860.9,1839.25,1846.7,1841.1,1795,22335,41307931.0
2022-08-16,2022-08-16,KSB,A,1780.0,1834.0,1725.6,1819.55,1713.2,2390,9260,16480107.0
2022-08-16,2022-08-16,LGBBROSLTD,A,735.0,748.0,717.7,734.95,727.25,2448,29510,21702416.0
2022-08-16,2022-08-16,TRENT,A,1396.55,1453.45,1390.95,1410.25,1381.95,6080,62241,88588657.0
2022-08-16,2022-08-16,LMW,A,11350.0,11640.0,11350.0,11542.25,11286.65,677,973,11220335.0
2022-08-16,2022-08-16,LICHSGFIN,A,389.65,394.0,385.9,393.25,386.75,4064,178444,69729144.0
2022-08-16,2022-08-16,LUPIN,A,683.05,689.45,674.9,684.1,682.6,1187,20952,14276313.0
2022-08-16,2022-08-16,LYKALABS,B,113.0,119.75,113.0,117.65,118.7,588,7855,919645.0
2022-08-16,2022-08-16,RAMCOCEM,A,754.2,769.15,751.25,758.45,749.35,1149,14473,11020749.0
2022-08-16,2022-08-16,MAFATIND,X,230.0,239.95,226.25,230.5,230.7,67,2978,687867.0
2022-08-16,2022-08-16,MAHSEAMLES,A,788.0,788.0,764.9,779.15,772.2,1076,12199,9480428.0
2022-08-16,2022-08-16,MAHSCOOTER,A,4139.3,4148.75,4039.45,4098.8,4075.55,285,461,1892446.0
2022-08-16,2022-08-16,MAJESAUT,X,125.35,144.45,125.0,134.6,127.9,190,12109,1647545.0
2022-08-16,2022-08-16,MANALIPETC,A,94.0,95.1,93.5,94.15,94.1,2133,122529,11561856.0
2022-08-16,2022-08-16,BARODARY,XT,44.9,44.9,44.9,44.9,42.8,2,26,1167.0
2022-08-16,2022-08-16,MFSL,A,804.35,822.0,797.75,816.65,791.65,1433,21803,17654180.0
2022-08-16,2022-08-16,MIDINDIA,XT,19.95,20.0,19.0,19.0,19.95,90,9351,178517.0
2022-08-16,2022-08-16,ONIDA,B,16.0,16.0,15.2,15.66,15.86,342,57027,884971.0
2022-08-16,2022-08-16,CENTENKA,A,441.75,457.0,441.75,456.35,440.05,1254,13363,6067514.0
2022-08-16,2022-08-16,LORDSCHLO,XT,219.9,223.7,213.1,223.4,213.05,334,31668,7050518.0
2022-08-16,2022-08-16,SPICEJET,A,46.7,47.75,46.35,46.75,45.85,2900,421263,19698804.0
2022-08-16,2022-08-16,MOREPENLAB,A,35.0,35.35,34.3,34.65,34.75,2463,254301,8866223.0
2022-08-16,2022-08-16,MRF,A,83250.05,87501.0,83250.05,87037.85,83250.3,1195,1785,153655003.0
2022-08-16,2022-08-16,HEIDELBERG,A,197.4,197.45,192.7,194.95,195.0,693,14625,2866537.0
2022-08-16,2022-08-16,NCC,A,64.3,66.0,63.35,65.85,64.5,2918,462144,30027419.0
2022-08-16,2022-08-16,VEDL,A,264.85,266.8,254.65,262.75,262.5,19302,1230310,318313096.0
2022-08-16,2022-08-16,NAHARSPING,B,305.0,309.35,300.0,301.65,304.1,681,6473,1975516.0
2022-08-16,2022-08-16,NAPEROL,X,1550.0,1574.0,1531.05,1546.9,1527.15,153,1978,3060625.0
2022-08-16,2022-08-16,GRASIM,A,1634.0,1634.0,1543.4,1591.7,1622.7,4279,47967,75867726.0
2022-08-16,2022-08-16,PEL,A,1949.8,1957.25,1891.45,1927.7,1919.95,2605,32578,62730057.0
2022-08-16,2022-08-16,NIITLTD,A,345.05,357.1,345.05,354.1,348.95,1936,43117,15194528.0
2022-08-16,2022-08-16,JAYKAY,X,69.9,69.9,63.5,65.9,65.6,209,37751,2467628.0
2022-08-16,2022-08-16,NIRLON,B,374.65,374.65,365.95,369.3,366.95,216,2968,1094662.0
2022-08-16,2022-08-16,ONGC,A,141.2,142.0,136.1,139.9,139.25,15190,2185259,303106462.0
2022-08-16,2022-08-16,OILCOUNTUB,T,8.24,8.6,8.2,8.4,8.24,26,14616,122175.0
2022-08-16,2022-08-16,ORIENTHOT,B,70.1,73.65,69.4,71.4,69.9,2700,215937,15501682.0
2022-08-16,2022-08-16,OSWALAGRO,B,37.55,38.2,34.85,35.9,37.45,218,6110,221963.0
2022-08-16,2022-08-16,INDSUCR,X,59.9,60.25,57.0,59.9,58.15,147,27900,1659964.0
2022-08-16,2022-08-16,RELIANCE,A,2649.8,2656.6,2627.8,2650.55,2632.65,7713,75427,199326744.0
2022-08-16,2022-08-16,PILITA,B,8.17,8.4,8.03,8.18,8.09,153,59886,491442.0
2022-08-16,2022-08-16,RAYMOND,A,936.4,955.3,936.4,941.0,936.05,796,6214,5875740.0
2022-08-16,2022-08-16,PIDILITIND,A,2625.1,2679.0,2625.1,2665.15,2624.4,4491,25624,67949455.0
2022-08-16,2022-08-16,PIXTRANS,B,962.95,973.8,925.0,932.6,962.95,1298,5936,5614310.0
2022-08-16,2022-08-16,BIRLACORPN,A,944.95,982.75,944.95,969.5,941.6,2367,27181,26395109.0
2022-08-16,2022-08-16,SURYAROSNI,A,374.7,374.7,336.05,353.5,379.2,1815,28339,10001103.0
2022-08-16,2022-08-16,PRIMESECU,B,115.15,115.15,113.0,113.2,117.45,67,1553,176984.0
2022-08-16,2022-08-16,PRSMJOHNSN,A,122.15,125.0,121.1,123.25,120.85,874,355719,43590739.0
2022-08-16,2022-08-16,RAIN,A,196.95,197.15,193.35,195.35,196.4,1364,72079,14045087.0
2022-08-16,2022-08-16,AMJLAND,B,23.55,26.7,23.55,25.05,25.75,86,4197,106517.0
2022-08-16,2022-08-16,PUNJCOMMU,B,35.7,36.5,34.55,35.65,35.0,29,811,28372.0
2022-08-16,2022-08-16,RSWM,B,403.8,403.8,397.5,398.75,393.95,1467,21624,8643969.0
2022-08-16,2022-08-16,RAJSREESUG,B,32.4,33.8,32.4,33.2,33.35,90,3930,130709.0
2022-08-16,2022-08-16,RALLIS,A,223.55,227.85,222.05,225.25,224.95,1659,79539,17857371.0
2022-08-16,2022-08-16,RAMANEWS,B,16.45,16.55,16.05,16.25,16.3,15,837,13721.0
2022-08-16,2022-08-16,RAMAPPR-B,X,23.7,24.9,21.2,21.7,21.0,30,9669,217771.0
2022-08-16,2022-08-16,RAMAPETRO,X,4.38,4.38,3.98,4.31,4.18,3,1605,6989.0
2022-08-16,2022-08-16,RAPICUT,X,64.0,64.0,56.0,56.95,61.35,68,5841,336343.0
2022-08-16,2022-08-16,WELSPLSOL,X,16.5,16.7,16.2,16.6,16.15,134,54518,897556.0
2022-08-16,2022-08-16,ROLTA,B,4.9,4.99,4.85,4.9,4.9,144,53110,261418.0
2022-08-16,2022-08-16,RUBFILA,X,78.6,79.8,78.6,79.35,78.6,307,36404,2890976.0
2022-08-16,2022-08-16,PATANJALI,T,1114.8,1137.0,1100.0,1130.55,1104.05,667,16056,17938691.0
2022-08-16,2022-08-16,SALORAINTL,X,40.05,41.85,38.0,38.0,40.05,18,444,17527.0
2022-08-16,2022-08-16,JINDALSAW,A,84.95,85.75,82.85,85.0,83.55,1117,84341,7102969.0
2022-08-16,2022-08-16,JKLAKSHMI,A,474.35,483.7,474.35,477.7,473.35,1311,20199,9684168.0
2022-08-16,2022-08-16,SHREECEM,A,21055.1,21601.6,21055.1,21439.05,21151.55,270,387,8283663.0
2022-08-16,2022-08-16,SKPMIL,XT,17.8,19.05,17.25,19.05,18.15,14,547,9915.0
2022-08-16,2022-08-16,RELINFRA,A,115.7,118.2,115.7,116.5,115.1,2335,156325,18267474.0
2022-08-16,2022-08-16,TATAPOWER,A,232.4,237.45,231.35,236.0,232.4,30581,2126597,497630925.0
2022-08-16,2022-08-16,SPMLINFRA,T,38.25,40.95,38.25,39.75,39.8,31,2075,82123.0
2022-08-16,2022-08-16,SUNDRMFAST,A,805.35,845.0,802.7,835.1,823.9,842,6885,5735044.0
2022-08-16,2022-08-16,SUNFLAG,B,86.45,86.8,84.0,84.25,83.35,2142,83459,7107635.0
2022-08-16,2022-08-16,SPLPETRO,A,835.0,843.95,824.0,841.75,821.5,732,4625,3878894.0
2022-08-16,2022-08-16,SWARAJENG,B,1647.0,1650.0,1592.7,1612.2,1598.4,217,1794,2893140.0
2022-08-16,2022-08-16,TATAELXSI,A,10350.0,10719.6,10350.0,10576.9,10241.45,16163,64558,681825911.0
2022-08-16,2022-08-16,ACC,A,2269.9,2277.4,2240.0,2269.25,2231.25,1848,15922,36040583.0
2022-08-16,2022-08-16,THERMAX,A,2118.7,2165.2,2095.3,2157.9,2105.7,408,1484,3159924.0
2022-08-16,2022-08-16,TIRUMALCHM,A,229.05,234.0,228.9,231.1,228.8,937,40464,9355770.0
2022-08-16,2022-08-16,THOMASCOOK,A,69.65,72.0,69.5,70.15,70.1,1251,78052,5514562.0
2022-08-16,2022-08-16,TIMEX,XT,80.6,80.6,76.0,76.85,78.25,295,211312,16224816.0
2022-08-16,2022-08-16,TOKYOPLAST,B,92.85,93.0,92.0,92.55,91.7,13,112,10401.0
2022-08-16,2022-08-16,TORNTPHARM,A,1547.2,1605.0,1547.2,1572.9,1539.2,1204,6808,10750756.0
2022-08-16,2022-08-16,TRANSCHEM,X,20.35,22.4,19.8,21.0,20.85,62,9646,202820.0
2022-08-16,2022-08-16,AMBUJACEM,A,389.0,398.85,385.5,396.2,384.3,7702,413262,163011888.0
2022-08-16,2022-08-16,UTLINDS,X,3.54,3.62,3.54,3.61,3.54,165,41834,149951.0
2022-08-16,2022-08-16,UNIENTER,B,126.05,126.55,123.7,124.0,124.15,97,1143,143317.0
2022-08-16,2022-08-16,VHL,B,2878.55,2925.0,2824.8,2873.65,2925.0,166,1034,2958927.0
2022-08-16,2022-08-16,HINDALCO,A,437.0,437.0,422.25,429.1,436.1,5677,268652,115245083.0
2022-08-16,2022-08-16,WSTCSTPAPR,A,515.0,542.0,507.85,539.15,512.7,2021,48334,25578469.0
2022-08-16,2022-08-16,HOCL,B,30.35,31.15,30.0,30.45,30.35,191,39105,1202932.0
2022-08-16,2022-08-16,MPILCORPL,X,217.0,239.25,216.6,239.25,228.0,8,203,44087.0
2022-08-16,2022-08-16,PASUPTAC,B,34.0,35.75,34.0,35.6,34.0,881,34381,1205790.0
2022-08-16,2022-08-16,TEAM24,XT,8.9,8.9,8.9,8.9,9.36,127,14863,132280.0
2022-08-16,2022-08-16,PGHH,A,14880.0,14880.0,14608.0,14655.5,14804.55,208,296,4353406.0
2022-08-16,2022-08-16,MUKANDLTD,B,114.65,115.3,113.1,113.5,111.7,396,4098,467716.0
2022-08-16,2022-08-16,BBOX,B,130.0,131.05,128.0,129.35,131.75,195,3320,429092.0
2022-08-16,2022-08-16,UCAL,B,120.95,121.5,119.7,121.1,119.85,169,1517,182877.0
2022-08-16,2022-08-16,HARRMALAYA,B,152.65,153.7,150.0,150.5,151.85,264,2449,372753.0
2022-08-16,2022-08-16,FEDERALBNK,A,110.75,111.45,109.45,110.35,110.75,1909,309917,34253257.0
2022-08-16,2022-08-16,TATASTEEL,A,113.7,113.8,111.05,113.0,112.65,36987,5462751,614523563.0
2022-08-16,2022-08-16,SKFINDIA,A,4500.0,4545.0,4466.5,4521.1,4497.2,446,2011,9064506.0
2022-08-16,2022-08-16,ASHOKLEY,A,148.05,150.0,146.95,149.45,147.05,3745,396659,58840998.0
2022-08-16,2022-08-16,CUMMINSIND,A,1252.0,1271.45,1252.0,1261.65,1249.05,770,107252,135525530.0
2022-08-16,2022-08-16,TATACOMM,A,1104.7,1104.7,1075.0,1083.6,1095.15,3029,45491,49341416.0
2022-08-16,2022-08-16,ABBOTINDIA,A,18810.0,19360.0,18810.0,19123.95,18761.95,305,418,7984220.0
2022-08-16,2022-08-16,BAJAJHLDNG,A,5315.0,5355.5,5315.0,5345.6,5312.6,214,456,2433715.0
2022-08-16,2022-08-16,BHARATFORG,A,800.0,800.0,777.45,779.0,790.2,4160,76737,60335369.0
2022-08-16,2022-08-16,ESCORTS,A,1683.6,1848.05,1681.05,1842.55,1683.15,8903,113153,202727649.0
2022-08-16,2022-08-16,HINDMOTORS,T,15.4,16.05,15.25,16.05,15.3,333,82136,1288024.0
2022-08-16,2022-08-16,LT,A,1850.0,1861.75,1841.55,1848.45,1844.0,2355,26197,48502958.0
2022-08-16,2022-08-16,M&M,A,1277.0,1298.8,1275.1,1288.4,1259.7,7363,166187,213633097.0
2022-08-16,2022-08-16,BOSCHLTD,A,17310.0,18185.15,17306.4,18039.75,17238.75,1058,2784,49799576.0
2022-08-16,2022-08-16,PREMIER,T,4.27,4.27,3.96,4.07,4.14,15,3580,14644.0
2022-08-16,2022-08-16,BPCL,A,334.4,346.95,333.1,345.9,333.9,7350,406334,139010190.0
2022-08-16,2022-08-16,SIEMENS,A,2841.2,2922.0,2841.2,2915.55,2846.65,1867,12973,37580898.0
2022-08-16,2022-08-16,TMPV,A,478.5,491.3,478.05,489.7,477.5,10568,591551,286544335.0
2022-08-16,2022-08-16,VOLTAS,A,1025.0,1037.5,1015.8,1019.75,1007.1,1920,30727,31535057.0
2022-08-16,2022-08-16,GESHIP,A,530.9,530.9,509.0,511.45,524.1,1909,37937,19671353.0
2022-08-16,2022-08-16,DEEPAKFERT,A,864.25,907.45,864.25,907.45,864.25,2164,45044,40530899.0
2022-08-16,2022-08-16,EXCELINDUS,B,1256.15,1320.0,1256.15,1296.65,1276.0,863,4021,5147809.0
2022-08-16,2022-08-16,GRWRHITECH,B,844.65,853.0,822.0,823.7,839.2,480,1664,1395934.0
2022-08-16,2022-08-16,GLAXO,A,1449.1,1454.35,1440.0,1449.35,1441.95,216,850,1231801.0
2022-08-16,2022-08-16,GNFC,A,751.0,765.4,751.0,760.75,751.0,2431,57259,43475647.0
2022-08-16,2022-08-16,NOVARTIND,B,710.95,730.0,706.55,729.45,707.7,167,1232,886857.0
2022-08-16,2022-08-16,SANOFI,A,6399.65,6403.15,6348.05,6367.15,6382.9,613,1749,11136611.0
2022-08-16,2022-08-16,PFIZER,A,4250.0,4265.0,4243.0,4260.15,4219.35,198,534,2271396.0
2022-08-16,2022-08-16,GSFC,A,161.7,163.25,159.8,161.8,159.65,2171,169871,27522889.0
2022-08-16,2022-08-16,HINDUNILVR,A,2594.05,2647.95,2591.3,2644.55,2595.2,6987,59639,157073289.0
2022-08-16,2022-08-16,JSWDULUX,A,1921.05,1977.0,1921.05,1941.25,1921.05,432,1115,2174300.0
2022-08-16,2022-08-16,NOCIL,A,267.0,278.25,266.35,273.55,266.7,1864,73035,19905374.0
2022-08-16,2022-08-16,TATACHEM,A,1122.0,1138.65,1105.0,1122.65,1119.7,10347,218608,244353186.0
2022-08-16,2022-08-16,TNPETRO,B,97.0,99.65,97.0,98.3,98.0,1104,47698,4711796.0
2022-08-16,2022-08-16,ZUARIIND,B,160.05,187.25,160.05,184.5,162.4,2376,66882,11988660.0
2022-08-16,2022-08-16,NESTLEIND,A,19526.6,19850.0,19526.6,19697.15,19526.7,333,1181,23297033.0
2022-08-16,2022-08-16,TATACONSUM,A,765.0,780.65,765.0,779.5,763.15,3175,60827,47178590.0
2022-08-16,2022-08-16,ASIANPAINT,A,3455.0,3509.95,3455.0,3499.65,3426.0,3430,28072,98013662.0
2022-08-16,2022-08-16,BRITANNIA,A,3680.0,3722.2,3672.0,3689.2,3659.45,1149,4991,18440525.0
2022-08-16,2022-08-16,COLPAL,A,1561.5,1578.6,1556.0,1568.1,1561.5,823,4425,6935627.0
2022-08-16,2022-08-16,EIHOTEL,A,153.0,158.25,151.1,156.05,151.95,627,17928,2768979.0
2022-08-16,2022-08-16,INDHOTEL,A,273.95,277.25,272.0,275.5,271.9,3102,182609,50193372.0
2022-08-16,2022-08-16,CASTROLIND,A,114.0,115.55,113.95,115.15,114.0,1840,87570,10073104.0
2022-08-16,2022-08-16,ITC,A,309.65,311.5,308.7,310.5,308.4,4523,375538,116697972.0
2022-08-16,2022-08-16,APOLLOTYRE,A,237.0,257.35,236.05,250.1,235.95,10782,671788,167539242.0
2022-08-16,2022-08-16,CEATLTD,A,1331.4,1382.6,1331.4,1363.6,1345.85,1154,7945,10869734.0
2022-08-16,2022-08-16,MODIRUBBER,T,56.75,57.0,53.0,55.25,55.6,18,1403,76172.0
2022-08-16,2022-08-16,FINPIPE,A,144.5,147.85,143.5,144.05,143.05,4375,242632,35347439.0
2022-08-16,2022-08-16,DSINVEST,XT,229.4,229.4,229.4,229.4,234.0,1,2,458.0
2022-08-16,2022-08-16,CENTRUM,B,25.65,26.45,25.55,25.7,26.25,253,21470,555494.0
2022-08-16,2022-08-16,TCIFINANCE,T,5.3,5.3,5.3,5.3,5.1,1,15,79.0
2022-08-16,2022-08-16,IITL,B,67.5,77.0,67.5,73.1,74.35,22,884,66436.0
2022-08-16,2022-08-16,INDPRUD,X,1610.0,1700.0,1541.0,1685.65,1598.4,106,943,1575518.0
2022-08-16,2022-08-16,TATAINVEST,A,1511.9,1514.0,1495.0,1508.35,1495.7,716,2667,4020603.0
2022-08-16,2022-08-16,PRISMX,X,4.94,4.94,4.8,4.91,4.71,475,140234,691932.0
2022-08-16,2022-08-16,MOTOGENFIN,B,28.9,29.25,27.5,28.35,28.45,81,6113,170426.0
2022-08-16,2022-08-16,WALCHPF,X,116.1,121.7,103.05,113.8,121.55,47,1380,158554.0
2022-08-16,2022-08-16,WHBRADY,X,233.5,233.5,195.25,199.6,209.05,16,447,91982.0
2022-08-16,2022-08-16,TECHNVISN,XT,295.0,295.0,294.0,294.05,307.9,4,30,8821.0
2022-08-16,2022-08-16,SHAILY,B,1944.05,1960.0,1925.1,1925.4,1943.9,58,233,449701.0
2022-08-16,2022-08-16,BBTC,A,908.1,915.0,901.0,910.95,907.1,749,3913,3553552.0
2022-08-16,2022-08-16,BOMBCYC,X,778.9,792.0,735.0,785.0,750.0,66,1468,1141133.0
2022-08-16,2022-08-16,GREAVESCOT,A,173.0,176.65,172.55,175.1,171.65,3724,212812,37160283.0
2022-08-16,2022-08-16,MULLER,XT,143.4,143.4,143.4,143.4,136.6,5,186,26672.0
2022-08-16,2022-08-16,AMALGAM,XT,33.25,33.35,33.25,33.35,31.8,13,525,17484.0
2022-08-16,2022-08-16,INDIANVSH,XT,79.4,83.0,75.45,79.85,79.4,73,11398,887912.0
2022-08-16,2022-08-16,COASTCORP,B,346.35,357.0,337.0,338.75,345.45,540,5818,1979857.0
2022-08-16,2022-08-16,CHOWGULSTM,XT,11.7,11.99,11.02,11.03,11.6,16,9983,116405.0
2022-08-16,2022-08-16,GARWAOFFS,XT,49.15,49.95,45.55,48.3,47.85,155,34083,1659813.0
2022-08-16,2022-08-16,DHENUBUILD,XT,1.5,1.5,1.5,1.5,1.53,5,1384,2076.0
2022-08-16,2022-08-16,ASIIL,X,13.49,14.0,13.49,13.95,13.46,31,9558,132705.0
2022-08-16,2022-08-16,SAGCEM,A,187.25,190.9,185.0,185.15,187.0,264,8333,1565107.0
2022-08-16,2022-08-16,DECCANCE,B,524.9,531.05,521.0,528.25,524.05,154,1042,548043.0
2022-08-16,2022-08-16,MANGLMCEM,B,332.25,333.0,328.35,332.65,330.05,74,1241,411935.0
2022-08-16,2022-08-16,NCLIND,B,170.0,172.0,165.5,170.3,174.8,1462,31672,5312809.0
2022-08-16,2022-08-16,SAURASHCEM,X,59.45,59.45,56.5,57.65,58.3,162,14420,831623.0
2022-08-16,2022-08-16,SHREDIGCEM,B,63.85,65.6,63.85,64.5,64.0,573,21519,1388676.0
2022-08-16,2022-08-16,BORORENEW,A,600.0,600.0,590.85,594.65,592.55,1376,22256,13244114.0
2022-08-16,2022-08-16,RASSIREF,XT,15.45,15.45,15.45,15.45,16.25,2,101,1560.0
2022-08-16,2022-08-16,TRIVENIGQ,XT,19.75,20.95,19.3,20.3,20.1,114,56285,1111040.0
2022-08-16,2022-08-16,NILACHAL,XT,50.2,50.5,48.0,49.15,49.2,82,4541,227213.0
2022-08-16,2022-08-16,ANDHRAPAP,B,422.05,439.85,417.05,438.0,422.75,1381,21202,9074068.0
2022-08-16,2022-08-16,BALKRISIND,A,2211.8,2230.95,2187.05,2207.45,2182.3,1219,8194,18104201.0
2022-08-16,2022-08-16,ORIENTPPR,B,28.85,30.0,28.55,29.5,28.85,1286,163666,4753280.0
2022-08-16,2022-08-16,CITADEL,X,16.95,16.95,15.25,16.0,16.9,16,1546,24800.0
2022-08-16,2022-08-16,ROLLT,B,1.42,1.44,1.38,1.38,1.45,169,337107,466930.0
2022-08-16,2022-08-16,SESHAPAPER,B,253.6,262.25,246.8,259.7,245.0,1090,22353,5723499.0
2022-08-16,2022-08-16,SHBHAWANI,Z,3.1,3.3,3.1,3.3,3.15,4,20,63.0
2022-08-16,2022-08-16,NATHIND,X,65.85,65.85,63.15,64.25,63.35,64,15913,1026516.0
2022-08-16,2022-08-16,DCM,B,46.35,47.0,45.5,45.8,46.2,240,11037,508252.0
2022-08-16,2022-08-16,FORBESCO,A,580.0,620.1,559.15,576.15,516.75,5125,182417,108450820.0
2022-08-16,2022-08-16,HPCOTTON,X,118.75,118.75,109.0,109.5,111.3,94,5440,601474.0
2022-08-16,2022-08-16,KATRSPG,X,327.75,339.0,317.7,323.5,334.4,81,1466,469890.0
2022-08-16,2022-08-16,KESORAMIND,B,45.65,45.65,44.25,45.4,45.2,647,52875,2384779.0
2022-08-16,2022-08-16,LAKSHMIMIL,X,4600.0,4998.0,4409.0,4689.7,4419.45,333,1668,7940469.0
2022-08-16,2022-08-16,VTL,A,312.0,323.95,311.25,317.4,310.95,2001,56886,18010575.0
2022-08-16,2022-08-16,PENINLAND,B,11.94,11.94,10.84,11.2,10.96,61,22441,251511.0
2022-08-16,2022-08-16,PASUSPG,X,20.45,20.45,20.1,20.1,19.5,21,6720,137420.0
2022-08-16,2022-08-16,PHOENIXLTD,A,1312.0,1369.0,1312.0,1364.8,1315.7,3649,25163,33900229.0
2022-08-16,2022-08-16,MARATHON,B,229.0,229.05,213.25,217.15,231.25,718,15911,3495515.0
2022-08-16,2022-08-16,RAJABAH,XT,3902.0,4052.0,3853.0,4000.0,4053.0,13,31,121228.0
2022-08-16,2022-08-16,RELCHEMQ,B,204.55,210.95,204.5,207.6,208.15,223,3672,762124.0
2022-08-16,2022-08-16,RUBYMILLS,B,459.0,484.5,446.1,470.45,450.5,770,17346,8174996.0
2022-08-16,2022-08-16,SIMPLXREA,X,94.8,94.85,90.0,90.0,90.35,7,121,11381.0
2022-08-16,2022-08-16,SWANCORP,A,204.85,207.55,201.4,202.65,205.75,642,5354,1092683.0
2022-08-16,2022-08-16,VICTMILL,X,2335.1,2335.1,2265.05,2285.0,2335.1,15,57,132103.0
2022-08-16,2022-08-16,ZSVARAJT,X,7.95,7.95,7.42,7.48,7.59,33,6621,50383.0
2022-08-16,2022-08-16,ZODIACVEN,X,29.0,29.4,25.05,28.5,28.2,227,341127,9565293.0
2022-08-16,2022-08-16,VEERENRGY,X,13.95,14.8,13.22,13.9,13.96,56,9748,136957.0
2022-08-16,2022-08-16,TILAK,X,8.4,8.4,8.06,8.22,8.39,838,137120,1122359.0
2022-08-16,2022-08-16,KKFIN,X,11.65,11.65,11.65,11.65,11.1,3,1050,12232.0
2022-08-16,2022-08-16,WAGEND,X,0.87,0.89,0.84,0.88,0.87,382,214171,184976.0
2022-08-16,2022-08-16,MEDIAONE,XT,11.91,12.4,11.91,11.92,12.53,43,15059,179636.0
2022-08-16,2022-08-16,BANSWRAS,B,244.1,245.2,238.0,240.3,240.95,186,3439,828153.0
2022-08-16,2022-08-16,MODWOOL,X,82.3,88.0,82.3,88.0,82.2,4,30,2486.0
2022-08-16,2022-08-16,MODIPON,X,28.75,31.0,28.75,30.8,28.7,37,1555,47292.0
2022-08-16,2022-08-16,SHRIDINE,X,671.0,735.0,671.0,693.75,677.0,113,2509,1771924.0
2022-08-16,2022-08-16,SRF,A,2455.0,2524.8,2454.45,2493.1,2438.3,1781,14690,36738929.0
2022-08-16,2022-08-16,SIYSIL,B,495.0,507.25,495.0,500.85,497.95,392,5153,2580634.0
2022-08-16,2022-08-16,SWADPOL,XT,27.45,27.45,27.45,27.45,26.15,27,7545,207110.0
2022-08-16,2022-08-16,SHRMFGC,XT,5.7,6.06,5.5,6.06,5.78,10,623,3607.0
2022-08-16,2022-08-16,BBL,B,1718.15,1860.0,1718.1,1847.9,1712.7,1421,6531,11918115.0
2022-08-16,2022-08-16,ELPROINTL,B,66.9,74.4,65.75,73.6,65.0,1740,374329,27003475.0
2022-08-16,2022-08-16,GEE,X,76.15,81.7,76.15,79.05,79.0,38,2936,232466.0
2022-08-16,2022-08-16,HIRECT,B,167.05,168.6,163.0,164.5,167.2,126,2132,353915.0
2022-08-16,2022-08-16,NIPPOBATRY,B,351.35,351.35,343.3,346.3,350.45,22,85,29497.0
2022-08-16,2022-08-16,ZENSARTECH,A,234.0,245.85,230.5,243.3,230.85,4399,203057,48725263.0
2022-08-16,2022-08-16,JYOTI,X,10.96,10.96,10.55,10.8,10.24,36,6500,70426.0
2022-08-16,2022-08-16,KAYCEEI,X,5644.85,5644.85,5644.85,5644.85,5376.05,19,201,1134614.0
2022-08-16,2022-08-16,INDOKEM,X,59.1,63.0,59.1,60.95,60.5,34,6908,420684.0
2022-08-16,2022-08-16,PANAENERG,X,253.9,255.95,247.9,254.2,250.9,118,3996,1012146.0
2022-08-16,2022-08-16,NELCO,A,643.15,685.0,643.15,672.3,655.45,1143,9887,6641317.0
2022-08-16,2022-08-16,PERMAGN,X,350.5,362.0,350.5,357.5,354.5,83,6272,2237306.0
2022-08-16,2022-08-16,HIGHENE,X,374.0,374.0,339.75,343.0,377.45,3092,115223,39648892.0
2022-08-16,2022-08-16,STDBAT,X,31.95,31.95,25.25,29.9,30.65,113,5713,167005.0
2022-08-16,2022-08-16,UNIVCABLES,B,194.85,194.85,187.85,192.15,194.85,159,5300,1007858.0
2022-08-16,2022-08-16,WSI,T,14.58,14.58,14.58,14.58,14.58,7,1705,24858.0
2022-08-16,2022-08-16,DLTNCBL,X,59.1,63.3,59.1,62.0,60.3,55,2727,169746.0
2022-08-16,2022-08-16,LAKSELEC,X,719.2,719.2,690.0,705.2,688.2,162,2596,1834886.0
2022-08-16,2022-08-16,MODULEX,X,11.41,12.49,11.07,11.52,11.61,44,22571,260588.0
2022-08-16,2022-08-16,DELTAMAGNT,B,83.15,83.15,75.0,77.15,75.9,16,225,17295.0
2022-08-16,2022-08-16,LONGSPUR,X,5.79,5.79,5.68,5.68,5.79,2,11,63.0
2022-08-16,2022-08-16,RELTD,X,72.0,72.0,64.35,67.35,61.55,287,31397,2128526.0
2022-08-16,2022-08-16,ZMULTIPU,XT,8.84,9.28,8.84,9.28,8.84,9,843,7817.0
2022-08-16,2022-08-16,NYSSACORP,X,5.4,5.6,5.05,5.16,5.27,130,17170,90701.0
2022-08-16,2022-08-16,FLOMIC,X,102.8,103.0,100.15,100.6,100.75,137,3593,362901.0
2022-08-16,2022-08-16,KRISHNA,XT,33.5,35.05,33.5,35.05,34.05,3,244,8484.0
2022-08-16,2022-08-16,GANHOLD,XT,36.0,36.0,34.9,34.95,36.7,10,226,7901.0
2022-08-16,2022-08-16,UNIABEXAL,X,602.0,619.9,590.0,596.25,593.4,41,881,530990.0
2022-08-16,2022-08-16,SARDAEN,A,871.0,894.8,870.0,882.55,870.95,714,3052,2688359.0
2022-08-16,2022-08-16,BGWTATO,X,185.0,185.0,185.0,185.0,176.2,12,679,125615.0
2022-08-16,2022-08-16,BOMBWIR,X,49.8,49.8,37.55,41.65,41.6,75,7200,293910.0
2022-08-16,2022-08-16,GALADA,Z,2.31,2.31,2.09,2.09,2.2,23,2795,5969.0
2022-08-16,2022-08-16,AZADIND,XT,14.55,14.55,14.55,14.55,14.55,4,7,101.0
2022-08-16,2022-08-16,INDIANHUME,B,154.9,158.0,153.0,157.9,153.65,326,12283,1911850.0
2022-08-16,2022-08-16,INVPRECQ,X,231.75,241.9,225.0,231.65,225.0,47,3657,840571.0
2022-08-16,2022-08-16,INFORTEC,X,42.2,42.2,40.45,40.45,40.85,14,191,7886.0
2022-08-16,2022-08-16,KAIRA,X,2063.95,2080.0,1998.0,2010.65,2063.95,123,1289,2588864.0
2022-08-16,2022-08-16,ORIENTCER,B,28.15,29.6,27.95,29.2,28.55,268,18783,542909.0
2022-08-16,2022-08-16,NATIONSTD,B,5492.65,5492.65,5151.5,5295.05,5384.95,82,147,775444.0
2022-08-16,2022-08-16,DUNCANENG,X,248.0,272.95,241.0,266.35,255.2,52,1601,404376.0
2022-08-16,2022-08-16,SANDUMA,B,850.0,862.8,832.0,837.5,837.95,2297,34587,29134162.0
2022-08-16,2022-08-16,STOVACQ,X,2670.0,2698.95,2578.25,2600.85,2598.65,95,1297,3392118.0
2022-08-16,2022-08-16,TATAYODOGA,XT,74.95,82.75,74.95,75.2,78.85,533,41864,3158147.0
2022-08-16,2022-08-16,TINPLATE,A,298.9,300.35,296.6,297.95,297.65,1238,22534,6722978.0
2022-08-16,2022-08-16,CHOLAHLDNG,A,657.3,657.3,646.3,649.5,647.0,93,700,453501.0
2022-08-16,2022-08-16,ZWELCAST,X,497.45,497.45,497.45,497.45,473.8,4,72,35816.0
2022-08-16,2022-08-16,AUTOAXLES,B,1959.5,1996.0,1954.4,1975.95,1945.45,457,1639,3238958.0
2022-08-16,2022-08-16,ACGL,X,936.0,979.0,931.4,973.1,947.85,76,918,885743.0
2022-08-16,2022-08-16,SETCO,B,11.56,13.68,11.56,13.05,11.74,507,56219,744779.0
2022-08-16,2022-08-16,SCOOTER,T,31.65,31.65,29.75,30.8,30.25,43,2484,75018.0
2022-08-16,2022-08-16,TALBROAUTO,B,522.65,522.65,497.75,500.75,500.1,228,1246,627733.0
2022-08-16,2022-08-16,ZFSTEERING,X,501.0,524.75,501.0,515.5,509.8,127,8687,4489823.0
2022-08-16,2022-08-16,SMLMAH,B,673.8,675.0,665.05,667.5,672.4,229,1101,736948.0
2022-08-16,2022-08-16,TIL,B,98.05,105.0,97.2,100.15,102.3,83,696,70816.0
2022-08-16,2022-08-16,EICHERMOT,A,3213.6,3342.0,3213.6,3337.85,3213.6,7576,60197,198714561.0
2022-08-16,2022-08-16,JAINEX,XT,90.9,94.0,87.0,87.0,90.9,10,95,8677.0
2022-08-16,2022-08-16,ALFREDHE,X,699.0,699.3,670.0,689.0,666.0,11,374,258890.0
2022-08-16,2022-08-16,VELJAN,X,1190.0,1229.0,1145.3,1208.95,1191.4,68,939,1120004.0
2022-08-16,2022-08-16,DYNAMATECH,B,1862.5,1906.2,1856.0,1878.3,1856.0,197,745,1403192.0
2022-08-16,2022-08-16,GGDPROP,X,60.1,61.95,60.1,61.9,60.0,5,403,24855.0
2022-08-16,2022-08-16,GMMPFAUDLR,A,1580.0,1609.0,1570.3,1579.05,1569.85,719,4647,7380268.0
2022-08-16,2022-08-16,KIRLPNU,B,510.0,528.0,501.6,510.0,504.2,1975,305366,157096077.0
2022-08-16,2022-08-16,TULIVE,XT,177.0,177.0,177.0,177.0,177.0,1,1,177.0
2022-08-16,2022-08-16,KPT,X,151.0,162.0,136.0,159.75,147.0,179,10707,1665119.0
2022-08-16,2022-08-16,LAKSHMIEW,X,700.0,700.0,676.6,680.05,699.35,23,235,162433.0
2022-08-16,2022-08-16,MANUGRAPH,B,15.15,16.35,14.85,16.15,15.6,83,14521,229686.0
2022-08-16,2022-08-16,MONOT,Z,0.25,0.25,0.23,0.23,0.24,9,51758,12171.0
2022-08-16,2022-08-16,NESCO,A,576.85,581.0,567.55,577.9,575.3,233,1228,706175.0
2022-08-16,2022-08-16,INTEGRAEN,X,59.0,60.0,54.9,56.3,58.0,222,46449,2640928.0
2022-08-16,2022-08-16,SEMAC,B,679.1,700.0,679.1,695.0,712.55,32,1161,806970.0
2022-08-16,2022-08-16,TEXINFRA,B,59.25,60.65,59.25,60.0,59.25,86,993,59551.0
2022-08-16,2022-08-16,WENDT,B,7808.9,7906.95,7774.4,7831.0,7873.05,43,140,1095915.0
2022-08-16,2022-08-16,RESPONIND,A,141.75,143.45,137.4,138.45,141.75,271,30932,4409702.0
2022-08-16,2022-08-16,SHYMINV,X,5.55,5.55,5.09,5.23,5.32,83,27159,142799.0
2022-08-16,2022-08-16,MAHACORP,X,1.1,1.13,1.06,1.09,1.08,625,421248,462201.0
2022-08-16,2022-08-16,DOLATALGO,B,70.8,71.0,69.6,70.85,69.6,579,26251,1853926.0
2022-08-16,2022-08-16,WESTLIFE,A,629.0,639.25,625.15,635.45,629.35,1467,12069,7661305.0
2022-08-16,2022-08-16,ZEEL,A,236.0,245.6,236.0,237.85,241.8,9392,707758,171182622.0
2022-08-16,2022-08-16,GOLDCORP,X,194.3,197.45,194.3,196.75,194.1,12,991,193000.0
2022-08-16,2022-08-16,SVPGLOB,B,34.15,36.5,33.4,34.1,36.5,810,72425,2467128.0
2022-08-16,2022-08-16,SKYLMILAR,X,9.56,10.4,9.56,10.03,10.62,53,8192,80682.0
2022-08-16,2022-08-16,BIMETAL,X,346.0,356.8,346.0,356.8,354.65,22,903,315890.0
2022-08-16,2022-08-16,BHARATGEAR,B,145.55,151.75,145.55,149.65,147.8,168,3423,515339.0
2022-08-16,2022-08-16,BRADYM,X,127.0,127.0,120.3,123.0,125.9,26,900,109881.0
2022-08-16,2022-08-16,LATIMMETAL,X,12.81,14.0,12.81,13.5,14.01,1200,492048,6637819.0
2022-08-16,2022-08-16,ELECON,A,346.9,348.0,340.05,343.2,340.4,887,22864,7847482.0
2022-08-16,2022-08-16,GRAUWEIL,B,64.0,68.4,64.0,66.85,65.45,1135,51392,3430977.0
2022-08-16,2022-08-16,HIMTEK,X,85.0,87.25,84.05,84.85,84.75,36,1745,148631.0
2022-08-16,2022-08-16,GABRIEL,A,142.0,146.75,141.0,144.25,141.9,2567,117940,16993201.0
2022-08-16,2022-08-16,HERCULES,B,135.15,136.0,133.4,134.0,134.3,75,1365,183981.0
2022-08-16,2022-08-16,ALGOQUANT,X,292.6,299.9,291.25,292.25,307.35,69,6825,2005543.0
2022-08-16,2022-08-16,IFBIND,A,1031.9,1031.9,1007.55,1011.65,1034.85,196,535,544661.0
2022-08-16,2022-08-16,SINGERIND,X,57.95,69.15,53.5,69.15,57.65,2797,14773738,823024022.0
2022-08-16,2022-08-16,INTLCOMBQ,X,275.0,285.0,261.2,276.0,271.75,54,3621,985073.0
2022-08-16,2022-08-16,FMGOETZE,B,287.15,289.4,285.05,286.4,286.7,169,4054,1164761.0
2022-08-16,2022-08-16,JOSTS,X,465.0,465.0,454.0,454.05,468.0,10,228,104351.0
2022-08-16,2022-08-16,SCHAEFFLER,A,3078.8,3078.8,2932.1,2950.35,2996.5,1082,5221,15424239.0
2022-08-16,2022-08-16,RANEHOLDIN,B,675.0,705.6,675.0,698.45,693.75,140,695,484594.0
2022-08-16,2022-08-16,SNL,X,327.9,327.9,286.9,288.05,287.6,51,1862,540493.0
2022-08-16,2022-08-16,JAIPAN,XT,16.5,17.25,16.5,17.21,16.43,37,4394,75622.0
2022-08-16,2022-08-16,MANCREDIT,X,125.0,126.8,121.3,125.0,124.1,30,6159,770403.0
2022-08-16,2022-08-16,TRF,T,166.5,166.5,153.7,159.6,158.6,156,22833,3745601.0
2022-08-16,2022-08-16,WPIL,X,1096.85,1105.0,1050.0,1080.75,1078.0,252,7186,7692517.0
2022-08-16,2022-08-16,KENNAMET,B,2487.1,2487.1,2383.5,2397.4,2447.75,787,2478,6005471.0
2022-08-16,2022-08-16,HINDHARD,X,227.35,227.8,186.95,209.95,223.5,42,567,115132.0
2022-08-16,2022-08-16,TRITONV,X,1222.0,1248.0,1150.0,1209.25,1225.0,170,2256,2700410.0
2022-08-16,2022-08-16,SUDAI,X,7.2,7.2,6.68,6.68,7.03,11,3504,23415.0
2022-08-16,2022-08-16,PRAKASH,A,52.3,53.35,52.3,52.9,52.85,1251,84559,4477369.0
2022-08-16,2022-08-16,BHORUKAALU,XT,0.9,0.9,0.84,0.84,0.88,32,59051,50181.0
2022-08-16,2022-08-16,ARSHIYA,B,13.16,13.54,12.71,13.06,13.16,207,89536,1170245.0
2022-08-16,2022-08-16,GRINDWELL,A,2002.0,2075.0,2001.0,2041.6,2000.1,2674,43028,87756601.0
2022-08-16,2022-08-16,LAKPRE,Z,5.45,5.45,5.33,5.33,5.6,8,166,885.0
2022-08-16,2022-08-16,STANROS,X,89.4,89.4,86.85,87.2,87.95,12,327,28617.0
2022-08-16,2022-08-16,GENESYS,T,628.9,628.9,576.05,588.8,603.0,81,3203,1933143.0
2022-08-16,2022-08-16,VOLKAI,X,56.25,60.5,56.25,60.5,59.2,6,590,33191.0
2022-08-16,2022-08-16,PARNAXLAB,X,97.75,99.5,94.0,96.05,97.75,216,22775,2199414.0
2022-08-16,2022-08-16,GOURMET,XT,10.56,10.56,10.56,10.56,10.56,4,11650,123024.0
2022-08-16,2022-08-16,VIVIDHA,B,1.31,1.4,1.31,1.35,1.35,2449,298614,402214.0
2022-08-16,2022-08-16,KANANIIND,B,10.8,10.8,10.8,10.8,11.36,83,13836,149428.0
2022-08-16,2022-08-16,GSLTD,X,12.0,12.0,9.86,10.4,10.93,58,12086,127627.0
2022-08-16,2022-08-16,ARIHANTSUP,B,182.0,199.1,176.1,182.8,177.3,748,22965,4224376.0
2022-08-16,2022-08-16,BLISSGVS,B,76.65,78.0,76.35,77.05,76.65,429,14036,1078947.0
2022-08-16,2022-08-16,STYRENIX,B,828.55,857.6,828.55,846.1,828.4,637,5647,4758580.0
2022-08-16,2022-08-16,ALEMBICLTD,A,71.05,73.25,70.9,72.65,71.45,289,18728,1342274.0
2022-08-16,2022-08-16,AMNPLST,X,97.0,99.0,93.6,96.3,96.0,142,5442,521266.0
2022-08-16,2022-08-16,ANUHPHR,X,90.85,91.5,89.4,90.4,90.95,246,13423,1211705.0
2022-08-16,2022-08-16,MODISONLTD,B,67.05,69.65,66.15,66.15,68.05,105,2577,172120.0
2022-08-16,2022-08-16,BAYERCROP,A,5424.5,5425.05,5337.0,5345.55,5424.45,264,523,2806526.0
2022-08-16,2022-08-16,STARSOURCE,XT,37.4,37.4,34.25,34.25,36.0,16,305,10626.0
2022-08-16,2022-08-16,SUDARCOLOR,B,437.8,438.0,427.0,428.25,436.0,371,3322,1429534.0
2022-08-16,2022-08-16,COROMANDEL,A,1076.1,1087.0,1066.25,1081.5,1076.1,1532,14690,15807415.0
2022-08-16,2022-08-16,DEEPAKNTR,A,2063.0,2098.0,2055.1,2095.55,2054.4,8893,90972,189204755.0
2022-08-16,2022-08-16,DMCC,B,394.0,394.0,375.0,380.4,380.35,266,3877,1465712.0
2022-08-16,2022-08-16,FERMENTA,X,193.3,193.3,184.05,185.6,192.8,641,43699,8175052.0
2022-08-16,2022-08-16,GOCLCORP,B,307.5,307.5,290.9,295.7,298.3,66,587,173207.0
2022-08-16,2022-08-16,JAYCH,X,6.32,6.85,6.3,6.74,6.27,135,32681,220584.0
2022-08-16,2022-08-16,JLMORISON,X,1628.5,1632.0,1628.5,1632.0,1665.0,2,2,3260.0
2022-08-16,2022-08-16,KANORICHEM,B,128.65,128.9,128.05,128.75,129.0,43,1595,205091.0
2022-08-16,2022-08-16,KELENRG,X,678.35,698.0,646.0,650.25,678.35,66,931,613787.0
2022-08-16,2022-08-16,NITTAGELA,X,370.05,421.0,370.05,416.0,365.3,1250,78782,31534802.0
2022-08-16,2022-08-16,MPAGI,XT,9.5,9.76,9.3,9.6,9.3,24,3319,31425.0
2022-08-16,2022-08-16,AGVENTURES,B,865.0,895.35,858.0,871.45,863.2,205,1105,963265.0
2022-08-16,2022-08-16,PCBL,A,125.4,131.0,123.9,128.55,124.45,8250,578607,74239547.0
2022-08-16,2022-08-16,AMAL,X,340.0,344.3,331.0,342.05,332.4,33,852,288301.0
2022-08-16,2022-08-16,POLYCHEM,X,750.0,750.0,710.0,720.4,736.9,17,159,115203.0
2022-08-16,2022-08-16,PUNJABCHEM,B,1250.05,1321.7,1241.85,1310.9,1269.35,315,2575,3298466.0
2022-08-16,2022-08-16,ZR2,XT,54.5,54.5,49.7,53.85,52.3,37,1496,79217.0
2022-08-16,2022-08-16,SADHNANIQ,B,122.0,130.0,117.7,130.0,123.85,1096,192950,24554369.0
2022-08-16,2022-08-16,SUDARSCHEM,A,459.35,469.0,451.0,463.7,459.35,548,6864,3166997.0
2022-08-16,2022-08-16,ULTRAMAR,B,388.75,388.75,371.0,379.15,375.75,904,39218,14852098.0
2022-08-16,2022-08-16,TRANSPEK,B,2047.5,2080.0,1915.55,1991.0,2047.5,476,6269,12685221.0
2022-08-16,2022-08-16,UNICHEMLAB,A,274.7,284.8,273.65,278.45,279.3,557,4515,1254124.0
2022-08-16,2022-08-16,MYSORPETRO,X,110.0,112.0,108.4,109.45,110.15,40,1162,127389.0
2022-08-16,2022-08-16,ALKYLAMINE,A,3140.0,3140.0,3033.3,3050.0,3075.65,666,2345,7158654.0
2022-08-16,2022-08-16,TUTIALKA,XT,40.6,40.6,36.8,37.5,38.7,799,236018,9094943.0
2022-08-16,2022-08-16,ASTRAZEN,A,3063.45,3083.5,3048.5,3066.3,3063.3,99,150,459625.0
2022-08-16,2022-08-16,PRIMO,B,79.0,83.35,77.2,80.65,76.35,3493,810877,66174338.0
2022-08-16,2022-08-16,TANFACIND,X,525.1,539.0,520.0,528.1,535.4,238,6911,3670695.0
2022-08-16,2022-08-16,GUJPETR,XT,37.05,37.05,37.05,37.05,35.3,5,405,15005.0
2022-08-16,2022-08-16,SWADEIN,XT,1.8,1.89,1.8,1.89,1.8,8,2239,4075.0
2022-08-16,2022-08-16,GUJTHEM,X,501.0,507.0,485.0,499.25,501.4,328,10006,4969643.0
2022-08-16,2022-08-16,JAYSYN,X,76.65,77.7,75.3,76.0,76.7,24,1293,98646.0
2022-08-16,2022-08-16,MAKERSL,X,154.0,154.0,146.2,148.25,155.65,93,6848,1024021.0
2022-08-16,2022-08-16,CONTCHM,XT,91.2,94.05,91.2,92.35,95.95,26,305,28004.0
2022-08-16,2022-08-16,JBCHEPHARM,A,1831.0,1868.95,1826.7,1863.35,1846.2,640,3229,5986864.0
2022-08-16,2022-08-16,RAJSPTR,P,2.03,2.13,2.03,2.13,2.03,6,1300,2749.0
2022-08-16,2022-08-16,BLUECHIPT,X,137.95,137.95,110.3,121.45,130.7,121,7575,904710.0
2022-08-16,2022-08-16,JAGAJITIND,XT,65.4,65.4,59.6,61.3,62.6,59,5459,331692.0
2022-08-16,2022-08-16,KESARENT,X,84.75,84.75,81.1,81.7,84.75,34,1635,134070.0
2022-08-16,2022-08-16,TI,B,77.95,78.2,73.9,74.4,77.15,682,23893,1802548.0
2022-08-16,2022-08-16,EMERALL,XT,61.3,61.3,61.3,61.3,61.3,2,11,674.0
2022-08-16,2022-08-16,RAVALSUGAR,XT,2206.0,2206.0,2206.0,2206.0,2311.4,1,6,13236.0
2022-08-16,2022-08-16,SAKHTISUG,B,18.5,19.1,17.6,19.1,15.95,765,350221,6638866.0
2022-08-16,2022-08-16,WALCHANNAG,B,52.2,53.8,50.8,52.25,51.9,719,28155,1467042.0
2022-08-16,2022-08-16,KHODINDIA,XT,89.35,89.35,89.35,89.35,94.05,4,290,25911.0
2022-08-16,2022-08-16,IFBAGRO,B,570.0,581.95,556.25,565.8,571.6,165,2882,1634938.0
2022-08-16,2022-08-16,DHARANISUG,T,11.15,11.52,11.05,11.05,11.16,9,216,2391.0
2022-08-16,2022-08-16,KFBL,X,62.0,62.0,54.05,57.35,60.25,98,9002,535634.0
2022-08-16,2022-08-16,CAPRO,XT,35.25,35.25,35.25,35.25,33.6,5,1718,60559.0
2022-08-16,2022-08-16,GMBREW,B,573.0,575.75,569.35,572.15,574.1,521,3570,2045842.0
2022-08-16,2022-08-16,RANASUG,B,25.15,25.9,25.15,25.75,25.8,1210,118444,3044070.0
2022-08-16,2022-08-16,PICCASUG,X,17.65,17.75,16.85,17.05,17.3,59,6507,113026.0
2022-08-16,2022-08-16,RIGASUGAR,XT,7.25,7.25,6.76,6.97,7.11,78,16648,114603.0
2022-08-16,2022-08-16,SDBL,B,103.0,103.0,96.15,96.15,101.2,1257,73237,7229964.0
2022-08-16,2022-08-16,CJGEL,XT,18.05,18.05,18.05,18.05,17.25,11,351,6335.0
2022-08-16,2022-08-16,ASALCBR,B,435.65,444.0,435.0,443.55,435.65,425,5219,2303765.0
2022-08-16,2022-08-16,FOODSIN,B,66.35,67.6,65.0,65.0,65.0,205,4741,314073.0
2022-08-16,2022-08-16,IVP,B,149.8,150.0,147.0,149.4,148.5,66,974,144265.0
2022-08-16,2022-08-16,KLRFM,X,93.5,94.95,86.1,89.65,91.95,208,19078,1723223.0
2022-08-16,2022-08-16,OLYOI,X,26.0,26.0,26.0,26.0,26.0,2,18,468.0
2022-08-16,2022-08-16,MLKFOOD,X,339.5,347.95,339.5,345.9,347.95,31,440,151563.0
2022-08-16,2022-08-16,POLSON,X,10805.0,11000.0,10710.0,10850.95,10965.95,13,18,194945.0
2022-08-16,2022-08-16,WIPRO,A,437.8,439.85,436.6,437.1,436.15,13339,294518,128980694.0
2022-08-16,2022-08-16,ORIBEVER,X,112.6,122.9,112.6,114.25,118.3,157,9673,1128438.0
2022-08-16,2022-08-16,DHANUKA,A,694.0,695.95,685.85,687.15,687.65,291,1692,1166524.0
2022-08-16,2022-08-16,TTKHLTCARE,B,823.05,852.4,823.0,845.6,822.7,125,1806,1511492.0
2022-08-16,2022-08-16,TGVSL,X,119.95,126.0,118.0,121.25,116.6,5343,949761,116630155.0
2022-08-16,2022-08-16,LIMECHM,X,23.5,23.5,23.45,23.45,23.35,7,165,3869.0
2022-08-16,2022-08-16,KANPRPLA,B,121.35,121.35,114.15,115.0,116.5,34,1071,124136.0
2022-08-16,2022-08-16,TAINWALCHM,B,81.5,81.5,80.0,80.1,82.2,27,1042,83535.0
2022-08-16,2022-08-16,JAGSNPHARM,B,382.9,393.7,377.35,387.5,381.0,839,9622,3690688.0
2022-08-16,2022-08-16,KHAICHEM,B,84.1,84.1,81.35,81.8,81.4,560,28300,2320264.0
2022-08-16,2022-08-16,NOL,X,156.2,162.75,147.35,147.7,155.1,310,8473,1289764.0
2022-08-16,2022-08-16,GILLETTE,A,5200.0,5295.0,5200.0,5261.25,5195.35,246,864,4548106.0
2022-08-16,2022-08-16,WIREFABR,X,89.1,92.0,89.05,89.05,92.95,5,246,21932.0
2022-08-16,2022-08-16,ANSALHSG,B,6.75,6.75,6.25,6.45,6.48,100,64643,414230.0
2022-08-16,2022-08-16,COMPUPN,X,1.85,1.85,1.85,1.85,1.77,10,3507,6487.0
2022-08-16,2022-08-16,MCCHRLS-B,X,472.0,539.0,472.0,491.25,510.0,48,354,178854.0
2022-08-16,2022-08-16,ADDIND,X,41.5,41.5,40.3,41.25,41.1,49,2543,104700.0
2022-08-16,2022-08-16,PIONRINV,X,33.3,33.3,28.3,30.7,33.95,91,20082,596983.0
2022-08-16,2022-08-16,ASHNOOR,XT,42.2,42.95,40.0,41.2,40.95,34,3809,156903.0
2022-08-16,2022-08-16,UNITECH,Z,1.66,1.7,1.66,1.68,1.68,273,648785,1089147.0
2022-08-16,2022-08-16,VIPIND,A,590.05,594.55,585.0,588.25,585.6,1373,16540,9743446.0
2022-08-16,2022-08-16,DHRUVESTATE,Z,12.4,12.4,12.4,12.4,11.85,1,25,310.0
2022-08-16,2022-08-16,FIBERWEB,B,35.9,39.6,35.15,39.05,36.85,377,21267,805248.0
2022-08-16,2022-08-16,GYFTR,X,78.05,80.05,78.05,80.0,78.55,42,1787,141791.0
2022-08-16,2022-08-16,BAJAJST,X,549.05,551.0,515.0,524.8,551.15,683,14351,7547441.0
2022-08-16,2022-08-16,KIDUJA,X,94.0,94.0,90.0,93.85,88.25,12,112,10322.0
2022-08-16,2022-08-16,KEYCORP,XT,51.95,55.6,50.4,50.95,53.0,35,3412,176724.0
2022-08-16,2022-08-16,GUJHOTE,X,139.5,139.5,132.05,133.15,135.4,39,1235,164706.0
2022-08-16,2022-08-16,RASRESOR,X,28.45,29.2,28.45,29.2,27.85,5,277,8086.0
2022-08-16,2022-08-16,PARMCOS-B,X,44.0,47.0,40.2,44.95,42.95,43,2618,117993.0
2022-08-16,2022-08-16,JINDHOT,X,44.65,44.65,41.2,42.4,41.1,58,4906,210898.0
2022-08-16,2022-08-16,SIMMOND,X,53.25,58.5,53.25,54.4,54.65,79,4847,266071.0
2022-08-16,2022-08-16,BNALTD,X,282.5,284.0,278.0,279.45,282.7,43,2341,653573.0
2022-08-16,2022-08-16,HAWKINCOOK,B,5829.0,5925.0,5755.2,5817.5,5809.65,252,817,4753918.0
2022-08-16,2022-08-16,WARRENTEA,X,70.05,70.05,69.2,69.9,69.85,22,3512,244458.0
2022-08-16,2022-08-16,BESTEAST,X,29.85,29.85,28.45,28.45,28.45,6,146,4232.0
2022-08-16,2022-08-16,NEAGI,X,3899.0,3899.0,3800.0,3892.7,3780.0,15,77,298696.0
2022-08-16,2022-08-16,ISTLTD,X,485.0,492.0,453.4,476.1,480.15,86,1862,885260.0
2022-08-16,2022-08-16,COSMOFIRST,A,877.15,890.3,858.2,871.7,881.15,1450,12778,11156991.0
2022-08-16,2022-08-16,DIAMANT,XT,0.88,0.88,0.84,0.84,0.88,94,24108,20362.0
2022-08-16,2022-08-16,APOLLOHOSP,A,4335.0,4379.55,4210.5,4350.75,4309.85,2188,12771,55262555.0
2022-08-16,2022-08-16,NITINCAST,X,130.15,144.0,125.6,133.05,137.1,28,582,78353.0
2022-08-16,2022-08-16,NEXOME,X,40.5,42.0,39.6,39.6,40.95,12,3802,153276.0
2022-08-16,2022-08-16,EVERESTIND,B,571.1,588.25,571.1,581.45,586.95,586,2281,1326760.0
2022-08-16,2022-08-16,IRONWOOD,X,30.85,33.6,30.8,32.3,31.95,12,187,6038.0
2022-08-16,2022-08-16,MSRINDIA,X,12.1,12.96,11.74,12.62,12.35,38,6221,74139.0
2022-08-16,2022-08-16,AIRLTD,XT,26.25,26.25,26.2,26.2,26.25,5,63,1651.0
2022-08-16,2022-08-16,AYMSYNTEX,B,71.25,80.5,71.25,77.55,79.85,377,4950,388681.0
2022-08-16,2022-08-16,PANCARBON,X,392.05,404.5,390.3,396.75,397.7,99,1290,509399.0
2022-08-16,2022-08-16,FINKURVE,XT,60.9,60.9,56.25,56.3,58.0,31,5634,318363.0
2022-08-16,2022-08-16,HBLEAS,XT,4.79,4.79,4.56,4.56,4.79,26,3180,14601.0
2022-08-16,2022-08-16,SULABEN,XT,4.38,4.72,4.38,4.56,4.6,418,213172,973392.0
2022-08-16,2022-08-16,NAVNETEDUL,A,126.9,131.2,124.7,126.4,126.75,1426,60292,7641748.0
2022-08-16,2022-08-16,SATRAPROP,Z,1.31,1.31,1.25,1.27,1.25,141,37640,48652.0
2022-08-16,2022-08-16,AUSOMENT,B,72.35,75.0,71.05,74.75,74.05,38,1223,88218.0
2022-08-16,2022-08-16,THAKRAL,XT,16.8,16.85,16.8,16.85,16.09,2,200,3365.0
2022-08-16,2022-08-16,RUCHINFRA,T,7.71,8.04,7.6,7.85,7.92,150,61981,476789.0
2022-08-16,2022-08-16,VJTFEDU,XT,67.0,67.0,66.95,66.95,66.95,6,82,5490.0
2022-08-16,2022-08-16,NETLINK,X,61.85,65.8,59.2,60.35,61.45,53,1364,84706.0
2022-08-16,2022-08-16,LANCORHOL,X,25.2,25.35,24.55,25.35,25.35,31,10568,264894.0
2022-08-16,2022-08-16,INDINFO,X,3.24,3.38,3.11,3.21,3.24,7857,13750542,45400727.0
2022-08-16,2022-08-16,BANASFN,X,18.0,18.9,17.8,18.45,18.45,1348,258589,4713022.0
2022-08-16,2022-08-16,VISAKAIND,B,504.0,504.0,489.9,497.55,496.15,469,3113,1550643.0
2022-08-16,2022-08-16,INFOMEDIA,T,4.36,4.57,4.36,4.57,4.36,5,1912,8653.0
2022-08-16,2022-08-16,HATHWAYB,XT,18.35,19.95,18.35,19.65,19.3,45,4850,95185.0
2022-08-16,2022-08-16,PRESSMN,B,43.45,43.45,42.3,42.35,42.95,81,1603,68311.0
2022-08-16,2022-08-16,GUFICBIO,B,205.0,208.4,201.5,204.1,200.75,1058,13851,2848135.0
2022-08-16,2022-08-16,PHOTON,XT,27.5,27.5,27.4,27.4,28.05,3,21,575.0
2022-08-16,2022-08-16,GRPLTD,B,1820.0,1887.05,1747.9,1783.15,1824.3,49,390,708783.0
2022-08-16,2022-08-16,INDAG,X,81.0,83.0,81.0,82.25,81.9,60,3123,257254.0
2022-08-16,2022-08-16,MMRUBBR-B,X,60.0,64.75,59.0,60.8,60.0,31,2961,186360.0
2022-08-16,2022-08-16,PTL,B,30.55,30.75,30.05,30.4,30.4,488,23048,701155.0
2022-08-16,2022-08-16,TVSSRICHAK,B,2127.95,2180.0,2115.25,2174.3,2091.85,216,541,1169101.0
2022-08-16,2022-08-16,SEL,XT,17.5,18.25,16.7,16.75,17.5,34,3001,51830.0
2022-08-16,2022-08-16,BENARAS,X,2225.0,2294.95,2225.0,2235.6,2232.0,48,144,324888.0
2022-08-16,2022-08-16,BHAGWOX,XT,39.6,41.7,38.05,40.85,39.95,38,2161,85093.0
2022-08-16,2022-08-16,BOMOXY-B1,X,12426.0,12616.95,12076.0,12262.0,12426.0,14,14,173648.0
2022-08-16,2022-08-16,CRAVATEX,X,432.0,450.0,400.0,401.9,424.65,54,5762,2565113.0
2022-08-16,2022-08-16,BERGEPAINT,A,677.15,690.5,677.15,680.3,676.1,1762,28303,19371906.0
2022-08-16,2022-08-16,CAPRIHANS,X,141.3,147.0,130.5,140.2,135.4,184,17224,2391833.0
2022-08-16,2022-08-16,GRAPHITE,A,401.9,412.3,397.75,410.6,396.05,1459,40196,16313434.0
2022-08-16,2022-08-16,CEMPRO,A,87.8,87.8,84.9,85.2,84.9,1715,99107,8530881.0
2022-08-16,2022-08-16,EMPIND,X,723.0,727.0,708.05,717.55,707.3,91,1726,1241793.0
2022-08-16,2022-08-16,GRAVISSHO,X,20.2,20.35,18.05,19.85,20.0,26,7288,140468.0
2022-08-16,2022-08-16,GARFIBRES,A,3193.0,3193.0,3045.9,3088.4,3098.35,309,691,2128357.0
2022-08-16,2022-08-16,GARWAMAR,X,8.51,8.51,8.51,8.51,8.95,9,1326,11284.0
2022-08-16,2022-08-16,GOACARBON,B,444.0,444.0,430.0,431.35,430.15,516,3325,1437144.0
2022-08-16,2022-08-16,HARDCAS,X,300.0,300.0,290.0,290.0,299.95,11,104,30370.0
2022-08-16,2022-08-16,HEG,A,1299.0,1330.0,1287.55,1312.6,1279.55,2170,20662,27021270.0
2022-08-16,2022-08-16,HINDCOMPOS,B,300.05,307.65,294.0,299.0,298.9,196,1699,508265.0
2022-08-16,2022-08-16,BIRLANU,A,3560.05,3616.2,3508.0,3527.1,3581.4,767,1883,6721392.0
2022-08-16,2022-08-16,INDIANCARD,B,230.25,234.6,224.05,227.55,230.15,153,1819,414066.0
2022-08-16,2022-08-16,INTLCONV,B,60.3,61.0,57.95,59.1,59.8,313,13655,812161.0
2022-08-16,2022-08-16,JAYSREETEA,B,88.65,90.85,88.55,89.35,88.6,390,13507,1209711.0
2022-08-16,2022-08-16,MODRNSH,X,14.9,14.9,14.9,14.9,14.9,1,56,834.0
2022-08-16,2022-08-16,HUHTAMAKI,B,188.3,189.8,184.8,187.0,188.25,635,4648,866062.0
2022-08-16,2022-08-16,PREMSYN,X,26.2,26.2,24.7,25.55,25.65,15,1754,44427.0
2022-08-16,2022-08-16,SHALPAINTS,B,167.4,167.45,161.4,163.1,165.85,636,17067,2800648.0
2022-08-16,2022-08-16,HINDMILL,X,251.0,269.0,249.0,257.75,258.75,19,135,34891.0
2022-08-16,2022-08-16,SUPREMEIND,A,1899.2,1929.95,1890.4,1899.65,1893.4,616,2476,4716690.0
2022-08-16,2022-08-16,UPHOT,XT,505.0,505.0,475.0,475.0,499.0,9,135,65409.0
2022-08-16,2022-08-16,VSTIND,A,3326.65,3335.25,3304.5,3306.9,3326.65,60,113,374649.0
2022-08-16,2022-08-16,SWASTIVI,X,6.7,6.95,6.62,6.68,6.7,242,52640,352339.0
2022-08-16,2022-08-16,MSLGLOBAL,X,3.65,3.65,3.52,3.52,3.7,30,10292,36338.0
2022-08-16,2022-08-16,YAMNINV,XT,0.99,1.0,0.95,0.98,0.99,1897,1665776,1638717.0
2022-08-16,2022-08-16,PREMCAP,X,5.5,5.92,5.5,5.91,5.87,7,1180,6967.0
2022-08-16,2022-08-16,JINDRILL,B,200.25,217.75,200.25,211.7,213.45,310,2618,554434.0
2022-08-16,2022-08-16,SAKTHIFIN,X,20.95,21.95,20.0,20.8,20.6,133,41981,881510.0
2022-08-16,2022-08-16,EASYFIN,Z,412.2,412.2,412.2,412.2,392.6,1,10,4122.0
2022-08-16,2022-08-16,AEROENTER,X,34.9,36.0,34.0,35.75,34.0,109,35529,1256687.0
2022-08-16,2022-08-16,JMDVL,X,9.29,9.29,9.29,9.29,9.11,4,1135,10544.0
2022-08-16,2022-08-16,SHIVATEX,B,164.7,165.95,154.4,158.15,159.85,88,1057,170397.0
2022-08-16,2022-08-16,VBDESAI,X,7.55,7.7,7.55,7.6,7.85,11,6089,46270.0
2022-08-16,2022-08-16,QUADRANT,X,1.09,1.1,1.0,1.1,1.0,1290,4424031,4817852.0
2022-08-16,2022-08-16,KAMANWALA,X,9.8,10.5,9.0,9.49,9.99,39,15076,139683.0
2022-08-16,2022-08-16,WSFX,X,28.45,32.3,28.45,31.55,29.0,13,227,6488.0
2022-08-16,2022-08-16,ANJANIFOODS,XT,104.0,104.0,99.45,103.8,104.65,148,4004,403669.0
2022-08-16,2022-08-16,MILLENNIUM,XT,2.0,2.1,1.9,2.1,2.0,39,12513,24798.0
2022-08-16,2022-08-16,ICDSLTD,T,38.25,38.25,35.35,38.0,36.7,5,66,2515.0
2022-08-16,2022-08-16,CANFINHOME,A,600.0,621.55,600.0,616.25,600.45,3406,47412,29025494.0
2022-08-16,2022-08-16,IVC,B,6.76,6.76,6.55,6.65,6.68,175,131439,875183.0
2022-08-16,2022-08-16,SHRIRAMFIN,A,1374.95,1386.9,1354.15,1365.0,1367.55,1413,14745,20191585.0
2022-08-16,2022-08-16,CHOLAFIN,A,784.15,792.0,779.25,788.65,784.15,1897,29823,23491989.0
2022-08-16,2022-08-16,VLSFINANCE,B,148.4,148.4,140.0,145.05,155.2,417,21866,3152100.0
2022-08-16,2022-08-16,INDCEMCAP,X,8.36,9.4,8.36,9.09,8.51,46,10860,100000.0
2022-08-16,2022-08-16,ADMANUM,X,37.05,37.05,37.05,37.05,39.0,1,30,1111.0
2022-08-16,2022-08-16,MEGLON,X,2.2,2.31,2.09,2.09,2.2,19,12255,25732.0
2022-08-16,2022-08-16,MEHIF,XT,11.44,12.64,11.44,12.64,12.04,13,2516,31799.0
2022-08-16,2022-08-16,INTRGLB,X,17.0,18.25,17.0,18.25,17.4,6,789,13644.0
2022-08-16,2022-08-16,SHRISTI,X,31.3,31.3,26.45,26.95,26.35,19,773,20835.0
2022-08-16,2022-08-16,CREST,B,203.0,203.0,193.55,194.15,195.05,319,11687,2322877.0
2022-08-16,2022-08-16,VAKRANGEE,A,28.0,28.25,27.55,28.0,27.95,615,169140,4748654.0
2022-08-16,2022-08-16,GUJCRED,XT,30.3,31.1,29.4,31.0,29.7,25,3254,100259.0
2022-08-16,2022-08-16,SYLPH,Z,15.0,15.4,14.4,15.25,14.7,49,257714,3719321.0
2022-08-16,2022-08-16,ALEXANDER,X,16.7,17.5,16.5,17.0,16.85,89,19860,339044.0
2022-08-16,2022-08-16,INDBANK,B,21.1,22.55,21.1,22.35,22.55,264,22925,508493.0
2022-08-16,2022-08-16,BHARAT,X,29.4,29.4,26.05,29.3,29.4,10,197,5610.0
2022-08-16,2022-08-16,CAPTRUST,B,118.5,118.5,98.4,101.0,100.15,45,2401,238496.0
2022-08-16,2022-08-16,USHAKIRA,XT,16.6,17.05,16.25,17.05,16.25,13,294,4924.0
2022-08-16,2022-08-16,VIVOBIOT,X,32.35,32.8,31.15,31.65,31.7,109,4683,149589.0
2022-08-16,2022-08-16,VEERHEALTH,X,10.7,10.7,10.7,10.7,10.7,3,56,599.0
2022-08-16,2022-08-16,PANINDIAC,XT,3.25,3.3,3.15,3.17,3.25,491,120794,385752.0
2022-08-16,2022-08-16,SAHARAHOUS,X,49.05,50.0,44.35,48.05,50.0,19,784,37824.0
2022-08-16,2022-08-16,NDASEC,X,11.64,11.64,11.64,11.64,11.99,2,2,23.0
2022-08-16,2022-08-16,GSBFIN,X,8.58,8.58,8.58,8.58,9.03,1,10,85.0
2022-08-16,2022-08-16,MORARKFI,X,140.0,140.0,134.05,138.75,140.5,85,3079,423877.0
2022-08-16,2022-08-16,MONARCH,B,278.05,278.05,268.0,269.2,275.95,150,1424,384919.0
2022-08-16,2022-08-16,PROFINC,X,1.71,1.71,1.55,1.71,1.63,1426,2972754,4981509.0
2022-08-16,2022-08-16,TEAMGTY,T,58.05,58.05,57.95,57.95,61.0,20,1616,93720.0
2022-08-16,2022-08-16,CRESCENTIS,X,25.25,27.6,25.0,26.9,27.2,32,3327,87540.0
2022-08-16,2022-08-16,MANTRA,XT,14.3,14.3,13.36,13.36,14.02,2,900,12024.0
2022-08-16,2022-08-16,BEFOUNDMOL,X,2.25,2.25,2.25,2.25,2.29,5,3161,7112.0
2022-08-16,2022-08-16,AVONMORE,X,95.1,95.1,82.8,84.1,79.25,668,111006,9764796.0
2022-08-16,2022-08-16,LIBORDFIN,X,5.03,5.55,5.03,5.28,5.29,9,365,1961.0
2022-08-16,2022-08-16,YASHMGM,X,11.25,11.25,10.44,10.95,11.01,32,2366,25295.0
2022-08-16,2022-08-16,ARIHANTCAP,B,66.45,67.6,64.45,64.8,64.4,633,34852,2333946.0
2022-08-16,2022-08-16,ISLCONSUL,X,17.95,18.0,17.95,17.95,18.2,5,1499,26937.0
2022-08-16,2022-08-16,DCMFINSERV,B,3.29,3.51,3.1,3.12,3.39,238,9814,30778.0
2022-08-16,2022-08-16,JIKINDUS,Z,0.74,0.74,0.7,0.74,0.71,99,62615,46150.0
2022-08-16,2022-08-16,FEDDERSHOL,X,82.9,82.9,77.05,77.5,79.85,7,173,14121.0
2022-08-16,2022-08-16,SAMBHAAV,B,3.25,3.85,3.25,3.66,3.68,41,11551,41349.0
2022-08-16,2022-08-16,OMEGAIN,XT,29.5,29.5,29.5,29.5,30.0,1,25,737.0
2022-08-16,2022-08-16,NETTLINX,X,76.0,76.0,73.0,74.9,74.6,34,6975,520486.0
2022-08-16,2022-08-16,SCANSTL,X,36.75,36.8,34.6,35.4,35.9,224,33172,1191051.0
2022-08-16,2022-08-16,GICHSGFIN,B,134.95,135.9,132.8,133.8,133.9,161,4468,599252.0
2022-08-16,2022-08-16,MATHEWE,XT,8.32,8.71,7.89,7.89,8.3,13,2330,18389.0
2022-08-16,2022-08-16,AJCON,X,35.5,35.5,32.45,35.1,36.0,16,582,19409.0
2022-08-16,2022-08-16,CHRTEDCA,X,121.6,130.0,121.6,130.0,128.0,4,175,22582.0
2022-08-16,2022-08-16,STANCAP,XT,3.04,3.04,3.04,3.04,2.9,1,1,3.0
2022-08-16,2022-08-16,YOGI,XT,29.3,29.3,29.3,29.3,29.3,1,5,146.0
2022-08-16,2022-08-16,CUBIFIN,X,2.08,2.14,2.0,2.04,2.06,146,60548,124831.0
2022-08-16,2022-08-16,RELICTEC,X,27.4,27.4,27.4,27.4,27.4,2,5,137.0
2022-08-16,2022-08-16,NIMBSPROJ,X,38.55,39.0,35.9,38.9,37.75,9,233,8381.0
2022-08-16,2022-08-16,INVIGO,XT,6.7,6.7,6.5,6.64,6.82,13,2530,16511.0
2022-08-16,2022-08-16,BAIDFIN,X,25.95,25.95,24.45,24.7,24.2,132,13934,345190.0
2022-08-16,2022-08-16,VIPULLTD,B,14.8,15.0,14.1,14.2,14.75,103,9332,135854.0
2022-08-16,2022-08-16,USHDI,X,1.85,1.99,1.82,1.87,1.85,224,114073,213310.0
2022-08-16,2022-08-16,MEHSECU,XT,27.5,27.5,26.15,27.5,27.5,11,5923,155946.0
2022-08-16,2022-08-16,RFL,XT,90.45,90.45,90.45,90.45,86.15,6,170,15376.0
2022-08-16,2022-08-16,UGROCAP,B,178.2,181.3,176.95,178.45,180.9,65,634,113262.0
2022-08-16,2022-08-16,SAHLIBHFI,X,167.8,167.8,153.05,160.0,157.75,13,191,30651.0
2022-08-16,2022-08-16,ABIRAFN,Z,6.79,6.79,6.79,6.79,6.79,6,479,3252.0
2022-08-16,2022-08-16,MANSIFIN,XT,26.35,26.35,26.35,26.35,25.1,1,3,79.0
2022-08-16,2022-08-16,SEVENHILL,X,0.86,0.92,0.84,0.88,0.85,1050,887647,783468.0
2022-08-16,2022-08-16,AASTAFIN,X,11.2,11.69,10.52,11.25,11.01,30,15792,175615.0
2022-08-16,2022-08-16,MUTHOOTCAP,B,187.0,197.0,187.0,193.7,192.65,329,7759,1504410.0
2022-08-16,2022-08-16,MASTERTR,X,139.0,139.0,126.5,127.0,129.7,67,4194,536177.0
2022-08-16,2022-08-16,EFCIL,XT,147.55,147.55,147.55,147.55,147.55,5,1021,150648.0
2022-08-16,2022-08-16,TTGIL,X,2.35,2.4,2.08,2.12,2.31,355,395076,842094.0
2022-08-16,2022-08-16,ZSARACOM,X,2781.0,2781.0,2611.3,2740.0,2700.0,31,195,523018.0
2022-08-16,2022-08-16,SKYBIOTECH,XT,30.15,30.15,30.15,30.15,28.75,1,426,12843.0
2022-08-16,2022-08-16,ROYALIND,X,2.45,2.45,2.25,2.44,2.45,27,4316,10371.0
2022-08-16,2022-08-16,DHANSAFAL,X,2.88,2.92,2.75,2.87,2.83,456,194620,554517.0
2022-08-16,2022-08-16,VISVEN,X,45.35,45.35,45.35,45.35,45.35,2,228,10339.0
2022-08-16,2022-08-16,DECNGOLD,X,29.25,29.5,28.6,29.1,28.8,129,21894,639891.0
2022-08-16,2022-08-16,UPL,A,793.95,804.15,786.45,788.45,788.45,2347,50899,40366896.0
2022-08-16,2022-08-16,CRANESSOFT,X,2.55,2.55,2.55,2.55,2.32,103,109323,278773.0
2022-08-16,2022-08-16,SAICOM,XT,19.02,19.02,17.25,19.02,18.12,1012,367374,6893095.0
2022-08-16,2022-08-16,AVIVA,X,20.4,20.4,20.4,20.4,20.8,2,41,836.0
2022-08-16,2022-08-16,ROSEMER,XT,26.45,26.45,26.45,26.45,25.2,5,3749,99161.0
2022-08-16,2022-08-16,SIGIND,B,38.3,45.8,37.6,43.15,38.3,1956,152548,6563705.0
2022-08-16,2022-08-16,SECURKLOUD,T,61.7,62.85,57.6,61.35,60.3,162,11418,698493.0
2022-08-16,2022-08-16,ABANSENT,X,112.0,117.35,109.05,110.95,114.05,50,2438,273790.0
2022-08-16,2022-08-16,CAPRICORN,XT,9.05,9.22,8.76,8.93,9.22,33,2268,20225.0
2022-08-16,2022-08-16,VAMA,X,7.9,7.9,7.03,7.32,7.8,472,207858,1562628.0
2022-08-16,2022-08-16,SUNTECK,A,474.25,478.6,470.25,472.65,474.35,931,21166,10049475.0
2022-08-16,2022-08-16,SILVERO,Z,2.38,2.48,2.27,2.39,2.38,78,23970,54796.0
2022-08-16,2022-08-16,STEPHANOTIS,XT,34.0,34.0,34.0,34.0,34.5,2,159,5406.0
2022-08-16,2022-08-16,PRISMMEDI,XT,9.05,9.05,8.36,8.78,8.8,57,15714,132981.0
2022-08-16,2022-08-16,VERITAS,XT,126.95,127.05,126.95,126.95,129.5,31,2754,349632.0
2022-08-16,2022-08-16,JAYTEX,Z,25.1,25.1,25.1,25.1,25.1,1,1,25.0
2022-08-16,2022-08-16,JAICORPLTD,A,126.0,133.7,125.25,131.15,124.15,5291,439738,57379879.0
2022-08-16,2022-08-16,ASHCAP,X,5.99,6.0,4.82,5.62,5.86,507,124248,685539.0
2022-08-16,2022-08-16,SVARTCORP,X,2.7,2.8,2.7,2.76,2.72,280,78029,214436.0
2022-08-16,2022-08-16,MMWL,B,8.53,8.67,8.15,8.22,8.36,352,49350,408539.0
2022-08-16,2022-08-16,NNTL,Z,12.31,12.31,12.31,12.31,11.73,5,196,2412.0
2022-08-16,2022-08-16,BHAGYANGR,B,42.0,43.15,41.05,41.8,42.2,146,8342,349805.0
2022-08-16,2022-08-16,CHMBBRW,X,3.18,3.33,3.03,3.32,3.18,19,2674,8447.0
2022-08-16,2022-08-16,SGMART,XT,401.0,413.05,395.0,395.0,414.95,6,30,11983.0
2022-08-16,2022-08-16,ARAVALIS,X,6.69,6.69,5.93,6.1,6.69,6,612,3940.0
2022-08-16,2022-08-16,SWORDEDGE,X,0.68,0.72,0.67,0.69,0.71,1481,1947542,1339467.0
2022-08-16,2022-08-16,CRSL,XT,36.0,36.5,35.6,36.5,34.8,2201,3336346,121735908.0
2022-08-16,2022-08-16,STARTECK,B,144.3,145.0,138.45,142.2,141.5,145,12474,1773932.0
2022-08-16,2022-08-16,SERA,XT,159.0,165.95,151.3,165.3,158.2,93,8181,1288086.0
2022-08-16,2022-08-16,IPOWER,XT,6.05,6.05,6.05,6.05,5.77,1,100,605.0
2022-08-16,2022-08-16,APOLLOFI,X,670.0,708.0,630.0,639.9,684.4,283,3027,1973797.0
2022-08-16,2022-08-16,ENBETRD,XT,100.25,100.25,98.8,98.8,100.4,2,200,19905.0
2022-08-16,2022-08-16,SHRJAGP,X,811.35,900.0,795.2,892.9,794.75,511,6623,5650084.0
2022-08-16,2022-08-16,LLOYDSME,B,142.65,143.4,138.9,140.3,142.05,683,75319,10592187.0
2022-08-16,2022-08-16,LLOYDSENT,X,6.4,6.5,5.98,6.01,6.39,2256,2398825,14831092.0
2022-08-16,2022-08-16,BETXIND,X,74.4,82.5,69.0,71.65,70.55,20,351,26172.0
2022-08-16,2022-08-16,VIRYA,XT,187.85,187.85,187.85,187.85,178.95,1,50,9392.0
2022-08-16,2022-08-16,POLYTEX,X,3.24,3.78,3.24,3.74,3.54,22,4982,18429.0
2022-08-16,2022-08-16,DHANCOT,X,97.95,102.8,97.95,97.95,97.95,15,202,19858.0
2022-08-16,2022-08-16,OASISEC,X,68.2,69.0,60.6,63.45,66.85,40,4234,267999.0
2022-08-16,2022-08-16,GARNETINT,X,44.2,49.4,42.0,48.25,45.1,65,6215,282086.0
2022-08-16,2022-08-16,SHALPRO,X,0.6,0.6,0.58,0.58,0.59,3659,5860978,3459877.0
2022-08-16,2022-08-16,DONEAR,B,52.4,52.9,51.2,51.9,52.9,81,5163,268717.0
2022-08-16,2022-08-16,SUPER,X,855.85,868.0,830.0,840.0,855.85,105,5751,4836108.0
2022-08-16,2022-08-16,VIYASH,A,107.15,113.4,106.55,112.6,106.9,2094,110825,12271523.0
2022-08-16,2022-08-16,STCINDIA,B,92.85,93.9,89.1,91.8,90.95,198,9217,849554.0
2022-08-16,2022-08-16,ZENITHEXPO,B,75.2,75.2,73.8,74.45,73.2,12,186,13971.0
2022-08-16,2022-08-16,KOHINOOR,T,84.5,84.9,80.5,82.45,82.3,818,57428,4793239.0
2022-08-16,2022-08-16,AVANTIFEED,A,465.0,478.65,456.6,476.15,466.75,2062,34153,15972365.0
2022-08-16,2022-08-16,ZODJRDMKJ,X,39.0,40.5,39.0,39.4,39.0,24,473,18664.0
2022-08-16,2022-08-16,SITAENT,X,19.95,19.95,17.05,18.0,18.7,18,3005,52388.0
2022-08-16,2022-08-16,MANBRO,XT,8.9,8.9,8.9,8.9,8.51,1,1,8.0
2022-08-16,2022-08-16,KEYFINSERV,B,121.0,121.0,108.9,112.35,116.55,190,4619,517074.0
2022-08-16,2022-08-16,ADANIENT,A,2882.0,2985.0,2872.5,2974.85,2864.35,5630,56881,167180105.0
2022-08-16,2022-08-16,ASTALLTD,XT,23.1,23.1,23.1,23.1,24.3,4,1003,23169.0
2022-08-16,2022-08-16,HARIAEXPO,X,5.53,5.53,5.53,5.53,5.82,31,3762,20803.0
2022-08-16,2022-08-16,BHANDARI,B,6.04,6.06,5.83,5.93,6.08,94,68533,407604.0
2022-08-16,2022-08-16,RLF,XT,5.15,5.2,4.76,4.9,5.01,24,1351,6632.0
2022-08-16,2022-08-16,REGENTRP,X,2.17,2.18,1.96,2.0,2.17,293,331719,671271.0
2022-08-16,2022-08-16,ORBTEXP,B,131.5,133.4,131.5,133.4,131.5,75,447,59313.0
2022-08-16,2022-08-16,SAVERA,X,59.65,62.0,58.25,58.95,58.0,76,11497,682204.0
2022-08-16,2022-08-16,CHROME,XT,37.3,37.3,37.3,37.3,35.55,7,1109,41365.0
2022-08-16,2022-08-16,TATASTLLP,A,622.05,647.85,622.05,626.8,628.95,1566,12673,8004407.0
2022-08-16,2022-08-16,NAVA,A,208.9,223.9,203.7,222.35,204.95,4879,187393,40643567.0
2022-08-16,2022-08-16,REMIEDEL,X,33.1,37.0,33.1,33.65,33.1,8,1046,38127.0
2022-08-16,2022-08-16,GSAUTO,X,15.5,17.25,14.5,14.6,15.75,85,33875,512386.0
2022-08-16,2022-08-16,TRANSFRE,XT,16.55,16.55,15.4,16.2,16.2,11,762,12026.0
2022-08-16,2022-08-16,SBCL,B,538.0,538.0,506.05,519.05,498.4,781,7294,3785770.0
2022-08-16,2022-08-16,GANDHITUBE,B,381.15,386.0,379.1,384.9,379.4,19,68,25960.0
2022-08-16,2022-08-16,AMFORG,X,6.75,6.75,6.1,6.48,6.5,38,4064,25641.0
2022-08-16,2022-08-16,ONIXSOLAR,XT,78.15,78.15,78.15,78.15,74.45,15,2516,196625.0
2022-08-16,2022-08-16,ORICONENT,B,32.9,34.25,31.05,32.7,31.0,1591,177616,5767208.0
2022-08-16,2022-08-16,ACROW,X,296.95,296.95,296.95,296.95,282.85,1,25,7423.0
2022-08-16,2022-08-16,STLSTRINF,X,25.9,25.9,23.75,23.75,23.05,44,2783,67866.0
2022-08-16,2022-08-16,NATSTLAGRO,T,3.99,4.15,3.99,4.15,4.2,25,10992,43873.0
2022-08-16,2022-08-16,UTTAMGALVA,T,3.28,3.46,3.28,3.38,3.32,75,42218,142676.0
2022-08-16,2022-08-16,PENIND,B,38.4,39.7,38.0,38.95,37.65,742,50576,1969917.0
2022-08-16,2022-08-16,JYOTISTRUC,Z,16.5,16.55,16.5,16.55,15.8,51,23385,386811.0
2022-08-16,2022-08-16,JAYUSH,X,448.0,455.0,448.0,452.0,453.0,7,91,41131.0
2022-08-16,2022-08-16,SSWL,B,811.05,821.65,802.8,814.9,809.45,435,1917,1552928.0
2022-08-16,2022-08-16,MANINDS,B,85.9,86.45,83.65,84.9,86.45,773,13702,1166212.0
2022-08-16,2022-08-16,IMEC,X,2.0,2.08,1.95,2.04,2.0,59,18819,37855.0
2022-08-16,2022-08-16,MDRNSTL,X,18.0,19.0,17.0,17.0,16.85,62,12408,229200.0
2022-08-16,2022-08-16,TERRASCOPE,Z,1.93,1.93,1.93,1.93,2.03,88,93158,179794.0
2022-08-16,2022-08-16,BELDING,XT,36.75,36.75,34.95,34.95,36.75,13,6800,237829.0
2022-08-16,2022-08-16,GOLKONDA,Z,19.95,22.05,19.95,22.05,21.0,13,623,13482.0
2022-08-16,2022-08-16,METALFORGE,Z,4.19,4.3,4.11,4.29,4.19,20,3814,16293.0
2022-08-16,2022-08-16,GFSTEELS,T,3.99,3.99,3.99,3.99,4.2,3,580,2314.0
2022-08-16,2022-08-16,AJMERA,B,261.0,263.6,258.7,260.45,259.2,416,3532,920099.0
2022-08-16,2022-08-16,COCHINM,X,168.1,172.4,162.15,166.7,168.75,207,16935,2827095.0
2022-08-16,2022-08-16,INDIAHOMES,X,2.55,2.69,2.55,2.64,2.66,479,195195,513782.0
2022-08-16,2022-08-16,KVFORGE,X,45.25,45.25,43.0,44.65,44.0,24,1229,54120.0
2022-08-16,2022-08-16,CARBORUNIV,A,847.35,863.45,841.7,843.0,847.65,840,9819,8386405.0
2022-08-16,2022-08-16,MMTC,A,40.1,42.8,40.0,41.25,40.1,4767,793295,33062014.0
2022-08-16,2022-08-16,ASHIS,X,37.65,37.65,32.45,34.65,33.05,48,3466,117671.0
2022-08-16,2022-08-16,PMTELELIN,X,12.18,12.18,12.18,12.18,12.82,26,922,11229.0
2022-08-16,2022-08-16,SMFIL,XT,5.81,5.81,5.28,5.38,5.55,119,44339,235974.0
2022-08-16,2022-08-16,BLOIN,XT,29.7,29.7,28.5,28.5,29.75,9,340,9974.0
2022-08-16,2022-08-16,MAITRI,XT,41.65,41.65,41.65,41.65,42.5,3,27,1124.0
2022-08-16,2022-08-16,TATAMETALI,A,736.0,739.75,727.5,733.4,732.7,646,4141,3039994.0
2022-08-16,2022-08-16,SHAHALLOYS,B,59.5,59.5,59.5,59.5,62.6,26,3396,202062.0
2022-08-16,2022-08-16,JSWISPL,A,28.8,28.8,28.1,28.45,28.65,741,162637,4616664.0
2022-08-16,2022-08-16,ELANGO,XT,7.35,7.87,7.35,7.4,7.5,9,798,5867.0
2022-08-16,2022-08-16,KANSHST,XT,28.1,28.1,28.1,28.1,29.55,71,14920,419252.0
2022-08-16,2022-08-16,MAHALXSE,Z,7.1,7.1,6.65,6.65,7.0,14,560,3871.0
2022-08-16,2022-08-16,SIMPLEXCAS,X,41.0,41.0,38.0,38.15,42.0,32,4283,167190.0
2022-08-16,2022-08-16,SSWRL,X,23.0,24.45,23.0,24.4,24.1,23,2440,58819.0
2022-08-16,2022-08-16,SIZEMASTER,P,22.7,22.7,22.7,22.7,21.65,2,1500,34050.0
2022-08-16,2022-08-16,SOUTHMG,XT,39.0,39.0,39.0,39.0,37.15,5,1799,70161.0
2022-08-16,2022-08-16,BAROEXT,X,3.55,3.55,3.28,3.31,3.45,371,227910,763525.0
2022-08-16,2022-08-16,GUJCONT,P,94.9,94.9,94.9,94.9,90.4,4,800,75920.0
2022-08-16,2022-08-16,KALYANIFRG,T,193.95,194.85,193.95,194.85,192.4,3,20,3888.0
2022-08-16,2022-08-16,PANCHMAHQ,X,141.0,149.75,141.0,143.35,141.0,80,5774,832544.0
2022-08-16,2022-08-16,ADITYA,X,9.49,9.85,8.6,9.85,9.49,17,1915,18547.0
2022-08-16,2022-08-16,SRIND,XT,2.1,2.21,2.02,2.05,2.12,41,15214,32688.0
2022-08-16,2022-08-16,STEELCAS,B,464.75,465.1,442.15,451.7,464.9,135,1201,547812.0
2022-08-16,2022-08-16,PITTIENG,B,332.25,335.8,320.5,331.55,332.0,1793,41190,13628434.0
2022-08-16,2022-08-16,GLITTEKG,X,3.42,3.48,3.22,3.48,3.34,31,13421,45912.0
2022-08-16,2022-08-16,PRADPME,X,109.55,110.85,108.2,108.5,109.55,48,1638,177982.0
2022-08-16,2022-08-16,GNRL,X,14.28,15.0,14.04,14.78,14.26,78,13353,193764.0
2022-08-16,2022-08-16,TNSTLTU,P,9.04,9.04,9.04,9.04,8.61,2,200,1808.0
2022-08-16,2022-08-16,SHRDAIS,XT,69.0,73.9,69.0,73.9,70.4,4,150,10660.0
2022-08-16,2022-08-16,MAHASTEEL,B,74.0,74.0,57.8,68.4,70.5,197,6264,429567.0
2022-08-16,2022-08-16,HINDCOPPER,A,113.3,114.6,109.75,113.9,112.8,2677,240145,27007081.0
2022-08-16,2022-08-16,AXELPOLY,XT,47.25,49.25,44.9,47.55,47.25,20,3427,154934.0
2022-08-16,2022-08-16,NLCINDIA,A,75.5,75.75,73.3,74.45,73.95,3977,559284,41633878.0
2022-08-16,2022-08-16,SPECTRA,X,6.27,6.27,6.27,6.27,5.98,1,1,6.0
2022-08-16,2022-08-16,KAJARIR,X,44.0,44.5,42.0,44.2,43.1,147,10744,464800.0
2022-08-16,2022-08-16,SOLIDSTON,XT,46.4,46.4,46.4,46.4,44.3,2,13,603.0
2022-08-16,2022-08-16,SHILGRAVQ,X,86.1,87.8,85.0,87.8,86.15,19,562,48862.0
2022-08-16,2022-08-16,WHITEORG,X,12.79,12.79,11.61,12.79,12.19,502,419272,5302862.0
2022-08-16,2022-08-16,MFSINTRCRP,X,18.8,18.8,17.09,17.09,17.98,183,29182,518478.0
2022-08-16,2022-08-16,HGIND,XT,131.6,131.6,126.05,131.55,131.6,26,4847,633400.0
2022-08-16,2022-08-16,AROGRANITE,B,51.9,51.9,44.4,45.15,44.8,78,512,23212.0
2022-08-16,2022-08-16,RUDRAECO,X,5.75,6.45,5.75,5.94,6.35,96,14640,88314.0
2022-08-16,2022-08-16,RAJKSYN,X,29.5,30.0,28.2,29.15,29.15,95,47110,1373144.0
2022-08-16,2022-08-16,DEEPAKSP,X,244.0,244.0,235.0,237.7,237.7,277,11242,2702707.0
2022-08-16,2022-08-16,JBFINDLTD,T,12.05,12.19,11.7,11.91,11.87,48,19492,230965.0
2022-08-16,2022-08-16,LOYALTEX,B,1184.0,1184.0,980.0,1004.65,1002.65,125,647,655263.0
2022-08-16,2022-08-16,HIMATSEIDE,A,114.35,114.35,108.0,112.0,120.05,2137,54448,6042667.0
2022-08-16,2022-08-16,BSL,B,114.7,119.6,113.55,118.65,116.05,346,3308,386184.0
2022-08-16,2022-08-16,PBMPOLY,X,130.0,132.0,124.1,127.7,125.65,86,11077,1424789.0
2022-08-16,2022-08-16,ADINATH,XT,37.0,38.7,36.25,36.4,37.7,108,4577,169291.0
2022-08-16,2022-08-16,SURYALA,X,314.0,329.35,301.05,304.1,308.0,185,3370,1038344.0
2022-08-16,2022-08-16,SURYVANSP,XT,25.75,25.75,25.75,25.75,24.55,13,2407,61980.0
2022-08-16,2022-08-16,TTL,B,86.55,86.55,84.0,84.0,84.0,20,609,51538.0
2022-08-16,2022-08-16,UNIWORTH,XT,1.0,1.0,1.0,1.0,1.0,1,600,600.0
2022-08-16,2022-08-16,WELSPUNLIV,A,74.6,79.35,74.6,79.0,75.6,4264,471399,36744995.0
2022-08-16,2022-08-16,INDIANACRY,X,12.95,12.95,12.52,12.59,12.54,143,46993,597584.0
2022-08-16,2022-08-16,GANECOS,B,629.0,659.15,629.0,648.05,646.3,315,2354,1529022.0
2022-08-16,2022-08-16,CEETAIN,XT,19.95,19.95,18.05,18.35,19.0,7,68,1255.0
2022-08-16,2022-08-16,VARDMNPOLY,B,24.05,24.7,23.35,23.5,24.25,119,7908,187748.0
2022-08-16,2022-08-16,RISHYRN,P,36.55,36.55,36.55,36.55,34.85,2,200,7310.0
2022-08-16,2022-08-16,BLACKROSE,X,176.0,194.0,176.0,190.4,204.35,6104,216240,40143956.0
2022-08-16,2022-08-16,STCORP,XT,323.95,323.95,298.6,308.7,314.3,390,32360,10039835.0
2022-08-16,2022-08-16,SUMEETINDS,B,7.45,7.45,6.74,6.81,7.27,179,70548,499155.0
2022-08-16,2022-08-16,BINNY,X,330.05,365.0,325.55,356.7,324.55,1061,54443,18915781.0
2022-08-16,2022-08-16,KLIFESTYL,Z,0.27,0.27,0.27,0.27,0.26,97,414501,111915.0
2022-08-16,2022-08-16,RAMGOPOLY,XT,5.79,5.89,5.51,5.89,5.73,19,2293,13192.0
2022-08-16,2022-08-16,SANGAMIND,B,257.0,269.6,252.1,257.1,261.2,122,1432,368460.0
2022-08-16,2022-08-16,MKVENTURES,XT,859.0,901.95,820.2,860.0,859.0,34,1208,1071722.0
2022-08-16,2022-08-16,KUSHIND,X,6.45,6.45,5.97,6.01,6.28,127,33669,204878.0
2022-08-16,2022-08-16,SRECR,P,92.45,92.45,92.45,92.45,88.05,14,18300,1691835.0
2022-08-16,2022-08-16,SEASONST,X,11.3,11.3,11.09,11.09,11.67,4,13,144.0
2022-08-16,2022-08-16,ZENIFIB,X,56.0,58.0,55.6,56.9,57.7,23,1140,64467.0
2022-08-16,2022-08-16,BHILSPIN,X,39.9,39.9,35.5,36.1,34.8,50,3387,129433.0
2022-08-16,2022-08-16,VGL,B,20.6,26.25,20.6,23.95,21.9,246,34213,867783.0
2022-08-16,2022-08-16,SANTETX,XT,107.0,116.95,107.0,114.05,112.6,35,1326,145361.0
2022-08-16,2022-08-16,ASHIMASYN,B,13.3,13.8,13.3,13.52,13.5,71,2638,35985.0
2022-08-16,2022-08-16,PIONEEREMB,B,44.0,45.85,43.75,44.25,45.85,113,12042,533590.0
2022-08-16,2022-08-16,VIPPYSP,X,135.95,144.05,112.1,144.05,120.05,149,12187,1707157.0
2022-08-16,2022-08-16,JAIHIND,XT,20.85,20.85,19.7,20.5,20.7,23,3579,72453.0
2022-08-16,2022-08-16,RAGHUSYN,X,154.0,162.5,152.5,159.55,152.7,213,19973,3162064.0
2022-08-16,2022-08-16,KAMADGIRI,X,70.0,70.95,66.25,67.75,69.05,7,69,4755.0
2022-08-16,2022-08-16,OMNITEX,XT,33.7,35.45,33.7,35.45,35.45,30,19570,693042.0
2022-08-16,2022-08-16,PATSPINLTD,X,7.52,8.19,7.52,7.79,7.85,31,8217,63089.0
2022-08-16,2022-08-16,ONEGLOBAL,X,41.65,44.8,38.8,40.5,40.8,51,6303,262458.0
2022-08-16,2022-08-16,NEOINFRA,X,14.19,14.19,13.99,13.99,14.0,2,80,1129.0
2022-08-16,2022-08-16,PREMIERPOL,B,106.0,106.0,96.95,98.8,101.0,129,1705,167173.0
2022-08-16,2022-08-16,EVERFIN,XT,28.85,29.85,27.25,29.0,28.65,31,2194,60984.0
2022-08-16,2022-08-16,KRRAIL,X,23.0,23.25,22.0,22.6,23.8,117,25899,586227.0
2022-08-16,2022-08-16,YARNSYN,X,17.25,17.71,16.19,17.35,16.87,101,8447,145829.0
2022-08-16,2022-08-16,GUJCOTEX,XT,4.95,5.08,4.72,4.94,4.96,403,96358,471468.0
2022-08-16,2022-08-16,AJIL,Z,22.85,23.0,21.0,22.6,22.05,91,13922,299901.0
2022-08-16,2022-08-16,GARWSYN,X,11.61,12.25,11.26,11.26,11.71,18,2382,26983.0
2022-08-16,2022-08-16,SARUPINDUS,X,24.0,24.25,24.0,24.25,25.1,3,200,4837.0
2022-08-16,2022-08-16,MANORG,B,592.0,592.0,555.35,566.7,628.95,1505,14285,8105504.0
2022-08-16,2022-08-16,HINDADH,X,446.0,447.5,420.0,427.5,425.1,132,4615,1993332.0
2022-08-16,2022-08-16,SRIKPRIND,X,19.0,19.1,18.35,18.95,18.8,49,5217,98303.0
2022-08-16,2022-08-16,JYOTIRES,XT,2800.0,2897.3,2800.0,2877.3,2759.4,795,8009,22988037.0
2022-08-16,2022-08-16,MHLXMIRU,B,134.9,152.0,134.9,147.0,134.05,573,9459,1394562.0
2022-08-16,2022-08-16,SOUTLAT,XT,17.7,18.45,17.7,18.45,17.6,10,817,15066.0
2022-08-16,2022-08-16,OSWAYRN,XT,6.18,6.2,5.91,5.91,6.18,11,320,1977.0
2022-08-16,2022-08-16,WINSOMTX,B,85.6,86.5,78.55,81.7,83.6,208,17155,1425000.0
2022-08-16,2022-08-16,THAMBBI,XT,15.6,15.6,15.6,15.6,15.6,4,200,3120.0
2022-08-16,2022-08-16,MODINSU,XT,39.95,41.45,39.3,40.2,40.75,60,8531,344366.0
2022-08-16,2022-08-16,REGENCERAM,T,16.12,16.12,15.5,16.12,15.36,119,22728,366042.0
2022-08-16,2022-08-16,ASAHIINDIA,A,550.0,572.0,550.0,565.55,552.35,1748,27733,15601596.0
2022-08-16,2022-08-16,MURUDCERA,B,25.75,25.95,25.15,25.55,25.5,126,11623,297260.0
2022-08-16,2022-08-16,SEKURITIND,X,84.9,85.4,83.75,84.35,84.9,587,62009,5236480.0
2022-08-16,2022-08-16,ANANTRAJ,B,64.45,68.85,64.45,67.95,67.65,1757,147992,9979985.0
2022-08-16,2022-08-16,MADHUDIN,X,21.75,22.95,21.7,22.85,22.9,17,8638,196997.0
2022-08-16,2022-08-16,SRIVAJRAGRA,P,2.09,2.09,2.09,2.09,2.2,1,100,209.0
2022-08-16,2022-08-16,RESTILE,X,4.0,4.2,3.81,4.13,4.0,54,64028,259827.0
2022-08-16,2022-08-16,MADHAV,B,50.7,52.0,49.25,50.75,51.05,109,4295,218563.0
2022-08-16,2022-08-16,RAMASIGNS,X,4.89,4.89,4.51,4.56,4.66,46,17114,78945.0
2022-08-16,2022-08-16,HINDNATGLS,T,13.0,13.0,12.42,12.42,13.07,33,7017,87162.0
2022-08-16,2022-08-16,HALDYNGL,X,59.75,59.95,56.55,59.65,55.05,2908,763668,44595029.0
2022-08-16,2022-08-16,DUROPLY,X,193.0,193.0,180.45,180.45,189.9,155,20094,3780725.0
2022-08-16,2022-08-16,SHREYANIND,B,119.0,125.1,118.1,118.25,120.4,496,14010,1681193.0
2022-08-16,2022-08-16,AGIOPAPER,X,4.03,4.03,4.0,4.03,3.84,17,2507,10103.0
2022-08-16,2022-08-16,STARPAPER,B,191.8,191.8,180.05,183.45,191.25,1326,22936,4193078.0
2022-08-16,2022-08-16,PAKKA,X,92.7,97.4,90.0,96.55,90.65,917,176678,16668633.0
2022-08-16,2022-08-16,TAHMARENT,XT,13.24,13.24,13.24,13.24,12.61,2,208,2753.0
2022-08-16,2022-08-16,NATPLY,Z,8.6,9.02,8.6,9.02,9.02,8,591,5083.0
2022-08-16,2022-08-16,ARROWGREEN,B,70.2,89.0,70.2,74.8,77.2,87,1408,106295.0
2022-08-16,2022-08-16,VISHNU,B,1758.95,1805.35,1735.0,1805.35,1719.4,475,9861,17748180.0
2022-08-16,2022-08-16,JUMBO,X,23.0,24.5,23.0,23.6,23.3,41,5008,119162.0
2022-08-16,2022-08-16,NRAIL,B,299.85,302.2,291.0,296.9,290.55,362,9627,2872918.0
2022-08-16,2022-08-16,3PLAND,B,15.9,15.9,14.85,15.0,15.2,26,653,10258.0
2022-08-16,2022-08-16,SANPA,XT,126.15,126.15,126.15,126.15,120.15,7,314,39611.0
2022-08-16,2022-08-16,SHKARTP,XT,8.17,8.17,8.17,8.17,8.59,1,50,408.0
2022-08-16,2022-08-16,STHINPA,X,120.1,124.5,119.0,119.75,118.35,97,11796,1429985.0
2022-08-16,2022-08-16,FAMILYCARE,XT,22.0,22.5,20.5,20.5,21.55,2015,305116,6343209.0
2022-08-16,2022-08-16,VINDHYATEL,B,1112.05,1112.05,1089.05,1106.6,1114.85,111,1047,1150525.0
2022-08-16,2022-08-16,RIR,X,239.7,239.7,239.7,239.7,228.3,73,2412,578156.0
2022-08-16,2022-08-16,ADOR,B,813.85,814.15,786.0,791.65,801.2,433,837,663386.0
2022-08-16,2022-08-16,IDM,XT,8.24,8.24,8.21,8.21,7.85,16,1334,10966.0
2022-08-16,2022-08-16,SALZERELEC,B,226.8,235.0,222.1,223.95,226.15,679,16307,3719556.0
2022-08-16,2022-08-16,JETKINGQ,X,40.75,40.75,39.1,40.3,39.5,45,3670,146770.0
2022-08-16,2022-08-16,APLAB,XT,19.6,21.35,19.6,20.9,20.6,35,6036,119258.0
2022-08-16,2022-08-16,PCS,XT,20.05,20.05,18.4,18.6,19.35,107,8082,150826.0
2022-08-16,2022-08-16,USHAMART,A,143.5,143.5,136.0,140.3,140.85,2033,111226,15476619.0
2022-08-16,2022-08-16,SPELS,XT,67.0,67.7,64.0,66.9,64.5,2044,159580,10589983.0
2022-08-16,2022-08-16,SUBROS,B,329.8,331.5,321.95,330.8,330.15,207,1712,560538.0
2022-08-16,2022-08-16,EDVENSWA,XT,107.1,116.7,105.6,116.5,111.15,316,28788,3212354.0
2022-08-16,2022-08-16,HONAUT,A,39996.0,44322.7,39996.0,42476.8,39943.25,1451,2318,99262083.0
2022-08-16,2022-08-16,SWITCHTE,X,36.65,36.65,36.65,36.65,39.95,4,136,4984.0
2022-08-16,2022-08-16,LUMAXIND,B,1370.0,1455.0,1370.0,1436.0,1382.35,421,1258,1776981.0
2022-08-16,2022-08-16,DIGISPICE,B,29.6,30.4,29.15,29.9,29.6,207,13718,407813.0
2022-08-16,2022-08-16,AURIQUE,X,7.47,7.48,6.5,7.17,6.39,111,33413,241306.0
2022-08-16,2022-08-16,CALCOM,XT,103.6,103.6,93.85,93.9,98.75,203,22610,2150615.0
2022-08-16,2022-08-16,DYNAVSN,XT,196.0,199.95,190.0,194.2,200.0,28,331,63329.0
2022-08-16,2022-08-16,BCCFUBA,XT,16.35,16.8,16.35,16.6,17.2,28,2264,37342.0
2022-08-16,2022-08-16,PRECISIO,XT,29.85,31.3,28.4,31.3,29.85,12,622,18348.0
2022-08-16,2022-08-16,FINELINE,X,46.35,49.95,43.5,49.05,48.15,36,1585,75562.0
2022-08-16,2022-08-16,HBLENGINE,B,83.75,83.75,80.55,80.9,82.95,1288,122423,9988677.0
2022-08-16,2022-08-16,GUJARATPOLY,X,37.65,37.65,34.05,34.5,34.25,70,5950,211686.0
2022-08-16,2022-08-16,GIPCL,B,86.5,88.5,85.4,86.85,86.05,753,21554,1876968.0
2022-08-16,2022-08-16,CMICABLES,B,23.65,25.85,23.6,24.0,23.9,187,5707,136282.0
2022-08-16,2022-08-16,MOTHERSON,A,123.45,129.2,123.15,128.65,122.75,12206,1414946,179152966.0
2022-08-16,2022-08-16,MINDTECK,B,154.0,154.0,144.4,145.4,151.1,753,25950,3830930.0
2022-08-16,2022-08-16,HAVELLS,A,1306.0,1316.0,1288.75,1300.75,1297.15,2461,24293,31600762.0
2022-08-16,2022-08-16,ACIIN,X,1.5,1.5,1.41,1.45,1.45,653,272779,394847.0
2022-08-16,2022-08-16,INCAP,XT,35.5,35.5,34.55,34.55,35.0,6,342,11925.0
2022-08-16,2022-08-16,GUJINTRX,X,129.9,129.9,125.1,126.35,129.95,10,272,34363.0
2022-08-16,2022-08-16,IGARASHI,B,331.4,331.75,323.3,329.2,328.05,929,7064,2321327.0
2022-08-16,2022-08-16,SYMPHONY,A,929.45,929.45,906.1,913.05,917.2,177,855,779259.0
2022-08-16,2022-08-16,REGANTO,XT,1.3,1.3,1.3,1.3,1.3,8,3302,4292.0
2022-08-16,2022-08-16,PANELEC,X,29.05,29.05,24.1,26.05,26.5,17,66,1794.0
2022-08-16,2022-08-16,VXLINSTR,X,6.7,6.7,6.6,6.67,6.39,7,708,4723.0
2022-08-16,2022-08-16,SHYAMTEL,T,11.5,11.89,10.94,11.8,11.5,10,1470,17304.0
2022-08-16,2022-08-16,LEENEE,X,11.09,11.39,10.9,10.95,10.96,245,27557,306198.0
2022-08-16,2022-08-16,PATELSAI,X,200.05,201.0,167.55,194.55,209.35,645,51552,9476801.0
2022-08-16,2022-08-16,BUTTERFLY,B,1549.8,1549.8,1482.1,1497.15,1527.95,554,1318,2004919.0
2022-08-16,2022-08-16,ATHENAGLO,X,70.3,77.0,70.3,77.0,74.0,17,3360,248933.0
2022-08-16,2022-08-16,NARMP,XT,7.8,8.0,7.8,8.0,7.62,3,137,1084.0
2022-08-16,2022-08-16,DUTRON,XT,134.0,135.3,125.95,125.95,128.9,13,1362,183997.0
2022-08-16,2022-08-16,RSSOFTWARE,B,29.35,29.7,29.0,29.05,29.5,190,3668,107218.0
2022-08-16,2022-08-16,MAGNAELQ,X,255.9,262.95,248.0,259.05,253.8,138,10360,2682023.0
2022-08-16,2022-08-16,MARSONS,Z,8.63,8.63,8.6,8.61,8.22,11,939,8076.0
2022-08-16,2022-08-16,ELNET,X,163.85,163.85,151.25,155.0,153.8,39,2047,315015.0
2022-08-16,2022-08-16,ACCEL,X,19.45,19.7,18.5,18.95,19.0,158,99626,1922577.0
2022-08-16,2022-08-16,WEBELSOLAR,B,88.1,88.1,84.95,85.2,87.35,756,23824,2040718.0
2022-08-16,2022-08-16,ROTO,B,469.0,469.0,439.95,445.4,457.9,367,6033,2714397.0
2022-08-16,2022-08-16,TTKPRESTIG,A,866.0,870.2,860.0,866.8,868.1,917,5341,4615396.0
2022-08-16,2022-08-16,DHINDIA,X,40.0,43.35,39.35,42.65,39.35,321,55854,2300804.0
2022-08-16,2022-08-16,RAJRATAN,B,1080.0,1106.15,1068.3,1074.0,1075.85,1340,11843,12916675.0
2022-08-16,2022-08-16,SURANAT&P,B,11.8,11.8,11.17,11.3,11.49,81,7034,79790.0
2022-08-16,2022-08-16,ONWARDTEC,B,252.15,273.2,252.0,266.55,252.1,139,2826,750570.0
2022-08-16,2022-08-16,CENTUM,B,455.0,456.1,422.3,435.65,460.5,152,1183,515373.0
2022-08-16,2022-08-16,ALFATRAN,X,5.7,5.7,5.52,5.7,5.7,8,690,3931.0
2022-08-16,2022-08-16,STARLITE,Z,3.65,3.65,3.5,3.5,3.65,6,282,1017.0
2022-08-16,2022-08-16,NHCFOODS,X,18.25,19.0,17.8,18.25,18.05,80,15415,280847.0
2022-08-16,2022-08-16,PVP,B,7.46,7.46,7.46,7.46,7.11,64,113214,844576.0
2022-08-16,2022-08-16,TRIGYN,B,101.6,104.55,101.6,103.85,103.55,323,8433,873604.0
2022-08-16,2022-08-16,KEI,A,1423.95,1426.7,1399.3,1416.95,1399.25,1050,8460,11973252.0
2022-08-16,2022-08-16,IMPPOWERS,T,8.55,8.55,7.76,8.0,8.16,34,5427,42949.0
2022-08-16,2022-08-16,KEERTHI,XT,130.1,132.8,127.05,132.8,133.0,9,302,38482.0
2022-08-16,2022-08-16,BHEEMACEM,XT,125.75,126.0,114.0,126.0,120.0,132,23786,2880277.0
2022-08-16,2022-08-16,GUJSIDHCEM,B,35.6,37.7,35.3,35.55,36.4,662,54428,1965808.0
2022-08-16,2022-08-16,SURAJ,Z,87.0,90.0,85.5,89.8,90.0,72,7899,683167.0
2022-08-16,2022-08-16,APCL,B,214.0,227.1,211.0,222.65,213.8,355,6854,1496226.0
2022-08-16,2022-08-16,MODINATUR,X,196.85,209.9,196.85,203.05,209.95,101,3757,766709.0
2022-08-16,2022-08-16,ZKHANDEN,XT,44.6,47.7,44.6,45.0,45.5,14,564,25415.0
2022-08-16,2022-08-16,TASTYBITE,A,12582.05,13250.0,12344.5,12848.05,12340.65,756,1227,15744667.0
2022-08-16,2022-08-16,RITESHIN,XT,64.5,64.5,58.9,62.5,62.0,354,20571,1249795.0
2022-08-16,2022-08-16,AVTNPL,B,94.45,101.0,94.45,98.85,91.8,1199,54702,5368255.0
2022-08-16,2022-08-16,HNDFDS,A,420.7,421.75,415.0,416.0,416.15,933,5794,2422636.0
2022-08-16,2022-08-16,NAHARINDUS,B,117.8,117.8,110.35,111.15,112.35,82,3947,438848.0
2022-08-16,2022-08-16,VADILENT,XT,1889.95,1889.95,1740.05,1740.55,1824.0,10,116,206864.0
2022-08-16,2022-08-16,VADILALIND,B,2300.0,2332.2,2265.15,2307.45,2318.8,754,3073,7060290.0
2022-08-16,2022-08-16,ASHAI,XT,8.1,8.45,8.1,8.4,8.25,15,427,3599.0
2022-08-16,2022-08-16,ADFFOODS,B,714.45,721.2,696.6,711.75,702.4,108,1065,755114.0
2022-08-16,2022-08-16,RGRL,X,10.0,10.1,9.56,9.79,10.0,107,6712,65831.0
2022-08-16,2022-08-16,WILLIMFI,XT,6.98,6.98,6.65,6.65,6.65,6,7518,52215.0
2022-08-16,2022-08-16,AJANTSOY,X,49.45,49.45,48.05,48.65,47.9,1190,148190,7238893.0
2022-08-16,2022-08-16,WILLAMAGOR,B,26.8,30.1,25.25,30.1,25.1,675,112119,3268557.0
2022-08-16,2022-08-16,KISAAN,X,2.88,3.02,2.88,3.02,2.88,3,181,521.0
2022-08-16,2022-08-16,SIEL,XT,34.3,34.3,34.3,34.3,35.0,6,411,14097.0
2022-08-16,2022-08-16,SANWARIA,Z,0.8,0.8,0.75,0.77,0.78,355,737307,567593.0
2022-08-16,2022-08-16,PRIMAGR,XT,24.7,25.8,24.1,25.6,24.65,20,1566,39632.0
2022-08-16,2022-08-16,MADHURIND,X,5.37,5.37,5.37,5.37,5.65,3,125,671.0
2022-08-16,2022-08-16,TARAI,XT,7.6,7.6,7.04,7.06,7.41,83,13703,98547.0
2022-08-16,2022-08-16,MODAIRY,X,9.6,10.0,8.25,9.67,9.41,248,55082,521967.0
2022-08-16,2022-08-16,BAMBINO,X,272.3,277.9,271.1,276.6,274.05,37,1025,281519.0
2022-08-16,2022-08-16,PRIMIND,Z,5.31,5.31,5.2,5.31,5.3,9,364,1931.0
2022-08-16,2022-08-16,VIKASWSP,Z,2.45,2.5,2.35,2.37,2.47,181,143806,344160.0
2022-08-16,2022-08-16,JATALIA,Z,3.63,3.63,3.63,3.63,3.63,5,1646,5974.0
2022-08-16,2022-08-16,VSFPROJ,XT,45.0,45.0,40.85,44.3,42.95,17,3106,133589.0
2022-08-16,2022-08-16,POONADAL,X,55.1,56.95,55.05,56.7,55.05,33,3005,168447.0
2022-08-16,2022-08-16,TRANSFD,X,70.1,72.0,70.1,72.0,72.0,11,565,39887.0
2022-08-16,2022-08-16,ANIKINDS,B,34.5,36.5,33.35,36.35,35.15,317,37658,1328669.0
2022-08-16,2022-08-16,SHINDL,XT,52.5,54.9,52.2,53.1,54.9,25,5093,268750.0
2022-08-16,2022-08-16,KSE,XT,1875.0,1973.9,1875.0,1936.55,1907.25,63,1799,3463339.0
2022-08-16,2022-08-16,NARBADA,X,52.4,52.7,47.0,52.7,43.95,263,53456,2780018.0
2022-08-16,2022-08-16,VIRATCRA,X,31.4,31.4,29.7,30.85,30.65,33,2471,76121.0
2022-08-16,2022-08-16,IBINFO,XT,28.65,28.65,27.4,28.65,27.3,7,461,13083.0
2022-08-16,2022-08-16,AMBARPIL,XT,195.95,195.95,195.95,195.95,186.65,2,113,22142.0
2022-08-16,2022-08-16,CHORDIA,XT,115.55,115.6,104.6,104.6,110.1,112,12070,1282259.0
2022-08-16,2022-08-16,CIANAGRO,XT,63.25,63.25,62.5,63.0,62.0,17,3067,192974.0
2022-08-16,2022-08-16,TAIIND,X,29.0,30.0,29.0,30.0,29.0,23,1040,30664.0
2022-08-16,2022-08-16,NKIND,T,36.75,38.25,36.75,37.55,38.45,5,477,17754.0
2022-08-16,2022-08-16,BKV,XT,7.85,8.06,7.8,8.0,7.68,44,2510,20147.0
2022-08-16,2022-08-16,NCCBLUE,P,8.0,8.0,8.0,8.0,8.22,1,100,800.0
2022-08-16,2022-08-16,ASIANTNE,X,12.6,13.75,12.6,13.01,12.84,208,35766,469219.0
2022-08-16,2022-08-16,HERITGFOOD,A,304.3,304.45,290.6,297.8,302.15,1512,24059,7074409.0
2022-08-16,2022-08-16,SIMRAN,X,136.15,145.0,135.85,141.3,150.9,287,16415,2266823.0
2022-08-16,2022-08-16,DFMFOODS,B,304.3,304.3,304.3,304.3,253.6,786,82448,25088926.0
2022-08-16,2022-08-16,CCL,A,447.5,449.05,438.05,445.05,439.5,541,7218,3200313.0
2022-08-16,2022-08-16,KELLTONTEC,B,73.0,73.2,70.0,71.6,73.45,1992,105736,7589919.0
2022-08-16,2022-08-16,SURFI,XT,8.32,8.32,8.31,8.31,8.32,2,104,865.0
2022-08-16,2022-08-16,INTEGFD,XT,12.3,12.3,12.3,12.3,12.45,2,90,1107.0
2022-08-16,2022-08-16,LAKESHORE,X,21.9,22.5,21.9,22.3,21.9,15,2494,55159.0
2022-08-16,2022-08-16,RICOAUTO,B,46.45,49.9,46.45,49.55,47.75,1089,63722,3092557.0
2022-08-16,2022-08-16,OMAXAUTO,B,48.9,50.9,48.9,49.95,49.85,157,5402,270379.0
2022-08-16,2022-08-16,MUNJALSHOW,B,104.0,104.0,102.25,102.8,103.75,166,6123,630855.0
2022-08-16,2022-08-16,JAMNAAUTO,A,116.0,117.75,113.1,114.55,117.05,3120,172411,19851227.0
2022-08-16,2022-08-16,TVSHLTD,A,4550.05,4677.95,4550.05,4598.05,4573.05,28,56,256540.0
2022-08-16,2022-08-16,JTEKTINDIA,B,84.35,86.85,84.35,86.0,84.5,628,20805,1797097.0
2022-08-16,2022-08-16,MUNJALAU,B,50.15,51.85,50.15,50.75,50.15,383,10883,556526.0
2022-08-16,2022-08-16,JAYBARMARU,B,156.2,161.15,156.2,160.45,156.5,54,1989,317799.0
2022-08-16,2022-08-16,RACLGEAR,X,573.0,580.0,560.85,565.4,564.5,139,2558,1455044.0
2022-08-16,2022-08-16,SAMKRG,X,153.0,155.9,147.3,149.6,151.3,75,2997,451782.0
2022-08-16,2022-08-16,SICALLOG,T,8.0,8.24,8.0,8.15,7.97,28,14223,115815.0
2022-08-16,2022-08-16,RATNAMANI,A,1741.9,1741.9,1709.7,1720.9,1730.5,292,1004,1729329.0
2022-08-16,2022-08-16,VESUVIUS,B,1221.0,1270.05,1218.3,1228.7,1187.0,1073,12394,15352275.0
2022-08-16,2022-08-16,ASAL,B,413.0,423.15,412.8,415.15,413.5,855,7162,2981471.0
2022-08-16,2022-08-16,ARCEEIN,X,8.55,8.57,8.55,8.57,9.5,16,2977,25455.0
2022-08-16,2022-08-16,ABCINDQ,X,74.0,75.6,72.6,74.0,72.5,15,402,29767.0
2022-08-16,2022-08-16,BALTE,X,8.31,8.8,8.31,8.31,8.71,18,3005,25099.0
2022-08-16,2022-08-16,COARO,P,22.8,22.8,22.8,22.8,24.0,2,200,4560.0
2022-08-16,2022-08-16,SIBARAUT,XT,13.2,13.4,12.8,12.82,13.46,35,14019,180549.0
2022-08-16,2022-08-16,TRANSWORLD,B,339.0,339.05,332.45,335.25,329.75,363,4048,1359280.0
2022-08-16,2022-08-16,STARLOG,XT,11.8,11.8,10.98,10.98,11.55,26,4105,45194.0
2022-08-16,2022-08-16,TITANIN,X,14.5,16.6,14.5,15.7,15.6,163,19288,302158.0
2022-08-16,2022-08-16,ICIL,A,139.5,143.15,139.5,141.3,141.6,1109,49207,6958064.0
2022-08-16,2022-08-16,MARALOVER,B,61.0,68.0,61.0,65.25,65.1,171,3553,230991.0
2022-08-16,2022-08-16,SOMATEX,B,7.47,7.47,7.25,7.25,7.62,27,823,6087.0
2022-08-16,2022-08-16,ADVLIFE,XT,40.6,40.6,40.6,40.6,42.7,4,599,24319.0
2022-08-16,2022-08-16,KAKTEX,XT,18.7,19.45,18.0,18.95,18.75,43,2154,40326.0
2022-08-16,2022-08-16,OCTAVE,XT,1.69,1.69,1.61,1.63,1.69,37,19131,31543.0
2022-08-16,2022-08-16,TRIDENT,A,37.5,38.0,37.1,37.25,37.55,3846,1027084,38356434.0
2022-08-16,2022-08-16,HISARSP,P,29.55,29.55,29.55,29.55,28.15,1,100,2955.0
2022-08-16,2022-08-16,ALOKINDS,T,19.55,19.8,19.1,19.4,19.55,1388,488763,9546226.0
2022-08-16,2022-08-16,PASARI,XT,4.1,4.1,3.9,3.9,4.1,30,6050,23660.0
2022-08-16,2022-08-16,CLCIND,Z,1.6,1.74,1.6,1.62,1.68,18,3928,6613.0
2022-08-16,2022-08-16,AMARJOTHI,X,170.0,171.75,163.05,165.4,166.45,75,4021,669239.0
2022-08-16,2022-08-16,OLYMPTX,XT,45.0,47.4,43.2,44.85,45.4,26,1351,60238.0
2022-08-16,2022-08-16,NAGREEKEXP,B,35.6,36.5,34.9,35.25,36.75,237,9208,326179.0
2022-08-16,2022-08-16,SUDTIND-B,X,36.5,36.5,33.55,33.9,33.35,17,1579,53803.0
2022-08-16,2022-08-16,SBFL,X,11.2,12.2,11.2,11.52,11.58,20,1371,16040.0
2022-08-16,2022-08-16,EUREKAI,X,3.57,3.57,3.57,3.57,3.4,1,1,3.0
2022-08-16,2022-08-16,ADITYASP,XT,17.85,17.85,17.5,17.8,17.85,14,2026,35886.0
2022-08-16,2022-08-16,PRIMEURB,X,6.31,6.31,6.0,6.0,6.31,12,5292,32952.0
2022-08-16,2022-08-16,DHANFAB,X,62.8,63.8,59.0,61.3,61.55,247,17749,1095847.0
2022-08-16,2022-08-16,SLSTLQ,X,57.8,58.0,46.3,49.85,52.75,67,2705,137241.0
2022-08-16,2022-08-16,ZODIACLOTH,B,95.15,95.2,91.7,92.45,97.25,317,7984,739714.0
2022-08-16,2022-08-16,GANGOTRI,Z,0.99,1.03,0.95,1.03,0.99,30,13117,13360.0
2022-08-16,2022-08-16,SRMCL,X,33.1,35.7,30.2,33.9,32.1,31,3084,101393.0
2022-08-16,2022-08-16,SUPERSPIN,B,9.2,9.75,8.5,8.54,9.39,192,31833,276843.0
2022-08-16,2022-08-16,UNITEDTE,XT,10.5,10.8,10.5,10.8,10.29,11,837,9014.0
2022-08-16,2022-08-16,SILINV,B,292.0,308.05,292.0,303.6,293.4,51,458,137439.0
2022-08-16,2022-08-16,SURYALAXMI,B,68.0,69.8,61.7,62.95,62.0,99,2407,149884.0
2022-08-16,2022-08-16,SAMTEX,X,2.85,2.99,2.85,2.88,2.94,84,24996,72331.0
2022-08-16,2022-08-16,CITYMAN,XT,4.95,5.05,4.8,5.05,4.81,14,2925,14221.0
2022-08-16,2022-08-16,DHANROTO,X,73.0,78.0,71.0,76.6,72.75,57,4779,359250.0
2022-08-16,2022-08-16,DAMODARIND,B,46.0,48.5,46.0,47.7,48.0,44,1466,70260.0
2022-08-16,2022-08-16,UNIROYAL,X,15.0,16.5,15.0,15.2,15.3,11,952,14631.0
2022-08-16,2022-08-16,TATIAGLOB,X,1.86,1.86,1.71,1.85,1.78,326,219995,402554.0
2022-08-16,2022-08-16,SUNILTX,P,35.2,35.2,35.2,35.2,35.2,1,100,3520.0
2022-08-16,2022-08-16,SRINACHA,X,48.0,50.65,48.0,48.9,50.15,12,1266,61842.0
2022-08-16,2022-08-16,SAMBANDAM,X,170.25,181.95,164.1,174.45,173.95,40,718,124038.0
2022-08-16,2022-08-16,KITEX,A,247.95,248.8,213.5,236.6,247.8,1743,52123,12211564.0
2022-08-16,2022-08-16,CRANEX,X,19.05,19.8,17.6,18.35,19.15,29,3766,69956.0
2022-08-16,2022-08-16,BATLIBOI,X,38.95,38.95,36.5,36.65,37.2,26,1731,64551.0
2022-08-16,2022-08-16,AUSTENG,X,74.3,80.85,72.15,72.35,74.3,59,4502,329863.0
2022-08-16,2022-08-16,UNIDT,B,360.0,365.0,337.5,360.3,364.55,815,11069,3877587.0
2022-08-16,2022-08-16,FLUIDOM,X,165.0,165.0,146.1,155.65,159.9,185,25384,3945758.0
2022-08-16,2022-08-16,WINDMACHIN,B,32.75,33.1,32.0,33.0,32.05,40,4061,131892.0
2022-08-16,2022-08-16,SHANTIGEAR,B,229.0,233.75,225.15,229.15,228.2,708,14412,3302729.0
2022-08-16,2022-08-16,HONDAPOWER,B,1468.9,1480.5,1454.0,1460.2,1451.85,139,249,365645.0
2022-08-16,2022-08-16,HITECHGEAR,B,193.25,197.25,187.0,192.7,193.5,112,1873,361934.0
2022-08-16,2022-08-16,ELGIEQUIP,A,450.0,463.05,418.25,427.15,452.25,5004,132991,59207369.0
2022-08-16,2022-08-16,KLBRENG-B,X,41.1,42.75,40.15,41.65,40.85,267,73095,3046982.0
2022-08-16,2022-08-16,BIRLAPREC,XT,32.0,32.7,31.7,32.1,32.0,183,34232,1096434.0
2022-08-16,2022-08-16,YUKEN,B,443.2,450.0,436.0,437.05,443.5,51,346,153387.0
2022-08-16,2022-08-16,TIMKEN,A,3115.05,3130.7,3010.0,3021.4,3095.55,2107,7691,23509400.0
2022-08-16,2022-08-16,VOITHPAPR,X,1045.95,1087.0,1045.05,1083.85,1063.9,23,207,221060.0
2022-08-16,2022-08-16,ARTSON,X,79.8,81.0,77.1,80.2,77.4,457,32970,2628761.0
2022-08-16,2022-08-16,SOLIMAC,X,59.0,62.0,58.95,61.0,59.0,132,42928,2575573.0
2022-08-16,2022-08-16,DIACABS,Z,1.94,1.94,1.94,1.94,1.94,3,11500,22310.0
2022-08-16,2022-08-16,INDSILHYD,X,48.3,51.5,47.5,48.4,52.65,1004,213661,10424698.0
2022-08-16,2022-08-16,ITL,X,130.15,139.0,130.15,136.7,136.9,57,2323,313875.0
2022-08-16,2022-08-16,FRONTSP,X,316.0,316.0,295.35,301.35,303.25,61,1242,373153.0
2022-08-16,2022-08-16,PRAJIND,A,388.0,394.95,384.65,391.85,385.95,1846,47624,18580099.0
2022-08-16,2022-08-16,RASANDIK,X,89.95,91.95,83.55,87.6,86.3,39,3844,327578.0
2022-08-16,2022-08-16,YOGISUNG,X,3.88,4.14,3.88,4.13,3.88,8,1577,6403.0
2022-08-16,2022-08-16,HLEGLAS,A,3525.0,3592.45,3525.0,3537.1,3522.45,1069,2860,10145931.0
2022-08-16,2022-08-16,GUJAPOLLO,B,208.5,208.5,200.6,200.6,197.65,2,4,818.0
2022-08-16,2022-08-16,TANAA,X,107.25,108.75,106.5,106.8,107.25,151,9089,975298.0
2022-08-16,2022-08-16,CONART,X,35.0,38.7,35.0,36.3,36.0,37,12209,451995.0
2022-08-16,2022-08-16,SHIVAGR,XT,13.5,13.5,13.5,13.5,13.45,2,150,2025.0
2022-08-16,2022-08-16,MMFL,B,950.15,953.4,926.8,931.85,948.75,740,5198,4877568.0
2022-08-16,2022-08-16,IYKOTHITE,Z,24.2,24.2,21.9,21.95,23.05,24,3474,79111.0
2022-08-16,2022-08-16,MAYURUNIQ,A,474.0,478.25,461.05,464.05,465.05,871,9109,4298358.0
2022-08-16,2022-08-16,CENLUB,X,124.0,128.7,116.0,122.85,126.4,350,27284,3280034.0
2022-08-16,2022-08-16,RAJOOENG,X,33.05,33.1,29.1,30.9,35.65,2277,565093,17294354.0
2022-08-16,2022-08-16,JMCPROJECTS,B,96.3,96.3,88.6,88.9,90.65,252,7481,678694.0
2022-08-16,2022-08-16,VJLAXMIE,X,40.9,40.9,39.05,39.25,40.85,8,367,14413.0
2022-08-16,2022-08-16,AHMDSTE,X,19.25,19.8,19.25,19.8,19.25,4,23,453.0
2022-08-16,2022-08-16,GVT&D,B,125.0,125.6,123.35,124.1,124.95,186,5627,702359.0
2022-08-16,2022-08-16,RAMRAT,B,284.0,284.9,275.0,281.6,278.5,958,8160,2292991.0
2022-08-16,2022-08-16,JAYNECOIND,B,22.4,23.55,21.9,22.0,22.4,192,21699,485376.0
2022-08-16,2022-08-16,KPIL,A,377.75,380.0,375.55,376.05,374.5,404,5805,2188038.0
2022-08-16,2022-08-16,NMSGLOBAL,XT,19.9,20.65,19.9,20.0,20.7,7,71,1415.0
2022-08-16,2022-08-16,CANDOUR,X,42.6,44.0,41.05,41.15,42.6,28,2416,102085.0
2022-08-16,2022-08-16,TIGLOB,X,99.0,100.0,92.7,97.55,95.4,46,2343,223476.0
2022-08-16,2022-08-16,CONTROLPR,B,485.75,493.65,478.1,480.4,485.4,605,6037,2936501.0
2022-08-16,2022-08-16,BEMHY,XT,335.35,335.35,335.35,335.35,353.0,38,956,320594.0
2022-08-16,2022-08-16,ANSALBU,X,94.7,99.5,93.5,94.05,94.6,54,1543,146972.0
2022-08-16,2022-08-16,WEIZMANIND,B,70.0,74.5,70.0,71.5,69.2,165,4357,314524.0
2022-08-16,2022-08-16,BNRSEC,X,34.3,34.3,33.7,33.95,33.35,37,9634,325610.0
2022-08-16,2022-08-16,RISHITECH,X,25.6,27.0,25.55,25.55,26.5,11,897,22929.0
2022-08-16,2022-08-16,SINCLAIR,X,100.05,103.0,99.5,100.85,99.25,261,41818,4258469.0
2022-08-16,2022-08-16,SAFARI,B,1498.95,1498.95,1310.65,1367.65,1336.55,994,3051,4210827.0
2022-08-16,2022-08-16,ZBINTXPP,XT,870.0,870.0,870.0,870.0,900.0,4,22,19140.0
2022-08-16,2022-08-16,JJFINCOR,XT,26.85,27.1,26.85,27.1,26.3,8,136,3685.0
2022-08-16,2022-08-16,COSMOFE,X,400.0,406.0,382.25,386.4,394.95,322,11868,4673157.0
2022-08-16,2022-08-16,SANCTRN,X,779.0,779.0,700.1,721.0,726.95,11,73,52320.0
2022-08-16,2022-08-16,THRIVE,X,60.0,64.2,60.0,60.05,60.2,15,2118,131674.0
2022-08-16,2022-08-16,EIHAHOTELS,B,406.6,411.95,400.3,410.9,408.5,263,5217,2126169.0
2022-08-16,2022-08-16,MEDICAPQ,X,46.0,46.65,44.5,44.65,44.6,224,14175,636226.0
2022-08-16,2022-08-16,OTCO,X,4.99,4.99,4.65,4.65,4.67,21,2463,11760.0
2022-08-16,2022-08-16,FOSECOC,X,921.0,945.0,881.0,916.65,919.65,299,6364,5817459.0
2022-08-16,2022-08-16,SIPINDUST,Z,5.0,5.0,5.0,5.0,4.9,10,184,920.0
2022-08-16,2022-08-16,BAPACK,XT,249.0,249.0,228.1,235.7,240.1,202,9568,2274600.0
2022-08-16,2022-08-16,ABAN,B,45.35,46.3,45.0,45.15,45.55,553,17443,792990.0
2022-08-16,2022-08-16,KOKUYOCMLN,B,70.95,74.0,69.05,71.95,70.35,928,50799,3672150.0
2022-08-16,2022-08-16,BHARATSE,X,78.15,80.9,78.15,78.6,78.5,229,32463,2560268.0
2022-08-16,2022-08-16,CONTPTR,XT,44.9,46.2,43.0,44.0,44.0,27,1691,75898.0
2022-08-16,2022-08-16,MACPLASQ,X,123.9,123.9,118.0,122.0,118.05,9,124,14665.0
2022-08-16,2022-08-16,PEARLPOLY,B,24.0,24.5,23.95,24.5,24.45,62,1755,42928.0
2022-08-16,2022-08-16,VENKEYS,A,2128.6,2148.9,2112.6,2120.4,2115.65,590,2693,5716157.0
2022-08-16,2022-08-16,ADVANIHOTR,B,78.05,81.5,78.0,80.35,78.05,279,7740,621942.0
2022-08-16,2022-08-16,GVFILM,X,0.82,0.82,0.8,0.82,0.82,2722,1532739,1243956.0
2022-08-16,2022-08-16,SUPERHOUSE,B,255.0,255.0,222.8,227.45,278.5,2687,55613,12735096.0
2022-08-16,2022-08-16,RAMAVISION,X,26.0,29.0,25.25,26.2,27.0,55,7933,222232.0
2022-08-16,2022-08-16,TCPLPACK,B,1096.0,1148.0,1071.1,1108.15,1138.2,1098,4735,5282796.0
2022-08-16,2022-08-16,SHRIGANG,XT,141.3,141.3,140.0,141.3,134.6,91,8845,1248826.0
2022-08-16,2022-08-16,BALMLAWRIE,A,118.1,121.25,117.85,119.7,117.45,1038,28284,3378840.0
2022-08-16,2022-08-16,KOVAI,B,1498.45,1498.45,1449.25,1453.15,1478.45,103,8680,12786061.0
2022-08-16,2022-08-16,ELDEHSG,B,541.4,551.9,537.1,549.95,541.0,43,389,213886.0
2022-08-16,2022-08-16,STDSHOE,P,21.65,21.65,21.65,21.65,22.75,3,600,12990.0
2022-08-16,2022-08-16,DCMSHRIRAM,A,1011.35,1075.0,1011.35,1063.9,1026.85,1069,11323,11872200.0
2022-08-16,2022-08-16,DCMSRIND,B,78.0,78.9,76.8,77.35,78.3,670,49107,3808212.0
2022-08-16,2022-08-16,MAWANASUG,B,86.05,87.0,82.65,84.2,86.05,1134,26736,2240030.0
2022-08-16,2022-08-16,MINID,XT,15.35,16.4,15.0,16.4,15.65,20,1553,25123.0
2022-08-16,2022-08-16,MAHAPEXLTD,B,74.95,76.5,74.0,74.7,75.1,79,1655,124192.0
2022-08-16,2022-08-16,NILKAMAL,A,2247.95,2247.95,2094.0,2170.5,2162.95,151,702,1517557.0
2022-08-16,2022-08-16,HOM,XT,0.39,0.39,0.38,0.39,0.39,9,18614,7095.0
2022-08-16,2022-08-16,NAHARPOLY,B,335.9,347.0,332.05,345.55,331.6,362,1831,620736.0
2022-08-16,2022-08-16,3MINDIA,A,22647.6,22647.6,22230.0,22408.6,22436.2,256,307,6884242.0
2022-08-16,2022-08-16,BOSCH-HCIL,A,1511.0,1511.0,1472.6,1491.15,1496.6,295,1074,1608637.0
2022-08-16,2022-08-16,JMFINANCIL,A,65.95,65.95,64.7,64.95,65.7,1008,63296,4116172.0
2022-08-16,2022-08-16,ADCINDIA,X,336.5,342.75,330.1,337.35,333.25,21,743,248552.0
2022-08-16,2022-08-16,COVENTRYCOI,Z,1.58,1.58,1.58,1.58,1.51,1,300,474.0
2022-08-16,2022-08-16,TNTELE,T,8.11,8.51,8.0,8.5,8.11,17,533,4511.0
2022-08-16,2022-08-16,SUNRAJDI,Z,6.5,6.82,6.18,6.2,6.5,9,860,5335.0
2022-08-16,2022-08-16,RIIL,A,975.8,1007.95,972.0,997.4,970.65,3716,80095,79441602.0
2022-08-16,2022-08-16,SHARP,X,53.95,53.95,50.5,53.8,53.5,10,221,11865.0
2022-08-16,2022-08-16,LINDEINDIA,A,3477.4,3531.2,3333.0,3363.8,3472.6,1863,6718,23020800.0
2022-08-16,2022-08-16,INDBNK,B,26.3,27.65,26.3,27.65,26.25,3,19,501.0
2022-08-16,2022-08-16,JAIMATAG,XT,0.54,0.54,0.53,0.53,0.55,31,161076,86001.0
2022-08-16,2022-08-16,LOTUSCHO,X,131.05,134.4,125.05,128.55,131.05,113,6125,782698.0
2022-08-16,2022-08-16,PACIFICI,X,320.0,333.0,312.1,321.7,320.45,45,1051,341094.0
2022-08-16,2022-08-16,CMMHOSP,X,22.05,22.5,21.8,22.5,22.4,14,1171,25792.0
2022-08-16,2022-08-16,UNIOFFICE,X,4.14,4.35,3.95,4.35,4.15,10,3212,13905.0
2022-08-16,2022-08-16,APMIN,X,46.35,51.9,45.35,51.65,46.95,409,68453,3431399.0
2022-08-16,2022-08-16,PRECWIRE,B,83.8,83.8,80.75,81.65,81.0,227,9410,771137.0
2022-08-16,2022-08-16,KRYPTONQ,X,23.7,23.75,22.55,22.6,23.35,79,10296,236404.0
2022-08-16,2022-08-16,SWISSMLTRY,X,16.45,16.45,15.95,16.15,15.95,783,193939,3127239.0
2022-08-16,2022-08-16,MARBU,X,37.6,37.6,37.6,37.6,37.6,2,20,752.0
2022-08-16,2022-08-16,FEL,B,2.23,2.31,2.21,2.3,2.2,196,226742,512242.0
2022-08-16,2022-08-16,INDTONER,X,178.05,184.7,178.0,181.1,180.3,78,9596,1731524.0
2022-08-16,2022-08-16,KUNSTOFF,X,25.75,25.75,22.5,23.6,23.7,11,632,16106.0
2022-08-16,2022-08-16,SCI,A,111.15,115.2,111.15,113.2,111.1,2250,134574,15267874.0
2022-08-16,2022-08-16,SIKA,X,815.0,815.0,661.0,715.45,826.05,1545,36336,25846043.0
2022-08-16,2022-08-16,ITI,A,112.55,114.85,112.55,113.7,113.45,780,31329,3568782.0
2022-08-16,2022-08-16,DREDGECORP,B,281.75,288.0,280.25,281.2,281.4,633,5829,1654732.0
2022-08-16,2022-08-16,PHRMASI,XT,23.5,24.4,22.1,24.0,23.25,8,122,2828.0
2022-08-16,2022-08-16,PODDARHOUS,T,182.0,186.9,182.0,186.9,180.3,3,216,39390.0
2022-08-16,2022-08-16,NFL,A,49.7,50.15,49.1,49.35,49.75,982,110391,5467578.0
2022-08-16,2022-08-16,IPRINGLTD,X,124.0,129.0,122.05,127.3,124.25,75,4124,514680.0
2022-08-16,2022-08-16,PIIND,A,3330.2,3430.0,3330.2,3390.4,3347.7,860,3511,11961279.0
2022-08-16,2022-08-16,PLASTIBLEN,B,211.1,215.05,207.6,213.85,211.0,69,1273,270439.0
2022-08-16,2022-08-16,YASHINNO,XT,25.9,25.9,23.5,25.7,24.7,14,1126,28503.0
2022-08-16,2022-08-16,KKPLASTICK,XT,16.5,16.5,15.8,15.8,16.62,14,359,5873.0
2022-08-16,2022-08-16,WATERBASE,B,80.05,82.5,79.85,81.15,81.4,198,4002,324172.0
2022-08-16,2022-08-16,FLEXFO,X,93.6,93.6,91.0,92.75,90.85,140,24540,2251868.0
2022-08-16,2022-08-16,GOLKUNDIA,X,92.5,102.0,92.5,97.8,95.25,113,7888,784642.0
2022-08-16,2022-08-16,APCOTEXIND,A,531.8,553.3,531.8,538.85,545.45,770,12839,6982242.0
2022-08-16,2022-08-16,FORTISMLR,X,58.35,58.35,55.15,56.9,56.65,27,1233,69575.0
2022-08-16,2022-08-16,MASTEK,A,2015.0,2033.05,1975.0,2014.7,1995.8,2726,16067,32072544.0
2022-08-16,2022-08-16,EIMCOELECO,B,352.9,355.65,348.5,354.4,358.5,43,198,69625.0
2022-08-16,2022-08-16,SAYAJIHOTL,XT,250.0,255.0,239.1,249.75,250.0,25,1454,355476.0
2022-08-16,2022-08-16,ASHIANA,B,149.25,150.55,146.75,147.5,147.85,113,1674,249212.0
2022-08-16,2022-08-16,SVAMSOF,X,5.25,5.4,4.92,4.98,5.14,130,28168,144031.0
2022-08-16,2022-08-16,ECOBOAR,X,34.0,34.0,31.9,32.1,33.5,103,14058,458367.0
2022-08-16,2022-08-16,DVL,B,226.0,226.0,212.5,222.45,215.45,85,2413,527680.0
2022-08-16,2022-08-16,TIHIL,XT,6.01,6.01,6.01,6.01,6.01,4,72,432.0
2022-08-16,2022-08-16,MAHEPC,B,106.2,108.0,105.9,106.45,105.85,73,2080,222310.0
2022-08-16,2022-08-16,SREIINFRA,T,4.4,4.4,4.1,4.19,4.28,72,33912,141660.0
2022-08-16,2022-08-16,MITSHI,X,11.15,11.15,10.11,10.7,11.58,19,2778,29520.0
2022-08-16,2022-08-16,SHUKJEW,P,5.7,5.7,5.7,5.7,6.0,2,200,1140.0
2022-08-16,2022-08-16,MAZDA,B,574.0,593.95,570.0,579.4,576.5,45,691,395828.0
2022-08-16,2022-08-16,VHLTD,Z,1.8,1.9,1.72,1.72,1.81,56,83237,146781.0
2022-08-16,2022-08-16,SOVERDIA,X,16.45,16.45,15.77,15.81,16.6,13,5563,88006.0
2022-08-16,2022-08-16,MENONBE,B,86.35,89.45,86.15,87.4,88.6,118,6690,587230.0
2022-08-16,2022-08-16,MUKATPIP,XT,7.47,7.47,7.47,7.47,7.86,14,1045,7806.0
2022-08-16,2022-08-16,GUJRAFFIA,T,29.6,29.6,29.6,29.6,29.6,5,549,16250.0
2022-08-16,2022-08-16,SIMPLEXINF,B,72.1,74.5,70.65,73.25,74.4,161,5399,390947.0
2022-08-16,2022-08-16,INNOVTEC,X,15.65,17.0,15.65,16.65,15.65,23,2623,42718.0
2022-08-16,2022-08-16,SUPTANERY,X,7.01,7.19,6.71,7.0,7.01,165,67736,473468.0
2022-08-16,2022-08-16,CONSTRONIC,XT,7.0,7.0,7.0,7.0,7.15,7,740,5180.0
2022-08-16,2022-08-16,AXTEL,X,209.7,209.7,202.45,207.15,203.55,115,3502,724139.0
2022-08-16,2022-08-16,GRANDOAK,XT,9.31,9.31,9.31,9.31,9.31,3,108,1005.0
2022-08-16,2022-08-16,EASTINDIA,XT,0.47,0.47,0.47,0.47,0.47,8,2651,1245.0
2022-08-16,2022-08-16,APIL,X,29.1,29.1,29.1,29.1,27.8,1,2,58.0
2022-08-16,2022-08-16,POONAWALLA,A,296.0,297.15,287.1,288.55,292.3,4857,308963,89955909.0
2022-08-16,2022-08-16,HINFLUR,B,11.99,12.22,11.45,12.22,11.11,150,37661,458149.0
2022-08-16,2022-08-16,KINGFA,B,990.35,1060.0,982.2,1051.75,1004.25,267,1861,1890538.0
2022-08-16,2022-08-16,PATIDAR,X,10.26,10.26,10.26,10.26,9.78,20,22484,230685.0
2022-08-16,2022-08-16,RAMAPHO,B,279.0,279.0,265.1,265.65,267.75,287,8471,2268601.0
2022-08-16,2022-08-16,VENLONENT,X,8.17,8.17,8.16,8.16,8.58,15,4889,39899.0
2022-08-16,2022-08-16,POLYPLEX,A,2279.0,2348.8,2215.0,2326.7,2214.9,6544,56011,129631895.0
2022-08-16,2022-08-16,ALBERTDAVD,B,536.85,543.25,533.45,535.2,533.25,40,215,115291.0
2022-08-16,2022-08-16,HARLETH,XT,38.1,41.9,38.1,40.0,40.05,20,1015,40315.0
2022-08-16,2022-08-16,CARYSIL,A,619.1,651.3,617.1,640.6,619.05,2343,36282,22939818.0
2022-08-16,2022-08-16,KABRAEXTRU,B,351.0,365.7,347.85,351.85,349.9,315,4103,1444075.0
2022-08-16,2022-08-16,VINYLINDIA,B,369.1,383.0,368.8,373.6,368.15,2072,33470,12535184.0
2022-08-16,2022-08-16,PCCOSMA,X,119.9,119.9,116.0,116.0,117.65,5,104,12360.0
2022-08-16,2022-08-16,TCMLMTD,XT,44.3,45.2,41.75,43.05,43.05,94,27603,1209265.0
2022-08-16,2022-08-16,IOLCP,A,354.0,362.2,354.0,357.65,353.55,878,18246,6543028.0
2022-08-16,2022-08-16,VINATIORGA,A,2169.0,2226.75,2169.0,2206.5,2200.05,325,1110,2456883.0
2022-08-16,2022-08-16,LACTOSE,XT,73.05,76.35,73.05,75.1,76.85,166,19427,1430548.0
2022-08-16,2022-08-16,AARTIIND,A,828.75,838.0,820.55,832.1,818.2,1982,29669,24643057.0
2022-08-16,2022-08-16,PNTKYOR,XT,20.7,20.7,20.7,20.7,19.75,4,189,3912.0
2022-08-16,2022-08-16,WANBURY,T,64.0,66.65,63.25,64.05,64.6,36,4288,275933.0
2022-08-16,2022-08-16,RESONANCE,X,160.6,167.5,158.1,161.6,164.2,225,8986,1451546.0
2022-08-16,2022-08-16,GAEL,A,305.8,305.8,284.2,288.55,292.5,1551,37628,10894866.0
2022-08-16,2022-08-16,RCF,A,95.1,95.5,93.7,94.15,94.2,2914,337969,31921318.0
2022-08-16,2022-08-16,GUJINJEC,XT,6.59,6.59,6.59,6.59,6.28,4,1300,8567.0
2022-08-16,2022-08-16,KOPRAN,B,188.0,188.0,181.95,182.75,185.55,941,17089,3139021.0
2022-08-16,2022-08-16,AIMCOPEST,X,143.9,145.0,124.3,138.55,155.35,747,104874,14152607.0
2022-08-16,2022-08-16,GUJTERC,XT,29.45,32.35,29.45,29.45,30.95,104,89015,2626736.0
2022-08-16,2022-08-16,SEYAIND,T,26.55,26.55,26.55,26.55,27.9,8,805,21372.0
2022-08-16,2022-08-16,JAYAGROGN,B,210.95,217.5,210.05,215.15,213.4,136,3137,671831.0
2022-08-16,2022-08-16,BCLIND,B,367.0,367.0,366.7,366.7,386.0,128,4910,1800624.0
2022-08-16,2022-08-16,SHHARICH,X,61.5,61.5,57.15,59.25,60.15,37,3420,203383.0
2022-08-16,2022-08-16,INDOBORAX,B,140.0,144.05,138.35,140.8,139.0,844,33535,4727994.0
2022-08-16,2022-08-16,AARTIDRUGS,A,433.95,433.95,421.85,423.45,428.85,1124,10113,4286205.0
2022-08-16,2022-08-16,BODALCHEM,A,92.65,96.45,92.0,94.55,91.8,843,20730,1953304.0
2022-08-16,2022-08-16,ORCHPHARMA,T,301.0,310.6,301.0,310.0,298.65,42,1043,319163.0
2022-08-16,2022-08-16,VIMTALABS,B,385.6,395.2,383.7,385.3,384.2,411,2069,806135.0
2022-08-16,2022-08-16,BIOFILCHEM,B,51.8,52.55,51.8,52.1,52.55,79,1004,52380.0
2022-08-16,2022-08-16,ISHITADR,X,46.05,46.05,43.05,44.5,46.05,26,1315,57153.0
2022-08-16,2022-08-16,MARKSANS,A,49.75,53.8,49.75,52.95,49.8,2367,269533,14170840.0
2022-08-16,2022-08-16,UNIVSTAR,XT,168.15,168.15,168.15,168.15,177.0,14,945,158901.0
2022-08-16,2022-08-16,AAREYDRUGS,B,35.8,35.8,34.25,35.3,36.95,286,29251,1020159.0
2022-08-16,2022-08-16,NORRIS,X,10.3,10.79,10.1,10.79,10.48,22,1054,11082.0
2022-08-16,2022-08-16,ASINPET,XT,25.75,28.35,25.75,28.35,27.0,72,5408,149699.0
2022-08-16,2022-08-16,CAMEXLTD,X,27.35,27.5,26.5,26.65,27.9,57,10498,281693.0
2022-08-16,2022-08-16,EVEXIA,X,1.85,1.88,1.81,1.84,1.85,2661,2797939,5130507.0
2022-08-16,2022-08-16,INDOEURO,XT,12.65,12.65,12.65,12.65,12.4,4,23,290.0
2022-08-16,2022-08-16,SYNCOMF,X,8.4,8.7,7.8,8.65,9.18,7367,4417209,37097038.0
2022-08-16,2022-08-16,RIDDHI,X,398.75,409.95,385.05,409.05,398.75,47,833,336276.0
2022-08-16,2022-08-16,SVCIND,XT,3.17,3.2,3.02,3.05,3.17,351,163234,496747.0
2022-08-16,2022-08-16,IPCALAB,A,928.0,934.0,918.8,925.8,928.0,1429,8585,7959897.0
2022-08-16,2022-08-16,KILITCH,B,171.65,172.0,163.6,165.9,169.35,101,1541,260153.0
2022-08-16,2022-08-16,CORALAB,X,254.65,254.65,240.1,244.55,249.65,53,1800,436852.0
2022-08-16,2022-08-16,BACPHAR,XT,6.75,7.0,6.56,6.56,6.85,4,447,3068.0
2022-08-16,2022-08-16,KREBSBIO,B,112.35,112.35,108.0,108.0,110.55,28,811,88842.0
2022-08-16,2022-08-16,KMCSHIL,B,60.9,61.45,58.0,60.15,58.55,1137,124911,7541031.0
2022-08-16,2022-08-16,LAFFANSQ,X,37.55,39.8,37.1,37.6,37.55,25,646,24129.0
2022-08-16,2022-08-16,BHASKAGR,XT,41.0,41.6,40.05,40.1,39.65,5,130,5330.0
2022-08-16,2022-08-16,SUKHJITS,X,527.0,527.0,470.0,505.5,534.55,515,21176,10652390.0
2022-08-16,2022-08-16,NEULANDLAB,A,1122.9,1122.9,1078.25,1084.4,1092.15,538,2531,2745529.0
2022-08-16,2022-08-16,GAYATRIBI,XT,12.5,12.94,12.4,12.77,12.94,139,16570,208195.0
2022-08-16,2022-08-16,PODDARMENT,B,269.0,269.0,251.0,251.05,260.0,119,2887,741679.0
2022-08-16,2022-08-16,PHARMAID,X,12.5,13.09,12.5,12.85,12.6,50,4913,62847.0
2022-08-16,2022-08-16,VIVIDIND,X,26.15,27.9,25.05,27.7,27.45,171,24063,626848.0
2022-08-16,2022-08-16,PRIYALT,X,15.6,15.6,15.6,15.6,16.4,2,50,780.0
2022-08-16,2022-08-16,TIRUSTA,XT,74.45,74.45,74.45,74.45,78.35,25,1011,75268.0
2022-08-16,2022-08-16,HEMORGANIC,XT,32.75,35.5,32.75,34.35,34.45,140,8314,286658.0
2022-08-16,2022-08-16,JAYSYNTH,X,6.7,6.73,6.09,6.09,6.41,25,5056,33585.0
2022-08-16,2022-08-16,AEONXDIGI,X,83.0,86.0,77.5,82.25,81.55,48,2634,220913.0
2022-08-16,2022-08-16,AKSHARCHEM,B,273.05,278.7,271.0,276.45,275.2,94,534,146906.0
2022-08-16,2022-08-16,ADLINE,P,8.75,8.75,8.75,8.75,8.75,1,500,4375.0
2022-08-16,2022-08-16,BERLDRG,X,8.92,8.93,8.92,8.93,9.9,8,730,6513.0
2022-08-16,2022-08-16,INDXTRA,XT,78.5,82.6,75.0,76.1,78.75,21,337,26089.0
2022-08-16,2022-08-16,ISTRNETWK,XT,3.52,3.52,3.52,3.52,3.7,3,40000,140800.0
2022-08-16,2022-08-16,GAGAN,X,11.39,11.39,10.52,11.0,10.85,19,3206,35956.0
2022-08-16,2022-08-16,PARKERAC,XT,9.03,9.03,9.03,9.03,9.03,2,61,550.0
2022-08-16,2022-08-16,SHUKRAPHAR,X,193.0,194.0,176.15,190.65,185.4,51,3135,583651.0
2022-08-16,2022-08-16,ALUFLUOR,X,270.15,276.95,262.6,266.7,269.85,193,10938,2923521.0
2022-08-16,2022-08-16,OXYGENTAPH,XT,24.75,26.2,24.75,25.25,25.95,13,1459,37148.0
2022-08-16,2022-08-16,ARCHITORG,X,49.9,57.25,47.4,54.0,47.75,1121,311316,16763001.0
2022-08-16,2022-08-16,SIKOZY,X,1.15,1.15,1.05,1.14,1.1,161,155595,170622.0
2022-08-16,2022-08-16,INDOAMIN,B,102.85,105.2,99.85,100.25,103.25,312,12970,1323848.0
2022-08-16,2022-08-16,INDSWFTLTD,B,9.85,10.07,9.85,9.96,9.87,13,1585,15673.0
2022-08-16,2022-08-16,NATCAPSUQ,X,521.0,559.95,450.4,523.55,541.55,463,25926,13904984.0
2022-08-16,2022-08-16,WELCURE,X,8.13,8.13,8.13,8.13,8.55,103,11764,95641.0
2022-08-16,2022-08-16,BIBCL,B,26.7,26.7,21.2,26.15,26.15,308,59758,1526090.0
2022-08-16,2022-08-16,SOTL,B,1370.0,1404.0,1362.1,1394.0,1351.35,559,3846,5342943.0
2022-08-16,2022-08-16,HESTERBIO,A,2175.3,2217.65,2108.0,2113.1,2238.85,256,1450,3112567.0
2022-08-16,2022-08-16,KABSON,XT,10.9,11.42,10.36,10.41,10.9,68,9154,99226.0
2022-08-16,2022-08-16,BASANTGL,X,21.4,21.4,20.75,21.05,21.05,750,97788,2058436.0
2022-08-16,2022-08-16,SANDUPHQ,X,66.0,70.0,66.0,69.1,66.5,78,5212,352774.0
2022-08-16,2022-08-16,NACLIND,B,77.45,77.45,74.5,75.35,74.7,141,13514,1018467.0
2022-08-16,2022-08-16,VISTAPH,XT,6.75,7.0,6.75,6.98,6.8,31,5215,36169.0
2022-08-16,2022-08-16,SUNPHARMA,A,905.3,919.35,904.8,914.45,913.4,1483,32516,29709126.0
2022-08-16,2022-08-16,TITANBIO,X,233.6,241.9,231.05,237.15,233.95,240,7141,1684975.0
2022-08-16,2022-08-16,SDL,X,15.7,15.7,15.7,15.7,16.5,4,945,14836.0
2022-08-16,2022-08-16,JENBURPH,X,551.0,559.9,551.0,557.05,552.8,50,1873,1040747.0
2022-08-16,2022-08-16,HIKAL,A,272.65,297.75,269.75,294.5,269.95,6561,212030,61992894.0
2022-08-16,2022-08-16,CAPLIPOINT,A,790.2,830.0,790.2,812.7,793.2,444,3379,2746560.0
2022-08-16,2022-08-16,LINKPH,X,37.0,41.9,36.3,38.85,44.3,298,45968,1763849.0
2022-08-16,2022-08-16,DECIPHER,X,44.35,44.55,42.35,44.55,40.5,639,83191,3660133.0
2022-08-16,2022-08-16,EMMESSA,X,26.0,26.9,21.6,24.35,27.0,64,5658,133468.0
2022-08-16,2022-08-16,NGLFINE,B,1559.0,1607.95,1525.0,1531.05,1561.65,459,1945,2987045.0
2022-08-16,2022-08-16,EVERESTO,X,137.2,139.0,133.65,135.0,137.2,100,3298,449023.0
2022-08-16,2022-08-16,AUROPHARMA,A,594.0,602.75,583.1,583.85,593.3,3724,74007,43753164.0
2022-08-16,2022-08-16,NATCOPHARM,A,666.95,666.95,646.25,655.05,646.25,1172,15412,10078572.0
2022-08-16,2022-08-16,DYNAMIND,X,71.8,71.8,62.35,68.8,69.9,34,3281,227376.0
2022-08-16,2022-08-16,PANAMAPET,A,306.0,314.0,305.0,307.9,306.75,1611,19071,5875115.0
2022-08-16,2022-08-16,BALPHARMA,B,97.0,97.0,94.0,96.25,97.25,257,9482,906390.0
2022-08-16,2022-08-16,BDH,X,119.95,122.7,119.25,120.95,119.55,45,2149,257936.0
2022-08-16,2022-08-16,JAUSPOL,X,5.31,5.31,5.31,5.31,5.46,2,6,31.0
2022-08-16,2022-08-16,PROCAL,XT,0.39,0.39,0.39,0.39,0.38,1,500,195.0
2022-08-16,2022-08-16,GLOBUSCON,X,26.0,30.2,26.0,30.1,28.25,139,10920,307424.0
2022-08-16,2022-08-16,CUBEXTUB,B,24.85,25.1,21.85,23.2,24.85,333,39290,925425.0
2022-08-16,2022-08-16,POLYCHMP,X,63.7,69.0,60.6,62.15,65.0,122,14789,924170.0
2022-08-16,2022-08-16,STELLANT,X,8.06,8.06,8.06,8.06,7.7,1,1,8.0
2022-08-16,2022-08-16,GALXBRG,XT,814.35,814.35,814.35,814.35,857.2,101,1679,1367293.0
2022-08-16,2022-08-16,SCAGRO,XT,7.45,8.22,7.45,8.22,7.84,29,2022,15586.0
2022-08-16,2022-08-16,RALEGRA,X,36.0,39.15,35.0,35.3,36.0,6,116,4123.0
2022-08-16,2022-08-16,UNRYLMA,XT,10.65,10.65,10.65,10.65,11.18,1,50,532.0
2022-08-16,2022-08-16,SHERVANI,X,214.0,214.0,209.95,209.95,211.15,7,20,4207.0
2022-08-16,2022-08-16,BNAGROCHEM,XT,11.0,11.0,10.45,10.5,11.0,5,252,2650.0
2022-08-16,2022-08-16,SUPERTEX,X,7.01,7.45,7.01,7.45,7.5,20,1150,8388.0
2022-08-16,2022-08-16,SHETR,X,51.05,54.5,50.7,51.9,52.05,37,5197,268619.0
2022-08-16,2022-08-16,TRABI,XT,3.53,3.53,3.23,3.4,3.38,33,11201,38097.0
2022-08-16,2022-08-16,MPL,X,14.2,14.2,13.11,13.14,13.79,156,36553,488178.0
2022-08-16,2022-08-16,NIKHILAD,X,855.0,930.0,850.0,908.3,853.65,369,4476,3937925.0
2022-08-16,2022-08-16,SPENTA,X,88.5,88.5,70.0,73.9,77.7,68,1732,124919.0
2022-08-16,2022-08-16,MULTIBASE,X,205.0,205.0,191.6,193.65,201.0,87,8425,1644689.0
2022-08-16,2022-08-16,ANDREWYU,B,21.7,21.7,20.75,20.95,21.25,194,25092,525071.0
2022-08-16,2022-08-16,LUDLOWJUT,X,82.95,82.95,81.0,82.25,81.15,112,8073,664822.0
2022-08-16,2022-08-16,ASHRAM,XT,4.9,5.25,4.75,5.25,5.0,19,1199,5945.0
2022-08-16,2022-08-16,ROYALCU,XT,10.04,10.04,9.12,9.6,9.6,14,1807,17346.0
2022-08-16,2022-08-16,NOGMIND,XT,3.25,3.25,3.07,3.07,3.23,14,2994,9227.0
2022-08-16,2022-08-16,SURJIND,XT,96.0,100.5,91.55,97.45,96.0,55,971,93327.0
2022-08-16,2022-08-16,HITECHCORP,B,266.0,266.0,233.0,252.35,248.85,43,224,55700.0
2022-08-16,2022-08-16,BLOOM,X,12.39,12.39,12.39,12.39,11.8,1,5000,61950.0
2022-08-16,2022-08-16,FILATEX,A,117.35,117.9,114.75,115.55,114.6,586,13477,1565884.0
2022-08-16,2022-08-16,STDSFAC,XT,72.0,73.3,66.5,70.25,69.85,28,1124,79058.0
2022-08-16,2022-08-16,MERCATOR,T,1.39,1.39,1.31,1.33,1.33,86,164271,217801.0
2022-08-16,2022-08-16,MORGAN,X,25.3,25.3,25.3,25.3,21.1,47,12717,321740.0
2022-08-16,2022-08-16,AMRAPLIN,X,14.85,15.3,13.25,14.45,14.75,53,4522,63997.0
2022-08-16,2022-08-16,PREMEXPLN,B,340.0,360.0,331.0,344.4,354.0,101,1553,531226.0
2022-08-16,2022-08-16,MOLDTECH,B,84.6,87.9,84.6,86.2,87.5,500,12237,1061138.0
2022-08-16,2022-08-16,CRSTCHM,XT,39.15,39.9,37.0,37.25,38.0,64,3324,126629.0
2022-08-16,2022-08-16,MPHASIS,A,2410.0,2410.0,2344.6,2353.3,2374.0,1936,11877,28036039.0
2022-08-16,2022-08-16,MEDINOV,XT,22.1,23.8,22.1,23.75,23.0,13,1863,41852.0
2022-08-16,2022-08-16,DIVSHKT,X,88.8,88.8,81.1,84.45,81.4,48,7262,611210.0
2022-08-16,2022-08-16,ORIENTLTD,B,63.25,64.0,62.9,63.25,63.55,19,64,4058.0
2022-08-16,2022-08-16,SHREYASI,X,13.61,14.0,13.3,14.0,13.34,41,7303,101323.0
2022-08-16,2022-08-16,PANJON,X,15.5,15.6,13.05,14.5,15.0,72,11532,164006.0
2022-08-16,2022-08-16,DUROPACK,XT,79.0,79.15,76.0,79.15,75.4,213,14994,1180736.0
2022-08-16,2022-08-16,SWARNSAR,X,23.0,23.4,22.1,23.1,20.45,223,70877,1619186.0
2022-08-16,2022-08-16,GANESHHOU,B,333.1,340.5,328.75,330.75,333.85,902,13394,4482903.0
2022-08-16,2022-08-16,NMDC,A,117.0,118.1,114.9,117.0,116.95,6253,735574,85995542.0
2022-08-16,2022-08-16,PATINTLOG,B,15.2,15.4,14.5,15.3,15.0,165,22179,333400.0
2022-08-16,2022-08-16,ALPHAGEO,B,284.8,305.0,284.75,301.8,282.5,173,1475,437479.0
2022-08-16,2022-08-16,HAMPTON,X,361.0,361.0,322.0,340.0,346.35,52,626,215186.0
2022-08-16,2022-08-16,KKALPANAIND,X,14.31,14.9,13.82,13.97,14.26,231,45099,641045.0
2022-08-16,2022-08-16,OKPLA,XT,29.5,30.3,28.5,29.95,29.0,46,2440,72461.0
2022-08-16,2022-08-16,KRITI,B,71.9,73.0,70.0,71.5,73.35,219,15171,1079067.0
2022-08-16,2022-08-16,WELTI,XT,8.0,8.0,8.0,8.0,7.94,2,400,3200.0
2022-08-16,2022-08-16,ASMTEC,X,544.0,581.2,544.0,581.2,528.4,468,19000,11011223.0
2022-08-16,2022-08-16,PERFEPA,XT,325.9,325.9,294.9,325.9,310.4,127,8285,2616523.0
2022-08-16,2022-08-16,VISIONCINE,X,1.19,1.29,1.19,1.25,1.29,20,14236,17984.0
2022-08-16,2022-08-16,AEIM,XT,3.83,3.83,3.83,3.83,3.65,1,18,68.0
2022-08-16,2022-08-16,INDRANIB,X,57.2,59.0,57.2,57.2,60.2,388,90393,5205670.0
2022-08-16,2022-08-16,EUROLED,XT,13.33,13.98,13.33,13.98,13.32,4,14,193.0
2022-08-16,2022-08-16,WINSOMBR,XT,9.1,9.54,9.1,9.25,9.32,93,9860,91002.0
2022-08-16,2022-08-16,ELEFLOR,XT,11.5,11.8,10.9,11.06,11.45,914,116730,1306147.0
2022-08-16,2022-08-16,SAENTER,XT,41.2,41.2,37.3,37.3,39.25,2,2309,86550.0
2022-08-16,2022-08-16,SKYIND,X,79.0,79.0,71.1,73.85,76.7,22,342,25299.0
2022-08-16,2022-08-16,PHOENXINTL,XT,26.8,27.15,25.15,26.45,25.9,25,2372,62003.0
2022-08-16,2022-08-16,PRATIK,XT,4.94,4.94,4.94,4.94,4.94,21,19205,94872.0
2022-08-16,2022-08-16,RISHIROOP,X,102.0,102.0,98.85,100.0,100.15,45,2037,203856.0
2022-08-16,2022-08-16,PROMACT,X,3.59,3.59,3.25,3.25,3.42,7,630,2071.0
2022-08-16,2022-08-16,STRGRENWO,XT,32.15,32.2,32.15,32.2,33.8,15,6712,215802.0
2022-08-16,2022-08-16,DOLPHMED,XT,1.84,1.9,1.84,1.84,1.93,68,12421,23010.0
2022-08-16,2022-08-16,SYSTMTXC,X,328.8,344.0,312.6,339.0,328.8,26,276,92320.0
2022-08-16,2022-08-16,SHAHISHIP,XT,3.7,4.08,3.7,4.0,3.89,8,1402,5418.0
2022-08-16,2022-08-16,ALPINEHOU,X,70.0,70.0,66.7,67.95,67.05,62,12466,847017.0
2022-08-16,2022-08-16,SANGHIIND,B,43.95,48.2,42.65,46.15,43.55,4363,404032,18565081.0
2022-08-16,2022-08-16,WWALUM,XT,17.0,17.32,17.0,17.32,16.5,13,406,6962.0
2022-08-16,2022-08-16,SFPIL,X,18.9,18.9,18.45,18.45,18.5,2,7,129.0
2022-08-16,2022-08-16,SGLRES,X,11.41,12.29,11.41,11.78,11.95,91,43046,501805.0
2022-08-16,2022-08-16,CHOKSILA,XT,28.5,28.5,28.5,28.5,30.0,11,793,22600.0
2022-08-16,2022-08-16,CCHHL,B,6.8,7.5,6.8,6.97,7.02,98,31521,224196.0
2022-08-16,2022-08-16,LONTE,XT,29.85,29.85,27.15,29.65,28.5,10,188,5219.0
2022-08-16,2022-08-16,ENTRINT,X,17.2,17.2,15.0,16.1,15.35,46,3631,58786.0
2022-08-16,2022-08-16,TECHIN,B,9.65,11.15,9.65,10.32,10.69,32,5727,57506.0
2022-08-16,2022-08-16,TPLPLASTEH,B,170.15,170.15,166.75,167.85,168.2,36,631,105400.0
2022-08-16,2022-08-16,WIMPLAST,X,385.25,399.9,385.25,389.55,385.25,100,4282,1662043.0
2022-08-16,2022-08-16,PHOTOQUP,XT,22.6,22.6,22.6,22.6,21.55,11,6213,140413.0
2022-08-16,2022-08-16,LIBERTSHOE,B,162.0,166.45,160.75,161.4,162.35,787,12256,2003589.0
2022-08-16,2022-08-16,LIPPISYS,XT,17.7,17.7,17.15,17.7,18.05,6,115,1974.0
2022-08-16,2022-08-16,ELECTHERM,B,80.0,82.2,79.25,79.95,82.2,69,1147,92563.0
2022-08-16,2022-08-16,BLUEDART,A,8590.0,8750.0,8590.0,8733.25,8599.65,388,764,6645581.0
2022-08-16,2022-08-16,EXPOEAPL,X,8.2,8.75,8.2,8.45,8.38,51,11207,95864.0
2022-08-16,2022-08-16,NATPLAS,X,43.05,45.75,43.05,44.05,44.4,35,4482,197409.0
2022-08-16,2022-08-16,MFLINDIA,X,1.14,1.2,1.13,1.15,1.15,2866,2721003,3165056.0
2022-08-16,2022-08-16,TEXELIN,X,48.9,48.9,37.6,38.05,42.15,116,6582,255217.0
2022-08-16,2022-08-16,RAYALEMA,XT,24.9,24.9,23.35,24.9,23.75,9,629,15660.0
2022-08-16,2022-08-16,MIRZAINT,B,310.0,311.5,302.5,306.9,304.95,1493,36471,11209942.0
2022-08-16,2022-08-16,TFCILTD,B,57.5,58.7,57.0,57.4,57.25,201,5829,336002.0
2022-08-16,2022-08-16,THAKDEV,X,120.7,139.9,120.45,122.75,133.8,54,1893,232619.0
2022-08-16,2022-08-16,ARENTERP,B,38.0,38.0,36.05,36.35,37.85,35,664,24234.0
2022-08-16,2022-08-16,BIL,T,215.7,215.7,200.1,209.15,210.05,29,920,189138.0
2022-08-16,2022-08-16,KAMATHOTEL,B,72.95,84.9,72.95,84.9,70.75,1550,144074,11677129.0
2022-08-16,2022-08-16,KEEPLEARN,T,5.85,6.45,5.85,6.35,6.15,471,353227,2162101.0
2022-08-16,2022-08-16,POLOHOT,Z,4.8,5.0,4.63,4.69,4.87,35,6983,33689.0
2022-08-16,2022-08-16,ECOPLAST,X,81.3,82.3,80.3,82.3,83.0,11,129,10436.0
2022-08-16,2022-08-16,ELEMARB,X,123.15,130.5,123.15,128.0,127.0,8,118,14876.0
2022-08-16,2022-08-16,ADARSHPL,XT,18.5,18.5,17.0,17.95,17.85,35,4373,76392.0
2022-08-16,2022-08-16,HPBL,Z,416.7,424.45,395.9,405.35,416.7,61,626,253727.0
2022-08-16,2022-08-16,NICCOPAR,X,81.0,92.9,80.3,84.45,78.25,211,10446,882618.0
2022-08-16,2022-08-16,NTCIND,X,80.2,82.75,80.0,82.45,81.8,53,1908,156722.0
2022-08-16,2022-08-16,SANDESH,B,767.0,769.55,767.0,769.55,778.6,12,67,51457.0
2022-08-16,2022-08-16,GARNET,X,22.1,22.9,21.5,22.0,22.95,33,16151,354120.0
2022-08-16,2022-08-16,GOLDIAM,B,138.2,142.1,138.1,138.8,138.25,1546,26736,3754079.0
2022-08-16,2022-08-16,BRIGHTBR,X,147.1,152.9,147.0,150.0,152.9,71,3730,559517.0
2022-08-16,2022-08-16,CORPOCO,X,7.4,7.42,7.05,7.25,7.43,67,10554,75177.0
2022-08-16,2022-08-16,SHAWGELTIN,X,207.0,208.9,163.0,196.9,199.35,180,6324,1196709.0
2022-08-16,2022-08-16,PGFOILQ,XT,310.6,310.6,295.6,302.85,295.85,85,9133,2764695.0
2022-08-16,2022-08-16,GRATEXI,XT,14.5,14.5,14.5,14.5,13.81,6,283,4103.0
2022-08-16,2022-08-16,VELHO,X,7.01,7.04,6.51,6.58,7.22,84,18156,120426.0
2022-08-16,2022-08-16,HOWARHO,X,7.33,7.33,7.33,7.33,6.99,1,2000,14660.0
2022-08-16,2022-08-16,PRESSURS,XT,46.5,46.5,46.5,46.5,44.3,35,10155,472207.0
2022-08-16,2022-08-16,VALIANT,XT,105.0,108.0,103.5,107.3,104.0,26,6312,669604.0
2022-08-16,2022-08-16,DRAGARWQ,X,750.0,774.3,745.15,762.6,764.5,52,1437,1084637.0
2022-08-16,2022-08-16,GREENPLY,A,185.85,185.85,179.2,181.45,182.2,267,4938,893024.0
2022-08-16,2022-08-16,UNQTYMI,XT,6.84,6.84,6.84,6.84,6.52,1,1,6.0
2022-08-16,2022-08-16,SEAMECLTD,B,894.15,902.05,882.3,890.65,883.85,17,99,89032.0
2022-08-16,2022-08-16,RAGHUNAT,XT,13.45,14.1,12.8,14.1,13.45,59,6830,95322.0
2022-08-16,2022-08-16,CHEVIOT,B,1200.15,1230.0,1200.0,1208.2,1204.0,229,1084,1308738.0
2022-08-16,2022-08-16,DAICHI,X,342.05,374.9,342.05,367.05,342.05,169,9085,3310293.0
2022-08-16,2022-08-16,RAJINFRA,X,7.98,7.98,7.98,7.98,7.98,5,399,3184.0
2022-08-16,2022-08-16,SPICEISLIN,X,8.33,8.36,8.33,8.33,9.25,19,8305,69241.0
2022-08-16,2022-08-16,CONFIPET,A,52.15,54.25,52.15,53.15,53.25,612,24342,1291750.0
2022-08-16,2022-08-16,ASHSI,X,19.15,19.15,17.4,18.3,18.25,153,22831,418723.0
2022-08-16,2022-08-16,BANARBEADS,B,75.0,75.0,72.6,72.7,73.9,68,3158,232207.0
2022-08-16,2022-08-16,AREXMIS,X,199.5,199.5,199.5,199.5,190.0,2,10,1995.0
2022-08-16,2022-08-16,BI,X,64.5,68.0,63.5,66.45,64.05,470,45318,2967308.0
2022-08-16,2022-08-16,ISFL,X,2.98,2.98,2.98,2.98,2.84,149,112964,336632.0
2022-08-16,2022-08-16,RISHILASE,X,16.85,16.85,16.0,16.0,16.4,18,2146,34370.0
2022-08-16,2022-08-16,JAINCO,X,5.8,5.95,5.23,5.85,5.8,14,812,4752.0
2022-08-16,2022-08-16,KUMPFIN,XT,10.22,10.22,9.71,9.71,10.22,12,6324,64595.0
2022-08-16,2022-08-16,INTECCAP,X,18.9,18.9,16.6,18.3,17.95,25,619,11629.0
2022-08-16,2022-08-16,63MOONS,B,189.95,189.95,182.8,184.85,185.1,240,4730,875470.0
2022-08-16,2022-08-16,SARLAPOLY,B,47.8,49.1,47.5,48.8,47.2,402,13982,675452.0
2022-08-16,2022-08-16,MKTCREAT,X,9.87,11.34,9.31,10.46,9.87,35,2412,25167.0
2022-08-16,2022-08-16,HFIL,X,22.6,22.6,20.6,21.1,22.8,757,263838,5576822.0
2022-08-16,2022-08-16,SONALAD,X,52.15,56.0,52.15,52.15,54.85,256,37640,1967251.0
2022-08-16,2022-08-16,PADMAIND,X,3.99,3.99,3.99,3.99,3.8,2,412,1643.0
2022-08-16,2022-08-16,21STCENMGM,B,25.85,26.3,25.45,26.3,25.85,55,1904,49340.0
2022-08-16,2022-08-16,HRYNSHP,X,69.0,71.0,66.0,69.95,72.85,40,2182,151038.0
2022-08-16,2022-08-16,KALIND,XT,25.0,26.25,25.0,26.25,25.0,4,671,17055.0
2022-08-16,2022-08-16,TYROON,X,74.5,74.5,74.05,74.05,73.9,3,24,1781.0
2022-08-16,2022-08-16,LAOPALA,A,316.4,320.05,305.35,308.6,312.95,766,13914,4339850.0
2022-08-16,2022-08-16,STYLAMIND,B,1010.9,1269.0,1010.9,1212.75,1225.95,1369,6141,7605539.0
2022-08-16,2022-08-16,VENUSREM,B,225.0,225.0,208.35,210.15,208.4,779,8963,1891885.0
2022-08-16,2022-08-16,LASTMILE,XT,83.65,83.65,83.65,83.65,79.7,16,1594,133338.0
2022-08-16,2022-08-16,GUJCRAFT,X,93.2,93.2,80.5,88.45,86.65,37,3226,283974.0
2022-08-16,2022-08-16,DHOOTIN,X,79.95,84.9,71.0,81.0,82.6,78,3574,277574.0
2022-08-16,2022-08-16,SHBAJRG,X,190.05,202.75,190.05,194.2,192.9,94,2787,545811.0
2022-08-16,2022-08-16,ASHOKRE,P,8.96,8.96,8.12,8.12,8.54,6,700,5852.0
2022-08-16,2022-08-16,URJA,B,11.05,12.65,11.05,12.43,12.92,4338,1167933,14335051.0
2022-08-16,2022-08-16,ASHAPURMIN,B,113.0,113.0,108.75,109.45,111.0,666,6391,706439.0
2022-08-16,2022-08-16,SHREEPAC,X,29.55,29.55,29.55,29.55,28.15,20,5834,172394.0
2022-08-16,2022-08-16,GUJALKALI,A,774.9,883.1,766.9,843.2,767.9,7344,148547,121920071.0
2022-08-16,2022-08-16,INDIACEM,A,193.0,194.75,188.25,191.95,192.95,1750,114004,21787186.0
2022-08-16,2022-08-16,JKTYRE,A,129.9,134.95,126.7,133.1,125.75,4900,325196,42839912.0
2022-08-16,2022-08-16,MANGCHEFER,B,116.3,122.75,116.3,119.6,117.4,1813,98653,11778403.0
2022-08-16,2022-08-16,SIL,T,23.8,23.8,23.8,23.8,25.05,146,12968,308638.0
2022-08-16,2022-08-16,JUBLPHARMA,A,360.2,360.2,341.15,344.75,349.7,647,6840,2360582.0
2022-08-16,2022-08-16,THEINVEST,B,96.0,102.95,92.9,99.5,96.2,80,818,80706.0
2022-08-16,2022-08-16,SAMYAKINT,XT,21.0,21.0,19.1,19.1,20.1,22,10545,211197.0
2022-08-16,2022-08-16,AADIIND,XT,4.7,4.7,4.5,4.65,4.7,16,2084,9594.0
2022-08-16,2022-08-16,SANTOSHF,XT,14.25,14.25,14.25,14.25,14.25,1,1,14.0
2022-08-16,2022-08-16,ACKNIT,X,151.0,151.0,144.0,147.5,145.1,27,4106,598452.0
2022-08-16,2022-08-16,TITANSEC,X,16.0,16.7,15.2,16.05,15.7,151,14306,226476.0
2022-08-16,2022-08-16,MOHOTAIND,Z,6.45,6.45,6.05,6.38,6.33,25,20651,132251.0
2022-08-16,2022-08-16,REALECO,XT,20.95,22.0,20.3,20.3,21.35,35,4099,84485.0
2022-08-16,2022-08-16,HRMNYCP,X,7.25,7.73,7.25,7.73,7.37,6,176,1348.0
2022-08-16,2022-08-16,YASHRAJC,X,10.39,11.0,9.4,9.9,10.39,158,58634,593184.0
2022-08-16,2022-08-16,LORDSHOTL,XT,7.11,7.11,6.8,6.8,7.11,6,310,2144.0
2022-08-16,2022-08-16,CSLFINANCE,B,259.0,279.95,255.95,278.5,263.0,99,1345,363635.0
2022-08-16,2022-08-16,SANGHVIMOV,B,240.7,255.0,229.1,251.0,234.0,3093,57214,14145365.0
2022-08-16,2022-08-16,ANTELOPUS,B,200.1,205.65,194.8,199.25,200.1,392,7750,1538612.0
2022-08-16,2022-08-16,PURETROP,X,90.2,91.15,88.0,88.65,88.25,105,8322,736978.0
2022-08-16,2022-08-16,FAZE3Q,X,399.95,417.0,390.2,417.0,397.15,367,42105,17425371.0
2022-08-16,2022-08-16,ACEEDU,Z,2.4,2.4,2.4,2.4,2.51,6,10000,24000.0
2022-08-16,2022-08-16,PRADHIN,X,29.95,29.95,28.0,28.1,28.65,11,106,3006.0
2022-08-16,2022-08-16,ANUPAM,X,2.08,2.08,2.03,2.05,2.08,510,274758,565155.0
2022-08-16,2022-08-16,RAJPACK,X,31.4,31.9,30.85,31.9,31.65,25,1734,54616.0
2022-08-16,2022-08-16,PRIVISCL,A,1282.35,1315.0,1256.6,1302.9,1270.95,731,3288,4252598.0
2022-08-16,2022-08-16,NATRAJPR,XT,67.2,69.8,65.1,66.6,67.1,73,5193,352074.0
2022-08-16,2022-08-16,SAMRATPH,X,544.8,544.8,544.8,544.8,495.3,127,11326,6170404.0
2022-08-16,2022-08-16,NPRFIN,X,14.4,14.4,14.4,14.4,14.5,1,1,14.0
2022-08-16,2022-08-16,NILE,X,524.0,524.0,506.0,513.25,514.0,121,2958,1522894.0
2022-08-16,2022-08-16,UDAICEMENT,B,29.65,30.55,29.65,30.0,30.15,590,71172,2155080.0
2022-08-16,2022-08-16,AMCOIND,X,70.5,72.55,68.1,72.55,70.5,21,589,41155.0
2022-08-16,2022-08-16,OPTIEMUS,B,259.45,271.75,259.45,266.3,254.15,1571,105059,27771709.0
2022-08-16,2022-08-16,KREONFIN,XT,82.7,82.7,75.1,76.4,78.9,14,350,27312.0
2022-08-16,2022-08-16,KISAN,X,10.79,11.49,10.79,11.25,10.79,91,23880,268956.0
2022-08-16,2022-08-16,VIJAYTX,X,31.1,33.0,31.1,32.0,32.3,24,961,30868.0
2022-08-16,2022-08-16,GARODCH,P,5.56,5.56,5.56,5.56,5.56,1,100,556.0
2022-08-16,2022-08-16,KERALAYUR,X,78.75,78.75,71.2,75.65,75.65,189,16046,1211893.0
2022-08-16,2022-08-16,MONGIPA,XT,22.6,22.6,20.6,20.95,21.55,55,11872,255532.0
2022-08-16,2022-08-16,MOHITPPR,XT,18.2,18.2,17.0,17.0,17.4,52,7130,124591.0
2022-08-16,2022-08-16,DAULAT,X,23.3,23.5,22.6,22.65,23.3,31,2115,48354.0
2022-08-16,2022-08-16,OSCARGLO,X,6.73,6.75,6.73,6.75,6.54,3,161,1086.0
2022-08-16,2022-08-16,ODYSSEY,X,64.8,68.7,64.8,67.05,66.95,73,4549,303058.0
2022-08-16,2022-08-16,VKGLOBAL,XT,18.7,18.7,18.7,18.7,18.7,7,5005,93593.0
2022-08-16,2022-08-16,SURATRAML,X,12.1,12.47,11.76,12.07,11.51,1963,533332,6396024.0
2022-08-16,2022-08-16,ATHARVENT,X,2.57,2.57,2.41,2.41,2.45,11,5865,14463.0
2022-08-16,2022-08-16,FUNDVISER,XT,18.4,18.4,17.5,17.5,18.4,10,382,6686.0
2022-08-16,2022-08-16,THEMISMED,B,814.35,825.15,805.25,823.95,800.0,75,385,314329.0
2022-08-16,2022-08-16,KALLAM,X,12.12,12.7,12.04,12.52,11.82,394,161257,2004371.0
2022-08-16,2022-08-16,BRAWN,XT,17.25,17.86,17.25,17.26,17.01,8,330,5764.0
2022-08-16,2022-08-16,FORINTL,XT,38.5,40.65,37.1,37.25,39.0,93,4296,162699.0
2022-08-16,2022-08-16,KINGSINFR,X,84.5,84.85,82.0,83.8,84.55,192,22148,1844574.0
2022-08-16,2022-08-16,NUTRICIRCLE,XT,92.6,92.6,92.6,92.6,88.2,1,1,92.0
2022-08-16,2022-08-16,SUBSM,XT,14.41,14.41,14.41,14.41,13.78,4,137,1974.0
2022-08-16,2022-08-16,AUROLAB,X,77.0,81.0,77.0,79.45,76.55,79,2314,182931.0
2022-08-16,2022-08-16,KJMCFIN,X,30.05,30.05,30.05,30.05,30.65,1,5,150.0
2022-08-16,2022-08-16,SUVEN,B,69.55,69.95,68.7,68.9,69.7,275,5109,353266.0
2022-08-16,2022-08-16,ARYAMAN,X,52.5,53.15,52.5,53.15,51.55,3,101,5335.0
2022-08-16,2022-08-16,BRIDGESE,X,9.7,10.1,9.47,9.69,9.88,93,9998,96851.0
2022-08-16,2022-08-16,RISAINTL,XT,0.85,0.85,0.77,0.85,0.81,127,71973,59476.0
2022-08-16,2022-08-16,RAJTUBE,X,20.0,20.0,20.0,20.0,20.0,2,60,1200.0
2022-08-16,2022-08-16,KAYPOWR,X,5.05,5.05,5.05,5.05,4.81,1,100,505.0
2022-08-16,2022-08-16,INTSTOIL,X,26.15,26.35,24.4,25.5,26.65,98,8980,223009.0
2022-08-16,2022-08-16,GLOBALCA,X,4.79,4.84,4.43,4.51,4.63,54,4974,22846.0
2022-08-16,2022-08-16,ARIGATO,XT,22.6,22.6,22.6,22.6,22.6,1,1,22.0
2022-08-16,2022-08-16,RICHUNV,XT,8.65,8.65,8.17,8.17,8.24,12,60,494.0
2022-08-16,2022-08-16,QUANTDIA,XT,10.01,10.01,10.01,10.01,9.54,3,57,570.0
2022-08-16,2022-08-16,SPCAPIT,X,17.5,19.5,17.5,18.6,17.15,96,13923,252925.0
2022-08-16,2022-08-16,PAOS,XT,22.85,22.85,22.85,22.85,24.05,3,9,205.0
2022-08-16,2022-08-16,KOTHARIPRO,B,146.65,153.75,141.0,153.75,146.45,194,4054,601589.0
2022-08-16,2022-08-16,PICCADIL,X,42.95,42.95,39.0,39.85,43.25,2047,324731,12945592.0
2022-08-16,2022-08-16,CLSEL,B,104.6,105.0,102.7,103.1,104.45,323,16881,1752218.0
2022-08-16,2022-08-16,CHANDRAP,X,219.1,224.9,211.05,212.6,219.1,369,16974,3650768.0
2022-08-16,2022-08-16,KIMIABL,X,40.95,40.95,37.05,39.0,39.1,25,996,39676.0
2022-08-16,2022-08-16,HINDTIN,X,85.45,89.5,85.45,88.75,85.4,108,18577,1622175.0
2022-08-16,2022-08-16,GODAVARI,X,61.55,65.8,60.5,62.1,65.5,147,15544,982544.0
2022-08-16,2022-08-16,PREMCO,X,424.0,424.0,363.2,369.25,442.75,598,22268,8482847.0
2022-08-16,2022-08-16,MUKESHB,X,90.05,90.05,85.0,87.9,92.6,8,265,23301.0
2022-08-16,2022-08-16,GENUSPOWER,A,74.5,77.25,74.5,76.65,75.2,596,26290,2001554.0
2022-08-16,2022-08-16,ASIANENE,B,77.5,77.5,73.8,75.45,76.0,401,32927,2464380.0
2022-08-16,2022-08-16,KBSINDIA,X,21.62,21.62,20.7,21.62,19.66,83,10064,217552.0
2022-08-16,2022-08-16,UGARSUGAR,B,57.4,58.45,56.55,57.0,57.3,1100,37478,2148890.0
2022-08-16,2022-08-16,ORIENTBELL,B,620.55,622.95,613.7,616.35,621.2,223,1714,1057788.0
2022-08-16,2022-08-16,NRBBEARING,A,140.25,148.95,140.25,147.8,140.35,1445,23046,3362586.0
2022-08-16,2022-08-16,VAMSHIRU,X,27.0,27.0,27.0,27.0,27.0,2,7,189.0
2022-08-16,2022-08-16,NILAINFRA,B,5.89,5.91,5.75,5.83,5.84,78,25845,150202.0
2022-08-16,2022-08-16,DBSTOCKBRO,B,22.25,22.35,20.25,20.65,22.15,121,7323,153829.0
2022-08-16,2022-08-16,VINYOFL,XT,38.2,38.95,37.05,37.35,37.25,121,14975,566827.0
2022-08-16,2022-08-16,JINDCAP,X,24.3,24.3,22.0,23.1,24.0,83,21596,497795.0
2022-08-16,2022-08-16,EPIC,X,9.57,9.57,9.57,9.57,9.12,34,10595,101394.0
2022-08-16,2022-08-16,SUMEDHA,X,123.0,124.0,121.5,122.2,122.1,43,6367,779957.0
2022-08-16,2022-08-16,KUWERIN,X,8.51,8.51,8.51,8.51,8.95,6,5004,42584.0
2022-08-16,2022-08-16,CHOKSI,X,33.1,34.4,33.1,33.5,34.05,36,790,26630.0
2022-08-16,2022-08-16,ASHISHPO,X,27.55,28.95,27.45,27.55,28.85,36,4680,132223.0
2022-08-16,2022-08-16,ADORFO,X,75.0,76.25,74.0,74.6,76.85,508,59901,4472273.0
2022-08-16,2022-08-16,SHIVAAGRO,X,88.4,91.0,88.4,89.5,90.2,46,2895,257619.0
2022-08-16,2022-08-16,SIDDHA,X,5.45,5.5,5.3,5.45,5.31,106,20267,110389.0
2022-08-16,2022-08-16,KIRANSY-B,X,6.0,6.77,6.0,6.77,6.17,26,6242,41420.0
2022-08-16,2022-08-16,SUMERUIND,XT,2.14,2.35,2.14,2.23,2.24,99,12760,29128.0
2022-08-16,2022-08-16,RUNGTAIR,XT,30.55,30.55,29.15,30.55,29.1,19,2835,86479.0
2022-08-16,2022-08-16,GTTDATA,X,4.95,5.18,4.95,4.95,4.95,4,245,1230.0
2022-08-16,2022-08-16,VALSONQ,X,18.0,18.95,18.0,18.8,18.45,13,740,13936.0
2022-08-16,2022-08-16,SABOOSOD,X,15.25,15.59,14.07,14.24,14.91,132,18451,266806.0
2022-08-16,2022-08-16,GSLSEC,XT,12.04,12.04,10.92,10.92,11.49,15,2378,27108.0
2022-08-16,2022-08-16,TINNARUBR,X,525.4,546.9,501.0,539.2,517.85,1706,62827,33443094.0
2022-08-16,2022-08-16,VIKRAMTH,X,48.5,49.95,46.25,46.6,48.55,402,63147,2977392.0
2022-08-16,2022-08-16,AKCAPIT,X,425.0,433.0,415.0,417.1,424.7,8,60,25039.0
2022-08-16,2022-08-16,RELAXO,A,1011.0,1011.9,998.5,1003.7,1001.2,3558,21994,22049664.0
2022-08-16,2022-08-16,VIRAT,X,210.05,225.0,210.05,213.55,222.4,18,520,112747.0
2022-08-16,2022-08-16,RRETAIL,X,6.0,6.0,5.36,5.79,5.85,77,23079,131262.0
2022-08-16,2022-08-16,TERAI,X,62.0,64.0,60.0,62.6,61.25,43,3284,203477.0
2022-08-16,2022-08-16,COSCO,X,175.2,175.2,170.0,174.95,176.0,46,1859,324011.0
2022-08-16,2022-08-16,SHILPAMED,A,397.0,403.15,390.6,392.05,397.5,818,10156,4000828.0
2022-08-16,2022-08-16,PARACABLES,B,13.9,13.9,13.05,13.15,13.13,111,27419,365259.0
2022-08-16,2022-08-16,NCLRESE,X,0.84,0.85,0.75,0.76,0.83,8975,26740980,20668142.0
2022-08-16,2022-08-16,KOIYAIN,XT,4.45,4.45,4.45,4.45,4.68,5,81,360.0
2022-08-16,2022-08-16,EXPLICITFIN,XT,2.3,2.3,2.3,2.3,2.35,3,201,462.0
2022-08-16,2022-08-16,LADDERUP,X,21.0,23.35,21.0,22.0,21.9,5,28,593.0
2022-08-16,2022-08-16,UYFINCORP,X,13.34,13.34,12.26,13.06,13.24,129,83817,1089962.0
2022-08-16,2022-08-16,EKAMLEA,X,4.91,4.91,4.91,4.91,5.16,7,90,441.0
2022-08-16,2022-08-16,SWASTIKA,X,184.0,224.8,184.0,199.15,187.35,758,18092,3755999.0
2022-08-16,2022-08-16,PRIMAPLA,X,85.0,88.5,83.85,84.0,84.55,54,3923,331707.0
2022-08-16,2022-08-16,TELECANOR,X,8.65,8.65,7.12,7.75,7.87,27,9200,69074.0
2022-08-16,2022-08-16,CARNATIN,X,4.47,4.47,4.47,4.47,4.26,2,5,22.0
2022-08-16,2022-08-16,STURDY,XT,1.91,1.91,1.91,1.91,1.82,1355,3554201,6788523.0
2022-08-16,2022-08-16,GARGFUR,XT,39.25,39.25,39.25,39.25,41.3,9,156,6123.0
2022-08-16,2022-08-16,SAMPRE,XT,79.15,79.15,79.15,79.15,75.4,25,3869,306231.0
2022-08-16,2022-08-16,AAIL,X,60.0,60.4,56.5,57.1,58.1,134,18179,1044251.0
2022-08-16,2022-08-16,VIPULORG,X,146.4,149.8,143.3,146.2,145.35,116,7386,1084077.0
2022-08-16,2022-08-16,ECORECO,X,101.25,104.5,101.25,103.8,102.85,184,9035,929481.0
2022-08-16,2022-08-16,GOODLUCK,B,361.0,374.35,356.8,373.0,354.5,1734,29682,10910678.0
2022-08-16,2022-08-16,GOYALASS,XT,2.01,2.01,1.83,1.89,1.92,146,119835,224337.0
2022-08-16,2022-08-16,ZENITHHE,XT,5.9,5.9,5.72,5.83,5.93,321,55361,323546.0
2022-08-16,2022-08-16,YORKEXP,XT,31.6,33.15,30.7,30.7,31.6,11,1147,37512.0
2022-08-16,2022-08-16,SUPREME,X,100.0,103.0,95.05,96.35,99.7,240,34800,3414810.0
2022-08-16,2022-08-16,LYKISLTD,X,28.3,29.1,27.9,28.05,28.15,158,31833,910049.0
2022-08-16,2022-08-16,PRIMEPRO,X,11.81,12.64,11.61,12.6,12.25,13,2233,26431.0
2022-08-16,2022-08-16,ZENLABS,XT,46.5,46.5,42.5,45.4,44.35,53,14037,634281.0
2022-08-16,2022-08-16,RAJRILTD,T,18.4,18.4,18.4,18.4,18.05,12,867,15952.0
2022-08-16,2022-08-16,GOWRALE,XT,23.55,23.55,23.55,23.55,24.75,4,1146,26988.0
2022-08-16,2022-08-16,JAGANLAM,X,52.0,53.0,50.1,51.3,53.6,112,12107,627334.0
2022-08-16,2022-08-16,AJEL,Z,8.6,9.15,8.31,8.32,8.74,46,6215,52275.0
2022-08-16,2022-08-16,ALPSINDUS,T,2.5,2.52,2.45,2.49,2.4,50,45201,112809.0
2022-08-16,2022-08-16,ASITCFIN,X,127.4,127.4,127.4,127.4,121.35,15,6056,771534.0
2022-08-16,2022-08-16,ENCODE,X,12.79,12.79,11.59,11.59,12.19,8,2167,26342.0
2022-08-16,2022-08-16,SUPERBAK,X,14.36,14.64,14.36,14.63,13.95,9,515,7534.0
2022-08-16,2022-08-16,OVOBELE,P,65.55,65.55,65.55,65.55,62.45,6,2300,150765.0
2022-08-16,2022-08-16,CHALLANI,X,12.6,12.6,11.01,11.79,11.64,26,1104,12877.0
2022-08-16,2022-08-16,CORNE,XT,13.17,13.17,13.15,13.15,13.16,7,481,6325.0
2022-08-16,2022-08-16,STERTOOLS,B,233.0,235.0,226.15,226.15,238.05,449,10811,2463226.0
2022-08-16,2022-08-16,AGARWAL,XT,5.89,5.89,5.89,5.89,5.61,2,3583,21103.0
2022-08-16,2022-08-16,KLGCAP,XT,11.55,12.12,11.55,12.12,11.55,2,20,237.0
2022-08-16,2022-08-16,DYNAMICP,XT,22.6,22.6,22.6,22.6,22.6,1,20,452.0
2022-08-16,2022-08-16,INLANPR,X,22.9,22.9,22.9,22.9,21.85,1,7,160.0
2022-08-16,2022-08-16,CEEJAY,X,106.9,106.9,95.2,98.0,97.05,36,1186,116422.0
2022-08-16,2022-08-16,SUNCITYSY,XT,7.36,7.36,7.03,7.03,7.03,4,820,5769.0
2022-08-16,2022-08-16,SHGANEL,XT,12.2,12.2,12.2,12.2,12.8,1,1,12.0
2022-08-16,2022-08-16,BHAGERIA,B,173.0,174.65,168.45,169.7,170.95,96,922,157731.0
2022-08-16,2022-08-16,OIVL,XT,94.25,94.25,94.25,94.25,89.8,2,29,2733.0
2022-08-16,2022-08-16,BNRUDY,X,25.35,25.35,25.35,25.35,26.65,1,10,253.0
2022-08-16,2022-08-16,KRBL,A,263.7,278.6,259.95,273.85,263.7,5819,219058,59938439.0
2022-08-16,2022-08-16,REFNOLRESIN,XT,55.5,55.55,50.6,51.05,53.1,16,806,42736.0
2022-08-16,2022-08-16,SSPDL,X,16.7,16.7,15.4,16.65,15.95,11,2984,47277.0
2022-08-16,2022-08-16,DAIKAFFI,X,22.75,24.1,22.75,23.85,23.9,43,4721,108572.0
2022-08-16,2022-08-16,CILSEC,X,25.1,26.05,23.55,23.95,24.7,36,4661,113513.0
2022-08-16,2022-08-16,CLIOINFO,X,5.75,6.25,5.75,5.75,6.05,51,7957,45759.0
2022-08-16,2022-08-16,CUPID,B,222.9,227.25,222.0,225.1,224.95,91,811,182306.0
2022-08-16,2022-08-16,SUNSHIEL,X,490.05,520.0,490.05,501.9,502.5,97,6049,3058997.0
2022-08-16,2022-08-16,HIPOLIN,XT,53.5,53.5,50.85,50.85,53.5,6,861,44046.0
2022-08-16,2022-08-16,CHEMBOND,B,166.85,173.15,160.05,169.6,164.25,413,7972,1348956.0
2022-08-16,2022-08-16,CIFL,X,107.95,107.95,103.6,105.0,106.95,10,156,16416.0
2022-08-16,2022-08-16,ABVL,XT,39.3,39.3,39.3,39.3,39.3,2,69,2711.0
2022-08-16,2022-08-16,SUCROSA,X,5.68,5.74,5.52,5.69,5.67,52,11378,64144.0
2022-08-16,2022-08-16,NGIND,X,74.25,74.25,72.05,72.85,73.5,12,1308,95008.0
2022-08-16,2022-08-16,ASIAPAK,X,17.9,17.9,17.9,17.9,17.9,2,201,3597.0
2022-08-16,2022-08-16,SICAPIT,XT,34.5,34.5,34.5,34.5,34.5,1,50,1725.0
2022-08-16,2022-08-16,ERPSOFT,XT,118.7,123.05,113.0,116.0,118.7,16,354,41251.0
2022-08-16,2022-08-16,JRFOODS,XT,5.72,5.72,5.18,5.18,5.45,21,11472,59519.0
2022-08-16,2022-08-16,REMSONSIND,B,208.15,219.35,208.1,213.9,210.35,43,675,144609.0
2022-08-16,2022-08-16,RAMSONS,XT,12.15,13.3,12.15,12.15,12.75,8,107,1347.0
2022-08-16,2022-08-16,STANPACK,X,17.9,17.9,16.55,16.65,17.3,43,5597,94813.0
2022-08-16,2022-08-16,AQYLON,T,1.76,1.76,1.76,1.76,1.85,1,1,1.0
2022-08-16,2022-08-16,RAMINFO,X,106.0,107.45,102.35,104.5,105.7,172,9900,1035180.0
2022-08-16,2022-08-16,SUNILAGR,XT,108.9,120.3,108.9,113.8,114.6,89,2921,336006.0
2022-08-16,2022-08-16,DIANATEA,X,28.5,28.5,26.6,26.7,27.45,158,28758,776886.0
2022-08-16,2022-08-16,VIKASECO,B,3.6,3.65,3.54,3.56,3.56,1315,1892254,6805657.0
2022-08-16,2022-08-16,IOC,A,71.55,73.3,71.25,73.1,71.5,4882,1169860,84599883.0
2022-08-16,2022-08-16,ALFAICA,XT,40.55,40.7,40.3,40.3,40.3,9,603,24440.0
2022-08-16,2022-08-16,SKCIL,XT,144.9,146.4,140.0,146.2,139.45,111,10913,1585379.0
2022-08-16,2022-08-16,INDIAHOME,X,34.3,34.3,31.35,32.1,33.8,70,4477,144141.0
2022-08-16,2022-08-16,JPTSEC,XT,7.51,7.51,7.51,7.51,7.51,1,5,37.0
2022-08-16,2022-08-16,ROOPAIND,X,40.0,41.0,37.0,37.35,38.9,77,10128,396488.0
2022-08-16,2022-08-16,UNIQUEO,XT,35.95,35.95,35.95,35.95,34.25,11,953,34260.0
2022-08-16,2022-08-16,BALAMINES,A,3560.0,3586.15,3505.05,3555.7,3557.2,2643,18259,64769821.0
2022-08-16,2022-08-16,ARISE,X,13.96,13.96,13.96,13.96,13.3,11,620,8655.0
2022-08-16,2022-08-16,VISAGAR,X,1.69,1.7,1.62,1.64,1.64,494,224123,371983.0
2022-08-16,2022-08-16,LIBORD,X,7.28,7.28,7.28,7.28,6.94,1,1,7.0
2022-08-16,2022-08-16,REGAL,X,5.36,5.36,5.36,5.36,5.36,1,10,53.0
2022-08-16,2022-08-16,COMPEAU,X,199.95,203.0,186.55,189.5,194.55,43,1335,258168.0
2022-08-16,2022-08-16,ZDHJERK,XT,15.3,15.75,15.0,15.4,15.0,17,983,15322.0
2022-08-16,2022-08-16,NEELKAN,Z,13.79,14.47,13.79,14.47,13.79,5,14,197.0
2022-08-16,2022-08-16,VINTAGES,X,9.5,9.97,9.03,9.03,9.5,10,1613,15588.0
2022-08-16,2022-08-16,CONTILI,XT,45.75,50.45,45.75,49.95,48.15,11,249,12010.0
2022-08-16,2022-08-16,VIJSOLX,XT,1324.65,1379.0,1324.65,1357.5,1394.35,336,2838,3803319.0
2022-08-16,2022-08-16,SHRIKRISH,X,24.0,24.0,22.05,22.2,23.5,13,506,11274.0
2022-08-16,2022-08-16,ALANKIT,B,11.85,11.85,11.31,11.63,11.37,234,70363,818887.0
2022-08-16,2022-08-16,NIHARINF,X,9.85,9.85,8.6,9.15,9.85,29,13754,130424.0
2022-08-16,2022-08-16,OMINFRAL,B,35.85,37.9,35.85,37.3,35.3,327,18942,703527.0
2022-08-16,2022-08-16,CENTUPLE,X,4.24,4.24,4.05,4.05,4.05,8,110,448.0
2022-08-16,2022-08-16,ISHANCH,X,87.7,87.7,76.5,83.45,87.35,692,70087,5786484.0
2022-08-16,2022-08-16,GOTHIPL,P,19.0,19.85,19.0,19.8,19.0,3,400,7845.0
2022-08-16,2022-08-16,BALUFORGE,X,67.0,70.4,65.55,69.0,66.45,163,34259,2368114.0
2022-08-16,2022-08-16,CEENIK,XT,17.6,18.48,16.72,16.72,17.6,6,401,6970.0
2022-08-16,2022-08-16,PATELENG,B,24.05,25.4,24.05,25.4,24.2,717,189926,4798910.0
2022-08-16,2022-08-16,INANI,X,19.5,19.6,18.9,19.5,18.9,20,1964,37515.0
2022-08-16,2022-08-16,GEMSI,X,0.86,0.88,0.85,0.88,0.84,396,418872,366547.0
2022-08-16,2022-08-16,MEDICAMEQ,B,738.05,745.8,691.5,736.0,751.6,399,4521,3281685.0
2022-08-16,2022-08-16,ALICON,B,809.0,829.0,779.8,818.7,784.65,388,2473,2007274.0
2022-08-16,2022-08-16,DILIGENT,X,11.22,11.22,10.66,10.94,11.22,92,15168,164862.0
2022-08-16,2022-08-16,EPSOMPRO,X,3.62,3.62,3.62,3.62,3.45,2,400,1448.0
2022-08-16,2022-08-16,ALFAVIO,XT,252.3,252.3,240.0,243.65,240.35,292,11368,2755383.0
2022-08-16,2022-08-16,CATVISION,XT,9.0,9.59,8.85,9.49,9.14,26,2317,21538.0
2022-08-16,2022-08-16,ABMKNO,X,88.0,90.65,85.55,89.4,90.0,93,12009,1051087.0
2022-08-16,2022-08-16,EMAMILTD,A,459.6,468.8,458.05,466.6,457.35,723,6698,3107597.0
2022-08-16,2022-08-16,KEMISTAR,X,40.95,40.95,40.0,40.0,40.15,15,987,39869.0
2022-08-16,2022-08-16,SKPSEC,X,38.8,40.1,37.75,40.0,40.35,17,404,15912.0
2022-08-16,2022-08-16,PRANAVSPIN,X,21.0,21.0,19.55,19.65,21.0,17,646,13137.0
2022-08-16,2022-08-16,SYSCHEM,XT,32.7,32.75,29.75,32.75,31.2,190,149654,4853215.0
2022-08-16,2022-08-16,BLSINFOTE,X,3.54,3.8,3.5,3.8,3.46,1326,910171,3419062.0
2022-08-16,2022-08-16,MEFCOMCAP,X,61.5,63.35,58.05,61.5,61.1,105,18444,1093643.0
2022-08-16,2022-08-16,HEMANG,X,46.6,46.6,42.05,43.4,44.55,193,17644,779984.0
2022-08-16,2022-08-16,ARMANFIN,B,1250.0,1445.7,1250.0,1438.05,1221.75,1566,8363,11695144.0
2022-08-16,2022-08-16,GAGANPOLYCO,XT,1.8,1.8,1.72,1.72,1.81,21,2155,3710.0
2022-08-16,2022-08-16,DHANADACO,XT,4.44,4.44,4.02,4.02,4.23,8,160,708.0
2022-08-16,2022-08-16,GLANCE,X,56.2,63.2,56.15,56.95,56.15,33,474,27539.0
2022-08-16,2022-08-16,SHILCTECH,X,600.0,600.0,566.65,572.7,596.45,423,17630,10142680.0
2022-08-16,2022-08-16,SPRIGHT,X,13.92,14.37,13.2,13.6,13.69,216,23077,316314.0
2022-08-16,2022-08-16,CRESANTO,XT,1.64,1.64,1.64,1.64,1.72,1,10,16.0
2022-08-16,2022-08-16,NUCLEUS,B,420.95,422.05,411.05,412.2,411.7,171,2300,952400.0
2022-08-16,2022-08-16,COLINZ,XT,37.4,39.9,36.25,36.75,38.15,87,4193,155882.0
2022-08-16,2022-08-16,NLFL,X,29.9,29.9,26.35,28.85,27.05,10,263,6977.0
2022-08-16,2022-08-16,MANAPPURAM,A,111.0,111.0,102.7,106.55,110.5,9965,1281008,134943943.0
2022-08-16,2022-08-16,RTSPOWR,X,57.0,57.0,54.4,55.15,56.95,31,1883,105239.0
2022-08-16,2022-08-16,COMFINTE,X,22.5,23.15,22.0,22.35,22.75,38,3887,87107.0
2022-08-16,2022-08-16,MAYURFL,XT,5.22,5.22,5.1,5.1,4.98,6,345,1784.0
2022-08-16,2022-08-16,ANJANI,X,35.0,35.0,32.3,32.5,34.2,94,8731,284543.0
2022-08-16,2022-08-16,XTGLOBAL,X,47.8,50.0,42.0,46.45,45.3,253,39089,1837328.0
2022-08-16,2022-08-16,DECOMIC,P,35.25,35.25,35.25,35.25,34.05,2,500,17625.0
2022-08-16,2022-08-16,RANDER,X,8.77,8.77,8.6,8.6,8.77,2,11,95.0
2022-08-16,2022-08-16,RASIELEC,X,10.6,10.6,10.09,10.14,10.21,84,38914,400703.0
2022-08-16,2022-08-16,SCOOBEEDAY,X,139.5,160.0,135.2,139.05,140.6,67,6186,872218.0
2022-08-16,2022-08-16,CITIPOR,XT,8.15,8.15,8.15,8.15,8.15,2,117,953.0
2022-08-16,2022-08-16,DHRUVCA,XT,21.6,21.6,21.6,21.6,22.7,11,428,9244.0
2022-08-16,2022-08-16,SHAMROIN,XT,5.68,6.26,5.68,6.26,5.97,9,1073,6657.0
2022-08-16,2022-08-16,LINC,B,294.7,295.45,288.0,294.4,289.0,86,565,166269.0
2022-08-16,2022-08-16,PRIMAIN,XT,23.9,25.05,22.75,22.75,23.9,11,865,19796.0
2022-08-16,2022-08-16,ANERI,X,4.3,4.3,4.3,4.3,4.52,2,2501,10754.0
2022-08-16,2022-08-16,INDGELA,X,130.25,132.35,124.3,128.75,130.4,50,1935,248217.0
2022-08-16,2022-08-16,OPTIFIN,X,43.0,45.0,42.75,42.75,45.0,7,203,8680.0
2022-08-16,2022-08-16,PARAGONF,X,19.95,19.95,19.0,19.0,18.3,6,385,7575.0
2022-08-16,2022-08-16,VELLORA,X,24.95,24.95,21.55,21.9,23.9,149,17046,375935.0
2022-08-16,2022-08-16,ESHAMEDIA,XT,6.75,6.75,6.59,6.59,6.59,3,56,369.0
2022-08-16,2022-08-16,REFEXRENEW,X,390.0,390.0,370.5,370.5,390.0,9,200,74206.0
2022-08-16,2022-08-16,VSTTILLERS,A,2415.0,2499.0,2366.0,2378.5,2422.5,257,734,1749329.0
2022-08-16,2022-08-16,B2BSOFT,XT,27.5,28.4,27.05,27.45,27.45,72,4955,137628.0
2022-08-16,2022-08-16,NIKKIGL,X,5.81,5.81,5.81,5.81,5.92,1,10,58.0
2022-08-16,2022-08-16,RADHEDE,X,12.69,12.69,12.0,12.18,12.49,741,172000,2119875.0
2022-08-16,2022-08-16,KINETRU,XT,9.1,9.1,9.1,9.1,8.7,1,1,9.0
2022-08-16,2022-08-16,ELIXIR,XT,45.6,46.95,44.25,45.0,45.5,83,6081,278074.0
2022-08-16,2022-08-16,TRISHAKT,X,55.65,57.4,55.6,57.4,58.5,9,256,14283.0
2022-08-16,2022-08-16,PANKAJPO,X,5.38,5.38,5.38,5.38,5.13,6,1330,7155.0
2022-08-16,2022-08-16,MARBLE,X,12.0,14.24,12.0,13.2,12.03,46,6642,86429.0
2022-08-16,2022-08-16,CINDRELL,XT,18.5,18.5,18.5,18.5,19.45,6,323,5975.0
2022-08-16,2022-08-16,NATPLASTI,X,74.0,78.0,74.0,78.0,74.25,5,521,38614.0
2022-08-16,2022-08-16,LEADFIN,XT,16.2,16.2,16.2,16.2,16.2,4,21,340.0
2022-08-16,2022-08-16,NATFIT,X,51.75,53.2,48.0,49.5,50.3,33,1463,74344.0
2022-08-16,2022-08-16,ARTEFACT,X,50.0,51.9,43.9,49.7,49.65,57,2805,138500.0
2022-08-16,2022-08-16,AMITINT,Z,4.4,4.4,4.38,4.38,4.31,5,18702,82228.0
2022-08-16,2022-08-16,TUSALDAH,X,58.95,58.95,58.95,58.95,62.05,9,324,19099.0
2022-08-16,2022-08-16,NUTECGLOB,X,9.0,9.0,8.71,8.71,9.16,2,749,6668.0
2022-08-16,2022-08-16,DHPIND,X,1330.0,1338.0,1171.0,1322.3,1167.65,597,7071,8993037.0
2022-08-16,2022-08-16,RRIL,X,13.19,13.43,13.01,13.06,13.01,169,43119,568076.0
2022-08-16,2022-08-16,AVAILFC,X,176.95,178.0,170.0,174.6,166.5,289,21463,3749511.0
2022-08-16,2022-08-16,INTCAPL,X,17.9,17.9,17.9,17.9,17.9,1,1,17.0
2022-08-16,2022-08-16,HAVISHA,T,2.2,2.25,2.12,2.16,2.2,45,24136,53291.0
2022-08-16,2022-08-16,JAYIND,X,7.3,7.3,7.3,7.3,7.6,1,500,3650.0
2022-08-16,2022-08-16,ROSELABS,X,17.4,18.0,16.65,16.65,17.4,11,973,16708.0
2022-08-16,2022-08-16,CHARMS,X,2.35,2.35,2.21,2.35,2.32,7,192,451.0
2022-08-16,2022-08-16,KRETTOSYS,X,0.7,0.72,0.68,0.69,0.7,781,840820,585102.0
2022-08-16,2022-08-16,VIKALPS,XT,9.63,9.63,8.73,8.99,9.18,11,524,4578.0
2022-08-16,2022-08-16,ZYDUSWELL,A,1605.55,1618.0,1595.8,1599.0,1607.55,528,1642,2640968.0
2022-08-16,2022-08-16,WINPRO,T,5.48,5.48,5.03,5.41,5.23,69,34573,179788.0
2022-08-16,2022-08-16,MILESTONE,X,20.5,20.5,20.5,20.5,19.6,1,75,1537.0
2022-08-16,2022-08-16,BERVINL,XT,29.5,32.4,29.5,32.4,30.9,10,443,14140.0
2022-08-16,2022-08-16,GUJINV,X,5.55,5.55,5.55,5.55,5.29,2,576,3196.0
2022-08-16,2022-08-16,CONCOR,A,700.35,724.0,696.8,719.3,699.9,1413,30684,21902288.0
2022-08-16,2022-08-16,EASTRED,X,31.5,33.95,31.5,32.65,31.8,14,716,23393.0
2022-08-16,2022-08-16,PANACEABIO,B,129.95,132.1,128.0,129.65,129.9,312,9068,1178223.0
2022-08-16,2022-08-16,PEETISEC,XT,26.0,26.0,26.0,26.0,26.5,2,4,104.0
2022-08-16,2022-08-16,MERCURYEV,XT,4.33,4.33,4.33,4.33,4.13,1,50,216.0
2022-08-16,2022-08-16,CHOICEIN,B,432.0,434.8,430.85,433.7,430.85,531,6679,2887693.0
2022-08-16,2022-08-16,SRAMSET,X,148.0,148.0,140.0,140.6,148.0,11,223,32040.0
2022-08-16,2022-08-16,GOLECHA,X,6.55,6.55,6.55,6.55,6.24,1,1,6.0
2022-08-16,2022-08-16,EKANSH,X,27.0,27.3,25.25,25.85,28.85,47,5371,142259.0
2022-08-16,2022-08-16,SPAR,X,43.1,43.15,42.0,43.15,41.1,63,7232,311023.0
2022-08-16,2022-08-16,BYKE,B,42.2,44.35,42.05,43.2,42.0,239,26271,1130414.0
2022-08-16,2022-08-16,CSURGSU,X,53.5,53.95,53.5,53.95,51.95,2,21,1132.0
2022-08-16,2022-08-16,ARIHANT,X,34.55,34.55,31.7,32.85,33.65,41,4871,160035.0
2022-08-16,2022-08-16,HASTIFIN,X,4.3,4.3,4.3,4.3,4.38,5,2350,10105.0
2022-08-16,2022-08-16,UPSURGE,X,48.1,59.35,48.1,53.65,53.7,125,16712,845758.0
2022-08-16,2022-08-16,PADAMCO,XT,15.15,15.15,15.15,15.15,15.15,3,12,181.0
2022-08-16,2022-08-16,WOMENNET,X,4.09,4.49,4.09,4.4,4.3,11,1948,8377.0
2022-08-16,2022-08-16,SOURCENTRL,X,104.6,105.0,94.0,94.65,93.25,80,4893,486301.0
2022-08-16,2022-08-16,GGAUTO,XT,23.75,25.9,23.75,24.8,24.95,31,10534,250371.0
2022-08-16,2022-08-16,ALMONDZ,B,79.65,79.85,76.0,78.3,80.0,81,3551,275801.0
2022-08-16,2022-08-16,LWSKNIT,XT,15.41,15.41,14.65,15.41,15.41,6,64,948.0
2022-08-16,2022-08-16,ANSINDUS,XT,12.45,12.7,12.45,12.7,12.7,2,11,137.0
2022-08-16,2022-08-16,ALCHCORP,XT,10.6,10.6,10.5,10.5,11.05,8,3147,33056.0
2022-08-16,2022-08-16,TUNITEX,X,2.8,2.85,2.72,2.76,2.86,731,434308,1201120.0
2022-08-16,2022-08-16,RADIXIND,XT,63.95,65.15,63.05,65.15,62.05,4,67,4361.0
2022-08-16,2022-08-16,KIRANPR,X,4.75,4.75,4.75,4.75,4.75,2,20,95.0
2022-08-16,2022-08-16,NARPROP,X,16.75,16.75,15.45,16.35,16.75,11,312,4953.0
2022-08-16,2022-08-16,MEGACOR,X,2.12,2.44,2.12,2.23,2.22,153,104654,243959.0
2022-08-16,2022-08-16,TNPL,B,241.5,247.2,236.75,242.9,242.75,1878,54082,13144814.0
2022-08-16,2022-08-16,SHAKTIPUMP,B,465.0,471.85,464.0,465.0,462.9,568,4874,2272749.0
2022-08-16,2022-08-16,SUNGOLD,X,2.59,2.59,2.35,2.41,2.47,101,22494,56118.0
2022-08-16,2022-08-16,SAFFRON,XT,6.49,6.49,6.35,6.49,6.19,15,5466,35468.0
2022-08-16,2022-08-16,PWASML,X,36.0,36.0,32.5,34.0,36.0,78,4295,147060.0
2022-08-16,2022-08-16,GOLDTECH,B,60.15,60.15,55.0,56.3,57.55,90,4738,269904.0
2022-08-16,2022-08-16,VARDHMAN,XT,5.51,5.51,5.51,5.51,5.51,6,111,611.0
2022-08-16,2022-08-16,GRMOVER,B,381.0,382.0,360.1,368.65,372.25,938,16495,6145640.0
2022-08-16,2022-08-16,MOHITIND,B,17.75,17.85,16.85,17.25,17.9,101,5579,96455.0
2022-08-16,2022-08-16,POLYLINK,X,28.2,28.5,27.0,27.85,28.0,75,5913,165320.0
2022-08-16,2022-08-16,MINAXI,X,2.6,2.6,2.47,2.59,2.56,220,79522,204014.0
2022-08-16,2022-08-16,CONTICON,X,5.91,5.91,5.91,5.91,5.9,2,400,2364.0
2022-08-16,2022-08-16,NOUVEAU,X,1.21,1.21,1.17,1.17,1.19,31,10060,11770.0
2022-08-16,2022-08-16,DUKEOFS,X,10.02,10.02,9.55,9.61,10.88,25,22168,215497.0
2022-08-16,2022-08-16,CGVAK,X,358.2,382.9,346.6,353.4,364.9,494,17710,6361276.0
2022-08-16,2022-08-16,NAVKARURB,X,17.8,18.65,17.3,18.35,17.8,147,113046,2066266.0
2022-08-16,2022-08-16,MADHUCON,B,5.62,5.85,5.62,5.85,5.32,139,64544,376763.0
2022-08-16,2022-08-16,SYBLY,X,7.1,7.1,6.5,6.5,6.35,8,2831,18484.0
2022-08-16,2022-08-16,RAJESHEXPO,A,614.9,620.8,603.9,616.0,605.85,1560,38528,23472038.0
2022-08-16,2022-08-16,ESARIND,X,7.26,7.26,6.98,6.98,7.12,84,40571,286629.0
2022-08-16,2022-08-16,MARIS,X,66.6,72.2,66.6,69.05,68.35,88,14587,1032845.0
2022-08-16,2022-08-16,SKRABUL,X,13.32,13.32,13.32,13.32,12.69,2,34,452.0
2022-08-16,2022-08-16,EVEREADY,A,374.7,374.7,359.25,361.8,370.1,846,10831,3955353.0
2022-08-16,2022-08-16,STEP2COR,XT,21.05,21.05,20.5,20.75,20.05,23,4343,91230.0
2022-08-16,2022-08-16,ORIENTTR,X,7.9,8.3,7.71,7.99,7.77,71,7632,60027.0
2022-08-16,2022-08-16,VIKASPROP,B,0.92,0.93,0.89,0.89,0.9,12988,926094,836217.0
2022-08-16,2022-08-16,ACESOFT,X,15.25,15.25,14.5,14.55,15.25,17,4708,68852.0
2022-08-16,2022-08-16,HATSUN,A,1021.65,1087.8,1017.45,1067.7,1003.85,1299,4663,4948718.0
2022-08-16,2022-08-16,ACCEDERE,XT,28.6,28.6,27.2,28.6,28.6,18,2198,60493.0
2022-08-16,2022-08-16,RISHDIGA,XT,25.25,25.25,25.25,25.25,26.25,1,10,252.0
2022-08-16,2022-08-16,MAINFRA,X,55.65,55.65,47.2,55.0,54.0,61,7282,393005.0
2022-08-16,2022-08-16,KOBO,Z,5.29,5.3,4.81,4.86,5.05,21,3011,15494.0
2022-08-16,2022-08-16,JINDWORLD,B,217.9,226.0,213.6,214.7,215.25,34,917,199933.0
2022-08-16,2022-08-16,SOMANYCERA,A,658.0,658.0,638.0,645.25,645.8,392,1741,1120551.0
2022-08-16,2022-08-16,JHACC,X,8.46,8.46,8.46,8.46,8.46,6,327,2766.0
2022-08-16,2022-08-16,RAGHUTOB,X,10.35,12.19,10.35,12.16,12.18,58,7278,85614.0
2022-08-16,2022-08-16,DRL,XT,24.0,24.0,23.75,23.75,24.95,3,201,4774.0
2022-08-16,2022-08-16,CORALFINAC,B,38.2,39.05,38.2,38.9,39.1,61,467,18077.0
2022-08-16,2022-08-16,AROMAENT,Z,28.0,28.0,28.0,28.0,28.0,1,2,56.0
2022-08-16,2022-08-16,ASHUTPM,XT,1.94,1.94,1.85,1.85,1.94,2,405,749.0
2022-08-16,2022-08-16,SANJIVIN,X,56.95,56.95,52.1,53.8,54.25,50,7823,421721.0
2022-08-16,2022-08-16,VASINFRA,XT,4.97,4.97,4.73,4.73,4.97,3,80,385.0
2022-08-16,2022-08-16,KMFBLDR,X,3.94,4.13,3.94,4.13,3.94,9,2233,9212.0
2022-08-16,2022-08-16,BERYLSE,XT,9.41,9.45,9.41,9.45,9.0,7,287,2700.0
2022-08-16,2022-08-16,DEVINE,XT,5.13,5.13,4.65,5.12,4.89,16,1941,9489.0
2022-08-16,2022-08-16,BAMPSL,X,7.35,7.39,7.2,7.3,7.35,30,3145,22685.0
2022-08-16,2022-08-16,GENPHARMA,X,3.9,4.05,3.88,3.92,3.91,904,659528,2604305.0
2022-08-16,2022-08-16,INCON,XT,15.7,15.7,14.25,15.45,15.0,31,1074,15803.0
2022-08-16,2022-08-16,CGCL,A,680.2,683.6,675.0,675.05,686.35,346,3342,2260898.0
2022-08-16,2022-08-16,FDC,A,265.0,268.3,263.4,265.6,264.0,256,1807,480922.0
2022-08-16,2022-08-16,GOGIACAPGL,XT,135.0,135.0,134.0,134.0,133.0,2,5,671.0
2022-08-16,2022-08-16,GORANIN,XT,146.0,160.1,146.0,160.1,152.5,37,2221,350671.0
2022-08-16,2022-08-16,KGPETRO,X,233.75,249.0,220.0,238.8,233.75,16,89,20947.0
2022-08-16,2022-08-16,MAL,XT,1.4,1.4,1.4,1.4,1.34,10,4419,6186.0
2022-08-16,2022-08-16,STARCOM,X,94.7,94.7,90.05,91.7,94.7,38,510,46402.0
2022-08-16,2022-08-16,COUNCODOS,B,4.65,4.65,4.15,4.28,4.55,77,45106,192575.0
2022-08-16,2022-08-16,OROSMITHS,X,4.8,4.94,4.61,4.71,4.85,200,40848,191316.0
2022-08-16,2022-08-16,LINCOLN,B,292.4,294.05,287.75,289.0,289.35,259,4963,1441655.0
2022-08-16,2022-08-16,SILVOAK,X,39.6,41.45,39.45,39.55,38.65,9,63,2491.0
2022-08-16,2022-08-16,PRAVEG,X,163.0,172.0,161.5,167.2,154.35,299,17927,3020600.0
2022-08-16,2022-08-16,SURAJLTD,X,74.95,74.95,73.05,74.45,73.0,48,2297,170367.0
2022-08-16,2022-08-16,MARICO,A,508.1,520.4,507.15,511.6,510.4,2448,41722,21478790.0
2022-08-16,2022-08-16,TOKYOFIN,XT,15.1,15.1,14.1,14.1,14.8,4,1238,17456.0
2022-08-16,2022-08-16,MAHAVIRIND,Z,1.21,1.27,1.15,1.18,1.21,115,83718,97971.0
2022-08-16,2022-08-16,VAXHS,Z,2.4,2.4,2.2,2.2,2.31,3,2753,6596.0
2022-08-16,2022-08-16,NATGENI,XT,239.1,239.1,239.1,239.1,240.0,1,10,2391.0
2022-08-16,2022-08-16,ABATEAS,X,9.88,9.88,9.88,9.88,9.41,7,4331,42790.0
2022-08-16,2022-08-16,HITTCO,XT,8.59,9.48,8.58,8.86,9.03,105,52444,480825.0
2022-08-16,2022-08-16,YUVRAAJHPL,XT,1.65,1.65,1.52,1.65,1.58,12,12700,20285.0
2022-08-16,2022-08-16,RRMETAL,X,32.5,33.95,32.5,33.85,34.8,18,1073,35964.0
2022-08-16,2022-08-16,VISIONCO,X,1.82,2.08,1.82,1.9,1.89,55,12785,23581.0
2022-08-16,2022-08-16,INANISEC,X,21.2,21.2,20.2,20.2,20.2,2,14,286.0
2022-08-16,2022-08-16,ANKIN,X,10.76,10.76,10.76,10.76,10.25,6,2925,31473.0
2022-08-16,2022-08-16,MAYUR,XT,6.57,7.25,6.57,7.24,6.91,15,3117,20651.0
2022-08-16,2022-08-16,AMERISE,X,0.97,1.03,0.97,0.98,0.97,404,296203,290736.0
2022-08-16,2022-08-16,ADVIKLA,XT,1.74,1.74,1.61,1.74,1.66,32,75150,129424.0
2022-08-16,2022-08-16,PRITHVIEXCH,X,40.0,44.0,40.0,44.0,40.0,76,14352,618841.0
2022-08-16,2022-08-16,KHYATI,XT,1.02,1.02,0.97,0.97,1.02,24,8941,8754.0
2022-08-16,2022-08-16,RAINBOWF,X,11.69,12.67,11.11,11.8,11.46,52,22828,276076.0
2022-08-16,2022-08-16,TRICOMFRU,X,1.71,1.71,1.71,1.71,1.56,30,29091,49745.0
2022-08-16,2022-08-16,VIDHIING,B,382.1,403.8,382.1,399.45,403.15,542,8498,3393384.0
2022-08-16,2022-08-16,BHAGCHEM,B,1150.0,1211.85,1150.0,1209.0,1188.3,120,487,585974.0
2022-08-16,2022-08-16,GATECH,T,0.7,0.75,0.7,0.7,0.72,8,23300,17290.0
2022-08-16,2022-08-16,PANCHSHEEL,X,232.1,239.3,230.0,237.75,236.25,202,25370,5996869.0
2022-08-16,2022-08-16,MENNPIS,X,51.0,51.0,48.2,50.15,49.7,429,64808,3259962.0
2022-08-16,2022-08-16,GREENCREST,X,9.56,9.56,9.56,9.56,9.38,36,5666,54166.0
2022-08-16,2022-08-16,GENNEX,X,6.59,6.67,6.36,6.58,6.57,744,261084,1693571.0
2022-08-16,2022-08-16,GINISILK,X,43.95,43.95,43.95,43.95,45.35,1,1,43.0
2022-08-16,2022-08-16,PRAENG,B,14.1,14.2,13.7,13.79,14.35,74,10299,143662.0
2022-08-16,2022-08-16,BIOGEN,X,0.92,0.92,0.89,0.9,0.92,2550,2127685,1928539.0
2022-08-16,2022-08-16,GKCONS,X,6.97,6.97,6.97,6.97,6.97,3,30,209.0
2022-08-16,2022-08-16,APOLLOPIPE,A,480.0,509.15,480.0,503.5,489.15,671,5601,2801645.0
2022-08-16,2022-08-16,UNJHAFOR,X,9.5,9.5,8.71,8.73,9.1,4,160,1395.0
2022-08-16,2022-08-16,POLYMED,A,736.3,737.95,730.65,733.95,733.05,630,1984,1456860.0
2022-08-16,2022-08-16,PFLINFOTC,Z,4.15,4.15,4.14,4.15,4.35,3,510,2112.0
2022-08-16,2022-08-16,KACHCHH,XT,25.45,25.8,25.45,25.5,25.95,6,227,5848.0
2022-08-16,2022-08-16,KACL,X,70.7,70.7,70.7,70.7,67.35,184,48017,3394801.0
2022-08-16,2022-08-16,KCLINFRA,X,2.97,2.97,2.69,2.69,2.83,703,1004397,2847943.0
2022-08-16,2022-08-16,ATULAUTO,B,175.0,178.0,167.9,175.15,176.0,445,12928,2249696.0
2022-08-16,2022-08-16,PRERINFRA,X,36.75,38.2,36.25,37.5,37.5,38,6080,229111.0
2022-08-16,2022-08-16,METALCO,X,54.25,54.25,44.65,46.75,49.4,77,11829,546988.0
2022-08-16,2022-08-16,SGNTE,XT,0.79,0.82,0.76,0.76,0.79,62,90806,72724.0
2022-08-16,2022-08-16,GANGAPA,XT,84.6,84.6,82.0,82.0,86.3,22,1325,108689.0
2022-08-16,2022-08-16,TIRSARJ,X,8.73,9.15,8.13,8.77,8.33,104,13777,119156.0
2022-08-16,2022-08-16,RODIUM,X,50.9,51.95,50.9,51.8,51.9,6,764,38915.0
2022-08-16,2022-08-16,NAGTECH,X,5.26,5.5,5.0,5.01,5.26,9,485,2439.0
2022-08-16,2022-08-16,NATHUEC,X,4.23,5.17,4.23,5.17,4.7,18,1389,6820.0
2022-08-16,2022-08-16,INDUSFINL,X,12.35,12.35,12.35,12.35,11.77,6,44,543.0
2022-08-16,2022-08-16,LAHOTIOV,X,33.05,33.7,32.5,32.9,33.7,90,7363,242284.0
2022-08-16,2022-08-16,ZENITHSTL,T,6.72,6.8,6.24,6.26,6.56,287,121492,762141.0
2022-08-16,2022-08-16,TRINITYLEA,XT,7.0,7.0,7.0,7.0,6.67,1,1,7.0
2022-08-16,2022-08-16,ASTAR,B,792.6,802.3,774.8,798.0,777.0,18,51,40305.0
2022-08-16,2022-08-16,ORIRAIL,X,122.05,122.05,96.95,112.0,119.65,210,19334,2185916.0
2022-08-16,2022-08-16,JOINDRE,X,29.9,29.9,27.7,27.95,28.4,27,3156,90714.0
2022-08-16,2022-08-16,BHARATAGRI,X,415.0,449.9,405.0,417.3,413.05,83,8796,3620190.0
2022-08-16,2022-08-16,UNITINT,X,5.3,6.23,5.3,5.98,5.56,14,5698,33746.0
2022-08-16,2022-08-16,SACHEMT,X,21.4,21.5,20.5,20.65,21.2,354,44987,932713.0
2022-08-16,2022-08-16,ANJANIFIN,X,4.87,4.87,4.24,4.3,4.43,21,12321,52954.0
2022-08-16,2022-08-16,PIONEERDIS,B,147.05,163.0,147.05,161.6,157.0,47,1730,274083.0
2022-08-16,2022-08-16,GMETCOAL,Z,18.9,18.9,17.5,18.9,18.0,10,545,10251.0
2022-08-16,2022-08-16,REXNORD,X,67.5,68.5,65.5,66.75,66.2,108,9643,641871.0
2022-08-16,2022-08-16,KHANDSE,T,31.5,31.5,28.65,29.55,30.0,24,5460,161246.0
2022-08-16,2022-08-16,SAWACA,XT,1.5,1.54,1.47,1.54,1.47,902,534520,817392.0
2022-08-16,2022-08-16,CCLINTER,X,16.55,17.3,16.5,16.9,16.7,17,1836,30836.0
2022-08-16,2022-08-16,GALLOPENT,X,67.75,67.75,61.6,62.15,64.8,64,3846,238687.0
2022-08-16,2022-08-16,CROISSANCE,XT,7.75,7.85,7.48,7.78,7.87,15,5007,38480.0
2022-08-16,2022-08-16,JOJO,XT,17.95,18.0,16.3,16.3,17.15,15,580,9503.0
2022-08-16,2022-08-16,GALAGEX,XT,30.3,30.3,30.3,30.3,31.85,8,911,27603.0
2022-08-16,2022-08-16,CASTORA,XT,6.65,6.8,6.21,6.25,6.5,35,3228,21285.0
2022-08-16,2022-08-16,TWINSTAR,Z,1.25,1.25,1.19,1.19,1.25,33,16626,20087.0
2022-08-16,2022-08-16,AGARIND,B,662.0,662.0,638.0,642.15,650.05,1247,9468,6158174.0
2022-08-16,2022-08-16,DHAMPURE,X,38.7,40.45,38.7,39.7,39.85,47,4842,192321.0
2022-08-16,2022-08-16,SHAQUAK,XT,2.11,2.11,2.01,2.08,2.11,34,3068,6284.0
2022-08-16,2022-08-16,INNOCORP,X,5.99,5.99,5.7,5.99,5.99,10,327,1876.0
2022-08-16,2022-08-16,SARTHAKIND,X,54.6,54.6,54.6,54.6,52.0,3,39,2129.0
2022-08-16,2022-08-16,SAICAPI,XT,70.5,70.5,67.0,67.0,70.5,18,2939,196963.0
2022-08-16,2022-08-16,BLUECHIP,T,0.5,0.5,0.49,0.49,0.5,5,18400,9066.0
2022-08-16,2022-08-16,VERTEX,X,2.29,2.4,2.21,2.32,2.29,74,19267,44727.0
2022-08-16,2022-08-16,RIBATEX,X,39.4,39.4,37.5,38.45,37.8,28,7507,283286.0
2022-08-16,2022-08-16,SHREMETAL,XT,29.75,31.15,28.3,31.15,29.7,17,1580,48924.0
2022-08-16,2022-08-16,IITLPROJ,X,17.9,17.9,17.85,17.85,17.9,4,55,984.0
2022-08-16,2022-08-16,CHLOGIST,X,6.15,6.33,5.95,6.15,6.18,286,91065,552976.0
2022-08-16,2022-08-16,AMBIKCO,A,1687.0,1693.7,1628.2,1664.95,1692.5,1306,5696,9468424.0
2022-08-16,2022-08-16,HINDALUMI,X,42.95,42.95,39.05,40.5,37.25,266,38653,1598865.0
2022-08-16,2022-08-16,SPECFOOD,XT,15.5,15.5,15.5,15.5,16.3,1,25,387.0
2022-08-16,2022-08-16,AMRAAGRI,X,1.0,1.02,0.96,0.98,1.0,708,613626,603761.0
2022-08-16,2022-08-16,AUTOPINS,X,75.55,75.55,75.55,75.55,75.55,1,15,1133.0
2022-08-16,2022-08-16,ODYCORP,X,6.89,7.29,6.55,7.07,6.89,102,60578,418949.0
2022-08-16,2022-08-16,INDCTST,X,41.3,41.3,38.25,38.25,42.45,19,3127,120524.0
2022-08-16,2022-08-16,SAMINDUS,X,28.5,29.5,27.1,28.45,28.5,13,308,8700.0
2022-08-16,2022-08-16,SHVFL,X,10.81,10.81,10.81,10.81,11.36,1,83,897.0
2022-08-16,2022-08-16,POOJAENT,XT,148.0,157.95,148.0,156.0,151.0,16,372,56505.0
2022-08-16,2022-08-16,GRAVITY,X,3.69,3.7,3.68,3.7,3.53,32,12339,45450.0
2022-08-16,2022-08-16,LCCINFOTEC,B,3.19,3.19,2.95,3.19,3.04,201,240312,760789.0
2022-08-16,2022-08-16,FILATFASH,X,7.33,7.55,7.02,7.18,7.33,216,166434,1198485.0
2022-08-16,2022-08-16,SINDHUTRAD,T,34.35,34.35,31.15,32.75,32.75,355,58931,1934847.0
2022-08-16,2022-08-16,UNISTRMU,XT,16.95,17.6,16.15,17.0,16.95,30,26311,449198.0
2022-08-16,2022-08-16,ZENOTECH,X,56.8,58.25,55.05,57.95,56.25,217,41153,2358404.0
2022-08-16,2022-08-16,HINDBIO,X,3.71,3.75,3.71,3.75,3.9,19,7640,28625.0
2022-08-16,2022-08-16,FRONTCORP,X,18.5,18.5,18.4,18.4,19.3,2,600,11090.0
2022-08-16,2022-08-16,SWELECTES,B,321.6,334.8,305.0,310.7,368.95,915,17632,5509374.0
2022-08-16,2022-08-16,WALLFORT,X,41.05,41.05,39.15,39.45,41.1,31,4243,169581.0
2022-08-16,2022-08-16,KDDL,B,784.55,829.9,780.1,797.8,779.7,216,1175,954648.0
2022-08-16,2022-08-16,TRUSTEDGE,XT,20.9,20.9,20.0,20.0,20.95,32,1410,28272.0
2022-08-16,2022-08-16,ABHICAP,XT,90.45,90.45,90.45,90.45,86.15,8,208,18813.0
2022-08-16,2022-08-16,3BBLACKBIO,X,376.0,376.25,360.0,365.35,374.3,258,5892,2151017.0
2022-08-16,2022-08-16,GUJJUBHAI,X,56.1,57.9,55.05,56.25,55.55,19,8102,453349.0
2022-08-16,2022-08-16,INTERDIGI,XT,0.55,0.55,0.51,0.55,0.53,678,1256019,667145.0
2022-08-16,2022-08-16,INDOCITY,X,7.25,7.25,6.16,6.17,6.07,25,13627,85319.0
2022-08-16,2022-08-16,SBECSUG,X,29.05,32.35,26.1,29.55,27.75,156,35716,1083957.0
2022-08-16,2022-08-16,BRIJLEAS,X,2.14,2.14,2.14,2.14,2.04,7,900,1926.0
2022-08-16,2022-08-16,BSELALGO,X,3.52,3.82,3.46,3.82,3.64,508,526684,1946925.0
2022-08-16,2022-08-16,RELIABVEN,X,12.94,12.94,11.5,12.27,12.59,39,8790,103751.0
2022-08-16,2022-08-16,BANKBARODA,A,123.5,125.2,121.05,121.65,123.15,7991,1602162,197124091.0
2022-08-16,2022-08-16,GTEIT,XT,1.38,1.38,1.38,1.38,1.38,3,3625,5002.0
2022-08-16,2022-08-16,MOHITE,X,22.2,22.9,21.95,21.95,23.1,39,7818,171846.0
2022-08-16,2022-08-16,ACL,T,6.36,6.36,6.36,6.36,6.69,89,32105,204187.0
2022-08-16,2022-08-16,SKMEGGPROD,B,70.05,71.95,68.3,70.2,68.45,373,9837,690233.0
2022-08-16,2022-08-16,WELCORP,A,211.2,228.2,211.15,227.15,211.7,3438,180884,40293602.0
2022-08-16,2022-08-16,HOTLSILV,X,9.27,9.27,8.31,8.93,8.58,34,5608,47611.0
2022-08-16,2022-08-16,BANKINDIA,A,49.3,49.7,48.85,49.1,49.25,1149,188847,9292917.0
2022-08-16,2022-08-16,INDRAMEDCO,B,65.7,65.7,64.0,64.9,64.25,217,9526,617351.0
2022-08-16,2022-08-16,JOHNPHARMA,X,0.88,0.92,0.84,0.86,0.88,2626,3503110,3055055.0
2022-08-16,2022-08-16,GAIL,A,132.95,135.2,131.25,135.1,131.5,12841,1419986,189735984.0
2022-08-16,2022-08-16,VAIBHAVGBL,A,307.0,325.15,307.0,309.0,307.4,1971,46642,14739091.0
2022-08-16,2022-08-16,TRESCON,X,13.95,14.4,13.95,14.25,13.89,9,1064,15252.0
2022-08-16,2022-08-16,GUJSTATFIN,T,7.48,7.82,7.15,7.53,7.48,79,13831,103375.0
2022-08-16,2022-08-16,JKPAPER,A,425.3,449.9,420.0,446.75,424.8,3239,152705,67178732.0
2022-08-16,2022-08-16,SAREGAMA,A,401.0,403.8,393.05,395.4,399.75,511,4168,1653040.0
2022-08-16,2022-08-16,MINOLTAF,Z,3.75,3.75,3.75,3.75,3.75,4,560,2100.0
2022-08-16,2022-08-16,ADROITINFO,T,13.95,15.35,13.95,15.35,14.65,32,3452,50942.0
2022-08-16,2022-08-16,CYBERTECH,B,162.55,167.3,161.55,161.95,161.05,63,1587,259894.0
2022-08-16,2022-08-16,ICICIBANK,A,878.55,884.5,876.5,879.65,874.75,9643,254192,223580808.0
2022-08-16,2022-08-16,CYIENT,A,825.5,829.25,818.0,820.65,826.45,1113,9160,7526328.0
2022-08-16,2022-08-16,ENGINERSIN,A,68.0,68.55,67.95,68.2,67.65,537,30176,2059065.0
2022-08-16,2022-08-16,DHANBANK,B,11.94,12.0,11.86,11.97,11.94,204,36016,429978.0
2022-08-16,2022-08-16,GMDCLTD,A,183.5,185.9,178.0,179.75,179.5,4966,432537,78376908.0
2022-08-16,2022-08-16,GAYATRI,XT,3.85,3.85,3.85,3.85,4.05,5,8202,31577.0
2022-08-16,2022-08-16,INDUSINDBK,A,1079.85,1097.0,1075.5,1084.25,1079.85,2332,68558,74623960.0
2022-08-16,2022-08-16,ITDC,B,340.35,343.3,338.2,342.5,340.35,102,340,115554.0
2022-08-16,2022-08-16,J&KBANK,A,30.0,30.05,29.45,29.55,29.6,965,174842,5185583.0
2022-08-16,2022-08-16,CUB,A,178.75,179.85,177.05,178.3,176.9,881,51958,9251146.0
2022-08-16,2022-08-16,ARCHIES,B,17.3,17.5,17.1,17.25,17.25,128,10694,185345.0
2022-08-16,2022-08-16,AXISBANK,A,765.0,772.0,758.7,765.45,760.45,5268,192388,147304788.0
2022-08-16,2022-08-16,HBSL,B,46.55,54.35,46.55,54.35,45.3,378,31639,1690289.0
2022-08-16,2022-08-16,CMXLTD,X,15.79,15.79,14.0,15.24,15.45,9,593,9048.0
2022-08-16,2022-08-16,SOUTHBANK,A,7.88,7.96,7.84,7.88,7.83,26999,613993,4838945.0
2022-08-16,2022-08-16,ENERGYDEV,B,15.15,17.25,15.15,16.8,16.55,37,5428,91260.0
2022-08-16,2022-08-16,SONATSOFTW,A,695.0,697.95,670.2,696.05,689.15,947,15289,10503170.0
2022-08-16,2022-08-16,BENGALT,X,74.05,76.75,73.85,74.25,74.0,32,5863,443010.0
2022-08-16,2022-08-16,NATIONALUM,A,80.25,80.25,77.85,79.2,79.85,6193,928031,73148130.0
2022-08-16,2022-08-16,INDNIPPON,B,400.0,429.4,400.0,425.45,404.0,330,5229,2197227.0
2022-08-16,2022-08-16,NSIL,B,1445.05,1471.0,1423.75,1462.6,1453.0,96,329,476741.0
2022-08-16,2022-08-16,APARINDS,A,1288.4,1288.4,1212.45,1239.5,1203.45,919,7459,9173060.0
2022-08-16,2022-08-16,TCIIND,X,1274.7,1274.7,1274.7,1274.7,1274.7,2,10,12747.0
2022-08-16,2022-08-16,ACCELYA,B,1068.7,1073.0,1064.7,1068.25,1069.4,25,74,79135.0
2022-08-16,2022-08-16,ORCHASP,XT,3.91,4.24,3.91,4.01,4.11,342,324790,1295434.0
2022-08-16,2022-08-16,LANDMARC,XT,1.14,1.14,1.14,1.14,1.2,66,64798,73869.0
2022-08-16,2022-08-16,HCLTECH,A,966.0,968.75,952.95,959.0,956.05,3105,856846,821643321.0
2022-08-16,2022-08-16,TCFCFINQ,X,32.7,33.95,32.0,33.35,34.0,34,2491,83561.0
2022-08-16,2022-08-16,GEOJITFSL,B,47.0,47.1,46.55,46.9,47.05,839,37384,1751810.0
2022-08-16,2022-08-16,JINDALSTEL,A,407.85,412.6,399.1,409.65,404.4,4582,191603,78003476.0
2022-08-16,2022-08-16,BLBLIMITED,B,20.25,20.8,20.2,20.2,21.25,61,27933,564264.0
2022-08-16,2022-08-16,GLENMARK,A,390.0,392.0,384.75,389.35,389.0,2619,74927,29069074.0
2022-08-16,2022-08-16,WOCKPHARMA,A,230.55,234.95,227.2,231.0,236.75,2174,65408,15043007.0
2022-08-16,2022-08-16,TATACOFFEE,A,214.5,216.85,213.85,216.05,213.85,998,26974,5822406.0
2022-08-16,2022-08-16,INDSWFTLAB,B,61.4,61.4,58.55,60.2,59.75,56,1400,84488.0
2022-08-16,2022-08-16,MELSTAR,Z,2.66,2.66,2.54,2.66,2.54,12,3034,7945.0
2022-08-16,2022-08-16,GVPIL,B,137.3,143.85,137.25,141.4,136.05,757,17123,2407826.0
2022-08-16,2022-08-16,SHREERAMA,B,13.6,14.02,13.6,13.85,14.09,19,4596,63650.0
2022-08-16,2022-08-16,MAHLIFE,A,439.1,450.0,439.1,444.25,436.65,985,12869,5724076.0
2022-08-16,2022-08-16,VAARAD,X,16.75,17.5,15.75,16.05,16.75,33,2797,46558.0
2022-08-16,2022-08-16,ZYDUSLIFE,A,392.0,399.5,381.0,398.5,386.9,6479,194767,76828866.0
2022-08-16,2022-08-16,SHIVACEM,X,46.55,46.95,45.8,46.15,46.55,471,114067,5272036.0
2022-08-16,2022-08-16,CINEVISTA,B,13.0,13.55,13.0,13.49,12.98,21,1820,24303.0
2022-08-16,2022-08-16,INTENTECH,B,65.5,67.25,64.4,65.25,67.95,469,17300,1130485.0
2022-08-16,2022-08-16,DANLAW,X,229.0,234.5,210.25,217.0,218.95,231,14430,3225142.0
2022-08-16,2022-08-16,AJANTPHARM,A,1276.35,1282.2,1267.75,1277.45,1276.3,204,1048,1333830.0
2022-08-16,2022-08-16,HBPOR,X,32.0,33.4,31.3,32.7,31.3,87,9371,300303.0
2022-08-16,2022-08-16,HBESD,X,17.25,18.5,17.25,18.35,17.25,29,2367,42997.0
2022-08-16,2022-08-16,AMBICAAGAR,B,24.4,26.0,24.4,24.85,25.4,117,3775,92838.0
2022-08-16,2022-08-16,COMPUSOFT,B,24.4,24.4,22.8,23.05,22.95,300,8975,208137.0
2022-08-16,2022-08-16,OMNIAX,X,2.97,2.97,2.95,2.95,3.07,25,3697,10972.0
2022-08-16,2022-08-16,IZMO,B,69.1,69.1,67.3,67.75,69.05,102,9462,642660.0
2022-08-16,2022-08-16,TVSMOTOR,A,953.05,981.0,949.15,979.3,952.9,2278,38989,37949929.0
2022-08-16,2022-08-16,MADALA,X,127.75,127.8,120.3,124.9,123.8,50,1298,162019.0
2022-08-16,2022-08-16,ACLGATI,A,157.8,169.75,156.2,168.6,157.8,1930,96787,15961576.0
2022-08-16,2022-08-16,SUBEXLTD,A,37.5,38.25,36.0,36.45,38.6,9001,2476915,91323002.0
2022-08-16,2022-08-16,TCI,A,777.0,819.0,777.0,791.3,773.0,1905,21875,17495697.0
2022-08-16,2022-08-16,PADMALAYAT,Z,2.35,2.38,2.2,2.36,2.27,15,12140,28564.0
2022-08-16,2022-08-16,AKSHOPTFBR,B,9.78,9.78,9.21,9.29,9.37,233,95262,887123.0
2022-08-16,2022-08-16,VIRGOGLOB,XT,0.7,0.7,0.7,0.7,0.67,1,1000,700.0
2022-08-16,2022-08-16,TRIVENI,A,224.0,226.45,221.3,224.65,223.75,2077,77431,17331080.0
2022-08-16,2022-08-16,MUKTAARTS,B,50.8,52.0,49.6,51.95,51.95,107,5989,303969.0
2022-08-16,2022-08-16,HITKITGLO,XT,0.58,0.58,0.54,0.54,0.56,27,31359,18133.0
2022-08-16,2022-08-16,NAGPI,X,55.55,60.0,55.1,59.9,57.75,34,3708,216599.0
2022-08-16,2022-08-16,DSSL,T,285.0,285.0,262.15,262.3,275.9,238,7229,1900992.0
2022-08-16,2022-08-16,PNBGILTS,B,71.95,72.5,69.9,71.85,69.95,2472,194357,13931679.0
2022-08-16,2022-08-16,BCG,A,38.65,38.65,35.05,38.55,36.85,23361,11085676,417581964.0
2022-08-16,2022-08-16,RAMCOIND,A,190.1,192.7,187.2,190.7,189.05,83,1952,369829.0
2022-08-16,2022-08-16,RAMCOSYS,B,267.65,270.5,259.45,262.75,268.65,1608,18204,4811452.0
2022-08-16,2022-08-16,TTML,A,106.8,107.25,105.0,105.35,106.0,3824,373401,39541736.0
2022-08-16,2022-08-16,VIRINCHI,X,45.1,45.45,43.1,44.15,44.65,392,91639,4054937.0
2022-08-16,2022-08-16,WEPSOLN,X,22.5,23.1,22.1,22.25,22.45,58,14552,330834.0
2022-08-16,2022-08-16,STLTECH,A,148.4,153.15,148.4,151.75,147.6,1524,105876,16042469.0
2022-08-16,2022-08-16,TIPSMUSIC,B,1655.4,1707.95,1655.4,1683.8,1686.95,242,485,812027.0
2022-08-16,2022-08-16,UMIYA-MRO,B,61.7,67.9,61.7,64.95,61.2,205,3585,235823.0
2022-08-16,2022-08-16,UNIVARTS,XT,1.72,1.72,1.72,1.72,1.72,2,46,79.0
2022-08-16,2022-08-16,FIRSTFIN,X,4.81,4.81,4.79,4.79,4.59,9,5118,24545.0
2022-08-16,2022-08-16,BABA,X,22.4,22.85,21.6,21.95,22.0,165,20856,461087.0
2022-08-16,2022-08-16,BALAJITELE,B,48.05,48.05,47.1,47.55,47.15,363,19469,924808.0
2022-08-16,2022-08-16,TYCHE,X,139.8,139.8,134.05,135.3,132.9,69,4476,605610.0
2022-08-16,2022-08-16,CALSOFT,B,22.65,23.7,22.65,22.9,23.45,276,18153,423780.0
2022-08-16,2022-08-16,PNC,B,44.95,45.1,42.15,42.55,46.65,284,14856,635028.0
2022-08-16,2022-08-16,IOB,A,17.65,17.65,17.4,17.5,17.45,840,294284,5157695.0
2022-08-16,2022-08-16,TAJGVK,B,162.8,166.9,162.65,165.5,163.2,843,25784,4264419.0
2022-08-16,2022-08-16,CREATIVEYE,B,5.75,5.75,5.05,5.21,5.5,33,22347,114953.0
2022-08-16,2022-08-16,AXISCADES,B,139.3,140.75,132.9,133.95,139.9,154,6526,891812.0
2022-08-16,2022-08-16,KONNDOR,X,5.66,5.68,5.66,5.68,5.95,4,839,4750.0
2022-08-16,2022-08-16,UMESLTD,T,5.0,5.0,4.75,4.75,4.85,11,2484,12006.0
2022-08-16,2022-08-16,BSOFT,A,342.0,343.9,334.2,335.65,340.5,1824,56367,18990831.0
2022-08-16,2022-08-16,USGTECH,X,6.85,7.1,6.68,6.88,6.95,51,40452,279533.0
2022-08-16,2022-08-16,4THGEN,X,2.95,2.95,2.95,2.95,2.81,4,1750,5162.0
2022-08-16,2022-08-16,7TEC,X,39.0,40.4,38.5,39.5,39.0,108,7475,293839.0
2022-08-16,2022-08-16,AVANTEL,X,266.0,270.0,245.0,252.45,262.7,934,43424,10985409.0
2022-08-16,2022-08-16,MOSCHIP,B,66.0,73.0,64.4,72.0,66.4,4246,1021088,71879178.0
2022-08-16,2022-08-16,SIGMAADV,T,38.7,40.25,38.7,39.7,39.95,138,7343,289951.0
2022-08-16,2022-08-16,TRANSCOR,X,24.5,24.5,22.55,23.5,24.45,108,12478,292350.0
2022-08-16,2022-08-16,VISESHINFO,B,0.81,0.82,0.75,0.75,0.83,3326,20638478,15858975.0
2022-08-16,2022-08-16,CEREBRAINT,B,49.0,49.1,45.45,48.3,49.95,2269,182650,8531325.0
2022-08-16,2022-08-16,NEXTMEDIA,T,6.0,6.51,5.91,6.49,6.2,8,1211,7192.0
2022-08-16,2022-08-16,SMARTLINK,B,127.15,128.85,125.95,128.05,126.3,61,412,52692.0
2022-08-16,2022-08-16,GODREJCP,A,882.0,937.2,876.0,890.3,864.7,8020,173471,157771969.0
2022-08-16,2022-08-16,GENUSPRIME,X,10.0,10.0,9.16,9.5,10.0,15,2814,27294.0
2022-08-16,2022-08-16,BFUTILITIE,A,376.95,404.55,375.05,393.95,376.95,4312,74665,29237500.0
2022-08-16,2022-08-16,UNITDSPR,A,791.0,814.4,788.0,812.0,788.55,5194,117328,94189490.0
2022-08-16,2022-08-16,SANINFRA,X,469.95,469.95,442.5,453.1,463.05,526,17565,7932512.0
2022-08-16,2022-08-16,OLECTRA,A,625.0,625.0,611.0,612.0,618.8,1586,18476,11413118.0
2022-08-16,2022-08-16,MPSLTD,B,677.65,699.7,670.0,695.65,677.45,105,442,304023.0
2022-08-16,2022-08-16,RNBOWDENIM,XT,4.76,4.76,4.76,4.76,5.01,2,30,142.0
2022-08-16,2022-08-16,CERA,A,4802.95,4928.45,4784.05,4890.25,4803.05,603,1585,7707657.0
2022-08-16,2022-08-16,TSPIRITUAL,XT,1.2,1.2,1.2,1.2,1.22,3,102,122.0
2022-08-16,2022-08-16,BHARTIARTL,A,711.0,715.7,700.7,703.8,709.85,7551,183506,129743225.0
2022-08-16,2022-08-16,SHALIWIR,X,9.6,10.5,9.4,9.62,9.4,51,4155,39881.0
2022-08-16,2022-08-16,COMPINFO,B,23.45,24.95,23.3,24.15,23.45,1047,112455,2735483.0
2022-08-16,2022-08-16,GULPOLY,B,226.1,243.25,226.1,241.4,229.45,987,12934,3041510.0
2022-08-16,2022-08-16,FAZE3AUTO,X,101.6,103.95,98.8,101.85,101.0,67,2551,256267.0
2022-08-16,2022-08-16,PONNIERODE,B,254.15,262.0,248.95,256.7,248.8,97,2184,551936.0
2022-08-16,2022-08-16,PNB,A,33.4,33.6,33.25,33.5,33.3,3636,1566568,52297934.0
2022-08-16,2022-08-16,OFSS,A,3385.0,3399.85,3337.0,3343.95,3379.0,1289,3114,10488291.0
2022-08-16,2022-08-16,HAZOOR,X,56.25,56.25,56.25,56.25,53.6,35,6253,351731.0
2022-08-16,2022-08-16,KAMAHOLD,B,12200.0,12400.0,11999.65,12102.05,12047.5,185,733,8990547.0
2022-08-16,2022-08-16,MPFSL,XT,6.11,6.74,6.11,6.74,6.42,2,15,97.0
2022-08-16,2022-08-16,APTECHT,A,221.0,237.05,218.95,232.65,232.75,2229,45185,10258117.0
2022-08-16,2022-08-16,UNIONBANK,A,39.95,40.45,39.95,40.15,39.95,1554,508128,20431365.0
2022-08-16,2022-08-16,UBL,A,1659.95,1672.0,1644.4,1662.5,1639.6,636,4242,7053097.0
2022-08-16,2022-08-16,ISMTLTD,B,56.5,57.0,54.65,56.25,55.25,265,27175,1519081.0
2022-08-16,2022-08-16,NOIDATOLL,B,7.64,7.68,7.24,7.33,7.66,60,14982,110789.0
2022-08-16,2022-08-16,GRANULES,A,310.45,319.9,310.45,316.15,310.45,1623,68254,21588391.0
2022-08-16,2022-08-16,CANBK,A,231.5,234.1,230.55,232.05,230.95,2161,174701,40526855.0
2022-08-16,2022-08-16,BLIL,B,401.0,403.0,396.0,398.2,400.85,837,37144,14839361.0
2022-08-16,2022-08-16,POKARNA,A,587.2,587.2,573.15,580.45,582.05,295,3623,2099886.0
2022-08-16,2022-08-16,DIVISLAB,A,3767.45,3782.15,3707.0,3734.2,3728.2,9886,52437,195782982.0
2022-08-16,2022-08-16,ASTRAMICRO,A,286.8,286.8,273.9,276.2,276.15,940,25159,6958593.0
2022-08-16,2022-08-16,RADICO,A,931.8,958.3,928.05,952.8,937.9,2181,19439,18381945.0
2022-08-16,2022-08-16,SHRMCITYUN,A,1874.0,1934.0,1874.0,1930.1,1887.6,318,1423,2730380.0
2022-08-16,2022-08-16,MARUTI,A,8711.0,9035.85,8711.0,8999.45,8699.15,4314,19579,174674461.0
2022-08-16,2022-08-16,RAJPALAYAM,X,870.0,878.8,846.5,850.75,875.05,82,3668,3154230.0
2022-08-16,2022-08-16,NAVINFLUOR,A,4396.0,4446.3,4377.5,4401.25,4396.65,869,3906,17255894.0
2022-08-16,2022-08-16,UCOBANK,A,11.7,11.7,11.52,11.63,11.5,500,177003,2053387.0
2022-08-16,2022-08-16,BAGFILMS,B,5.4,5.6,5.36,5.47,5.51,95,74236,404824.0
2022-08-16,2022-08-16,JSL,A,118.05,120.25,117.55,119.95,118.15,1819,131500,15671922.0
2022-08-16,2022-08-16,SUPRAJIT,A,339.0,339.0,327.1,328.95,328.05,1323,19327,6362703.0
2022-08-16,2022-08-16,TVSELECT,B,222.4,222.4,212.0,214.2,219.3,400,11658,2506849.0
2022-08-16,2022-08-16,IGL,B,430.0,440.0,422.8,438.05,430.55,11066,377743,163484027.0
2022-08-16,2022-08-16,TVTODAY,A,285.25,285.25,276.5,277.65,278.45,225,2164,602216.0
2022-08-16,2022-08-16,PALREDTEC,B,135.1,139.2,135.1,138.8,140.0,44,2024,278941.0
2022-08-16,2022-08-16,PETRONET,A,215.05,218.4,214.75,217.65,214.0,1834,80743,17519499.0
2022-08-16,2022-08-16,BIOCON,A,311.3,318.2,311.15,317.2,311.3,2794,125698,39573826.0
2022-08-16,2022-08-16,PTC,A,83.0,84.95,82.45,84.1,82.25,1193,66167,5532509.0
2022-08-16,2022-08-16,MAHABANK,A,17.25,17.5,17.25,17.4,17.25,720,300457,5227822.0
2022-08-16,2022-08-16,RKFORGE,A,187.15,188.6,185.0,186.2,185.95,327,10539,1970368.0
2022-08-16,2022-08-16,DATAMATICS,B,295.3,302.8,295.3,300.4,298.45,471,7171,2141211.0
2022-08-16,2022-08-16,NDTV,B,315.0,315.0,295.5,300.05,313.95,1803,40086,12223616.0
2022-08-16,2022-08-16,STAR,A,352.15,353.9,346.35,347.7,349.2,1206,13857,4837241.0
2022-08-16,2022-08-16,JPASSOCIAT,A,7.82,8.0,7.8,7.85,7.83,4043,688998,5429456.0
2022-08-16,2022-08-16,ULTRACEMCO,A,6600.0,6679.0,6561.95,6653.95,6569.0,2225,8856,58846068.0
2022-08-16,2022-08-16,UNOMINDA,A,563.1,579.25,556.4,573.4,562.35,1183,11339,6471138.0
2022-08-16,2022-08-16,TCS,A,3403.05,3413.5,3387.8,3392.95,3399.8,3291,22937,77958006.0
2022-08-16,2022-08-16,COFORGE,A,3801.0,3860.0,3797.7,3826.7,3792.75,1467,6800,25995969.0
2022-08-16,2022-08-16,GULFPETRO,B,53.2,54.0,52.5,53.9,53.15,324,6760,359942.0
2022-08-16,2022-08-16,CENTURYPLY,A,615.8,666.85,604.9,659.85,616.9,2793,38936,25379618.0
2022-08-16,2022-08-16,WELENT,B,106.25,112.85,106.25,112.2,108.15,1337,55597,6191144.0
2022-08-16,2022-08-16,NTPC,A,158.7,159.8,156.95,158.5,158.55,4571,671432,106292603.0
2022-08-16,2022-08-16,SALSTEEL,B,8.5,8.5,8.01,8.19,8.33,139,41815,344006.0
2022-08-16,2022-08-16,JBMA,B,419.9,419.9,404.4,406.2,410.25,1388,15031,6144862.0
2022-08-16,2022-08-16,DWARKESH,A,107.0,107.0,104.0,105.15,105.7,2291,161491,16983193.0
2022-08-16,2022-08-16,INDOCO,A,377.35,379.75,358.75,361.05,376.85,742,5901,2164533.0
2022-08-16,2022-08-16,VIPCLOTHNG,B,23.15,23.7,22.35,23.35,23.1,349,45713,1054308.0
2022-08-16,2022-08-16,IMPEXFERRO,T,5.74,5.93,5.47,5.48,5.75,202,43147,245982.0
2022-08-16,2022-08-16,XCHANGING,B,72.0,72.85,71.5,72.35,71.45,840,19149,1381325.0
2022-08-16,2022-08-16,JETAIRWAYS,Z,101.1,103.9,101.1,103.05,102.6,204,9734,996113.0
2022-08-16,2022-08-16,MORARJEE,B,19.15,19.15,18.05,18.15,17.9,21,1721,32550.0
2022-08-16,2022-08-16,JINDALPHOT,B,217.65,223.0,217.5,220.7,217.5,111,3782,834801.0
2022-08-16,2022-08-16,POCL,X,695.0,731.0,691.0,721.65,686.15,1386,35340,25271953.0
2022-08-16,2022-08-16,JPPOWER,A,7.46,7.88,7.4,7.77,7.51,10767,19194543,148768653.0
2022-08-16,2022-08-16,3IINFOLTD,B,40.7,46.95,40.6,45.65,40.7,5924,492561,21573025.0
2022-08-16,2022-08-16,MBECL,T,3.91,3.91,3.91,3.91,4.11,19,4696,18361.0
2022-08-16,2022-08-16,GOKEX,A,332.4,341.2,331.0,333.45,335.75,2020,34474,11540111.0
2022-08-16,2022-08-16,ALLDIGI,B,499.95,499.95,477.4,479.35,497.5,82,450,219562.0
2022-08-16,2022-08-16,IIFL,A,339.05,353.7,339.05,351.6,344.1,2988,123117,43133448.0
2022-08-16,2022-08-16,MANGALAM,B,143.8,146.75,143.45,143.45,144.0,49,1953,282104.0
2022-08-16,2022-08-16,SHOPERSTOP,A,638.65,646.15,612.25,618.3,640.6,1477,22146,13961833.0
2022-08-16,2022-08-16,CYBERMEDIA,B,19.59,19.67,18.7,18.81,19.67,73,2604,49715.0
2022-08-16,2022-08-16,NDL,B,26.15,27.35,25.25,26.1,26.65,459,20310,538690.0
2022-08-16,2022-08-16,JSWHL,A,3355.0,3599.9,3355.0,3530.5,3540.3,59,149,526144.0
2022-08-16,2022-08-16,JKCEMENT,A,2679.0,2701.75,2614.0,2655.3,2644.6,1171,3956,10499697.0
2022-08-16,2022-08-16,BEEYU,X,3.79,3.79,3.61,3.61,3.79,25,5063,18372.0
2022-08-16,2022-08-16,YESBANK,A,15.33,15.99,15.3,15.88,15.32,23475,32092093,505730899.0
2022-08-16,2022-08-16,NECLIFE,B,24.6,24.95,23.55,24.0,24.5,363,49516,1187093.0
2022-08-16,2022-08-16,MSPL,B,9.9,9.9,9.26,9.48,9.5,247,83767,791496.0
2022-08-16,2022-08-16,SPLIL,B,56.05,57.35,56.05,57.15,57.7,111,4373,248255.0
2022-08-16,2022-08-16,KTKBANK,A,79.8,81.5,79.2,80.5,78.55,3477,449937,36214783.0
2022-08-16,2022-08-16,MCLEODRUSS,B,22.0,23.45,22.0,22.5,23.4,685,104195,2327725.0
2022-08-16,2022-08-16,FACORALL,X,7.78,7.78,6.84,7.29,7.6,2318,932490,6650472.0
2022-08-16,2022-08-16,IDFC,A,62.65,64.15,62.65,63.35,63.65,1153,267744,17001688.0
2022-08-16,2022-08-16,VIVIMEDLAB,B,10.51,10.51,10.0,10.08,10.16,124,27156,275508.0
2022-08-16,2022-08-16,RML,B,382.65,388.25,380.3,387.25,379.05,36,434,167069.0
2022-08-16,2022-08-16,HTMEDIA,B,19.85,20.25,19.8,20.0,20.05,253,31875,637180.0
2022-08-16,2022-08-16,SASKEN,A,859.0,863.0,833.45,845.4,842.15,513,1568,1325477.0
2022-08-16,2022-08-16,FCSSOFT,B,3.15,3.23,3.04,3.23,2.94,3115,7461925,23706864.0
2022-08-16,2022-08-16,SUZLON,A,7.65,7.7,7.58,7.68,7.53,4472,14461850,110597482.0
2022-08-16,2022-08-16,AURIONPRO,B,347.2,348.05,328.85,330.6,337.8,354,2448,822631.0
2022-08-16,2022-08-16,RENUKA,A,45.0,46.15,45.0,45.75,44.9,3904,1285230,58444939.0
2022-08-16,2022-08-16,KMSUGAR,B,26.3,28.35,26.3,27.85,27.75,507,36501,1012579.0
2022-08-16,2022-08-16,BASML,B,56.0,56.0,51.55,52.95,52.9,168,20311,1067867.0
2022-08-16,2022-08-16,PBAINFRA,B,13.56,15.4,13.3,15.25,14.0,173,19464,285987.0
2022-08-16,2022-08-16,BOMBAYRAYON,Z,3.47,3.47,3.47,3.47,3.65,119,91302,316817.0
2022-08-16,2022-08-16,SORILINFRA,B,62.15,64.7,61.55,63.95,61.9,231,7154,453528.0
2022-08-16,2022-08-16,AIAENG,A,2564.1,2564.1,2505.0,2553.5,2556.75,733,1869,4740107.0
2022-08-16,2022-08-16,EKC,A,119.05,127.0,119.05,122.2,118.8,4453,195566,24122482.0
2022-08-16,2022-08-16,KERNEX,T,239.9,242.0,230.1,235.45,233.6,14,524,124047.0
2022-08-16,2022-08-16,REPRO,B,462.7,495.4,454.25,486.35,453.6,1058,14516,6921167.0
2022-08-16,2022-08-16,PVRINOX,A,1996.0,2011.7,1969.8,1981.6,2015.35,3979,29371,58397458.0
2022-08-16,2022-08-16,RMCL,Z,1.78,1.92,1.74,1.76,1.83,19,4982,9121.0
2022-08-16,2022-08-16,PUNJLLOYD,Z,1.75,1.79,1.66,1.68,1.74,102,229488,387746.0
2022-08-16,2022-08-16,ASMS,Z,4.55,4.8,4.5,4.65,4.58,31,12890,59149.0
2022-08-16,2022-08-16,CELEBRITY,B,15.65,15.93,15.4,15.4,15.65,153,10448,162881.0
2022-08-16,2022-08-16,EDUCOMP,Z,3.15,3.25,3.15,3.17,3.22,52,20293,64772.0
2022-08-16,2022-08-16,NITINSPIN,B,202.05,202.45,198.2,199.3,200.5,395,8941,1785361.0
2022-08-16,2022-08-16,ROHLTD,B,194.95,202.0,187.05,191.65,185.0,1620,39009,7731838.0
2022-08-16,2022-08-16,ENIL,B,171.2,176.5,171.1,173.95,171.5,37,961,165459.0
2022-08-16,2022-08-16,CELLA,Z,6.7,7.0,6.5,6.51,6.8,29,24673,166016.0
2022-08-16,2022-08-16,GSPL,A,252.65,252.65,243.25,246.7,247.05,2220,75278,18590010.0
2022-08-16,2022-08-16,JAGRAN,B,70.0,73.45,68.55,69.45,69.15,807,47110,3326141.0
2022-08-16,2022-08-16,INOXLEISURE,A,545.6,552.25,533.85,540.6,549.65,3168,48420,26145595.0
2022-08-16,2022-08-16,DYNPRO,B,375.0,375.0,351.85,361.45,366.9,278,3022,1089040.0
2022-08-16,2022-08-16,GVKPIL,T,5.33,5.33,5.33,5.33,5.61,797,315244,1680250.0
2022-08-16,2022-08-16,SADBHAV,B,15.35,15.35,14.85,15.0,15.05,444,73040,1098082.0
2022-08-16,2022-08-16,RCOM,T,2.22,2.22,2.19,2.2,2.18,795,592353,1306779.0
2022-08-16,2022-08-16,SAKUMA,B,14.0,14.1,13.67,13.74,14.0,215,62008,854795.0
2022-08-16,2022-08-16,KEC,A,395.75,400.95,391.3,392.8,395.75,2443,57234,22549956.0
2022-08-16,2022-08-16,GILLANDERS,B,70.0,74.0,68.05,71.6,67.4,115,4348,308716.0
2022-08-16,2022-08-16,INDOTECH,B,188.7,191.95,183.0,189.15,206.05,195,4938,923377.0
2022-08-16,2022-08-16,BLKASHYAP,B,26.7,26.7,25.3,25.35,25.9,226,18134,465730.0
2022-08-16,2022-08-16,M&MFIN,A,198.0,198.1,195.7,197.8,196.9,1221,127954,25218170.0
2022-08-16,2022-08-16,VISACHROME,B,14.13,14.21,13.76,13.89,14.19,78,18828,265317.0
2022-08-16,2022-08-16,NITCO,B,24.65,24.65,23.2,23.3,23.5,124,3486,81680.0
2022-08-16,2022-08-16,MPDL,XT,19.2,21.0,19.05,19.05,20.05,17,1265,24675.0
2022-08-16,2022-08-16,SOLARINDS,A,3178.0,3349.0,3172.6,3303.85,3165.75,3163,16301,53917979.0
2022-08-16,2022-08-16,GALLANTT,B,68.25,69.9,67.25,68.45,68.8,337,6911,474229.0
2022-08-16,2022-08-16,MALUPAPER,B,35.1,36.85,34.75,35.95,35.95,188,10890,389275.0
2022-08-16,2022-08-16,UTTAMSUGAR,B,272.5,277.5,270.6,273.05,271.7,1176,18903,5175794.0
2022-08-16,2022-08-16,SGL,B,29.05,29.05,27.75,28.1,29.15,43,1970,55616.0
2022-08-16,2022-08-16,KKCL,B,388.35,395.2,382.75,386.2,394.25,1639,48461,18793118.0
2022-08-16,2022-08-16,SUNTV,A,484.0,500.85,481.85,486.05,477.35,5184,139547,68566508.0
2022-08-16,2022-08-16,GPIL,A,293.0,301.0,292.3,297.8,291.0,1408,27194,8056184.0
2022-08-16,2022-08-16,RSYSTEMS,B,243.15,244.5,237.95,243.3,241.0,234,3076,743112.0
2022-08-16,2022-08-16,EMKAY,B,82.45,82.45,78.2,78.4,80.7,36,1171,93951.0
2022-08-16,2022-08-16,TICL,Z,11.6,12.01,11.1,12.0,11.44,69,8167,97040.0
2022-08-16,2022-08-16,LOKESHMACH,B,88.0,88.0,82.25,83.05,86.05,1271,43984,3692821.0
2022-08-16,2022-08-16,KAMDHENU,B,206.55,206.55,202.55,202.6,204.2,134,2572,526789.0
2022-08-16,2022-08-16,PAUSHAKLTD,B,9977.0,9980.0,9745.0,9799.2,9983.6,543,1911,18806187.0
2022-08-16,2022-08-16,GTNTEX,X,12.35,12.99,12.0,12.02,12.56,32,4551,55652.0
2022-08-16,2022-08-16,INDICAP,X,29.0,29.0,27.85,28.35,28.5,67,8488,242253.0
2022-08-16,2022-08-16,PFOCUS,B,71.15,71.15,70.0,70.55,72.3,77,1866,130854.0
2022-08-16,2022-08-16,ALLCARGO,A,308.6,313.75,302.1,305.2,299.3,1292,33824,10399712.0
2022-08-16,2022-08-16,EASUNREYRL,Z,2.6,2.65,2.5,2.6,2.6,9,18143,47001.0
2022-08-16,2022-08-16,GMRAIRPORT,A,34.8,35.15,34.4,35.0,34.5,1432,404011,14062086.0
2022-08-16,2022-08-16,TECHM,A,1076.0,1079.45,1056.45,1077.85,1066.2,7558,125205,134204691.0
2022-08-16,2022-08-16,CIEINDIA,A,295.0,307.5,287.7,289.1,292.05,3481,118192,35037715.0
2022-08-16,2022-08-16,VOLTAMP,B,3225.0,3304.45,2756.0,2828.95,3402.6,4973,15597,45345112.0
2022-08-16,2022-08-16,ATLANTAA,B,17.45,17.45,16.9,17.12,17.29,26,8616,147126.0
2022-08-16,2022-08-16,DEEPENR,B,87.35,88.0,84.9,86.65,88.85,235,9113,790794.0
2022-08-16,2022-08-16,HGM,B,52.15,56.6,52.05,54.9,53.6,65,2641,144190.0
2022-08-16,2022-08-16,ACE,A,228.55,242.55,225.95,241.9,229.2,3242,122278,28920191.0
2022-08-16,2022-08-16,GEECEE,B,137.95,139.8,135.35,135.8,139.15,63,1292,177402.0
2022-08-16,2022-08-16,RICHAIND,Z,2.15,2.19,1.99,1.99,2.09,47,8303,16933.0
2022-08-16,2022-08-16,GAYAPROJ,B,15.8,16.0,14.6,14.99,15.8,1035,326546,4902130.0
2022-08-16,2022-08-16,FIEMIND,B,1467.2,1547.3,1467.2,1532.45,1488.55,723,4530,6899081.0
2022-08-16,2022-08-16,JHS,B,22.15,22.15,21.5,21.85,22.15,261,7034,153318.0
2022-08-16,2022-08-16,DCBBANK,A,85.0,85.85,84.6,84.8,84.65,529,24765,2104788.0
2022-08-16,2022-08-16,GLOBALVECT,B,51.0,51.0,47.8,48.3,51.0,106,2612,127598.0
2022-08-16,2022-08-16,INSPIRISYS,T,55.5,57.9,53.9,53.9,55.5,14,5203,282453.0
2022-08-16,2022-08-16,GTLINFRA,A,1.41,1.44,1.36,1.38,1.39,2708,23572612,32639610.0
2022-08-16,2022-08-16,SHIVAMAUTO,B,42.55,43.5,42.45,42.45,44.65,300,121698,5177426.0
2022-08-16,2022-08-16,NAUKRI,A,4440.0,4494.1,4384.8,4428.75,4431.35,2220,9267,41072019.0
2022-08-16,2022-08-16,TORNTPOWER,A,579.0,584.05,573.85,580.75,579.15,1009,14713,8526252.0
2022-08-16,2022-08-16,PARSVNATH,B,8.38,8.47,8.05,8.05,8.31,91,42144,344318.0
2022-08-16,2022-08-16,SUTLEJTEX,B,67.75,69.15,67.65,68.55,66.4,231,9598,656857.0
2022-08-16,2022-08-16,LTFOODS,A,92.5,94.1,90.6,91.45,92.45,3766,366724,33797013.0
2022-08-16,2022-08-16,SOBHA,A,703.5,718.65,691.85,709.9,688.6,3267,55841,39634177.0
2022-08-16,2022-08-16,RUCHIRA,B,128.2,128.2,113.6,115.95,136.05,2168,62093,7277055.0
2022-08-16,2022-08-16,TANLA,A,760.0,760.0,741.15,749.1,750.55,2107,26524,19852949.0
2022-08-16,2022-08-16,ZEEMEDIA,B,15.15,15.6,15.15,15.2,15.3,474,89920,1376927.0
2022-08-16,2022-08-16,SITINET,B,1.8,1.8,1.7,1.7,1.78,327,1521241,2598420.0
2022-08-16,2022-08-16,LUMAXTECH,B,231.55,243.85,231.25,241.85,231.55,1809,50060,11885042.0
2022-08-16,2022-08-16,AUTOIND,B,77.0,77.5,72.0,73.35,74.15,426,16923,1246444.0
2022-08-16,2022-08-16,NETWORK18,A,69.0,73.5,68.15,71.9,68.4,3705,426429,30327413.0
2022-08-16,2022-08-16,HUBTOWN,B,94.0,94.0,89.0,89.0,93.65,251,65109,5809653.0
2022-08-16,2022-08-16,TV18BRDCST,A,37.15,39.3,37.15,39.0,37.3,5129,1462625,56377589.0
2022-08-16,2022-08-16,CTE,B,68.0,73.4,66.65,72.5,61.2,3181,176537,12807340.0
2022-08-16,2022-08-16,TIIL,B,926.95,930.0,902.0,911.45,929.4,152,733,671095.0
2022-08-16,2022-08-16,REDINGTON,A,147.5,149.2,144.1,144.65,147.4,3325,233812,34088285.0
2022-08-16,2022-08-16,AICHAMP,XT,19.0,19.0,18.2,18.4,19.0,6,205,3773.0
2022-08-16,2022-08-16,CINELINE,B,160.45,160.45,147.55,153.6,153.9,394,16092,2429982.0
2022-08-16,2022-08-16,PGIL,B,442.05,491.45,442.05,480.7,423.65,753,7425,3533574.0
2022-08-16,2022-08-16,FSL,A,105.2,107.6,105.15,106.3,105.2,950,78342,8321742.0
2022-08-16,2022-08-16,PFC,A,121.2,121.8,119.85,120.15,120.65,1423,119777,14429203.0
2022-08-16,2022-08-16,AHLUCONT,A,453.35,460.75,450.1,451.45,463.4,195,2128,966827.0
2022-08-16,2022-08-16,TFL,B,8.0,9.3,8.0,8.81,8.49,80,3546,30929.0
2022-08-16,2022-08-16,CCCONSTR,Z,2.98,2.99,2.86,2.86,3.01,6,2523,7394.0
2022-08-16,2022-08-16,INDIANB,A,180.65,183.8,179.0,180.65,182.45,1753,80673,14590823.0
2022-08-16,2022-08-16,SMSPHARMA,B,82.1,83.8,76.9,81.4,86.5,1090,36736,2930153.0
2022-08-16,2022-08-16,ORIENTALTL,B,15.05,15.5,14.45,14.96,15.28,127,32293,495816.0
2022-08-16,2022-08-16,MINDTREELTD,A,3575.0,3580.85,3518.0,3530.75,3535.0,3750,27393,96875867.0
2022-08-16,2022-08-16,ELAND,X,6.99,7.05,6.72,6.81,6.72,83,29595,207418.0
2022-08-16,2022-08-16,IDEA,A,8.73,8.97,8.7,8.84,8.71,84546,29848468,262979768.0
2022-08-16,2022-08-16,RAJTV,T,45.4,48.9,45.2,46.0,47.55,26,1708,78572.0
2022-08-16,2022-08-16,PAGEIND,A,49599.95,49900.0,49110.85,49705.35,49192.6,331,601,29754659.0
2022-08-16,2022-08-16,AMDIND,B,73.2,84.95,72.9,81.1,71.55,4177,241024,18653486.0
2022-08-16,2022-08-16,LEHAR,X,53.95,55.0,50.25,54.2,51.85,196,29019,1552581.0
2022-08-16,2022-08-16,ASTRAL,A,1990.0,2010.6,1867.4,2000.25,1985.7,8300,54248,104984736.0
2022-08-16,2022-08-16,EMBDL,A,67.65,79.9,67.35,78.55,67.65,19041,4252105,319394967.0
2022-08-16,2022-08-16,CAMLINFINE,A,115.0,118.0,114.9,116.7,117.2,778,24485,2852012.0
2022-08-16,2022-08-16,ICRA,A,3750.0,3947.1,3750.0,3912.75,3837.85,129,495,1938296.0
2022-08-16,2022-08-16,DISHTV,A,11.3,11.6,11.26,11.26,11.33,366,395359,4481665.0
2022-08-16,2022-08-16,SAHYADRI,X,425.0,425.0,412.2,416.95,425.15,214,6320,2638991.0
2022-08-16,2022-08-16,SRHHYPOLTD,B,750.0,779.0,703.7,703.7,781.85,2561,30683,22134479.0
2022-08-16,2022-08-16,FORTIS,A,283.8,293.65,277.45,292.0,281.85,4793,161409,46325642.0
2022-08-16,2022-08-16,TGBHOTELS,B,11.55,11.86,10.38,10.89,10.79,354,130998,1522127.0
2022-08-16,2022-08-16,HILTON,B,64.95,66.75,62.05,65.85,65.3,1140,84321,5421268.0
2022-08-16,2022-08-16,DELTACORP,A,195.0,199.1,195.0,196.5,195.5,3382,215026,42425263.0
2022-08-16,2022-08-16,MICEL,T,16.98,16.98,16.18,16.98,16.18,293,93638,1587599.0
2022-08-16,2022-08-16,INSECTICID,B,1094.95,1094.95,1001.05,1032.85,1016.75,1594,11387,11586239.0
2022-08-16,2022-08-16,MCDHOLDING,Z,77.0,77.05,77.0,77.05,73.4,20,7374,568161.0
2022-08-16,2022-08-16,ASAHISONG,B,304.4,304.65,300.65,301.8,299.3,30,304,92391.0
2022-08-16,2022-08-16,HARYNACAP,X,64.0,64.0,60.2,63.8,63.75,8,71,4407.0
2022-08-16,2022-08-16,TIMETECHNO,A,104.0,104.0,100.1,101.05,105.1,3641,369310,37398855.0
2022-08-16,2022-08-16,HGS,A,1351.5,1354.5,1301.0,1328.65,1357.7,2579,22329,29433271.0
2022-08-16,2022-08-16,NELCAST,B,74.8,75.85,72.55,73.5,73.0,744,21142,1566384.0
2022-08-16,2022-08-16,QUINTEGRA,T,1.35,1.35,1.35,1.35,1.36,5,405,546.0
2022-08-16,2022-08-16,V2RETAIL,B,114.95,114.95,110.3,113.3,110.85,49,1837,207178.0
2022-08-16,2022-08-16,DLF,A,374.0,382.35,374.0,379.15,372.95,4094,236744,89730296.0
2022-08-16,2022-08-16,TARMAT,B,50.5,50.85,49.55,49.8,50.45,18,305,15225.0
2022-08-16,2022-08-16,ANKITMETAL,T,6.26,6.58,6.25,6.29,6.34,146,32512,208038.0
2022-08-16,2022-08-16,SPARC,A,219.0,220.7,216.35,217.65,218.0,719,19613,4294197.0
2022-08-16,2022-08-16,HDIL,Z,5.59,5.8,5.51,5.51,5.79,598,302317,1682712.0
2022-08-16,2022-08-16,ADSL,B,118.1,122.7,118.1,120.9,121.85,829,20693,2506384.0
2022-08-16,2022-08-16,ALPA,B,63.1,63.75,62.5,62.75,63.5,194,6499,409973.0
2022-08-16,2022-08-16,SSLEL,X,155.3,173.95,155.3,171.75,169.0,15,106,17692.0
2022-08-16,2022-08-16,OMAXE,B,102.4,104.7,100.8,101.1,101.4,495,11622,1197314.0
2022-08-16,2022-08-16,REFEX,B,133.3,133.3,124.35,126.25,122.6,333,5766,725982.0
2022-08-16,2022-08-16,CENTRALBK,A,17.95,18.0,17.8,17.9,17.75,243,125640,2244448.0
2022-08-16,2022-08-16,SELMC,T,588.3,650.2,588.3,650.2,619.25,71,467,292238.0
2022-08-16,2022-08-16,ASIANTILES,B,51.85,51.85,47.9,51.3,52.5,2071,161716,8081090.0
2022-08-16,2022-08-16,KPRMILL,A,576.0,598.7,576.0,586.05,575.5,1180,18363,10832712.0
2022-08-16,2022-08-16,TAKE,B,26.7,27.5,26.55,26.75,26.85,544,42077,1131857.0
2022-08-16,2022-08-16,PURVA,A,99.7,101.95,99.7,101.0,101.65,482,10358,1044506.0
2022-08-16,2022-08-16,MOTILALOFS,A,771.85,771.85,760.9,766.1,769.2,343,1835,1409624.0
2022-08-16,2022-08-16,VTMLTD,X,53.0,54.45,50.05,51.55,52.95,174,8371,434511.0
2022-08-16,2022-08-16,INDOWIND,T,14.5,15.3,14.5,14.92,14.58,115,24067,360570.0
2022-08-16,2022-08-16,NAGREEKCAP,B,14.97,15.25,14.32,14.34,14.57,95,2232,33680.0
2022-08-16,2022-08-16,MAGNUM,B,12.8,13.6,12.26,13.4,13.21,230,42627,544293.0
2022-08-16,2022-08-16,POWERGRID,A,230.0,230.0,227.1,228.75,227.8,1410,68880,15737369.0
2022-08-16,2022-08-16,KSCL,A,478.0,479.45,469.0,471.0,474.8,1202,13008,6174345.0
2022-08-16,2022-08-16,PAISALO,A,82.9,82.9,80.0,80.85,80.4,572,24781,1996651.0
2022-08-16,2022-08-16,CCCL,T,1.69,1.69,1.58,1.62,1.64,147,142552,229962.0
2022-08-16,2022-08-16,SUPREMEINF,T,22.35,22.85,21.3,22.65,21.8,52,11458,257168.0
2022-08-16,2022-08-16,MAANALU,B,134.0,144.1,134.0,140.15,137.15,201,9348,1311353.0
2022-08-16,2022-08-16,IL&FSENGG,Z,10.48,11.46,10.48,10.86,11.02,43,8318,89562.0
2022-08-16,2022-08-16,PARLEIND,X,8.01,8.01,7.76,7.92,7.88,569,47031,370538.0
2022-08-16,2022-08-16,RELIGARE,A,125.0,130.5,125.0,129.3,127.05,889,38147,4908690.0
2022-08-16,2022-08-16,BVCL,T,25.7,27.2,25.7,27.2,26.9,11,1874,48764.0
2022-08-16,2022-08-16,RATHIBAR,X,28.0,28.0,26.4,27.3,27.0,45,2840,76200.0
2022-08-16,2022-08-16,ADANIPORTS,A,795.0,826.1,790.85,824.5,788.2,6708,234822,191840141.0
2022-08-16,2022-08-16,EDELWEISS,A,57.35,57.8,56.6,57.4,57.15,1305,128666,7337922.0
2022-08-16,2022-08-16,RGL,B,124.7,124.7,119.65,122.05,123.0,239,12319,1492334.0
2022-08-16,2022-08-16,KOLTEPATIL,A,274.9,283.95,260.45,280.15,265.15,1357,27131,7474877.0
2022-08-16,2022-08-16,KAUSHALYA,B,4.0,4.0,3.61,3.75,3.65,16,2978,11422.0
2022-08-16,2022-08-16,JYOTHYLAB,A,180.0,183.95,178.15,179.2,180.05,1059,25176,4579347.0
2022-08-16,2022-08-16,ECLERX,A,2249.75,2249.75,2207.0,2219.1,2219.45,545,2620,5815231.0
2022-08-16,2022-08-16,TARIL,B,34.25,35.75,34.25,34.7,35.05,463,24310,851635.0
2022-08-16,2022-08-16,BRIGADE,A,513.95,521.5,502.55,507.5,512.3,553,5282,2699338.0
2022-08-16,2022-08-16,BGRENERGY,B,76.5,77.15,73.15,75.0,76.45,805,20482,1530977.0
2022-08-16,2022-08-16,BURNPUR,T,5.68,5.96,5.4,5.72,5.68,130,90950,502753.0
2022-08-16,2022-08-16,MANAKSIA,B,78.0,79.1,75.95,77.15,78.35,292,21162,1636467.0
2022-08-16,2022-08-16,PORWAL,X,22.4,24.85,22.4,23.6,23.25,149,6729,159053.0
2022-08-16,2022-08-16,PPAP,B,215.0,219.5,212.35,216.3,215.0,152,3584,774119.0
2022-08-16,2022-08-16,ARIES,B,136.15,139.75,135.1,138.2,135.15,151,4658,643511.0
2022-08-16,2022-08-16,KUANTUM,B,83.25,87.5,82.0,83.0,82.1,124,2650,221687.0
2022-08-16,2022-08-16,RPOWER,A,13.42,13.75,13.2,13.44,13.42,4460,4084323,55357525.0
2022-08-16,2022-08-16,JKIL,B,312.25,318.15,312.25,317.25,309.85,818,16388,5184940.0
2022-08-16,2022-08-16,CORDSCABLE,B,59.7,59.7,56.15,56.15,58.5,252,4712,268384.0
2022-08-16,2022-08-16,KNRCON,A,258.25,265.85,257.0,260.4,259.95,709,5541,1448272.0
2022-08-16,2022-08-16,ONMOBILE,A,123.0,123.95,122.05,123.25,122.8,1291,54301,6681843.0
2022-08-16,2022-08-16,SEPC,B,7.71,7.9,7.5,7.7,7.85,167,90955,697540.0
2022-08-16,2022-08-16,BANG,B,45.7,47.9,44.05,45.5,43.55,417,16232,745251.0
2022-08-16,2022-08-16,IRB,A,261.5,262.95,257.65,258.75,261.15,879,28013,7286401.0
2022-08-16,2022-08-16,GSS,B,238.0,238.0,220.1,223.1,225.6,237,59792,13385068.0
2022-08-16,2022-08-16,NAHARCAP,B,364.0,369.75,360.0,362.45,361.85,38,795,289098.0
2022-08-16,2022-08-16,VGUARD,A,247.3,250.0,245.25,246.35,248.55,751,12348,3057031.0
2022-08-16,2022-08-16,RECLTD,A,139.0,139.0,136.15,137.35,137.1,6746,537224,73677233.0
2022-08-16,2022-08-16,GOKAKTEX,X,32.4,33.3,31.0,33.3,31.75,13,2160,71772.0
2022-08-16,2022-08-16,AJRINFRA,B,1.55,1.62,1.54,1.55,1.57,303,484873,758602.0
2022-08-16,2022-08-16,DHANI,A,46.9,48.7,45.65,46.85,46.8,2393,223829,10488368.0
2022-08-16,2022-08-16,TITAGARH,A,130.05,141.4,129.4,136.55,133.75,2653,133125,18180077.0
2022-08-16,2022-08-16,KIRIINDUS,A,464.8,477.65,464.8,475.1,480.7,610,12176,5741906.0
2022-08-16,2022-08-16,SANKHYAINFO,X,7.15,7.15,6.33,6.52,6.83,207,57968,385722.0
2022-08-16,2022-08-16,BIRLAMONEY,B,58.45,59.05,58.1,58.5,58.05,213,9478,555571.0
2022-08-16,2022-08-16,TELOGICA,Z,2.1,2.1,2.1,2.1,2.0,1,8,16.0
2022-08-16,2022-08-16,JAIBALAJI,B,45.8,48.25,45.8,47.2,45.55,159,11891,560622.0
2022-08-16,2022-08-16,BAJAJ-AUTO,A,4038.0,4099.7,4036.3,4092.15,4036.3,1180,5557,22668389.0
2022-08-16,2022-08-16,BAJAJFINSV,A,15800.0,15970.0,15800.0,15914.3,15770.35,3176,11952,190232932.0
2022-08-16,2022-08-16,GOKUL,B,34.95,34.95,33.2,33.75,33.25,374,21816,735274.0
2022-08-16,2022-08-16,RPGLIFE,B,680.0,745.0,680.0,729.5,673.7,967,13839,10056712.0
2022-08-16,2022-08-16,SENSEX1,A,60.8,63.98,60.8,62.61,62.42,138,1945,122462.0
2022-08-16,2022-08-16,NIRAJ,B,28.3,29.55,28.3,28.6,29.05,11,103,3010.0
2022-08-16,2022-08-16,RBL,B,709.7,709.7,694.4,697.8,700.1,50,549,383448.0
2022-08-16,2022-08-16,RANEENGINE,B,232.7,235.15,232.25,235.15,232.7,4,31,7260.0
2022-08-16,2022-08-16,BAFNAPH,T,113.0,119.0,113.0,118.0,113.45,21,1080,124331.0
2022-08-16,2022-08-16,CHLLTD,X,15.8,15.8,14.75,14.8,15.5,9,1793,26533.0
2022-08-16,2022-08-16,SEJALLTD,T,220.0,220.5,205.0,207.6,210.0,30,478,101479.0
2022-08-16,2022-08-16,ARCHIDPLY,B,69.0,69.45,67.05,68.25,68.45,236,12279,839790.0
2022-08-16,2022-08-16,LOTUSEYE,B,71.8,73.0,69.55,69.7,70.2,49,1025,72141.0
2022-08-16,2022-08-16,SOMICONVEY,B,43.0,43.9,42.5,42.95,44.2,42,751,32435.0
2022-08-16,2022-08-16,LGBFORGE,B,10.32,10.32,9.75,10.23,10.22,137,76923,780989.0
2022-08-16,2022-08-16,LPDC,B,7.36,7.65,6.95,7.47,7.03,285,5911,41955.0
2022-08-16,2022-08-16,SICAGEN,X,27.5,28.4,27.2,27.6,27.55,85,25332,700676.0
2022-08-16,2022-08-16,SIMPLXPAP,X,30.25,31.5,30.25,30.4,31.05,74,2896,88640.0
2022-08-16,2022-08-16,20MICRONS,B,107.0,109.3,105.0,108.15,105.85,1992,64639,6945040.0
2022-08-16,2022-08-16,ZFCVINDIA,A,9432.4,9568.9,9318.5,9417.1,9333.55,459,1042,9841536.0
2022-08-16,2022-08-16,ALKALI,B,88.0,90.2,87.3,88.3,87.25,97,1621,143523.0
2022-08-16,2022-08-16,ISGEC,A,452.6,459.05,449.05,454.95,450.65,908,7414,3361366.0
2022-08-16,2022-08-16,IMFA,B,294.0,294.0,279.85,281.9,281.45,1010,12763,3600579.0
2022-08-16,2022-08-16,VEDAVAAG,X,51.45,53.95,49.0,51.75,50.0,491,154510,8017695.0
2022-08-16,2022-08-16,MANJEERA,X,27.5,27.5,27.0,27.0,28.0,6,603,16331.0
2022-08-16,2022-08-16,MOLDTKPAC,B,920.0,985.95,914.7,977.55,914.35,2976,26949,25793982.0
2022-08-16,2022-08-16,MHRIL,A,266.3,276.95,266.3,269.25,262.5,4742,155716,42527758.0
2022-08-16,2022-08-16,LANDSMILL,B,8.9,9.28,8.9,9.03,8.88,241,96395,881247.0
2022-08-16,2022-08-16,ROML,T,60.55,62.25,60.15,61.0,61.5,37,3148,192108.0
2022-08-16,2022-08-16,BENGALASM,B,2881.05,2999.0,2881.0,2979.75,2900.0,101,1103,3266294.0
2022-08-16,2022-08-16,ADANIPOWER,A,348.75,362.35,348.75,362.3,345.1,21205,1865212,673293498.0
2022-08-16,2022-08-16,NHPC,A,34.0,34.7,33.4,34.5,33.95,1406,516680,17588577.0
2022-08-16,2022-08-16,SURYAAMBA,X,183.8,192.4,183.05,191.0,193.0,34,1022,192088.0
2022-08-16,2022-08-16,JINDALCOTEX,Z,2.34,2.34,2.34,2.34,2.46,42,17566,41104.0
2022-08-16,2022-08-16,GLOBUSSPR,A,911.35,920.5,907.0,909.75,907.8,500,5389,4920103.0
2022-08-16,2022-08-16,OIL,A,191.0,192.85,190.0,190.65,190.4,2567,140707,26885245.0
2022-08-16,2022-08-16,SWANDEF,Z,2.9,2.9,2.76,2.83,2.82,143,139897,395509.0
2022-08-16,2022-08-16,BTTL,X,17.0,18.4,17.0,18.0,18.0,98,12307,220323.0
2022-08-16,2022-08-16,SPSL,X,22.1,24.25,22.1,24.0,22.05,18,723,17328.0
2022-08-16,2022-08-16,EXPLEOSOL,B,1490.0,1490.0,1402.9,1411.15,1439.6,283,914,1298074.0
2022-08-16,2022-08-16,RTNPOWER,A,3.85,3.89,3.8,3.82,3.83,2411,4082281,15662805.0
2022-08-16,2022-08-16,DEN,B,34.05,35.75,34.05,35.5,34.2,1730,155422,5452105.0
2022-08-16,2022-08-16,ASTEC,A,1948.85,1948.85,1886.65,1902.75,1907.0,599,2848,5459376.0
2022-08-16,2022-08-16,DLINKINDIA,B,163.25,169.7,163.25,166.0,164.9,616,16123,2694035.0
2022-08-16,2022-08-16,JSWENERGY,A,317.4,335.5,314.0,333.25,319.75,3104,121338,39487307.0
2022-08-16,2022-08-16,YUNIKM,XT,4.93,5.21,4.93,5.0,5.17,99,27468,137026.0
2022-08-16,2022-08-16,GODREJPROP,A,1359.0,1375.25,1352.5,1362.6,1354.55,2355,24058,32786936.0
2022-08-16,2022-08-16,DBCORP,B,90.5,92.6,90.35,92.2,90.2,168,1865,171519.0
2022-08-16,2022-08-16,MBLINFRA,B,18.95,19.25,18.75,18.8,19.0,90,1658,31458.0
2022-08-16,2022-08-16,JUBLFOOD,A,576.0,585.2,570.85,584.15,574.3,7155,181008,105149385.0
2022-08-16,2022-08-16,VASCONEQ,B,23.0,23.1,22.6,22.85,22.5,276,39936,916009.0
2022-08-16,2022-08-16,THANGAMAYL,B,1123.7,1134.0,1070.2,1124.45,1090.95,126,704,781675.0
2022-08-16,2022-08-16,DBREALTY,T,61.45,63.0,60.0,61.35,61.45,125,9543,586606.0
2022-08-16,2022-08-16,EMMBI,B,93.0,93.0,86.95,91.25,89.1,429,7759,689523.0
2022-08-16,2022-08-16,HATHWAY,A,16.95,17.2,16.95,17.05,16.9,426,96852,1650515.0
2022-08-16,2022-08-16,ARSSINFRA,T,21.2,21.2,20.0,20.3,21.0,16,2838,57694.0
2022-08-16,2022-08-16,TEXMOPIPES,B,56.05,59.35,56.05,57.0,58.75,536,37438,2150662.0
2022-08-16,2022-08-16,SUNDARAM,B,3.2,3.4,3.12,3.24,3.15,319,215991,701347.0
2022-08-16,2022-08-16,COROENGG,X,36.75,41.0,36.75,39.25,36.0,115,25546,984353.0
2022-08-16,2022-08-16,ROSSELLIND,B,214.15,214.15,209.15,210.85,212.0,186,4023,849967.0
2022-08-16,2022-08-16,MANINFRA,A,90.5,91.6,87.75,88.25,89.0,1537,63475,5702972.0
2022-08-16,2022-08-16,TAMBOLIIN,X,134.5,134.5,123.45,125.65,129.25,224,21445,2711888.0
2022-08-16,2022-08-16,IVZINGOLD,E,4786.0,4786.0,4631.0,4631.0,4675.0,10,18,84058.0
2022-08-16,2022-08-16,IL&FSTRANS,Z,4.25,4.25,3.91,3.91,4.06,9,2725,10899.0
2022-08-16,2022-08-16,PERSISTENT,A,3750.55,3783.9,3708.0,3728.2,3725.65,2674,9391,35029633.0
2022-08-16,2022-08-16,ISFT,B,178.8,178.8,170.3,172.45,179.85,59,1182,206500.0
2022-08-16,2022-08-16,GOENKA,Z,1.89,1.89,1.78,1.87,1.8,109,64429,117847.0
2022-08-16,2022-08-16,KCPSUGIND,B,21.8,21.8,21.35,21.4,21.35,269,23173,499020.0
2022-08-16,2022-08-16,KECL,B,47.75,49.35,45.3,45.45,47.65,3163,196301,9237232.0
2022-08-16,2022-08-16,SATCH,X,2.93,3.08,2.89,3.03,2.89,95,83642,249733.0
2022-08-16,2022-08-16,TARAPUR,B,4.65,4.65,4.2,4.25,4.0,22,7640,33490.0
2022-08-16,2022-08-16,SJVN,A,28.5,28.75,28.4,28.55,28.3,1162,215749,6170224.0
2022-08-16,2022-08-16,JPINFRATEC,T,2.68,2.73,2.61,2.73,2.6,1296,1702480,4621826.0
2022-08-16,2022-08-16,EMAMIPAP,B,169.2,174.15,168.3,172.95,169.45,288,2682,459520.0
2022-08-16,2022-08-16,KRITINUT,X,45.95,46.75,45.2,45.95,45.7,293,46000,2106565.0
2022-08-16,2022-08-16,GKB,X,88.35,88.35,81.7,82.45,78.0,59,14477,1205203.0
2022-08-16,2022-08-16,HMVL,B,58.5,60.4,58.5,60.15,60.0,116,3385,202986.0
2022-08-16,2022-08-16,EMAMIREAL,B,68.4,69.35,67.9,69.15,70.05,153,8094,557152.0
2022-08-16,2022-08-16,AHLEAST,B,242.6,257.4,242.6,246.45,248.05,156,2913,724112.0
2022-08-16,2022-08-16,BAJAJCON,A,165.7,165.7,162.65,163.0,164.7,1383,54458,8899009.0
2022-08-16,2022-08-16,HDFCGOLD,E,46.15,46.19,45.64,45.72,46.28,287,34571,1585399.0
2022-08-16,2022-08-16,PRAKASHSTL,B,5.25,6.11,5.25,6.11,5.56,486,361238,2166913.0
2022-08-16,2022-08-16,GOLDIETF,E,46.0,46.44,45.75,45.91,46.24,507,210440,9629015.0
2022-08-16,2022-08-16,GPPL,A,83.95,84.35,82.55,83.6,82.75,891,38168,3182888.0
2022-08-16,2022-08-16,WELINV,B,275.55,284.0,275.55,281.2,280.0,10,43,12047.0
2022-08-16,2022-08-16,HEALTHX,B,299.0,299.0,282.5,285.5,291.0,322,6680,1928589.0
2022-08-16,2022-08-16,CPCAP,B,125.0,135.0,121.75,131.9,114.35,1674,42247,5567049.0
2022-08-16,2022-08-16,EROSMEDIA,B,26.0,26.65,24.0,25.05,28.1,1479,226707,5685268.0
2022-08-16,2022-08-16,RAMKY,B,165.6,167.5,159.35,162.85,161.0,141,2116,346531.0
2022-08-16,2022-08-16,GREENPOWER,B,9.53,9.74,9.22,9.49,9.28,2049,1751223,16762748.0
2022-08-16,2022-08-16,CANTABIL,B,1418.0,1462.7,1349.0,1377.8,1375.0,229,711,972151.0
2022-08-16,2022-08-16,SEATV,X,2.6,2.73,2.6,2.73,2.6,3,418,1140.0
2022-08-16,2022-08-16,WABAG,A,246.05,251.15,246.05,249.5,248.45,1453,28489,7097482.0
2022-08-16,2022-08-16,BEDMUTHA,B,70.2,75.8,69.3,75.0,71.95,142,7084,511102.0
2022-08-16,2022-08-16,ASHOKA,A,79.7,79.8,77.95,79.4,77.0,1460,106736,8435996.0
2022-08-16,2022-08-16,JWL,B,61.45,61.45,59.1,59.75,61.35,1104,56206,3359222.0
2022-08-16,2022-08-16,OBEROIRLTY,A,948.95,966.2,947.9,959.8,939.95,1099,10719,10264699.0
2022-08-16,2022-08-16,PRESTIGE,A,465.0,469.0,460.3,467.1,464.9,1152,22869,10637945.0
2022-08-16,2022-08-16,SHAH,B,3.41,3.41,3.14,3.2,3.22,41,54334,172726.0
2022-08-16,2022-08-16,COALINDIA,A,224.65,224.65,220.5,222.9,221.65,6555,443343,98594483.0
2022-08-16,2022-08-16,GRAVITA,B,310.0,350.0,310.0,343.75,304.05,8995,164415,54262176.0
2022-08-16,2022-08-16,RPPINFRA,B,39.9,39.9,37.25,38.8,37.5,342,20294,791190.0
2022-08-16,2022-08-16,RDBIPL,X,37.8,37.8,34.3,35.9,34.65,11,1018,35850.0
2022-08-16,2022-08-16,MOIL,A,163.0,164.9,161.45,163.65,161.2,861,12101,1970791.0
2022-08-16,2022-08-16,ZEELEARN,B,6.94,6.94,6.5,6.68,6.72,128,83662,553440.0
2022-08-16,2022-08-16,KTIL,XT,30.45,30.45,30.45,30.45,29.0,37,7302,222345.0
2022-08-16,2022-08-16,A2ZINFRA,B,12.26,12.49,11.92,12.27,12.41,317,29206,356963.0
2022-08-16,2022-08-16,KIRLOSENG,A,181.6,183.25,174.5,176.1,177.55,3229,80528,14455762.0
2022-08-16,2022-08-16,RKDL,B,11.8,12.2,10.55,11.17,11.16,74,8010,89390.0
2022-08-16,2022-08-16,PSB,B,15.16,15.22,15.0,15.01,15.15,258,34513,518918.0
2022-08-16,2022-08-16,FMNL,B,5.09,5.09,4.79,4.8,4.87,103,16208,78399.0
2022-08-16,2022-08-16,SURANASOL,B,21.5,22.7,21.5,22.4,22.35,136,9170,205585.0
2022-08-16,2022-08-16,SHEKHAWATI,T,0.57,0.57,0.57,0.57,0.55,5,15950,9091.0
2022-08-16,2022-08-16,KICL,B,1642.0,1642.0,1577.0,1587.35,1648.5,101,413,657565.0
2022-08-16,2022-08-16,BFINVEST,B,295.55,308.95,295.3,301.5,295.6,264,4569,1396447.0
2022-08-16,2022-08-16,SUMMITSEC,B,600.6,601.7,575.0,580.8,597.4,132,451,264727.0
2022-08-16,2022-08-16,INOVSYNTH,XT,28.65,28.65,26.7,27.0,28.1,79,1013,28073.0
2022-08-16,2022-08-16,STEL,B,113.3,114.7,106.0,108.8,113.0,134,2222,242384.0
2022-08-16,2022-08-16,OMKARCHEM,B,21.0,21.55,20.45,20.45,22.7,225,47104,969008.0
2022-08-16,2022-08-16,JUBLINDS,B,423.0,493.7,423.0,493.7,411.45,2152,22469,10420090.0
2022-08-16,2022-08-16,TEXRAIL,B,43.0,43.0,41.05,41.3,43.95,3647,480739,19982968.0
2022-08-16,2022-08-16,INDTERRAIN,B,51.75,53.7,50.05,52.6,52.05,1023,47283,2423487.0
2022-08-16,2022-08-16,FCL,A,263.8,277.9,262.1,274.9,260.7,5043,221666,59784037.0
2022-08-16,2022-08-16,DHUNINV,B,621.7,622.0,591.1,601.45,613.0,295,3411,2048739.0
2022-08-16,2022-08-16,ZENTEC,A,185.0,188.6,181.8,184.4,183.5,1187,27096,4991423.0
2022-08-16,2022-08-16,LOVABLE,B,159.0,166.9,157.95,161.1,155.4,513,10746,1741323.0
2022-08-16,2022-08-16,PFS,B,15.05,15.7,15.0,15.45,15.05,333,200998,3121692.0
2022-08-16,2022-08-16,MON100,E,104.94,105.89,104.25,105.45,103.71,796,88564,9325861.0
2022-08-16,2022-08-16,TCIDEVELP,B,382.2,382.2,382.2,382.2,370.0,1,10,3822.0
2022-08-16,2022-08-16,MUTHOOTFIN,A,1095.0,1095.0,1009.8,1039.85,1187.95,24897,389755,402361521.0
2022-08-16,2022-08-16,FCONSUMER,A,1.65,1.76,1.61,1.7,1.64,2006,2233070,3744934.0
2022-08-16,2022-08-16,TRUEGREEN,X,30.8,30.8,28.15,28.25,29.1,48,3147,89156.0
2022-08-16,2022-08-16,BSLGOLDETF,E,46.82,47.4,46.55,46.61,47.49,375,15479,725845.0
2022-08-16,2022-08-16,VMS,X,13.11,13.73,12.75,13.4,13.12,48,5023,65774.0
2022-08-16,2022-08-16,KARMAENG,B,21.45,23.6,21.45,22.65,23.25,107,2499,57023.0
2022-08-16,2022-08-16,DELPHIFX,B,414.05,469.95,414.05,439.55,440.85,27,127,56031.0
2022-08-16,2022-08-16,RUSHIL,B,540.05,545.0,521.0,527.95,533.5,308,3028,1604087.0
2022-08-16,2022-08-16,ENKEIWHEL,X,468.5,476.0,446.0,451.1,468.5,161,4881,2222709.0
2022-08-16,2022-08-16,KRIDHANINF,B,3.93,3.97,3.78,3.9,3.83,20,8105,31765.0
2022-08-16,2022-08-16,BGLOBAL,T,2.9,2.9,2.85,2.85,2.9,6,567,1619.0
2022-08-16,2022-08-16,INVENTURE,B,2.87,3.0,2.86,2.88,2.85,1063,1844809,5389649.0
2022-08-16,2022-08-16,LTF,A,76.5,78.55,76.0,77.85,76.3,3275,565024,43656068.0
2022-08-16,2022-08-16,IBULLSLTD,T,45.05,45.5,45.05,45.5,43.35,21,3505,159476.0
2022-08-16,2022-08-16,TREEHOUSE,T,13.94,14.2,13.23,13.3,13.54,38,7869,106151.0
2022-08-16,2022-08-16,BROOKS,T,82.7,86.65,82.7,86.5,82.55,60,5307,457882.0
2022-08-16,2022-08-16,RUPA,A,329.0,344.95,319.35,340.6,328.2,1614,30951,10364079.0
2022-08-16,2022-08-16,TDPOWERSYS,B,590.95,590.95,571.0,574.6,575.6,2126,16540,9551688.0
2022-08-16,2022-08-16,GOLDAXIS,E,44.9,44.98,44.52,44.71,44.98,145,13382,598760.0
2022-08-16,2022-08-16,APLLTD,A,665.0,668.0,655.7,658.0,652.55,1123,10804,7139097.0
2022-08-16,2022-08-16,VASWANI,B,20.1,21.05,20.1,20.8,20.5,180,12343,255056.0
2022-08-16,2022-08-16,PGEL,T,910.0,927.9,875.0,916.2,893.85,103,2142,1945354.0
2022-08-16,2022-08-16,LESHAIND,XT,14.14,14.14,14.14,14.14,14.88,1948,427333,6042488.0
2022-08-16,2022-08-16,SETUINFRA,B,2.01,2.15,2.01,2.05,2.06,68,76622,159778.0
2022-08-16,2022-08-16,RDBRL,X,99.0,101.0,97.5,99.4,97.1,321,28303,2816938.0
2022-08-16,2022-08-16,TIJARIA,B,5.4,5.4,4.8,4.82,4.92,28,5363,26124.0
2022-08-16,2022-08-16,ONELIFECAP,T,14.4,14.85,14.4,14.75,14.35,14,1708,25296.0
2022-08-16,2022-08-16,FLEXITUFF,B,28.8,29.05,26.85,28.65,27.2,46,1382,38737.0
2022-08-16,2022-08-16,UEL,T,3.24,3.31,3.11,3.2,3.24,234,106902,338800.0
2022-08-16,2022-08-16,TRITURBINE,A,189.95,195.1,189.7,193.7,189.95,881,21584,4157906.0
2022-08-16,2022-08-16,INDOTHAI,B,167.35,179.95,167.35,176.85,176.1,11,513,90316.0
2022-08-16,2022-08-16,ESSARSHPNG,B,6.76,7.15,6.76,7.11,6.86,237,165567,1167436.0
2022-08-16,2022-08-16,LICMFGOLD,E,4795.0,4795.0,4739.55,4739.55,4785.0,8,11,52490.0
2022-08-16,2022-08-16,APLAPOLLO,A,1116.85,1146.25,1095.55,1111.5,1116.85,2444,24926,27992176.0
2022-08-16,2022-08-16,GPTINFRA,B,91.95,91.95,84.85,85.6,87.6,102,1303,112850.0
2022-08-16,2022-08-16,FERVENTSYN,X,13.6,13.8,11.88,12.96,13.5,27,2432,30475.0
2022-08-16,2022-08-16,THOMASCOTT,T,37.6,38.0,35.5,38.0,36.45,14,3615,135112.0
2022-08-16,2022-08-16,TERASOFT,B,39.85,40.05,39.4,39.95,40.25,98,759,30052.0
2022-08-16,2022-08-16,PMCFIN,X,3.38,3.63,3.38,3.53,3.31,1962,1474339,5191066.0
2022-08-16,2022-08-16,AIML,X,29.85,29.85,28.45,28.45,29.9,277,67716,1928795.0
2022-08-16,2022-08-16,RHIM,A,542.05,548.25,531.05,532.8,540.3,1783,20971,11298642.0
2022-08-16,2022-08-16,MCX,A,1321.55,1344.85,1306.55,1313.7,1318.4,1604,10047,13341552.0
2022-08-16,2022-08-16,SCHNEIDER,A,119.0,120.5,117.65,118.4,118.9,850,29648,3525684.0
2022-08-16,2022-08-16,OLPCL,X,2.85,3.0,2.8,2.8,2.85,21,9443,26562.0
2022-08-16,2022-08-16,NBCC,A,33.1,33.45,33.1,33.2,33.25,728,151668,5036923.0
2022-08-16,2022-08-16,MTEDUCARE,B,8.67,8.95,8.5,8.6,8.59,55,18095,155700.0
2022-08-16,2022-08-16,HEXATRADEX,B,167.5,167.5,166.4,167.0,167.5,11,197,32857.0
2022-08-16,2022-08-16,MAXHEIGHTS,X,13.1,13.1,13.1,13.1,12.5,1,1,13.0
2022-08-16,2022-08-16,TBZ,B,75.8,76.25,73.95,74.9,75.45,444,19503,1463023.0
2022-08-16,2022-08-16,VSSL,B,245.75,246.3,240.0,240.85,242.05,133,2065,499958.0
2022-08-16,2022-08-16,LOOKS,X,8.99,8.99,8.66,8.81,8.83,98,9674,85147.0
2022-08-16,2022-08-16,SPECIALITY,B,197.35,210.4,197.35,198.7,197.35,2308,63269,13031009.0
2022-08-16,2022-08-16,AURUS,T,6.45,6.45,5.95,6.12,6.24,27,9726,58301.0
2022-08-16,2022-08-16,RTNINDIA,A,42.5,44.4,42.5,42.75,44.7,2890,377907,16320952.0
2022-08-16,2022-08-16,SAMPANN,B,17.45,18.2,17.2,17.6,18.0,133,8980,157887.0
2022-08-16,2022-08-16,JTLIND,B,210.7,213.85,208.95,210.3,210.6,184,5006,1060758.0
2022-08-16,2022-08-16,AMTL,X,19.35,20.2,19.35,19.45,18.75,18,2098,41391.0
2022-08-16,2022-08-16,NECCLTD,B,25.0,29.35,24.95,28.45,24.95,1179,183457,5027674.0
2022-08-16,2022-08-16,WAAREERTL,X,355.0,362.0,345.5,359.95,352.7,562,54158,19299244.0
2022-08-16,2022-08-16,JUPITERIN,X,19.75,22.5,18.8,20.75,19.55,101,14222,300834.0
2022-08-16,2022-08-16,VINAYAKPOL,XT,12.04,12.14,12.04,12.14,12.04,4,595,7214.0
2022-08-16,2022-08-16,DUCON,B,13.77,14.99,13.77,14.56,14.54,171,17648,257478.0
2022-08-16,2022-08-16,PROZONER,B,24.3,24.65,23.7,23.75,24.3,203,26892,641914.0
2022-08-16,2022-08-16,SRGHFL,XT,161.5,165.8,160.0,160.25,165.95,11,712,114466.0
2022-08-16,2022-08-16,COMCL,X,15.8,15.8,13.3,14.3,16.25,138,38165,547373.0
2022-08-16,2022-08-16,SHANTIGURU,M,4.0,4.0,3.8,3.8,3.99,2,6000,23400.0
2022-08-16,2022-08-16,BITL,Z,1.32,1.38,1.27,1.28,1.32,50,48626,66557.0
2022-08-16,2022-08-16,CASPIAN,X,8.6,8.69,7.87,8.13,8.28,75,44220,375058.0
2022-08-16,2022-08-16,AERPACE,X,4.2,4.2,3.9,3.94,3.9,117,39408,158578.0
2022-08-16,2022-08-16,VIRTUALG,X,1.2,1.24,1.14,1.16,1.19,854,801768,932313.0
2022-08-16,2022-08-16,ZUARI,B,162.25,170.0,160.4,167.5,157.8,1593,46143,7686160.0
2022-08-16,2022-08-16,STEELXIND,B,14.4,14.8,14.15,14.3,14.4,615,118202,1716240.0
2022-08-16,2022-08-16,TRIOMERC,X,1.36,1.36,1.28,1.31,1.31,131,106996,140802.0
2022-08-16,2022-08-16,CIGNITITEC,A,574.8,586.95,574.0,581.2,577.6,779,5963,3464188.0
2022-08-16,2022-08-16,CDG,X,18.9,18.9,17.1,17.1,18.0,8,170,3118.0
2022-08-16,2022-08-16,CARERATING,A,486.0,486.05,476.05,480.0,483.4,711,10438,5012229.0
2022-08-16,2022-08-16,PCJEWELLER,B,61.9,63.45,61.25,63.45,60.45,1044,216580,13639430.0
2022-08-16,2022-08-16,INDUSTOWER,A,198.95,198.95,194.8,195.8,196.45,6439,118058,23123722.0
2022-08-16,2022-08-16,ISERA,XT,1.21,1.21,1.19,1.19,1.21,8,17000,20531.0
2022-08-16,2022-08-16,VMART,A,2992.0,2992.75,2938.25,2967.25,2983.2,502,1819,5402228.0
2022-08-16,2022-08-16,NIBE,XT,176.5,176.5,176.5,176.5,168.1,24,19752,3486228.0
2022-08-16,2022-08-16,MUKTA,X,4.83,5.04,4.83,5.0,4.88,95,24577,122258.0
2022-08-16,2022-08-16,MYSTICELE,X,4.9,4.9,4.42,4.76,4.68,38,2360,11270.0
2022-08-16,2022-08-16,COMFINCAP,X,49.5,51.8,47.5,50.1,51.15,154,22886,1139443.0
2022-08-16,2022-08-16,SBISENSEX,A,633.0,638.5,632.3,636.21,632.51,283,34007,21622160.0
2022-08-16,2022-08-16,REPCOHOME,A,159.85,185.8,159.85,177.7,158.35,7360,229635,40787257.0
2022-08-16,2022-08-16,LAKHOTIA,XT,19.05,19.05,19.05,19.05,18.15,3,1102,20993.0
2022-08-16,2022-08-16,GCMSECU,M,2.15,2.15,1.92,2.06,2.12,68,139200,277616.0
2022-08-16,2022-08-16,NIBL,B,22.85,23.0,22.55,22.55,22.6,26,1124,25523.0
2022-08-16,2022-08-16,KIFS,X,126.45,136.8,125.9,128.5,132.5,45,935,121784.0
2022-08-16,2022-08-16,SREEL,B,193.25,195.45,182.0,183.35,190.25,93,1251,233444.0
2022-08-16,2022-08-16,SHARDAMOTR,B,754.75,790.1,738.2,770.65,748.9,690,3213,2472395.0
2022-08-16,2022-08-16,BINNYMILLS,X,112.0,118.1,112.0,112.5,112.5,11,215,24250.0
2022-08-16,2022-08-16,SVGLOBAL,X,57.1,61.0,57.1,59.45,59.75,8,1400,84316.0
2022-08-16,2022-08-16,JUSTDIAL,A,595.0,612.25,592.0,603.55,592.2,1186,21430,12905550.0
2022-08-16,2022-08-16,OONE,X,10.84,10.84,10.84,10.84,10.33,17,5187,56227.0
2022-08-16,2022-08-16,IFINSEC,X,23.7,23.7,23.7,23.7,22.6,1,1,23.0
2022-08-16,2022-08-16,BRAHMINFRA,X,28.1,28.1,26.0,27.45,28.1,32,2854,78309.0
2022-08-16,2022-08-16,EDSL,Z,1.31,1.31,1.25,1.3,1.31,15,3902,5067.0
2022-08-16,2022-08-16,AMPVOLTS,X,19.6,19.6,19.6,19.6,18.7,23,4728,92668.0
2022-08-16,2022-08-16,KHOOBSURAT,X,1.98,2.05,1.96,1.98,1.98,1299,530621,1055300.0
2022-08-16,2022-08-16,ORIENTCEM,A,116.95,116.95,113.9,114.55,114.05,496,16748,1916729.0
2022-08-16,2022-08-16,ABFRL,A,293.75,295.1,288.65,290.1,289.8,1568,55688,16255271.0
2022-08-16,2022-08-16,SAMMAANCAP,A,125.8,129.35,122.15,128.7,124.7,6286,927207,117145427.0
2022-08-16,2022-08-16,ALSL,M,10.8,10.8,10.4,10.4,9.0,2,16000,169600.0
2022-08-16,2022-08-16,ESSENTIA,T,6.99,6.99,6.8,6.98,6.66,438,540045,3771108.0
2022-08-16,2022-08-16,VKJINFRA,XT,0.39,0.4,0.38,0.4,0.39,998,2205263,874600.0
2022-08-16,2022-08-16,KUSHAL,Z,2.69,2.69,2.69,2.69,2.83,128,56904,153071.0
2022-08-16,2022-08-16,TIGERLOGS,X,240.0,244.9,237.7,237.9,238.9,98,4275,1022136.0
2022-08-16,2022-08-16,JKAGRI,X,521.9,521.9,500.0,503.35,501.4,101,2010,1015252.0
2022-08-16,2022-08-16,FLFL,T,14.65,14.65,13.5,14.0,14.0,172,48191,675970.0
2022-08-16,2022-08-16,PVVINFRA,X,15.95,16.85,14.25,15.5,15.65,146,52161,779961.0
2022-08-16,2022-08-16,VCU,XT,30.4,30.4,30.4,30.4,32.0,360,53824,1636249.0
2022-08-16,2022-08-16,INDRENEW,X,10.62,10.62,10.25,10.45,10.62,24,1103,11420.0
2022-08-16,2022-08-16,FIVEXTRADE,XT,0.69,0.69,0.63,0.69,0.66,149,351858,231327.0
2022-08-16,2022-08-16,JPOLYINVST,B,294.8,294.8,276.0,284.3,286.2,100,1153,327976.0
2022-08-16,2022-08-16,YURANUS,X,6.02,6.03,6.02,6.03,5.75,4,950,5720.0
2022-08-16,2022-08-16,INTELSOFT,X,16.6,16.75,16.15,16.3,16.3,147,13863,227495.0
2022-08-16,2022-08-16,MOM100,B,32.71,33.3,32.08,33.12,32.76,294,30917,1020763.0
2022-08-16,2022-08-16,BPCAP,X,6.15,6.15,6.15,6.15,6.39,4,114,701.0
2022-08-16,2022-08-16,CPL,X,16.6,16.7,16.3,16.3,16.4,203,61459,1010912.0
2022-08-16,2022-08-16,NIFTYIETF,B,192.25,193.36,191.81,192.79,191.88,236,9265,1787009.0
2022-08-16,2022-08-16,NIF100IETF,B,195.52,199.99,195.52,197.19,195.52,112,3671,720976.0
2022-08-16,2022-08-16,ARNOLD,X,14.32,17.61,14.0,17.1,14.68,523,279861,4704679.0
2022-08-16,2022-08-16,SUNLOC,X,103.85,104.85,100.0,104.85,99.9,99,11138,1151464.0
2022-08-16,2022-08-16,JTLDEFENCE,X,6.63,6.63,6.12,6.5,6.5,31,14054,89467.0
2022-08-16,2022-08-16,SUYOG,X,380.0,380.0,365.1,366.15,370.35,47,1282,477760.0
2022-08-16,2022-08-16,NATHBIOGEN,B,173.1,183.65,173.1,176.35,178.45,124,2368,416377.0
2022-08-16,2022-08-16,AGRITECH,T,87.2,91.75,86.1,88.45,88.7,7,652,57082.0
2022-08-16,2022-08-16,CHEMTECH,B,15.04,15.04,15.04,15.04,14.33,23,32856,494154.0
2022-08-16,2022-08-16,KETOMOTORS,X,24.55,24.55,23.1,23.5,24.0,11,429,10232.0
2022-08-16,2022-08-16,NIF100BEES,B,186.0,189.0,186.0,188.39,186.12,51,91,17106.0
2022-08-16,2022-08-16,VIAANINDUS,XT,0.83,0.83,0.77,0.78,0.81,266,400826,315234.0
2022-08-16,2022-08-16,DENISCHEM,X,66.0,69.8,66.0,67.65,65.7,37,3644,243975.0
2022-08-16,2022-08-16,POLYMAC,M,36.5,36.65,36.25,36.45,36.2,31,99200,3616720.0
2022-08-16,2022-08-16,LADDU,XT,35.4,35.4,35.4,35.4,33.75,19,4606,163052.0
2022-08-16,2022-08-16,NIFTY1,B,187.5,189.69,187.5,189.2,187.01,129,4518,854456.0
2022-08-16,2022-08-16,HANSUGAR,X,5.48,5.89,5.4,5.58,5.41,226,81638,454471.0
2022-08-16,2022-08-16,KIRANVYPAR,X,138.95,139.95,134.05,134.65,138.05,28,748,101311.0
2022-08-16,2022-08-16,BCP,B,4.8,5.47,4.4,5.36,4.56,348,289578,1480588.0
2022-08-16,2022-08-16,RACE,M,170.0,174.0,164.1,164.1,168.0,5,3125,531906.0
2022-08-16,2022-08-16,MANGIND,X,4.78,5.17,4.5,5.17,4.7,2238,2848680,14443045.0
2022-08-16,2022-08-16,VIJIFIN,B,3.01,3.01,2.93,2.93,2.9,80,12580,36984.0
2022-08-16,2022-08-16,NEGOTIUM,XT,1.03,1.03,0.98,0.98,1.03,20,7207,7212.0
2022-08-16,2022-08-16,HBGHOTELS,XT,39.65,41.85,39.6,39.6,41.65,18,2849,113476.0
2022-08-16,2022-08-16,RAUNAQ,XT,23.25,23.3,23.25,23.3,22.9,4,585,13601.0
2022-08-16,2022-08-16,INFRONICS,XT,23.6,23.6,23.6,23.6,23.6,3,335,7906.0
2022-08-16,2022-08-16,CPSEETF,A,35.79,36.0,35.61,35.88,35.73,491,37036,1326590.0
2022-08-16,2022-08-16,HARIAAPL,X,10.82,10.82,10.78,10.82,10.31,547,268810,2908451.0
2022-08-16,2022-08-16,VASUPRADA,X,77.65,79.95,75.05,75.4,72.95,23,1101,85636.0
2022-08-16,2022-08-16,RNBDENIMS,B,48.0,50.0,45.1,45.85,48.9,542,80355,3759879.0
2022-08-16,2022-08-16,GOLDLINE,Z,1.0,1.0,1.0,1.0,0.96,560,613020,613020.0
2022-08-16,2022-08-16,SHARPINV,X,1.91,1.93,1.84,1.87,1.88,729,271751,511987.0
2022-08-16,2022-08-16,WONDERLA,B,352.05,373.6,349.5,357.1,359.55,2110,25994,9377387.0
2022-08-16,2022-08-16,RESPONSINF,XT,39.9,39.9,39.65,39.9,38.0,57,10690,426370.0
2022-08-16,2022-08-16,AFEL,X,46.0,46.0,46.0,46.0,48.4,31,2203,101338.0
2022-08-16,2022-08-16,INCREDIBLE,B,23.9,24.5,23.0,23.15,24.0,76,3816,90041.0
2022-08-16,2022-08-16,WESTLEIRES,XT,110.7,110.7,100.5,110.35,105.5,4,120,12309.0
2022-08-16,2022-08-16,NAM,XT,38.5,42.5,38.5,38.8,40.5,5,165,6392.0
2022-08-16,2022-08-16,METSL,X,55.0,55.0,49.05,53.85,54.7,33,1440,74376.0
2022-08-16,2022-08-16,SPS,T,103.0,103.0,98.85,102.9,103.95,5,57,5676.0
2022-08-16,2022-08-16,ALPSMOTOR,Z,0.45,0.45,0.41,0.45,0.43,131,68037,30139.0
2022-08-16,2022-08-16,MONEYBOXX,T,182.2,182.2,175.25,178.65,175.25,25,540,95837.0
2022-08-16,2022-08-16,WORTH,XT,38.9,38.9,35.2,36.8,37.05,3,29,1107.0
2022-08-16,2022-08-16,QUASAR,XT,7.79,7.79,7.41,7.41,7.79,18,1210,9361.0
2022-08-16,2022-08-16,TPROJECT,X,3.01,3.22,2.93,2.93,3.08,59,14881,43723.0
2022-08-16,2022-08-16,CTL,X,9.0,9.43,9.0,9.32,9.0,46,18152,168140.0
2022-08-16,2022-08-16,TARINI,M,5.97,5.97,5.97,5.97,5.43,9,30000,179100.0
2022-08-16,2022-08-16,YAANENT,X,23.75,23.75,23.75,23.75,23.75,3,500,11875.0
2022-08-16,2022-08-16,PIPAN,XT,1.27,1.29,1.27,1.27,1.33,58,47100,59846.0
2022-08-16,2022-08-16,ANVRDHI,XT,7.87,7.87,7.87,7.87,7.5,31,10364,81564.0
2022-08-16,2022-08-16,RAAMA,XT,2.1,2.13,1.99,2.06,2.03,281,123548,254642.0
2022-08-16,2022-08-16,GOLDCOINHF,XT,9.24,9.24,8.36,9.22,8.8,41,1752,15118.0
2022-08-16,2022-08-16,BRPL,B,63.55,63.55,58.5,58.9,59.7,85,4328,257973.0
2022-08-16,2022-08-16,SKIPPER,B,55.9,63.1,54.95,60.7,55.6,2391,60264,3659238.0
2022-08-16,2022-08-16,JAMESWARREN,X,230.0,230.0,220.15,225.0,229.7,29,1592,356437.0
2022-08-16,2022-08-16,VISTARAMAR,X,270.0,280.15,248.0,270.7,254.7,244,8786,2435379.0
2022-08-16,2022-08-16,APOLLOTRI,A,1042.0,1065.0,1040.0,1052.5,1041.95,2983,80987,85281742.0
2022-08-16,2022-08-16,GULFOILLUB,B,446.4,459.6,441.6,448.05,441.05,261,5643,2537625.0
2022-08-16,2022-08-16,FRUTION,XT,9.76,9.76,9.28,9.76,9.76,6,55,535.0
2022-08-16,2022-08-16,TRIVENIENT,X,2.6,2.71,2.58,2.71,2.59,315,130604,348642.0
2022-08-16,2022-08-16,SOLISMAR,Z,0.78,0.78,0.78,0.78,0.75,20,18479,14413.0
2022-08-16,2022-08-16,CEMAINFRA,X,4.62,4.63,4.62,4.63,4.21,24,5129,23700.0
2022-08-16,2022-08-16,TTIENT,X,12.8,13.25,12.51,12.93,12.87,159,40527,520232.0
2022-08-16,2022-08-16,VISHAL,B,25.0,25.7,24.1,25.3,24.55,667,84584,2145654.0
2022-08-16,2022-08-16,TOYAMSL,X,10.71,11.5,9.78,10.49,10.86,1229,1242415,12514012.0
2022-08-16,2022-08-16,UNISON,XT,24.65,24.65,23.5,23.8,24.35,232,25099,595896.0
2022-08-16,2022-08-16,RTFL,Z,15.43,15.43,15.43,15.43,15.45,5,34,524.0
2022-08-16,2022-08-16,VRL,X,119.9,127.0,117.9,118.2,127.0,102,5204,619849.0
2022-08-16,2022-08-16,SNOWMAN,B,31.2,34.35,31.2,33.4,31.7,769,64682,2155679.0
2022-08-16,2022-08-16,QGO,X,25.0,25.0,23.1,24.0,23.0,6,1556,37488.0
2022-08-16,2022-08-16,SHARDACROP,A,538.0,538.0,520.15,523.65,527.4,1665,24437,12922563.0
2022-08-16,2022-08-16,CITYONLINE,Z,5.92,5.92,5.36,5.36,5.64,14,1076,5880.0
2022-08-16,2022-08-16,SENSEXBEES,A,656.0,659.09,655.77,658.41,651.97,46,468,307771.0
2022-08-16,2022-08-16,SHEMAROO,B,120.0,120.0,114.55,116.5,117.2,186,1816,211725.0
2022-08-16,2022-08-16,ULTRACAB,X,24.2,24.25,22.1,22.65,23.2,152,57622,1316140.0
2022-08-16,2022-08-16,RCCL,X,29.85,29.85,27.1,27.1,28.45,5,850,24797.0
2022-08-16,2022-08-16,ETIL,X,7.63,8.26,7.63,7.7,8.23,30,9803,76167.0
2022-08-16,2022-08-16,ATISHAY,X,34.2,37.0,34.2,35.7,34.05,43,4636,165344.0
2022-08-16,2022-08-16,SANGAMFIN,X,61.9,64.8,61.5,61.5,61.9,14,268,16545.0
2022-08-16,2022-08-16,DHABRIYA,X,125.0,125.0,117.0,117.0,130.0,149,16156,1902696.0
2022-08-16,2022-08-16,PDSL,B,1771.0,1818.8,1770.0,1790.2,1737.65,331,1451,2602932.0
2022-08-16,2022-08-16,HANMAN,M,2.98,2.98,2.98,2.98,2.98,1,4200,12516.0
2022-08-16,2022-08-16,VGCL,B,47.8,47.8,45.0,45.25,50.0,78,4543,207047.0
2022-08-16,2022-08-16,STARLIT,B,8.8,8.8,8.25,8.3,8.4,13,427,3579.0
2022-08-16,2022-08-16,CEINSYS,B,147.75,152.5,145.0,149.35,143.05,27,362,53598.0
2022-08-16,2022-08-16,PANABYTE,X,19.15,19.15,18.2,18.2,19.15,15,1815,33162.0
2022-08-16,2022-08-16,MUDUNURU,XT,8.71,8.71,8.71,8.71,8.71,1,50,435.0
2022-08-16,2022-08-16,JSHL,M,2.78,2.78,2.78,2.78,2.53,5,25000,69500.0
2022-08-16,2022-08-16,CRANEINFRA,X,8.1,8.19,7.8,8.1,7.8,7,1107,8859.0
2022-08-16,2022-08-16,NIYOGIN,X,37.75,39.5,37.1,39.4,37.0,205,57327,2196225.0
2022-08-16,2022-08-16,KALYANCAP,XT,90.5,91.0,84.0,88.6,87.85,77,72523,6413081.0
2022-08-16,2022-08-16,CITIZEN,XT,13.3,13.3,13.3,13.3,14.0,25,994,13220.0
2022-08-16,2022-08-16,GBFL,X,11.06,11.06,10.1,10.18,10.54,264,92809,977025.0
2022-08-16,2022-08-16,GILADAFINS,X,16.2,16.2,15.25,15.9,15.85,39,3262,51606.0
2022-08-16,2022-08-16,SAPPL,X,290.0,298.85,271.0,295.85,297.95,136,5110,1477148.0
2022-08-16,2022-08-16,AANCHALISP,XT,12.47,12.47,11.41,11.99,11.88,47,10492,126267.0
2022-08-16,2022-08-16,CAPPIPES,M,160.15,170.0,160.15,170.0,162.0,7,15000,2520225.0
2022-08-16,2022-08-16,KAIZENAGRO,XT,2.3,2.3,2.3,2.3,2.42,2,1000,2300.0
2022-08-16,2022-08-16,JMJFIN,X,13.2,15.7,13.2,13.5,13.2,15,2827,39250.0
2022-08-16,2022-08-16,INTELLECT,A,611.4,639.55,610.4,631.05,611.9,2921,52189,32754598.0
2022-08-16,2022-08-16,MONTECARLO,B,784.7,785.4,763.75,773.0,779.8,536,5163,3990873.0
2022-08-16,2022-08-16,JSTL,X,65.7,65.7,65.7,65.7,69.15,127,11805,775588.0
2022-08-16,2022-08-16,ICL,XT,17.25,17.3,17.25,17.3,17.25,5,331,5711.0
2022-08-16,2022-08-16,SCC,X,4.53,4.75,4.31,4.35,4.53,9,1411,6412.0
2022-08-16,2022-08-16,PANAFIC,XT,1.84,1.84,1.71,1.71,1.8,848,784935,1346817.0
2022-08-16,2022-08-16,CSL,XT,33.25,33.4,32.75,33.25,31.85,65,73757,2448984.0
2022-08-16,2022-08-16,NEXUSSURGL,X,10.57,11.4,10.57,11.13,10.75,74,7081,79867.0
2022-08-16,2022-08-16,SELLWIN,X,24.5,24.5,22.3,22.9,23.5,72,45533,1041182.0
2022-08-16,2022-08-16,EMERALD,X,19.85,21.15,19.85,21.15,19.25,91,27677,576176.0
2022-08-16,2022-08-16,MKEXIM,X,80.5,80.5,75.2,77.2,75.5,193,19321,1494332.0
2022-08-16,2022-08-16,MCLOUD,XT,360.0,360.5,349.0,355.5,356.75,62,1442,509842.0
2022-08-16,2022-08-16,OCTAL,X,31.05,31.05,29.9,30.95,29.9,5,105,3247.0
2022-08-16,2022-08-16,KANCHI,X,544.75,558.8,530.0,537.8,544.75,547,8469,4539771.0
2022-08-16,2022-08-16,DTIL,B,225.95,225.95,198.3,205.9,203.7,81,812,170217.0
2022-08-16,2022-08-16,VANICOM,XT,11.95,12.0,11.85,11.85,12.0,12,30671,368005.0
2022-08-16,2022-08-16,VINCOFE,X,77.65,77.65,73.5,76.6,76.35,135,18332,1400376.0
2022-08-16,2022-08-16,RAFL,M,336.0,363.0,336.0,362.0,336.0,8,15000,5392125.0
2022-08-16,2022-08-16,COSYN,X,19.45,19.45,18.55,18.7,18.65,19,2533,48085.0
2022-08-16,2022-08-16,SOFCOM,XT,29.0,29.0,29.0,29.0,28.0,1,100,2900.0
2022-08-16,2022-08-16,KARNAVATI,T,31.0,31.15,31.0,31.1,29.7,4,418,12970.0
2022-08-16,2022-08-16,ABHIFIN,XT,35.4,35.4,35.4,35.4,37.25,2,468,16567.0
2022-08-16,2022-08-16,MERCANTILE,X,17.65,18.3,17.3,17.65,18.3,27,6673,116351.0
2022-08-16,2022-08-16,SONAL,X,44.3,46.9,42.15,45.0,43.4,29,544,23806.0
2022-08-16,2022-08-16,ALFL,X,2.03,2.03,1.92,1.95,2.0,94,41914,82622.0
2022-08-16,2022-08-16,GENUSPAPER,B,17.95,17.95,16.85,17.0,17.2,348,116752,1982546.0
2022-08-16,2022-08-16,MINDACORP,A,226.2,232.0,217.45,221.05,228.6,4732,209603,46587370.0
2022-08-16,2022-08-16,PACT,XT,2.82,2.82,2.82,2.82,2.82,5,144,406.0
2022-08-16,2022-08-16,MERCURYLAB,X,472.0,472.0,437.5,461.1,450.05,18,138,63360.0
2022-08-16,2022-08-16,CONCORD,X,28.0,28.0,25.25,26.95,27.5,56,8968,240101.0
2022-08-16,2022-08-16,WARDINMOBI,B,61.0,61.75,59.5,61.55,60.3,2259,272957,16592745.0
2022-08-16,2022-08-16,GREENLAM,B,317.0,361.8,317.0,354.7,359.0,84,637,226849.0
2022-08-16,2022-08-16,TALBROSENG,X,514.0,539.0,486.0,514.3,489.55,581,21076,10915256.0
2022-08-16,2022-08-16,SAPL,X,555.0,598.0,555.0,598.0,582.0,7,24,14169.0
2022-08-16,2022-08-16,PUROHITCON,XT,6.8,6.8,6.8,6.8,7.15,3,300,2040.0
2022-08-16,2022-08-16,JAYATMA,X,54.5,54.5,54.5,54.5,54.6,1,1,54.0
2022-08-16,2022-08-16,PTCIL,B,1865.9,1935.0,1815.65,1888.1,1872.6,259,2523,4706780.0
2022-08-16,2022-08-16,CHENFERRO,XT,188.0,188.0,171.05,171.25,180.05,462,20586,3636611.0
2022-08-16,2022-08-16,MEGRISOFT,XT,165.1,175.0,162.0,168.0,168.45,10,205,34877.0
2022-08-16,2022-08-16,GITARENEW,X,143.0,147.0,142.2,144.0,143.0,121,2930,422208.0
2022-08-16,2022-08-16,ORTEL,Z,1.3,1.35,1.3,1.35,1.3,9,30083,40517.0
2022-08-16,2022-08-16,NEIL,XT,7.36,7.36,7.06,7.06,7.01,36,10227,74340.0
2022-08-16,2022-08-16,STARHFL,X,156.45,159.7,153.0,156.15,156.45,296,137194,21450720.0
2022-08-16,2022-08-16,BEEKAY,X,434.0,434.0,423.0,429.75,420.9,94,1787,766276.0
2022-08-16,2022-08-16,SSPNFIN,M,10.9,10.9,9.81,9.81,10.9,5,20000,201880.0
2022-08-16,2022-08-16,SETFBSE100,A,196.0,196.0,189.35,193.51,192.0,22,2357,455226.0
2022-08-16,2022-08-16,FRASER,X,7.0,7.13,6.7,6.73,6.98,111,16543,112348.0
2022-08-16,2022-08-16,TIRUPATIIN,XT,17.05,17.05,16.0,17.05,16.25,255,363320,6167956.0
2022-08-16,2022-08-16,AGIIL,B,520.0,539.8,512.65,527.75,519.9,136,1619,852786.0
2022-08-16,2022-08-16,BKMINDST,Z,1.69,1.69,1.53,1.58,1.61,71,90426,142678.0
2022-08-16,2022-08-16,MANAKSTEEL,B,42.25,43.0,40.55,41.2,42.2,272,8322,346202.0
2022-08-16,2022-08-16,MANAKALUCO,B,20.85,21.3,20.4,21.05,20.75,166,4606,97233.0
2022-08-16,2022-08-16,MANAKCOAT,B,19.75,19.75,18.9,19.45,19.4,99,7566,144641.0
2022-08-16,2022-08-16,IMAGICAA,B,27.35,27.65,27.0,27.65,26.35,302,630970,17407393.0
2022-08-16,2022-08-16,INOXWIND,A,112.0,112.0,104.25,105.7,112.0,1047,50888,5501122.0
2022-08-16,2022-08-16,AANANDALAK,X,9.15,10.44,9.15,10.44,9.0,22,4728,47254.0
2022-08-16,2022-08-16,URSUGAR,B,15.5,16.29,15.5,16.02,15.82,270,474286,7578050.0
2022-08-16,2022-08-16,SHESHAINDS,X,25.35,25.35,22.0,25.35,23.05,171,49335,1240587.0
2022-08-16,2022-08-16,SAB,X,85.15,85.95,84.0,85.95,85.15,6,133,11413.0
2022-08-16,2022-08-16,PML,X,1396.6,1396.6,1251.1,1267.75,1281.05,128,1042,1358785.0
2022-08-16,2022-08-16,ALANSCOTT,X,123.0,128.9,110.3,125.0,121.3,34,469,57212.0
2022-08-16,2022-08-16,SUJALA,X,14.6,14.6,14.6,14.6,15.0,7,201,2934.0
2022-08-16,2022-08-16,VRLLOG,A,626.4,626.4,612.1,619.0,620.0,670,7167,4430903.0
2022-08-16,2022-08-16,PALCO,X,54.55,57.75,54.55,57.5,55.0,46,1531,86429.0
2022-08-16,2022-08-16,BODHTREE,X,21.35,22.4,21.35,21.65,23.25,84,16618,362825.0
2022-08-16,2022-08-16,VBIND,XT,4.85,4.97,4.51,4.97,4.74,41,17348,85773.0
2022-08-16,2022-08-16,MEP,B,18.7,18.7,17.45,17.7,18.2,271,41168,727719.0
2022-08-16,2022-08-16,WARDWIZFBL,X,50.05,52.55,47.6,51.95,50.05,227,16731,850022.0
2022-08-16,2022-08-16,UFO,B,99.55,100.8,98.4,99.75,99.5,362,7927,788455.0
2022-08-16,2022-08-16,PANTH,XT,28.9,29.0,28.9,29.0,27.65,6783,1993879,57805666.0
2022-08-16,2022-08-16,SHIVALIK,B,801.25,809.75,789.5,795.05,802.6,126,506,402642.0
2022-08-16,2022-08-16,ICSL,X,4.52,4.6,4.26,4.34,4.47,44,2372,10467.0
2022-08-16,2022-08-16,PNCINFRA,A,257.5,260.0,257.0,258.2,257.15,1809,19493,5039162.0
2022-08-16,2022-08-16,ARFIN,X,226.0,227.0,219.0,221.6,222.1,74,5727,1280407.0
2022-08-16,2022-08-16,STARBEAM,XT,3.3,3.3,3.3,3.3,3.47,1,33,108.0
2022-08-16,2022-08-16,HAWAENG,XT,55.0,57.0,55.0,55.05,55.0,7,460,25320.0
2022-08-16,2022-08-16,AIIL,B,144.05,151.85,144.05,151.4,143.9,303,12278,1836928.0
2022-08-16,2022-08-16,POEL,X,75.6,75.6,70.0,71.2,63.05,333,65182,4766171.0
2022-08-16,2022-08-16,AEL,X,74.4,74.4,65.0,66.9,79.3,1136,138318,9567507.0
2022-08-16,2022-08-16,DEVHARI,Z,0.56,0.56,0.55,0.56,0.54,133,97707,54714.0
2022-08-16,2022-08-16,CAPFIN,XT,13.94,13.94,13.94,13.94,13.94,1,1600,22304.0
2022-08-16,2022-08-16,SGFIN,XT,182.45,182.45,182.45,182.45,182.45,13,856,156177.0
2022-08-16,2022-08-16,SATIA,B,114.0,115.0,111.1,111.9,113.5,865,34116,3830910.0
2022-08-16,2022-08-16,GARMNTMNTR,B,4.61,4.84,4.61,4.8,4.75,129,43534,207449.0
2022-08-16,2022-08-16,SRESTHA,X,1.26,1.35,1.26,1.29,1.26,280,266607,345491.0
2022-08-16,2022-08-16,SAUMYA,X,92.0,92.0,84.05,86.95,91.05,15,164,14765.0
2022-08-16,2022-08-16,MUL,X,3.1,3.1,2.93,3.0,3.02,69,33806,101858.0
2022-08-16,2022-08-16,SPORTKING,B,869.0,873.7,851.0,856.25,858.35,938,9146,7865244.0
2022-08-16,2022-08-16,GROWINGTON,M,55.0,55.0,51.15,53.5,52.5,5,12500,673875.0
2022-08-16,2022-08-16,AMBITION,B,4.91,4.91,4.91,4.91,4.91,3,87,427.0
2022-08-16,2022-08-16,HCKKVENTURE,X,15.0,16.26,15.0,16.26,14.79,72,19430,309944.0
2022-08-16,2022-08-16,RUDRA,B,119.4,119.4,115.15,119.4,113.75,1140,249926,29800234.0
2022-08-16,2022-08-16,LOYAL,B,31.9,34.2,30.7,31.95,31.4,103,19194,618685.0
2022-08-16,2022-08-16,GGPL,T,95.45,98.1,95.45,98.1,93.45,2626,827987,80462426.0
2022-08-16,2022-08-16,MRSS,MT,5.28,5.28,5.02,5.1,5.28,13,10200,52422.0
2022-08-16,2022-08-16,BALKRISHNA,T,37.25,38.8,37.25,37.3,38.0,8,426,16018.0
2022-08-16,2022-08-16,SHYAMCENT,B,21.9,22.8,21.65,21.95,22.2,1216,185653,4081748.0
2022-08-16,2022-08-16,ADANIENSOL,A,3550.0,3593.95,3540.0,3581.55,3535.45,1567,9002,32092997.0
2022-08-16,2022-08-16,STARDELTA,X,102.0,103.9,97.05,101.65,102.0,45,1979,198638.0
2022-08-16,2022-08-16,AMRAFIN,M,12.12,12.12,12.12,12.12,10.1,1,3600,43632.0
2022-08-16,2022-08-16,CONCRETE,XT,3.57,3.57,3.57,3.57,3.57,2,4015,14333.0
2022-08-16,2022-08-16,SAMSRITA,X,21.8,24.0,21.8,22.45,23.3,35,3644,83348.0
2022-08-16,2022-08-16,SYNGENE,A,592.0,596.65,585.1,595.15,591.4,620,6745,3987885.0
2022-08-16,2022-08-16,PECOS,M,52.45,52.45,52.45,52.45,52.45,1,2000,104900.0
2022-08-16,2022-08-16,MSL,B,93.0,95.85,88.4,93.15,91.5,108,2315,216893.0
2022-08-16,2022-08-16,KAYA,B,299.05,302.55,295.0,299.15,301.7,66,767,229058.0
2022-08-16,2022-08-16,SYMBIOX,XT,4.75,4.75,4.75,4.75,4.76,1,500,2375.0
2022-08-16,2022-08-16,ORTINGLOBE,B,23.55,24.5,23.25,23.7,23.75,137,8699,207581.0
2022-08-16,2022-08-16,AVI,X,23.0,23.35,22.5,23.1,23.25,94,8330,190737.0
2022-08-16,2022-08-16,AURUM,B,112.0,118.35,111.25,117.6,112.75,1064,29268,3368848.0
2022-08-16,2022-08-16,OSWALGREEN,B,25.4,25.8,25.15,25.25,25.85,331,22362,569627.0
2022-08-16,2022-08-16,VASUDHAGAM,X,8.2,8.3,8.05,8.05,8.34,48,5167,41871.0
2022-08-16,2022-08-16,SUNRAKSHAK,X,61.85,61.85,61.85,61.85,56.25,98,13416,829779.0
2022-08-16,2022-08-16,ARVSMART,B,177.0,210.0,177.0,202.1,189.65,566,20196,4071094.0
2022-08-16,2022-08-16,POWERMECH,B,1110.1,1165.0,1085.9,1155.0,1105.45,1399,5764,6516443.0
2022-08-16,2022-08-16,RAMASTEEL,B,492.0,525.0,487.15,512.95,502.75,2885,33645,17190861.0
2022-08-16,2022-08-16,THINKINK,B,70.9,71.25,69.3,70.25,69.5,697,340132,23867906.0
2022-08-16,2022-08-16,SENSEXBETA,A,628.0,633.98,628.0,633.34,629.0,33,888,561483.0
2022-08-16,2022-08-16,NIFTYBETA,B,1890.0,1930.0,1850.0,1889.86,1875.0,38,779,1487056.0
2022-08-16,2022-08-16,UNIAUTO,M,81.0,81.5,77.0,80.25,74.1,30,75000,6088750.0
2022-08-16,2022-08-16,VETO,B,106.7,106.7,102.0,102.35,105.1,199,5122,526874.0
2022-08-16,2022-08-16,NAVKARCORP,B,89.0,90.0,68.25,70.8,84.8,15143,1642055,124537734.0
2022-08-16,2022-08-16,SHREEPUSHK,B,220.0,224.95,218.85,222.9,218.15,530,9678,2147481.0
2022-08-16,2022-08-16,GUJENERGY,A,485.0,485.0,474.1,482.6,480.35,4381,145954,70070471.0
2022-08-16,2022-08-16,SADBHIN,B,7.35,7.35,6.8,7.03,7.06,140,24085,169806.0
2022-08-16,2022-08-16,SALAUTO,X,174.9,178.95,169.2,174.0,174.95,25,2372,420817.0
2022-08-16,2022-08-16,POLYSPIN,X,57.0,58.0,55.35,56.05,56.75,47,2650,150009.0
2022-08-16,2022-08-16,PRITIKAUTO,B,12.76,14.44,12.7,13.84,13.04,477,161676,2219358.0
2022-08-16,2022-08-16,SML,XT,22.1,22.1,22.1,22.1,21.15,2,2,44.0
2022-08-16,2022-08-16,KRISHNACAP,XT,12.85,13.4,12.85,13.4,13.1,5,76,1017.0
2022-08-16,2022-08-16,ACME,Z,18.7,18.7,18.1,18.65,17.85,11,650,11900.0
2022-08-16,2022-08-16,VISHALBL,B,51.4,52.1,48.05,48.35,47.9,78,2512,121937.0
2022-08-16,2022-08-16,BELLACASA,B,158.0,174.0,150.05,163.65,152.3,47,4444,708422.0
2022-08-16,2022-08-16,MALLCOM,B,685.05,712.0,685.0,706.85,698.85,29,181,125371.0
2022-08-16,2022-08-16,NAKSH,B,12.7,12.7,11.61,12.1,12.18,42,4366,52589.0
2022-08-16,2022-08-16,SATIN,B,111.05,113.8,109.5,113.25,111.9,502,18074,2028294.0
2022-08-16,2022-08-16,DITCO,X,19.3,19.3,17.85,19.3,18.45,4,1017,18214.0
2022-08-16,2022-08-16,SWAGTAM,XT,49.4,49.6,45.0,45.85,47.25,27,2041,96821.0
2022-08-16,2022-08-16,GENCON,B,31.45,31.5,30.35,30.9,31.2,123,5256,162506.0
2022-08-16,2022-08-16,KUBERJI,X,0.89,0.89,0.89,0.89,0.85,1,1,0.0
2022-08-16,2022-08-16,NEERAJ,XT,19.55,19.55,19.55,19.55,18.65,1,1,19.0
2022-08-16,2022-08-16,MUZALI,X,2.64,2.67,2.5,2.53,2.56,115,57496,147236.0
2022-08-16,2022-08-16,TEJNAKSH,B,143.0,148.0,140.05,145.15,144.85,83,19402,2813770.0
2022-08-16,2022-08-16,COFFEEDAY,A,50.25,51.9,47.65,48.85,50.25,3743,613223,30145678.0
2022-08-16,2022-08-16,IDFCFIRSTB,A,45.35,45.7,45.0,45.05,45.1,6202,2463893,111635393.0
2022-08-16,2022-08-16,BEARDSELL,B,20.0,21.55,20.0,20.05,20.25,317,39704,822178.0
2022-08-16,2022-08-16,INDIGO,A,2036.65,2074.75,2031.7,2069.35,2012.2,2114,15337,31428864.0
2022-08-16,2022-08-16,SHK,A,141.0,152.45,140.5,149.15,140.2,1188,32633,4865844.0
2022-08-16,2022-08-16,ECOFINITY,XT,12.0,12.0,12.0,12.0,12.0,1,1,12.0
2022-08-16,2022-08-16,PANORAMA,XT,107.8,107.8,107.8,107.8,110.0,7,142,15307.0
2022-08-16,2022-08-16,SHREEGANES,X,2.18,2.19,2.1,2.13,2.14,1612,1252597,2661054.0
2022-08-16,2022-08-16,GTV,X,209.95,214.65,201.3,207.85,209.85,106,5442,1131531.0
2022-08-16,2022-08-16,LICNETFN50,B,187.85,190.69,187.85,190.69,188.91,18,259,49162.0
2022-08-16,2022-08-16,GEETANJ,XT,2.17,2.17,2.17,2.17,2.28,5,473,1026.0
2022-08-16,2022-08-16,LICNETFSEN,A,649.0,649.0,645.0,645.0,642.5,8,14,9048.0
2022-08-16,2022-08-16,GARBIFIN,XT,37.5,37.5,37.5,37.5,39.45,14,1277,47887.0
2022-08-16,2022-08-16,SMARTFIN,X,7.75,7.75,7.51,7.52,7.69,117,15375,116780.0
2022-08-16,2022-08-16,ADCON,XT,1.66,1.66,1.55,1.62,1.61,406,146992,235821.0
2022-08-16,2022-08-16,QUINT,X,330.5,339.7,330.0,332.4,335.55,129,5125,1707863.0
2022-08-16,2022-08-16,HDFCNIFTY,B,191.0,192.4,190.0,192.0,190.71,247,25435,4863922.0
2022-08-16,2022-08-16,HDFCSENSEX,A,650.0,650.0,644.9,646.67,643.29,89,840,545464.0
2022-08-16,2022-08-16,UDAYJEW,X,98.0,98.0,93.0,97.25,90.95,21,2644,248980.0
2022-08-16,2022-08-16,SATTVASUKU,X,9.04,9.88,8.96,9.33,9.19,56,10220,95581.0
2022-08-16,2022-08-16,ALKEM,A,2951.15,3006.65,2940.0,2946.35,2959.9,2104,20871,61908439.0
2022-08-16,2022-08-16,LALPATHLAB,A,2455.9,2498.0,2428.45,2486.45,2433.7,916,9049,22376986.0
2022-08-16,2022-08-16,SCTL,B,1.45,1.45,1.35,1.37,1.4,1736,790307,1097071.0
2022-08-16,2022-08-16,CREATIVE,X,401.0,425.0,390.0,396.85,386.8,105,2367,954327.0
2022-08-16,2022-08-16,AAYUSH,X,21.0,21.05,21.0,21.05,21.9,2,31,652.0
2022-08-16,2022-08-16,LUXIND,B,1802.25,1860.0,1797.15,1810.2,1802.25,1307,5869,10625237.0
2022-08-16,2022-08-16,ABHIINFRA,X,3.69,3.7,3.69,3.7,3.69,3,216,798.0
2022-08-16,2022-08-16,APOORVA,X,42.5,42.5,41.65,41.65,41.65,3,21,875.0
2022-08-16,2022-08-16,AGRIBIO,XT,37.75,37.75,37.15,37.15,37.75,7,648,24087.0
2022-08-16,2022-08-16,NH,A,688.95,709.15,684.8,689.6,681.35,1703,20464,14210785.0
2022-08-16,2022-08-16,DEEPAI,XT,63.3,63.3,63.3,63.3,60.3,14,826,52285.0
2022-08-16,2022-08-16,SUPHA,X,139.75,141.0,139.7,140.95,138.0,40,4968,696760.0
2022-08-16,2022-08-16,AARNAV,X,37.85,38.7,37.85,38.4,37.85,522,63437,2427034.0
2022-08-16,2022-08-16,ACEWIN,MT,3.28,3.28,3.28,3.28,3.45,4,38400,125952.0
2022-08-16,2022-08-16,SIPTL,X,1.03,1.03,0.95,0.98,1.0,334,221179,215680.0
2022-08-16,2022-08-16,SHIVA,XT,4.23,4.67,4.23,4.67,4.45,57,6744,29401.0
2022-08-16,2022-08-16,MISHTANN,B,10.15,10.75,10.1,10.26,10.1,6487,5589277,58609931.0
2022-08-16,2022-08-16,DELTA,XT,12.09,12.09,12.09,12.09,12.09,2,13,157.0
2022-08-16,2022-08-16,JSLHISAR,A,228.55,237.5,228.55,235.1,231.4,560,11214,2614067.0
2022-08-16,2022-08-16,AMPL,X,79.1,80.4,73.4,78.4,76.65,66,5302,407514.0
2022-08-16,2022-08-16,KEL,X,10.85,10.85,10.85,10.85,10.85,1,1,10.0
2022-08-16,2022-08-16,BLUECLOUDS,X,12.81,12.81,12.1,12.8,12.45,31,655,8309.0
2022-08-16,2022-08-16,KEIL,X,20.45,21.4,20.05,20.1,20.7,124,12098,246176.0
2022-08-16,2022-08-16,BCLENTERPR,X,1.99,1.99,1.83,1.85,1.92,1282,941032,1754923.0
2022-08-16,2022-08-16,PRECAM,B,121.25,126.25,121.25,123.4,123.1,581,11074,1371070.0
2022-08-16,2022-08-16,TEAMLEASE,A,3275.0,3322.6,3275.0,3297.1,3274.95,222,427,1413496.0
2022-08-16,2022-08-16,KAMATS,M,35.35,35.35,35.35,35.35,35.35,1,10000,353500.0
2022-08-16,2022-08-16,BESTAGRO,B,956.4,961.35,947.0,949.15,951.9,154,434,414063.0
2022-08-16,2022-08-16,ACEMEN,XT,66.25,66.25,63.0,65.25,63.85,77,12253,798212.0
2022-08-16,2022-08-16,BFLAFL,X,29.0,29.4,27.95,27.95,29.4,1002,102598,2898801.0
2022-08-16,2022-08-16,RCL,Z,19.0,19.0,19.0,19.0,20.0,1,10,190.0
2022-08-16,2022-08-16,QUICKHEAL,B,210.2,214.9,210.2,212.45,210.2,779,11282,2400678.0
2022-08-16,2022-08-16,KPEL,B,308.15,308.15,284.0,304.15,293.5,2997,595543,175957806.0
2022-08-16,2022-08-16,IFINSER,X,8.2,8.2,7.83,8.19,8.24,13,3301,25884.0
2022-08-16,2022-08-16,HILIKS,X,9.73,9.73,9.65,9.65,9.73,3,70,679.0
2022-08-16,2022-08-16,GOKULAGRO,B,82.8,84.55,82.8,83.3,83.5,468,18329,1534748.0
2022-08-16,2022-08-16,FREDUN,X,909.95,920.35,850.0,899.7,929.4,354,10274,9179164.0
2022-08-16,2022-08-16,SIMBHALS,B,17.8,19.4,17.8,19.1,19.4,148,26728,506510.0
2022-08-16,2022-08-16,MNIL,X,21.75,22.75,21.65,22.3,21.7,59,14494,322021.0
2022-08-16,2022-08-16,DARJEELING,XT,4.71,4.71,4.48,4.48,4.71,13,759,3457.0
2022-08-16,2022-08-16,ADVIKCA,X,4.05,4.2,3.9,3.97,4.06,837,796621,3196727.0
2022-08-16,2022-08-16,LICNFNHGP,B,188.25,193.0,188.25,192.94,191.0,19,96,18326.0
2022-08-16,2022-08-16,PDMJEPAPER,B,40.0,41.6,39.65,41.2,40.6,655,40340,1644162.0
2022-08-16,2022-08-16,HCG,A,279.3,288.6,279.3,285.65,286.05,949,13107,3751571.0
2022-08-16,2022-08-16,KDML,M,26.3,26.35,26.3,26.35,25.15,2,2400,63180.0
2022-08-16,2022-08-16,UMIYA,B,7.82,7.82,7.82,7.82,8.0,1,10,78.0
2022-08-16,2022-08-16,BHARATWIRE,B,89.6,105.0,88.95,101.75,87.75,1840,68009,6847370.0
2022-08-16,2022-08-16,CHDCHEM,T,7.95,7.95,7.5,7.75,7.76,92,12141,93765.0
2022-08-16,2022-08-16,CCAVENUE,A,15.0,15.0,14.66,14.79,14.89,1164,424919,6280372.0
2022-08-16,2022-08-16,LELAVOIR,XT,32.4,34.7,31.55,34.3,33.05,29,4523,155051.0
2022-08-16,2022-08-16,SICLTD,Z,0.54,0.58,0.54,0.58,0.56,278,480040,269623.0
2022-08-16,2022-08-16,SUPERIOR,X,2.55,2.69,2.5,2.57,2.59,52,12595,32271.0
2022-08-16,2022-08-16,RPEL,B,653.4,654.05,621.0,626.0,652.05,503,5204,3278758.0
2022-08-16,2022-08-16,LANCER,B,262.9,265.65,238.0,242.0,261.5,3700,76229,19212286.0
2022-08-16,2022-08-16,EQUITAS,A,95.4,96.8,94.0,96.15,95.35,1252,42457,4055435.0
2022-08-16,2022-08-16,HALDER,X,332.55,332.55,321.05,331.45,332.5,21,197,65072.0
2022-08-16,2022-08-16,SKIL,T,3.15,3.15,2.85,3.15,3.0,52,760828,2260670.0
2022-08-16,2022-08-16,THYROCARE,A,620.05,624.75,618.0,621.25,623.0,1055,6529,4055043.0
2022-08-16,2022-08-16,BAJAJHCARE,B,363.05,390.0,363.05,385.25,384.05,1941,18799,7065291.0
2022-08-16,2022-08-16,UJJIVAN,A,179.55,184.0,177.5,182.6,179.4,1925,79096,14277661.0
2022-08-16,2022-08-16,RSDFIN,X,98.95,100.0,90.5,94.25,95.25,18,156,14818.0
2022-08-16,2022-08-16,CROMPTON,A,386.5,390.8,382.9,384.35,385.95,1252,24757,9575813.0
2022-08-16,2022-08-16,PILANIINVS,B,1742.5,1789.0,1717.6,1761.55,1734.0,71,166,289828.0
2022-08-16,2022-08-16,DARSHANORNA,B,4.13,4.23,4.07,4.15,4.03,237,88492,367419.0
2022-08-16,2022-08-16,PARAGMILK,B,95.0,101.0,94.95,99.45,95.55,3155,164618,16242016.0
2022-08-16,2022-08-16,MADHAVIPL,X,4.15,4.19,4.0,4.16,4.13,316,413596,1682716.0
2022-08-16,2022-08-16,SPICELOUNG,XT,34.85,34.85,34.85,34.85,33.2,1,1,34.0
2022-08-16,2022-08-16,KOCL,XT,2.65,2.65,2.48,2.57,2.61,164,60243,153894.0
2022-08-16,2022-08-16,NAGAFERT,T,8.08,8.35,7.85,8.18,8.24,220,95822,783750.0
2022-08-16,2022-08-16,SEIL,T,83.6,83.6,83.6,83.6,79.65,91,9068,758084.0
2022-08-16,2022-08-16,MIL,X,39.75,43.45,36.8,36.9,39.75,31,9419,362221.0
2022-08-16,2022-08-16,YASHCHEM,B,50.9,51.5,47.1,50.0,49.9,40,4195,208761.0
2022-08-16,2022-08-16,MAXVIL,B,113.95,125.5,110.85,123.55,112.45,1288,52148,6300309.0
2022-08-16,2022-08-16,NV20IETF,B,97.0,97.62,96.61,97.28,96.63,58,1577,153606.0
2022-08-16,2022-08-16,JLL,XT,36.9,37.05,36.9,37.05,35.3,11,302,11144.0
2022-08-16,2022-08-16,TAALTECH,X,1710.0,1728.0,1674.0,1678.0,1707.9,171,1374,2318698.0
2022-08-16,2022-08-16,MGL,A,890.0,925.0,890.0,921.6,890.35,7509,133352,121624538.0
2022-08-16,2022-08-16,ZEAL,B,7.3,7.35,7.0,7.1,7.23,431,101106,717911.0
2022-08-16,2022-08-16,QUESS,A,586.8,586.8,575.1,577.3,585.5,912,13605,7884284.0
2022-08-16,2022-08-16,DIGJAMLMTD,T,144.7,144.7,144.7,144.7,152.3,4,70,10129.0
2022-08-16,2022-08-16,MIDSELIETF,B,101.07,104.95,101.07,104.48,104.19,105,2544,264140.0
2022-08-16,2022-08-16,ASYL,B,10.3,10.68,10.1,10.1,10.3,17,478,4959.0
2022-08-16,2022-08-16,HIIL,X,2307.7,2360.0,2307.7,2308.0,2307.65,32,110,256924.0
2022-08-16,2022-08-16,TITAANIUM,M,10.35,10.65,10.35,10.65,12.9,3,24000,253200.0
2022-08-16,2022-08-16,COMSYN,B,282.1,288.9,278.0,287.4,279.55,111,8431,2406274.0
2022-08-16,2022-08-16,LLOYDSENGG,B,15.65,15.9,15.05,15.15,15.5,4492,1668432,25546450.0
2022-08-16,2022-08-16,KPL,B,300.0,300.0,292.95,299.9,299.85,339,20489,6101669.0
2022-08-16,2022-08-16,LTM,A,4970.0,4976.7,4880.1,4886.35,4911.65,3544,14007,68758405.0
2022-08-16,2022-08-16,EASTWEST,X,7.2,7.7,6.9,7.46,7.04,139,140368,1044538.0
2022-08-16,2022-08-16,BSLSENETFG,A,57.43,58.5,56.25,57.86,57.43,27,979,56499.0
2022-08-16,2022-08-16,COLORCHIPS,XT,70.05,70.05,69.8,70.05,66.75,997,217131,15209156.0
2022-08-16,2022-08-16,ADVENZYMES,A,261.0,275.0,261.0,264.8,264.0,1493,19210,5144286.0
2022-08-16,2022-08-16,LAHL,XT,5.09,5.33,5.09,5.09,5.09,18,1422,7349.0
2022-08-16,2022-08-16,PTIL,T,255.0,255.0,247.0,254.8,260.0,10,193,48820.0
2022-08-16,2022-08-16,DBL,A,249.8,249.8,241.3,242.75,249.8,1057,33953,8263851.0
2022-08-16,2022-08-16,SPAL,B,445.4,455.0,431.8,453.55,428.95,858,12762,5701084.0
2022-08-16,2022-08-16,BIGBLOC,B,114.3,122.0,114.3,119.25,116.2,187,6577,790141.0
2022-08-16,2022-08-16,ECS,XT,5.55,5.69,5.55,5.68,5.69,6,311,1751.0
2022-08-16,2022-08-16,FRETAIL,T,4.0,4.26,3.86,4.26,4.06,648,406472,1627375.0
2022-08-16,2022-08-16,RBLBANK,A,99.05,99.1,97.55,97.85,98.1,3202,489718,48035504.0
2022-08-16,2022-08-16,SHIVAEXPO,M,3.5,3.5,3.5,3.5,3.4,1,10000,35000.0
2022-08-16,2022-08-16,BLS,B,234.9,239.2,234.0,237.05,233.1,2810,113340,26834999.0
2022-08-16,2022-08-16,MITSU,B,292.0,295.0,269.1,275.25,289.45,1290,106732,29832599.0
2022-08-16,2022-08-16,TVVISION,B,3.23,3.23,3.23,3.23,3.08,7,2701,8724.0
2022-08-16,2022-08-16,TIAANC,X,5.2,5.2,4.55,4.93,5.05,89,53881,261639.0
2022-08-16,2022-08-16,LTTS,A,3707.5,3707.5,3655.0,3678.7,3658.05,1798,18517,68157647.0
2022-08-16,2022-08-16,GNA,B,638.3,650.15,638.3,645.4,631.1,513,3072,1983911.0
2022-08-16,2022-08-16,RADHIKAJWE,B,160.95,161.5,159.05,161.0,160.2,108,12811,2062075.0
2022-08-16,2022-08-16,SIIL,X,3.06,3.06,3.06,3.06,3.06,1,50,153.0
2022-08-16,2022-08-16,ICICIPRULI,A,555.2,580.0,555.2,577.35,559.6,3068,64505,36893188.0
2022-08-16,2022-08-16,IISL,XT,2.9,2.9,2.76,2.76,2.9,10,645,1796.0
2022-08-16,2022-08-16,ARCFIN,X,1.15,1.17,1.1,1.12,1.15,2394,5765179,6449378.0
2022-08-16,2022-08-16,HPL,B,62.65,67.9,62.65,66.35,63.15,1426,75858,5027581.0
2022-08-16,2022-08-16,SAGARSOFT,X,155.05,165.0,153.55,157.0,155.1,67,2231,357394.0
2022-08-16,2022-08-16,DRA,M,24.9,27.15,24.9,26.7,24.2,5,25000,667250.0
2022-08-16,2022-08-16,VALIANTORG,A,595.5,595.5,575.0,576.5,585.65,1073,9703,5654100.0
2022-08-16,2022-08-16,ACML,M,44.25,44.25,44.25,44.25,42.15,2,2000,88500.0
2022-08-16,2022-08-16,ENDURANCE,A,1435.0,1480.45,1434.45,1465.4,1432.55,826,4225,6180413.0
2022-08-16,2022-08-16,IDFSENSEXE,A,640.75,640.75,628.2,628.2,628.15,9,33,20871.0
2022-08-16,2022-08-16,PURPLE,X,8.13,8.14,8.13,8.14,8.13,4,1281,10424.0
2022-08-16,2022-08-16,SUPRAPFSL,X,26.5,26.5,26.4,26.5,26.75,6,222,5872.0
2022-08-16,2022-08-16,PNBHOUSING,A,369.0,378.9,361.3,373.1,365.55,2116,34395,12804328.0
2022-08-16,2022-08-16,SOUTHERNIN,XT,15.75,15.75,15.2,15.35,15.4,6,50,766.0
2022-08-16,2022-08-16,REGENCY,X,7.69,8.0,7.25,7.98,7.7,36,10710,84637.0
2022-08-16,2022-08-16,VBL,A,1026.0,1083.6,1017.5,1039.2,1025.9,9728,144853,152479822.0
2022-08-16,2022-08-16,SALEM,X,50.45,50.45,41.55,45.4,46.0,64,4394,196881.0
2022-08-16,2022-08-16,FRANKLININD,X,13.73,13.73,13.73,13.73,13.73,1,2,27.0
2022-08-16,2022-08-16,LKPSEC,X,13.54,13.94,13.07,13.16,13.58,195,51338,680788.0
2022-08-16,2022-08-16,OSIAJEE,X,50.0,52.5,50.0,50.2,50.95,94,3453,176616.0
2022-08-16,2022-08-16,SFL,A,2850.8,2932.45,2838.25,2877.9,2841.2,371,708,2050212.0
2022-08-16,2022-08-16,EIKO,X,37.65,40.0,36.85,39.5,39.4,42,9400,370254.0
2022-08-16,2022-08-16,AVL,B,1131.1,1204.0,1131.1,1204.0,1146.7,810,66132,79433311.0
2022-08-16,2022-08-16,HEADSUP,B,13.87,14.15,13.37,13.53,13.58,28,4406,60256.0
2022-08-16,2022-08-16,TCIEXP,A,1660.6,1700.2,1636.15,1686.35,1642.55,502,1501,2503381.0
2022-08-16,2022-08-16,LAURUSLABS,A,566.0,579.0,566.0,577.4,565.75,2898,52585,30203718.0
2022-08-16,2022-08-16,NEWLIGHT,X,13.55,13.83,12.79,13.7,13.26,51,8209,111596.0
2022-08-16,2022-08-16,VSL,T,42.05,42.05,42.05,42.05,44.25,341,18305,769725.0
2022-08-16,2022-08-16,MTPL,X,9.76,10.67,9.76,10.67,10.25,7,629,6144.0
2022-08-16,2022-08-16,SHANGAR,XT,3.2,3.2,3.2,3.2,3.36,49,12393,39657.0
2022-08-16,2022-08-16,GLCL,Z,12.81,12.81,12.81,12.81,12.2,1,10,128.0
2022-08-16,2022-08-16,TRU,B,80.2,82.7,78.4,79.4,82.0,1503,54047,4322003.0
2022-08-16,2022-08-16,PRICOLLTD,A,157.45,162.65,156.8,161.35,154.35,1654,73349,11728144.0
2022-08-16,2022-08-16,CFL,XT,6.63,6.63,6.63,6.63,6.63,5,21,139.0
2022-08-16,2022-08-16,JITFINFRA,T,165.0,174.9,165.0,167.1,169.85,45,2215,369823.0
2022-08-16,2022-08-16,PARMAX,X,31.9,31.9,29.8,29.8,29.2,17,662,20058.0
2022-08-16,2022-08-16,LLFICL,XT,135.1,135.1,135.1,135.1,142.2,71,1693,228724.0
2022-08-16,2022-08-16,DANUBE,X,60.5,60.6,60.5,60.6,57.75,1115,298463,18075241.0
2022-08-16,2022-08-16,RADIOCITY,B,24.5,24.8,24.3,24.65,24.6,144,15444,377345.0
2022-08-16,2022-08-16,DMART,A,4350.0,4410.95,4350.0,4402.45,4335.55,2049,12570,55230071.0
2022-08-16,2022-08-16,IFL,M,107.2,107.2,107.2,107.2,112.8,5,30000,3216000.0
2022-08-16,2022-08-16,ONTIC,X,1.5,1.51,1.44,1.49,1.44,266,238974,357554.0
2022-08-16,2022-08-16,SMLT,B,113.85,119.0,113.45,116.75,115.0,55,2815,326245.0
2022-08-16,2022-08-16,CHEMCRUX,T,313.85,313.85,313.85,313.85,330.35,1857,26490,8313886.0
2022-08-16,2022-08-16,MANOMAY,M,58.0,60.1,58.0,60.1,55.75,6,20000,1178800.0
2022-08-16,2022-08-16,MAXIMUS,T,229.9,232.5,215.05,232.5,221.45,75,2274,517312.0
2022-08-16,2022-08-16,CLEDUCATE,B,138.6,138.95,132.4,134.6,135.1,207,8811,1189789.0
2022-08-16,2022-08-16,PRIMEFRESH,M,108.2,117.5,108.2,117.5,112.25,2,3000,338550.0
2022-08-16,2022-08-16,OCEANIC,T,31.7,33.0,30.0,32.4,31.45,47,11331,363362.0
2022-08-16,2022-08-16,SHANKARA,A,678.8,707.35,678.8,696.9,697.65,318,1397,975116.0
2022-08-16,2022-08-16,CLFL,X,10.75,10.8,10.5,10.5,10.51,9,317,3409.0
2022-08-16,2022-08-16,STARLENT,B,95.6,98.95,86.2,95.0,95.35,90,3648,339819.0
2022-08-16,2022-08-16,SCHAND,B,148.0,148.0,140.35,140.9,141.15,530,13213,1882464.0
2022-08-16,2022-08-16,MEERA,B,77.8,77.8,74.75,75.1,77.85,106,4675,352767.0
2022-08-16,2022-08-16,IRBINVIT,IF,56.45,56.5,55.87,56.09,56.29,129,32488,1821233.0
2022-08-16,2022-08-16,HUDCO,A,37.6,38.6,37.6,38.0,37.6,1272,225071,8587005.0
2022-08-16,2022-08-16,PSPPROJECT,A,615.75,619.35,599.0,600.35,611.65,450,5655,3442031.0
2022-08-16,2022-08-16,GKL,B,16.2,16.45,15.7,16.0,16.25,141,17891,286171.0
2022-08-16,2022-08-16,YUG,M,58.0,58.0,54.75,56.35,57.6,11,44000,2448800.0
2022-08-16,2022-08-16,INDIGRID,IF,145.7,146.0,144.05,145.02,144.56,423,8170,1186436.0
2022-08-16,2022-08-16,VARIMAN,X,21.1,21.9,20.45,21.65,21.5,758,655680,13744314.0
2022-08-16,2022-08-16,STARCEMENT,A,95.5,95.5,90.15,91.25,91.35,416,11659,1071879.0
2022-08-16,2022-08-16,TEJASNET,A,468.0,488.25,468.0,482.9,466.75,1816,45584,21843634.0
2022-08-16,2022-08-16,ERIS,A,699.3,710.0,693.0,696.3,693.25,256,1021,715736.0
2022-08-16,2022-08-16,CONTAINER,XT,4.8,5.02,4.56,4.99,4.79,29,17777,83196.0
2022-08-16,2022-08-16,GTPL,B,167.35,185.3,161.35,170.3,160.5,869,23186,4044757.0
2022-08-16,2022-08-16,AUBANK,A,631.15,647.0,631.15,638.6,631.15,3080,49450,31618361.0
2022-08-16,2022-08-16,LOWVOLIETF,B,141.0,143.0,140.1,142.18,141.11,215,6013,853611.0
2022-08-16,2022-08-16,GGENG,B,2.9,2.98,2.84,2.98,2.84,1148,1817232,5357721.0
2022-08-16,2022-08-16,7NR,B,1.72,1.72,1.55,1.6,1.61,277,368107,600784.0
2022-08-16,2022-08-16,BHAGYAPROP,B,41.85,42.15,40.1,41.75,41.85,121,7338,305693.0
2022-08-16,2022-08-16,SALASAR,B,29.25,30.0,28.8,29.6,29.2,396,25557,749286.0
2022-08-16,2022-08-16,GANGESSECU,B,107.95,109.5,107.95,109.5,111.2,2,10,1087.0
2022-08-16,2022-08-16,PALASHSECU,B,88.95,89.95,88.95,89.95,89.95,6,26,2329.0
2022-08-16,2022-08-16,AVADHSUGAR,B,510.0,515.8,506.0,509.15,511.15,506,5819,2968885.0
2022-08-16,2022-08-16,MAGADSUGAR,B,300.2,303.1,294.0,302.9,297.55,321,4145,1244579.0
2022-08-16,2022-08-16,SPTL,B,3.99,4.06,3.82,3.92,3.96,942,977455,3811006.0
2022-08-16,2022-08-16,GSTL,B,39.35,42.0,39.0,39.75,38.9,87,15562,620567.0
2022-08-16,2022-08-16,NEXT50BETA,B,44.75,45.4,44.75,45.4,44.26,70,7564,343007.0
2022-08-16,2022-08-16,SIS,A,448.1,455.05,445.8,453.2,449.55,213,1405,629921.0
2022-08-16,2022-08-16,COCHINSHIP,A,337.0,338.05,334.9,335.95,336.3,627,7097,2388014.0
2022-08-16,2022-08-16,HALEOSLABS,B,661.45,662.4,650.0,662.4,667.0,24,536,350442.0
2022-08-16,2022-08-16,KIOCL,B,194.1,194.85,192.05,193.3,193.15,136,1145,221803.0
2022-08-16,2022-08-16,SMRUTHIORG,X,170.95,177.25,165.0,172.45,167.85,58,6198,1053629.0
2022-08-16,2022-08-16,ABCAPITAL,A,111.0,113.85,109.95,113.55,110.8,3480,279245,31449026.0
2022-08-16,2022-08-16,APEX,B,323.05,341.05,323.05,340.35,324.05,1726,17297,5768990.0
2022-08-16,2022-08-16,SHISHIND,T,203.7,210.15,203.7,203.7,214.4,1312,66957,13643664.0
2022-08-16,2022-08-16,ANG,B,151.95,152.0,142.8,147.05,158.65,1436,82801,11982033.0
2022-08-16,2022-08-16,DWL,M,203.0,213.45,203.0,213.45,213.5,2,600,124935.0
2022-08-16,2022-08-16,AMFL,XT,0.92,0.92,0.88,0.92,0.92,130,88536,79125.0
2022-08-16,2022-08-16,DIXON,A,3875.0,3917.0,3792.0,3898.3,3836.15,4518,17989,69392621.0
2022-08-16,2022-08-16,BRNL,B,34.0,34.0,33.2,33.3,34.3,165,16129,539835.0
2022-08-16,2022-08-16,DCAL,A,115.0,116.6,113.1,113.5,114.35,721,9912,1134523.0
2022-08-16,2022-08-16,LASA,T,32.15,33.5,31.7,33.0,33.25,198,19508,639432.0
2022-08-16,2022-08-16,MATRIMONY,A,781.85,793.0,774.45,785.95,795.35,173,1435,1125156.0
2022-08-16,2022-08-16,RHFL,B,3.15,3.21,3.12,3.16,3.17,184,161078,507994.0
2022-08-16,2022-08-16,CAPACITE,B,132.0,140.0,132.0,133.5,139.35,515,9440,1280122.0
2022-08-16,2022-08-16,SAGAR,M,37.5,49.0,37.5,46.8,44.95,4,21000,905700.0
2022-08-16,2022-08-16,ICICIGI,A,1237.55,1301.7,1237.55,1294.9,1237.55,2248,17305,22030919.0
2022-08-16,2022-08-16,PQIF,B,61.0,63.8,58.0,58.5,60.0,283,10455,619746.0
2022-08-16,2022-08-16,SBILIFE,A,1286.35,1321.0,1286.35,1310.15,1286.35,2045,24067,31502092.0
2022-08-16,2022-08-16,DIAMONDYD,B,776.05,786.05,773.35,778.35,761.45,30,321,250229.0
2022-08-16,2022-08-16,SHAREINDIA,A,1100.0,1175.0,1100.0,1162.75,1161.7,563,2620,3049833.0
2022-08-16,2022-08-16,TTFL,B,119.0,122.95,115.55,118.45,119.95,126,18886,2244131.0
2022-08-16,2022-08-16,POOJA,B,23.15,24.55,22.45,23.9,22.9,174,21098,494767.0
2022-08-16,2022-08-16,SAYAJIIND,X,205.0,210.9,202.6,210.9,205.0,11,434,89018.0
2022-08-16,2022-08-16,MEHAI,T,45.4,47.75,44.5,44.5,46.8,587,88817,4001622.0
2022-08-16,2022-08-16,IRIS,B,90.0,91.9,87.95,88.75,89.05,158,6546,580728.0
2022-08-16,2022-08-16,SGRL,B,242.45,242.65,231.05,235.35,231.15,100,2517,598907.0
2022-08-16,2022-08-16,STL,B,264.8,294.65,257.85,293.3,245.55,536,25067,7137082.0
2022-08-16,2022-08-16,GODREJAGRO,A,506.0,511.4,497.2,508.95,504.6,2052,33806,17161801.0
2022-08-16,2022-08-16,MASFIN,A,650.0,675.2,619.5,668.1,635.7,1053,8289,5368435.0
2022-08-16,2022-08-16,IEX,A,167.0,173.35,164.45,171.85,165.1,7457,604655,103153425.0
2022-08-16,2022-08-16,GICRE,A,120.0,123.6,120.0,122.3,120.9,1633,31782,3857544.0
2022-08-16,2022-08-16,SCPL,M,518.0,519.0,503.25,505.15,509.6,13,5200,2662740.0
2022-08-16,2022-08-16,TIINDIA,A,2245.0,2245.0,2185.0,2224.6,2237.85,1194,6635,14682901.0
2022-08-16,2022-08-16,NAM-INDIA,A,309.25,326.0,306.7,314.55,307.2,3435,109454,34795562.0
2022-08-16,2022-08-16,MAHLOG,A,491.0,491.0,478.6,482.75,482.75,678,7668,3695549.0
2022-08-16,2022-08-16,NIACL,A,89.0,93.45,88.1,92.45,87.8,2282,66525,6063383.0
2022-08-16,2022-08-16,IFGLEXPOR,B,269.8,269.8,252.5,257.9,267.55,545,7459,1909928.0
2022-08-16,2022-08-16,KHADIM,B,245.75,258.0,242.1,254.85,242.6,963,13763,3481118.0
2022-08-16,2022-08-16,5PAISA,B,289.25,289.25,279.15,282.1,282.85,186,3210,906304.0
2022-08-16,2022-08-16,HDFCLIFE,A,548.0,572.7,545.85,570.55,545.25,13927,398026,224250188.0
2022-08-16,2022-08-16,SHARIKA,B,10.05,10.3,9.51,9.68,10.0,424,104953,1025991.0
2022-08-16,2022-08-16,ICICIB22,A,52.0,52.18,51.78,52.06,51.81,216,27955,1453486.0
2022-08-16,2022-08-16,ASPIRA,X,50.05,52.8,50.0,51.0,51.9,24,2680,135832.0
2022-08-16,2022-08-16,DNAMEDIA,T,3.05,3.2,3.0,3.0,3.05,23,8322,25101.0
2022-08-16,2022-08-16,DYCL,B,144.85,150.8,143.0,143.65,144.85,309,14582,2155537.0
2022-08-16,2022-08-16,RATNABHUMI,T,94.25,94.25,87.25,87.6,90.0,8,4540,397925.0
2022-08-16,2022-08-16,SHALBY,B,119.8,127.05,118.5,126.55,116.8,698,13223,1655678.0
2022-08-16,2022-08-16,FSC,T,29.1,29.1,27.0,28.5,27.8,95,9433,264120.0
2022-08-16,2022-08-16,MRCAGRO,M,66.05,68.5,64.65,65.1,68.0,17,40000,2629000.0
2022-08-16,2022-08-16,DML,M,14.0,14.0,14.0,14.0,14.0,2,20000,280000.0
2022-08-16,2022-08-16,CRYSTAL,XT,33.15,34.8,31.5,31.5,33.15,3303,775229,26115852.0
2022-08-16,2022-08-16,VITESSE,XT,26.7,26.9,26.0,26.1,26.7,96,7970,212306.0
2022-08-16,2022-08-16,ASTRON,B,38.0,38.5,36.2,36.55,38.15,417,21427,788811.0
2022-08-16,2022-08-16,CHANDRIMA,X,4.35,4.35,4.35,4.35,4.35,1,3,13.0
2022-08-16,2022-08-16,JFL,MT,6.57,6.57,6.57,6.57,6.91,1,2000,13140.0
2022-08-16,2022-08-16,7SEASL,X,17.7,19.85,17.7,19.05,18.4,65,12303,230434.0
2022-08-16,2022-08-16,APOLLO,B,113.05,136.6,113.05,134.45,138.9,1430,27368,3617317.0
2022-08-16,2022-08-16,NEWGEN,A,417.0,424.1,412.7,420.65,412.9,2849,51448,21481205.0
2022-08-16,2022-08-16,PRAXIS,B,34.0,34.0,29.8,30.55,32.9,100,5467,171737.0
2022-08-16,2022-08-16,AMBER,A,2296.15,2348.4,2290.0,2304.0,2277.6,735,4573,10601814.0
2022-08-16,2022-08-16,TIRUFOAM,X,95.0,95.0,90.25,90.25,95.0,3,500,45600.0
2022-08-16,2022-08-16,ASHOKAMET,M,8.2,8.5,8.2,8.4,8.19,8,48000,404820.0
2022-08-16,2022-08-16,GALAXYSURF,A,3248.5,3251.5,3195.4,3223.55,3195.8,931,2312,7470179.0
2022-08-16,2022-08-16,GGL,B,10.1,10.1,9.38,9.62,9.82,106,23523,225448.0
2022-08-16,2022-08-16,MEDICO,B,99.65,99.65,91.15,92.9,98.85,118,2228,206594.0
2022-08-16,2022-08-16,GUJHYSPIN,M,11.49,11.49,11.49,11.49,10.96,1,10000,114900.0
2022-08-16,2022-08-16,KENVI,B,32.0,32.45,29.45,32.45,30.95,39,8525,260558.0
2022-08-16,2022-08-16,IWP,X,27.95,27.95,26.1,27.25,27.1,77,5120,137209.0
2022-08-16,2022-08-16,TDSL,B,21.8,22.0,19.8,21.25,20.85,377,57916,1224081.0
2022-08-16,2022-08-16,BHATIA,T,29.6,31.8,29.6,29.95,30.85,414,68621,2109087.0
2022-08-16,2022-08-16,SHIVAMILLS,B,106.0,106.0,100.05,101.95,97.6,96,1856,187901.0
2022-08-16,2022-08-16,ASTERDM,A,217.95,218.2,202.1,203.65,216.0,1528,46980,9723013.0
2022-08-16,2022-08-16,YSL,X,14000.0,14000.0,13994.95,13994.95,13928.0,7,25,349939.0
2022-08-16,2022-08-16,KANCOTEA,X,75.35,77.7,70.55,75.85,73.0,36,2294,173105.0
2022-08-16,2022-08-16,ANGEL,M,26.7,27.05,26.7,27.05,26.6,4,40000,1079000.0
2022-08-16,2022-08-16,HGINFRA,A,597.35,598.0,589.2,591.85,585.9,621,8171,4845108.0
2022-08-16,2022-08-16,INFLAME,M,425.0,490.0,425.0,472.65,483.5,16,8000,3808500.0
2022-08-16,2022-08-16,BPLPHARMA,XT,324.0,332.8,303.0,319.15,317.65,32,480,152100.0
2022-08-16,2022-08-16,LIQUIDETF,F,1000.0,1000.01,999.99,1000.0,1000.0,25,6190,6189996.0
2022-08-16,2022-08-16,BDL,A,829.0,855.0,822.25,852.35,821.5,2420,57038,47912005.0
2022-08-16,2022-08-16,ACTIVE,T,35.9,37.0,35.9,36.95,35.9,6,333,12139.0
2022-08-16,2022-08-16,GOYALALUM,M,88.05,88.1,87.95,88.0,93.0,13,61920,5449248.0
2022-08-16,2022-08-16,BANDHANBNK,A,274.0,281.3,272.85,280.3,271.35,8056,632319,176018206.0
2022-08-16,2022-08-16,HAL,A,2280.0,2308.6,2231.7,2297.95,2263.8,4270,36547,83157936.0
2022-08-16,2022-08-16,DHARAN,B,2.36,2.44,2.29,2.34,2.36,1765,3694248,8575331.0
2022-08-16,2022-08-16,SANDHAR,B,237.25,238.0,234.8,235.85,232.05,410,4771,1129546.0
2022-08-16,2022-08-16,YASHO,B,1544.9,1578.8,1540.0,1544.75,1544.9,1242,9731,15086640.0
2022-08-16,2022-08-16,BENARA,M,14.78,14.78,14.78,14.78,14.16,1,2000,29560.0
2022-08-16,2022-08-16,ISEC,A,479.0,493.85,477.95,491.2,477.4,2694,42084,20358966.0
2022-08-16,2022-08-16,MIDHANI,A,170.8,181.0,170.8,180.25,170.65,2051,38717,6905089.0
2022-08-16,2022-08-16,OBCL,B,123.0,123.0,111.1,114.3,114.25,94,5853,673598.0
2022-08-16,2022-08-16,LEMONTREE,A,75.0,75.75,71.9,72.3,74.75,4553,584421,42663303.0
2022-08-16,2022-08-16,CHEMFAB,B,253.3,253.3,235.75,236.85,241.25,478,19862,4885472.0
2022-08-16,2022-08-16,HARDWYN,B,192.0,193.15,182.0,190.7,190.9,362,8700,1635134.0
2022-08-16,2022-08-16,DLCL,M,18.8,18.8,18.8,18.8,23.5,1,4000,75200.0
2022-08-16,2022-08-16,ORIENTELEC,A,265.0,271.7,264.9,265.95,265.15,1399,39193,10533163.0
2022-08-16,2022-08-16,DHRUV,B,48.4,49.0,47.55,47.75,47.9,14,170,8255.0
2022-08-16,2022-08-16,AKSHAR,B,110.25,115.9,106.05,113.3,112.85,180,8761,990284.0
2022-08-16,2022-08-16,BSE500IETF,A,26.65,26.79,25.2,25.4,25.1,54,1485,38220.0
2022-08-16,2022-08-16,INDOSTAR,B,169.0,169.0,151.0,152.0,155.9,362,10503,1673760.0
2022-08-16,2022-08-16,MILEFUR,M,5.17,5.17,5.17,5.17,5.44,2,6000,31020.0
2022-08-16,2022-08-16,PARVATI,X,11.6,12.15,10.99,11.44,10.86,230,37955,437494.0
2022-08-16,2022-08-16,MEGASTAR,B,170.3,177.1,170.3,175.35,168.7,13,57,10017.0
2022-08-16,2022-08-16,INNOVATORS,M,58.05,58.05,58.05,58.05,59.35,1,1600,92880.0
2022-08-16,2022-08-16,UCIL,XT,83.6,83.6,83.6,83.6,86.6,1,40,3344.0
2022-08-16,2022-08-16,ZIMLAB,X,200.1,216.95,200.1,215.95,213.95,35,826,175930.0
2022-08-16,2022-08-16,AFFORDABLE,M,145.5,148.95,136.4,139.3,145.5,28,23200,3319920.0
2022-08-16,2022-08-16,DOLLAR,A,433.5,436.95,429.0,430.7,431.1,704,8824,3822624.0
2022-08-16,2022-08-16,NGIL,B,141.4,141.4,133.75,136.3,135.0,20,788,108066.0
2022-08-16,2022-08-16,PALMJEWELS,B,15.9,15.9,14.9,15.8,15.3,40,8009,124582.0
2022-08-16,2022-08-16,WAA,M,40.05,41.95,40.0,41.95,42.4,7,11200,455200.0
2022-08-16,2022-08-16,ADANIGREEN,A,2176.0,2227.0,2175.8,2217.55,2175.8,3012,33146,72989874.0
2022-08-16,2022-08-16,UNICK,XT,39.0,39.0,39.0,39.0,38.95,2,230,8970.0
2022-08-16,2022-08-16,SOLARA,A,388.65,392.0,381.85,384.3,383.7,909,5671,2196354.0
2022-08-16,2022-08-16,GAYAHWS,B,0.82,0.82,0.82,0.82,0.79,9,19870,16293.0
2022-08-16,2022-08-16,RITES,A,275.0,276.55,269.8,275.9,270.65,615,10628,2909526.0
2022-08-16,2022-08-16,FINEORG,A,6300.0,6300.0,6125.05,6200.45,6209.95,2636,9282,57471264.0
2022-08-16,2022-08-16,VARROC,A,352.4,353.05,336.9,342.6,332.85,2564,42105,14446406.0
2022-08-16,2022-08-16,RAJNISH,B,22.0,22.4,21.05,22.0,21.4,1330,958946,20939170.0
2022-08-16,2022-08-16,GUJWIND,XT,2.43,2.55,2.43,2.5,2.55,16,10009,25104.0
2022-08-16,2022-08-16,RAWEDGE,T,51.95,51.95,47.7,47.7,49.5,15,1105,53292.0
2022-08-16,2022-08-16,TCNSBRANDS,A,640.3,642.85,597.2,600.65,644.25,1063,8320,5043724.0
2022-08-16,2022-08-16,ASHNI,XT,1.9,1.9,1.81,1.81,1.9,24,58160,109319.0
2022-08-16,2022-08-16,RACONTEUR,M,25.5,25.5,25.5,25.5,24.4,1,1600,40800.0
2022-08-16,2022-08-16,HDFCAMC,A,1988.5,2202.9,1935.5,2180.75,1956.15,19043,12192901,23633515279.0
2022-08-16,2022-08-16,VIVANTA,X,16.6,17.85,16.6,17.18,17.34,63,5206,87609.0
2022-08-16,2022-08-16,FRATELLI,X,33.25,35.45,30.75,35.45,33.4,21,1639,54127.0
2022-08-16,2022-08-16,CREDITACC,A,1047.45,1075.0,1015.75,1029.2,1035.45,816,5664,5879819.0
2022-08-16,2022-08-16,AMINTAN,X,2.65,2.65,2.36,2.43,2.3,200,104334,257404.0
2022-08-16,2022-08-16,DEEP,B,182.0,182.8,178.0,178.4,181.45,315,9553,1720000.0
2022-08-16,2022-08-16,NEXT50IETF,B,44.18,44.3,43.21,44.04,43.36,60,1208,53112.0
2022-08-16,2022-08-16,ASRL,B,84.0,86.4,80.05,81.1,82.35,2948,166982,13731101.0
2022-08-16,2022-08-16,SPACEINCUBA,X,2.8,2.87,2.62,2.7,2.8,126,60879,164763.0
2022-08-16,2022-08-16,SGIL,B,176.4,176.4,165.0,166.95,178.15,113,3323,564907.0
2022-08-16,2022-08-16,LIQUIDIETF,F,1000.0,1000.8,1000.0,1000.0,1000.0,30,12684,12684057.0
2022-08-16,2022-08-16,IRCON,A,41.15,41.15,40.4,40.6,40.65,563,83010,3372632.0
2022-08-16,2022-08-16,SKYGOLD,M,245.0,246.0,245.0,246.0,240.95,6,32000,7852800.0
2022-08-16,2022-08-16,SETFSN50,A,524.0,524.0,521.0,522.33,517.0,24,187,97698.0
2022-08-16,2022-08-16,MANORAMA,B,1228.75,1237.7,1204.0,1224.4,1206.3,51,170,207428.0
2022-08-16,2022-08-16,INNOVATIVE,M,4.88,4.88,4.8,4.8,4.88,6,10000,48080.0
2022-08-16,2022-08-16,AAVAS,A,2194.95,2209.85,2163.7,2199.5,2188.8,1141,5272,11588057.0
2022-08-16,2022-08-16,GENERAAGRI,XT,5.79,5.79,5.75,5.75,5.52,26,6338,36682.0
2022-08-16,2022-08-16,GRSE,A,280.0,285.4,276.0,277.9,277.85,1603,51047,14290920.0
2022-08-16,2022-08-16,A1L,B,316.5,316.5,309.8,315.5,314.45,162,13739,4341078.0
2022-08-16,2022-08-16,DOLFIN,B,98.75,101.0,95.0,96.6,98.75,125,7017,691513.0
2022-08-16,2022-08-16,SHUBHAM,T,297.05,305.0,297.0,305.0,290.5,2554,215106,64853601.0
2022-08-16,2022-08-16,AKI,M,67.95,67.95,67.95,67.95,64.75,1,6500,441675.0
2022-08-16,2022-08-16,SUNRETAIL,M,0.7,0.7,0.69,0.69,0.7,8,384000,267840.0
2022-08-16,2022-08-16,SMGOLD,B,59.05,59.05,56.5,57.2,57.85,248,11311,647840.0
2022-08-16,2022-08-16,VIVIDM,B,35.2,35.2,32.5,32.75,34.15,21,1197,39110.0
2022-08-16,2022-08-16,BCPL,B,38.85,40.15,38.05,39.3,38.15,307,21142,826199.0
2022-08-16,2022-08-16,ATGL,A,3430.0,3500.0,3423.15,3490.25,3423.15,1201,10914,37789719.0
2022-08-16,2022-08-16,PHOSPHATE,X,83.2,83.25,83.15,83.25,87.5,15,1045,86989.0
2022-08-16,2022-08-16,NIFTYETF,B,180.46,188.0,180.46,185.51,186.04,95,1852,342427.0
2022-08-16,2022-08-16,TECHNOE,A,290.05,290.05,270.7,279.85,294.6,1182,17119,4778585.0
2022-08-16,2022-08-16,DGL,MT,2.1,2.1,1.9,2.1,2.0,9,24000,48520.0
2022-08-16,2022-08-16,NIVAKA,XT,4.41,4.41,3.99,4.24,4.2,41,3880,16213.0
2022-08-16,2022-08-16,DALBHARAT,A,1568.55,1595.0,1557.5,1583.65,1559.8,733,4237,6702599.0
2022-08-16,2022-08-16,ABSLNN50ET,B,42.65,43.8,42.65,43.8,43.39,44,3025,131515.0
2022-08-16,2022-08-16,NILASPACES,B,2.95,3.0,2.9,2.98,2.93,85,214940,634836.0
2022-08-16,2022-08-16,SRD,T,128.9,134.15,123.9,134.0,129.35,964,54107,7016000.0
2022-08-16,2022-08-16,TREJHARA,B,62.55,69.9,62.55,66.3,65.1,291,21407,1448985.0
2022-08-16,2022-08-16,AXISCCGPG,B,16.55,16.55,15.35,15.35,15.75,3,1011,15532.0
2022-08-16,2022-08-16,DECCAN,M,33.0,33.7,33.0,33.7,32.0,2,2400,80040.0
2022-08-16,2022-08-16,AXITA,B,296.7,319.15,290.65,315.8,296.15,651,31945,9866009.0
2022-08-16,2022-08-16,KPIGREEN,B,812.3,837.7,780.0,806.25,728.0,7492,127168,102800242.0
2022-08-16,2022-08-16,RPSGVENT,A,521.0,545.95,521.0,543.6,530.65,189,1092,588810.0
2022-08-16,2022-08-16,SPENCERS,B,74.0,74.55,72.85,73.3,73.65,373,6612,487853.0
2022-08-16,2022-08-16,GLOSTERLTD,X,1135.35,1162.0,1134.0,1147.15,1154.15,91,1373,1572612.0
2022-08-16,2022-08-16,XELPMOC,B,180.0,181.0,173.0,175.1,179.95,299,4608,811097.0
2022-08-16,2022-08-16,RITCO,B,143.25,185.3,143.25,176.65,154.45,1818,80113,14111444.0
2022-08-16,2022-08-16,CHALET,A,338.5,361.05,336.05,358.75,335.6,4586,98075,34379802.0
2022-08-16,2022-08-16,ANMOL,B,177.2,177.2,172.0,175.5,174.7,16,232,40794.0
2022-08-16,2022-08-16,JONJUA,M,8.99,9.04,8.97,9.0,9.44,15,44265,398532.0
2022-08-16,2022-08-16,KRANTI,B,67.0,73.0,67.0,68.3,66.25,312,44437,3117517.0
2022-08-16,2022-08-16,ANUP,B,837.75,844.8,820.0,821.8,837.05,69,442,366340.0
2022-08-16,2022-08-16,ARVINDFASN,A,273.0,276.8,262.1,265.3,273.45,673,14352,3826958.0
2022-08-16,2022-08-16,SNXT50BETA,A,51.8,52.0,51.8,51.93,51.33,8,300,15570.0
2022-08-16,2022-08-16,AGOL,T,45.0,48.05,44.0,46.0,45.8,108,79822,3544087.0
2022-08-16,2022-08-16,MSTCLTD,A,255.55,258.35,247.8,249.15,254.0,1050,19728,4995307.0
2022-08-16,2022-08-16,EMBASSY,IF,378.8,378.8,374.0,374.39,376.37,851,11891,4467515.0
2022-08-16,2022-08-16,CHANDNIMACH,X,26.6,26.6,25.3,25.3,26.65,8,1690,43995.0
2022-08-16,2022-08-16,NSL,M,61.7,61.7,55.75,55.8,61.9,17,57000,3321600.0
2022-08-16,2022-08-16,RVNL,A,31.0,31.2,30.95,31.0,30.95,1873,458782,14242905.0
2022-08-16,2022-08-16,METROPOLIS,A,1480.3,1491.65,1437.45,1446.95,1488.65,2565,16098,23384242.0
2022-08-16,2022-08-16,KPITTECH,A,575.5,580.0,561.05,563.5,569.9,9596,209055,118978574.0
2022-08-16,2022-08-16,POLYCAB,A,2410.15,2446.0,2407.15,2441.1,2409.1,1080,4703,11404750.0
2022-08-16,2022-08-16,VRFILMS,M,510.0,511.0,460.0,484.0,488.0,10,3250,1594075.0
2022-08-16,2022-08-16,VIKASLIFE,T,5.0,5.1,4.92,5.01,4.95,1889,1139573,5710627.0
2022-08-16,2022-08-16,NEOGEN,A,1449.0,1477.0,1449.0,1462.0,1447.45,473,1707,2499192.0
2022-08-16,2022-08-16,GKP,B,284.05,288.8,284.05,288.65,280.8,3737,813312,234069349.0
2022-08-16,2022-08-16,WORL,B,149.0,149.0,136.2,139.95,142.15,167,21643,3021876.0
2022-08-16,2022-08-16,BMW,X,25.1,25.85,23.9,24.8,25.1,138,16884,417807.0
2022-08-16,2022-08-16,AEPL,B,47.0,52.7,47.0,52.0,51.4,42,1964,101638.0
2022-08-16,2022-08-16,MAHESH,X,7.15,7.15,7.15,7.15,7.52,2,24,171.0
2022-08-16,2022-08-16,DEL,X,22.15,22.25,22.15,22.25,23.25,26,25800,572089.0
2022-08-16,2022-08-16,HARISH,X,37.75,39.6,37.75,39.5,37.75,4,76,2967.0
2022-08-16,2022-08-16,PPL,B,176.45,178.25,172.0,174.9,176.45,1381,30619,5366103.0
2022-08-16,2022-08-16,DGCONTENT,B,14.2,14.65,13.75,14.25,14.3,29,934,13275.0
2022-08-16,2022-08-16,PARSHVA,T,163.0,171.0,154.85,163.9,163.0,14,217,34604.0
2022-08-16,2022-08-16,ARL,B,49.5,54.0,49.5,52.6,53.4,132,5753,301001.0
2022-08-16,2022-08-16,MURAE,B,2.68,2.71,2.51,2.55,2.59,1741,2194113,5680803.0
2022-08-16,2022-08-16,SBC,B,6.95,6.95,6.63,6.71,6.81,324,257551,1729146.0
2022-08-16,2022-08-16,INDIAMART,A,4261.1,4397.0,4261.1,4381.85,4260.75,1616,6921,30145528.0
2022-08-16,2022-08-16,DCMNVL,B,181.1,183.0,177.0,178.75,180.0,169,3431,615595.0
2022-08-16,2022-08-16,BANKIETF,B,392.0,394.99,391.58,392.41,390.84,34,93,36558.0
2022-08-16,2022-08-16,SNXT50BEES,A,50.55,51.55,50.55,51.55,50.65,43,2147,110560.0
2022-08-16,2022-08-16,AFFLE,A,1171.05,1225.95,1159.05,1217.0,1167.65,2983,41335,49598374.0
2022-08-16,2022-08-16,SEACOAST,X,3.19,3.19,3.19,3.19,3.04,127,407780,1300818.0
2022-08-16,2022-08-16,SFMP15GD,F,10.17,10.17,10.17,10.17,9.25,1,1,10.0
2022-08-16,2022-08-16,PVTBANIETF,B,197.5,201.41,197.5,198.54,197.17,47,1122,224837.0
2022-08-16,2022-08-16,SPANDANA,B,469.8,490.0,466.85,474.95,469.35,1983,24213,11594413.0
2022-08-16,2022-08-16,SWSOLAR,A,278.45,284.0,275.05,281.4,279.05,1296,30405,8465115.0
2022-08-16,2022-08-16,ALPHALOGIC,B,48.7,56.9,48.7,51.5,53.05,301,16660,884066.0
2022-08-16,2022-08-16,360ONE,A,1726.9,1726.9,1641.45,1664.75,1651.25,216,670,1111443.0
2022-08-16,2022-08-16,IIFLCAPS,A,68.65,71.7,68.65,69.85,68.4,304,10311,719624.0
2022-08-16,2022-08-16,MUFIN,X,152.05,160.0,152.05,154.1,156.55,124,7088,1100045.0
2022-08-16,2022-08-16,MISQUITA,M,44.9,44.9,44.9,44.9,44.9,2,4000,179600.0
2022-08-16,2022-08-16,GALACTICO,T,48.55,48.55,48.55,48.55,51.1,283,36337,1764161.0
2022-08-16,2022-08-16,VEL,XT,30.35,32.45,30.35,32.4,30.95,21,4215,136613.0
2022-08-16,2022-08-16,NIESSPJ,B,25.85,25.85,25.8,25.85,23.6,2,2,51.0
2022-08-16,2022-08-16,FLUOROCHEM,A,3600.0,3684.0,3588.0,3647.75,3559.15,2853,18465,67149805.0
2022-08-16,2022-08-16,NIEHSPI,B,4.15,4.15,3.43,3.43,3.78,9,1106,3795.0
2022-08-16,2022-08-16,IRCTC,A,668.2,675.9,665.6,668.2,666.55,10992,211532,141553409.0
2022-08-16,2022-08-16,NIEHSPD,B,1.04,1.04,0.93,1.0,0.98,13,4302,4298.0
2022-08-16,2022-08-16,NIEHSPE,B,2.05,2.2,2.05,2.19,2.0,23,4540,9930.0
2022-08-16,2022-08-16,NIESSPK,B,1.63,1.63,1.63,1.63,1.49,1,4,6.0
2022-08-16,2022-08-16,NIEHSPG,B,3.61,3.61,3.58,3.58,3.97,13,1061,3812.0
2022-08-16,2022-08-16,NIEHSPH,B,1.77,1.99,1.77,1.87,1.84,9,687,1336.0
2022-08-16,2022-08-16,NIEHSPJ,B,5.5,5.5,5.5,5.5,5.92,3,521,2865.0
2022-08-16,2022-08-16,NIEHSPL,B,1.18,1.2,1.18,1.18,1.12,11,23420,27744.0
2022-08-16,2022-08-16,NIESSPL,B,0.85,0.85,0.81,0.84,0.9,47,35551,29407.0
2022-08-16,2022-08-16,NIESSPM,B,3.33,3.78,3.1,3.16,3.44,20,2005,6299.0
2022-08-16,2022-08-16,GOBLIN,M,30.7,30.95,30.7,30.95,25.8,20,42000,1298800.0
2022-08-16,2022-08-16,GENSOL,M,1305.2,1305.2,1305.2,1305.2,1243.05,11,9044,11804228.0
2022-08-16,2022-08-16,VISHWARAJ,B,17.25,17.7,17.2,17.45,17.4,666,167736,2903062.0
2022-08-16,2022-08-16,GREENPANEL,A,444.8,447.4,436.8,440.3,442.3,1490,15217,6701847.0
2022-08-16,2022-08-16,SHAHLON,X,14.0,14.0,11.35,13.14,13.88,111,19082,248170.0
2022-08-16,2022-08-16,ABSLBANETF,B,39.1,39.4,38.8,39.39,39.18,46,830,32509.0
2022-08-16,2022-08-16,ANUROOP,M,23.65,23.7,22.65,22.7,24.75,5,50000,1157000.0
2022-08-16,2022-08-16,CSBBANK,A,211.9,211.9,205.0,206.05,207.1,705,23417,4850062.0
2022-08-16,2022-08-16,ABCRSPRG,F,1.2,1.2,1.08,1.19,1.2,7,2107,2288.0
2022-08-16,2022-08-16,ABCRSPDG,F,1.41,1.41,1.41,1.41,1.41,4,3200,4512.0
2022-08-16,2022-08-16,ABDBSPRG,F,2.4,2.4,2.4,2.4,2.4,3,655,1572.0
2022-08-16,2022-08-16,ABMTSPRDG,F,3.4,3.4,3.4,3.4,3.45,1,25,85.0
2022-08-16,2022-08-16,ABMTSPRG,F,3.97,3.97,3.97,3.97,3.61,1,1,3.0
2022-08-16,2022-08-16,ABMTSPRQD,F,2.48,2.48,2.48,2.48,2.27,1,1,2.0
2022-08-16,2022-08-16,UJJIVANSFB,B,19.95,21.35,19.95,21.05,19.75,2843,1158063,24181284.0
2022-08-16,2022-08-16,HINDWAREAP,A,301.35,323.55,301.35,317.3,310.3,899,5996,1886109.0
2022-08-16,2022-08-16,PRINCEPIPE,A,598.0,603.0,595.1,597.55,600.05,3676,28518,17049251.0
2022-08-16,2022-08-16,EBBETF0423,F,1185.2,1185.2,1185.2,1185.2,1183.11,1,1,1185.0
2022-08-16,2022-08-16,EBBETF0430,F,1203.65,1203.65,1203.65,1203.65,1197.23,1,2,2407.0
2022-08-16,2022-08-16,GIANLIFE,M,35.75,35.75,34.0,34.15,35.75,14,46200,1591755.0
2022-08-16,2022-08-16,ARTEMISMED,B,55.0,57.55,55.0,55.8,56.25,358,22232,1246260.0
2022-08-16,2022-08-16,SUMICHEM,A,468.7,482.35,468.7,479.85,471.85,1537,25987,12421016.0
2022-08-16,2022-08-16,MIDCAPIETF,B,117.01,120.69,117.01,119.99,117.61,64,906,107648.0
2022-08-16,2022-08-16,NEXT50,B,426.0,432.13,425.5,431.96,426.75,73,1310,562134.0
2022-08-16,2022-08-16,JANUSCORP,M,7.55,7.95,7.0,7.45,7.23,31,49500,363540.0
2022-08-16,2022-08-16,BIRLATYRES,T,4.05,4.2,3.8,4.2,4.0,476,476857,1825617.0
2022-08-16,2022-08-16,UNIVPHOTO,B,509.2,515.0,508.0,508.0,509.1,44,120,61367.0
2022-08-16,2022-08-16,OCTAVIUSPL,X,52.15,52.15,52.15,52.15,54.85,8,1673,87246.0
2022-08-16,2022-08-16,COHANCE,A,450.1,459.35,446.35,456.9,454.25,1340,20847,9400413.0
2022-08-16,2022-08-16,SBICARD,A,953.75,968.0,953.75,961.15,953.75,1869,21336,20497520.0
2022-08-16,2022-08-16,07GPG,F,1.25,1.25,1.08,1.09,1.2,14,1624,1779.0
2022-08-16,2022-08-16,09AGG,F,109.84,109.84,109.84,109.84,99.86,10,82,9006.0
2022-08-16,2022-08-16,09GPG,F,1.87,1.87,1.53,1.87,1.7,6,866,1513.0
2022-08-16,2022-08-16,08MPD,B,4.09,4.09,3.65,3.91,3.72,15,288,1166.0
2022-08-16,2022-08-16,08GPG,B,1.36,1.36,1.19,1.23,1.24,40,62369,76168.0
2022-08-16,2022-08-16,10ARD,F,113.7,114.65,101.0,113.91,104.23,82,823,92342.0
2022-08-16,2022-08-16,10GPG,F,0.9,0.9,0.84,0.89,0.85,9,1611,1420.0
2022-08-16,2022-08-16,ROJL,M,19.8,19.8,17.46,17.46,16.5,2,21000,391230.0
2022-08-16,2022-08-16,11DPR,B,9.33,9.33,7.65,7.77,8.49,28,1365,11165.0
2022-08-16,2022-08-16,11GPG,B,1.72,1.72,1.5,1.53,1.6,50,15857,24086.0
2022-08-16,2022-08-16,11MPD,B,2.15,2.15,1.9,1.91,1.99,29,6860,13246.0
2022-08-16,2022-08-16,11MPR,B,6.02,6.02,6.02,6.02,6.03,1,100,602.0
2022-08-16,2022-08-16,11QPD,B,1.86,2.12,1.81,1.94,1.95,21,4015,7561.0
2022-08-16,2022-08-16,11AGG,B,11.9,11.9,9.79,10.39,10.87,47,3141,32385.0
2022-08-16,2022-08-16,11AMD,B,27.15,29.75,25.0,25.9,27.05,43,619,17043.0
2022-08-16,2022-08-16,11DPD,B,2.95,3.0,2.77,2.91,2.79,23,7448,21127.0
2022-08-16,2022-08-16,POWERINDIA,A,3190.0,3342.3,3190.0,3328.85,3236.5,884,3709,12218282.0
2022-08-16,2022-08-16,DJML,M,59.0,59.0,59.0,59.0,57.85,1,2000,118000.0
2022-08-16,2022-08-16,NATURAL,X,5.2,5.2,4.55,4.94,5.05,151,79016,378865.0
2022-08-16,2022-08-16,AARTISURF,B,740.0,779.95,740.0,765.35,753.55,281,1292,987247.0
2022-08-16,2022-08-16,BONLON,M,65.65,65.65,65.65,65.65,62.55,1,4000,262600.0
2022-08-16,2022-08-16,BOROLTD,A,329.0,351.7,328.65,343.4,330.15,1639,34015,11547970.0
2022-08-16,2022-08-16,ROSSARI,A,941.2,953.1,936.0,947.5,945.45,333,1839,1739611.0
2022-08-16,2022-08-16,NDRAUTO,B,393.75,407.0,390.0,406.65,387.9,270,4390,1758783.0
2022-08-16,2022-08-16,MINDSPACE,IF,368.0,371.17,368.0,369.06,370.02,400,4736,1750041.0
2022-08-16,2022-08-16,SBGLP,M,200.05,200.05,200.0,200.0,210.0,2,2000,400050.0
2022-08-16,2022-08-16,ALPL30IETF,B,169.5,171.12,169.45,170.78,168.94,34,259,44198.0
2022-08-16,2022-08-16,MAXHEALTH,A,355.0,404.6,353.0,396.7,361.55,53509,264965257,93598458538.0
2022-08-16,2022-08-16,ITIETF,B,310.0,310.19,308.15,309.63,308.1,81,4424,1364987.0
2022-08-16,2022-08-16,MAXIND,B,78.0,79.65,77.4,78.3,77.45,303,23282,1818035.0
2022-08-16,2022-08-16,HDFCNIFBAN,B,394.0,396.0,393.25,394.5,392.0,38,163,64312.0
2022-08-16,2022-08-16,BANKBETA,B,39.5,40.11,39.25,39.5,39.52,44,5000,198235.0
2022-08-16,2022-08-16,HAPPSTMNDS,A,979.2,1013.65,979.2,999.1,979.8,7371,82760,82762899.0
2022-08-16,2022-08-16,ROUTE,A,1470.0,1499.0,1470.0,1480.2,1467.8,781,6299,9354602.0
2022-08-16,2022-08-16,SAMRATFORG,X,105.0,105.0,99.75,105.0,105.0,5,261,26355.0
2022-08-16,2022-08-16,ADVAIT,M,200.5,236.0,200.5,236.0,197.0,8,8000,1836100.0
2022-08-16,2022-08-16,ADL,T,57.35,61.5,57.2,61.5,60.2,13,742,42751.0
2022-08-16,2022-08-16,CAMS,A,2375.0,2425.35,2375.0,2407.7,2374.4,2528,10469,25158563.0
2022-08-16,2022-08-16,CHEMCON,B,424.55,427.0,408.7,414.15,415.7,1767,28542,11919461.0
2022-08-16,2022-08-16,SECMARK,M,135.0,135.0,135.0,135.0,135.0,1,1000,135000.0
2022-08-16,2022-08-16,ANGELONE,A,1281.0,1302.55,1273.0,1288.4,1281.25,1267,13964,17934202.0
2022-08-16,2022-08-16,ATAM,M,299.25,299.25,299.25,299.25,315.0,1,1500,448875.0
2022-08-16,2022-08-16,MAZDOCK,A,312.25,324.45,310.0,319.5,311.4,2389,56090,17838316.0
2022-08-16,2022-08-16,UTIAMC,A,768.0,895.0,766.85,861.8,749.35,8179,83773,71402644.0
2022-08-16,2022-08-16,GMPL,M,278.3,278.3,278.3,278.3,265.05,1,800,222640.0
2022-08-16,2022-08-16,LIKHITHA,B,297.15,297.6,283.95,292.0,291.8,449,6107,1774230.0
2022-08-16,2022-08-16,VGIL,M,153.0,167.0,153.0,167.0,160.0,2,2000,320000.0
2022-08-16,2022-08-16,HEMIPROP,A,100.55,104.45,100.55,103.15,100.55,1523,121837,12566267.0
2022-08-16,2022-08-16,EQUITASBNK,A,43.2,44.55,43.2,44.45,43.2,1003,2089731,90741138.0
2022-08-16,2022-08-16,SHINEFASH,M,47.0,47.0,47.0,47.0,49.0,1,2000,94000.0
2022-08-16,2022-08-16,GLAND,A,2361.0,2374.1,2334.4,2339.45,2363.3,602,2939,6886502.0
2022-08-16,2022-08-16,ESG,B,29.8,29.96,29.62,29.9,29.7,20,572,16998.0
2022-08-16,2022-08-16,RBA,A,123.55,124.9,119.0,122.5,123.2,3237,181246,22133593.0
2022-08-16,2022-08-16,TARC,B,39.1,39.1,37.6,38.1,38.35,636,33215,1260192.0
2022-08-16,2022-08-16,RVHL,B,21.35,21.95,20.65,20.85,21.3,23,1201,25722.0
2022-08-16,2022-08-16,FAIRCHEMOR,A,1960.0,2046.5,1922.0,1994.8,1911.65,2018,6735,13433506.0
2022-08-16,2022-08-16,BECTORFOOD,A,346.0,360.6,340.65,342.7,349.75,997,23125,8135439.0
2022-08-16,2022-08-16,AWHCL,B,318.75,326.5,315.45,319.1,326.4,1364,19798,6312521.0
2022-08-16,2022-08-16,INFRABEES,B,521.0,536.0,520.1,528.78,523.3,62,337,177570.0
2022-08-16,2022-08-16,RFLL,X,19.5,19.5,18.0,18.5,18.9,38,29248,540724.0
2022-08-16,2022-08-16,IRFC,A,21.3,21.45,21.25,21.35,21.35,2422,605043,12918364.0
2022-08-16,2022-08-16,INDIGOPNTS,A,1491.1,1536.75,1491.1,1507.2,1504.1,315,907,1375694.0
2022-08-16,2022-08-16,HOMEFIRST,A,950.0,1004.4,950.0,965.25,932.65,4528,45442,44459109.0
2022-08-16,2022-08-16,STOVEKRAFT,A,563.0,581.75,552.05,578.6,563.9,1064,13438,7721993.0
2022-08-16,2022-08-16,BIRET,IF,342.4,342.4,338.03,339.92,339.53,247,5475,1860216.0
2022-08-16,2022-08-16,MRP,M,51.75,51.8,51.75,51.75,51.65,4,30000,1552650.0
2022-08-16,2022-08-16,SMCGLOBAL,B,85.55,87.65,84.45,87.6,85.1,158,7404,638613.0
2022-08-16,2022-08-16,NURECA,B,1010.0,1032.0,985.0,1011.2,1037.0,5635,74764,76063560.0
2022-08-16,2022-08-16,RAILTEL,A,98.5,100.45,98.5,99.8,98.55,1918,92815,9269020.0
2022-08-16,2022-08-16,HERANBA,A,561.0,586.8,542.05,564.35,596.85,2949,26101,14679363.0
2022-08-16,2022-08-16,DAVANGERE,X,28.15,28.15,25.55,25.55,26.85,24,11207,287198.0
2022-08-16,2022-08-16,DRCSYSTEMS,B,37.75,37.75,37.75,37.75,39.7,2,31,1170.0
2022-08-16,2022-08-16,ADJIA,MS,31.0,31.0,29.0,29.0,30.0,2,3200,96000.0
2022-08-16,2022-08-16,MTARTECH,A,1609.95,1641.65,1563.95,1600.1,1559.85,2787,21333,34369163.0
2022-08-16,2022-08-16,JUBLINGREA,A,472.5,493.45,472.5,484.3,476.95,2088,44993,21825752.0
2022-08-16,2022-08-16,EASEMYTRIP,A,395.0,409.7,395.0,401.85,399.65,1370,35452,14342231.0
2022-08-16,2022-08-16,KMEW,M,474.95,492.85,455.0,492.85,469.4,27,25500,12364200.0
2022-08-16,2022-08-16,SUUMAYA,M,22.8,22.8,21.1,22.05,22.15,42,21150,460575.0
2022-08-16,2022-08-16,ANURAS,A,753.35,755.05,745.0,748.1,750.9,422,2515,1885216.0
2022-08-16,2022-08-16,CRAFTSMAN,A,2758.1,2770.8,2675.45,2689.0,2727.85,1100,3471,9450376.0
2022-08-16,2022-08-16,LXCHEM,A,315.2,328.75,315.2,324.35,314.95,7041,290005,93723204.0
2022-08-16,2022-08-16,KALYANKJIL,A,70.0,71.4,69.45,70.2,69.9,694,62608,4416253.0
2022-08-16,2022-08-16,SURYODAY,B,92.3,93.55,83.45,91.45,92.3,755,18171,1667244.0
2022-08-16,2022-08-16,NAZARA,A,633.0,675.0,626.1,658.8,643.1,5289,58095,38074626.0
2022-08-16,2022-08-16,SUVIDHAA,B,6.25,6.42,5.96,6.07,6.31,551,155281,955545.0
2022-08-16,2022-08-16,UFBL,A,1195.0,1195.0,1127.85,1135.5,1145.85,833,7299,8327038.0
2022-08-16,2022-08-16,EKI,B,1748.0,1768.0,1620.0,1741.2,1724.05,7670,109850,188341005.0
2022-08-16,2022-08-16,RCAN,M,30.65,32.0,30.65,31.7,31.9,5,36000,1130400.0
2022-08-16,2022-08-16,ARTEMISADR,M,15.8,15.8,15.35,15.65,15.3,16,132000,2062800.0
2022-08-16,2022-08-16,LODHA,A,1098.05,1118.35,1096.55,1112.25,1095.15,1938,433583,477262612.0
2022-08-16,2022-08-16,DEEPINDS,B,198.0,201.0,192.4,199.2,195.0,324,7666,1500241.0
2022-08-16,2022-08-16,PGINVIT,IF,136.99,136.99,135.6,136.6,136.25,268,42787,5828800.0
2022-08-16,2022-08-16,MAFANG,B,45.14,45.98,45.02,45.34,44.97,855,120572,5479450.0
2022-08-16,2022-08-16,HEALTHIETF,B,81.4,82.5,81.3,81.83,81.3,31,3649,299385.0
2022-08-16,2022-08-16,IWEL,B,540.0,545.0,527.6,533.5,531.85,32,423,225707.0
2022-08-16,2022-08-16,VINEETLAB,B,58.1,59.05,57.85,58.95,57.35,37,649,37718.0
2022-08-16,2022-08-16,SHYAMMETL,A,295.0,303.3,295.0,299.85,298.35,539,14484,4338218.0
2022-08-16,2022-08-16,SONACOMS,A,571.1,575.2,558.5,570.2,569.9,5736,84589,47883722.0
2022-08-16,2022-08-16,NAVODAYENT,M,6.9,6.9,6.9,6.9,7.1,1,6000,41400.0
2022-08-16,2022-08-16,DODLA,B,538.55,538.55,501.55,511.3,502.95,225,1666,850730.0
2022-08-16,2022-08-16,KIMS,A,1254.0,1259.5,1223.0,1226.95,1259.65,378,1338,1659009.0
2022-08-16,2022-08-16,TIMESGREEN,M,62.6,62.6,62.6,62.6,65.0,1,2000,125200.0
2022-08-16,2022-08-16,IPL,A,281.15,286.05,280.4,282.85,280.15,208,2497,704601.0
2022-08-16,2022-08-16,GRINFRA,A,1427.45,1429.0,1399.1,1411.25,1414.1,230,427,606089.0
2022-08-16,2022-08-16,CLEAN,A,1640.0,1662.95,1625.45,1644.15,1622.45,2473,11854,19518831.0
2022-08-16,2022-08-16,ETERNAL,A,62.5,67.35,62.5,64.25,61.75,42503,14346075,925217475.0
2022-08-16,2022-08-16,TATVA,A,2419.0,2431.1,2380.0,2387.95,2428.55,270,514,1235512.0
2022-08-16,2022-08-16,ALIVUS,A,441.7,443.0,440.0,440.6,437.25,332,2729,1203696.0
2022-08-16,2022-08-16,BFSI,B,18.21,18.35,18.21,18.26,18.17,84,8026,146854.0
2022-08-16,2022-08-16,ROLEXRINGS,A,1768.75,1833.7,1765.0,1794.1,1761.4,894,3516,6329173.0
2022-08-16,2022-08-16,FMCGIETF,B,433.0,440.0,433.0,436.12,431.92,28,115,50441.0
2022-08-16,2022-08-16,EXXARO,B,109.05,110.0,105.8,107.25,109.55,387,13387,1440129.0
2022-08-16,2022-08-16,KRSNAA,A,462.0,475.95,462.0,465.3,461.7,991,8704,4072483.0
2022-08-16,2022-08-16,WINDLAS,B,215.85,217.95,212.55,213.75,215.2,429,7228,1547649.0
2022-08-16,2022-08-16,DEVYANI,A,204.9,211.25,201.4,203.25,202.2,5982,360932,74237147.0
2022-08-16,2022-08-16,MOL,A,125.3,129.3,125.05,126.55,125.25,2345,183804,23356931.0
2022-08-16,2022-08-16,EPIGRAL,A,1420.0,1524.8,1400.05,1507.55,1425.4,3331,29282,43662943.0
2022-08-16,2022-08-16,CARTRADE,A,641.05,643.15,635.0,635.55,638.45,358,1927,1230726.0
2022-08-16,2022-08-16,NUVOCO,A,344.0,359.1,340.5,352.15,338.95,1218,36089,12577862.0
2022-08-16,2022-08-16,APTUS,A,287.2,298.0,287.2,295.9,289.9,1041,13419,3924093.0
2022-08-16,2022-08-16,CHEMPLASTS,A,457.45,462.5,451.05,453.5,460.1,1349,32756,14971837.0
2022-08-16,2022-08-16,SHARPLINE,XT,15.8,16.2,14.7,14.7,15.45,1310,229480,3470834.0
2022-08-16,2022-08-16,AASHKA,M,37.55,38.05,37.55,37.8,38.05,12,14000,527750.0
2022-08-16,2022-08-16,ITAXIS,B,306.09,312.0,306.09,306.33,306.55,25,157,48257.0
2022-08-16,2022-08-16,HEALTHAXIS,B,81.7,82.3,81.0,82.0,81.22,20,38,3096.0
2022-08-16,2022-08-16,ACUTAAS,A,1014.6,1020.0,1001.0,1007.1,1009.45,755,5604,5662910.0
2022-08-16,2022-08-16,VIJAYA,A,351.0,358.65,347.0,355.45,356.0,785,4149,1455135.0
2022-08-16,2022-08-16,CONSUMAXIS,B,77.3,78.85,76.75,78.62,77.45,24,444,34698.0
2022-08-16,2022-08-16,SANSERA,A,737.8,737.8,725.9,734.2,729.15,1536,19595,14307448.0
2022-08-16,2022-08-16,PREVEST,M,348.0,348.0,327.5,337.25,342.0,55,23600,7917580.0
2022-08-16,2022-08-16,MARKOLINES,M,102.55,103.0,101.7,102.45,105.0,5,8000,819920.0
2022-08-16,2022-08-16,MASPTOP50,B,27.76,29.11,26.13,28.95,28.61,384,14256,411724.0
2022-08-16,2022-08-16,PARAS,B,664.7,664.7,643.15,645.8,647.05,809,8545,5527784.0
2022-08-16,2022-08-16,SVRL,M,142.55,142.55,142.0,142.55,135.8,27,32000,4560050.0
2022-08-16,2022-08-16,ABSLAMC,B,442.1,477.8,442.1,457.4,444.1,3448,28230,13106314.0
2022-08-16,2022-08-16,SAMOR,M,72.75,72.75,72.75,72.75,66.15,1,2000,145500.0
2022-08-16,2022-08-16,ADISHAKTI,M,6.0,6.0,6.0,6.0,6.2,1,10000,60000.0
2022-08-16,2022-08-16,CONSUMIETF,B,77.25,78.83,77.25,78.63,77.77,30,955,74736.0
2022-08-16,2022-08-16,NYKAA,A,1398.7,1414.15,1395.0,1399.75,1398.4,868,9536,13388722.0
2022-08-16,2022-08-16,FINOPB,B,238.05,250.9,238.05,249.5,244.9,579,7183,1764768.0
2022-08-16,2022-08-16,SJS,B,478.0,488.4,465.0,466.45,478.0,857,16558,7800269.0
2022-08-16,2022-08-16,EQUAL50ADD,B,204.0,205.0,202.5,205.0,203.0,15,375,76643.0
2022-08-16,2022-08-16,SIGACHI,B,262.95,262.95,253.9,256.75,257.4,593,10338,2665479.0
2022-08-16,2022-08-16,POLICYBZR,A,578.9,582.85,523.9,577.5,573.1,1960,39498,22374652.0
2022-08-16,2022-08-16,PAYTM,A,791.8,798.3,780.15,783.4,787.15,4921,131688,103700436.0
2022-08-16,2022-08-16,SAPPHIRE,B,1321.0,1333.8,1283.0,1288.8,1322.05,1244,8407,11031761.0
2022-08-16,2022-08-16,LATENTVIEW,B,364.25,365.0,359.15,360.6,358.7,3305,56065,20255949.0
2022-08-16,2022-08-16,TARSONS,B,775.0,784.35,763.4,771.4,771.4,1105,10639,8214305.0
2022-08-16,2022-08-16,OMNIPOTENT,M,17.0,17.0,17.0,17.0,17.05,1,2000,34000.0
2022-08-16,2022-08-16,GOCOLORS,B,1088.7,1115.15,1085.0,1103.85,1073.95,674,3863,4245309.0
2022-08-16,2022-08-16,HITECH,B,512.3,536.9,512.3,529.55,506.25,46,68,35577.0
2022-08-16,2022-08-16,STARHEALTH,B,680.0,712.2,662.75,707.4,696.1,1479,18537,12893214.0
2022-08-16,2022-08-16,TEGA,B,495.0,526.95,490.35,524.25,493.45,3850,46388,23803408.0
2022-08-16,2022-08-16,MAHKTECH,B,14.27,14.73,14.27,14.49,14.71,81,15981,232506.0
2022-08-16,2022-08-16,ANANDRATHI,B,674.75,680.35,671.35,673.0,671.2,202,631,426245.0
2022-08-16,2022-08-16,ZODIAC,T,114.95,126.95,114.95,126.95,120.95,169,6633,777260.0
2022-08-16,2022-08-16,RATEGAIN,B,282.6,291.15,281.05,286.5,279.65,1699,34541,9880687.0
2022-08-16,2022-08-16,BBETF0432,F,1006.0,1008.77,1004.1,1005.99,1005.99,17,1069,1075549.0
2022-08-16,2022-08-16,SHRIRAMPPS,B,74.65,78.1,71.75,75.55,73.05,2036,91519,6838694.0
2022-08-16,2022-08-16,JETFREIGHT,B,23.0,23.8,20.7,21.4,21.65,740,324153,7099705.0
2022-08-16,2022-08-16,MAPMYINDIA,B,1365.05,1365.05,1332.1,1336.45,1357.85,1070,5193,6968819.0
2022-08-16,2022-08-16,METROBRAND,B,868.0,870.0,827.5,845.45,854.3,3356,45944,39024169.0
2022-08-16,2022-08-16,MEDPLUS,B,732.5,772.35,732.5,763.45,729.8,1795,15067,11430971.0
2022-08-16,2022-08-16,DATAPATTNS,B,841.05,862.0,829.3,860.3,836.75,1273,14227,12087612.0
2022-08-16,2022-08-16,HPAL,B,445.0,455.0,433.2,437.45,443.2,4747,48892,21715354.0
2022-08-16,2022-08-16,SUPRIYA,B,361.0,365.95,353.15,362.9,354.65,3033,106895,38530945.0
2022-08-16,2022-08-16,CLARA,MT,125.0,125.0,118.75,118.75,125.0,5,7500,903375.0
2022-08-16,2022-08-16,WITS,MS,130.1,163.0,124.0,149.65,155.0,8,7200,973760.0
2022-08-16,2022-08-16,MONQ50,B,55.0,56.0,55.0,55.74,54.66,16,248,13832.0
2022-08-16,2022-08-16,MIDQ50ADD,B,172.0,173.8,172.0,173.32,171.3,314,43380,7518565.0
2022-08-16,2022-08-16,BRANDBUCKT,M,14.8,14.8,14.8,14.8,14.5,1,2000,29600.0
2022-08-16,2022-08-16,NIFTYADD,B,179.0,179.9,178.5,179.06,178.5,24,1142,204029.0
2022-08-16,2022-08-16,CMSINFO,B,269.0,282.45,269.0,277.9,269.4,1522,26271,7244576.0
2022-08-16,2022-08-16,BCONCEPTS,B,122.1,130.0,120.05,129.55,126.35,36,1698,211550.0
2022-08-16,2022-08-16,ASCENSIVE,MS,26.7,26.7,26.7,26.7,26.0,1,4000,106800.0
2022-08-16,2022-08-16,WEL,B,135.25,143.6,130.25,138.1,139.3,67,2931,415191.0
2022-08-16,2022-08-16,AUTOIETF,B,130.5,134.64,130.5,133.68,130.29,183,4189,558228.0
2022-08-16,2022-08-16,AGSTRA,B,86.0,89.85,85.75,88.6,86.05,1539,25770,2260568.0
2022-08-16,2022-08-16,SILVERIETF,E,59.94,60.1,59.5,59.73,60.24,66,3966,237875.0
2022-08-16,2022-08-16,ALKOSIGN,M,48.15,50.75,48.1,50.05,48.75,6,27000,1331550.0
2022-08-16,2022-08-16,MAKEINDIA,B,84.01,85.39,84.01,84.49,84.0,22,328,27857.0
2022-08-16,2022-08-16,AWL,B,693.7,693.7,681.1,693.7,660.7,7016,485007,335544449.0
2022-08-16,2022-08-16,DEVIT,B,191.95,197.05,185.65,193.95,188.5,183,2556,489757.0
2022-08-16,2022-08-16,MANYAVAR,B,1233.2,1237.45,1195.6,1233.0,1191.75,1232,7637,9308413.0
2022-08-16,2022-08-16,SPITZE,M,156.9,156.9,145.15,150.5,149.45,65,134000,20681100.0
2022-08-16,2022-08-16,MOMOMENTUM,B,38.0,38.4,37.41,37.92,37.9,121,6430,244795.0
2022-08-16,2022-08-16,SOFTTECH,T,113.7,113.7,113.7,113.7,108.3,1,1,113.0
2022-08-16,2022-08-16,SILVER,E,60.3,60.48,59.11,59.8,60.47,547,14337,855014.0
2022-08-16,2022-08-16,TECH,B,30.59,30.79,30.25,30.49,30.35,52,992,30268.0
2022-08-16,2022-08-16,HEALTHY,B,8.25,8.25,8.1,8.2,8.14,22,465,3779.0
2022-08-16,2022-08-16,BSLNIFTY,B,19.65,20.2,19.45,19.95,19.79,85,2011,40136.0
2022-08-16,2022-08-16,EKENNIS,M,107.5,107.5,107.5,107.5,107.5,1,1600,172000.0
2022-08-16,2022-08-16,GSEC5IETF,F,50.97,50.97,50.97,50.97,50.97,2,6,305.0
2022-08-16,2022-08-16,MIDCAPETF,B,11.33,11.84,11.33,11.81,11.68,53,1583,18599.0
2022-08-16,2022-08-16,EUREKAFORB,B,442.0,457.3,434.0,453.7,439.1,1576,46177,20582708.0
2022-08-16,2022-08-16,GATEWAY,B,70.0,70.3,68.9,69.75,69.25,244,12034,838463.0
2022-08-16,2022-08-16,GMRP&UI,B,27.05,27.75,26.1,26.4,26.95,1232,123689,3311951.0
2022-08-16,2022-08-16,MSUMI,B,79.0,81.5,78.75,80.15,78.3,7425,781698,62763079.0
2022-08-16,2022-08-16,EVOQ,M,13.3,14.0,12.8,13.0,13.7,9,36000,477160.0
2022-08-16,2022-08-16,MOLOWVOL,B,24.2,24.6,23.61,24.41,24.17,27,1417,34246.0
2022-08-16,2022-08-16,AVROIND,B,117.15,127.25,117.15,123.9,124.15,61,18432,2295411.0
2022-08-16,2022-08-16,UMAEXPORTS,B,53.0,53.7,52.25,52.55,52.4,266,9305,492237.0
2022-08-16,2022-08-16,VERANDA,B,261.0,293.0,257.1,281.7,269.8,2411,61328,16880084.0
2022-08-16,2022-08-16,SEML,M,90.5,90.5,89.0,89.0,90.6,2,2000,179500.0
2022-08-16,2022-08-16,DHYAANITR,M,70.0,70.0,70.0,70.0,69.0,1,2000,140000.0
2022-08-16,2022-08-16,HARIOMPIPE,B,256.0,275.15,252.0,255.95,249.1,4573,137171,35920196.0
2022-08-16,2022-08-16,EIGHTY,M,46.75,47.0,46.75,47.0,47.0,6,18000,845250.0
2022-08-16,2022-08-16,GLHRL,M,73.5,77.0,72.0,76.25,74.15,12,20000,1473500.0
2022-08-16,2022-08-16,FONE4,M,5.25,5.9,5.25,5.9,5.75,2,20000,111500.0
2022-08-16,2022-08-16,CAMPUS,B,433.2,435.0,414.2,422.65,435.8,7910,254390,108282912.0
2022-08-16,2022-08-16,RAINBOW,B,580.1,607.95,558.0,601.1,594.45,5006,62845,37291681.0
2022-08-16,2022-08-16,SILVERTUC,B,351.1,354.6,351.0,354.0,341.0,11,115,40408.0
2022-08-16,2022-08-16,LICI,A,693.9,706.5,691.95,697.85,682.15,8868,222739,156249011.0
2022-08-16,2022-08-16,PRUDENT,B,623.65,644.0,615.0,619.9,630.15,761,3075,1920614.0
2022-08-16,2022-08-16,VENUSPIPES,B,390.0,396.9,387.1,391.95,386.8,518,9313,3654515.0
2022-08-16,2022-08-16,DELHIVERY,B,558.0,565.2,553.35,557.15,555.35,2525,650942,361481524.0
2022-08-16,2022-08-16,PARADEEP,B,50.3,50.3,48.6,48.8,49.7,3048,449867,22162278.0
2022-08-16,2022-08-16,TIERRA,B,159.0,160.95,153.0,159.0,150.3,17,1167,185499.0
2022-08-16,2022-08-16,ETHOSLTD,B,1110.15,1145.35,1082.0,1097.05,1106.75,3413,34040,38168248.0
2022-08-16,2022-08-16,EMUDHRA,B,363.0,372.85,354.45,356.45,368.45,2497,63294,22818519.0
2022-08-16,2022-08-16,AETHER,B,834.85,834.85,817.5,828.35,834.85,663,6344,5270800.0
2022-08-16,2022-08-16,WEWIN,B,42.4,42.4,40.85,41.0,43.0,21,376,15438.0
2022-08-16,2022-08-16,SILVERPRL,M,9.97,9.97,9.28,9.45,9.5,3,24000,229600.0
2022-08-16,2022-08-16,SCARNOSE,M,52.5,52.5,52.5,52.5,49.8,1,2000,105000.0
2022-08-16,2022-08-16,GOEL,M,76.25,76.25,75.0,75.0,75.3,2,3200,242000.0
2022-08-16,2022-08-16,MODIS,M,340.0,340.0,340.0,340.0,334.0,4,3200,1088000.0
2022-08-16,2022-08-16,PGCRL,M,207.25,214.8,207.25,214.8,210.0,4,3000,628560.0
2022-08-16,2022-08-16,KESAR,M,248.0,248.0,245.0,245.0,253.0,2,1600,394400.0
2022-08-16,2022-08-16,BRRL,M,147.0,147.0,147.0,147.0,146.0,1,800,117600.0
2022-08-16,2022-08-16,JAYANT,M,267.2,267.2,267.2,267.2,254.5,1,2000,534400.0
2022-08-16,2022-08-16,VEERKRUPA,M,66.4,66.4,66.0,66.4,63.25,8,32000,2123200.0
2022-08-16,2022-08-16,HEALTHYLIFE,M,9.69,10.4,9.69,9.92,10.14,41,410000,4144800.0
2022-08-16,2022-08-16,DDEVPLSTIK,B,46.15,51.8,46.15,48.7,47.35,587,68880,3346092.0
2022-08-16,2022-08-16,MOM30IETF,B,19.1,20.4,19.0,19.07,18.92,137,12357,237799.0
2022-08-16,2022-08-16,HDFCNIF100,B,177.0,181.08,177.0,181.08,176.38,10,568,102443.0
2022-08-16,2022-08-16,HDFCNEXT50,B,409.1,417.9,409.1,417.9,410.55,34,618,254643.0
2022-08-16,2022-08-16,SENSEXIETF,A,653.0,660.48,652.0,655.9,654.68,42,342,225422.0
2022-08-16,2022-08-16,TATAMTRDVR,A,229.25,241.65,229.25,240.9,231.75,3604,205952,48772539.0
2022-08-16,2022-08-16,FELDVR,B,7.73,7.98,7.45,7.71,7.88,39,5209,40148.0
2022-08-16,2022-08-16,JISLDVREQS,B,19.8,20.6,19.2,20.1,20.0,89,8491,167322.0
2022-08-16,2022-08-16,GATECHDVR,T,12.85,13.49,12.25,12.97,12.85,38,10773,138501.0
2022-08-16,2022-08-16,KARURVYSYA,B,63.9,65.7,63.25,65.25,63.9,3141,817665,52620383.0
2022-08-16,2022-08-16,VEEDOL,B,1175.0,1175.0,1141.0,1151.75,1167.1,607,2509,2901022.0
2022-08-16,2022-08-16,AMRUTANJAN,B,810.0,810.0,747.85,761.6,843.7,1945,21224,16323343.0
2022-08-16,2022-08-16,XPROINDIA,T,814.95,819.95,785.0,791.05,796.0,245,4873,3912966.0
2022-08-16,2022-08-16,HISARMETAL,B,130.0,130.0,117.95,121.05,123.6,226,11869,1435588.0
2022-08-16,2022-08-16,BHARATRAS,B,12341.2,12500.0,12328.5,12411.25,12350.05,136,180,2233378.0
2022-08-16,2022-08-16,EASTSILK,T,3.55,3.87,3.55,3.87,3.69,20,4962,18963.0
2022-08-16,2022-08-16,FACT,B,116.15,120.75,115.8,119.35,116.45,1093,26248,3114044.0
2022-08-16,2022-08-16,GINNIFILA,B,34.0,35.15,34.0,34.85,34.75,231,10256,355784.0
2022-08-16,2022-08-16,SPIC,B,56.3,56.5,55.3,55.7,55.35,1666,104138,5806431.0
2022-08-16,2022-08-16,DENORA,B,678.1,683.6,656.65,674.25,682.45,290,1095,732953.0
2022-08-16,2022-08-16,KAVDEFENCE,B,9.85,9.85,8.93,8.93,8.96,38,10871,104476.0
2022-08-16,2022-08-16,SAKSOFT,B,1080.0,1102.4,1065.5,1079.0,1091.9,492,3026,3255903.0
2022-08-16,2022-08-16,SALONA,B,215.3,233.0,215.25,230.5,214.05,164,4082,923987.0
2022-08-16,2022-08-16,EQUIPPP,T,61.1,61.4,61.1,61.1,64.3,9,884,54098.0
2022-08-16,2022-08-16,ANDHRSUGAR,B,136.35,138.3,135.45,137.7,135.35,926,21075,2881585.0
2022-08-16,2022-08-16,IMPAL,B,740.0,754.1,720.25,727.85,744.3,168,416,305675.0
2022-08-16,2022-08-16,KCP,B,106.0,106.95,105.0,106.1,105.45,286,8024,852865.0
2022-08-16,2022-08-16,KHAITANLTD,B,47.0,51.9,47.0,49.85,52.1,31,762,38947.0
2022-08-16,2022-08-16,RADAAN,T,1.4,1.4,1.3,1.35,1.35,17,5335,7191.0
2022-08-16,2022-08-16,SUNDARMFIN,B,2078.4,2137.0,2066.3,2127.1,2060.6,462,1517,3200016.0
2022-08-16,2022-08-16,SUNDRMBRAK,B,349.35,356.95,349.35,356.95,343.25,6,35,12312.0
2022-08-16,2022-08-16,WHEELS,B,663.7,666.35,655.0,662.35,658.95,161,558,368522.0
2022-08-16,2022-08-16,LAMBODHARA,B,90.0,92.0,89.1,90.35,90.0,25,374,33707.0
2022-08-16,2022-08-16,MAITHANALL,B,997.0,1038.3,995.4,1014.25,948.25,2989,26345,26838256.0
2022-08-16,2022-08-16,LOHIASECURI,X,151.25,151.25,151.25,151.25,137.5,10,482,72902.0
2022-08-16,2022-08-16,ORISSAMINE,T,2910.0,3040.8,2910.0,3040.8,2896.0,91,403,1215788.0
2022-08-16,2022-08-16,GOLDBEES,E,44.94,44.94,44.61,44.68,44.94,571,41316,1850290.0
2022-08-16,2022-08-16,LIQUIDBEES,F,1000.0,1000.01,999.99,1000.01,1000.01,245,52032,52031950.0
2022-08-16,2022-08-16,GOLD1,E,44.73,44.98,44.57,44.69,45.0,94,6310,282177.0
2022-08-16,2022-08-16,SETFGOLD,E,46.27,46.27,45.77,45.84,46.28,276,18119,833421.0
2022-08-16,2022-08-16,QGOLDHALF,E,44.06,44.78,44.06,44.45,44.79,61,2511,111740.0
2022-08-16,2022-08-16,GOLDBETA,E,44.88,44.88,44.41,44.58,44.85,143,12628,563845.0
2022-08-16,2022-08-16,NIFTYBEES,B,193.99,194.6,193.26,194.3,192.94,1239,112733,21885491.0
2022-08-16,2022-08-16,JUNIORBEES,B,446.98,453.37,446.98,452.11,447.38,296,12969,5859903.0
2022-08-16,2022-08-16,BANKBEES,B,396.53,399.0,395.81,396.69,394.58,390,18940,7526166.0
2022-08-16,2022-08-16,PSUBANK,B,285.1,288.0,284.1,286.47,284.51,61,10317,2943650.0
2022-08-16,2022-08-16,PSUBNKBEES,B,32.0,32.28,31.7,31.76,31.89,353,44546,1420748.0
2022-08-16,2022-08-16,SHARIABEES,B,424.0,424.88,422.23,422.23,420.5,13,303,128319.0
2022-08-16,2022-08-16,QNIFTY,B,1870.0,1884.0,1870.0,1880.0,1868.0,16,126,236909.0
2022-08-16,2022-08-16,HNGSNGBEES,E,296.3,304.32,283.0,287.0,305.24,519,24401,7055762.0
2022-08-16,2022-08-16,MOM50,B,177.0,179.2,177.0,179.1,177.18,18,43,7693.0
2022-08-16,2022-08-16,ASHIKACR,X,37.85,37.85,35.1,36.0,36.0,98,53154,1912794.0
2022-08-16,2022-08-16,GRADIENTE,XT,6.4,6.44,6.3,6.44,6.14,202,304744,1958579.0
2022-08-16,2022-08-16,MADRASFERT,B,48.15,50.1,47.7,49.35,48.05,1280,70808,3449480.0
2022-08-16,2022-08-16,BANKNIFTY1,B,396.24,399.44,396.24,397.25,395.33,131,1823,724551.0
2022-08-16,2022-08-16,SETFNIFBK,B,393.0,395.51,392.5,393.48,391.65,68,2445,963900.0
2022-08-16,2022-08-16,SETFNIF50,B,182.7,183.82,182.7,183.6,182.32,134,6811,1250673.0
2022-08-16,2022-08-16,SANDUMARE,R,726.0,761.0,725.0,754.55,751.8,1201,29295,21751984.0
2022-08-16,2022-08-16,SWISSMRE,R,11.0,11.0,9.11,10.05,9.5,610,264761,2563003.0
2022-08-16,2022-08-16,MERMETLRE,R,1.58,1.58,1.58,1.58,0.0,39,300880,475390.0
2022-08-16,2022-08-16,SGB20151,G,5250.0,5250.0,5250.0,5250.0,5175.0,1,1,5250.0
2022-08-16,2022-08-16,SGBAUG24,G,5100.05,5199.9,5075.0,5081.1,5244.5,6,33,168075.0
2022-08-16,2022-08-16,SGBNOV24,G,5100.01,5100.01,5100.01,5100.01,5032.0,1,1,5100.0
2022-08-16,2022-08-16,SGBOCT25IV,G,5490.0,5490.0,5490.0,5490.0,5051.0,1,4,21960.0
2022-08-16,2022-08-16,SGBDEC25XI,G,4900.0,5250.0,4805.0,5250.0,5200.0,5,17,83570.0
2022-08-16,2022-08-16,SGBAUG27,G,4959.0,4959.0,4899.0,4899.0,4900.0,3,26,127614.0
2022-08-16,2022-08-16,SGBSEP27,G,5000.0,5000.0,4801.5,4920.0,4750.0,4,6,29423.0
2022-08-16,2022-08-16,SGBOCT27VI,G,4820.0,4820.0,4820.0,4820.0,4828.33,2,2,9640.0
2022-08-16,2022-08-16,716GS2050,G,105.95,105.95,105.95,105.95,97.85,1,10,1059.0
2022-08-16,2022-08-16,SGBAPR28I,G,4855.0,4855.0,4812.01,4842.42,4825.0,7,57,274514.0
2022-08-16,2022-08-16,SGBMAY28,G,4800.0,4819.99,4782.0,4819.99,4850.0,9,142,682803.0
2022-08-16,2022-08-16,SGBJUN28,G,4770.0,4782.0,4770.0,4782.0,4770.0,2,6,28680.0
2022-08-16,2022-08-16,SGBJUL28IV,G,4970.52,4970.52,4970.52,4970.52,4785.0,2,3,14911.0
2022-08-16,2022-08-16,SGBAUG28V,G,4900.0,4920.0,4875.01,4891.5,4910.0,49,231,1131660.0
2022-08-16,2022-08-16,SGBSEP28VI,G,4802.0,4950.0,4801.0,4874.0,4996.3,26,83,403718.0
2022-08-16,2022-08-16,SGBOC28VII,G,4850.0,4914.0,4850.0,4872.0,4839.0,18,82,400256.0
2022-08-16,2022-08-16,SGBN28VIII,G,4825.0,4861.0,4825.0,4861.0,4825.0,3,4,19400.0
2022-08-16,2022-08-16,SGBFEB29XI,G,4962.55,4962.55,4962.55,4962.55,4799.4,1,1,4962.0
2022-08-16,2022-08-16,SGBMR29XII,G,4811.0,4842.98,4808.0,4831.0,4991.26,29,308,1487604.0
2022-08-16,2022-08-16,SGBMAY29I,G,4813.0,4813.0,4801.01,4813.0,4802.01,6,9,43305.0
2022-08-16,2022-08-16,SGBJUN29II,G,4841.0,4841.0,4756.0,4824.0,4811.0,9,58,278639.0
2022-08-16,2022-08-16,SGBJU29III,G,4809.0,4825.0,4799.1,4825.0,4809.0,13,231,1111244.0
2022-08-16,2022-08-16,SGBJUL29IV,G,4755.0,4850.0,4751.1,4802.0,4849.29,13,48,229567.0
2022-08-16,2022-08-16,SGBAUG29V,G,4858.0,4858.0,4794.0,4858.0,4785.5,3,4,19368.0
2022-08-16,2022-08-16,SGBSEP29VI,G,4849.57,4849.57,4849.3,4849.3,4838.9,2,7,33946.0
2022-08-16,2022-08-16,SGBNV29VII,G,4810.0,4829.99,4802.1,4810.0,4802.0,7,18,86605.0
2022-08-16,2022-08-16,SGBD29VIII,G,4831.33,4865.0,4791.05,4865.0,4786.0,4,6,28980.0
2022-08-16,2022-08-16,SGBMAR30X,G,4989.8,4989.8,4901.0,4901.01,4875.0,7,19,93622.0
2022-08-16,2022-08-16,SGBJUN30,G,4972.0,4972.0,4925.0,4925.0,4933.01,6,9,44635.0
2022-08-16,2022-08-16,773GJ32,G,100.6,100.6,100.6,100.6,100.5,1,5000,503000.0
2022-08-16,2022-08-16,AIRTELPP,A,325.9,325.9,315.25,319.5,321.0,550,21420,6852624.0
2022-08-16,2022-08-16,PATINTPP,B,6.14,6.14,5.71,6.0,5.97,43,11462,67675.0
2022-08-16,2022-08-16,NATCAPSPP,X,425.05,469.0,425.05,429.95,446.9,37,545,236630.0
2022-08-16,2022-08-16,WARDWIZPP,B,14.75,15.6,14.5,15.05,14.9,362,64777,977390.0
2022-08-16,2022-08-16,ASMTECPP,X,499.9,500.0,460.0,487.9,456.55,33,483,238016.0
2022-08-16,2022-08-16,AURUMPP,T,54.7,56.4,52.05,56.2,53.75,91,18435,1024681.0
2022-08-16,2022-08-16,94IFCI25,F,1060.0,1060.0,1060.0,1060.0,1063.0,1,200,212000.0
2022-08-16,2022-08-16,849NTPC25,F,13.25,13.29,13.25,13.26,13.24,25,6225,82587.0
2022-08-16,2022-08-16,727PFC30,F,1156.01,1175.0,951.6,1175.0,1166.6,7,1235,1404474.0
2022-08-16,2022-08-16,760PFCL35,F,1260.0,1260.0,1260.0,1260.0,1235.01,3,184,231840.0
2022-08-16,2022-08-16,732IRFC25,F,1115.0,1120.0,1110.0,1119.93,1110.0,15,1160,1297780.0
2022-08-16,2022-08-16,753IRFC30,F,1180.1,1180.1,1180.1,1180.1,1207.0,1,79,93227.0
2022-08-16,2022-08-16,76NHAI31,F,1168.25,1168.25,1163.98,1164.9,1165.56,19,499,581353.0
2022-08-16,2022-08-16,774IREDA31,F,1170.0,1170.0,1170.0,1170.0,1173.36,1,56,65520.0
2022-08-16,2022-08-16,727HUDCO26,F,1099.58,1099.58,1074.41,1074.41,1073.52,2,24,25911.0
2022-08-16,2022-08-16,764HUDCO31,F,1180.0,1181.0,1180.0,1181.0,1156.0,6,100,118002.0
2022-08-16,2022-08-16,769NHAI31,F,1200.0,1200.0,1197.0,1198.0,1199.98,10,313,374789.0
2022-08-16,2022-08-16,769HUDCO31,F,1196.0,1196.0,1191.0,1191.0,1197.7,2,52,62182.0
2022-08-16,2022-08-16,764IRFC31,F,1186.1,1192.0,1185.0,1190.84,1186.69,8,289,342946.0
2022-08-16,2022-08-16,729NABAR26,F,1085.0,1088.0,1085.0,1088.0,1082.0,3,500,543964.0
2022-08-16,2022-08-16,88MMFSL23,F,1028.0,1028.0,1028.0,1028.0,1026.1,1,10,10280.0
2022-08-16,2022-08-16,957NIDO26,F,998.0,998.0,998.0,998.0,980.0,2,193,192614.0
2022-08-16,2022-08-16,9SCL26BA,F,960.0,960.0,960.0,960.0,960.0,13,400,384000.0
2022-08-16,2022-08-16,805MMFSL32,F,1031.0,1031.0,1031.0,1031.0,1030.0,1,1,1031.0
2022-08-16,2022-08-16,0SEFL22,F,168.65,168.65,143.0,143.0,140.55,11,274,45953.0
2022-08-16,2022-08-16,865SEFL23,F,276.01,276.01,276.01,276.01,289.0,1,75,20700.0
2022-08-16,2022-08-16,950SEFL28,F,130.01,131.01,130.01,131.0,140.0,11,996,129988.0
2022-08-16,2022-08-16,888ECL28,F,916.0,916.0,916.0,916.0,890.11,1,100,91600.0
2022-08-16,2022-08-16,875MFL23,F,1000.1,1000.1,1000.01,1000.01,1002.0,2,200,200006.0
2022-08-16,2022-08-16,935SEFL23,F,264.6,264.6,231.0,231.0,265.44,5,99,25187.0
2022-08-16,2022-08-16,92SEFL28,F,230.0,249.0,222.0,249.0,247.19,6,624,139899.0
2022-08-16,2022-08-16,893STFCL23,F,1026.5,1026.5,1026.5,1026.5,1015.99,1,1,1026.0
2022-08-16,2022-08-16,94SFL28,F,1065.0,1065.0,1065.0,1065.0,1060.0,3,200,213000.0
2022-08-16,2022-08-16,925EFL23,F,1008.0,1008.0,979.0,979.0,988.0,2,140,138800.0
2022-08-16,2022-08-16,965EFL23,F,1000.0,1000.0,1000.0,1000.0,1019.0,1,50,50000.0
2022-08-16,2022-08-16,943ECL28,F,965.1,965.1,964.0,964.0,989.0,5,88,84897.0
2022-08-16,2022-08-16,985ECL28,F,932.0,932.0,931.75,931.75,929.75,2,220,204990.0
2022-08-16,2022-08-16,890TCFSL23,F,1103.0,1104.49,1103.0,1103.37,1103.8,9,217,239395.0
2022-08-16,2022-08-16,910TCAP28,F,1220.0,1220.0,1191.0,1191.0,1243.0,5,240,286221.0
2022-08-16,2022-08-16,965AHFL23,F,1094.0,1094.0,1088.35,1088.35,1088.35,5,88,95928.0
2022-08-16,2022-08-16,935AHFL28,F,1025.0,1025.0,1025.0,1025.0,1008.0,1,30,30750.0
2022-08-16,2022-08-16,975AHFL28,F,1051.11,1051.11,1051.11,1051.11,1032.0,1,50,52555.0
2022-08-16,2022-08-16,950STFCL23,F,1090.0,1090.0,1090.0,1090.0,1090.0,1,15,16350.0
2022-08-16,2022-08-16,10MFL23,F,1022.0,1022.0,1020.0,1020.0,1005.0,6,279,284620.0
2022-08-16,2022-08-16,1040MFL23,F,1085.0,1085.0,1085.0,1085.0,1091.5,1,250,271250.0
2022-08-16,2022-08-16,MFL25,F,1530.0,1530.0,1530.0,1530.0,1534.95,1,89,136170.0
2022-08-16,2022-08-16,981JMFCS28,F,1090.0,1090.0,1085.0,1085.0,1090.0,3,75,81575.0
2022-08-16,2022-08-16,995EFL24,F,1004.0,1007.0,1000.0,1007.0,1000.0,12,405,406690.0
2022-08-16,2022-08-16,EFL4JAN19A,F,1406.0,1406.0,1406.0,1406.0,1675.0,1,60,84360.0
2022-08-16,2022-08-16,1060ECL29,F,1089.0,1089.0,1089.0,1089.0,1032.0,1,94,102366.0
2022-08-16,2022-08-16,915MMFSL24,F,1065.0,1065.0,1065.0,1065.0,1057.0,3,100,106500.0
2022-08-16,2022-08-16,93MMFSL27,F,1092.0,1095.0,1091.01,1095.0,1095.0,10,270,295300.0
2022-08-16,2022-08-16,105SEFL24,F,258.6,258.6,245.0,252.0,235.0,11,493,121958.0
2022-08-16,2022-08-16,912STFCL24,F,1006.0,1006.0,1006.0,1006.0,1006.0,1,20,20120.0
2022-08-16,2022-08-16,95SFL24,F,1072.9,1085.0,1072.9,1078.95,1054.11,2,4,4315.0
2022-08-16,2022-08-16,97SFL29,F,1149.85,1149.85,1149.85,1149.85,1145.52,1,10,11498.0
2022-08-16,2022-08-16,SFL24,F,1420.0,1420.0,1420.0,1420.0,1409.0,1,4,5680.0
2022-08-16,2022-08-16,975IFL24,F,1009.0,1010.0,1005.12,1008.35,1011.0,30,1437,1448500.0
2022-08-16,2022-08-16,975MFL24,F,1033.0,1033.0,1033.0,1033.0,1033.0,2,150,154950.0
2022-08-16,2022-08-16,11DLSL24,F,1020.0,1020.0,1020.0,1020.0,1014.9,1,5,5100.0
2022-08-16,2022-08-16,0DLSL24,F,1380.0,1380.0,1380.0,1380.0,1300.55,1,1,1380.0
2022-08-16,2022-08-16,925LTFH24,F,1065.0,1065.0,1065.0,1065.0,1057.05,2,130,138450.0
2022-08-16,2022-08-16,935LTF29,F,1139.0,1139.0,1139.0,1139.0,1130.4,1,1,1139.0
2022-08-16,2022-08-16,1075SEFL24,F,315.0,335.0,315.0,335.0,300.0,10,32,10586.0
2022-08-16,2022-08-16,995ECL24B,F,1009.0,1009.0,1009.0,1009.0,1009.0,1,58,58522.0
2022-08-16,2022-08-16,104ECL24A,F,997.56,997.56,997.56,997.56,997.01,1,20,19951.0
2022-08-16,2022-08-16,995ECL29A,F,995.0,995.0,995.0,995.0,995.0,2,60,59700.0
2022-08-16,2022-08-16,922SFL24,F,1045.0,1045.0,1045.0,1045.0,1040.0,2,30,31350.0
2022-08-16,2022-08-16,95STF23,F,1010.0,1010.0,1010.0,1010.0,1008.0,1,50,50500.0
2022-08-16,2022-08-16,96SFL24,F,1035.0,1035.0,1035.0,1035.0,1036.0,1,20,20700.0
2022-08-16,2022-08-16,0STF23,F,1309.0,1318.0,1308.0,1318.0,1310.01,4,305,401015.0
2022-08-16,2022-08-16,SFLZC26A,F,1280.0,1280.0,1280.0,1280.0,1360.0,1,4,5120.0
2022-08-16,2022-08-16,865TCAPS27,F,1070.0,1070.0,1060.0,1060.0,1054.0,17,470,499414.0
2022-08-16,2022-08-16,985IIFL22,F,1021.0,1021.0,1021.0,1021.0,1009.9,2,40,40840.0
2022-08-16,2022-08-16,DLSLZC24,F,1230.0,1230.0,1230.0,1230.0,1205.0,1,25,30750.0
2022-08-16,2022-08-16,985JMFPL24,F,1011.0,1011.0,1008.0,1010.5,1016.0,2,24,24252.0
2022-08-16,2022-08-16,97SCUF22,F,1086.5,1086.5,1080.0,1080.0,1086.78,2,400,432006.0
2022-08-16,2022-08-16,93SCUF22,F,1006.0,1006.0,1006.0,1006.0,1007.0,1,24,24144.0
2022-08-16,2022-08-16,BILNCD,F,32.2,32.34,32.16,32.24,32.25,22,2950,94984.0
2022-08-16,2022-08-16,10MFL24B,F,1100.2,1100.2,1095.0,1098.33,1100.01,2,250,274582.0
2022-08-16,2022-08-16,102ECL23,F,1065.0,1067.69,1065.0,1067.6,1058.0,5,470,501519.0
2022-08-16,2022-08-16,995ECL24,F,991.0,1002.9,981.5,984.0,999.9,9,415,409490.0
2022-08-16,2022-08-16,104ECL24,F,1056.0,1056.0,1056.0,1056.0,1052.0,1,25,26400.0
2022-08-16,2022-08-16,104ECL29,F,1000.0,1000.0,1000.0,1000.0,980.81,1,1,1000.0
2022-08-16,2022-08-16,86LTF24,F,1079.0,1082.0,1079.0,1081.25,1079.0,3,280,302298.0
2022-08-16,2022-08-16,975MFL24BB,F,1026.09,1026.09,1026.06,1026.06,1040.0,3,15,15391.0
2022-08-16,2022-08-16,MFLZC27B,F,1220.07,1310.0,1220.07,1310.0,1255.0,5,300,388503.0
2022-08-16,2022-08-16,83TCHF25,F,1074.8,1074.8,1074.8,1074.8,1070.0,1,13,13972.0
2022-08-16,2022-08-16,885STFCL23,F,1044.0,1044.0,1044.0,1044.0,1044.8,1,500,522000.0
2022-08-16,2022-08-16,10EFIL23,F,1048.55,1052.0,1048.0,1052.0,1050.4,22,302,317194.0
2022-08-16,2022-08-16,98NWFL25,F,995.05,999.0,995.05,996.0,995.0,5,470,469072.0
2022-08-16,2022-08-16,965MFL23,F,982.02,982.02,981.0,981.0,1030.0,3,100,98171.0
2022-08-16,2022-08-16,95KFL20,F,995.0,995.0,995.0,995.0,995.0,2,5,4975.0
2022-08-16,2022-08-16,10KFL24B,F,965.0,965.0,965.0,965.0,900.0,3,300,289500.0
2022-08-16,2022-08-16,885MFL23,F,1000.0,1000.0,999.9,999.9,1004.6,5,200,199990.0
2022-08-16,2022-08-16,915MFL25,F,1005.0,1005.0,1005.0,1005.0,990.0,1,50,50250.0
2022-08-16,2022-08-16,925MFL23C,F,1066.2,1066.2,1066.2,1066.2,1070.0,2,34,36250.0
2022-08-16,2022-08-16,0MFL23C,F,1168.0,1168.0,1168.0,1168.0,1163.0,8,230,268640.0
2022-08-16,2022-08-16,MFLZC25D,F,1180.0,1180.0,1180.0,1180.0,1205.7,1,100,118000.0
2022-08-16,2022-08-16,MFOPTIV24,F,1035.0,1035.0,1035.0,1035.0,1035.0,2,100,103500.0
2022-08-16,2022-08-16,105MMFL25C,F,970.0,1000.0,967.0,1000.0,1010.0,6,494,478493.0
2022-08-16,2022-08-16,935EFSL24,F,1040.0,1040.0,1040.0,1040.0,1040.0,1,30,31200.0
2022-08-16,2022-08-16,0EFSL24,F,1135.0,1135.0,1135.0,1135.0,1100.0,1,30,34050.0
2022-08-16,2022-08-16,939EFSL26,F,980.1,980.1,980.1,980.1,975.0,2,40,39204.0
2022-08-16,2022-08-16,98EFSL26,F,1030.0,1030.0,1030.0,1030.0,1004.03,2,33,33990.0
2022-08-16,2022-08-16,995EFSL31,F,980.0,1000.0,980.0,1000.0,980.0,3,79,78440.0
2022-08-16,2022-08-16,MFLI24,F,975.0,990.0,975.0,990.0,980.0,3,27,26490.0
2022-08-16,2022-08-16,MFLV24,F,1085.1,1085.1,1085.1,1085.1,1085.1,1,10,10851.0
2022-08-16,2022-08-16,MFLVI26,F,1100.0,1109.95,1100.0,1109.7,1100.0,4,1976,2192763.0
2022-08-16,2022-08-16,48PFCL24,F,900.0,990.0,900.0,990.0,983.5,4,69,67410.0
2022-08-16,2022-08-16,7PFCL31,F,1012.0,1016.0,1012.0,1016.0,1016.11,5,134,135872.0
2022-08-16,2022-08-16,715PFCL36,F,1015.05,1025.7,1015.05,1025.0,1021.0,8,309,316750.0
2022-08-16,2022-08-16,KFLZC2A,F,1157.0,1157.0,1157.0,1157.0,1157.0,2,97,112229.0
2022-08-16,2022-08-16,9MFL27,F,1000.0,1000.0,1000.0,1000.0,1000.0,1,26,26000.0
2022-08-16,2022-08-16,825MFL23A,F,983.0,983.0,983.0,983.0,983.0,1,1,983.0
2022-08-16,2022-08-16,0MFL23VI,F,1107.0,1107.0,1107.0,1107.0,1105.1,1,10,11070.0
2022-08-16,2022-08-16,MFLZC27E,F,1120.0,1120.0,1100.0,1100.0,1120.0,2,180,198800.0
2022-08-16,2022-08-16,10IIFL28A,F,996.0,996.0,996.0,996.0,999.0,1,84,83664.0
2022-08-16,2022-08-16,96IIFL28A,F,993.15,999.9,993.15,999.9,1000.0,3,1525,1514653.0
2022-08-16,2022-08-16,MFLI24A,F,975.01,975.01,975.01,975.01,960.0,1,250,243752.0
2022-08-16,2022-08-16,MFLVI31F,F,1005.0,1005.0,1005.0,1005.0,996.2,1,20,20100.0
2022-08-16,2022-08-16,KFLZC26C,F,1123.0,1123.0,1123.0,1123.0,1050.0,4,500,561500.0
2022-08-16,2022-08-16,910EFSL24,F,1000.0,1000.0,985.0,986.07,990.0,22,432,427610.0
2022-08-16,2022-08-16,916EFSL26,F,950.0,958.9,950.0,958.9,959.9,2,21,19958.0
2022-08-16,2022-08-16,955EFSL26,F,1000.0,1000.0,952.01,952.01,991.1,6,134,133110.0
2022-08-16,2022-08-16,EFSLZC26A,F,1080.0,1080.0,1080.0,1080.0,1080.0,1,30,32400.0
2022-08-16,2022-08-16,769IGT28,F,950.0,1004.0,950.0,1004.0,1010.0,2,110,105040.0
2022-08-16,2022-08-16,797IGT31,F,1020.0,1023.0,1020.0,1023.0,1027.99,3,160,163620.0
2022-08-16,2022-08-16,MFLZC28E,F,1160.0,1160.0,953.0,1120.0,1178.0,8,450,491287.0
2022-08-16,2022-08-16,BILNCD2021,F,28.15,28.49,28.15,28.42,28.34,76,644,18221.0
2022-08-16,2022-08-16,PCH23JUL21,F,1071.0,1071.0,1071.0,1071.0,1090.0,1,10,10710.0
2022-08-16,2022-08-16,875PF26,F,1000.0,1010.0,1000.0,1010.0,1005.0,2,150,150500.0
2022-08-16,2022-08-16,9PFL31A,F,1032.0,1032.0,1032.0,1032.0,1038.0,1,80,82560.0
2022-08-16,2022-08-16,1125KLM26,F,1050.0,1050.0,1050.0,1050.0,996.1,1,1,1050.0
2022-08-16,2022-08-16,96IIFL28,F,985.0,990.0,980.0,989.95,990.0,12,500,493607.0
2022-08-16,2022-08-16,IIFLZC28C,F,1045.0,1060.0,1045.0,1060.0,1060.0,2,50,52625.0
2022-08-16,2022-08-16,875EFSL24,F,955.0,960.0,952.0,960.0,955.0,15,846,808347.0
2022-08-16,2022-08-16,955EFSL26A,F,1045.8,1045.8,1045.8,1045.8,1045.0,1,1,1045.0
2022-08-16,2022-08-16,97EFSL31,F,984.85,1005.0,984.85,1005.0,983.2,3,75,74692.0
2022-08-16,2022-08-16,835SCL23,F,1035.0,1035.0,1030.0,1030.0,995.8,2,30,31000.0
2022-08-16,2022-08-16,820JMFPL26,F,1040.4,1040.4,1001.0,1001.0,1062.0,7,510,525984.0
2022-08-16,2022-08-16,791JMFPL26,F,1010.0,1010.0,1010.0,1010.0,1010.0,1,5,5050.0
2022-08-16,2022-08-16,830JMFPL30,F,1019.0,1019.0,1019.0,1019.0,1010.0,2,30,30570.0
2022-08-16,2022-08-16,IIFLZC24,F,1039.55,1039.55,1039.55,1039.55,983.2,1,15,15593.0
2022-08-16,2022-08-16,842IIFL26,F,979.0,979.0,979.0,979.0,972.0,1,25,24475.0
2022-08-16,2022-08-16,1003UCL24,F,676.0,676.0,676.0,676.0,698.99,1,1,676.0
2022-08-16,2022-08-16,875EFSL23,F,1020.0,1020.0,1020.0,1020.0,1015.0,1,30,30600.0
2022-08-16,2022-08-16,875EFSL24A,F,970.0,970.0,965.0,965.0,965.0,2,60,58050.0
2022-08-16,2022-08-16,91EFSL24A,F,1004.9,1012.0,1000.0,1000.0,1000.0,11,735,736130.0
2022-08-16,2022-08-16,915EFSL26A,F,960.0,960.0,950.0,950.0,954.9,4,140,133700.0
2022-08-16,2022-08-16,955EFSL26B,F,1020.0,1020.0,1020.0,1020.0,1010.04,2,20,20400.0
2022-08-16,2022-08-16,93EFSL31A,F,905.0,918.0,905.0,918.0,911.43,3,106,97230.0
2022-08-16,2022-08-16,975MMFL26,F,1029.0,1029.0,1029.0,1029.0,980.0,3,100,102900.0
2022-08-16,2022-08-16,820IIFL27,F,918.0,918.0,918.0,918.0,951.0,1,20,18360.0
2022-08-16,2022-08-16,IIFLHF29,F,960.0,960.0,960.0,960.0,915.0,1,6,5760.0
2022-08-16,2022-08-16,875IHFL24,F,1015.0,1015.0,999.0,999.0,989.0,10,263,265054.0
2022-08-16,2022-08-16,866SCFL25,F,912.0,965.0,912.0,965.0,954.0,2,20,18770.0
2022-08-16,2022-08-16,866SCL25,F,974.79,974.79,974.79,974.79,974.79,1,7,6823.0
2022-08-16,2022-08-16,870NIDO25,F,965.0,965.0,965.0,965.0,965.0,1,50,48250.0
2022-08-16,2022-08-16,905NIDO25,F,944.2,944.2,944.2,944.2,980.0,1,10,9442.0
2022-08-16,2022-08-16,NIDO25,F,950.0,950.0,950.0,950.0,950.0,5,328,311600.0
2022-08-16,2022-08-16,915NIDO27,F,965.0,970.0,965.0,970.0,975.0,2,64,61980.0
2022-08-16,2022-08-16,1040UCL25,F,990.0,990.0,951.0,970.5,990.0,8,219,212769.0
2022-08-16,2022-08-16,1049DLS25A,F,986.0,986.0,915.01,917.84,985.0,6,96,88520.0
2022-08-16,2022-08-16,8MMFL23,F,970.25,970.5,970.25,970.36,970.0,5,150,145548.0
2022-08-16,2022-08-16,950NFL23,F,1019.3,1019.3,1019.3,1019.3,1005.83,1,1000,1019300.0
2022-08-16,2022-08-16,94NFL24,F,995.0,995.0,995.0,995.0,998.0,1,3,2985.0
2022-08-16,2022-08-16,MFLIII25,F,980.0,980.0,965.0,974.1,965.0,10,150,146041.0
2022-08-16,2022-08-16,1055IML24A,F,1012.0,1012.0,1012.0,1012.0,1009.0,1,50,50600.0
2022-08-16,2022-08-16,916NWIL27,F,990.0,990.0,990.0,990.0,985.0,2,110,108900.0
2022-08-16,2022-08-16,995NWIL32,F,945.0,945.0,945.0,945.0,945.0,1,2,1890.0
2022-08-16,2022-08-16,7KFL23,F,909.0,909.0,900.0,900.0,0.0,2,10,9072.0
2022-08-16,2022-08-16,EARCE2H701A,F,153018.0,153018.0,153018.0,153018.0,152902.0,11,162,24740436.0
2022-08-16,2022-08-16,975UPPCL26,F,1013690.0,1013690.0,1013690.0,1013690.0,1001000.0,1,3,3041070.0
2022-08-16,2022-08-16,975UPPCL27,F,1029500.0,1029500.0,1029500.0,1029500.0,1034000.0,4,4,4118000.0
2022-08-16,2022-08-16,1015UPPC25,F,1037137.0,1037137.0,1037137.0,1037137.0,1032500.0,1,1,1037137.0
2022-08-16,2022-08-16,1015UPPC27,F,1048500.0,1048500.0,1044500.0,1044750.0,1044000.0,3,3,3138000.0
2022-08-16,2022-08-16,1032APCR26,F,205777.0,206111.0,205777.0,206111.0,205678.0,2,10,2059440.0
2022-08-16,2022-08-16,1032APCR27,F,214111.0,214111.0,214111.0,214111.0,209111.0,2,10,2141110.0
2022-08-16,2022-08-16,1025SFL24B,F,1023444.0,1023444.0,1022000.0,1022000.0,1023415.0,3,3,3068888.0
2022-08-16,2022-08-16,1375SIBPER,F,100799.0,100799.0,100799.0,100799.0,108600.0,1,10,1007990.0
2022-08-16,2022-08-16,825BOBPER,F,1020000.0,1020000.0,1020000.0,1020000.0,1011505.0,2,2,2040000.0
2022-08-16,2022-08-16,ICCGB2AUG01,F,36240.0,36240.0,36240.0,36240.0,30200.0,2,16,579840.0
2022-08-16,2022-08-16,810IRFC27,F,1170.0,1170.0,1170.0,1170.0,1167.5,1,200,234000.0
2022-08-16,2022-08-16,82HUDCO27,F,1142.3,1145.0,1138.0,1140.0,1142.0,6,154,175475.0
2022-08-16,2022-08-16,812REC27,F,1128.77,1128.77,1128.77,1128.77,1112.14,1,1,1128.0
2022-08-16,2022-08-16,719IIFCL23,F,1047.0,1047.0,1047.0,1047.0,1046.0,1,19,19893.0
2022-08-16,2022-08-16,704PFCL28,F,1100.0,1100.0,1100.0,1100.0,1067.0,2,60,66000.0
2022-08-16,2022-08-16,839HUDCO23,F,1099.0,1104.9,1099.0,1100.9,1101.12,2,140,154125.0
2022-08-16,2022-08-16,892NHPC33,F,1335.0,1335.0,1334.7,1334.7,1325.0,2,30,40047.0
2022-08-16,2022-08-16,826IIFCL23,F,1090.01,1090.01,1090.01,1090.01,1090.01,3,220,239802.0
2022-08-16,2022-08-16,879PFCL28,F,1250.0,1250.0,1240.0,1240.0,1246.35,11,1200,1499050.0
2022-08-16,2022-08-16,892PFCL33,F,1360.0,1360.0,1358.0,1358.6,1351.25,9,216,293489.0
2022-08-16,2022-08-16,901HUDCO34,F,1390.0,1390.0,1376.51,1376.51,1390.0,9,1092,1516531.0
2022-08-16,2022-08-16,866IIFCL24C,F,1090.0,1091.99,1089.0,1091.99,1086.0,8,355,386864.0
2022-08-16,2022-08-16,852NHAI24,F,1152.99,1152.99,1152.99,1152.99,1154.9,1,1,1152.0
2022-08-16,2022-08-16,875NHAI29,F,1222.0,1225.0,1221.0,1223.0,1220.5,8,580,708750.0
2022-08-16,2022-08-16,880IREDA29,F,1250.0,1250.0,1250.0,1250.0,1245.0,1,1,1250.0
2022-08-16,2022-08-16,900KPL29,F,1250.0,1250.0,1250.0,1250.0,1240.0,1,1,1250.0
2022-08-16,2022-08-16,841IIFC24B,F,1080.0,1080.0,1079.0,1079.0,1094.98,2,75,80975.0
2022-08-16,2022-08-16,753NTPC30E,F,1190.0,1190.0,1190.0,1190.0,1189.99,1,9,10710.0
2022-08-16,2022-08-16,HDFCW3,W,475.5,488.0,475.5,488.0,465.0,2,1800,863400.0
2022-08-16,2022-08-16,1075IFC26A,F,11745.0,11745.0,10850.0,10850.0,10851.0,3,30,334450.0
2022-08-16,2022-08-16,875IFCI26A,F,11900.0,11900.0,11900.0,11900.0,12199.99,1,4,47600.0
2022-08-16,2022-08-16,916IFCI27,F,12435.0,12435.0,12435.0,12435.0,12435.0,1,4,49740.0
2022-08-16,2022-08-16,915PIFS27A,F,12711.0,12711.0,12711.0,12711.0,12710.0,2,4,50844.0
2022-08-16,2022-08-16,91TCAPPERP,F,1020000.0,1020000.0,1020000.0,1020000.0,1039500.0,1,1,1020000.0
2022-08-16,2022-08-16,675PFL31,F,821.62,821.62,820.0,820.84,819.62,55,7938,6512288.0
2022-08-16,2022-08-16,1050MSFL22,F,1013232.0,1013232.0,1013232.0,1013232.0,1002301.0,2,9,9119088.0
2022-08-16,2022-08-16,1025UCL25A,F,994000.0,994000.0,994000.0,994000.0,0.0,1,1,994000.0
2022-08-16,2022-08-16,MSFL19422,F,1030485.0,1030485.0,1030485.0,1030485.0,1030485.0,1,3,3091455.0
2022-08-16,2022-08-16,1050HFL27,F,995397.0,995397.0,995397.0,995397.0,1002301.0,4,4,3981588.0
