TradDt,BizDt,TckrSymb,SctySrs,OpnPric,HghPric,LwPric,ClsPric,PrvsClsgPric,TtlNbOfTxsExctd,TtlTradgVol,TtlTrfVal
2023-03-27,2023-03-27,ABB,A,3394.75,3394.75,3307.8,3322.4,3343.95,952,5407,18066433.0
2023-03-27,2023-03-27,AEGISLOG,A,401.25,401.25,375.35,380.15,397.4,2209,43921,17107451.0
2023-03-27,2023-03-27,ARE&M,A,560.35,567.9,553.7,557.2,562.7,755,7770,4358937.0
2023-03-27,2023-03-27,AMBALALSA,X,22.0,22.5,21.5,21.5,22.02,269,131360,2853167.0
2023-03-27,2023-03-27,HDFC,A,2560.15,2578.3,2551.9,2563.0,2563.55,8179,69794,179288146.0
2023-03-27,2023-03-27,ANDHRAPET,X,51.45,52.4,48.51,48.76,51.43,1367,170449,8492161.0
2023-03-27,2023-03-27,ANSALAPI,T,11.39,11.39,11.39,11.39,11.98,1,1000,11390.0
2023-03-27,2023-03-27,UTIQUE,X,4.5,4.64,4.4,4.44,4.49,115,11942,53981.0
2023-03-27,2023-03-27,ARUNAHTEL,X,13.39,13.39,12.95,12.96,12.89,8,772,10022.0
2023-03-27,2023-03-27,BOMDYEING,B,59.02,59.02,55.05,55.31,59.02,1152,119129,6761313.0
2023-03-27,2023-03-27,ASIANHOTNR,B,71.0,78.43,71.0,71.68,70.45,992,59277,4443081.0
2023-03-27,2023-03-27,ATUL,A,6930.0,7036.0,6904.1,6974.55,6926.7,607,1343,9378695.0
2023-03-27,2023-03-27,ATVPR,XT,7.49,7.8,7.12,7.17,7.45,69,11813,87925.0
2023-03-27,2023-03-27,BAJAJELEC,A,1132.7,1132.7,1074.7,1102.15,1104.55,472,1655,1805153.0
2023-03-27,2023-03-27,BAJAJHIND,A,12.75,12.75,12.01,12.06,12.64,2899,1904595,23401843.0
2023-03-27,2023-03-27,FORCEMOT,B,1138.9,1139.05,1104.1,1122.0,1139.35,612,3842,4307917.0
2023-03-27,2023-03-27,BAJFINANCE,A,5681.05,5725.0,5585.0,5592.85,5650.65,9559,48665,274299693.0
2023-03-27,2023-03-27,BALRAMCHIN,A,362.05,372.8,362.05,364.05,368.25,815,30164,11045059.0
2023-03-27,2023-03-27,BANCOINDIA,B,227.05,227.05,218.0,219.7,227.85,799,16551,3653224.0
2023-03-27,2023-03-27,ABREL,A,643.25,643.25,608.5,615.95,623.1,1294,12247,7534731.0
2023-03-27,2023-03-27,BANARISUG,B,2655.0,2704.4,2655.0,2698.35,2727.5,30,131,352472.0
2023-03-27,2023-03-27,BASF,A,2238.25,2287.0,2238.25,2265.3,2286.3,404,2163,4889111.0
2023-03-27,2023-03-27,BATAINDIA,A,1417.05,1418.65,1384.0,1399.75,1417.85,1921,25809,36150272.0
2023-03-27,2023-03-27,BEML,A,1275.05,1285.0,1230.0,1249.05,1274.3,577,3710,4634468.0
2023-03-27,2023-03-27,BEL,A,93.59,93.59,91.44,91.75,91.42,4256,578833,53526486.0
2023-03-27,2023-03-27,BEPL,A,91.4,92.4,87.15,90.65,92.9,2578,112893,10221884.0
2023-03-27,2023-03-27,BIHSPONG,XT,8.45,8.97,8.25,8.45,8.59,63,10141,86566.0
2023-03-27,2023-03-27,BILVYAPAR,B,36.49,36.49,33.03,33.03,34.76,1148,522433,18833255.0
2023-03-27,2023-03-27,BIRLACABLE,B,124.95,125.4,123.25,124.7,123.8,125,1324,164695.0
2023-03-27,2023-03-27,BLUESTARCO,A,1430.0,1444.9,1399.65,1407.45,1427.55,531,1956,2783591.0
2023-03-27,2023-03-27,DISAQ,X,8000.0,8093.95,7915.5,7923.0,7950.0,8,16,127983.0
2023-03-27,2023-03-27,QUESTCAP,X,230.0,230.0,225.0,228.15,230.0,24,9364,2123622.0
2023-03-27,2023-03-27,BPL,B,53.5,53.5,51.0,51.75,53.28,162,14818,774288.0
2023-03-27,2023-03-27,OAL,B,349.35,350.15,342.75,343.05,350.1,141,1472,508796.0
2023-03-27,2023-03-27,CENTEXT,B,8.5,8.64,8.37,8.4,8.64,96,6386,54409.0
2023-03-27,2023-03-27,CESC,A,66.93,67.27,62.25,64.59,66.86,4017,310010,20327534.0
2023-03-27,2023-03-27,CHAMBLFERT,A,261.65,263.55,253.7,254.75,261.65,1169,35523,9207642.0
2023-03-27,2023-03-27,EXIDEIND,A,175.1,175.55,172.05,172.5,175.2,1342,44128,7643397.0
2023-03-27,2023-03-27,CIPLA,A,885.0,890.95,876.3,889.45,877.0,3146,68392,60489446.0
2023-03-27,2023-03-27,DICIND,B,380.8,389.0,378.95,383.65,385.35,20,389,150871.0
2023-03-27,2023-03-27,CRISIL,A,3006.05,3115.75,3006.05,3108.35,3037.8,610,1493,4594727.0
2023-03-27,2023-03-27,CGPOWER,A,286.2,292.0,284.4,287.3,288.85,2989,88159,25290532.0
2023-03-27,2023-03-27,DABUR,A,530.05,545.55,530.05,541.5,536.25,1116,18935,10246620.0
2023-03-27,2023-03-27,DALMIASUG,A,313.0,318.65,312.8,317.1,317.3,417,6798,2146350.0
2023-03-27,2023-03-27,ARVIND,A,81.42,82.96,80.05,80.4,82.69,1195,60830,4931824.0
2023-03-27,2023-03-27,BALARPURIND,Z,0.65,0.68,0.64,0.64,0.67,162,708021,454190.0
2023-03-27,2023-03-27,BHEL,A,71.93,72.33,70.65,71.05,71.86,2970,689860,49133647.0
2023-03-27,2023-03-27,HINDPETRO,A,237.35,242.35,235.2,236.45,238.9,1948,82274,19723717.0
2023-03-27,2023-03-27,IFCI,A,9.77,9.85,9.35,9.41,9.77,1066,1484966,14095922.0
2023-03-27,2023-03-27,MTNL,B,18.0,18.28,16.96,17.16,18.29,2092,496759,8807729.0
2023-03-27,2023-03-27,MRPL,A,52.5,52.5,50.05,50.8,52.62,2191,342836,17591810.0
2023-03-27,2023-03-27,CHENNPETRO,A,243.9,243.9,228.35,231.0,243.3,2168,105423,24909884.0
2023-03-27,2023-03-27,RELCAPITAL,T,8.42,8.72,8.42,8.42,8.86,420,145845,1231040.0
2023-03-27,2023-03-27,SBIN,A,507.1,514.0,501.85,510.0,505.6,16029,750504,382118892.0
2023-03-27,2023-03-27,SAIL,A,82.2,82.85,80.9,81.15,82.4,7938,1769924,145009958.0
2023-03-27,2023-03-27,TITAN,A,2475.0,2510.0,2467.45,2494.9,2492.95,2679,15592,38929101.0
2023-03-27,2023-03-27,IDBI,A,46.16,46.26,44.45,44.79,46.52,2621,708885,32151939.0
2023-03-27,2023-03-27,DCW,B,42.5,43.03,40.0,40.81,42.86,1495,208311,8761881.0
2023-03-27,2023-03-27,DHAMPURSUG,A,213.0,213.1,205.05,206.7,213.05,916,22831,4781312.0
2023-03-27,2023-03-27,DIAMINESQ,X,418.75,418.75,390.9,393.65,408.2,272,13938,5533373.0
2023-03-27,2023-03-27,ELANTAS,B,4924.8,4933.5,4799.85,4890.45,4912.65,79,778,3814920.0
2023-03-27,2023-03-27,DRREDDY,A,4472.05,4527.05,4472.0,4486.1,4462.3,1075,4264,19200486.0
2023-03-27,2023-03-27,EIDPARRY,A,469.7,469.7,447.4,451.4,471.3,1605,21685,9927456.0
2023-03-27,2023-03-27,PGHL,A,4868.05,4949.0,4852.85,4868.95,4904.2,292,760,3724010.0
2023-03-27,2023-03-27,ELECTCAST,B,32.75,32.94,32.06,32.18,32.71,375,110381,3588365.0
2023-03-27,2023-03-27,ESABINDIA,A,3575.3,3632.25,3500.05,3511.15,3599.25,217,782,2784335.0
2023-03-27,2023-03-27,EPL,A,152.75,166.3,152.75,163.2,157.0,2605,113364,18562295.0
2023-03-27,2023-03-27,ESTER,B,87.05,89.36,83.96,84.09,87.29,163,2980,255018.0
2023-03-27,2023-03-27,FGP,X,5.54,5.63,5.54,5.55,6.1,15,4972,27768.0
2023-03-27,2023-03-27,PHCAP,X,67.47,68.85,61.8,65.63,67.47,43,1633,103034.0
2023-03-27,2023-03-27,FINCABLES,A,788.05,800.0,761.65,795.5,788.75,2178,43571,34006398.0
2023-03-27,2023-03-27,COCKERILL,X,1430.1,1445.0,1420.2,1423.5,1435.5,30,324,463958.0
2023-03-27,2023-03-27,UFLEX,A,348.05,353.45,338.8,340.0,351.6,1646,26288,8994644.0
2023-03-27,2023-03-27,FOSECOIND,B,2485.0,2512.2,2440.65,2507.65,2499.9,222,465,1154546.0
2023-03-27,2023-03-27,GOLDENTOBC,Z,47.05,48.2,45.78,46.49,48.18,57,4090,190725.0
2023-03-27,2023-03-27,GANESHBE,B,157.65,169.7,156.95,165.05,157.55,2847,99945,16529318.0
2023-03-27,2023-03-27,METROGLOBL,X,73.97,73.97,71.55,71.83,71.54,18,1675,120285.0
2023-03-27,2023-03-27,GTL,B,4.95,5.1,4.8,4.81,5.02,254,203260,988108.0
2023-03-27,2023-03-27,GODFRYPHLP,A,1849.85,1849.85,1762.15,1787.9,1813.95,439,1784,3195519.0
2023-03-27,2023-03-27,GODREJIND,A,417.9,417.9,401.65,404.1,408.5,389,3616,1464708.0
2023-03-27,2023-03-27,KANSAINER,A,378.6,390.55,378.6,386.35,384.3,394,5902,2272676.0
2023-03-27,2023-03-27,GOODRICKE,X,169.0,169.5,161.15,167.55,169.5,152,15102,2518313.0
2023-03-27,2023-03-27,GOODYEAR,B,1041.65,1058.65,1029.0,1034.1,1054.7,303,1809,1881437.0
2023-03-27,2023-03-27,GTNINDS,X,27.55,28.75,26.76,26.76,28.16,74,8020,216380.0
2023-03-27,2023-03-27,GHCL,A,518.05,518.6,502.5,507.15,521.15,899,11594,5919564.0
2023-03-27,2023-03-27,GFLLIMITED,B,53.4,54.8,52.9,53.5,53.78,87,19105,1029322.0
2023-03-27,2023-03-27,GLFL,B,2.79,2.79,2.79,2.79,2.74,2,222,619.0
2023-03-27,2023-03-27,HCL-INSYS,B,12.42,12.6,11.75,11.86,12.47,1304,240205,2886023.0
2023-03-27,2023-03-27,HDFCBANK,A,1560.1,1579.4,1559.0,1565.45,1561.75,8658,128954,202329356.0
2023-03-27,2023-03-27,HEROMOTOCO,A,2314.05,2330.15,2296.55,2308.25,2313.6,1738,11311,26188109.0
2023-03-27,2023-03-27,HFCL,A,60.74,61.0,56.35,57.28,60.73,4688,828319,48535897.0
2023-03-27,2023-03-27,HSCL,A,82.61,83.73,81.42,81.93,84.18,1842,145247,11954854.0
2023-03-27,2023-03-27,HCC,A,13.79,13.9,13.28,13.45,13.98,3206,4029691,54932468.0
2023-03-27,2023-03-27,HINDOILEXP,A,122.05,122.8,117.35,118.55,121.95,1463,44170,5283101.0
2023-03-27,2023-03-27,AGI,A,345.0,345.95,314.6,320.65,340.65,1965,52540,17328725.0
2023-03-27,2023-03-27,HINDZINC,A,327.4,329.9,324.05,329.15,323.15,8477,407711,133435180.0
2023-03-27,2023-03-27,NDLVENTURE,B,113.75,114.25,112.0,112.1,114.0,66,11252,1278427.0
2023-03-27,2023-03-27,HMT,Z,24.5,24.5,23.01,23.99,24.19,30,3012,71478.0
2023-03-27,2023-03-27,PRAGBOS,XT,1.9,1.9,1.81,1.85,1.9,13,6778,12817.0
2023-03-27,2023-03-27,HLVLTD,B,9.15,9.27,8.53,8.62,9.09,181,49906,438653.0
2023-03-27,2023-03-27,IGPL,B,415.5,416.8,405.25,412.05,418.8,336,7151,2946458.0
2023-03-27,2023-03-27,INDIAGLYCO,A,598.6,602.6,574.45,590.1,598.6,766,6571,3843461.0
2023-03-27,2023-03-27,INDLEASE,X,6.2,6.2,6.2,6.2,5.91,1,1,6.0
2023-03-27,2023-03-27,MARGOFIN,X,29.99,29.99,26.5,27.97,27.77,13,1873,51977.0
2023-03-27,2023-03-27,INDORAMA,B,41.16,41.16,39.7,40.06,41.53,345,48893,1968121.0
2023-03-27,2023-03-27,INFY,A,1384.0,1395.75,1374.05,1388.9,1380.45,6062,92541,128456132.0
2023-03-27,2023-03-27,INGERRAND,A,2381.05,2443.95,2360.1,2425.8,2422.5,518,1849,4422661.0
2023-03-27,2023-03-27,ITHL,X,195.55,197.0,193.0,196.05,199.0,33,1627,316462.0
2023-03-27,2023-03-27,IONEXCHANG,A,3331.0,3356.2,3238.0,3325.05,3356.7,1578,5505,18106350.0
2023-03-27,2023-03-27,SUNDROP,B,856.8,859.3,841.6,851.1,855.2,50,277,235228.0
2023-03-27,2023-03-27,JISLJALEQS,A,31.0,31.52,29.95,30.82,31.0,2175,1012491,30809161.0
2023-03-27,2023-03-27,JASCH,X,136.0,139.0,132.0,133.45,135.8,119,7433,998100.0
2023-03-27,2023-03-27,JCTLTD,X,1.77,1.79,1.65,1.69,1.8,1352,2594204,4436267.0
2023-03-27,2023-03-27,JINDALPOLY,A,525.5,527.9,498.0,501.45,528.2,3970,47412,24292675.0
2023-03-27,2023-03-27,JSWSTEEL,A,660.1,666.75,656.15,659.1,657.3,1692,34275,22674240.0
2023-03-27,2023-03-27,UMANGDAIRY,B,53.55,53.55,51.42,51.65,53.58,97,3913,204091.0
2023-03-27,2023-03-27,KAJARIACER,A,1032.85,1038.8,1019.25,1024.5,1032.85,278,2664,2732286.0
2023-03-27,2023-03-27,KAKATCEM,B,193.6,193.6,180.25,187.7,190.75,109,993,187523.0
2023-03-27,2023-03-27,KSL,B,305.25,305.5,289.0,291.7,303.35,529,7099,2112338.0
2023-03-27,2023-03-27,KANELIND,XT,1.76,1.76,1.68,1.7,1.76,14,1086,1848.0
2023-03-27,2023-03-27,WHIRLPOOL,A,1330.2,1339.0,1318.5,1329.9,1334.65,963,5613,7461474.0
2023-03-27,2023-03-27,KGDENIM,X,25.5,25.5,22.6,23.76,24.71,80,11447,270896.0
2023-03-27,2023-03-27,KINETICENG,X,91.05,94.87,88.55,89.39,92.87,109,97866,8836337.0
2023-03-27,2023-03-27,KIRLOSBROS,B,375.8,394.75,374.95,385.3,381.35,377,6762,2607434.0
2023-03-27,2023-03-27,KIRLOSIND,B,2449.2,2469.45,2357.5,2405.55,2440.25,290,568,1368031.0
2023-03-27,2023-03-27,KIRLFER,A,416.55,425.2,405.0,414.8,425.2,3986,56271,23307021.0
2023-03-27,2023-03-27,ENVAIREL,X,56.5,60.0,56.5,58.07,58.51,6,655,38942.0
2023-03-27,2023-03-27,KOTAKBANK,A,1696.25,1712.8,1694.0,1705.0,1691.55,2597,27780,47344788.0
2023-03-27,2023-03-27,KRIFILIND,X,3.34,3.34,3.32,3.32,3.19,6,612,2042.0
2023-03-27,2023-03-27,KSB,A,2098.55,2101.15,2035.0,2052.0,2079.75,614,2788,5746339.0
2023-03-27,2023-03-27,LGBBROSLTD,A,748.95,749.8,736.0,739.65,747.9,692,5015,3709293.0
2023-03-27,2023-03-27,TRENT,A,1332.95,1342.2,1311.2,1327.8,1307.95,1509,14480,19268968.0
2023-03-27,2023-03-27,LMW,A,10233.85,10233.85,9979.9,10034.15,10291.05,231,402,4046577.0
2023-03-27,2023-03-27,LICHSGFIN,A,320.55,325.65,319.45,320.55,320.5,1665,50127,16181531.0
2023-03-27,2023-03-27,LUPIN,A,645.0,673.55,642.25,659.1,639.75,3864,97259,64603708.0
2023-03-27,2023-03-27,LYKALABS,B,101.6,106.25,101.6,103.05,103.55,160,38409,4016006.0
2023-03-27,2023-03-27,RAMCOCEM,A,748.9,759.45,738.15,742.4,744.15,1421,16296,12186164.0
2023-03-27,2023-03-27,HYBRIDFIN,B,7.7,8.09,7.7,7.7,8.1,54,1272,9856.0
2023-03-27,2023-03-27,MAFATIND,X,45.5,45.5,42.11,43.19,44.72,114,22519,984993.0
2023-03-27,2023-03-27,MAHSEAMLES,A,352.75,357.4,344.0,346.2,356.45,1151,24079,8383358.0
2023-03-27,2023-03-27,MAHSCOOTER,A,4137.05,4170.45,4103.55,4116.1,4144.45,168,503,2082492.0
2023-03-27,2023-03-27,MAJESAUT,X,143.8,145.95,139.0,142.05,140.75,56,1288,182502.0
2023-03-27,2023-03-27,MANALIPETC,A,61.35,61.5,58.5,58.95,61.28,503,36168,2172310.0
2023-03-27,2023-03-27,BARODARY,XT,169.8,172.0,160.75,160.8,169.2,260,4843,786232.0
2023-03-27,2023-03-27,MFSL,A,608.0,631.0,608.0,623.15,619.45,1316,17981,11224449.0
2023-03-27,2023-03-27,MIDINDIA,XT,11.43,11.43,11.43,11.43,10.89,52,7826,89451.0
2023-03-27,2023-03-27,ONIDA,B,12.12,12.45,11.55,11.85,12.25,211,92513,1104845.0
2023-03-27,2023-03-27,CENTENKA,B,351.7,351.7,341.1,342.25,350.9,341,4301,1488838.0
2023-03-27,2023-03-27,LORDSCHLO,X,152.3,156.95,145.5,147.35,152.7,256,10724,1589994.0
2023-03-27,2023-03-27,SPICEJET,A,32.29,32.29,30.8,30.99,31.85,3300,555592,17315554.0
2023-03-27,2023-03-27,MOREPENLAB,A,25.06,28.8,25.06,26.4,24.43,14590,5286601,144455552.0
2023-03-27,2023-03-27,MRF,A,84299.6,84500.0,83440.15,83602.95,83871.8,112,182,15292522.0
2023-03-27,2023-03-27,HEIDELBERG,A,160.55,161.25,154.8,155.5,160.5,1139,170690,26612739.0
2023-03-27,2023-03-27,NCC,A,102.7,102.7,98.14,101.42,102.07,4878,534945,53696978.0
2023-03-27,2023-03-27,VEDL,A,271.9,274.25,269.5,272.7,269.75,6576,452308,123227333.0
2023-03-27,2023-03-27,NAHARSPING,B,250.1,253.9,242.3,245.1,253.1,430,7810,1943777.0
2023-03-27,2023-03-27,NAPEROL,X,1291.0,1305.0,1200.0,1222.1,1298.35,662,6635,8277365.0
2023-03-27,2023-03-27,GRASIM,A,1586.3,1647.5,1586.05,1631.3,1593.9,1401,15133,24587470.0
2023-03-27,2023-03-27,PEL,A,646.55,655.45,640.65,649.85,650.25,3866,73780,47796953.0
2023-03-27,2023-03-27,NIITLTD,A,326.1,331.15,323.2,325.0,327.7,643,16171,5288242.0
2023-03-27,2023-03-27,JAYKAY,X,48.4,48.4,45.5,46.06,47.12,124,17346,804946.0
2023-03-27,2023-03-27,NIRLON,B,354.05,373.8,345.45,355.4,366.85,168,6718,2377361.0
2023-03-27,2023-03-27,ONGC,A,149.1,152.4,149.1,150.2,149.5,5136,402923,60908774.0
2023-03-27,2023-03-27,OILCOUNTUB,B,14.17,14.17,13.3,13.45,13.83,33,1134,15155.0
2023-03-27,2023-03-27,ORIENTHOT,B,76.55,80.3,76.55,79.96,78.31,877,57948,4571967.0
2023-03-27,2023-03-27,OSWALAGRO,B,27.35,27.35,24.05,24.83,26.26,281,9374,236811.0
2023-03-27,2023-03-27,INDSUCR,X,53.6,55.75,52.99,53.51,54.45,74,8267,442703.0
2023-03-27,2023-03-27,RELIANCE,A,2215.5,2254.0,2200.5,2237.5,2203.5,27743,315446,705583440.0
2023-03-27,2023-03-27,PILITA,B,6.4,6.6,6.1,6.22,6.46,264,94890,600383.0
2023-03-27,2023-03-27,RAYMOND,A,1225.15,1233.35,1170.5,1175.95,1231.35,2589,25504,30359818.0
2023-03-27,2023-03-27,PIDILITIND,A,2351.05,2368.4,2335.45,2351.55,2364.55,3126,15039,35333080.0
2023-03-27,2023-03-27,PIXTRANS,B,770.55,776.0,752.95,757.1,776.1,372,2730,2079409.0
2023-03-27,2023-03-27,BIRLACORPN,A,912.1,939.5,894.3,902.55,934.15,592,4367,4005682.0
2023-03-27,2023-03-27,SURYAROSNI,A,649.45,649.45,605.6,611.3,646.6,1611,33685,21150868.0
2023-03-27,2023-03-27,PRIMESECU,B,104.0,104.0,100.2,100.61,104.16,40,2616,271886.0
2023-03-27,2023-03-27,PRSMJOHNSN,A,108.0,109.0,107.45,108.3,107.95,424,27406,2962286.0
2023-03-27,2023-03-27,RAIN,A,148.8,149.15,144.15,145.75,148.3,2696,176185,25774341.0
2023-03-27,2023-03-27,AMJLAND,B,21.2,21.3,20.12,20.17,21.67,57,2853,58249.0
2023-03-27,2023-03-27,PUNJCOMMU,B,29.45,29.78,26.0,26.51,30.1,110,10837,303873.0
2023-03-27,2023-03-27,RSWM,B,149.95,151.15,144.05,145.5,150.15,877,33076,4858916.0
2023-03-27,2023-03-27,RAJSREESUG,B,39.6,39.6,35.06,35.48,36.04,29,3936,147030.0
2023-03-27,2023-03-27,RALLIS,A,196.45,196.45,190.65,191.65,196.5,934,31234,6046187.0
2023-03-27,2023-03-27,RAMANEWS,B,10.5,11.1,10.42,10.51,10.77,451,22398,235614.0
2023-03-27,2023-03-27,RAMAPETRO,X,3.52,3.53,3.52,3.53,3.7,7,550,1939.0
2023-03-27,2023-03-27,RAPICUT,X,42.35,45.8,42.35,45.8,45.17,12,3382,143570.0
2023-03-27,2023-03-27,WELSPLSOL,X,17.9,19.25,17.7,18.71,17.81,514,328978,6202191.0
2023-03-27,2023-03-27,ROLTA,Z,1.9,1.9,1.84,1.84,1.93,128,99542,183309.0
2023-03-27,2023-03-27,RUBFILA,X,66.01,67.3,63.7,64.76,66.29,396,54861,3574776.0
2023-03-27,2023-03-27,PATANJALI,T,897.0,910.05,880.0,892.25,906.25,962,19011,17015102.0
2023-03-27,2023-03-27,SALORAINTL,X,31.25,32.5,31.2,32.0,32.4,26,40422,1266260.0
2023-03-27,2023-03-27,JINDALSAW,A,140.25,142.4,135.6,141.0,141.25,3495,283077,39270462.0
2023-03-27,2023-03-27,JKLAKSHMI,A,720.0,726.6,695.4,718.25,720.7,440,5186,3681211.0
2023-03-27,2023-03-27,SHREECEM,A,25400.05,25810.05,25350.0,25579.45,25487.25,171,368,9423279.0
2023-03-27,2023-03-27,SKPMIL,XT,19.43,21.47,19.43,21.47,20.45,4,1536,30529.0
2023-03-27,2023-03-27,RELINFRA,A,143.3,144.5,141.35,142.05,143.25,2327,133080,18987070.0
2023-03-27,2023-03-27,TATAPOWER,A,192.8,194.0,184.4,186.7,192.8,62014,3402724,639850982.0
2023-03-27,2023-03-27,SPMLINFRA,B,19.79,20.13,18.6,18.69,19.23,209,23945,462558.0
2023-03-27,2023-03-27,SUNDRMFAST,A,983.15,986.25,973.4,982.9,980.0,204,1123,1101909.0
2023-03-27,2023-03-27,SUNFLAG,B,148.0,151.55,146.9,148.35,147.65,5225,399422,59230722.0
2023-03-27,2023-03-27,SPLPETRO,A,369.15,374.95,364.65,367.4,367.75,495,3176,1183014.0
2023-03-27,2023-03-27,SWARAJENG,B,1530.2,1541.4,1518.85,1530.55,1550.35,105,255,389755.0
2023-03-27,2023-03-27,TATAELXSI,A,5992.9,6032.3,5941.55,5958.05,5992.85,1431,7517,44864119.0
2023-03-27,2023-03-27,ACC,A,1693.05,1707.55,1680.7,1684.8,1702.05,1872,17525,29659648.0
2023-03-27,2023-03-27,THERMAX,A,2231.05,2238.95,2154.6,2185.2,2241.4,708,2830,6196146.0
2023-03-27,2023-03-27,TIRUMALCHM,A,172.6,175.05,170.0,170.45,175.35,1384,40428,6967608.0
2023-03-27,2023-03-27,THOMASCOOK,A,56.58,56.58,53.9,54.65,56.66,1072,66475,3658663.0
2023-03-27,2023-03-27,TIMEX,X,120.8,123.9,120.0,120.1,122.45,206,47502,5732474.0
2023-03-27,2023-03-27,TOKYOPLAST,B,93.25,94.71,92.2,92.82,94.16,75,977,91941.0
2023-03-27,2023-03-27,TORNTPHARM,A,1509.05,1545.0,1509.05,1535.0,1518.1,780,2584,3966095.0
2023-03-27,2023-03-27,TRANSCHEM,X,21.99,21.99,20.1,20.57,20.66,22,1989,40928.0
2023-03-27,2023-03-27,AMBUJACEM,A,371.35,374.7,367.4,369.75,371.95,7493,466383,172869287.0
2023-03-27,2023-03-27,UTLINDS,X,1.63,1.77,1.63,1.63,1.69,113,57727,95573.0
2023-03-27,2023-03-27,UNIENTER,B,144.9,146.85,135.35,138.1,145.85,130,1979,277231.0
2023-03-27,2023-03-27,VHL,B,2543.1,2543.1,2505.0,2507.25,2510.6,31,47,118206.0
2023-03-27,2023-03-27,HINDALCO,A,390.0,396.5,389.35,390.0,388.35,6628,421959,165856009.0
2023-03-27,2023-03-27,WSTCSTPAPR,A,506.05,525.25,506.05,519.65,516.1,1338,11725,6072881.0
2023-03-27,2023-03-27,HOCL,B,23.89,23.89,22.01,22.61,23.24,234,45037,1025260.0
2023-03-27,2023-03-27,MPILCORPL,X,235.2,235.2,235.2,235.2,235.2,3,3,705.0
2023-03-27,2023-03-27,PASUPTAC,B,24.61,24.75,23.41,23.47,24.55,128,39495,952267.0
2023-03-27,2023-03-27,TEAM24,XT,6.84,6.85,6.7,6.84,6.84,30,1814,12280.0
2023-03-27,2023-03-27,PGHH,A,13823.8,13900.0,13628.6,13787.45,13783.15,193,323,4436102.0
2023-03-27,2023-03-27,MUKANDLTD,B,142.0,147.75,140.0,142.2,140.9,1232,37932,5458617.0
2023-03-27,2023-03-27,BBOX,B,91.5,100.0,91.5,94.85,91.35,635,14572,1400442.0
2023-03-27,2023-03-27,UCAL,B,110.9,111.2,108.85,109.0,110.95,182,28487,3107620.0
2023-03-27,2023-03-27,HARRMALAYA,B,113.6,113.6,106.8,107.6,112.95,460,10989,1193285.0
2023-03-27,2023-03-27,FEDERALBNK,A,126.05,127.1,125.0,125.4,126.65,2414,199942,25242533.0
2023-03-27,2023-03-27,TATASTEEL,A,102.55,103.4,102.1,102.3,102.15,23263,2149318,220675737.0
2023-03-27,2023-03-27,SKFINDIA,A,4190.0,4190.0,4025.0,4061.3,4193.55,581,3529,14443050.0
2023-03-27,2023-03-27,ASHOKLEY,A,137.0,137.1,133.45,134.5,137.6,2838,283864,38295770.0
2023-03-27,2023-03-27,CUMMINSIND,A,1637.95,1637.95,1581.2,1583.6,1621.55,1608,10181,16270301.0
2023-03-27,2023-03-27,TATACOMM,A,1224.3,1229.25,1210.35,1218.85,1223.6,2120,18613,22736748.0
2023-03-27,2023-03-27,ABBOTINDIA,A,21183.05,21617.85,21135.65,21427.6,21139.45,258,433,9275526.0
2023-03-27,2023-03-27,BAJAJHLDNG,A,6003.4,6086.2,6003.4,6058.4,6036.85,261,1701,10297807.0
2023-03-27,2023-03-27,BHARATFORG,A,765.8,769.2,755.0,758.4,764.4,786,10564,8061384.0
2023-03-27,2023-03-27,ESCORTS,A,1828.35,1848.8,1809.95,1843.7,1831.6,623,3908,7140978.0
2023-03-27,2023-03-27,HINDMOTORS,B,13.56,13.79,13.23,13.27,13.7,395,77553,1039737.0
2023-03-27,2023-03-27,LT,A,2171.05,2190.0,2150.45,2153.65,2163.1,10149,81585,177136195.0
2023-03-27,2023-03-27,M&M,A,1140.05,1150.05,1126.0,1138.0,1150.2,3353,41371,47110286.0
2023-03-27,2023-03-27,BOSCHLTD,A,18478.0,18642.0,18298.7,18322.65,18451.5,362,780,14387677.0
2023-03-27,2023-03-27,PREMIER,T,2.0,2.01,1.95,1.96,2.05,23,20841,41005.0
2023-03-27,2023-03-27,BPCL,A,340.05,346.8,340.05,344.85,345.2,1890,58987,20360798.0
2023-03-27,2023-03-27,SIEMENS,A,3328.05,3355.0,3280.0,3291.2,3333.75,1447,8157,27113468.0
2023-03-27,2023-03-27,TMPV,A,413.4,418.4,410.15,411.85,416.25,5819,180542,74649646.0
2023-03-27,2023-03-27,VOLTAS,A,820.05,829.4,811.8,822.85,821.7,1167,15030,12362196.0
2023-03-27,2023-03-27,GESHIP,A,629.35,639.3,625.0,634.1,623.9,1134,22037,13983549.0
2023-03-27,2023-03-27,DEEPAKFERT,A,532.05,535.25,519.8,521.3,535.5,1910,29993,15800511.0
2023-03-27,2023-03-27,EXCELINDUS,B,825.0,840.7,795.95,799.3,843.5,592,3480,2845372.0
2023-03-27,2023-03-27,GRWRHITECH,B,563.3,563.3,514.35,520.85,541.95,1049,8297,4345338.0
2023-03-27,2023-03-27,GLAXO,A,1283.75,1285.55,1262.0,1270.1,1290.15,497,2631,3350207.0
2023-03-27,2023-03-27,GNFC,A,515.3,517.7,495.55,499.1,514.8,4174,97438,49117944.0
2023-03-27,2023-03-27,NOVARTIND,B,568.3,573.9,560.1,562.2,568.9,208,1503,852838.0
2023-03-27,2023-03-27,SANOFI,A,5670.0,5678.6,5623.15,5647.9,5668.35,478,2086,11778422.0
2023-03-27,2023-03-27,PFIZER,A,3503.55,3525.0,3471.05,3483.25,3521.35,400,1934,6751647.0
2023-03-27,2023-03-27,GSFC,A,121.65,122.75,118.5,118.95,122.75,2701,174079,20837427.0
2023-03-27,2023-03-27,HINDUNILVR,A,2481.2,2504.75,2465.0,2497.2,2480.5,4953,104295,259784695.0
2023-03-27,2023-03-27,JSWDULUX,A,2350.0,2350.0,2267.05,2320.35,2356.0,272,658,1517109.0
2023-03-27,2023-03-27,NOCIL,A,204.7,204.95,199.05,203.85,203.7,1206,39655,8010856.0
2023-03-27,2023-03-27,TATACHEM,A,954.0,960.15,947.85,954.7,953.15,1109,11292,10789950.0
2023-03-27,2023-03-27,TNPETRO,B,73.15,74.38,70.85,70.99,74.25,1147,43587,3134451.0
2023-03-27,2023-03-27,ZUARIIND,B,110.6,111.35,106.7,106.95,110.95,213,10143,1113167.0
2023-03-27,2023-03-27,NESTLEIND,A,19011.45,19121.0,18841.95,18945.55,18951.65,343,644,12239551.0
2023-03-27,2023-03-27,TATACONSUM,A,706.0,707.15,697.1,699.15,702.15,2333,65654,46254778.0
2023-03-27,2023-03-27,ASIANPAINT,A,2798.5,2818.4,2786.2,2802.9,2798.7,5222,31071,87029369.0
2023-03-27,2023-03-27,BRITANNIA,A,4205.05,4242.0,4199.35,4211.55,4195.65,958,3355,14159312.0
2023-03-27,2023-03-27,COLPAL,A,1501.0,1511.05,1490.5,1502.1,1500.95,1214,6971,10480005.0
2023-03-27,2023-03-27,EIHOTEL,A,155.25,156.3,150.5,152.25,156.0,1235,81078,12442243.0
2023-03-27,2023-03-27,INDHOTEL,A,309.05,310.45,303.1,304.8,310.2,1315,48173,14719946.0
2023-03-27,2023-03-27,CASTROLIND,A,108.7,109.75,107.7,108.2,108.5,1243,60045,6509246.0
2023-03-27,2023-03-27,ITC,A,375.1,384.45,375.1,380.2,378.7,10333,399260,151955578.0
2023-03-27,2023-03-27,APOLLOTYRE,A,303.95,310.35,303.55,307.2,306.05,2200,72829,22424913.0
2023-03-27,2023-03-27,CEATLTD,A,1386.1,1390.0,1360.0,1368.8,1385.8,647,3866,5305315.0
2023-03-27,2023-03-27,MODIRUBBER,T,59.99,59.99,59.99,59.99,57.52,1,122,7318.0
2023-03-27,2023-03-27,FINPIPE,A,161.05,167.0,161.05,164.3,163.75,1251,30385,5015645.0
2023-03-27,2023-03-27,DSINVEST,XT,268.0,268.0,263.0,263.0,268.0,2,110,28980.0
2023-03-27,2023-03-27,CENTRUM,B,19.94,20.26,19.05,19.78,20.21,624,64659,1275395.0
2023-03-27,2023-03-27,KARTKIN,XT,595.0,595.0,595.0,595.0,625.0,1,10,5950.0
2023-03-27,2023-03-27,IITL,B,86.95,90.0,86.95,90.0,85.24,114,1331,117392.0
2023-03-27,2023-03-27,INDPRUD,X,1791.05,1825.0,1785.0,1786.0,1790.4,17,110,197907.0
2023-03-27,2023-03-27,TATAINVEST,A,1912.05,1916.0,1866.75,1871.5,1916.15,1151,4734,8910210.0
2023-03-27,2023-03-27,PRISMX,X,1.65,1.71,1.54,1.55,1.68,769,632117,991667.0
2023-03-27,2023-03-27,MOTOGENFIN,T,32.0,32.0,29.52,29.52,31.06,5,16,475.0
2023-03-27,2023-03-27,WALCHPF,X,129.5,129.5,111.85,112.5,118.75,15,202,23964.0
2023-03-27,2023-03-27,WHBRADY,X,251.5,251.5,233.05,239.6,255.85,31,1481,360273.0
2023-03-27,2023-03-27,TECHNVISN,XT,180.95,199.95,180.95,199.95,190.45,11,452,86713.0
2023-03-27,2023-03-27,SHAILY,B,1037.55,1058.95,1015.1,1035.1,1046.05,83,257,270233.0
2023-03-27,2023-03-27,BBTC,A,812.15,830.0,807.0,812.5,831.5,526,4658,3819442.0
2023-03-27,2023-03-27,BOMBCYC,X,690.0,690.0,675.05,685.0,700.0,8,21,14420.0
2023-03-27,2023-03-27,GREAVESCOT,A,127.15,129.0,124.55,125.65,128.1,2180,139041,17667312.0
2023-03-27,2023-03-27,MULLER,XT,175.95,175.95,175.95,175.95,175.95,2,2,351.0
2023-03-27,2023-03-27,AMALGAM,XT,24.55,24.55,24.55,24.55,24.55,4,20,491.0
2023-03-27,2023-03-27,INDIANVSH,X,44.79,45.03,42.79,42.99,45.04,48,37970,1648028.0
2023-03-27,2023-03-27,COASTCORP,B,182.0,183.65,170.0,170.85,179.95,335,10747,1867153.0
2023-03-27,2023-03-27,CHOWGULSTM,XT,13.2,13.2,12.61,12.61,13.27,20,7030,89015.0
2023-03-27,2023-03-27,GARWAOFFS,X,28.6,30.0,25.55,26.34,28.23,246,167965,4694739.0
2023-03-27,2023-03-27,DHENUBUILD,XT,1.76,1.79,1.76,1.79,1.76,8,1340,2395.0
2023-03-27,2023-03-27,ASIIL,X,11.01,11.25,10.55,10.85,11.0,81,130198,1428848.0
2023-03-27,2023-03-27,SAGCEM,B,193.4,196.55,182.75,186.8,196.3,770,18035,3485626.0
2023-03-27,2023-03-27,DECCANCE,B,406.05,409.25,388.0,392.8,406.7,293,3233,1274370.0
2023-03-27,2023-03-27,MANGLMCEM,B,252.95,252.95,240.3,246.4,253.95,487,4980,1221811.0
2023-03-27,2023-03-27,NCLIND,B,177.3,177.7,172.7,177.0,176.4,676,19494,3441678.0
2023-03-27,2023-03-27,SAURASHCEM,X,50.25,51.5,49.56,50.64,51.01,123,33573,1701438.0
2023-03-27,2023-03-27,SHREDIGCEM,B,60.0,61.5,57.3,57.9,61.01,621,33153,1950030.0
2023-03-27,2023-03-27,BORORENEW,A,422.95,427.55,402.15,404.65,428.4,2251,28035,11575445.0
2023-03-27,2023-03-27,RASSIREF,XT,7.91,7.91,7.91,7.91,8.32,2,2700,21357.0
2023-03-27,2023-03-27,TRIVENIGQ,XT,22.85,22.85,21.28,21.38,22.4,84,14889,321494.0
2023-03-27,2023-03-27,NILACHAL,X,37.75,37.75,35.05,35.05,35.18,11,380,14124.0
2023-03-27,2023-03-27,ANDHRAPAP,B,416.0,418.75,407.7,409.1,415.85,372,4875,2008073.0
2023-03-27,2023-03-27,BALKRISIND,A,1939.95,1976.1,1912.3,1937.15,1965.9,1104,4328,8403837.0
2023-03-27,2023-03-27,ORIENTPPR,B,36.1,36.4,34.95,35.73,36.05,553,93139,3316291.0
2023-03-27,2023-03-27,CITADEL,X,21.74,22.8,21.7,21.92,21.74,13,2141,46942.0
2023-03-27,2023-03-27,ROLLT,B,0.99,0.99,0.94,0.96,0.97,66,121207,115846.0
2023-03-27,2023-03-27,SESHAPAPER,B,241.3,241.95,227.5,229.75,238.8,176,2646,619047.0
2023-03-27,2023-03-27,SHBHAWANI,Z,1.87,1.87,1.87,1.87,1.96,6,447,835.0
2023-03-27,2023-03-27,NATHIND,X,56.99,56.99,47.21,48.87,51.92,95,20242,1030469.0
2023-03-27,2023-03-27,VAPIENTER,XT,81.42,85.7,81.42,81.5,85.7,3,62,5052.0
2023-03-27,2023-03-27,DCM,B,74.0,75.0,70.45,71.64,74.5,137,4509,326629.0
2023-03-27,2023-03-27,FORBESCO,B,597.05,610.7,580.0,588.2,597.05,164,1630,966533.0
2023-03-27,2023-03-27,HPCOTTON,X,84.0,84.0,82.0,82.09,84.0,19,2504,206095.0
2023-03-27,2023-03-27,KATRSPG,X,200.0,209.9,190.05,199.0,199.95,28,157,30562.0
2023-03-27,2023-03-27,KESORAMIND,B,56.37,57.24,55.72,56.06,56.38,427,31858,1793101.0
2023-03-27,2023-03-27,LAKSHMIMIL,X,3680.0,3699.0,3575.0,3599.0,3681.25,29,136,491160.0
2023-03-27,2023-03-27,VTL,A,273.0,281.3,270.0,274.05,278.95,1824,27805,7628804.0
2023-03-27,2023-03-27,PENINLAND,B,12.0,12.69,11.9,11.97,12.43,660,47670,576240.0
2023-03-27,2023-03-27,PASUSPG,X,16.8,16.8,16.15,16.15,17.0,9,506,8230.0
2023-03-27,2023-03-27,PHOENIXLTD,A,1302.05,1355.0,1302.05,1318.95,1285.8,2930,22370,29579756.0
2023-03-27,2023-03-27,MARATHON,B,272.6,276.7,265.05,266.3,273.0,185,2062,559891.0
2023-03-27,2023-03-27,RAJABAH,XT,3497.0,3497.0,3360.0,3360.0,3333.0,2,2,6857.0
2023-03-27,2023-03-27,RELCHEMQ,B,161.5,169.9,161.5,164.65,165.1,111,1820,304785.0
2023-03-27,2023-03-27,RUBYMILLS,B,153.55,153.7,147.8,148.55,154.5,244,3765,563956.0
2023-03-27,2023-03-27,SIMPLXREA,X,76.96,76.96,70.88,70.93,74.59,11,777,57871.0
2023-03-27,2023-03-27,SWANCORP,A,215.05,219.6,198.85,201.4,216.5,1262,46664,9659286.0
2023-03-27,2023-03-27,VICTMILL,X,2228.0,2228.0,2225.0,2225.0,2240.1,4,13,28959.0
2023-03-27,2023-03-27,ZSVARAJT,X,5.5,5.51,5.0,5.14,5.46,23,3875,20745.0
2023-03-27,2023-03-27,ZODIACVEN,X,22.53,22.53,20.39,20.39,21.46,73,17498,362495.0
2023-03-27,2023-03-27,VEERENRGY,X,10.0,10.0,9.34,9.35,9.83,93,12237,117460.0
2023-03-27,2023-03-27,TILAK,X,3.23,3.4,3.23,3.31,3.41,449,120862,402224.0
2023-03-27,2023-03-27,KKFIN,X,12.49,12.49,12.49,12.49,11.9,2,105,1311.0
2023-03-27,2023-03-27,WAGEND,X,0.74,0.74,0.67,0.7,0.74,264,334590,229413.0
2023-03-27,2023-03-27,MEDIAONE,X,32.6,32.6,32.6,32.6,31.05,46,7327,238860.0
2023-03-27,2023-03-27,BANSWRAS,B,107.0,119.5,107.0,118.3,116.35,125,2349,276757.0
2023-03-27,2023-03-27,MODWOOL,X,76.0,76.0,76.0,76.0,81.0,2,44,3344.0
2023-03-27,2023-03-27,MODIPON,X,34.93,34.93,31.85,32.28,33.45,10,489,16474.0
2023-03-27,2023-03-27,SHRIDINE,X,550.0,550.0,504.05,509.95,514.6,21,508,259332.0
2023-03-27,2023-03-27,SRF,A,2370.05,2401.0,2370.05,2385.95,2380.5,1117,7421,17734802.0
2023-03-27,2023-03-27,SIYSIL,A,427.85,427.85,410.0,410.75,427.65,462,7140,2960908.0
2023-03-27,2023-03-27,SWADPOL,X,41.85,41.85,38.4,38.85,40.36,91,9503,372029.0
2023-03-27,2023-03-27,BBL,B,2482.55,2488.1,2441.0,2479.65,2485.8,168,495,1223582.0
2023-03-27,2023-03-27,ELPROINTL,B,56.6,60.9,53.0,58.67,55.25,365,143164,7994597.0
2023-03-27,2023-03-27,GEE,X,64.3,67.34,62.55,63.3,65.06,153,36052,2320305.0
2023-03-27,2023-03-27,HIRECT,B,200.0,204.9,191.0,196.0,199.85,352,3875,773458.0
2023-03-27,2023-03-27,NIPPOBATRY,B,304.0,304.55,295.0,296.75,305.85,150,500,149962.0
2023-03-27,2023-03-27,ZENSARTECH,A,265.55,266.75,258.85,262.3,266.0,2905,119391,31249296.0
2023-03-27,2023-03-27,JYOTI,X,15.75,15.75,14.9,14.93,15.75,52,5562,84613.0
2023-03-27,2023-03-27,JSLINDL,XT,357.9,357.9,357.75,357.8,341.15,4,62,22182.0
2023-03-27,2023-03-27,KAYCEEI,X,6726.1,6730.0,6726.1,6730.0,6925.0,2,2,13456.0
2023-03-27,2023-03-27,INDOKEM,X,120.9,120.9,112.25,115.85,116.0,83,4200,487204.0
2023-03-27,2023-03-27,PANAENERG,X,229.5,232.5,219.0,220.85,222.5,139,2729,605684.0
2023-03-27,2023-03-27,NELCO,B,536.45,536.45,500.0,504.1,520.2,1341,15468,7911458.0
2023-03-27,2023-03-27,PERMAGN,X,874.0,879.9,794.6,871.0,844.25,552,12369,10515540.0
2023-03-27,2023-03-27,HIGHENE,X,323.75,333.0,308.25,319.55,323.5,385,10652,3378624.0
2023-03-27,2023-03-27,STDBAT,X,26.0,27.5,25.25,26.75,26.5,70,2598,67798.0
2023-03-27,2023-03-27,UNIVCABLES,B,383.9,383.9,343.85,344.8,350.7,530,27104,9390446.0
2023-03-27,2023-03-27,WSI,B,28.71,28.71,28.71,28.71,27.35,11,4963,142487.0
2023-03-27,2023-03-27,DLTNCBL,X,65.25,71.8,65.25,68.11,66.96,21,746,51135.0
2023-03-27,2023-03-27,LAKSELEC,X,750.3,754.9,730.0,735.45,752.5,105,2074,1531349.0
2023-03-27,2023-03-27,MODULEX,Z,7.1,7.4,6.74,6.76,7.09,59,50149,349000.0
2023-03-27,2023-03-27,DELTAMAGNT,B,73.7,73.7,66.05,67.96,70.82,100,2814,192821.0
2023-03-27,2023-03-27,LONGSPUR,X,7.88,7.88,7.88,7.88,8.04,1,1,7.0
2023-03-27,2023-03-27,RELTD,X,43.0,43.7,43.0,43.1,43.99,20,1549,66873.0
2023-03-27,2023-03-27,EMPOWER,XT,0.28,0.28,0.28,0.28,0.27,26,2297066,643178.0
2023-03-27,2023-03-27,NYSSACORP,X,3.51,4.03,3.51,3.77,3.93,168,47460,179171.0
2023-03-27,2023-03-27,FLOMIC,X,84.0,96.9,84.0,88.58,85.2,100,6401,575882.0
2023-03-27,2023-03-27,KRISHNA,X,95.45,98.46,94.06,98.46,93.78,23,3801,369842.0
2023-03-27,2023-03-27,GANHOLD,XT,39.57,39.57,39.57,39.57,41.65,2,70,2769.0
2023-03-27,2023-03-27,UNIABEXAL,X,1000.0,1015.0,979.35,989.15,999.3,24,321,319174.0
2023-03-27,2023-03-27,SARDAEN,A,1008.5,1041.95,989.05,1015.2,1010.95,510,2525,2551906.0
2023-03-27,2023-03-27,BGWTATO,X,268.05,277.75,268.05,268.75,270.35,10,645,173137.0
2023-03-27,2023-03-27,BOMBWIR,X,20.54,20.54,18.75,18.98,19.65,19,686,13054.0
2023-03-27,2023-03-27,GALADA,Z,1.79,1.9,1.79,1.9,1.88,18,2150,3892.0
2023-03-27,2023-03-27,AZADIND,XT,28.45,28.45,28.45,28.45,28.45,7,29,825.0
2023-03-27,2023-03-27,INDIANHUME,B,129.95,129.95,118.25,118.95,120.45,224,21364,2551913.0
2023-03-27,2023-03-27,INLCM,P,851.55,851.55,775.0,775.0,811.0,2,15,12390.0
2023-03-27,2023-03-27,INVPRECQ,X,290.0,290.0,276.3,278.95,282.15,10,241,67277.0
2023-03-27,2023-03-27,INFORTEC,XT,51.8,51.8,48.2,51.45,50.02,4,102,5269.0
2023-03-27,2023-03-27,KAIRA,X,2306.25,2590.0,2272.0,2281.1,2360.0,53,83,194828.0
2023-03-27,2023-03-27,ORIENTCER,B,23.11,23.5,22.5,22.79,23.47,46,5719,130379.0
2023-03-27,2023-03-27,NATIONSTD,A,4075.0,4330.0,4075.0,4244.05,4267.55,27,49,208600.0
2023-03-27,2023-03-27,DUNCANENG,X,339.4,344.0,335.0,341.3,330.45,19,569,191463.0
2023-03-27,2023-03-27,SANDUMA,A,951.9,967.9,935.3,960.8,951.9,1096,19228,18456790.0
2023-03-27,2023-03-27,STOVACQ,X,1912.0,1939.0,1875.0,1883.9,1910.2,81,894,1690781.0
2023-03-27,2023-03-27,TATAYODOGA,XT,56.0,59.0,53.63,53.63,56.45,131,6963,376570.0
2023-03-27,2023-03-27,TINPLATE,A,303.05,308.85,303.05,306.0,304.65,269,3223,986689.0
2023-03-27,2023-03-27,CHOLAHLDNG,A,531.75,532.8,514.0,516.95,528.95,283,1914,992139.0
2023-03-27,2023-03-27,ZWELCAST,X,595.0,595.0,595.0,595.0,570.0,1,1,595.0
2023-03-27,2023-03-27,AUTOAXLES,B,2240.05,2345.7,2239.95,2312.25,2344.95,258,650,1495509.0
2023-03-27,2023-03-27,ACGL,X,742.15,742.15,705.0,708.55,727.55,63,1146,820884.0
2023-03-27,2023-03-27,SETCO,B,5.81,6.18,5.45,5.51,6.0,841,74747,422335.0
2023-03-27,2023-03-27,SCOOTER,T,27.79,27.79,26.5,27.79,27.89,39,4615,125120.0
2023-03-27,2023-03-27,TALBROAUTO,B,412.15,415.95,401.0,403.35,412.65,421,4002,1636786.0
2023-03-27,2023-03-27,ZFSTEERING,X,407.3,409.0,394.0,396.05,403.4,99,2179,866786.0
2023-03-27,2023-03-27,SMLMAH,B,663.35,677.0,658.2,675.9,670.15,122,680,453267.0
2023-03-27,2023-03-27,TIL,B,144.95,145.05,139.2,139.2,146.5,55,829,118742.0
2023-03-27,2023-03-27,EICHERMOT,A,2909.0,2920.75,2873.65,2886.15,2908.95,1176,5697,16493738.0
2023-03-27,2023-03-27,JAINEX,XT,115.8,115.8,108.1,108.1,113.75,9,34,3717.0
2023-03-27,2023-03-27,ALFREDHE,X,673.5,699.0,673.4,699.0,692.5,3,11,7433.0
2023-03-27,2023-03-27,VELJAN,X,1250.0,1284.95,1210.0,1211.1,1245.45,34,345,429563.0
2023-03-27,2023-03-27,DYNAMATECH,B,2698.05,2714.95,2593.8,2654.7,2692.55,347,1146,3015489.0
2023-03-27,2023-03-27,GGDPROP,X,50.05,50.05,47.3,47.36,51.02,46,8694,427113.0
2023-03-27,2023-03-27,GMMPFAUDLR,A,1522.55,1522.55,1482.1,1489.7,1507.05,597,2754,4116825.0
2023-03-27,2023-03-27,KIRLPNU,A,570.0,570.0,548.0,554.2,565.05,1006,14074,7792250.0
2023-03-27,2023-03-27,TULIVE,XT,180.0,180.0,180.0,180.0,180.0,1,10,1800.0
2023-03-27,2023-03-27,KPT,X,306.35,319.0,301.5,304.1,301.35,72,2356,728955.0
2023-03-27,2023-03-27,LAKSHMIEW,X,823.4,869.95,817.0,829.2,800.55,47,613,510221.0
2023-03-27,2023-03-27,MANUGRAPH,B,16.5,16.7,16.25,16.36,16.59,97,1425,23408.0
2023-03-27,2023-03-27,MONOT,Z,0.27,0.27,0.26,0.26,0.27,10,229000,59770.0
2023-03-27,2023-03-27,NESCO,A,517.9,525.75,510.45,519.3,515.4,255,6840,3550069.0
2023-03-27,2023-03-27,INTEGRAEN,X,129.0,129.8,118.2,120.94,127.85,440,47415,5855763.0
2023-03-27,2023-03-27,SEMAC,B,1258.85,1271.55,1235.05,1262.05,1260.95,59,157,197916.0
2023-03-27,2023-03-27,TEXINFRA,B,51.13,52.7,48.3,49.4,51.88,198,5838,295627.0
2023-03-27,2023-03-27,WENDT,B,8390.4,8390.4,8214.1,8215.0,8428.5,24,24,198743.0
2023-03-27,2023-03-27,RESPONIND,B,124.4,124.4,107.0,108.45,115.4,211,2956,327955.0
2023-03-27,2023-03-27,SHYMINV,X,3.63,3.63,3.29,3.29,3.65,78,19713,67212.0
2023-03-27,2023-03-27,MAHACORP,X,1.38,1.39,1.32,1.32,1.38,440,690790,919613.0
2023-03-27,2023-03-27,DOLATALGO,B,43.25,43.66,41.06,41.68,43.54,201,14872,625040.0
2023-03-27,2023-03-27,WESTLIFE,A,682.0,682.5,665.3,670.3,680.75,955,4318,2904275.0
2023-03-27,2023-03-27,ZEEL,A,208.15,215.8,208.15,210.65,211.5,3915,215352,45908113.0
2023-03-27,2023-03-27,SVPGLOB,B,12.57,12.57,11.95,11.95,12.57,153,62731,752320.0
2023-03-27,2023-03-27,SKYLMILAR,X,9.75,10.48,9.75,9.8,10.1,71,3431,33618.0
2023-03-27,2023-03-27,BIMETAL,X,388.25,388.25,371.0,375.3,383.0,22,225,84308.0
2023-03-27,2023-03-27,BHARATGEAR,B,107.5,110.0,101.75,102.65,107.45,193,3810,397467.0
2023-03-27,2023-03-27,BRADYM,X,193.0,193.0,177.0,192.95,193.5,8,501,89140.0
2023-03-27,2023-03-27,LATIMMETAL,X,6.78,6.83,5.8,5.93,6.83,514,219225,1378214.0
2023-03-27,2023-03-27,ELECON,A,377.95,387.0,361.6,364.65,379.1,1884,46938,17504012.0
2023-03-27,2023-03-27,SATANIBRG,XT,43.99,43.99,41.0,42.0,42.7,6,130,5548.0
2023-03-27,2023-03-27,GRAUWEIL,B,97.64,97.64,91.8,92.04,95.7,724,40752,3825157.0
2023-03-27,2023-03-27,HIMTEK,X,77.5,80.9,73.01,74.65,78.04,75,13276,1008568.0
2023-03-27,2023-03-27,GABRIEL,B,134.45,135.25,132.55,133.95,135.35,556,13025,1743020.0
2023-03-27,2023-03-27,HERCULES,B,185.1,187.1,178.05,181.1,188.7,180,2342,428643.0
2023-03-27,2023-03-27,ALGOQUANT,X,529.0,529.0,511.05,514.05,511.8,49,3771,1941725.0
2023-03-27,2023-03-27,IFBIND,A,777.9,778.25,752.0,755.6,776.6,166,608,463888.0
2023-03-27,2023-03-27,SINGERIND,X,60.21,62.3,59.6,59.84,61.02,425,112734,6794098.0
2023-03-27,2023-03-27,INTLCOMBQ,X,458.0,458.0,428.05,428.05,433.65,62,1704,738682.0
2023-03-27,2023-03-27,FMGOETZE,B,304.7,306.35,301.9,304.55,304.4,72,1533,463979.0
2023-03-27,2023-03-27,JOSTS,X,601.5,629.5,577.0,596.5,603.45,63,1201,724710.0
2023-03-27,2023-03-27,SCHAEFFLER,A,2775.05,2857.25,2775.0,2799.05,2779.85,636,2012,5676500.0
2023-03-27,2023-03-27,MPCOSEMB,XT,7.22,7.22,7.22,7.22,7.22,1,2,14.0
2023-03-27,2023-03-27,RANEHOLDIN,B,840.05,844.45,828.6,830.05,844.4,187,1059,886171.0
2023-03-27,2023-03-27,ROLCOEN,P,289.4,289.4,289.4,289.4,304.6,1,50,14470.0
2023-03-27,2023-03-27,SNL,X,255.85,255.85,249.5,252.75,249.6,14,774,193962.0
2023-03-27,2023-03-27,JAIPAN,X,33.97,34.0,29.05,29.12,31.76,50,5451,167980.0
2023-03-27,2023-03-27,MANCREDIT,X,98.0,102.0,96.0,96.8,101.1,119,22290,2208799.0
2023-03-27,2023-03-27,TRF,B,153.75,158.85,153.75,158.05,157.4,94,491,77481.0
2023-03-27,2023-03-27,WPIL,B,2409.05,2447.95,2293.4,2293.4,2414.1,1109,7901,18509973.0
2023-03-27,2023-03-27,KENNAMET,A,2096.7,2138.25,2073.0,2078.85,2101.2,301,823,1724521.0
2023-03-27,2023-03-27,HINDHARD,X,239.4,239.4,227.0,227.3,239.4,26,554,127157.0
2023-03-27,2023-03-27,TRITONV,X,1478.0,1478.0,1375.0,1430.0,1453.55,78,644,920740.0
2023-03-27,2023-03-27,SUDAI,X,6.03,6.4,5.89,6.0,6.19,10,592,3599.0
2023-03-27,2023-03-27,PRAKASH,B,50.94,51.27,48.82,50.09,50.38,692,105481,5254870.0
2023-03-27,2023-03-27,ARSHIYA,B,6.13,6.13,5.63,5.64,5.92,221,376537,2123139.0
2023-03-27,2023-03-27,GRINDWELL,A,1757.05,1772.9,1733.95,1763.4,1756.95,759,2311,4053026.0
2023-03-27,2023-03-27,LAKPRE,Z,3.71,3.74,3.71,3.72,3.88,4,5100,19011.0
2023-03-27,2023-03-27,STANROS,X,78.0,78.8,75.76,78.76,78.79,8,310,24401.0
2023-03-27,2023-03-27,GENESYS,B,358.0,363.35,346.85,357.75,359.9,260,5294,1890642.0
2023-03-27,2023-03-27,VOLKAI,XT,90.0,90.0,88.2,88.2,90.0,3,12,1060.0
2023-03-27,2023-03-27,PARNAXLAB,X,59.5,59.5,53.0,55.9,54.99,33,2715,149042.0
2023-03-27,2023-03-27,GOURMET,XT,13.46,13.46,13.46,13.46,13.46,1,100,1346.0
2023-03-27,2023-03-27,VIVIDHA,B,0.81,0.83,0.74,0.77,0.82,307,313574,246072.0
2023-03-27,2023-03-27,KANANIIND,B,5.6,6.3,5.6,5.91,6.11,142,34967,208821.0
2023-03-27,2023-03-27,GSLTD,X,11.82,12.01,11.82,12.0,12.14,11,1538,18456.0
2023-03-27,2023-03-27,ARIHANTSUP,B,194.45,201.0,194.45,200.6,199.9,649,52293,10450070.0
2023-03-27,2023-03-27,BLISSGVS,B,72.1,72.56,71.43,71.46,71.54,114,5416,390080.0
2023-03-27,2023-03-27,STYRENIX,B,725.2,754.0,702.8,718.9,759.05,1443,14272,10317106.0
2023-03-27,2023-03-27,ALEMBICLTD,B,58.81,58.81,56.5,57.59,58.82,619,36588,2100389.0
2023-03-27,2023-03-27,AMNPLST,X,74.5,76.8,72.15,73.95,74.17,120,4984,369674.0
2023-03-27,2023-03-27,ANUHPHR,X,80.75,83.65,77.0,79.38,79.54,322,38011,2999251.0
2023-03-27,2023-03-27,MODISONLTD,B,55.5,57.49,54.0,54.18,55.74,91,2973,163850.0
2023-03-27,2023-03-27,BAYERCROP,A,4004.15,4025.0,3951.05,3972.6,4000.55,415,1700,6775363.0
2023-03-27,2023-03-27,STARSOURCE,XT,38.0,38.0,38.0,38.0,38.0,4,130,4940.0
2023-03-27,2023-03-27,SUDARCOLOR,B,281.75,281.75,266.7,268.55,280.05,693,13553,3682820.0
2023-03-27,2023-03-27,COROMANDEL,A,864.05,888.0,864.05,878.65,880.5,1174,9727,8559955.0
2023-03-27,2023-03-27,DEEPAKNTR,A,1775.1,1804.25,1764.45,1793.15,1780.0,1472,14223,25429732.0
2023-03-27,2023-03-27,DMCC,B,250.0,254.0,241.85,245.25,250.4,285,5559,1371337.0
2023-03-27,2023-03-27,FERMENTA,X,129.6,130.0,121.05,123.1,130.0,271,58148,7190717.0
2023-03-27,2023-03-27,GOCLCORP,B,321.65,321.65,296.4,300.35,310.05,151,870,262910.0
2023-03-27,2023-03-27,JAYCH,X,5.1,5.66,5.05,5.22,5.67,143,17916,93871.0
2023-03-27,2023-03-27,JLMORISON,X,1847.0,1850.0,1820.0,1820.0,1815.0,11,221,404285.0
2023-03-27,2023-03-27,KANORICHEM,B,108.6,108.95,103.45,104.6,110.55,123,2785,295997.0
2023-03-27,2023-03-27,KELENRG,X,890.0,898.7,845.0,852.5,878.15,53,1992,1720338.0
2023-03-27,2023-03-27,NITTAGELA,X,873.0,950.15,867.5,950.15,863.8,1603,46724,43641825.0
2023-03-27,2023-03-27,MPAGI,X,7.2,7.69,7.2,7.69,7.5,3,249,1794.0
2023-03-27,2023-03-27,AGVENTURES,B,676.65,683.3,667.9,673.65,684.7,93,721,486617.0
2023-03-27,2023-03-27,PCBL,A,112.25,113.9,110.2,110.85,113.4,1367,88137,9898631.0
2023-03-27,2023-03-27,AMAL,X,188.5,191.0,182.0,184.0,188.5,99,6214,1167008.0
2023-03-27,2023-03-27,POLYCHEM,X,890.0,934.0,890.0,925.0,891.0,7,15,13911.0
2023-03-27,2023-03-27,PUNJABCHEM,B,898.15,899.8,877.0,880.25,903.1,126,1201,1068194.0
2023-03-27,2023-03-27,ZR2,XT,52.45,52.45,51.0,51.0,53.5,5,257,13114.0
2023-03-27,2023-03-27,SADHNANIQ,B,120.0,120.85,114.95,115.2,119.9,532,52879,6163338.0
2023-03-27,2023-03-27,SUDARSCHEM,A,395.05,399.3,389.45,390.6,399.25,668,7592,2973023.0
2023-03-27,2023-03-27,ULTRAMAR,B,331.05,332.7,324.45,325.1,333.35,521,12742,4166718.0
2023-03-27,2023-03-27,TRANSPEK,X,1550.05,1600.0,1545.0,1556.75,1569.8,278,1110,1729885.0
2023-03-27,2023-03-27,UNICHEMLAB,B,278.0,292.5,272.95,276.4,284.0,703,14489,4091560.0
2023-03-27,2023-03-27,MYSORPETRO,X,112.75,112.75,110.35,111.55,112.75,8,216,24205.0
2023-03-27,2023-03-27,ALKYLAMINE,A,2295.05,2300.0,2213.75,2230.25,2297.7,1995,5646,12750902.0
2023-03-27,2023-03-27,TUTIALKA,X,50.0,52.73,48.66,49.46,51.14,102,16245,802143.0
2023-03-27,2023-03-27,ASTRAZEN,A,3309.8,3375.0,3309.8,3338.25,3365.75,182,360,1203383.0
2023-03-27,2023-03-27,PRIMO,A,69.5,76.1,67.72,72.55,68.34,1814,1346328,94812993.0
2023-03-27,2023-03-27,TANFACIND,X,944.0,970.95,905.0,928.1,924.75,375,11389,10760808.0
2023-03-27,2023-03-27,GUJPETR,XT,32.1,32.25,31.05,31.3,30.77,14,5630,180976.0
2023-03-27,2023-03-27,SWADEIN,XT,1.33,1.36,1.33,1.36,1.33,6,1458,1957.0
2023-03-27,2023-03-27,GUJTHEM,X,778.0,778.0,685.1,691.45,760.25,891,14132,10092678.0
2023-03-27,2023-03-27,SCBL,XT,3.27,3.27,3.2,3.27,3.12,61,48495,158561.0
2023-03-27,2023-03-27,JAYSYN,X,51.8,51.8,48.25,49.96,51.8,57,11381,567586.0
2023-03-27,2023-03-27,MAKERSL,X,104.95,104.95,99.85,99.95,102.65,46,6000,608930.0
2023-03-27,2023-03-27,CONTCHM,XT,85.13,85.13,85.13,85.13,85.13,1,1,85.0
2023-03-27,2023-03-27,JBCHEPHARM,A,1974.95,1985.0,1933.05,1949.7,1972.5,384,1230,2410780.0
2023-03-27,2023-03-27,RAJSPTR,P,1.48,1.48,1.47,1.47,1.54,4,600,887.0
2023-03-27,2023-03-27,APTPACK,XT,49.7,49.7,44.98,49.65,47.34,3,54,2447.0
2023-03-27,2023-03-27,BLUECHIPT,X,128.15,131.85,128.1,128.5,128.0,9,51,6543.0
2023-03-27,2023-03-27,JAGAJITIND,XT,96.6,96.6,90.1,93.96,93.52,25,811,76210.0
2023-03-27,2023-03-27,KESARENT,X,58.45,59.9,56.0,56.86,61.4,35,2817,160233.0
2023-03-27,2023-03-27,TI,B,103.55,104.65,100.0,100.65,103.8,600,21974,2241043.0
2023-03-27,2023-03-27,RAVALSUGAR,X,3051.0,3168.35,3000.0,3010.1,3150.0,13,41,126181.0
2023-03-27,2023-03-27,SAKHTISUG,B,20.01,20.28,19.25,19.34,20.04,169,28820,567246.0
2023-03-27,2023-03-27,WALCHANNAG,B,56.22,56.28,53.27,53.42,55.7,911,28556,1546365.0
2023-03-27,2023-03-27,KHODINDIA,Z,78.7,79.0,75.7,76.15,77.15,15,512,39593.0
2023-03-27,2023-03-27,IFBAGRO,B,430.7,434.9,415.0,417.0,431.7,74,350,148945.0
2023-03-27,2023-03-27,DHARANISUG,Z,8.0,8.52,7.91,8.01,8.2,17,2171,17816.0
2023-03-27,2023-03-27,KFBL,X,42.6,42.6,40.36,41.09,42.25,37,8723,360992.0
2023-03-27,2023-03-27,CAPRO,XT,56.15,56.15,55.08,55.08,57.97,5,53,2932.0
2023-03-27,2023-03-27,GMBREW,B,540.1,541.2,525.8,529.15,543.95,337,3166,1683039.0
2023-03-27,2023-03-27,RANASUG,B,21.11,21.59,20.07,20.48,21.43,933,120518,2508456.0
2023-03-27,2023-03-27,PICCASUG,X,16.05,16.3,15.56,15.84,16.37,63,10578,167390.0
2023-03-27,2023-03-27,RIGASUGAR,Z,5.07,5.07,5.07,5.07,5.33,7,2859,14495.0
2023-03-27,2023-03-27,SDBL,B,135.9,140.0,131.3,138.0,134.05,1479,53924,7323244.0
2023-03-27,2023-03-27,CJGEL,XT,20.46,22.54,20.42,22.54,21.49,9,1360,28038.0
2023-03-27,2023-03-27,ASALCBR,B,338.0,342.4,324.7,327.75,337.8,699,9034,2993832.0
2023-03-27,2023-03-27,FOODSIN,B,118.5,120.7,115.65,116.3,121.4,321,13724,1615629.0
2023-03-27,2023-03-27,IVP,B,118.0,118.0,113.5,115.2,118.1,51,1090,124648.0
2023-03-27,2023-03-27,KLRFM,X,93.95,93.95,88.0,89.5,92.2,135,7917,713180.0
2023-03-27,2023-03-27,MLKFOOD,X,632.95,633.8,617.25,618.3,621.35,38,728,451059.0
2023-03-27,2023-03-27,POLSON,X,9622.25,9895.0,9620.0,9891.3,9990.0,8,8,78054.0
2023-03-27,2023-03-27,WIPRO,A,361.05,364.0,359.25,361.35,361.55,4466,148930,53964337.0
2023-03-27,2023-03-27,ORIBEVER,X,110.45,112.85,108.35,110.8,111.15,48,799,88963.0
2023-03-27,2023-03-27,DHANUKA,B,636.0,642.05,631.9,633.05,643.8,141,600,381341.0
2023-03-27,2023-03-27,TTKHLTCARE,B,1016.0,1073.0,1004.6,1052.8,1022.7,1441,11744,12117871.0
2023-03-27,2023-03-27,TGVSL,B,97.1,99.95,95.3,96.0,97.0,1351,194725,18895738.0
2023-03-27,2023-03-27,LIMECHM,X,20.2,21.83,20.2,20.92,20.97,27,4570,93894.0
2023-03-27,2023-03-27,KANPRPLA,B,78.3,80.0,76.15,78.0,78.44,38,594,46385.0
2023-03-27,2023-03-27,TAINWALCHM,B,106.15,114.95,105.2,109.55,109.5,52,2337,259892.0
2023-03-27,2023-03-27,JAGSNPHARM,B,295.0,300.0,285.15,296.4,292.5,971,13020,3785382.0
2023-03-27,2023-03-27,KHAICHEM,B,65.56,66.34,64.1,65.77,65.35,204,15701,1022537.0
2023-03-27,2023-03-27,NOL,X,100.81,100.81,100.81,100.81,96.01,43,2697,271884.0
2023-03-27,2023-03-27,GILLETTE,A,4345.3,4345.3,4259.8,4311.1,4339.95,283,1005,4342218.0
2023-03-27,2023-03-27,WIREFABR,X,146.95,146.95,134.1,135.1,140.0,5,212,29327.0
2023-03-27,2023-03-27,ANSALHSG,X,3.02,3.09,2.8,2.88,3.02,208,286344,825416.0
2023-03-27,2023-03-27,COMPUPN,X,2.25,2.25,1.95,2.03,2.14,54,11853,23526.0
2023-03-27,2023-03-27,MCCHRLS-B,X,350.0,355.0,344.0,345.0,353.4,9,261,90210.0
2023-03-27,2023-03-27,ADDIND,X,30.26,30.58,27.25,27.38,30.26,36,1583,44558.0
2023-03-27,2023-03-27,PIONRINV,X,33.49,33.49,30.5,31.0,32.5,8,658,20461.0
2023-03-27,2023-03-27,ASHNOOR,XT,31.45,31.46,28.61,30.5,29.97,23,4363,127817.0
2023-03-27,2023-03-27,UNITECH,Z,1.28,1.28,1.25,1.25,1.31,395,1437167,1806213.0
2023-03-27,2023-03-27,VIPIND,A,575.35,575.35,560.05,564.9,575.65,1233,11900,6736190.0
2023-03-27,2023-03-27,FIBERWEB,B,32.9,33.1,31.25,31.88,33.15,145,13981,450090.0
2023-03-27,2023-03-27,GYFTR,X,74.55,78.75,71.5,73.03,74.55,29,2461,180947.0
2023-03-27,2023-03-27,EASTBUILD,XT,26.27,26.27,26.27,26.27,27.65,1,100,2627.0
2023-03-27,2023-03-27,BAJAJST,X,1076.5,1099.9,1030.0,1045.8,1061.95,447,6738,7211546.0
2023-03-27,2023-03-27,KIDUJA,X,60.75,60.75,50.1,55.85,57.2,28,4048,216156.0
2023-03-27,2023-03-27,KEYCORP,XT,48.31,50.0,45.9,45.9,48.31,9,211,9955.0
2023-03-27,2023-03-27,GUJHOTE,X,127.3,133.2,124.2,128.0,134.75,29,1395,177814.0
2023-03-27,2023-03-27,RASRESOR,X,28.24,31.17,28.23,28.3,29.7,7,482,14314.0
2023-03-27,2023-03-27,PARMCOS-B,X,32.64,32.64,28.45,31.89,32.64,23,1435,43428.0
2023-03-27,2023-03-27,JINDHOT,X,40.0,40.8,37.56,38.37,40.0,25,980,37803.0
2023-03-27,2023-03-27,SIMMOND,X,38.56,40.45,36.0,36.18,37.56,91,13544,495353.0
2023-03-27,2023-03-27,BNALTD,X,249.45,249.45,244.1,244.1,250.5,27,768,187821.0
2023-03-27,2023-03-27,HAWKINCOOK,A,6183.45,6244.6,6107.05,6117.6,6183.3,136,240,1480312.0
2023-03-27,2023-03-27,WARRENTEA,X,51.7,52.95,47.6,48.3,51.69,54,11196,537278.0
2023-03-27,2023-03-27,COCHMAL,X,68.05,68.05,65.93,65.93,69.4,3,29,1951.0
2023-03-27,2023-03-27,BESTEAST,X,41.07,41.07,41.07,41.07,43.23,4,43,1766.0
2023-03-27,2023-03-27,NEAGI,X,3314.0,3600.0,3314.0,3475.0,3420.0,5,15,52889.0
2023-03-27,2023-03-27,ISTLTD,X,408.0,428.75,407.5,413.15,407.5,76,2470,1021316.0
2023-03-27,2023-03-27,COSMOFIRST,A,575.7,575.7,549.95,551.95,573.95,832,15305,8531615.0
2023-03-27,2023-03-27,DIAMANT,XT,0.8,0.8,0.76,0.76,0.8,32,15215,11573.0
2023-03-27,2023-03-27,APOLLOHOSP,A,4290.0,4407.4,4288.65,4320.15,4281.2,2238,10679,46504289.0
2023-03-27,2023-03-27,NITINCAST,X,224.75,240.0,216.0,227.4,230.55,49,510,118175.0
2023-03-27,2023-03-27,NEXOME,X,41.71,41.71,36.02,40.99,37.38,11,70,2762.0
2023-03-27,2023-03-27,EVERESTIND,B,730.05,768.9,730.05,746.5,746.25,691,2445,1836297.0
2023-03-27,2023-03-27,IRONWOOD,XT,25.0,25.62,25.0,25.62,24.4,8,751,18911.0
2023-03-27,2023-03-27,MSRINDIA,X,7.55,7.55,7.1,7.14,7.39,52,18034,131044.0
2023-03-27,2023-03-27,AIRLTD,XT,30.71,30.71,30.71,30.71,30.71,1,75,2303.0
2023-03-27,2023-03-27,AYMSYNTEX,B,52.5,62.47,52.5,60.1,61.61,45,1637,98472.0
2023-03-27,2023-03-27,PANCARBON,X,335.1,335.1,328.0,331.9,335.1,66,2687,891568.0
2023-03-27,2023-03-27,FINKURVE,X,74.99,74.99,70.0,74.06,72.3,20,586,43070.0
2023-03-27,2023-03-27,HBLEAS,XT,3.8,3.88,3.55,3.77,3.73,21,845,3050.0
2023-03-27,2023-03-27,TRUSTWAVE,XT,12.64,12.64,12.64,12.64,12.04,11,1161,14675.0
2023-03-27,2023-03-27,SULABEN,X,3.35,3.58,3.32,3.43,3.41,126,25417,88519.0
2023-03-27,2023-03-27,FRONTCAP,Z,2.9,2.9,2.9,2.9,3.05,19,29658,86008.0
2023-03-27,2023-03-27,NAVNETEDUL,B,88.25,92.0,88.12,91.22,89.37,483,35502,3188637.0
2023-03-27,2023-03-27,SATRAPROP,Z,0.81,0.82,0.76,0.78,0.79,20,7590,5931.0
2023-03-27,2023-03-27,AUSOMENT,B,60.72,60.72,57.28,57.5,60.56,16,79,4621.0
2023-03-27,2023-03-27,RUCHINFRA,T,8.1,8.44,8.05,8.05,8.47,99,67830,562888.0
2023-03-27,2023-03-27,VOLLF,X,15.75,16.06,15.44,16.06,15.75,9,3213,49678.0
2023-03-27,2023-03-27,NETLINK,X,56.5,56.5,49.1,53.53,55.28,31,1232,62108.0
2023-03-27,2023-03-27,LANCORHOL,X,28.68,28.7,27.02,27.15,28.44,44,7252,201731.0
2023-03-27,2023-03-27,INDINFO,X,1.37,1.39,1.27,1.29,1.36,2467,2935811,3824470.0
2023-03-27,2023-03-27,BANASFN,X,11.18,11.34,10.9,11.05,11.23,296,116910,1299595.0
2023-03-27,2023-03-27,VISAKAIND,B,342.05,342.05,331.1,332.55,341.75,525,10672,3565279.0
2023-03-27,2023-03-27,INFOMEDIA,B,4.71,4.71,4.48,4.48,4.71,11,1348,6064.0
2023-03-27,2023-03-27,HATHWAYB,XT,16.54,16.54,15.73,15.73,16.54,32,3403,54170.0
2023-03-27,2023-03-27,PRESSMN,B,66.45,66.45,63.78,63.83,67.13,144,14012,904162.0
2023-03-27,2023-03-27,GUFICBIO,B,191.4,191.85,182.05,183.1,190.3,1115,21904,4071783.0
2023-03-27,2023-03-27,PHOTON,XT,135.0,136.48,123.5,123.5,129.99,24,796,106494.0
2023-03-27,2023-03-27,GRPLTD,T,2720.0,2848.0,2717.0,2848.0,2860.0,3,15,40898.0
2023-03-27,2023-03-27,INDAG,X,95.4,97.65,91.75,92.1,93.5,108,5884,547374.0
2023-03-27,2023-03-27,MMRUBBR-B,X,103.76,103.76,95.25,95.28,99.07,13,763,74116.0
2023-03-27,2023-03-27,PTL,B,30.05,30.35,29.85,30.16,30.3,125,15532,466601.0
2023-03-27,2023-03-27,TVSSRICHAK,B,2600.3,2607.75,2509.3,2532.1,2637.95,159,602,1544804.0
2023-03-27,2023-03-27,BENARAS,X,3202.95,3335.0,3175.0,3181.05,3207.45,19,72,232653.0
2023-03-27,2023-03-27,BHAGWOX,XT,43.4,43.4,40.71,40.71,42.85,29,358,14904.0
2023-03-27,2023-03-27,BOMOXY-B1,X,10181.0,10400.0,10056.0,10156.25,10382.0,36,73,748475.0
2023-03-27,2023-03-27,CRAVATEX,X,311.0,324.95,284.6,319.0,311.4,30,1419,439064.0
2023-03-27,2023-03-27,BERGEPAINT,A,567.85,580.6,567.85,576.3,573.05,924,12234,7042850.0
2023-03-27,2023-03-27,CAPRIHANS,X,113.0,118.9,112.1,112.66,116.66,42,3158,359177.0
2023-03-27,2023-03-27,GRAPHITE,A,270.35,270.35,257.0,259.7,270.4,3111,92184,24258619.0
2023-03-27,2023-03-27,CEMPRO,B,102.0,103.26,100.1,101.22,102.87,661,33391,3396127.0
2023-03-27,2023-03-27,EMPIND,X,620.15,621.0,615.0,619.15,620.35,30,956,590729.0
2023-03-27,2023-03-27,GRAVISSHO,X,21.65,22.75,20.62,22.5,22.08,8,536,11124.0
2023-03-27,2023-03-27,GARFIBRES,A,2751.9,2755.95,2700.0,2701.6,2735.1,182,473,1286562.0
2023-03-27,2023-03-27,GARWAMAR,X,6.35,6.35,6.35,6.35,6.68,10,2278,14465.0
2023-03-27,2023-03-27,GOACARBON,B,418.9,418.9,403.0,406.0,418.2,105,694,284678.0
2023-03-27,2023-03-27,HARDCAS,X,335.7,368.9,334.4,368.9,352.0,12,142,48115.0
2023-03-27,2023-03-27,HEG,A,936.3,942.7,930.0,932.0,948.0,1087,13438,12538205.0
2023-03-27,2023-03-27,HINDCOMPOS,B,256.95,257.0,251.0,252.4,257.45,55,155,39276.0
2023-03-27,2023-03-27,BIRLANU,A,2345.65,2365.0,2301.0,2318.0,2360.05,645,4072,9475537.0
2023-03-27,2023-03-27,INDIANCARD,B,218.4,221.5,214.15,214.6,220.7,31,61,13190.0
2023-03-27,2023-03-27,INTLCONV,B,51.55,51.83,49.25,49.84,52.51,309,13937,699888.0
2023-03-27,2023-03-27,JAYSREETEA,B,83.31,83.31,76.02,77.61,83.32,359,8373,671482.0
2023-03-27,2023-03-27,MODRNSH,X,14.7,15.75,14.3,15.0,15.0,9,707,10155.0
2023-03-27,2023-03-27,HUHTAMAKI,B,194.1,194.1,191.3,191.9,195.0,97,1385,266418.0
2023-03-27,2023-03-27,PREMSYN,X,17.25,17.74,16.35,16.47,17.87,14,3854,63524.0
2023-03-27,2023-03-27,SHALPAINTS,B,140.6,143.3,138.9,140.4,143.25,65,2574,363779.0
2023-03-27,2023-03-27,HINDMILL,X,215.9,215.9,193.0,203.25,209.25,15,91,18519.0
2023-03-27,2023-03-27,SUPREMEIND,A,2502.15,2513.65,2435.0,2464.5,2505.05,596,1749,4319998.0
2023-03-27,2023-03-27,THACKER,XT,325.0,325.0,325.0,325.0,325.5,1,3,975.0
2023-03-27,2023-03-27,UPHOT,XT,591.0,614.95,591.0,596.95,591.3,10,89,53173.0
2023-03-27,2023-03-27,VSTIND,A,3081.9,3133.0,3075.5,3117.85,3104.45,141,349,1086513.0
2023-03-27,2023-03-27,SWASTIVI,X,5.14,5.14,4.76,4.79,5.01,196,54296,264094.0
2023-03-27,2023-03-27,MSLGLOBAL,XT,12.75,12.75,12.14,12.15,12.76,33,8752,108868.0
2023-03-27,2023-03-27,YAMNINV,XT,0.6,0.62,0.58,0.58,0.61,1123,1038705,606405.0
2023-03-27,2023-03-27,PREMCAP,X,4.82,4.82,4.77,4.77,5.02,7,593,2829.0
2023-03-27,2023-03-27,ZMILGFIN,XT,21.52,21.52,21.52,21.52,22.65,1,185,3981.0
2023-03-27,2023-03-27,JINDRILL,B,235.7,247.0,235.7,244.4,246.9,172,2241,547053.0
2023-03-27,2023-03-27,SAKTHIFIN,X,29.0,30.0,28.5,28.51,29.0,31,855,24569.0
2023-03-27,2023-03-27,AEROENTER,B,66.0,66.84,60.95,61.61,63.95,186,11615,746792.0
2023-03-27,2023-03-27,JMDVL,X,18.75,18.78,18.14,18.7,18.42,411,236648,4397067.0
2023-03-27,2023-03-27,SHIVATEX,B,120.85,134.25,116.75,123.5,121.95,284,19034,2325028.0
2023-03-27,2023-03-27,VBDESAI,X,10.01,10.01,10.0,10.0,10.01,5,1504,15047.0
2023-03-27,2023-03-27,QUADRANT,XT,1.15,1.18,1.1,1.1,1.15,165,146517,163918.0
2023-03-27,2023-03-27,KAMANWALA,X,7.47,8.05,7.46,7.46,7.85,35,48682,367951.0
2023-03-27,2023-03-27,WSFX,X,33.8,33.8,26.5,29.13,32.99,83,7103,209196.0
2023-03-27,2023-03-27,ANJANIFOODS,XT,23.0,23.0,21.81,21.81,22.77,60,6867,152047.0
2023-03-27,2023-03-27,MILLENNIUM,XT,1.23,1.32,1.21,1.25,1.27,18,2571,3130.0
2023-03-27,2023-03-27,ICDSLTD,T,20.18,20.18,18.37,18.5,19.3,12,538,10181.0
2023-03-27,2023-03-27,CANFINHOME,A,522.05,529.95,512.6,519.85,525.75,991,16594,8638674.0
2023-03-27,2023-03-27,IVC,B,6.28,6.28,5.93,6.0,6.17,243,35304,212700.0
2023-03-27,2023-03-27,SHRIRAMFIN,A,1230.0,1232.9,1205.8,1209.65,1231.65,925,8878,10774996.0
2023-03-27,2023-03-27,CHOLAFIN,A,728.55,732.0,709.85,717.4,728.55,1882,58509,41930676.0
2023-03-27,2023-03-27,BOMTALKIES,XT,5.72,6.02,5.72,6.02,6.02,2,20,115.0
2023-03-27,2023-03-27,VLSFINANCE,B,177.5,177.5,162.0,165.2,177.75,268,4120,693442.0
2023-03-27,2023-03-27,INDCEMCAP,X,9.15,9.15,8.55,8.91,8.8,31,1048,9356.0
2023-03-27,2023-03-27,ADMANUM,X,51.69,54.2,49.11,49.11,51.69,12,732,37275.0
2023-03-27,2023-03-27,MEHIF,XT,17.64,17.64,17.64,17.64,17.64,1,20,352.0
2023-03-27,2023-03-27,INTRGLB,X,26.72,26.72,24.21,24.21,25.45,5,97,2370.0
2023-03-27,2023-03-27,SHRISTI,X,22.0,23.99,21.85,23.98,23.33,9,235,5184.0
2023-03-27,2023-03-27,CREST,B,148.2,155.0,148.2,153.35,147.6,17,233,35952.0
2023-03-27,2023-03-27,VAKRANGEE,A,16.65,17.09,15.19,15.97,16.68,7405,4177842,66326876.0
2023-03-27,2023-03-27,GUJCRED,XT,22.85,22.85,21.71,21.71,22.85,9,695,15123.0
2023-03-27,2023-03-27,SYLPH,XT,32.9,33.57,32.9,33.4,33.57,11,436,14554.0
2023-03-27,2023-03-27,ALEXANDER,X,16.63,17.46,16.31,17.28,16.63,126,30841,521824.0
2023-03-27,2023-03-27,INDBANK,B,22.9,22.9,20.5,20.91,22.03,344,19155,407775.0
2023-03-27,2023-03-27,SHRYDUS,XT,26.93,28.79,26.27,27.25,27.48,29,2671,72169.0
2023-03-27,2023-03-27,BHARAT,X,24.69,24.85,23.3,23.35,24.68,23,266,6385.0
2023-03-27,2023-03-27,CAPTRUST,B,62.0,62.0,56.1,57.82,61.42,95,2413,142536.0
2023-03-27,2023-03-27,USHAKIRA,XT,16.48,16.48,16.48,16.48,15.7,2,50,824.0
2023-03-27,2023-03-27,VIVOBIOT,X,20.61,21.5,18.25,20.4,21.91,202,31647,634267.0
2023-03-27,2023-03-27,VEERHEALTH,X,19.0,19.25,18.25,19.0,18.48,19,6386,121271.0
2023-03-27,2023-03-27,PANINDIAC,XT,1.9,1.9,1.75,1.75,1.84,239,106041,187550.0
2023-03-27,2023-03-27,SAHARAHOUS,X,46.8,46.8,44.0,44.16,45.76,26,517,22865.0
2023-03-27,2023-03-27,NDASEC,X,10.15,11.1,10.15,11.1,10.6,10,3439,36089.0
2023-03-27,2023-03-27,SUPRATRE,XT,19.55,20.93,19.55,20.93,19.95,3,4,80.0
2023-03-27,2023-03-27,GSBFIN,X,10.97,10.97,10.95,10.95,10.45,6,4000,43821.0
2023-03-27,2023-03-27,MORARKFI,X,100.15,104.0,100.1,100.82,100.76,38,2057,209212.0
2023-03-27,2023-03-27,MONARCH,B,201.05,214.0,196.1,205.9,206.4,162,2879,588460.0
2023-03-27,2023-03-27,PROFINC,X,1.04,1.06,1.0,1.04,1.02,287,364990,375817.0
2023-03-27,2023-03-27,TEAMGTY,B,46.75,48.75,46.0,48.75,48.95,5,32,1526.0
2023-03-27,2023-03-27,CRESCENTIS,XT,158.79,158.79,146.15,147.9,153.25,39,1576,240687.0
2023-03-27,2023-03-27,BEFOUNDMOL,X,2.41,2.41,2.41,2.41,2.41,2,12,28.0
2023-03-27,2023-03-27,AVONMORE,B,62.67,63.15,60.75,61.04,62.2,37,3370,205783.0
2023-03-27,2023-03-27,LIBORDFIN,X,7.4,7.4,6.3,6.5,6.98,23,3501,23349.0
2023-03-27,2023-03-27,YASHMGM,X,13.9,13.99,13.31,13.47,14.01,56,6426,86762.0
2023-03-27,2023-03-27,ARIHANTCAP,B,33.01,36.02,33.01,35.54,34.96,358,27686,954304.0
2023-03-27,2023-03-27,ISLCONSUL,X,30.79,30.8,30.5,30.54,30.79,10,3021,92275.0
2023-03-27,2023-03-27,DCMFINSERV,B,3.65,3.65,3.65,3.65,3.65,3,216,788.0
2023-03-27,2023-03-27,RRFIN,X,6.12,6.14,6.12,6.14,6.43,4,2923,17920.0
2023-03-27,2023-03-27,FEDDERSHOL,XT,371.0,384.8,369.8,369.8,389.25,74,4041,1497224.0
2023-03-27,2023-03-27,SAMBHAAV,B,2.62,2.7,2.46,2.5,2.66,34,24352,61493.0
2023-03-27,2023-03-27,OMEGAIN,XT,40.84,40.84,40.84,40.84,40.84,3,554,22625.0
2023-03-27,2023-03-27,SUGALDAM,X,14.82,14.82,14.82,14.82,15.6,1,245,3630.0
2023-03-27,2023-03-27,NETTLINX,XT,209.35,209.35,204.05,205.85,214.75,118,6234,1280346.0
2023-03-27,2023-03-27,SCANSTL,X,30.0,31.0,28.5,28.86,29.77,181,29920,868755.0
2023-03-27,2023-03-27,GICHSGFIN,B,152.3,152.75,146.05,147.95,151.65,406,7142,1068135.0
2023-03-27,2023-03-27,MATHEWE,X,6.18,6.18,6.18,6.18,6.5,1,100,618.0
2023-03-27,2023-03-27,AJCON,X,28.95,28.95,26.0,27.95,26.58,16,25025,675710.0
2023-03-27,2023-03-27,STANCAP,XT,46.65,48.99,46.65,46.65,49.1,31,940,44597.0
2023-03-27,2023-03-27,CUBIFIN,X,1.46,1.58,1.43,1.5,1.51,112,33667,49409.0
2023-03-27,2023-03-27,RELICTEC,X,18.53,18.53,18.53,18.53,19.0,2,9,166.0
2023-03-27,2023-03-27,NIMBSPROJ,X,38.5,38.5,38.5,38.5,39.0,1,1,38.0
2023-03-27,2023-03-27,INVIGO,XT,5.59,5.86,5.32,5.43,5.59,13,9038,49220.0
2023-03-27,2023-03-27,BAIDFIN,B,37.0,37.25,35.02,36.27,36.84,150,26759,955608.0
2023-03-27,2023-03-27,VIPULLTD,B,10.12,10.85,10.11,10.67,10.64,30,7056,73185.0
2023-03-27,2023-03-27,KZLFIN,X,13.52,14.5,13.51,14.03,14.21,5,502,6783.0
2023-03-27,2023-03-27,USHDI,X,1.4,1.4,1.26,1.29,1.29,79,76073,99264.0
2023-03-27,2023-03-27,RFL,XT,113.8,113.8,113.8,113.8,119.25,2,100,11380.0
2023-03-27,2023-03-27,UGROCAP,B,148.1,151.15,145.8,146.3,148.05,88,3871,570362.0
2023-03-27,2023-03-27,SAHLIBHFI,X,155.5,155.5,130.25,135.95,144.05,31,36240,5462639.0
2023-03-27,2023-03-27,ABIRAFN,Z,19.25,19.25,18.29,18.29,19.25,10,658,12036.0
2023-03-27,2023-03-27,SEVENHILL,X,0.52,0.52,0.45,0.48,0.52,614,428545,204442.0
2023-03-27,2023-03-27,AASTAFIN,X,27.77,27.77,26.39,26.39,27.77,22,5578,149308.0
2023-03-27,2023-03-27,MUTHOOTCAP,B,262.25,262.25,235.95,242.65,262.35,653,7090,1755458.0
2023-03-27,2023-03-27,MASTERTR,X,118.0,121.0,116.05,117.7,120.15,31,105663,12367246.0
2023-03-27,2023-03-27,EFCIL,XT,843.15,885.0,803.15,844.95,843.15,27,1230,1018712.0
2023-03-27,2023-03-27,TTGIL,X,1.95,1.98,1.86,1.91,1.93,213,82410,159069.0
2023-03-27,2023-03-27,ZSARACOM,X,2475.35,2475.35,2398.55,2450.9,2542.5,21,36,88169.0
2023-03-27,2023-03-27,ASGARD,XT,164.1,164.1,150.05,150.05,156.3,2,115,18660.0
2023-03-27,2023-03-27,SKYBIOTECH,XT,30.97,30.97,30.97,30.97,29.5,2,20,619.0
2023-03-27,2023-03-27,ROYALIND,XT,2.35,2.38,2.35,2.38,2.3,4,521,1236.0
2023-03-27,2023-03-27,DHANSAFAL,X,3.15,3.17,2.93,2.95,3.08,323,106597,317004.0
2023-03-27,2023-03-27,VISVEN,X,82.9,82.9,82.89,82.89,78.99,2,3,248.0
2023-03-27,2023-03-27,DECNGOLD,X,45.5,45.62,43.82,43.91,46.12,406,232815,10311183.0
2023-03-27,2023-03-27,UPL,A,697.2,705.0,693.3,700.25,697.2,1869,34630,24257251.0
2023-03-27,2023-03-27,CRANESSOFT,X,3.0,3.17,2.73,2.82,2.97,133,52159,147587.0
2023-03-27,2023-03-27,SAICOM,X,0.42,0.45,0.41,0.45,0.42,295,1098941,470709.0
2023-03-27,2023-03-27,EY,XT,263.75,263.75,263.75,263.75,251.2,1,10,2637.0
2023-03-27,2023-03-27,ROSEMER,XT,45.52,45.52,45.52,45.52,45.52,10,2297,104559.0
2023-03-27,2023-03-27,SIGIND,B,36.55,36.8,36.0,36.52,36.55,49,3637,132729.0
2023-03-27,2023-03-27,AVANCE,XT,0.6,0.6,0.6,0.6,0.58,12,103367,62020.0
2023-03-27,2023-03-27,SECURKLOUD,B,36.8,36.8,36.8,36.8,38.73,43,7898,290646.0
2023-03-27,2023-03-27,ABANSENT,X,165.85,177.0,165.85,175.5,170.1,7,108,18661.0
2023-03-27,2023-03-27,CAPRICORN,X,9.72,10.2,9.72,10.18,9.72,25,2585,26323.0
2023-03-27,2023-03-27,VAMA,X,4.75,4.89,4.11,4.28,4.65,282,75997,343985.0
2023-03-27,2023-03-27,SUNTECK,A,296.9,296.9,283.2,288.2,293.1,797,3925,1133207.0
2023-03-27,2023-03-27,SILVERO,Z,2.64,2.64,2.62,2.62,2.69,11,325,856.0
2023-03-27,2023-03-27,STEPHANOTIS,X,28.41,28.41,28.41,28.41,28.41,2,2,56.0
2023-03-27,2023-03-27,PRISMMEDI,X,26.35,29.06,26.35,29.06,27.68,97,25321,729308.0
2023-03-27,2023-03-27,VERITAS,XT,146.0,146.0,145.95,145.95,148.9,20,1238,180701.0
2023-03-27,2023-03-27,JAICORPLTD,A,128.0,132.35,126.25,129.75,127.55,2232,113672,14781803.0
2023-03-27,2023-03-27,ASHCAP,X,4.26,4.26,4.0,4.13,4.12,131,14188,58175.0
2023-03-27,2023-03-27,SVARTCORP,X,2.4,2.47,2.27,2.41,2.45,167,61770,147156.0
2023-03-27,2023-03-27,MMWL,B,12.0,12.0,11.42,11.64,11.59,160,204450,2384986.0
2023-03-27,2023-03-27,NNTL,Z,12.45,12.45,12.45,12.45,12.44,10,7395,92067.0
2023-03-27,2023-03-27,BHAGYANGR,B,46.59,46.6,43.6,45.64,45.81,142,4513,203494.0
2023-03-27,2023-03-27,SHANTAI,X,25.14,25.14,25.14,25.14,23.95,1,61,1533.0
2023-03-27,2023-03-27,CHMBBRW,X,2.65,2.65,2.65,2.65,2.78,6,113,299.0
2023-03-27,2023-03-27,SGMART,X,447.0,447.0,447.0,447.0,425.75,24,945,422415.0
2023-03-27,2023-03-27,ARAVALIS,X,3.35,3.35,3.35,3.35,3.52,9,2747,9202.0
2023-03-27,2023-03-27,SWORDEDGE,X,0.43,0.51,0.41,0.49,0.44,943,1745133,793053.0
2023-03-27,2023-03-27,CRSL,B,23.94,24.4,22.88,22.97,23.92,953,1254418,28889125.0
2023-03-27,2023-03-27,STARTECK,B,131.2,131.2,130.35,130.35,130.2,2,2,261.0
2023-03-27,2023-03-27,SHARDUL,X,92.4,94.25,92.4,94.2,94.28,4,201,18934.0
2023-03-27,2023-03-27,SERA,XT,314.1,314.1,296.5,308.25,312.1,49,1040,313540.0
2023-03-27,2023-03-27,IPOWER,XT,7.33,7.33,7.33,7.33,7.33,3,2100,15393.0
2023-03-27,2023-03-27,NIRAVCOM,X,518.55,518.55,518.55,518.55,501.0,1,1,518.0
2023-03-27,2023-03-27,APOLLOFI,X,525.0,560.0,511.0,532.95,514.35,106,2380,1282729.0
2023-03-27,2023-03-27,ENBETRD,XT,29.8,29.8,27.05,29.3,28.47,16,1026,29226.0
2023-03-27,2023-03-27,SHRJAGP,X,507.0,529.9,489.0,494.5,525.9,380,2974,1490669.0
2023-03-27,2023-03-27,LLOYDSME,A,293.0,293.65,285.0,288.25,295.4,1452,137118,39447738.0
2023-03-27,2023-03-27,LLOYDSENT,X,6.88,6.99,6.72,6.85,6.97,693,505844,3473376.0
2023-03-27,2023-03-27,BETXIND,X,62.6,65.59,62.6,63.0,63.1,10,283,18471.0
2023-03-27,2023-03-27,POLYTEX,X,3.49,3.49,3.47,3.47,3.39,11,665,2308.0
2023-03-27,2023-03-27,DHANCOT,XT,91.05,93.52,91.05,93.52,89.44,29,312,28701.0
2023-03-27,2023-03-27,OASISEC,X,61.0,61.0,55.55,59.84,61.0,17,1090,65028.0
2023-03-27,2023-03-27,GARNETINT,X,55.5,61.09,55.39,59.3,58.19,57,42691,2510358.0
2023-03-27,2023-03-27,SHALPRO,X,0.49,0.49,0.49,0.49,0.49,451,1300858,637420.0
2023-03-27,2023-03-27,DONEAR,B,81.49,82.39,79.3,79.98,81.76,136,15543,1238799.0
2023-03-27,2023-03-27,SUPER,X,760.0,768.95,745.0,746.8,772.95,31,540,406560.0
2023-03-27,2023-03-27,VIYASH,A,72.0,72.09,67.1,68.36,71.76,2072,220390,15386635.0
2023-03-27,2023-03-27,STCINDIA,B,69.5,70.46,66.65,67.56,70.83,139,4680,318180.0
2023-03-27,2023-03-27,KOHINOOR,B,38.12,39.49,37.15,37.15,39.1,599,58236,2200400.0
2023-03-27,2023-03-27,AVANTIFEED,A,339.95,339.95,328.5,330.0,334.65,466,81858,27016021.0
2023-03-27,2023-03-27,ZODJRDMKJ,X,32.5,34.85,31.4,31.47,32.5,22,785,25933.0
2023-03-27,2023-03-27,SITAENT,X,16.5,18.25,15.01,16.9,16.61,34,1239,18892.0
2023-03-27,2023-03-27,PULSRIN,XT,40.91,40.91,40.91,40.91,38.97,6,410,16773.0
2023-03-27,2023-03-27,MANBRO,XT,81.69,81.69,81.69,81.69,81.69,2,43,3512.0
2023-03-27,2023-03-27,KEYFINSERV,B,87.5,87.5,82.5,83.27,89.59,91,1893,159816.0
2023-03-27,2023-03-27,ADANIENT,A,1737.75,1757.85,1682.0,1723.3,1740.55,19761,270842,466763746.0
2023-03-27,2023-03-27,ASTALLTD,XT,28.21,29.63,28.21,29.6,28.22,9,7855,230197.0
2023-03-27,2023-03-27,HARIAEXPO,X,3.78,4.51,3.78,4.48,4.68,11,1956,8507.0
2023-03-27,2023-03-27,BHANDARI,B,4.05,4.26,4.01,4.1,4.11,179,82149,340580.0
2023-03-27,2023-03-27,RLF,XT,6.75,6.94,6.28,6.28,6.61,20,1372,9056.0
2023-03-27,2023-03-27,REGENTRP,X,3.25,3.33,3.06,3.22,3.19,66,58690,185982.0
2023-03-27,2023-03-27,ORBTEXP,B,122.7,122.8,118.3,119.9,125.75,56,807,97001.0
2023-03-27,2023-03-27,SAVERA,X,53.4,57.0,51.0,54.0,56.08,34,16770,908560.0
2023-03-27,2023-03-27,CHROME,XT,38.19,42.18,38.19,41.63,40.19,9,343,13377.0
2023-03-27,2023-03-27,TATASTLLP,A,618.55,625.25,617.35,623.6,619.0,178,2555,1591200.0
2023-03-27,2023-03-27,NAVA,A,230.0,230.0,221.75,223.0,226.35,910,22155,4979966.0
2023-03-27,2023-03-27,REMIEDEL,X,36.7,40.88,34.5,35.65,36.7,25,17038,631986.0
2023-03-27,2023-03-27,GSAUTO,X,14.51,15.5,14.5,14.5,15.0,55,24659,363555.0
2023-03-27,2023-03-27,TRANSFRE,XT,16.45,16.95,16.45,16.5,16.17,5,423,6997.0
2023-03-27,2023-03-27,SBCL,B,489.0,505.55,484.95,491.9,492.7,1515,28217,13896019.0
2023-03-27,2023-03-27,GANDHITUBE,B,482.45,482.45,478.35,480.0,489.75,15,114,54899.0
2023-03-27,2023-03-27,AMFORG,X,5.35,5.35,5.1,5.13,5.26,105,4673,24150.0
2023-03-27,2023-03-27,ONIXSOLAR,XT,30.0,30.0,27.25,28.99,28.59,21,891,25690.0
2023-03-27,2023-03-27,ORICONENT,B,16.86,17.01,15.6,15.67,16.86,590,116241,1874375.0
2023-03-27,2023-03-27,ACROW,X,1121.95,1122.0,1017.95,1017.95,1071.5,27,224,232188.0
2023-03-27,2023-03-27,STLSTRINF,X,20.8,20.8,18.81,18.85,20.2,48,4493,86064.0
2023-03-27,2023-03-27,NATSTLAGRO,T,3.15,3.24,3.1,3.23,3.25,20,19830,62544.0
2023-03-27,2023-03-27,PENIND,B,70.45,71.82,68.34,68.72,70.75,457,43925,3042082.0
2023-03-27,2023-03-27,JYOTISTRUC,Z,6.0,6.15,5.84,5.85,6.14,181,277716,1633324.0
2023-03-27,2023-03-27,JAYUSH,X,553.4,553.4,523.45,523.45,551.0,22,357,187695.0
2023-03-27,2023-03-27,SSWL,A,156.0,156.0,150.0,150.5,154.85,517,15968,2434372.0
2023-03-27,2023-03-27,MANINDS,B,93.59,94.0,90.54,90.94,92.99,172,7636,705444.0
2023-03-27,2023-03-27,IMEC,X,1.87,1.99,1.73,1.73,1.92,79,52833,94037.0
2023-03-27,2023-03-27,MDRNSTL,X,13.65,14.79,12.0,14.25,12.42,45,6635,88630.0
2023-03-27,2023-03-27,BELDING,XT,176.2,187.2,170.8,181.05,179.75,40,1911,342010.0
2023-03-27,2023-03-27,GOLKONDA,Z,20.6,20.6,19.68,19.77,19.64,79,46219,920751.0
2023-03-27,2023-03-27,METALFORGE,Z,2.81,2.89,2.67,2.67,2.81,38,24880,68921.0
2023-03-27,2023-03-27,GUJTLRM,X,10.0,10.0,9.55,10.0,9.55,43,2616,26091.0
2023-03-27,2023-03-27,GFSTEELS,T,6.81,6.81,6.81,6.81,6.81,8,12190,83013.0
2023-03-27,2023-03-27,AJMERA,B,272.35,276.25,270.75,275.75,274.8,58,1158,316679.0
2023-03-27,2023-03-27,COCHINM,X,270.1,278.7,268.5,269.05,274.15,162,6392,1741045.0
2023-03-27,2023-03-27,INDIAHOMES,X,1.8,1.8,1.64,1.64,1.72,314,262935,438802.0
2023-03-27,2023-03-27,KVFORGE,X,37.56,39.97,37.0,37.2,39.99,39,1408,53054.0
2023-03-27,2023-03-27,CARBORUNIV,A,925.15,952.9,924.15,946.55,933.75,526,2839,2675231.0
2023-03-27,2023-03-27,MMTC,A,28.94,29.01,27.58,27.86,28.94,746,151289,4271005.0
2023-03-27,2023-03-27,VALLABHSQ,X,4.66,4.66,4.66,4.66,4.9,7,5000,23300.0
2023-03-27,2023-03-27,ASHIS,X,32.99,33.4,31.0,31.47,31.72,26,1106,35491.0
2023-03-27,2023-03-27,PMTELELIN,X,5.72,6.1,5.72,5.75,5.71,18,549,3217.0
2023-03-27,2023-03-27,SMFIL,X,3.58,3.58,3.32,3.32,3.49,75,16794,56529.0
2023-03-27,2023-03-27,BLOIN,X,29.9,29.9,26.24,28.78,26.41,50,4062,117660.0
2023-03-27,2023-03-27,TATAMETALI,A,729.05,743.5,725.0,737.75,729.7,314,2489,1828706.0
2023-03-27,2023-03-27,SHAHALLOYS,B,45.0,45.0,42.56,42.69,44.8,137,4177,181001.0
2023-03-27,2023-03-27,JSWISPL,B,29.15,30.25,29.15,29.77,29.62,220,56831,1699067.0
2023-03-27,2023-03-27,KANSHST,X,24.85,25.8,23.6,24.26,24.05,31,4953,122333.0
2023-03-27,2023-03-27,MAHALXSE,Z,7.69,8.0,7.69,8.0,7.69,3,502,4012.0
2023-03-27,2023-03-27,SIMPLEXCAS,XT,41.0,41.05,40.85,40.85,42.99,21,2876,117714.0
2023-03-27,2023-03-27,SSWRL,X,25.68,29.39,25.68,28.39,27.63,13,187,5098.0
2023-03-27,2023-03-27,SOUTHMG,XT,70.0,71.0,64.5,69.8,67.73,32,1039,70065.0
2023-03-27,2023-03-27,BAROEXT,X,1.9,1.9,1.72,1.8,1.89,228,218110,399664.0
2023-03-27,2023-03-27,GUJCONT,P,144.4,144.4,137.2,137.2,144.4,2,200,28160.0
2023-03-27,2023-03-27,KALYANIFRG,T,234.3,234.3,215.75,215.75,226.95,12,325,71264.0
2023-03-27,2023-03-27,PANCHMAHQ,X,126.0,130.0,123.0,125.0,125.0,44,9708,1213165.0
2023-03-27,2023-03-27,ADITYA,X,8.5,8.5,8.2,8.21,8.5,15,1561,12826.0
2023-03-27,2023-03-27,SRIND,XT,1.8,1.8,1.8,1.8,1.89,4,73,131.0
2023-03-27,2023-03-27,STEELCAS,B,462.95,468.15,445.0,460.9,467.4,204,1536,694709.0
2023-03-27,2023-03-27,PITTIENG,B,269.7,277.45,268.4,269.95,271.3,391,7924,2163431.0
2023-03-27,2023-03-27,GLITTEKG,X,2.65,2.78,2.65,2.78,2.65,2,10,27.0
2023-03-27,2023-03-27,PRADPME,X,165.0,172.0,165.0,170.2,167.8,61,4215,709544.0
2023-03-27,2023-03-27,GNRL,X,12.85,13.3,12.2,12.25,12.7,107,18591,232625.0
2023-03-27,2023-03-27,TNSTLTU,P,11.21,11.21,10.65,10.65,11.21,12,1300,13957.0
2023-03-27,2023-03-27,SHRDAIS,XT,64.3,64.3,62.25,64.3,64.35,3,151,9504.0
2023-03-27,2023-03-27,MAHASTEEL,B,54.25,54.7,53.0,53.42,54.25,47,1023,54644.0
2023-03-27,2023-03-27,STERPOW,XT,13.41,13.45,13.4,13.4,14.1,7,1177,15788.0
2023-03-27,2023-03-27,FFPL,Z,4.91,4.91,4.8,4.8,4.91,2,75,365.0
2023-03-27,2023-03-27,HINDCOPPER,A,96.51,97.42,95.22,96.06,96.07,939,129777,12487515.0
2023-03-27,2023-03-27,TULSYAN,X,57.95,57.95,54.34,54.34,57.19,177,17126,941300.0
2023-03-27,2023-03-27,AXELPOLY,XT,44.85,44.85,41.8,41.9,43.99,14,982,41481.0
2023-03-27,2023-03-27,NLCINDIA,A,74.0,74.5,70.82,71.88,73.66,1457,152805,11017340.0
2023-03-27,2023-03-27,KAJARIR,X,36.0,36.49,34.2,34.79,35.98,130,32984,1150818.0
2023-03-27,2023-03-27,SOLIDSTON,X,33.19,33.4,30.6,33.4,33.19,4,27,886.0
2023-03-27,2023-03-27,SHILGRAVQ,X,88.6,88.6,86.15,87.42,89.0,22,1735,151992.0
2023-03-27,2023-03-27,WHITEORG,X,7.31,7.57,6.6,6.67,7.29,429,138631,967055.0
2023-03-27,2023-03-27,MFSINTRCRP,Z,9.02,9.96,9.02,9.94,9.49,24,7105,69989.0
2023-03-27,2023-03-27,HGIND,XT,119.2,119.2,119.2,119.2,113.55,2,200,23840.0
2023-03-27,2023-03-27,AROGRANITE,B,40.0,40.6,39.7,39.76,40.4,35,1338,53312.0
2023-03-27,2023-03-27,RUDRAECO,X,4.5,4.5,4.02,4.11,4.23,42,4768,19760.0
2023-03-27,2023-03-27,RAJKSYN,X,30.5,30.5,28.0,28.05,29.45,35,8003,227493.0
2023-03-27,2023-03-27,DEEPAKSP,X,233.0,233.0,226.0,226.3,228.2,71,5882,1333458.0
2023-03-27,2023-03-27,LOYALTEX,B,571.35,580.0,560.0,560.55,570.0,25,81,46295.0
2023-03-27,2023-03-27,HIMATSEIDE,B,72.05,72.05,70.09,70.56,72.09,574,38309,2708444.0
2023-03-27,2023-03-27,BSL,B,165.05,165.05,159.0,161.8,167.2,137,637,103138.0
2023-03-27,2023-03-27,PBMPOLY,X,90.35,94.69,90.05,91.95,92.18,29,3951,361980.0
2023-03-27,2023-03-27,ADINATH,XT,22.25,22.93,22.25,22.25,23.4,47,2066,46680.0
2023-03-27,2023-03-27,SURYALA,X,566.45,574.9,538.15,545.95,566.45,747,19634,10726546.0
2023-03-27,2023-03-27,SURYVANSP,X,24.92,24.92,22.6,22.65,23.76,8,298,6744.0
2023-03-27,2023-03-27,TTL,B,70.1,70.21,67.0,67.82,69.5,50,791,54409.0
2023-03-27,2023-03-27,UNIWORTH,XT,0.96,0.96,0.96,0.96,1.01,1,25,24.0
2023-03-27,2023-03-27,WELSPUNLIV,A,65.3,65.59,64.34,64.71,65.29,285,43302,2802093.0
2023-03-27,2023-03-27,INDIANACRY,X,9.19,9.44,8.0,8.7,9.19,387,244339,2135946.0
2023-03-27,2023-03-27,GANECOS,B,836.9,838.0,816.1,820.95,838.8,173,654,541038.0
2023-03-27,2023-03-27,CEETAIN,XT,17.1,18.25,16.95,16.95,17.79,6,200,3397.0
2023-03-27,2023-03-27,VARDMNPOLY,B,21.27,21.27,20.3,20.41,20.74,55,1936,39407.0
2023-03-27,2023-03-27,RISHYRN,P,53.1,58.59,53.01,58.59,55.8,8,800,43037.0
2023-03-27,2023-03-27,BLACKROSE,X,125.0,125.0,116.0,117.0,124.7,2623,47395,5623627.0
2023-03-27,2023-03-27,STCORP,XT,48.31,48.31,48.31,48.31,46.01,123,70780,3419381.0
2023-03-27,2023-03-27,SUMEETINDS,T,2.45,2.47,2.35,2.36,2.45,32,18019,43002.0
2023-03-27,2023-03-27,BINNY,X,244.0,245.0,232.0,234.75,238.2,75,3407,817116.0
2023-03-27,2023-03-27,KLIFESTYL,Z,0.22,0.22,0.21,0.21,0.22,261,837380,177945.0
2023-03-27,2023-03-27,RAMGOPOLY,XT,4.59,4.59,4.18,4.18,4.38,7,428,1800.0
2023-03-27,2023-03-27,SANGAMIND,B,254.0,254.0,223.8,225.75,230.75,290,5214,1214293.0
2023-03-27,2023-03-27,MKVENTURES,X,1070.0,1079.45,1040.0,1068.95,1028.05,161,6514,6924803.0
2023-03-27,2023-03-27,KUSHIND,X,5.86,5.86,5.3,5.3,5.6,49,6906,37223.0
2023-03-27,2023-03-27,SRECR,P,45.9,45.9,45.89,45.89,48.3,9,4100,188164.0
2023-03-27,2023-03-27,SEASONST,X,13.26,13.26,12.6,12.6,13.26,5,27,346.0
2023-03-27,2023-03-27,ZENIFIB,X,69.5,69.5,64.5,65.0,67.5,50,2767,180369.0
2023-03-27,2023-03-27,BHILSPIN,X,38.6,38.69,33.25,37.78,36.74,25,1419,51594.0
2023-03-27,2023-03-27,VGL,B,17.01,18.66,17.01,18.03,18.91,217,16149,287774.0
2023-03-27,2023-03-27,SANTETX,XT,59.5,59.5,59.0,59.0,61.99,3,513,30347.0
2023-03-27,2023-03-27,ASHIMASYN,B,12.95,13.5,12.5,12.92,13.11,565,18002,235542.0
2023-03-27,2023-03-27,PIONEEREMB,B,28.11,28.7,27.9,28.06,28.8,29,8016,224691.0
2023-03-27,2023-03-27,VIPPYSP,X,188.0,188.0,174.3,175.05,181.05,62,1690,299689.0
2023-03-27,2023-03-27,JAIHIND,XT,31.0,31.0,31.0,31.0,31.0,2,10,310.0
2023-03-27,2023-03-27,RAGHUSYN,X,95.25,102.85,95.25,96.8,99.9,73,4466,437528.0
2023-03-27,2023-03-27,KAMADGIRI,X,61.95,68.46,61.95,62.1,65.2,19,1317,86799.0
2023-03-27,2023-03-27,PATSPINLTD,X,10.15,10.55,9.77,10.44,10.7,50,15857,159755.0
2023-03-27,2023-03-27,ONEGLOBAL,X,32.0,32.0,32.0,32.0,32.03,2,310,9920.0
2023-03-27,2023-03-27,NEOINFRA,X,10.26,10.94,10.26,10.65,10.5,9,409,4317.0
2023-03-27,2023-03-27,PREMIERPOL,B,75.0,75.0,72.3,74.4,75.84,23,56,4158.0
2023-03-27,2023-03-27,EVERFIN,X,36.88,37.5,35.04,35.04,36.88,14,896,32313.0
2023-03-27,2023-03-27,KRRAIL,XT,398.75,398.75,396.9,398.75,379.8,287,21867,8718198.0
2023-03-27,2023-03-27,YARNSYN,X,38.03,39.0,38.03,38.03,39.0,11,224,8549.0
2023-03-27,2023-03-27,GUJCOTEX,X,2.8,2.86,2.56,2.58,2.8,161,72076,189049.0
2023-03-27,2023-03-27,AJIL,Z,11.52,11.52,10.95,10.95,11.52,47,9066,99275.0
2023-03-27,2023-03-27,GARWSYN,X,7.8,7.8,7.8,7.8,7.79,2,83,647.0
2023-03-27,2023-03-27,SARUPINDUS,XT,26.25,26.25,26.25,26.25,27.6,1,150,3937.0
2023-03-27,2023-03-27,MANORG,B,332.3,332.3,307.3,310.9,332.3,572,4201,1340358.0
2023-03-27,2023-03-27,HINDADH,X,247.9,247.9,202.55,206.35,216.95,234,5299,1133969.0
2023-03-27,2023-03-27,SRIKPRIND,X,18.0,18.9,17.55,17.55,18.02,31,3349,58891.0
2023-03-27,2023-03-27,JYOTIRES,B,1258.0,1300.0,1217.0,1264.95,1259.9,2298,24402,30926335.0
2023-03-27,2023-03-27,MHLXMIRU,B,272.95,279.5,257.15,276.4,272.95,787,12722,3439892.0
2023-03-27,2023-03-27,SOUTLAT,XT,16.5,16.5,16.5,16.5,16.5,1,100,1650.0
2023-03-27,2023-03-27,WINSOMTX,B,48.85,49.0,43.75,44.6,46.99,168,19256,905712.0
2023-03-27,2023-03-27,THAMBBI,XT,13.99,13.99,13.99,13.99,13.99,6,660,9233.0
2023-03-27,2023-03-27,MODINSU,XT,40.8,41.88,39.4,40.68,41.47,70,20250,810786.0
2023-03-27,2023-03-27,REGENCERAM,T,19.85,19.85,19.43,19.43,20.45,5,104,2063.0
2023-03-27,2023-03-27,ASAHIINDIA,A,452.0,453.55,438.45,443.2,451.95,447,4076,1806501.0
2023-03-27,2023-03-27,MURUDCERA,B,31.21,31.79,28.85,29.61,31.22,170,12567,370216.0
2023-03-27,2023-03-27,SEKURITIND,X,85.04,85.28,80.2,80.84,85.04,678,106065,8771925.0
2023-03-27,2023-03-27,ANANTRAJ,A,120.15,120.15,114.25,115.65,118.05,1593,101906,11786647.0
2023-03-27,2023-03-27,MADHUDIN,X,22.2,22.2,19.59,21.39,21.75,18,6473,135715.0
2023-03-27,2023-03-27,SRIVAJRAGRA,ZP,1.64,1.64,1.64,1.64,1.72,2,500,820.0
2023-03-27,2023-03-27,RESTILE,X,3.23,3.29,3.0,3.29,3.14,40,26457,85013.0
2023-03-27,2023-03-27,MADHAV,B,38.0,39.33,37.7,38.16,38.73,127,114032,4343470.0
2023-03-27,2023-03-27,RAMASIGNS,X,3.84,3.84,3.15,3.52,3.47,85,7456,25418.0
2023-03-27,2023-03-27,HINDNATGLS,T,9.2,9.2,9.16,9.16,9.64,6,611,5602.0
2023-03-27,2023-03-27,HALDYNGL,X,65.1,67.1,62.5,64.09,63.82,473,172965,11038491.0
2023-03-27,2023-03-27,DUROPLY,X,128.0,132.95,120.2,122.85,126.7,45,1108,138115.0
2023-03-27,2023-03-27,SHREYANIND,B,143.0,143.65,138.35,139.95,144.45,115,7410,1037085.0
2023-03-27,2023-03-27,AGIOPAPER,X,4.0,4.0,3.77,3.93,3.89,28,3406,13510.0
2023-03-27,2023-03-27,STARPAPER,B,149.3,152.5,145.85,148.35,152.25,439,12473,1851592.0
2023-03-27,2023-03-27,PAKKA,X,98.05,99.5,96.05,96.25,98.6,523,90382,8856171.0
2023-03-27,2023-03-27,TAHMARENT,XT,19.37,19.37,19.37,19.37,19.37,4,958,18556.0
2023-03-27,2023-03-27,NATPLY,Z,4.83,4.83,4.38,4.49,4.61,12,588,2627.0
2023-03-27,2023-03-27,ARROWGREEN,B,228.3,245.7,222.4,239.4,234.1,1016,29568,6804581.0
2023-03-27,2023-03-27,VISHNU,B,255.1,261.0,252.0,254.45,259.2,1172,13971,3593176.0
2023-03-27,2023-03-27,JUMBO,X,18.0,18.25,17.5,18.2,18.0,10,164,2925.0
2023-03-27,2023-03-27,NRAIL,B,208.45,210.0,200.0,202.45,209.3,145,5628,1151269.0
2023-03-27,2023-03-27,3PLAND,B,19.86,19.98,19.65,19.97,20.49,20,394,7776.0
2023-03-27,2023-03-27,SANPA,XT,124.05,137.0,124.0,135.75,130.5,14,512,66275.0
2023-03-27,2023-03-27,VENTURA,X,7.25,7.25,6.76,6.98,7.1,18,9583,65213.0
2023-03-27,2023-03-27,SHKARTP,X,6.2,6.59,6.2,6.58,6.61,8,241,1505.0
2023-03-27,2023-03-27,STHINPA,X,109.0,109.6,106.0,108.0,108.0,32,2681,289540.0
2023-03-27,2023-03-27,FAMILYCARE,X,11.75,12.15,11.2,11.41,11.71,573,160909,1865810.0
2023-03-27,2023-03-27,VINDHYATEL,B,1725.0,1725.0,1659.95,1699.65,1701.9,201,1383,2320442.0
2023-03-27,2023-03-27,RIR,X,307.95,307.95,287.35,287.35,302.45,174,5507,1598172.0
2023-03-27,2023-03-27,ADOR,B,923.85,955.0,919.1,926.6,914.55,1026,4940,4620564.0
2023-03-27,2023-03-27,IDM,XT,16.29,16.29,16.29,16.29,16.3,2,110,1791.0
2023-03-27,2023-03-27,SALZERELEC,B,241.45,247.9,241.35,245.25,246.0,426,5324,1306371.0
2023-03-27,2023-03-27,JETKINGQ,X,43.0,44.9,37.59,40.03,39.94,58,12001,500431.0
2023-03-27,2023-03-27,INDAGIV,XT,44.5,44.5,44.5,44.5,42.42,1,1,44.0
2023-03-27,2023-03-27,APLAB,XT,30.28,33.28,30.28,30.28,31.87,32,16806,517928.0
2023-03-27,2023-03-27,PCS,X,13.22,14.77,12.21,13.5,13.21,80,15694,208794.0
2023-03-27,2023-03-27,USHAMART,A,210.1,221.6,209.9,212.25,210.05,2483,95347,20673970.0
2023-03-27,2023-03-27,SPELS,X,39.0,39.0,37.25,37.25,39.21,504,27483,1033601.0
2023-03-27,2023-03-27,SUBROS,B,300.0,301.25,298.65,300.0,300.0,112,911,272976.0
2023-03-27,2023-03-27,EDVENSWA,X,52.35,52.35,52.35,52.35,55.1,36,3844,201233.0
2023-03-27,2023-03-27,HONAUT,A,35763.45,36000.0,35237.0,35474.6,35763.45,47,92,3272877.0
2023-03-27,2023-03-27,SWITCHTE,X,27.0,27.01,27.0,27.01,26.62,2,200,5401.0
2023-03-27,2023-03-27,LUMAXIND,B,1653.0,1686.85,1653.0,1681.1,1703.75,148,458,767362.0
2023-03-27,2023-03-27,DIGISPICE,B,19.84,21.19,19.74,20.12,20.86,100,11083,226883.0
2023-03-27,2023-03-27,AURIQUE,X,6.44,6.44,5.94,5.94,6.59,10,753,4526.0
2023-03-27,2023-03-27,CALCOM,X,126.25,132.45,125.1,125.9,130.0,47,4150,527701.0
2023-03-27,2023-03-27,BCCFUBA,XT,23.27,23.27,22.56,22.65,23.74,10,651,14696.0
2023-03-27,2023-03-27,PRECISIO,XT,30.8,30.8,29.0,29.0,30.38,14,15952,480197.0
2023-03-27,2023-03-27,FINELINE,X,44.84,44.84,41.74,42.61,43.93,34,8391,356177.0
2023-03-27,2023-03-27,HBLENGINE,A,94.06,94.06,90.53,91.18,93.99,1369,159195,14553278.0
2023-03-27,2023-03-27,GUJARATPOLY,X,29.0,31.4,28.8,30.29,30.14,59,10022,306158.0
2023-03-27,2023-03-27,GIPCL,B,74.82,74.82,71.62,71.76,73.11,421,19609,1416583.0
2023-03-27,2023-03-27,MAGNUS,XT,4.42,4.42,4.42,4.42,4.42,1,200,884.0
2023-03-27,2023-03-27,CMICABLES,B,11.3,11.99,11.2,11.2,11.78,78,13905,159839.0
2023-03-27,2023-03-27,MOTHERSON,A,64.73,64.87,63.5,64.09,64.73,8072,2168305,138798807.0
2023-03-27,2023-03-27,MINDTECK,B,114.0,114.0,108.6,109.1,112.45,89,2163,238313.0
2023-03-27,2023-03-27,HAVELLS,A,1171.05,1188.5,1162.0,1165.15,1181.35,1150,8460,9957997.0
2023-03-27,2023-03-27,ACIIN,X,0.75,0.81,0.75,0.77,0.79,276,93961,72247.0
2023-03-27,2023-03-27,SBECSYS,XT,23.0,23.0,22.45,23.0,21.91,55,3087,70836.0
2023-03-27,2023-03-27,INCAP,XT,35.75,35.75,35.75,35.75,34.25,4,175,6256.0
2023-03-27,2023-03-27,GUJINTRX,X,139.5,143.95,138.0,139.0,139.4,17,479,66599.0
2023-03-27,2023-03-27,IGARASHI,B,350.95,356.85,340.15,340.65,354.0,1037,10886,3758782.0
2023-03-27,2023-03-27,SYMPHONY,A,1090.05,1101.55,1075.3,1083.9,1085.2,1154,7927,8607629.0
2023-03-27,2023-03-27,REGANTO,X,4.51,4.51,4.09,4.14,4.3,213,126513,547266.0
2023-03-27,2023-03-27,PANELEC,X,27.16,32.48,27.15,31.88,30.15,15,1840,53384.0
2023-03-27,2023-03-27,VXLINSTR,XT,7.77,7.77,7.77,7.77,8.17,7,3581,27824.0
2023-03-27,2023-03-27,SHYAMTEL,B,7.8,7.97,7.53,7.87,7.92,193,1105,8570.0
2023-03-27,2023-03-27,LEENEE,X,6.81,7.04,6.51,6.61,6.83,127,33497,222998.0
2023-03-27,2023-03-27,PATELSAI,X,195.25,203.0,190.0,197.95,198.95,84,13806,2723805.0
2023-03-27,2023-03-27,BUTTERFLY,B,1299.0,1299.0,1200.0,1219.1,1266.25,382,1717,2117937.0
2023-03-27,2023-03-27,ATHENAGLO,X,51.9,51.9,45.5,47.12,48.06,14,256,12450.0
2023-03-27,2023-03-27,DUTRON,XT,119.15,119.15,119.15,119.15,125.4,1,10,1191.0
2023-03-27,2023-03-27,RSSOFTWARE,B,23.12,23.3,22.25,22.75,23.22,89,7277,165798.0
2023-03-27,2023-03-27,MAGNAELQ,X,289.0,289.0,270.2,272.95,284.4,57,3770,1037541.0
2023-03-27,2023-03-27,MARSONS,Z,6.55,6.55,5.93,6.04,6.24,53,14313,88747.0
2023-03-27,2023-03-27,ELNET,X,162.0,164.8,157.55,160.35,161.85,46,616,99262.0
2023-03-27,2023-03-27,ACCEL,X,12.2,12.2,10.66,11.13,12.05,234,82773,924348.0
2023-03-27,2023-03-27,WEBELSOLAR,B,71.01,72.59,65.65,66.74,71.92,1145,65165,4411403.0
2023-03-27,2023-03-27,ROTO,B,608.9,608.9,573.3,584.35,608.5,2000,27771,16298218.0
2023-03-27,2023-03-27,TTKPRESTIG,A,684.2,693.2,672.1,675.95,684.15,1596,9317,6334820.0
2023-03-27,2023-03-27,DHINDIA,X,56.65,59.28,56.22,58.16,56.68,20,2629,150682.0
2023-03-27,2023-03-27,RAJRATAN,A,780.0,782.35,744.7,752.9,781.3,320,1821,1395313.0
2023-03-27,2023-03-27,SURANAT&P,B,8.7,8.98,8.21,8.25,8.79,261,13246,111114.0
2023-03-27,2023-03-27,ONWARDTEC,B,293.4,295.5,280.0,292.6,292.8,155,1039,299644.0
2023-03-27,2023-03-27,CENTUM,B,621.4,725.0,621.4,684.75,621.9,990,5957,3980767.0
2023-03-27,2023-03-27,ALFATRAN,X,20.4,21.1,19.83,20.98,20.79,42,14491,300050.0
2023-03-27,2023-03-27,STARLITE,Z,2.3,2.3,2.12,2.12,2.23,16,9387,19937.0
2023-03-27,2023-03-27,NHCFOODS,X,28.55,30.29,27.62,27.94,29.07,110,19907,570155.0
2023-03-27,2023-03-27,PVP,B,6.35,6.64,6.15,6.31,6.61,104,17352,110318.0
2023-03-27,2023-03-27,TRIGYN,B,89.9,90.25,87.1,88.05,89.95,704,14041,1240363.0
2023-03-27,2023-03-27,KEI,A,1662.05,1679.0,1626.1,1674.75,1663.95,1451,10068,16637135.0
2023-03-27,2023-03-27,IMPPOWERS,Z,3.42,3.5,3.37,3.37,3.54,21,8718,29723.0
2023-03-27,2023-03-27,KEERTHI,XT,138.0,141.0,131.6,140.9,138.5,17,441,59826.0
2023-03-27,2023-03-27,BHEEMACEM,X,91.65,91.65,83.05,83.05,87.4,115,44765,3840616.0
2023-03-27,2023-03-27,GUJSIDHCEM,B,30.55,31.16,30.18,30.51,31.14,134,9102,278186.0
2023-03-27,2023-03-27,SURAJ,Z,123.0,127.5,116.5,125.9,122.15,43,2401,287416.0
2023-03-27,2023-03-27,APCL,B,152.25,152.65,145.65,147.4,152.7,313,3370,503306.0
2023-03-27,2023-03-27,MODINATUR,X,217.5,235.5,209.55,213.7,222.7,88,4256,931693.0
2023-03-27,2023-03-27,ZKHANDEN,XT,20.2,20.2,20.2,20.2,20.61,1,10,202.0
2023-03-27,2023-03-27,TASTYBITE,B,8264.0,8264.0,7955.4,8004.8,8203.3,108,164,1325471.0
2023-03-27,2023-03-27,RITESHIN,XT,40.43,40.43,38.86,38.92,40.9,150,9781,382491.0
2023-03-27,2023-03-27,AVTNPL,B,81.0,82.31,78.2,78.84,81.44,373,21467,1711293.0
2023-03-27,2023-03-27,HNDFDS,A,522.15,540.4,507.25,513.55,528.8,1414,9087,4690505.0
2023-03-27,2023-03-27,NAHARINDUS,B,97.21,97.31,94.19,94.22,96.7,82,22637,2140683.0
2023-03-27,2023-03-27,VADILENT,XT,3538.0,3649.95,3532.65,3640.95,3718.55,12,2056,7403679.0
2023-03-27,2023-03-27,VADILALIND,B,2284.55,2333.0,2198.05,2214.85,2233.95,523,1473,3277466.0
2023-03-27,2023-03-27,ASHAI,XT,5.2,5.2,5.2,5.2,5.3,3,502,2610.0
2023-03-27,2023-03-27,ADFFOODS,B,690.0,694.2,675.3,682.8,690.0,84,566,387430.0
2023-03-27,2023-03-27,RGRL,X,9.0,9.0,8.36,8.41,8.8,18,7220,63119.0
2023-03-27,2023-03-27,AJANTSOY,X,25.25,25.48,23.76,24.09,24.72,900,95791,2308529.0
2023-03-27,2023-03-27,WILLAMAGOR,B,19.58,19.58,17.91,18.64,18.7,451,6541,118317.0
2023-03-27,2023-03-27,KISAAN,X,3.76,4.14,3.76,3.9,3.95,17,3752,14208.0
2023-03-27,2023-03-27,SIEL,XT,38.95,38.95,38.95,38.95,41.0,3,51,1986.0
2023-03-27,2023-03-27,SPTRSHI,XT,14.0,14.0,13.3,13.33,14.0,7,920,12259.0
2023-03-27,2023-03-27,SRDAPRT,XT,59.5,65.0,59.35,63.19,62.44,19,3252,194139.0
2023-03-27,2023-03-27,SANWARIA,Z,0.48,0.48,0.45,0.46,0.46,208,893403,422490.0
2023-03-27,2023-03-27,PRIMAGR,XT,22.93,24.0,21.77,23.75,22.91,54,13111,297509.0
2023-03-27,2023-03-27,MADHURIND,XT,4.99,4.99,4.55,4.55,4.76,3,300,1409.0
2023-03-27,2023-03-27,TARAI,XT,5.59,5.59,5.42,5.46,5.7,52,4341,23607.0
2023-03-27,2023-03-27,MODAIRY,X,19.95,20.2,19.0,19.18,19.8,100,23050,452648.0
2023-03-27,2023-03-27,BAMBINO,X,295.0,304.75,295.0,296.85,301.9,18,106,31612.0
2023-03-27,2023-03-27,PRIMIND,Z,11.61,11.61,11.61,11.61,11.06,17,3939,45731.0
2023-03-27,2023-03-27,VIKASWSP,Z,1.1,1.1,1.06,1.06,1.11,56,43234,45900.0
2023-03-27,2023-03-27,JATALIA,Z,3.0,3.0,2.85,2.85,3.0,7,1200,3583.0
2023-03-27,2023-03-27,VSFPROJ,X,44.25,48.99,44.01,45.0,45.5,32,3663,163101.0
2023-03-27,2023-03-27,POONADAL,X,52.15,52.15,49.7,49.82,51.89,26,1105,55739.0
2023-03-27,2023-03-27,TRANSFD,X,79.0,79.0,79.0,79.0,79.0,1,3,237.0
2023-03-27,2023-03-27,ANIKINDS,B,30.8,30.8,28.65,28.87,29.93,40,1473,42988.0
2023-03-27,2023-03-27,SHINDL,XT,49.37,49.37,46.25,46.6,48.3,24,15628,746864.0
2023-03-27,2023-03-27,KMGMILK,P,35.51,35.51,35.51,35.51,33.82,1,100,3551.0
2023-03-27,2023-03-27,KSE,XT,1672.0,1699.95,1652.0,1652.5,1669.55,21,611,1014512.0
2023-03-27,2023-03-27,NARBADA,X,46.9,46.9,39.5,42.04,42.98,30,500,21628.0
2023-03-27,2023-03-27,VIRATCRA,X,28.25,30.0,28.25,29.36,29.42,46,4046,118010.0
2023-03-27,2023-03-27,IBINFO,XT,56.46,56.46,56.46,56.46,53.78,3,30,1693.0
2023-03-27,2023-03-27,AMBARPIL,XT,185.2,185.2,185.2,185.2,194.9,35,285,52782.0
2023-03-27,2023-03-27,CHORDIA,XT,85.51,89.74,85.45,85.75,89.94,18,833,71282.0
2023-03-27,2023-03-27,CIANAGRO,XT,37.22,37.22,36.31,36.31,38.22,13,1550,56291.0
2023-03-27,2023-03-27,TAIIND,X,43.49,43.49,39.06,40.2,40.54,58,1776,72221.0
2023-03-27,2023-03-27,NKIND,B,38.0,38.0,33.64,33.64,37.2,2,6,206.0
2023-03-27,2023-03-27,BKV,XT,9.41,9.41,8.65,8.85,9.0,49,5950,52751.0
2023-03-27,2023-03-27,NCCBLUE,P,6.0,6.0,6.0,6.0,6.0,2,200,1200.0
2023-03-27,2023-03-27,NORBTEAEXP,B,8.0,8.15,7.94,7.98,8.35,8,373,2972.0
2023-03-27,2023-03-27,ASIANTNE,X,12.57,12.57,11.81,12.01,12.57,88,10559,127981.0
2023-03-27,2023-03-27,HERITGFOOD,B,145.15,151.05,145.15,147.2,148.1,576,16821,2484930.0
2023-03-27,2023-03-27,SIMRAN,X,102.95,102.95,94.0,95.7,103.05,155,8188,791080.0
2023-03-27,2023-03-27,DFMFOODS,B,459.0,462.25,459.0,461.65,461.1,31,961,443396.0
2023-03-27,2023-03-27,CCL,A,557.25,562.75,545.1,548.05,557.55,311,3458,1920792.0
2023-03-27,2023-03-27,KELLTONTEC,B,48.0,49.46,46.07,46.21,48.49,486,37954,1798812.0
2023-03-27,2023-03-27,SURFI,XT,8.13,8.13,8.13,8.13,8.55,8,174,1414.0
2023-03-27,2023-03-27,LAKESHORE,XT,24.7,24.7,24.7,24.7,25.5,1,50,1235.0
2023-03-27,2023-03-27,RICOAUTO,B,66.2,66.2,63.0,63.34,66.3,899,103206,6655755.0
2023-03-27,2023-03-27,OMAXAUTO,B,42.05,43.61,41.28,41.6,43.45,128,19342,807912.0
2023-03-27,2023-03-27,MUNJALSHOW,B,88.0,88.0,86.0,86.46,87.63,144,12643,1094321.0
2023-03-27,2023-03-27,JAMNAAUTO,A,97.05,98.05,95.55,95.9,98.55,357,12702,1222768.0
2023-03-27,2023-03-27,TVSHLTD,A,3699.85,3830.8,3695.7,3741.45,3858.8,834,3211,12004651.0
2023-03-27,2023-03-27,JTEKTINDIA,B,107.75,107.75,101.2,102.3,105.4,831,70718,7249946.0
2023-03-27,2023-03-27,MUNJALAU,B,37.75,38.0,37.48,37.58,38.12,122,8964,337979.0
2023-03-27,2023-03-27,JAYBARMARU,B,137.0,138.0,133.15,134.5,138.0,55,1953,266180.0
2023-03-27,2023-03-27,RACLGEAR,X,819.0,829.55,802.0,805.65,819.65,130,2022,1633566.0
2023-03-27,2023-03-27,SAMKRG,X,128.05,128.2,112.5,122.4,128.6,254,12357,1537098.0
2023-03-27,2023-03-27,RATNAMANI,A,2080.0,2080.0,2033.65,2044.45,2066.65,582,6042,12430702.0
2023-03-27,2023-03-27,VESUVIUS,B,1618.05,1619.95,1570.0,1582.3,1620.9,105,243,387486.0
2023-03-27,2023-03-27,ASAL,B,270.0,270.0,251.35,253.3,270.15,1070,13610,3498299.0
2023-03-27,2023-03-27,ARCEEIN,X,6.35,6.35,6.35,6.35,6.35,4,251,1593.0
2023-03-27,2023-03-27,ABCINDQ,X,71.01,72.0,69.1,71.37,71.07,20,1276,90320.0
2023-03-27,2023-03-27,BALTE,X,11.1,11.98,10.75,11.25,11.52,37,2106,23457.0
2023-03-27,2023-03-27,COARO,P,21.0,21.0,21.0,21.0,20.0,3,400,8400.0
2023-03-27,2023-03-27,SIBARAUT,X,7.0,7.0,6.65,6.95,7.0,16,1581,10868.0
2023-03-27,2023-03-27,TRANSWORLD,B,215.0,240.75,212.2,236.4,226.6,403,7736,1795568.0
2023-03-27,2023-03-27,STARLOG,X,26.53,27.89,26.45,26.45,27.84,88,18766,500180.0
2023-03-27,2023-03-27,TITANIN,XT,45.22,45.22,45.02,45.22,43.07,161,61341,2772869.0
2023-03-27,2023-03-27,ICIL,A,113.45,113.45,105.1,105.7,112.85,1350,38867,4229393.0
2023-03-27,2023-03-27,MARALOVER,B,50.25,51.05,48.0,48.0,50.52,40,464,23211.0
2023-03-27,2023-03-27,SOMATEX,T,42.75,42.75,42.75,42.75,45.0,30,4695,200711.0
2023-03-27,2023-03-27,SOURCEIND,XT,2.75,2.75,2.7,2.7,2.7,2,116,313.0
2023-03-27,2023-03-27,ADVLIFE,XT,63.65,66.59,63.65,66.0,63.65,7,140,9122.0
2023-03-27,2023-03-27,KAKTEX,XT,25.19,25.19,24.12,24.12,25.14,27,441,10802.0
2023-03-27,2023-03-27,OCTAVE,X,1.77,1.78,1.65,1.72,1.7,22,3895,6850.0
2023-03-27,2023-03-27,TRIDENT,A,27.02,27.2,25.1,25.32,27.08,8450,3908864,101352035.0
2023-03-27,2023-03-27,HISARSP,P,45.0,45.0,42.75,42.75,45.0,3,900,40050.0
2023-03-27,2023-03-27,ALOKINDS,B,12.11,12.46,11.55,11.6,12.32,3408,2588338,30539080.0
2023-03-27,2023-03-27,PASARI,X,5.17,5.42,5.09,5.4,5.17,31,3948,20925.0
2023-03-27,2023-03-27,CLCIND,Z,0.99,1.0,0.95,1.0,0.99,21,45401,43818.0
2023-03-27,2023-03-27,AMARJOTHI,X,175.8,176.7,169.4,175.0,173.3,52,4640,802918.0
2023-03-27,2023-03-27,OLYMPTX,X,91.4,91.4,88.05,88.15,91.4,25,2705,239105.0
2023-03-27,2023-03-27,NAGREEKEXP,B,30.6,31.25,30.4,30.5,30.83,27,600,18442.0
2023-03-27,2023-03-27,SUDTIND-B,X,19.94,19.94,17.0,17.09,17.9,45,5792,101551.0
2023-03-27,2023-03-27,SBFL,X,14.0,14.0,13.0,13.0,13.75,11,306,4068.0
2023-03-27,2023-03-27,EUREKAI,X,3.79,4.15,3.79,3.79,3.98,303,74774,287221.0
2023-03-27,2023-03-27,ADITYASP,XT,18.4,19.2,18.04,18.04,18.53,5,165,3024.0
2023-03-27,2023-03-27,PRIMEURB,X,5.5,5.5,5.25,5.25,5.5,6,944,5129.0
2023-03-27,2023-03-27,DHANFAB,X,60.0,64.95,54.85,61.65,59.05,1133,107017,6597113.0
2023-03-27,2023-03-27,SLSTLQ,X,32.01,34.0,32.0,32.07,32.0,28,1891,60660.0
2023-03-27,2023-03-27,ZODIACLOTH,B,83.0,83.35,83.0,83.0,84.02,15,83,6890.0
2023-03-27,2023-03-27,GANGOTRI,Z,0.97,0.97,0.97,0.97,1.02,1,1,0.0
2023-03-27,2023-03-27,SRMCL,XT,21.0,23.1,21.0,21.95,22.05,22,32670,686906.0
2023-03-27,2023-03-27,SUPERSPIN,B,8.0,8.0,6.03,6.13,6.69,120,15977,101215.0
2023-03-27,2023-03-27,UNITEDTE,XT,13.1,13.2,13.1,13.1,12.8,4,36,472.0
2023-03-27,2023-03-27,SILINV,B,265.75,272.05,258.0,262.35,275.5,54,392,103559.0
2023-03-27,2023-03-27,SURYALAXMI,B,48.27,52.75,45.75,46.88,49.5,201,4760,235407.0
2023-03-27,2023-03-27,SAMTEX,X,2.01,2.1,1.81,1.89,2.03,47,20473,40172.0
2023-03-27,2023-03-27,CITYMAN,XT,18.04,18.04,18.04,18.04,17.19,8,1221,22026.0
2023-03-27,2023-03-27,DHANROTO,X,70.0,71.85,67.3,67.76,70.0,25,5404,368210.0
2023-03-27,2023-03-27,DAMODARIND,B,41.5,42.0,37.85,38.44,42.05,228,8209,321587.0
2023-03-27,2023-03-27,UNIROYAL,X,13.5,13.5,12.0,12.73,12.83,19,770,9437.0
2023-03-27,2023-03-27,TATIAGLOB,X,0.95,0.99,0.95,0.98,0.95,226,222991,215806.0
2023-03-27,2023-03-27,SUNILTX,P,60.0,63.4,60.0,63.4,60.39,3,500,31360.0
2023-03-27,2023-03-27,SRINACHA,X,31.75,33.65,28.95,31.15,33.7,27,2705,84503.0
2023-03-27,2023-03-27,SAMBANDAM,X,129.0,140.0,129.0,132.0,131.0,58,27845,3697654.0
2023-03-27,2023-03-27,KANDAGIRI,X,19.0,19.0,19.0,19.0,19.0,1,5,95.0
2023-03-27,2023-03-27,PARASPETRO,T,0.95,0.95,0.87,0.9,0.91,60,35212,31912.0
2023-03-27,2023-03-27,KITEX,A,149.35,149.35,144.0,144.45,147.45,171,1822,264166.0
2023-03-27,2023-03-27,CRANEX,X,24.25,28.3,23.75,25.0,26.9,39,20909,505062.0
2023-03-27,2023-03-27,BATLIBOI,X,59.65,59.65,57.08,57.08,60.08,87,19908,1142573.0
2023-03-27,2023-03-27,AUSTENG,X,125.0,128.9,123.3,123.95,124.5,45,4572,569018.0
2023-03-27,2023-03-27,UNIDT,B,203.8,207.6,202.3,203.6,205.9,99,1102,226822.0
2023-03-27,2023-03-27,FLUIDOM,X,202.0,209.0,202.0,204.2,205.0,44,1784,365531.0
2023-03-27,2023-03-27,WINDMACHIN,B,38.9,39.01,35.5,36.43,38.98,212,31234,1142960.0
2023-03-27,2023-03-27,SHANTIGEAR,B,369.05,369.05,360.0,362.55,363.95,497,6687,2429858.0
2023-03-27,2023-03-27,HONDAPOWER,B,1998.0,2005.0,1960.9,1997.9,1994.65,327,1795,3554695.0
2023-03-27,2023-03-27,HITECHGEAR,B,254.95,258.4,246.0,253.2,253.8,67,507,126993.0
2023-03-27,2023-03-27,ELGIEQUIP,A,466.8,469.9,439.9,444.85,467.85,997,16796,7670298.0
2023-03-27,2023-03-27,UVDRHOR,X,84.0,85.79,80.0,85.63,77.91,6,274,22383.0
2023-03-27,2023-03-27,KLBRENG-B,XT,91.0,91.0,87.5,89.54,91.32,90,21764,1947623.0
2023-03-27,2023-03-27,BIRLAPREC,X,31.25,31.89,29.5,30.05,31.79,224,60456,1848010.0
2023-03-27,2023-03-27,YUKEN,B,487.65,498.3,483.0,487.0,498.0,81,525,256446.0
2023-03-27,2023-03-27,TIMKEN,A,2808.65,2808.65,2747.05,2760.0,2794.15,341,200804,554225769.0
2023-03-27,2023-03-27,VOITHPAPR,X,1005.0,1005.0,985.0,985.45,996.75,38,648,644388.0
2023-03-27,2023-03-27,ARTSON,X,64.99,69.5,62.01,65.94,63.91,319,22773,1501590.0
2023-03-27,2023-03-27,SOLIMAC,X,40.1,41.0,38.5,39.22,40.8,36,3402,134141.0
2023-03-27,2023-03-27,INDSILHYD,X,30.2,32.58,30.2,31.15,31.57,125,24375,750732.0
2023-03-27,2023-03-27,ITL,X,172.8,179.85,172.8,173.9,175.45,31,990,173182.0
2023-03-27,2023-03-27,FRONTSP,X,368.0,368.0,351.0,353.5,359.35,79,3717,1338877.0
2023-03-27,2023-03-27,PRAJIND,A,327.95,327.95,306.0,309.15,324.45,4484,72872,22922369.0
2023-03-27,2023-03-27,RASANDIK,X,64.98,64.98,56.41,58.59,61.67,41,15039,900801.0
2023-03-27,2023-03-27,YOGISUNG,X,3.2,3.2,3.1,3.1,3.25,13,61084,189391.0
2023-03-27,2023-03-27,HLEGLAS,A,500.6,505.9,490.35,491.8,503.75,1062,6238,3096654.0
2023-03-27,2023-03-27,GUJAPOLLO,B,187.2,191.35,182.55,185.1,189.0,195,2166,403172.0
2023-03-27,2023-03-27,TANAA,X,138.0,138.85,128.0,131.7,136.75,434,41848,5658789.0
2023-03-27,2023-03-27,CONART,X,38.9,38.9,35.25,36.62,38.13,133,32669,1222196.0
2023-03-27,2023-03-27,MMFL,B,838.0,845.0,832.05,838.45,844.6,46,276,231366.0
2023-03-27,2023-03-27,IYKOTHITE,XT,17.73,17.73,16.05,16.05,16.89,10,1449,25244.0
2023-03-27,2023-03-27,MAYURUNIQ,B,448.0,448.0,421.5,426.1,451.2,853,6109,2651133.0
2023-03-27,2023-03-27,CENLUB,X,219.4,225.0,213.5,217.75,216.7,473,16874,3706795.0
2023-03-27,2023-03-27,RAJOOENG,X,26.01,26.6,23.75,24.65,26.09,218,37063,935645.0
2023-03-27,2023-03-27,VJLAXMIE,X,33.0,33.0,30.65,30.66,33.07,9,994,30535.0
2023-03-27,2023-03-27,AHMDSTE,X,17.84,17.84,17.84,17.84,18.77,1,1,17.0
2023-03-27,2023-03-27,GVT&D,B,111.1,119.3,111.1,116.85,118.8,245,1786,208378.0
2023-03-27,2023-03-27,RAMRAT,B,163.4,164.7,160.2,162.4,163.4,91,1378,222412.0
2023-03-27,2023-03-27,JAYNECOIND,B,21.65,22.45,21.2,21.61,21.92,224,6576,140731.0
2023-03-27,2023-03-27,KPIL,A,546.8,557.2,546.8,554.05,546.8,436,3704,2043879.0
2023-03-27,2023-03-27,NMSGLOBAL,XT,23.25,25.25,23.25,25.25,24.37,14,1012,24151.0
2023-03-27,2023-03-27,CANDOUR,X,37.53,38.89,35.66,36.99,37.53,90,11077,400865.0
2023-03-27,2023-03-27,TIGLOB,X,103.9,112.5,101.0,104.4,103.9,28,2370,251873.0
2023-03-27,2023-03-27,CONTROLPR,B,519.45,538.85,518.75,535.6,516.05,908,6363,3369407.0
2023-03-27,2023-03-27,BEMHY,X,450.0,469.7,448.0,448.05,459.5,25,591,270681.0
2023-03-27,2023-03-27,ANSALBU,X,74.0,74.0,67.0,70.8,66.92,36,73102,5117432.0
2023-03-27,2023-03-27,WEIZMANIND,B,81.73,84.25,80.15,81.66,83.72,97,375,30680.0
2023-03-27,2023-03-27,BNRSEC,X,34.9,35.05,33.26,33.92,34.92,50,2822,96223.0
2023-03-27,2023-03-27,RISHITECH,X,22.0,22.25,22.0,22.0,21.6,14,255,5610.0
2023-03-27,2023-03-27,SINCLAIR,X,99.75,99.75,95.55,96.01,97.27,75,5794,557422.0
2023-03-27,2023-03-27,SAFARI,B,1958.65,1971.65,1904.3,1926.0,1984.4,540,1989,3841571.0
2023-03-27,2023-03-27,JJFINCOR,XT,12.28,12.28,12.28,12.28,12.91,1,400,4912.0
2023-03-27,2023-03-27,COSMOFE,X,132.0,138.0,129.05,130.25,134.1,193,65345,8538356.0
2023-03-27,2023-03-27,SANCTRN,X,670.0,670.0,630.0,637.85,667.45,8,141,91981.0
2023-03-27,2023-03-27,THRIVE,X,49.1,50.0,49.0,49.5,51.0,16,5843,289097.0
2023-03-27,2023-03-27,EIHAHOTELS,B,392.8,393.75,388.2,391.1,395.1,89,940,367752.0
2023-03-27,2023-03-27,MEDICAPQ,X,34.96,34.96,32.05,33.54,34.17,91,5234,172829.0
2023-03-27,2023-03-27,OTCO,X,5.6,5.6,4.65,5.5,5.1,15,1607,8690.0
2023-03-27,2023-03-27,FOSECOC,X,869.0,887.7,845.0,852.25,859.5,52,545,469374.0
2023-03-27,2023-03-27,SIPINDUST,Z,6.43,6.43,6.43,6.43,6.43,4,18,115.0
2023-03-27,2023-03-27,BAPACK,XT,180.05,180.1,180.05,180.1,181.15,9,224,40334.0
2023-03-27,2023-03-27,ABAN,B,35.75,36.25,33.8,34.0,35.93,240,10369,360386.0
2023-03-27,2023-03-27,KOKUYOCMLN,B,69.0,70.45,68.0,68.18,69.04,177,7662,528295.0
2023-03-27,2023-03-27,BHARATSE,X,81.05,82.45,80.05,80.71,81.69,101,15156,1230106.0
2023-03-27,2023-03-27,CONTPTR,XT,40.2,42.33,40.01,40.01,41.3,9,1210,48710.0
2023-03-27,2023-03-27,NBFOOT,P,2.72,3.0,2.72,3.0,2.86,4,3300,9004.0
2023-03-27,2023-03-27,MACPLASQ,X,107.15,119.7,95.95,103.15,113.7,94,5757,625482.0
2023-03-27,2023-03-27,PEARLPOLY,B,19.75,19.8,18.77,18.81,19.75,320,6506,124026.0
2023-03-27,2023-03-27,VENKEYS,A,1564.95,1568.15,1485.1,1495.35,1559.9,1078,6933,10520390.0
2023-03-27,2023-03-27,ADVANIHOTR,B,69.0,69.12,67.6,68.71,69.87,205,6862,471507.0
2023-03-27,2023-03-27,GVFILM,X,0.41,0.41,0.37,0.38,0.41,5137,4291450,1675309.0
2023-03-27,2023-03-27,SUPERHOUSE,B,248.45,255.05,236.75,237.7,247.85,331,7235,1788019.0
2023-03-27,2023-03-27,RAMAVISION,X,38.8,39.47,38.0,38.52,38.02,24,1717,66368.0
2023-03-27,2023-03-27,TCPLPACK,B,1301.35,1308.7,1280.6,1280.75,1307.4,102,319,412457.0
2023-03-27,2023-03-27,SHRIGANG,XT,66.0,68.25,61.8,68.25,65.0,39,1246,84010.0
2023-03-27,2023-03-27,BALMLAWRIE,B,113.2,113.2,110.0,110.5,110.8,414,15651,1733082.0
2023-03-27,2023-03-27,KOVAI,B,1832.0,1852.3,1832.0,1846.45,1835.05,37,379,697910.0
2023-03-27,2023-03-27,ELDEHSG,B,581.25,582.85,562.65,567.7,577.3,103,1012,579169.0
2023-03-27,2023-03-27,DCMSHRIRAM,A,794.0,795.15,758.0,767.25,790.8,520,2672,2085515.0
2023-03-27,2023-03-27,DCMSRIND,B,62.0,62.63,58.9,59.14,62.29,224,23517,1425458.0
2023-03-27,2023-03-27,MAWANASUG,B,81.8,82.42,80.0,80.41,82.14,187,8435,681514.0
2023-03-27,2023-03-27,MINID,XT,18.9,19.4,18.1,19.4,18.5,6,324,5932.0
2023-03-27,2023-03-27,MAHAPEXLTD,B,93.0,94.2,91.95,94.15,93.25,17,152,14263.0
2023-03-27,2023-03-27,NILKAMAL,B,1775.9,1775.9,1746.0,1747.05,1778.9,44,99,174298.0
2023-03-27,2023-03-27,HOM,XT,0.33,0.33,0.33,0.33,0.33,6,18583,6132.0
2023-03-27,2023-03-27,NAHARPOLY,B,241.0,245.0,228.25,232.1,230.4,371,7239,1727682.0
2023-03-27,2023-03-27,3MINDIA,A,22290.0,22820.0,22244.25,22772.6,22190.65,132,189,4266196.0
2023-03-27,2023-03-27,BOSCH-HCIL,A,1095.95,1095.95,1051.0,1064.0,1085.55,564,3421,3668647.0
2023-03-27,2023-03-27,JMFINANCIL,A,60.81,61.27,59.15,59.48,61.04,1065,182364,10983805.0
2023-03-27,2023-03-27,ADCINDIA,X,580.0,591.95,556.05,571.05,584.35,104,2519,1437911.0
2023-03-27,2023-03-27,TNTELE,T,6.3,6.3,6.0,6.05,6.3,8,2269,13723.0
2023-03-27,2023-03-27,SUNRAJDI,Z,6.31,6.31,6.0,6.0,6.31,2,250,1515.0
2023-03-27,2023-03-27,RIIL,A,763.0,774.0,741.15,747.6,764.95,969,13043,9913214.0
2023-03-27,2023-03-27,SHARP,X,46.6,53.09,46.6,51.86,48.27,87,15550,793829.0
2023-03-27,2023-03-27,LINDEINDIA,A,4019.95,4019.95,3920.0,3944.45,3968.1,348,1514,5988839.0
2023-03-27,2023-03-27,INDBNK,B,23.35,26.95,23.35,26.33,25.14,38,2559,66227.0
2023-03-27,2023-03-27,JAIMATAG,XT,1.34,1.34,1.34,1.34,1.41,322,77712,104134.0
2023-03-27,2023-03-27,LOTUSCHO,X,210.4,214.85,199.9,199.9,210.4,419,10863,2191012.0
2023-03-27,2023-03-27,PACIFICI,X,115.0,116.95,114.1,115.7,115.35,71,31493,3626335.0
2023-03-27,2023-03-27,CMMHOSP,X,21.0,22.0,20.9,21.0,21.5,15,838,17649.0
2023-03-27,2023-03-27,UNIOFFICE,X,3.16,3.69,3.16,3.52,3.4,9,204,725.0
2023-03-27,2023-03-27,APMIN,X,48.0,48.0,46.04,46.84,48.03,89,8762,408160.0
2023-03-27,2023-03-27,PRECWIRE,B,63.29,63.7,60.25,62.11,63.29,240,18778,1158434.0
2023-03-27,2023-03-27,KRYPTONQ,X,19.7,20.0,19.3,19.6,19.93,38,8789,173794.0
2023-03-27,2023-03-27,SWISSMLTRY,X,12.48,12.89,11.31,12.48,12.0,857,538845,6607642.0
2023-03-27,2023-03-27,MARBU,X,35.5,37.95,35.5,36.54,36.73,16,1118,40544.0
2023-03-27,2023-03-27,FEL,Z,0.62,0.62,0.62,0.62,0.65,151,101452,62900.0
2023-03-27,2023-03-27,INDTONER,X,182.9,198.0,181.0,196.75,179.5,379,29472,5670565.0
2023-03-27,2023-03-27,KUNSTOFF,X,23.89,23.89,20.25,20.77,22.26,29,2755,58200.0
2023-03-27,2023-03-27,SCI,A,134.65,134.65,125.2,126.0,132.5,3347,260018,33246168.0
2023-03-27,2023-03-27,SIKA,X,589.8,589.8,566.0,566.85,580.9,59,1192,683270.0
2023-03-27,2023-03-27,ITI,A,95.0,96.3,89.25,90.37,97.84,1281,90325,8429450.0
2023-03-27,2023-03-27,DREDGECORP,B,294.95,295.65,285.05,285.95,295.05,615,3008,868277.0
2023-03-27,2023-03-27,PODDARHOUS,B,85.85,90.0,85.05,85.55,88.0,124,8427,730260.0
2023-03-27,2023-03-27,NFL,A,72.71,72.94,68.01,68.55,72.72,971,157166,11012460.0
2023-03-27,2023-03-27,IPRINGLTD,X,89.1,89.99,87.0,89.99,89.99,33,1129,100106.0
2023-03-27,2023-03-27,PIIND,A,2932.15,2957.85,2911.85,2918.7,2932.15,511,1866,5479446.0
2023-03-27,2023-03-27,PLASTIBLEN,B,150.05,150.15,142.3,144.7,150.0,193,2413,356798.0
2023-03-27,2023-03-27,YASHINNO,XT,55.89,55.89,51.6,52.32,54.31,63,7607,402731.0
2023-03-27,2023-03-27,KKPLASTICK,XT,11.0,11.0,11.0,11.0,11.45,2,51,561.0
2023-03-27,2023-03-27,WATERBASE,B,62.05,62.05,57.5,57.93,61.11,355,11533,680732.0
2023-03-27,2023-03-27,FLEXFO,X,77.01,80.05,73.05,74.33,77.91,169,22629,1698086.0
2023-03-27,2023-03-27,GOLKUNDIA,X,102.95,102.95,96.0,96.25,100.9,18,552,53308.0
2023-03-27,2023-03-27,APCOTEXIND,A,434.95,436.55,422.85,429.25,439.75,666,5752,2465303.0
2023-03-27,2023-03-27,FORTISMLR,X,52.5,52.5,49.5,50.73,52.0,18,1327,65767.0
2023-03-27,2023-03-27,MASTEK,A,1544.7,1553.75,1508.1,1543.0,1548.5,1329,7140,10885007.0
2023-03-27,2023-03-27,EIMCOELECO,B,339.85,351.0,335.05,339.05,347.1,232,1855,642918.0
2023-03-27,2023-03-27,SAYAJIHOTL,XT,310.05,315.0,307.0,308.0,312.0,5,106,33354.0
2023-03-27,2023-03-27,ASHIANA,B,147.0,152.95,145.6,149.45,146.65,399,6392,957691.0
2023-03-27,2023-03-27,SVAMSOF,X,2.9,2.91,2.8,2.8,2.89,28,6191,17839.0
2023-03-27,2023-03-27,ECOBOAR,X,20.63,20.63,19.0,19.11,19.87,32,6269,120810.0
2023-03-27,2023-03-27,DVL,B,254.4,254.4,219.95,222.2,225.0,87,754,167495.0
2023-03-27,2023-03-27,TIHIL,X,11.83,11.83,11.83,11.83,11.27,5,7751,91694.0
2023-03-27,2023-03-27,MAHEPC,B,88.95,90.4,86.13,87.9,89.44,380,97569,8647421.0
2023-03-27,2023-03-27,SREIINFRA,T,2.17,2.17,2.17,2.17,2.28,8,4484,9730.0
2023-03-27,2023-03-27,MITSHI,XT,11.85,11.85,11.85,11.85,11.85,3,500,5925.0
2023-03-27,2023-03-27,SHUKJEW,P,3.33,3.33,3.33,3.33,3.5,1,100,333.0
2023-03-27,2023-03-27,MAZDA,B,633.9,650.0,605.3,616.95,627.35,85,411,260052.0
2023-03-27,2023-03-27,VHLTD,Z,2.21,2.21,2.21,2.21,2.27,9,4800,10608.0
2023-03-27,2023-03-27,SOVERDIA,X,23.05,24.75,21.55,23.67,22.57,56,4453,103585.0
2023-03-27,2023-03-27,MENONBE,B,96.55,96.65,93.65,94.99,96.15,126,7479,704903.0
2023-03-27,2023-03-27,MUKATPIP,X,6.55,6.55,6.55,6.55,6.51,5,638,4178.0
2023-03-27,2023-03-27,GUJRAFFIA,T,25.5,25.5,24.05,24.2,24.71,5,585,14255.0
2023-03-27,2023-03-27,SIMPLEXINF,B,36.0,37.01,34.2,34.83,36.63,161,22844,808006.0
2023-03-27,2023-03-27,INNOVTEC,X,15.5,15.85,14.4,14.96,15.11,44,23462,349871.0
2023-03-27,2023-03-27,SUPTANERY,X,6.41,6.69,6.35,6.44,6.41,60,15695,100871.0
2023-03-27,2023-03-27,CONSTRONIC,XT,6.4,6.4,6.4,6.4,6.27,1,1,6.0
2023-03-27,2023-03-27,AXTEL,X,253.8,253.8,242.0,244.95,249.0,71,6181,1515752.0
2023-03-27,2023-03-27,GRANDOAK,XT,11.0,11.0,10.5,10.5,10.51,11,3027,31796.0
2023-03-27,2023-03-27,EASTINDIA,XT,1.1,1.1,1.0,1.09,1.05,38,32222,34905.0
2023-03-27,2023-03-27,APIL,X,20.05,20.05,19.19,19.19,20.05,8,519,9968.0
2023-03-27,2023-03-27,POONAWALLA,A,280.05,282.2,273.95,275.1,279.45,2997,116668,32339192.0
2023-03-27,2023-03-27,HINFLUR,B,9.14,9.5,8.67,8.73,9.28,37,7403,66369.0
2023-03-27,2023-03-27,KINGFA,B,1300.25,1300.25,1246.75,1263.1,1311.25,169,796,1013830.0
2023-03-27,2023-03-27,PATIDAR,X,8.5,8.5,8.48,8.48,8.12,5,230,1954.0
2023-03-27,2023-03-27,RAMAPHO,B,183.0,188.2,180.45,182.35,187.5,305,3203,583441.0
2023-03-27,2023-03-27,VENLONENT,X,4.2,4.2,3.6,3.66,3.98,37,7334,27338.0
2023-03-27,2023-03-27,POLYPLEX,A,1223.05,1224.5,1150.1,1162.85,1219.85,5523,42640,50582607.0
2023-03-27,2023-03-27,ALBERTDAVD,B,538.15,538.15,526.05,534.05,537.25,44,98,52197.0
2023-03-27,2023-03-27,HARLETH,XT,38.38,39.4,38.38,39.4,40.4,17,4660,178858.0
2023-03-27,2023-03-27,CARYSIL,A,549.0,549.0,522.25,525.85,548.75,533,4441,2388805.0
2023-03-27,2023-03-27,KABRAEXTRU,B,493.35,494.5,469.8,475.65,496.75,1097,8000,3850297.0
2023-03-27,2023-03-27,VINYLINDIA,B,347.0,347.0,330.0,331.2,342.05,322,3915,1309761.0
2023-03-27,2023-03-27,PCCOSMA,X,100.05,105.95,100.05,103.45,100.9,5,13,1353.0
2023-03-27,2023-03-27,TCMLMTD,XT,32.1,33.0,31.15,31.25,32.75,25,4373,139521.0
2023-03-27,2023-03-27,IOLCP,A,281.1,303.85,280.95,285.55,282.15,2424,57154,16741672.0
2023-03-27,2023-03-27,KESARPE,X,5.25,5.44,5.1,5.25,5.2,116,251374,1289754.0
2023-03-27,2023-03-27,VINATIORGA,A,1761.05,1789.4,1701.35,1725.45,1770.75,1251,5477,9572511.0
2023-03-27,2023-03-27,LACTOSE,X,47.85,49.49,40.0,42.0,48.0,55,8418,364661.0
2023-03-27,2023-03-27,AARTIIND,A,496.0,496.95,483.0,491.85,495.55,1741,31586,15534048.0
2023-03-27,2023-03-27,PNTKYOR,X,35.84,35.84,35.84,35.84,34.14,8,1015,36377.0
2023-03-27,2023-03-27,WANBURY,T,40.41,40.41,38.39,38.39,40.41,32,30345,1167869.0
2023-03-27,2023-03-27,RESONANCE,X,86.0,86.0,82.4,84.85,86.35,143,6850,579886.0
2023-03-27,2023-03-27,GAEL,A,237.1,238.0,229.05,231.5,239.65,1484,32968,7669321.0
2023-03-27,2023-03-27,RCF,A,95.4,95.6,91.45,92.12,95.39,3042,317391,29529127.0
2023-03-27,2023-03-27,GUJINJEC,XT,7.54,7.54,7.54,7.54,7.93,4,201,1515.0
2023-03-27,2023-03-27,KOPRAN,B,101.85,102.25,98.6,99.35,101.5,872,91343,9142486.0
2023-03-27,2023-03-27,AIMCOPEST,X,111.1,113.7,104.95,109.6,112.75,124,10036,1100550.0
2023-03-27,2023-03-27,GUJTERC,X,17.25,18.25,16.5,17.2,17.35,46,9072,161780.0
2023-03-27,2023-03-27,KABRADG,XT,5.57,5.57,5.57,5.57,5.57,2,110,612.0
2023-03-27,2023-03-27,SEYAIND,T,25.01,25.01,25.01,25.01,26.32,13,3882,97088.0
2023-03-27,2023-03-27,JAYAGROGN,B,156.75,156.75,150.1,151.3,156.05,120,2631,403422.0
2023-03-27,2023-03-27,BCLIND,B,408.95,415.25,403.35,408.6,409.2,419,4679,1908673.0
2023-03-27,2023-03-27,SHHARICH,X,42.8,44.2,42.8,44.2,45.1,8,4875,211936.0
2023-03-27,2023-03-27,INDOBORAX,B,112.0,112.0,99.9,100.3,107.7,610,18041,1841843.0
2023-03-27,2023-03-27,AARTIDRUGS,A,383.05,389.25,360.4,365.45,385.95,1786,32146,12138259.0
2023-03-27,2023-03-27,BODALCHEM,B,57.3,58.44,55.91,56.25,57.88,638,49705,2818426.0
2023-03-27,2023-03-27,ORCHPHARMA,T,377.5,392.5,377.5,389.6,391.1,24,359,138318.0
2023-03-27,2023-03-27,VIMTALABS,B,316.0,316.2,300.05,303.95,319.15,539,4462,1372409.0
2023-03-27,2023-03-27,BIOFILCHEM,B,38.7,41.89,38.7,40.31,41.81,45,850,34692.0
2023-03-27,2023-03-27,ISHITADR,X,41.1,49.7,41.1,45.07,47.93,23,868,40967.0
2023-03-27,2023-03-27,MARKSANS,A,70.14,72.17,70.0,71.09,70.66,2056,240145,17048763.0
2023-03-27,2023-03-27,UNIVSTAR,XT,111.25,115.0,111.15,111.15,117.0,18,780,87103.0
2023-03-27,2023-03-27,AAREYDRUGS,B,24.0,24.0,21.9,22.94,23.26,231,19518,438943.0
2023-03-27,2023-03-27,NORRIS,X,10.51,11.5,10.51,10.51,11.0,9,302,3236.0
2023-03-27,2023-03-27,ASINPET,XT,17.86,17.86,17.86,17.86,17.01,7,509,9090.0
2023-03-27,2023-03-27,CAMEXLTD,X,23.6,23.81,22.71,22.75,24.45,56,12033,280328.0
2023-03-27,2023-03-27,EVEXIA,XT,1.67,1.74,1.58,1.72,1.66,1119,3401603,5745583.0
2023-03-27,2023-03-27,INDOEURO,XT,21.9,21.9,20.0,20.54,21.0,15,351,7309.0
2023-03-27,2023-03-27,SYNCOMF,B,6.08,6.08,5.29,5.39,5.96,2536,1769216,9893530.0
2023-03-27,2023-03-27,RIDDHI,X,342.0,349.9,334.0,334.2,340.5,47,2390,827107.0
2023-03-27,2023-03-27,SVCIND,XT,2.05,2.2,2.03,2.13,2.1,90,34522,72123.0
2023-03-27,2023-03-27,IPCALAB,A,781.5,796.1,780.0,789.9,780.85,1259,5399,4264488.0
2023-03-27,2023-03-27,KILITCH,B,151.4,156.65,144.2,145.25,152.3,207,2559,384367.0
2023-03-27,2023-03-27,CORALAB,X,231.0,233.45,218.0,221.05,231.85,62,2162,483501.0
2023-03-27,2023-03-27,BACPHAR,XT,5.55,5.9,5.34,5.34,5.62,34,1255,7367.0
2023-03-27,2023-03-27,KREBSBIO,B,60.3,62.0,54.1,56.22,60.93,212,35795,2120389.0
2023-03-27,2023-03-27,KMCSHIL,X,58.42,59.0,57.0,57.77,58.21,397,31444,1822447.0
2023-03-27,2023-03-27,LAFFANSQ,X,41.0,41.0,37.22,37.3,41.01,8,236,8992.0
2023-03-27,2023-03-27,BHASKAGR,XT,68.7,68.7,68.59,68.59,72.2,18,130,8916.0
2023-03-27,2023-03-27,SUKHJITS,B,368.15,383.4,362.0,372.1,371.65,357,4884,1807417.0
2023-03-27,2023-03-27,NEULANDLAB,B,1672.05,1699.0,1649.95,1672.3,1664.0,572,51994,86942799.0
2023-03-27,2023-03-27,GAYATRIBI,XT,8.15,8.25,7.75,8.19,7.95,44,14762,118517.0
2023-03-27,2023-03-27,PODDARMENT,B,253.15,254.3,251.05,251.6,253.45,122,235,59340.0
2023-03-27,2023-03-27,PHARMAID,XT,21.81,22.5,21.81,21.81,22.95,41,7047,153860.0
2023-03-27,2023-03-27,VIVIDIND,X,19.75,19.95,18.75,19.01,19.19,32,8531,164512.0
2023-03-27,2023-03-27,PRIYALT,XT,18.94,18.94,18.94,18.94,18.95,1,40,757.0
2023-03-27,2023-03-27,TIRUSTA,XT,66.6,66.6,60.5,60.55,63.5,13,696,42838.0
2023-03-27,2023-03-27,HEMORGANIC,X,7.2,7.4,7.07,7.12,7.44,41,2852,20427.0
2023-03-27,2023-03-27,JAYSYNTH,X,4.55,4.55,4.55,4.55,4.77,1,200,910.0
2023-03-27,2023-03-27,AEONXDIGI,X,82.0,83.8,77.95,80.34,83.18,19,902,73138.0
2023-03-27,2023-03-27,AKSHARCHEM,B,219.0,219.0,205.55,207.6,218.45,182,3777,789807.0
2023-03-27,2023-03-27,BERLDRG,X,12.8,12.8,12.8,12.8,12.35,2,7,89.0
2023-03-27,2023-03-27,INDXTRA,XT,77.33,82.0,76.0,81.0,78.91,13,823,66002.0
2023-03-27,2023-03-27,ISTRNETWK,X,2.0,2.02,2.0,2.0,1.93,16,5071,10142.0
2023-03-27,2023-03-27,GAGAN,X,10.1,10.85,10.1,10.85,10.4,3,101,1020.0
2023-03-27,2023-03-27,SHUKRAPHAR,XT,60.48,60.48,54.72,54.72,57.6,42,2405,138145.0
2023-03-27,2023-03-27,ALUFLUOR,X,296.2,309.5,296.2,299.6,308.45,141,8728,2630223.0
2023-03-27,2023-03-27,OXYGENTAPH,XT,38.52,38.52,36.6,36.6,38.52,3,1600,58752.0
2023-03-27,2023-03-27,ARCHITORG,X,64.15,66.5,56.0,58.96,64.04,437,69873,4333516.0
2023-03-27,2023-03-27,SIKOZY,X,0.86,0.9,0.83,0.9,0.86,17,8127,6955.0
2023-03-27,2023-03-27,INDOAMIN,B,75.0,78.37,72.38,72.67,75.97,560,15182,1127500.0
2023-03-27,2023-03-27,INDSWFTLTD,B,7.13,7.17,6.85,7.0,7.13,21,5059,35450.0
2023-03-27,2023-03-27,NATCAPSUQ,X,381.65,404.75,381.65,391.65,397.85,244,7303,2877358.0
2023-03-27,2023-03-27,WELCURE,X,3.91,3.95,3.66,3.77,3.91,164,27615,104876.0
2023-03-27,2023-03-27,BIBCL,B,23.55,23.55,22.05,22.37,23.17,283,88289,1986230.0
2023-03-27,2023-03-27,SOTL,B,247.95,247.95,235.05,237.0,248.35,741,7159,1721034.0
2023-03-27,2023-03-27,HESTERBIO,B,1671.55,1675.8,1589.3,1644.2,1681.35,201,1080,1765853.0
2023-03-27,2023-03-27,KABSON,XT,8.85,9.38,8.5,9.1,8.94,43,7489,66093.0
2023-03-27,2023-03-27,BASANTGL,X,16.08,16.25,15.91,16.04,16.08,468,54686,880874.0
2023-03-27,2023-03-27,PARENTDRUGS,Z,4.56,4.56,4.34,4.34,4.56,3,3025,13733.0
2023-03-27,2023-03-27,SANDUPHQ,X,56.4,56.4,51.25,52.2,54.04,37,1462,77299.0
2023-03-27,2023-03-27,NACLIND,B,80.1,86.5,80.02,83.53,80.37,312,25319,2109290.0
2023-03-27,2023-03-27,VISTAPH,X,9.02,9.63,8.74,8.74,9.2,50,10712,94536.0
2023-03-27,2023-03-27,SUNPHARMA,A,980.05,991.0,963.95,983.95,972.8,4318,79013,77585984.0
2023-03-27,2023-03-27,TITANBIO,X,202.2,207.9,200.1,203.75,205.4,283,13838,2811983.0
2023-03-27,2023-03-27,SDL,X,12.1,12.1,12.1,12.1,12.1,1,10,121.0
2023-03-27,2023-03-27,JENBURPH,X,672.0,697.95,672.0,688.65,683.2,14,105,72219.0
2023-03-27,2023-03-27,HIKAL,A,279.45,280.65,260.7,262.6,281.55,2635,56817,15432805.0
2023-03-27,2023-03-27,CAPLIPOINT,A,598.0,605.3,588.4,590.95,598.4,1215,12717,7561518.0
2023-03-27,2023-03-27,LINKPH,X,38.17,38.17,36.0,37.3,36.36,23,879,33187.0
2023-03-27,2023-03-27,DECIPHER,X,15.5,16.0,15.1,15.37,16.02,282,66801,1033402.0
2023-03-27,2023-03-27,EMMESSA,X,22.3,26.5,22.3,25.2,24.47,19,2082,48495.0
2023-03-27,2023-03-27,NGLFINE,B,1237.7,1258.35,1202.75,1216.2,1241.2,93,348,428001.0
2023-03-27,2023-03-27,EVERESTO,X,99.0,101.5,99.0,100.95,100.18,66,6937,695245.0
2023-03-27,2023-03-27,AUROPHARMA,A,497.0,518.85,497.0,510.95,500.2,4387,142578,73071872.0
2023-03-27,2023-03-27,PHYTO,X,25.79,28.49,25.79,28.37,27.14,73,12537,353922.0
2023-03-27,2023-03-27,NATCOPHARM,A,522.15,555.15,522.15,549.05,536.45,1659,29072,15699184.0
2023-03-27,2023-03-27,DYNAMIND,X,57.5,65.0,57.5,59.99,62.06,27,6206,373510.0
2023-03-27,2023-03-27,PANAMAPET,B,280.3,282.9,273.2,275.6,283.55,330,6350,1771574.0
2023-03-27,2023-03-27,BALPHARMA,B,70.45,70.45,67.25,67.56,69.41,89,1288,88037.0
2023-03-27,2023-03-27,BDH,X,110.15,113.35,108.1,109.75,112.8,91,5567,611025.0
2023-03-27,2023-03-27,JAUSPOL,X,4.0,4.0,4.0,4.0,3.81,4,2738,10952.0
2023-03-27,2023-03-27,GLOBUSCON,X,10.41,10.41,10.01,10.1,10.41,81,8859,90118.0
2023-03-27,2023-03-27,CUBEXTUB,B,27.6,27.85,26.17,26.51,28.33,183,5373,143737.0
2023-03-27,2023-03-27,POLYCHMP,X,62.0,62.0,57.0,57.55,57.67,18,1356,77956.0
2023-03-27,2023-03-27,STELLANT,XT,10.77,10.77,10.77,10.77,10.26,1,54,581.0
2023-03-27,2023-03-27,GALXBRG,XT,931.0,933.0,900.0,914.35,927.5,184,1486,1352106.0
2023-03-27,2023-03-27,SCAGRO,XT,9.6,9.6,9.07,9.4,9.54,12,991,9257.0
2023-03-27,2023-03-27,SATVAHISPAT,T,2.48,2.48,2.28,2.28,2.4,23,177400,409626.0
2023-03-27,2023-03-27,RALEGRA,X,31.21,36.99,31.21,34.06,33.51,16,311,10340.0
2023-03-27,2023-03-27,UNRYLMA,XT,8.3,8.3,8.3,8.3,8.68,3,100,830.0
2023-03-27,2023-03-27,SHERVANI,X,350.0,350.05,337.0,343.0,350.05,10,349,119876.0
2023-03-27,2023-03-27,BNAGROCHEM,XT,46.35,46.35,46.35,46.35,46.35,4,655,30359.0
2023-03-27,2023-03-27,SUPERTEX,X,10.55,10.55,9.9,10.29,10.33,14,26070,268795.0
2023-03-27,2023-03-27,SHETR,X,59.99,59.99,54.05,54.6,57.51,28,1707,94227.0
2023-03-27,2023-03-27,TRABI,XT,2.53,2.55,2.32,2.49,2.43,55,85709,210865.0
2023-03-27,2023-03-27,MPL,X,14.8,14.8,13.51,13.78,14.52,87,5462,75122.0
2023-03-27,2023-03-27,NIKHILAD,X,100.2,102.5,97.0,97.55,100.8,700,25677,2539546.0
2023-03-27,2023-03-27,MULTIBASE,X,189.2,189.2,182.35,183.15,187.4,36,7591,1410688.0
2023-03-27,2023-03-27,ANDREWYU,B,20.06,20.33,19.0,19.28,19.9,212,59241,1160256.0
2023-03-27,2023-03-27,LUDLOWJUT,X,81.6,82.95,78.3,79.4,79.62,321,20867,1687924.0
2023-03-27,2023-03-27,ASHRAM,XT,3.0,3.0,3.0,3.0,2.95,1,1,3.0
2023-03-27,2023-03-27,ROYALCU,XT,10.02,10.02,9.1,9.5,9.56,26,5239,52246.0
2023-03-27,2023-03-27,NOGMIND,XT,2.44,2.44,2.44,2.44,2.56,10,930,2269.0
2023-03-27,2023-03-27,SURJIND,X,106.0,113.0,106.0,107.95,110.4,15,437,47441.0
2023-03-27,2023-03-27,HITECHCORP,B,165.25,165.8,160.0,160.55,165.75,11,312,51416.0
2023-03-27,2023-03-27,BLOOM,X,11.4,11.4,11.0,11.0,11.4,3,10,112.0
2023-03-27,2023-03-27,FILATEX,A,37.08,37.08,34.25,35.15,35.99,565,50364,1766088.0
2023-03-27,2023-03-27,STDSFAC,XT,56.55,56.55,53.68,53.68,56.5,21,604,32667.0
2023-03-27,2023-03-27,MORGAN,X,33.83,36.35,33.82,33.82,35.6,35,48239,1636003.0
2023-03-27,2023-03-27,AMRAPLIN,X,12.4,12.4,11.05,11.98,12.0,13,66164,760311.0
2023-03-27,2023-03-27,PREMEXPLN,B,398.25,408.45,383.4,388.25,401.55,75,1224,481695.0
2023-03-27,2023-03-27,MOLDTECH,B,222.0,233.65,222.0,229.1,232.85,843,19020,4341207.0
2023-03-27,2023-03-27,CRSTCHM,XT,128.9,129.2,116.9,116.9,123.05,79,2793,340652.0
2023-03-27,2023-03-27,MPHASIS,A,1749.95,1768.0,1717.3,1724.05,1737.9,2619,20137,35169568.0
2023-03-27,2023-03-27,MEDINOV,XT,20.2,20.2,19.6,19.62,20.2,10,1350,26605.0
2023-03-27,2023-03-27,DIVSHKT,X,67.07,69.29,66.0,67.0,69.34,33,1373,91656.0
2023-03-27,2023-03-27,ORIENTLTD,B,61.17,61.3,58.7,59.05,61.56,132,1540,91726.0
2023-03-27,2023-03-27,SHREYASI,X,6.95,7.43,6.75,6.78,7.08,22,4386,30262.0
2023-03-27,2023-03-27,PANJON,X,13.48,13.48,12.35,12.42,12.9,34,4447,57419.0
2023-03-27,2023-03-27,DUROPACK,XT,75.71,75.71,74.0,75.71,72.11,108,6642,502430.0
2023-03-27,2023-03-27,SWARNSAR,X,17.5,17.9,16.61,16.86,18.13,87,31456,548121.0
2023-03-27,2023-03-27,GANESHHOU,B,306.8,306.8,281.7,286.35,304.3,313,4207,1226104.0
2023-03-27,2023-03-27,NMDC,A,108.3,109.65,107.1,107.35,108.4,5206,605148,65590242.0
2023-03-27,2023-03-27,CINDHO,X,46.15,46.17,41.81,42.0,43.98,23,515,23110.0
2023-03-27,2023-03-27,PATINTLOG,B,11.36,11.43,10.9,11.11,11.64,1002,59756,669177.0
2023-03-27,2023-03-27,ALPHAGEO,B,213.95,214.75,205.0,205.8,213.9,174,1618,338060.0
2023-03-27,2023-03-27,HAMPTON,X,39.59,39.59,37.71,37.71,38.82,29,883,33498.0
2023-03-27,2023-03-27,KKALPANAIND,X,11.94,11.94,10.1,10.72,11.68,167,19081,208741.0
2023-03-27,2023-03-27,OKPLA,XT,89.0,89.0,84.76,84.76,89.22,132,25080,2133061.0
2023-03-27,2023-03-27,KRITI,B,108.25,111.0,108.0,109.19,109.02,215,2570,280787.0
2023-03-27,2023-03-27,WELTI,XT,10.22,10.74,10.22,10.22,10.75,14,798,8163.0
2023-03-27,2023-03-27,ASMTEC,X,386.0,390.9,370.0,372.45,389.85,252,5771,2195506.0
2023-03-27,2023-03-27,PERFEPA,X,49.02,54.0,49.02,53.8,51.6,19,249,12844.0
2023-03-27,2023-03-27,AMBIT,XT,6.55,6.89,6.55,6.89,6.89,24,5090,33999.0
2023-03-27,2023-03-27,VISIONCINE,X,0.69,0.73,0.69,0.69,0.72,40,17908,12410.0
2023-03-27,2023-03-27,INDRANIB,X,60.55,60.55,54.8,58.61,59.36,209,60141,3455283.0
2023-03-27,2023-03-27,EUROLED,XT,19.0,19.58,19.0,19.0,19.98,13,1374,26206.0
2023-03-27,2023-03-27,WINSOMBR,XT,11.45,11.45,10.64,10.64,11.19,49,6428,68518.0
2023-03-27,2023-03-27,ELEFLOR,X,6.35,6.89,6.01,6.24,6.44,240,44957,289886.0
2023-03-27,2023-03-27,SAENTER,XT,37.5,37.5,37.5,37.5,39.2,3,201,7537.0
2023-03-27,2023-03-27,SKYIND,X,60.22,68.54,60.22,64.59,62.53,16,227,14663.0
2023-03-27,2023-03-27,PHOENXINTL,XT,20.55,21.49,20.52,21.49,21.6,14,766,15901.0
2023-03-27,2023-03-27,PRATIK,XT,7.83,7.83,7.83,7.83,8.24,6,760,5950.0
2023-03-27,2023-03-27,RISHIROOP,X,91.36,91.36,88.55,88.99,91.36,49,4932,440102.0
2023-03-27,2023-03-27,PROMACT,X,2.94,2.94,2.9,2.9,2.8,5,2200,6452.0
2023-03-27,2023-03-27,STRGRENWO,X,37.05,37.05,34.0,34.0,35.29,22,2309,81579.0
2023-03-27,2023-03-27,DOLPHMED,XT,1.65,1.73,1.57,1.57,1.65,37,14193,23169.0
2023-03-27,2023-03-27,SYSTMTXC,X,249.35,249.35,230.5,236.25,239.5,8,11033,2701268.0
2023-03-27,2023-03-27,SHAHISHIP,XT,4.5,4.54,4.12,4.54,4.33,23,42967,193068.0
2023-03-27,2023-03-27,ALPINEHOU,X,117.15,120.0,114.0,118.3,117.15,121,21685,2550072.0
2023-03-27,2023-03-27,SANGHIIND,B,63.5,65.43,61.5,61.89,64.62,325,15999,1010071.0
2023-03-27,2023-03-27,WWALUM,XT,14.7,15.5,14.07,14.1,14.81,7,411,5910.0
2023-03-27,2023-03-27,SFPIL,XT,12.98,12.98,12.98,12.98,12.37,2,170,2206.0
2023-03-27,2023-03-27,SGLRES,X,7.18,7.18,6.7,6.76,6.86,51,222594,1538265.0
2023-03-27,2023-03-27,CHOKSILA,X,32.65,34.49,31.5,34.49,32.66,5,19,612.0
2023-03-27,2023-03-27,CCHHL,B,6.41,6.75,6.1,6.26,6.57,851,32050,196764.0
2023-03-27,2023-03-27,LONTE,XT,23.5,23.5,22.6,23.5,23.5,7,515,12098.0
2023-03-27,2023-03-27,ENTRINT,X,16.36,16.36,16.36,16.36,16.36,3,8,130.0
2023-03-27,2023-03-27,TECHIN,B,7.45,7.64,7.0,7.08,7.64,228,6036,44126.0
2023-03-27,2023-03-27,TPLPLASTEH,B,33.95,33.95,28.5,28.5,28.77,31,2669,76227.0
2023-03-27,2023-03-27,WIMPLAST,X,381.05,387.0,380.0,383.05,380.75,100,12805,4909686.0
2023-03-27,2023-03-27,PHOTOQUP,X,18.18,19.13,18.18,18.2,19.13,11,5752,104772.0
2023-03-27,2023-03-27,LIBERTSHOE,B,196.65,198.25,190.0,190.55,196.7,529,9470,1820189.0
2023-03-27,2023-03-27,ELECTHERM,B,56.0,56.0,48.0,52.57,55.5,188,9896,523531.0
2023-03-27,2023-03-27,BLUEDART,A,6050.0,6115.55,5992.7,6058.7,6074.35,207,394,2376326.0
2023-03-27,2023-03-27,EXPOEAPL,X,11.51,11.99,11.0,11.43,11.5,29,1358,15659.0
2023-03-27,2023-03-27,NATPLAS,X,38.13,39.85,35.2,36.02,38.13,63,6948,253721.0
2023-03-27,2023-03-27,MFLINDIA,X,0.69,0.69,0.62,0.64,0.67,1590,1218294,780294.0
2023-03-27,2023-03-27,TEXELIN,X,38.0,40.49,38.0,38.12,38.72,40,31514,1211691.0
2023-03-27,2023-03-27,RAYALEMA,XT,28.91,28.91,26.75,27.9,27.66,25,5742,154013.0
2023-03-27,2023-03-27,MIRZAINT,A,261.95,272.55,253.9,260.65,260.05,3557,131991,34588852.0
2023-03-27,2023-03-27,TFCILTD,B,68.11,68.11,67.32,67.74,68.48,141,17468,1182476.0
2023-03-27,2023-03-27,THAKDEV,X,136.7,136.9,127.0,128.35,136.7,49,2084,268739.0
2023-03-27,2023-03-27,ARENTERP,B,29.67,30.96,29.67,29.67,31.13,49,393,11699.0
2023-03-27,2023-03-27,BIL,B,172.65,172.65,159.3,163.15,171.1,51,549,91026.0
2023-03-27,2023-03-27,KAMATHOTEL,B,125.6,126.5,119.45,120.25,125.45,169,2423,295144.0
2023-03-27,2023-03-27,KEEPLEARN,T,3.0,3.15,3.0,3.03,3.01,9,10293,31426.0
2023-03-27,2023-03-27,UNIVAFOODS,T,6.97,6.97,6.63,6.63,6.97,20,32600,226427.0
2023-03-27,2023-03-27,POLOHOT,XT,13.0,13.12,11.9,13.03,12.5,89,45684,587279.0
2023-03-27,2023-03-27,ECOPLAST,X,76.65,78.0,76.65,76.65,79.0,4,201,15541.0
2023-03-27,2023-03-27,ELEMARB,X,107.5,115.0,99.9,100.0,114.0,82,10610,1067131.0
2023-03-27,2023-03-27,ADARSHPL,XT,21.22,21.22,20.57,21.22,21.65,24,1784,36710.0
2023-03-27,2023-03-27,HPBL,Z,205.0,211.0,201.0,201.0,205.0,12,265,54247.0
2023-03-27,2023-03-27,NICCOPAR,X,116.0,118.0,112.75,114.75,113.45,72,1394,160199.0
2023-03-27,2023-03-27,NTCIND,X,73.65,79.2,73.65,74.34,76.49,48,1027,76784.0
2023-03-27,2023-03-27,SANDESH,B,1020.0,1020.0,914.05,927.1,992.0,272,799,763166.0
2023-03-27,2023-03-27,GARNET,X,10.4,10.95,10.4,10.72,10.65,48,19694,210725.0
2023-03-27,2023-03-27,GOLDIAM,B,130.55,131.9,124.15,125.75,130.8,693,16010,2045498.0
2023-03-27,2023-03-27,BRIGHTBR,X,151.05,151.05,146.05,147.3,151.05,22,1023,151783.0
2023-03-27,2023-03-27,CORPOCO,XT,4.25,4.25,4.18,4.18,4.3,11,281,1178.0
2023-03-27,2023-03-27,SHAWGELTIN,X,285.0,295.8,280.0,290.5,284.55,423,21110,6150024.0
2023-03-27,2023-03-27,PGFOILQ,XT,147.15,150.15,143.45,145.25,150.15,100,8684,1276174.0
2023-03-27,2023-03-27,GRATEXI,XT,17.11,17.11,17.11,17.11,18.01,1,5,85.0
2023-03-27,2023-03-27,VELHO,X,6.17,6.17,5.6,5.71,5.89,17,976,5664.0
2023-03-27,2023-03-27,HOWARHO,X,8.2,8.2,7.6,7.6,8.0,5,315,2399.0
2023-03-27,2023-03-27,PRESSURS,X,6.7,6.89,6.47,6.47,6.81,249,64071,416464.0
2023-03-27,2023-03-27,VALIANT,X,133.35,133.35,123.9,126.95,133.35,20,865,110018.0
2023-03-27,2023-03-27,DRAGARWQ,X,978.95,978.95,931.0,955.7,955.7,42,257,244902.0
2023-03-27,2023-03-27,MHSGRMS,ZP,6.13,6.13,6.13,6.13,6.45,4,4200,25746.0
2023-03-27,2023-03-27,GREENPLY,B,139.25,140.35,138.0,138.45,139.0,454,9742,1350983.0
2023-03-27,2023-03-27,UNQTYMI,XT,8.9,8.9,8.9,8.9,8.9,3,17,151.0
2023-03-27,2023-03-27,SEAMECLTD,B,636.1,643.6,612.65,616.95,636.1,167,1895,1200394.0
2023-03-27,2023-03-27,RAGHUNAT,XT,10.75,11.87,10.75,10.86,11.31,22,1260,13675.0
2023-03-27,2023-03-27,CHEVIOT,B,1020.0,1058.0,1013.7,1016.9,1015.0,175,435,447503.0
2023-03-27,2023-03-27,DAICHI,X,369.4,369.8,344.0,359.9,358.3,118,3069,1084548.0
2023-03-27,2023-03-27,SPICEISLIN,X,7.98,7.98,7.6,7.6,7.98,10,567,4392.0
2023-03-27,2023-03-27,CONFIPET,B,59.8,60.58,56.0,57.08,58.9,995,85308,4987315.0
2023-03-27,2023-03-27,SIPL,X,10.93,10.93,10.93,10.93,11.5,4,40,437.0
2023-03-27,2023-03-27,ASHSI,X,19.6,19.6,17.64,18.38,19.6,82,12629,225573.0
2023-03-27,2023-03-27,BANARBEADS,B,81.11,81.11,79.0,79.0,79.67,68,2155,170888.0
2023-03-27,2023-03-27,AREXMIS,X,89.8,89.8,79.2,82.01,88.0,16,1791,146952.0
2023-03-27,2023-03-27,BI,X,44.32,46.0,43.06,43.69,44.32,223,33851,1511223.0
2023-03-27,2023-03-27,ISFL,X,1.98,2.04,1.91,1.94,1.98,369,170049,334054.0
2023-03-27,2023-03-27,RISHILASE,XT,23.0,23.98,22.13,23.4,23.29,61,12075,274472.0
2023-03-27,2023-03-27,JAINCO,X,3.5,3.5,3.5,3.5,3.5,6,341,1193.0
2023-03-27,2023-03-27,KUMPFIN,XT,15.68,15.68,15.68,15.68,14.94,3,600,9408.0
2023-03-27,2023-03-27,INTECCAP,X,15.8,17.19,15.79,15.79,17.54,28,4556,73296.0
2023-03-27,2023-03-27,RAJSEC,X,7.94,7.94,7.12,7.25,7.64,20,568,4311.0
2023-03-27,2023-03-27,63MOONS,B,175.05,187.9,172.35,177.85,175.75,1602,35939,6490312.0
2023-03-27,2023-03-27,SARLAPOLY,B,34.7,35.0,32.7,32.82,34.89,536,30292,1016224.0
2023-03-27,2023-03-27,INDOCRED,XT,1.98,1.98,1.98,1.98,1.98,2,500,990.0
2023-03-27,2023-03-27,MKTCREAT,X,9.09,9.09,8.52,9.09,9.09,10,360,3268.0
2023-03-27,2023-03-27,HFIL,X,21.1,21.65,19.35,19.74,21.29,396,66002,1340172.0
2023-03-27,2023-03-27,SONALAD,X,58.0,61.18,58.0,61.18,58.27,126,13198,800555.0
2023-03-27,2023-03-27,21STCENMGM,B,19.52,19.99,19.52,19.99,19.6,34,7485,149346.0
2023-03-27,2023-03-27,HRYNSHP,X,68.0,68.0,59.55,59.88,62.9,63,4588,285568.0
2023-03-27,2023-03-27,TYROON,X,93.0,95.0,90.55,90.6,93.5,12,231,21339.0
2023-03-27,2023-03-27,LAOPALA,A,328.0,338.5,327.1,333.0,333.95,270,2159,715816.0
2023-03-27,2023-03-27,STYLAMIND,B,1027.15,1027.15,946.95,967.15,984.6,310,1507,1460483.0
2023-03-27,2023-03-27,VENUSREM,B,162.75,177.0,162.75,165.5,165.9,130,5551,924557.0
2023-03-27,2023-03-27,LASTMILE,XT,93.25,93.5,93.25,93.25,98.15,9,198,18468.0
2023-03-27,2023-03-27,GUJCRAFT,X,72.35,74.99,68.11,70.89,72.35,26,566,40235.0
2023-03-27,2023-03-27,HEERAISP,Z,11.9,11.9,11.37,11.9,11.9,9,2803,32231.0
2023-03-27,2023-03-27,DHOOTIN,X,59.5,61.0,55.56,55.96,59.65,66,10438,596806.0
2023-03-27,2023-03-27,SHBAJRG,X,174.2,174.2,151.4,157.95,170.75,112,10778,1727556.0
2023-03-27,2023-03-27,ASHOKRE,P,8.08,8.08,8.08,8.08,8.5,2,200,1616.0
2023-03-27,2023-03-27,URJA,B,6.85,6.86,6.33,6.44,6.75,2828,1021738,6616706.0
2023-03-27,2023-03-27,ASHAPURMIN,B,114.0,115.1,107.5,108.2,114.4,1898,73575,8156040.0
2023-03-27,2023-03-27,SHREEPAC,X,95.0,103.85,95.0,102.35,98.95,25,892,89531.0
2023-03-27,2023-03-27,GUJALKALI,A,573.15,584.45,564.75,568.95,584.95,1344,16527,9441324.0
2023-03-27,2023-03-27,INDIACEM,A,175.0,175.8,171.1,172.15,175.25,1608,118797,20493335.0
2023-03-27,2023-03-27,JKTYRE,A,155.2,156.25,150.7,152.3,155.15,3402,282733,43245581.0
2023-03-27,2023-03-27,MANGCHEFER,B,94.0,98.76,94.0,94.87,98.76,305,6496,621100.0
2023-03-27,2023-03-27,SIL,T,27.38,27.38,25.91,26.15,27.27,256,30635,806685.0
2023-03-27,2023-03-27,JUBLPHARMA,A,277.8,289.75,277.8,281.5,281.45,1211,20845,5869944.0
2023-03-27,2023-03-27,THEINVEST,B,72.6,73.4,70.05,70.17,71.03,62,3336,234772.0
2023-03-27,2023-03-27,SAMYAKINT,XT,19.48,21.49,19.48,20.9,20.5,30,15426,322629.0
2023-03-27,2023-03-27,AADIIND,X,3.51,3.51,3.48,3.48,3.75,18,1421,4984.0
2023-03-27,2023-03-27,SANTOSHF,XT,13.9,13.97,13.05,13.97,13.31,13,326,4390.0
2023-03-27,2023-03-27,ACKNIT,X,138.15,139.75,137.65,139.15,138.15,9,445,61776.0
2023-03-27,2023-03-27,TITANSEC,X,16.0,16.35,15.55,15.79,15.79,97,6037,95993.0
2023-03-27,2023-03-27,MOHOTAIND,Z,4.21,4.21,4.18,4.18,4.39,29,53172,223117.0
2023-03-27,2023-03-27,HRMNYCP,XT,12.58,12.58,12.58,12.58,11.99,2,510,6415.0
2023-03-27,2023-03-27,VIVANZA,XT,18.8,18.8,18.8,18.8,197.45,2,115,2162.0
2023-03-27,2023-03-27,YASHRAJC,X,10.0,10.23,9.8,10.17,9.79,33,2266,22905.0
2023-03-27,2023-03-27,CSLFINANCE,B,206.5,210.0,199.8,205.25,203.8,94,1353,277800.0
2023-03-27,2023-03-27,SANGHVIMOV,B,345.4,345.4,315.4,321.2,340.15,1312,24916,8079751.0
2023-03-27,2023-03-27,ANTELOPUS,B,259.55,259.75,241.1,243.0,256.4,209,3783,949001.0
2023-03-27,2023-03-27,PURETROP,X,99.0,101.45,98.3,100.1,99.3,58,14064,1412866.0
2023-03-27,2023-03-27,FAZE3Q,B,302.9,304.9,277.55,288.85,300.45,668,13262,3948688.0
2023-03-27,2023-03-27,PRADHIN,X,29.5,29.5,27.55,29.41,29.0,9,1201,35039.0
2023-03-27,2023-03-27,ANUPAM,X,1.61,1.61,1.51,1.54,1.6,328,99149,153513.0
2023-03-27,2023-03-27,RAJPACK,X,48.25,52.95,47.01,50.06,50.0,26,10181,488239.0
2023-03-27,2023-03-27,PRIVISCL,A,1044.1,1053.85,1002.85,1038.05,1045.35,759,5633,5800956.0
2023-03-27,2023-03-27,NATRAJPR,XT,40.5,40.5,38.1,39.32,40.0,30,2730,107503.0
2023-03-27,2023-03-27,SAMRATPH,X,400.0,409.45,365.25,367.45,403.95,681,13897,5223394.0
2023-03-27,2023-03-27,NILE,X,499.95,499.95,478.55,481.75,491.0,53,948,458490.0
2023-03-27,2023-03-27,UDAICEMENT,B,27.5,27.5,25.1,25.28,26.61,855,99928,2582419.0
2023-03-27,2023-03-27,AMCOIND,X,57.99,57.99,56.0,56.94,55.03,9,5712,320127.0
2023-03-27,2023-03-27,OPTIEMUS,A,208.55,209.5,196.2,197.5,209.05,1170,108296,21828189.0
2023-03-27,2023-03-27,KREONFIN,X,37.01,39.99,34.74,38.8,38.27,39,7758,292392.0
2023-03-27,2023-03-27,GYANDEV,XT,5.86,5.86,5.86,5.86,5.59,3,250,1465.0
2023-03-27,2023-03-27,KISAN,X,7.2,7.2,6.65,6.72,6.91,87,24121,163437.0
2023-03-27,2023-03-27,VIJAYTX,X,29.95,31.3,28.1,28.64,28.9,29,2391,71213.0
2023-03-27,2023-03-27,KERALAYUR,X,89.5,89.5,82.0,83.99,88.66,78,5310,441594.0
2023-03-27,2023-03-27,MONGIPA,XT,18.96,18.96,18.96,18.96,19.95,10,1749,33161.0
2023-03-27,2023-03-27,MOHITPPR,XT,17.35,17.35,17.1,17.2,17.98,10,2763,47644.0
2023-03-27,2023-03-27,DAULAT,X,19.33,20.92,19.33,20.09,20.34,23,824,16236.0
2023-03-27,2023-03-27,OSCARGLO,XT,8.86,8.86,8.86,8.86,8.44,2,1405,12448.0
2023-03-27,2023-03-27,ODYSSEY,X,55.49,55.49,52.5,52.7,54.14,35,3213,170357.0
2023-03-27,2023-03-27,VKGLOBAL,XT,23.73,23.73,23.73,23.73,23.73,2,110,2610.0
2023-03-27,2023-03-27,RSCINT,XT,4.36,4.36,4.36,4.36,4.58,3,6,26.0
2023-03-27,2023-03-27,SURATRAML,X,6.2,6.41,5.93,6.1,6.33,1108,262832,1591330.0
2023-03-27,2023-03-27,ATHARVENT,X,2.54,2.77,2.54,2.61,2.67,10,6989,18035.0
2023-03-27,2023-03-27,FUNDVISER,XT,9.7,9.7,9.7,9.7,9.5,2,25,242.0
2023-03-27,2023-03-27,THEMISMED,B,1175.75,1187.0,1138.55,1143.2,1158.3,88,1335,1567004.0
2023-03-27,2023-03-27,KALLAM,X,8.3,8.3,7.52,7.65,7.92,215,107676,826387.0
2023-03-27,2023-03-27,BRAWN,XT,16.25,16.5,16.15,16.39,17.0,23,1564,25521.0
2023-03-27,2023-03-27,FORINTL,XT,32.3,32.3,29.5,29.85,30.98,24,1460,43967.0
2023-03-27,2023-03-27,KINGSINFR,X,88.85,88.85,82.1,83.23,88.55,278,25842,2179439.0
2023-03-27,2023-03-27,NUTRICIRCLE,XT,169.65,169.65,169.65,169.65,169.65,2,88,14929.0
2023-03-27,2023-03-27,SUBSM,XT,13.86,13.86,13.86,13.86,13.86,4,1087,15065.0
2023-03-27,2023-03-27,AUROLAB,X,57.38,58.0,55.65,55.89,58.1,48,2615,149491.0
2023-03-27,2023-03-27,KJMCFIN,X,32.0,32.0,29.03,29.03,30.55,3,1005,32145.0
2023-03-27,2023-03-27,SUVEN,B,46.51,47.7,45.04,45.59,47.52,634,47415,2180456.0
2023-03-27,2023-03-27,BRIDGESE,X,5.8,6.95,5.8,6.01,6.61,27,5118,31134.0
2023-03-27,2023-03-27,RISAINTL,XT,0.49,0.51,0.49,0.51,0.49,40,54217,27564.0
2023-03-27,2023-03-27,RAJTUBE,X,13.9,13.9,13.9,13.9,13.93,2,125,1737.0
2023-03-27,2023-03-27,KAYPOWR,X,6.76,6.95,6.76,6.95,7.05,5,1211,8216.0
2023-03-27,2023-03-27,INTSTOIL,X,22.15,23.51,20.15,20.34,22.52,63,3158,66758.0
2023-03-27,2023-03-27,GLOBALCA,X,27.25,29.0,27.25,27.25,28.68,684,69051,1909252.0
2023-03-27,2023-03-27,SAINIK,X,24.94,24.94,23.73,23.73,24.94,3,701,16635.0
2023-03-27,2023-03-27,ARIGATO,XT,17.28,18.0,17.28,18.0,17.28,3,46,802.0
2023-03-27,2023-03-27,QUANTDIA,XT,15.11,15.11,14.02,14.65,14.75,14,640,9409.0
2023-03-27,2023-03-27,SPCAPIT,X,16.18,16.18,15.5,16.08,16.18,30,841,13389.0
2023-03-27,2023-03-27,PAOS,X,11.26,11.28,10.25,10.25,10.77,10,679,7060.0
2023-03-27,2023-03-27,KOTHARIPRO,B,116.0,117.3,112.75,115.05,116.3,31,635,72019.0
2023-03-27,2023-03-27,PICCADIL,X,48.74,48.74,40.05,45.04,47.82,994,151652,6789902.0
2023-03-27,2023-03-27,CLSEL,B,176.5,181.9,165.35,167.7,179.1,1661,52295,9133094.0
2023-03-27,2023-03-27,CHANDRAP,X,25.55,25.55,23.55,23.79,24.39,140,19571,470849.0
2023-03-27,2023-03-27,KIMIABL,X,33.65,35.64,33.11,33.38,34.26,15,915,30703.0
2023-03-27,2023-03-27,HINDTIN,X,90.83,92.75,90.0,90.27,90.83,65,4539,410527.0
2023-03-27,2023-03-27,GODAVARI,X,77.15,82.0,77.15,78.49,79.36,54,3472,275047.0
2023-03-27,2023-03-27,PREMCO,X,339.95,340.0,328.0,328.45,333.9,14,226,74180.0
2023-03-27,2023-03-27,MUKESHB,X,77.01,87.8,77.0,84.99,80.09,27,185,15056.0
2023-03-27,2023-03-27,GENUSPOWER,A,82.92,83.99,79.15,80.39,82.92,424,28337,2318027.0
2023-03-27,2023-03-27,ASIANENE,B,101.15,104.9,96.1,96.14,101.15,464,16188,1596262.0
2023-03-27,2023-03-27,KBSINDIA,X,7.34,7.36,6.71,6.75,7.01,112,120678,827386.0
2023-03-27,2023-03-27,PRABHHANS,XT,62.35,62.35,62.35,62.35,64.05,1,1,62.0
2023-03-27,2023-03-27,UGARSUGAR,B,90.21,91.48,86.0,87.96,91.32,1042,38954,3505254.0
2023-03-27,2023-03-27,ORIENTBELL,B,500.0,501.2,500.0,500.25,500.0,9,442,221006.0
2023-03-27,2023-03-27,NRBBEARING,B,129.05,133.4,126.3,127.25,130.2,823,24604,3160082.0
2023-03-27,2023-03-27,VAMSHIRU,X,24.0,24.0,21.7,23.6,24.1,11,2321,51020.0
2023-03-27,2023-03-27,NILAINFRA,B,4.75,4.93,4.71,4.83,4.87,149,24420,117522.0
2023-03-27,2023-03-27,DBSTOCKBRO,B,22.0,24.11,22.0,23.05,23.01,9,32,743.0
2023-03-27,2023-03-27,VINYOFL,XT,60.0,60.0,55.08,56.33,57.97,137,8232,457946.0
2023-03-27,2023-03-27,JINDCAP,X,22.7,22.7,20.5,20.95,20.82,29,2210,46042.0
2023-03-27,2023-03-27,EPIC,X,6.14,6.14,5.7,6.12,6.13,11,422,2583.0
2023-03-27,2023-03-27,SUMEDHA,X,60.45,60.45,55.62,55.62,58.54,113,15840,915587.0
2023-03-27,2023-03-27,CHOKSI,X,45.25,48.75,44.1,44.2,46.88,78,9325,423695.0
2023-03-27,2023-03-27,ASHISHPO,X,14.22,14.22,13.82,14.0,14.22,10,2035,28365.0
2023-03-27,2023-03-27,ADORFO,X,87.2,89.9,86.0,86.98,86.04,490,56486,4962846.0
2023-03-27,2023-03-27,SHIVAAGRO,X,83.99,83.99,78.61,80.0,81.03,70,3687,293643.0
2023-03-27,2023-03-27,SIDDHA,X,4.3,4.3,4.1,4.1,4.25,16,1742,7389.0
2023-03-27,2023-03-27,KIRANSY-B,X,4.59,4.75,4.59,4.69,4.81,14,544,2552.0
2023-03-27,2023-03-27,SUMERUIND,XT,1.26,1.31,1.2,1.25,1.26,26,2371,3010.0
2023-03-27,2023-03-27,RUNGTAIR,XT,103.85,104.7,94.74,104.7,99.72,274,22720,2321930.0
2023-03-27,2023-03-27,VALSONQ,X,19.25,19.8,19.25,19.49,19.5,17,9407,186077.0
2023-03-27,2023-03-27,SABOOSOD,X,18.0,18.0,17.0,17.05,17.55,287,131641,2274340.0
2023-03-27,2023-03-27,TINNARUBR,X,370.75,377.0,363.0,365.6,370.75,195,2900,1067929.0
2023-03-27,2023-03-27,VIKRAMTH,X,59.9,61.39,59.25,60.56,59.25,162,33953,2043801.0
2023-03-27,2023-03-27,STRATMONT,X,17.06,17.06,17.06,17.06,17.95,1,51,870.0
2023-03-27,2023-03-27,AKCAPIT,X,433.95,433.95,418.1,430.5,417.5,15,270,114021.0
2023-03-27,2023-03-27,RELAXO,A,808.0,808.9,792.05,802.2,813.75,656,5076,4061233.0
2023-03-27,2023-03-27,VIRAT,X,219.55,219.55,205.0,210.0,210.0,21,1651,343121.0
2023-03-27,2023-03-27,RRETAIL,X,5.3,5.5,5.3,5.5,5.5,20,11901,63724.0
2023-03-27,2023-03-27,TERAI,X,72.55,72.55,68.5,71.01,71.1,7,333,23337.0
2023-03-27,2023-03-27,COSCO,X,156.95,156.95,146.45,149.4,157.0,80,2403,360688.0
2023-03-27,2023-03-27,SHILPAMED,A,241.05,244.45,225.7,230.65,241.6,3470,126070,30045344.0
2023-03-27,2023-03-27,PARACABLES,B,34.98,34.98,31.93,31.93,33.61,482,44350,1425592.0
2023-03-27,2023-03-27,NCLRESE,X,0.4,0.4,0.36,0.37,0.39,3224,9502500,3615770.0
2023-03-27,2023-03-27,KOIYAIN,X,4.0,4.2,3.8,3.8,4.0,75,14460,59463.0
2023-03-27,2023-03-27,LADDERUP,X,17.29,21.08,17.29,18.47,18.6,17,297,5372.0
2023-03-27,2023-03-27,UYFINCORP,X,12.3,12.8,12.3,12.52,12.53,77,151195,1902600.0
2023-03-27,2023-03-27,EKAMLEA,X,6.04,6.04,5.74,5.74,6.04,3,241,1387.0
2023-03-27,2023-03-27,SWASTIKA,X,160.0,171.85,160.0,171.85,166.5,20,2551,426991.0
2023-03-27,2023-03-27,PRIMAPLA,X,94.5,97.28,94.01,95.36,94.51,51,7850,747924.0
2023-03-27,2023-03-27,TELECANOR,X,5.55,5.77,5.55,5.77,6.14,11,5456,31414.0
2023-03-27,2023-03-27,JAGSONSER,XT,7.57,7.57,7.57,7.57,7.21,2,101,764.0
2023-03-27,2023-03-27,CARNATIN,X,3.42,3.42,3.42,3.42,3.42,4,390,1333.0
2023-03-27,2023-03-27,STURDY,XT,0.41,0.41,0.38,0.38,0.4,493,866900,336926.0
2023-03-27,2023-03-27,GARGFUR,X,38.5,39.89,38.5,38.87,40.32,24,2311,90056.0
2023-03-27,2023-03-27,SAMPRE,X,78.8,78.85,78.8,78.85,75.1,12,1494,117779.0
2023-03-27,2023-03-27,AAIL,X,70.6,73.35,67.55,68.23,70.16,113,32884,2312154.0
2023-03-27,2023-03-27,VIPULORG,X,103.55,103.55,96.95,97.3,103.1,122,11504,1126279.0
2023-03-27,2023-03-27,ECORECO,X,113.3,116.3,109.1,110.8,113.6,233,32134,3564517.0
2023-03-27,2023-03-27,GOODLUCK,B,380.0,428.4,380.0,425.05,415.95,808,14476,6115791.0
2023-03-27,2023-03-27,GOYALASS,XT,2.47,2.48,2.37,2.46,2.37,310,1226643,3016600.0
2023-03-27,2023-03-27,ZENITHHE,XT,4.42,4.42,4.2,4.2,4.42,103,38044,160249.0
2023-03-27,2023-03-27,ACEENGITEC,XT,16.63,16.63,15.9,15.9,15.9,7,325,5189.0
2023-03-27,2023-03-27,YORKEXP,XT,36.0,36.0,36.0,36.0,34.83,1,5,180.0
2023-03-27,2023-03-27,SUPREME,X,73.0,87.5,73.0,80.66,80.08,135,92623,7333248.0
2023-03-27,2023-03-27,LYKISLTD,XT,61.64,61.69,60.25,60.43,60.97,114,13833,840318.0
2023-03-27,2023-03-27,PRIMEPRO,X,9.26,11.17,9.25,9.9,9.68,43,5149,50546.0
2023-03-27,2023-03-27,ZENLABS,X,66.72,66.72,57.24,62.11,63.59,283,42262,2547598.0
2023-03-27,2023-03-27,RAJRILTD,T,68.81,68.81,68.81,68.81,70.21,47,410,28212.0
2023-03-27,2023-03-27,JAGANLAM,X,43.0,43.0,40.0,40.1,42.6,101,15258,626691.0
2023-03-27,2023-03-27,AJEL,Z,8.33,8.35,7.75,7.75,8.15,8,610,5077.0
2023-03-27,2023-03-27,ALPSINDUS,B,1.39,1.39,1.33,1.39,1.4,6,903,1225.0
2023-03-27,2023-03-27,ASITCFIN,X,111.5,118.05,109.0,109.2,118.05,28,1657,186927.0
2023-03-27,2023-03-27,ENCODE,X,9.13,9.13,9.13,9.13,9.13,1,10,91.0
2023-03-27,2023-03-27,SUPERBAK,X,22.34,22.34,20.22,20.22,21.28,9,641,13063.0
2023-03-27,2023-03-27,OVOBELE,XT,138.0,140.0,133.65,134.0,140.65,102,3944,535893.0
2023-03-27,2023-03-27,CHALLANI,X,10.01,10.01,10.01,10.01,10.53,5,1485,14864.0
2023-03-27,2023-03-27,CORNE,XT,16.79,16.79,15.2,15.81,16.0,39,4525,71322.0
2023-03-27,2023-03-27,STERTOOLS,B,405.85,412.25,383.25,388.95,405.85,2347,55328,21949201.0
2023-03-27,2023-03-27,AGARWAL,XT,7.49,7.49,7.49,7.49,7.49,3,1000,7490.0
2023-03-27,2023-03-27,KLGCAP,XT,9.42,9.42,9.42,9.42,9.91,1,20,188.0
2023-03-27,2023-03-27,INFRAINDUS,Z,7.96,7.96,7.96,7.96,7.61,1,20,159.0
2023-03-27,2023-03-27,DYNAMICP,X,26.26,26.26,23.77,24.64,25.01,4,20,492.0
2023-03-27,2023-03-27,CEEJAY,X,106.9,108.9,102.05,103.15,101.4,24,961,100883.0
2023-03-27,2023-03-27,SUNCITYSY,XT,6.01,6.01,6.01,6.01,6.01,1,1,6.0
2023-03-27,2023-03-27,SHGANEL,XT,17.58,17.58,17.58,17.58,18.5,1,1,17.0
2023-03-27,2023-03-27,BHAGERIA,B,127.55,127.8,125.3,127.15,126.6,227,10821,1374915.0
2023-03-27,2023-03-27,BNRUDY,X,42.0,42.0,38.39,41.0,40.0,28,1808,73717.0
2023-03-27,2023-03-27,KRBL,A,342.0,345.25,331.0,333.5,344.0,940,20079,6764994.0
2023-03-27,2023-03-27,REFNOLRESIN,X,80.0,81.85,77.17,78.65,80.0,12,325,25642.0
2023-03-27,2023-03-27,SSPDL,X,14.5,14.75,13.75,13.8,14.36,8,371,5322.0
2023-03-27,2023-03-27,DAIKAFFI,X,22.12,22.4,20.99,22.0,22.09,37,5913,127590.0
2023-03-27,2023-03-27,CILSEC,X,23.0,25.9,23.0,24.74,24.0,18,399,9511.0
2023-03-27,2023-03-27,CLIOINFO,X,5.0,5.2,4.76,5.0,5.0,14,5474,27024.0
2023-03-27,2023-03-27,CUPID,B,244.0,244.0,240.25,243.0,244.5,48,822,198617.0
2023-03-27,2023-03-27,SUNSHIEL,X,562.5,575.0,542.0,558.65,563.0,1562,4042,2261837.0
2023-03-27,2023-03-27,HIPOLIN,X,66.99,66.99,57.0,60.0,61.05,14,103,6191.0
2023-03-27,2023-03-27,CHEMBOND,B,240.6,242.55,237.05,238.95,243.8,119,4651,1107275.0
2023-03-27,2023-03-27,CIFL,X,90.0,95.0,76.3,80.75,89.87,147,6536,538342.0
2023-03-27,2023-03-27,ABVL,XT,177.1,177.1,177.1,177.1,168.7,18,1804,319488.0
2023-03-27,2023-03-27,SUCROSA,X,5.28,5.4,4.6,4.94,5.28,146,54920,278081.0
2023-03-27,2023-03-27,NGIND,X,76.26,79.5,76.26,79.49,76.25,5,167,12800.0
2023-03-27,2023-03-27,SICAPIT,XT,38.25,38.25,36.34,38.25,38.25,4,1600,60627.0
2023-03-27,2023-03-27,ERPSOFT,XT,76.0,76.0,76.0,76.0,72.75,5,41,3116.0
2023-03-27,2023-03-27,JRFOODS,XT,3.45,3.45,3.3,3.3,3.45,3,129,439.0
2023-03-27,2023-03-27,REMSONSIND,B,190.1,194.45,186.1,191.4,195.4,45,309,58619.0
2023-03-27,2023-03-27,STANPACK,X,8.0,8.0,8.0,8.0,8.3,1,49,392.0
2023-03-27,2023-03-27,AQYLON,T,1.51,1.57,1.51,1.51,1.51,6,2620,3993.0
2023-03-27,2023-03-27,RAMINFO,X,101.0,101.0,95.95,96.5,100.6,121,8800,852324.0
2023-03-27,2023-03-27,SUNILAGR,X,147.5,147.5,139.0,142.15,140.9,54,1211,171952.0
2023-03-27,2023-03-27,DIANATEA,X,22.0,22.87,22.0,22.5,22.65,52,14082,314300.0
2023-03-27,2023-03-27,VIKASECO,B,2.68,2.68,2.55,2.59,2.72,975,1461750,3837317.0
2023-03-27,2023-03-27,IOC,A,77.73,78.37,76.82,77.11,78.37,2021,299931,23332847.0
2023-03-27,2023-03-27,ALFAICA,XT,36.5,38.0,36.5,38.0,38.3,2,101,3688.0
2023-03-27,2023-03-27,SKCIL,X,132.9,132.9,120.0,125.0,124.3,111,17502,2146972.0
2023-03-27,2023-03-27,INDIAHOME,XT,33.56,35.9,32.53,35.01,34.24,85,3973,134107.0
2023-03-27,2023-03-27,JPTSEC,XT,5.15,5.67,5.13,5.25,5.4,9,19013,99788.0
2023-03-27,2023-03-27,ROOPAIND,X,39.0,43.99,38.5,42.43,41.37,28,2100,81830.0
2023-03-27,2023-03-27,UNIQUEO,X,40.55,43.4,39.1,42.45,41.34,40,7321,301530.0
2023-03-27,2023-03-27,BALAMINES,A,2029.7,2029.7,1978.05,1985.15,2022.4,1878,8564,17128109.0
2023-03-27,2023-03-27,ARISE,X,8.24,8.99,7.83,8.86,8.22,6,15064,124168.0
2023-03-27,2023-03-27,VISAGAR,XT,0.75,0.8,0.74,0.74,0.77,29,40330,30312.0
2023-03-27,2023-03-27,COMPEAU,X,197.5,201.9,196.9,200.1,198.6,20,2067,408647.0
2023-03-27,2023-03-27,NEELKAN,Z,10.51,10.51,10.5,10.5,10.3,6,51,535.0
2023-03-27,2023-03-27,CONTILI,X,72.0,78.9,72.0,78.8,75.52,14,859,67632.0
2023-03-27,2023-03-27,VIJSOLX,XT,746.0,800.0,746.0,792.3,771.2,115,1092,848287.0
2023-03-27,2023-03-27,SHRIKRISH,X,23.88,23.88,20.6,23.56,20.19,13,362,8255.0
2023-03-27,2023-03-27,ALANKIT,B,7.41,7.68,7.41,7.59,7.76,201,78341,590956.0
2023-03-27,2023-03-27,NIHARINF,X,6.25,6.68,6.25,6.25,6.26,10,11073,69210.0
2023-03-27,2023-03-27,UNITDCR,X,13.94,14.67,13.94,14.44,14.67,10,545,7742.0
2023-03-27,2023-03-27,OMINFRAL,B,34.29,34.29,31.65,32.34,33.75,210,10624,346935.0
2023-03-27,2023-03-27,ISHANCH,X,55.2,55.2,50.43,51.31,55.18,197,42740,2240028.0
2023-03-27,2023-03-27,GOTHIPL,P,32.45,34.07,31.26,34.07,32.45,18,5000,166688.0
2023-03-27,2023-03-27,BALUFORGE,X,91.81,92.8,84.25,86.2,90.01,547,258314,22710443.0
2023-03-27,2023-03-27,PATELENG,B,14.95,14.95,14.21,14.36,14.79,932,396666,5761447.0
2023-03-27,2023-03-27,INANI,X,21.0,21.0,20.5,20.5,20.9,6,603,12365.0
2023-03-27,2023-03-27,GEMSI,X,0.68,0.71,0.62,0.65,0.68,293,659325,421994.0
2023-03-27,2023-03-27,ELFORGE,X,7.1,7.7,7.1,7.34,7.41,20,4961,35340.0
2023-03-27,2023-03-27,MEDICAMEQ,B,633.0,664.55,631.8,643.7,641.95,260,2107,1359244.0
2023-03-27,2023-03-27,ALICON,B,698.95,698.95,663.8,669.65,690.55,509,2797,1908248.0
2023-03-27,2023-03-27,DILIGENT,X,8.1,8.5,8.1,8.12,8.27,74,13540,110531.0
2023-03-27,2023-03-27,EPSOMPRO,X,3.45,3.45,3.45,3.45,3.29,1,74,255.0
2023-03-27,2023-03-27,ALFAVIO,X,10.23,10.55,10.19,10.27,10.22,70,206780,2120633.0
2023-03-27,2023-03-27,CATVISION,XT,12.84,12.84,12.2,12.77,12.84,18,1203,15075.0
2023-03-27,2023-03-27,ABMKNO,X,77.1,77.1,73.8,75.39,77.79,78,4519,342004.0
2023-03-27,2023-03-27,EMAMILTD,A,362.05,367.25,346.0,349.75,362.0,1007,13277,4725470.0
2023-03-27,2023-03-27,KEMISTAR,X,44.4,44.45,38.5,39.08,39.86,44,2571,102651.0
2023-03-27,2023-03-27,SKPSEC,X,61.05,72.99,59.67,63.75,66.4,15,323,20600.0
2023-03-27,2023-03-27,SYSCHEM,X,48.4,51.0,48.4,49.03,49.35,88,11938,588736.0
2023-03-27,2023-03-27,BLSINFOTE,X,2.02,2.04,1.92,1.93,2.02,695,210924,416164.0
2023-03-27,2023-03-27,MEFCOMCAP,XT,16.0,16.0,14.88,14.88,15.66,39,6906,103077.0
2023-03-27,2023-03-27,HEMANG,X,49.36,49.36,45.32,46.21,47.02,339,25030,1195132.0
2023-03-27,2023-03-27,ARMANFIN,B,1328.35,1328.35,1291.2,1298.6,1336.5,96,283,369967.0
2023-03-27,2023-03-27,GAGANPOLYCO,Z,1.37,1.37,1.37,1.37,1.44,8,924,1265.0
2023-03-27,2023-03-27,DHANADACO,XT,2.87,2.87,2.74,2.87,2.74,19,3753,10704.0
2023-03-27,2023-03-27,GLANCE,X,50.15,50.15,50.0,50.0,50.01,4,255,12772.0
2023-03-27,2023-03-27,SHILCTECH,X,1450.0,1579.0,1450.0,1543.9,1451.25,757,14318,21941765.0
2023-03-27,2023-03-27,CRESANTO,XT,2.04,2.04,2.04,2.04,2.04,1,5,10.0
2023-03-27,2023-03-27,NUCLEUS,B,644.95,657.9,611.15,640.95,631.8,2973,34006,21736840.0
2023-03-27,2023-03-27,COLINZ,XT,36.58,36.58,36.58,36.58,38.5,12,246,8998.0
2023-03-27,2023-03-27,NLFL,X,33.0,33.0,32.75,32.8,30.55,6,198,6494.0
2023-03-27,2023-03-27,MANAPPURAM,A,117.35,118.05,113.15,114.75,117.3,3129,327655,37632352.0
2023-03-27,2023-03-27,RTSPOWR,X,122.95,127.9,120.25,122.1,122.95,116,5306,651836.0
2023-03-27,2023-03-27,COMFINTE,X,27.0,27.65,25.1,25.4,26.61,85,12821,330108.0
2023-03-27,2023-03-27,SHYAMACOMP,P,3.57,3.57,3.57,3.57,3.4,1,3000,10710.0
2023-03-27,2023-03-27,MAYURFL,XT,9.39,9.39,8.93,8.93,9.39,7,1131,10104.0
2023-03-27,2023-03-27,ANJANI,X,28.47,28.47,25.12,25.63,26.15,51,10320,268413.0
2023-03-27,2023-03-27,XTGLOBAL,X,23.85,23.85,22.0,22.0,22.41,115,18036,398976.0
2023-03-27,2023-03-27,DECOMIC,X,56.02,56.02,56.02,56.02,58.96,1,72,4033.0
2023-03-27,2023-03-27,RANDER,X,5.22,5.22,5.22,5.22,5.32,6,233,1216.0
2023-03-27,2023-03-27,RASIELEC,X,12.5,13.49,12.0,12.1,12.73,124,29927,372839.0
2023-03-27,2023-03-27,SCOOBEEDAY,X,81.11,85.0,81.11,85.0,83.86,18,934,78130.0
2023-03-27,2023-03-27,DHRUVCA,X,39.25,42.0,38.24,38.24,40.25,9,946,36840.0
2023-03-27,2023-03-27,SHAMROIN,XT,3.87,3.87,3.87,3.87,3.87,1,40,154.0
2023-03-27,2023-03-27,LINC,B,506.05,511.7,486.5,488.85,510.15,408,13547,6822727.0
2023-03-27,2023-03-27,PRIMAIN,XT,16.27,16.27,15.5,15.5,15.5,5,204,3240.0
2023-03-27,2023-03-27,ANERI,X,4.1,4.1,4.1,4.1,3.93,4,630,2583.0
2023-03-27,2023-03-27,INDGELA,X,269.6,290.85,262.05,290.8,264.45,791,61211,17308208.0
2023-03-27,2023-03-27,OPTIFIN,X,53.1,53.1,53.1,53.1,53.0,1,39,2070.0
2023-03-27,2023-03-27,PARAGONF,XT,30.99,31.0,29.45,30.98,31.0,15,314,9279.0
2023-03-27,2023-03-27,VELLORA,X,22.0,22.99,22.0,22.4,22.4,15,229,5136.0
2023-03-27,2023-03-27,ESHAMEDIA,XT,6.5,6.5,6.06,6.06,6.37,4,37,227.0
2023-03-27,2023-03-27,REFEXRENEW,X,428.9,428.9,366.05,387.55,396.0,22,139,53563.0
2023-03-27,2023-03-27,VSTTILLERS,B,2291.45,2314.0,2273.85,2300.4,2305.7,172,929,2138286.0
2023-03-27,2023-03-27,B2BSOFT,XT,23.4,23.9,22.34,23.25,23.5,83,3942,90033.0
2023-03-27,2023-03-27,NIKKIGL,X,7.26,7.26,7.26,7.26,7.4,1,15,108.0
2023-03-27,2023-03-27,RADHEDE,X,7.25,7.35,7.04,7.17,6.95,393,315902,2275848.0
2023-03-27,2023-03-27,KINETRU,XT,8.15,8.16,8.15,8.16,8.15,2,854,6964.0
2023-03-27,2023-03-27,ELIXIR,X,35.3,36.49,35.0,35.84,35.3,32,1707,61134.0
2023-03-27,2023-03-27,TRISHAKT,X,37.91,37.91,37.91,37.91,39.9,3,68,2577.0
2023-03-27,2023-03-27,PANKAJPO,X,7.86,7.86,7.86,7.86,7.5,2,2,15.0
2023-03-27,2023-03-27,MARBLE,X,11.6,11.95,11.1,11.2,12.25,34,8790,99978.0
2023-03-27,2023-03-27,CINDRELL,XT,9.25,10.08,9.25,10.0,9.6,4,12,118.0
2023-03-27,2023-03-27,NATPLASTI,X,103.0,103.0,84.5,91.1,103.5,71,8297,768013.0
2023-03-27,2023-03-27,LEADFIN,XT,22.89,22.89,22.89,22.89,24.09,1,1,22.0
2023-03-27,2023-03-27,NATFIT,X,60.49,61.98,59.0,60.42,60.5,11,641,38308.0
2023-03-27,2023-03-27,ARTEFACT,X,38.44,38.44,36.1,37.7,38.44,23,1112,41429.0
2023-03-27,2023-03-27,AMITINT,Z,2.09,2.2,2.09,2.09,2.2,6,1577,3296.0
2023-03-27,2023-03-27,NUTECGLOB,X,30.31,31.2,30.31,30.31,31.9,19,4969,151185.0
2023-03-27,2023-03-27,DHPIND,X,860.05,884.0,860.0,867.05,883.0,110,1081,944447.0
2023-03-27,2023-03-27,RRIL,X,13.5,13.63,12.8,12.96,13.5,129,36066,467574.0
2023-03-27,2023-03-27,AVAILFC,X,138.0,138.0,125.05,131.7,133.45,78,26486,3576387.0
2023-03-27,2023-03-27,HAVISHA,T,1.72,1.72,1.71,1.71,1.8,9,2188,3742.0
2023-03-27,2023-03-27,JAYIND,X,7.25,7.25,7.25,7.25,7.25,1,1,7.0
2023-03-27,2023-03-27,ROSELABS,X,14.5,14.5,14.5,14.5,14.5,1,170,2465.0
2023-03-27,2023-03-27,CHARMS,XT,3.97,3.97,3.61,3.91,3.79,16,5810,22317.0
2023-03-27,2023-03-27,KRETTOSYS,X,0.53,0.53,0.49,0.51,0.53,311,438633,225169.0
2023-03-27,2023-03-27,ZYDUSWELL,A,1529.95,1529.95,1476.55,1479.75,1531.35,975,4765,7138391.0
2023-03-27,2023-03-27,WINPRO,B,2.7,2.8,2.47,2.47,2.74,68,61937,155947.0
2023-03-27,2023-03-27,BERVINL,XT,36.5,36.5,36.5,36.5,36.8,1,110,4015.0
2023-03-27,2023-03-27,GUJINV,X,7.81,7.81,7.81,7.81,7.81,2,70,546.0
2023-03-27,2023-03-27,CONCOR,A,586.0,586.0,572.0,580.05,583.65,1882,45932,26626891.0
2023-03-27,2023-03-27,EASTRED,X,26.5,29.93,26.5,28.36,29.92,14,230,6350.0
2023-03-27,2023-03-27,PANACEABIO,B,112.0,114.65,111.0,111.75,112.1,212,6913,780395.0
2023-03-27,2023-03-27,PEETISEC,XT,29.37,29.37,29.37,29.37,29.37,1,2,58.0
2023-03-27,2023-03-27,MERCURYEV,X,15.44,15.44,13.98,13.98,14.71,560,241014,3547637.0
2023-03-27,2023-03-27,CHOICEIN,B,275.05,278.95,273.2,274.8,275.3,270,44905,12387799.0
2023-03-27,2023-03-27,SRAMSET,X,157.65,161.0,150.45,150.5,158.35,82,12918,1947288.0
2023-03-27,2023-03-27,GOLECHA,X,20.25,20.25,20.25,20.25,20.25,1,5,101.0
2023-03-27,2023-03-27,EKANSH,X,67.52,68.9,66.21,66.82,67.52,28,3914,264254.0
2023-03-27,2023-03-27,SPAR,X,18.2,19.09,17.63,17.74,18.26,108,9217,165159.0
2023-03-27,2023-03-27,BYKE,B,35.72,36.85,33.15,34.2,36.48,219,16198,562412.0
2023-03-27,2023-03-27,ARIHANT,X,39.95,39.95,35.1,37.98,37.53,43,15806,589684.0
2023-03-27,2023-03-27,HASTIFIN,X,4.46,4.46,4.46,4.46,4.46,3,30,133.0
2023-03-27,2023-03-27,UPSURGE,X,34.99,34.99,33.99,34.0,34.53,20,2249,77458.0
2023-03-27,2023-03-27,WOMENNET,XT,2.74,2.74,2.74,2.74,2.87,2,420,1150.0
2023-03-27,2023-03-27,SOURCENTRL,X,91.95,94.0,88.65,88.65,93.3,40,1451,130629.0
2023-03-27,2023-03-27,GGAUTO,XT,29.56,30.79,28.61,29.23,29.56,18,2835,82179.0
2023-03-27,2023-03-27,ALMONDZ,B,61.0,61.77,61.0,61.04,62.0,101,2037,125212.0
2023-03-27,2023-03-27,LWSKNIT,XT,11.75,11.75,11.75,11.75,12.35,3,280,3290.0
2023-03-27,2023-03-27,ALCHCORP,XT,15.99,16.78,15.99,16.78,15.99,10,535,8933.0
2023-03-27,2023-03-27,TUNITEX,X,1.65,1.65,1.54,1.59,1.62,363,155238,247203.0
2023-03-27,2023-03-27,RADIXIND,X,70.0,70.5,70.0,70.05,68.05,6,91,6389.0
2023-03-27,2023-03-27,NARPROP,X,17.9,18.25,17.61,17.61,18.53,5,208,3663.0
2023-03-27,2023-03-27,MEGACOR,X,1.41,1.47,1.33,1.34,1.42,167,47745,65124.0
2023-03-27,2023-03-27,TNPL,B,208.95,208.95,203.25,204.45,208.65,563,21616,4449536.0
2023-03-27,2023-03-27,SHAKTIPUMP,B,403.35,405.95,388.7,398.05,403.15,673,4543,1794848.0
2023-03-27,2023-03-27,PWASML,X,22.0,22.8,20.0,20.5,21.77,70,5753,121267.0
2023-03-27,2023-03-27,GOLDTECH,B,51.3,51.3,48.05,48.55,49.71,208,4579,224120.0
2023-03-27,2023-03-27,GRMOVER,A,187.45,190.35,173.0,176.95,190.05,940,11229,2035890.0
2023-03-27,2023-03-27,MOHITIND,B,12.3,13.0,12.25,12.55,12.53,23,798,10076.0
2023-03-27,2023-03-27,POLYLINK,X,19.75,19.95,17.75,17.94,19.6,52,2370,43917.0
2023-03-27,2023-03-27,MINAXI,X,1.77,1.77,1.65,1.72,1.74,83,11127,18800.0
2023-03-27,2023-03-27,CONTICON,X,4.2,4.2,4.2,4.2,4.0,10,1581,6640.0
2023-03-27,2023-03-27,NOUVEAU,X,0.6,0.6,0.6,0.6,0.61,57,30290,18174.0
2023-03-27,2023-03-27,DUKEOFS,X,6.43,6.43,6.43,6.43,6.76,4,798,5131.0
2023-03-27,2023-03-27,CYBELEIND,X,16.75,17.75,16.75,17.0,17.0,9,265,4579.0
2023-03-27,2023-03-27,CGVAK,X,333.0,334.5,315.0,327.2,323.0,127,6037,1968525.0
2023-03-27,2023-03-27,NAVKARURB,X,8.14,8.14,7.4,7.4,7.78,31,5312,39877.0
2023-03-27,2023-03-27,BLUECOAST,T,3.8,3.8,3.8,3.8,4.0,1,7,26.0
2023-03-27,2023-03-27,OMKAR,XT,2.79,2.79,2.79,2.79,2.66,8,12081,33705.0
2023-03-27,2023-03-27,MADHUCON,B,4.0,4.07,3.8,3.82,3.89,31,1174,4551.0
2023-03-27,2023-03-27,RAJESHEXPO,A,623.2,624.35,599.25,605.1,622.3,706,7089,4342944.0
2023-03-27,2023-03-27,ESARIND,X,4.43,4.43,4.27,4.41,4.35,89,68799,303600.0
2023-03-27,2023-03-27,MARIS,X,36.0,36.0,32.35,32.5,35.53,59,5837,195925.0
2023-03-27,2023-03-27,EVEREADY,A,281.0,285.4,277.5,282.95,283.85,544,158112,44722175.0
2023-03-27,2023-03-27,STEP2COR,X,15.65,15.65,15.58,15.58,16.4,6,6701,104865.0
2023-03-27,2023-03-27,ORIENTTR,X,11.55,12.24,10.5,11.6,11.77,52,13336,151501.0
2023-03-27,2023-03-27,MAHANIN,XT,0.46,0.46,0.46,0.46,0.44,2,4000,1840.0
2023-03-27,2023-03-27,VIKASPROP,Z,0.55,0.55,0.55,0.55,0.57,23,301955,166075.0
2023-03-27,2023-03-27,ACESOFT,X,15.25,16.0,15.25,16.0,15.65,8,524,8120.0
2023-03-27,2023-03-27,SOFTRAKV,XT,4.7,4.7,4.7,4.7,4.94,38,10175,47822.0
2023-03-27,2023-03-27,HATSUN,A,840.85,841.75,809.0,836.05,841.75,337,1552,1278330.0
2023-03-27,2023-03-27,ACCEDERE,XT,64.0,64.4,58.32,64.4,61.38,8,517,33187.0
2023-03-27,2023-03-27,RISHDIGA,X,18.0,18.7,17.1,18.63,17.04,16,1505,26241.0
2023-03-27,2023-03-27,MAINFRA,X,85.0,85.0,76.3,82.44,84.87,38,6736,561904.0
2023-03-27,2023-03-27,KOBO,Z,2.1,2.29,2.1,2.15,2.2,14,5735,12286.0
2023-03-27,2023-03-27,JINDWORLD,A,322.2,323.85,315.5,320.15,319.2,183,2421,773218.0
2023-03-27,2023-03-27,SOMANYCERA,B,513.0,515.2,509.6,510.2,511.5,113,682,349630.0
2023-03-27,2023-03-27,JHACC,XT,70.54,70.54,70.54,70.54,74.25,25,16066,1133295.0
2023-03-27,2023-03-27,RAGHUTOB,X,14.29,15.5,13.52,13.68,14.58,48,4207,58120.0
2023-03-27,2023-03-27,DRL,X,22.75,22.75,20.59,22.75,21.67,7,355,7512.0
2023-03-27,2023-03-27,CORALFINAC,B,29.56,30.1,27.8,28.22,29.57,244,3859,110733.0
2023-03-27,2023-03-27,SANJIVIN,X,26.75,30.4,25.85,30.4,25.34,335,143097,4097798.0
2023-03-27,2023-03-27,VASINFRA,X,3.62,3.62,3.62,3.62,3.8,1,1,3.0
2023-03-27,2023-03-27,KMFBLDR,X,3.8,3.8,3.7,3.8,3.81,6,1650,6210.0
2023-03-27,2023-03-27,BERYLSE,XT,10.07,10.07,10.07,10.07,10.07,1,1,10.0
2023-03-27,2023-03-27,DEVINE,XT,5.1,5.1,5.1,5.1,5.1,8,313,1596.0
2023-03-27,2023-03-27,BAMPSL,X,8.65,9.4,7.9,8.79,8.24,181,89389,789141.0
2023-03-27,2023-03-27,GENPHARMA,X,3.19,3.19,2.93,3.01,3.16,461,319660,963942.0
2023-03-27,2023-03-27,INCON,XT,13.0,13.0,13.0,13.0,13.49,6,753,9789.0
2023-03-27,2023-03-27,CGCL,A,573.0,584.95,565.85,571.5,571.5,791,11701,6682281.0
2023-03-27,2023-03-27,FDC,A,249.7,265.95,249.7,254.1,254.7,761,16246,4151445.0
2023-03-27,2023-03-27,GORANIN,X,175.0,175.0,161.45,164.4,169.55,44,1220,200804.0
2023-03-27,2023-03-27,KGPETRO,X,184.05,196.75,184.05,187.05,196.8,5,77,14336.0
2023-03-27,2023-03-27,MAL,XT,1.32,1.32,1.26,1.26,1.32,11,15000,18948.0
2023-03-27,2023-03-27,STARCOM,X,93.6,93.6,93.55,93.55,89.2,3,13,1216.0
2023-03-27,2023-03-27,COUNCODOS,B,3.41,3.59,3.41,3.5,3.56,37,15690,54894.0
2023-03-27,2023-03-27,OROSMITHS,X,3.61,3.69,3.43,3.54,3.66,74,18016,63467.0
2023-03-27,2023-03-27,LINCOLN,B,355.0,355.0,338.0,340.45,344.85,369,4962,1699904.0
2023-03-27,2023-03-27,SILVOAK,X,39.15,39.15,38.4,38.4,38.35,6,32,1231.0
2023-03-27,2023-03-27,PRAVEG,XT,453.7,458.6,440.0,446.55,450.35,487,20152,9035785.0
2023-03-27,2023-03-27,SURAJLTD,X,71.99,77.53,68.51,77.38,70.49,205,32669,2421556.0
2023-03-27,2023-03-27,MARICO,A,476.05,482.9,474.95,479.8,477.1,940,9793,4693567.0
2023-03-27,2023-03-27,HITTCO,X,9.5,10.2,9.5,9.99,9.72,22,5250,52244.0
2023-03-27,2023-03-27,YUVRAAJHPL,XT,1.52,1.52,1.52,1.52,1.59,1,500,760.0
2023-03-27,2023-03-27,RRMETAL,X,30.9,30.9,27.05,27.41,29.25,35,1010,28410.0
2023-03-27,2023-03-27,VISIONCO,X,1.88,1.88,1.62,1.62,1.67,10,1474,2414.0
2023-03-27,2023-03-27,KARNAWATI,XT,1.06,1.06,1.06,1.06,1.01,11,35111,37217.0
2023-03-27,2023-03-27,INANISEC,XT,26.25,26.96,25.03,26.85,26.25,11,418,11238.0
2023-03-27,2023-03-27,ANKIN,X,20.74,20.97,19.0,20.26,19.98,29,10449,210159.0
2023-03-27,2023-03-27,EMROCK,X,9.03,9.03,9.0,9.0,9.03,6,45111,406002.0
2023-03-27,2023-03-27,MAYUR,XT,6.18,6.19,5.61,5.61,5.9,18,2863,16996.0
2023-03-27,2023-03-27,AMERISE,X,0.66,0.66,0.62,0.64,0.65,200,200615,126927.0
2023-03-27,2023-03-27,ADVIKLA,XT,2.1,2.1,2.1,2.1,2.1,2,400,840.0
2023-03-27,2023-03-27,PRITHVIEXCH,X,76.8,77.4,72.2,72.96,76.0,64,3245,240967.0
2023-03-27,2023-03-27,KHYATI,XT,1.27,1.27,1.27,1.27,1.27,6,3900,4953.0
2023-03-27,2023-03-27,RAINBOWF,X,9.5,9.5,8.54,9.33,9.5,7,2563,24292.0
2023-03-27,2023-03-27,TRICOMFRU,X,1.08,1.12,1.07,1.07,1.12,22,4875,5229.0
2023-03-27,2023-03-27,VIDHIING,B,326.85,332.0,322.65,331.0,325.15,63,872,286599.0
2023-03-27,2023-03-27,BHAGCHEM,B,1163.65,1170.0,1106.0,1143.75,1162.55,39,258,295656.0
2023-03-27,2023-03-27,GATECH,T,0.82,0.82,0.82,0.82,0.82,1,8000,6560.0
2023-03-27,2023-03-27,PANCHSHEEL,X,181.8,192.0,170.0,171.5,185.5,473,59367,10247396.0
2023-03-27,2023-03-27,MENNPIS,X,40.0,40.97,38.03,38.91,40.01,330,41164,1620097.0
2023-03-27,2023-03-27,GREENCREST,X,0.77,0.77,0.77,0.77,0.78,154,83660,64418.0
2023-03-27,2023-03-27,GENNEX,X,5.52,5.72,5.32,5.38,5.59,389,205074,1103696.0
2023-03-27,2023-03-27,GINISILK,X,37.65,37.65,35.05,35.05,37.42,31,2121,75861.0
2023-03-27,2023-03-27,PRAENG,B,10.5,10.6,10.05,10.16,10.5,203,12448,127102.0
2023-03-27,2023-03-27,BIOGEN,X,0.6,0.62,0.57,0.58,0.61,1699,1422253,836092.0
2023-03-27,2023-03-27,APOLLOPIPE,B,545.2,560.75,545.2,549.15,553.4,247,3410,1884445.0
2023-03-27,2023-03-27,UNJHAFOR,X,11.64,12.25,11.64,12.25,12.25,7,1185,13890.0
2023-03-27,2023-03-27,POLYMED,A,956.95,984.85,929.9,970.05,953.45,1524,7572,7233911.0
2023-03-27,2023-03-27,PFLINFOTC,Z,3.57,3.57,3.4,3.57,3.4,11,585,2037.0
2023-03-27,2023-03-27,KACHCHH,X,20.48,21.24,19.46,20.49,20.48,22,3019,61648.0
2023-03-27,2023-03-27,PADALPO,XT,30.59,30.59,30.59,30.59,32.19,1,17,520.0
2023-03-27,2023-03-27,KACL,X,31.5,33.5,28.05,28.64,31.08,403,31063,920931.0
2023-03-27,2023-03-27,KCLINFRA,X,1.79,1.79,1.79,1.79,1.71,59,72063,128992.0
2023-03-27,2023-03-27,ATULAUTO,B,322.05,325.9,313.85,320.8,321.85,1137,23531,7518645.0
2023-03-27,2023-03-27,PRERINFRA,X,31.99,31.99,30.35,30.78,31.55,143,34949,1086940.0
2023-03-27,2023-03-27,METALCO,X,90.0,90.0,83.5,84.9,85.8,55,4691,399666.0
2023-03-27,2023-03-27,SGNTE,XT,0.56,0.56,0.56,0.56,0.54,19,57761,32346.0
2023-03-27,2023-03-27,GANGAPA,X,69.11,70.94,69.1,70.93,69.2,7,558,38629.0
2023-03-27,2023-03-27,TIRSARJ,X,9.46,9.58,8.72,8.95,9.46,42,5223,46424.0
2023-03-27,2023-03-27,MUNOTHFI,X,97.1,102.29,92.62,92.62,97.49,25,657,61945.0
2023-03-27,2023-03-27,RODIUM,X,35.0,41.0,35.0,40.28,38.87,23,2042,80239.0
2023-03-27,2023-03-27,NATHUEC,X,4.0,4.0,4.0,4.0,4.0,6,10533,42132.0
2023-03-27,2023-03-27,LAHOTIOV,X,24.16,24.8,23.57,23.78,24.16,58,91652,2206871.0
2023-03-27,2023-03-27,ZENITHSTL,B,3.77,3.8,3.53,3.64,3.84,72,49784,181339.0
2023-03-27,2023-03-27,ORIRAIL,X,40.0,40.0,37.25,38.48,38.02,200,59772,2294534.0
2023-03-27,2023-03-27,JOINDRE,X,28.4,30.99,28.4,29.44,28.4,15,1488,43092.0
2023-03-27,2023-03-27,BHARATAGRI,X,1040.0,1059.0,999.9,1033.95,1031.95,305,6278,6437716.0
2023-03-27,2023-03-27,UNITINT,X,6.9,6.9,6.4,6.59,6.9,17,12767,82015.0
2023-03-27,2023-03-27,SACHEMT,X,17.5,17.98,17.31,17.45,17.69,94,14167,247787.0
2023-03-27,2023-03-27,ANJANIFIN,X,7.41,8.08,7.38,7.39,7.76,43,17304,129724.0
2023-03-27,2023-03-27,GMETCOAL,Z,18.45,18.45,18.44,18.44,17.58,4,5,92.0
2023-03-27,2023-03-27,REXNORD,X,100.75,103.6,97.5,98.29,102.66,118,11216,1128533.0
2023-03-27,2023-03-27,NWIL,XT,53.2,53.2,48.5,48.6,51.01,85,7962,395123.0
2023-03-27,2023-03-27,KHANDSE,B,24.89,26.35,24.79,24.79,26.09,10,724,17955.0
2023-03-27,2023-03-27,SAWACA,X,0.79,0.8,0.77,0.8,0.78,351,475616,375563.0
2023-03-27,2023-03-27,CCLINTER,X,12.16,15.45,12.16,13.6,13.7,30,52716,716767.0
2023-03-27,2023-03-27,GALLOPENT,X,18.26,18.26,17.0,17.0,18.29,11,160,2786.0
2023-03-27,2023-03-27,CROISSANCE,X,8.0,8.0,7.29,7.29,7.67,69,61580,478873.0
2023-03-27,2023-03-27,JOJO,XT,10.26,10.26,10.26,10.26,10.26,2,10,102.0
2023-03-27,2023-03-27,CASTORA,XT,5.8,5.8,5.32,5.8,5.59,11,310,1757.0
2023-03-27,2023-03-27,TWINSTAR,Z,1.05,1.05,1.04,1.04,1.09,9,42200,44305.0
2023-03-27,2023-03-27,AGARIND,B,569.45,581.1,553.05,554.8,579.6,535,2671,1504266.0
2023-03-27,2023-03-27,DHAMPURE,XT,47.84,49.5,47.84,47.85,50.35,159,29785,1433196.0
2023-03-27,2023-03-27,SHAQUAK,XT,1.73,1.73,1.65,1.73,1.73,20,171,294.0
2023-03-27,2023-03-27,GOLCA,XT,8.55,8.55,8.55,8.55,8.55,3,985,8421.0
2023-03-27,2023-03-27,INNOCORP,X,7.26,7.26,6.97,7.23,7.33,4,16,113.0
2023-03-27,2023-03-27,SARTHAKIND,X,32.03,33.49,32.01,32.01,33.69,68,3422,110484.0
2023-03-27,2023-03-27,SAICAPI,XT,111.5,119.0,110.2,119.0,116.0,10,690,77407.0
2023-03-27,2023-03-27,VERTEX,X,2.22,2.22,2.02,2.21,2.12,92,15834,33971.0
2023-03-27,2023-03-27,RIBATEX,X,33.39,33.39,31.67,31.9,32.69,32,16090,512873.0
2023-03-27,2023-03-27,NEWINFRA,XT,13.76,13.76,13.76,13.76,14.48,9,10247,140998.0
2023-03-27,2023-03-27,JUNE,XT,2.2,2.2,2.2,2.2,2.2,5,1822,4008.0
2023-03-27,2023-03-27,SHREMETAL,XT,31.82,31.83,28.83,31.48,30.32,21,1865,58925.0
2023-03-27,2023-03-27,IITLPROJ,X,16.08,16.08,16.08,16.08,16.08,1,15,241.0
2023-03-27,2023-03-27,CHLOGIST,X,3.78,3.96,3.65,3.7,3.88,238,432592,1627714.0
2023-03-27,2023-03-27,AMBIKCO,B,1391.5,1392.9,1373.0,1376.35,1395.6,92,397,548469.0
2023-03-27,2023-03-27,HINDALUMI,X,33.32,36.7,32.45,33.5,34.9,64,4667,158704.0
2023-03-27,2023-03-27,SPECFOOD,X,48.8,48.8,44.36,47.4,46.69,16,724,33588.0
2023-03-27,2023-03-27,DECPO,Z,8.7,8.7,7.88,8.7,8.29,25,2367,20576.0
2023-03-27,2023-03-27,AMRAAGRI,X,0.7,0.7,0.65,0.67,0.68,371,286416,192485.0
2023-03-27,2023-03-27,ODYCORP,X,7.28,7.4,6.88,7.08,7.24,50,12963,89907.0
2023-03-27,2023-03-27,IKOMA,XT,1.95,2.04,1.95,2.04,1.3,2,1100,2235.0
2023-03-27,2023-03-27,INDCTST,X,32.63,32.7,28.31,30.34,27.3,54,2786,87987.0
2023-03-27,2023-03-27,SAMINDUS,XT,51.3,52.0,51.3,52.0,53.64,12,419,21611.0
2023-03-27,2023-03-27,POOJAENT,XT,162.5,170.8,162.45,166.65,170.95,9,237,38921.0
2023-03-27,2023-03-27,GRAVITY,X,3.84,3.84,3.66,3.84,3.85,8,787,2989.0
2023-03-27,2023-03-27,LCCINFOTEC,B,1.57,1.7,1.56,1.56,1.69,17,3928,6382.0
2023-03-27,2023-03-27,FILATFASH,X,14.31,14.98,13.81,13.87,14.52,495,240850,3386556.0
2023-03-27,2023-03-27,SINDHUTRAD,A,18.06,19.0,17.5,18.53,18.31,393,133652,2472788.0
2023-03-27,2023-03-27,UNISTRMU,X,33.45,33.45,30.38,30.38,31.97,103,44438,1416096.0
2023-03-27,2023-03-27,ZENOTECH,X,47.69,49.59,47.1,47.85,48.44,150,17372,837504.0
2023-03-27,2023-03-27,FRONTCORP,X,23.0,24.41,23.0,24.41,23.25,3,447,10285.0
2023-03-27,2023-03-27,SWELECTES,B,278.45,279.7,266.05,269.55,278.65,251,6479,1763268.0
2023-03-27,2023-03-27,WALLFORT,X,47.5,51.35,47.0,47.4,47.0,5,111,5230.0
2023-03-27,2023-03-27,KDDL,B,1034.75,1039.15,1003.4,1022.35,1023.45,410,2316,2351206.0
2023-03-27,2023-03-27,TRUSTEDGE,XT,14.5,14.5,13.8,13.8,14.51,8,221,3096.0
2023-03-27,2023-03-27,ABHICAP,X,92.27,92.27,85.0,87.5,88.29,8,44,3943.0
2023-03-27,2023-03-27,3BBLACKBIO,X,403.1,409.85,399.8,402.25,406.0,99,3433,1384376.0
2023-03-27,2023-03-27,GUJJUBHAI,X,92.79,92.79,89.4,89.63,91.89,42,4997,450614.0
2023-03-27,2023-03-27,INTERDIGI,XT,0.34,0.34,0.32,0.32,0.33,187,181453,58851.0
2023-03-27,2023-03-27,ATVOENT,XT,1.77,1.77,1.76,1.76,1.76,6,5881,10370.0
2023-03-27,2023-03-27,EPUJA,X,2.25,2.25,1.96,2.1,2.14,28,6604,13554.0
2023-03-27,2023-03-27,INDOCITY,X,6.6,6.6,6.26,6.59,7.39,10,6115,40017.0
2023-03-27,2023-03-27,SBECSUG,X,37.85,37.85,35.09,35.26,36.93,75,5905,212337.0
2023-03-27,2023-03-27,BRIJLEAS,X,3.6,3.83,3.5,3.83,3.65,30,5279,20099.0
2023-03-27,2023-03-27,BSELALGO,X,5.13,5.31,5.1,5.21,5.35,328,147101,760458.0
2023-03-27,2023-03-27,RELIABVEN,X,9.15,9.56,8.35,9.42,8.94,54,9044,81460.0
2023-03-27,2023-03-27,BANKBARODA,A,159.3,162.3,158.65,161.25,159.8,7859,1182968,190123358.0
2023-03-27,2023-03-27,GTEIT,XT,1.42,1.42,1.3,1.3,1.36,8,6000,8280.0
2023-03-27,2023-03-27,MOHITE,X,19.74,19.74,17.01,18.61,17.63,17,905,16534.0
2023-03-27,2023-03-27,SKMEGGPROD,B,131.75,131.75,125.1,127.3,131.0,535,6838,875535.0
2023-03-27,2023-03-27,WELCORP,A,202.8,202.8,188.35,191.25,197.65,825,64722,12541979.0
2023-03-27,2023-03-27,HOTLSILV,X,10.0,10.23,9.64,9.71,9.66,18,10002,99043.0
2023-03-27,2023-03-27,BANKINDIA,A,71.09,71.09,67.0,68.53,70.42,6266,1467153,100835759.0
2023-03-27,2023-03-27,INDRAMEDCO,T,79.89,79.89,77.52,77.62,78.46,92,16783,1310073.0
2023-03-27,2023-03-27,JOHNPHARMA,X,0.4,0.41,0.39,0.4,0.4,1118,1469155,588277.0
2023-03-27,2023-03-27,GAIL,A,102.3,104.25,102.3,103.8,103.5,4528,703312,72723592.0
2023-03-27,2023-03-27,VAIBHAVGBL,A,290.05,293.25,284.0,285.95,291.25,783,8852,2552106.0
2023-03-27,2023-03-27,TRESCON,X,9.22,9.22,8.55,8.64,9.0,30,18338,163796.0
2023-03-27,2023-03-27,GUJSTATFIN,T,6.14,6.45,6.08,6.28,6.38,66,8162,50174.0
2023-03-27,2023-03-27,JKPAPER,A,365.45,369.35,362.9,364.9,368.7,662,12841,4707616.0
2023-03-27,2023-03-27,SAREGAMA,A,321.1,324.0,307.85,310.75,320.05,1285,17083,5379774.0
2023-03-27,2023-03-27,MINOLTAF,Z,7.15,7.35,7.0,7.11,7.0,12,3321,24023.0
2023-03-27,2023-03-27,ADROITINFO,B,21.11,21.39,20.59,20.59,20.59,32,1107,23016.0
2023-03-27,2023-03-27,CYBERTECH,B,92.5,92.5,85.85,87.2,93.1,921,24609,2175487.0
2023-03-27,2023-03-27,ICICIBANK,A,853.5,855.7,844.25,848.15,852.05,6600,204919,174104106.0
2023-03-27,2023-03-27,CYIENT,A,1002.0,1026.0,996.0,1006.15,1001.55,4413,46083,46757103.0
2023-03-27,2023-03-27,ENGINERSIN,A,74.25,74.28,71.24,71.75,74.18,654,66384,4818868.0
2023-03-27,2023-03-27,DHANBANK,B,14.31,14.43,13.61,13.84,14.54,935,290824,4075849.0
2023-03-27,2023-03-27,GMDCLTD,A,130.3,130.85,127.6,127.95,131.1,1734,92264,11891844.0
2023-03-27,2023-03-27,GAYATRI,X,3.3,3.3,3.01,3.03,3.16,90,57346,177290.0
2023-03-27,2023-03-27,INDUSINDBK,A,1005.1,1021.5,1004.2,1012.4,1010.2,3651,77310,78241843.0
2023-03-27,2023-03-27,ITDC,B,286.35,286.35,277.5,278.45,284.75,108,864,241720.0
2023-03-27,2023-03-27,J&KBANK,A,47.69,47.69,45.55,46.08,47.12,1354,324846,15033911.0
2023-03-27,2023-03-27,CUB,A,125.95,125.95,121.85,124.0,124.9,2117,120343,14844407.0
2023-03-27,2023-03-27,ARCHIES,B,18.4,18.4,17.73,17.77,18.02,117,3886,69243.0
2023-03-27,2023-03-27,AXISBANK,A,844.95,844.95,828.75,832.95,840.5,6779,116470,97247877.0
2023-03-27,2023-03-27,HBSL,B,50.15,50.15,47.0,47.76,49.96,232,4267,206930.0
2023-03-27,2023-03-27,CMXLTD,X,10.25,10.87,9.51,10.79,10.62,10,4955,47355.0
2023-03-27,2023-03-27,SOUTHBANK,A,16.9,17.22,16.53,16.69,16.9,4050,3351220,56342971.0
2023-03-27,2023-03-27,ENERGYDEV,B,15.9,16.7,14.46,14.93,16.15,159,22087,348743.0
2023-03-27,2023-03-27,SONATSOFTW,A,822.55,827.3,770.0,778.25,821.7,1380,15948,12727973.0
2023-03-27,2023-03-27,BENGALT,X,74.4,74.45,72.0,72.31,74.5,13,2611,189655.0
2023-03-27,2023-03-27,NATIONALUM,A,77.0,78.0,76.45,76.75,77.14,2106,607758,47142839.0
2023-03-27,2023-03-27,INDNIPPON,B,339.85,339.85,333.55,335.3,338.15,32,92,30884.0
2023-03-27,2023-03-27,NSIL,B,2087.1,2087.1,2033.9,2037.45,2081.0,23,28,57432.0
2023-03-27,2023-03-27,APARINDS,A,2330.0,2349.65,2280.0,2289.85,2325.1,670,3157,7265785.0
2023-03-27,2023-03-27,TCIIND,X,1045.0,1062.0,1045.0,1062.0,1100.0,8,1401,1469106.0
2023-03-27,2023-03-27,ACCELYA,B,1171.05,1197.2,1149.2,1153.2,1187.95,570,2325,2706127.0
2023-03-27,2023-03-27,ORCHASP,X,3.05,3.18,2.79,2.9,3.05,343,537698,1556114.0
2023-03-27,2023-03-27,LANDMARC,XT,0.75,0.81,0.75,0.75,0.78,70,149220,112198.0
2023-03-27,2023-03-27,HCLTECH,A,1051.55,1065.0,1045.0,1053.7,1051.55,2403,23785,25148754.0
2023-03-27,2023-03-27,TCFCFINQ,X,29.75,31.0,28.0,29.3,29.14,49,4941,141078.0
2023-03-27,2023-03-27,GEOJITFSL,B,41.75,42.04,39.9,40.14,41.81,1084,39401,1600297.0
2023-03-27,2023-03-27,JINDALSTEL,A,532.95,543.3,530.85,539.6,533.55,2433,47626,25617429.0
2023-03-27,2023-03-27,BLBLIMITED,B,22.15,23.08,22.15,23.07,22.58,50,8216,187626.0
2023-03-27,2023-03-27,GLENMARK,A,422.55,442.4,422.55,439.65,425.65,2342,44266,19338977.0
2023-03-27,2023-03-27,WOCKPHARMA,A,161.5,161.65,150.2,151.1,161.0,3426,171695,26621168.0
2023-03-27,2023-03-27,TATACOFFEE,A,201.05,204.85,201.05,202.35,202.8,626,16899,3436416.0
2023-03-27,2023-03-27,KJMCCORP,X,26.63,26.63,26.63,26.63,26.63,2,42,1118.0
2023-03-27,2023-03-27,INDSWFTLAB,B,56.9,58.72,56.9,57.14,57.98,89,2764,159471.0
2023-03-27,2023-03-27,MELSTAR,Z,2.6,2.84,2.6,2.6,2.73,14,189000,491682.0
2023-03-27,2023-03-27,GVPIL,B,102.4,104.0,100.0,100.45,103.95,218,7134,723085.0
2023-03-27,2023-03-27,SHREERAMA,B,10.0,10.0,8.8,9.22,9.48,36,4652,42261.0
2023-03-27,2023-03-27,MAHLIFE,A,333.45,333.45,324.1,328.85,332.55,650,13857,4541823.0
2023-03-27,2023-03-27,GROARC,X,8.99,8.99,8.27,8.27,8.7,27,8209,70702.0
2023-03-27,2023-03-27,VAARAD,X,9.8,10.6,8.5,9.36,9.72,51,4592,46059.0
2023-03-27,2023-03-27,ZYDUSLIFE,A,475.0,486.5,471.1,482.3,480.5,1350,28350,13712152.0
2023-03-27,2023-03-27,SHIVACEM,X,48.4,48.4,44.7,45.7,47.6,656,151586,6969934.0
2023-03-27,2023-03-27,CINEVISTA,B,12.9,14.26,12.9,13.06,13.13,664,14698,203141.0
2023-03-27,2023-03-27,INTENTECH,B,57.0,58.85,56.0,56.46,58.71,232,7607,437384.0
2023-03-27,2023-03-27,DANLAW,X,469.95,469.95,430.85,430.9,453.5,272,5200,2296289.0
2023-03-27,2023-03-27,AJANTPHARM,A,1190.0,1190.0,1166.8,1174.05,1182.05,255,2468,2901021.0
2023-03-27,2023-03-27,HBPOR,X,39.0,39.0,37.5,37.77,39.0,12,127,4788.0
2023-03-27,2023-03-27,HBESD,X,37.89,37.89,36.07,36.07,37.96,16,740,26823.0
2023-03-27,2023-03-27,AMBICAAGAR,B,20.08,21.8,19.6,20.69,21.77,147,27892,565203.0
2023-03-27,2023-03-27,BARONINF,XT,0.66,0.66,0.66,0.66,0.63,1,100,66.0
2023-03-27,2023-03-27,COMPUSOFT,B,17.2,17.46,16.25,16.68,17.57,241,29973,497626.0
2023-03-27,2023-03-27,OMNIAX,X,2.73,2.73,2.52,2.52,2.65,38,6916,17821.0
2023-03-27,2023-03-27,IZMO,B,107.6,124.0,107.6,121.27,105.21,3570,147901,17358102.0
2023-03-27,2023-03-27,TVSMOTOR,A,1040.0,1056.0,1031.05,1046.85,1041.75,959,13006,13614868.0
2023-03-27,2023-03-27,MADALA,X,154.6,156.0,154.05,154.1,162.15,15,688,106089.0
2023-03-27,2023-03-27,ACLGATI,A,103.4,104.0,97.65,99.85,103.4,1523,116964,11773355.0
2023-03-27,2023-03-27,SUBEXLTD,A,26.56,26.67,25.01,25.27,26.64,2228,519032,13346589.0
2023-03-27,2023-03-27,TCI,A,603.1,607.0,591.15,595.85,607.25,429,5533,3325333.0
2023-03-27,2023-03-27,PADMALAYAT,Z,2.25,2.25,2.05,2.1,2.15,18,8823,18160.0
2023-03-27,2023-03-27,AKSHOPTFBR,B,8.95,9.19,8.67,8.88,9.13,268,151178,1333364.0
2023-03-27,2023-03-27,VIRGOGLOB,X,7.5,7.5,7.5,7.5,7.15,21,9834,73755.0
2023-03-27,2023-03-27,PICTUREHS,X,5.45,5.45,5.29,5.45,5.54,11,3546,19287.0
2023-03-27,2023-03-27,TRIVENI,A,263.75,266.05,251.0,253.4,267.9,2942,72618,18561909.0
2023-03-27,2023-03-27,MUKTAARTS,B,47.0,47.0,43.34,45.36,47.1,155,4484,204521.0
2023-03-27,2023-03-27,HITKITGLO,XT,0.71,0.71,0.71,0.71,0.74,16,3778,2682.0
2023-03-27,2023-03-27,NAGPI,X,74.99,74.99,64.0,64.0,68.2,19,703,46373.0
2023-03-27,2023-03-27,DSSL,B,325.05,332.75,312.25,312.6,328.65,335,3466,1104360.0
2023-03-27,2023-03-27,PNBGILTS,B,58.0,58.0,56.5,56.65,57.4,536,21875,1243638.0
2023-03-27,2023-03-27,BCG,A,18.82,19.07,17.2,17.71,18.86,10095,5663504,102753222.0
2023-03-27,2023-03-27,RAMCOIND,B,125.35,125.35,122.25,124.3,125.05,339,5593,690117.0
2023-03-27,2023-03-27,RAMCOSYS,B,208.8,208.8,202.3,203.25,208.3,681,8113,1662609.0
2023-03-27,2023-03-27,TTML,A,55.25,55.7,52.51,52.86,55.24,2888,287590,15390130.0
2023-03-27,2023-03-27,VIRINCHI,X,34.5,35.64,33.1,33.25,34.51,356,108807,3682045.0
2023-03-27,2023-03-27,WEPSOLN,X,19.65,20.64,18.95,19.1,19.65,31,1950,37929.0
2023-03-27,2023-03-27,STLTECH,A,152.1,152.65,146.0,148.45,152.45,1493,68076,10246204.0
2023-03-27,2023-03-27,TIPSMUSIC,B,1512.9,1521.95,1461.95,1474.8,1519.0,274,1254,1860313.0
2023-03-27,2023-03-27,UMIYA-MRO,B,56.0,56.0,54.1,54.33,55.77,29,269,14858.0
2023-03-27,2023-03-27,UNIVARTS,XT,2.07,2.07,2.07,2.07,2.07,2,1050,2173.0
2023-03-27,2023-03-27,FIRSTFIN,X,5.01,5.01,5.0,5.0,5.0,8,3393,16966.0
2023-03-27,2023-03-27,BABA,X,13.99,13.99,12.75,13.08,13.99,74,11616,155134.0
2023-03-27,2023-03-27,BALAJITELE,B,37.05,38.15,36.3,36.37,37.85,321,23843,879297.0
2023-03-27,2023-03-27,TYCHE,X,138.0,139.0,132.05,135.0,135.05,109,10838,1462670.0
2023-03-27,2023-03-27,CALSOFT,B,12.98,13.15,11.32,11.73,12.85,459,27150,335053.0
2023-03-27,2023-03-27,PNC,B,31.24,31.79,30.65,30.86,31.27,39,1895,58619.0
2023-03-27,2023-03-27,IOB,A,22.11,22.3,21.4,21.61,22.33,3145,1810249,39478018.0
2023-03-27,2023-03-27,TAJGVK,B,178.5,183.0,174.8,178.45,182.3,537,17990,3231336.0
2023-03-27,2023-03-27,CREATIVEYE,B,4.85,4.85,4.0,4.85,4.25,5,275,1163.0
2023-03-27,2023-03-27,AXISCADES,B,270.05,279.0,261.1,261.1,274.8,1853,18901,5076603.0
2023-03-27,2023-03-27,KONNDOR,X,8.63,8.63,8.59,8.59,8.22,5,65,560.0
2023-03-27,2023-03-27,UMESLTD,B,3.13,3.25,3.13,3.21,3.28,14,13818,43788.0
2023-03-27,2023-03-27,BSOFT,A,261.6,266.2,260.05,260.85,264.65,961,41179,10832568.0
2023-03-27,2023-03-27,USGTECH,X,3.16,3.22,3.14,3.14,3.3,24,2472,7795.0
2023-03-27,2023-03-27,7TEC,X,35.61,36.99,35.25,35.43,35.64,101,6200,223079.0
2023-03-27,2023-03-27,AVANTEL,X,389.9,389.9,375.1,378.3,387.6,433,11853,4504404.0
2023-03-27,2023-03-27,MOSCHIP,X,65.5,67.25,63.0,64.1,65.61,985,198837,12965203.0
2023-03-27,2023-03-27,SIGMAADV,B,22.6,22.69,22.01,22.24,22.88,137,10431,232348.0
2023-03-27,2023-03-27,TRANSCOR,X,29.72,29.72,28.0,28.38,29.0,47,1948,55590.0
2023-03-27,2023-03-27,VISESHINFO,B,0.43,0.43,0.4,0.4,0.42,706,5054344,2069004.0
2023-03-27,2023-03-27,CEREBRAINT,B,7.82,7.99,7.64,7.64,8.04,289,154641,1186196.0
2023-03-27,2023-03-27,NEXTMEDIA,B,4.68,4.68,4.68,4.68,4.92,1,3,14.0
2023-03-27,2023-03-27,SMARTLINK,B,144.05,145.25,142.3,144.3,144.45,73,2489,357615.0
2023-03-27,2023-03-27,GODREJCP,A,943.05,965.0,943.05,962.0,952.6,2524,34459,32958538.0
2023-03-27,2023-03-27,GENUSPRIME,X,9.39,10.37,9.39,10.37,9.88,6,224,2253.0
2023-03-27,2023-03-27,BFUTILITIE,B,309.85,309.85,293.75,296.05,307.05,676,12012,3609367.0
2023-03-27,2023-03-27,UNITDSPR,A,763.7,765.0,746.0,749.4,763.7,1136,13850,10467443.0
2023-03-27,2023-03-27,SANINFRA,X,63.7,65.25,58.5,61.61,62.49,492,161986,10241880.0
2023-03-27,2023-03-27,OLECTRA,A,633.3,651.1,626.8,630.1,631.1,3985,95009,60700552.0
2023-03-27,2023-03-27,MPSLTD,B,1124.25,1124.25,1065.55,1068.25,1127.2,477,2258,2453889.0
2023-03-27,2023-03-27,RNBOWDENIM,Z,3.09,3.09,3.09,3.09,3.25,6,1261,3896.0
2023-03-27,2023-03-27,CERA,A,6118.15,6263.15,6105.4,6135.4,6232.95,170,342,2107532.0
2023-03-27,2023-03-27,BHARTIARTL,A,761.1,769.4,760.05,761.85,762.25,1638,25799,19741869.0
2023-03-27,2023-03-27,SHALIWIR,X,12.0,12.25,11.4,11.42,12.0,45,3956,45352.0
2023-03-27,2023-03-27,COMPINFO,B,13.43,13.49,12.65,12.87,13.41,855,112524,1468690.0
2023-03-27,2023-03-27,GULPOLY,B,210.05,210.05,196.95,200.45,205.9,580,14937,3004069.0
2023-03-27,2023-03-27,FAZE3AUTO,X,57.0,58.0,52.1,55.03,54.35,42,4346,235462.0
2023-03-27,2023-03-27,PONNIERODE,B,384.25,391.05,370.8,376.85,392.9,234,3224,1231564.0
2023-03-27,2023-03-27,PNB,A,45.4,45.98,44.96,45.6,45.57,6598,3366960,153356543.0
2023-03-27,2023-03-27,OFSS,A,3191.9,3227.95,3191.9,3221.85,3200.35,400,1444,4646435.0
2023-03-27,2023-03-27,HAZOOR,X,90.0,91.54,90.0,90.88,87.19,372,75805,6925405.0
2023-03-27,2023-03-27,KAMAHOLD,A,11997.0,11997.0,11801.5,11843.25,11875.25,281,2653,31490677.0
2023-03-27,2023-03-27,MPFSL,XT,11.31,11.31,11.31,11.31,11.31,3,5,56.0
2023-03-27,2023-03-27,APTECHT,B,332.85,335.3,325.95,330.5,330.65,431,4740,1563453.0
2023-03-27,2023-03-27,UNIONBANK,A,63.45,63.8,61.7,62.13,63.43,4279,895888,56253814.0
2023-03-27,2023-03-27,UBL,A,1430.2,1436.0,1410.65,1413.8,1436.15,494,2399,3419339.0
2023-03-27,2023-03-27,ISMTLTD,B,70.45,71.43,66.0,67.36,69.42,1857,186880,12779635.0
2023-03-27,2023-03-27,NOIDATOLL,B,6.9,7.18,6.75,6.8,7.1,72,81622,564739.0
2023-03-27,2023-03-27,GRANULES,A,282.15,286.2,279.25,284.1,282.15,726,18834,5343505.0
2023-03-27,2023-03-27,CANBK,A,274.05,279.1,272.55,277.05,273.7,2332,180735,49927425.0
2023-03-27,2023-03-27,BLIL,B,356.0,356.75,353.5,354.55,355.2,282,6983,2476399.0
2023-03-27,2023-03-27,POKARNA,B,268.4,268.4,247.85,251.35,266.9,396,2638,676705.0
2023-03-27,2023-03-27,DIVISLAB,A,2805.05,2860.0,2805.05,2828.8,2806.25,1746,9321,26469184.0
2023-03-27,2023-03-27,ASTRAMICRO,A,225.0,230.0,218.9,221.05,228.8,1409,64224,14278198.0
2023-03-27,2023-03-27,RADICO,A,1190.05,1212.5,1174.0,1183.35,1192.25,808,5937,7112973.0
2023-03-27,2023-03-27,MARUTI,A,8220.05,8315.0,8220.05,8274.9,8236.25,1780,4097,33883209.0
2023-03-27,2023-03-27,RAJPALAYAM,X,570.45,577.9,559.0,560.35,569.65,184,3820,2162897.0
2023-03-27,2023-03-27,NAVINFLUOR,A,4205.05,4266.25,4163.85,4179.45,4242.25,1007,3256,13722919.0
2023-03-27,2023-03-27,UCOBANK,A,23.71,23.89,22.75,23.15,23.91,4178,2440646,56984696.0
2023-03-27,2023-03-27,BAGFILMS,B,3.97,4.19,3.75,3.83,3.96,3378,51647,197263.0
2023-03-27,2023-03-27,JSL,A,291.1,292.75,287.0,289.7,291.2,1812,37506,10926402.0
2023-03-27,2023-03-27,SUPRAJIT,A,351.5,351.5,332.1,336.95,351.15,351,3984,1358238.0
2023-03-27,2023-03-27,TVSELECT,B,343.0,347.65,321.05,325.3,341.25,1117,47539,16122199.0
2023-03-27,2023-03-27,IGL,B,432.05,436.45,427.55,428.7,432.0,729,13743,5930799.0
2023-03-27,2023-03-27,TVTODAY,B,184.0,187.85,180.05,181.8,185.85,1011,23019,4211074.0
2023-03-27,2023-03-27,PALREDTEC,B,128.1,130.0,123.0,127.4,130.85,230,5261,660409.0
2023-03-27,2023-03-27,PETRONET,A,223.55,227.65,222.1,222.8,223.5,1322,42536,9576014.0
2023-03-27,2023-03-27,BIOCON,A,198.8,207.95,198.8,206.4,198.8,7211,526871,108080677.0
2023-03-27,2023-03-27,PTC,B,88.6,88.91,86.6,86.86,88.6,1021,1509641,131184325.0
2023-03-27,2023-03-27,MAHABANK,A,24.35,24.35,23.25,23.42,24.21,2683,1033847,24532122.0
2023-03-27,2023-03-27,RKFORGE,A,282.95,282.95,273.1,276.2,273.25,1132,37950,10483223.0
2023-03-27,2023-03-27,DATAMATICS,B,284.9,286.0,279.8,280.65,286.85,737,12526,3530869.0
2023-03-27,2023-03-27,NDTV,B,189.0,195.55,182.75,183.5,192.35,2123,93432,17275156.0
2023-03-27,2023-03-27,STAR,A,275.55,287.9,273.5,280.05,274.2,1129,21945,6208111.0
2023-03-27,2023-03-27,JPASSOCIAT,A,7.16,7.7,6.56,6.68,7.13,3060,2443519,16834338.0
2023-03-27,2023-03-27,ULTRACEMCO,A,7401.35,7482.75,7390.6,7451.95,7401.35,1768,5199,38757555.0
2023-03-27,2023-03-27,UNOMINDA,A,444.9,458.95,439.95,455.35,438.0,1759,37421,16713006.0
2023-03-27,2023-03-27,TCS,A,3123.85,3151.95,3105.85,3120.1,3121.45,9873,77555,243034596.0
2023-03-27,2023-03-27,COFORGE,A,3694.95,3724.55,3625.0,3637.65,3699.05,835,3615,13263941.0
2023-03-27,2023-03-27,GULFPETRO,B,32.6,33.68,31.66,31.81,33.12,272,23325,764511.0
2023-03-27,2023-03-27,CENTURYPLY,A,450.5,455.2,438.0,444.1,455.0,577,5319,2366326.0
2023-03-27,2023-03-27,WELENT,B,125.0,125.35,122.4,123.1,125.4,474,15747,1948077.0
2023-03-27,2023-03-27,NTPC,A,173.0,173.85,170.75,171.15,172.7,3868,232614,40003089.0
2023-03-27,2023-03-27,SALSTEEL,B,14.14,14.14,13.59,13.7,14.29,191,44000,607469.0
2023-03-27,2023-03-27,JBMA,A,621.0,633.25,608.6,628.15,618.8,1757,44965,27961054.0
2023-03-27,2023-03-27,DWARKESH,A,84.21,84.21,81.05,81.54,83.93,1789,97409,7975933.0
2023-03-27,2023-03-27,INDOCO,B,321.05,349.0,321.05,335.6,327.6,2185,40863,13601973.0
2023-03-27,2023-03-27,VIPCLOTHNG,B,40.75,41.0,39.0,39.3,41.2,235,19915,788046.0
2023-03-27,2023-03-27,IMPEXFERRO,B,2.17,2.17,1.97,2.17,2.07,138,70824,144764.0
2023-03-27,2023-03-27,XCHANGING,B,56.05,56.89,53.65,54.43,56.58,382,28916,1602382.0
2023-03-27,2023-03-27,JETAIRWAYS,Z,62.76,63.0,61.0,61.24,62.72,209,12536,771616.0
2023-03-27,2023-03-27,MORARJEE,B,17.89,18.0,17.0,17.13,17.89,447,11323,196019.0
2023-03-27,2023-03-27,JINDALPHOT,B,287.95,294.0,278.3,282.05,284.3,188,335,96460.0
2023-03-27,2023-03-27,POCL,B,292.6,296.6,275.0,278.55,296.9,692,13101,3763681.0
2023-03-27,2023-03-27,JPPOWER,A,5.58,5.6,5.17,5.18,5.57,11008,18864871,100200481.0
2023-03-27,2023-03-27,3IINFOLTD,B,30.06,30.09,28.0,28.3,29.89,2345,197766,5705903.0
2023-03-27,2023-03-27,MBECL,T,3.26,3.26,3.26,3.26,3.43,12,20000,65200.0
2023-03-27,2023-03-27,GOKEX,A,369.2,369.2,354.0,355.3,370.75,1506,39431,14334608.0
2023-03-27,2023-03-27,ALLDIGI,B,465.7,487.0,461.0,473.05,467.0,87,624,290719.0
2023-03-27,2023-03-27,IIFL,A,422.0,428.1,416.05,423.3,423.45,793,12004,5045615.0
2023-03-27,2023-03-27,MANGALAM,B,108.0,108.0,99.15,99.95,108.1,250,3796,386223.0
2023-03-27,2023-03-27,SHOPERSTOP,A,635.95,638.95,623.6,632.9,639.25,268,957,604749.0
2023-03-27,2023-03-27,CYBERMEDIA,B,15.5,17.5,15.25,17.2,14.99,435,39767,654128.0
2023-03-27,2023-03-27,NDL,B,17.51,17.51,16.13,16.27,17.34,223,19832,328703.0
2023-03-27,2023-03-27,JSWHL,B,3719.3,3719.3,3700.4,3712.4,3693.15,15,16,59393.0
2023-03-27,2023-03-27,JKCEMENT,A,2818.5,2871.0,2798.8,2838.6,2810.3,947,3245,9211407.0
2023-03-27,2023-03-27,BEEYU,X,2.15,2.15,2.01,2.05,2.05,24,5110,10851.0
2023-03-27,2023-03-27,YESBANK,A,15.01,15.3,15.01,15.06,15.07,17656,19572856,295802347.0
2023-03-27,2023-03-27,NECLIFE,B,16.0,16.33,15.3,15.46,16.24,376,58253,926038.0
2023-03-27,2023-03-27,MSPL,B,8.03,8.3,7.85,7.96,8.09,197,94125,762280.0
2023-03-27,2023-03-27,SPLIL,B,57.77,58.0,54.05,54.64,56.83,362,9075,502943.0
2023-03-27,2023-03-27,KTKBANK,A,132.7,133.15,128.5,129.3,132.3,2349,93346,12177939.0
2023-03-27,2023-03-27,MCLEODRUSS,T,19.3,19.48,18.35,18.35,19.26,146,188518,3502890.0
2023-03-27,2023-03-27,FACORALL,X,6.9,7.1,6.05,6.34,6.8,1383,508088,3276202.0
2023-03-27,2023-03-27,IDFC,A,79.0,79.0,76.5,77.49,78.87,2215,496238,38450084.0
2023-03-27,2023-03-27,VIVIMEDLAB,Z,6.67,6.67,6.67,6.67,7.02,18,7100,47357.0
2023-03-27,2023-03-27,RML,B,412.6,412.6,393.5,395.25,410.8,235,1763,706950.0
2023-03-27,2023-03-27,HTMEDIA,B,16.5,16.5,15.62,15.72,16.54,465,150459,2413279.0
2023-03-27,2023-03-27,SASKEN,B,795.35,801.45,780.75,786.15,802.3,230,1299,1034762.0
2023-03-27,2023-03-27,FCSSOFT,B,2.01,2.05,1.95,1.97,2.02,1420,2153934,4265154.0
2023-03-27,2023-03-27,SUZLON,A,7.58,7.6,7.13,7.23,7.56,11302,20753959,152653701.0
2023-03-27,2023-03-27,AURIONPRO,B,300.85,305.7,295.1,298.05,301.5,735,6895,2050648.0
2023-03-27,2023-03-27,RENUKA,A,43.0,43.0,41.0,41.27,43.03,6286,1070705,44617536.0
2023-03-27,2023-03-27,KMSUGAR,B,25.0,25.0,24.05,24.27,24.9,292,53387,1299956.0
2023-03-27,2023-03-27,BASML,B,37.09,37.21,35.0,35.54,36.9,157,8528,306389.0
2023-03-27,2023-03-27,PBAINFRA,B,9.39,9.39,8.44,8.49,8.82,32,2395,20356.0
2023-03-27,2023-03-27,AIAENG,A,2869.9,2937.45,2832.25,2895.15,2841.9,1032,4046,11721897.0
2023-03-27,2023-03-27,EKC,A,86.61,87.82,84.49,85.35,87.56,1487,106269,9100304.0
2023-03-27,2023-03-27,KERNEX,T,222.4,232.9,222.05,226.0,233.7,59,5307,1190878.0
2023-03-27,2023-03-27,REPRO,B,369.95,375.65,353.6,355.9,369.0,183,1282,472512.0
2023-03-27,2023-03-27,PVRINOX,A,1508.9,1515.0,1493.2,1506.3,1506.55,1481,11010,16553843.0
2023-03-27,2023-03-27,RMCL,Z,1.39,1.39,1.33,1.33,1.39,7,1547,2070.0
2023-03-27,2023-03-27,ASMS,B,5.64,5.64,5.64,5.64,5.38,31,27731,156402.0
2023-03-27,2023-03-27,CELEBRITY,B,13.76,13.76,12.86,13.16,13.76,289,40886,540278.0
2023-03-27,2023-03-27,EDUCOMP,Z,1.54,1.54,1.45,1.45,1.52,52,17343,25412.0
2023-03-27,2023-03-27,NITINSPIN,B,216.2,217.35,213.5,215.75,216.2,594,16539,3569302.0
2023-03-27,2023-03-27,ROHLTD,B,234.7,234.7,224.9,225.85,232.05,418,7446,1698315.0
2023-03-27,2023-03-27,ENIL,B,115.05,116.75,110.15,111.65,115.2,164,10761,1228742.0
2023-03-27,2023-03-27,CELLA,Z,8.07,8.86,8.07,8.16,8.49,26,9808,79497.0
2023-03-27,2023-03-27,GSPL,A,266.6,274.55,266.6,268.65,270.45,769,8230,2221199.0
2023-03-27,2023-03-27,JAGRAN,B,73.99,74.15,69.75,70.47,74.34,386,14898,1063308.0
2023-03-27,2023-03-27,DYNPRO,B,262.15,262.95,251.6,252.5,260.05,352,4204,1076754.0
2023-03-27,2023-03-27,GVKPIL,B,2.35,2.39,2.14,2.15,2.37,839,849149,1897258.0
2023-03-27,2023-03-27,SADBHAV,B,10.38,10.38,9.87,9.92,10.35,387,172080,1728296.0
2023-03-27,2023-03-27,RCOM,T,1.3,1.32,1.29,1.29,1.35,1007,1946578,2513961.0
2023-03-27,2023-03-27,SAKUMA,B,11.13,11.28,10.2,10.37,11.17,274,84169,894825.0
2023-03-27,2023-03-27,KEC,A,468.55,468.55,451.55,456.15,470.55,454,5126,2358448.0
2023-03-27,2023-03-27,GILLANDERS,B,59.75,60.95,58.0,58.56,60.46,90,1766,104415.0
2023-03-27,2023-03-27,INDOTECH,B,175.1,177.0,172.4,174.75,176.5,63,9940,1735842.0
2023-03-27,2023-03-27,BLKASHYAP,B,29.57,29.64,28.37,29.23,29.67,321,25690,743482.0
2023-03-27,2023-03-27,M&MFIN,A,220.5,221.95,215.7,218.2,220.5,2294,121105,26446546.0
2023-03-27,2023-03-27,VISACHROME,T,11.17,12.3,11.17,11.45,11.75,33,6761,78795.0
2023-03-27,2023-03-27,NITCO,B,19.2,19.35,17.95,18.05,19.09,232,26398,496435.0
2023-03-27,2023-03-27,MPDL,X,20.97,21.06,19.06,21.06,20.06,26,2935,58835.0
2023-03-27,2023-03-27,SOLARINDS,A,3840.0,3863.9,3722.0,3754.65,3829.95,905,7524,28622415.0
2023-03-27,2023-03-27,GALLANTT,B,57.1,57.1,55.55,55.84,57.11,142,7530,421893.0
2023-03-27,2023-03-27,MALUPAPER,B,27.79,28.2,26.14,26.19,27.71,78,2371,63082.0
2023-03-27,2023-03-27,UTTAMSUGAR,B,230.9,231.6,218.0,220.2,231.35,668,8605,1931477.0
2023-03-27,2023-03-27,SGL,B,13.45,13.6,12.15,13.58,13.64,133,9084,119390.0
2023-03-27,2023-03-27,KKCL,B,429.5,429.5,416.75,422.7,425.95,236,1592,673130.0
2023-03-27,2023-03-27,SUNTV,A,418.0,419.6,408.15,409.5,419.15,1756,22658,9371106.0
2023-03-27,2023-03-27,GPIL,A,352.0,358.0,348.15,356.35,345.55,1644,41547,14707116.0
2023-03-27,2023-03-27,RSYSTEMS,B,254.0,256.6,250.95,255.5,256.0,407,3409,870765.0
2023-03-27,2023-03-27,EMKAY,B,64.02,64.02,63.7,64.02,64.0,46,4160,265611.0
2023-03-27,2023-03-27,TICL,Z,9.51,10.3,9.41,9.75,9.9,20,9665,91594.0
2023-03-27,2023-03-27,LOKESHMACH,B,113.0,113.05,109.0,110.15,112.35,710,22894,2532473.0
2023-03-27,2023-03-27,KAMDHENU,B,300.95,300.95,289.75,292.2,304.95,652,46154,13554992.0
2023-03-27,2023-03-27,PAUSHAKLTD,A,6412.3,6500.0,6250.0,6313.4,6466.7,569,1969,12477983.0
2023-03-27,2023-03-27,GTNTEX,X,10.84,12.44,10.84,11.23,12.04,19,1438,16035.0
2023-03-27,2023-03-27,INDICAP,X,26.5,27.0,24.55,26.36,26.5,51,7383,191915.0
2023-03-27,2023-03-27,PFOCUS,B,77.0,78.0,73.39,75.46,76.0,167,3054,230565.0
2023-03-27,2023-03-27,ALLCARGO,A,352.65,353.1,343.6,346.4,355.7,976,19226,6692581.0
2023-03-27,2023-03-27,GMRAIRPORT,A,38.65,38.85,38.21,38.31,38.7,3776,1187137,45810110.0
2023-03-27,2023-03-27,TECHM,A,1099.9,1113.55,1094.3,1102.2,1101.55,2168,42745,47248907.0
2023-03-27,2023-03-27,CIEINDIA,A,352.95,355.0,337.0,340.75,355.4,3514,92901,31760100.0
2023-03-27,2023-03-27,VOLTAMP,B,2767.8,2767.8,2654.9,2665.9,2693.15,48,61,162809.0
2023-03-27,2023-03-27,ATLANTAA,B,17.08,17.08,15.47,16.45,16.28,276,43283,696422.0
2023-03-27,2023-03-27,DEEPENR,B,88.85,92.95,86.4,87.25,92.0,271,4953,442631.0
2023-03-27,2023-03-27,HGM,B,33.55,38.95,28.51,29.41,35.15,219,15661,493942.0
2023-03-27,2023-03-27,ACE,A,382.95,386.0,370.25,381.7,377.2,1238,45747,17339694.0
2023-03-27,2023-03-27,GEECEE,B,122.05,135.45,122.05,128.95,132.85,108,1101,142087.0
2023-03-27,2023-03-27,RICHAIND,Z,1.68,1.68,1.52,1.52,1.6,19,7137,10852.0
2023-03-27,2023-03-27,GAYAPROJ,T,5.85,5.85,5.63,5.64,5.92,71,1341953,7633932.0
2023-03-27,2023-03-27,FIEMIND,B,1550.05,1567.8,1500.0,1515.35,1558.7,906,4930,7556135.0
2023-03-27,2023-03-27,JHS,B,16.0,16.0,15.5,15.54,16.48,60,10655,167878.0
2023-03-27,2023-03-27,DCBBANK,A,106.95,107.0,102.25,103.25,106.05,1017,66828,6958570.0
2023-03-27,2023-03-27,GLOBALVECT,B,52.45,53.2,52.45,52.71,53.0,31,682,36272.0
2023-03-27,2023-03-27,INSPIRISYS,B,42.75,44.53,41.97,42.11,43.05,20,372,15757.0
2023-03-27,2023-03-27,GTLINFRA,A,0.71,0.71,0.65,0.66,0.71,12996,32246082,22149705.0
2023-03-27,2023-03-27,SHIVAMAUTO,B,22.5,22.95,21.75,22.01,22.78,464,31208,691064.0
2023-03-27,2023-03-27,NAUKRI,A,3465.05,3573.0,3465.05,3564.95,3478.25,4361,54244,192766293.0
2023-03-27,2023-03-27,TORNTPOWER,A,495.05,504.05,485.0,487.6,502.75,1458,25818,12661929.0
2023-03-27,2023-03-27,PARSVNATH,B,6.82,6.82,6.24,6.34,6.67,984,392243,2514201.0
2023-03-27,2023-03-27,SUTLEJTEX,B,42.0,42.2,40.55,41.05,42.65,259,24731,1023937.0
2023-03-27,2023-03-27,LTFOODS,A,96.23,97.28,90.15,92.8,96.21,1960,119861,11311348.0
2023-03-27,2023-03-27,SOBHA,A,440.75,440.75,422.65,429.55,431.2,1954,29042,12486211.0
2023-03-27,2023-03-27,RUCHIRA,B,95.0,97.5,92.1,92.45,97.05,489,13217,1246930.0
2023-03-27,2023-03-27,TANLA,A,539.2,541.4,506.1,509.45,539.15,6757,100691,52282751.0
2023-03-27,2023-03-27,ZEEMEDIA,B,8.71,8.8,8.36,8.36,8.8,810,594985,5000340.0
2023-03-27,2023-03-27,SITINET,B,1.21,1.23,1.19,1.19,1.25,257,892768,1067197.0
2023-03-27,2023-03-27,LUMAXTECH,B,269.0,277.45,269.0,275.5,273.6,853,24691,6813145.0
2023-03-27,2023-03-27,AUTOIND,B,65.6,67.46,64.6,65.89,66.96,316,5033,335702.0
2023-03-27,2023-03-27,NETWORK18,A,53.0,57.2,50.53,53.64,52.25,2933,535571,28649349.0
2023-03-27,2023-03-27,HUBTOWN,B,31.87,32.25,30.79,30.79,32.41,183,29397,924135.0
2023-03-27,2023-03-27,TV18BRDCST,A,29.22,29.48,28.11,28.32,29.17,2672,950559,27372848.0
2023-03-27,2023-03-27,CTE,B,46.0,48.8,46.0,47.33,50.82,127,7353,350987.0
2023-03-27,2023-03-27,TIIL,B,1181.0,1181.0,1131.65,1152.35,1179.5,624,2571,2956080.0
2023-03-27,2023-03-27,REDINGTON,A,169.95,170.85,165.05,166.45,170.75,1145,69714,11634301.0
2023-03-27,2023-03-27,AICHAMP,XT,22.94,22.99,22.94,22.99,21.9,8,3051,70115.0
2023-03-27,2023-03-27,CINELINE,B,98.35,98.35,95.25,97.3,98.45,133,6599,635870.0
2023-03-27,2023-03-27,PGIL,B,411.0,414.0,403.95,409.75,415.75,67,612,250595.0
2023-03-27,2023-03-27,FSL,A,107.1,111.45,107.1,110.75,110.05,2988,144065,15918239.0
2023-03-27,2023-03-27,PFC,A,146.15,150.3,146.15,148.85,147.95,4181,412949,61346646.0
2023-03-27,2023-03-27,AHLUCONT,B,480.5,520.6,480.5,519.85,500.35,388,2893,1477257.0
2023-03-27,2023-03-27,TFL,B,8.85,9.39,8.85,9.38,9.17,5,101,947.0
2023-03-27,2023-03-27,INDIANB,A,268.95,273.6,263.5,271.05,269.5,1103,43799,11738747.0
2023-03-27,2023-03-27,SMSPHARMA,B,63.0,63.01,57.0,58.77,63.87,448,10331,617501.0
2023-03-27,2023-03-27,ORIENTALTL,B,6.1,6.44,6.01,6.08,6.2,39,5975,36729.0
2023-03-27,2023-03-27,ELAND,X,5.03,5.9,5.03,5.12,5.44,66,8515,45830.0
2023-03-27,2023-03-27,IDEA,A,6.27,6.29,6.0,6.04,6.27,23821,40522870,248200762.0
2023-03-27,2023-03-27,JAGJANANI,X,2.53,2.64,2.53,2.53,2.65,12,3355,8523.0
2023-03-27,2023-03-27,RAJTV,B,38.96,39.39,38.45,38.86,39.4,35,951,36796.0
2023-03-27,2023-03-27,PAGEIND,A,37022.25,37718.95,36949.8,37503.55,37022.25,232,344,12859854.0
2023-03-27,2023-03-27,AMDIND,B,47.35,48.0,45.3,45.66,47.3,114,2326,107976.0
2023-03-27,2023-03-27,LEHAR,X,75.0,76.49,71.0,72.54,73.55,60,2998,217347.0
2023-03-27,2023-03-27,ASTRAL,A,1322.05,1345.45,1320.0,1321.8,1335.1,3462,20168,26919125.0
2023-03-27,2023-03-27,EMBDL,A,51.81,52.21,48.9,49.42,51.66,5471,1325768,66435138.0
2023-03-27,2023-03-27,CAMLINFINE,B,130.0,131.1,125.25,126.75,130.0,1147,24747,3189398.0
2023-03-27,2023-03-27,ICRA,B,4450.0,4470.35,4405.0,4428.4,4461.7,54,83,368797.0
2023-03-27,2023-03-27,DISHTV,A,13.95,14.0,13.15,13.33,13.91,1759,2789699,37433964.0
2023-03-27,2023-03-27,SAHYADRI,X,321.0,323.85,302.4,309.1,321.25,160,6440,2049831.0
2023-03-27,2023-03-27,SRHHYPOLTD,B,398.1,408.75,391.8,395.25,406.1,424,6083,2424971.0
2023-03-27,2023-03-27,FORTIS,A,254.0,261.1,251.2,255.85,253.45,2687,86529,21931826.0
2023-03-27,2023-03-27,TGBHOTELS,B,8.49,8.52,8.25,8.25,8.27,48,18227,150645.0
2023-03-27,2023-03-27,HILTON,T,107.6,108.4,102.0,102.25,106.45,88,5391,558404.0
2023-03-27,2023-03-27,DELTACORP,A,185.15,186.4,181.0,181.5,185.45,3484,181478,33321385.0
2023-03-27,2023-03-27,MICEL,B,12.01,12.29,11.53,11.61,12.0,85,15560,184992.0
2023-03-27,2023-03-27,INSECTICID,B,479.05,498.35,479.05,495.3,488.1,168,652,322541.0
2023-03-27,2023-03-27,ASAHISONG,B,185.2,189.9,183.55,186.3,187.7,161,1750,327403.0
2023-03-27,2023-03-27,HARYNACAP,X,53.95,53.95,48.01,51.96,48.61,4,36,1762.0
2023-03-27,2023-03-27,TIMETECHNO,A,73.0,73.0,69.55,69.94,73.06,1339,218874,15680273.0
2023-03-27,2023-03-27,HGS,A,1006.05,1040.5,994.55,1027.4,1015.95,479,4086,4161743.0
2023-03-27,2023-03-27,NELCAST,B,93.2,93.2,87.02,87.54,92.59,761,51448,4595860.0
2023-03-27,2023-03-27,QUINTEGRA,T,0.99,1.0,0.99,1.0,1.01,2,15000,14866.0
2023-03-27,2023-03-27,V2RETAIL,B,78.05,78.05,75.95,76.46,77.7,84,3727,285443.0
2023-03-27,2023-03-27,DLF,A,355.0,357.35,347.6,348.95,354.3,2579,83807,29587779.0
2023-03-27,2023-03-27,TARMAT,B,81.3,83.35,78.8,79.94,84.56,378,22964,1855260.0
2023-03-27,2023-03-27,ANKITMETAL,B,3.73,3.85,3.4,3.5,3.73,785,196704,720676.0
2023-03-27,2023-03-27,SPARC,A,174.0,174.0,167.3,168.8,172.8,928,53302,9081562.0
2023-03-27,2023-03-27,HDIL,Z,2.96,3.0,2.82,2.82,2.96,309,227037,649241.0
2023-03-27,2023-03-27,ADSL,B,79.0,79.0,73.15,74.93,77.07,834,69444,5172836.0
2023-03-27,2023-03-27,ALPA,B,53.02,54.5,52.8,53.16,53.95,200,4075,218572.0
2023-03-27,2023-03-27,SSLEL,X,125.95,126.0,121.0,125.9,121.0,18,1837,230969.0
2023-03-27,2023-03-27,OMAXE,B,55.7,55.7,51.45,52.5,55.15,326,65239,3535774.0
2023-03-27,2023-03-27,REFEX,B,236.5,238.8,226.0,232.9,236.35,522,8589,2017504.0
2023-03-27,2023-03-27,CENTRALBK,A,23.39,23.4,22.68,22.85,23.39,1484,353186,8132661.0
2023-03-27,2023-03-27,SELMC,T,168.2,168.2,168.2,168.2,171.6,4,8,1345.0
2023-03-27,2023-03-27,ASIANTILES,B,36.2,36.9,35.87,36.06,36.59,509,40743,1478878.0
2023-03-27,2023-03-27,KPRMILL,A,567.05,575.55,551.3,555.5,576.45,1410,11685,6599958.0
2023-03-27,2023-03-27,TAKE,B,15.0,15.0,14.01,14.09,14.8,492,85566,1226373.0
2023-03-27,2023-03-27,PURVA,B,67.05,67.05,64.11,64.48,67.73,588,29819,1948114.0
2023-03-27,2023-03-27,MOTILALOFS,A,552.05,569.2,550.75,553.2,559.15,1388,30038,16794199.0
2023-03-27,2023-03-27,VTMLTD,X,46.55,46.64,45.95,46.0,46.55,40,4523,208804.0
2023-03-27,2023-03-27,INDOWIND,B,9.85,9.85,9.52,9.52,10.02,102,42984,409616.0
2023-03-27,2023-03-27,NAGREEKCAP,B,25.11,25.11,24.59,25.11,23.92,56,8197,205824.0
2023-03-27,2023-03-27,MAGNUM,B,28.5,29.19,27.81,27.86,29.27,335,16254,457608.0
2023-03-27,2023-03-27,POWERGRID,A,222.45,226.25,219.5,220.1,222.45,5006,378753,84560307.0
2023-03-27,2023-03-27,KSCL,A,511.7,514.1,500.0,501.7,513.35,875,6871,3475714.0
2023-03-27,2023-03-27,PAISALO,B,56.25,56.25,54.75,54.89,56.41,55,2752,152250.0
2023-03-27,2023-03-27,CCCL,T,1.41,1.41,1.34,1.34,1.41,9,3662,4907.0
2023-03-27,2023-03-27,SUPREMEINF,B,26.65,28.06,25.97,25.97,27.33,260,8824,231337.0
2023-03-27,2023-03-27,MAANALU,B,182.9,182.9,172.0,172.55,174.8,98,1652,289012.0
2023-03-27,2023-03-27,IL&FSENGG,Z,13.2,13.5,12.68,12.7,13.2,28,9513,123282.0
2023-03-27,2023-03-27,PARLEIND,X,6.85,7.1,6.8,6.9,6.96,514,48511,335427.0
2023-03-27,2023-03-27,RELIGARE,A,147.1,148.75,143.1,144.4,147.1,643,102519,14830068.0
2023-03-27,2023-03-27,BVCL,B,24.2,24.5,24.0,24.05,24.2,18,381,9180.0
2023-03-27,2023-03-27,RATHIBAR,X,21.9,21.9,20.15,20.38,21.77,23,1968,40527.0
2023-03-27,2023-03-27,ADANIPORTS,A,635.25,644.9,625.2,629.1,638.2,16166,776624,491152977.0
2023-03-27,2023-03-27,EDELWEISS,A,53.0,53.0,50.7,50.93,52.66,1550,240792,12334451.0
2023-03-27,2023-03-27,RGL,B,82.83,84.24,82.13,82.67,83.07,81,12222,1012673.0
2023-03-27,2023-03-27,KOLTEPATIL,A,254.95,255.8,248.35,248.75,256.55,228,2764,696774.0
2023-03-27,2023-03-27,KAUSHALYA,B,4.1,4.1,3.76,3.86,3.85,396,2994,11829.0
2023-03-27,2023-03-27,JYOTHYLAB,A,181.0,185.95,181.0,184.15,185.6,242,4254,785224.0
2023-03-27,2023-03-27,ECLERX,A,1322.95,1360.0,1322.95,1338.6,1322.95,988,5422,7269071.0
2023-03-27,2023-03-27,TARIL,B,55.55,56.94,53.0,53.79,56.64,351,17414,961364.0
2023-03-27,2023-03-27,BRIGADE,A,446.0,469.15,446.0,465.35,454.85,199,893,408655.0
2023-03-27,2023-03-27,BGRENERGY,B,48.51,48.51,46.26,46.68,48.8,420,22276,1050521.0
2023-03-27,2023-03-27,BURNPUR,B,5.95,6.28,5.22,6.24,5.71,1992,2470130,15229032.0
2023-03-27,2023-03-27,MANAKSIA,B,115.3,124.7,111.6,121.0,115.45,389,11007,1310819.0
2023-03-27,2023-03-27,PORWAL,X,21.29,21.29,19.0,19.21,20.57,97,12038,235227.0
2023-03-27,2023-03-27,PPAP,B,170.0,171.3,163.15,163.75,171.7,122,4042,662297.0
2023-03-27,2023-03-27,ARIES,B,151.8,152.7,143.6,146.1,151.1,469,8981,1333523.0
2023-03-27,2023-03-27,KUANTUM,B,123.95,124.2,117.5,117.55,123.5,89,3782,456665.0
2023-03-27,2023-03-27,RPOWER,A,9.89,9.96,9.33,9.4,9.88,7349,8721821,84080066.0
2023-03-27,2023-03-27,JKIL,B,240.55,240.6,232.7,234.05,239.7,699,12107,2860081.0
2023-03-27,2023-03-27,CORDSCABLE,B,63.6,68.0,61.95,62.38,63.63,852,47778,3097033.0
2023-03-27,2023-03-27,KNRCON,A,248.3,253.75,246.3,249.05,252.8,390,5126,1281666.0
2023-03-27,2023-03-27,ONMOBILE,A,64.51,64.53,59.15,59.76,64.28,825,44382,2754966.0
2023-03-27,2023-03-27,SEPC,B,12.99,12.99,11.6,11.9,12.64,808,237730,2858675.0
2023-03-27,2023-03-27,BANG,B,35.77,38.15,35.06,37.0,38.27,107,4419,165198.0
2023-03-27,2023-03-27,IRB,A,24.31,24.81,23.25,23.39,24.56,4826,3024427,72261930.0
2023-03-27,2023-03-27,GSS,B,189.6,192.9,187.9,190.05,189.75,259,5342,1015771.0
2023-03-27,2023-03-27,NAHARCAP,B,264.6,265.15,251.0,251.0,257.5,103,532,135981.0
2023-03-27,2023-03-27,VGUARD,A,244.5,245.95,243.0,244.85,247.8,326,3393,829706.0
2023-03-27,2023-03-27,RECLTD,A,114.65,115.85,113.9,115.05,115.2,3683,299323,34436196.0
2023-03-27,2023-03-27,GOKAKTEX,X,20.8,20.82,20.8,20.82,19.83,5,1300,27058.0
2023-03-27,2023-03-27,DHANI,A,26.56,27.07,24.65,24.93,26.95,3211,727602,18610773.0
2023-03-27,2023-03-27,TITAGARH,B,241.95,250.6,236.3,245.6,240.75,1756,39571,9657099.0
2023-03-27,2023-03-27,KIRIINDUS,A,285.4,288.0,275.1,279.75,282.45,1113,17233,4847296.0
2023-03-27,2023-03-27,BIRLAMONEY,B,49.0,49.43,46.36,47.23,48.77,327,15678,745293.0
2023-03-27,2023-03-27,TELOGICA,Z,5.43,5.43,5.43,5.43,5.43,6,4461,24223.0
2023-03-27,2023-03-27,JAIBALAJI,B,45.04,45.21,44.29,44.3,44.95,25,2070,92678.0
2023-03-27,2023-03-27,BAJAJ-AUTO,A,3812.35,3840.9,3801.0,3806.55,3825.65,563,2881,11007384.0
2023-03-27,2023-03-27,BAJAJFINSV,A,1242.05,1251.35,1226.2,1239.2,1241.05,8489,98362,122041737.0
2023-03-27,2023-03-27,GOKUL,B,27.0,27.12,26.2,26.59,27.17,305,22575,598438.0
2023-03-27,2023-03-27,RPGLIFE,B,730.0,730.0,701.3,704.6,727.0,177,616,441650.0
2023-03-27,2023-03-27,SENSEX1,A,61.81,61.81,60.51,60.56,61.23,58,2076,126313.0
2023-03-27,2023-03-27,NIRAJ,B,29.79,30.5,28.91,29.25,27.67,93,9637,283699.0
2023-03-27,2023-03-27,RBL,B,612.0,619.05,594.0,605.65,618.45,181,781,471901.0
2023-03-27,2023-03-27,RANEENGINE,B,202.1,204.0,199.05,202.45,205.85,42,504,101844.0
2023-03-27,2023-03-27,BAFNAPH,T,84.0,84.0,84.0,84.0,84.0,1,1,84.0
2023-03-27,2023-03-27,SEJALLTD,T,256.15,256.15,250.0,254.0,256.15,3,55,13816.0
2023-03-27,2023-03-27,ARCHIDPLY,B,53.85,54.63,53.15,53.15,54.94,79,2271,122573.0
2023-03-27,2023-03-27,LOTUSEYE,B,59.1,63.98,58.09,58.35,61.14,68,2597,153157.0
2023-03-27,2023-03-27,SOMICONVEY,B,36.1,37.45,35.0,35.0,37.05,33,2949,105800.0
2023-03-27,2023-03-27,LGBFORGE,B,8.0,8.2,7.62,7.65,8.02,315,70710,546584.0
2023-03-27,2023-03-27,LPDC,B,6.5,6.5,5.63,5.87,5.91,134,3967,23885.0
2023-03-27,2023-03-27,SICAGEN,X,30.25,31.7,30.25,31.09,31.28,77,15874,494066.0
2023-03-27,2023-03-27,SIMPLXPAP,X,14.25,16.5,14.25,16.5,15.95,28,2336,36405.0
2023-03-27,2023-03-27,20MICRONS,B,66.75,67.0,64.0,64.27,66.77,565,18178,1181363.0
2023-03-27,2023-03-27,ZFCVINDIA,A,10062.5,10092.75,9890.15,9980.5,10106.4,114,137,1365412.0
2023-03-27,2023-03-27,ALKALI,B,91.75,96.55,91.5,91.65,96.3,397,7502,701412.0
2023-03-27,2023-03-27,ISGEC,A,452.05,460.0,424.25,429.9,441.95,1474,29049,12973515.0
2023-03-27,2023-03-27,IMFA,B,285.1,288.05,275.4,278.95,287.2,257,5506,1553246.0
2023-03-27,2023-03-27,TPHQ,B,12.12,12.12,12.12,12.12,11.55,8,440,5332.0
2023-03-27,2023-03-27,VEDAVAAG,X,38.89,38.89,37.0,37.35,37.68,124,20650,785044.0
2023-03-27,2023-03-27,MOLDTKPAC,A,912.05,926.35,897.05,909.3,926.75,460,1975,1792380.0
2023-03-27,2023-03-27,MHRIL,A,259.15,268.45,257.8,267.45,263.5,591,10273,2706347.0
2023-03-27,2023-03-27,LANDSMILL,B,0.39,0.4,0.38,0.38,0.39,337,3797853,1477533.0
2023-03-27,2023-03-27,ROML,B,45.7,45.7,42.31,43.48,43.55,95,10916,489064.0
2023-03-27,2023-03-27,BENGALASM,A,3598.75,3661.0,3310.0,3499.85,3613.7,46,2720,9588867.0
2023-03-27,2023-03-27,ADANIPOWER,A,195.0,195.5,183.0,183.0,192.6,26183,1621429,302214162.0
2023-03-27,2023-03-27,NHPC,A,39.37,39.67,38.75,38.97,39.67,7098,1705299,66706534.0
2023-03-27,2023-03-27,SURYAAMBA,X,175.0,176.7,148.5,150.8,175.8,55,2976,472854.0
2023-03-27,2023-03-27,GLOBUSSPR,A,768.0,804.95,760.0,786.6,766.2,1655,17677,13880239.0
2023-03-27,2023-03-27,OIL,A,250.0,252.0,244.95,249.95,250.75,1729,62082,15427512.0
2023-03-27,2023-03-27,SWANDEF,Z,1.85,1.85,1.78,1.78,1.87,200,367168,662126.0
2023-03-27,2023-03-27,BTTL,X,13.08,13.08,12.0,12.04,12.91,110,17553,214854.0
2023-03-27,2023-03-27,SPSL,X,17.21,18.7,17.21,18.49,17.08,25,450,8103.0
2023-03-27,2023-03-27,EXPLEOSOL,B,1245.3,1245.3,1208.15,1216.7,1244.3,246,586,720562.0
2023-03-27,2023-03-27,RTNPOWER,A,3.07,3.09,2.85,2.86,3.08,3188,5840768,17117181.0
2023-03-27,2023-03-27,DEN,B,27.69,27.88,26.92,27.1,27.69,580,99399,2705659.0
2023-03-27,2023-03-27,ASTEC,A,1197.4,1221.6,1190.75,1206.65,1208.1,579,1555,1866514.0
2023-03-27,2023-03-27,DLINKINDIA,B,212.85,213.0,204.85,207.4,212.85,970,19682,4097327.0
2023-03-27,2023-03-27,JSWENERGY,A,237.05,238.65,223.9,226.55,236.85,3472,149688,34572065.0
2023-03-27,2023-03-27,YUNIKM,X,3.6,3.97,3.36,3.45,3.8,108,29822,104323.0
2023-03-27,2023-03-27,GODREJPROP,A,1044.55,1044.55,1015.0,1025.2,1044.55,1505,18421,18891135.0
2023-03-27,2023-03-27,DBCORP,B,99.5,99.68,96.17,97.2,99.84,214,8939,877542.0
2023-03-27,2023-03-27,MBLINFRA,B,16.7,16.9,16.05,16.1,16.7,275,11438,184948.0
2023-03-27,2023-03-27,JUBLFOOD,A,440.6,442.35,423.5,439.85,440.55,3425,88347,38316411.0
2023-03-27,2023-03-27,VASCONEQ,B,26.29,26.29,24.4,24.8,26.06,1052,232644,5913013.0
2023-03-27,2023-03-27,THANGAMAYL,B,1040.2,1042.95,1010.0,1013.25,1043.25,147,555,569149.0
2023-03-27,2023-03-27,DBREALTY,A,61.01,62.42,59.68,60.55,62.15,819,56149,3414996.0
2023-03-27,2023-03-27,EMMBI,B,79.7,80.35,77.0,77.11,80.1,152,3928,305516.0
2023-03-27,2023-03-27,HATHWAY,A,13.3,13.41,12.96,13.0,13.39,740,610973,7993519.0
2023-03-27,2023-03-27,ARSSINFRA,T,27.49,27.51,25.9,26.15,26.2,46,9606,259712.0
2023-03-27,2023-03-27,TEXMOPIPES,B,44.0,45.5,43.05,43.2,45.97,584,28588,1248651.0
2023-03-27,2023-03-27,SUNDARAM,B,2.25,2.31,2.1,2.13,2.25,266,313591,680735.0
2023-03-27,2023-03-27,COROENGG,X,28.41,28.45,27.52,27.91,28.5,57,71150,1988102.0
2023-03-27,2023-03-27,ROSSELLIND,B,236.5,236.65,225.05,228.0,236.85,85,1911,447748.0
2023-03-27,2023-03-27,MANINFRA,A,69.75,70.43,66.44,67.46,69.71,1011,97092,6545633.0
2023-03-27,2023-03-27,TAMBOLIIN,X,103.0,110.9,102.0,102.7,104.25,52,7199,743166.0
2023-03-27,2023-03-27,IVZINGOLD,E,5222.2,5222.2,5222.2,5222.2,5289.95,1,1,5222.0
2023-03-27,2023-03-27,IL&FSTRANS,Z,2.99,3.17,2.99,3.1,3.14,26,12168,36931.0
2023-03-27,2023-03-27,PERSISTENT,A,4331.05,4439.75,4303.3,4367.95,4325.0,2417,10225,44700534.0
2023-03-27,2023-03-27,ISFT,B,105.2,105.55,95.0,95.65,105.65,225,3360,345340.0
2023-03-27,2023-03-27,GOENKA,Z,0.91,0.91,0.87,0.89,0.91,81,65142,57158.0
2023-03-27,2023-03-27,KCPSUGIND,B,23.05,23.59,22.5,22.64,23.48,148,18082,413732.0
2023-03-27,2023-03-27,KECL,B,67.2,68.65,65.25,66.25,68.11,441,27595,1860182.0
2023-03-27,2023-03-27,SATCH,X,1.72,1.72,1.55,1.61,1.72,145,215884,342614.0
2023-03-27,2023-03-27,TARAPUR,B,3.45,3.45,3.4,3.4,3.45,6,1261,4342.0
2023-03-27,2023-03-27,SJVN,A,30.46,31.09,30.39,30.9,30.57,1735,653736,20145920.0
2023-03-27,2023-03-27,EMAMIPAP,B,112.3,112.3,108.05,108.9,111.3,92,2816,308308.0
2023-03-27,2023-03-27,KRITINUT,B,41.6,41.6,39.45,39.66,41.62,352,18305,739488.0
2023-03-27,2023-03-27,GKB,X,107.2,110.0,106.3,106.8,111.85,64,1886,201722.0
2023-03-27,2023-03-27,HMVL,B,43.7,46.27,43.7,44.27,46.27,226,14994,671830.0
2023-03-27,2023-03-27,EMAMIREAL,B,58.7,59.2,56.05,57.69,59.09,256,10197,588961.0
2023-03-27,2023-03-27,AHLEAST,B,92.0,92.25,86.1,87.0,91.9,73,1736,156416.0
2023-03-27,2023-03-27,BAJAJCON,A,155.6,155.8,153.9,155.25,155.6,542,30828,4781062.0
2023-03-27,2023-03-27,HDFCGOLD,E,51.67,52.07,51.67,51.77,52.23,478,55072,2858331.0
2023-03-27,2023-03-27,PRAKASHSTL,B,3.81,3.99,3.81,3.84,3.92,248,74249,286421.0
2023-03-27,2023-03-27,GOLDIETF,E,52.02,52.29,51.71,51.8,52.02,1030,22199,1152225.0
2023-03-27,2023-03-27,GPPL,A,106.25,110.5,106.25,109.65,107.2,1852,72295,7882514.0
2023-03-27,2023-03-27,WELINV,B,265.1,267.75,265.1,267.75,271.0,11,2762,739507.0
2023-03-27,2023-03-27,HEALTHX,B,228.2,236.2,222.35,223.7,231.3,239,22347,5068337.0
2023-03-27,2023-03-27,CPCAP,B,190.75,207.5,182.5,204.4,187.5,2296,57164,11155698.0
2023-03-27,2023-03-27,EROSMEDIA,B,25.4,25.4,23.39,23.39,24.62,586,130987,3089440.0
2023-03-27,2023-03-27,RAMKY,B,285.65,285.65,278.4,282.25,285.05,359,5160,1455473.0
2023-03-27,2023-03-27,GREENPOWER,B,8.37,8.45,8.06,8.1,8.42,550,342519,2811519.0
2023-03-27,2023-03-27,CANTABIL,B,857.65,857.65,827.15,843.15,846.0,233,969,812124.0
2023-03-27,2023-03-27,SEATV,X,3.35,3.35,3.35,3.35,3.46,1,80,268.0
2023-03-27,2023-03-27,WABAG,B,342.05,343.0,326.2,328.8,342.3,2164,69189,23152296.0
2023-03-27,2023-03-27,BEDMUTHA,B,51.39,54.7,49.0,49.75,51.39,27,2899,146572.0
2023-03-27,2023-03-27,ASHOKA,A,74.19,74.43,72.5,72.99,74.14,1199,104032,7607230.0
2023-03-27,2023-03-27,JWL,B,95.89,95.89,89.86,89.86,94.58,637,40411,3669241.0
2023-03-27,2023-03-27,OBEROIRLTY,A,838.05,844.0,821.0,824.0,845.7,1074,10021,8350971.0
2023-03-27,2023-03-27,PRESTIGE,A,412.05,412.05,397.4,402.85,414.2,930,24329,9858558.0
2023-03-27,2023-03-27,SHAH,B,2.57,2.68,2.5,2.61,2.59,163,175056,451351.0
2023-03-27,2023-03-27,COALINDIA,A,208.1,210.2,207.7,208.45,208.55,4924,306146,63967131.0
2023-03-27,2023-03-27,GRAVITA,A,480.0,485.55,455.55,461.2,478.65,1881,42398,19833729.0
2023-03-27,2023-03-27,RPPINFRA,B,41.26,41.71,38.44,39.04,41.07,299,13342,531683.0
2023-03-27,2023-03-27,RDBIPL,X,37.1,37.1,35.01,35.99,36.5,12,2651,97876.0
2023-03-27,2023-03-27,MOIL,A,148.3,148.4,145.5,146.1,148.3,311,7683,1124619.0
2023-03-27,2023-03-27,ZEELEARN,B,3.6,3.61,3.46,3.46,3.64,178,584756,2046647.0
2023-03-27,2023-03-27,KTIL,X,32.5,32.5,32.0,32.0,33.59,26,2692,86154.0
2023-03-27,2023-03-27,A2ZINFRA,B,6.55,6.55,5.43,5.96,6.21,278,151612,919067.0
2023-03-27,2023-03-27,KIRLOSENG,A,394.0,394.0,373.5,380.85,385.1,529,7204,2729421.0
2023-03-27,2023-03-27,RKDL,B,14.8,15.34,14.35,15.19,15.13,37,16337,241141.0
2023-03-27,2023-03-27,PSB,B,24.71,24.71,23.77,23.96,24.51,681,87327,2112179.0
2023-03-27,2023-03-27,FMNL,B,4.19,4.39,4.12,4.26,4.24,50,9670,41484.0
2023-03-27,2023-03-27,SURANASOL,B,17.05,17.15,16.0,16.13,17.0,237,24290,397041.0
2023-03-27,2023-03-27,SHEKHAWATI,T,0.6,0.63,0.6,0.63,0.6,52,59613,36150.0
2023-03-27,2023-03-27,KICL,B,1698.0,1698.0,1674.9,1680.1,1720.25,20,63,106186.0
2023-03-27,2023-03-27,BFINVEST,B,375.0,382.55,375.0,379.05,380.15,141,745,282687.0
2023-03-27,2023-03-27,SUMMITSEC,B,537.3,540.0,530.05,533.0,540.0,70,195,103969.0
2023-03-27,2023-03-27,INOVSYNTH,X,18.75,18.75,14.76,14.84,15.91,29,2371,37308.0
2023-03-27,2023-03-27,STEL,B,150.55,150.55,140.05,142.25,149.65,106,1938,283198.0
2023-03-27,2023-03-27,OMKARCHEM,Z,9.27,9.27,9.27,9.27,9.75,1,500,4635.0
2023-03-27,2023-03-27,JUBLINDS,B,395.0,404.35,385.0,388.7,402.7,300,1464,573737.0
2023-03-27,2023-03-27,TEXRAIL,A,43.51,44.58,42.45,42.78,44.46,1105,207593,9009340.0
2023-03-27,2023-03-27,INDTERRAIN,B,44.39,44.39,42.35,42.85,44.48,269,19244,829782.0
2023-03-27,2023-03-27,FCL,A,215.0,220.7,214.0,216.1,222.1,1727,39015,8485381.0
2023-03-27,2023-03-27,DHUNINV,B,581.25,582.15,581.25,582.0,586.5,5,43,25025.0
2023-03-27,2023-03-27,ZENTEC,B,304.05,308.0,295.0,299.6,301.6,3361,207626,62028002.0
2023-03-27,2023-03-27,LOVABLE,B,105.9,105.9,94.0,94.35,99.6,335,7848,757931.0
2023-03-27,2023-03-27,PFS,B,13.1,13.31,12.88,12.95,13.31,368,174341,2277321.0
2023-03-27,2023-03-27,MON100,E,101.58,102.5,101.26,102.26,101.43,1578,256774,26210240.0
2023-03-27,2023-03-27,MUTHOOTFIN,A,953.05,980.35,948.9,965.05,962.05,1804,18730,18131003.0
2023-03-27,2023-03-27,FCONSUMER,B,0.56,0.56,0.56,0.56,0.58,475,403630,226032.0
2023-03-27,2023-03-27,TRUEGREEN,X,18.55,19.46,18.55,18.57,18.55,14,2701,50189.0
2023-03-27,2023-03-27,BSLGOLDETF,E,53.02,53.64,53.0,53.44,53.94,66,280,14871.0
2023-03-27,2023-03-27,VMS,X,11.0,11.63,11.0,11.08,11.23,14,3046,34122.0
2023-03-27,2023-03-27,KARMAENG,T,33.19,33.19,30.4,30.54,31.65,8,360,11040.0
2023-03-27,2023-03-27,DELPHIFX,B,314.35,326.55,314.35,326.55,296.9,77,1099,357373.0
2023-03-27,2023-03-27,RUSHIL,B,266.7,268.55,245.45,249.45,265.65,798,13232,3401020.0
2023-03-27,2023-03-27,ENKEIWHEL,X,473.0,473.0,448.6,450.0,461.2,19,450,205532.0
2023-03-27,2023-03-27,KRIDHANINF,B,2.04,2.16,1.85,1.97,2.12,58,40291,80970.0
2023-03-27,2023-03-27,BGLOBAL,Z,3.77,3.77,3.42,3.42,3.6,3,3,10.0
2023-03-27,2023-03-27,INVENTURE,B,1.72,1.9,1.62,1.66,1.7,1334,2752681,4742673.0
2023-03-27,2023-03-27,LTF,A,82.1,82.94,80.7,81.44,82.08,1466,252891,20648460.0
2023-03-27,2023-03-27,IBULLSLTD,B,11.35,11.41,10.1,10.24,11.54,409,92135,976845.0
2023-03-27,2023-03-27,TREEHOUSE,B,14.07,14.35,13.62,13.8,14.21,36,2158,29766.0
2023-03-27,2023-03-27,BROOKS,B,75.46,75.46,70.2,70.2,73.89,102,21195,1492399.0
2023-03-27,2023-03-27,RUPA,A,211.95,211.95,201.5,204.55,209.7,1358,29684,6093988.0
2023-03-27,2023-03-27,TDPOWERSYS,B,168.2,168.65,159.4,163.35,169.3,1573,60510,9872191.0
2023-03-27,2023-03-27,GOLDAXIS,E,50.51,50.78,50.01,50.28,50.92,331,47930,2408626.0
2023-03-27,2023-03-27,APLLTD,A,483.1,490.0,479.35,489.45,484.45,472,5356,2608520.0
2023-03-27,2023-03-27,VASWANI,B,19.89,20.09,19.24,19.29,19.37,62,2499,48920.0
2023-03-27,2023-03-27,PGEL,A,1296.1,1343.4,1288.2,1323.25,1299.3,373,1821,2370490.0
2023-03-27,2023-03-27,LESHAIND,X,3.9,3.96,3.81,3.83,3.94,610,148558,577041.0
2023-03-27,2023-03-27,SETUINFRA,T,0.98,0.98,0.92,0.92,0.96,37,98952,94142.0
2023-03-27,2023-03-27,RDBRL,X,72.8,73.3,70.0,70.62,72.46,77,4974,357155.0
2023-03-27,2023-03-27,TIJARIA,B,4.69,4.97,4.66,4.97,4.9,1689,4587,21806.0
2023-03-27,2023-03-27,ONELIFECAP,B,14.5,15.82,13.46,13.56,13.35,487,53828,785744.0
2023-03-27,2023-03-27,FLEXITUFF,B,26.13,26.25,26.13,26.25,27.5,5,64,1677.0
2023-03-27,2023-03-27,UEL,T,1.95,1.99,1.87,1.89,1.96,189,297740,562000.0
2023-03-27,2023-03-27,TRITURBINE,A,307.25,312.55,304.3,309.65,308.2,508,11355,3506540.0
2023-03-27,2023-03-27,INDOTHAI,T,240.35,242.15,230.0,231.55,240.35,20,1518,351608.0
2023-03-27,2023-03-27,ESSARSHPNG,B,8.45,8.49,7.66,7.73,8.46,353,108635,854015.0
2023-03-27,2023-03-27,LICMFGOLD,E,5371.15,5457.1,5371.15,5445.53,5401.0,4,4,21658.0
2023-03-27,2023-03-27,APLAPOLLO,A,1210.05,1222.5,1185.0,1189.75,1208.7,853,9919,11877868.0
2023-03-27,2023-03-27,GPTINFRA,B,45.36,45.75,43.1,43.52,45.65,196,12631,554206.0
2023-03-27,2023-03-27,FERVENTSYN,XT,16.04,16.83,16.04,16.83,16.04,5,410,6655.0
2023-03-27,2023-03-27,THOMASCOTT,B,37.0,37.27,37.0,37.27,35.5,5,152,5624.0
2023-03-27,2023-03-27,TERASOFT,B,31.65,32.25,30.75,31.38,33.26,241,17412,545246.0
2023-03-27,2023-03-27,PMCFIN,X,1.85,1.91,1.79,1.8,1.85,833,637449,1154634.0
2023-03-27,2023-03-27,AIML,XT,33.03,35.99,33.03,34.52,34.76,158,58386,2043252.0
2023-03-27,2023-03-27,RHIM,A,591.2,608.75,583.35,588.35,596.9,1389,14989,8902106.0
2023-03-27,2023-03-27,MCX,A,1478.6,1494.4,1471.9,1483.75,1476.15,1142,7151,10621658.0
2023-03-27,2023-03-27,SCHNEIDER,A,152.1,152.9,146.15,149.35,151.95,881,28597,4248199.0
2023-03-27,2023-03-27,OLPCL,X,2.66,2.92,2.66,2.92,2.79,4,146,401.0
2023-03-27,2023-03-27,NBCC,A,33.04,33.26,31.73,32.08,32.8,3818,1251783,40796811.0
2023-03-27,2023-03-27,MTEDUCARE,T,4.48,4.48,4.06,4.1,4.27,23,19039,78017.0
2023-03-27,2023-03-27,HEXATRADEX,B,146.45,149.95,146.35,147.85,147.45,125,1511,224023.0
2023-03-27,2023-03-27,MAXHEIGHTS,X,94.95,94.95,91.0,93.84,94.79,59,17388,1629539.0
2023-03-27,2023-03-27,TBZ,B,62.98,62.98,61.0,61.06,62.99,206,11657,718169.0
2023-03-27,2023-03-27,VSSL,B,388.45,397.15,379.6,380.95,388.45,714,8900,3429161.0
2023-03-27,2023-03-27,LOOKS,X,4.8,4.8,4.6,4.6,4.8,39,8745,40635.0
2023-03-27,2023-03-27,SPECIALITY,B,214.75,214.75,207.6,209.7,211.65,265,2430,509795.0
2023-03-27,2023-03-27,AURUS,B,4.06,4.1,3.8,3.85,4.22,195,19590,76498.0
2023-03-27,2023-03-27,MASL,MT,2.98,2.98,2.98,2.98,2.84,2,1600,4768.0
2023-03-27,2023-03-27,RTNINDIA,A,36.0,36.0,33.72,33.91,35.78,2513,462850,15993557.0
2023-03-27,2023-03-27,SAMPANN,B,13.09,13.09,12.55,12.8,12.92,37,1543,19547.0
2023-03-27,2023-03-27,JTLIND,B,302.4,308.7,292.35,294.35,304.85,256,8799,2619653.0
2023-03-27,2023-03-27,AMTL,X,18.09,18.09,17.0,17.09,17.63,47,6260,108195.0
2023-03-27,2023-03-27,NECCLTD,B,17.89,18.23,16.65,16.81,17.84,124,20479,354511.0
2023-03-27,2023-03-27,WAAREERTL,X,766.6,777.7,725.15,761.45,766.6,1754,59140,44438749.0
2023-03-27,2023-03-27,JUPITERIN,X,18.1,18.1,16.3,17.53,18.1,67,49313,834223.0
2023-03-27,2023-03-27,VINAYAKPOL,XT,17.68,17.68,17.68,17.68,18.61,6,514,9087.0
2023-03-27,2023-03-27,DUCON,B,6.06,6.34,5.89,5.89,6.19,374,132205,792667.0
2023-03-27,2023-03-27,PROZONER,B,23.3,23.3,20.85,21.41,22.04,606,117811,2523217.0
2023-03-27,2023-03-27,SRGHFL,X,152.5,152.75,139.1,143.9,148.05,20,1703,246711.0
2023-03-27,2023-03-27,COMCL,X,18.01,19.35,17.89,18.5,18.83,76,15488,293326.0
2023-03-27,2023-03-27,SHANTIGURU,M,7.35,7.35,6.65,6.65,7.0,13,75000,534450.0
2023-03-27,2023-03-27,BITL,Z,1.08,1.13,1.03,1.13,1.08,29,33003,36299.0
2023-03-27,2023-03-27,CASPIAN,X,16.77,17.6,16.51,17.3,16.77,46,29347,510763.0
2023-03-27,2023-03-27,AERPACE,XT,5.78,5.78,5.26,5.48,5.53,115,262474,1441054.0
2023-03-27,2023-03-27,VIRTUALG,X,0.86,0.89,0.82,0.83,0.86,571,1068447,909411.0
2023-03-27,2023-03-27,ZUARI,B,123.55,123.55,117.0,117.35,122.05,158,2883,344336.0
2023-03-27,2023-03-27,STEELXIND,A,13.9,13.91,13.22,13.62,13.85,391,155182,2131726.0
2023-03-27,2023-03-27,TRIOMERC,X,0.56,0.56,0.46,0.46,0.56,109,184995,91015.0
2023-03-27,2023-03-27,CIGNITITEC,B,765.05,768.2,721.05,731.6,764.9,1530,17206,12837184.0
2023-03-27,2023-03-27,CDG,X,16.14,16.14,16.14,16.14,16.14,1,5,80.0
2023-03-27,2023-03-27,CARERATING,B,629.95,637.95,629.8,633.45,630.8,282,2175,1376375.0
2023-03-27,2023-03-27,PCJEWELLER,B,27.35,27.87,26.59,26.59,27.98,1549,308182,8292434.0
2023-03-27,2023-03-27,INDUSTOWER,A,148.0,151.7,147.1,148.35,148.05,2975,226756,33939241.0
2023-03-27,2023-03-27,ISERA,XT,1.42,1.42,1.42,1.42,1.42,1,100,142.0
2023-03-27,2023-03-27,VMART,A,2258.2,2262.65,2192.45,2209.35,2263.75,361,1083,2417987.0
2023-03-27,2023-03-27,NIBE,X,347.0,351.05,333.5,335.6,351.05,308,10506,3558898.0
2023-03-27,2023-03-27,MUKTA,X,3.89,3.89,3.5,3.5,3.68,64,29467,104421.0
2023-03-27,2023-03-27,MYSTICELE,X,3.4,3.45,3.23,3.23,3.4,39,48022,163058.0
2023-03-27,2023-03-27,COMFINCAP,X,42.0,42.0,40.2,40.2,42.3,186,82036,3301591.0
2023-03-27,2023-03-27,SBISENSEX,A,616.76,621.5,616.5,617.29,616.76,303,24714,15283581.0
2023-03-27,2023-03-27,REPCOHOME,B,173.1,174.55,168.5,171.2,173.2,778,19887,3408232.0
2023-03-27,2023-03-27,LAKHOTIA,XT,25.33,25.33,25.33,25.33,24.13,1,50,1266.0
2023-03-27,2023-03-27,GCMSECU,B,2.33,2.39,2.32,2.32,2.44,36,47749,110811.0
2023-03-27,2023-03-27,NIBL,B,16.5,16.5,15.5,15.5,16.71,79,1091,17385.0
2023-03-27,2023-03-27,KIFS,X,95.0,98.5,90.15,91.35,96.05,21,915,85471.0
2023-03-27,2023-03-27,SREEL,B,167.0,167.7,164.8,165.9,168.7,58,715,118479.0
2023-03-27,2023-03-27,SHARDAMOTR,B,614.95,614.95,572.6,574.6,580.6,303,1817,1058537.0
2023-03-27,2023-03-27,BINNYMILLS,X,88.0,93.76,88.0,89.11,91.0,8,115,10246.0
2023-03-27,2023-03-27,SVGLOBAL,X,46.0,46.0,45.5,45.58,45.34,3,60,2735.0
2023-03-27,2023-03-27,JUSTDIAL,A,586.0,591.55,573.95,580.55,587.75,367,7215,4169882.0
2023-03-27,2023-03-27,OONE,X,13.75,14.58,13.22,13.95,13.91,38,14591,200211.0
2023-03-27,2023-03-27,IFINSEC,X,22.0,23.1,21.25,21.4,22.0,14,10940,252481.0
2023-03-27,2023-03-27,BRAHMINFRA,X,27.6,28.87,27.0,27.51,28.6,19,6708,187347.0
2023-03-27,2023-03-27,EDSL,Z,1.78,1.79,1.63,1.74,1.71,24,28494,50810.0
2023-03-27,2023-03-27,AMPVOLTS,X,68.66,68.66,62.41,62.41,65.69,132,50726,3222782.0
2023-03-27,2023-03-27,KHOOBSURAT,X,1.31,1.31,1.2,1.2,1.29,580,233072,285780.0
2023-03-27,2023-03-27,ORIENTCEM,A,111.0,112.55,108.05,108.85,112.4,979,41487,4554564.0
2023-03-27,2023-03-27,ABFRL,A,210.7,211.35,207.6,208.75,211.9,2025,89253,18671935.0
2023-03-27,2023-03-27,SAMMAANCAP,A,96.05,96.05,92.5,92.95,96.05,10370,1421794,132783864.0
2023-03-27,2023-03-27,ALSL,M,11.75,11.9,11.75,11.83,10.36,2,16000,189200.0
2023-03-27,2023-03-27,ESSENTIA,B,6.31,6.84,6.31,6.55,6.52,488,775195,5084496.0
2023-03-27,2023-03-27,VKJINFRA,XT,0.31,0.32,0.31,0.31,0.32,232,457587,142253.0
2023-03-27,2023-03-27,TIGERLOGS,X,367.0,367.0,350.0,350.4,365.1,180,8421,3008592.0
2023-03-27,2023-03-27,JKAGRI,X,378.0,378.0,361.2,368.75,382.4,79,3016,1120467.0
2023-03-27,2023-03-27,FLFL,B,5.25,5.47,5.13,5.13,5.39,180,38535,200251.0
2023-03-27,2023-03-27,NOVELIX,X,8.75,8.75,8.75,8.75,9.0,3,373,3263.0
2023-03-27,2023-03-27,PVVINFRA,X,14.05,14.98,13.9,14.2,14.3,30,4314,61856.0
2023-03-27,2023-03-27,VCU,X,5.98,6.0,5.39,5.67,5.98,216,57754,333554.0
2023-03-27,2023-03-27,INDRENEW,X,14.1,14.1,12.9,13.39,13.47,117,12900,175804.0
2023-03-27,2023-03-27,FIVEXTRADE,Z,0.65,0.65,0.6,0.6,0.63,27,11882,7287.0
2023-03-27,2023-03-27,JPOLYINVST,B,484.65,484.65,442.05,449.1,462.65,157,736,338587.0
2023-03-27,2023-03-27,YURANUS,XT,23.74,23.74,23.74,23.74,22.61,7,809,19205.0
2023-03-27,2023-03-27,INTELSOFT,X,9.9,10.85,9.5,9.54,10.17,260,39815,385349.0
2023-03-27,2023-03-27,MOM100,B,31.29,31.48,30.99,31.23,31.38,239,15580,486576.0
2023-03-27,2023-03-27,CPL,X,17.95,17.95,16.8,16.95,17.6,139,33054,560503.0
2023-03-27,2023-03-27,NIFTYIETF,B,184.39,186.24,184.39,185.07,184.93,359,16213,3003646.0
2023-03-27,2023-03-27,NIF100IETF,B,185.0,187.0,183.6,184.88,184.82,75,334,61784.0
2023-03-27,2023-03-27,ARNOLD,X,25.15,25.2,22.85,23.53,24.0,76,114843,2817086.0
2023-03-27,2023-03-27,SUNLOC,X,58.56,58.56,58.56,58.56,55.78,18,1811,106052.0
2023-03-27,2023-03-27,JTLDEFENCE,XT,3.5,3.76,3.42,3.42,3.59,37,10414,36539.0
2023-03-27,2023-03-27,SUYOG,X,352.95,353.0,334.7,341.75,339.35,52,1241,426628.0
2023-03-27,2023-03-27,NATHBIOGEN,B,138.25,143.9,138.25,139.25,141.4,134,1383,193950.0
2023-03-27,2023-03-27,AGRITECH,B,92.8,93.75,90.1,93.64,94.37,45,1243,115156.0
2023-03-27,2023-03-27,CHEMTECH,B,16.65,17.09,15.89,17.01,16.28,62,45699,775111.0
2023-03-27,2023-03-27,KETOMOTORS,X,13.0,13.0,11.7,11.7,13.0,36,6929,81506.0
2023-03-27,2023-03-27,NIF100BEES,B,175.88,176.12,174.22,175.49,175.33,83,660,115707.0
2023-03-27,2023-03-27,VIAANINDUS,Z,0.7,0.7,0.66,0.66,0.69,58,31806,21177.0
2023-03-27,2023-03-27,DENISCHEM,X,64.59,68.05,62.71,65.64,67.0,70,6442,415254.0
2023-03-27,2023-03-27,POLYMAC,M,34.0,34.45,33.8,33.85,33.83,25,35200,1198016.0
2023-03-27,2023-03-27,UNISHIRE,M,1.65,1.65,1.63,1.63,1.58,4,50000,82300.0
2023-03-27,2023-03-27,LADDU,X,33.1,34.4,31.81,31.81,33.48,183,41155,1313125.0
2023-03-27,2023-03-27,NIFTY1,B,181.05,182.38,180.41,181.6,181.2,219,2781,505261.0
2023-03-27,2023-03-27,HANSUGAR,X,4.65,5.01,4.4,4.42,4.56,121,53505,252847.0
2023-03-27,2023-03-27,KIRANVYPAR,X,143.85,144.0,140.1,140.9,140.05,23,1250,178299.0
2023-03-27,2023-03-27,BCP,B,4.05,4.05,3.91,3.94,3.93,137,66373,263276.0
2023-03-27,2023-03-27,RACE,M,195.0,195.0,179.95,179.95,192.5,21,18750,3466062.0
2023-03-27,2023-03-27,MANGIND,X,2.59,2.69,2.47,2.47,2.59,642,1437923,3591905.0
2023-03-27,2023-03-27,VIJIFIN,B,2.29,2.29,2.18,2.18,2.29,115,22741,50055.0
2023-03-27,2023-03-27,NEGOTIUM,XT,0.86,0.86,0.86,0.86,0.9,3,4001,3440.0
2023-03-27,2023-03-27,HBGHOTELS,XT,57.0,61.0,56.48,59.2,59.45,18,7622,440113.0
2023-03-27,2023-03-27,INFRONICS,X,29.03,33.0,29.03,29.51,31.4,18,2784,84531.0
2023-03-27,2023-03-27,CPSEETF,A,38.96,39.2,38.41,38.56,38.77,647,44617,1729529.0
2023-03-27,2023-03-27,HARIAAPL,X,4.2,4.25,3.9,4.21,4.27,70,4382,17820.0
2023-03-27,2023-03-27,VASUPRADA,X,70.0,78.0,68.0,73.59,72.6,21,8395,597564.0
2023-03-27,2023-03-27,RNBDENIMS,B,15.7,15.94,15.25,15.77,15.77,140,96746,1509645.0
2023-03-27,2023-03-27,GOLDLINE,Z,0.45,0.47,0.45,0.47,0.46,478,457147,208416.0
2023-03-27,2023-03-27,SHARPINV,X,1.15,1.16,0.9,1.0,1.11,901,580859,590523.0
2023-03-27,2023-03-27,WONDERLA,B,390.05,397.6,383.0,387.45,392.5,392,6564,2549061.0
2023-03-27,2023-03-27,RESPONSINF,XT,39.61,39.61,39.61,39.61,41.69,6,911,36084.0
2023-03-27,2023-03-27,AFEL,X,14.55,14.55,13.5,13.68,14.37,127,32941,451930.0
2023-03-27,2023-03-27,INCREDIBLE,B,20.4,20.69,19.2,19.35,20.2,57,1514,29536.0
2023-03-27,2023-03-27,WESTLEIRES,XT,152.25,163.9,152.05,153.25,160.0,16,552,84210.0
2023-03-27,2023-03-27,NAM,X,37.81,37.97,37.8,37.86,36.17,6,400,15139.0
2023-03-27,2023-03-27,METSL,X,47.15,49.85,46.1,48.85,47.38,12,1475,71939.0
2023-03-27,2023-03-27,ALPSMOTOR,Z,0.44,0.44,0.42,0.42,0.44,16,8006,3364.0
2023-03-27,2023-03-27,CCFCL,Z,0.5,0.52,0.5,0.52,0.5,5,5500,2850.0
2023-03-27,2023-03-27,MONEYBOXX,B,159.35,159.5,154.6,156.3,156.55,25,3427,537547.0
2023-03-27,2023-03-27,WORTH,X,38.76,38.76,38.76,38.76,40.8,3,3000,116280.0
2023-03-27,2023-03-27,QUASAR,X,14.03,14.03,14.03,14.03,13.37,52,30554,428672.0
2023-03-27,2023-03-27,TPROJECT,X,2.14,2.14,2.04,2.04,2.14,9,504,1028.0
2023-03-27,2023-03-27,CTL,X,27.0,27.1,25.35,26.64,26.19,87,68967,1834058.0
2023-03-27,2023-03-27,TARINI,M,4.6,5.26,4.6,5.26,4.86,3,30000,140220.0
2023-03-27,2023-03-27,YAANENT,X,19.5,19.75,19.5,19.7,19.5,4,12896,254033.0
2023-03-27,2023-03-27,PIPAN,XT,0.73,0.73,0.73,0.73,0.76,25,14427,10531.0
2023-03-27,2023-03-27,ANVRDHI,XT,7.96,7.98,7.96,7.98,7.6,22,18566,148056.0
2023-03-27,2023-03-27,RAAMA,X,0.93,0.93,0.88,0.88,0.91,110,53165,47480.0
2023-03-27,2023-03-27,GOLDCOINHF,X,5.52,5.53,5.52,5.53,6.7,4,301,1663.0
2023-03-27,2023-03-27,BRPL,B,61.5,61.5,58.3,58.92,59.63,61,1519,89493.0
2023-03-27,2023-03-27,SKIPPER,B,95.01,95.01,91.5,92.11,95.26,567,28671,2659382.0
2023-03-27,2023-03-27,JAMESWARREN,X,233.0,247.0,232.75,232.95,234.5,18,1524,367184.0
2023-03-27,2023-03-27,VISTARAMAR,X,301.2,312.0,295.0,295.9,304.4,212,2606,779430.0
2023-03-27,2023-03-27,GULFOILLUB,B,405.3,406.25,394.4,403.5,404.7,301,3265,1308548.0
2023-03-27,2023-03-27,FRUTION,XT,33.65,37.0,33.6,33.6,35.25,6,305,10353.0
2023-03-27,2023-03-27,TRIVENIENT,X,2.3,2.3,2.2,2.24,2.31,119,43156,97042.0
2023-03-27,2023-03-27,ZINEMA,MT,19.6,19.6,19.6,19.6,18.67,2,16000,313600.0
2023-03-27,2023-03-27,CEMAINFRA,X,3.24,3.24,3.24,3.24,2.95,1,100,324.0
2023-03-27,2023-03-27,TTIENT,X,11.35,11.89,11.3,11.82,11.48,38,8002,92498.0
2023-03-27,2023-03-27,VISHAL,B,20.4,20.4,16.6,16.92,17.3,469,60777,1032870.0
2023-03-27,2023-03-27,TOYAMSL,X,12.19,12.25,11.33,11.33,11.92,725,6070147,68826135.0
2023-03-27,2023-03-27,GAJANANSEC,XT,26.38,26.38,26.38,26.38,25.13,1,17,448.0
2023-03-27,2023-03-27,UNISON,XT,23.99,24.5,22.99,24.19,24.2,100,12670,297454.0
2023-03-27,2023-03-27,RTFL,Z,37.71,38.9,37.71,38.9,39.69,2,5,193.0
2023-03-27,2023-03-27,VRL,X,128.0,128.0,118.75,119.95,124.95,48,1766,213091.0
2023-03-27,2023-03-27,SNOWMAN,B,32.84,32.86,30.8,31.07,32.77,459,65367,2073271.0
2023-03-27,2023-03-27,QGO,X,38.85,41.75,36.75,37.19,39.48,14,136,5073.0
2023-03-27,2023-03-27,PURSHOTTAM,X,21.22,22.28,21.22,21.27,21.22,2,23,489.0
2023-03-27,2023-03-27,SHARDACROP,A,458.55,458.6,452.4,455.4,462.15,377,5813,2644448.0
2023-03-27,2023-03-27,MIIL,M,109.0,109.0,109.0,109.0,108.0,1,2500,272500.0
2023-03-27,2023-03-27,SENSEXBEES,A,641.0,643.99,633.01,634.89,635.92,100,762,484384.0
2023-03-27,2023-03-27,ENCASH,MT,36.9,36.9,36.9,36.9,25.85,2,6000,221400.0
2023-03-27,2023-03-27,SHEMAROO,B,109.0,109.4,106.0,106.25,111.35,310,11663,1247042.0
2023-03-27,2023-03-27,ULTRACAB,X,19.45,19.45,17.96,18.02,19.02,412,134383,2502500.0
2023-03-27,2023-03-27,RCCL,X,36.6,36.6,33.51,33.65,35.71,9,112,3950.0
2023-03-27,2023-03-27,ETIL,X,8.25,8.25,7.16,7.32,7.87,15,1212,8934.0
2023-03-27,2023-03-27,ATISHAY,X,26.03,29.0,26.02,27.94,27.85,44,12748,347948.0
2023-03-27,2023-03-27,SANGAMFIN,X,40.3,42.0,37.06,38.11,39.02,26,1170,46918.0
2023-03-27,2023-03-27,DHABRIYA,X,121.45,124.95,116.5,121.0,123.9,26,3526,424507.0
2023-03-27,2023-03-27,PDSL,B,335.05,338.3,331.0,335.15,334.35,222,2488,838096.0
2023-03-27,2023-03-27,HANMAN,M,2.0,2.2,2.0,2.2,2.1,2,8400,17640.0
2023-03-27,2023-03-27,VGCL,B,52.0,52.0,46.3,48.6,49.2,33,1560,77518.0
2023-03-27,2023-03-27,STARLIT,T,6.14,6.14,6.14,6.14,5.85,1,67,411.0
2023-03-27,2023-03-27,CEINSYS,B,135.0,135.0,126.05,133.3,127.3,8,62,7854.0
2023-03-27,2023-03-27,MUDUNURU,XT,10.56,10.56,10.56,10.56,10.56,2,525,5544.0
2023-03-27,2023-03-27,CRANEINFRA,X,13.47,13.47,10.76,11.49,11.74,64,4591,54370.0
2023-03-27,2023-03-27,NIYOGIN,X,32.49,32.49,30.34,30.52,31.87,59,31226,956158.0
2023-03-27,2023-03-27,KALYANCAP,X,14.53,14.53,13.2,13.31,13.87,137,35060,478677.0
2023-03-27,2023-03-27,GBFL,XT,7.2,7.34,6.68,6.89,7.03,76,13395,90795.0
2023-03-27,2023-03-27,GILADAFINS,X,11.52,12.33,11.17,12.05,11.75,90,13237,155708.0
2023-03-27,2023-03-27,JETSOLAR,M,24.78,24.78,24.78,24.78,23.6,2,4000,99120.0
2023-03-27,2023-03-27,SAPPL,X,260.0,266.95,257.15,264.3,261.0,7,147,38460.0
2023-03-27,2023-03-27,AANCHALISP,X,13.44,13.44,12.5,12.99,12.9,55,12126,155074.0
2023-03-27,2023-03-27,CAPPIPES,M,22.25,22.25,22.25,22.25,23.4,1,15000,333750.0
2023-03-27,2023-03-27,KAIZENAGRO,X,11.99,11.99,11.99,11.99,11.42,12,1412,16929.0
2023-03-27,2023-03-27,JMJFIN,XT,16.94,17.79,16.11,17.42,16.95,18,3722,63764.0
2023-03-27,2023-03-27,INTELLECT,A,405.0,411.35,397.6,398.35,402.45,1188,20436,8233099.0
2023-03-27,2023-03-27,MONTECARLO,B,600.15,619.05,597.85,604.15,612.05,222,750,453949.0
2023-03-27,2023-03-27,JSTL,X,50.3,52.0,48.78,49.81,51.02,62,6367,316371.0
2023-03-27,2023-03-27,ICL,XT,31.99,31.99,30.4,30.5,31.99,7,509,15527.0
2023-03-27,2023-03-27,SCC,X,4.4,4.5,4.3,4.3,4.3,8,1195,5327.0
2023-03-27,2023-03-27,PANAFIC,X,0.84,0.85,0.79,0.81,0.85,357,131469,107561.0
2023-03-27,2023-03-27,CSL,X,7.35,7.35,6.51,6.85,7.15,170,81564,556172.0
2023-03-27,2023-03-27,NEXUSSURGL,X,10.5,10.5,9.55,9.55,10.05,21,250,2520.0
2023-03-27,2023-03-27,SELLWIN,X,13.55,13.99,12.96,13.55,13.51,43,45584,633912.0
2023-03-27,2023-03-27,GALADAFIN,XT,8.49,8.49,8.48,8.48,8.48,3,216,1831.0
2023-03-27,2023-03-27,EMERALD,X,24.9,24.9,22.55,23.25,23.11,56,28515,663529.0
2023-03-27,2023-03-27,MKEXIM,X,84.99,84.99,80.0,80.69,82.64,181,26740,2172402.0
2023-03-27,2023-03-27,MCLOUD,X,182.0,189.45,172.05,184.95,181.0,2517,354587,65223931.0
2023-03-27,2023-03-27,OCTAL,X,20.5,20.5,19.37,19.37,19.86,5,57,1127.0
2023-03-27,2023-03-27,MIHIKA,XT,24.99,24.99,22.91,24.48,23.8,5,2602,59912.0
2023-03-27,2023-03-27,KANCHI,X,405.35,405.35,383.0,384.85,405.35,434,6783,2682790.0
2023-03-27,2023-03-27,SHRINIWAS,XT,16.2,16.2,16.2,16.2,16.2,2,301,4876.0
2023-03-27,2023-03-27,DTIL,B,191.05,193.9,188.3,189.9,191.85,75,274,52291.0
2023-03-27,2023-03-27,VANICOM,X,10.5,10.92,10.0,10.25,10.4,28,1456,15617.0
2023-03-27,2023-03-27,VINCOFE,X,24.81,27.41,24.81,27.41,26.11,411,251699,6420454.0
2023-03-27,2023-03-27,RAFL,M,181.0,190.0,181.0,190.0,181.35,144,114375,20774875.0
2023-03-27,2023-03-27,COSYN,X,19.49,19.49,18.01,19.02,19.05,104,3464,65832.0
2023-03-27,2023-03-27,SOFCOM,X,51.2,51.2,51.2,51.2,53.89,13,2942,150630.0
2023-03-27,2023-03-27,KARNAVATI,X,11.17,11.17,11.17,11.17,11.75,82,4662,52074.0
2023-03-27,2023-03-27,MERCANTILE,X,18.9,18.9,16.9,16.96,16.87,19,648,11184.0
2023-03-27,2023-03-27,SONAL,X,76.75,83.0,76.0,76.72,79.43,28,377,29251.0
2023-03-27,2023-03-27,ALFL,X,1.77,2.02,1.77,1.99,2.02,22,7700,14916.0
2023-03-27,2023-03-27,GENUSPAPER,B,13.55,13.84,13.1,13.14,13.77,152,32472,432697.0
2023-03-27,2023-03-27,MINDACORP,A,207.1,216.85,207.1,214.55,210.85,3711,144720,30935650.0
2023-03-27,2023-03-27,MERCURYLAB,X,588.95,589.9,560.0,560.0,565.05,15,168,97126.0
2023-03-27,2023-03-27,CONCORD,X,26.5,28.45,26.5,26.99,26.45,30,5516,150981.0
2023-03-27,2023-03-27,WARDINMOBI,A,57.28,58.1,54.25,57.0,57.28,2326,408705,22922610.0
2023-03-27,2023-03-27,SHREESEC,X,9.18,9.18,9.18,9.18,9.66,425,58865,540380.0
2023-03-27,2023-03-27,GREENLAM,B,308.2,309.65,299.05,303.1,306.25,148,2546,771598.0
2023-03-27,2023-03-27,TALBROSENG,X,469.7,469.7,451.0,454.8,456.9,59,806,366593.0
2023-03-27,2023-03-27,SAPL,X,1018.0,1018.0,927.9,927.9,976.7,12,14,13588.0
2023-03-27,2023-03-27,JAYATMA,X,21.0,21.0,21.0,21.0,20.35,1,3374,70854.0
2023-03-27,2023-03-27,PTCIL,A,2352.05,2399.95,2321.05,2329.05,2375.4,151,1706,3993268.0
2023-03-27,2023-03-27,CHENFERRO,X,149.0,152.5,145.55,146.25,151.25,120,2696,401766.0
2023-03-27,2023-03-27,MEGRISOFT,X,112.0,112.0,105.6,107.5,107.15,6,12,1296.0
2023-03-27,2023-03-27,GITARENEW,X,93.99,93.99,89.0,91.17,92.04,91,2152,196066.0
2023-03-27,2023-03-27,ORTEL,Z,0.96,0.96,0.92,0.92,0.96,4,2117,1951.0
2023-03-27,2023-03-27,NEIL,X,6.9,6.9,6.9,6.9,6.66,5,259,1787.0
2023-03-27,2023-03-27,STARHFL,X,52.85,52.85,48.51,49.93,51.87,315,182680,9255770.0
2023-03-27,2023-03-27,BEEKAY,X,382.0,393.9,375.0,382.7,388.0,41,1105,425311.0
2023-03-27,2023-03-27,SETFBSE100,A,184.65,187.85,183.1,184.75,184.63,41,502,92701.0
2023-03-27,2023-03-27,FRASER,X,6.67,6.8,6.34,6.34,6.67,84,37279,242172.0
2023-03-27,2023-03-27,TIRUPATIIN,XT,31.15,31.47,29.72,29.76,31.16,77,8495,256858.0
2023-03-27,2023-03-27,GANVERSE,M,40.0,40.0,40.0,40.0,40.2,3,20000,800000.0
2023-03-27,2023-03-27,AGIIL,B,508.65,508.65,465.0,471.7,486.7,85,8846,4275905.0
2023-03-27,2023-03-27,BKMINDST,Z,0.83,0.9,0.83,0.86,0.86,5,60,50.0
2023-03-27,2023-03-27,MANAKSTEEL,B,36.65,36.65,34.85,34.97,36.25,504,4678,164483.0
2023-03-27,2023-03-27,MANAKALUCO,B,20.7,21.45,20.3,20.61,21.01,146,15469,320968.0
2023-03-27,2023-03-27,MANAKCOAT,B,14.6,16.3,14.2,14.64,15.35,992,89387,1353644.0
2023-03-27,2023-03-27,IMAGICAA,B,46.7,46.7,42.81,43.22,44.98,2746,122295,5373877.0
2023-03-27,2023-03-27,INOXWIND,B,97.45,97.65,93.0,94.0,96.0,682,27035,2559922.0
2023-03-27,2023-03-27,AANANDALAK,X,8.76,8.76,8.76,8.76,8.76,2,21,183.0
2023-03-27,2023-03-27,URSUGAR,B,12.68,12.89,10.7,10.94,12.12,251,239179,2725238.0
2023-03-27,2023-03-27,FILTRA,M,39.5,39.5,39.5,39.5,41.0,1,3000,118500.0
2023-03-27,2023-03-27,SHESHAINDS,X,15.45,15.45,14.0,14.1,15.15,21,733,10398.0
2023-03-27,2023-03-27,SAB,X,68.5,77.59,68.5,71.23,75.15,11,530,39434.0
2023-03-27,2023-03-27,PML,X,1205.0,1236.0,1177.85,1188.4,1206.9,64,532,637686.0
2023-03-27,2023-03-27,ALANSCOTT,X,58.0,60.0,56.22,56.84,58.43,51,8297,486184.0
2023-03-27,2023-03-27,SUJALA,X,16.1,16.1,16.1,16.1,16.1,1,1,16.0
2023-03-27,2023-03-27,VRLLOG,A,639.2,648.6,630.1,636.6,641.9,725,6001,3842557.0
2023-03-27,2023-03-27,GRAMEVA,X,19.11,19.11,19.11,19.11,19.11,1,2,38.0
2023-03-27,2023-03-27,PALCO,X,58.4,59.79,57.95,58.94,61.0,6,163,9506.0
2023-03-27,2023-03-27,BODHTREE,XT,7.5,7.87,7.13,7.34,7.5,66,9286,66836.0
2023-03-27,2023-03-27,VBIND,X,4.09,4.28,4.09,4.28,4.3,11,545,2232.0
2023-03-27,2023-03-27,SARVOTTAM,XT,25.3,25.3,25.3,25.3,26.63,10,162,4098.0
2023-03-27,2023-03-27,MEP,B,13.45,13.85,13.06,13.15,13.74,410,99825,1338228.0
2023-03-27,2023-03-27,CLLIMITED,Z,5.9,5.9,5.9,5.9,5.97,1,1,5.0
2023-03-27,2023-03-27,WARDWIZFBL,X,34.29,35.68,32.9,34.86,34.29,77,3064,103636.0
2023-03-27,2023-03-27,UFO,B,68.0,68.61,58.0,59.7,68.77,3032,117928,7232246.0
2023-03-27,2023-03-27,PANTH,X,7.1,7.1,6.6,6.62,6.89,321,61442,412959.0
2023-03-27,2023-03-27,SHIVALIK,B,670.95,677.3,656.0,657.0,664.3,81,765,506693.0
2023-03-27,2023-03-27,ICSL,X,3.15,3.15,2.93,3.07,3.08,26,1167,3482.0
2023-03-27,2023-03-27,PNCINFRA,A,276.2,279.05,261.25,265.4,277.8,1355,20973,5679325.0
2023-03-27,2023-03-27,ARFIN,X,21.19,21.19,19.99,20.31,21.11,130,19114,388399.0
2023-03-27,2023-03-27,STARBEAM,XT,4.3,4.51,4.3,4.35,4.3,8,1303,5816.0
2023-03-27,2023-03-27,HAWAENG,XT,74.95,74.95,68.0,68.44,71.55,60,4096,287397.0
2023-03-27,2023-03-27,AIIL,B,194.9,199.0,186.0,190.8,192.25,337,19022,3632001.0
2023-03-27,2023-03-27,ADHBHUTIN,Z,243.0,243.0,219.9,219.9,231.45,4,44,10668.0
2023-03-27,2023-03-27,DFL,XT,37.94,37.94,37.94,37.94,38.71,1,1,37.0
2023-03-27,2023-03-27,POEL,X,119.45,121.0,114.0,115.2,116.65,54,5491,642662.0
2023-03-27,2023-03-27,AEL,X,50.45,51.75,48.0,50.14,49.82,200,36634,1826529.0
2023-03-27,2023-03-27,SGFIN,XT,485.0,489.95,461.7,462.5,485.95,139,9197,4298699.0
2023-03-27,2023-03-27,SATIA,B,109.05,110.7,103.0,105.05,110.25,1677,72690,7645771.0
2023-03-27,2023-03-27,GARMNTMNTR,B,4.22,4.43,4.07,4.21,4.35,101,14811,62014.0
2023-03-27,2023-03-27,SRESTHA,X,1.09,1.1,1.06,1.07,1.1,99,101261,109130.0
2023-03-27,2023-03-27,SAUMYA,X,84.79,84.79,79.0,81.4,80.76,6,105,8354.0
2023-03-27,2023-03-27,MUL,X,5.23,5.38,5.03,5.04,5.29,102,31184,159011.0
2023-03-27,2023-03-27,MISHKA,XT,68.84,76.0,68.84,72.5,72.46,10,385,27211.0
2023-03-27,2023-03-27,SPORTKING,A,658.0,672.25,648.0,655.65,651.25,329,2592,1708022.0
2023-03-27,2023-03-27,GROWINGTON,M,100.0,109.83,92.15,98.85,99.85,16,55800,5358195.0
2023-03-27,2023-03-27,AMBITION,X,5.99,5.99,5.45,5.45,5.73,17,4907,26981.0
2023-03-27,2023-03-27,HCKKVENTURE,XT,101.65,101.65,101.65,101.65,101.65,13,5486,557651.0
2023-03-27,2023-03-27,RUDRA,B,79.99,79.99,73.0,75.03,76.44,32,741,54645.0
2023-03-27,2023-03-27,LOYAL,B,57.0,59.5,57.0,58.51,57.05,36,4675,275355.0
2023-03-27,2023-03-27,GGPL,X,6.99,6.99,6.5,6.52,6.8,632,144741,957456.0
2023-03-27,2023-03-27,BALKRISHNA,B,28.53,28.9,27.46,27.55,28.9,90,7140,197744.0
2023-03-27,2023-03-27,SHYAMCENT,B,17.29,17.59,16.96,17.04,17.27,108,15456,265059.0
2023-03-27,2023-03-27,ADANIENSOL,A,1150.4,1168.35,1069.0,1069.2,1125.25,25526,371369,409790850.0
2023-03-27,2023-03-27,STARDELTA,X,134.0,147.9,134.0,139.5,135.85,20,274,38544.0
2023-03-27,2023-03-27,CONCRETE,XT,3.34,3.34,3.34,3.34,3.34,1,500,1670.0
2023-03-27,2023-03-27,SAMSRITA,X,20.8,20.8,18.5,20.21,18.26,34,4915,95970.0
2023-03-27,2023-03-27,SYNGENE,A,575.0,580.0,570.95,574.65,575.85,743,12082,6940271.0
2023-03-27,2023-03-27,MSL,T,172.0,173.4,162.0,162.45,170.1,112,3619,603318.0
2023-03-27,2023-03-27,KAYA,B,259.3,265.0,249.0,253.9,262.05,201,1422,366574.0
2023-03-27,2023-03-27,ALSTONE,X,0.79,0.82,0.78,0.78,0.82,2705,7991187,6299195.0
2023-03-27,2023-03-27,SYMBIOX,X,4.04,4.15,3.84,3.87,4.04,565,194365,760331.0
2023-03-27,2023-03-27,ORTINGLOBE,B,20.0,20.0,18.65,19.05,19.99,155,14919,290391.0
2023-03-27,2023-03-27,AVI,X,11.6,11.6,10.1,11.01,11.34,57,12145,138628.0
2023-03-27,2023-03-27,AURUM,B,104.9,104.9,100.15,100.95,102.45,173,3269,334328.0
2023-03-27,2023-03-27,OSWALGREEN,B,18.88,18.88,17.21,18.19,18.27,237,66193,1190984.0
2023-03-27,2023-03-27,VASUDHAGAM,X,6.15,6.69,6.15,6.15,6.47,8,2485,15283.0
2023-03-27,2023-03-27,SUNRAKSHAK,X,82.0,84.5,78.06,84.03,82.0,99,17622,1471964.0
2023-03-27,2023-03-27,ARVSMART,B,255.85,259.0,244.7,250.95,252.25,277,3630,910076.0
2023-03-27,2023-03-27,POWERMECH,B,2315.05,2317.95,2250.05,2281.6,2332.5,1036,4618,10543557.0
2023-03-27,2023-03-27,CANOPYFIN,X,56.99,56.99,53.14,53.14,55.93,11,2368,132254.0
2023-03-27,2023-03-27,RAMASTEEL,B,28.68,29.19,27.05,28.79,27.8,1565,208774,5962406.0
2023-03-27,2023-03-27,THINKINK,B,81.6,82.4,80.2,80.39,81.17,302,663862,53800237.0
2023-03-27,2023-03-27,SENSEXBETA,A,618.74,618.74,613.0,614.4,618.74,35,148,90997.0
2023-03-27,2023-03-27,NIFTYBETA,B,1810.0,1820.0,1806.1,1808.05,1805.0,21,40,72622.0
2023-03-27,2023-03-27,UNIAUTO,B,162.95,162.95,155.25,156.05,161.05,60,3277,516681.0
2023-03-27,2023-03-27,VETO,B,79.14,79.42,73.75,75.18,80.04,288,7345,564262.0
2023-03-27,2023-03-27,NAVKARCORP,B,45.39,53.79,44.45,53.79,44.83,2447,316376,15660051.0
2023-03-27,2023-03-27,SHREEPUSHK,B,157.6,157.6,146.65,148.2,155.0,400,9901,1483644.0
2023-03-27,2023-03-27,GUJENERGY,A,482.1,487.3,476.65,478.8,482.95,1303,29084,13995274.0
2023-03-27,2023-03-27,WAAREE,M,257.0,261.85,245.0,261.6,249.4,63,57400,14669900.0
2023-03-27,2023-03-27,SADBHIN,B,3.45,3.45,3.19,3.19,3.35,136,99504,321203.0
2023-03-27,2023-03-27,SALAUTO,X,240.05,269.9,240.05,256.15,256.0,16,183,47206.0
2023-03-27,2023-03-27,POLYSPIN,X,49.05,51.5,47.0,47.44,50.11,44,2708,129774.0
2023-03-27,2023-03-27,PRITIKAUTO,B,14.01,14.28,13.7,13.75,14.21,252,70079,977288.0
2023-03-27,2023-03-27,SML,XT,21.55,21.55,21.55,21.55,21.0,1,10,215.0
2023-03-27,2023-03-27,MAHAVEER,Z,5.95,5.95,5.67,5.67,5.67,3,420,2381.0
2023-03-27,2023-03-27,KRISHNACAP,XT,19.08,20.0,19.08,19.08,20.08,5,214,4084.0
2023-03-27,2023-03-27,ACME,Z,15.75,15.75,15.7,15.7,15.8,2,28,440.0
2023-03-27,2023-03-27,VISHALBL,B,132.13,146.03,132.13,146.03,139.08,465,57840,8037740.0
2023-03-27,2023-03-27,BELLACASA,B,118.05,121.2,116.0,119.3,119.6,21,1176,137449.0
2023-03-27,2023-03-27,MALLCOM,B,724.0,761.9,724.0,728.9,718.0,218,1265,941318.0
2023-03-27,2023-03-27,NAKSH,B,20.0,20.11,18.83,19.79,19.57,117,32237,632916.0
2023-03-27,2023-03-27,SATIN,B,125.3,126.0,117.0,118.7,123.15,522,19933,2395856.0
2023-03-27,2023-03-27,DITCO,X,18.39,18.39,18.39,18.39,18.45,1,1,18.0
2023-03-27,2023-03-27,SWAGTAM,X,41.25,41.25,41.25,41.25,41.25,2,10,412.0
2023-03-27,2023-03-27,GENCON,B,59.0,59.0,55.75,55.94,58.68,473,71779,4123826.0
2023-03-27,2023-03-27,KUBERJI,XT,1.11,1.11,1.11,1.11,1.06,2,7000,7770.0
2023-03-27,2023-03-27,MUZALI,X,1.99,1.99,1.72,1.75,1.93,98,102401,181676.0
2023-03-27,2023-03-27,TEJNAKSH,B,72.0,72.0,58.99,63.82,69.91,341,28656,1788413.0
2023-03-27,2023-03-27,COFFEEDAY,A,30.06,30.9,29.06,29.5,30.82,1436,202434,6077644.0
2023-03-27,2023-03-27,IDFCFIRSTB,A,53.46,54.09,52.8,53.11,54.13,9082,3181423,170066280.0
2023-03-27,2023-03-27,BEARDSELL,B,20.44,20.44,19.0,19.08,20.06,264,9634,186891.0
2023-03-27,2023-03-27,INDIGO,A,1884.95,1884.95,1826.1,1833.85,1865.3,1385,9626,17870409.0
2023-03-27,2023-03-27,SHK,B,88.6,88.6,81.9,83.0,86.45,2330,90811,7665299.0
2023-03-27,2023-03-27,ECOFINITY,XT,23.99,23.99,23.99,23.99,23.99,4,7940,190480.0
2023-03-27,2023-03-27,PANORAMA,X,154.1,154.1,154.1,154.1,146.8,13,2408,371072.0
2023-03-27,2023-03-27,SHREEGANES,X,1.03,1.03,0.92,0.93,1.02,2352,4077583,3918410.0
2023-03-27,2023-03-27,GTV,X,229.4,236.0,216.0,226.45,226.0,70,2266,503119.0
2023-03-27,2023-03-27,LICNETFN50,B,183.88,185.0,182.98,182.98,182.7,9,11,2020.0
2023-03-27,2023-03-27,GEETANJ,XT,1.71,1.79,1.63,1.63,1.71,6,373,614.0
2023-03-27,2023-03-27,LICNETFSEN,A,627.0,627.0,627.0,627.0,626.41,1,1,627.0
2023-03-27,2023-03-27,GARBIFIN,XT,25.33,26.92,24.61,25.0,25.85,31,2460,61533.0
2023-03-27,2023-03-27,SMARTFIN,X,5.95,6.2,5.52,5.59,5.93,218,22786,129636.0
2023-03-27,2023-03-27,ADCON,X,1.85,1.85,1.72,1.72,1.81,256,165072,287282.0
2023-03-27,2023-03-27,QUINT,X,123.37,126.9,115.05,117.22,123.37,159,9199,1095818.0
2023-03-27,2023-03-27,HDFCNIFTY,B,183.12,185.1,183.0,184.31,183.73,175,4101,754507.0
2023-03-27,2023-03-27,HDFCSENSEX,A,634.0,634.0,625.1,627.94,628.01,148,3479,2189745.0
2023-03-27,2023-03-27,UDAYJEW,X,89.5,89.75,80.0,81.8,88.55,240,19166,1581034.0
2023-03-27,2023-03-27,SATTVASUKU,XT,9.85,10.5,9.75,10.48,10.1,13,3456,34096.0
2023-03-27,2023-03-27,NAVIGANT,M,32.8,32.89,32.8,32.89,29.9,2,10000,328450.0
2023-03-27,2023-03-27,ALKEM,A,3105.05,3265.0,3105.05,3232.1,3151.4,1090,4455,14397522.0
2023-03-27,2023-03-27,LALPATHLAB,A,1818.05,1873.6,1818.05,1827.75,1815.45,1537,6950,12841896.0
2023-03-27,2023-03-27,SCTL,B,0.75,0.77,0.69,0.7,0.74,6373,1495097,1077044.0
2023-03-27,2023-03-27,CREATIVE,X,442.8,457.0,410.05,419.35,442.75,19,80,33795.0
2023-03-27,2023-03-27,AAYUSH,X,22.2,22.2,22.2,22.2,22.2,1,1,22.0
2023-03-27,2023-03-27,LUXIND,B,1238.15,1238.15,1186.05,1192.2,1240.55,683,4661,5651064.0
2023-03-27,2023-03-27,APOORVA,X,24.7,24.7,23.99,23.99,24.7,3,31,744.0
2023-03-27,2023-03-27,AGRIBIO,X,53.9,58.0,53.9,54.98,56.68,97,37353,2082136.0
2023-03-27,2023-03-27,NH,A,745.0,752.8,724.9,744.6,745.8,1251,16251,11974283.0
2023-03-27,2023-03-27,DEEPAI,X,11.83,11.83,11.83,11.83,12.45,440,57600,681408.0
2023-03-27,2023-03-27,SUPHA,X,630.0,637.8,577.1,637.8,607.45,365,9314,5553659.0
2023-03-27,2023-03-27,AARNAV,X,31.55,31.55,29.25,29.34,30.27,429,56054,1677334.0
2023-03-27,2023-03-27,SCL,X,61.8,61.8,61.8,61.8,58.94,1,200,12360.0
2023-03-27,2023-03-27,SIPTL,X,1.02,1.02,1.02,1.02,0.98,66,187696,191449.0
2023-03-27,2023-03-27,SHIVA,XT,2.83,3.11,2.83,3.03,2.97,16,2125,6174.0
2023-03-27,2023-03-27,MISHTANN,B,7.79,7.84,7.4,7.51,7.78,2968,1638603,12421462.0
2023-03-27,2023-03-27,DELTA,X,21.25,21.29,20.33,20.47,21.4,84,33487,700360.0
2023-03-27,2023-03-27,AMPL,X,59.64,59.64,59.64,59.64,56.8,15,750,44730.0
2023-03-27,2023-03-27,KEL,X,13.52,13.52,13.52,13.52,14.23,1,10,135.0
2023-03-27,2023-03-27,BLUECLOUDS,XT,41.17,45.49,41.17,45.49,43.33,140,31596,1422366.0
2023-03-27,2023-03-27,KEIL,X,18.88,18.89,17.87,17.96,18.07,76,21686,393533.0
2023-03-27,2023-03-27,BCLENTERPR,X,1.2,1.24,1.11,1.14,1.19,735,584954,670837.0
2023-03-27,2023-03-27,PRECAM,B,96.0,98.13,93.35,93.83,95.88,261,11375,1083651.0
2023-03-27,2023-03-27,TEAMLEASE,A,2310.05,2310.05,2274.0,2289.95,2291.75,246,432,989153.0
2023-03-27,2023-03-27,KAMATS,T,38.99,38.99,36.0,36.0,37.5,10,291,11179.0
2023-03-27,2023-03-27,BESTAGRO,A,1070.05,1074.65,1026.9,1038.3,1071.85,569,3358,3547495.0
2023-03-27,2023-03-27,ACEMEN,XT,65.95,65.95,63.95,65.0,63.83,20,502,32380.0
2023-03-27,2023-03-27,BFLAFL,X,14.55,14.55,13.61,13.72,14.25,104,10389,143286.0
2023-03-27,2023-03-27,RCL,Z,18.96,19.5,18.96,19.5,19.95,7,5556,105344.0
2023-03-27,2023-03-27,QUICKHEAL,B,138.7,139.25,133.5,134.4,138.7,235,11431,1549050.0
2023-03-27,2023-03-27,KAPILRAJ,XT,17.38,18.24,16.52,18.24,17.38,5,3644,62864.0
2023-03-27,2023-03-27,KPEL,B,154.8,154.8,143.05,145.95,151.05,1211,101527,14940268.0
2023-03-27,2023-03-27,IFINSER,X,11.82,13.0,11.82,13.0,12.41,11,2015,25841.0
2023-03-27,2023-03-27,HYPERSOFT,XT,10.45,10.45,10.45,10.45,10.5,1,2000,20900.0
2023-03-27,2023-03-27,GOKULAGRO,B,105.25,107.55,102.0,103.45,107.1,922,20448,2116294.0
2023-03-27,2023-03-27,FREDUN,X,826.6,880.0,800.0,817.4,844.1,261,6639,5464309.0
2023-03-27,2023-03-27,SIMBHALS,B,20.39,20.39,18.89,19.27,20.19,116,8744,170553.0
2023-03-27,2023-03-27,VKAL,XT,44.58,44.58,44.58,44.58,42.46,10,3207,142968.0
2023-03-27,2023-03-27,MNIL,X,18.65,20.05,18.15,18.79,19.1,157,79456,1516345.0
2023-03-27,2023-03-27,DARJEELING,XT,3.79,3.79,3.79,3.79,3.98,4,197,746.0
2023-03-27,2023-03-27,ADVIKCA,X,3.84,3.89,3.45,3.46,3.8,1261,2802644,9924507.0
2023-03-27,2023-03-27,LICNFNHGP,B,179.5,180.05,178.86,179.46,179.61,9,17,3047.0
2023-03-27,2023-03-27,PDMJEPAPER,B,37.7,38.69,36.0,36.72,38.47,331,32538,1209741.0
2023-03-27,2023-03-27,HCG,A,265.0,265.0,257.0,257.65,263.55,235,2867,742588.0
2023-03-27,2023-03-27,KDML,M,41.0,41.0,40.81,40.91,42.95,2,2400,98172.0
2023-03-27,2023-03-27,UMIYA,B,6.77,6.77,6.22,6.76,6.45,16,3220,21736.0
2023-03-27,2023-03-27,BHARATWIRE,B,127.99,143.8,127.1,141.32,129.18,3699,345880,47864581.0
2023-03-27,2023-03-27,CHDCHEM,B,5.27,5.27,5.01,5.01,5.27,25,4120,20983.0
2023-03-27,2023-03-27,CCAVENUE,A,13.71,14.16,13.38,13.57,13.97,2693,1417761,19442660.0
2023-03-27,2023-03-27,LELAVOIR,XT,46.2,49.45,45.2,46.74,47.1,80,32588,1520308.0
2023-03-27,2023-03-27,SUPERIOR,X,1.4,1.6,1.4,1.6,1.51,23,24963,39354.0
2023-03-27,2023-03-27,RPEL,B,875.0,875.0,842.4,850.6,857.95,213,2238,1906447.0
2023-03-27,2023-03-27,LANCER,B,153.35,154.55,146.3,151.45,150.65,815,9870,1479192.0
2023-03-27,2023-03-27,NINSYS,B,268.15,268.3,257.65,260.0,266.6,29,79,20543.0
2023-03-27,2023-03-27,HALDER,X,282.0,282.0,261.0,262.8,283.0,35,488,128799.0
2023-03-27,2023-03-27,SKIL,T,3.4,3.43,3.11,3.4,3.27,41,93295,314971.0
2023-03-27,2023-03-27,THYROCARE,A,435.45,459.5,421.1,424.5,433.5,1797,19131,8453225.0
2023-03-27,2023-03-27,BAJAJHCARE,B,319.95,319.95,298.6,300.7,318.25,333,14403,4353560.0
2023-03-27,2023-03-27,UJJIVAN,A,241.85,241.85,233.2,237.0,241.65,1612,99508,23344928.0
2023-03-27,2023-03-27,RSDFIN,X,81.49,81.49,74.02,76.81,80.92,21,936,73426.0
2023-03-27,2023-03-27,CROMPTON,A,299.95,302.05,291.6,295.8,292.45,1813,66551,19637709.0
2023-03-27,2023-03-27,PILANIINVS,B,1700.0,1700.0,1656.0,1665.55,1696.3,68,234,391789.0
2023-03-27,2023-03-27,DARSHANORNA,B,3.17,3.17,2.58,2.93,3.02,128,54861,158547.0
2023-03-27,2023-03-27,PARAGMILK,B,72.1,72.35,70.1,70.5,73.03,920,62267,4437096.0
2023-03-27,2023-03-27,MADHAVIPL,X,3.75,3.83,3.75,3.78,3.86,243,209727,791622.0
2023-03-27,2023-03-27,SPICELOUNG,XT,44.36,44.36,44.36,44.36,44.36,3,900,39924.0
2023-03-27,2023-03-27,KOCL,XT,2.46,2.55,2.34,2.5,2.46,51,18052,42642.0
2023-03-27,2023-03-27,NAGAFERT,B,8.2,8.55,7.96,8.04,8.31,178,79662,644435.0
2023-03-27,2023-03-27,SEIL,B,58.99,58.99,53.65,53.65,56.47,96,124586,6686960.0
2023-03-27,2023-03-27,LIKHAMI,XT,140.6,140.6,137.8,137.8,137.8,2,2,278.0
2023-03-27,2023-03-27,MIL,X,92.0,92.0,80.0,81.93,87.45,117,41547,3608595.0
2023-03-27,2023-03-27,YASHCHEM,B,75.0,75.0,69.0,69.35,73.35,124,14921,1051573.0
2023-03-27,2023-03-27,MAXVIL,B,132.7,140.0,129.8,137.0,133.1,175,3273,444835.0
2023-03-27,2023-03-27,NV20IETF,B,98.23,99.2,97.71,98.44,98.4,341,5769,566671.0
2023-03-27,2023-03-27,BAZELINTER,XT,39.98,39.98,36.75,36.75,38.19,7,725,27018.0
2023-03-27,2023-03-27,JLL,XT,26.0,26.5,24.19,24.4,25.46,9,25,629.0
2023-03-27,2023-03-27,TAALTECH,X,1639.4,1639.4,1571.0,1588.8,1611.35,106,1269,2038517.0
2023-03-27,2023-03-27,MGL,A,960.9,963.4,945.1,955.45,960.9,1699,16167,15432337.0
2023-03-27,2023-03-27,ZEAL,B,7.1,7.1,6.64,6.76,6.94,289,94803,641575.0
2023-03-27,2023-03-27,QUESS,A,340.0,348.0,340.0,344.3,344.45,559,8811,3035730.0
2023-03-27,2023-03-27,DIGJAMLMTD,T,90.4,91.5,87.5,89.35,91.06,27,426,38225.0
2023-03-27,2023-03-27,MIDSELIETF,B,90.02,92.0,90.02,91.1,91.43,78,1468,134275.0
2023-03-27,2023-03-27,ASYL,B,7.4,7.48,6.81,7.39,7.15,30,14655,107262.0
2023-03-27,2023-03-27,HIIL,X,1556.0,1598.0,1525.0,1551.85,1614.55,22,44,68584.0
2023-03-27,2023-03-27,COMSYN,B,89.0,89.95,82.3,85.08,88.94,336,30612,2606920.0
2023-03-27,2023-03-27,CFEL,X,107.95,108.0,101.0,106.5,105.4,118,5061,534051.0
2023-03-27,2023-03-27,LLOYDSENGG,A,17.91,17.94,16.81,17.15,17.97,5185,2373274,40961806.0
2023-03-27,2023-03-27,KPL,B,317.05,360.0,314.0,316.6,317.05,180,6029,1942752.0
2023-03-27,2023-03-27,LTM,A,4601.05,4663.5,4551.0,4556.8,4600.45,1281,5637,25947191.0
2023-03-27,2023-03-27,EASTWEST,X,4.08,4.49,4.07,4.08,4.28,153,306120,1267629.0
2023-03-27,2023-03-27,BSLSENETFG,A,56.89,56.89,54.65,55.85,55.78,36,355,19750.0
2023-03-27,2023-03-27,COLORCHIPS,XT,7.65,7.79,7.2,7.21,7.56,533,100907,743217.0
2023-03-27,2023-03-27,ADVENZYMES,A,231.3,232.75,227.35,229.75,231.6,489,4018,925727.0
2023-03-27,2023-03-27,LAHL,XT,3.63,3.63,3.51,3.52,3.63,4,1457,5130.0
2023-03-27,2023-03-27,PTIL,T,205.8,205.8,205.8,205.8,216.6,6,3705,762489.0
2023-03-27,2023-03-27,DBL,A,181.05,183.3,174.6,175.25,183.35,1382,43527,7740362.0
2023-03-27,2023-03-27,SPAL,B,324.3,330.2,324.0,326.1,331.15,113,731,239099.0
2023-03-27,2023-03-27,BIGBLOC,B,128.05,131.15,122.4,124.65,130.0,1280,51519,6517984.0
2023-03-27,2023-03-27,GOLDENCREST,X,44.52,44.52,44.52,44.52,42.4,9,50,2226.0
2023-03-27,2023-03-27,ECS,X,4.5,5.2,4.5,5.15,4.9,28,6658,34136.0
2023-03-27,2023-03-27,FRETAIL,Z,2.25,2.34,2.16,2.34,2.23,411,683587,1568777.0
2023-03-27,2023-03-27,RBLBANK,A,135.35,136.85,134.0,136.25,135.3,3008,414292,56130196.0
2023-03-27,2023-03-27,BLS,A,153.15,153.6,150.5,151.2,152.85,644,28859,4380270.0
2023-03-27,2023-03-27,MITSU,B,149.9,150.0,136.45,138.3,144.85,754,22847,3196070.0
2023-03-27,2023-03-27,DHATRE,T,78.76,78.76,78.76,78.76,80.36,7,49,3859.0
2023-03-27,2023-03-27,TVVISION,B,2.45,2.5,2.41,2.5,2.45,8,388,954.0
2023-03-27,2023-03-27,GAMCO,X,89.1,89.1,89.1,89.1,84.86,6,128,11404.0
2023-03-27,2023-03-27,TIAANC,X,3.41,3.84,3.2,3.26,3.41,53,10229,34825.0
2023-03-27,2023-03-27,LTTS,A,3384.0,3418.9,3345.45,3377.25,3384.7,1607,7409,25083555.0
2023-03-27,2023-03-27,GNA,B,830.05,842.1,804.15,812.4,834.3,636,3257,2677186.0
2023-03-27,2023-03-27,RADHIKAJWE,B,149.95,151.1,145.75,146.55,147.5,174,4142,610415.0
2023-03-27,2023-03-27,ICICIPRULI,A,419.05,421.25,417.05,419.4,420.3,1873,37608,15776499.0
2023-03-27,2023-03-27,IISL,X,2.81,3.15,2.81,3.15,3.05,13,446,1367.0
2023-03-27,2023-03-27,ARCFIN,X,0.65,0.65,0.62,0.63,0.65,976,2582880,1632711.0
2023-03-27,2023-03-27,HPL,B,80.1,80.1,75.65,76.45,80.13,652,33282,2569070.0
2023-03-27,2023-03-27,SAGARSOFT,X,137.5,141.0,136.1,137.65,138.6,19,1554,213813.0
2023-03-27,2023-03-27,VALIANTORG,A,455.05,465.95,421.75,427.9,462.2,1860,34054,15210429.0
2023-03-27,2023-03-27,ACML,M,47.0,47.0,47.0,47.0,48.25,1,5000,235000.0
2023-03-27,2023-03-27,SHASHIJIT,T,40.17,42.0,40.14,40.14,42.25,26,2706,108798.0
2023-03-27,2023-03-27,ENDURANCE,A,1216.45,1216.45,1180.05,1189.65,1209.9,389,1034,1235186.0
2023-03-27,2023-03-27,PURPLE,X,5.78,5.78,5.24,5.24,5.51,14,4994,26188.0
2023-03-27,2023-03-27,SUPRAPFSL,X,18.25,18.25,16.1,17.49,16.67,19,2790,48799.0
2023-03-27,2023-03-27,PNBHOUSING,A,498.0,498.0,464.0,466.85,497.15,2444,76585,36361462.0
2023-03-27,2023-03-27,SOUTHERNIN,XT,14.8,14.8,14.16,14.8,14.1,14,1231,18102.0
2023-03-27,2023-03-27,REGENCY,X,8.22,8.22,7.92,8.01,8.21,48,19262,153254.0
2023-03-27,2023-03-27,VBL,A,1350.05,1373.95,1346.05,1360.1,1361.0,4135,48720,66338306.0
2023-03-27,2023-03-27,SALEM,X,42.38,42.38,38.18,41.53,42.38,8,90,3663.0
2023-03-27,2023-03-27,FRANKLININD,XT,9.49,9.49,9.49,9.49,9.04,6,233520,2216104.0
2023-03-27,2023-03-27,LKPSEC,X,12.51,12.51,11.53,11.74,12.26,123,13988,166323.0
2023-03-27,2023-03-27,OSIAJEE,X,64.62,66.0,58.55,61.96,64.61,1057,87623,5659087.0
2023-03-27,2023-03-27,SFL,A,1049.95,1049.95,985.25,995.25,1037.95,463,2134,2162193.0
2023-03-27,2023-03-27,EIKO,X,72.88,72.88,68.0,71.31,69.54,222,26521,1878842.0
2023-03-27,2023-03-27,AVL,B,1514.0,1565.0,1508.0,1547.3,1515.8,839,8753,13501952.0
2023-03-27,2023-03-27,HEADSUP,B,13.24,13.97,12.8,13.29,13.45,284,15590,206647.0
2023-03-27,2023-03-27,TCIEXP,A,1450.1,1483.3,1450.1,1473.55,1490.95,178,726,1067643.0
2023-03-27,2023-03-27,LAURUSLABS,A,299.95,301.65,295.0,298.4,299.15,2234,68421,20415821.0
2023-03-27,2023-03-27,NEWLIGHT,X,14.51,16.5,14.51,16.5,15.89,25,6483,105372.0
2023-03-27,2023-03-27,VSL,B,8.9,9.4,8.35,8.77,8.97,400,290227,2504618.0
2023-03-27,2023-03-27,MTPL,X,8.45,8.45,8.0,8.0,8.05,13,6120,50048.0
2023-03-27,2023-03-27,SHANGAR,XT,2.98,2.98,2.71,2.71,2.85,48,11840,32477.0
2023-03-27,2023-03-27,GLCL,Z,50.1,50.1,49.0,50.1,47.72,130,31538,1578861.0
2023-03-27,2023-03-27,TRU,B,56.75,59.41,54.46,56.87,58.78,353,26818,1532562.0
2023-03-27,2023-03-27,PRICOLLTD,A,186.05,200.45,185.7,198.45,189.0,1462,50477,9817498.0
2023-03-27,2023-03-27,JITFINFRA,T,88.61,88.62,83.03,84.9,86.99,22,6244,527353.0
2023-03-27,2023-03-27,RMC,M,260.6,273.7,260.6,273.7,260.7,7,14000,3805600.0
2023-03-27,2023-03-27,PARMAX,X,28.99,29.0,28.99,29.0,30.51,13,805,23340.0
2023-03-27,2023-03-27,LLFICL,X,4.67,4.67,4.67,4.67,4.91,56,43964,205311.0
2023-03-27,2023-03-27,DANUBE,X,13.9,13.98,13.0,13.36,13.68,110,14232,190716.0
2023-03-27,2023-03-27,RADIOCITY,B,10.72,10.76,10.1,10.13,10.75,418,349609,3625974.0
2023-03-27,2023-03-27,DMART,A,3359.05,3368.25,3301.25,3306.3,3358.6,5174,20987,69819785.0
2023-03-27,2023-03-27,IFL,B,158.0,158.25,152.5,154.1,155.1,1862,142506,22070724.0
2023-03-27,2023-03-27,KDLL,XT,10.1,10.1,9.21,9.21,9.69,2,2,19.0
2023-03-27,2023-03-27,ONTIC,X,0.59,0.59,0.59,0.59,0.57,112,233637,137845.0
2023-03-27,2023-03-27,SMLT,B,166.05,168.35,164.0,164.85,166.05,882,7678,1270798.0
2023-03-27,2023-03-27,CHEMCRUX,B,290.25,294.9,287.1,289.8,290.25,752,9761,2841241.0
2023-03-27,2023-03-27,MANOMAY,B,121.0,121.0,117.0,117.0,120.0,5,5,598.0
2023-03-27,2023-03-27,MAXIMUS,B,12.66,12.98,11.5,11.68,12.75,1234,232919,2764833.0
2023-03-27,2023-03-27,CLEDUCATE,B,53.5,54.11,49.6,50.01,52.62,235,12055,613442.0
2023-03-27,2023-03-27,OCEANIC,Z,25.05,26.14,25.05,26.14,24.9,30,9386,244864.0
2023-03-27,2023-03-27,SHANKARA,B,632.9,642.0,622.3,625.15,637.7,241,10617,6803045.0
2023-03-27,2023-03-27,STARLENT,B,113.3,113.3,110.75,110.8,108.65,6,25,2825.0
2023-03-27,2023-03-27,SCHAND,B,221.6,221.6,214.5,215.0,213.75,528,11259,2452051.0
2023-03-27,2023-03-27,MEERA,B,40.75,41.0,38.0,38.5,39.76,72,12870,510306.0
2023-03-27,2023-03-27,IRBINVIT,IF,65.15,66.7,65.15,66.4,66.11,112,28443,1886195.0
2023-03-27,2023-03-27,HUDCO,A,42.33,42.7,40.86,41.13,42.7,3197,603944,25156428.0
2023-03-27,2023-03-27,PSPPROJECT,A,665.0,679.0,665.0,672.7,667.85,716,7928,5313146.0
2023-03-27,2023-03-27,GKL,B,12.55,13.25,12.3,12.95,12.79,69,8754,111632.0
2023-03-27,2023-03-27,YUG,M,58.6,64.7,57.01,57.9,64.9,5,10000,590920.0
2023-03-27,2023-03-27,INDIGRID,IF,136.0,137.0,132.7,134.46,135.9,490,18066,2446858.0
2023-03-27,2023-03-27,VARIMAN,X,15.0,15.39,14.0,14.37,15.08,315,310197,4550994.0
2023-03-27,2023-03-27,STARCEMENT,A,113.05,116.85,110.25,110.6,114.3,508,10567,1205675.0
2023-03-27,2023-03-27,RIDDHICORP,B,245.0,245.0,235.15,235.3,247.0,21,637,155160.0
2023-03-27,2023-03-27,TEJASNET,A,577.3,578.5,565.05,566.75,577.3,1633,28259,16093523.0
2023-03-27,2023-03-27,ERIS,A,561.45,572.45,561.45,569.9,572.4,125,504,287475.0
2023-03-27,2023-03-27,CONTAINER,XT,5.48,5.48,5.3,5.3,5.48,2,201,1065.0
2023-03-27,2023-03-27,GTPL,B,100.8,101.5,95.55,96.05,100.8,377,18345,1793577.0
2023-03-27,2023-03-27,AUBANK,A,561.05,572.25,561.0,566.2,559.6,1245,19133,10828925.0
2023-03-27,2023-03-27,LOWVOLIETF,B,138.5,139.6,138.21,138.76,138.03,20,156,21615.0
2023-03-27,2023-03-27,GGENG,B,0.99,1.0,0.95,0.95,0.99,862,2666851,2595993.0
2023-03-27,2023-03-27,7NR,B,0.64,0.64,0.6,0.6,0.63,667,782188,484149.0
2023-03-27,2023-03-27,SALASAR,B,40.21,40.21,36.25,36.6,40.19,613,38855,1479555.0
2023-03-27,2023-03-27,GANGESSECU,B,91.45,91.95,88.9,90.3,91.45,16,1247,112599.0
2023-03-27,2023-03-27,PALASHSECU,B,99.9,99.9,91.15,98.7,95.2,75,2526,239587.0
2023-03-27,2023-03-27,AVADHSUGAR,B,421.6,421.8,401.3,406.15,420.15,380,2146,882490.0
2023-03-27,2023-03-27,MAGADSUGAR,B,318.0,318.0,286.95,292.05,301.75,208,3170,933496.0
2023-03-27,2023-03-27,SPTL,T,2.05,2.06,1.97,1.97,2.07,794,846064,1677921.0
2023-03-27,2023-03-27,GSTL,B,33.2,34.5,31.4,32.07,33.72,91,8497,277954.0
2023-03-27,2023-03-27,NEXT50BETA,B,39.7,39.97,39.39,39.43,39.71,91,1521,60159.0
2023-03-27,2023-03-27,SIS,A,347.95,349.55,337.2,339.4,350.1,224,1158,396608.0
2023-03-27,2023-03-27,COCHINSHIP,A,432.6,434.25,411.0,416.55,432.55,1273,27055,11428681.0
2023-03-27,2023-03-27,HALEOSLABS,B,525.35,525.85,509.75,513.1,533.0,83,216,110726.0
2023-03-27,2023-03-27,KIOCL,A,174.95,176.35,167.3,168.8,175.4,240,4020,690640.0
2023-03-27,2023-03-27,CHOTHANI,M,16.49,16.49,16.49,16.49,16.09,1,10000,164900.0
2023-03-27,2023-03-27,SMRUTHIORG,X,140.9,140.9,128.0,132.65,134.1,81,5123,674967.0
2023-03-27,2023-03-27,ABCAPITAL,A,144.4,147.5,139.35,145.95,143.95,2893,249125,35717279.0
2023-03-27,2023-03-27,APEX,B,200.0,200.0,188.5,189.4,194.95,537,12931,2467311.0
2023-03-27,2023-03-27,SHISHIND,B,226.95,226.95,215.2,218.25,220.4,321,6948,1543711.0
2023-03-27,2023-03-27,ANG,B,80.0,81.38,77.18,78.46,79.94,194,15802,1246050.0
2023-03-27,2023-03-27,DWL,M,22.23,22.23,22.23,22.23,22.23,2,600,13338.0
2023-03-27,2023-03-27,KCDGROUP,X,18.22,18.22,18.22,18.22,17.36,13,2136,38917.0
2023-03-27,2023-03-27,DIXON,A,2882.0,2892.45,2795.6,2806.15,2880.65,1553,8825,25124675.0
2023-03-27,2023-03-27,BRNL,B,26.8,27.36,26.05,26.11,27.07,79,3201,84621.0
2023-03-27,2023-03-27,DCAL,A,127.9,129.0,121.65,122.55,127.9,2229,83835,10468969.0
2023-03-27,2023-03-27,LASA,B,19.69,20.5,18.25,18.38,19.89,172,52139,996493.0
2023-03-27,2023-03-27,PROCLB,X,6.23,6.54,6.23,6.54,6.23,6,24092,154433.0
2023-03-27,2023-03-27,MATRIMONY,B,501.0,536.0,501.0,511.1,520.9,1276,5854,2993799.0
2023-03-27,2023-03-27,RHFL,B,2.55,2.61,2.4,2.49,2.55,430,661428,1641016.0
2023-03-27,2023-03-27,CAPACITE,B,117.05,119.05,110.7,112.6,119.15,985,20656,2360866.0
2023-03-27,2023-03-27,SAGAR,M,58.98,58.98,58.98,58.98,56.68,1,3000,176940.0
2023-03-27,2023-03-27,ICICIGI,A,1065.05,1084.0,1065.05,1074.15,1076.75,1913,15854,17087109.0
2023-03-27,2023-03-27,PQIF,B,40.81,43.0,40.0,40.06,40.82,63,1484,60093.0
2023-03-27,2023-03-27,SBILIFE,A,1100.05,1116.0,1095.15,1098.2,1113.0,1772,15162,16762341.0
2023-03-27,2023-03-27,DIAMONDYD,B,662.0,684.15,662.0,677.05,681.5,218,3554,2410061.0
2023-03-27,2023-03-27,SHAREINDIA,A,1075.0,1080.2,1047.3,1059.15,1082.55,280,1912,2040101.0
2023-03-27,2023-03-27,TTFL,B,61.95,61.95,56.25,57.3,59.39,108,13142,755941.0
2023-03-27,2023-03-27,POOJA,B,30.0,31.3,29.1,29.34,30.23,133,22688,684033.0
2023-03-27,2023-03-27,SAYAJIIND,X,156.1,156.1,150.0,151.0,156.1,18,1004,152690.0
2023-03-27,2023-03-27,MEHAI,B,16.33,16.81,15.58,16.81,16.01,232,117259,1943571.0
2023-03-27,2023-03-27,IRIS,B,70.25,71.6,70.0,70.4,69.91,26,2760,193207.0
2023-03-27,2023-03-27,SGRL,B,236.95,244.05,233.0,238.45,236.95,150,4364,1028312.0
2023-03-27,2023-03-27,STL,B,70.1,72.89,68.45,68.96,69.46,166,59072,4122122.0
2023-03-27,2023-03-27,GODREJAGRO,A,415.65,415.65,395.35,399.6,406.7,976,13446,5402904.0
2023-03-27,2023-03-27,MASFIN,A,795.5,803.95,784.3,790.55,803.15,332,1074,851990.0
2023-03-27,2023-03-27,IEX,A,142.15,143.0,133.55,134.1,143.0,19055,939986,129212131.0
2023-03-27,2023-03-27,GICRE,A,134.35,134.35,132.05,132.4,134.35,878,47153,6275170.0
2023-03-27,2023-03-27,SCPL,B,538.95,538.95,520.6,525.15,539.8,591,5502,2920719.0
2023-03-27,2023-03-27,TIINDIA,A,2574.95,2574.95,2466.6,2494.65,2555.95,1520,6290,15942237.0
2023-03-27,2023-03-27,NAM-INDIA,A,203.1,205.35,200.0,201.25,205.95,1613,44761,9055509.0
2023-03-27,2023-03-27,MAHLOG,A,359.8,367.5,353.5,355.4,358.9,670,9592,3421260.0
2023-03-27,2023-03-27,NIACL,A,100.25,100.75,98.0,98.3,100.25,356,7104,702763.0
2023-03-27,2023-03-27,IFGLEXPOR,B,215.25,215.95,208.0,209.05,217.6,226,7641,1601997.0
2023-03-27,2023-03-27,KHADIM,B,194.7,195.95,193.3,194.3,194.7,157,1467,285409.0
2023-03-27,2023-03-27,5PAISA,B,320.0,320.0,278.05,280.35,284.4,75,936,265435.0
2023-03-27,2023-03-27,HDFCLIFE,A,490.0,499.3,487.8,492.55,492.3,4185,118959,58873800.0
2023-03-27,2023-03-27,SBRANDS,M,21.85,24.1,21.85,24.1,23.0,7,9000,202040.0
2023-03-27,2023-03-27,SHARIKA,B,5.34,5.34,4.5,4.74,5.1,200,444189,2155591.0
2023-03-27,2023-03-27,ICICIB22,A,59.48,59.48,57.42,57.52,57.84,204,15427,892331.0
2023-03-27,2023-03-27,ASPIRA,X,28.06,30.67,25.76,26.65,29.68,40,3342,93397.0
2023-03-27,2023-03-27,DNAMEDIA,B,2.45,2.56,2.28,2.28,2.53,313,32729,75503.0
2023-03-27,2023-03-27,DYCL,B,172.5,172.5,161.0,161.9,165.05,333,4357,709979.0
2023-03-27,2023-03-27,RATNABHUMI,T,117.5,117.5,117.5,117.5,117.5,2,41,4817.0
2023-03-27,2023-03-27,SHALBY,B,120.7,120.7,115.3,116.65,120.8,171,5874,698562.0
2023-03-27,2023-03-27,FSC,Z,14.59,14.59,13.21,13.24,13.9,119,26853,383876.0
2023-03-27,2023-03-27,MRCAGRO,B,46.66,51.45,46.66,46.66,49.11,356,56098,2639218.0
2023-03-27,2023-03-27,DML,M,25.86,25.86,25.25,25.25,23.51,9,90000,2321200.0
2023-03-27,2023-03-27,CRYSTAL,X,5.31,5.62,5.1,5.11,5.36,1016,310866,1632451.0
2023-03-27,2023-03-27,VITESSE,Z,15.95,16.35,14.88,15.9,15.64,26,8720,137825.0
2023-03-27,2023-03-27,ASTRON,B,21.3,21.3,19.65,19.88,21.0,690,31108,627244.0
2023-03-27,2023-03-27,CHANDRIMA,X,6.9,6.9,6.89,6.89,6.76,3,303,2090.0
2023-03-27,2023-03-27,7SEASL,X,16.0,17.74,15.11,17.19,16.2,47,5825,94096.0
2023-03-27,2023-03-27,APOLLO,B,276.5,276.5,262.5,262.85,276.3,718,7657,2032522.0
2023-03-27,2023-03-27,NEWGEN,A,440.0,443.0,438.5,441.0,442.1,847,7881,3479274.0
2023-03-27,2023-03-27,PRAXIS,B,17.79,19.2,17.0,17.77,18.4,295,10284,185404.0
2023-03-27,2023-03-27,AMBER,A,1814.95,1835.0,1762.25,1790.8,1813.9,1461,7192,12851712.0
2023-03-27,2023-03-27,SRUSTEELS,XT,21.29,23.0,21.27,22.79,22.36,262,116738,2605160.0
2023-03-27,2023-03-27,ASHOKAMET,M,14.5,14.5,14.5,14.5,14.1,1,6000,87000.0
2023-03-27,2023-03-27,GALAXYSURF,A,2341.9,2341.9,2306.4,2313.65,2347.85,158,376,874209.0
2023-03-27,2023-03-27,GGL,B,15.83,15.83,14.38,14.46,15.13,813,163222,2419122.0
2023-03-27,2023-03-27,MEDICO,B,84.6,84.6,78.75,79.7,82.85,336,5829,475149.0
2023-03-27,2023-03-27,LAL,M,85.05,100.43,85.05,95.97,91.3,12,35000,3350225.0
2023-03-27,2023-03-27,KENVI,T,78.81,78.81,78.81,78.81,75.06,165,18890,1488720.0
2023-03-27,2023-03-27,IWP,X,22.7,23.7,18.85,21.54,23.51,103,35133,709707.0
2023-03-27,2023-03-27,TDSL,B,12.05,12.09,11.2,11.28,11.8,90,29179,336647.0
2023-03-27,2023-03-27,BHATIA,T,18.0,18.4,17.3,17.71,17.89,247,112383,1995916.0
2023-03-27,2023-03-27,SHIVAMILLS,B,75.2,75.2,71.4,72.13,76.21,131,3827,276667.0
2023-03-27,2023-03-27,ASTERDM,A,234.15,239.55,234.15,236.85,237.25,496,5403,1280826.0
2023-03-27,2023-03-27,YSL,X,10877.5,10900.0,10877.5,10877.5,11450.0,21,22,239327.0
2023-03-27,2023-03-27,KANCOTEA,X,70.7,70.7,68.55,69.17,70.48,21,737,51041.0
2023-03-27,2023-03-27,ANGEL,M,28.05,28.05,26.7,27.25,28.1,8,60000,1634800.0
2023-03-27,2023-03-27,HGINFRA,A,775.3,781.0,752.5,769.0,780.6,1309,17384,13351756.0
2023-03-27,2023-03-27,INFLAME,M,401.5,410.0,380.0,387.25,401.5,49,22500,8769250.0
2023-03-27,2023-03-27,BPLPHARMA,X,327.0,335.0,326.05,331.5,345.0,9,171,56703.0
2023-03-27,2023-03-27,LIQUIDETF,F,999.99,1000.01,999.99,1000.01,1000.0,36,11753,11752971.0
2023-03-27,2023-03-27,SHREESHAY,M,24.8,24.8,22.0,22.04,22.72,8,32000,752840.0
2023-03-27,2023-03-27,BDL,A,899.0,906.95,889.7,900.0,895.95,1697,17562,15806253.0
2023-03-27,2023-03-27,ACTIVE,XT,36.1,37.8,35.65,37.8,37.5,6,1051,37795.0
2023-03-27,2023-03-27,GOYALALUM,T,329.0,332.1,329.0,331.75,328.15,500,24804,8205955.0
2023-03-27,2023-03-27,BANDHANBNK,A,203.1,205.6,196.75,197.75,202.9,4156,364981,73360179.0
2023-03-27,2023-03-27,HAL,A,2525.0,2635.8,2525.0,2628.9,2569.5,9723,131961,341944362.0
2023-03-27,2023-03-27,DHARAN,T,2.32,2.4,2.23,2.23,2.34,422,727324,1644240.0
2023-03-27,2023-03-27,SANDHAR,B,212.25,212.25,209.3,210.85,214.8,214,2161,455092.0
2023-03-27,2023-03-27,YASHO,A,1400.0,1410.0,1381.35,1401.25,1400.1,680,17185,24080900.0
2023-03-27,2023-03-27,BENARA,M,10.2,10.5,10.2,10.5,10.71,2,4000,41400.0
2023-03-27,2023-03-27,ISEC,A,430.2,433.0,419.45,421.85,433.55,769,14350,6123205.0
2023-03-27,2023-03-27,MIDHANI,A,177.5,180.35,172.8,173.85,179.45,1419,60486,10571531.0
2023-03-27,2023-03-27,OBCL,B,54.85,54.85,51.45,53.18,54.15,195,129346,6782003.0
2023-03-27,2023-03-27,TRL,M,216.35,216.35,216.35,216.35,206.05,8,32000,6923200.0
2023-03-27,2023-03-27,LEMONTREE,A,74.06,74.55,72.85,73.76,73.68,5622,600821,44270765.0
2023-03-27,2023-03-27,CHEMFAB,B,224.8,226.1,216.65,218.75,223.3,138,4208,924265.0
2023-03-27,2023-03-27,HARDWYN,B,298.0,299.0,290.5,290.8,294.5,79,741,220603.0
2023-03-27,2023-03-27,ORIENTELEC,A,260.0,267.55,260.0,262.55,267.25,636,8387,2207292.0
2023-03-27,2023-03-27,DHRUV,B,50.0,56.55,47.2,47.4,48.85,82,5275,267278.0
2023-03-27,2023-03-27,AKSHAR,T,59.32,59.32,59.31,59.31,60.52,3,600,35587.0
2023-03-27,2023-03-27,BSE500IETF,A,23.7,24.39,23.7,23.96,24.13,142,3059,73465.0
2023-03-27,2023-03-27,INDOSTAR,T,120.15,120.15,114.15,114.15,120.15,115,11745,1351961.0
2023-03-27,2023-03-27,MILEFUR,M,5.09,5.09,4.99,4.99,4.85,11,39000,198210.0
2023-03-27,2023-03-27,PARVATI,X,5.2,5.2,5.2,5.2,5.47,68,19783,102871.0
2023-03-27,2023-03-27,MEGASTAR,B,212.65,213.0,200.1,202.25,212.65,170,1103,227536.0
2023-03-27,2023-03-27,INNOVATORS,M,76.0,76.0,76.0,76.0,78.5,1,1600,121600.0
2023-03-27,2023-03-27,UCIL,XT,83.03,83.03,83.03,83.03,87.4,5,7310,606949.0
2023-03-27,2023-03-27,ZIMLAB,B,76.0,77.65,72.6,73.53,75.01,77,1210,89683.0
2023-03-27,2023-03-27,AFFORDABLE,M,298.5,303.95,295.0,295.0,308.0,30,26400,7871800.0
2023-03-27,2023-03-27,DOLLAR,A,366.85,367.6,340.45,344.25,362.15,1091,9773,3407111.0
2023-03-27,2023-03-27,NGIL,B,50.75,53.5,49.05,49.05,51.63,38,6967,342813.0
2023-03-27,2023-03-27,PALMJEWELS,B,12.25,13.02,11.51,13.02,11.84,124,64109,821326.0
2023-03-27,2023-03-27,WAA,M,37.0,37.05,35.1,35.97,38.21,14,25600,930240.0
2023-03-27,2023-03-27,ADANIGREEN,A,1060.0,1076.0,978.5,984.7,1030.0,76376,1230834,1257722820.0
2023-03-27,2023-03-27,UNICK,XT,36.2,36.2,36.2,36.2,38.1,5,5600,202720.0
2023-03-27,2023-03-27,SOLARA,A,355.2,361.25,342.4,344.9,365.4,1466,15498,5452558.0
2023-03-27,2023-03-27,GAYAHWS,B,0.75,0.76,0.72,0.75,0.77,70,44870,32930.0
2023-03-27,2023-03-27,RITES,A,349.45,353.05,343.3,345.0,348.0,913,19797,6915904.0
2023-03-27,2023-03-27,FINEORG,A,4277.05,4299.15,4172.65,4204.55,4276.85,908,3994,16832091.0
2023-03-27,2023-03-27,VARROC,A,250.0,253.7,247.0,249.65,252.55,457,10487,2628505.0
2023-03-27,2023-03-27,RAJNISH,B,16.55,16.88,15.9,16.08,16.31,898,229463,3766922.0
2023-03-27,2023-03-27,GUJWIND,XT,2.05,2.05,1.95,1.95,2.05,15,11995,23531.0
2023-03-27,2023-03-27,RAWEDGE,B,43.0,45.5,43.0,44.75,43.5,14,41851,1813599.0
2023-03-27,2023-03-27,TCNSBRANDS,A,451.45,451.45,430.75,436.15,448.45,141,1142,502821.0
2023-03-27,2023-03-27,ASHNI,X,14.5,15.45,14.5,14.75,15.0,55,27812,412197.0
2023-03-27,2023-03-27,RACONTEUR,M,24.09,24.09,24.09,24.09,22.95,1,1600,38544.0
2023-03-27,2023-03-27,HDFCAMC,A,1665.05,1684.55,1634.1,1680.5,1670.65,2207,19435,32318923.0
2023-03-27,2023-03-27,VIVANTA,X,2.86,2.86,2.62,2.71,2.73,206,202688,558639.0
2023-03-27,2023-03-27,FRATELLI,XT,25.49,25.5,23.91,23.91,25.16,9,346,8504.0
2023-03-27,2023-03-27,CREDITACC,A,901.0,934.95,891.05,897.75,917.45,669,2787,2548080.0
2023-03-27,2023-03-27,AMINTAN,X,1.65,1.69,1.52,1.56,1.62,80,68314,106467.0
2023-03-27,2023-03-27,DEEP,B,100.51,102.0,93.0,94.53,98.08,354,166094,15837385.0
2023-03-27,2023-03-27,NEXT50IETF,B,38.69,39.05,38.55,38.66,38.69,134,9315,360939.0
2023-03-27,2023-03-27,ASRL,B,40.45,40.45,38.0,38.8,39.55,1050,101568,3967431.0
2023-03-27,2023-03-27,SPACEINCUBA,X,1.46,1.46,1.34,1.34,1.25,30,13039,17928.0
2023-03-27,2023-03-27,SGIL,B,116.05,122.1,116.05,119.55,120.75,89,1561,188375.0
2023-03-27,2023-03-27,RANJEET,M,23.01,23.01,22.8,23.01,19.18,12,72000,1653480.0
2023-03-27,2023-03-27,LIQUIDIETF,F,1000.0,1000.01,999.12,1000.0,1011.58,40,12380,12379406.0
2023-03-27,2023-03-27,IRCON,A,53.18,53.48,52.6,52.83,53.19,1787,255856,13551966.0
2023-03-27,2023-03-27,SKYGOLD,B,245.0,248.6,207.8,242.55,251.0,102,6555,1590366.0
2023-03-27,2023-03-27,SETFSN50,A,475.0,478.0,468.1,474.5,476.55,28,386,183272.0
2023-03-27,2023-03-27,MANORAMA,B,1071.0,1071.0,1016.95,1048.15,1069.25,210,540,559881.0
2023-03-27,2023-03-27,INNOVATIVE,M,2.91,3.44,2.91,2.98,3.23,23,35000,108350.0
2023-03-27,2023-03-27,AAVAS,A,1663.05,1682.6,1616.6,1622.0,1678.8,517,2201,3616403.0
2023-03-27,2023-03-27,GENERAAGRI,Z,1.69,1.69,1.69,1.69,1.77,7,5012,8470.0
2023-03-27,2023-03-27,GRSE,A,410.05,414.95,400.1,404.3,411.15,1249,27029,10956495.0
2023-03-27,2023-03-27,A1L,B,347.75,360.0,332.0,339.7,347.55,400,64686,21964932.0
2023-03-27,2023-03-27,DOLFIN,B,125.65,126.3,123.65,126.25,123.15,29,696,87543.0
2023-03-27,2023-03-27,SHUBHAM,B,16.79,16.95,15.35,15.35,16.15,402,45791,731306.0
2023-03-27,2023-03-27,SUNRETAIL,M,0.42,0.5,0.42,0.47,0.43,33,1728000,797280.0
2023-03-27,2023-03-27,SMGOLD,B,15.1,15.1,14.48,14.54,15.24,279,36078,527022.0
2023-03-27,2023-03-27,VIVIDM,T,31.0,31.0,31.0,31.0,32.5,1,199,6169.0
2023-03-27,2023-03-27,BCPL,B,40.0,40.0,38.0,38.52,38.74,183,33494,1299571.0
2023-03-27,2023-03-27,ATGL,A,1020.0,1038.75,957.45,958.35,1007.8,21385,339590,335864196.0
2023-03-27,2023-03-27,NETRIPPLES,Z,4.85,4.85,4.85,4.85,5.1,3,1038,5034.0
2023-03-27,2023-03-27,PHOSPHATE,X,171.15,171.15,154.85,154.85,163.0,25,1572,248050.0
2023-03-27,2023-03-27,NIFTYETF,B,177.08,178.57,177.08,177.58,179.39,43,400,71107.0
2023-03-27,2023-03-27,TECHNOE,A,320.25,320.25,313.1,314.95,320.25,254,2367,746548.0
2023-03-27,2023-03-27,NIVAKA,X,3.1,3.1,2.98,2.98,3.03,12,10251,30578.0
2023-03-27,2023-03-27,DALBHARAT,A,1830.3,1876.0,1827.65,1870.25,1830.25,2568,21479,39977809.0
2023-03-27,2023-03-27,ABSLNN50ET,B,39.0,39.0,38.41,38.41,39.13,30,635,24491.0
2023-03-27,2023-03-27,NILASPACES,B,2.68,2.94,2.62,2.91,2.68,266,415406,1192850.0
2023-03-27,2023-03-27,SRD,B,130.05,133.5,123.4,129.6,130.05,395,7822,999036.0
2023-03-27,2023-03-27,TREJHARA,B,50.1,51.5,48.15,48.86,50.23,86,1076,53327.0
2023-03-27,2023-03-27,DECCAN,M,27.2,27.4,25.55,26.5,29.71,11,15600,419172.0
2023-03-27,2023-03-27,AXITA,B,56.04,57.79,55.21,56.3,56.02,430,50674,2867902.0
2023-03-27,2023-03-27,KPIGREEN,B,427.05,432.05,409.7,412.55,429.2,747,6111,2561076.0
2023-03-27,2023-03-27,RPSGVENT,B,382.05,384.5,367.25,376.2,386.3,609,11300,4214973.0
2023-03-27,2023-03-27,SPENCERS,B,57.2,58.15,54.45,55.27,58.19,367,19744,1106620.0
2023-03-27,2023-03-27,GLOSTERLTD,X,585.0,604.8,563.2,569.75,580.75,285,4543,2634888.0
2023-03-27,2023-03-27,XELPMOC,B,101.0,101.0,90.55,91.25,99.7,652,18222,1724447.0
2023-03-27,2023-03-27,RITCO,B,164.25,164.25,153.75,156.0,157.85,243,6732,1054214.0
2023-03-27,2023-03-27,CHALET,A,357.2,369.05,354.25,358.95,360.7,549,12717,4610600.0
2023-03-27,2023-03-27,ANMOL,B,177.0,181.7,175.7,177.35,177.6,21,479,84910.0
2023-03-27,2023-03-27,JONJUA,M,9.2,9.33,9.1,9.1,10.43,6,20760,191268.0
2023-03-27,2023-03-27,KRANTI,B,66.49,69.0,63.75,64.0,67.85,122,15291,1003113.0
2023-03-27,2023-03-27,ANUP,B,960.05,990.0,952.0,976.15,965.4,399,1700,1653151.0
2023-03-27,2023-03-27,ARVINDFASN,A,286.0,289.85,279.0,279.8,290.25,735,12866,3634074.0
2023-03-27,2023-03-27,SNXT50BETA,A,47.51,47.51,47.15,47.38,47.52,26,42,1989.0
2023-03-27,2023-03-27,AIHL,XT,41.0,41.0,41.0,41.0,43.05,1,1,41.0
2023-03-27,2023-03-27,AGOL,T,79.51,81.49,75.6,76.0,79.51,14,11537,877352.0
2023-03-27,2023-03-27,MSTCLTD,A,254.95,256.65,242.0,244.0,254.85,1425,28326,7043094.0
2023-03-27,2023-03-27,EMBASSY,IF,319.0,327.0,314.0,314.44,322.6,1443,64917,20660224.0
2023-03-27,2023-03-27,CHANDNIMACH,X,16.0,16.0,14.12,14.16,16.5,15,3217,45545.0
2023-03-27,2023-03-27,NSL,M,223.0,223.0,223.0,223.0,223.15,1,1000,223000.0
2023-03-27,2023-03-27,RVNL,A,65.25,67.11,63.7,66.47,64.72,4831,957676,63002397.0
2023-03-27,2023-03-27,METROPOLIS,A,1176.05,1242.0,1176.05,1231.9,1201.65,929,4608,5669291.0
2023-03-27,2023-03-27,KPITTECH,A,887.05,900.0,866.65,872.15,886.55,8132,128224,112755802.0
2023-03-27,2023-03-27,POLYCAB,A,2820.05,2847.7,2773.0,2779.75,2822.7,2707,12497,35127274.0
2023-03-27,2023-03-27,VRFILMS,M,205.0,205.0,205.0,205.0,207.35,1,250,51250.0
2023-03-27,2023-03-27,VIKASLIFE,B,3.46,3.55,3.37,3.41,3.45,2459,3470380,11856764.0
2023-03-27,2023-03-27,NEOGEN,A,1283.7,1288.0,1266.95,1275.95,1282.2,125,475,607744.0
2023-03-27,2023-03-27,GKP,B,12.89,12.89,12.02,12.28,12.62,383,66665,816310.0
2023-03-27,2023-03-27,WORL,B,31.61,31.61,31.61,31.61,33.27,83,5492,173602.0
2023-03-27,2023-03-27,EVANS,M,98.55,98.7,97.05,98.7,102.15,13,14000,1365450.0
2023-03-27,2023-03-27,BMW,X,40.38,42.9,32.66,33.27,39.59,934,93985,3500882.0
2023-03-27,2023-03-27,AEPL,B,119.25,123.0,117.15,121.75,117.15,345,9403,1134325.0
2023-03-27,2023-03-27,MAHESH,X,11.4,11.4,11.4,11.4,11.4,3,430,4902.0
2023-03-27,2023-03-27,CHCL,M,28.6,29.0,27.65,29.0,28.57,5,14000,391700.0
2023-03-27,2023-03-27,DEL,X,22.9,22.9,21.11,22.0,22.0,7,147,3312.0
2023-03-27,2023-03-27,HARISH,X,33.0,33.0,33.0,33.0,34.0,3,260,8580.0
2023-03-27,2023-03-27,PPL,B,137.95,142.4,135.25,136.15,139.95,334,5444,754893.0
2023-03-27,2023-03-27,DGCONTENT,B,14.15,14.6,14.15,14.3,14.65,21,4332,61946.0
2023-03-27,2023-03-27,PARSHVA,T,171.0,171.0,159.0,170.2,163.25,9,40,6549.0
2023-03-27,2023-03-27,ARL,B,36.16,37.91,34.28,34.44,36.16,36,645,22635.0
2023-03-27,2023-03-27,MURAE,B,2.22,2.24,1.94,2.07,2.21,526,374993,800866.0
2023-03-27,2023-03-27,SBC,B,18.22,18.65,17.76,18.08,18.04,1064,644875,11785497.0
2023-03-27,2023-03-27,INDIAMART,A,4979.95,5113.4,4959.05,5034.6,4975.55,1220,4721,23847345.0
2023-03-27,2023-03-27,CPML,M,86.35,86.35,86.35,86.35,89.0,1,2000,172700.0
2023-03-27,2023-03-27,DCMNVL,B,131.0,135.0,130.05,130.9,131.4,231,9512,1256502.0
2023-03-27,2023-03-27,BANKIETF,B,39.45,39.77,39.33,39.37,39.43,187,22324,883245.0
2023-03-27,2023-03-27,SNXT50BEES,A,47.0,47.5,46.13,46.42,46.8,65,1086,50814.0
2023-03-27,2023-03-27,AFFLE,A,948.0,952.45,930.0,934.4,950.2,3339,20403,19160365.0
2023-03-27,2023-03-27,SEACOAST,X,2.73,2.73,2.51,2.59,2.69,1108,804973,2123849.0
2023-03-27,2023-03-27,PVTBANIETF,B,199.0,200.56,197.83,198.54,197.75,38,106,21102.0
2023-03-27,2023-03-27,SPANDANA,A,502.0,520.2,500.55,502.25,518.75,503,2064,1045769.0
2023-03-27,2023-03-27,SWSOLAR,A,309.0,312.95,303.2,304.8,309.0,1223,36197,11073944.0
2023-03-27,2023-03-27,ALPHALOGIC,B,27.0,28.35,26.0,26.41,27.52,50,10118,270814.0
2023-03-27,2023-03-27,360ONE,A,426.0,431.95,413.45,425.45,428.25,673,5117,2166539.0
2023-03-27,2023-03-27,IIFLCAPS,B,51.08,51.57,48.55,49.88,51.52,745,31379,1574182.0
2023-03-27,2023-03-27,MUFIN,X,218.0,218.0,214.0,216.15,220.15,63,9299,2015021.0
2023-03-27,2023-03-27,MISQUITA,M,35.0,39.05,35.0,39.05,41.0,2,4000,148100.0
2023-03-27,2023-03-27,GALACTICO,B,8.0,8.0,7.74,7.74,8.14,656,97055,752302.0
2023-03-27,2023-03-27,VEL,X,13.87,15.31,13.87,15.31,14.59,7,20111,307739.0
2023-03-27,2023-03-27,NIESSPJ,B,28.19,28.19,25.87,28.19,25.65,14,2860,76358.0
2023-03-27,2023-03-27,NIESSPA,B,33.45,33.45,33.45,33.45,30.41,1,1,33.0
2023-03-27,2023-03-27,FLUOROCHEM,A,3036.05,3056.05,2950.0,2960.85,3049.85,625,4596,13759507.0
2023-03-27,2023-03-27,IRCTC,A,596.55,599.15,577.65,582.55,600.25,15403,210109,123758562.0
2023-03-27,2023-03-27,NIEHSPD,B,0.7,0.71,0.7,0.7,0.77,6,1875,1318.0
2023-03-27,2023-03-27,NIEHSPE,B,1.05,1.05,1.05,1.05,1.15,4,805,845.0
2023-03-27,2023-03-27,NIEHSPH,B,1.7,1.7,1.7,1.7,1.7,1,15,25.0
2023-03-27,2023-03-27,NIEHSPL,B,1.0,1.0,0.92,0.92,0.92,7,4430,4075.0
2023-03-27,2023-03-27,NIESSPL,B,0.85,0.85,0.79,0.8,0.8,5,2001,1610.0
2023-03-27,2023-03-27,NIESSPM,B,1.85,1.85,1.58,1.74,1.75,11,5906,10731.0
2023-03-27,2023-03-27,GOBLIN,M,68.01,69.55,68.01,69.0,70.0,5,10000,689120.0
2023-03-27,2023-03-27,GENSOL,M,1099.0,1099.45,1090.0,1099.45,1047.1,69,10032,11027391.0
2023-03-27,2023-03-27,VISHWARAJ,B,14.4,14.67,13.9,13.92,14.63,306,110592,1556331.0
2023-03-27,2023-03-27,GREENPANEL,A,270.0,270.0,263.0,264.4,268.2,1031,20570,5472110.0
2023-03-27,2023-03-27,SHAHLON,X,11.97,11.97,10.45,10.6,11.5,45,1897,20861.0
2023-03-27,2023-03-27,ABSLBANETF,B,39.07,39.74,39.07,39.49,39.49,46,98,3873.0
2023-03-27,2023-03-27,COLAB,X,47.1,47.25,46.93,46.93,49.39,58,16930,796534.0
2023-03-27,2023-03-27,CSBBANK,A,235.4,238.95,231.95,234.85,238.1,898,15952,3753159.0
2023-03-27,2023-03-27,UJJIVANSFB,A,23.85,24.71,23.26,24.43,24.12,1909,633377,15137161.0
2023-03-27,2023-03-27,HINDWAREAP,B,340.05,345.05,330.0,332.3,342.8,930,7965,2683944.0
2023-03-27,2023-03-27,PRINCEPIPE,A,564.6,565.9,549.0,550.2,564.65,2147,13695,7576155.0
2023-03-27,2023-03-27,GIANLIFE,B,20.25,20.25,18.75,18.75,19.73,58,46317,916799.0
2023-03-27,2023-03-27,ARTEMISMED,B,64.55,65.81,64.1,64.2,65.06,57,1621,104717.0
2023-03-27,2023-03-27,SUMICHEM,A,416.2,423.05,399.0,403.2,422.9,2605,29662,12198357.0
2023-03-27,2023-03-27,MIDCAPIETF,B,114.53,115.69,113.3,113.48,114.53,58,444,50676.0
2023-03-27,2023-03-27,NEXT50,B,378.54,379.99,376.25,377.13,378.6,5,7,2652.0
2023-03-27,2023-03-27,JANUSCORP,M,3.92,3.92,3.6,3.62,3.74,9,31500,114940.0
2023-03-27,2023-03-27,BIRLATYRES,T,5.28,5.28,5.28,5.28,5.55,26,4494,23728.0
2023-03-27,2023-03-27,UNIVPHOTO,B,390.05,394.85,375.3,378.6,394.1,121,568,217551.0
2023-03-27,2023-03-27,OCTAVIUSPL,X,49.0,49.0,49.0,49.0,49.0,1,1,49.0
2023-03-27,2023-03-27,COHANCE,A,465.65,472.2,465.65,470.5,472.0,196,2547,1196697.0
2023-03-27,2023-03-27,SBICARD,A,722.95,725.4,716.0,718.75,723.0,1637,28653,20634844.0
2023-03-27,2023-03-27,07AGG,F,6.22,7.15,6.21,6.98,6.89,27,2374,14925.0
2023-03-27,2023-03-27,08MPD,B,2.35,2.35,1.98,2.35,2.2,5,172,403.0
2023-03-27,2023-03-27,08GPG,B,0.85,0.85,0.71,0.78,0.78,38,31334,22720.0
2023-03-27,2023-03-27,10AGG,F,3.12,3.12,3.12,3.12,2.84,1,1,3.0
2023-03-27,2023-03-27,10ARD,F,62.0,62.0,62.0,62.0,62.3,1,1,62.0
2023-03-27,2023-03-27,10GPG,F,0.86,0.86,0.72,0.8,0.8,5,2503,1802.0
2023-03-27,2023-03-27,ROJL,B,6.55,6.55,6.55,6.55,6.89,52,10160,66548.0
2023-03-27,2023-03-27,11GPG,B,1.14,1.14,1.11,1.11,1.14,7,1001,1111.0
2023-03-27,2023-03-27,11MPD,B,1.26,1.49,1.26,1.26,1.39,18,3012,3918.0
2023-03-27,2023-03-27,11QPD,B,3.17,3.17,2.89,2.9,2.89,27,7290,21534.0
2023-03-27,2023-03-27,11AGG,B,8.38,8.38,8.38,8.38,7.62,3,17,142.0
2023-03-27,2023-03-27,11AMD,B,17.1,17.1,15.67,15.67,15.56,5,23,368.0
2023-03-27,2023-03-27,11DPD,B,2.1,2.28,2.05,2.13,2.08,20,27523,62217.0
2023-03-27,2023-03-27,POWERINDIA,A,3301.05,3338.3,3107.15,3136.7,3348.0,747,2668,8524649.0
2023-03-27,2023-03-27,DJML,B,139.0,139.0,126.3,130.0,139.35,135,3756,493584.0
2023-03-27,2023-03-27,NIRMITEE,MS,105.0,105.0,105.0,105.0,106.25,1,1800,189000.0
2023-03-27,2023-03-27,NATURAL,X,4.96,4.96,4.81,4.94,4.96,21,6980,34003.0
2023-03-27,2023-03-27,REGIS,XT,52.38,52.38,52.38,52.38,55.13,1,5,261.0
2023-03-27,2023-03-27,AARTISURF,B,457.9,459.9,440.6,443.35,460.75,639,3358,1506885.0
2023-03-27,2023-03-27,BONLON,B,46.01,50.61,45.95,45.95,48.36,17,934,44445.0
2023-03-27,2023-03-27,BOROLTD,A,315.0,318.0,310.25,312.45,314.65,526,4353,1366561.0
2023-03-27,2023-03-27,ROSSARI,A,590.95,599.45,559.0,589.75,593.6,1187,6004,3445298.0
2023-03-27,2023-03-27,NDRAUTO,B,551.75,551.75,541.1,541.1,543.2,23,93,50533.0
2023-03-27,2023-03-27,EBBETF0425,F,1110.01,1115.94,1110.01,1115.94,1112.09,5,121,134411.0
2023-03-27,2023-03-27,EBBETF0431,F,1116.0,1118.0,1113.05,1114.99,1114.0,31,2279,2544071.0
2023-03-27,2023-03-27,MINDSPACE,IF,314.59,317.5,300.0,306.0,312.15,631,45753,13955295.0
2023-03-27,2023-03-27,SBGLP,B,209.9,209.9,177.8,189.55,185.0,82,1442,264326.0
2023-03-27,2023-03-27,ALPL30IETF,B,166.16,169.6,165.1,169.07,168.19,39,286,48115.0
2023-03-27,2023-03-27,MAXHEALTH,A,467.95,467.95,450.0,459.8,461.25,1768,30089,13793847.0
2023-03-27,2023-03-27,ITIETF,B,29.13,29.38,29.0,29.07,29.05,348,47223,1376443.0
2023-03-27,2023-03-27,MAXIND,B,82.25,82.25,78.88,79.06,78.71,44,1444,115007.0
2023-03-27,2023-03-27,HDFCNIFBAN,B,396.34,398.0,395.75,397.03,396.34,39,455,180423.0
2023-03-27,2023-03-27,BANKBETA,B,39.7,40.13,39.58,39.9,39.76,51,1564,62054.0
2023-03-27,2023-03-27,HAPPSTMNDS,A,800.0,801.3,780.0,783.95,797.1,7605,55683,43941770.0
2023-03-27,2023-03-27,ROUTE,A,1305.05,1341.0,1295.7,1317.45,1310.95,982,8312,10934027.0
2023-03-27,2023-03-27,SAMRATFORG,X,163.8,163.8,150.05,155.05,163.95,8,51,8245.0
2023-03-27,2023-03-27,ADVAIT,M,281.2,285.0,276.45,276.45,291.0,6,3000,844500.0
2023-03-27,2023-03-27,ADL,T,63.95,63.95,58.2,58.23,61.0,5,283,16487.0
2023-03-27,2023-03-27,CAMS,A,2105.1,2131.05,2045.05,2055.85,2132.1,1247,4620,9640154.0
2023-03-27,2023-03-27,CHEMCON,B,246.6,247.0,235.95,237.05,246.3,322,5491,1316681.0
2023-03-27,2023-03-27,ANGELONE,A,1135.0,1139.95,1113.05,1125.6,1134.15,2679,29852,33590130.0
2023-03-27,2023-03-27,ATAM,M,146.25,149.9,146.25,149.9,146.0,2,6000,888450.0
2023-03-27,2023-03-27,MAZDOCK,A,639.25,644.3,612.8,623.95,638.55,2006,51277,32032018.0
2023-03-27,2023-03-27,UTIAMC,A,655.65,655.65,637.9,646.8,658.1,1116,10759,6938156.0
2023-03-27,2023-03-27,GMPL,M,128.6,128.6,128.6,128.6,122.48,3,8400,1080240.0
2023-03-27,2023-03-27,LIKHITHA,B,232.5,233.1,227.95,229.9,232.35,1068,23792,5472355.0
2023-03-27,2023-03-27,VGIL,M,139.0,139.0,139.0,139.0,140.0,1,550,76450.0
2023-03-27,2023-03-27,HEMIPROP,A,86.4,87.7,83.35,83.9,86.76,1552,95778,8132161.0
2023-03-27,2023-03-27,EQUITASBNK,A,63.81,64.24,61.87,62.25,63.88,2493,480980,30122298.0
2023-03-27,2023-03-27,GLAND,A,1285.0,1330.0,1235.0,1256.05,1283.25,4360,62094,79948032.0
2023-03-27,2023-03-27,ESG,B,27.71,27.97,27.71,27.97,27.8,6,6,167.0
2023-03-27,2023-03-27,NETPIX,MS,37.0,37.0,37.0,37.0,35.5,1,4000,148000.0
2023-03-27,2023-03-27,RBA,A,87.51,89.6,86.0,86.73,88.29,737,45144,3943346.0
2023-03-27,2023-03-27,TARC,B,34.01,34.36,33.4,34.03,34.26,220,117448,3971617.0
2023-03-27,2023-03-27,MOGSEC,F,51.08,51.26,51.08,51.19,51.11,10,313,16019.0
2023-03-27,2023-03-27,RVHL,B,21.25,21.6,20.1,20.24,21.25,68,8029,163506.0
2023-03-27,2023-03-27,FAIRCHEMOR,B,960.0,960.0,923.9,931.05,961.85,1064,7567,7089928.0
2023-03-27,2023-03-27,BECTORFOOD,B,529.75,531.6,520.25,525.35,533.5,1209,14828,7776593.0
2023-03-27,2023-03-27,AWHCL,B,251.35,251.45,245.35,246.25,249.35,162,1556,383575.0
2023-03-27,2023-03-27,INFRABEES,B,520.1,528.0,520.1,521.87,522.18,28,58,30365.0
2023-03-27,2023-03-27,RFLL,XT,28.2,28.5,28.01,28.2,28.7,139,164505,4637758.0
2023-03-27,2023-03-27,IRFC,A,26.52,26.71,25.76,25.96,26.54,3097,1894873,49525155.0
2023-03-27,2023-03-27,INDIGOPNTS,A,1019.05,1024.9,997.75,1002.4,1016.55,545,2999,3015481.0
2023-03-27,2023-03-27,HOMEFIRST,A,687.5,689.45,671.25,679.25,687.85,326,2317,1571111.0
2023-03-27,2023-03-27,STOVEKRAFT,A,377.5,388.0,367.35,373.5,377.45,2151,54420,20620972.0
2023-03-27,2023-03-27,BIRET,IF,275.4,279.47,263.0,268.13,275.05,1114,30990,8326654.0
2023-03-27,2023-03-27,MRP,M,87.35,87.35,87.35,87.35,96.9,1,3000,262050.0
2023-03-27,2023-03-27,SMCGLOBAL,B,73.5,74.89,71.45,71.95,74.5,129,4129,299570.0
2023-03-27,2023-03-27,NURECA,B,326.6,327.35,318.0,320.75,319.85,275,2695,867479.0
2023-03-27,2023-03-27,RAILTEL,A,99.4,99.8,96.75,99.15,99.35,2764,135985,13321828.0
2023-03-27,2023-03-27,HERANBA,B,292.05,292.05,280.05,282.05,292.0,632,11272,3204349.0
2023-03-27,2023-03-27,DAVANGERE,X,63.01,68.5,63.01,67.25,66.22,27,137107,9248429.0
2023-03-27,2023-03-27,DRCSYSTEMS,B,46.9,47.31,46.1,47.31,45.06,36,2188,101395.0
2023-03-27,2023-03-27,MTARTECH,A,1609.05,1615.0,1537.05,1544.4,1608.3,1536,9161,14284497.0
2023-03-27,2023-03-27,JUBLINGREA,A,381.4,384.1,360.1,363.75,381.4,1646,35063,12986849.0
2023-03-27,2023-03-27,EASEMYTRIP,A,40.6,41.81,40.15,40.56,40.51,7018,1389034,56845996.0
2023-03-27,2023-03-27,KMEW,M,970.0,970.0,921.0,937.75,970.0,11,2750,2604000.0
2023-03-27,2023-03-27,SUUMAYA,M,11.2,11.73,10.64,10.88,11.2,62,41850,458217.0
2023-03-27,2023-03-27,ANURAS,A,860.9,866.65,814.6,822.4,854.35,1515,12812,10866007.0
2023-03-27,2023-03-27,CRAFTSMAN,A,3044.7,3051.65,2980.0,3007.9,3035.95,909,3617,10907702.0
2023-03-27,2023-03-27,LXCHEM,A,241.65,242.7,232.0,233.5,241.6,4813,101708,24080531.0
2023-03-27,2023-03-27,KALYANKJIL,A,116.85,122.55,113.25,118.75,116.4,3001,299031,35355812.0
2023-03-27,2023-03-27,SURYODAY,B,95.62,95.62,91.0,92.15,95.82,344,31431,2915888.0
2023-03-27,2023-03-27,NAZARA,A,510.0,514.35,487.0,498.2,510.8,1265,16066,8007836.0
2023-03-27,2023-03-27,SUVIDHAA,B,3.8,3.8,3.4,3.6,3.58,136,86087,309753.0
2023-03-27,2023-03-27,NIKSTECH,MS,305.0,305.0,305.0,305.0,307.3,7,12000,3660000.0
2023-03-27,2023-03-27,UFBL,A,659.85,659.85,615.95,619.45,641.7,1025,6595,4171455.0
2023-03-27,2023-03-27,EKI,A,595.55,598.85,557.55,561.6,586.85,3063,41531,23726486.0
2023-03-27,2023-03-27,RCAN,M,188.0,188.0,188.0,188.0,176.05,1,18000,3384000.0
2023-03-27,2023-03-27,ARTEMISADR,M,22.75,23.15,22.75,23.15,24.9,5,30000,688560.0
2023-03-27,2023-03-27,LODHA,A,837.15,837.15,785.45,795.5,822.6,1451,10665,8528966.0
2023-03-27,2023-03-27,DEEPINDS,B,258.0,275.35,254.85,257.0,264.9,220,4639,1204997.0
2023-03-27,2023-03-27,PGINVIT,IF,119.8,121.3,119.1,120.28,119.87,2086,57915,6951048.0
2023-03-27,2023-03-27,MAFANG,B,48.54,48.79,48.3,48.62,48.23,219,42491,2062020.0
2023-03-27,2023-03-27,HEALTHIETF,B,75.7,76.88,75.7,76.55,75.72,61,1251,95716.0
2023-03-27,2023-03-27,IWEL,B,1075.45,1125.0,1072.95,1096.95,1105.0,39,94,102312.0
2023-03-27,2023-03-27,VINEETLAB,B,38.2,42.25,38.2,42.1,40.72,104,3562,147539.0
2023-03-27,2023-03-27,SHYAMMETL,A,269.15,271.95,261.9,264.5,271.35,1419,35617,9525495.0
2023-03-27,2023-03-27,SONACOMS,A,410.8,415.4,405.1,414.55,410.55,1287,39021,16098510.0
2023-03-27,2023-03-27,NAVODAYENT,M,5.6,5.6,5.6,5.6,5.61,1,12000,67200.0
2023-03-27,2023-03-27,DODLA,A,418.0,447.5,418.0,439.95,447.25,322,2462,1075951.0
2023-03-27,2023-03-27,KIMS,A,1337.6,1362.5,1331.6,1337.25,1325.3,366,2299,3105312.0
2023-03-27,2023-03-27,ADESHWAR,M,16.8,16.8,16.8,16.8,17.0,1,12000,201600.0
2023-03-27,2023-03-27,IPL,A,207.55,207.55,200.9,203.35,208.45,1003,16762,3408373.0
2023-03-27,2023-03-27,GRINFRA,A,990.05,1003.15,980.0,984.25,1000.2,626,4572,4526454.0
2023-03-27,2023-03-27,CLEAN,A,1320.05,1322.05,1280.55,1284.1,1318.25,3320,17254,22419680.0
2023-03-27,2023-03-27,AAPLUSTRAD,M,4.62,4.62,4.53,4.6,4.62,5,40000,183760.0
2023-03-27,2023-03-27,ETERNAL,A,50.61,51.28,49.25,50.16,50.63,7895,2915647,146915004.0
2023-03-27,2023-03-27,TATVA,A,1705.0,1705.0,1636.4,1658.75,1705.6,621,1958,3257605.0
2023-03-27,2023-03-27,ALIVUS,A,387.95,390.0,381.0,382.65,391.95,1856,22368,8591925.0
2023-03-27,2023-03-27,BFSI,B,17.72,17.84,17.67,17.69,17.75,94,18438,326621.0
2023-03-27,2023-03-27,GCSL,M,165.45,180.0,157.25,172.7,174.05,7,50400,8325000.0
2023-03-27,2023-03-27,ROLEXRINGS,A,1958.0,1970.0,1875.0,1881.5,1944.7,419,1951,3705888.0
2023-03-27,2023-03-27,FMCGIETF,B,466.0,468.0,459.1,466.45,463.47,26,144,66685.0
2023-03-27,2023-03-27,EXXARO,B,107.05,107.05,102.0,102.25,105.45,704,14496,1502963.0
2023-03-27,2023-03-27,KRSNAA,B,450.0,472.25,442.1,446.55,450.05,899,8544,3930384.0
2023-03-27,2023-03-27,WINDLAS,B,238.1,240.0,236.0,236.55,238.6,86,815,194459.0
2023-03-27,2023-03-27,DEVYANI,A,138.0,138.7,134.05,137.85,138.0,3419,114487,15606193.0
2023-03-27,2023-03-27,MOL,A,80.31,80.44,76.2,76.42,80.31,702,140728,10915329.0
2023-03-27,2023-03-27,EPIGRAL,A,866.15,866.35,831.5,836.75,867.35,553,7615,6409560.0
2023-03-27,2023-03-27,CARTRADE,A,377.25,378.05,358.1,362.0,377.2,1971,22205,8102210.0
2023-03-27,2023-03-27,NUVOCO,A,328.0,335.5,328.0,334.95,333.85,364,3862,1285677.0
2023-03-27,2023-03-27,APTUS,A,244.0,245.8,241.7,242.8,244.65,567,11864,2889646.0
2023-03-27,2023-03-27,CHEMPLASTS,A,367.25,368.95,350.0,353.2,367.25,1098,22124,7975193.0
2023-03-27,2023-03-27,SHARPLINE,X,6.3,6.3,6.0,6.05,6.31,112,36414,222631.0
2023-03-27,2023-03-27,AASHKA,MT,45.7,47.45,45.55,47.45,46.83,7,7000,321210.0
2023-03-27,2023-03-27,ITAXIS,B,285.0,294.0,285.0,291.58,289.55,31,130,37340.0
2023-03-27,2023-03-27,HEALTHAXIS,B,76.1,77.25,75.6,76.5,76.1,69,3455,264218.0
2023-03-27,2023-03-27,ACUTAAS,A,878.8,898.5,877.2,891.7,897.7,632,10264,9142263.0
2023-03-27,2023-03-27,VIJAYA,A,381.05,462.0,381.05,449.8,385.0,6433,146750,63103659.0
2023-03-27,2023-03-27,NBL,MS,54.0,54.0,54.0,54.0,67.25,1,1600,86400.0
2023-03-27,2023-03-27,POBS,M,222.0,222.0,222.0,222.0,212.0,1,600,133200.0
2023-03-27,2023-03-27,SANSERA,A,708.35,737.5,707.65,734.7,719.85,312,1879,1348954.0
2023-03-27,2023-03-27,PREVEST,M,295.0,298.85,288.75,288.75,295.0,12,5200,1522400.0
2023-03-27,2023-03-27,MARKOLINES,M,116.0,116.0,109.0,111.4,115.3,24,30400,3425560.0
2023-03-27,2023-03-27,MASPTOP50,B,27.7,27.98,27.35,27.85,27.59,175,3475,96486.0
2023-03-27,2023-03-27,SBLI,M,82.7,82.7,81.1,81.1,79.8,7,14400,1185120.0
2023-03-27,2023-03-27,PARAS,A,462.85,478.0,450.7,461.15,461.2,2411,29948,13753323.0
2023-03-27,2023-03-27,GETALONG,M,103.35,103.35,103.35,103.35,98.45,1,2000,206700.0
2023-03-27,2023-03-27,ABSLAMC,A,341.45,341.75,309.3,312.25,339.95,6237,63406,20366585.0
2023-03-27,2023-03-27,PROMAX,M,36.0,42.8,35.5,42.0,38.0,4,20000,781500.0
2023-03-27,2023-03-27,CWD,MS,1749.0,1750.0,1699.0,1712.45,1749.0,10,4900,8405700.0
2023-03-27,2023-03-27,CONSUMIETF,B,72.0,72.51,72.0,72.31,71.98,12,82,5924.0
2023-03-27,2023-03-27,NYKAA,A,134.8,136.2,132.6,133.75,137.8,7995,513180,68840030.0
2023-03-27,2023-03-27,FINOPB,B,204.7,210.35,198.45,203.05,209.5,821,6429,1294118.0
2023-03-27,2023-03-27,SJS,B,393.05,409.15,392.05,398.65,407.2,719,4299,1710803.0
2023-03-27,2023-03-27,EQUAL50ADD,B,192.15,197.19,192.15,196.27,196.02,40,295,57649.0
2023-03-27,2023-03-27,SIGACHI,B,239.05,240.7,223.0,227.0,239.15,1710,21672,5036576.0
2023-03-27,2023-03-27,POLICYBZR,A,578.75,583.95,573.65,580.3,578.75,1888,42269,24522648.0
2023-03-27,2023-03-27,PAYTM,A,621.2,638.05,618.85,621.3,619.3,6471,187762,117777980.0
2023-03-27,2023-03-27,SAPPHIRE,A,1176.25,1176.25,1152.4,1165.9,1177.6,319,909,1055381.0
2023-03-27,2023-03-27,LATENTVIEW,A,330.0,333.0,317.2,318.4,329.6,1260,27207,8778740.0
2023-03-27,2023-03-27,TARSONS,A,544.05,560.45,525.05,532.95,547.05,1678,12675,6898822.0
2023-03-27,2023-03-27,OMNIPOTENT,M,9.24,9.4,9.24,9.31,9.0,4,8000,74440.0
2023-03-27,2023-03-27,GOCOLORS,A,960.7,960.7,932.8,944.15,951.2,448,2020,1902472.0
2023-03-27,2023-03-27,DMR,M,36.0,36.0,35.95,35.95,37.8,2,12000,431700.0
2023-03-27,2023-03-27,HITECH,B,76.7,80.9,74.15,74.65,77.5,1086,48226,3710040.0
2023-03-27,2023-03-27,STARHEALTH,A,539.05,551.25,536.35,540.3,550.15,1602,14671,7986787.0
2023-03-27,2023-03-27,TEGA,A,675.1,699.45,666.4,678.15,684.95,1337,16096,10941896.0
2023-03-27,2023-03-27,MAHKTECH,B,14.35,14.56,14.29,14.41,14.49,189,9229,133619.0
2023-03-27,2023-03-27,ANANDRATHI,A,797.8,814.7,797.8,811.0,812.85,1296,13923,11290719.0
2023-03-27,2023-03-27,ZODIAC,B,91.0,94.25,86.0,87.24,91.08,166,3171,280269.0
2023-03-27,2023-03-27,RATEGAIN,A,323.4,326.8,320.5,325.65,325.75,246,2627,850938.0
2023-03-27,2023-03-27,BBETF0432,F,1043.14,1048.88,1040.1,1044.62,1046.99,272,5233,5478033.0
2023-03-27,2023-03-27,SHRIRAMPPS,B,57.79,58.1,55.47,55.78,57.78,1200,56571,3194373.0
2023-03-27,2023-03-27,JETFREIGHT,B,11.8,12.13,11.31,11.7,11.84,157,81363,968120.0
2023-03-27,2023-03-27,MAPMYINDIA,A,1060.05,1060.05,1025.05,1026.6,1056.5,477,2887,2996722.0
2023-03-27,2023-03-27,METROBRAND,A,783.05,785.45,764.35,770.3,785.25,624,4292,3322277.0
2023-03-27,2023-03-27,MEDPLUS,A,661.7,678.0,655.25,662.2,669.8,713,5189,3451904.0
2023-03-27,2023-03-27,DATAPATTNS,A,1389.95,1389.95,1339.0,1344.95,1371.1,623,9068,12267439.0
2023-03-27,2023-03-27,HPAL,B,340.0,346.35,335.0,335.6,345.95,178,9381,3206579.0
2023-03-27,2023-03-27,SUPRIYA,A,181.85,186.05,170.05,182.75,182.65,5520,106530,18902624.0
2023-03-27,2023-03-27,CLARA,M,230.0,230.0,225.5,225.5,240.0,2,25500,5757000.0
2023-03-27,2023-03-27,WITS,MS,159.1,159.1,159.1,159.1,164.4,1,800,127280.0
2023-03-27,2023-03-27,MONQ50,B,53.0,53.48,52.18,52.49,52.78,68,1725,91286.0
2023-03-27,2023-03-27,MIDQ50ADD,B,153.5,155.0,152.25,152.27,153.45,151,819,125119.0
2023-03-27,2023-03-27,NIFTYADD,B,172.0,172.67,172.0,172.5,172.2,10,214,36816.0
2023-03-27,2023-03-27,CMSINFO,A,277.05,278.85,272.0,274.85,279.95,712,10907,2998860.0
2023-03-27,2023-03-27,BCONCEPTS,B,214.85,218.05,209.0,212.3,213.35,119,2261,483213.0
2023-03-27,2023-03-27,ASCENSIVE,MS,30.66,30.66,30.66,30.66,32.27,1,4000,122640.0
2023-03-27,2023-03-27,WEL,B,200.35,203.05,191.4,196.35,201.4,23,84,16707.0
2023-03-27,2023-03-27,AUTOIETF,B,122.5,122.5,121.71,121.79,123.22,44,416,50768.0
2023-03-27,2023-03-27,AGSTRA,B,49.3,50.61,46.5,46.75,50.05,729,234357,11019349.0
2023-03-27,2023-03-27,SILVERIETF,E,71.13,71.23,70.57,70.85,71.13,88,5017,355563.0
2023-03-27,2023-03-27,ALKOSIGN,M,73.0,78.0,73.0,78.0,75.0,2,6000,453000.0
2023-03-27,2023-03-27,MAKEINDIA,B,78.85,79.25,78.1,78.64,78.89,44,822,64594.0
2023-03-27,2023-03-27,AWL,A,407.75,411.6,387.4,387.65,407.75,20261,522448,205621496.0
2023-03-27,2023-03-27,SSTL,M,7.1,7.1,7.1,7.1,7.24,2,20000,142000.0
2023-03-27,2023-03-27,DEVIT,B,91.8,94.05,88.0,89.8,92.5,63,2149,193386.0
2023-03-27,2023-03-27,MANYAVAR,A,1109.75,1111.9,1089.9,1099.5,1110.55,816,3314,3646846.0
2023-03-27,2023-03-27,SPITZE,M,131.3,147.0,131.3,147.0,146.95,4,4000,570300.0
2023-03-27,2023-03-27,MOMOMENTUM,B,35.8,36.1,35.76,35.92,35.97,25,377,13536.0
2023-03-27,2023-03-27,SOFTTECH,B,169.7,172.5,164.2,169.25,165.15,12,22,3732.0
2023-03-27,2023-03-27,SILVER,E,71.4,72.0,70.26,70.63,71.2,94,6289,446658.0
2023-03-27,2023-03-27,TECH,B,28.06,28.8,28.06,28.59,28.49,376,871,24898.0
2023-03-27,2023-03-27,HEALTHY,B,7.51,7.7,7.51,7.64,7.56,156,11921,90551.0
2023-03-27,2023-03-27,BSLNIFTY,B,19.09,19.39,19.01,19.06,19.1,138,2747,52701.0
2023-03-27,2023-03-27,EKENNIS,M,117.5,122.0,113.05,122.0,122.0,8,8000,930040.0
2023-03-27,2023-03-27,GSEC5IETF,F,50.3,51.75,50.3,51.75,51.75,5,210,10788.0
2023-03-27,2023-03-27,MIDCAPETF,B,11.2,11.3,11.17,11.2,11.22,142,728,8173.0
2023-03-27,2023-03-27,EUREKAFORB,A,459.0,459.0,419.95,426.2,441.15,579,12943,5626729.0
2023-03-27,2023-03-27,GATEWAY,A,60.0,60.56,59.09,59.57,60.16,469,20176,1200755.0
2023-03-27,2023-03-27,GMRP&UI,B,16.94,16.94,15.26,15.48,16.58,712,129367,2064149.0
2023-03-27,2023-03-27,MSUMI,A,47.62,47.65,46.51,47.25,47.61,997,112372,5283871.0
2023-03-27,2023-03-27,MOLOWVOL,B,24.0,24.0,23.9,23.99,24.0,4,4,95.0
2023-03-27,2023-03-27,AVROIND,B,116.05,120.3,115.25,115.8,121.3,184,17423,2063109.0
2023-03-27,2023-03-27,UMAEXPORTS,B,39.01,40.0,38.35,38.65,40.0,309,18355,717501.0
2023-03-27,2023-03-27,VERANDA,B,174.85,177.8,166.0,167.7,174.5,448,16859,2901193.0
2023-03-27,2023-03-27,SEML,M,222.05,239.9,222.05,223.55,219.95,10,15000,3376200.0
2023-03-27,2023-03-27,DHYAANITR,M,159.7,159.8,159.7,159.8,168.0,2,4000,639000.0
2023-03-27,2023-03-27,HARIOMPIPE,B,489.9,497.65,473.55,492.25,479.0,1103,17727,8642979.0
2023-03-27,2023-03-27,EIGHTY,M,50.0,50.0,50.0,50.0,53.0,1,3000,150000.0
2023-03-27,2023-03-27,GLHRL,M,42.25,45.4,42.25,45.4,44.9,3,3000,130760.0
2023-03-27,2023-03-27,FONE4,M,5.3,5.3,5.28,5.28,5.55,3,30000,158600.0
2023-03-27,2023-03-27,NVENTURES,M,46.8,46.8,46.8,46.8,45.88,1,3000,140400.0
2023-03-27,2023-03-27,CAMPUS,B,342.0,342.0,325.0,330.9,338.75,5428,134167,44575436.0
2023-03-27,2023-03-27,RAINBOW,B,696.0,713.35,696.0,711.55,710.3,716,4558,3219694.0
2023-03-27,2023-03-27,SILVERTUC,B,361.6,365.5,354.9,365.5,358.65,68,2522,912820.0
2023-03-27,2023-03-27,LICI,A,561.0,562.0,540.05,545.2,560.05,16273,255287,140847785.0
2023-03-27,2023-03-27,PRUDENT,B,862.5,883.45,860.85,877.45,862.45,335,1722,1507253.0
2023-03-27,2023-03-27,VENUSPIPES,B,728.05,728.95,725.0,725.25,716.55,336,20732,15050450.0
2023-03-27,2023-03-27,DELHIVERY,A,323.75,333.9,322.8,329.85,323.75,1487,40154,13253399.0
2023-03-27,2023-03-27,PARADEEP,B,50.11,50.27,48.75,48.97,50.21,3287,336411,16589205.0
2023-03-27,2023-03-27,TIERRA,B,120.05,125.0,116.85,117.15,117.3,18,1828,220556.0
2023-03-27,2023-03-27,ETHOSLTD,B,975.9,981.65,950.8,953.35,981.4,182,611,591396.0
2023-03-27,2023-03-27,EMUDHRA,B,224.9,224.9,206.9,210.75,221.05,1858,30042,6379271.0
2023-03-27,2023-03-27,AETHER,B,868.05,888.8,857.7,867.3,884.35,399,2036,1774470.0
2023-03-27,2023-03-27,WEWIN,B,36.0,40.1,36.0,40.1,39.25,5,57,2060.0
2023-03-27,2023-03-27,GOEL,M,114.0,114.0,108.0,108.0,115.0,6,8000,895120.0
2023-03-27,2023-03-27,MODIS,M,151.0,151.0,151.0,151.0,150.0,2,3200,483200.0
2023-03-27,2023-03-27,PGCRL,M,169.0,175.0,167.5,167.5,185.25,3,1800,306900.0
2023-03-27,2023-03-27,KESAR,M,142.0,168.5,142.0,159.9,141.0,17,28000,4099840.0
2023-03-27,2023-03-27,JAYANT,M,93.8,94.1,85.2,85.2,89.65,26,29250,2648100.0
2023-03-27,2023-03-27,VEERKRUPA,M,99.0,99.0,97.15,97.15,102.25,4,12000,1178600.0
2023-03-27,2023-03-27,HEALTHYLIFE,M,6.22,6.45,6.2,6.23,6.22,6,60000,377700.0
2023-03-27,2023-03-27,DDEVPLSTIK,B,80.0,82.95,78.0,80.53,81.16,488,19486,1556788.0
2023-03-27,2023-03-27,MOHEALTH,B,21.7,21.99,21.66,21.66,21.84,4,4,87.0
2023-03-27,2023-03-27,MOM30IETF,B,18.06,18.08,18.06,18.08,18.11,4,20000,361300.0
2023-03-27,2023-03-27,HDFCNIF100,B,169.7,169.7,169.01,169.52,169.33,3,7,1186.0
2023-03-27,2023-03-27,HDFCNEXT50,B,379.0,380.87,375.69,375.78,383.87,7,7,2643.0
2023-03-27,2023-03-27,INFRAIETF,B,51.25,51.5,50.86,51.01,51.06,19,57,2920.0
2023-03-27,2023-03-27,SYRMA,B,268.75,268.75,252.45,255.95,260.0,1127,17846,4602343.0
2023-03-27,2023-03-27,NIFTYQLITY,B,14.2,14.2,13.85,13.85,13.88,52,196,2735.0
2023-03-27,2023-03-27,MOMENTUM,B,17.95,18.05,17.95,18.05,18.05,3,50,902.0
2023-03-27,2023-03-27,MOVALUE,B,46.81,46.81,46.7,46.8,46.84,4,4,187.0
2023-03-27,2023-03-27,MOQUALITY,B,114.1,114.1,112.76,112.81,113.88,9,29,3273.0
2023-03-27,2023-03-27,OLATECH,M,80.0,81.0,80.0,81.0,82.9,2,4000,322000.0
2023-03-27,2023-03-27,NATURO,M,7.17,8.89,7.17,8.14,8.9,9,36000,293600.0
2023-03-27,2023-03-27,DREAMFOLKS,B,413.1,422.65,406.5,409.15,417.9,1025,11944,4920502.0
2023-03-27,2023-03-27,HDFCSILVER,E,68.01,69.5,68.01,68.9,69.0,20,430,29542.0
2023-03-27,2023-03-27,DBOL,B,125.0,126.4,121.0,122.35,126.45,606,25016,3073062.0
2023-03-27,2023-03-27,DPL,M,13.5,13.5,12.55,12.65,13.25,14,45000,588900.0
2023-03-27,2023-03-27,TMB,B,415.5,416.95,408.9,413.8,413.85,358,1996,820905.0
2023-03-27,2023-03-27,VOEPL,M,170.0,173.55,167.0,168.85,166.95,16,32000,5451000.0
2023-03-27,2023-03-27,KSOLVES,B,425.5,448.0,425.5,443.05,447.5,84,328,145390.0
2023-03-27,2023-03-27,HARSHA,B,323.05,331.4,309.0,327.55,322.7,1191,22869,7262931.0
2023-03-27,2023-03-27,HDFCQUAL,B,37.4,37.8,37.3,37.62,37.27,8,9,338.0
2023-03-27,2023-03-27,CONTAINE,M,68.33,68.33,68.33,68.33,71.92,1,8000,546640.0
2023-03-27,2023-03-27,HDFCVALUE,B,90.8,90.8,89.6,90.01,92.75,12,82,7409.0
2023-03-27,2023-03-27,MAFIA,M,14.9,14.9,14.9,14.9,15.0,1,4000,59600.0
2023-03-27,2023-03-27,TIPSFILMS,B,433.1,433.1,393.3,396.75,434.85,340,1556,634960.0
2023-03-27,2023-03-27,SRSOLTD,M,136.0,136.0,135.0,135.0,135.9,2,3200,433600.0
2023-03-27,2023-03-27,TLL,M,145.0,145.0,133.25,133.25,149.75,3,14400,1937400.0
2023-03-27,2023-03-27,REETECH,M,57.25,59.0,57.0,59.0,59.3,12,26400,1530480.0
2023-03-27,2023-03-27,CARGOTRANS,M,70.6,83.2,70.6,71.8,78.0,4,12000,918300.0
2023-03-27,2023-03-27,CNCRD,M,214.0,214.0,214.0,214.0,214.5,1,8000,1712000.0
2023-03-27,2023-03-27,INA,M,121.95,122.0,120.0,120.0,121.5,3,12000,1457700.0
2023-03-27,2023-03-27,CARGOSOL,M,41.0,42.0,40.0,41.5,43.49,9,40000,1637200.0
2023-03-27,2023-03-27,STML,M,135.0,137.1,135.0,135.25,138.2,5,7200,977460.0
2023-03-27,2023-03-27,VEDANTASSET,M,49.0,49.0,43.15,46.6,49.75,7,24000,1084350.0
2023-03-27,2023-03-27,MAAGHADV,M,17.14,17.14,17.14,17.14,18.04,2,8000,137120.0
2023-03-27,2023-03-27,SECURCRED,B,26.38,27.05,25.05,25.1,26.36,469,63360,1619515.0
2023-03-27,2023-03-27,EMIL,B,64.51,64.62,61.45,63.18,64.73,1439,309334,19417856.0
2023-03-27,2023-03-27,HDFCLOWVOL,B,130.65,130.65,128.2,130.0,131.68,18,356,46304.0
2023-03-27,2023-03-27,HDFCMOMENT,B,180.1,180.1,178.4,178.4,183.0,4,4,716.0
2023-03-27,2023-03-27,PPLPHARMA,B,67.82,67.97,64.1,64.88,67.82,3151,408176,27002407.0
2023-03-27,2023-03-27,DCI,B,97.5,106.4,97.05,98.6,101.55,124,1781,179630.0
2023-03-27,2023-03-27,PACE,M,20.0,20.24,19.24,19.28,20.25,23,50400,989700.0
2023-03-27,2023-03-27,TRACXN,B,67.15,68.85,63.55,66.07,67.14,836,138977,9140508.0
2023-03-27,2023-03-27,NARMADA,B,18.51,19.73,18.05,19.27,18.85,61,4282,80980.0
2023-03-27,2023-03-27,INFOBEAN,B,474.95,474.95,423.6,426.3,454.7,416,3715,1650819.0
2023-03-27,2023-03-27,HPIL,T,79.99,79.99,76.01,76.01,79.99,5,14,1107.0
2023-03-27,2023-03-27,DCXINDIA,B,151.0,154.0,145.5,146.1,152.05,2023,247183,36504556.0
2023-03-27,2023-03-27,DAPS,M,23.0,23.2,23.0,23.03,24.5,3,32000,736920.0
2023-03-27,2023-03-27,FUSION,B,385.3,389.75,378.7,381.7,392.0,449,20928,8068167.0
2023-03-27,2023-03-27,BIKAJI,B,350.05,356.85,345.95,348.25,354.3,330,3038,1061751.0
2023-03-27,2023-03-27,MEDANTA,B,474.05,483.6,467.9,470.6,476.8,1099,13041,6218759.0
2023-03-27,2023-03-27,TECHNOPACK,M,91.95,91.95,83.0,83.25,89.01,5,10000,861120.0
2023-03-27,2023-03-27,ACI,B,656.4,665.35,636.75,657.45,649.25,616,5218,3405640.0
2023-03-27,2023-03-27,FIVESTAR,B,518.1,544.45,516.05,536.15,532.8,455,2958,1560745.0
2023-03-27,2023-03-27,KAYNES,B,950.0,962.45,933.7,946.7,944.0,759,7591,7200334.0
2023-03-27,2023-03-27,HDFCNIFIT,B,281.0,283.2,281.0,283.2,280.5,8,44,12381.0
2023-03-27,2023-03-27,HDFCPVTBAN,B,202.1,202.1,199.86,199.86,203.0,9,11,2205.0
2023-03-27,2023-03-27,INOXGREEN,B,41.0,41.6,39.31,39.96,41.18,1307,86515,3529462.0
2023-03-27,2023-03-27,BBTCL,B,212.9,212.9,208.05,210.0,213.2,11,21,4418.0
2023-03-27,2023-03-27,RUSTOMJEE,B,448.8,454.0,435.15,450.0,450.7,286,22804,10250603.0
2023-03-27,2023-03-27,VINNY,T,8.84,8.84,8.84,8.84,9.3,54,6847,60527.0
2023-03-27,2023-03-27,AAATECH,B,45.72,46.33,45.01,45.95,47.06,106,207419,9528508.0
2023-03-27,2023-03-27,FINIETF,B,13.22,15.55,13.22,15.44,15.47,18,297,4389.0
2023-03-27,2023-03-27,AMBOAGRI,M,26.75,27.2,25.7,27.08,25.9,14,56000,1496120.0
2023-03-27,2023-03-27,SIRCA,B,655.0,656.1,640.35,646.6,643.05,458,3251,2104096.0
2023-03-27,2023-03-27,DHARMAJ,B,152.3,155.7,149.9,150.3,155.2,406,8860,1339531.0
2023-03-27,2023-03-27,SARVESHWAR,B,72.35,73.4,68.0,68.58,71.85,53,813,56747.0
2023-03-27,2023-03-27,UNIPARTS,B,511.55,519.55,503.8,516.3,513.85,319,2237,1146077.0
2023-03-27,2023-03-27,EBBETF0433,F,1020.0,1025.84,1015.0,1023.99,1024.98,25,562,574162.0
2023-03-27,2023-03-27,GSEC10IETF,F,210.0,210.25,210.0,210.25,210.0,3,6,1261.0
2023-03-27,2023-03-27,GARGI,M,102.0,103.3,100.0,100.65,98.4,23,96000,9790000.0
2023-03-27,2023-03-27,COMMOIETF,B,54.75,54.95,54.54,54.67,54.54,4,4,219.0
2023-03-27,2023-03-27,SULA,B,355.05,361.45,346.2,355.8,359.25,1974,46452,16390107.0
2023-03-27,2023-03-27,AFSL,B,225.0,226.65,221.0,223.65,223.55,414,35970,8039469.0
2023-03-27,2023-03-27,DRONACHRYA,M,135.0,136.45,125.4,125.4,132.0,42,92000,11705300.0
2023-03-27,2023-03-27,LANDMARK,B,520.0,552.65,520.0,540.6,545.7,461,3970,2152334.0
2023-03-27,2023-03-27,IEL,B,8.35,8.48,8.21,8.21,8.64,137,53788,443244.0
2023-03-27,2023-03-27,KFINTECH,B,282.0,285.15,277.05,277.85,291.75,442,8696,2427959.0
2023-03-27,2023-03-27,ELIN,B,140.15,145.1,134.2,135.45,141.85,878,14089,1955689.0
2023-03-27,2023-03-27,RADIANTCMS,B,92.0,95.1,90.45,91.07,93.0,176,4147,384238.0
2023-03-27,2023-03-27,AVEER,T,430.0,444.95,425.0,430.3,443.15,27,1004,429713.0
2023-03-27,2023-03-27,BANKADD,B,39.35,40.0,39.3,39.45,39.4,63,601,23710.0
2023-03-27,2023-03-27,AERONEU,B,70.66,72.69,68.5,69.13,72.13,258,13422,944855.0
2023-03-27,2023-03-27,REXSEAL,M,135.0,135.0,135.0,135.0,135.0,1,1000,135000.0
2023-03-27,2023-03-27,SVS,M,8.13,8.15,8.04,8.04,8.46,3,18000,145920.0
2023-03-27,2023-03-27,LOGICA,M,230.0,240.0,230.0,240.0,225.0,4,4200,1002000.0
2023-03-27,2023-03-27,KAMOPAINTS,B,188.8,195.0,188.1,192.4,193.35,1142,85604,16421068.0
2023-03-27,2023-03-27,AARTIPHARM,B,286.7,286.7,277.6,282.5,286.7,1346,18777,5274934.0
2023-03-27,2023-03-27,DHARNI,M,22.65,22.65,21.16,21.9,23.25,5,30000,653820.0
2023-03-27,2023-03-27,EARTH,M,45.0,46.0,44.71,45.1,46.99,13,42000,1901760.0
2023-03-27,2023-03-27,ASHIKAG,X,36.45,38.31,35.6,37.9,36.49,203,55957,2084670.0
2023-03-27,2023-03-27,BTML,B,172.65,172.75,159.25,161.7,167.15,140,1826,300638.0
2023-03-27,2023-03-27,NSLNISP,B,32.53,32.78,30.85,31.11,32.53,1763,551567,17393691.0
2023-03-27,2023-03-27,INDONG,M,13.4,13.4,12.5,12.77,13.4,13,80000,1034160.0
2023-03-27,2023-03-27,HDFCBSE500,B,22.74,23.59,22.74,23.2,22.82,98,511,12001.0
2023-03-27,2023-03-27,HDFCSML250,B,88.1,88.1,86.4,86.48,89.05,58,2254,196196.0
2023-03-27,2023-03-27,HDFCMID150,B,112.1,112.1,111.53,111.53,111.92,2,2,223.0
2023-03-27,2023-03-27,GOLDETF,E,59.19,59.19,59.19,59.19,58.5,1,2,118.0
2023-03-27,2023-03-27,SEALMATIC,M,223.95,224.0,204.0,210.75,220.25,72,46200,9857880.0
2023-03-27,2023-03-27,ROBU,M,155.1,181.5,155.05,176.4,165.0,73,106800,18372180.0
2023-03-27,2023-03-27,PATRON,M,8.83,8.83,8.82,8.82,9.8,6,28000,247000.0
2023-03-27,2023-03-27,SVJ,M,23.1,26.9,22.43,23.57,24.51,54,228000,5195970.0
2023-03-27,2023-03-27,RESGEN,M,38.5,38.5,35.0,36.89,38.65,23,75000,2703390.0
2023-03-27,2023-03-27,ITCONS,M,40.1,40.1,36.5,36.6,39.09,15,30000,1126620.0
2023-03-27,2023-03-27,AIRAN,B,13.0,15.5,13.0,14.71,15.06,379,39807,595275.0
2023-03-27,2023-03-27,DIVGIITTS,B,678.95,678.95,632.95,663.0,667.8,1602,18703,12249983.0
2023-03-27,2023-03-27,ABSLLIQUID,F,999.99,1000.01,999.99,999.99,999.99,4,292,292001.0
2023-03-27,2023-03-27,PCL,MT,59.0,61.0,59.0,61.0,61.0,8,72000,4354800.0
2023-03-27,2023-03-27,PSUBNKIETF,B,35.66,35.91,35.03,35.87,35.51,17,126,4436.0
2023-03-27,2023-03-27,SUDARSHAN,MT,59.47,62.0,59.47,60.46,62.6,1258,2502400,149453200.0
2023-03-27,2023-03-27,GSLSU,T,156.55,161.15,154.3,154.8,162.4,393,70359,10943300.0
2023-03-27,2023-03-27,LABELKRAFT,MT,59.2,59.2,55.5,57.1,57.46,38,82000,4635320.0
2023-03-27,2023-03-27,BRIGHT,MT,154.9,160.0,150.0,152.1,157.5,87,101000,15518650.0
2023-03-27,2023-03-27,SENSEXIETF,A,629.77,639.74,629.77,636.0,634.82,137,7118,4525021.0
2023-03-27,2023-03-27,TATAMTRDVR,A,210.5,211.65,207.05,207.65,210.5,1982,64714,13530789.0
2023-03-27,2023-03-27,FELDVR,T,5.32,5.55,5.32,5.32,5.6,13,1771,9445.0
2023-03-27,2023-03-27,JISLDVREQS,B,17.07,17.07,15.5,15.84,16.16,236,2142,33814.0
2023-03-27,2023-03-27,GATECHDVR,B,14.38,14.99,13.88,14.85,14.61,9105,170004,2476192.0
2023-03-27,2023-03-27,KARURVYSYA,B,96.0,98.45,92.8,97.4,97.65,4285,382935,36450043.0
2023-03-27,2023-03-27,VEEDOL,B,849.0,849.5,825.2,825.65,847.9,711,2944,2460979.0
2023-03-27,2023-03-27,AMRUTANJAN,B,603.0,626.9,603.0,606.2,623.5,412,2146,1314419.0
2023-03-27,2023-03-27,XPROINDIA,B,662.55,704.3,662.55,687.4,675.8,266,1393,946356.0
2023-03-27,2023-03-27,HISARMETAL,B,126.05,128.65,120.1,121.2,126.4,219,4607,568828.0
2023-03-27,2023-03-27,BHARATRAS,B,9400.0,9550.0,9384.1,9410.5,9444.95,26,35,331391.0
2023-03-27,2023-03-27,EASTSILK,T,2.2,2.25,2.15,2.16,2.26,34,27153,59626.0
2023-03-27,2023-03-27,FACT,B,208.1,211.75,199.9,200.05,210.4,1620,30938,6277186.0
2023-03-27,2023-03-27,GINNIFILA,B,19.85,19.85,17.65,18.06,19.87,415,25282,472295.0
2023-03-27,2023-03-27,SPIC,B,55.4,55.71,52.55,53.34,55.81,1843,186790,10150562.0
2023-03-27,2023-03-27,DENORA,B,861.6,869.5,829.2,861.8,866.2,346,1782,1509415.0
2023-03-27,2023-03-27,KAVDEFENCE,B,4.85,5.27,4.85,4.89,5.36,81,20835,102828.0
2023-03-27,2023-03-27,SAKSOFT,B,141.45,143.95,140.0,142.7,144.35,1661,66267,9386220.0
2023-03-27,2023-03-27,SALONA,B,218.75,259.85,215.9,237.25,219.4,237,1147,274848.0
2023-03-27,2023-03-27,EQUIPPP,T,31.25,31.5,30.0,31.45,31.05,9,908,28237.0
2023-03-27,2023-03-27,ANDHRSUGAR,B,108.3,111.5,105.05,106.1,110.85,1431,50023,5383467.0
2023-03-27,2023-03-27,IMPAL,B,699.3,711.6,682.75,694.1,700.5,760,5117,3602109.0
2023-03-27,2023-03-27,KCP,B,94.73,99.0,94.36,96.05,94.73,689,32361,3103353.0
2023-03-27,2023-03-27,KHAITANLTD,B,42.66,42.66,42.66,42.66,43.82,1,25,1066.0
2023-03-27,2023-03-27,SUNDARMFIN,B,2275.55,2286.0,2232.75,2255.05,2285.25,130,523,1180289.0
2023-03-27,2023-03-27,SUNDRMBRAK,B,282.65,287.5,275.0,275.0,282.65,35,100,27845.0
2023-03-27,2023-03-27,WHEELS,B,490.5,490.5,463.1,472.65,487.15,162,1655,790948.0
2023-03-27,2023-03-27,LAMBODHARA,B,145.0,152.95,143.55,144.45,152.25,833,13500,1988945.0
2023-03-27,2023-03-27,MAITHANALL,B,853.25,853.25,806.05,809.25,850.4,587,7357,6139470.0
2023-03-27,2023-03-27,LOHIASECURI,X,246.4,269.9,245.25,245.25,258.15,46,482,118795.0
2023-03-27,2023-03-27,ORISSAMINE,B,2455.35,2466.9,2340.0,2370.85,2481.1,311,1303,3153177.0
2023-03-27,2023-03-27,GOLDBEES,E,50.58,50.6,50.3,50.41,50.94,3579,483669,24391163.0
2023-03-27,2023-03-27,LIQUIDBEES,F,998.65,1000.01,998.65,999.99,1000.0,218,138501,138500996.0
2023-03-27,2023-03-27,GOLD1,E,50.48,51.1,50.48,50.52,51.18,379,28240,1429747.0
2023-03-27,2023-03-27,SETFGOLD,E,52.05,52.14,51.62,51.87,52.15,357,104479,5420407.0
2023-03-27,2023-03-27,QGOLDHALF,E,49.66,50.52,49.66,50.21,50.56,132,3368,169228.0
2023-03-27,2023-03-27,GOLDBETA,E,50.06,50.74,50.06,50.45,50.89,104,8776,442394.0
2023-03-27,2023-03-27,NIFTYBEES,B,186.3,187.19,185.52,186.01,185.73,1596,83673,15586722.0
2023-03-27,2023-03-27,JUNIORBEES,B,399.34,400.61,395.0,395.59,397.52,1006,41372,16440746.0
2023-03-27,2023-03-27,BANKBEES,B,399.17,401.0,397.2,398.52,398.04,335,11110,4428792.0
2023-03-27,2023-03-27,PSUBANK,B,354.1,399.41,351.1,361.08,354.6,184,1751,627559.0
2023-03-27,2023-03-27,PSUBNKBEES,B,39.47,39.8,39.2,39.5,39.47,402,87641,3452220.0
2023-03-27,2023-03-27,SHARIABEES,B,381.16,388.0,377.32,385.25,385.77,18,677,259429.0
2023-03-27,2023-03-27,QNIFTY,B,1795.0,1812.0,1795.0,1799.31,1793.22,34,175,315243.0
2023-03-27,2023-03-27,HNGSNGBEES,E,282.48,284.6,273.89,280.46,284.05,334,2780,771732.0
2023-03-27,2023-03-27,MOM50,B,171.0,171.1,169.95,171.1,171.33,13,26,4433.0
2023-03-27,2023-03-27,GRADIENTE,X,6.9,7.02,6.64,6.87,6.98,73,104148,715449.0
2023-03-27,2023-03-27,MADRASFERT,B,56.99,57.24,54.54,55.37,57.24,631,37264,2067039.0
2023-03-27,2023-03-27,BANKNIFTY1,B,406.48,406.48,398.16,399.87,398.54,67,763,305819.0
2023-03-27,2023-03-27,SETFNIFBK,B,395.79,397.71,393.74,395.01,394.91,76,2579,1020735.0
2023-03-27,2023-03-27,SETFNIF50,B,175.66,177.0,173.91,175.76,175.51,243,16325,2857833.0
2023-03-27,2023-03-27,SPARCRE,R,0.39,0.39,0.36,0.39,0.33,123,363509,141259.0
2023-03-27,2023-03-27,SGB2016I,G,5990.0,5990.0,5990.0,5990.0,5607.0,1,2,11980.0
2023-03-27,2023-03-27,SGBAUG24,G,5900.0,5900.0,5875.0,5875.0,5905.4,2,20,117750.0
2023-03-27,2023-03-27,SGBDEC25,G,5706.03,5706.03,5706.03,5706.03,6198.0,3,20,114120.0
2023-03-27,2023-03-27,SGBNOV26,G,5700.0,5730.0,5700.0,5730.0,5601.0,3,3,17130.0
2023-03-27,2023-03-27,SGBAUG27,G,5649.0,5649.0,5649.0,5649.0,5512.36,4,30,169470.0
2023-03-27,2023-03-27,SGBOCT27,G,5401.03,5401.03,5401.03,5401.03,5400.0,1,1,5401.0
2023-03-27,2023-03-27,SGBJ28VIII,G,5425.0,5425.0,5425.0,5425.0,5539.95,1,8,43400.0
2023-03-27,2023-03-27,SGBAPR28I,G,5543.0,5543.0,5509.0,5525.0,5530.0,7,32,177122.0
2023-03-27,2023-03-27,SGBMAY28,G,5475.0,5475.0,5460.0,5460.0,5460.0,11,88,480913.0
2023-03-27,2023-03-27,SGBJUN28,G,5498.98,5498.98,5498.98,5498.98,5450.0,1,5,27494.0
2023-03-27,2023-03-27,SGBJUL28IV,G,5500.0,5500.0,5464.99,5472.54,5467.8,21,76,416445.0
2023-03-27,2023-03-27,SGBAUG28V,G,5539.0,5539.0,5455.0,5505.86,5525.22,55,761,4190259.0
2023-03-27,2023-03-27,SGBSEP28VI,G,5474.0,5520.0,5449.0,5509.44,5446.0,20,180,983194.0
2023-03-27,2023-03-27,SGBOC28VII,G,5489.0,5513.5,5488.0,5513.5,5517.9,6,50,275016.0
2023-03-27,2023-03-27,SGBN28VIII,G,5480.2,5517.9,5480.2,5486.85,5627.5,6,25,137144.0
2023-03-27,2023-03-27,SGBJAN29IX,G,5437.0,5456.0,5437.0,5456.0,5435.2,6,21,114441.0
2023-03-27,2023-03-27,SGBJAN29X,G,5545.0,5545.0,5461.0,5461.0,5435.0,3,8,44024.0
2023-03-27,2023-03-27,SGBFEB29XI,G,5613.47,5613.47,5613.47,5613.47,5457.0,3,71,398556.0
2023-03-27,2023-03-27,SGBMR29XII,G,5479.0,5479.0,5469.0,5469.0,5452.2,3,49,268451.0
2023-03-27,2023-03-27,SGBMAY29I,G,5456.0,5469.97,5443.0,5452.0,5478.0,23,213,1162005.0
2023-03-27,2023-03-27,SGBJUN29II,G,5442.0,5448.0,5442.0,5448.0,5440.0,2,9,49026.0
2023-03-27,2023-03-27,SGBJU29III,G,5435.0,5450.0,5434.2,5450.0,5463.63,6,8,43507.0
2023-03-27,2023-03-27,SGBJUL29IV,G,5436.1,5436.1,5436.1,5436.1,5436.0,5,5,27180.0
2023-03-27,2023-03-27,SGBAUG29V,G,5485.0,5485.0,5480.0,5484.33,5450.0,7,21,115175.0
2023-03-27,2023-03-27,SGBSEP29VI,G,5440.0,5494.0,5426.0,5431.45,5445.0,16,592,3244767.0
2023-03-27,2023-03-27,SGBNV29VII,G,5458.0,5458.0,5450.0,5450.67,5465.74,6,64,348872.0
2023-03-27,2023-03-27,SGBD29VIII,G,5450.0,5450.0,5440.01,5449.99,5454.14,13,73,397761.0
2023-03-27,2023-03-27,SGBJAN30IX,G,5451.0,5451.0,5451.0,5451.0,5459.0,2,2,10902.0
2023-03-27,2023-03-27,SGBMAR30X,G,5451.0,5451.0,5450.0,5450.0,5546.0,4,40,218002.0
2023-03-27,2023-03-27,754GS2036,G,103.9,103.9,103.9,103.9,102.85,2,10500,1090950.0
2023-03-27,2023-03-27,738GS2027,G,102.45,102.45,102.45,102.45,101.6,2,100000,10245000.0
2023-03-27,2023-03-27,SGBJUN30,G,5487.3,5487.3,5487.3,5487.3,5473.05,1,1,5487.0
2023-03-27,2023-03-27,SGBAUG30,G,5401.0,5537.0,5401.0,5500.0,5537.0,23,159,875618.0
2023-03-27,2023-03-27,SGBDE30III,G,5418.0,5557.0,5418.0,5531.0,5513.53,26,103,569547.0
2023-03-27,2023-03-27,SGBMAR31IV,G,5562.0,5675.0,5482.0,5574.45,5560.0,21,103,573522.0
2023-03-27,2023-03-27,AIRTELPP,A,367.95,383.45,367.95,375.15,377.2,160,2670,1010681.0
2023-03-27,2023-03-27,AURUMPP,B,49.05,49.05,45.6,48.79,47.7,56,2670,127072.0
2023-03-27,2023-03-27,COASTPP,B,116.0,116.0,107.35,109.52,134.0,9,287,31594.0
2023-03-27,2023-03-27,GGLPP,T,1.85,1.85,1.74,1.74,1.83,82,45426,79868.0
2023-03-27,2023-03-27,RUNGTAPP,XT,60.11,60.11,55.0,60.11,57.25,13,2145,128887.0
2023-03-27,2023-03-27,ADCONPP,XT,1.39,1.39,1.28,1.3,1.33,74,425239,550315.0
2023-03-27,2023-03-27,AARTIPP,B,205.55,205.55,185.0,185.15,208.35,51,258,48943.0
2023-03-27,2023-03-27,SGRLPP,B,121.0,121.0,121.0,121.0,136.3,2,10,1210.0
2023-03-27,2023-03-27,HAZOORPP,X,21.56,21.56,21.56,21.56,20.54,1,200,4312.0
2023-03-27,2023-03-27,SHUKRAPP,XT,31.95,31.95,31.95,31.95,33.63,4,1130,36103.0
2023-03-27,2023-03-27,99IFCI24,F,1031.9,1031.9,1031.8,1031.89,1032.0,4,278,286865.0
2023-03-27,2023-03-27,IFCIZC24,F,2045.0,2045.0,2045.0,2045.0,2266.0,1,39,79755.0
2023-03-27,2023-03-27,849NTPC25,F,10.31,10.4,10.27,10.28,10.3,94,313859,3236367.0
2023-03-27,2023-03-27,736PFCL25,F,1065.05,1065.05,1065.05,1065.05,1065.0,1,59,62837.0
2023-03-27,2023-03-27,714REC25,F,1042.61,1042.61,1042.61,1042.61,1052.0,1,43,44832.0
2023-03-27,2023-03-27,734REC30,F,1115.06,1115.06,1115.06,1115.06,1134.0,1,86,95895.0
2023-03-27,2023-03-27,753IRFC30,F,1140.81,1140.81,1140.81,1140.81,1157.0,1,40,45632.0
2023-03-27,2023-03-27,76NHAI31,F,1119.39,1130.0,1119.39,1120.5,1118.1,11,1675,1879297.0
2023-03-27,2023-03-27,753IREDA26,F,1048.1,1048.1,1048.1,1048.1,1048.1,2,98,102713.0
2023-03-27,2023-03-27,739HUDC31,F,1123.2,1123.2,1123.2,1123.2,1202.35,1,150,168480.0
2023-03-27,2023-03-27,727HUDCO26,F,1042.15,1042.15,1042.1,1042.1,1041.75,2,326,339740.0
2023-03-27,2023-03-27,764HUDCO31,F,1135.0,1135.0,1135.0,1135.0,1131.5,1,5,5675.0
2023-03-27,2023-03-27,739NHAI31A,F,1154.0,1154.0,1154.0,1154.0,1197.73,1,500,577000.0
2023-03-27,2023-03-27,769NHAI31,F,1165.7,1165.7,1165.65,1165.65,1169.99,3,100,116565.0
2023-03-27,2023-03-27,769HUDCO31,F,1141.01,1141.26,1141.01,1141.26,1142.01,2,103,117528.0
2023-03-27,2023-03-27,764IRFC31,F,1160.9,1161.0,1160.9,1161.0,1161.0,2,350,406345.0
2023-03-27,2023-03-27,729NABAR26,F,1064.48,1064.48,1035.12,1035.12,1039.5,2,33,34247.0
2023-03-27,2023-03-27,764NABAR31,F,1120.01,1125.0,1117.0,1125.0,1122.25,14,996,1114365.0
2023-03-27,2023-03-27,9MMFSL26,F,1086.05,1090.0,1086.05,1090.0,1086.05,2,30,32621.0
2023-03-27,2023-03-27,957NIDO26,F,960.0,984.4,942.7,942.7,965.0,10,175,168483.0
2023-03-27,2023-03-27,SCLZC26,F,1449.0,1449.0,1449.0,1449.0,1450.0,1,25,36225.0
2023-03-27,2023-03-27,800MMFSL27,F,992.0,992.0,992.0,992.0,991.0,2,115,114080.0
2023-03-27,2023-03-27,805MMFSL32,F,996.0,996.0,996.0,996.0,995.03,2,20,19920.0
2023-03-27,2023-03-27,950SEFL27,F,135.0,135.0,135.0,135.0,131.1,1,1000,135000.0
2023-03-27,2023-03-27,10KFL25,F,847.0,970.0,847.0,970.0,998.0,2,325,275890.0
2023-03-27,2023-03-27,912SEFL28,F,115.0,115.0,115.0,115.0,103.0,1,600,69000.0
2023-03-27,2023-03-27,875MFL23,F,999.0,999.0,999.0,999.0,999.0,1,100,99900.0
2023-03-27,2023-03-27,935SEFL23,F,240.0,255.0,240.0,255.0,255.05,9,454,112770.0
2023-03-27,2023-03-27,911JMFCSL23,F,998.0,998.0,998.0,998.0,1004.0,2,12,11976.0
2023-03-27,2023-03-27,975JMFCS28,F,1086.0,1087.0,1085.0,1085.71,1085.1,7,147,159605.0
2023-03-27,2023-03-27,93STFCL23,F,1059.0,1059.0,1057.0,1058.9,1058.0,14,2084,2205297.0
2023-03-27,2023-03-27,0STFCL23,F,1510.0,1510.0,1505.01,1505.01,1524.0,2,46,69340.0
2023-03-27,2023-03-27,965EFL23,F,1048.0,1048.0,1040.9,1041.25,1046.24,6,188,196498.0
2023-03-27,2023-03-27,943ECL28,F,963.0,963.0,963.0,963.0,958.55,2,9,8667.0
2023-03-27,2023-03-27,866ICCL23,F,981.0,981.0,980.0,980.0,985.0,5,99,97070.0
2023-03-27,2023-03-27,890TCFSL23,F,1043.95,1043.95,1042.0,1042.0,1043.95,8,650,677496.0
2023-03-27,2023-03-27,910TCAP28,F,1093.37,1093.37,1093.37,1093.37,1095.01,1,5,5466.0
2023-03-27,2023-03-27,975AHFL28,F,1063.0,1063.0,1063.0,1063.0,1051.5,2,200,212600.0
2023-03-27,2023-03-27,97SFL28,F,1061.0,1061.0,1061.0,1061.0,1053.0,1,99,105039.0
2023-03-27,2023-03-27,10MFL23,F,1000.0,1002.0,1000.0,1000.02,1005.0,18,721,721171.0
2023-03-27,2023-03-27,1040MFL23,F,1045.0,1045.0,1040.0,1040.0,1035.0,2,3,3130.0
2023-03-27,2023-03-27,MFL25,F,1500.02,1500.02,1500.02,1500.02,1550.0,1,50,75001.0
2023-03-27,2023-03-27,967JMFCSL23,F,1006.0,1006.0,1004.0,1004.0,1002.0,4,150,150700.0
2023-03-27,2023-03-27,995EFL24,F,998.0,998.75,998.0,998.68,999.95,4,100,99867.0
2023-03-27,2023-03-27,1015ECL29,F,1007.0,1007.0,1007.0,1007.0,1007.0,1,1,1007.0
2023-03-27,2023-03-27,92MMFSL27,F,1019.0,1019.0,1015.0,1015.0,1180.5,3,500,508500.0
2023-03-27,2023-03-27,93MMFSL27,F,1034.05,1034.05,1034.0,1034.0,1036.0,10,225,232651.0
2023-03-27,2023-03-27,0SEFL24A,F,248.1,248.1,248.0,248.0,264.22,2,199,49357.0
2023-03-27,2023-03-27,SFL24,F,1445.0,1445.0,1445.0,1445.0,1445.0,4,214,309230.0
2023-03-27,2023-03-27,MFLZC26,F,1422.0,1500.0,1422.0,1422.78,1500.0,2,500,711390.0
2023-03-27,2023-03-27,925LTFH24,F,1011.0,1011.0,1008.11,1009.0,1008.0,18,325,327873.0
2023-03-27,2023-03-27,898LTF29,F,1080.0,1080.0,1080.0,1080.0,1081.15,1,10,10800.0
2023-03-27,2023-03-27,975MFL24A,F,1005.0,1005.0,1003.1,1003.1,1003.3,10,1250,1255568.0
2023-03-27,2023-03-27,10MFL24,F,1002.2,1002.2,1002.2,1002.2,1004.0,1,50,50110.0
2023-03-27,2023-03-27,866LTFH24,F,1020.99,1020.99,1020.99,1020.99,1010.0,1,10,10209.0
2023-03-27,2023-03-27,935SFL24,F,999.5,999.5,996.0,997.5,934.0,5,5,4989.0
2023-03-27,2023-03-27,SFLZC24C,F,1544.0,1544.0,1375.0,1375.0,1402.0,3,532,776719.0
2023-03-27,2023-03-27,10MHIL24,F,1077.25,1077.25,1077.25,1077.25,1089.8,1,85,91566.0
2023-03-27,2023-03-27,995ECL24B,F,985.08,989.9,985.08,989.9,985.08,2,125,123183.0
2023-03-27,2023-03-27,ECL24A,F,1430.0,1430.0,1430.0,1430.0,1439.0,3,42,60060.0
2023-03-27,2023-03-27,995ECL29A,F,970.0,970.0,965.0,966.25,967.63,6,59,57079.0
2023-03-27,2023-03-27,922SFL24,F,998.11,998.11,998.11,998.11,1002.0,1,25,24952.0
2023-03-27,2023-03-27,SFLZC26A,F,1420.0,1420.0,1420.0,1420.0,1430.0,1,58,82360.0
2023-03-27,2023-03-27,885TCAPS29,F,1050.0,1050.0,1050.0,1050.0,1102.0,3,150,157500.0
2023-03-27,2023-03-27,975MFL24B,F,1006.13,1006.13,1006.13,1006.13,1006.13,2,47,47288.0
2023-03-27,2023-03-27,10MFL24B,F,1044.0,1044.0,1040.0,1042.93,1041.99,3,150,156492.0
2023-03-27,2023-03-27,995ECL24,F,985.0,986.0,979.0,980.14,985.0,12,159,156138.0
2023-03-27,2023-03-27,104ECL24,F,1000.0,1001.0,1000.0,1000.01,997.0,3,250,250100.0
2023-03-27,2023-03-27,995ECL29,F,960.0,965.05,960.0,962.78,965.0,6,75,72200.0
2023-03-27,2023-03-27,104ECL29,F,1017.17,1017.17,1017.17,1017.17,984.0,1,1,1017.0
2023-03-27,2023-03-27,829LTF24,F,1020.0,1020.0,1015.0,1015.0,1013.03,2,101,102520.0
2023-03-27,2023-03-27,865LTF26,F,1046.99,1046.99,1046.99,1046.99,1038.99,2,2,2093.0
2023-03-27,2023-03-27,975MFL24BB,F,1006.1,1006.1,1005.12,1005.6,1010.0,4,100,100559.0
2023-03-27,2023-03-27,10MFL24AA,F,1024.21,1035.8,1024.21,1035.8,1023.25,2,100,103000.0
2023-03-27,2023-03-27,83TCHF25,F,1015.0,1015.0,1015.0,1015.0,1015.0,10,1034,1049510.0
2023-03-27,2023-03-27,81TCHF28,F,1030.0,1030.0,1030.0,1030.0,1020.0,1,1,1030.0
2023-03-27,2023-03-27,TCHF30,F,1054.0,1054.0,1054.0,1054.0,1031.0,1,1,1054.0
2023-03-27,2023-03-27,98NWFL30,F,1008.85,1008.85,944.51,944.83,999.0,7,312,294969.0
2023-03-27,2023-03-27,95MFL25,F,1003.9,1003.9,982.0,982.0,1004.0,3,720,717552.0
2023-03-27,2023-03-27,10SFL24,F,1196.4,1196.4,882.25,882.25,0.0,2,1000,1039325.0
2023-03-27,2023-03-27,10MMFL23A,F,1020.0,1020.0,1020.0,1020.0,1000.0,2,73,74460.0
2023-03-27,2023-03-27,1175KLM23,F,912.4,912.4,912.4,912.4,931.0,1,1,912.0
2023-03-27,2023-03-27,915MFL25,F,990.0,990.0,990.0,990.0,997.96,2,105,103950.0
2023-03-27,2023-03-27,MFLOPTII24,F,960.0,960.0,960.0,960.0,965.0,2,100,96000.0
2023-03-27,2023-03-27,935EFSL24,F,980.0,985.0,980.0,985.0,978.43,3,149,146520.0
2023-03-27,2023-03-27,995EFSL31,F,895.0,920.0,895.0,920.0,986.0,2,50,45375.0
2023-03-27,2023-03-27,MFLIV26,F,950.0,950.0,950.0,950.0,950.0,1,50,47500.0
2023-03-27,2023-03-27,682PFCL31,F,947.0,947.0,925.0,944.29,945.0,15,145,136166.0
2023-03-27,2023-03-27,7PFCL31,F,949.05,960.73,946.55,948.44,949.05,19,668,634418.0
2023-03-27,2023-03-27,683PFCL31,F,955.0,955.0,955.0,955.0,964.0,2,101,96455.0
2023-03-27,2023-03-27,697PFCL36,F,945.0,946.0,944.0,944.0,944.91,5,212,200249.0
2023-03-27,2023-03-27,715PFCL36,F,960.0,960.0,960.0,960.0,960.79,6,1611,1546560.0
2023-03-27,2023-03-27,825MFL23,F,997.0,997.0,997.0,997.0,990.0,2,160,159520.0
2023-03-27,2023-03-27,MFLZC26B,F,1150.0,1150.0,1150.0,1150.0,1150.0,2,180,207000.0
2023-03-27,2023-03-27,85MFL24A,F,979.0,979.0,979.0,979.0,980.0,1,100,97900.0
2023-03-27,2023-03-27,10IIFL28A,F,994.0,994.0,994.0,994.0,982.98,1,350,347900.0
2023-03-27,2023-03-27,IIFLZC28,F,1110.0,1110.0,1110.0,1110.0,1090.0,2,2000,2220000.0
2023-03-27,2023-03-27,MFLV26E,F,1005.6,1005.6,1005.6,1005.6,1026.1,1,1,1005.0
2023-03-27,2023-03-27,MFLVI31F,F,1003.51,1009.97,1003.5,1009.97,1007.17,6,200,201016.0
2023-03-27,2023-03-27,910EFSL24,F,1040.8,1040.8,1040.8,1040.8,1040.8,2,50,52040.0
2023-03-27,2023-03-27,916EFSL26,F,929.0,929.0,927.0,928.11,929.9,9,221,205228.0
2023-03-27,2023-03-27,930EFSL31,F,966.9,966.9,925.55,925.55,967.0,2,2,1892.0
2023-03-27,2023-03-27,970EFSL31,F,972.8,972.8,931.0,952.2,972.8,3,163,157755.0
2023-03-27,2023-03-27,82IGT31,F,1065.0,1065.0,1065.0,1065.0,1062.5,2,599,637935.0
2023-03-27,2023-03-27,0MFCL23VI,F,1156.0,1156.0,1150.0,1152.4,1164.5,3,10,11524.0
2023-03-27,2023-03-27,BILNCD2021,F,29.16,29.38,29.12,29.35,29.38,48,18943,554881.0
2023-03-27,2023-03-27,875PF26,F,1029.99,1029.99,1029.99,1029.99,1028.0,2,41,42229.0
2023-03-27,2023-03-27,9PFL31A,F,1030.0,1030.01,1030.0,1030.01,1035.0,4,40,41200.0
2023-03-27,2023-03-27,1125KLM26,F,1030.0,1030.0,1020.0,1020.0,1020.0,8,110,112700.0
2023-03-27,2023-03-27,96IIFL28,F,981.7,981.7,981.1,981.1,992.0,3,30,29444.0
2023-03-27,2023-03-27,91EFSL24,F,990.0,990.0,990.0,990.0,991.25,3,22,21780.0
2023-03-27,2023-03-27,EFSL24,F,1070.0,1070.1,1070.0,1070.1,1070.8,5,190,203309.0
2023-03-27,2023-03-27,915EFSL26,F,949.89,949.89,949.89,949.89,941.08,1,90,85490.0
2023-03-27,2023-03-27,955EFSL26A,F,966.0,966.0,960.0,960.0,966.0,3,92,88788.0
2023-03-27,2023-03-27,KFLZC25C,F,863.0,1002.0,863.0,1002.0,1055.0,2,125,108570.0
2023-03-27,2023-03-27,820JMFPL26,F,1015.0,1015.0,1015.0,1015.0,1010.0,2,65,65975.0
2023-03-27,2023-03-27,791JMFPL26,F,989.0,989.0,989.0,989.0,998.0,1,100,98900.0
2023-03-27,2023-03-27,825IIFL23,F,1011.6,1011.6,1011.1,1011.1,1006.0,2,150,151690.0
2023-03-27,2023-03-27,1050IML23,F,990.0,990.0,990.0,990.0,979.9,2,49,48510.0
2023-03-27,2023-03-27,910MFL26,F,970.0,970.0,959.0,959.0,985.0,12,1435,1377635.0
2023-03-27,2023-03-27,875EFSL23,F,987.3,987.3,987.2,987.2,987.2,3,50,49363.0
2023-03-27,2023-03-27,EFSL281221,F,1046.0,1052.85,1046.0,1052.85,1070.0,4,35,36756.0
2023-03-27,2023-03-27,91EFSL24A,F,968.7,968.7,968.7,968.7,962.0,1,55,53278.0
2023-03-27,2023-03-27,93EFSL31A,F,927.0,927.0,918.49,922.59,914.32,6,210,194184.0
2023-03-27,2023-03-27,97EFSL31A,F,926.0,926.0,925.0,925.65,925.0,3,77,71275.0
2023-03-27,2023-03-27,SCL25,F,1054.5,1054.5,1054.5,1054.5,1057.0,1,75,79087.0
2023-03-27,2023-03-27,11DLSL25,F,950.0,950.0,950.0,950.0,955.06,1,10,9500.0
2023-03-27,2023-03-27,0KFIL23,F,1025.0,1025.0,1025.0,1025.0,1051.0,3,500,512500.0
2023-03-27,2023-03-27,889SCL27,F,920.0,920.0,910.0,910.0,930.0,3,55,50350.0
2023-03-27,2023-03-27,850NIDO24,F,1029.5,1029.5,1029.5,1029.5,1044.07,1,82,84419.0
2023-03-27,2023-03-27,NIDO24,F,1000.15,1000.15,1000.15,1000.15,1016.7,2,4,4000.0
2023-03-27,2023-03-27,915NIDO27,F,968.0,968.0,948.99,950.0,927.05,8,435,413083.0
2023-03-27,2023-03-27,955NIDO27,F,1001.0,1020.0,1001.0,1020.0,997.25,4,65,65635.0
2023-03-27,2023-03-27,MFLII27B,F,920.8,920.8,920.8,920.8,900.14,1,30,27624.0
2023-03-27,2023-03-27,8MMFL23,F,965.0,965.0,965.0,965.0,965.0,1,10,9650.0
2023-03-27,2023-03-27,920NFL23,F,985.5,997.0,985.0,986.0,991.5,8,211,209651.0
2023-03-27,2023-03-27,1055IML24A,F,1025.0,1025.0,1025.0,1025.0,1000.0,3,151,154775.0
2023-03-27,2023-03-27,11IML27,F,1000.0,1000.0,1000.0,1000.0,1000.0,2,59,59000.0
2023-03-27,2023-03-27,NWIL24,F,1000.0,1000.0,1000.0,1000.0,985.45,1,10,10000.0
2023-03-27,2023-03-27,916NWIL27,F,957.0,957.55,957.0,957.55,948.5,2,149,142619.0
2023-03-27,2023-03-27,953NWIL32,F,1050.0,1050.0,1050.0,1050.0,931.0,1,20,21000.0
2023-03-27,2023-03-27,825MFL25A,F,980.0,980.0,929.0,929.0,948.0,2,8,7789.0
2023-03-27,2023-03-27,MFL26E,F,1000.0,1002.8,1000.0,1002.8,837.2,3,70,70028.0
2023-03-27,2023-03-27,1050KLM27,F,1005.0,1010.0,1005.0,1010.0,995.0,2,70,70575.0
2023-03-27,2023-03-27,965EFSL32,F,968.0,968.0,968.0,968.0,968.0,2,11,10648.0
2023-03-27,2023-03-27,79NHIT35,F,310.7,312.75,310.7,311.7,313.1,6,27,8429.0
2023-03-27,2023-03-27,79NHIT40,F,312.3,313.1,312.05,312.89,313.1,14,3462,1082303.0
2023-03-27,2023-03-27,79NHIT47,F,417.6,417.6,417.6,417.6,417.3,1,10,4176.0
2023-03-27,2023-03-27,IBHF24,F,925.0,925.0,925.0,925.0,969.0,1,20,18500.0
2023-03-27,2023-03-27,MFLTDVII27,F,985.0,985.0,985.0,985.0,960.0,1,500,492500.0
2023-03-27,2023-03-27,945CAGL24,F,899.98,899.98,899.98,899.98,1000.05,1,50,44999.0
2023-03-27,2023-03-27,750MFL27,F,990.0,990.0,990.0,990.0,965.0,1,10,9900.0
2023-03-27,2023-03-27,775MFL27,F,945.7,945.7,945.7,945.7,965.0,1,4,3782.0
2023-03-27,2023-03-27,1050CCIL24,F,1000.0,1000.0,999.0,999.0,1000.0,5,651,650999.0
2023-03-27,2023-03-27,1075CCIL25,F,1000.0,1000.0,1000.0,1000.0,1000.0,2,9,9000.0
2023-03-27,2023-03-27,11CCIL26,F,990.0,990.0,990.0,990.0,995.0,5,13,12870.0
2023-03-27,2023-03-27,115CCIL28,F,1000.0,1000.0,1000.0,1000.0,1000.0,7,1482,1482000.0
2023-03-27,2023-03-27,CCILZC29,F,1000.0,1000.0,1000.0,1000.0,1000.0,1,4,4000.0
2023-03-27,2023-03-27,EFSLZC25,F,976.0,976.0,963.0,963.0,976.0,2,10,9695.0
2023-03-27,2023-03-27,960EFSL26C,F,968.45,968.45,968.45,968.45,960.0,5,32,30990.0
2023-03-27,2023-03-27,EFSLZC26B,F,925.0,929.7,912.0,916.68,927.0,21,1460,1346793.0
2023-03-27,2023-03-27,967EFSL28D,F,968.0,970.0,902.0,956.61,967.56,11,119,114454.0
2023-03-27,2023-03-27,10EFSL33B,F,980.0,980.0,970.0,973.72,970.74,16,244,237800.0
2023-03-27,2023-03-27,9IIFL28A,F,985.0,985.0,985.0,985.0,1000.0,1,2000,1970000.0
2023-03-27,2023-03-27,945IFSL25,F,991.06,991.06,991.06,991.06,1010.0,1,20,19821.0
2023-03-27,2023-03-27,825MFL26,F,995.0,995.0,995.0,995.0,985.0,1,50,49750.0
2023-03-27,2023-03-27,840MFL27,F,950.0,950.0,950.0,950.0,960.0,2,35,33250.0
2023-03-27,2023-03-27,850MFL28,F,950.0,980.0,950.0,980.0,950.0,7,561,533580.0
2023-03-27,2023-03-27,MFL25D,F,960.0,960.0,960.0,960.0,965.0,1,30,28800.0
2023-03-27,2023-03-27,MFL26C,F,960.0,960.0,960.0,960.0,960.0,1,30,28800.0
2023-03-27,2023-03-27,775MFL26,F,974.5,974.5,955.0,965.54,974.5,5,192,186297.0
2023-03-27,2023-03-27,1050KLMA28,F,1000.0,1010.0,1000.0,1010.0,0.0,2,25,25150.0
2023-03-27,2023-03-27,ECLD3F701A,F,166199.0,166199.0,166199.0,166199.0,165957.0,7,250,41549750.0
2023-03-27,2023-03-27,EFLA3A701A,F,167058.47,167058.47,167058.47,167058.47,167016.77,1,170,28399939.0
2023-03-27,2023-03-27,ECEB3A701A,F,162292.03,162292.03,162292.03,162292.03,162249.66,1,170,27589645.0
2023-03-27,2023-03-27,925J&KBL24,F,900001.0,900001.0,900001.0,900001.0,1045865.0,1,1,900001.0
2023-03-27,2023-03-27,1015UPPC25,F,1026699.0,1026699.0,1026000.0,1026000.0,1026500.0,2,2,2052699.0
2023-03-27,2023-03-27,1015UPPC28,F,1045600.0,1045650.0,1045600.0,1045650.0,1059200.0,2,2,2091250.0
2023-03-27,2023-03-27,1025SFL24B,F,1010000.0,1010000.0,1010000.0,1010000.0,1014472.71,1,1,1010000.0
2023-03-27,2023-03-27,1025SF24,F,1010000.0,1010000.0,1010000.0,1010000.0,1010000.0,4,5,5050000.0
2023-03-27,2023-03-27,NWFL261219,F,146292.0,146292.0,146292.0,146292.0,103000.0,30,290,42410200.0
2023-03-27,2023-03-27,1375SIBPER,F,105500.0,105500.0,105500.0,105500.0,105000.0,2,20,2110000.0
2023-03-27,2023-03-27,875DBL23,F,1194499.0,1194499.0,844501.0,844501.0,0.0,9,10,10433678.0
2023-03-27,2023-03-27,11HFL23A,F,1032.0,1032.0,1032.0,1032.0,1070.0,1,1000,1032000.0
2023-03-27,2023-03-27,ECE24DEC20,F,120200.0,120200.0,120200.0,120200.0,100250.0,1,20,2404000.0
2023-03-27,2023-03-27,EFSL140121,F,122430.0,122430.0,122430.0,122430.0,128500.0,1,100,12243000.0
2023-03-27,2023-03-27,IIFL11FEB21,F,115520.0,115520.0,115520.0,115520.0,115342.0,1,250,28880000.0
2023-03-27,2023-03-27,PFCBS4,F,13200.0,13200.0,13045.0,13045.0,13375.0,3,8,104980.0
2023-03-27,2023-03-27,810IRFC27,F,1121.55,1121.55,1121.1,1121.1,1130.0,3,100,112141.0
2023-03-27,2023-03-27,915SEFL17B,F,350.0,350.0,350.0,350.0,340.0,1,20,7000.0
2023-03-27,2023-03-27,738REC27TF,F,1096.0,1096.0,1091.0,1091.0,1096.0,2,1201,1311296.0
2023-03-27,2023-03-27,734IRFC28,F,1106.1,1106.1,1106.0,1106.01,1110.0,2,1000,1106010.0
2023-03-27,2023-03-27,751HUDCO28,F,1099.7,1099.8,1090.5,1090.5,1092.0,4,1300,1420422.0
2023-03-27,2023-03-27,871REC28,F,1165.0,1165.0,1164.0,1164.6,1165.73,11,1000,1164601.0
2023-03-27,2023-03-27,839HUDCO23,F,1041.15,1042.25,1041.0,1041.0,1041.15,17,1534,1597463.0
2023-03-27,2023-03-27,876HUDCO28,F,1173.25,1173.25,1173.25,1173.25,1173.0,2,150,175987.0
2023-03-27,2023-03-27,892NHPC33,F,1335.0,1335.0,1245.0,1245.0,1335.0,6,1040,1298513.0
2023-03-27,2023-03-27,826IIFCL23,F,1049.49,1049.49,1049.49,1049.49,1015.24,2,10,10494.0
2023-03-27,2023-03-27,863IIFCL28,F,1165.5,1165.5,1163.12,1163.12,1163.1,2,871,1013720.0
2023-03-27,2023-03-27,875IIFCL33,F,1290.0,1290.0,1265.0,1279.0,1282.51,14,2350,2976958.0
2023-03-27,2023-03-27,843PFC23,F,1037.1,1037.1,1037.1,1037.1,1043.0,1,40,41484.0
2023-03-27,2023-03-27,879PFCL28,F,1171.72,1171.72,1171.72,1171.72,1183.97,2,20,23434.0
2023-03-27,2023-03-27,892PFCL33,F,1302.5,1302.5,1301.0,1301.57,1305.0,3,275,358025.0
2023-03-27,2023-03-27,866NTPC33,F,1268.01,1268.01,1268.01,1268.01,1295.0,1,10,12680.0
2023-03-27,2023-03-27,891NTPC33,F,1298.0,1298.0,1296.0,1296.0,1287.0,4,80,103780.0
2023-03-27,2023-03-27,876HUDCO34,F,1278.0,1280.0,1278.0,1280.0,1270.0,2,59,75472.0
2023-03-27,2023-03-27,876HUDCO24,F,1035.06,1035.06,1034.0,1034.0,1036.05,6,1000,1034592.0
2023-03-27,2023-03-27,883HUDCO29,F,1163.32,1172.4,1163.32,1172.4,1163.32,12,15,17549.0
2023-03-27,2023-03-27,901HUDCO34,F,1305.65,1312.1,1305.5,1311.8,1315.0,7,525,687768.0
2023-03-27,2023-03-27,873IIFC29D,F,1160.1,1160.1,1160.0,1160.0,1156.0,2,100,116005.0
2023-03-27,2023-03-27,891IIFCL34,F,1300.0,1300.0,1300.0,1300.0,1300.0,1,169,219700.0
2023-03-27,2023-03-27,875NHAI29,F,1164.0,1164.0,1162.0,1162.47,1159.0,13,494,574845.0
2023-03-27,2023-03-27,880IREDA29,F,1159.0,1244.99,1159.0,1202.0,1180.0,2,2,2403.0
2023-03-27,2023-03-27,880IREDA34,F,1236.6,1236.6,1236.6,1236.6,1341.0,1,353,436519.0
2023-03-27,2023-03-27,900KPL29,F,1180.0,1180.0,1180.0,1180.0,1175.0,1,12,14160.0
2023-03-27,2023-03-27,900KPL34,F,1270.0,1272.0,1270.0,1272.0,1299.99,5,620,788350.0
2023-03-27,2023-03-27,854HUDCO24,F,1030.0,1030.0,1030.0,1030.0,1026.2,1,200,206000.0
2023-03-27,2023-03-27,896HUDCO34,F,1283.5,1283.5,1283.5,1283.5,1282.4,1,225,288787.0
2023-03-27,2023-03-27,844REC24,F,1053.99,1059.79,1053.99,1059.79,1049.99,3,280,296566.0
2023-03-27,2023-03-27,886REC34,F,1275.61,1275.61,1275.61,1275.61,1276.06,1,30,38268.0
2023-03-27,2023-03-27,844IRFC24,F,1058.4,1058.4,1058.4,1058.4,1195.99,2,900,952560.0
2023-03-27,2023-03-27,888IRFC29,F,1242.0,1242.0,1240.5,1240.5,1235.65,2,88,109179.0
2023-03-27,2023-03-27,880IIFCL29,F,1160.0,1160.0,1157.5,1158.2,1156.33,12,390,451876.0
2023-03-27,2023-03-27,880IIFCL34,F,1237.0,1237.2,1237.0,1237.0,1250.6,3,500,618540.0
2023-03-27,2023-03-27,HDFCW3,W,490.0,503.0,490.0,503.0,492.05,3,1800,897600.0
2023-03-27,2023-03-27,1075IFC26A,F,10100.0,10650.0,10100.0,10650.0,10650.0,4,50,526999.0
2023-03-27,2023-03-27,916IFCI27,F,12699.99,12703.0,12699.99,12703.0,12701.0,6,41,520809.0
2023-03-27,2023-03-27,872IFCI27,F,12090.0,12090.0,12090.0,12090.0,11500.01,4,20,241800.0
2023-03-27,2023-03-27,990IFCI37D,F,20500.0,20500.0,20500.0,20500.0,25500.0,3,20,410000.0
2023-03-27,2023-03-27,STFC23FEB21,F,1172000.0,1172000.0,1172000.0,1172000.0,1174000.0,1,2,2344000.0
2023-03-27,2023-03-27,SFL17MAR21,F,1180000.0,1180000.0,1180000.0,1180000.0,1178000.0,1,2,2360000.0
2023-03-27,2023-03-27,STFCL180521,F,1208445.0,1208445.0,1208445.0,1208445.0,1147400.0,2,3,3625335.0
2023-03-27,2023-03-27,SSFL160621,F,121000.0,121000.0,121000.0,121000.0,120900.0,1,50,6050000.0
2023-03-27,2023-03-27,AFL04821,F,1135102.0,1135102.0,1133930.0,1133930.0,1133188.0,2,11,12484950.0
2023-03-27,2023-03-27,SFL01921,F,1135000.0,1135000.0,1135000.0,1135000.0,1135000.0,1,5,5675000.0
2023-03-27,2023-03-27,JMFARC10921,F,1128182.0,1128600.0,1128182.0,1128600.0,1108050.0,2,25,28208730.0
2023-03-27,2023-03-27,ECE22092021,F,1138505.0,1139333.0,1138377.0,1138599.72,1138518.0,14,27,30744278.0
2023-03-27,2023-03-27,675PFL31,F,787.0,787.0,783.0,783.13,786.75,23,1431,1124668.0
2023-03-27,2023-03-27,SFL231121,F,1110600.0,1110600.0,1110600.0,1110600.0,1200635.0,1,1,1110600.0
2023-03-27,2023-03-27,MFSPL280122,F,1110000.0,1110000.0,1110000.0,1110000.0,1105000.0,1,1,1110000.0
2023-03-27,2023-03-27,BML280222,F,1151049.0,1175990.0,1151049.0,1175990.0,1046409.0,2,20,23494859.0
2023-03-27,2023-03-27,VCPL140322,F,1076410.0,1076410.0,1076410.0,1076410.0,1007931.0,1,10,10764100.0
2023-03-27,2023-03-27,AEL210322,F,1086457.0,1086457.0,1086457.0,1086457.0,0.0,1,3,3259371.0
2023-03-27,2023-03-27,MFL240322,F,1070575.34,1070575.34,1070575.34,1070575.34,0.0,19,784,839331066.0
2023-03-27,2023-03-27,MSFL19422,F,1093413.0,1093413.0,1093413.0,1093413.0,1092557.0,17,31,33895803.0
2023-03-27,2023-03-27,MSFLGSEC24,F,1049035.0,1049035.0,1049035.0,1049035.0,1042171.0,4,5,5245175.0
2023-03-27,2023-03-27,798BHFL27,F,1023422.0,1023422.0,1023422.0,1023422.0,0.0,2,2,2046844.0
2023-03-27,2023-03-27,962APSB32A,F,1011000.0,1011000.0,1011000.0,1011000.0,1010500.0,1,1,1011000.0
2023-03-27,2023-03-27,11MML26,F,100558.0,100558.0,100558.0,100558.0,100528.0,1,3,301674.0
2023-03-27,2023-03-27,797HDFCB33,F,101151.5,101151.5,101151.5,101151.5,101099.0,1,1,101151.0
