TradDt,BizDt,TckrSymb,SctySrs,OpnPric,HghPric,LwPric,ClsPric,PrvsClsgPric,TtlNbOfTxsExctd,TtlTradgVol,TtlTrfVal
2021-09-13,2021-09-13,ABB,A,1845.0,1877.4,1839.0,1867.85,1869.65,1384,9929,18403794.0
2021-09-13,2021-09-13,AEGISLOG,A,255.0,255.0,239.05,244.75,258.7,7301,149974,36560797.0
2021-09-13,2021-09-13,ARE&M,A,724.8,724.8,715.0,717.9,721.25,882,14847,10662612.0
2021-09-13,2021-09-13,AMBALALSA,X,29.3,30.2,28.4,29.55,29.35,836,202461,5974715.0
2021-09-13,2021-09-13,HDFC,A,2838.0,2876.0,2834.15,2847.65,2829.1,3661,71496,203919667.0
2021-09-13,2021-09-13,ANDHRAPET,XT,149.75,154.8,147.5,149.15,149.75,1730,179645,26992403.0
2021-09-13,2021-09-13,ANSALAPI,B,9.3,9.56,9.1,9.4,9.3,43,14601,136925.0
2021-09-13,2021-09-13,UTIQUE,X,2.85,2.85,2.7,2.78,2.75,153,109152,304005.0
2021-09-13,2021-09-13,ARUNAHTEL,XT,14.8,15.2,13.78,14.22,14.5,41,1575,22895.0
2021-09-13,2021-09-13,BOMDYEING,A,97.35,98.25,95.45,96.05,97.5,2616,410992,39718841.0
2021-09-13,2021-09-13,ASIANHOTNR,B,89.7,89.7,83.35,84.65,87.95,82,3153,270304.0
2021-09-13,2021-09-13,ATUL,A,9220.0,9600.0,9220.0,9548.0,9262.55,1003,2579,24354572.0
2021-09-13,2021-09-13,ATVPR,XT,8.61,8.99,8.61,8.93,8.97,37,25136,217274.0
2021-09-13,2021-09-13,AUTOLITEI,Z,15.7,15.7,15.01,15.01,15.65,16,5425,81639.0
2021-09-13,2021-09-13,BAJAJELEC,A,1355.0,1355.0,1315.95,1323.2,1323.55,968,6790,9048337.0
2021-09-13,2021-09-13,BAJAJHIND,T,14.45,14.85,14.22,14.53,14.45,1081,434725,6297913.0
2021-09-13,2021-09-13,FORCEMOT,A,1406.0,1434.95,1394.2,1411.55,1407.45,990,5089,7225898.0
2021-09-13,2021-09-13,BAJFINANCE,A,7430.65,7492.4,7354.55,7445.05,7428.55,4329,68576,508741533.0
2021-09-13,2021-09-13,BALRAMCHIN,A,367.0,369.8,358.0,365.25,364.65,1520,32995,11968829.0
2021-09-13,2021-09-13,BANCOINDIA,B,207.0,211.7,206.85,208.35,207.8,1597,74803,15636242.0
2021-09-13,2021-09-13,ABREL,A,856.0,861.45,840.5,848.05,854.35,1222,26864,22844274.0
2021-09-13,2021-09-13,BANARISUG,A,1786.5,1801.8,1754.9,1792.7,1784.0,26,70,124320.0
2021-09-13,2021-09-13,BASF,A,3390.05,3479.95,3390.05,3420.05,3412.1,1186,5277,18167021.0
2021-09-13,2021-09-13,BATAINDIA,A,1738.0,1776.0,1725.55,1769.0,1736.9,2067,20081,35295468.0
2021-09-13,2021-09-13,BEML,A,1330.0,1368.0,1330.0,1342.6,1329.75,1023,9733,13123424.0
2021-09-13,2021-09-13,BEL,A,197.1,198.5,195.5,196.65,197.05,2547,176565,34814748.0
2021-09-13,2021-09-13,BEPL,A,179.25,185.2,176.45,181.65,179.75,2156,111268,20092804.0
2021-09-13,2021-09-13,TATASTLBSL,T,94.0,95.9,92.85,95.05,94.0,1582,213474,20136707.0
2021-09-13,2021-09-13,BIHSPONG,XT,12.34,12.43,11.26,11.86,11.84,326,119854,1460770.0
2021-09-13,2021-09-13,BIRLACABLE,T,85.9,85.9,83.05,84.2,84.9,120,5121,431781.0
2021-09-13,2021-09-13,BLUESTARCO,A,832.0,851.15,828.15,846.2,832.15,878,5528,4658635.0
2021-09-13,2021-09-13,DISAQ,X,5620.1,5699.95,5613.1,5641.15,5685.0,24,55,309971.0
2021-09-13,2021-09-13,QUESTCAP,X,214.7,214.7,195.2,202.95,205.0,29,888,180710.0
2021-09-13,2021-09-13,BPL,T,63.75,63.75,63.75,63.75,60.75,139,40137,2558733.0
2021-09-13,2021-09-13,OAL,B,949.0,1025.5,944.45,1008.95,946.7,2849,19607,19344003.0
2021-09-13,2021-09-13,CENTEXT,B,9.65,10.06,9.5,10.06,9.59,108,48557,483231.0
2021-09-13,2021-09-13,CESC,A,832.0,843.3,825.0,838.3,828.85,2642,42333,35463654.0
2021-09-13,2021-09-13,CHAMBLFERT,A,308.9,316.6,306.25,315.1,305.7,1597,73747,23012171.0
2021-09-13,2021-09-13,EXIDEIND,A,182.0,186.55,180.15,183.85,182.0,11059,847197,155356731.0
2021-09-13,2021-09-13,CIPLA,A,943.1,953.85,942.45,950.2,949.55,2878,76425,72591424.0
2021-09-13,2021-09-13,DICIND,B,452.0,480.0,452.0,473.55,472.05,87,467,219906.0
2021-09-13,2021-09-13,CRISIL,A,2845.25,2848.6,2800.65,2818.3,2820.65,840,2114,5971373.0
2021-09-13,2021-09-13,CGPOWER,B,92.25,92.25,86.25,89.4,90.75,3573,322601,28566723.0
2021-09-13,2021-09-13,DABUR,A,642.0,649.15,637.2,639.55,638.25,2029,55853,35855629.0
2021-09-13,2021-09-13,DALMIASUG,A,412.0,412.25,399.5,402.5,411.6,1121,16440,6637461.0
2021-09-13,2021-09-13,ARVIND,A,98.2,98.4,96.0,97.7,97.4,1076,73317,7144899.0
2021-09-13,2021-09-13,BALARPURIND,Z,1.48,1.48,1.38,1.4,1.44,319,944511,1335087.0
2021-09-13,2021-09-13,BHEL,A,55.95,55.95,55.0,55.15,55.65,7397,3589053,199027707.0
2021-09-13,2021-09-13,HINDPETRO,A,269.0,272.45,266.25,270.85,268.7,2533,147978,39894081.0
2021-09-13,2021-09-13,IFCI,A,11.16,11.54,11.11,11.34,11.3,5754,356369,4030685.0
2021-09-13,2021-09-13,MTNL,B,18.6,18.6,18.1,18.3,18.6,643,154579,2830656.0
2021-09-13,2021-09-13,MRPL,A,43.7,43.7,42.95,43.15,42.9,363,42735,1845433.0
2021-09-13,2021-09-13,CHENNPETRO,A,109.2,113.4,109.2,110.8,110.75,755,34650,3847275.0
2021-09-13,2021-09-13,RELCAPITAL,B,18.92,18.92,18.92,18.92,18.02,593,232467,4398275.0
2021-09-13,2021-09-13,SBIN,A,430.7,433.8,428.85,432.75,432.2,5130,336299,145124713.0
2021-09-13,2021-09-13,SAIL,A,122.55,123.5,119.1,120.15,122.2,14191,2647897,318838042.0
2021-09-13,2021-09-13,TITAN,A,2034.0,2043.15,2020.55,2030.9,2033.85,1358,13048,26533057.0
2021-09-13,2021-09-13,IDBI,A,38.4,39.5,38.3,39.35,38.3,1569,912168,35583759.0
2021-09-13,2021-09-13,DCW,B,36.0,37.35,35.6,37.0,36.15,1309,309431,11395392.0
2021-09-13,2021-09-13,DHAMPURSUG,A,301.0,301.2,292.3,296.4,300.6,1128,23099,6844808.0
2021-09-13,2021-09-13,DIAMINESQ,X,299.0,306.0,295.0,297.85,295.85,303,17099,5125530.0
2021-09-13,2021-09-13,ELANTAS,A,3756.0,3818.7,3720.0,3759.85,3756.05,86,574,2164130.0
2021-09-13,2021-09-13,DRREDDY,A,4910.0,4945.0,4875.0,4932.9,4914.5,3508,42129,207062751.0
2021-09-13,2021-09-13,EIDPARRY,A,403.15,430.95,401.55,426.35,406.15,5010,109794,46112394.0
2021-09-13,2021-09-13,PGHL,A,5358.0,5560.6,5345.0,5498.55,5344.35,1297,3497,19107415.0
2021-09-13,2021-09-13,ELECTCAST,B,40.5,44.2,40.35,40.85,39.95,3023,645549,27377561.0
2021-09-13,2021-09-13,ESABINDIA,A,2188.0,2249.0,2183.95,2227.95,2188.3,705,3391,7527052.0
2021-09-13,2021-09-13,EPL,A,236.9,240.0,235.4,238.9,237.95,291,4846,1149434.0
2021-09-13,2021-09-13,ESTER,B,140.0,149.65,139.0,148.1,136.9,1055,39749,5745041.0
2021-09-13,2021-09-13,FGP,XT,2.0,2.0,2.0,2.0,2.0,4,7158,14316.0
2021-09-13,2021-09-13,PHCAP,XT,63.0,67.7,63.0,67.7,64.95,13,456,29691.0
2021-09-13,2021-09-13,FINCABLES,A,494.5,519.4,494.5,514.5,494.5,3882,68017,34763946.0
2021-09-13,2021-09-13,COCKERILL,X,999.95,999.95,937.05,965.1,964.95,25,425,409477.0
2021-09-13,2021-09-13,UFLEX,A,495.0,514.25,491.85,508.1,489.75,2033,49826,25368495.0
2021-09-13,2021-09-13,FOSECOIND,B,1485.5,1510.0,1485.5,1508.75,1501.9,46,165,247668.0
2021-09-13,2021-09-13,GOLDENTOBC,B,94.05,95.0,91.3,91.9,96.1,352,11138,1029658.0
2021-09-13,2021-09-13,GANESHBE,X,77.85,84.7,77.0,79.8,78.2,631,159035,12803262.0
2021-09-13,2021-09-13,METROGLOBL,X,80.7,80.7,76.55,79.0,79.25,53,1668,131416.0
2021-09-13,2021-09-13,GTL,T,16.1,16.1,15.25,15.53,16.05,390,95515,1478796.0
2021-09-13,2021-09-13,GODFRYPHLP,A,972.5,980.0,972.5,977.65,972.1,376,3615,3536442.0
2021-09-13,2021-09-13,GODREJIND,A,559.75,561.15,551.95,553.95,559.55,521,6025,3345575.0
2021-09-13,2021-09-13,KANSAINER,A,611.0,611.9,600.95,603.85,611.0,673,6523,3948077.0
2021-09-13,2021-09-13,GOODRICKE,X,255.0,256.9,250.65,253.1,254.25,112,4376,1109244.0
2021-09-13,2021-09-13,GOODYEAR,A,1026.0,1028.8,1011.55,1019.6,1027.85,826,4854,4952222.0
2021-09-13,2021-09-13,GTNINDS,XT,20.4,20.4,18.6,19.2,19.55,50,18058,347457.0
2021-09-13,2021-09-13,GHCL,A,383.9,389.8,380.1,382.15,381.7,1248,26902,10342152.0
2021-09-13,2021-09-13,GFLLIMITED,A,64.65,65.5,64.55,64.65,65.05,47,2818,182843.0
2021-09-13,2021-09-13,GLFL,B,3.23,3.23,3.22,3.22,3.38,9,8039,25889.0
2021-09-13,2021-09-13,HCL-INSYS,B,13.3,13.41,12.9,13.41,12.78,455,165615,2205215.0
2021-09-13,2021-09-13,HDFCBANK,A,1562.0,1581.0,1553.6,1555.35,1567.65,12922,245098,382163493.0
2021-09-13,2021-09-13,HEROMOTOCO,A,2780.0,2810.6,2776.6,2790.3,2795.15,1173,13603,37957654.0
2021-09-13,2021-09-13,HFCL,T,75.85,78.5,74.15,78.15,75.0,3433,516444,39460414.0
2021-09-13,2021-09-13,HSCL,A,46.9,47.3,46.35,46.85,46.25,1508,285958,13425260.0
2021-09-13,2021-09-13,HCC,A,9.54,10.01,9.26,10.01,9.54,1461,1215015,11850901.0
2021-09-13,2021-09-13,HINDOILEXP,A,196.35,201.55,188.55,193.05,194.35,2850,136912,26651487.0
2021-09-13,2021-09-13,AGI,B,226.9,238.55,224.95,235.7,223.55,1647,39201,9151516.0
2021-09-13,2021-09-13,HINDZINC,A,315.0,337.75,315.0,335.55,328.9,1874,104848,34980540.0
2021-09-13,2021-09-13,NDLVENTURE,B,416.05,428.1,415.85,417.85,419.75,32,215,89888.0
2021-09-13,2021-09-13,HMT,Z,28.0,29.25,27.2,28.25,28.0,57,3038,85789.0
2021-09-13,2021-09-13,PRAGBOS,XT,2.15,2.16,2.15,2.16,2.07,21,5683,12245.0
2021-09-13,2021-09-13,HLVLTD,B,9.13,9.2,8.85,8.89,9.17,159,49718,448073.0
2021-09-13,2021-09-13,IGPL,B,626.0,649.2,626.0,637.45,624.7,966,8009,5121881.0
2021-09-13,2021-09-13,INDIAGLYCO,A,700.0,718.0,688.25,698.0,693.15,1813,27936,19705209.0
2021-09-13,2021-09-13,INDLEASE,X,8.82,8.82,8.45,8.66,8.4,17,1242,10785.0
2021-09-13,2021-09-13,MARGOFIN,XT,26.2,26.2,26.2,26.2,27.55,11,2343,61386.0
2021-09-13,2021-09-13,INDORAMA,B,55.95,55.95,52.1,52.1,54.8,254,50441,2635409.0
2021-09-13,2021-09-13,INFY,A,1688.0,1701.0,1675.0,1691.0,1691.8,12245,151233,255408405.0
2021-09-13,2021-09-13,INGERRAND,A,974.15,988.3,961.1,967.7,974.6,884,6577,6417471.0
2021-09-13,2021-09-13,INSILCOLTD,X,6.44,6.44,6.17,6.25,6.4,108,18880,118236.0
2021-09-13,2021-09-13,ITHL,X,83.0,83.0,77.55,82.7,81.8,81,4208,345700.0
2021-09-13,2021-09-13,IONEXCHANG,A,2299.6,2335.0,2276.0,2314.55,2299.6,1052,7336,16861773.0
2021-09-13,2021-09-13,SUNDROP,A,1010.0,1072.0,999.3,1047.5,1012.2,582,1927,2013828.0
2021-09-13,2021-09-13,JISLJALEQS,A,40.5,40.5,36.7,37.45,38.6,5663,3372554,132692187.0
2021-09-13,2021-09-13,JASCH,X,142.65,142.65,135.35,137.7,139.85,328,9468,1298398.0
2021-09-13,2021-09-13,JCTLTD,X,3.09,3.12,2.96,3.12,2.98,1928,5082566,15714704.0
2021-09-13,2021-09-13,JINDALPOLY,A,995.0,1010.0,981.2,1003.55,992.45,1535,17421,17358842.0
2021-09-13,2021-09-13,JSWSTEEL,A,689.5,699.8,687.5,694.35,689.1,4171,155974,108147588.0
2021-09-13,2021-09-13,UMANGDAIRY,B,76.0,77.5,75.95,76.35,76.95,85,3439,263552.0
2021-09-13,2021-09-13,KAJARIACER,A,1190.0,1190.0,1165.5,1172.6,1191.1,1210,8280,9712388.0
2021-09-13,2021-09-13,KAKATCEM,B,250.8,250.8,247.5,248.55,249.85,77,712,177181.0
2021-09-13,2021-09-13,KSL,A,386.8,393.5,384.15,391.8,384.85,306,2479,962863.0
2021-09-13,2021-09-13,KANELIND,XT,2.13,2.24,2.04,2.12,2.14,128,63192,137631.0
2021-09-13,2021-09-13,WHIRLPOOL,A,2295.0,2367.85,2268.65,2295.75,2303.0,1275,7835,18124015.0
2021-09-13,2021-09-13,KGDENIM,X,44.0,44.0,41.5,42.05,43.1,22,1249,53013.0
2021-09-13,2021-09-13,KINETICENG,XT,64.8,64.8,61.0,61.15,63.55,111,12728,781911.0
2021-09-13,2021-09-13,KIRLOSBROS,B,356.5,379.0,356.5,368.55,374.5,230,2641,978936.0
2021-09-13,2021-09-13,KIRLOSIND,B,1538.3,1566.0,1500.0,1538.45,1538.3,315,1257,1928475.0
2021-09-13,2021-09-13,KIRLFER,B,236.9,240.4,235.0,237.3,237.1,1215,28472,6762177.0
2021-09-13,2021-09-13,ENVAIREL,X,31.7,31.7,31.7,31.7,31.75,1,100,3170.0
2021-09-13,2021-09-13,KOTAKBANK,A,1823.0,1849.45,1795.1,1836.8,1817.85,11764,315928,578741970.0
2021-09-13,2021-09-13,KRIFILIND,X,4.69,4.69,4.69,4.69,4.47,3,350,1641.0
2021-09-13,2021-09-13,KSB,A,1186.0,1250.0,1177.55,1228.35,1194.8,633,2649,3168699.0
2021-09-13,2021-09-13,LGBBROSLTD,A,411.0,418.2,410.6,415.6,414.95,969,16554,6853241.0
2021-09-13,2021-09-13,TRENT,A,1022.3,1026.0,998.6,1006.65,1022.3,1141,22201,22417053.0
2021-09-13,2021-09-13,LMW,A,7809.25,7964.0,7720.0,7891.25,7799.6,219,566,4455566.0
2021-09-13,2021-09-13,LICHSGFIN,A,419.15,422.0,416.15,419.3,419.3,4556,174743,73314137.0
2021-09-13,2021-09-13,LUPIN,A,981.8,986.65,976.2,983.9,981.8,2485,43707,42975051.0
2021-09-13,2021-09-13,LYKALABS,B,78.7,79.0,75.8,79.0,75.25,474,28680,2231968.0
2021-09-13,2021-09-13,RAMCOCEM,A,1059.9,1065.0,1044.7,1055.95,1056.3,1029,14144,14911788.0
2021-09-13,2021-09-13,MAFATIND,X,136.65,141.8,134.0,137.3,139.25,76,1925,264808.0
2021-09-13,2021-09-13,MAHSEAMLES,A,319.8,323.15,303.4,319.1,311.8,667,11505,3668865.0
2021-09-13,2021-09-13,MAHSCOOTER,A,4454.7,4465.45,4431.8,4444.65,4458.5,252,509,2265253.0
2021-09-13,2021-09-13,MAJESAUT,XT,118.0,120.0,115.7,118.3,118.0,61,3014,357050.0
2021-09-13,2021-09-13,MANALIPETC,B,93.8,93.8,89.5,92.15,91.0,2451,151403,13859508.0
2021-09-13,2021-09-13,MFSL,A,1082.95,1110.8,1073.15,1094.35,1085.3,1724,83571,91232405.0
2021-09-13,2021-09-13,ONIDA,T,15.65,16.2,15.65,16.05,15.8,99,34922,557699.0
2021-09-13,2021-09-13,CENTENKA,B,436.2,445.0,433.3,442.9,439.1,968,14869,6580872.0
2021-09-13,2021-09-13,LORDSCHLO,XT,60.0,62.05,60.0,61.85,62.15,37,5596,341689.0
2021-09-13,2021-09-13,SPICEJET,A,69.6,71.05,69.5,69.8,69.65,3430,431057,30224621.0
2021-09-13,2021-09-13,MOREPENLAB,A,55.7,60.0,55.7,58.85,55.7,3607,534638,31300957.0
2021-09-13,2021-09-13,MRF,A,79700.0,80400.0,79217.6,80160.6,79891.65,311,415,33155041.0
2021-09-13,2021-09-13,HEIDELBERG,A,260.05,265.5,260.05,263.8,261.55,947,20801,5468974.0
2021-09-13,2021-09-13,NCC,A,79.7,79.7,77.5,77.95,78.65,954,113230,8836997.0
2021-09-13,2021-09-13,VEDL,A,301.1,309.0,301.1,308.4,301.8,5148,818963,251518908.0
2021-09-13,2021-09-13,NAHARSPING,T,405.0,409.55,401.1,407.75,416.25,93,6426,2595393.0
2021-09-13,2021-09-13,NAPEROL,A,2261.0,2309.0,2230.0,2298.05,2271.6,593,4874,11114321.0
2021-09-13,2021-09-13,GRASIM,A,1614.9,1614.9,1579.55,1606.2,1597.8,2225,44761,71533500.0
2021-09-13,2021-09-13,PEL,A,2570.0,2602.25,2554.0,2570.85,2576.1,2004,20005,51518808.0
2021-09-13,2021-09-13,NIITLTD,A,307.8,321.75,304.9,317.0,307.45,2036,80759,25503005.0
2021-09-13,2021-09-13,JAYKAY,X,56.8,59.95,56.8,58.75,58.65,209,45229,2627525.0
2021-09-13,2021-09-13,NIRLON,A,310.0,317.0,305.45,310.8,305.45,397,17909,5612416.0
2021-09-13,2021-09-13,ONGC,A,122.5,123.35,121.05,123.0,122.1,4506,605762,74119203.0
2021-09-13,2021-09-13,OILCOUNTUB,T,6.75,6.99,6.46,6.62,6.75,28,1933,12908.0
2021-09-13,2021-09-13,ORIENTHOT,B,36.35,36.8,35.85,36.25,36.25,266,12569,457556.0
2021-09-13,2021-09-13,OSWALAGRO,B,18.0,18.0,16.83,17.31,17.33,97,11063,191757.0
2021-09-13,2021-09-13,INDSUCR,XT,44.85,44.95,43.55,43.9,43.95,74,10230,451266.0
2021-09-13,2021-09-13,RELIANCE,A,2428.0,2430.0,2368.1,2371.55,2425.45,14531,224625,534778335.0
2021-09-13,2021-09-13,PILITA,B,8.1,8.44,7.64,7.65,7.7,1164,850872,6647788.0
2021-09-13,2021-09-13,RAYMOND,A,437.95,438.35,427.3,429.45,435.45,950,26312,11360871.0
2021-09-13,2021-09-13,PIDILITIND,A,2360.0,2409.6,2346.55,2397.2,2347.95,3404,34732,82743982.0
2021-09-13,2021-09-13,PIXTRANS,X,793.0,805.0,751.2,799.5,799.25,667,12586,9876571.0
2021-09-13,2021-09-13,BIRLACORPN,A,1305.2,1344.0,1305.2,1331.7,1302.65,1502,11301,14998896.0
2021-09-13,2021-09-13,SURYAROSNI,A,557.0,587.45,555.35,577.55,552.55,3644,57794,33049824.0
2021-09-13,2021-09-13,PRIMESECU,B,81.4,83.7,79.1,81.5,81.55,42,965,79055.0
2021-09-13,2021-09-13,PRSMJOHNSN,A,126.7,126.7,125.0,125.25,125.2,317,12174,1523762.0
2021-09-13,2021-09-13,RAIN,A,241.6,249.85,239.0,243.3,243.45,7350,452890,110685122.0
2021-09-13,2021-09-13,AMJLAND,B,32.2,32.9,31.25,31.75,32.15,44,5809,185960.0
2021-09-13,2021-09-13,PUNJCOMMU,B,36.8,36.8,33.0,33.75,34.5,44,6065,204350.0
2021-09-13,2021-09-13,RSWM,B,326.3,327.85,316.3,317.25,322.75,263,1993,639839.0
2021-09-13,2021-09-13,RAJSREESUG,B,26.65,27.25,25.75,26.6,26.7,46,797,21214.0
2021-09-13,2021-09-13,RALLIS,A,291.5,295.8,288.6,292.2,291.5,706,17604,5129366.0
2021-09-13,2021-09-13,RAMANEWS,B,19.35,19.45,18.95,19.2,19.2,110,10745,206150.0
2021-09-13,2021-09-13,RAMAPPR-B,XT,26.2,26.2,25.0,25.7,25.9,14,1304,33486.0
2021-09-13,2021-09-13,RAMAPETRO,XT,2.83,2.83,2.83,2.83,2.7,2,809,2289.0
2021-09-13,2021-09-13,RAPICUT,XT,30.75,33.0,30.75,33.0,32.3,24,4525,147931.0
2021-09-13,2021-09-13,WELSPLSOL,X,14.01,14.6,13.5,14.0,13.97,389,158048,2206580.0
2021-09-13,2021-09-13,ROLTA,T,6.04,6.04,5.71,5.89,5.79,246,100440,594901.0
2021-09-13,2021-09-13,RUBFILA,X,107.5,115.0,104.7,112.7,102.65,4532,506475,55516645.0
2021-09-13,2021-09-13,PATANJALI,B,1065.4,1081.9,1058.15,1065.45,1044.5,1951,13380,14306038.0
2021-09-13,2021-09-13,SALORAINTL,X,38.0,38.0,36.1,36.15,38.0,21,2930,107435.0
2021-09-13,2021-09-13,JINDALSAW,A,119.05,123.0,118.7,120.0,119.45,2098,188900,22770399.0
2021-09-13,2021-09-13,JKLAKSHMI,A,731.6,732.3,719.8,729.05,714.0,816,12468,9056715.0
2021-09-13,2021-09-13,SHREECEM,A,30800.0,30856.5,30323.15,30666.9,30667.3,291,457,13958404.0
2021-09-13,2021-09-13,SKPMIL,XT,11.8,12.6,11.45,12.6,12.0,15,1019,12820.0
2021-09-13,2021-09-13,RELINFRA,T,77.85,77.85,77.85,77.85,74.15,153,19438,1513248.0
2021-09-13,2021-09-13,TATAPOWER,A,133.0,133.0,130.4,131.0,132.75,19715,1578635,207067571.0
2021-09-13,2021-09-13,SPMLINFRA,T,11.35,11.45,10.77,11.23,11.11,24,5093,57077.0
2021-09-13,2021-09-13,SUNDRMFAST,A,909.0,909.0,879.2,883.1,896.9,1581,15002,13268632.0
2021-09-13,2021-09-13,SUNFLAG,A,82.7,83.9,81.8,82.2,83.05,793,36644,3036034.0
2021-09-13,2021-09-13,SPLPETRO,A,696.0,716.0,696.0,702.45,692.25,566,13035,9223575.0
2021-09-13,2021-09-13,SWARAJENG,A,1736.55,1740.0,1684.75,1687.95,1705.75,125,525,887075.0
2021-09-13,2021-09-13,TATAELXSI,A,4940.0,5066.75,4930.0,5007.85,4926.0,2713,15617,78280092.0
2021-09-13,2021-09-13,ACC,A,2450.05,2478.8,2420.95,2467.6,2459.0,1955,25691,63162779.0
2021-09-13,2021-09-13,THERMAX,A,1403.65,1440.0,1403.15,1427.85,1401.65,320,1282,1821355.0
2021-09-13,2021-09-13,TIRUMALCHM,A,198.05,207.2,196.1,204.9,198.05,2273,157773,32287841.0
2021-09-13,2021-09-13,THOMASCOOK,A,62.9,63.55,60.85,61.85,62.5,1136,98081,6113533.0
2021-09-13,2021-09-13,TIMEX,X,51.1,51.15,49.05,49.6,51.1,220,73757,3690732.0
2021-09-13,2021-09-13,TOKYOPLAST,B,101.0,104.4,101.0,102.75,105.7,31,408,42188.0
2021-09-13,2021-09-13,TORNTPHARM,A,3116.65,3135.85,3079.3,3124.9,3106.3,522,1851,5767870.0
2021-09-13,2021-09-13,TPINDIA,Z,2.89,2.95,2.89,2.93,2.82,10,1034,3032.0
2021-09-13,2021-09-13,TRANSCHEM,X,23.8,23.8,21.65,22.65,22.3,13,484,10889.0
2021-09-13,2021-09-13,AMBUJACEM,A,438.9,439.7,434.45,436.1,438.65,2558,99797,43497209.0
2021-09-13,2021-09-13,UTLINDS,X,10.5,10.5,9.31,9.9,9.99,78,12887,125680.0
2021-09-13,2021-09-13,UNIENTER,B,136.4,141.2,133.75,140.0,138.0,389,21869,3053336.0
2021-09-13,2021-09-13,VHL,B,3200.05,3312.0,3178.7,3307.6,3199.9,52,116,375535.0
2021-09-13,2021-09-13,HINDALCO,A,473.5,480.4,468.65,478.4,463.45,5656,456843,217435503.0
2021-09-13,2021-09-13,WSTCSTPAPR,A,233.5,234.0,230.6,231.55,233.15,220,4329,1003188.0
2021-09-13,2021-09-13,HOCL,B,40.2,43.9,39.75,41.8,39.7,2526,777453,32722637.0
2021-09-13,2021-09-13,MPILCORPL,X,194.85,194.9,181.45,181.45,191.0,4,25,4805.0
2021-09-13,2021-09-13,PASUPTAC,X,31.55,31.95,30.5,30.8,31.1,606,184783,5741621.0
2021-09-13,2021-09-13,TEAM24,XT,2.78,2.78,2.6,2.78,2.65,29,7842,21497.0
2021-09-13,2021-09-13,PGHH,A,14449.0,14552.95,14180.0,14201.05,14160.7,383,835,11990188.0
2021-09-13,2021-09-13,MUKANDLTD,T,144.8,145.9,143.0,145.8,144.8,78,5613,807803.0
2021-09-13,2021-09-13,BBOX,T,1196.0,1219.15,1196.0,1218.9,1161.1,121,3290,3999609.0
2021-09-13,2021-09-13,UCAL,B,149.3,152.0,148.5,150.3,150.05,123,2512,376105.0
2021-09-13,2021-09-13,HARRMALAYA,B,196.4,201.0,196.1,196.6,198.7,1010,21517,4252076.0
2021-09-13,2021-09-13,FEDERALBNK,A,82.1,82.65,81.65,82.1,82.4,2422,320613,26290512.0
2021-09-13,2021-09-13,TATASTEEL,A,1445.0,1471.9,1436.55,1463.15,1447.4,15898,492891,715288579.0
2021-09-13,2021-09-13,SKFINDIA,A,3246.4,3246.4,3171.55,3195.65,3194.05,538,3571,11407958.0
2021-09-13,2021-09-13,ASHOKLEY,A,126.6,126.6,123.1,123.3,125.35,7539,832759,103293047.0
2021-09-13,2021-09-13,CUMMINSIND,A,1043.45,1054.95,1035.0,1044.4,1043.45,1115,23910,24932057.0
2021-09-13,2021-09-13,TATACOMM,A,1357.95,1369.0,1336.0,1346.9,1357.6,1172,15369,20720801.0
2021-09-13,2021-09-13,ABBOTINDIA,A,20890.0,21509.0,20591.65,21423.5,20698.95,1000,2282,48409395.0
2021-09-13,2021-09-13,BAJAJHLDNG,A,4302.05,4302.1,4253.75,4280.8,4279.55,214,633,2702572.0
2021-09-13,2021-09-13,BHARATFORG,A,776.0,780.5,765.05,774.25,773.45,1662,55723,43099131.0
2021-09-13,2021-09-13,ESCORTS,A,1377.8,1389.9,1365.0,1378.25,1376.8,3619,50737,69794762.0
2021-09-13,2021-09-13,HINDMOTORS,B,7.99,7.99,7.63,7.67,7.73,178,23467,180479.0
2021-09-13,2021-09-13,LT,A,1665.0,1675.75,1661.2,1671.65,1669.55,2353,31415,52458278.0
2021-09-13,2021-09-13,M&M,A,755.0,755.0,740.75,745.4,750.7,2307,65283,48638895.0
2021-09-13,2021-09-13,BOSCHLTD,A,14345.0,14599.0,14280.1,14569.7,14331.55,1372,3484,50399389.0
2021-09-13,2021-09-13,PREMIER,T,3.33,3.64,3.33,3.6,3.49,32,67783,243375.0
2021-09-13,2021-09-13,BPCL,A,493.3,499.0,491.55,498.1,491.05,8349,560266,277206058.0
2021-09-13,2021-09-13,SIEMENS,A,2230.6,2249.0,2203.0,2210.7,2231.85,1360,10089,22331105.0
2021-09-13,2021-09-13,TMPV,A,299.6,301.9,295.5,301.1,298.8,7838,543880,162592785.0
2021-09-13,2021-09-13,VOLTAS,A,1213.0,1219.15,1201.85,1213.5,1212.9,1675,41777,50592870.0
2021-09-13,2021-09-13,GESHIP,A,355.0,367.9,354.0,363.3,353.25,1683,40554,14772814.0
2021-09-13,2021-09-13,DEEPAKFERT,T,415.0,419.05,410.0,416.7,419.05,343,8750,3639869.0
2021-09-13,2021-09-13,EXCELINDUS,A,1069.0,1085.0,1065.0,1068.9,1081.15,947,4329,4647585.0
2021-09-13,2021-09-13,GRWRHITECH,T,1043.9,1043.9,1004.0,1017.55,1036.8,323,6119,6236706.0
2021-09-13,2021-09-13,GLAXO,A,1531.1,1547.15,1529.45,1538.65,1526.45,475,2299,3543096.0
2021-09-13,2021-09-13,GNFC,A,335.3,342.1,333.5,337.1,335.3,807,21772,7340285.0
2021-09-13,2021-09-13,NOVARTIND,A,832.6,865.0,828.05,836.6,838.9,770,4387,3695088.0
2021-09-13,2021-09-13,SANOFI,A,8205.0,8255.25,8188.0,8206.5,8197.7,350,888,7298482.0
2021-09-13,2021-09-13,PFIZER,A,6099.5,6137.0,6044.9,6092.6,6110.95,1004,3268,19901625.0
2021-09-13,2021-09-13,GSFC,A,102.95,107.85,102.9,106.8,103.05,2999,205904,21828644.0
2021-09-13,2021-09-13,HINDUNILVR,A,2808.75,2822.45,2775.3,2784.7,2808.75,2111,16990,47469488.0
2021-09-13,2021-09-13,JSWDULUX,A,2200.0,2211.35,2184.0,2202.55,2197.35,397,1316,2890808.0
2021-09-13,2021-09-13,NOCIL,A,284.0,297.0,283.3,290.6,283.3,4197,244791,71531749.0
2021-09-13,2021-09-13,TATACHEM,A,829.15,842.45,827.45,837.3,829.15,2879,107022,89517863.0
2021-09-13,2021-09-13,TNPETRO,B,113.55,117.55,113.0,115.45,113.5,1745,66106,7631838.0
2021-09-13,2021-09-13,ZUARIIND,T,126.0,130.95,126.0,129.3,128.0,48,3458,446961.0
2021-09-13,2021-09-13,NESTLEIND,A,20400.0,20500.25,20243.8,20434.6,20439.45,496,1203,24562099.0
2021-09-13,2021-09-13,TATACONSUM,A,875.0,883.7,870.45,882.15,876.1,3577,96628,84935727.0
2021-09-13,2021-09-13,ASIANPAINT,A,3354.0,3372.8,3332.4,3366.6,3346.0,2215,19664,65977710.0
2021-09-13,2021-09-13,BRITANNIA,A,4075.0,4101.0,4061.0,4093.55,4069.8,980,6330,25857980.0
2021-09-13,2021-09-13,COLPAL,A,1736.0,1744.15,1715.85,1723.6,1734.6,850,8766,15167349.0
2021-09-13,2021-09-13,EIHOTEL,A,106.2,110.7,106.2,109.8,107.05,2747,113510,12381917.0
2021-09-13,2021-09-13,INDHOTEL,A,151.0,156.3,149.25,154.05,150.8,7883,562571,86255076.0
2021-09-13,2021-09-13,CASTROLIND,A,137.0,139.35,136.75,138.9,137.6,1021,31867,4389924.0
2021-09-13,2021-09-13,ITC,A,213.1,215.0,211.55,214.1,212.7,17139,1587793,339260311.0
2021-09-13,2021-09-13,APOLLOTYRE,A,215.0,216.0,213.5,214.95,215.0,2407,119996,25759075.0
2021-09-13,2021-09-13,CEATLTD,A,1314.0,1315.0,1302.05,1308.1,1305.5,1509,9611,12589450.0
2021-09-13,2021-09-13,MODIRUBBER,T,96.05,96.05,96.05,96.05,91.5,9,447,42934.0
2021-09-13,2021-09-13,FINPIPE,A,172.65,183.35,172.65,182.0,171.35,11305,509833,91643138.0
2021-09-13,2021-09-13,DSINVEST,XT,244.3,244.3,234.8,244.3,239.55,6,127,30171.0
2021-09-13,2021-09-13,CENTRUM,B,35.75,35.75,34.5,34.8,34.95,485,51131,1788593.0
2021-09-13,2021-09-13,TCIFINANCE,B,6.0,6.2,6.0,6.0,6.15,5,341,2069.0
2021-09-13,2021-09-13,IITL,B,68.7,68.85,67.0,67.0,68.95,13,2261,155068.0
2021-09-13,2021-09-13,INDPRUD,X,1600.0,1650.0,1550.0,1611.25,1598.95,25,161,253246.0
2021-09-13,2021-09-13,TATAINVEST,A,1280.85,1288.95,1273.2,1275.4,1281.25,304,1172,1499408.0
2021-09-13,2021-09-13,PRISMX,XT,107.0,108.45,106.4,108.05,103.3,6556,672948,72607399.0
2021-09-13,2021-09-13,MOTOGENFIN,B,25.0,26.75,25.0,25.9,25.7,53,2894,74851.0
2021-09-13,2021-09-13,WALCHPF,X,82.35,84.45,82.35,83.4,86.35,6,80,6630.0
2021-09-13,2021-09-13,WHBRADY,X,173.5,174.5,165.0,174.5,166.2,12,166,28359.0
2021-09-13,2021-09-13,TECHNVISN,XT,220.95,220.95,203.7,220.95,214.4,4,41,8496.0
2021-09-13,2021-09-13,SHAILY,X,1885.0,1922.0,1810.0,1903.2,1876.45,198,4103,7679892.0
2021-09-13,2021-09-13,BBTC,A,1205.1,1212.25,1195.0,1198.2,1212.0,855,6343,7615368.0
2021-09-13,2021-09-13,BOMBCYC,X,606.0,639.9,606.0,612.35,629.95,15,64,39450.0
2021-09-13,2021-09-13,GREAVESCOT,A,141.7,142.75,139.3,140.8,141.35,1518,100427,14130933.0
2021-09-13,2021-09-13,MULLER,XT,116.85,116.85,116.85,116.85,123.0,6,140,16359.0
2021-09-13,2021-09-13,INDIANVSH,X,17.35,18.0,16.3,16.75,17.35,8,147,2426.0
2021-09-13,2021-09-13,COASTCORP,X,245.85,255.0,245.85,253.0,249.05,178,12078,3047023.0
2021-09-13,2021-09-13,CHOWGULSTM,XT,10.4,10.58,9.84,10.35,10.35,21,3547,36031.0
2021-09-13,2021-09-13,GARWAOFFS,XT,27.7,29.2,26.6,29.15,27.85,194,54361,1555639.0
2021-09-13,2021-09-13,DHENUBUILD,X,1.36,1.36,1.36,1.36,1.34,1,3,4.0
2021-09-13,2021-09-13,ASIIL,X,16.4,16.7,16.0,16.19,16.01,75,19892,324110.0
2021-09-13,2021-09-13,SAGCEM,A,268.2,275.0,268.2,272.65,267.6,820,18157,4930490.0
2021-09-13,2021-09-13,DECCANCE,B,732.1,756.85,726.8,743.5,729.7,1452,9124,6794354.0
2021-09-13,2021-09-13,MANGLMCEM,A,450.0,465.95,450.0,463.7,460.4,716,5715,2639502.0
2021-09-13,2021-09-13,NCLIND,A,238.0,238.75,232.8,238.4,237.6,954,23097,5446690.0
2021-09-13,2021-09-13,SAURASHCEM,X,100.5,102.5,99.0,100.75,100.6,310,27735,2780264.0
2021-09-13,2021-09-13,SHREDIGCEM,B,80.0,80.0,78.8,79.2,80.15,1575,94595,7483846.0
2021-09-13,2021-09-13,BORORENEW,A,310.0,322.75,302.6,322.75,307.4,2075,71366,22516534.0
2021-09-13,2021-09-13,RASSIREF,XT,15.22,15.22,13.78,13.78,14.5,4,33,500.0
2021-09-13,2021-09-13,TRIVENIGQ,X,6.0,6.0,5.6,5.7,5.9,38,15260,88637.0
2021-09-13,2021-09-13,ANDHRAPAP,B,229.55,230.9,228.1,230.0,231.25,109,1400,321367.0
2021-09-13,2021-09-13,BALKRISIND,A,2438.8,2460.55,2416.15,2447.7,2457.25,1763,12854,31301100.0
2021-09-13,2021-09-13,ORIENTPPR,B,31.3,31.3,30.05,30.2,30.85,883,100668,3058821.0
2021-09-13,2021-09-13,CITADEL,X,12.03,12.44,11.82,12.44,12.44,12,2100,25583.0
2021-09-13,2021-09-13,ROLLT,B,2.3,2.3,2.19,2.28,2.23,55,27896,63025.0
2021-09-13,2021-09-13,SESHAPAPER,A,177.05,177.35,174.9,176.15,176.3,147,3516,617248.0
2021-09-13,2021-09-13,SOLIDCONT,X,35.5,35.75,35.5,35.55,36.95,3,20100,714570.0
2021-09-13,2021-09-13,SHBHAWANI,Z,1.69,1.7,1.54,1.54,1.62,12,2538,3914.0
2021-09-13,2021-09-13,NATHIND,X,97.0,97.5,94.1,95.3,96.4,55,3346,320336.0
2021-09-13,2021-09-13,VAPIENTER,XT,22.4,22.4,22.4,22.4,21.75,1,1,22.0
2021-09-13,2021-09-13,SINTEXIND,B,3.76,3.82,3.71,3.79,3.75,789,670687,2533974.0
2021-09-13,2021-09-13,DCM,T,47.15,49.75,45.9,47.1,47.7,15,807,37896.0
2021-09-13,2021-09-13,FORBESCO,B,4116.0,4135.0,3999.75,4084.45,4116.5,800,22593,92335558.0
2021-09-13,2021-09-13,HPCOTTON,X,93.8,93.8,91.0,92.0,92.6,43,1419,130675.0
2021-09-13,2021-09-13,UNITEDINT,X,35.0,36.75,33.4,36.75,35.15,4,156,5451.0
2021-09-13,2021-09-13,JAMSHRI,XT,3120.0,3120.0,3118.2,3118.2,3282.3,3,10,31185.0
2021-09-13,2021-09-13,KATRSPG,XT,19.7,19.7,18.75,18.75,19.7,6,4349,85580.0
2021-09-13,2021-09-13,KESORAMIND,B,83.25,86.7,81.95,86.05,83.45,2361,175392,14948173.0
2021-09-13,2021-09-13,LAKSHMIMIL,X,3489.0,3489.0,3375.15,3376.1,3373.25,9,32,110236.0
2021-09-13,2021-09-13,VTL,A,1970.0,1970.0,1903.0,1923.45,1944.4,802,3711,7151487.0
2021-09-13,2021-09-13,PENINLAND,T,11.41,11.77,11.0,11.67,11.41,81,34284,387397.0
2021-09-13,2021-09-13,PASUSPG,XT,17.5,18.37,16.63,16.63,17.5,15,1433,24368.0
2021-09-13,2021-09-13,PHOENIXLTD,A,866.4,867.1,847.5,853.3,874.35,703,3035,2602411.0
2021-09-13,2021-09-13,MARATHON,B,90.1,91.35,85.9,86.85,90.15,306,8656,764382.0
2021-09-13,2021-09-13,RAJABAH,XT,7621.35,7621.35,7000.0,7578.1,7258.45,80,189,1411199.0
2021-09-13,2021-09-13,RELCHEMQ,X,173.0,178.0,166.0,174.5,171.9,766,51777,8927409.0
2021-09-13,2021-09-13,RUBYMILLS,B,289.0,312.05,282.25,300.75,286.9,2016,29822,8762415.0
2021-09-13,2021-09-13,SIMPLXREA,X,74.7,80.0,74.15,80.0,78.35,8,560,41823.0
2021-09-13,2021-09-13,SWANCORP,A,135.0,136.9,132.65,136.2,132.8,533,15675,2113766.0
2021-09-13,2021-09-13,VICTMILL,X,3150.0,3349.95,3100.0,3161.05,3267.3,69,278,889737.0
2021-09-13,2021-09-13,ZSVARAJT,X,10.39,10.39,9.41,10.39,9.9,438,169768,1741215.0
2021-09-13,2021-09-13,ZODIACVEN,XT,26.55,27.95,25.7,26.9,27.05,29,2916,77505.0
2021-09-13,2021-09-13,VEERENRGY,XT,13.25,13.58,13.11,13.41,13.24,51,5393,72563.0
2021-09-13,2021-09-13,SW1,XT,58.8,58.8,58.8,58.8,61.85,6,306,17992.0
2021-09-13,2021-09-13,TILAK,XT,6.32,6.32,6.32,6.32,6.02,69,22229,140487.0
2021-09-13,2021-09-13,WAGEND,X,1.05,1.07,0.98,1.0,1.03,92,165536,165090.0
2021-09-13,2021-09-13,SAHARAONE,XT,39.7,40.8,37.0,40.7,38.9,21,521,19756.0
2021-09-13,2021-09-13,BANSWRAS,B,177.95,183.5,175.55,177.95,180.0,141,2293,409285.0
2021-09-13,2021-09-13,SHRIDINE,X,651.0,661.45,650.0,650.5,649.95,41,6255,4090640.0
2021-09-13,2021-09-13,SRF,A,10329.55,10747.0,10300.0,10685.9,10329.55,4385,29568,310175541.0
2021-09-13,2021-09-13,SIYSIL,B,389.0,389.95,384.0,386.45,387.35,242,2884,1116335.0
2021-09-13,2021-09-13,SWADPOL,XT,4.16,4.16,4.16,4.16,3.97,4,761,3165.0
2021-09-13,2021-09-13,SHRAJSYNQ,X,3.02,3.02,3.02,3.02,2.88,2,1180,3563.0
2021-09-13,2021-09-13,SHRMFGC,XT,3.67,3.67,3.42,3.42,3.6,3,31,107.0
2021-09-13,2021-09-13,BBL,A,1382.45,1399.0,1371.2,1373.45,1381.05,509,1633,2260049.0
2021-09-13,2021-09-13,ELPROINTL,X,60.4,60.85,57.2,60.1,58.55,245,55705,3331374.0
2021-09-13,2021-09-13,EMCOLTD,Z,1.9,1.9,1.9,1.9,1.98,5,3381,6423.0
2021-09-13,2021-09-13,GEE,XT,86.0,87.0,85.0,86.75,84.25,627,35208,3047508.0
2021-09-13,2021-09-13,HIRECT,B,210.75,218.95,206.45,211.2,206.05,648,13023,2779932.0
2021-09-13,2021-09-13,NIPPOBATRY,B,1044.9,1044.9,1026.95,1035.3,1038.85,274,1409,1463486.0
2021-09-13,2021-09-13,ZENSARTECH,A,470.0,492.0,470.0,488.5,468.55,5575,163520,78747204.0
2021-09-13,2021-09-13,JYOTI,X,9.5,9.99,9.5,9.76,9.67,70,10029,98761.0
2021-09-13,2021-09-13,JSLINDL,XT,210.0,220.0,210.0,219.0,210.0,15,189,40893.0
2021-09-13,2021-09-13,KAYCEEI,X,4200.0,4200.0,3756.0,4099.95,4000.0,8,15,62152.0
2021-09-13,2021-09-13,INDOKEM,X,34.9,34.9,32.55,34.45,33.55,35,5006,170909.0
2021-09-13,2021-09-13,PANAENERG,X,292.4,304.8,292.4,302.55,292.35,438,24235,7228840.0
2021-09-13,2021-09-13,NELCO,A,558.9,558.9,538.85,542.5,548.7,1278,19662,10712805.0
2021-09-13,2021-09-13,PERMAGN,X,379.0,379.0,362.7,364.15,372.9,154,2678,990771.0
2021-09-13,2021-09-13,HIGHENE,X,2222.0,2277.2,2060.4,2060.4,2168.8,1357,12079,26116509.0
2021-09-13,2021-09-13,STDBAT,X,22.9,22.95,22.9,22.95,21.9,49,4812,110326.0
2021-09-13,2021-09-13,UNIVCABLES,B,171.2,176.9,171.1,172.0,176.0,234,4986,865714.0
2021-09-13,2021-09-13,WSI,T,8.3,8.3,8.0,8.0,8.0,4,517,4155.0
2021-09-13,2021-09-13,DLTNCBL,X,44.9,44.9,40.0,42.65,42.7,41,2173,90321.0
2021-09-13,2021-09-13,LAKSELEC,X,403.1,409.5,400.0,405.2,404.9,87,3898,1574462.0
2021-09-13,2021-09-13,MODULEX,XT,18.4,18.4,17.5,17.6,18.2,54,48022,848693.0
2021-09-13,2021-09-13,DELTAMAGNT,B,54.0,54.0,52.0,52.55,53.9,78,3089,162669.0
2021-09-13,2021-09-13,PAZEL,Z,0.6,0.6,0.6,0.6,0.63,363,133524,80114.0
2021-09-13,2021-09-13,LONGSPUR,X,3.58,3.58,3.51,3.58,3.51,6,227,801.0
2021-09-13,2021-09-13,RELTD,XT,50.4,52.95,50.0,50.25,52.0,33,1680,86398.0
2021-09-13,2021-09-13,NYSSACORP,XT,6.36,6.36,6.0,6.27,6.06,353,70197,438916.0
2021-09-13,2021-09-13,FLOMIC,XT,55.15,55.15,55.15,55.15,52.55,1,1,55.0
2021-09-13,2021-09-13,KRISHNA,XT,11.0,11.0,11.0,11.0,10.5,10,527,5797.0
2021-09-13,2021-09-13,UNIABEXAL,X,630.0,648.0,620.0,627.7,630.1,70,3988,2538524.0
2021-09-13,2021-09-13,SARDAEN,T,690.0,709.65,687.65,697.9,702.25,159,3841,2662655.0
2021-09-13,2021-09-13,BGWTATO,X,170.0,170.0,170.0,170.0,163.0,2,11,1870.0
2021-09-13,2021-09-13,BOMBWIR,XT,39.7,39.7,39.7,39.7,37.85,4,250,9925.0
2021-09-13,2021-09-13,GALADA,Z,2.14,2.14,2.04,2.14,2.14,10,26902,54933.0
2021-09-13,2021-09-13,AZADIND,XT,18.45,18.45,17.15,17.15,18.05,7,791,13569.0
2021-09-13,2021-09-13,INDIANHUME,A,203.9,203.9,197.75,198.3,197.65,350,5606,1117378.0
2021-09-13,2021-09-13,INVPRECQ,XT,332.0,346.4,323.1,341.65,329.95,82,7219,2444220.0
2021-09-13,2021-09-13,INFORTEC,X,35.0,35.0,35.0,35.0,32.0,2,12,420.0
2021-09-13,2021-09-13,KAIRA,X,1649.75,1649.8,1578.95,1637.55,1621.15,28,137,221793.0
2021-09-13,2021-09-13,ORIENTCER,B,29.45,30.6,28.3,30.1,28.75,350,18510,551797.0
2021-09-13,2021-09-13,NATIONSTD,XT,3117.7,3117.7,3117.7,3117.7,2969.25,3,5,15588.0
2021-09-13,2021-09-13,DUNCANENG,X,200.1,200.1,193.95,194.6,200.1,21,655,127577.0
2021-09-13,2021-09-13,SANDUMA,B,1931.0,1960.0,1865.0,1893.85,1931.2,2366,48669,93923792.0
2021-09-13,2021-09-13,STOVACQ,X,2519.0,2565.0,2453.05,2548.9,2479.45,97,603,1528888.0
2021-09-13,2021-09-13,TATAYODOGA,X,60.0,62.0,60.0,61.55,59.9,117,4824,294222.0
2021-09-13,2021-09-13,TINPLATE,A,282.0,284.4,277.5,279.9,280.75,1152,26981,7569682.0
2021-09-13,2021-09-13,CHOLAHLDNG,A,660.0,669.0,649.6,666.15,666.75,566,2535,1672192.0
2021-09-13,2021-09-13,ZWELCAST,X,350.1,382.45,350.1,359.4,365.0,3,9,3225.0
2021-09-13,2021-09-13,AUTOAXLES,A,1240.5,1247.4,1229.6,1231.3,1230.15,196,453,559989.0
2021-09-13,2021-09-13,ACGL,X,622.3,645.0,605.1,618.05,643.45,193,5129,3213799.0
2021-09-13,2021-09-13,SETCO,B,23.6,24.25,21.75,23.5,22.65,1419,409015,9576582.0
2021-09-13,2021-09-13,SCOOTER,T,38.4,38.4,35.2,36.25,36.8,32,2558,91868.0
2021-09-13,2021-09-13,TALBROAUTO,B,300.0,300.0,275.7,280.15,278.9,359,6565,1846692.0
2021-09-13,2021-09-13,ZFSTEERING,X,451.0,470.0,445.05,461.7,457.0,130,5000,2310137.0
2021-09-13,2021-09-13,SMLMAH,A,564.8,568.2,559.5,560.2,564.95,118,435,244480.0
2021-09-13,2021-09-13,TIL,B,152.05,161.75,152.05,157.45,156.55,31,475,74010.0
2021-09-13,2021-09-13,EICHERMOT,A,2808.1,2812.0,2778.05,2804.75,2818.35,2604,18953,52924642.0
2021-09-13,2021-09-13,JAINEX,XT,62.1,66.45,62.1,63.35,63.35,9,60,3802.0
2021-09-13,2021-09-13,ALFREDHE,X,596.0,620.0,585.85,620.0,642.0,41,310,189761.0
2021-09-13,2021-09-13,VELJAN,X,1248.95,1275.0,1151.0,1190.7,1202.45,69,741,886132.0
2021-09-13,2021-09-13,DYNAMATECH,B,2844.0,3447.85,2822.45,3172.35,2873.8,6212,30547,96042912.0
2021-09-13,2021-09-13,GGDPROP,X,52.65,52.9,50.4,52.45,52.65,12,2108,108825.0
2021-09-13,2021-09-13,GMMPFAUDLR,A,4450.0,4477.95,4375.0,4417.4,4497.75,534,1795,7929739.0
2021-09-13,2021-09-13,KIRLPNU,B,392.85,404.0,385.2,389.95,397.15,270,22298,8822402.0
2021-09-13,2021-09-13,KPT,X,124.0,132.0,124.0,125.8,125.9,33,1105,139179.0
2021-09-13,2021-09-13,LAKSHMIEW,X,815.2,815.2,815.2,815.2,776.4,32,228,185865.0
2021-09-13,2021-09-13,MANUGRAPH,B,13.15,13.15,12.81,12.97,12.53,14,1529,19988.0
2021-09-13,2021-09-13,MONOT,Z,0.29,0.29,0.29,0.29,0.3,1,2000,580.0
2021-09-13,2021-09-13,NESCO,A,586.05,605.0,586.05,595.35,592.95,425,3015,1802600.0
2021-09-13,2021-09-13,INTEGRAEN,X,62.5,62.9,59.3,62.45,62.35,431,56907,3487976.0
2021-09-13,2021-09-13,SEMAC,B,549.65,564.9,549.65,564.9,558.0,38,1280,719286.0
2021-09-13,2021-09-13,TEXINFRA,B,58.5,60.4,58.5,59.65,59.9,72,4107,245772.0
2021-09-13,2021-09-13,WENDT,B,4300.0,5121.0,4300.0,4632.65,4267.5,626,1644,7710482.0
2021-09-13,2021-09-13,RESPONIND,A,129.9,130.15,127.85,129.2,129.25,205,12766,1650250.0
2021-09-13,2021-09-13,SHYMINV,XT,13.77,13.77,13.77,13.77,13.12,9,560,7711.0
2021-09-13,2021-09-13,MAHACORP,X,0.53,0.54,0.51,0.52,0.53,402,515057,267992.0
2021-09-13,2021-09-13,DOLATALGO,B,96.0,96.0,92.6,93.05,94.9,1207,74525,6955998.0
2021-09-13,2021-09-13,WESTLIFE,A,518.5,533.05,513.35,529.8,518.45,328,1657,861265.0
2021-09-13,2021-09-13,ZEEL,A,183.95,188.65,181.75,186.8,182.95,4403,432840,80442315.0
2021-09-13,2021-09-13,GOLDCORP,X,147.0,147.25,143.1,147.25,140.25,43,1112,163503.0
2021-09-13,2021-09-13,SVPGLOB,B,136.95,141.7,135.65,138.45,133.55,832,31898,4421683.0
2021-09-13,2021-09-13,SKYLMILAR,XT,10.65,10.89,9.95,10.67,10.47,67,14619,148791.0
2021-09-13,2021-09-13,BIMETAL,X,354.65,354.65,342.15,351.3,346.65,63,1358,471898.0
2021-09-13,2021-09-13,BHARATGEAR,B,153.0,153.15,148.75,150.1,152.8,359,6631,1003501.0
2021-09-13,2021-09-13,BRADYM,X,161.0,161.0,158.0,158.0,156.5,2,6,951.0
2021-09-13,2021-09-13,LATIMMETAL,X,88.05,91.0,85.05,88.55,88.9,146,11252,983867.0
2021-09-13,2021-09-13,ELECON,B,177.85,181.45,175.1,176.6,177.25,2623,219147,38992273.0
2021-09-13,2021-09-13,GRAUWEIL,B,59.0,63.6,58.05,61.45,59.35,1903,135548,8265576.0
2021-09-13,2021-09-13,GAJRABEVEL,XT,2.5,2.5,2.28,2.28,2.39,55,20034,47162.0
2021-09-13,2021-09-13,HIMTEK,X,108.1,110.0,107.5,109.05,111.0,40,2304,248992.0
2021-09-13,2021-09-13,GABRIEL,A,144.25,144.25,141.0,142.15,142.4,1826,98356,14011228.0
2021-09-13,2021-09-13,HERCULES,B,144.05,145.1,140.5,141.55,143.75,943,26864,3847116.0
2021-09-13,2021-09-13,ALGOQUANT,XT,808.0,878.0,808.0,850.85,848.05,47,1013,852656.0
2021-09-13,2021-09-13,IFBIND,A,1097.5,1097.5,1070.05,1077.45,1100.2,543,2571,2793357.0
2021-09-13,2021-09-13,SINGERIND,X,62.0,64.3,60.95,63.7,61.75,749,119178,7528915.0
2021-09-13,2021-09-13,INTLCOMBQ,X,198.4,204.55,191.5,203.75,195.0,36,2921,583005.0
2021-09-13,2021-09-13,FMGOETZE,A,290.0,292.0,285.5,287.55,290.25,248,3562,1027168.0
2021-09-13,2021-09-13,JOSTS,X,490.6,504.95,486.0,493.3,506.0,25,551,271590.0
2021-09-13,2021-09-13,SCHAEFFLER,A,7277.6,7421.0,7238.05,7308.2,7385.2,276,562,4131056.0
2021-09-13,2021-09-13,RANEHOLDIN,A,622.7,627.2,615.6,617.2,625.8,433,3582,2222687.0
2021-09-13,2021-09-13,SNL,X,241.0,241.0,230.4,234.8,237.4,38,1097,259073.0
2021-09-13,2021-09-13,JAIPAN,X,8.67,8.67,8.11,8.31,8.5,38,25540,211864.0
2021-09-13,2021-09-13,MANCREDIT,X,61.4,61.5,60.0,60.45,60.2,115,23669,1442580.0
2021-09-13,2021-09-13,TRF,B,119.0,120.45,114.65,115.3,119.45,209,3910,455687.0
2021-09-13,2021-09-13,WPIL,X,895.0,899.95,875.0,880.95,899.8,118,1082,959311.0
2021-09-13,2021-09-13,KENNAMET,A,1450.5,1450.55,1416.0,1430.25,1432.5,200,774,1107975.0
2021-09-13,2021-09-13,HINDHARD,X,299.95,299.95,279.05,286.15,286.9,46,974,280482.0
2021-09-13,2021-09-13,TRITONV,X,1349.0,1349.0,1216.0,1332.95,1348.95,93,509,670750.0
2021-09-13,2021-09-13,SUDAI,X,5.81,6.14,5.4,5.42,5.59,61,22824,129460.0
2021-09-13,2021-09-13,PRAKASH,A,69.05,69.6,68.3,68.95,67.25,1386,131469,9071534.0
2021-09-13,2021-09-13,BHORUKAALU,XT,0.54,0.56,0.52,0.56,0.54,57,81097,44340.0
2021-09-13,2021-09-13,ARSHIYA,B,29.15,29.6,28.75,29.1,29.6,75,2643,77397.0
2021-09-13,2021-09-13,GRINDWELL,A,1474.95,1509.05,1458.3,1487.15,1446.35,1292,9744,14497858.0
2021-09-13,2021-09-13,LAKPRE,Z,4.39,4.72,4.39,4.72,4.58,3,1001,4424.0
2021-09-13,2021-09-13,STANROS,X,86.35,89.45,85.3,86.4,89.9,9,49,4232.0
2021-09-13,2021-09-13,GENESYS,B,149.45,149.45,145.1,147.15,145.1,20,306,44845.0
2021-09-13,2021-09-13,VOLKAI,XT,61.55,61.55,58.45,58.45,61.5,7,99,5789.0
2021-09-13,2021-09-13,PARNAXLAB,X,24.0,26.6,24.0,25.8,25.0,23,6050,155492.0
2021-09-13,2021-09-13,VIVIDHA,B,0.77,0.78,0.75,0.76,0.77,334,886125,677442.0
2021-09-13,2021-09-13,EMERGENT,XT,146.6,146.6,146.6,146.6,139.65,1,1,146.0
2021-09-13,2021-09-13,KANANIIND,T,8.0,8.0,8.0,8.0,8.4,1,1,8.0
2021-09-13,2021-09-13,GSLTD,X,17.45,17.45,15.9,16.45,16.7,6,1004,17337.0
2021-09-13,2021-09-13,ARIHANTSUP,B,122.0,122.95,117.5,118.65,121.85,338,39664,4771607.0
2021-09-13,2021-09-13,BLISSGVS,A,111.4,112.4,110.15,110.5,111.6,603,21179,2350201.0
2021-09-13,2021-09-13,STYRENIX,B,1380.0,1438.2,1358.95,1408.9,1377.75,1015,3883,5434901.0
2021-09-13,2021-09-13,ALEMBICLTD,A,115.75,118.55,114.0,114.65,114.45,1651,82167,9531440.0
2021-09-13,2021-09-13,AMNPLST,X,123.85,126.9,120.0,121.6,123.55,465,24196,2953745.0
2021-09-13,2021-09-13,ANUHPHR,X,116.5,117.75,113.9,114.65,115.95,504,25879,2975668.0
2021-09-13,2021-09-13,MODISONLTD,B,74.05,75.3,72.4,74.45,75.55,332,8820,656845.0
2021-09-13,2021-09-13,BAYERCROP,A,5400.0,5486.1,5371.3,5475.25,5405.5,248,664,3612703.0
2021-09-13,2021-09-13,STARSOURCE,XT,26.3,26.3,24.25,24.5,25.5,20,2328,57562.0
2021-09-13,2021-09-13,SUDARCOLOR,A,566.05,591.0,566.05,579.75,566.9,1192,11832,6883662.0
2021-09-13,2021-09-13,COROMANDEL,A,816.0,838.0,807.1,834.5,814.85,3922,164999,136092590.0
2021-09-13,2021-09-13,DEEPAKNTR,A,2375.0,2440.9,2349.35,2427.5,2360.0,5617,98281,237255968.0
2021-09-13,2021-09-13,DMCC,X,337.0,339.45,330.6,334.5,332.7,283,15052,5030815.0
2021-09-13,2021-09-13,FERMENTA,X,280.6,280.6,275.0,275.9,276.5,303,7465,2063770.0
2021-09-13,2021-09-13,GOCLCORP,B,270.95,275.95,263.25,264.05,273.65,314,3891,1055793.0
2021-09-13,2021-09-13,JAYCH,XT,6.05,6.47,6.0,6.46,6.17,113,157112,980115.0
2021-09-13,2021-09-13,JLMORISON,X,1901.0,1995.0,1901.0,1988.35,1930.0,20,33,64951.0
2021-09-13,2021-09-13,KANORICHEM,B,176.7,181.85,174.9,181.85,173.2,66,4876,882615.0
2021-09-13,2021-09-13,KELENRG,X,762.5,777.6,746.7,769.95,762.85,28,286,218834.0
2021-09-13,2021-09-13,NITTAGELA,X,241.0,252.0,239.0,249.05,241.55,149,8983,2222423.0
2021-09-13,2021-09-13,MPAGI,XT,3.63,3.63,3.31,3.31,3.46,33,3301,11654.0
2021-09-13,2021-09-13,AGVENTURES,A,1079.9,1116.4,1047.05,1097.35,1056.6,579,2036,2221090.0
2021-09-13,2021-09-13,PCBL,A,247.9,253.4,244.9,248.9,246.05,3217,146836,36629057.0
2021-09-13,2021-09-13,AMAL,X,400.6,404.5,390.0,398.2,404.5,99,2768,1100061.0
2021-09-13,2021-09-13,POLYCHEM,X,540.7,540.7,465.65,502.85,516.0,43,365,180636.0
2021-09-13,2021-09-13,PUNJABCHEM,B,1750.0,1795.0,1713.6,1782.4,1791.95,561,3006,5303717.0
2021-09-13,2021-09-13,SADHNANIQ,X,35.65,36.2,35.05,35.8,35.45,487,42933,1531944.0
2021-09-13,2021-09-13,SUDARSCHEM,A,679.0,689.0,665.35,683.95,674.5,1537,33518,22725945.0
2021-09-13,2021-09-13,ULTRAMAR,X,462.0,466.0,443.0,449.0,460.05,4172,124545,56435137.0
2021-09-13,2021-09-13,TRANSPEK,X,2274.8,2344.15,2255.0,2316.9,2255.7,371,5608,12958050.0
2021-09-13,2021-09-13,UNICHEMLAB,A,280.0,287.0,273.0,275.5,273.75,2284,38125,10554297.0
2021-09-13,2021-09-13,MYSORPETRO,X,102.5,106.95,102.5,103.65,104.3,29,652,67487.0
2021-09-13,2021-09-13,ALKYLAMINE,A,4210.0,4210.0,4111.65,4124.85,4136.85,1262,5028,20767655.0
2021-09-13,2021-09-13,TUTIALKA,X,12.15,12.3,11.45,11.55,12.05,94,17106,198763.0
2021-09-13,2021-09-13,ASTRAZEN,A,3125.0,3150.0,3091.45,3098.8,3120.7,846,2451,7652702.0
2021-09-13,2021-09-13,PRIMO,X,117.25,119.0,115.1,116.2,117.05,73,3888,453500.0
2021-09-13,2021-09-13,TANFACIND,X,631.45,631.45,605.0,631.45,601.4,307,18090,11393249.0
2021-09-13,2021-09-13,GUJPETR,XT,47.8,47.8,45.5,45.55,47.8,8,395,18670.0
2021-09-13,2021-09-13,GUJTHEM,X,437.25,445.95,425.3,438.65,437.05,272,12988,5679238.0
2021-09-13,2021-09-13,JAYSYN,X,83.8,83.8,80.7,82.3,81.6,101,8095,664202.0
2021-09-13,2021-09-13,MAKERSL,X,201.0,227.0,191.2,219.8,204.95,263,18793,4104170.0
2021-09-13,2021-09-13,CONTCHM,XT,221.4,221.4,221.4,221.4,210.9,18,555,122877.0
2021-09-13,2021-09-13,JBCHEPHARM,A,1758.0,1775.0,1717.45,1765.8,1758.0,961,6058,10578519.0
2021-09-13,2021-09-13,RAJSPTR,P,2.55,2.55,2.55,2.55,2.67,2,200,510.0
2021-09-13,2021-09-13,BLUECHIPT,X,156.9,156.9,146.0,152.1,146.0,50,4394,664171.0
2021-09-13,2021-09-13,JAGAJITIND,XT,60.0,61.8,57.0,59.3,59.35,45,2116,126641.0
2021-09-13,2021-09-13,KESARENT,XT,89.85,89.85,86.15,88.65,87.25,37,1590,141938.0
2021-09-13,2021-09-13,TI,T,42.6,42.6,40.05,40.75,40.6,154,55269,2278659.0
2021-09-13,2021-09-13,SAKHTISUG,T,15.75,15.75,14.8,15.05,15.0,99,7955,119540.0
2021-09-13,2021-09-13,WALCHANNAG,B,64.9,65.15,60.95,61.25,64.9,1577,109282,6831380.0
2021-09-13,2021-09-13,KHODINDIA,XT,69.5,71.95,69.25,69.25,70.05,19,1272,89481.0
2021-09-13,2021-09-13,IFBAGRO,B,560.2,571.0,557.9,560.55,563.0,51,445,249717.0
2021-09-13,2021-09-13,DHARANISUG,T,17.9,18.45,17.9,17.9,18.8,104,17978,322947.0
2021-09-13,2021-09-13,KFBL,X,64.9,66.9,64.9,65.1,65.05,67,3089,201843.0
2021-09-13,2021-09-13,CAPRO,XT,61.0,66.3,61.0,62.8,63.15,27,2460,157111.0
2021-09-13,2021-09-13,GMBREW,B,571.0,591.05,571.0,577.15,573.1,375,2456,1425014.0
2021-09-13,2021-09-13,RANASUG,T,26.7,26.7,25.0,25.9,26.3,387,91174,2369593.0
2021-09-13,2021-09-13,PICCASUG,XT,13.1,13.47,13.0,13.46,12.83,140,24179,323143.0
2021-09-13,2021-09-13,SDBL,B,42.9,42.9,41.3,41.8,42.25,81,11389,474052.0
2021-09-13,2021-09-13,CJGEL,XT,18.65,18.65,18.65,18.65,17.8,4,112,2088.0
2021-09-13,2021-09-13,AMRITCORP,X,794.0,794.0,760.0,760.0,777.65,12,50,38506.0
2021-09-13,2021-09-13,ASALCBR,B,449.0,449.0,438.6,442.85,442.65,569,5732,2541791.0
2021-09-13,2021-09-13,FOODSIN,X,66.25,68.35,66.25,67.25,66.9,276,25130,1686582.0
2021-09-13,2021-09-13,IVP,B,113.95,118.1,113.95,115.65,117.5,33,728,83721.0
2021-09-13,2021-09-13,KLRFM,X,72.35,73.7,70.15,71.2,72.35,28,2411,172119.0
2021-09-13,2021-09-13,OLYOI,XT,47.0,47.0,46.45,47.0,48.45,5,95,4462.0
2021-09-13,2021-09-13,MLKFOOD,X,349.2,356.5,342.65,344.6,342.35,78,817,284921.0
2021-09-13,2021-09-13,POLSON,X,12891.0,12891.0,12300.05,12459.75,12389.3,39,42,527477.0
2021-09-13,2021-09-13,WIPRO,A,663.4,671.9,658.0,670.8,662.2,5247,328486,219208906.0
2021-09-13,2021-09-13,ORIBEVER,X,72.9,72.9,69.15,71.0,72.85,42,1324,93256.0
2021-09-13,2021-09-13,DHANUKA,A,823.0,837.9,808.0,812.55,821.55,661,5910,4828578.0
2021-09-13,2021-09-13,TTKHLTCARE,B,705.1,707.75,694.5,695.55,702.4,47,196,137726.0
2021-09-13,2021-09-13,TGVSL,X,38.2,42.0,37.65,41.7,38.05,1768,515707,20663795.0
2021-09-13,2021-09-13,LIMECHM,X,24.95,25.3,24.9,25.3,23.0,42,4686,118117.0
2021-09-13,2021-09-13,KANPRPLA,B,258.5,265.0,253.05,262.1,253.1,589,6482,1679305.0
2021-09-13,2021-09-13,TAINWALCHM,T,75.7,81.75,75.7,78.95,79.25,36,2387,187382.0
2021-09-13,2021-09-13,JAGSNPHARM,B,169.75,176.6,161.0,164.1,169.75,1686,67453,11470300.0
2021-09-13,2021-09-13,KHAICHEM,B,59.15,64.5,59.15,60.95,62.0,515,36932,2274109.0
2021-09-13,2021-09-13,NOL,XT,71.2,74.0,67.65,71.0,71.2,72,4433,310709.0
2021-09-13,2021-09-13,GILLETTE,A,6108.0,6240.0,6000.0,6142.05,6107.95,807,1709,10570745.0
2021-09-13,2021-09-13,WIREFABR,X,62.5,67.25,62.5,67.25,64.15,2,2,129.0
2021-09-13,2021-09-13,ANSALHSG,B,6.3,6.56,6.3,6.5,6.4,28,5999,38672.0
2021-09-13,2021-09-13,COMPUPN,XT,1.05,1.11,1.02,1.11,1.06,28,16204,17974.0
2021-09-13,2021-09-13,MCCHRLS-B,X,590.0,590.0,550.1,576.5,581.35,31,390,221100.0
2021-09-13,2021-09-13,ADDIND,XT,8.41,8.41,8.0,8.0,8.41,4,403,3224.0
2021-09-13,2021-09-13,PIONRINV,X,31.05,33.95,31.05,32.0,32.9,32,2276,73391.0
2021-09-13,2021-09-13,ASHNOOR,XT,38.3,39.1,35.4,37.1,37.25,40,978,36144.0
2021-09-13,2021-09-13,UNITECH,Z,1.76,1.8,1.75,1.79,1.78,670,1633448,2901564.0
2021-09-13,2021-09-13,VIPIND,A,481.5,489.25,479.25,482.6,488.8,1196,32110,15549389.0
2021-09-13,2021-09-13,SCHABLONAI,X,14.15,14.15,14.15,14.15,14.15,1,400,5660.0
2021-09-13,2021-09-13,FIBERWEB,X,45.95,45.95,43.7,44.1,44.8,225,14875,657542.0
2021-09-13,2021-09-13,GYFTR,X,124.95,125.6,118.55,121.8,123.15,74,2693,327501.0
2021-09-13,2021-09-13,EASTBUILD,XT,14.25,14.25,14.25,14.25,15.0,1,100,1425.0
2021-09-13,2021-09-13,BAJAJST,X,1005.0,1010.0,980.0,996.05,999.7,733,8698,8592974.0
2021-09-13,2021-09-13,KIDUJA,XT,42.3,42.3,42.3,42.3,40.3,3,168,7106.0
2021-09-13,2021-09-13,KEYCORP,XT,46.8,48.1,46.8,48.1,45.85,24,1273,60652.0
2021-09-13,2021-09-13,GUJHOTE,X,168.7,168.7,153.5,159.8,165.4,55,2947,468755.0
2021-09-13,2021-09-13,RASRESOR,X,26.5,27.85,26.5,27.3,27.85,7,375,10269.0
2021-09-13,2021-09-13,PARMCOS-B,XT,31.75,32.5,31.0,32.4,31.1,11,895,28194.0
2021-09-13,2021-09-13,JINDHOT,X,31.85,31.85,29.1,29.8,31.0,70,2288,68548.0
2021-09-13,2021-09-13,SIMMOND,X,40.05,41.0,38.55,39.05,41.4,94,20228,805697.0
2021-09-13,2021-09-13,BNALTD,X,208.8,209.0,205.0,208.0,207.25,25,667,138102.0
2021-09-13,2021-09-13,LEDOTEACO,X,27.45,27.65,26.85,27.65,26.85,10,3205,87263.0
2021-09-13,2021-09-13,HAWKINCOOK,A,6283.95,6283.95,6140.0,6224.3,6197.3,298,888,5550481.0
2021-09-13,2021-09-13,WARRENTEA,X,82.95,82.95,81.0,81.25,82.8,35,1954,159166.0
2021-09-13,2021-09-13,COCHMAL,X,43.5,43.5,43.5,43.5,45.0,2,2,87.0
2021-09-13,2021-09-13,BESTEAST,X,19.0,20.8,19.0,20.5,19.0,59,163885,3302523.0
2021-09-13,2021-09-13,NEAGI,X,3226.2,3445.8,3226.2,3263.15,3375.0,10,20,65259.0
2021-09-13,2021-09-13,ISTLTD,XT,480.0,503.45,460.55,474.6,480.0,76,819,390099.0
2021-09-13,2021-09-13,COSMOFIRST,A,1318.1,1368.0,1303.0,1355.6,1303.4,1135,7276,9750381.0
2021-09-13,2021-09-13,DIAMANT,XT,0.46,0.46,0.44,0.44,0.46,16,1167,534.0
2021-09-13,2021-09-13,APOLLOHOSP,A,4726.0,4796.55,4681.6,4748.05,4720.0,3847,27469,130640475.0
2021-09-13,2021-09-13,NITINCAST,X,98.0,99.0,96.05,96.1,95.3,12,640,62708.0
2021-09-13,2021-09-13,NEXOME,X,40.5,40.5,40.3,40.3,42.4,7,614,24799.0
2021-09-13,2021-09-13,EVERESTIND,B,440.55,449.95,438.0,442.35,440.25,375,3236,1444533.0
2021-09-13,2021-09-13,IRONWOOD,X,39.5,41.0,38.0,38.6,39.5,10,1060,40989.0
2021-09-13,2021-09-13,MSRINDIA,XT,13.79,14.19,12.87,13.67,13.52,34,1414,19610.0
2021-09-13,2021-09-13,AIRLTD,XT,9.41,9.41,9.41,9.41,9.41,1,5,47.0
2021-09-13,2021-09-13,AYMSYNTEX,B,103.0,103.0,97.05,99.25,101.0,340,10866,1076892.0
2021-09-13,2021-09-13,PANCARBON,X,559.0,560.0,543.35,548.1,561.15,132,1346,742792.0
2021-09-13,2021-09-13,FINKURVE,X,51.0,53.35,50.45,52.0,54.25,24,1928,98979.0
2021-09-13,2021-09-13,HBLEAS,XT,2.77,2.9,2.64,2.9,2.77,25,2220,6255.0
2021-09-13,2021-09-13,TRUSTWAVE,XT,3.26,3.26,3.26,3.26,3.26,1,200,652.0
2021-09-13,2021-09-13,SULABEN,X,2.3,2.31,2.09,2.22,2.2,50,23909,53438.0
2021-09-13,2021-09-13,NAVNETEDUL,A,102.9,102.9,100.35,100.7,101.95,595,28199,2846570.0
2021-09-13,2021-09-13,SATRAPROP,Z,1.23,1.23,1.17,1.17,1.23,28,29047,34036.0
2021-09-13,2021-09-13,AUSOMENT,T,71.4,71.4,71.4,71.4,72.2,1,1,71.0
2021-09-13,2021-09-13,THAKRAL,X,9.71,9.71,9.71,9.71,9.25,1,130,1262.0
2021-09-13,2021-09-13,RUCHINFRA,T,7.05,7.44,7.05,7.13,7.31,150,39604,283571.0
2021-09-13,2021-09-13,VJTFEDU,XT,61.75,61.75,61.75,61.75,63.0,1,1,61.0
2021-09-13,2021-09-13,VOLLF,X,21.8,21.8,21.8,21.8,21.8,4,103,2245.0
2021-09-13,2021-09-13,NETLINK,XT,15.2,15.2,15.0,15.2,15.2,13,2582,38820.0
2021-09-13,2021-09-13,LANCORHOL,XT,12.05,12.05,11.3,11.8,11.84,16,2845,33149.0
2021-09-13,2021-09-13,INDINFO,XT,1.45,1.51,1.38,1.39,1.44,3864,2336399,3338239.0
2021-09-13,2021-09-13,BANASFN,X,7.0,7.0,6.83,7.0,7.18,17,12100,84455.0
2021-09-13,2021-09-13,VISAKAIND,B,703.05,706.5,695.65,698.15,700.85,329,942,659655.0
2021-09-13,2021-09-13,HATHWAYB,XT,17.75,17.9,16.5,17.4,17.3,85,5712,98402.0
2021-09-13,2021-09-13,PRESSMN,B,29.0,29.6,28.25,28.6,29.05,138,4427,126844.0
2021-09-13,2021-09-13,GUFICBIO,B,201.2,201.5,196.0,197.8,199.4,738,21120,4182537.0
2021-09-13,2021-09-13,PHOTON,XT,21.9,21.9,20.9,20.9,20.9,2,2,42.0
2021-09-13,2021-09-13,GRPLTD,B,875.0,961.45,875.0,960.0,943.15,33,802,746403.0
2021-09-13,2021-09-13,INDAG,X,85.0,87.95,85.0,86.9,84.95,110,6230,542076.0
2021-09-13,2021-09-13,MMRUBBR-B,X,43.0,43.0,41.1,41.1,43.25,8,2198,90369.0
2021-09-13,2021-09-13,PTL,B,47.4,47.7,46.6,47.6,47.15,164,5782,273489.0
2021-09-13,2021-09-13,TVSSRICHAK,A,2087.7,2123.95,2087.7,2108.1,2085.4,206,461,972089.0
2021-09-13,2021-09-13,SEL,X,44.9,46.95,44.85,44.85,44.9,10,170,7923.0
2021-09-13,2021-09-13,BENARAS,X,1537.05,1576.8,1514.0,1563.85,1539.45,13,82,127705.0
2021-09-13,2021-09-13,BHAGWOX,XT,41.9,41.9,40.65,40.65,42.75,58,3088,126121.0
2021-09-13,2021-09-13,BOMOXY-B1,X,13000.0,13395.0,12510.2,12839.8,12695.05,20,22,285813.0
2021-09-13,2021-09-13,CRAVATEX,X,350.0,350.0,325.0,340.0,341.2,15,210,72628.0
2021-09-13,2021-09-13,BERGEPAINT,A,840.0,846.7,832.65,838.6,836.1,1614,25671,21575924.0
2021-09-13,2021-09-13,CAPRIHANS,X,145.05,148.8,145.05,147.3,147.85,54,3623,532128.0
2021-09-13,2021-09-13,GRAPHITE,A,630.0,644.95,626.45,636.3,630.65,2690,50968,32493743.0
2021-09-13,2021-09-13,CEMPRO,A,79.85,81.7,77.7,77.95,80.15,922,70876,5594319.0
2021-09-13,2021-09-13,EMPIND,X,801.0,840.0,801.0,807.85,795.35,138,2347,1915598.0
2021-09-13,2021-09-13,GRAVISSHO,X,16.69,16.69,15.11,15.18,15.9,20,5678,85942.0
2021-09-13,2021-09-13,GARFIBRES,A,3430.0,3470.85,3401.3,3462.6,3434.15,402,1198,4111244.0
2021-09-13,2021-09-13,GARWAMAR,XT,10.45,10.45,10.44,10.44,10.0,17,1617,16881.0
2021-09-13,2021-09-13,GOACARBON,B,384.4,390.5,378.05,380.6,387.6,555,6629,2540816.0
2021-09-13,2021-09-13,HEG,A,2234.65,2300.95,2234.65,2263.65,2243.1,641,3301,7499967.0
2021-09-13,2021-09-13,HINDCOMPOS,B,301.25,307.05,300.0,300.55,302.0,81,982,296115.0
2021-09-13,2021-09-13,BIRLANU,A,5323.0,5366.35,5200.0,5250.1,5311.15,670,1548,8188102.0
2021-09-13,2021-09-13,INDIANCARD,T,175.05,175.05,175.05,175.05,173.25,1,100,17505.0
2021-09-13,2021-09-13,INTLCONV,X,75.8,77.5,71.65,76.3,73.25,1634,444640,33285226.0
2021-09-13,2021-09-13,JAYSREETEA,B,109.75,110.8,108.45,108.75,109.0,382,12345,1345223.0
2021-09-13,2021-09-13,HUHTAMAKI,A,262.1,265.55,261.4,263.1,263.3,452,4469,1178155.0
2021-09-13,2021-09-13,PREMSYN,XT,24.25,25.45,24.25,25.45,24.25,20,971,24106.0
2021-09-13,2021-09-13,RJSHAH,P,364.8,364.8,364.8,364.8,383.95,3,200,72960.0
2021-09-13,2021-09-13,SHALPAINTS,B,98.0,98.05,96.0,96.6,97.55,240,7741,750210.0
2021-09-13,2021-09-13,HINDMILL,X,286.5,300.0,286.2,297.5,291.2,23,811,237367.0
2021-09-13,2021-09-13,SUPREMEIND,A,2175.0,2175.0,2109.0,2140.0,2141.9,939,7574,16132253.0
2021-09-13,2021-09-13,THACKER,XT,395.0,395.0,364.8,364.8,384.0,8,6911,2521611.0
2021-09-13,2021-09-13,VSTIND,A,3442.95,3442.95,3409.1,3424.75,3420.2,95,219,749700.0
2021-09-13,2021-09-13,SWASTIVI,X,6.94,7.19,6.62,6.75,6.85,413,116185,790605.0
2021-09-13,2021-09-13,YAMNINV,XT,0.59,0.59,0.55,0.55,0.57,2046,3103649,1721149.0
2021-09-13,2021-09-13,PREMCAP,XT,5.75,5.75,5.21,5.21,5.48,100,25374,135077.0
2021-09-13,2021-09-13,ZMILGFIN,P,19.15,19.15,19.15,19.15,18.25,6,1900,36385.0
2021-09-13,2021-09-13,JINDRILL,B,135.0,144.05,133.0,138.15,134.65,949,49432,6842813.0
2021-09-13,2021-09-13,APLAYA,Z,0.15,0.16,0.15,0.16,0.15,39,102666,15869.0
2021-09-13,2021-09-13,SAKTHIFIN,X,19.8,20.2,18.4,19.05,19.65,72,4812,91344.0
2021-09-13,2021-09-13,AEROENTER,X,30.4,30.5,29.75,29.85,30.0,43,12708,385328.0
2021-09-13,2021-09-13,JMDVL,XT,3.96,3.96,3.96,3.96,3.96,2,100,396.0
2021-09-13,2021-09-13,SHIVATEX,B,198.0,200.55,192.0,194.5,198.0,147,3874,756495.0
2021-09-13,2021-09-13,VBDESAI,XT,7.8,7.8,7.8,7.8,7.8,4,137,1068.0
2021-09-13,2021-09-13,QUADRANT,XT,0.38,0.38,0.38,0.38,0.37,75,312686,118820.0
2021-09-13,2021-09-13,1STCUS,XT,40.0,40.0,40.0,40.0,40.0,3,1386,55440.0
2021-09-13,2021-09-13,KAMANWALA,XT,10.31,10.31,9.33,9.33,9.82,17,3821,35761.0
2021-09-13,2021-09-13,AXISOL,X,6.42,6.42,6.1,6.3,6.42,58,5307,32699.0
2021-09-13,2021-09-13,WSFX,X,20.2,21.55,19.9,20.3,20.6,30,2378,48383.0
2021-09-13,2021-09-13,ANJANIFOODS,XT,218.95,219.95,204.25,210.75,209.5,84,1476,314652.0
2021-09-13,2021-09-13,MILLENNIUM,XT,1.8,1.8,1.8,1.8,1.8,5,238,428.0
2021-09-13,2021-09-13,ICDSLTD,T,137.05,137.05,137.05,137.05,130.55,16,515,70580.0
2021-09-13,2021-09-13,CANFINHOME,A,623.0,641.0,623.0,631.65,624.8,3059,107683,68148039.0
2021-09-13,2021-09-13,IVC,B,6.48,6.48,5.91,6.04,6.18,132,71158,437051.0
2021-09-13,2021-09-13,SHRIRAMFIN,A,1346.0,1346.1,1310.9,1342.0,1348.75,2071,33614,44909824.0
2021-09-13,2021-09-13,CHOLAFIN,A,565.15,588.0,560.85,584.25,568.05,2584,117773,67879344.0
2021-09-13,2021-09-13,VLSFINANCE,B,198.6,203.85,198.6,200.05,203.3,237,6623,1334000.0
2021-09-13,2021-09-13,INDCEMCAP,X,8.3,8.45,7.74,7.93,8.06,61,5639,45897.0
2021-09-13,2021-09-13,ADMANUM,X,26.15,26.15,25.0,25.0,25.6,6,29,740.0
2021-09-13,2021-09-13,INTRGLB,XT,12.54,13.0,12.54,13.0,12.54,3,207,2688.0
2021-09-13,2021-09-13,SHRISTI,X,54.1,54.1,48.05,49.0,51.25,11,753,37922.0
2021-09-13,2021-09-13,CREST,T,121.05,124.45,121.05,121.15,124.9,21,1206,146876.0
2021-09-13,2021-09-13,VAKRANGEE,A,43.85,44.45,43.0,43.25,43.4,1219,494412,21553119.0
2021-09-13,2021-09-13,GUJCRED,XT,8.6,8.78,8.4,8.78,8.78,8,118,1012.0
2021-09-13,2021-09-13,DHARFIN,X,4.22,4.22,4.22,4.22,4.22,1,100,422.0
2021-09-13,2021-09-13,ALEXANDER,XT,19.7,19.7,18.45,19.35,19.3,29,7029,133920.0
2021-09-13,2021-09-13,INDBANK,B,23.7,23.8,22.85,23.55,23.65,123,2019,47135.0
2021-09-13,2021-09-13,SHRYDUS,XT,2.17,2.17,2.17,2.17,2.17,3,462,1002.0
2021-09-13,2021-09-13,BHARAT,X,24.5,25.6,24.05,24.3,24.5,37,4366,109494.0
2021-09-13,2021-09-13,CAPTRUST,B,91.3,100.25,89.1,99.0,91.3,104,7328,722109.0
2021-09-13,2021-09-13,USHAKIRA,XT,9.4,9.48,9.0,9.0,9.03,18,651,5995.0
2021-09-13,2021-09-13,VIVOBIOT,X,91.6,93.8,87.1,89.2,89.8,414,15320,1377492.0
2021-09-13,2021-09-13,VEERHEALTH,X,10.0,10.01,9.65,9.65,10.13,11,21202,204984.0
2021-09-13,2021-09-13,PANINDIAC,XT,1.06,1.07,0.97,1.0,1.02,489,358750,356188.0
2021-09-13,2021-09-13,SAHARAHOUS,X,48.05,52.9,48.05,49.5,48.7,15,2335,116672.0
2021-09-13,2021-09-13,NDASEC,X,20.45,20.45,20.45,20.45,19.48,26,1601,32740.0
2021-09-13,2021-09-13,GSBFIN,X,8.15,8.15,8.15,8.15,8.15,3,301,2453.0
2021-09-13,2021-09-13,MORARKFI,X,56.6,63.0,56.6,62.65,58.55,55,2745,168983.0
2021-09-13,2021-09-13,MONARCH,XT,133.15,139.75,127.6,139.65,133.1,123,21530,2938785.0
2021-09-13,2021-09-13,PROFINC,X,35.3,36.5,34.15,34.5,35.1,12,834,28648.0
2021-09-13,2021-09-13,TEAMGTY,B,42.1,45.8,42.1,43.3,42.95,137,5666,244473.0
2021-09-13,2021-09-13,CRESCENTIS,XT,54.95,54.95,49.9,49.95,52.5,45,1808,91907.0
2021-09-13,2021-09-13,BEFOUNDMOL,X,1.45,1.45,1.45,1.45,1.47,3,351,508.0
2021-09-13,2021-09-13,AVONMORE,X,37.95,39.0,37.25,38.7,37.95,110,9060,343926.0
2021-09-13,2021-09-13,LIBORDFIN,X,6.21,6.21,6.21,6.21,6.21,2,500,3105.0
2021-09-13,2021-09-13,PALSOFTINFO,Z,3.75,3.75,3.75,3.75,3.75,7,272,1020.0
2021-09-13,2021-09-13,YASHMGM,X,9.5,9.5,9.05,9.15,8.91,39,4060,37080.0
2021-09-13,2021-09-13,ARIHANTCAP,B,138.5,152.75,136.25,140.0,138.7,1091,33765,4808775.0
2021-09-13,2021-09-13,ISLCONSUL,X,13.9,13.99,13.9,13.9,13.85,5,2053,28581.0
2021-09-13,2021-09-13,DCMFINSERV,T,2.43,2.43,2.43,2.43,2.35,3,3,7.0
2021-09-13,2021-09-13,JIKINDUS,T,0.69,0.69,0.69,0.69,0.69,1,1,0.0
2021-09-13,2021-09-13,FEDDERSHOL,X,50.5,53.5,45.45,49.55,50.5,29,775,38299.0
2021-09-13,2021-09-13,SAMBHAAV,T,2.9,2.95,2.77,2.77,2.91,34,9623,26932.0
2021-09-13,2021-09-13,NETTLINX,X,64.5,64.5,62.05,63.3,63.65,30,2749,173461.0
2021-09-13,2021-09-13,SCANSTL,XT,50.45,50.45,48.05,49.4,49.85,255,135943,6600354.0
2021-09-13,2021-09-13,GICHSGFIN,A,154.0,158.4,153.15,155.65,153.8,1204,38524,5989946.0
2021-09-13,2021-09-13,MATHEWE,X,8.35,8.35,8.35,8.35,8.36,1,35,292.0
2021-09-13,2021-09-13,AJCON,XT,33.0,34.4,33.0,34.25,34.4,6,332,11367.0
2021-09-13,2021-09-13,YOGI,X,7.4,7.4,7.4,7.4,7.4,1,40,296.0
2021-09-13,2021-09-13,CUBIFIN,X,1.1,1.1,1.05,1.05,1.05,49,48331,52781.0
2021-09-13,2021-09-13,RELICTEC,X,13.2,13.2,13.2,13.2,13.89,9,927,12236.0
2021-09-13,2021-09-13,NIMBSPROJ,X,27.0,27.0,27.0,27.0,28.0,2,101,2727.0
2021-09-13,2021-09-13,INVIGO,X,4.5,4.5,4.5,4.5,4.29,16,2296,10332.0
2021-09-13,2021-09-13,BAIDFIN,X,36.7,36.7,31.5,32.5,34.85,83,4940,163084.0
2021-09-13,2021-09-13,VIPULLTD,B,35.2,36.8,33.4,33.4,35.15,126,17127,590330.0
2021-09-13,2021-09-13,KZLFIN,X,15.0,15.0,15.0,15.0,14.56,1,5,75.0
2021-09-13,2021-09-13,USHDI,X,3.53,3.53,3.53,3.53,3.37,44,381876,1348022.0
2021-09-13,2021-09-13,MEHSECU,XT,27.55,27.55,24.95,27.55,26.25,11,652,17355.0
2021-09-13,2021-09-13,UGROCAP,B,118.35,120.0,117.65,117.95,119.25,152,10291,1224805.0
2021-09-13,2021-09-13,SAHLIBHFI,X,83.8,83.8,80.7,82.05,83.8,12,401,33031.0
2021-09-13,2021-09-13,ABIRAFN,Z,4.2,4.2,4.05,4.19,4.02,7,946,3949.0
2021-09-13,2021-09-13,MANSIFIN,XT,25.75,25.75,25.75,25.75,24.55,1,1,25.0
2021-09-13,2021-09-13,SEVENHILL,X,3.9,3.9,3.9,3.9,3.9,2,10,39.0
2021-09-13,2021-09-13,AASTAFIN,X,15.45,15.45,15.45,15.45,15.45,7,10160,156972.0
2021-09-13,2021-09-13,MUTHOOTCAP,B,399.75,402.4,395.0,397.45,399.7,97,1104,439379.0
2021-09-13,2021-09-13,MASTERTR,XT,99.4,102.0,94.6,96.95,99.0,35,2112,209711.0
2021-09-13,2021-09-13,TTGIL,X,1.85,1.85,1.7,1.75,1.8,56,55111,94788.0
2021-09-13,2021-09-13,ZSARACOM,X,1886.0,1898.95,1884.85,1884.95,1886.05,19,126,237847.0
2021-09-13,2021-09-13,ROYALIND,X,1.94,1.94,1.94,1.94,1.85,12,10180,19749.0
2021-09-13,2021-09-13,DHANSAFAL,XT,1.05,1.05,1.05,1.05,1.1,82,143646,150828.0
2021-09-13,2021-09-13,DECNGOLD,X,20.45,20.75,20.0,20.05,20.05,241,59375,1204882.0
2021-09-13,2021-09-13,UPL,A,756.0,767.25,752.3,755.75,757.6,2255,58563,44536646.0
2021-09-13,2021-09-13,CRANESSOFT,X,2.8,2.84,2.6,2.61,2.73,249,157265,410664.0
2021-09-13,2021-09-13,NIDHGRN,XT,53.75,53.75,53.75,53.75,51.2,1,1,53.0
2021-09-13,2021-09-13,SIGIND,B,48.85,49.75,47.7,49.75,48.8,132,7121,347016.0
2021-09-13,2021-09-13,SECURKLOUD,B,170.5,173.6,160.35,162.75,167.85,841,36952,6098061.0
2021-09-13,2021-09-13,ABANSENT,X,89.5,89.5,84.2,85.85,86.9,73,4165,358960.0
2021-09-13,2021-09-13,VAMA,X,9.43,9.79,9.05,9.45,9.46,71,13639,127234.0
2021-09-13,2021-09-13,SUNTECK,A,385.9,396.75,377.5,394.55,385.0,7891,113951,44243218.0
2021-09-13,2021-09-13,SILVERO,Z,4.1,4.1,4.1,4.1,4.1,2,100,410.0
2021-09-13,2021-09-13,PRISMMEDI,X,6.59,6.64,6.23,6.42,6.38,222,41199,268223.0
2021-09-13,2021-09-13,VERITAS,XT,149.4,149.45,149.4,149.45,146.55,24,2264,338349.0
2021-09-13,2021-09-13,JAICORPLTD,A,136.45,138.75,133.35,136.45,136.15,2662,224480,30499232.0
2021-09-13,2021-09-13,ASHCAP,X,4.64,4.74,4.5,4.58,4.62,223,57317,262125.0
2021-09-13,2021-09-13,SVARTCORP,X,4.39,4.39,4.24,4.36,4.27,86,42328,183564.0
2021-09-13,2021-09-13,MMWL,X,6.1,6.19,5.87,6.03,5.97,154,27233,162920.0
2021-09-13,2021-09-13,NNTL,Z,12.14,12.14,11.54,11.54,12.14,5,231,2714.0
2021-09-13,2021-09-13,BHAGYANGR,B,50.1,53.7,49.35,51.85,50.45,60,5960,307689.0
2021-09-13,2021-09-13,SGMART,XT,319.8,319.8,289.4,292.95,304.6,134,2005,606323.0
2021-09-13,2021-09-13,ARAVALIS,XT,2.53,2.53,2.53,2.53,2.41,18,5075,12839.0
2021-09-13,2021-09-13,SWORDEDGE,X,4.25,4.47,4.25,4.47,4.47,5,300,1315.0
2021-09-13,2021-09-13,CRSL,XT,2.05,2.05,2.05,2.05,2.15,262,77405,158680.0
2021-09-13,2021-09-13,STARTECK,X,135.0,137.25,132.0,132.8,137.3,145,10800,1451520.0
2021-09-13,2021-09-13,SHARDUL,X,65.6,70.95,65.6,70.0,65.6,14,635,44429.0
2021-09-13,2021-09-13,SERA,X,47.45,47.45,47.45,47.45,49.8,1,7,332.0
2021-09-13,2021-09-13,NIRAVCOM,X,578.0,607.2,550.4,606.75,579.25,13,263,155418.0
2021-09-13,2021-09-13,APOLLOFI,X,575.0,600.65,575.0,600.65,572.05,94,1536,920800.0
2021-09-13,2021-09-13,SHRJAGP,XT,1175.0,1199.85,1166.0,1192.7,1166.75,552,3088,3669414.0
2021-09-13,2021-09-13,LLOYDSME,XT,76.0,78.35,75.0,78.25,74.65,680,526796,41145474.0
2021-09-13,2021-09-13,LLOYDSENT,XT,6.46,6.46,6.46,6.46,6.8,144,44086,284795.0
2021-09-13,2021-09-13,BETXIND,X,97.0,98.75,94.05,98.75,94.05,28,1119,108850.0
2021-09-13,2021-09-13,POLYTEX,XT,4.27,4.29,3.91,3.93,4.09,43,18670,76405.0
2021-09-13,2021-09-13,OASISEC,X,50.0,50.25,50.0,50.25,47.9,28,2807,141030.0
2021-09-13,2021-09-13,GARNETINT,X,26.5,26.5,24.3,25.75,25.5,7,361,8877.0
2021-09-13,2021-09-13,SHALPRO,X,0.49,0.49,0.49,0.49,0.49,825,1484165,727240.0
2021-09-13,2021-09-13,DONEAR,B,59.0,60.9,58.5,60.25,59.05,495,20470,1228254.0
2021-09-13,2021-09-13,SUPER,X,650.7,650.8,630.05,637.0,638.05,16,238,153323.0
2021-09-13,2021-09-13,VIYASH,A,237.3,238.1,231.8,232.35,236.15,1970,67135,15721680.0
2021-09-13,2021-09-13,STCINDIA,B,103.75,105.9,103.35,104.05,103.75,269,4577,478506.0
2021-09-13,2021-09-13,ZENITHEXPO,B,85.05,86.2,81.45,82.25,85.6,7,106,9119.0
2021-09-13,2021-09-13,AVANTIFEED,A,560.45,567.0,557.4,564.05,558.0,990,11747,6599797.0
2021-09-13,2021-09-13,ZODJRDMKJ,B,31.75,33.15,31.0,31.9,32.4,143,4864,154538.0
2021-09-13,2021-09-13,SITAENT,X,11.0,11.0,10.6,10.6,10.0,2,60,640.0
2021-09-13,2021-09-13,KEYFINSERV,B,80.35,83.9,80.0,83.9,80.35,120,5263,426379.0
2021-09-13,2021-09-13,ADANIENT,A,1549.75,1557.75,1525.45,1532.3,1544.5,2542,68576,105395922.0
2021-09-13,2021-09-13,HARIAEXPO,X,4.8,4.8,4.8,4.8,4.58,19,6000,28800.0
2021-09-13,2021-09-13,BHANDARI,B,2.79,2.89,2.76,2.78,2.79,95,177917,495782.0
2021-09-13,2021-09-13,RLF,XT,4.25,4.25,3.99,3.99,4.2,20,3112,12453.0
2021-09-13,2021-09-13,REGENTRP,X,1.99,2.1,1.94,1.95,1.99,54,14335,29037.0
2021-09-13,2021-09-13,ORBTEXP,B,77.7,77.7,73.0,75.9,71.55,145,11724,885226.0
2021-09-13,2021-09-13,SAVERA,X,45.25,46.0,45.25,46.0,46.15,12,577,26391.0
2021-09-13,2021-09-13,CHROME,XT,21.4,21.5,19.5,21.5,20.5,13,3368,66380.0
2021-09-13,2021-09-13,TATASTLLP,A,913.0,913.0,883.2,894.5,906.3,2188,16203,14434990.0
2021-09-13,2021-09-13,NAVA,A,110.45,116.0,110.45,114.9,110.8,2142,160993,18419175.0
2021-09-13,2021-09-13,REMIEDEL,XT,27.25,27.25,24.9,25.35,26.15,13,745,19770.0
2021-09-13,2021-09-13,GSAUTO,XT,9.8,10.29,9.35,9.9,9.81,76,17818,171924.0
2021-09-13,2021-09-13,TRANSFRE,XT,12.77,12.77,11.57,12.75,12.17,26,3171,40178.0
2021-09-13,2021-09-13,SBCL,B,200.0,213.45,200.0,213.45,194.05,587,17471,3651862.0
2021-09-13,2021-09-13,GANDHITUBE,B,451.6,456.95,448.15,454.7,452.65,266,2327,1050545.0
2021-09-13,2021-09-13,AMFORG,X,3.37,3.5,3.22,3.49,3.37,53,6332,21352.0
2021-09-13,2021-09-13,ONIXSOLAR,XT,11.4,11.99,11.4,11.99,11.99,7,1285,15336.0
2021-09-13,2021-09-13,ORICONENT,B,32.35,32.35,31.0,31.45,31.2,86,7602,239503.0
2021-09-13,2021-09-13,BALASORE,Z,6.35,6.6,6.35,6.35,6.68,134,85182,540923.0
2021-09-13,2021-09-13,STLSTRINF,XT,30.45,30.45,30.45,30.45,32.05,92,6670,203101.0
2021-09-13,2021-09-13,NATSTLAGRO,B,3.95,3.95,3.85,3.95,3.85,25,21267,83714.0
2021-09-13,2021-09-13,UTTAMGALVA,T,4.2,4.42,4.2,4.28,4.35,151,48523,208604.0
2021-09-13,2021-09-13,PENIND,B,29.95,30.25,29.65,29.8,30.05,340,50681,1512401.0
2021-09-13,2021-09-13,JYOTISTRUC,Z,13.98,13.98,13.98,13.98,13.32,38,22066,308482.0
2021-09-13,2021-09-13,JAYUSH,X,470.0,488.0,470.0,472.7,470.8,15,357,170018.0
2021-09-13,2021-09-13,SSWL,T,1778.8,1778.8,1664.0,1718.0,1728.1,149,2139,3658949.0
2021-09-13,2021-09-13,MANINDS,B,115.5,116.4,112.6,113.05,115.45,844,25093,2862551.0
2021-09-13,2021-09-13,IMEC,X,2.12,2.12,1.93,2.12,2.02,23,13511,28625.0
2021-09-13,2021-09-13,MDRNSTL,X,3.8,4.1,3.8,3.8,3.99,7,2841,10797.0
2021-09-13,2021-09-13,TERRASCOPE,X,1.96,1.96,1.9,1.92,2.0,54,80325,153560.0
2021-09-13,2021-09-13,BELDING,XT,36.85,37.0,34.3,34.3,36.1,22,10768,375295.0
2021-09-13,2021-09-13,GOLKONDA,Z,16.9,17.5,16.1,17.5,16.9,57,2835,47637.0
2021-09-13,2021-09-13,METALFORGE,Z,5.45,5.45,5.06,5.35,5.32,51,17784,91796.0
2021-09-13,2021-09-13,GFSTEELS,T,1.99,1.99,1.99,1.99,1.9,4,1078,2145.0
2021-09-13,2021-09-13,AJMERA,T,414.0,414.0,391.85,401.4,412.45,255,6878,2732661.0
2021-09-13,2021-09-13,COCHINM,X,134.0,136.35,131.5,131.95,134.9,98,3523,469798.0
2021-09-13,2021-09-13,INDIAHOMES,XT,1.28,1.33,1.28,1.33,1.33,197,124334,163176.0
2021-09-13,2021-09-13,KVFORGE,X,54.5,55.0,53.8,53.8,54.9,34,3234,175766.0
2021-09-13,2021-09-13,CARBORUNIV,A,912.5,948.0,903.55,918.05,914.95,3462,52142,48146735.0
2021-09-13,2021-09-13,MMTC,A,45.7,46.8,45.2,45.95,45.8,1471,263552,12171417.0
2021-09-13,2021-09-13,VALLABHSQ,X,9.24,9.24,9.24,9.24,9.24,2,201,1857.0
2021-09-13,2021-09-13,ASHIS,X,13.95,13.95,13.95,13.95,13.93,1,55,767.0
2021-09-13,2021-09-13,PMTELELIN,XT,5.7,5.7,5.7,5.7,6.0,1,50,285.0
2021-09-13,2021-09-13,SMFIL,X,3.38,3.38,3.38,3.38,3.55,57,37024,125141.0
2021-09-13,2021-09-13,BLOIN,P,11.2,11.6,11.0,11.6,11.1,5,3000,33725.0
2021-09-13,2021-09-13,MAITRI,XT,6.2,6.2,6.18,6.18,6.5,8,44,272.0
2021-09-13,2021-09-13,TATAMETALI,A,1035.0,1063.0,1035.0,1053.4,1030.9,2337,26730,28143773.0
2021-09-13,2021-09-13,SHAHALLOYS,T,14.2,14.21,13.92,14.21,14.65,12,24656,349036.0
2021-09-13,2021-09-13,JSWISPL,B,38.0,38.0,35.4,35.45,37.25,2165,679199,24358499.0
2021-09-13,2021-09-13,ELANGO,XT,9.75,9.75,9.27,9.27,9.75,6,460,4480.0
2021-09-13,2021-09-13,KANSHST,XT,20.2,20.2,18.3,19.4,19.25,25,901,17149.0
2021-09-13,2021-09-13,MAHALXSE,Z,7.35,7.51,7.35,7.35,7.16,18,3373,24976.0
2021-09-13,2021-09-13,SIMPLEXCAS,XT,44.9,44.9,42.5,42.6,43.85,78,8926,386221.0
2021-09-13,2021-09-13,SSWRL,X,25.6,26.45,24.25,25.3,25.6,41,6832,173006.0
2021-09-13,2021-09-13,SOUTHMG,XT,18.05,18.05,18.05,18.05,18.05,1,1,18.0
2021-09-13,2021-09-13,BAROEXT,XT,1.93,1.98,1.84,1.9,1.93,158,83022,157181.0
2021-09-13,2021-09-13,GUJCONT,P,48.9,48.9,48.9,48.9,48.9,3,300,14670.0
2021-09-13,2021-09-13,KALYANIFRG,T,197.75,203.0,195.1,195.55,197.75,13,806,157465.0
2021-09-13,2021-09-13,PANCHMAHQ,X,94.85,94.85,90.1,93.1,92.8,25,1724,159548.0
2021-09-13,2021-09-13,ADITYA,X,9.19,9.19,8.66,9.14,8.5,19,5916,52963.0
2021-09-13,2021-09-13,SRIND,X,1.94,2.05,1.94,2.05,1.94,10,1925,3872.0
2021-09-13,2021-09-13,STEELCAS,X,219.8,224.75,214.0,216.95,219.9,76,3272,705116.0
2021-09-13,2021-09-13,PITTIENG,B,167.0,169.3,163.0,165.3,167.35,1391,92008,15214195.0
2021-09-13,2021-09-13,GLITTEKG,X,2.6,2.6,2.6,2.6,2.6,6,371,964.0
2021-09-13,2021-09-13,PRADPME,X,81.95,83.5,80.5,82.5,80.65,146,14937,1218437.0
2021-09-13,2021-09-13,GNRL,X,11.2,11.25,10.7,11.0,10.96,84,12045,132156.0
2021-09-13,2021-09-13,SHRDAIS,XT,78.4,78.4,76.0,78.4,80.0,13,205,16024.0
2021-09-13,2021-09-13,MAHASTEEL,B,93.2,93.6,90.55,92.65,93.8,186,5448,505089.0
2021-09-13,2021-09-13,REALSTRIPS,X,6.55,7.0,6.55,7.0,6.55,4,2031,14203.0
2021-09-13,2021-09-13,NOVIS,XT,14.0,14.02,13.99,14.0,13.36,25,3057,42799.0
2021-09-13,2021-09-13,FFPL,Z,2.39,2.39,2.39,2.39,2.51,4,1014,2423.0
2021-09-13,2021-09-13,HINDCOPPER,A,118.05,125.8,118.05,124.6,115.95,10130,1191461,146203423.0
2021-09-13,2021-09-13,SRIPIPES,A,226.5,237.95,224.2,232.0,226.2,2141,55914,13078325.0
2021-09-13,2021-09-13,AXELPOLY,XT,22.0,23.1,22.0,23.1,22.0,5,2527,55704.0
2021-09-13,2021-09-13,NLCINDIA,A,52.65,53.95,51.55,53.4,52.95,2009,316400,16789968.0
2021-09-13,2021-09-13,SPECTRA,X,4.41,4.42,4.41,4.42,4.31,2,600,2647.0
2021-09-13,2021-09-13,JMTAUTOLTD,B,2.7,2.7,2.64,2.68,2.66,61,19868,53201.0
2021-09-13,2021-09-13,KAJARIR,XT,59.95,59.95,57.2,58.9,58.1,142,18076,1059360.0
2021-09-13,2021-09-13,SOLIDSTON,XT,27.9,27.9,25.3,25.3,26.6,10,203,5153.0
2021-09-13,2021-09-13,SHILGRAVQ,X,121.0,121.0,117.25,119.0,120.05,93,3007,357344.0
2021-09-13,2021-09-13,WHITEORG,X,7.19,7.35,7.03,7.16,7.18,139,32582,231234.0
2021-09-13,2021-09-13,HGIND,XT,51.45,51.45,51.45,51.45,49.0,3,1748,89934.0
2021-09-13,2021-09-13,AROGRANITE,B,70.4,71.9,66.55,69.65,69.1,258,13631,944353.0
2021-09-13,2021-09-13,RUDRAECO,X,4.25,4.34,4.15,4.34,4.14,64,11956,51847.0
2021-09-13,2021-09-13,RAJKSYN,XT,5.05,5.05,5.05,5.05,4.81,12,3850,19442.0
2021-09-13,2021-09-13,DEEPAKSP,X,321.8,321.8,291.2,291.4,306.5,1446,51291,15377728.0
2021-09-13,2021-09-13,JBFINDLTD,T,26.6,27.0,25.6,27.0,25.75,199,97881,2626851.0
2021-09-13,2021-09-13,LOYALTEX,X,709.0,709.0,680.0,698.95,692.75,77,2008,1382147.0
2021-09-13,2021-09-13,HIMATSEIDE,T,247.65,254.65,239.95,253.8,242.55,110,5818,1440681.0
2021-09-13,2021-09-13,BSL,B,66.25,67.6,65.05,65.45,66.7,67,2128,141132.0
2021-09-13,2021-09-13,PBMPOLY,XT,135.0,140.0,132.3,137.0,134.65,41,3299,453716.0
2021-09-13,2021-09-13,ADINATH,XT,56.9,56.9,56.9,56.9,54.2,26,3472,197556.0
2021-09-13,2021-09-13,SURYALA,XT,272.0,272.0,258.0,267.1,260.7,44,1650,438909.0
2021-09-13,2021-09-13,SURYVANSP,X,14.98,14.98,14.5,14.9,13.8,12,2818,41944.0
2021-09-13,2021-09-13,TTL,B,65.7,68.0,65.7,66.95,66.4,22,1494,98635.0
2021-09-13,2021-09-13,UNIWORTH,XT,0.72,0.78,0.72,0.78,0.75,5,1110,859.0
2021-09-13,2021-09-13,WELSPUNLIV,A,134.7,135.2,131.95,133.45,133.15,3428,231444,30847239.0
2021-09-13,2021-09-13,INDIANACRY,X,16.75,17.1,16.15,16.3,16.7,682,215707,3563402.0
2021-09-13,2021-09-13,GANECOS,B,514.35,514.5,502.9,504.15,511.0,223,2916,1482173.0
2021-09-13,2021-09-13,CEETAIN,XT,8.65,8.65,8.65,8.65,8.24,13,3430,29669.0
2021-09-13,2021-09-13,VARDMNPOLY,T,24.95,25.1,24.05,24.15,24.0,36,13331,329359.0
2021-09-13,2021-09-13,BLACKROSE,X,184.7,198.95,183.35,195.95,183.3,4404,176453,34190825.0
2021-09-13,2021-09-13,STCORP,XT,29.5,30.05,27.25,29.3,28.65,41,2374,70343.0
2021-09-13,2021-09-13,SUMEETINDS,T,7.1,7.59,7.1,7.31,7.47,78,52535,387320.0
2021-09-13,2021-09-13,BINNY,XT,262.0,273.0,262.0,268.7,263.25,92,7807,2101766.0
2021-09-13,2021-09-13,KLIFESTYL,Z,0.19,0.19,0.19,0.19,0.19,21,35052,6659.0
2021-09-13,2021-09-13,RAMGOPOLY,XT,7.75,7.75,7.75,7.75,7.39,18,2814,21808.0
2021-09-13,2021-09-13,SANGAMIND,B,140.65,142.0,138.15,138.6,142.0,9,158,21985.0
2021-09-13,2021-09-13,MKVENTURES,X,42.0,42.0,42.0,42.0,40.0,1,200,8400.0
2021-09-13,2021-09-13,KUSHIND,XT,2.57,2.57,2.45,2.45,2.57,13,636,1573.0
2021-09-13,2021-09-13,SRECR,P,33.8,33.8,33.8,33.8,32.2,6,1500,50700.0
2021-09-13,2021-09-13,SEASONST,X,8.08,8.08,8.08,8.08,8.5,1,58,468.0
2021-09-13,2021-09-13,ZENIFIB,XT,62.5,62.5,58.4,59.75,61.45,56,3773,223793.0
2021-09-13,2021-09-13,BHILSPIN,X,17.7,18.5,17.7,18.45,17.7,23,2277,40732.0
2021-09-13,2021-09-13,VGL,B,18.65,18.85,17.85,18.2,18.6,33,3324,60113.0
2021-09-13,2021-09-13,SANTETX,XT,50.15,50.15,50.15,50.15,47.8,2,600,30090.0
2021-09-13,2021-09-13,ASHIMASYN,B,18.75,18.75,18.2,18.5,18.65,77,22399,416365.0
2021-09-13,2021-09-13,PIONEEREMB,B,67.25,68.75,66.15,67.6,66.95,593,26873,1800523.0
2021-09-13,2021-09-13,VIPPYSP,X,91.0,91.0,84.0,84.4,88.8,53,3151,268445.0
2021-09-13,2021-09-13,JAIHIND,XT,7.55,7.55,7.03,7.03,7.39,11,1844,13033.0
2021-09-13,2021-09-13,RAGHUSYN,X,705.0,731.0,671.0,695.45,697.0,72,2311,1639471.0
2021-09-13,2021-09-13,KAMADGIRI,XT,41.2,42.0,38.0,40.8,40.0,29,3711,149613.0
2021-09-13,2021-09-13,PATSPINLTD,B,8.25,8.66,8.25,8.66,8.25,20,3977,34267.0
2021-09-13,2021-09-13,ONEGLOBAL,X,17.7,17.7,16.35,16.35,16.95,4,350,5790.0
2021-09-13,2021-09-13,NEOINFRA,X,21.0,21.0,19.15,19.15,20.0,6,4664,89982.0
2021-09-13,2021-09-13,PREMIERPOL,B,72.3,76.4,72.3,74.5,75.9,90,2089,155673.0
2021-09-13,2021-09-13,EVERFIN,XT,12.6,12.6,11.65,11.65,12.0,6,1079,13521.0
2021-09-13,2021-09-13,KRRAIL,X,21.5,21.5,20.5,21.0,21.0,14,266,5631.0
2021-09-13,2021-09-13,YARNSYN,XT,3.5,3.5,3.5,3.5,3.5,3,40,140.0
2021-09-13,2021-09-13,AJIL,Z,30.0,30.7,30.0,30.7,29.25,78,15462,474171.0
2021-09-13,2021-09-13,GARWSYN,X,11.9,12.06,11.89,12.06,11.49,9,535,6384.0
2021-09-13,2021-09-13,ECOHOTELS,P,14.48,14.48,14.48,14.48,15.24,1,100,1448.0
2021-09-13,2021-09-13,SARUPINDUS,XT,19.0,19.0,18.55,18.55,19.35,2,92,1707.0
2021-09-13,2021-09-13,MANORG,X,680.0,680.0,649.0,655.05,673.7,1058,16933,11165525.0
2021-09-13,2021-09-13,HINDADH,X,265.0,273.0,265.0,266.8,266.65,42,1119,299297.0
2021-09-13,2021-09-13,SRIKPRIND,X,21.65,22.25,21.05,22.05,21.2,229,17463,382707.0
2021-09-13,2021-09-13,JYOTIRES,X,860.0,860.0,834.0,852.55,841.05,225,2865,2439745.0
2021-09-13,2021-09-13,MHLXMIRU,X,63.0,63.7,62.6,62.9,63.05,69,8637,545809.0
2021-09-13,2021-09-13,SOUTLAT,XT,10.0,10.45,10.0,10.0,10.0,8,22,220.0
2021-09-13,2021-09-13,OSWAYRN,XT,5.95,5.95,5.55,5.55,5.8,26,2326,13558.0
2021-09-13,2021-09-13,WINSOMTX,T,50.95,50.95,49.6,50.8,51.95,17,1196,60240.0
2021-09-13,2021-09-13,MODINSU,XT,63.5,65.95,63.0,65.95,62.85,188,120930,7970166.0
2021-09-13,2021-09-13,REGENCERAM,T,1.93,1.93,1.93,1.93,1.84,3,310,598.0
2021-09-13,2021-09-13,ASAHIINDIA,A,385.0,385.0,372.7,378.2,379.3,576,12190,4583833.0
2021-09-13,2021-09-13,MURUDCERA,B,25.25,25.65,25.2,25.4,25.55,100,3313,83902.0
2021-09-13,2021-09-13,SEKURITIND,X,63.8,64.5,62.4,62.65,63.35,657,83774,5306538.0
2021-09-13,2021-09-13,ANANTRAJ,B,71.9,71.9,67.6,67.85,70.85,766,79050,5444326.0
2021-09-13,2021-09-13,MADHUDIN,X,27.1,27.35,25.25,27.35,26.05,73,32487,882765.0
2021-09-13,2021-09-13,RESTILE,X,3.15,3.25,3.0,3.0,3.15,77,62893,190169.0
2021-09-13,2021-09-13,MADHAV,B,57.2,57.45,55.75,56.55,56.9,115,2936,167018.0
2021-09-13,2021-09-13,RAMASIGNS,X,3.74,3.74,3.48,3.5,3.64,12,2143,7643.0
2021-09-13,2021-09-13,HINDNATGLS,T,35.0,35.75,34.05,35.75,34.5,11,1843,63065.0
2021-09-13,2021-09-13,HALDYNGL,X,37.0,39.5,37.0,39.05,38.75,279,47149,1812060.0
2021-09-13,2021-09-13,DUROPLY,XT,84.05,87.9,84.0,87.0,87.8,41,5174,442143.0
2021-09-13,2021-09-13,MANGALAMTIM,T,16.3,16.3,16.3,16.3,16.3,8,5916,96430.0
2021-09-13,2021-09-13,SHREYANIND,B,119.0,125.45,119.0,123.05,122.0,99,3739,455528.0
2021-09-13,2021-09-13,STARPAPER,B,150.9,151.65,148.6,148.8,150.6,210,3965,594318.0
2021-09-13,2021-09-13,PAKKA,X,87.5,88.45,86.0,86.5,86.7,361,41694,3634931.0
2021-09-13,2021-09-13,TAHMARENT,XT,3.95,3.95,3.85,3.85,3.85,5,201,779.0
2021-09-13,2021-09-13,NATPLY,Z,5.31,5.57,5.05,5.57,5.31,6,1400,7620.0
2021-09-13,2021-09-13,ARROWGREEN,B,123.5,136.4,123.5,130.9,129.95,146,5433,714929.0
2021-09-13,2021-09-13,VISHNU,B,693.0,693.45,680.35,693.45,660.45,287,7477,5180842.0
2021-09-13,2021-09-13,JUMBO,Z,14.51,15.22,14.05,15.01,14.51,40,12766,191350.0
2021-09-13,2021-09-13,NRAIL,B,323.35,326.05,304.25,312.5,325.1,463,8922,2808283.0
2021-09-13,2021-09-13,SHRAJESPAP,XT,2.86,2.86,2.86,2.86,2.86,1,10,28.0
2021-09-13,2021-09-13,3PLAND,T,13.23,14.0,13.21,13.59,13.9,19,4035,54602.0
2021-09-13,2021-09-13,SANPA,XT,114.0,114.0,108.3,108.35,114.0,19,456,50165.0
2021-09-13,2021-09-13,VENTURA,X,5.44,5.44,5.44,5.44,5.19,7,792,4308.0
2021-09-13,2021-09-13,SHKARTP,XT,4.0,4.0,4.0,4.0,3.93,4,1100,4400.0
2021-09-13,2021-09-13,STHINPA,X,138.0,140.9,135.0,136.9,141.05,76,7795,1069781.0
2021-09-13,2021-09-13,FAMILYCARE,XT,22.9,22.9,21.0,22.8,21.85,66,10579,232448.0
2021-09-13,2021-09-13,VINDHYATEL,A,1210.0,1210.0,1174.05,1179.55,1206.25,333,1386,1641863.0
2021-09-13,2021-09-13,RIR,X,64.05,65.65,64.05,65.65,62.55,37,3162,207226.0
2021-09-13,2021-09-13,ADOR,B,689.15,705.9,685.45,689.25,690.5,60,424,293809.0
2021-09-13,2021-09-13,IDM,XT,5.0,5.05,5.0,5.05,4.9,6,150,756.0
2021-09-13,2021-09-13,SALZERELEC,B,167.15,167.3,159.05,160.35,166.2,751,9540,1545890.0
2021-09-13,2021-09-13,JETKINGQ,X,35.55,38.9,33.05,37.55,36.5,42,1960,71436.0
2021-09-13,2021-09-13,APLAB,X,18.6,19.45,18.5,19.45,19.0,23,638,12126.0
2021-09-13,2021-09-13,PCS,XT,12.72,12.72,12.72,12.72,13.38,83,8224,104609.0
2021-09-13,2021-09-13,USHAMART,A,66.7,71.35,66.0,70.7,65.45,2827,449463,31116472.0
2021-09-13,2021-09-13,SPELS,X,16.95,17.25,16.35,16.55,16.7,218,32019,538781.0
2021-09-13,2021-09-13,SUBROS,A,305.05,329.9,305.05,306.05,308.5,69,549,169451.0
2021-09-13,2021-09-13,HONAUT,A,42323.35,42800.0,42125.0,42449.5,42305.15,158,258,10937680.0
2021-09-13,2021-09-13,SWITCHTE,X,48.25,49.65,44.95,49.55,47.3,41,634,30134.0
2021-09-13,2021-09-13,LUMAXIND,B,1474.15,1491.0,1450.0,1480.95,1491.5,224,880,1289738.0
2021-09-13,2021-09-13,DIGISPICE,B,57.35,57.35,57.35,57.35,54.65,23,9727,557843.0
2021-09-13,2021-09-13,AURIQUE,Z,6.34,6.34,6.34,6.34,6.13,2,101,640.0
2021-09-13,2021-09-13,CALCOM,XT,37.85,37.85,37.85,37.85,36.05,26,7821,296024.0
2021-09-13,2021-09-13,DYNAVSN,XT,123.5,123.5,123.5,123.5,117.65,15,705,87067.0
2021-09-13,2021-09-13,BCCFUBA,XT,16.75,16.75,15.6,15.65,16.4,20,2041,32384.0
2021-09-13,2021-09-13,PRECISIO,XT,25.15,25.3,24.2,24.2,25.45,9,331,8074.0
2021-09-13,2021-09-13,FINELINE,X,24.0,24.0,22.0,22.95,24.25,26,1479,33567.0
2021-09-13,2021-09-13,HBLENGINE,B,49.65,49.8,48.4,48.75,48.9,1018,81428,3983874.0
2021-09-13,2021-09-13,GUJARATPOLY,X,9.8,9.8,9.35,9.8,9.8,14,823,8015.0
2021-09-13,2021-09-13,GIPCL,A,82.15,83.6,82.15,83.35,82.15,920,73377,6092202.0
2021-09-13,2021-09-13,CMICABLES,B,48.8,51.5,47.95,48.6,47.15,990,68481,3417688.0
2021-09-13,2021-09-13,MOTHERSON,A,213.0,214.0,210.3,213.05,212.7,5970,276928,58648596.0
2021-09-13,2021-09-13,MINDTECK,B,92.6,92.9,87.95,90.4,90.75,318,7456,670941.0
2021-09-13,2021-09-13,HAVELLS,A,1462.9,1462.9,1435.2,1448.1,1453.6,5223,357283,516239302.0
2021-09-13,2021-09-13,ACIIN,XT,1.29,1.3,1.22,1.27,1.27,1336,364331,462325.0
2021-09-13,2021-09-13,INCAP,XT,26.0,26.0,24.7,24.95,25.95,30,3045,75915.0
2021-09-13,2021-09-13,GUJINTRX,X,117.15,120.0,113.0,115.25,117.15,18,497,57049.0
2021-09-13,2021-09-13,IGARASHI,A,508.25,515.85,508.0,511.0,506.45,268,2018,1031658.0
2021-09-13,2021-09-13,SYMPHONY,A,1000.0,1011.5,993.05,997.55,1004.25,1151,8145,8145929.0
2021-09-13,2021-09-13,REGANTO,XT,0.89,0.93,0.86,0.89,0.89,29,53214,47613.0
2021-09-13,2021-09-13,PANELEC,XT,29.45,29.45,29.45,29.45,31.0,13,193,5683.0
2021-09-13,2021-09-13,VXLINSTR,XT,6.14,6.14,5.85,5.85,5.85,4,403,2445.0
2021-09-13,2021-09-13,LEENEE,X,4.15,4.15,3.62,3.94,4.02,125,48342,188257.0
2021-09-13,2021-09-13,PATELSAI,X,197.5,197.5,190.0,192.35,194.45,123,2919,561969.0
2021-09-13,2021-09-13,BUTTERFLY,B,832.45,854.75,830.0,836.7,828.05,224,5079,4297238.0
2021-09-13,2021-09-13,ATHENAGLO,X,58.6,58.65,56.5,56.5,58.5,5,651,38142.0
2021-09-13,2021-09-13,NARMP,XT,5.7,5.8,5.42,5.8,5.7,8,2314,12582.0
2021-09-13,2021-09-13,DUTRON,XT,219.3,225.75,205.15,221.0,215.0,8,5521,1212309.0
2021-09-13,2021-09-13,RSSOFTWARE,B,33.15,34.95,33.0,33.35,33.6,320,17680,595019.0
2021-09-13,2021-09-13,MAGNAELQ,X,175.0,175.0,170.0,170.7,174.2,69,3827,652998.0
2021-09-13,2021-09-13,MARSONS,Z,10.0,10.0,9.1,9.43,9.57,32,4568,43137.0
2021-09-13,2021-09-13,ELNET,X,179.9,179.95,172.5,173.95,178.75,61,2849,494706.0
2021-09-13,2021-09-13,ACCEL,X,12.39,12.4,11.71,12.0,12.33,73,21399,257636.0
2021-09-13,2021-09-13,WEBELSOLAR,B,68.35,72.4,65.6,68.4,66.05,885,52958,3685985.0
2021-09-13,2021-09-13,ROTO,X,252.0,256.9,250.0,254.6,253.05,184,8786,2226571.0
2021-09-13,2021-09-13,TTKPRESTIG,A,9336.85,9413.35,9177.55,9232.35,9336.85,431,1232,11407306.0
2021-09-13,2021-09-13,DHINDIA,XT,21.0,21.0,20.0,20.0,20.9,6,215,4313.0
2021-09-13,2021-09-13,RAJRATAN,T,2028.0,2074.0,1956.6,2033.0,2028.25,62,374,761254.0
2021-09-13,2021-09-13,SURANAT&P,B,6.25,6.35,6.05,6.33,6.31,56,12057,74847.0
2021-09-13,2021-09-13,ONWARDTEC,B,233.7,239.45,227.1,228.9,233.7,228,7131,1648625.0
2021-09-13,2021-09-13,CENTUM,B,467.95,467.95,445.15,457.7,467.55,117,1073,487641.0
2021-09-13,2021-09-13,ALFATRAN,X,9.4,9.5,9.3,9.3,9.09,29,4008,37692.0
2021-09-13,2021-09-13,STARLITE,Z,2.2,2.2,2.18,2.18,2.1,31,5284,11577.0
2021-09-13,2021-09-13,NHCFOODS,X,13.0,13.5,13.0,13.0,13.0,47,15320,202249.0
2021-09-13,2021-09-13,PVP,T,4.85,4.85,4.65,4.73,4.76,85,34972,165414.0
2021-09-13,2021-09-13,TRIGYN,B,114.0,117.75,113.6,114.0,115.7,708,21091,2415034.0
2021-09-13,2021-09-13,KEI,A,794.9,814.0,775.4,804.9,795.9,3763,55569,44366685.0
2021-09-13,2021-09-13,IMPPOWERS,B,12.15,12.5,11.72,12.03,12.1,15,681,8139.0
2021-09-13,2021-09-13,KEERTHI,XT,168.0,169.05,160.0,160.85,161.0,57,2238,368362.0
2021-09-13,2021-09-13,GUJSIDHCEM,B,51.6,52.0,50.5,50.85,51.3,232,9793,501228.0
2021-09-13,2021-09-13,SURAJ,Z,76.0,76.0,70.65,70.75,74.35,40,5124,367272.0
2021-09-13,2021-09-13,APCL,B,423.25,427.15,418.55,424.7,421.2,218,1915,812055.0
2021-09-13,2021-09-13,MODINATUR,XT,119.9,122.4,117.5,118.0,119.15,59,5892,703058.0
2021-09-13,2021-09-13,ZKHANDEN,XT,6.9,6.9,6.45,6.45,6.75,5,25,165.0
2021-09-13,2021-09-13,TASTYBITE,A,18619.5,18772.0,18494.9,18700.75,18580.1,94,119,2216844.0
2021-09-13,2021-09-13,RITESHIN,XT,31.3,31.3,29.25,30.0,30.65,57,2126,63965.0
2021-09-13,2021-09-13,AVTNPL,B,77.0,77.6,74.85,76.05,76.95,599,29507,2253477.0
2021-09-13,2021-09-13,HNDFDS,B,2053.0,2099.0,2005.0,2036.75,2063.95,726,2560,5183097.0
2021-09-13,2021-09-13,NAHARINDUS,T,120.2,120.2,115.25,115.55,117.95,42,4697,545282.0
2021-09-13,2021-09-13,VADILENT,XT,1859.95,1867.95,1772.05,1864.95,1864.95,7,39,72354.0
2021-09-13,2021-09-13,VADILALIND,B,1055.0,1084.1,1055.0,1064.95,1078.3,365,7677,8183422.0
2021-09-13,2021-09-13,ASHAI,XT,11.85,11.85,11.01,11.75,11.58,25,772,9110.0
2021-09-13,2021-09-13,ADFFOODS,A,945.0,945.15,905.3,935.7,915.95,338,1112,1033211.0
2021-09-13,2021-09-13,RGRL,X,27.1,29.4,27.1,27.55,28.05,316,22270,617023.0
2021-09-13,2021-09-13,AJANTSOY,X,140.7,143.0,132.05,133.5,138.55,1569,105057,14228602.0
2021-09-13,2021-09-13,WILLAMAGOR,B,20.85,20.85,20.1,20.65,20.9,31,2689,55347.0
2021-09-13,2021-09-13,KISAAN,XT,2.35,2.35,2.35,2.35,2.24,1,151,354.0
2021-09-13,2021-09-13,SIEL,XT,25.45,28.05,25.45,25.45,26.75,26,7462,192374.0
2021-09-13,2021-09-13,SPTRSHI,XT,11.1,11.39,10.31,11.0,10.85,19,2058,22457.0
2021-09-13,2021-09-13,SANWARIA,Z,0.65,0.65,0.63,0.65,0.64,214,492062,314331.0
2021-09-13,2021-09-13,PRIMAGR,XT,38.05,40.9,38.05,39.15,39.1,36,3471,138238.0
2021-09-13,2021-09-13,TARAI,XT,5.0,5.42,4.92,4.96,5.17,47,13244,66697.0
2021-09-13,2021-09-13,MODAIRY,X,9.3,9.3,8.61,8.88,8.99,67,21354,193066.0
2021-09-13,2021-09-13,BAMBINO,X,302.9,308.0,292.1,299.05,298.8,148,3391,1013527.0
2021-09-13,2021-09-13,PRIMIND,Z,7.3,7.49,6.99,7.0,7.14,58,4137,30242.0
2021-09-13,2021-09-13,VIKASWSP,B,4.98,5.08,4.8,4.84,4.9,152,63537,310234.0
2021-09-13,2021-09-13,JATALIA,XT,4.0,4.07,3.95,4.06,4.07,13,363,1467.0
2021-09-13,2021-09-13,VSFPROJ,XT,11.31,12.44,11.26,12.43,11.85,13,1569,18624.0
2021-09-13,2021-09-13,POONADAL,X,50.9,51.3,49.25,50.1,49.75,65,4045,202098.0
2021-09-13,2021-09-13,TRANSFD,X,132.95,132.95,115.0,115.0,128.05,7,218,25087.0
2021-09-13,2021-09-13,ANIKINDS,B,19.05,19.1,18.7,18.7,18.85,12,326,6153.0
2021-09-13,2021-09-13,SHINDL,XT,30.9,33.0,29.95,33.0,31.5,43,3484,109681.0
2021-09-13,2021-09-13,KSE,XT,2310.0,2310.0,2240.0,2275.3,2314.75,334,2772,6277267.0
2021-09-13,2021-09-13,NARBADA,X,26.25,26.25,24.2,25.55,26.3,16,826,21169.0
2021-09-13,2021-09-13,VIRATCRA,X,27.25,28.6,27.25,27.7,28.35,32,2119,59182.0
2021-09-13,2021-09-13,IBINFO,XT,17.0,17.0,15.85,16.2,16.65,19,2021,33805.0
2021-09-13,2021-09-13,CHORDIA,X,138.0,141.7,135.0,139.7,138.05,20,386,52772.0
2021-09-13,2021-09-13,CIANAGRO,XT,43.0,43.0,41.4,41.5,43.55,29,1943,81311.0
2021-09-13,2021-09-13,TAIIND,XT,25.0,26.0,25.0,26.0,26.0,6,800,20700.0
2021-09-13,2021-09-13,NKIND,T,39.0,39.0,39.0,39.0,39.0,3,15,585.0
2021-09-13,2021-09-13,BKV,XT,9.41,9.41,8.53,8.53,8.97,32,1298,11234.0
2021-09-13,2021-09-13,NCCBLUE,P,3.33,3.33,3.33,3.33,3.33,1,100,333.0
2021-09-13,2021-09-13,ASIANTNE,X,18.85,19.4,18.3,18.75,18.85,65,3574,66865.0
2021-09-13,2021-09-13,HERITGFOOD,A,437.0,462.0,437.0,456.45,444.7,1632,26073,11832262.0
2021-09-13,2021-09-13,SIMRAN,X,107.95,108.0,102.45,107.0,104.5,62,2875,305188.0
2021-09-13,2021-09-13,DFMFOODS,A,339.85,355.95,335.45,350.2,338.1,1680,18671,6487693.0
2021-09-13,2021-09-13,CCL,A,404.3,409.75,394.05,407.25,402.15,993,201283,80910410.0
2021-09-13,2021-09-13,KELLTONTEC,B,48.55,49.35,48.5,48.7,48.85,1337,164613,8057115.0
2021-09-13,2021-09-13,LAKESHORE,XT,21.6,21.8,20.55,20.85,21.6,28,456,9506.0
2021-09-13,2021-09-13,RICOAUTO,A,49.45,49.8,49.15,49.2,49.45,238,14993,739886.0
2021-09-13,2021-09-13,OMAXAUTO,T,46.95,46.95,46.0,46.75,46.8,39,2634,122622.0
2021-09-13,2021-09-13,MUNJALSHOW,B,134.0,134.7,133.0,133.45,134.25,312,7671,1025588.0
2021-09-13,2021-09-13,JAMNAAUTO,A,85.1,85.9,84.2,85.5,86.0,1364,82863,7051762.0
2021-09-13,2021-09-13,TVSHLTD,A,3565.0,3565.0,3458.3,3512.3,3554.05,154,352,1236853.0
2021-09-13,2021-09-13,JTEKTINDIA,A,101.1,103.4,100.25,102.25,101.1,375,13668,1389042.0
2021-09-13,2021-09-13,MUNJALAU,B,57.1,57.75,56.0,56.35,57.55,180,6519,370961.0
2021-09-13,2021-09-13,JAYBARMARU,B,188.0,191.05,185.55,186.9,187.35,64,591,110365.0
2021-09-13,2021-09-13,RACLGEAR,X,498.0,509.0,490.5,496.6,497.4,273,6248,3137773.0
2021-09-13,2021-09-13,SAMKRG,X,187.5,187.8,184.0,185.0,184.8,217,6798,1257049.0
2021-09-13,2021-09-13,SICALLOG,B,11.85,11.85,11.2,11.34,11.32,255,87120,1002752.0
2021-09-13,2021-09-13,RATNAMANI,A,2147.55,2203.4,2130.4,2163.6,2139.55,265,576,1248591.0
2021-09-13,2021-09-13,VESUVIUS,A,1159.1,1176.9,1144.55,1168.3,1151.3,131,477,554660.0
2021-09-13,2021-09-13,ASAL,T,57.0,57.7,54.5,56.15,57.3,32,1622,90504.0
2021-09-13,2021-09-13,ARCEEIN,X,10.75,10.93,10.75,10.93,10.41,18,34377,371060.0
2021-09-13,2021-09-13,ABCINDQ,X,76.25,76.25,65.0,72.0,75.1,53,2344,166867.0
2021-09-13,2021-09-13,BALTE,X,8.74,8.74,8.4,8.69,8.44,13,1153,9727.0
2021-09-13,2021-09-13,SIBARAUT,X,7.09,7.44,6.95,7.38,7.09,15,365,2642.0
2021-09-13,2021-09-13,TRANSWORLD,B,335.25,364.95,334.95,364.95,347.6,999,46955,16690032.0
2021-09-13,2021-09-13,STARLOG,X,9.5,9.8,9.16,9.42,9.31,43,14343,136654.0
2021-09-13,2021-09-13,ICIL,A,265.0,279.5,265.0,276.2,264.7,2740,89591,24433552.0
2021-09-13,2021-09-13,MARALOVER,B,76.05,82.4,76.05,82.05,79.95,101,3035,240828.0
2021-09-13,2021-09-13,SOMATEX,B,8.4,8.61,8.16,8.61,8.2,87,27087,230792.0
2021-09-13,2021-09-13,ADVLIFE,XT,42.65,42.65,41.55,41.55,43.7,7,406,16979.0
2021-09-13,2021-09-13,KAKTEX,XT,3.48,3.84,3.48,3.84,3.66,31,22890,82202.0
2021-09-13,2021-09-13,OCTAVE,XT,2.0,2.05,1.88,1.98,1.96,19,4341,8567.0
2021-09-13,2021-09-13,TRIDENT,A,26.4,26.4,24.9,25.25,25.5,23673,7033019,179575231.0
2021-09-13,2021-09-13,HISARSP,P,26.85,29.55,26.85,29.55,28.15,2,400,11010.0
2021-09-13,2021-09-13,ALOKINDS,B,25.0,25.25,24.1,24.25,24.95,4011,1768429,43217316.0
2021-09-13,2021-09-13,PASARI,XT,2.77,2.77,2.77,2.77,2.64,22,5869,16257.0
2021-09-13,2021-09-13,CLCIND,Z,1.37,1.37,1.35,1.36,1.31,15,4851,6639.0
2021-09-13,2021-09-13,AMARJOTHI,X,165.2,168.9,165.15,167.35,168.25,108,4687,780445.0
2021-09-13,2021-09-13,OLYMPTX,X,26.45,26.45,24.55,24.85,25.25,24,7567,189710.0
2021-09-13,2021-09-13,NAGREEKEXP,T,34.3,34.7,34.0,34.55,33.15,17,1860,63707.0
2021-09-13,2021-09-13,SUDTIND-B,XT,17.3,17.3,15.7,16.9,16.5,17,3947,63865.0
2021-09-13,2021-09-13,SBFL,X,10.3,10.81,10.3,10.3,10.3,12,640,6833.0
2021-09-13,2021-09-13,ADITYASP,XT,12.75,13.12,12.75,13.12,12.5,67,6221,81016.0
2021-09-13,2021-09-13,DHANFAB,X,23.45,25.85,23.45,24.3,24.65,14,622,15374.0
2021-09-13,2021-09-13,SLSTLQ,XT,25.0,25.0,25.0,25.0,25.5,1,1,25.0
2021-09-13,2021-09-13,ZODIACLOTH,B,113.85,115.6,112.15,113.2,113.7,57,1800,205601.0
2021-09-13,2021-09-13,GANGOTRI,Z,1.06,1.11,1.01,1.01,1.06,15,4602,4775.0
2021-09-13,2021-09-13,SUPERSPIN,T,13.3,13.3,13.3,13.3,12.67,61,156337,2079282.0
2021-09-13,2021-09-13,SEASONSFUR,XT,2.31,2.31,2.31,2.31,2.31,1,3,6.0
2021-09-13,2021-09-13,UNITEDTE,XT,6.1,6.19,5.63,6.19,5.9,36,6129,37660.0
2021-09-13,2021-09-13,SILINV,T,281.0,281.9,276.1,276.1,277.15,3,250,69152.0
2021-09-13,2021-09-13,SURYALAXMI,T,62.7,62.7,59.55,60.1,59.95,19,927,56488.0
2021-09-13,2021-09-13,SAMTEX,X,0.93,0.97,0.93,0.97,0.93,14,7850,7302.0
2021-09-13,2021-09-13,DHANROTO,X,91.2,93.9,90.3,92.6,92.6,74,6061,556556.0
2021-09-13,2021-09-13,DAMODARIND,T,44.4,44.4,43.2,44.35,43.25,3,312,13723.0
2021-09-13,2021-09-13,SANBLUE,X,22.8,22.8,22.5,22.5,22.8,3,11,247.0
2021-09-13,2021-09-13,UNIROYAL,XT,12.0,12.0,11.0,11.0,11.45,4,110,1267.0
2021-09-13,2021-09-13,TATIAGLOB,XT,1.41,1.49,1.38,1.46,1.45,95,44612,64004.0
2021-09-13,2021-09-13,SRINACHA,XT,39.6,41.4,39.6,40.3,39.6,10,413,16814.0
2021-09-13,2021-09-13,SAMBANDAM,X,227.0,227.0,213.0,217.4,217.0,49,5346,1148700.0
2021-09-13,2021-09-13,KANDAGIRI,XT,17.1,17.1,17.1,17.1,18.0,1,10,171.0
2021-09-13,2021-09-13,KITEX,A,172.0,180.0,165.95,172.9,170.55,1339,47938,8394813.0
2021-09-13,2021-09-13,CRANEX,X,12.85,12.86,12.85,12.86,12.99,3,890,11440.0
2021-09-13,2021-09-13,BATLIBOI,X,40.55,40.8,38.6,38.75,40.6,93,11437,452511.0
2021-09-13,2021-09-13,AUSTENG,X,58.7,58.8,54.5,56.75,58.5,36,1843,104079.0
2021-09-13,2021-09-13,UNIDT,B,352.95,352.95,346.9,351.15,352.35,210,2487,870220.0
2021-09-13,2021-09-13,FLUIDOM,X,131.65,131.65,126.15,130.0,128.05,104,4014,519252.0
2021-09-13,2021-09-13,EMAINDIA,X,16.56,16.56,16.56,16.56,15.78,22,2300,38088.0
2021-09-13,2021-09-13,WINDMACHIN,B,30.15,30.2,29.6,29.8,29.75,88,6302,188522.0
2021-09-13,2021-09-13,SHANTIGEAR,B,179.0,179.5,168.75,169.7,177.15,1058,25322,4411135.0
2021-09-13,2021-09-13,MIVENMACH,X,5.2,5.2,5.2,5.2,5.2,5,378,1965.0
2021-09-13,2021-09-13,HONDAPOWER,A,1198.0,1213.0,1188.95,1208.0,1205.15,310,703,841652.0
2021-09-13,2021-09-13,HITECHGEAR,B,282.55,282.55,273.0,274.35,282.55,114,1183,328387.0
2021-09-13,2021-09-13,ELGIEQUIP,A,196.45,202.25,196.45,199.05,201.2,570,11520,2301282.0
2021-09-13,2021-09-13,UVDRHOR,XT,57.85,60.7,55.0,55.0,57.85,13,616,34390.0
2021-09-13,2021-09-13,KLBRENG-B,XT,30.5,30.95,29.6,30.8,30.1,22,2702,82341.0
2021-09-13,2021-09-13,BIRLAPREC,X,12.38,12.7,11.9,12.05,12.4,167,27221,331311.0
2021-09-13,2021-09-13,YUKEN,B,602.85,617.0,598.0,612.7,600.9,433,1569,946359.0
2021-09-13,2021-09-13,TIMKEN,A,1669.8,1758.45,1669.8,1723.45,1687.95,1284,8737,15140318.0
2021-09-13,2021-09-13,VOITHPAPR,X,1291.0,1327.7,1285.0,1300.9,1303.0,143,1863,2444095.0
2021-09-13,2021-09-13,ARTSON,XT,53.9,54.0,51.6,52.7,52.8,78,4250,225218.0
2021-09-13,2021-09-13,SOLIMAC,X,32.7,33.95,31.35,32.3,32.3,57,9459,310107.0
2021-09-13,2021-09-13,DIACABS,Z,1.01,1.01,1.01,1.01,0.97,7,16770,16937.0
2021-09-13,2021-09-13,INDSILHYD,XT,25.0,25.0,23.5,24.95,23.9,63,6343,154876.0
2021-09-13,2021-09-13,ITL,X,140.4,143.7,138.2,140.6,140.4,102,3092,435189.0
2021-09-13,2021-09-13,FRONTSP,X,283.0,291.0,280.05,289.5,283.2,195,6777,1936241.0
2021-09-13,2021-09-13,PRAJIND,A,362.4,368.75,341.8,364.75,359.75,6584,172869,62634414.0
2021-09-13,2021-09-13,RASANDIK,X,80.95,80.95,80.95,80.95,80.95,1,200,16190.0
2021-09-13,2021-09-13,YOGISUNG,X,5.55,5.91,5.36,5.57,5.63,77,18826,105923.0
2021-09-13,2021-09-13,HLEGLAS,B,4725.65,4780.0,4588.2,4622.5,4713.05,508,1710,8003375.0
2021-09-13,2021-09-13,GUJAPOLLO,B,220.2,224.4,220.0,220.0,220.0,26,238,52391.0
2021-09-13,2021-09-13,TANAA,X,60.75,61.45,58.05,58.35,59.2,947,166188,9886554.0
2021-09-13,2021-09-13,CONART,X,36.4,36.4,34.6,34.95,36.2,32,3934,138487.0
2021-09-13,2021-09-13,SHIVAGR,XT,13.7,13.71,13.7,13.71,13.06,13,2800,38378.0
2021-09-13,2021-09-13,MMFL,B,820.0,833.0,813.45,825.95,810.75,283,1776,1450738.0
2021-09-13,2021-09-13,MAYURUNIQ,A,480.75,483.25,476.95,479.05,481.1,168,985,474245.0
2021-09-13,2021-09-13,CENLUB,X,82.9,82.9,80.6,80.9,79.05,72,3198,259568.0
2021-09-13,2021-09-13,RAJOOENG,X,25.3,26.0,24.75,25.2,25.85,140,27621,699125.0
2021-09-13,2021-09-13,JMCPROJECTS,A,104.0,106.5,103.45,103.6,103.7,246,9267,969164.0
2021-09-13,2021-09-13,VJLAXMIE,X,42.0,42.5,42.0,42.5,43.8,2,51,2167.0
2021-09-13,2021-09-13,AHMDSTE,X,18.0,18.45,17.6,18.25,18.0,9,338,6084.0
2021-09-13,2021-09-13,GVT&D,A,133.5,133.55,131.5,131.7,133.2,560,18625,2462498.0
2021-09-13,2021-09-13,RAMRAT,X,132.0,132.95,130.0,131.3,131.2,155,9768,1281805.0
2021-09-13,2021-09-13,JAYNECOIND,B,22.0,22.2,20.25,20.8,21.2,266,74248,1540694.0
2021-09-13,2021-09-13,KPIL,A,414.0,415.8,411.4,414.6,413.45,612,9210,3818758.0
2021-09-13,2021-09-13,NMSGLOBAL,XT,23.8,23.8,23.8,23.8,25.05,31,2814,66973.0
2021-09-13,2021-09-13,CANDOUR,X,48.7,48.7,43.65,45.65,47.2,55,8686,401187.0
2021-09-13,2021-09-13,TIGLOB,X,137.2,147.85,129.0,143.25,137.2,274,37131,5224490.0
2021-09-13,2021-09-13,CONTROLPR,B,335.25,342.5,335.25,337.75,338.3,97,1308,441526.0
2021-09-13,2021-09-13,BEMHY,X,291.1,291.1,280.5,288.85,291.1,5,104,30043.0
2021-09-13,2021-09-13,ANSALBU,X,60.8,62.8,60.8,61.35,62.7,26,1832,113256.0
2021-09-13,2021-09-13,WEIZMANIND,B,49.5,50.05,47.2,49.25,48.75,166,5913,285487.0
2021-09-13,2021-09-13,BNRSEC,X,41.9,41.9,39.0,40.8,40.75,162,31689,1289141.0
2021-09-13,2021-09-13,RISHITECH,X,27.25,28.5,27.25,28.25,27.15,26,3922,110509.0
2021-09-13,2021-09-13,SINCLAIR,X,72.5,73.95,70.8,71.1,73.55,359,57357,4147049.0
2021-09-13,2021-09-13,SAFARI,A,895.0,895.0,869.7,871.8,871.5,327,1185,1035974.0
2021-09-13,2021-09-13,ZBINTXPP,XT,826.9,826.9,826.9,826.9,787.55,9,25,20672.0
2021-09-13,2021-09-13,JJFINCOR,XT,7.55,7.82,7.55,7.82,7.45,4,1400,10867.0
2021-09-13,2021-09-13,COSMOFE,X,71.0,74.5,69.9,73.05,71.3,128,17472,1253797.0
2021-09-13,2021-09-13,CROPSTER,XT,66.9,66.9,62.3,62.3,65.55,2,12,752.0
2021-09-13,2021-09-13,SANCTRN,X,500.0,500.0,478.6,478.6,475.4,15,192,92534.0
2021-09-13,2021-09-13,THRIVE,X,122.0,143.7,116.0,136.5,119.75,167,14488,1910906.0
2021-09-13,2021-09-13,EIHAHOTELS,B,335.0,337.0,328.2,332.0,327.05,94,853,283358.0
2021-09-13,2021-09-13,MEDICAPQ,X,45.55,47.9,45.55,45.9,45.95,60,3952,181475.0
2021-09-13,2021-09-13,OTCO,X,6.13,6.39,6.0,6.0,6.09,37,2187,13310.0
2021-09-13,2021-09-13,FOSECOC,X,1060.0,1060.0,992.1,1012.3,1028.3,141,1564,1583476.0
2021-09-13,2021-09-13,SIPINDUST,Z,2.85,2.85,2.85,2.85,2.76,24,585,1667.0
2021-09-13,2021-09-13,BAPACK,XT,239.9,246.15,227.55,246.15,234.45,205,10355,2468894.0
2021-09-13,2021-09-13,ABAN,B,44.35,45.7,44.0,44.75,44.35,747,46492,2090028.0
2021-09-13,2021-09-13,KOKUYOCMLN,B,68.95,69.7,67.7,68.75,68.75,382,37820,2591261.0
2021-09-13,2021-09-13,NICCOUCOAL,XT,0.29,0.29,0.29,0.29,0.29,1,1,0.0
2021-09-13,2021-09-13,BHARATSE,X,81.45,81.45,78.05,80.0,80.45,368,26273,2093462.0
2021-09-13,2021-09-13,CONTPTR,XT,42.0,42.9,41.1,42.8,42.75,57,6205,258524.0
2021-09-13,2021-09-13,NBFOOT,P,1.89,1.89,1.71,1.71,1.8,4,500,927.0
2021-09-13,2021-09-13,MACPLASQ,X,120.0,122.5,118.55,120.25,123.0,25,2509,304503.0
2021-09-13,2021-09-13,PEARLPOLY,B,16.1,16.35,15.95,15.95,16.25,20,1653,26748.0
2021-09-13,2021-09-13,VENKEYS,A,2916.0,3015.0,2882.05,2963.55,2912.1,3037,16638,49304116.0
2021-09-13,2021-09-13,ADVANIHOTR,B,72.5,73.7,71.0,71.45,71.4,41,1782,128666.0
2021-09-13,2021-09-13,GVFILM,X,0.77,0.77,0.71,0.75,0.74,648,1007832,747756.0
2021-09-13,2021-09-13,SUPERHOUSE,B,179.3,179.3,168.0,168.9,173.7,357,8197,1392485.0
2021-09-13,2021-09-13,RAMAVISION,XT,12.0,12.59,12.0,12.59,12.0,15,2002,24821.0
2021-09-13,2021-09-13,TCPLPACK,B,514.65,522.65,502.2,509.8,515.75,161,733,377274.0
2021-09-13,2021-09-13,BALMLAWRIE,A,134.0,136.0,134.0,135.1,133.45,1658,90372,12224277.0
2021-09-13,2021-09-13,KOVAI,B,1753.95,1767.0,1710.05,1720.3,1744.7,829,3150,5452549.0
2021-09-13,2021-09-13,ELDEHSG,X,2960.0,3190.0,2800.0,3159.0,2871.75,610,3267,9982150.0
2021-09-13,2021-09-13,DCMSHRIRAM,A,952.0,982.3,952.0,966.2,950.4,1927,12698,12335522.0
2021-09-13,2021-09-13,DCMSRIND,X,450.0,496.7,450.0,489.3,440.4,3461,228148,108740956.0
2021-09-13,2021-09-13,MAWANASUG,T,82.0,82.9,80.0,80.7,81.15,106,7382,597809.0
2021-09-13,2021-09-13,MINID,XT,9.85,9.85,8.93,9.85,9.39,96,6433,62840.0
2021-09-13,2021-09-13,MAHAPEXLTD,T,94.35,94.35,90.1,92.0,94.75,22,2268,206260.0
2021-09-13,2021-09-13,NILKAMAL,A,2830.0,2832.6,2772.0,2784.9,2813.3,157,434,1212720.0
2021-09-13,2021-09-13,HOM,XT,0.34,0.34,0.34,0.34,0.34,6,2000,680.0
2021-09-13,2021-09-13,NAHARPOLY,B,226.55,234.0,225.55,229.75,229.05,404,9478,2170889.0
2021-09-13,2021-09-13,3MINDIA,A,24305.9,25324.95,24193.95,25156.55,24170.05,166,224,5583956.0
2021-09-13,2021-09-13,BOSCH-HCIL,A,2225.0,2265.25,2222.6,2229.3,2209.1,332,1123,2518893.0
2021-09-13,2021-09-13,JMFINANCIL,A,89.1,89.7,88.05,88.45,89.65,1700,116203,10296039.0
2021-09-13,2021-09-13,ADCINDIA,X,352.0,375.0,340.0,361.6,350.45,407,25791,9372525.0
2021-09-13,2021-09-13,TNTELE,T,11.79,11.79,10.67,10.67,11.23,14,3084,33793.0
2021-09-13,2021-09-13,SUNRAJDI,Z,4.2,4.5,4.2,4.5,4.29,10,3074,13510.0
2021-09-13,2021-09-13,RIIL,A,691.75,712.05,684.7,697.25,691.75,1120,17390,12162539.0
2021-09-13,2021-09-13,SHARP,XT,49.35,52.35,47.85,49.05,50.35,117,18134,883335.0
2021-09-13,2021-09-13,LINDEINDIA,A,2528.65,2663.9,2528.65,2651.65,2528.65,3043,23317,61146480.0
2021-09-13,2021-09-13,INDBNK,B,29.3,30.85,27.55,29.9,29.7,37,2733,81304.0
2021-09-13,2021-09-13,LOTUSCHO,X,33.75,33.75,32.2,32.9,33.75,49,2907,95667.0
2021-09-13,2021-09-13,PACIFICI,X,350.05,386.95,350.05,358.95,355.95,63,1927,687462.0
2021-09-13,2021-09-13,CMMHOSP,XT,20.45,20.45,20.45,20.45,21.49,1,100,2045.0
2021-09-13,2021-09-13,UNIOFFICE,X,3.42,3.59,3.29,3.57,3.27,74,13734,48310.0
2021-09-13,2021-09-13,APMIN,X,33.0,34.45,32.0,33.15,32.9,129,21651,715285.0
2021-09-13,2021-09-13,PRECWIRE,B,241.1,242.5,234.35,234.7,240.6,322,4968,1178273.0
2021-09-13,2021-09-13,KRYPTONQ,X,14.35,14.35,13.5,13.68,13.81,137,27112,372317.0
2021-09-13,2021-09-13,SWISSMLTRY,XT,7.78,7.78,7.78,7.78,7.78,4,1500,11670.0
2021-09-13,2021-09-13,MARBU,X,40.85,40.85,33.05,34.55,35.95,61,1352,47755.0
2021-09-13,2021-09-13,FEL,B,9.35,9.44,8.8,8.87,9.44,320,270805,2440147.0
2021-09-13,2021-09-13,INDTONER,X,147.0,150.8,144.15,147.65,148.25,49,3286,485954.0
2021-09-13,2021-09-13,KUNSTOFF,X,26.7,27.25,26.7,27.25,26.0,27,1607,43396.0
2021-09-13,2021-09-13,SCI,A,111.05,115.95,111.05,115.05,110.3,10854,624515,71124119.0
2021-09-13,2021-09-13,SIKA,X,599.0,603.0,580.2,597.6,584.55,314,4912,2925147.0
2021-09-13,2021-09-13,ITI,A,119.0,122.5,117.65,121.0,118.25,1046,41334,5003626.0
2021-09-13,2021-09-13,DREDGECORP,A,363.0,368.8,359.55,363.3,362.65,540,6024,2189791.0
2021-09-13,2021-09-13,PHRMASI,XT,28.6,28.6,28.5,28.6,30.0,4,55,1571.0
2021-09-13,2021-09-13,PODDARHOUS,B,190.05,190.05,185.3,185.95,186.3,20,465,87125.0
2021-09-13,2021-09-13,NFL,A,54.55,54.85,54.05,54.15,54.55,826,57099,3105955.0
2021-09-13,2021-09-13,IPRINGLTD,XT,146.9,146.9,142.0,143.2,139.95,99,5295,767851.0
2021-09-13,2021-09-13,PIIND,A,3419.0,3452.35,3364.0,3447.1,3408.95,1922,35817,121356495.0
2021-09-13,2021-09-13,PLASTIBLEN,B,277.4,277.4,266.8,271.2,271.65,206,3898,1049332.0
2021-09-13,2021-09-13,KKPLASTICK,XT,20.0,20.0,20.0,20.0,19.05,1,50,1000.0
2021-09-13,2021-09-13,WATERBASE,A,115.3,117.25,114.95,116.2,115.45,697,15351,1783321.0
2021-09-13,2021-09-13,FLEXFO,X,107.45,108.7,105.05,106.15,107.4,175,11223,1196801.0
2021-09-13,2021-09-13,GOLKUNDIA,X,66.05,68.5,66.05,68.5,65.25,71,8733,597701.0
2021-09-13,2021-09-13,APCOTEXIND,A,397.25,443.4,394.0,427.2,387.4,13426,231247,97838580.0
2021-09-13,2021-09-13,FORTISMLR,X,68.0,68.95,67.1,67.9,68.3,78,2806,190263.0
2021-09-13,2021-09-13,MASTEK,A,2887.95,2994.3,2845.7,2922.15,2888.55,1578,11343,33419251.0
2021-09-13,2021-09-13,EIMCOELECO,B,402.0,420.0,402.0,414.85,410.75,73,466,193231.0
2021-09-13,2021-09-13,SAYAJIHOTL,XT,233.95,243.9,233.95,243.45,243.95,16,279,65689.0
2021-09-13,2021-09-13,ASHIANA,B,188.9,195.0,184.4,187.9,189.35,1130,30931,5798899.0
2021-09-13,2021-09-13,SVAMSOF,X,4.0,4.0,3.72,3.8,3.91,116,22783,87758.0
2021-09-13,2021-09-13,ECOBOAR,XT,17.2,17.2,15.8,15.95,16.4,62,25362,407427.0
2021-09-13,2021-09-13,DVL,B,287.0,288.75,285.0,286.6,288.55,290,5256,1503141.0
2021-09-13,2021-09-13,TIHIL,X,3.11,3.11,3.1,3.11,3.11,12,2126,6611.0
2021-09-13,2021-09-13,MAHEPC,B,133.05,139.55,133.05,138.15,133.05,234,15846,2175573.0
2021-09-13,2021-09-13,SREIINFRA,T,9.0,9.0,8.43,8.46,8.87,440,205083,1753694.0
2021-09-13,2021-09-13,MITSHI,X,14.6,15.35,14.35,14.47,14.6,31,3969,57701.0
2021-09-13,2021-09-13,SHUKJEW,P,7.15,7.15,7.15,7.15,7.52,15,2900,20735.0
2021-09-13,2021-09-13,MAZDA,B,600.05,612.45,598.65,610.4,599.0,36,171,103506.0
2021-09-13,2021-09-13,VHLTD,Z,3.1,3.15,2.95,3.01,3.1,16,4646,14471.0
2021-09-13,2021-09-13,SOVERDIA,XT,7.75,7.77,7.25,7.6,7.4,20,740,5538.0
2021-09-13,2021-09-13,MENONBE,B,78.0,78.0,74.0,76.0,75.25,132,6003,452951.0
2021-09-13,2021-09-13,MUKATPIP,X,2.6,2.6,2.6,2.6,2.6,3,498,1294.0
2021-09-13,2021-09-13,GUJRAFFIA,T,35.75,36.9,35.75,36.9,35.15,6,424,15428.0
2021-09-13,2021-09-13,SIMPLEXINF,B,39.0,40.65,37.75,40.65,38.75,202,52120,2103637.0
2021-09-13,2021-09-13,INNOVTEC,X,17.5,17.7,17.0,17.0,17.5,28,19582,336384.0
2021-09-13,2021-09-13,SUPTANERY,XT,5.0,5.0,4.65,4.86,4.77,143,70071,341149.0
2021-09-13,2021-09-13,CONSTRONIC,XT,8.7,8.7,8.7,8.7,8.75,2,105,913.0
2021-09-13,2021-09-13,AXTEL,X,313.3,325.0,313.2,322.8,312.8,205,12494,4009838.0
2021-09-13,2021-09-13,GRANDOAK,XT,10.36,10.36,9.38,9.38,9.87,6,1021,9586.0
2021-09-13,2021-09-13,EASTINDIA,XT,0.37,0.37,0.37,0.37,0.38,3,351,129.0
2021-09-13,2021-09-13,APIL,XT,29.25,29.25,29.25,29.25,27.9,7,593,17345.0
2021-09-13,2021-09-13,POONAWALLA,A,183.6,190.9,181.0,185.8,181.85,7289,626632,117848944.0
2021-09-13,2021-09-13,HINFLUR,B,9.63,10.3,9.63,10.2,10.18,37,3615,35989.0
2021-09-13,2021-09-13,KINGFA,B,1141.0,1141.0,1050.7,1064.95,1086.7,111,513,552098.0
2021-09-13,2021-09-13,PATIDAR,XT,8.45,8.45,8.45,8.45,8.89,6,740,6253.0
2021-09-13,2021-09-13,RAMAPHO,X,321.4,321.4,305.5,310.05,321.4,847,39116,12127116.0
2021-09-13,2021-09-13,VENLONENT,XT,3.12,3.12,3.12,3.12,3.12,2,101,315.0
2021-09-13,2021-09-13,POLYPLEX,A,1551.55,1824.95,1551.55,1753.15,1556.2,7650,75995,127800091.0
2021-09-13,2021-09-13,ALBERTDAVD,B,598.2,598.3,585.6,588.65,593.8,224,980,580784.0
2021-09-13,2021-09-13,HARLETH,XT,40.6,40.6,38.65,39.0,40.6,14,2482,97437.0
2021-09-13,2021-09-13,CARYSIL,B,639.0,643.15,630.7,639.0,639.45,1117,11217,7151645.0
2021-09-13,2021-09-13,KABRAEXTRU,B,240.0,244.15,235.3,237.7,243.55,841,21179,5073546.0
2021-09-13,2021-09-13,VINYLINDIA,B,223.1,230.5,223.1,227.3,225.05,1273,58988,13447927.0
2021-09-13,2021-09-13,PCCOSMA,X,151.65,154.75,144.6,149.25,151.65,59,2273,339970.0
2021-09-13,2021-09-13,TCMLMTD,X,60.25,60.5,57.15,58.6,57.05,13,211,12607.0
2021-09-13,2021-09-13,IOLCP,A,556.0,557.75,552.0,555.95,552.25,2383,44048,24442582.0
2021-09-13,2021-09-13,KESARPE,Z,4.7,4.82,4.59,4.69,4.83,114,41842,195443.0
2021-09-13,2021-09-13,VINATIORGA,A,1974.85,1984.85,1910.0,1924.3,1963.45,2853,14192,27630255.0
2021-09-13,2021-09-13,LACTOSE,X,39.35,39.35,37.55,37.9,38.55,38,28956,1114700.0
2021-09-13,2021-09-13,AARTIIND,A,911.0,932.9,908.35,928.05,909.1,3907,74491,68570123.0
2021-09-13,2021-09-13,PNTKYOR,XT,20.45,20.45,20.45,20.45,20.45,4,301,6155.0
2021-09-13,2021-09-13,WANBURY,T,81.65,82.6,81.65,82.55,78.7,19,711,58428.0
2021-09-13,2021-09-13,RESONANCE,X,195.5,229.2,191.0,229.2,191.0,1315,93998,20121903.0
2021-09-13,2021-09-13,GAEL,A,173.05,180.2,173.05,176.5,176.95,1871,70301,12527962.0
2021-09-13,2021-09-13,RCF,A,73.4,74.45,73.4,73.65,74.05,1618,136256,10078709.0
2021-09-13,2021-09-13,KOPRAN,T,215.9,221.5,210.0,211.15,211.95,80,3909,833657.0
2021-09-13,2021-09-13,AIMCOPEST,X,104.1,106.0,102.0,103.7,105.55,150,11999,1244069.0
2021-09-13,2021-09-13,GUJTERC,XT,15.0,15.0,15.0,15.0,15.0,1,9,135.0
2021-09-13,2021-09-13,SEYAIND,B,55.85,55.85,54.6,54.9,56.5,55,3551,195250.0
2021-09-13,2021-09-13,JAYAGROGN,B,245.7,271.7,245.7,269.35,245.2,1158,23138,6117183.0
2021-09-13,2021-09-13,BCLIND,B,249.4,249.4,237.4,238.8,242.8,679,8139,1963685.0
2021-09-13,2021-09-13,SHHARICH,X,59.6,60.05,56.7,59.0,59.6,33,4085,235921.0
2021-09-13,2021-09-13,INDOBORAX,X,1755.15,1755.15,1755.15,1755.15,1671.6,250,4606,8084220.0
2021-09-13,2021-09-13,AARTIDRUGS,A,605.6,612.4,601.85,606.1,608.3,2822,31528,19127540.0
2021-09-13,2021-09-13,BODALCHEM,A,109.6,110.65,104.8,107.85,110.65,1459,108501,11823834.0
2021-09-13,2021-09-13,ORCHPHARMA,T,420.0,431.75,420.0,431.0,411.2,202,2765,1185209.0
2021-09-13,2021-09-13,VIMTALABS,B,288.15,293.6,286.1,286.6,289.3,181,2511,724589.0
2021-09-13,2021-09-13,BIOFILCHEM,B,63.45,64.0,62.75,63.35,63.1,55,2135,134762.0
2021-09-13,2021-09-13,ISHITADR,X,37.5,39.35,37.5,37.5,39.45,24,1623,61726.0
2021-09-13,2021-09-13,MARKSANS,A,70.15,72.65,69.5,70.95,70.05,3443,375017,26613203.0
2021-09-13,2021-09-13,UNIVSTAR,XT,101.4,111.9,101.4,111.0,106.7,15,587,61638.0
2021-09-13,2021-09-13,AAREYDRUGS,B,38.7,38.7,36.55,37.5,37.3,374,22150,828216.0
2021-09-13,2021-09-13,NORRIS,X,8.68,8.68,7.86,8.65,8.27,36,3006,26050.0
2021-09-13,2021-09-13,ASINPET,XT,33.8,33.8,33.8,33.8,32.2,11,929,31400.0
2021-09-13,2021-09-13,CAMEXLTD,X,26.7,27.4,26.7,27.4,27.3,10,823,22545.0
2021-09-13,2021-09-13,EVEXIA,X,15.45,15.6,15.0,15.25,15.2,2651,892875,13638600.0
2021-09-13,2021-09-13,SYNCOMF,X,6.21,6.3,6.0,6.11,6.04,4330,1438990,8799250.0
2021-09-13,2021-09-13,RIDDHI,X,345.0,354.75,339.0,339.0,339.0,10,155,52767.0
2021-09-13,2021-09-13,SVCIND,XT,3.07,3.07,2.79,2.8,2.93,257,147209,417046.0
2021-09-13,2021-09-13,IPCALAB,A,2517.25,2624.0,2517.25,2594.75,2524.05,2533,15242,39457300.0
2021-09-13,2021-09-13,KILITCH,B,169.0,170.7,165.95,170.25,171.95,35,1516,255569.0
2021-09-13,2021-09-13,RAAJMEDI,P,39.95,40.05,39.75,39.75,38.15,9,3300,131875.0
2021-09-13,2021-09-13,CORALAB,X,404.0,407.7,398.0,402.25,407.8,73,1459,586844.0
2021-09-13,2021-09-13,BACPHAR,XT,6.65,6.65,6.65,6.65,6.65,1,1,6.0
2021-09-13,2021-09-13,KREBSBIO,B,147.75,161.9,147.55,158.65,146.35,229,10552,1632555.0
2021-09-13,2021-09-13,KMCSHIL,X,60.9,70.6,60.05,69.4,58.85,10213,1424600,97284770.0
2021-09-13,2021-09-13,LAFFANSQ,X,28.25,31.35,28.25,31.35,28.5,250,60626,1871593.0
2021-09-13,2021-09-13,BHASKAGR,XT,41.85,41.85,38.95,40.5,41.0,14,807,31868.0
2021-09-13,2021-09-13,SUKHJITS,X,277.0,311.95,276.7,299.35,271.35,1662,136073,40205419.0
2021-09-13,2021-09-13,NEULANDLAB,A,1835.0,1835.0,1701.15,1724.6,1766.8,689,6611,11710890.0
2021-09-13,2021-09-13,GAYATRIBI,XT,10.84,10.84,9.83,10.84,10.33,71,16904,181240.0
2021-09-13,2021-09-13,PODDARMENT,B,337.9,371.95,331.6,363.05,340.1,521,7390,2648304.0
2021-09-13,2021-09-13,PHARMAID,X,15.0,15.0,14.05,14.4,14.7,112,7026,101005.0
2021-09-13,2021-09-13,VIVIDIND,X,30.0,30.0,29.1,29.85,29.65,65,9325,276479.0
2021-09-13,2021-09-13,PRIYALT,X,6.29,6.29,6.29,6.29,6.29,1,3,18.0
2021-09-13,2021-09-13,TIRUSTA,XT,45.8,47.95,45.8,47.8,45.8,14,2340,109056.0
2021-09-13,2021-09-13,HEMORGANIC,X,11.55,11.55,11.0,11.0,11.2,5,330,3756.0
2021-09-13,2021-09-13,JAYSYNTH,XT,5.42,5.42,5.42,5.42,5.7,1,100,542.0
2021-09-13,2021-09-13,AEONXDIGI,X,89.8,96.9,82.8,87.8,89.9,107,4549,401411.0
2021-09-13,2021-09-13,AKSHARCHEM,B,433.8,443.4,427.5,429.95,432.2,615,4744,2058746.0
2021-09-13,2021-09-13,BERLDRG,X,11.8,12.11,11.12,12.08,11.54,58,12890,150319.0
2021-09-13,2021-09-13,INDXTRA,XT,25.6,25.6,25.6,25.6,24.4,11,6552,167731.0
2021-09-13,2021-09-13,ISTRNETWK,X,2.01,2.02,1.85,1.86,1.94,30,5625,10948.0
2021-09-13,2021-09-13,GAGAN,X,12.15,12.93,11.71,12.85,12.32,37,9288,114290.0
2021-09-13,2021-09-13,PARKERAC,X,4.46,4.46,4.46,4.46,4.25,1,15,66.0
2021-09-13,2021-09-13,SHUKRAPHAR,X,80.0,83.0,76.35,78.4,80.35,14,454,34900.0
2021-09-13,2021-09-13,ALUFLUOR,X,297.0,317.95,297.0,313.9,292.8,847,47532,14667331.0
2021-09-13,2021-09-13,OXYGENTAPH,P,34.6,34.65,32.75,34.65,33.0,8,800,27415.0
2021-09-13,2021-09-13,ARCHITORG,X,46.8,46.8,44.2,44.55,45.65,209,33854,1533874.0
2021-09-13,2021-09-13,SIKOZY,X,1.3,1.39,1.19,1.23,1.29,83,74893,98901.0
2021-09-13,2021-09-13,INDOAMIN,XT,234.2,242.1,230.0,237.5,242.1,658,32097,7562727.0
2021-09-13,2021-09-13,INDSWFTLTD,T,9.95,10.19,9.5,9.88,9.95,40,15707,152674.0
2021-09-13,2021-09-13,NATCAPSUQ,X,164.85,165.0,158.5,162.55,159.6,88,5992,970610.0
2021-09-13,2021-09-13,WELCURE,XT,6.04,6.04,5.91,6.04,5.76,45,5939,35851.0
2021-09-13,2021-09-13,BIBCL,T,60.15,60.15,54.55,58.05,57.35,1157,214622,12318718.0
2021-09-13,2021-09-13,SOTL,B,1622.0,1684.2,1622.0,1659.2,1617.1,658,2434,4043068.0
2021-09-13,2021-09-13,HESTERBIO,A,2536.05,2591.25,2517.25,2564.1,2536.65,529,1595,4074231.0
2021-09-13,2021-09-13,KABSON,XT,8.92,8.92,8.08,8.1,8.5,139,27124,225720.0
2021-09-13,2021-09-13,BASANTGL,XT,11.51,12.0,11.51,11.74,11.99,245,98511,1157729.0
2021-09-13,2021-09-13,PARENTDRUGS,T,3.52,3.53,3.52,3.52,3.7,5,500,1762.0
2021-09-13,2021-09-13,SANDUPHQ,X,57.7,57.7,51.15,54.0,53.7,103,4249,226568.0
2021-09-13,2021-09-13,NACLIND,B,69.7,72.55,69.2,71.25,70.35,484,7657,543586.0
2021-09-13,2021-09-13,VISTAPH,X,9.2,9.65,9.12,9.49,9.39,119,39885,373588.0
2021-09-13,2021-09-13,SUNPHARMA,A,776.0,782.85,771.5,780.1,776.4,2660,64771,50337174.0
2021-09-13,2021-09-13,TITANBIO,X,332.45,350.0,330.0,341.1,332.7,919,26489,9035068.0
2021-09-13,2021-09-13,SDL,X,13.7,14.7,13.3,14.7,14.0,11,3339,45399.0
2021-09-13,2021-09-13,JENBURPH,X,502.9,502.9,487.2,492.25,494.2,65,2990,1473246.0
2021-09-13,2021-09-13,HIKAL,A,668.0,668.0,647.1,649.55,657.3,990,19042,12405392.0
2021-09-13,2021-09-13,CAPLIPOINT,A,936.0,1007.0,936.0,955.75,933.5,15006,246862,242013169.0
2021-09-13,2021-09-13,FISCHER,XT,72.95,75.05,72.95,75.05,71.5,8,221,16565.0
2021-09-13,2021-09-13,LINKPH,X,33.55,34.45,33.1,34.1,34.2,22,1276,43273.0
2021-09-13,2021-09-13,DECIPHER,X,34.95,35.8,33.3,33.65,34.5,60,1336,45668.0
2021-09-13,2021-09-13,EMMESSA,X,32.6,34.75,32.25,32.5,33.9,61,5801,193631.0
2021-09-13,2021-09-13,NGLFINE,X,3000.0,3030.0,2900.0,2940.55,2925.55,499,5384,15932776.0
2021-09-13,2021-09-13,EVERESTO,X,313.0,323.75,297.0,307.55,317.95,239,6355,1957904.0
2021-09-13,2021-09-13,AUROPHARMA,A,741.65,742.0,732.05,735.95,741.65,1476,47345,34875317.0
2021-09-13,2021-09-13,PHYTO,X,21.0,21.0,20.45,20.45,20.05,2,101,2066.0
2021-09-13,2021-09-13,NATCOPHARM,A,984.0,987.0,965.3,970.0,982.9,910,7238,7032463.0
2021-09-13,2021-09-13,DYNAMIND,XT,75.95,77.9,71.55,77.1,75.2,42,2037,155604.0
2021-09-13,2021-09-13,PANAMAPET,B,263.35,267.6,259.0,261.85,264.65,822,13979,3670652.0
2021-09-13,2021-09-13,BALPHARMA,B,100.0,100.0,96.9,97.8,99.35,199,12775,1256849.0
2021-09-13,2021-09-13,BDH,X,125.1,131.55,125.0,125.5,126.0,48,1585,198770.0
2021-09-13,2021-09-13,JAUSPOL,X,3.53,3.53,3.53,3.53,3.7,1,100,353.0
2021-09-13,2021-09-13,GLOBUSCON,XT,36.05,36.05,36.05,36.05,37.9,55,1412,50902.0
2021-09-13,2021-09-13,CUBEXTUB,B,22.3,22.85,21.55,22.4,22.25,28,4583,102081.0
2021-09-13,2021-09-13,POLYCHMP,X,51.1,53.95,51.1,53.15,52.85,20,2077,108184.0
2021-09-13,2021-09-13,GALXBRG,XT,350.0,371.8,349.2,363.0,354.1,70,485,173224.0
2021-09-13,2021-09-13,VINRKLB,Z,3.99,3.99,3.99,3.99,3.8,1,377,1504.0
2021-09-13,2021-09-13,RALEGRA,X,23.15,23.15,23.15,23.15,22.05,1,100,2315.0
2021-09-13,2021-09-13,UNRYLMA,XT,10.5,11.0,10.5,11.0,10.55,6,7270,76780.0
2021-09-13,2021-09-13,SHERVANI,X,264.0,264.9,245.05,252.95,259.35,98,1187,302023.0
2021-09-13,2021-09-13,BNAGROCHEM,XT,8.46,8.46,8.46,8.46,8.9,1,9,76.0
2021-09-13,2021-09-13,SUPERTEX,X,7.49,7.54,7.47,7.54,7.19,16,4274,32005.0
2021-09-13,2021-09-13,SHETR,XT,30.4,30.4,29.5,29.65,29.5,6,1247,36899.0
2021-09-13,2021-09-13,TRABI,XT,3.59,3.68,3.38,3.5,3.52,68,18268,63768.0
2021-09-13,2021-09-13,MPL,X,5.44,5.44,4.94,5.21,5.2,110,30807,157614.0
2021-09-13,2021-09-13,NIKHILAD,X,730.0,769.95,730.0,758.7,734.55,279,3415,2581242.0
2021-09-13,2021-09-13,SPENTA,XT,59.45,62.4,57.6,60.0,59.45,8,131,8036.0
2021-09-13,2021-09-13,MULTIBASE,X,260.75,264.9,245.05,250.5,255.55,122,6228,1585550.0
2021-09-13,2021-09-13,ANDREWYU,B,24.8,24.85,24.35,24.5,24.8,432,76440,1875559.0
2021-09-13,2021-09-13,LUDLOWJUT,X,88.25,88.25,86.55,86.9,88.1,44,2686,234621.0
2021-09-13,2021-09-13,ASHRAM,XT,5.9,5.9,5.9,5.9,6.0,1,10,59.0
2021-09-13,2021-09-13,ROYALCU,XT,7.54,7.54,7.19,7.19,7.54,2,200,1438.0
2021-09-13,2021-09-13,SURJIND,XT,5.49,5.49,5.49,5.49,5.23,1,1,5.0
2021-09-13,2021-09-13,HITECHCORP,B,225.55,225.55,218.0,223.65,214.75,21,165,36579.0
2021-09-13,2021-09-13,BLOOM,X,8.46,8.46,8.46,8.46,8.65,4,2050,17343.0
2021-09-13,2021-09-13,FILATEX,B,103.45,107.0,101.15,105.75,106.3,2079,104939,10904199.0
2021-09-13,2021-09-13,STDSFAC,XT,133.95,134.4,133.95,134.4,128.0,95,3478,467226.0
2021-09-13,2021-09-13,MERCATOR,T,1.98,2.0,1.82,1.93,1.91,354,687975,1323421.0
2021-09-13,2021-09-13,MORGAN,X,13.04,13.69,12.39,13.49,13.04,29,2771,35465.0
2021-09-13,2021-09-13,AMRAPLIN,X,10.79,10.98,10.26,10.8,10.79,46,7334,77325.0
2021-09-13,2021-09-13,PREMEXPLN,T,235.0,238.0,235.0,235.0,235.0,4,1243,292123.0
2021-09-13,2021-09-13,MOLDTECH,T,76.1,79.0,76.0,78.2,77.3,129,5481,427056.0
2021-09-13,2021-09-13,CRSTCHM,XT,50.0,50.0,46.5,48.75,48.85,15,421,20284.0
2021-09-13,2021-09-13,MPHASIS,A,2961.0,3014.0,2897.2,2997.2,2993.8,3778,35908,106924681.0
2021-09-13,2021-09-13,MEDINOV,XT,53.45,53.45,53.45,53.45,56.25,26,2382,127317.0
2021-09-13,2021-09-13,DIVSHKT,X,70.0,72.0,69.7,70.4,69.2,116,13394,947308.0
2021-09-13,2021-09-13,ORIENTLTD,B,66.45,68.0,66.45,68.0,66.0,4,24,1628.0
2021-09-13,2021-09-13,SHREYASI,XT,5.25,5.25,5.25,5.25,5.34,7,175,918.0
2021-09-13,2021-09-13,DUROPACK,XT,19.55,21.5,19.55,19.7,20.55,11,630,12921.0
2021-09-13,2021-09-13,SWARNSAR,X,16.5,16.5,13.4,15.25,14.91,50,4981,75777.0
2021-09-13,2021-09-13,GANESHHOU,B,160.0,169.05,152.15,162.75,158.25,1453,49850,8027420.0
2021-09-13,2021-09-13,NMDC,A,152.05,152.5,150.2,151.5,152.05,4774,480098,72525793.0
2021-09-13,2021-09-13,PATINTLOG,B,22.8,23.8,22.4,23.65,22.7,75,15081,352572.0
2021-09-13,2021-09-13,ALPHAGEO,B,445.0,445.0,423.05,429.9,433.8,538,8368,3603775.0
2021-09-13,2021-09-13,HAMPTON,XT,201.95,201.95,201.95,201.95,212.55,28,1315,265564.0
2021-09-13,2021-09-13,KKALPANAIND,X,43.5,51.95,43.5,51.1,45.2,434,85380,4214101.0
2021-09-13,2021-09-13,OKPLA,XT,35.45,36.75,33.7,36.0,35.05,135,42061,1503001.0
2021-09-13,2021-09-13,KRITI,X,155.9,158.0,150.7,151.2,151.9,539,48851,7491055.0
2021-09-13,2021-09-13,ASMTEC,XT,248.6,255.0,245.1,251.85,248.6,210,6044,1519247.0
2021-09-13,2021-09-13,PERFEPA,X,148.05,152.1,143.1,152.1,152.75,3,12,1775.0
2021-09-13,2021-09-13,VISIONCINE,XT,1.38,1.38,1.26,1.35,1.32,180,58962,78370.0
2021-09-13,2021-09-13,INDRANIB,XT,18.5,18.59,18.5,18.59,17.71,88,46197,858444.0
2021-09-13,2021-09-13,EUROLED,XT,13.25,13.84,12.59,12.97,13.25,27,2301,29589.0
2021-09-13,2021-09-13,WINSOMBR,XT,12.2,12.2,11.13,11.77,11.71,185,20051,232358.0
2021-09-13,2021-09-13,SAENTER,XT,22.05,22.05,21.0,21.2,21.0,21,3528,75833.0
2021-09-13,2021-09-13,SKYIND,X,73.05,75.95,73.05,73.8,73.55,7,203,14981.0
2021-09-13,2021-09-13,PHOENXINTL,XT,19.2,19.2,18.75,18.95,18.3,20,432,8207.0
2021-09-13,2021-09-13,RISHIROOP,X,111.9,111.9,108.0,108.75,109.05,82,6064,660394.0
2021-09-13,2021-09-13,PROMACT,X,2.22,2.23,2.22,2.23,2.33,5,341,759.0
2021-09-13,2021-09-13,STRGRENWO,X,10.97,10.97,10.97,10.97,10.45,2,219,2402.0
2021-09-13,2021-09-13,DOLPHMED,XT,3.0,3.05,2.92,3.05,3.07,100,21778,65129.0
2021-09-13,2021-09-13,SYSTMTXC,X,359.0,359.0,325.0,334.95,335.0,32,2637,870292.0
2021-09-13,2021-09-13,SHAHISHIP,XT,5.3,5.3,4.8,5.3,5.05,16,1631,8123.0
2021-09-13,2021-09-13,ALPINEHOU,X,21.25,21.25,20.4,20.4,20.25,33,5101,106593.0
2021-09-13,2021-09-13,SANGHIIND,B,70.25,71.0,69.3,70.2,70.65,622,48874,3438620.0
2021-09-13,2021-09-13,WWALUM,XT,9.48,9.48,9.01,9.48,9.48,10,40,377.0
2021-09-13,2021-09-13,SFPIL,X,6.85,6.85,6.85,6.85,6.85,1,9,61.0
2021-09-13,2021-09-13,SGLRES,XT,14.7,15.0,14.05,14.8,14.3,435,181655,2703391.0
2021-09-13,2021-09-13,CHOKSILA,XT,19.25,19.25,18.5,19.2,18.35,26,1654,31616.0
2021-09-13,2021-09-13,CCHHL,T,6.18,6.6,6.18,6.48,6.4,59,18303,117474.0
2021-09-13,2021-09-13,LONTE,XT,14.4,14.4,14.4,14.4,15.15,3,142,2044.0
2021-09-13,2021-09-13,ENTRINT,X,14.35,14.35,12.99,14.31,13.67,62,3718,52180.0
2021-09-13,2021-09-13,TECHIN,B,6.5,6.76,6.5,6.76,6.44,23,6188,41800.0
2021-09-13,2021-09-13,TPLPLASTEH,B,352.1,358.5,347.05,350.55,349.45,466,3886,1371564.0
2021-09-13,2021-09-13,WIMPLAST,X,546.0,546.0,523.05,527.15,536.1,526,9415,5004334.0
2021-09-13,2021-09-13,PHOTOQUP,XT,12.05,13.12,12.05,13.12,12.5,21,2749,35732.0
2021-09-13,2021-09-13,LIBERTSHOE,B,190.0,197.6,182.6,184.0,193.55,1244,25578,4833745.0
2021-09-13,2021-09-13,LIPPISYS,XT,11.15,11.15,10.09,11.14,10.62,12,1256,12730.0
2021-09-13,2021-09-13,ELECTHERM,B,128.0,129.0,125.0,127.75,127.6,163,6934,880149.0
2021-09-13,2021-09-13,BLUEDART,A,6498.0,6498.0,6335.95,6376.8,6423.6,859,2387,15325615.0
2021-09-13,2021-09-13,EXPOEAPL,X,8.24,8.25,7.51,8.25,7.5,194,60098,491014.0
2021-09-13,2021-09-13,NATPLAS,X,36.4,37.65,35.0,35.8,36.4,48,2215,80297.0
2021-09-13,2021-09-13,MFLINDIA,X,0.38,0.38,0.36,0.36,0.37,3194,8671941,3174969.0
2021-09-13,2021-09-13,TEXELIN,X,65.8,67.3,62.55,63.1,65.8,164,8121,511738.0
2021-09-13,2021-09-13,RAYALEMA,XT,28.1,28.1,26.3,26.65,26.9,7,852,23393.0
2021-09-13,2021-09-13,MIRZAINT,B,58.4,60.45,58.4,59.05,59.75,715,65064,3882225.0
2021-09-13,2021-09-13,TFCILTD,B,70.55,70.55,69.15,69.4,70.65,352,215565,15103417.0
2021-09-13,2021-09-13,THAKDEV,X,73.35,73.35,73.35,73.35,70.0,1,1,73.0
2021-09-13,2021-09-13,ARENTERP,B,31.15,31.15,31.15,31.15,32.75,8,823,25636.0
2021-09-13,2021-09-13,BIL,B,212.2,212.2,212.0,212.0,210.55,7,106,22492.0
2021-09-13,2021-09-13,KAMATHOTEL,B,48.65,51.8,47.75,49.15,48.65,726,40031,2007507.0
2021-09-13,2021-09-13,KEEPLEARN,T,1.27,1.27,1.21,1.21,1.27,6,2218,2714.0
2021-09-13,2021-09-13,UNIVAFOODS,T,4.4,4.4,4.4,4.4,4.63,3,15,66.0
2021-09-13,2021-09-13,POLOHOT,Z,4.36,4.36,4.15,4.18,4.36,13,4927,20552.0
2021-09-13,2021-09-13,ECOPLAST,XT,79.0,79.0,75.0,77.85,75.25,19,3194,241066.0
2021-09-13,2021-09-13,ADARSHPL,X,7.2,7.39,6.8,6.87,7.06,44,5720,39891.0
2021-09-13,2021-09-13,HPBL,Z,380.4,380.4,380.4,380.4,362.3,6,107,40702.0
2021-09-13,2021-09-13,NICCOPAR,X,51.4,51.4,47.55,50.5,50.05,43,31062,1551214.0
2021-09-13,2021-09-13,NTCIND,X,79.0,79.95,76.0,77.4,78.3,99,6592,512753.0
2021-09-13,2021-09-13,SANDESH,B,783.2,799.9,765.6,778.25,761.9,48,334,259207.0
2021-09-13,2021-09-13,GARNET,X,23.3,23.85,23.05,23.5,23.9,60,11871,277989.0
2021-09-13,2021-09-13,GOLDIAM,B,927.0,1074.0,927.0,1022.55,921.2,7279,95347,95800703.0
2021-09-13,2021-09-13,BRIGHTBR,X,169.0,170.0,162.6,165.15,168.8,117,5263,868771.0
2021-09-13,2021-09-13,CORPOCO,XT,6.14,6.16,5.91,5.94,5.87,24,5305,32322.0
2021-09-13,2021-09-13,SHAWGELTIN,X,204.0,219.95,204.0,213.4,223.05,223,5465,1149534.0
2021-09-13,2021-09-13,PGFOILQ,X,269.7,269.7,263.7,269.7,256.9,176,24761,6672742.0
2021-09-13,2021-09-13,GRATEXI,XT,9.2,9.2,9.2,9.2,9.65,1,100,920.0
2021-09-13,2021-09-13,VELHO,X,3.89,3.89,3.89,3.89,3.71,15,8545,33240.0
2021-09-13,2021-09-13,HOWARHO,X,6.07,6.68,6.07,6.43,6.38,37,4288,27153.0
2021-09-13,2021-09-13,VALIANT,X,69.05,72.95,69.05,70.85,70.45,119,27734,1981101.0
2021-09-13,2021-09-13,DRAGARWQ,X,409.95,410.0,405.55,409.7,408.8,19,2604,1067291.0
2021-09-13,2021-09-13,GREENPLY,A,176.5,177.05,173.85,174.8,174.8,505,11506,2010694.0
2021-09-13,2021-09-13,UNQTYMI,XT,10.37,10.37,10.37,10.37,10.37,1,1,10.0
2021-09-13,2021-09-13,SEAMECLTD,B,999.0,1038.05,988.75,1030.55,977.95,1792,11395,11609453.0
2021-09-13,2021-09-13,RAGHUNAT,XT,13.2,13.58,12.59,13.58,12.94,170,19501,262669.0
2021-09-13,2021-09-13,CHEVIOT,X,1330.3,1354.8,1300.0,1317.85,1329.6,476,3873,5111898.0
2021-09-13,2021-09-13,DAICHI,X,401.5,415.0,397.05,400.4,409.0,93,5486,2203432.0
2021-09-13,2021-09-13,CONFIPET,B,74.85,83.4,74.85,79.65,74.75,7842,1052693,83795702.0
2021-09-13,2021-09-13,SIPL,X,11.56,11.6,11.56,11.6,11.55,7,710,8235.0
2021-09-13,2021-09-13,ASHSI,X,10.69,10.69,9.53,10.26,10.0,58,4411,44723.0
2021-09-13,2021-09-13,BANARBEADS,B,66.8,66.95,66.5,66.6,65.5,10,225,15029.0
2021-09-13,2021-09-13,AREXMIS,XT,92.15,101.0,92.15,92.15,97.0,5,58,5353.0
2021-09-13,2021-09-13,BI,XT,74.3,76.5,74.3,75.0,77.2,363,15237,1146034.0
2021-09-13,2021-09-13,ISFL,X,3.79,3.97,3.61,3.94,3.79,62,133904,520552.0
2021-09-13,2021-09-13,RISHILASE,X,14.83,14.83,13.6,14.65,14.23,30,5521,77440.0
2021-09-13,2021-09-13,JAINCO,XT,4.2,4.2,3.9,3.91,4.1,29,1559,6242.0
2021-09-13,2021-09-13,KUMPFIN,XT,6.96,6.96,6.96,6.96,6.96,3,1700,11832.0
2021-09-13,2021-09-13,INTECCAP,XT,17.8,17.8,17.8,17.8,17.8,7,675,12015.0
2021-09-13,2021-09-13,RAJSEC,Z,9.56,9.56,9.56,9.56,10.06,1,450,4302.0
2021-09-13,2021-09-13,63MOONS,B,93.0,95.65,93.0,93.45,95.6,415,15609,1461403.0
2021-09-13,2021-09-13,SARLAPOLY,B,44.1,47.85,43.0,46.65,44.1,1601,182705,8466374.0
2021-09-13,2021-09-13,HFIL,X,15.45,15.85,15.4,15.7,15.55,328,56443,881268.0
2021-09-13,2021-09-13,PADMAIND,X,4.88,4.88,4.88,4.88,4.65,2,100,488.0
2021-09-13,2021-09-13,21STCENMGM,B,37.5,37.5,37.5,37.5,36.8,18,2726,102225.0
2021-09-13,2021-09-13,HRYNSHP,X,117.3,119.9,114.5,117.5,119.0,175,8287,965918.0
2021-09-13,2021-09-13,TYROON,X,68.15,73.45,68.15,69.6,70.2,12,672,46589.0
2021-09-13,2021-09-13,LAOPALA,A,301.5,314.35,291.3,293.15,301.4,2363,37676,11468665.0
2021-09-13,2021-09-13,STYLAMIND,B,1055.4,1121.4,1050.0,1100.45,1045.55,1983,8492,9198454.0
2021-09-13,2021-09-13,VENUSREM,B,485.0,501.3,477.55,480.85,498.75,1003,12144,5918542.0
2021-09-13,2021-09-13,GUJCRAFT,X,82.9,82.9,78.6,78.95,79.35,60,7844,629730.0
2021-09-13,2021-09-13,DHOOTIN,X,97.7,97.7,97.7,97.7,93.05,22,4727,461827.0
2021-09-13,2021-09-13,SHBAJRG,X,270.0,270.0,255.3,261.45,259.2,83,5346,1408366.0
2021-09-13,2021-09-13,URJA,B,6.18,6.3,6.15,6.19,6.18,1111,416641,2587315.0
2021-09-13,2021-09-13,ASHAPURMIN,B,143.2,143.9,134.25,134.25,141.3,257,39342,5331331.0
2021-09-13,2021-09-13,SHREEPAC,XT,12.69,12.69,12.69,12.69,13.35,7,73,926.0
2021-09-13,2021-09-13,GUJALKALI,A,464.6,499.3,464.6,496.05,464.25,2307,55643,27038312.0
2021-09-13,2021-09-13,INDIACEM,A,182.0,182.05,178.15,178.65,182.0,1905,103165,18569742.0
2021-09-13,2021-09-13,JKTYRE,A,154.05,155.55,150.0,150.35,154.05,2200,75200,11371947.0
2021-09-13,2021-09-13,MANGCHEFER,B,74.85,75.6,74.1,74.5,74.75,351,14174,1059479.0
2021-09-13,2021-09-13,SIL,T,15.0,15.0,14.6,14.98,15.19,15,1933,28625.0
2021-09-13,2021-09-13,JUBLPHARMA,A,631.0,631.05,617.2,619.7,631.0,840,13480,8372646.0
2021-09-13,2021-09-13,THEINVEST,B,120.45,122.45,118.2,121.25,120.6,154,752,90705.0
2021-09-13,2021-09-13,SAMYAKINT,XT,16.5,16.5,16.5,16.5,16.5,1,10,165.0
2021-09-13,2021-09-13,SPARKLEGR,XT,3.6,3.6,3.6,3.6,3.43,1,1,3.0
2021-09-13,2021-09-13,ACKNIT,X,112.0,113.0,109.0,109.85,110.85,58,6387,702578.0
2021-09-13,2021-09-13,TITANSEC,XT,17.3,17.3,16.7,17.15,17.0,228,33037,558299.0
2021-09-13,2021-09-13,MOHOTAIND,T,9.48,9.48,9.48,9.48,9.03,28,13902,131790.0
2021-09-13,2021-09-13,REALECO,XT,8.45,8.45,8.45,8.45,8.05,2,6,50.0
2021-09-13,2021-09-13,VIVANZA,XT,113.4,113.4,113.0,113.0,108.0,2,32,3616.0
2021-09-13,2021-09-13,YASHRAJC,X,4.05,4.05,3.72,3.72,4.0,40,8549,34041.0
2021-09-13,2021-09-13,LORDSHOTL,XT,5.6,5.6,5.45,5.45,5.45,2,86,470.0
2021-09-13,2021-09-13,CSLFINANCE,X,113.75,118.85,113.4,115.25,116.05,101,4458,513867.0
2021-09-13,2021-09-13,SANGHVIMOV,B,178.0,181.0,177.85,179.95,178.4,186,3279,589907.0
2021-09-13,2021-09-13,ANTELOPUS,B,150.0,152.75,145.3,146.1,149.8,289,6350,949727.0
2021-09-13,2021-09-13,PURETROP,X,105.25,110.0,105.25,109.2,108.25,135,11118,1207467.0
2021-09-13,2021-09-13,FAZE3Q,X,334.0,336.0,293.0,317.8,309.55,2476,121087,38481810.0
2021-09-13,2021-09-13,ACEEDU,Z,0.96,0.96,0.96,0.96,0.96,1,1,0.0
2021-09-13,2021-09-13,PRADHIN,X,38.0,41.9,38.0,41.9,39.95,11,1074,44573.0
2021-09-13,2021-09-13,ANUPAM,X,13.4,13.67,12.5,13.67,13.02,88,37939,512875.0
2021-09-13,2021-09-13,RAJPACK,XT,31.9,31.9,31.0,31.0,30.95,12,1163,36632.0
2021-09-13,2021-09-13,PRIVISCL,A,1830.0,1911.3,1810.0,1887.95,1793.4,2339,13367,25142934.0
2021-09-13,2021-09-13,NATRAJPR,XT,88.5,88.5,83.8,83.8,88.2,85,5388,455035.0
2021-09-13,2021-09-13,SAMRATPH,X,201.1,205.9,198.0,199.35,202.75,124,1470,295730.0
2021-09-13,2021-09-13,NPRFIN,X,13.99,13.99,13.99,13.99,14.0,5,406,5679.0
2021-09-13,2021-09-13,NILE,X,536.0,547.8,535.0,542.4,539.05,85,2084,1134220.0
2021-09-13,2021-09-13,UDAICEMENT,X,40.0,40.45,39.65,39.8,40.05,2485,325838,13015286.0
2021-09-13,2021-09-13,AMCOIND,X,43.45,44.0,42.05,42.4,43.45,14,654,27784.0
2021-09-13,2021-09-13,OPTIEMUS,T,279.9,279.9,279.9,279.9,266.6,63,11508,3221089.0
2021-09-13,2021-09-13,KISAN,XT,18.85,19.05,17.25,17.25,18.15,342,107052,1886000.0
2021-09-13,2021-09-13,VIJAYTX,X,44.85,46.2,44.5,45.45,45.15,40,1732,78260.0
2021-09-13,2021-09-13,KERALAYUR,X,65.1,67.95,64.5,65.2,66.0,71,9275,603451.0
2021-09-13,2021-09-13,MONGIPA,XT,11.76,11.76,10.64,10.94,11.2,12,4645,53624.0
2021-09-13,2021-09-13,MOHITPPR,XT,9.75,9.75,9.5,9.5,9.75,3,300,2850.0
2021-09-13,2021-09-13,DAULAT,X,20.65,20.65,20.65,20.65,21.7,41,4301,88815.0
2021-09-13,2021-09-13,OSCARGLO,XT,5.26,5.26,5.26,5.26,5.01,3,650,3419.0
2021-09-13,2021-09-13,ODYSSEY,X,45.7,50.0,45.65,47.25,48.2,94,5818,277167.0
2021-09-13,2021-09-13,VKGLOBAL,X,6.18,6.18,6.18,6.18,5.89,2,5,30.0
2021-09-13,2021-09-13,SURATRAML,X,10.39,10.39,9.6,10.12,9.98,2731,866471,8750600.0
2021-09-13,2021-09-13,ATHARVENT,XT,1.65,1.7,1.57,1.59,1.65,56,21988,34940.0
2021-09-13,2021-09-13,FUNDVISER,XT,27.05,27.05,27.05,27.05,28.45,17,514,13903.0
2021-09-13,2021-09-13,THEMISMED,T,1015.0,1025.0,975.0,1000.0,1013.8,36,390,391239.0
2021-09-13,2021-09-13,KALLAM,XT,18.1,18.25,17.25,17.9,17.75,88,15777,281844.0
2021-09-13,2021-09-13,BRAWN,XT,20.0,21.0,19.0,19.1,20.0,27,1382,26585.0
2021-09-13,2021-09-13,FORINTL,XT,40.35,40.35,40.35,40.35,38.45,9,116,4680.0
2021-09-13,2021-09-13,KINGSINFR,X,33.25,33.5,32.2,32.65,32.3,209,118798,3883383.0
2021-09-13,2021-09-13,NUTRICIRCLE,X,80.85,80.85,77.0,77.0,77.0,5,13,1047.0
2021-09-13,2021-09-13,SUBSM,XT,12.9,13.25,12.9,13.25,12.62,11,1486,19689.0
2021-09-13,2021-09-13,AUROLAB,XT,130.35,130.35,121.0,124.9,125.6,123,4433,550957.0
2021-09-13,2021-09-13,KJMCFIN,XT,30.45,30.45,27.55,30.4,29.0,11,380,10746.0
2021-09-13,2021-09-13,SUVEN,A,87.6,87.6,84.1,84.35,84.95,513,24362,2066017.0
2021-09-13,2021-09-13,ARYAMAN,X,45.3,45.3,45.3,45.3,45.3,1,4,181.0
2021-09-13,2021-09-13,BRIDGESE,XT,42.9,42.9,42.9,42.9,45.15,5,65,2788.0
2021-09-13,2021-09-13,RISAINTL,Z,0.34,0.34,0.34,0.34,0.33,18,55217,18773.0
2021-09-13,2021-09-13,RAJTUBE,X,12.3,12.3,12.3,12.3,12.33,1,10,123.0
2021-09-13,2021-09-13,KAYPOWR,XT,3.1,3.3,3.0,3.3,3.15,21,1722,5605.0
2021-09-13,2021-09-13,INTSTOIL,XT,18.0,18.0,18.0,18.0,18.0,8,1123,20214.0
2021-09-13,2021-09-13,GLOBALCA,Z,3.34,3.34,3.34,3.34,3.51,14,10622,35477.0
2021-09-13,2021-09-13,ARIGATO,XT,16.02,16.02,16.02,16.02,15.26,10,1010,16180.0
2021-09-13,2021-09-13,SPCAPIT,X,21.5,21.5,19.7,19.7,20.7,22,1358,27077.0
2021-09-13,2021-09-13,PAOS,X,8.99,8.99,8.99,8.99,8.99,2,11,98.0
2021-09-13,2021-09-13,KOTHARIPRO,T,98.0,98.95,96.25,98.95,99.7,19,919,90109.0
2021-09-13,2021-09-13,PICCADIL,X,20.3,20.75,19.65,20.1,19.95,620,103441,2078231.0
2021-09-13,2021-09-13,CLSEL,B,118.0,120.8,116.2,117.55,118.3,318,12982,1535583.0
2021-09-13,2021-09-13,CHANDRAP,XT,148.0,152.9,143.35,143.9,150.85,224,17999,2590172.0
2021-09-13,2021-09-13,KIMIABL,X,44.4,44.5,42.05,44.2,42.5,32,2378,104770.0
2021-09-13,2021-09-13,HINDTIN,X,124.8,129.5,120.25,127.85,123.35,571,53260,6752128.0
2021-09-13,2021-09-13,GODAVARI,X,76.3,76.3,73.75,74.45,76.1,117,7991,601119.0
2021-09-13,2021-09-13,PREMCO,X,493.35,495.0,464.1,490.35,483.65,51,1782,874916.0
2021-09-13,2021-09-13,MUKESHB,X,132.05,150.6,126.25,137.1,136.95,89,4930,658729.0
2021-09-13,2021-09-13,GENUSPOWER,B,64.1,68.3,63.4,67.45,64.1,1287,133891,8790437.0
2021-09-13,2021-09-13,ASIANENE,X,146.45,148.45,142.0,143.65,143.7,584,63718,9217312.0
2021-09-13,2021-09-13,KBSINDIA,X,5.01,5.01,4.81,4.81,5.05,11,5251,25276.0
2021-09-13,2021-09-13,UGARSUGAR,B,27.25,27.5,26.25,26.9,27.1,189,20482,548914.0
2021-09-13,2021-09-13,ORIENTBELL,B,345.45,353.0,340.6,342.55,342.3,375,6800,2357081.0
2021-09-13,2021-09-13,NRBBEARING,A,140.2,143.0,140.2,140.85,140.6,1692,60015,8505725.0
2021-09-13,2021-09-13,VAMSHIRU,X,19.45,19.45,19.45,19.45,19.25,4,530,10308.0
2021-09-13,2021-09-13,NILAINFRA,B,5.6,5.61,5.39,5.52,5.45,259,205411,1137208.0
2021-09-13,2021-09-13,DBSTOCKBRO,T,19.8,19.8,19.8,19.8,20.8,14,764,15127.0
2021-09-13,2021-09-13,VINYOFL,XT,26.0,27.3,24.75,27.0,26.0,17,1741,43650.0
2021-09-13,2021-09-13,JINDCAP,X,15.8,15.8,15.05,15.05,15.8,14,4504,67812.0
2021-09-13,2021-09-13,EPIC,X,4.43,4.43,4.22,4.22,4.22,20,6541,27624.0
2021-09-13,2021-09-13,SUMEDHA,X,28.1,29.6,27.05,27.6,28.35,90,8008,227110.0
2021-09-13,2021-09-13,KUWERIN,XT,7.02,7.02,6.5,6.51,6.69,11,1306,9098.0
2021-09-13,2021-09-13,CHOKSI,X,29.9,29.9,27.8,28.15,28.0,466,71882,2053422.0
2021-09-13,2021-09-13,ASHISHPO,X,11.79,12.39,11.0,12.39,11.79,9,664,7372.0
2021-09-13,2021-09-13,ADORFO,X,69.95,69.95,68.0,69.3,69.0,265,40372,2777102.0
2021-09-13,2021-09-13,SHIVAAGRO,XT,65.5,66.35,63.35,66.35,63.2,148,20780,1367424.0
2021-09-13,2021-09-13,SIDDHA,XT,2.59,2.59,2.47,2.58,2.6,30,6219,15599.0
2021-09-13,2021-09-13,KIRANSY-B,X,3.06,3.09,3.06,3.09,3.18,2,20,61.0
2021-09-13,2021-09-13,SUMERUIND,XT,1.19,1.19,1.14,1.19,1.19,11,6597,7690.0
2021-09-13,2021-09-13,RUNGTAIR,XT,21.0,22.0,20.95,21.75,21.0,8,635,13833.0
2021-09-13,2021-09-13,GTTDATA,X,2.1,2.1,2.1,2.1,2.1,1,600,1260.0
2021-09-13,2021-09-13,VALSONQ,X,19.95,19.95,18.9,18.95,19.2,39,2199,42852.0
2021-09-13,2021-09-13,SABOOSOD,XT,19.2,19.2,18.45,18.55,19.0,225,37160,700730.0
2021-09-13,2021-09-13,TINNARUBR,X,88.1,92.5,88.1,92.2,88.1,107,23267,2142539.0
2021-09-13,2021-09-13,VIKRAMTH,X,205.0,205.0,201.0,201.75,205.05,142,6135,1241359.0
2021-09-13,2021-09-13,STRATMONT,Z,30.0,30.0,29.1,29.1,30.6,3,1600,46599.0
2021-09-13,2021-09-13,AKCAPIT,X,450.0,467.9,444.0,445.45,458.05,86,2230,994880.0
2021-09-13,2021-09-13,RELAXO,A,1187.5,1200.0,1185.0,1197.4,1180.1,3471,27455,32780271.0
2021-09-13,2021-09-13,VIRAT,X,42.65,43.85,42.0,42.25,43.5,17,1309,55420.0
2021-09-13,2021-09-13,RRETAIL,XT,7.96,7.96,7.96,7.96,7.59,13,19262,153325.0
2021-09-13,2021-09-13,TERAI,X,53.8,53.8,51.15,53.75,53.15,5,390,20437.0
2021-09-13,2021-09-13,MARGLTD,Z,4.67,4.89,4.44,4.44,4.67,73,51505,232091.0
2021-09-13,2021-09-13,COSCO,X,150.05,158.9,145.0,148.45,153.4,61,1642,244911.0
2021-09-13,2021-09-13,SHILPAMED,A,609.95,610.45,583.55,586.9,609.55,903,19885,11847701.0
2021-09-13,2021-09-13,PARACABLES,T,13.5,13.5,12.8,12.9,13.47,100,21817,282016.0
2021-09-13,2021-09-13,NCLRESE,XT,1.26,1.27,1.26,1.27,1.21,127,99686,126329.0
2021-09-13,2021-09-13,KOIYAIN,X,3.15,3.19,2.9,2.99,3.04,66,7462,22649.0
2021-09-13,2021-09-13,EXPLICITFIN,XT,3.59,3.59,3.59,3.59,3.59,7,1671,5998.0
2021-09-13,2021-09-13,LADDERUP,X,23.6,23.6,21.8,22.25,23.6,23,2117,47829.0
2021-09-13,2021-09-13,UYFINCORP,X,18.96,19.25,18.02,18.02,18.96,1309,1508036,27728700.0
2021-09-13,2021-09-13,SWASTIKA,X,130.0,137.0,130.0,131.05,132.2,64,2201,290520.0
2021-09-13,2021-09-13,PRIMAPLA,X,129.0,129.0,121.05,125.15,127.6,150,9692,1195407.0
2021-09-13,2021-09-13,TELECANOR,XT,8.5,8.5,8.5,8.5,8.5,6,133,1130.0
2021-09-13,2021-09-13,JAGSONSER,XT,4.9,4.9,4.9,4.9,5.15,4,500,2450.0
2021-09-13,2021-09-13,CARNATIN,X,5.53,5.53,5.29,5.29,5.56,5,174,942.0
2021-09-13,2021-09-13,STURDY,XT,0.49,0.49,0.49,0.49,0.51,1,2000,980.0
2021-09-13,2021-09-13,GARGFUR,XT,20.9,20.9,20.9,20.9,19.95,2,90,1881.0
2021-09-13,2021-09-13,SAMPRE,XT,16.0,16.9,16.0,16.9,16.1,3,501,8466.0
2021-09-13,2021-09-13,AAIL,X,24.4,25.25,24.4,24.5,24.75,28,4003,99111.0
2021-09-13,2021-09-13,VIPULORG,X,180.0,184.8,173.65,175.5,179.45,101,4090,727373.0
2021-09-13,2021-09-13,ECORECO,XT,74.75,74.75,71.8,72.2,72.55,230,12244,889122.0
2021-09-13,2021-09-13,GOODLUCK,B,308.1,313.35,303.45,307.6,305.45,719,13296,4101140.0
2021-09-13,2021-09-13,GOYALASS,XT,4.3,4.38,4.27,4.38,4.18,47,59561,258409.0
2021-09-13,2021-09-13,ZENITHHE,XT,7.3,7.4,7.0,7.02,7.12,550,94438,671099.0
2021-09-13,2021-09-13,ACEENGITEC,XT,7.96,7.96,7.96,7.96,8.37,2,5000,39800.0
2021-09-13,2021-09-13,YORKEXP,XT,28.45,28.45,28.45,28.45,27.1,9,637,18122.0
2021-09-13,2021-09-13,SUPREME,X,18.65,19.9,18.65,19.25,19.1,50,6008,116053.0
2021-09-13,2021-09-13,LYKISLTD,XT,28.7,31.7,28.7,31.7,30.2,141,29375,871652.0
2021-09-13,2021-09-13,PRIMEPRO,X,14.35,14.4,14.1,14.11,14.12,12,1122,15858.0
2021-09-13,2021-09-13,ZENLABS,X,36.4,38.4,35.25,37.5,37.1,16,447,16431.0
2021-09-13,2021-09-13,RAJRILTD,Z,0.28,0.28,0.28,0.28,0.29,13,25404,7113.0
2021-09-13,2021-09-13,ANIRIT,P,7.35,7.35,7.35,7.35,7.0,1,100,735.0
2021-09-13,2021-09-13,GOWRALE,XT,25.7,25.7,25.45,25.45,24.75,6,427,10948.0
2021-09-13,2021-09-13,JAGANLAM,X,51.55,52.0,50.1,51.3,51.55,75,5021,257042.0
2021-09-13,2021-09-13,AJEL,Z,3.15,3.3,3.15,3.3,3.15,8,203,655.0
2021-09-13,2021-09-13,ALPSINDUS,T,2.0,2.0,1.9,2.0,1.91,21,11037,22029.0
2021-09-13,2021-09-13,ASITCFIN,X,84.75,84.75,76.8,83.9,80.75,5,102,7860.0
2021-09-13,2021-09-13,ENCODE,X,21.5,21.5,21.5,21.5,22.35,2,80,1720.0
2021-09-13,2021-09-13,OVOBELE,P,26.25,26.3,26.2,26.2,27.55,4,400,10500.0
2021-09-13,2021-09-13,CHALLANI,XT,8.0,8.0,8.0,8.0,8.0,8,7486,59888.0
2021-09-13,2021-09-13,CORNE,XT,3.3,3.41,3.3,3.41,3.41,5,226,768.0
2021-09-13,2021-09-13,STERTOOLS,B,200.0,201.6,196.65,197.5,201.0,891,10400,2068428.0
2021-09-13,2021-09-13,AGARWAL,X,2.52,2.52,2.52,2.52,2.4,3,1868,4707.0
2021-09-13,2021-09-13,INFRAINDUS,Z,6.0,6.0,6.0,6.0,6.0,4,503,3018.0
2021-09-13,2021-09-13,DYNAMICP,X,6.26,6.26,6.0,6.0,6.26,9,2048,12291.0
2021-09-13,2021-09-13,INLANPR,X,20.0,20.0,20.0,20.0,19.05,1,5,100.0
2021-09-13,2021-09-13,CEEJAY,X,116.0,116.0,105.0,107.1,109.65,34,1954,209168.0
2021-09-13,2021-09-13,SUNCITYSY,XT,7.52,7.52,7.52,7.52,7.91,1,25,188.0
2021-09-13,2021-09-13,SHGANEL,XT,25.5,25.5,25.5,25.5,26.8,10,165,4207.0
2021-09-13,2021-09-13,BHAGERIA,B,240.1,254.0,240.1,250.2,245.9,742,13335,3322545.0
2021-09-13,2021-09-13,OIVL,X,11.65,12.23,11.65,12.23,11.65,2,3,35.0
2021-09-13,2021-09-13,BNRUDY,X,18.29,18.29,18.14,18.24,16.7,18,4163,75887.0
2021-09-13,2021-09-13,KRBL,A,255.0,261.0,255.0,257.45,257.65,1045,42698,11065260.0
2021-09-13,2021-09-13,REFNOLRESIN,X,30.0,30.0,28.0,28.05,29.7,24,899,25669.0
2021-09-13,2021-09-13,SSPDL,X,15.3,16.65,15.3,16.65,15.9,14,2664,43188.0
2021-09-13,2021-09-13,DAIKAFFI,X,30.95,31.75,29.4,30.95,29.8,32,3498,106270.0
2021-09-13,2021-09-13,CILSEC,X,18.85,18.85,16.3,17.65,17.3,25,794,13543.0
2021-09-13,2021-09-13,CLIOINFO,XT,1.97,1.98,1.81,1.98,1.89,32,5214,10213.0
2021-09-13,2021-09-13,CUPID,B,234.0,239.9,231.85,234.8,229.45,598,12086,2845933.0
2021-09-13,2021-09-13,SUNSHIEL,X,314.95,314.95,308.0,310.0,309.65,168,25953,8046164.0
2021-09-13,2021-09-13,HIPOLIN,XT,42.0,42.0,42.0,42.0,40.3,3,4,168.0
2021-09-13,2021-09-13,CHEMBOND,B,219.4,230.65,218.95,228.55,221.85,250,4319,978913.0
2021-09-13,2021-09-13,CIFL,X,120.2,122.6,116.15,119.0,120.2,41,1083,128196.0
2021-09-13,2021-09-13,ABVL,XT,21.2,21.2,21.2,21.2,20.2,11,2141,45389.0
2021-09-13,2021-09-13,SUCROSA,X,7.18,7.18,6.83,6.99,6.97,95,27109,188019.0
2021-09-13,2021-09-13,AUDROC,XT,0.53,0.54,0.51,0.52,0.53,620,493930,259745.0
2021-09-13,2021-09-13,NGIND,X,52.1,57.9,52.1,55.05,54.7,46,3276,179243.0
2021-09-13,2021-09-13,JRFOODS,XT,4.18,4.18,3.8,4.15,3.99,50,7714,32052.0
2021-09-13,2021-09-13,REMSONSIND,T,205.15,219.0,202.6,213.0,209.5,31,571,118549.0
2021-09-13,2021-09-13,RAMSONS,XT,15.86,15.86,15.45,15.86,15.11,6,944,14772.0
2021-09-13,2021-09-13,AQYLON,T,1.33,1.38,1.33,1.38,1.4,4,1900,2572.0
2021-09-13,2021-09-13,RAMINFO,X,62.15,63.95,60.5,63.6,62.15,271,56370,3533818.0
2021-09-13,2021-09-13,SUNILAGR,X,49.85,51.65,47.35,50.35,47.4,23,965,48916.0
2021-09-13,2021-09-13,DIANATEA,X,25.4,25.6,24.6,24.75,25.15,74,9740,243405.0
2021-09-13,2021-09-13,VIKASECO,B,2.17,2.17,2.1,2.11,2.14,264,1250025,2648523.0
2021-09-13,2021-09-13,IOC,A,112.8,114.3,112.45,114.0,112.8,6143,669277,75851302.0
2021-09-13,2021-09-13,ALFAICA,XT,37.25,37.25,34.9,35.35,36.5,2,5,176.0
2021-09-13,2021-09-13,SKCIL,X,57.95,58.05,57.6,57.6,57.95,11,3383,195824.0
2021-09-13,2021-09-13,INDIAHOME,X,41.5,41.5,38.25,40.95,40.6,62,3003,120557.0
2021-09-13,2021-09-13,JPTSEC,XT,10.98,11.52,10.98,11.51,10.98,9,777,8697.0
2021-09-13,2021-09-13,ROOPAIND,X,15.75,15.75,14.45,15.25,15.0,11,8462,129330.0
2021-09-13,2021-09-13,UNIQUEO,X,14.01,16.0,14.01,15.9,15.0,21,1330,20938.0
2021-09-13,2021-09-13,BALAMINES,A,4359.0,4719.0,4346.1,4641.85,4313.8,2715,14713,66859356.0
2021-09-13,2021-09-13,ARISE,X,10.2,10.92,9.88,10.92,10.4,12,275,2980.0
2021-09-13,2021-09-13,VISAGAR,XT,1.65,1.65,1.54,1.59,1.62,225,104263,165307.0
2021-09-13,2021-09-13,COMPEAU,X,208.1,217.45,208.0,208.75,208.0,37,1302,274772.0
2021-09-13,2021-09-13,ZDHJERK,XT,10.09,10.09,10.09,10.09,10.62,4,500,5045.0
2021-09-13,2021-09-13,NEELKAN,Z,9.7,9.7,9.7,9.7,9.7,7,831,8060.0
2021-09-13,2021-09-13,VINTAGES,X,6.6,6.6,6.43,6.43,6.43,2,21,135.0
2021-09-13,2021-09-13,CONTILI,XT,19.95,19.95,19.0,19.95,19.95,12,1237,24404.0
2021-09-13,2021-09-13,VIJSOLX,XT,2680.0,2680.0,2473.35,2497.05,2603.5,815,4087,10329948.0
2021-09-13,2021-09-13,SHRIKRISH,X,14.95,15.5,14.55,15.35,14.6,26,6040,90827.0
2021-09-13,2021-09-13,ALANKIT,B,15.25,15.7,15.25,15.55,15.35,507,105060,1632566.0
2021-09-13,2021-09-13,NIHARINF,XT,8.14,8.14,7.38,7.38,7.76,19,3338,24699.0
2021-09-13,2021-09-13,OMINFRAL,B,28.3,28.8,28.05,28.35,28.4,81,6117,174174.0
2021-09-13,2021-09-13,ISHANCH,X,97.8,99.75,94.0,95.05,95.35,521,59827,5828838.0
2021-09-13,2021-09-13,GOTHIPL,P,22.0,22.0,21.0,21.0,22.0,4,700,15200.0
2021-09-13,2021-09-13,BALUFORGE,X,260.0,260.0,255.2,260.0,258.5,16,437,113470.0
2021-09-13,2021-09-13,CEENIK,X,6.06,6.06,6.06,6.06,5.78,2,400,2424.0
2021-09-13,2021-09-13,PATELENG,A,16.1,17.15,15.95,16.7,16.05,580,278632,4569854.0
2021-09-13,2021-09-13,MENAMANI,X,12.5,12.5,12.5,12.5,13.1,1,25,312.0
2021-09-13,2021-09-13,INANI,X,23.15,24.35,22.2,22.65,23.1,65,4750,109866.0
2021-09-13,2021-09-13,GEMSI,X,1.56,1.56,1.44,1.49,1.5,168,97094,144579.0
2021-09-13,2021-09-13,MEDICAMEQ,X,628.5,639.0,623.6,625.5,628.1,101,2226,1409063.0
2021-09-13,2021-09-13,ALICON,B,816.3,816.3,788.7,789.85,810.9,356,1734,1396768.0
2021-09-13,2021-09-13,DILIGENT,XT,15.0,15.0,15.0,15.0,15.0,1,1,15.0
2021-09-13,2021-09-13,EPSOMPRO,X,3.84,3.84,3.84,3.84,3.84,2,58,222.0
2021-09-13,2021-09-13,ALFAVIO,X,38.95,39.1,38.95,39.1,38.85,5,500,19508.0
2021-09-13,2021-09-13,ORGCOAT,X,5.72,5.72,5.72,5.72,6.02,1,99,566.0
2021-09-13,2021-09-13,CATVISION,XT,11.0,11.76,10.64,11.73,11.2,33,6901,78619.0
2021-09-13,2021-09-13,ABMKNO,X,125.8,125.8,121.0,124.6,123.3,49,7807,973828.0
2021-09-13,2021-09-13,EMAMILTD,A,609.0,609.0,586.0,591.75,591.95,917,14408,8551961.0
2021-09-13,2021-09-13,KEMISTAR,X,41.15,44.1,38.55,40.05,41.95,28,5437,225138.0
2021-09-13,2021-09-13,SKPSEC,X,55.7,60.95,55.7,60.95,55.7,4,132,8019.0
2021-09-13,2021-09-13,PRANAVSPIN,X,26.45,27.4,26.3,26.4,27.6,12,3019,79545.0
2021-09-13,2021-09-13,SYSCHEM,XT,8.58,8.61,8.5,8.61,8.2,87,53011,456324.0
2021-09-13,2021-09-13,BLSINFOTE,XT,0.29,0.29,0.29,0.29,0.28,7,32400,9396.0
2021-09-13,2021-09-13,MEFCOMCAP,X,11.6,12.75,11.6,12.75,12.15,3,101,1286.0
2021-09-13,2021-09-13,ARMANFIN,A,909.0,933.4,875.45,887.5,907.95,1013,7963,7173766.0
2021-09-13,2021-09-13,MIDINFRA,Z,1.2,1.2,1.14,1.14,1.19,26,8916,10176.0
2021-09-13,2021-09-13,GAGANPOLYCO,XT,1.8,1.93,1.75,1.85,1.84,44,7666,13942.0
2021-09-13,2021-09-13,GLANCE,X,52.05,52.05,52.05,52.05,51.0,1,1,52.0
2021-09-13,2021-09-13,SHILCTECH,X,206.0,206.0,201.85,202.15,201.5,9,125,25636.0
2021-09-13,2021-09-13,KWALITYCRED,XT,8.6,8.6,8.6,8.6,8.6,3,94,808.0
2021-09-13,2021-09-13,NUCLEUS,A,520.0,546.55,520.0,537.15,534.25,788,6746,3621065.0
2021-09-13,2021-09-13,COLINZ,XT,18.0,18.1,17.25,18.0,17.25,20,1588,28557.0
2021-09-13,2021-09-13,NLFL,X,28.25,29.45,27.45,29.4,28.2,20,524,14806.0
2021-09-13,2021-09-13,MANAPPURAM,A,166.6,166.8,164.0,165.35,165.0,1167,114593,18962354.0
2021-09-13,2021-09-13,RTSPOWR,X,67.25,67.25,63.05,64.85,64.65,99,8894,581768.0
2021-09-13,2021-09-13,COMFINTE,XT,18.05,19.85,18.05,19.75,19.0,66,6653,124175.0
2021-09-13,2021-09-13,MAYURFL,XT,4.79,4.79,4.79,4.79,4.79,9,9,43.0
2021-09-13,2021-09-13,ANJANI,X,25.2,26.0,24.65,25.0,25.2,23,1311,32636.0
2021-09-13,2021-09-13,XTGLOBAL,X,39.45,39.45,38.55,39.2,38.6,119,12906,502941.0
2021-09-13,2021-09-13,RANDER,X,3.62,3.62,3.62,3.62,3.55,6,1970,7131.0
2021-09-13,2021-09-13,RASIELEC,X,5.5,5.98,5.5,5.86,5.39,149,43999,254764.0
2021-09-13,2021-09-13,SCOOBEEDAY,XT,192.0,193.9,181.0,187.0,186.4,21,460,85456.0
2021-09-13,2021-09-13,CITIPOR,XT,16.6,17.0,15.45,15.45,16.25,3,207,3207.0
2021-09-13,2021-09-13,DHRUVCA,X,6.35,6.35,6.35,6.35,6.68,2,60,381.0
2021-09-13,2021-09-13,LINC,B,208.05,227.5,207.1,226.65,213.0,148,2720,607683.0
2021-09-13,2021-09-13,PRIMAIN,XT,22.95,23.05,22.0,22.5,22.0,13,897,20217.0
2021-09-13,2021-09-13,ANERI,X,3.28,3.28,3.12,3.28,3.28,5,851,2791.0
2021-09-13,2021-09-13,INDGELA,X,122.9,123.75,118.05,121.4,120.8,61,2202,267311.0
2021-09-13,2021-09-13,OPTIFIN,X,33.1,34.75,33.1,33.1,34.8,9,907,30198.0
2021-09-13,2021-09-13,PARAGONF,X,16.05,19.0,16.05,18.9,19.0,13,1257,23749.0
2021-09-13,2021-09-13,VELLORA,X,18.75,18.75,17.3,17.3,18.2,100,11270,196412.0
2021-09-13,2021-09-13,REFEXRENEW,X,51.0,53.55,48.45,53.5,51.0,16,925,45650.0
2021-09-13,2021-09-13,VSTTILLERS,A,2770.0,2791.6,2716.4,2727.6,2753.4,549,1927,5288259.0
2021-09-13,2021-09-13,B2BSOFT,XT,32.55,32.55,29.8,31.5,31.0,245,18827,587043.0
2021-09-13,2021-09-13,NIKKIGL,X,4.6,4.6,4.6,4.6,4.65,4,696,3201.0
2021-09-13,2021-09-13,RADHEDE,XT,28.9,28.9,28.9,28.9,27.55,50,18150,524535.0
2021-09-13,2021-09-13,ELIXIR,XT,42.1,44.95,42.1,44.0,42.95,16,722,31620.0
2021-09-13,2021-09-13,TRISHAKT,X,26.6,26.6,26.6,26.6,25.35,22,6448,171516.0
2021-09-13,2021-09-13,MARBLE,XT,5.5,5.5,5.23,5.5,5.5,33,3907,21091.0
2021-09-13,2021-09-13,NATPLASTI,X,71.0,71.0,64.3,67.5,68.75,34,3749,253422.0
2021-09-13,2021-09-13,NATFIT,X,52.75,54.9,52.15,53.75,54.55,23,2972,159221.0
2021-09-13,2021-09-13,ARTEFACT,X,44.2,44.2,42.5,42.5,42.9,8,122,5198.0
2021-09-13,2021-09-13,AMITINT,XT,3.77,3.77,3.77,3.77,3.77,5,1512,5700.0
2021-09-13,2021-09-13,DHPIND,X,644.95,644.95,609.0,618.05,631.6,76,1396,875197.0
2021-09-13,2021-09-13,RRIL,X,12.35,12.35,11.8,12.0,12.1,71,8850,106884.0
2021-09-13,2021-09-13,AVAILFC,XT,85.0,85.0,80.1,84.45,82.1,76,15451,1296916.0
2021-09-13,2021-09-13,MGIL,XT,3.87,3.87,3.87,3.87,4.07,2,100,387.0
2021-09-13,2021-09-13,HAVISHA,T,1.29,1.39,1.29,1.29,1.35,65,24113,31259.0
2021-09-13,2021-09-13,JAYIND,XT,8.01,8.01,8.01,8.01,8.4,2,198,1585.0
2021-09-13,2021-09-13,ROSELABS,X,25.85,25.85,25.15,25.85,24.65,7,2952,76307.0
2021-09-13,2021-09-13,CHARMS,X,2.25,2.31,2.09,2.31,2.2,9,4024,8849.0
2021-09-13,2021-09-13,KRETTOSYS,XT,5.65,5.77,5.23,5.25,5.5,18,10713,56501.0
2021-09-13,2021-09-13,ZYDUSWELL,A,2363.95,2431.75,2363.95,2400.15,2365.85,784,3834,9224488.0
2021-09-13,2021-09-13,AUROMACOKE,Z,7.51,7.51,7.51,7.51,7.51,6,93,698.0
2021-09-13,2021-09-13,WINPRO,B,8.85,9.05,8.55,8.71,9.0,296,126933,1113221.0
2021-09-13,2021-09-13,BERVINL,XT,22.0,23.95,22.0,22.0,22.85,14,630,14559.0
2021-09-13,2021-09-13,GUJINV,XT,4.7,4.7,4.7,4.7,4.94,5,378,1776.0
2021-09-13,2021-09-13,CONCOR,A,747.0,754.1,736.75,740.0,742.85,1583,53705,39919330.0
2021-09-13,2021-09-13,EASTRED,X,44.6,46.95,44.5,46.6,44.6,20,414,19170.0
2021-09-13,2021-09-13,PANACEABIO,A,301.0,301.0,288.2,289.55,296.95,672,10200,2973734.0
2021-09-13,2021-09-13,PEETISEC,XT,14.0,14.45,13.25,13.25,13.9,50,3435,46174.0
2021-09-13,2021-09-13,CHOICEIN,X,140.0,141.0,137.05,137.65,140.05,53,3832,536598.0
2021-09-13,2021-09-13,SRAMSET,X,97.7,107.0,93.35,104.2,97.7,36,2887,289148.0
2021-09-13,2021-09-13,EKANSH,X,24.5,25.5,24.25,25.5,23.45,18,5575,136571.0
2021-09-13,2021-09-13,SPAR,XT,10.36,10.36,10.36,10.36,10.36,5,2129,22056.0
2021-09-13,2021-09-13,BYKE,B,27.5,28.35,27.15,27.6,27.6,122,14760,407660.0
2021-09-13,2021-09-13,CSURGSU,X,54.0,54.2,50.15,51.2,54.0,6,41,2175.0
2021-09-13,2021-09-13,ARIHANT,B,26.45,27.5,25.65,26.7,26.45,71,5517,144347.0
2021-09-13,2021-09-13,UPSURGE,X,30.95,30.95,28.7,28.7,29.5,25,2374,68345.0
2021-09-13,2021-09-13,WOMENNET,XT,2.7,2.78,2.7,2.78,2.65,12,1115,3090.0
2021-09-13,2021-09-13,SOURCENTRL,X,145.0,148.7,144.8,146.7,142.0,19,714,103518.0
2021-09-13,2021-09-13,ALMONDZ,B,74.45,75.5,73.7,74.85,73.9,20,1990,147981.0
2021-09-13,2021-09-13,LWSKNIT,XT,9.27,9.7,9.27,9.7,9.27,17,3807,36891.0
2021-09-13,2021-09-13,ALCHCORP,XT,11.63,11.63,11.63,11.63,11.08,6,1895,22038.0
2021-09-13,2021-09-13,TUNITEX,Z,1.4,1.4,1.28,1.39,1.34,678,592795,811241.0
2021-09-13,2021-09-13,RADIXIND,XT,37.05,37.05,36.85,36.85,36.55,4,48,1775.0
2021-09-13,2021-09-13,NARPROP,X,19.75,21.35,19.75,19.75,20.75,26,6301,124461.0
2021-09-13,2021-09-13,MEGACOR,XT,1.37,1.4,1.28,1.3,1.34,321,205915,272974.0
2021-09-13,2021-09-13,BMBMUMG,Z,1.8,1.8,1.8,1.8,1.8,3,12,21.0
2021-09-13,2021-09-13,TNPL,A,134.6,135.7,132.65,134.1,135.0,490,14550,1956648.0
2021-09-13,2021-09-13,ADVENTCOMP,Z,2.29,2.29,2.18,2.18,2.29,23,7330,15983.0
2021-09-13,2021-09-13,SHAKTIPUMP,B,709.0,726.2,704.25,715.2,717.45,926,8426,6000402.0
2021-09-13,2021-09-13,SUNGOLD,X,1.75,1.78,1.62,1.63,1.7,34,10649,18224.0
2021-09-13,2021-09-13,PWASML,X,38.4,44.65,38.0,43.35,38.4,365,287411,11416093.0
2021-09-13,2021-09-13,GOLDTECH,T,25.75,25.75,25.75,25.75,24.55,15,6425,165443.0
2021-09-13,2021-09-13,GRMOVER,XT,995.0,1021.35,950.0,999.0,972.75,576,19446,19114303.0
2021-09-13,2021-09-13,MOHITIND,T,12.35,12.99,12.35,12.4,13.0,9,770,9583.0
2021-09-13,2021-09-13,POLYLINK,XT,19.65,19.95,18.35,19.8,19.25,38,2610,51395.0
2021-09-13,2021-09-13,MINAXI,XT,1.08,1.08,1.02,1.08,1.03,218,231121,247361.0
2021-09-13,2021-09-13,CONTICON,XT,4.15,4.15,4.15,4.15,3.96,3,335,1390.0
2021-09-13,2021-09-13,NOUVEAU,X,11.42,11.42,11.42,11.42,11.2,2,100,1142.0
2021-09-13,2021-09-13,DUKEOFS,XT,11.55,11.55,10.75,11.45,11.3,14,1431,15567.0
2021-09-13,2021-09-13,CGVAK,X,152.9,153.9,146.3,150.25,149.9,35,869,130417.0
2021-09-13,2021-09-13,NAVKARURB,XT,49.7,49.7,49.65,49.7,47.35,228,195764,9729313.0
2021-09-13,2021-09-13,MADHUCON,B,4.95,4.95,4.71,4.71,4.95,31,33869,159549.0
2021-09-13,2021-09-13,SYBLY,XT,5.86,6.18,5.65,6.08,5.89,40,10046,59698.0
2021-09-13,2021-09-13,RAJESHEXPO,A,614.95,614.95,603.65,606.55,611.5,467,4195,2545331.0
2021-09-13,2021-09-13,ESARIND,X,2.94,2.94,2.85,2.93,2.9,21,11002,31645.0
2021-09-13,2021-09-13,MARIS,X,61.0,61.3,58.1,60.75,61.1,25,3283,199581.0
2021-09-13,2021-09-13,INDERGR,X,3.07,3.07,3.07,3.07,2.94,1,10,30.0
2021-09-13,2021-09-13,EVEREADY,A,326.7,331.0,324.8,327.3,326.4,633,13350,4371894.0
2021-09-13,2021-09-13,ORIENTTR,XT,7.39,7.39,6.81,6.81,7.14,20,5149,35181.0
2021-09-13,2021-09-13,MAHANIN,XT,0.32,0.32,0.32,0.32,0.33,1,500,160.0
2021-09-13,2021-09-13,VIKASPROP,B,2.19,2.23,2.17,2.22,2.2,1469,327994,723667.0
2021-09-13,2021-09-13,ACESOFT,X,14.8,14.8,14.8,14.8,15.5,6,301,4454.0
2021-09-13,2021-09-13,HATSUN,A,1238.0,1282.45,1238.0,1265.7,1225.8,974,8042,10188628.0
2021-09-13,2021-09-13,RISHDIGA,XT,22.25,22.25,22.25,22.25,22.3,3,501,11147.0
2021-09-13,2021-09-13,MAINFRA,XT,44.05,45.75,43.15,44.5,44.95,28,1090,47996.0
2021-09-13,2021-09-13,KOBO,Z,4.45,4.5,4.14,4.5,4.35,32,14070,61923.0
2021-09-13,2021-09-13,JINDWORLD,B,87.0,87.0,81.1,81.6,83.6,781,42275,3549188.0
2021-09-13,2021-09-13,SOMANYCERA,T,680.0,711.0,675.0,707.1,690.9,267,4156,2898506.0
2021-09-13,2021-09-13,RAGHUTOB,X,6.72,7.45,6.72,6.94,7.46,13,10239,70060.0
2021-09-13,2021-09-13,CORALFINAC,B,38.6,39.6,38.3,38.7,39.0,28,1811,69933.0
2021-09-13,2021-09-13,SANJIVIN,XT,31.25,32.75,30.15,30.6,31.25,42,8151,254460.0
2021-09-13,2021-09-13,VASINFRA,X,3.2,3.52,3.2,3.52,3.36,4,2070,7270.0
2021-09-13,2021-09-13,KMFBLDR,X,2.88,2.89,2.85,2.85,2.89,7,2511,7236.0
2021-09-13,2021-09-13,BERYLSE,XT,7.45,7.45,7.45,7.45,7.1,2,5,37.0
2021-09-13,2021-09-13,RAP,XT,14.1,14.45,14.1,14.45,14.75,6,475,6795.0
2021-09-13,2021-09-13,DEVINE,XT,4.5,4.63,4.19,4.63,4.41,17,4474,19881.0
2021-09-13,2021-09-13,BAMPSL,XT,3.3,3.3,3.19,3.19,3.35,22,45176,144573.0
2021-09-13,2021-09-13,GENPHARMA,X,8.22,8.22,7.95,8.06,8.08,472,144500,1164305.0
2021-09-13,2021-09-13,INCON,XT,11.0,11.72,10.66,10.66,11.22,43,7051,76690.0
2021-09-13,2021-09-13,CGCL,A,517.3,517.3,501.25,501.8,509.65,1935,25168,12668246.0
2021-09-13,2021-09-13,FDC,A,353.5,371.95,348.25,369.4,345.8,3772,86657,31588306.0
2021-09-13,2021-09-13,GORANIN,X,17.8,17.8,17.65,17.65,17.05,4,105,1863.0
2021-09-13,2021-09-13,KGPETRO,X,385.0,399.95,385.0,387.0,387.2,17,361,139957.0
2021-09-13,2021-09-13,MAL,XT,1.43,1.43,1.43,1.43,1.5,2,200,286.0
2021-09-13,2021-09-13,COUNCODOS,B,2.96,3.06,2.81,3.0,2.9,187,68312,204295.0
2021-09-13,2021-09-13,OROSMITHS,X,3.3,3.3,3.04,3.2,3.2,9,1110,3561.0
2021-09-13,2021-09-13,LINCOLN,A,399.0,404.45,381.55,384.5,397.75,3645,71381,28051495.0
2021-09-13,2021-09-13,SILVOAK,X,47.85,47.85,44.6,44.75,46.9,19,843,38092.0
2021-09-13,2021-09-13,PRAVEG,X,117.4,117.4,112.5,113.45,116.85,182,8154,937784.0
2021-09-13,2021-09-13,SURAJLTD,X,56.1,59.0,56.1,56.4,59.0,13,766,43206.0
2021-09-13,2021-09-13,MARICO,A,584.0,587.25,570.65,575.5,574.85,3362,336826,194821033.0
2021-09-13,2021-09-13,MAHAVIRIND,XT,1.2,1.2,1.1,1.1,1.15,25,7109,8147.0
2021-09-13,2021-09-13,VAXHS,Z,0.99,0.99,0.99,0.99,1.04,5,1851,1832.0
2021-09-13,2021-09-13,ABATEAS,XT,9.24,9.24,9.24,9.24,9.72,1,400,3696.0
2021-09-13,2021-09-13,YUVRAAJHPL,XT,1.1,1.1,1.05,1.1,1.1,6,13400,14495.0
2021-09-13,2021-09-13,RRMETAL,X,47.15,48.95,44.65,46.2,47.0,38,2691,123201.0
2021-09-13,2021-09-13,VISIONCO,X,1.91,1.91,1.81,1.91,1.84,19,4675,8829.0
2021-09-13,2021-09-13,INANISEC,X,17.0,17.0,16.3,17.0,16.2,20,735,12428.0
2021-09-13,2021-09-13,CATTECHN,Z,0.8,0.8,0.74,0.74,0.77,29,4326,3368.0
2021-09-13,2021-09-13,ADVIKLA,XT,1.16,1.16,1.16,1.16,1.16,1,200,232.0
2021-09-13,2021-09-13,PRITHVIEXCH,X,23.0,23.2,23.0,23.2,23.15,2,70,1614.0
2021-09-13,2021-09-13,RAINBOWF,X,15.7,16.72,14.05,16.7,15.35,61,14747,230930.0
2021-09-13,2021-09-13,VIDHIING,B,371.4,396.85,360.0,387.65,373.8,5382,124815,47559593.0
2021-09-13,2021-09-13,BHAGCHEM,X,661.1,663.0,629.0,655.25,659.9,96,3567,2309233.0
2021-09-13,2021-09-13,PANCHSHEEL,X,103.75,112.0,103.75,109.7,110.4,94,4127,451505.0
2021-09-13,2021-09-13,MENNPIS,X,36.35,37.5,36.15,36.7,37.05,267,40721,1497764.0
2021-09-13,2021-09-13,GREENCREST,X,5.15,5.16,4.96,5.1,5.06,147,12990,66717.0
2021-09-13,2021-09-13,GENNEX,XT,7.7,7.84,7.25,7.55,7.51,1558,517580,3949357.0
2021-09-13,2021-09-13,GINISILK,X,56.75,60.9,53.6,58.9,55.6,25,922,52991.0
2021-09-13,2021-09-13,PRAENG,T,19.0,19.25,17.9,18.25,18.8,157,92226,1662703.0
2021-09-13,2021-09-13,BIOGEN,XT,0.78,0.78,0.72,0.72,0.75,8564,20256275,15120317.0
2021-09-13,2021-09-13,GKCONS,XT,2.89,2.89,2.89,2.89,3.04,3,21,60.0
2021-09-13,2021-09-13,APOLLOPIPE,A,1645.0,1645.0,1553.45,1575.95,1606.5,1642,9442,14883264.0
2021-09-13,2021-09-13,UNJHAFOR,X,9.3,9.89,9.3,9.79,9.61,8,832,7827.0
2021-09-13,2021-09-13,POLYMED,A,968.0,1018.5,968.0,998.55,981.25,1829,13947,14020271.0
2021-09-13,2021-09-13,PFLINFOTC,Z,2.9,3.0,2.73,2.92,2.86,9,3975,11354.0
2021-09-13,2021-09-13,KACHCHH,XT,9.02,9.96,9.02,9.96,9.49,4,303,2734.0
2021-09-13,2021-09-13,KCLINFRA,XT,2.49,2.49,2.49,2.49,2.62,29,6674,16618.0
2021-09-13,2021-09-13,ATULAUTO,B,195.55,199.05,193.75,196.7,195.25,199,2617,512916.0
2021-09-13,2021-09-13,PRERINFRA,X,19.4,20.5,19.1,20.4,19.75,36,3128,62933.0
2021-09-13,2021-09-13,METALCO,X,37.6,37.6,35.3,36.0,36.5,32,5901,211014.0
2021-09-13,2021-09-13,SGNTE,XT,0.39,0.39,0.37,0.39,0.38,84,74230,28452.0
2021-09-13,2021-09-13,GANGAPA,XT,79.4,81.9,76.05,76.4,79.4,16,502,40703.0
2021-09-13,2021-09-13,TIRSARJ,X,7.4,7.4,7.01,7.15,7.3,78,13565,97541.0
2021-09-13,2021-09-13,RODIUM,X,60.0,66.9,60.0,66.0,62.0,10,526,32661.0
2021-09-13,2021-09-13,NAGTECH,XT,4.58,4.58,4.58,4.58,4.82,1,50,229.0
2021-09-13,2021-09-13,LAHOTIOV,XT,24.0,24.0,22.1,23.25,23.25,59,6057,135746.0
2021-09-13,2021-09-13,ZENITHSTL,T,1.05,1.1,1.05,1.09,1.1,6,4350,4746.0
2021-09-13,2021-09-13,TRINITYLEA,XT,10.47,10.77,10.47,10.77,10.26,12,722,7730.0
2021-09-13,2021-09-13,ASTAR,B,862.0,935.4,862.0,899.9,905.0,23,228,205441.0
2021-09-13,2021-09-13,ORIRAIL,X,86.85,86.9,83.0,84.7,85.15,272,44925,3796701.0
2021-09-13,2021-09-13,JOINDRE,XT,26.8,26.8,24.7,25.5,26.0,49,7678,195069.0
2021-09-13,2021-09-13,BHARATAGRI,X,184.0,184.0,178.1,181.9,181.85,44,1464,264881.0
2021-09-13,2021-09-13,UNITINT,XT,8.8,9.2,8.34,8.35,8.77,43,6466,54923.0
2021-09-13,2021-09-13,SACHEMT,X,16.75,18.3,16.75,17.8,16.4,239,54285,949795.0
2021-09-13,2021-09-13,POPULARES,Z,5.96,5.96,5.96,5.96,6.27,5,235,1400.0
2021-09-13,2021-09-13,ANJANIFIN,X,5.69,5.69,5.14,5.16,5.69,22,4944,26115.0
2021-09-13,2021-09-13,PIONEERDIS,B,150.05,153.4,149.55,152.6,150.05,117,7611,1145488.0
2021-09-13,2021-09-13,GMETCOAL,Z,16.15,16.5,15.1,15.5,15.8,10,269,4271.0
2021-09-13,2021-09-13,REXNORD,X,52.1,54.6,52.0,52.4,52.75,75,5273,278016.0
2021-09-13,2021-09-13,KHANDSE,B,18.9,19.5,18.15,18.15,18.9,11,2283,43408.0
2021-09-13,2021-09-13,SAWACA,X,3.12,3.12,3.12,3.12,2.98,66,17926,55929.0
2021-09-13,2021-09-13,CCLINTER,X,12.85,13.49,12.4,13.05,12.85,16,1901,25371.0
2021-09-13,2021-09-13,CROISSANCE,XT,6.8,6.95,6.3,6.41,6.62,20,13872,91046.0
2021-09-13,2021-09-13,CASTORA,XT,4.55,4.55,4.45,4.55,4.6,21,507,2287.0
2021-09-13,2021-09-13,TWINSTAR,Z,2.12,2.12,2.03,2.03,2.13,49,29684,60388.0
2021-09-13,2021-09-13,AGARIND,B,328.95,328.95,310.0,313.1,315.6,122,1238,388140.0
2021-09-13,2021-09-13,DHAMPURE,X,32.6,34.95,32.6,33.8,34.15,32,4288,145748.0
2021-09-13,2021-09-13,SHAQUAK,XT,2.25,2.35,2.25,2.25,2.36,93,19220,43559.0
2021-09-13,2021-09-13,GOLCA,X,7.19,7.19,7.0,7.0,6.85,5,1975,13915.0
2021-09-13,2021-09-13,INNOCORP,X,2.8,2.8,2.8,2.8,2.8,1,13,36.0
2021-09-13,2021-09-13,SARTHAKIND,XT,79.7,79.7,79.7,79.7,75.95,4,140,11158.0
2021-09-13,2021-09-13,BLUECHIP,T,0.42,0.42,0.42,0.42,0.42,4,768,322.0
2021-09-13,2021-09-13,LEXORAA,XT,3.0,3.0,3.0,3.0,3.0,1,6,18.0
2021-09-13,2021-09-13,VERTEX,XT,2.49,2.52,2.31,2.49,2.4,66,19183,47066.0
2021-09-13,2021-09-13,RIBATEX,X,42.0,43.7,41.0,42.75,42.35,146,51288,2160071.0
2021-09-13,2021-09-13,SHREMETAL,XT,25.75,26.95,24.6,26.5,25.75,5,337,8351.0
2021-09-13,2021-09-13,TRIDENTTOOL,Z,9.38,9.38,8.5,9.38,8.94,23,1941,17723.0
2021-09-13,2021-09-13,CHLOGIST,XT,5.24,5.24,4.95,5.11,5.04,75,22622,114785.0
2021-09-13,2021-09-13,AMBIKCO,B,1696.0,1696.0,1592.65,1617.5,1603.75,971,3817,6182768.0
2021-09-13,2021-09-13,HINDALUMI,X,35.75,37.25,35.75,36.85,36.1,105,9691,353701.0
2021-09-13,2021-09-13,SPECFOOD,X,15.85,15.85,14.4,14.4,15.1,7,193,3049.0
2021-09-13,2021-09-13,AMRAAGRI,XT,0.48,0.49,0.46,0.46,0.48,925,1950062,917530.0
2021-09-13,2021-09-13,ODYCORP,X,4.0,4.0,3.81,3.87,3.87,15,17344,66808.0
2021-09-13,2021-09-13,INDCTST,X,22.95,22.95,22.95,22.95,21.9,1,25,573.0
2021-09-13,2021-09-13,SAMINDUS,X,23.0,23.1,22.65,22.7,22.2,23,4048,92826.0
2021-09-13,2021-09-13,SHVFL,XT,6.83,6.83,6.22,6.24,6.51,11,3181,21030.0
2021-09-13,2021-09-13,POOJAENT,XT,219.9,219.9,213.15,215.4,224.35,109,1431,306693.0
2021-09-13,2021-09-13,GRAVITY,XT,4.29,4.29,4.08,4.11,4.29,37,20201,83769.0
2021-09-13,2021-09-13,LCCINFOTEC,T,2.19,2.19,2.19,2.19,2.3,66,22294,48823.0
2021-09-13,2021-09-13,FILATFASH,XT,3.05,3.05,2.85,3.05,2.91,184,344954,1043551.0
2021-09-13,2021-09-13,SINDHUTRAD,XT,180.6,180.6,180.6,180.6,172.0,8,555029,100238237.0
2021-09-13,2021-09-13,JAINSTUDIOS,Z,2.1,2.1,2.1,2.1,2.0,8,21001,44102.0
2021-09-13,2021-09-13,UNISTRMU,XT,10.8,10.8,10.3,10.3,10.8,9,13217,136152.0
2021-09-13,2021-09-13,EMMSONSINT,Z,1.98,2.17,1.98,2.17,2.08,11,764,1596.0
2021-09-13,2021-09-13,ZENOTECH,X,52.45,52.45,51.35,51.75,51.35,130,6323,328112.0
2021-09-13,2021-09-13,HINDBIO,X,3.7,3.89,3.43,3.84,3.62,83,21961,80099.0
2021-09-13,2021-09-13,FRONTCORP,XT,17.4,18.2,16.55,17.95,17.4,5,281,4748.0
2021-09-13,2021-09-13,SWELECTES,B,215.75,220.0,215.0,219.75,215.8,47,384,83410.0
2021-09-13,2021-09-13,WALLFORT,XT,60.5,63.0,60.0,61.0,60.5,21,1476,89910.0
2021-09-13,2021-09-13,KDDL,B,421.95,432.95,412.45,420.15,421.15,75,669,281441.0
2021-09-13,2021-09-13,TRUSTEDGE,XT,14.82,15.1,14.7,15.1,14.39,11,791,11942.0
2021-09-13,2021-09-13,ABHICAP,XT,33.7,33.7,33.0,33.0,33.0,6,23,774.0
2021-09-13,2021-09-13,3BBLACKBIO,X,520.5,534.0,510.0,523.95,514.7,793,16751,8730826.0
2021-09-13,2021-09-13,GUJJUBHAI,X,20.7,20.7,18.5,19.05,20.9,100,57910,1131631.0
2021-09-13,2021-09-13,INTERDIGI,XT,0.16,0.16,0.16,0.16,0.16,148,252966,40474.0
2021-09-13,2021-09-13,MONIND,X,10.0,10.0,10.0,10.0,10.05,1,300,3000.0
2021-09-13,2021-09-13,ATVOENT,XT,1.94,1.94,1.77,1.77,1.86,284,212362,393311.0
2021-09-13,2021-09-13,EPUJA,X,2.45,2.53,2.33,2.47,2.39,243,83918,204628.0
2021-09-13,2021-09-13,MUKANDENGG,T,25.45,25.45,24.5,25.45,25.45,15,2100,52299.0
2021-09-13,2021-09-13,INDOCITY,XT,4.04,4.04,4.04,4.04,3.85,2,37,149.0
2021-09-13,2021-09-13,SBECSUG,XT,24.7,24.7,23.0,23.7,24.2,49,4001,93942.0
2021-09-13,2021-09-13,BRIJLEAS,X,2.72,2.72,2.59,2.59,2.72,6,1070,2884.0
2021-09-13,2021-09-13,AREALTY,Z,3.3,3.3,3.16,3.16,3.32,8,756,2480.0
2021-09-13,2021-09-13,BSELALGO,X,1.85,1.88,1.73,1.73,1.82,212,183734,322148.0
2021-09-13,2021-09-13,RELIABVEN,XT,13.36,13.36,13.36,13.36,13.38,9,214,2859.0
2021-09-13,2021-09-13,BANKBARODA,A,78.55,79.0,78.0,78.25,79.15,4521,856740,67202580.0
2021-09-13,2021-09-13,GTEIT,XT,0.69,0.72,0.69,0.72,0.69,16,1908,1366.0
2021-09-13,2021-09-13,MOHITE,XT,17.8,17.8,16.15,16.95,17.0,9,686,11225.0
2021-09-13,2021-09-13,ACL,T,21.4,22.0,20.9,21.25,21.95,674,77623,1630210.0
2021-09-13,2021-09-13,SKMEGGPROD,B,83.5,85.2,83.05,84.15,84.35,254,9169,769559.0
2021-09-13,2021-09-13,WELCORP,A,125.75,125.75,121.6,122.15,124.9,1581,82732,10182329.0
2021-09-13,2021-09-13,HOTLSILV,X,6.2,6.41,5.96,6.24,6.2,19,7217,43361.0
2021-09-13,2021-09-13,BANKINDIA,A,57.3,57.35,55.1,55.95,57.2,4607,634149,35801855.0
2021-09-13,2021-09-13,INDRAMEDCO,B,82.1,82.4,79.95,80.35,81.9,495,17717,1441790.0
2021-09-13,2021-09-13,JOHNPHARMA,XT,4.65,4.65,4.62,4.62,4.43,47,27894,129253.0
2021-09-13,2021-09-13,GAIL,A,146.9,146.9,144.5,145.9,145.1,1816,255538,37124542.0
2021-09-13,2021-09-13,VAIBHAVGBL,A,791.2,797.8,774.0,778.55,791.2,636,6555,5135673.0
2021-09-13,2021-09-13,TRESCON,X,46.1,47.0,46.1,47.0,46.1,20,1379,64297.0
2021-09-13,2021-09-13,GUJSTATFIN,T,7.1,7.28,6.79,6.86,6.94,69,10346,72017.0
2021-09-13,2021-09-13,JKPAPER,A,252.8,254.8,249.65,251.35,252.8,1158,73102,18456738.0
2021-09-13,2021-09-13,SAREGAMA,A,3999.0,4135.0,3950.0,4130.3,3947.2,1400,7915,32300571.0
2021-09-13,2021-09-13,MINOLTAF,Z,1.78,1.86,1.78,1.78,1.87,20,3476,6187.0
2021-09-13,2021-09-13,ALKASECUR,XT,0.37,0.37,0.37,0.37,0.37,1,10,3.0
2021-09-13,2021-09-13,ADROITINFO,T,9.95,10.4,9.9,10.01,9.95,12,1056,10737.0
2021-09-13,2021-09-13,CYBERTECH,B,165.5,171.1,165.5,166.35,169.55,1126,25726,4319682.0
2021-09-13,2021-09-13,ICICIBANK,A,719.7,719.7,705.5,707.3,720.2,4530,145329,103020028.0
2021-09-13,2021-09-13,CYIENT,A,1010.0,1064.95,1000.4,1047.8,1016.65,2070,23623,24479809.0
2021-09-13,2021-09-13,ENGINERSIN,A,72.0,72.95,71.4,72.55,71.8,1539,167223,12043879.0
2021-09-13,2021-09-13,DHANBANK,B,16.2,16.2,15.7,15.95,15.9,430,87696,1388359.0
2021-09-13,2021-09-13,GMDCLTD,A,69.2,70.3,68.45,68.85,68.6,1192,110723,7680824.0
2021-09-13,2021-09-13,GAYATRI,XT,1.96,2.15,1.95,2.0,2.05,16,2923,5859.0
2021-09-13,2021-09-13,INDUSINDBK,A,1005.0,1005.0,992.85,995.95,999.8,3535,109734,109409995.0
2021-09-13,2021-09-13,ITDC,A,386.5,394.85,386.0,387.9,395.85,735,8707,3395203.0
2021-09-13,2021-09-13,J&KBANK,A,38.5,38.5,37.4,37.5,37.75,1906,579094,21851449.0
2021-09-13,2021-09-13,CUB,A,154.35,156.45,154.35,155.6,155.5,1273,66536,10344178.0
2021-09-13,2021-09-13,ARCHIES,T,17.6,18.45,17.55,17.85,18.15,65,7439,132274.0
2021-09-13,2021-09-13,AXISBANK,A,785.0,790.3,783.45,787.45,790.0,2184,86809,68371404.0
2021-09-13,2021-09-13,HBSL,B,39.2,41.2,38.2,38.8,40.2,99,6756,262472.0
2021-09-13,2021-09-13,CMXLTD,XT,12.96,12.96,11.75,12.5,12.35,4,126,1556.0
2021-09-13,2021-09-13,SOUTHBANK,A,9.98,10.04,9.9,9.91,9.97,16980,6568596,65409577.0
2021-09-13,2021-09-13,ENERGYDEV,B,9.43,9.5,9.25,9.5,9.5,22,10569,99408.0
2021-09-13,2021-09-13,SONATSOFTW,A,854.25,855.1,848.35,854.55,854.25,618,10845,9264003.0
2021-09-13,2021-09-13,BENGALT,X,65.1,65.95,63.05,63.5,63.8,40,1626,103909.0
2021-09-13,2021-09-13,NATIONALUM,A,99.0,102.3,99.0,100.7,97.9,7807,2104439,211839002.0
2021-09-13,2021-09-13,INDNIPPON,B,359.1,365.9,352.95,355.55,356.05,643,13080,4691941.0
2021-09-13,2021-09-13,NSIL,B,1680.05,1681.0,1668.1,1668.1,1665.45,18,46,76919.0
2021-09-13,2021-09-13,APARINDS,A,656.15,679.0,653.7,673.0,660.05,686,7839,5264656.0
2021-09-13,2021-09-13,TCIIND,X,1050.0,1050.0,1050.0,1050.0,1020.0,2,4,4200.0
2021-09-13,2021-09-13,ACCELYA,A,1297.6,1308.45,1278.0,1298.55,1296.7,560,2444,3168716.0
2021-09-13,2021-09-13,ORCHASP,X,3.15,3.15,2.9,3.1,3.05,230,159630,486637.0
2021-09-13,2021-09-13,LANDMARC,XT,0.38,0.38,0.38,0.38,0.37,50,49598,18847.0
2021-09-13,2021-09-13,HCLTECH,A,1190.0,1214.9,1176.7,1207.6,1198.7,7810,144899,174108597.0
2021-09-13,2021-09-13,TCFCFINQ,X,42.95,43.8,41.7,41.8,41.15,90,10887,463969.0
2021-09-13,2021-09-13,GEOJITFSL,B,78.45,81.4,78.45,79.25,78.45,1242,63081,5024384.0
2021-09-13,2021-09-13,JINDALSTEL,A,400.0,404.4,399.5,402.95,400.35,4585,340725,137041618.0
2021-09-13,2021-09-13,BLBLIMITED,B,9.8,9.87,9.8,9.87,9.4,7,2130,20936.0
2021-09-13,2021-09-13,GLENMARK,A,526.7,527.3,518.0,518.95,524.6,3093,59288,30896751.0
2021-09-13,2021-09-13,WOCKPHARMA,A,415.0,419.5,413.5,414.5,415.7,2141,73622,30662210.0
2021-09-13,2021-09-13,TATACOFFEE,A,209.0,210.65,207.3,208.3,210.65,2102,140772,29329956.0
2021-09-13,2021-09-13,INDSWFTLAB,B,70.05,71.45,68.5,69.6,70.9,297,11772,824289.0
2021-09-13,2021-09-13,MELSTAR,Z,3.41,3.41,3.41,3.41,3.25,7,4508,15372.0
2021-09-13,2021-09-13,GVPIL,A,317.55,320.0,316.05,318.7,319.75,410,9940,3169752.0
2021-09-13,2021-09-13,SHREERAMA,B,11.65,12.12,11.5,11.73,11.88,80,26480,312690.0
2021-09-13,2021-09-13,MAHLIFE,A,863.0,869.7,835.7,848.05,841.4,2597,22267,18906386.0
2021-09-13,2021-09-13,VAARAD,X,13.24,13.24,13.24,13.24,12.61,15,1806,23911.0
2021-09-13,2021-09-13,ZYDUSLIFE,A,559.1,561.0,554.15,555.45,558.15,2875,89767,49916870.0
2021-09-13,2021-09-13,SHIVACEM,X,36.45,36.45,35.8,35.85,36.25,450,122194,4411892.0
2021-09-13,2021-09-13,CINEVISTA,T,14.7,14.72,13.52,14.33,14.02,34,3965,57773.0
2021-09-13,2021-09-13,INTENTECH,B,72.4,74.9,72.4,73.35,73.55,99,2547,187382.0
2021-09-13,2021-09-13,DANLAW,X,230.0,245.0,226.0,234.55,229.65,120,7360,1741522.0
2021-09-13,2021-09-13,AJANTPHARM,A,2112.7,2163.9,2112.7,2133.6,2148.75,757,2770,5926795.0
2021-09-13,2021-09-13,HBPOR,XT,29.15,30.6,28.1,28.6,29.15,42,3990,119283.0
2021-09-13,2021-09-13,HBESD,X,12.99,12.99,11.81,12.0,12.53,37,3076,37001.0
2021-09-13,2021-09-13,AMBICAAGAR,B,15.6,16.5,14.75,15.7,15.55,131,21545,334344.0
2021-09-13,2021-09-13,BARONINF,XT,0.44,0.44,0.44,0.44,0.44,4,400,176.0
2021-09-13,2021-09-13,COMPUSOFT,B,13.65,13.65,13.3,13.45,13.59,64,15298,205451.0
2021-09-13,2021-09-13,OMNIAX,XT,2.2,2.25,2.05,2.25,2.15,38,2863,6306.0
2021-09-13,2021-09-13,IZMO,B,95.35,99.0,95.35,96.3,97.35,153,12670,1228441.0
2021-09-13,2021-09-13,TVSMOTOR,A,543.55,546.7,538.75,545.55,545.95,2255,71326,38745663.0
2021-09-13,2021-09-13,MADALA,X,149.8,159.5,149.8,154.2,157.65,98,3090,471650.0
2021-09-13,2021-09-13,ACLGATI,A,149.45,149.45,139.6,141.45,144.35,917,39610,5634101.0
2021-09-13,2021-09-13,SUBEXLTD,B,50.95,51.4,50.4,50.65,50.95,4624,898625,45684744.0
2021-09-13,2021-09-13,TCI,A,431.05,433.45,425.0,426.75,431.8,229,1649,705786.0
2021-09-13,2021-09-13,PADMALAYAT,Z,2.6,2.6,2.43,2.43,2.55,7,324,787.0
2021-09-13,2021-09-13,AKSHOPTFBR,T,8.77,8.95,8.55,8.65,8.95,275,75613,660237.0
2021-09-13,2021-09-13,PICTUREHS,XT,3.27,3.27,3.27,3.27,3.12,23,26025,85101.0
2021-09-13,2021-09-13,TRIVENI,A,173.9,173.9,166.1,170.4,169.35,706,19435,3264859.0
2021-09-13,2021-09-13,MUKTAARTS,B,36.25,38.7,36.25,37.35,37.2,93,17851,675698.0
2021-09-13,2021-09-13,NAGPI,X,58.75,60.45,58.75,58.8,57.6,42,4038,240889.0
2021-09-13,2021-09-13,DSSL,B,122.5,127.65,122.5,126.15,123.95,183,3611,453082.0
2021-09-13,2021-09-13,PNBGILTS,B,65.6,66.65,64.9,66.0,64.95,463,33457,2208879.0
2021-09-13,2021-09-13,BCG,T,34.2,35.8,34.2,34.2,35.95,3129,899738,30943478.0
2021-09-13,2021-09-13,RAMCOIND,A,310.0,323.7,299.65,321.35,302.85,1963,48371,15386366.0
2021-09-13,2021-09-13,RAMCOSYS,A,463.9,469.0,458.0,461.45,460.8,569,8810,4072890.0
2021-09-13,2021-09-13,TTML,T,35.9,35.95,34.8,35.1,36.45,4031,506864,17791179.0
2021-09-13,2021-09-13,VIRINCHI,X,62.0,62.6,59.3,60.0,61.95,512,126141,7639522.0
2021-09-13,2021-09-13,WEPSOLN,X,21.35,21.35,20.25,20.6,20.35,32,6056,126100.0
2021-09-13,2021-09-13,STLTECH,A,281.0,281.0,273.9,276.75,275.85,1478,38700,10707623.0
2021-09-13,2021-09-13,TIPSMUSIC,B,1264.9,1264.9,1254.0,1264.9,1204.7,92,4343,5490465.0
2021-09-13,2021-09-13,UMIYA-MRO,T,47.15,47.15,47.15,47.15,49.6,35,5100,240465.0
2021-09-13,2021-09-13,FIRSTFIN,X,4.0,4.0,4.0,4.0,4.0,3,205,820.0
2021-09-13,2021-09-13,BABA,X,18.2,18.2,16.95,17.1,17.5,111,9042,157391.0
2021-09-13,2021-09-13,BALAJITELE,A,60.95,62.05,60.45,61.05,60.95,838,86589,5294680.0
2021-09-13,2021-09-13,TYCHE,X,189.5,191.05,185.0,187.35,189.15,176,5287,986161.0
2021-09-13,2021-09-13,CALSOFT,T,17.95,18.85,17.95,18.65,18.85,255,402569,7435089.0
2021-09-13,2021-09-13,PNC,B,35.4,35.7,34.55,35.05,35.15,50,2070,72809.0
2021-09-13,2021-09-13,IOB,A,20.0,20.0,19.5,19.55,19.7,2536,546953,10767002.0
2021-09-13,2021-09-13,TAJGVK,A,134.35,135.0,131.25,132.25,133.2,772,25868,3454082.0
2021-09-13,2021-09-13,OPTOCIRCUIT,T,3.66,3.78,3.63,3.74,3.78,98,58489,215510.0
2021-09-13,2021-09-13,CREATIVEYE,B,3.0,3.0,3.0,3.0,3.0,2,115,345.0
2021-09-13,2021-09-13,AXISCADES,B,71.2,71.5,69.0,69.25,71.1,481,12868,896022.0
2021-09-13,2021-09-13,KONNDOR,X,7.8,7.8,7.07,7.12,7.44,8,118,847.0
2021-09-13,2021-09-13,UMESLTD,B,4.63,4.63,4.22,4.26,4.41,19,5656,24427.0
2021-09-13,2021-09-13,BSOFT,A,403.55,411.4,403.35,408.7,403.55,2277,79700,32563141.0
2021-09-13,2021-09-13,USGTECH,X,4.45,4.45,3.8,4.1,4.06,60,15273,63342.0
2021-09-13,2021-09-13,7TEC,X,28.0,28.0,27.15,27.55,27.8,88,9008,247379.0
2021-09-13,2021-09-13,AVANTEL,X,760.0,760.7,720.0,728.05,741.5,224,4741,3495643.0
2021-09-13,2021-09-13,MOSCHIP,X,42.85,42.85,39.4,40.0,41.45,1059,237555,9518836.0
2021-09-13,2021-09-13,SIGMAADV,T,20.95,21.4,20.75,21.4,20.4,218,107026,2283785.0
2021-09-13,2021-09-13,TRANSCOR,X,20.3,20.3,19.0,19.9,19.5,93,27282,531737.0
2021-09-13,2021-09-13,VISESHINFO,T,0.2,0.2,0.2,0.2,0.21,637,2216555,443311.0
2021-09-13,2021-09-13,CEREBRAINT,B,59.0,59.0,57.75,58.0,57.95,295,24566,1427981.0
2021-09-13,2021-09-13,NEXTMEDIA,B,4.56,4.61,4.4,4.56,4.56,23,5678,25273.0
2021-09-13,2021-09-13,SMARTLINK,B,120.0,126.0,116.3,119.9,116.7,1248,32929,3994463.0
2021-09-13,2021-09-13,GODREJCP,A,1116.65,1127.0,1103.2,1121.1,1107.75,1359,23186,25922699.0
2021-09-13,2021-09-13,GENUSPRIME,XT,4.76,4.76,4.76,4.76,4.8,9,2321,11047.0
2021-09-13,2021-09-13,BFUTILITIE,A,415.0,423.0,412.2,414.65,417.95,612,9349,3890812.0
2021-09-13,2021-09-13,UNITDSPR,B,756.0,759.0,749.15,754.6,755.45,2594,54623,41178123.0
2021-09-13,2021-09-13,SANINFRA,XT,180.0,182.5,177.0,179.75,181.9,63,3061,549852.0
2021-09-13,2021-09-13,OLECTRA,T,378.95,378.95,378.95,378.95,360.95,283,46082,17462773.0
2021-09-13,2021-09-13,MPSLTD,B,723.7,728.65,689.5,695.2,717.2,669,4053,2869954.0
2021-09-13,2021-09-13,RNBOWDENIM,XT,2.5,2.63,2.41,2.6,2.51,22,10830,28363.0
2021-09-13,2021-09-13,CERA,A,4361.0,4450.0,4301.4,4431.05,4360.6,400,748,3280310.0
2021-09-13,2021-09-13,TSPIRITUAL,XT,0.79,0.79,0.79,0.79,0.83,1,1,0.0
2021-09-13,2021-09-13,BHARTIARTL,A,692.0,697.1,686.0,695.6,686.3,14601,734595,509003802.0
2021-09-13,2021-09-13,SHALIWIR,XT,6.45,6.45,6.2,6.25,6.18,38,2613,16616.0
2021-09-13,2021-09-13,COMPINFO,B,25.6,27.8,25.2,27.05,25.6,593,95118,2531330.0
2021-09-13,2021-09-13,GULPOLY,T,254.85,258.9,247.0,249.35,251.35,292,13805,3441378.0
2021-09-13,2021-09-13,FAZE3AUTO,X,139.95,139.95,126.65,131.5,136.35,235,12506,1651760.0
2021-09-13,2021-09-13,PONNIERODE,T,227.6,238.95,223.0,237.15,227.6,76,2430,564840.0
2021-09-13,2021-09-13,PNB,A,37.7,37.8,37.35,37.6,37.55,12147,1587230,59645400.0
2021-09-13,2021-09-13,OFSS,A,4770.1,4898.35,4755.0,4860.5,4766.5,1593,8250,39946562.0
2021-09-13,2021-09-13,HAZOOR,XT,18.7,18.8,17.1,18.1,17.95,113,23476,428764.0
2021-09-13,2021-09-13,KAMAHOLD,A,10480.0,11111.0,10477.0,10927.3,10477.55,210,742,8007381.0
2021-09-13,2021-09-13,MPFSL,XT,8.37,8.37,8.37,8.37,8.37,2,51,426.0
2021-09-13,2021-09-13,APTECHT,A,288.4,294.2,283.3,285.1,287.25,701,21302,6162875.0
2021-09-13,2021-09-13,UNIONBANK,A,34.9,34.9,34.5,34.6,34.9,1343,349231,12123465.0
2021-09-13,2021-09-13,UBL,A,1606.15,1607.6,1580.65,1597.15,1600.05,1606,17260,27532985.0
2021-09-13,2021-09-13,ISMTLTD,T,26.65,27.25,26.45,27.25,27.25,28,3478,93238.0
2021-09-13,2021-09-13,NOIDATOLL,B,6.01,6.01,5.84,5.9,6.01,39,6643,39205.0
2021-09-13,2021-09-13,GRANULES,A,328.0,328.25,321.75,324.05,328.25,4898,173444,56248359.0
2021-09-13,2021-09-13,CANBK,A,157.95,158.15,155.5,156.8,157.45,1841,316900,49745786.0
2021-09-13,2021-09-13,BLIL,B,487.0,487.0,477.8,480.3,479.9,1350,54786,26305249.0
2021-09-13,2021-09-13,POKARNA,B,510.5,525.05,502.25,510.05,507.35,696,7284,3774725.0
2021-09-13,2021-09-13,DIVISLAB,A,5050.0,5095.5,5001.1,5085.6,5054.95,2564,10787,54392800.0
2021-09-13,2021-09-13,ASTRAMICRO,A,170.0,177.1,170.0,173.05,172.45,1969,74594,13069243.0
2021-09-13,2021-09-13,RADICO,A,908.0,908.0,896.0,898.2,908.0,760,11776,10597601.0
2021-09-13,2021-09-13,SHRMCITYUN,A,2359.1,2549.3,2359.1,2476.45,2375.2,2685,15287,38239671.0
2021-09-13,2021-09-13,MARUTI,A,6801.0,6894.95,6801.0,6872.95,6801.85,1944,14940,102460861.0
2021-09-13,2021-09-13,RAJPALAYAM,X,1059.05,1075.0,1036.0,1051.9,1063.25,134,987,1040418.0
2021-09-13,2021-09-13,NAVINFLUOR,A,3958.0,4030.85,3958.0,4018.75,3962.4,2258,13313,53194978.0
2021-09-13,2021-09-13,UCOBANK,A,14.22,14.22,13.79,13.82,14.18,3447,969041,13504819.0
2021-09-13,2021-09-13,BAGFILMS,B,2.82,2.82,2.56,2.82,2.69,314,1681846,4685041.0
2021-09-13,2021-09-13,JSL,A,164.9,164.9,161.25,163.35,163.75,1517,100400,16349376.0
2021-09-13,2021-09-13,SUPRAJIT,A,310.4,320.05,306.8,308.6,309.95,808,8024,2489380.0
2021-09-13,2021-09-13,TVSELECT,B,168.1,174.0,168.05,169.15,172.3,275,4105,702765.0
2021-09-13,2021-09-13,IGL,A,564.6,595.0,564.6,591.2,564.05,9456,165272,96480002.0
2021-09-13,2021-09-13,TVTODAY,A,300.2,303.0,297.6,300.2,303.6,580,8043,2411113.0
2021-09-13,2021-09-13,PALREDTEC,B,119.15,131.0,119.15,123.4,119.15,813,19695,2498241.0
2021-09-13,2021-09-13,PETRONET,A,232.85,232.85,229.0,230.0,231.55,808,54757,12591951.0
2021-09-13,2021-09-13,BIOCON,A,352.8,354.85,350.0,353.55,352.8,2721,88564,31210266.0
2021-09-13,2021-09-13,PTC,A,100.6,100.6,98.55,99.35,101.35,2129,158400,15750714.0
2021-09-13,2021-09-13,MAHABANK,A,18.35,18.35,17.9,18.05,18.25,2258,666137,12094515.0
2021-09-13,2021-09-13,RKFORGE,A,987.0,1011.75,987.0,993.55,989.1,496,20552,20508211.0
2021-09-13,2021-09-13,DATAMATICS,B,320.0,320.0,306.95,309.85,315.6,1287,44928,14000418.0
2021-09-13,2021-09-13,NDTV,B,75.45,75.45,72.3,72.85,73.5,113,4799,349892.0
2021-09-13,2021-09-13,STAR,A,597.0,600.95,586.7,597.4,596.15,1475,28691,17024394.0
2021-09-13,2021-09-13,JPASSOCIAT,T,8.9,9.04,8.41,9.04,8.61,2416,2230480,20003278.0
2021-09-13,2021-09-13,ULTRACEMCO,A,7948.0,7960.05,7905.2,7934.3,7941.8,1433,5187,41165959.0
2021-09-13,2021-09-13,UNOMINDA,A,710.0,710.1,696.05,698.8,704.8,1578,17079,11970406.0
2021-09-13,2021-09-13,TCS,A,3761.0,3851.9,3761.0,3843.9,3791.75,9001,82516,316356744.0
2021-09-13,2021-09-13,COFORGE,A,5100.0,5228.25,5100.0,5177.55,5113.45,1823,22124,114992101.0
2021-09-13,2021-09-13,GULFPETRO,B,53.8,55.55,53.5,54.8,53.75,184,10309,564791.0
2021-09-13,2021-09-13,CENTURYPLY,A,409.4,415.15,401.65,411.55,411.3,1198,13719,5601352.0
2021-09-13,2021-09-13,WELENT,A,96.45,97.7,95.55,96.0,96.3,371,10131,979182.0
2021-09-13,2021-09-13,NTPC,A,114.5,115.45,114.2,114.9,114.5,2232,157115,18050882.0
2021-09-13,2021-09-13,SALSTEEL,T,11.45,11.77,10.7,10.95,11.21,213,28437,315443.0
2021-09-13,2021-09-13,JBMA,B,465.95,466.0,454.5,456.1,465.95,281,1945,890545.0
2021-09-13,2021-09-13,DWARKESH,A,66.3,68.6,66.3,68.0,67.3,1834,211896,14242146.0
2021-09-13,2021-09-13,INDOCO,A,464.9,468.35,454.6,456.85,462.3,639,8412,3869997.0
2021-09-13,2021-09-13,VIPCLOTHNG,T,19.15,19.35,18.5,19.25,18.6,213,56813,1082426.0
2021-09-13,2021-09-13,IMPEXFERRO,T,0.99,0.99,0.95,0.95,0.99,15,34815,33296.0
2021-09-13,2021-09-13,XCHANGING,B,108.9,114.35,107.05,111.95,106.85,2866,169913,18958434.0
2021-09-13,2021-09-13,JETAIRWAYS,Z,82.95,83.5,78.6,83.5,79.55,243,20239,1675116.0
2021-09-13,2021-09-13,MORARJEE,B,16.4,16.95,15.65,16.65,16.3,38,4903,79650.0
2021-09-13,2021-09-13,GATEWAYDIST,T,259.45,259.95,254.0,254.7,256.75,71,2941,751801.0
2021-09-13,2021-09-13,JINDALPHOT,B,101.55,104.8,97.0,104.8,99.85,51,1201,121158.0
2021-09-13,2021-09-13,POCL,X,434.7,445.0,426.25,435.55,419.5,897,30405,13286672.0
2021-09-13,2021-09-13,JPPOWER,B,4.12,4.12,3.97,4.02,4.08,9076,8673271,34826497.0
2021-09-13,2021-09-13,MBECL,T,6.25,6.3,6.1,6.25,6.0,41,40244,252587.0
2021-09-13,2021-09-13,GOKEX,B,212.0,214.75,202.3,207.95,205.5,913,19366,4051819.0
2021-09-13,2021-09-13,ALLDIGI,B,470.0,476.7,461.3,468.1,470.2,53,756,354837.0
2021-09-13,2021-09-13,IIFL,A,300.0,309.15,299.0,309.15,294.45,717,107088,32954164.0
2021-09-13,2021-09-13,MANGALAM,B,148.95,153.35,147.0,151.0,147.55,564,14881,2238361.0
2021-09-13,2021-09-13,SHOPERSTOP,A,248.4,254.35,248.4,249.6,252.85,272,5149,1298810.0
2021-09-13,2021-09-13,CYBERMEDIA,T,10.35,10.35,9.6,10.32,9.86,8,2651,26558.0
2021-09-13,2021-09-13,NDL,B,77.7,79.2,76.55,77.1,76.95,154,13030,1012569.0
2021-09-13,2021-09-13,JSWHL,A,4899.0,4899.0,4648.3,4766.9,4756.75,82,172,815803.0
2021-09-13,2021-09-13,JKCEMENT,A,3460.0,3507.25,3449.25,3471.85,3498.85,646,1937,6724107.0
2021-09-13,2021-09-13,BEEYU,XT,0.85,0.85,0.81,0.81,0.85,10,200,168.0
2021-09-13,2021-09-13,YESBANK,A,11.0,11.15,10.93,11.08,10.95,46198,28332244,313474539.0
2021-09-13,2021-09-13,NECLIFE,B,29.1,29.8,28.6,29.15,29.55,562,55434,1614652.0
2021-09-13,2021-09-13,MSPL,B,9.96,9.99,9.8,9.91,9.9,39,11223,111146.0
2021-09-13,2021-09-13,SPLIL,B,49.05,49.85,48.0,48.1,49.2,67,1300,63383.0
2021-09-13,2021-09-13,KTKBANK,A,68.0,69.7,66.1,68.3,67.05,3991,822863,56458022.0
2021-09-13,2021-09-13,MCLEODRUSS,T,28.15,28.15,28.15,28.15,29.6,166,48917,1377013.0
2021-09-13,2021-09-13,FACORALL,X,4.11,4.23,3.98,4.08,4.15,599,497617,2019318.0
2021-09-13,2021-09-13,IDFC,A,55.0,57.75,53.85,56.6,54.75,5450,1627072,91730759.0
2021-09-13,2021-09-13,VIVIMEDLAB,B,21.7,22.2,21.2,21.45,21.65,363,22763,492565.0
2021-09-13,2021-09-13,RML,B,388.05,405.0,383.0,392.55,388.7,211,3753,1455793.0
2021-09-13,2021-09-13,HTMEDIA,B,24.0,24.4,23.8,24.05,23.7,96,19137,458650.0
2021-09-13,2021-09-13,SASKEN,A,1345.0,1460.4,1345.0,1444.4,1356.25,2300,17063,24363120.0
2021-09-13,2021-09-13,FCSSOFT,T,1.49,1.5,1.4,1.41,1.47,1329,2046444,2913061.0
2021-09-13,2021-09-13,SUZLON,A,6.26,6.4,6.12,6.26,6.25,21050,9600686,60047026.0
2021-09-13,2021-09-13,AURIONPRO,T,200.0,210.0,199.45,201.6,200.05,55,2467,505814.0
2021-09-13,2021-09-13,RENUKA,T,25.75,26.4,25.4,26.1,26.2,1860,448101,11576776.0
2021-09-13,2021-09-13,KMSUGAR,B,24.5,25.55,24.5,25.05,25.15,222,45851,1151714.0
2021-09-13,2021-09-13,BASML,B,68.0,68.15,64.6,64.6,68.0,168,31855,2063090.0
2021-09-13,2021-09-13,PBAINFRA,T,10.92,10.92,10.6,10.6,10.4,5,925,9965.0
2021-09-13,2021-09-13,BOMBAYRAYON,T,7.25,7.3,6.75,7.01,6.97,215,150540,1064418.0
2021-09-13,2021-09-13,SORILINFRA,B,129.05,129.05,123.0,123.5,127.8,219,4128,514126.0
2021-09-13,2021-09-13,AIAENG,A,2072.25,2121.55,2056.05,2103.6,2091.7,315,961,2008253.0
2021-09-13,2021-09-13,EKC,B,121.0,127.3,119.05,127.25,121.25,1818,151165,19081665.0
2021-09-13,2021-09-13,KERNEX,T,63.5,66.8,63.45,64.0,66.75,30,2509,160649.0
2021-09-13,2021-09-13,REPRO,B,575.75,580.0,560.0,569.8,574.65,183,2565,1461850.0
2021-09-13,2021-09-13,PVRINOX,A,1389.9,1409.0,1370.3,1394.7,1382.5,4775,372479,518465590.0
2021-09-13,2021-09-13,RMCL,Z,2.2,2.2,2.15,2.15,2.13,4,21,46.0
2021-09-13,2021-09-13,PUNJLLOYD,Z,1.7,1.7,1.63,1.7,1.7,108,194202,325336.0
2021-09-13,2021-09-13,ASMS,Z,2.8,2.94,2.77,2.89,2.8,23,12339,35149.0
2021-09-13,2021-09-13,CELEBRITY,B,9.16,9.25,8.86,9.01,9.13,138,1915,17228.0
2021-09-13,2021-09-13,EDUCOMP,Z,3.0,3.0,2.9,2.95,3.04,44,24870,73450.0
2021-09-13,2021-09-13,NITINSPIN,T,217.45,229.5,217.45,222.85,222.15,498,25541,5744154.0
2021-09-13,2021-09-13,ROHLTD,B,78.0,83.3,77.0,80.95,77.75,1045,29337,2372775.0
2021-09-13,2021-09-13,ENIL,B,207.1,212.25,204.85,209.85,208.3,335,9391,1951624.0
2021-09-13,2021-09-13,CELLA,Z,5.78,5.78,5.24,5.37,5.51,26,4223,24155.0
2021-09-13,2021-09-13,GSPL,A,349.0,357.05,349.0,351.35,349.3,849,18259,6433942.0
2021-09-13,2021-09-13,JAGRAN,A,57.3,57.8,56.4,56.5,57.55,678,44909,2545897.0
2021-09-13,2021-09-13,INOXLEISURE,A,307.0,307.0,299.25,300.5,306.15,2582,58431,17607036.0
2021-09-13,2021-09-13,DYNPRO,B,563.0,563.0,525.0,552.1,562.15,827,5532,3060906.0
2021-09-13,2021-09-13,SADBHAV,A,51.6,51.8,50.25,50.45,51.35,1327,136434,6945972.0
2021-09-13,2021-09-13,RCOM,B,3.14,3.16,3.02,3.16,3.01,6661,17115636,53401895.0
2021-09-13,2021-09-13,SAKUMA,T,11.11,11.4,10.5,11.28,11.04,234,64593,707048.0
2021-09-13,2021-09-13,KEC,A,437.9,447.5,431.55,439.95,431.55,1413,25347,11211455.0
2021-09-13,2021-09-13,GILLANDERS,T,47.65,47.65,46.1,46.1,45.6,4,643,30575.0
2021-09-13,2021-09-13,INDOTECH,T,163.1,165.45,159.15,159.45,161.55,43,1831,293790.0
2021-09-13,2021-09-13,BLKASHYAP,B,25.1,25.5,23.7,24.05,25.0,199,47917,1175637.0
2021-09-13,2021-09-13,M&MFIN,A,166.95,168.9,165.4,168.5,167.6,3055,303398,50704976.0
2021-09-13,2021-09-13,VISACHROME,B,10.62,10.62,10.09,10.17,10.62,58,20761,211254.0
2021-09-13,2021-09-13,NITCO,B,23.95,23.95,22.15,22.6,22.95,55,2097,47842.0
2021-09-13,2021-09-13,MPDL,XT,12.67,12.67,12.67,12.67,12.07,10,1103,13975.0
2021-09-13,2021-09-13,SOLARINDS,A,1811.7,1846.0,1790.0,1805.45,1789.5,1565,8237,14977817.0
2021-09-13,2021-09-13,GALLANTT,B,71.8,74.85,71.55,74.4,71.2,492,26374,1945625.0
2021-09-13,2021-09-13,MALUPAPER,B,35.25,35.25,34.9,34.9,35.05,17,493,17264.0
2021-09-13,2021-09-13,UTTAMSUGAR,T,186.0,193.75,182.65,187.55,189.2,166,5338,995394.0
2021-09-13,2021-09-13,SGL,B,13.4,13.4,12.85,13.15,13.51,28,4722,61817.0
2021-09-13,2021-09-13,ROHITFERRO,T,4.32,4.32,4.25,4.32,4.32,32,61600,265481.0
2021-09-13,2021-09-13,KKCL,B,820.0,820.85,810.0,816.2,813.65,21,108,88409.0
2021-09-13,2021-09-13,SUNTV,A,490.2,492.1,486.05,488.95,491.95,2008,61775,30212406.0
2021-09-13,2021-09-13,GPIL,T,1209.45,1209.45,1209.45,1209.45,1151.9,40,964,1165909.0
2021-09-13,2021-09-13,RSYSTEMS,A,205.0,208.5,202.75,205.15,199.7,1173,29024,5953723.0
2021-09-13,2021-09-13,EMKAY,B,118.1,119.8,115.7,118.85,118.15,141,7405,873328.0
2021-09-13,2021-09-13,TICL,Z,6.56,6.7,6.41,6.43,6.53,11,800,5172.0
2021-09-13,2021-09-13,LOKESHMACH,B,50.3,50.55,47.6,48.85,50.25,360,25947,1274298.0
2021-09-13,2021-09-13,KAMDHENU,B,210.0,210.0,202.3,202.8,204.85,587,14586,3012487.0
2021-09-13,2021-09-13,PAUSHAKLTD,B,8556.0,8598.95,8252.2,8400.25,8577.55,364,1686,14108222.0
2021-09-13,2021-09-13,GTNTEX,B,7.85,7.85,7.85,7.85,7.5,1,100,785.0
2021-09-13,2021-09-13,INDICAP,X,34.0,35.9,34.0,34.55,35.0,46,3550,122438.0
2021-09-13,2021-09-13,PFOCUS,B,91.85,91.85,91.85,91.85,87.5,23,6970,640194.0
2021-09-13,2021-09-13,ALLCARGO,A,240.0,242.05,234.55,237.05,238.45,1179,72702,17336326.0
2021-09-13,2021-09-13,EASUNREYRL,Z,2.52,2.71,2.52,2.66,2.59,16,19560,52518.0
2021-09-13,2021-09-13,GMRAIRPORT,A,30.0,30.2,29.6,30.0,30.05,792,2538720,76352108.0
2021-09-13,2021-09-13,TECHM,A,1433.0,1440.0,1420.45,1428.55,1433.55,3204,55229,78992043.0
2021-09-13,2021-09-13,CIEINDIA,A,232.8,236.0,230.6,232.1,236.9,1248,32481,7563765.0
2021-09-13,2021-09-13,VOLTAMP,A,1385.0,1413.25,1385.0,1396.8,1404.85,172,929,1303476.0
2021-09-13,2021-09-13,ATLANTAA,T,14.8,14.8,14.1,14.47,14.79,49,6163,88594.0
2021-09-13,2021-09-13,DEEPENR,T,41.0,42.85,40.4,42.85,40.85,93,15357,653638.0
2021-09-13,2021-09-13,HGM,T,58.8,59.0,57.05,57.15,58.8,15,1354,78219.0
2021-09-13,2021-09-13,ACE,A,238.0,282.85,232.75,278.1,238.35,18804,835704,219783365.0
2021-09-13,2021-09-13,GEECEE,B,150.7,150.7,144.1,146.1,149.6,54,476,69636.0
2021-09-13,2021-09-13,RICHAIND,Z,1.82,1.82,1.82,1.82,1.74,7,6263,11398.0
2021-09-13,2021-09-13,GAYAPROJ,B,57.0,57.35,54.75,56.45,55.95,1858,370802,20801742.0
2021-09-13,2021-09-13,FIEMIND,B,1110.0,1220.85,1110.0,1186.7,1109.9,1969,27437,32519798.0
2021-09-13,2021-09-13,JHS,B,27.15,27.75,26.8,27.05,27.1,249,21976,597431.0
2021-09-13,2021-09-13,DCBBANK,A,93.6,95.2,92.3,94.95,93.8,826,48426,4564296.0
2021-09-13,2021-09-13,GLOBALVECT,B,52.7,52.7,50.25,51.1,51.55,36,1260,64699.0
2021-09-13,2021-09-13,INSPIRISYS,T,44.7,47.85,44.35,47.6,46.6,35,5770,259789.0
2021-09-13,2021-09-13,GTLINFRA,T,1.6,1.6,1.57,1.57,1.65,2102,5334618,8387782.0
2021-09-13,2021-09-13,SHIVAMAUTO,B,23.3,23.3,21.75,22.45,22.2,148,26804,601949.0
2021-09-13,2021-09-13,NAUKRI,A,6682.8,6684.85,6555.15,6602.75,6683.8,1846,11739,77498237.0
2021-09-13,2021-09-13,TORNTPOWER,A,480.35,482.8,472.1,480.75,477.75,1408,29821,14267834.0
2021-09-13,2021-09-13,PARSVNATH,B,16.65,17.01,16.35,17.01,16.2,535,436669,7376243.0
2021-09-13,2021-09-13,SUTLEJTEX,B,70.8,70.8,66.55,67.0,68.4,764,50971,3418464.0
2021-09-13,2021-09-13,LTFOODS,A,65.55,65.8,64.0,64.35,65.95,2540,134239,8678810.0
2021-09-13,2021-09-13,SOBHA,A,776.7,815.0,763.1,797.45,776.4,1559,20201,15935344.0
2021-09-13,2021-09-13,RUCHIRA,B,80.3,80.3,78.55,78.65,79.4,100,2320,183282.0
2021-09-13,2021-09-13,TANLA,B,873.25,895.9,873.25,886.0,877.0,779,15872,14064356.0
2021-09-13,2021-09-13,ZEEMEDIA,B,10.5,10.55,9.91,9.95,10.43,890,495943,5006849.0
2021-09-13,2021-09-13,SITINET,B,1.61,1.63,1.51,1.52,1.56,626,4464005,7020634.0
2021-09-13,2021-09-13,LUMAXTECH,B,137.7,140.0,137.55,138.3,137.7,652,15629,2169015.0
2021-09-13,2021-09-13,AUTOIND,B,55.6,55.6,51.4,54.55,53.0,72,7847,427882.0
2021-09-13,2021-09-13,NETWORK18,A,49.85,51.9,49.85,50.65,50.3,933,128144,6541217.0
2021-09-13,2021-09-13,HUBTOWN,T,30.8,30.8,29.3,30.4,30.8,40,5213,155472.0
2021-09-13,2021-09-13,TV18BRDCST,A,35.35,36.7,35.35,36.15,35.7,1336,370734,13420945.0
2021-09-13,2021-09-13,CTE,B,52.25,54.85,52.25,54.8,52.25,242,14772,797852.0
2021-09-13,2021-09-13,TIIL,B,810.95,830.0,800.0,802.55,810.95,683,5001,4079029.0
2021-09-13,2021-09-13,REDINGTON,A,146.0,148.15,143.65,145.55,145.55,4211,179537,26132100.0
2021-09-13,2021-09-13,AICHAMP,XT,13.98,13.98,13.98,13.98,13.32,5,333,4655.0
2021-09-13,2021-09-13,CINELINE,T,95.65,100.85,95.65,99.95,99.55,44,4569,456380.0
2021-09-13,2021-09-13,PGIL,B,315.0,326.6,313.25,319.8,320.4,140,4324,1381697.0
2021-09-13,2021-09-13,FSL,A,191.5,203.8,191.2,202.0,191.55,10282,716731,141633402.0
2021-09-13,2021-09-13,PFC,A,135.8,139.55,133.6,138.75,135.2,6982,755394,103882616.0
2021-09-13,2021-09-13,AHLUCONT,A,395.5,404.35,393.2,398.3,391.95,738,7094,2840057.0
2021-09-13,2021-09-13,TFL,B,5.25,5.25,5.25,5.25,5.0,1,1,5.0
2021-09-13,2021-09-13,CCCONSTR,Z,3.69,3.7,3.37,3.57,3.54,44,33496,121381.0
2021-09-13,2021-09-13,INDIANB,A,123.05,125.7,123.05,124.9,124.9,1411,97318,12148990.0
2021-09-13,2021-09-13,SMSPHARMA,B,164.25,165.0,160.65,161.0,162.5,280,4264,691383.0
2021-09-13,2021-09-13,ORIENTALTL,B,8.45,8.95,8.13,8.37,8.42,59,10678,90004.0
2021-09-13,2021-09-13,MINDTREELTD,A,3756.0,3950.0,3730.0,3935.75,3766.4,9535,156358,606143784.0
2021-09-13,2021-09-13,ELAND,X,4.25,4.27,4.25,4.27,4.07,30,15479,65962.0
2021-09-13,2021-09-13,IDEA,A,8.48,8.54,7.88,7.96,8.39,113753,81088960,658703638.0
2021-09-13,2021-09-13,RAJTV,T,35.45,35.45,33.0,35.0,34.7,35,11532,385293.0
2021-09-13,2021-09-13,PAGEIND,A,32000.0,32322.55,31769.15,32045.65,32099.6,456,1048,33532690.0
2021-09-13,2021-09-13,AMDIND,B,30.3,30.3,28.0,28.95,28.9,72,10552,304754.0
2021-09-13,2021-09-13,LEHAR,XT,45.8,46.4,42.5,45.0,44.5,169,20887,937803.0
2021-09-13,2021-09-13,ASTRAL,A,2053.0,2148.0,2023.65,2135.2,2050.15,5480,38083,79645365.0
2021-09-13,2021-09-13,EMBDL,A,143.05,144.65,139.25,141.2,144.1,11015,762965,108194066.0
2021-09-13,2021-09-13,CAMLINFINE,A,169.15,173.9,167.85,172.25,168.6,1843,92612,15765903.0
2021-09-13,2021-09-13,ICRA,A,3524.0,3602.8,3515.45,3592.15,3545.4,53,118,421622.0
2021-09-13,2021-09-13,DISHTV,A,18.44,20.4,17.8,19.38,17.95,17412,12351728,236268900.0
2021-09-13,2021-09-13,SAHYADRI,X,729.0,729.0,692.0,698.9,718.9,646,17217,12088370.0
2021-09-13,2021-09-13,SRHHYPOLTD,B,324.5,344.9,323.55,342.45,318.25,788,10455,3495291.0
2021-09-13,2021-09-13,FORTIS,A,277.1,278.7,271.6,272.25,277.1,1488,86711,23772066.0
2021-09-13,2021-09-13,TGBHOTELS,B,7.18,8.12,7.16,8.12,7.39,84,39304,316913.0
2021-09-13,2021-09-13,HILTON,B,13.99,14.28,13.47,13.97,13.65,41,2416,33665.0
2021-09-13,2021-09-13,DELTACORP,A,222.1,223.85,216.8,222.35,222.45,7074,597139,132176201.0
2021-09-13,2021-09-13,INSECTICID,A,666.0,740.0,666.0,728.9,739.15,542,3298,2415708.0
2021-09-13,2021-09-13,MCDHOLDING,B,54.95,54.95,54.95,54.95,52.35,9,411,22584.0
2021-09-13,2021-09-13,ASAHISONG,B,363.65,370.2,358.85,359.9,367.65,590,6054,2201942.0
2021-09-13,2021-09-13,NITINFIRE,Z,1.4,1.52,1.4,1.45,1.47,58,59994,84749.0
2021-09-13,2021-09-13,HARYNACAP,X,40.0,41.95,40.0,40.0,40.0,8,1915,76601.0
2021-09-13,2021-09-13,TIMETECHNO,A,70.8,71.55,70.25,70.65,70.95,823,38611,2736469.0
2021-09-13,2021-09-13,HGS,T,2844.8,2964.05,2790.0,2964.05,2822.95,219,2468,7199666.0
2021-09-13,2021-09-13,NELCAST,B,93.95,93.95,89.05,89.25,91.7,534,27619,2502295.0
2021-09-13,2021-09-13,QUINTEGRA,T,1.29,1.29,1.23,1.23,1.29,7,8100,10089.0
2021-09-13,2021-09-13,V2RETAIL,B,128.1,128.1,124.1,126.0,128.95,137,5382,675122.0
2021-09-13,2021-09-13,DLF,A,332.95,341.0,332.4,339.4,333.0,4163,241851,81625010.0
2021-09-13,2021-09-13,TARMAT,B,64.3,65.3,63.1,63.25,63.75,175,6367,408719.0
2021-09-13,2021-09-13,ANKITMETAL,T,1.72,1.72,1.72,1.72,1.81,2,506,870.0
2021-09-13,2021-09-13,SPARC,A,291.05,296.25,287.8,291.35,292.25,1027,56035,16356524.0
2021-09-13,2021-09-13,HDIL,Z,4.74,4.77,4.56,4.63,4.61,222,97253,452969.0
2021-09-13,2021-09-13,SURYACHAKRA,Z,1.05,1.06,0.97,1.03,1.02,361,173173,173856.0
2021-09-13,2021-09-13,ADSL,B,67.65,74.5,67.0,73.45,67.75,1167,126603,9065351.0
2021-09-13,2021-09-13,ALPA,B,53.25,56.7,53.25,54.6,53.2,273,22366,1225754.0
2021-09-13,2021-09-13,SSLEL,XT,138.1,147.0,138.1,145.0,144.9,15,1535,218836.0
2021-09-13,2021-09-13,OMAXE,A,78.3,79.7,74.75,75.85,78.85,843,13707,1060755.0
2021-09-13,2021-09-13,REFEX,B,162.0,164.5,160.15,162.6,159.65,1731,55280,8992688.0
2021-09-13,2021-09-13,CENTRALBK,A,20.65,20.75,20.45,20.5,20.65,1666,542357,11170701.0
2021-09-13,2021-09-13,NEUEON,T,2.4,2.4,2.28,2.38,2.4,19,5083,11812.0
2021-09-13,2021-09-13,ASIANTILES,A,165.0,166.35,159.45,160.7,161.3,3214,202576,32768046.0
2021-09-13,2021-09-13,KPRMILL,A,2333.8,2342.1,2158.0,2175.5,2273.8,2899,15978,35570977.0
2021-09-13,2021-09-13,TAKE,A,53.65,53.65,52.15,52.3,53.5,748,74024,3903518.0
2021-09-13,2021-09-13,PURVA,B,109.7,111.7,108.5,109.15,110.05,1476,51764,5688763.0
2021-09-13,2021-09-13,MOTILALOFS,A,783.35,790.9,760.0,767.7,785.55,3866,65758,50749358.0
2021-09-13,2021-09-13,VTMLTD,X,44.0,44.0,41.5,42.5,42.35,124,16216,683470.0
2021-09-13,2021-09-13,INDOWIND,T,6.89,6.89,6.36,6.49,6.61,71,30982,201163.0
2021-09-13,2021-09-13,MAGNUM,T,8.29,8.3,8.0,8.0,8.22,14,745,5989.0
2021-09-13,2021-09-13,POWERGRID,A,173.55,174.15,172.75,173.9,173.5,2635,252792,43825473.0
2021-09-13,2021-09-13,KSCL,A,602.95,612.5,599.95,604.6,602.8,1456,127801,77717564.0
2021-09-13,2021-09-13,PAISALO,A,780.0,795.0,762.5,770.1,765.1,399,4861,3741064.0
2021-09-13,2021-09-13,CCCL,T,0.53,0.53,0.51,0.51,0.53,16,17168,8962.0
2021-09-13,2021-09-13,MAANALU,T,137.45,145.0,134.2,135.5,140.15,173,8197,1126783.0
2021-09-13,2021-09-13,IL&FSENGG,Z,4.65,4.65,4.21,4.46,4.43,23,6429,29643.0
2021-09-13,2021-09-13,PARLEIND,X,8.89,9.0,8.66,8.78,8.74,902,102224,897765.0
2021-09-13,2021-09-13,RELIGARE,A,152.0,154.7,151.75,153.05,153.45,653,25588,3915573.0
2021-09-13,2021-09-13,BVCL,T,25.0,25.0,23.7,23.75,24.75,9,382,9122.0
2021-09-13,2021-09-13,RATHIBAR,X,26.3,28.0,26.3,26.65,27.45,197,42623,1134304.0
2021-09-13,2021-09-13,ADANIPORTS,A,749.5,752.65,740.3,744.95,749.7,5155,176247,131206025.0
2021-09-13,2021-09-13,EDELWEISS,A,81.5,82.0,80.4,80.8,81.3,1719,206088,16708333.0
2021-09-13,2021-09-13,RGL,B,755.0,778.5,747.3,770.0,752.45,1644,20471,15576326.0
2021-09-13,2021-09-13,KOLTEPATIL,A,297.0,302.75,285.6,297.55,293.6,1665,83604,24724402.0
2021-09-13,2021-09-13,KAUSHALYA,B,2.65,2.66,2.59,2.59,2.65,16,3848,10054.0
2021-09-13,2021-09-13,JYOTHYLAB,A,177.0,178.75,174.8,177.1,176.5,824,20455,3620787.0
2021-09-13,2021-09-13,ECLERX,T,2212.0,2215.0,2174.0,2196.05,2211.9,434,2468,5408944.0
2021-09-13,2021-09-13,TARIL,B,28.5,28.5,27.3,27.5,27.85,217,22182,614604.0
2021-09-13,2021-09-13,BRIGADE,A,402.0,403.9,395.35,400.8,398.1,723,17674,7072254.0
2021-09-13,2021-09-13,BGRENERGY,B,59.35,61.9,57.45,60.9,58.5,799,61405,3698617.0
2021-09-13,2021-09-13,BURNPUR,T,3.41,3.5,3.26,3.26,3.43,89,63573,210781.0
2021-09-13,2021-09-13,MANAKSIA,B,69.05,69.05,67.1,68.0,70.05,128,4550,309079.0
2021-09-13,2021-09-13,PORWAL,X,26.9,26.9,24.65,25.35,25.7,72,4633,116956.0
2021-09-13,2021-09-13,PPAP,B,243.65,245.3,239.4,244.9,241.6,56,754,182354.0
2021-09-13,2021-09-13,ARIES,B,150.1,150.25,148.2,148.4,151.35,219,3880,578158.0
2021-09-13,2021-09-13,KUANTUM,B,80.1,80.1,76.8,77.0,77.75,45,2597,200245.0
2021-09-13,2021-09-13,RPOWER,A,13.93,13.93,13.93,13.93,13.27,4460,3982413,55475013.0
2021-09-13,2021-09-13,JKIL,A,199.0,199.0,192.0,194.2,197.0,814,19099,3711467.0
2021-09-13,2021-09-13,CORDSCABLE,B,54.65,55.4,53.0,53.8,55.1,359,12617,681132.0
2021-09-13,2021-09-13,KNRCON,A,313.9,317.5,300.0,303.6,313.75,3049,79415,24423178.0
2021-09-13,2021-09-13,ONMOBILE,B,116.85,118.85,114.65,115.5,118.9,1962,88556,10259789.0
2021-09-13,2021-09-13,SEPC,B,5.37,5.37,5.36,5.37,5.12,208,723197,3882992.0
2021-09-13,2021-09-13,BANG,T,33.5,34.25,33.5,34.25,34.5,24,7875,265014.0
2021-09-13,2021-09-13,IRB,A,173.0,173.1,168.75,169.55,172.3,1378,75989,12917789.0
2021-09-13,2021-09-13,GSS,B,84.0,89.35,81.55,85.2,82.95,1244,82150,7122997.0
2021-09-13,2021-09-13,NAHARCAP,B,270.0,273.2,265.75,268.95,270.5,38,1149,309745.0
2021-09-13,2021-09-13,VGUARD,A,266.6,266.6,260.05,260.7,261.6,1092,36425,9535094.0
2021-09-13,2021-09-13,RECLTD,A,157.8,158.55,154.2,158.05,157.25,1311,147660,23132325.0
2021-09-13,2021-09-13,AJRINFRA,T,1.47,1.55,1.47,1.53,1.54,174,269194,407085.0
2021-09-13,2021-09-13,DHANI,B,197.5,200.35,196.8,198.1,198.35,1024,395401,78318898.0
2021-09-13,2021-09-13,TITAGARH,A,92.25,93.4,91.5,92.1,93.1,920,52062,4796922.0
2021-09-13,2021-09-13,KIRIINDUS,A,549.65,549.65,518.85,520.15,538.7,624,9301,4881414.0
2021-09-13,2021-09-13,SANKHYAINFO,XT,5.1,5.14,4.95,5.01,5.18,74,8902,44769.0
2021-09-13,2021-09-13,BIRLAMONEY,B,62.05,62.15,60.85,61.0,61.7,265,12268,753555.0
2021-09-13,2021-09-13,TELOGICA,Z,2.37,2.37,2.37,2.37,2.27,4,530,1256.0
2021-09-13,2021-09-13,JAIBALAJI,B,58.45,58.45,53.35,54.5,55.7,51,2220,120852.0
2021-09-13,2021-09-13,BAJAJ-AUTO,A,3719.9,3719.9,3682.95,3699.2,3699.7,1351,23764,87911469.0
2021-09-13,2021-09-13,BAJAJFINSV,A,16750.0,16998.6,16580.0,16929.15,16743.3,2490,10596,178120281.0
2021-09-13,2021-09-13,GOKUL,B,27.9,28.4,27.5,27.95,27.9,124,8451,235512.0
2021-09-13,2021-09-13,RPGLIFE,B,606.05,622.0,603.6,611.65,612.45,926,11159,6824003.0
2021-09-13,2021-09-13,SENSEX1,B,608.0,613.0,605.0,609.99,609.88,21,329,200213.0
2021-09-13,2021-09-13,NIRAJ,B,43.25,44.85,43.25,43.65,43.35,17,183,7968.0
2021-09-13,2021-09-13,RBL,B,920.05,929.0,903.2,916.55,921.0,223,1800,1652604.0
2021-09-13,2021-09-13,RANEENGINE,B,287.75,291.4,278.5,281.95,288.4,65,349,99334.0
2021-09-13,2021-09-13,BAFNAPH,B,126.05,133.05,124.7,128.3,126.75,25,420,54559.0
2021-09-13,2021-09-13,ARCHIDPLY,B,30.95,31.8,30.25,31.4,30.95,35,1724,53174.0
2021-09-13,2021-09-13,LOTUSEYE,T,45.1,48.9,45.1,47.8,47.4,35,2345,106224.0
2021-09-13,2021-09-13,SOMICONVEY,T,59.8,59.8,56.6,58.6,58.05,43,2939,170891.0
2021-09-13,2021-09-13,LGBFORGE,T,7.7,8.04,7.42,7.7,7.81,61,62955,474906.0
2021-09-13,2021-09-13,LPDC,T,4.25,4.4,4.04,4.15,4.22,60,11428,48152.0
2021-09-13,2021-09-13,SICAGEN,X,28.0,28.1,26.4,27.45,27.75,301,70460,1930146.0
2021-09-13,2021-09-13,SIMPLXMIL,XT,11.4,12.56,11.4,12.56,11.97,10,1515,17511.0
2021-09-13,2021-09-13,20MICRONS,B,54.0,54.35,53.05,53.9,54.6,135,6994,375311.0
2021-09-13,2021-09-13,ZFCVINDIA,A,7436.9,7438.45,7278.1,7303.75,7404.25,117,217,1589718.0
2021-09-13,2021-09-13,ALKALI,B,76.5,76.5,70.0,71.75,70.6,183,6045,430459.0
2021-09-13,2021-09-13,ISGEC,A,717.9,738.0,717.9,729.45,731.15,807,6581,4808057.0
2021-09-13,2021-09-13,IMFA,T,667.0,678.0,660.05,668.95,667.6,180,4686,3132118.0
2021-09-13,2021-09-13,TPHQ,T,3.13,3.13,3.09,3.09,3.25,5,19,58.0
2021-09-13,2021-09-13,VEDAVAAG,X,57.75,60.8,57.0,59.8,56.75,1033,234062,13959516.0
2021-09-13,2021-09-13,MANJEERA,X,34.3,34.3,34.3,34.3,35.0,1,7,240.0
2021-09-13,2021-09-13,MOLDTKPAC,A,516.85,525.7,501.1,522.5,498.65,1154,13738,7125492.0
2021-09-13,2021-09-13,MHRIL,A,229.95,237.55,229.95,234.65,232.75,1681,45627,10723611.0
2021-09-13,2021-09-13,LANDSMILL,T,3.42,3.44,3.17,3.44,3.28,36,26710,90758.0
2021-09-13,2021-09-13,ROML,B,99.7,113.4,99.0,113.4,94.5,2003,186729,20765533.0
2021-09-13,2021-09-13,BENGALASM,B,2400.0,2440.0,2325.0,2384.95,2442.3,239,1018,2435473.0
2021-09-13,2021-09-13,ADANIPOWER,T,101.0,102.0,98.0,100.65,102.45,5055,453950,45346967.0
2021-09-13,2021-09-13,NHPC,A,27.3,27.65,27.3,27.6,27.45,1529,362227,9964584.0
2021-09-13,2021-09-13,SURYAAMBA,X,149.9,152.3,149.9,152.3,145.05,42,3728,564935.0
2021-09-13,2021-09-13,JINDALCOTEX,T,3.5,3.8,3.45,3.5,3.63,28,3078,10965.0
2021-09-13,2021-09-13,GLOBUSSPR,T,1198.0,1216.95,1163.0,1216.95,1159.0,1090,33279,40091209.0
2021-09-13,2021-09-13,OIL,A,196.8,197.55,190.3,193.4,194.9,2532,105910,20604927.0
2021-09-13,2021-09-13,SWANDEF,Z,2.9,2.96,2.84,2.93,2.9,920,1550927,4528984.0
2021-09-13,2021-09-13,BTTL,X,17.98,17.98,17.98,17.98,17.13,90,20508,368733.0
2021-09-13,2021-09-13,SPSL,XT,34.85,34.85,34.85,34.85,33.2,22,8208,286048.0
2021-09-13,2021-09-13,EXPLEOSOL,T,1020.0,1064.05,1020.0,1064.05,1013.4,54,1169,1217925.0
2021-09-13,2021-09-13,RTNPOWER,T,4.72,4.72,4.5,4.62,4.62,1134,1006717,4642147.0
2021-09-13,2021-09-13,DEN,A,49.0,49.95,49.0,49.55,49.2,412,34946,1733038.0
2021-09-13,2021-09-13,ASTEC,A,1359.5,1359.5,1320.2,1333.5,1348.1,346,1336,1778847.0
2021-09-13,2021-09-13,COXKINGS,Z,1.68,1.68,1.65,1.68,1.6,142,354794,595547.0
2021-09-13,2021-09-13,DLINKINDIA,B,137.5,144.4,134.95,139.7,137.4,2412,94488,13258934.0
2021-09-13,2021-09-13,JSWENERGY,T,293.8,293.8,282.0,293.8,279.85,2184,279411,81956075.0
2021-09-13,2021-09-13,YUNIKM,X,4.2,4.25,3.93,4.0,4.05,72,19930,82686.0
2021-09-13,2021-09-13,GODREJPROP,A,1581.5,1609.2,1575.35,1604.85,1581.35,1483,16774,26777335.0
2021-09-13,2021-09-13,DBCORP,A,90.05,90.45,88.45,88.75,90.15,711,27837,2492339.0
2021-09-13,2021-09-13,MBLINFRA,B,19.15,19.4,18.5,18.85,19.1,59,10112,191271.0
2021-09-13,2021-09-13,JUBLFOOD,A,4099.1,4139.0,4070.75,4135.8,4099.1,2730,16111,66306735.0
2021-09-13,2021-09-13,VASCONEQ,B,26.35,26.55,25.4,26.05,26.25,327,97765,2556757.0
2021-09-13,2021-09-13,THANGAMAYL,B,1050.2,1109.65,1050.0,1093.05,1056.3,1083,4873,5289180.0
2021-09-13,2021-09-13,DBREALTY,B,27.2,29.55,26.0,29.55,26.9,1358,562166,16323599.0
2021-09-13,2021-09-13,EMMBI,B,102.25,105.0,100.7,101.6,102.35,104,2890,293998.0
2021-09-13,2021-09-13,HATHWAY,A,23.65,23.75,23.4,23.45,23.65,1415,286956,6770010.0
2021-09-13,2021-09-13,ARSSINFRA,B,30.0,31.5,30.0,31.5,30.0,70,15928,501444.0
2021-09-13,2021-09-13,TEXMOPIPES,B,48.5,49.0,48.05,48.4,48.2,168,5984,289349.0
2021-09-13,2021-09-13,SUNDARAM,T,2.15,2.16,2.01,2.02,2.11,62,98602,200638.0
2021-09-13,2021-09-13,COROENGG,X,31.05,32.5,31.05,31.3,31.05,18,2405,75734.0
2021-09-13,2021-09-13,ROSSELLIND,B,172.25,173.0,166.45,171.05,170.45,592,23707,4028304.0
2021-09-13,2021-09-13,MANINFRA,B,75.35,77.9,74.0,76.9,74.55,5232,877159,66479672.0
2021-09-13,2021-09-13,TAMBOLIIN,X,50.0,51.3,48.1,48.8,50.0,34,1661,81807.0
2021-09-13,2021-09-13,IVZINGOLD,E,4240.0,4240.0,4211.0,4220.0,4240.0,4,4,16883.0
2021-09-13,2021-09-13,IL&FSTRANS,Z,3.45,3.45,3.36,3.36,3.53,37,72264,244001.0
2021-09-13,2021-09-13,PERSISTENT,A,3502.9,3649.65,3502.0,3586.45,3502.9,2414,12747,45741631.0
2021-09-13,2021-09-13,ISFT,B,135.0,148.75,135.0,146.1,135.25,3514,204350,29705037.0
2021-09-13,2021-09-13,GOENKA,Z,1.32,1.37,1.32,1.37,1.31,127,501824,681731.0
2021-09-13,2021-09-13,KCPSUGIND,B,21.9,22.25,21.1,21.7,21.7,228,26221,567527.0
2021-09-13,2021-09-13,KECL,B,18.9,18.9,17.6,17.85,17.95,355,69590,1254779.0
2021-09-13,2021-09-13,SATCH,X,2.35,2.39,2.28,2.31,2.29,60,30979,72320.0
2021-09-13,2021-09-13,TARAPUR,B,4.3,4.59,4.3,4.32,4.4,18,5223,22760.0
2021-09-13,2021-09-13,SJVN,A,26.75,27.1,26.7,26.95,26.85,1048,190344,5125889.0
2021-09-13,2021-09-13,JPINFRATEC,B,1.87,1.93,1.86,1.92,1.88,795,1809299,3450758.0
2021-09-13,2021-09-13,EMAMIPAP,B,168.05,169.3,165.3,166.6,166.55,236,3268,546115.0
2021-09-13,2021-09-13,KRITINUT,X,41.55,42.7,41.55,42.05,42.3,277,26383,1109297.0
2021-09-13,2021-09-13,GKB,XT,90.4,96.4,90.4,93.3,92.2,22,1286,121311.0
2021-09-13,2021-09-13,HMVL,B,75.85,76.5,75.3,75.8,75.75,280,10831,821698.0
2021-09-13,2021-09-13,EMAMIREAL,B,69.0,70.1,67.5,67.5,69.75,270,15991,1099269.0
2021-09-13,2021-09-13,AHLWEST,B,272.0,292.9,255.0,276.0,280.85,26,1897,506082.0
2021-09-13,2021-09-13,AHLEAST,B,191.65,195.0,188.3,193.65,195.0,34,1063,204405.0
2021-09-13,2021-09-13,BAJAJCON,A,255.0,260.5,250.35,259.25,252.9,3872,98719,25315907.0
2021-09-13,2021-09-13,HDFCGOLD,E,41.99,42.0,41.7,41.75,41.85,187,30126,1258777.0
2021-09-13,2021-09-13,PRAKASHSTL,B,2.02,2.14,2.02,2.02,2.12,335,1536765,3126637.0
2021-09-13,2021-09-13,GOLDIETF,E,42.19,42.19,41.6,41.71,41.73,155,6893,287686.0
2021-09-13,2021-09-13,GPPL,A,102.0,102.0,100.0,100.75,100.9,454,15045,1513624.0
2021-09-13,2021-09-13,WELINV,B,334.95,334.95,333.3,333.3,339.0,5,133,44456.0
2021-09-13,2021-09-13,WAAREEINDO,Z,2.28,2.5,2.28,2.5,2.39,135,110992,274574.0
2021-09-13,2021-09-13,HEALTHX,T,292.0,296.0,273.65,293.0,287.25,34,3308,938112.0
2021-09-13,2021-09-13,CPCAP,B,165.5,167.0,162.75,163.05,165.15,196,3493,576812.0
2021-09-13,2021-09-13,EROSMEDIA,B,17.2,17.5,16.7,16.8,17.15,804,244123,4140644.0
2021-09-13,2021-09-13,RAMKY,T,153.7,156.9,152.0,152.1,151.0,22,2079,324362.0
2021-09-13,2021-09-13,GREENPOWER,B,3.01,3.06,3.0,3.02,3.01,606,675019,2036985.0
2021-09-13,2021-09-13,GALLISPAT,B,61.5,63.0,56.05,58.5,57.0,304,8558,509143.0
2021-09-13,2021-09-13,CANTABIL,B,413.0,493.5,413.0,493.5,411.25,1779,62739,30499040.0
2021-09-13,2021-09-13,WABAG,A,338.1,341.75,333.25,338.95,335.1,924,16541,5585047.0
2021-09-13,2021-09-13,BEDMUTHA,B,37.85,39.0,37.85,39.0,37.8,43,5716,219842.0
2021-09-13,2021-09-13,ASHOKA,A,102.0,104.9,101.4,103.45,102.5,2720,179798,18514983.0
2021-09-13,2021-09-13,JWL,T,37.4,37.4,34.35,34.5,36.15,130,24885,884852.0
2021-09-13,2021-09-13,OBEROIRLTY,A,775.0,775.0,756.0,759.0,773.6,1030,15533,11824492.0
2021-09-13,2021-09-13,PRESTIGE,A,429.0,441.9,428.35,436.0,429.0,1804,31831,13878019.0
2021-09-13,2021-09-13,SHAH,B,2.3,2.3,2.2,2.21,2.23,194,998214,2214711.0
2021-09-13,2021-09-13,COALINDIA,A,149.7,155.9,149.3,154.6,148.6,10772,1538950,236005811.0
2021-09-13,2021-09-13,GRAVITA,B,200.3,204.95,196.4,203.6,200.15,1293,47422,9534934.0
2021-09-13,2021-09-13,RPPINFRA,B,82.0,82.4,81.0,81.3,79.7,616,19860,1621052.0
2021-09-13,2021-09-13,RDBIPL,X,30.4,32.45,29.3,31.5,31.0,87,23598,715393.0
2021-09-13,2021-09-13,MOIL,A,163.75,165.5,162.1,162.5,163.75,1643,52530,8563361.0
2021-09-13,2021-09-13,ZEELEARN,B,13.25,13.38,12.84,12.94,13.14,452,171672,2235670.0
2021-09-13,2021-09-13,KTIL,XT,47.5,48.9,45.55,47.8,46.6,39,7088,334397.0
2021-09-13,2021-09-13,A2ZINFRA,B,4.27,4.44,4.27,4.31,4.38,118,87012,377597.0
2021-09-13,2021-09-13,KIRLOSENG,A,214.25,214.55,208.95,209.7,214.6,486,7539,1592066.0
2021-09-13,2021-09-13,RKDL,T,11.59,12.6,11.59,12.55,12.17,29,2865,35613.0
2021-09-13,2021-09-13,PSB,B,16.8,16.8,16.5,16.65,16.8,242,22448,374971.0
2021-09-13,2021-09-13,FMNL,B,9.15,9.17,8.9,8.95,8.83,402,175931,1587897.0
2021-09-13,2021-09-13,SURANASOL,B,12.8,13.08,12.45,12.97,12.47,92,18749,239723.0
2021-09-13,2021-09-13,SHEKHAWATI,T,0.63,0.63,0.63,0.63,0.63,2,3001,1890.0
2021-09-13,2021-09-13,KICL,B,2100.0,2132.55,2080.0,2132.55,2084.9,13,99,208354.0
2021-09-13,2021-09-13,BFINVEST,A,363.5,369.6,358.15,361.95,364.45,265,2663,970214.0
2021-09-13,2021-09-13,SUMMITSEC,B,732.8,732.8,708.05,716.15,714.3,35,136,97356.0
2021-09-13,2021-09-13,INOVSYNTH,XT,19.95,20.9,19.05,20.9,19.95,47,50874,1062523.0
2021-09-13,2021-09-13,STEL,B,170.0,171.3,165.0,165.65,168.7,246,4485,752767.0
2021-09-13,2021-09-13,OMKARCHEM,B,17.05,18.3,16.9,18.0,17.5,131,15302,269530.0
2021-09-13,2021-09-13,JUBLINDS,B,514.0,524.4,509.5,513.65,511.65,463,3847,1983116.0
2021-09-13,2021-09-13,TEXRAIL,A,33.85,33.85,32.75,32.9,33.05,347,36397,1200431.0
2021-09-13,2021-09-13,INDTERRAIN,B,44.0,44.0,41.4,41.65,44.0,349,33036,1399343.0
2021-09-13,2021-09-13,FCL,B,113.2,133.4,113.2,124.85,111.2,10906,936667,118357308.0
2021-09-13,2021-09-13,DHUNINV,B,621.65,640.55,607.0,637.95,629.4,25,208,129458.0
2021-09-13,2021-09-13,ZENTEC,B,212.0,215.3,206.0,215.3,205.05,1862,147481,31478044.0
2021-09-13,2021-09-13,LOVABLE,B,112.3,120.0,112.3,115.8,113.6,115,5334,614005.0
2021-09-13,2021-09-13,PFS,A,18.0,18.0,17.7,17.75,17.8,329,96655,1718823.0
2021-09-13,2021-09-13,MON100,E,112.88,113.09,112.02,112.28,113.25,801,53819,6043415.0
2021-09-13,2021-09-13,TCIDEVELP,B,321.0,325.9,315.25,325.0,325.6,24,2144,689869.0
2021-09-13,2021-09-13,MUTHOOTFIN,A,1540.0,1550.35,1533.15,1544.95,1537.7,1723,169642,261920959.0
2021-09-13,2021-09-13,FCONSUMER,A,8.15,8.25,7.43,7.5,8.07,4193,4794863,36933446.0
2021-09-13,2021-09-13,TRUEGREEN,XT,25.15,25.2,22.9,24.85,24.1,42,3382,81160.0
2021-09-13,2021-09-13,BSLGOLDETF,E,4418.0,4418.0,4281.0,4290.0,4289.33,14,41,177528.0
2021-09-13,2021-09-13,VMS,XT,14.53,14.53,13.15,13.5,13.84,46,9928,132246.0
2021-09-13,2021-09-13,KARMAENG,T,20.25,20.35,18.7,19.85,19.65,22,2498,47434.0
2021-09-13,2021-09-13,DELPHIFX,B,717.8,722.0,696.0,699.05,703.7,209,1699,1197333.0
2021-09-13,2021-09-13,RUSHIL,B,253.0,264.8,250.1,263.15,252.85,188,4162,1087542.0
2021-09-13,2021-09-13,ENKEIWHEL,X,356.1,365.5,356.1,360.9,365.0,25,838,301427.0
2021-09-13,2021-09-13,KRIDHANINF,B,4.8,4.9,4.71,4.8,4.83,33,9013,43295.0
2021-09-13,2021-09-13,BGLOBAL,T,2.22,2.22,2.05,2.17,2.12,15,9570,20966.0
2021-09-13,2021-09-13,INVENTURE,B,3.0,3.03,2.92,2.93,3.02,597,644180,1901444.0
2021-09-13,2021-09-13,LTF,A,84.9,85.3,83.75,85.2,84.65,1213,362541,30657415.0
2021-09-13,2021-09-13,IBULLSLTD,A,113.4,114.8,105.55,107.4,109.4,1037,34969,3786620.0
2021-09-13,2021-09-13,TREEHOUSE,T,9.45,9.45,8.98,9.14,9.05,27,5534,50555.0
2021-09-13,2021-09-13,BROOKS,B,146.45,152.25,134.0,136.4,144.3,1319,79567,11313586.0
2021-09-13,2021-09-13,RUPA,A,442.4,472.4,442.4,468.7,446.4,1549,25554,11803077.0
2021-09-13,2021-09-13,TDPOWERSYS,B,335.25,336.8,325.1,326.8,334.3,400,5455,1809327.0
2021-09-13,2021-09-13,GOLDAXIS,E,40.7,40.95,40.41,40.64,40.96,508,24564,998606.0
2021-09-13,2021-09-13,APLLTD,A,766.0,777.0,761.55,773.25,765.9,1301,16256,12519074.0
2021-09-13,2021-09-13,VASWANI,B,13.4,13.4,11.63,12.04,12.25,39,2285,27267.0
2021-09-13,2021-09-13,PGEL,B,351.0,375.0,350.45,369.1,356.5,211,4523,1639988.0
2021-09-13,2021-09-13,LESHAIND,XT,9.0,9.68,9.0,9.68,9.23,459,297780,2823485.0
2021-09-13,2021-09-13,SETUINFRA,T,1.3,1.3,1.24,1.27,1.3,37,27596,34646.0
2021-09-13,2021-09-13,RDBRL,X,92.5,100.5,91.25,96.75,91.05,1884,251027,24096709.0
2021-09-13,2021-09-13,TIJARIA,T,6.17,6.17,5.61,5.7,5.88,24,42041,239606.0
2021-09-13,2021-09-13,ONELIFECAP,T,18.9,19.75,18.0,18.75,18.9,32,2405,44525.0
2021-09-13,2021-09-13,FLEXITUFF,B,15.65,16.6,15.1,15.5,15.85,36,1428,22227.0
2021-09-13,2021-09-13,UEL,B,2.81,2.81,2.71,2.76,2.81,218,405437,1119450.0
2021-09-13,2021-09-13,TRITURBINE,A,141.35,141.75,136.85,138.15,142.3,475,15705,2194746.0
2021-09-13,2021-09-13,INDOTHAI,B,85.9,87.15,85.1,86.6,83.0,406,8273,719447.0
2021-09-13,2021-09-13,ESSARSHPNG,B,10.95,10.95,9.75,10.08,10.02,119,10218,103143.0
2021-09-13,2021-09-13,LICMFGOLD,E,4340.0,4360.0,4330.0,4359.0,4320.0,15,36,156904.0
2021-09-13,2021-09-13,APLAPOLLO,A,1877.0,1908.7,1834.0,1854.8,1879.4,2278,18019,33576353.0
2021-09-13,2021-09-13,GPTINFRA,B,88.2,89.8,87.75,88.55,88.05,130,4712,416759.0
2021-09-13,2021-09-13,FERVENTSYN,X,16.75,16.75,15.3,15.55,16.4,17,2944,45850.0
2021-09-13,2021-09-13,THOMASCOTT,T,17.1,17.1,17.1,17.1,17.25,1,50,855.0
2021-09-13,2021-09-13,TERASOFT,T,52.7,52.7,48.6,49.15,50.7,39,2573,127892.0
2021-09-13,2021-09-13,PMCFIN,XT,2.06,2.06,1.9,1.94,1.98,1936,1200317,2346818.0
2021-09-13,2021-09-13,RHIM,A,360.0,394.0,360.0,387.5,369.4,2252,33776,12950956.0
2021-09-13,2021-09-13,MCX,A,1660.0,1667.4,1622.55,1629.9,1660.15,2018,21501,35260404.0
2021-09-13,2021-09-13,SCHNEIDER,A,114.5,118.3,113.85,116.25,114.7,898,53561,6229104.0
2021-09-13,2021-09-13,OLPCL,X,1.9,1.9,1.75,1.75,1.81,25,12414,23361.0
2021-09-13,2021-09-13,NBCC,A,43.55,44.05,43.05,43.2,43.85,3481,429420,18662933.0
2021-09-13,2021-09-13,MTEDUCARE,B,7.89,7.91,7.6,7.84,7.84,31,18986,149047.0
2021-09-13,2021-09-13,HEXATRADEX,T,196.8,203.9,187.75,188.6,196.35,31,1603,304849.0
2021-09-13,2021-09-13,MAXHEIGHTS,X,13.6,13.6,13.5,13.5,13.6,2,51,688.0
2021-09-13,2021-09-13,TBZ,B,76.4,77.55,74.95,75.6,76.15,595,27336,2079913.0
2021-09-13,2021-09-13,VSSL,B,268.5,271.75,264.0,265.6,269.35,481,6019,1613205.0
2021-09-13,2021-09-13,LOOKS,XT,12.25,12.58,12.15,12.58,11.99,25,2632,32877.0
2021-09-13,2021-09-13,SPECIALITY,B,77.7,79.25,74.0,74.4,76.8,910,49916,3824601.0
2021-09-13,2021-09-13,AURUS,B,4.35,4.61,4.35,4.45,4.45,6,1505,6671.0
2021-09-13,2021-09-13,META,Z,2.08,2.08,1.98,1.98,2.08,7,643,1277.0
2021-09-13,2021-09-13,RTNINDIA,T,50.0,50.0,46.3,46.95,48.35,837,269350,12946535.0
2021-09-13,2021-09-13,SAMPANN,B,8.15,8.44,8.13,8.37,8.15,17,5104,42215.0
2021-09-13,2021-09-13,JTLIND,X,815.0,828.0,812.15,815.25,822.55,174,7204,5888181.0
2021-09-13,2021-09-13,AMTL,X,13.85,13.91,12.81,13.87,13.25,44,4783,65492.0
2021-09-13,2021-09-13,NECCLTD,B,20.0,20.2,19.1,20.2,19.25,377,277673,5569149.0
2021-09-13,2021-09-13,WAAREERTL,X,185.7,188.7,177.2,186.95,185.7,238,18798,3405709.0
2021-09-13,2021-09-13,JUPITERIN,X,22.6,23.6,22.0,22.85,22.6,142,3958,90537.0
2021-09-13,2021-09-13,DUCON,T,11.49,11.49,10.45,10.5,11.0,88,14148,148922.0
2021-09-13,2021-09-13,PROZONER,B,29.2,29.2,28.05,28.3,28.45,158,11526,327565.0
2021-09-13,2021-09-13,SRGHFL,X,169.0,172.9,162.3,162.5,164.45,37,2438,407625.0
2021-09-13,2021-09-13,COMCL,X,8.61,9.95,8.61,9.95,10.1,97,12862,118690.0
2021-09-13,2021-09-13,BITL,XT,1.15,1.16,1.15,1.16,1.11,102,63021,72888.0
2021-09-13,2021-09-13,CASPIAN,XT,9.0,9.94,9.0,9.0,9.47,12,5011,47739.0
2021-09-13,2021-09-13,VIRTUALG,X,0.81,0.81,0.75,0.75,0.78,1395,1792045,1356113.0
2021-09-13,2021-09-13,ZUARI,T,117.6,117.6,113.0,115.4,116.2,131,3902,450272.0
2021-09-13,2021-09-13,STEELXIND,B,80.0,80.25,78.15,78.15,79.6,206,10814,861746.0
2021-09-13,2021-09-13,TRIOMERC,X,2.55,2.6,2.35,2.38,2.57,250,138299,331493.0
2021-09-13,2021-09-13,CIGNITITEC,A,575.0,584.7,570.35,576.1,575.75,990,6973,4034611.0
2021-09-13,2021-09-13,CDG,X,20.75,20.8,20.75,20.8,20.8,3,100,2077.0
2021-09-13,2021-09-13,CARERATING,A,735.0,738.85,726.4,729.2,730.4,793,9556,6985657.0
2021-09-13,2021-09-13,PCJEWELLER,A,26.0,26.1,24.7,24.95,25.85,916,207285,5272976.0
2021-09-13,2021-09-13,INDUSTOWER,A,240.65,241.35,235.95,238.85,242.5,3135,190092,45451783.0
2021-09-13,2021-09-13,ISERA,XT,0.81,0.81,0.8,0.8,0.78,21,3200,2563.0
2021-09-13,2021-09-13,VMART,A,3475.0,3494.5,3413.85,3484.55,3475.25,200,276,952924.0
2021-09-13,2021-09-13,NIBE,XT,59.4,59.4,54.6,58.45,56.6,113,7866,450558.0
2021-09-13,2021-09-13,MUKTA,XT,5.42,5.42,5.42,5.42,5.17,10,4877,26433.0
2021-09-13,2021-09-13,MYSTICELE,XT,2.98,2.98,2.72,2.8,2.85,40,10183,28022.0
2021-09-13,2021-09-13,COMFINCAP,X,43.35,46.4,42.15,46.4,44.2,38,8209,376271.0
2021-09-13,2021-09-13,SBISENSEX,B,619.8,619.8,610.7,612.87,616.34,183,2127,1305175.0
2021-09-13,2021-09-13,REPCOHOME,A,305.15,306.7,297.0,301.0,303.8,380,6394,1936537.0
2021-09-13,2021-09-13,GCMSECU,M,1.56,1.59,1.52,1.59,1.52,14,40000,63184.0
2021-09-13,2021-09-13,NIBL,B,19.3,20.4,19.1,20.0,19.85,65,18047,356305.0
2021-09-13,2021-09-13,KIFS,X,41.1,41.1,37.15,39.1,41.1,15,332,13113.0
2021-09-13,2021-09-13,SREEL,B,182.0,186.55,179.0,184.35,182.9,77,2458,443218.0
2021-09-13,2021-09-13,SHARDAMOTR,T,635.0,640.0,610.0,628.95,610.1,50,2802,1755364.0
2021-09-13,2021-09-13,BINNYMILLS,X,212.9,216.75,196.15,197.9,206.45,122,4442,905726.0
2021-09-13,2021-09-13,SVGLOBAL,X,69.45,69.45,66.05,66.65,68.7,30,1616,108820.0
2021-09-13,2021-09-13,JUSTDIAL,A,993.9,994.4,983.2,988.65,993.55,645,10105,9975570.0
2021-09-13,2021-09-13,OONE,X,4.04,4.04,3.95,3.96,3.92,16,1888,7514.0
2021-09-13,2021-09-13,IFINSEC,XT,16.25,16.25,16.24,16.24,16.25,4,327,5313.0
2021-09-13,2021-09-13,BRAHMINFRA,X,18.6,18.6,17.0,18.05,17.8,56,4585,82286.0
2021-09-13,2021-09-13,EDSL,Z,0.42,0.42,0.42,0.42,0.4,5,13610,5716.0
2021-09-13,2021-09-13,AMPVOLTS,X,2.4,2.4,2.4,2.4,2.4,3,407,976.0
2021-09-13,2021-09-13,KHOOBSURAT,XT,0.29,0.29,0.29,0.29,0.3,14,50501,14645.0
2021-09-13,2021-09-13,ORIENTCEM,A,164.0,166.45,162.6,163.3,163.35,2147,113459,18668868.0
2021-09-13,2021-09-13,ABFRL,A,214.0,219.05,213.9,215.7,214.45,2730,171656,37281886.0
2021-09-13,2021-09-13,SAMMAANCAP,A,227.8,229.8,224.7,229.0,227.4,3627,376639,85545002.0
2021-09-13,2021-09-13,ESSENTIA,T,4.23,4.23,4.23,4.23,4.23,1,10,42.0
2021-09-13,2021-09-13,VKJINFRA,XT,0.26,0.28,0.26,0.27,0.27,512,660489,174622.0
2021-09-13,2021-09-13,KUSHAL,XT,4.03,4.19,3.88,4.0,4.03,136,53792,216420.0
2021-09-13,2021-09-13,TIGERLOGS,XT,128.15,128.15,125.0,128.15,122.05,477,95738,12265869.0
2021-09-13,2021-09-13,JKAGRI,X,723.0,725.75,707.0,719.4,709.1,120,1954,1404928.0
2021-09-13,2021-09-13,FLFL,A,55.0,55.75,52.4,53.25,53.45,659,34775,1891800.0
2021-09-13,2021-09-13,NOVELIX,X,8.1,8.1,7.8,7.8,7.9,4,57,459.0
2021-09-13,2021-09-13,PVVINFRA,XT,6.4,6.4,6.0,6.06,6.3,95,24831,151192.0
2021-09-13,2021-09-13,INDRENEW,XT,11.5,11.63,10.75,11.04,11.27,43,8340,91923.0
2021-09-13,2021-09-13,FIVEXTRADE,XT,0.94,0.94,0.89,0.94,0.93,70,19453,17425.0
2021-09-13,2021-09-13,JPOLYINVST,T,39.35,39.35,39.35,39.35,39.35,5,1312,51627.0
2021-09-13,2021-09-13,YURANUS,XT,6.0,6.0,5.96,5.96,6.27,8,199,1186.0
2021-09-13,2021-09-13,INTELSOFT,XT,67.55,67.55,67.55,67.55,64.35,217,61547,4157499.0
2021-09-13,2021-09-13,MOM100,B,30.41,31.7,30.41,30.87,30.9,142,5505,170300.0
2021-09-13,2021-09-13,BPCAP,XT,11.08,11.08,10.56,10.89,10.56,73,16977,183722.0
2021-09-13,2021-09-13,CPL,X,28.55,30.5,28.55,30.05,28.05,1989,337400,10047366.0
2021-09-13,2021-09-13,NIFTYIETF,B,186.45,187.19,185.01,186.02,185.98,1900,9398,1749434.0
2021-09-13,2021-09-13,NIF100IETF,B,193.0,194.0,190.5,191.0,192.0,54,654,124816.0
2021-09-13,2021-09-13,ARNOLD,X,13.85,14.65,13.85,14.5,14.1,12,425,6163.0
2021-09-13,2021-09-13,SUNLOC,X,34.5,35.5,33.55,34.55,35.1,20,2625,90789.0
2021-09-13,2021-09-13,JTLDEFENCE,B,8.18,8.49,7.8,8.05,7.81,37,17528,141933.0
2021-09-13,2021-09-13,SUYOG,B,409.95,409.95,395.2,398.05,401.55,57,1987,791359.0
2021-09-13,2021-09-13,NATHBIOGEN,A,335.25,337.3,332.05,333.7,335.7,152,2633,882856.0
2021-09-13,2021-09-13,AGRITECH,B,63.95,63.95,63.95,63.95,60.95,28,2740,175223.0
2021-09-13,2021-09-13,CHEMTECH,T,11.2,11.35,11.2,11.35,11.04,10,2253,25245.0
2021-09-13,2021-09-13,KETOMOTORS,XT,23.8,23.8,23.8,23.8,22.7,13,9282,220911.0
2021-09-13,2021-09-13,NIF100BEES,B,184.37,184.37,181.1,182.75,181.92,24,79,14463.0
2021-09-13,2021-09-13,VIAANINDUS,X,0.78,0.8,0.75,0.79,0.78,474,655194,497407.0
2021-09-13,2021-09-13,DENISCHEM,X,70.0,70.95,66.3,67.8,69.3,62,21411,1449489.0
2021-09-13,2021-09-13,UNISHIRE,M,1.58,1.58,1.58,1.58,1.35,1,10000,15800.0
2021-09-13,2021-09-13,NIFTY1,B,183.0,183.6,181.9,182.89,182.47,77,5452,994221.0
2021-09-13,2021-09-13,KIRANVYPAR,X,132.9,132.9,126.05,129.95,129.95,69,34466,4444178.0
2021-09-13,2021-09-13,BCP,B,3.85,3.85,3.61,3.64,3.75,204,244418,896206.0
2021-09-13,2021-09-13,RACE,M,207.0,211.0,207.0,209.0,212.1,11,6875,1439718.0
2021-09-13,2021-09-13,MANGIND,XT,4.65,4.65,4.21,4.21,4.43,868,440402,1932511.0
2021-09-13,2021-09-13,VIJIFIN,T,1.65,1.65,1.53,1.57,1.6,25,16332,25435.0
2021-09-13,2021-09-13,NEGOTIUM,XT,1.9,1.9,1.9,1.9,1.9,2,420,798.0
2021-09-13,2021-09-13,HBGHOTELS,X,15.25,16.0,14.5,14.6,15.25,12,2363,36460.0
2021-09-13,2021-09-13,RAUNAQ,XT,23.8,23.8,23.8,23.8,22.7,9,1014,24133.0
2021-09-13,2021-09-13,INFRONICS,XT,12.2,12.23,11.07,11.07,11.65,61,6070,72341.0
2021-09-13,2021-09-13,OBILTD,XT,3.63,3.74,3.45,3.67,3.58,106,53188,190616.0
2021-09-13,2021-09-13,CPSEETF,B,25.75,26.77,25.75,26.74,26.58,690,446869,11919021.0
2021-09-13,2021-09-13,VASUPRADA,X,115.5,116.9,112.85,115.2,115.25,7,103,11828.0
2021-09-13,2021-09-13,RNBDENIMS,B,145.65,158.55,143.45,156.3,151.0,177,7638,1167486.0
2021-09-13,2021-09-13,GOLDLINE,Z,0.37,0.37,0.35,0.37,0.36,548,2050632,747060.0
2021-09-13,2021-09-13,SHARPINV,X,0.63,0.63,0.57,0.57,0.6,623,685983,406558.0
2021-09-13,2021-09-13,WONDERLA,A,232.9,232.9,230.2,230.75,232.55,1004,13915,3220854.0
2021-09-13,2021-09-13,RESPONSINF,X,10.37,10.37,10.37,10.37,9.88,2,97,1005.0
2021-09-13,2021-09-13,AFEL,X,35.5,35.5,32.55,34.7,33.95,122,37949,1291095.0
2021-09-13,2021-09-13,INCREDIBLE,T,28.25,28.25,26.65,27.4,27.2,29,3802,103009.0
2021-09-13,2021-09-13,WESTLEIRES,XT,243.05,243.05,243.05,243.05,255.8,1,25,6076.0
2021-09-13,2021-09-13,NAM,X,39.45,39.45,37.5,37.5,39.45,13,221,8315.0
2021-09-13,2021-09-13,METSL,X,60.1,63.8,58.15,59.1,60.0,52,3398,204354.0
2021-09-13,2021-09-13,ALPSMOTOR,Z,0.32,0.33,0.32,0.32,0.32,48,11825,3807.0
2021-09-13,2021-09-13,CCFCL,XT,0.42,0.42,0.4,0.4,0.42,6,8565,3428.0
2021-09-13,2021-09-13,MONEYBOXX,T,76.95,82.35,75.05,81.3,78.5,37,14447,1170269.0
2021-09-13,2021-09-13,QUASAR,X,7.68,7.68,7.68,7.68,7.68,1,1,7.0
2021-09-13,2021-09-13,TPROJECT,X,1.49,1.49,1.4,1.4,1.42,11,1424,2117.0
2021-09-13,2021-09-13,AMARSEC,X,17.78,17.78,17.78,17.78,16.94,3,4700,83566.0
2021-09-13,2021-09-13,CTL,X,6.7,7.07,6.23,6.7,6.67,39,15563,104393.0
2021-09-13,2021-09-13,YAANENT,XT,28.9,28.9,28.9,28.9,28.95,1,1,28.0
2021-09-13,2021-09-13,PIPAN,XT,1.19,1.19,1.19,1.19,1.25,1,2,2.0
2021-09-13,2021-09-13,ANVRDHI,XT,1.5,1.5,1.5,1.5,1.5,6,2826,4239.0
2021-09-13,2021-09-13,RAAMA,XT,0.49,0.49,0.49,0.49,0.51,56,29497,14453.0
2021-09-13,2021-09-13,GOLDCOINHF,XT,8.05,8.05,8.05,8.05,8.05,3,166,1336.0
2021-09-13,2021-09-13,BRPL,M,30.1,30.1,30.1,30.1,31.45,1,12000,361200.0
2021-09-13,2021-09-13,ARMAN,X,36.0,36.0,36.0,36.0,36.0,1,1,36.0
2021-09-13,2021-09-13,SAIBABA,Z,1.35,1.35,1.26,1.26,1.32,31,6195,7812.0
2021-09-13,2021-09-13,SKIPPER,B,86.95,88.9,84.0,85.2,86.7,1836,111236,9567858.0
2021-09-13,2021-09-13,JAMESWARREN,X,258.4,267.8,241.0,246.75,258.4,281,7505,1864036.0
2021-09-13,2021-09-13,VISTARAMAR,X,71.05,71.05,68.1,69.35,68.0,35,996,69135.0
2021-09-13,2021-09-13,APOLLOTRI,A,1779.0,1790.0,1713.45,1723.15,1745.65,6193,80233,139729823.0
2021-09-13,2021-09-13,GULFOILLUB,A,610.25,613.5,600.0,605.4,612.45,458,2467,1501498.0
2021-09-13,2021-09-13,TRIVENIENT,X,11.35,11.97,10.5,11.38,11.12,42,15671,173235.0
2021-09-13,2021-09-13,CEMAINFRA,XT,9.79,9.79,9.79,9.79,10.3,53,5489,53737.0
2021-09-13,2021-09-13,TTIENT,XT,18.34,18.34,18.34,18.34,17.47,16,1509,27675.0
2021-09-13,2021-09-13,VISHAL,B,120.95,126.4,114.75,118.7,120.4,929,57463,7001726.0
2021-09-13,2021-09-13,TOYAMSL,XT,2.62,2.88,2.62,2.88,2.75,232,280668,778283.0
2021-09-13,2021-09-13,UNISON,XT,103.65,103.65,103.65,103.65,98.75,10,573,59391.0
2021-09-13,2021-09-13,RTFL,X,8.34,8.34,7.61,8.22,8.0,33,3989,31481.0
2021-09-13,2021-09-13,VRL,X,131.6,134.35,130.9,132.75,132.25,104,11464,1514036.0
2021-09-13,2021-09-13,SNOWMAN,A,45.15,45.25,44.1,44.5,45.15,969,83714,3746768.0
2021-09-13,2021-09-13,QGO,XT,28.55,28.55,27.2,28.55,27.2,13,2189,62000.0
2021-09-13,2021-09-13,EML,Z,0.68,0.73,0.67,0.73,0.7,37,12311,8888.0
2021-09-13,2021-09-13,SHARDACROP,A,331.05,331.5,320.0,325.2,329.0,580,8487,2757599.0
2021-09-13,2021-09-13,SENSEXBEES,B,629.93,650.0,629.0,634.36,634.6,44,109,69173.0
2021-09-13,2021-09-13,SHEMAROO,B,139.0,143.5,128.35,137.9,137.55,1479,82403,11125366.0
2021-09-13,2021-09-13,ULTRACAB,B,143.5,143.5,136.15,137.55,137.7,123,3205,443163.0
2021-09-13,2021-09-13,RCCL,X,15.2,16.75,15.2,15.5,16.0,4,110,1764.0
2021-09-13,2021-09-13,ETIL,X,4.97,4.97,4.96,4.96,4.52,3,140,694.0
2021-09-13,2021-09-13,ATISHAY,B,31.3,31.3,29.85,30.5,29.65,33,7444,224753.0
2021-09-13,2021-09-13,DHABRIYA,B,74.75,81.0,66.6,77.3,69.8,168,18012,1391102.0
2021-09-13,2021-09-13,PDSL,B,1215.0,1257.0,1199.85,1254.2,1218.6,131,728,899699.0
2021-09-13,2021-09-13,VGCL,T,72.95,73.35,69.9,69.9,69.9,26,3498,254335.0
2021-09-13,2021-09-13,STARLIT,B,13.5,13.5,12.18,12.91,13.22,36,8202,105176.0
2021-09-13,2021-09-13,CEINSYS,B,158.05,164.0,142.8,159.5,154.95,44,2815,439036.0
2021-09-13,2021-09-13,PANABYTE,XT,26.55,26.55,26.55,26.55,26.55,1,3,79.0
2021-09-13,2021-09-13,MUDUNURU,XT,6.51,6.51,6.51,6.51,6.2,5,135,878.0
2021-09-13,2021-09-13,CRANEINFRA,X,6.6,7.19,6.55,7.09,6.55,100,20250,142216.0
2021-09-13,2021-09-13,NIYOGIN,X,89.9,89.9,84.0,84.6,88.15,210,16894,1461941.0
2021-09-13,2021-09-13,KALYANCAP,X,37.75,38.95,37.6,38.0,38.15,29,9156,347748.0
2021-09-13,2021-09-13,GBFL,XT,7.21,7.21,7.21,7.21,7.58,3,240,1730.0
2021-09-13,2021-09-13,SAPPL,X,325.0,343.9,318.0,320.0,320.25,144,8430,2700908.0
2021-09-13,2021-09-13,AANCHALISP,XT,5.2,5.4,4.94,5.3,5.2,46,8552,44581.0
2021-09-13,2021-09-13,KAIZENAGRO,XT,3.85,4.0,3.73,4.0,3.92,24,5778,22268.0
2021-09-13,2021-09-13,JMJFIN,XT,9.55,9.7,8.9,8.9,9.34,18,2858,25674.0
2021-09-13,2021-09-13,INTELLECT,A,639.9,650.0,627.1,643.15,631.5,1097,18209,11629016.0
2021-09-13,2021-09-13,MONTECARLO,B,368.0,374.0,367.6,369.4,366.05,356,4735,1755597.0
2021-09-13,2021-09-13,JSTL,X,98.5,100.5,95.0,96.85,98.5,204,9970,963674.0
2021-09-13,2021-09-13,ICL,XT,27.55,27.55,27.55,27.55,26.25,1,1,27.0
2021-09-13,2021-09-13,PANAFIC,XT,0.32,0.32,0.31,0.32,0.32,126,263183,83952.0
2021-09-13,2021-09-13,NEXUSSURGL,X,3.0,3.0,3.0,3.0,3.0,3,126,378.0
2021-09-13,2021-09-13,EMERALD,X,17.9,19.65,17.9,19.0,18.8,28,7018,131667.0
2021-09-13,2021-09-13,MKEXIM,X,70.0,74.65,70.0,70.75,71.1,96,12589,893515.0
2021-09-13,2021-09-13,MCLOUD,XT,61.3,63.1,59.25,63.1,60.1,42,6843,431078.0
2021-09-13,2021-09-13,OCTAL,X,11.74,11.74,11.74,11.74,11.19,1,1,11.0
2021-09-13,2021-09-13,KANCHI,X,889.0,896.0,855.0,875.75,881.9,613,5264,4601065.0
2021-09-13,2021-09-13,DTIL,B,285.0,290.0,277.2,287.0,280.2,352,7197,2034407.0
2021-09-13,2021-09-13,VANICOM,X,1.65,1.65,1.65,1.65,1.65,2,2,3.0
2021-09-13,2021-09-13,VINCOFE,XT,70.4,73.0,68.25,70.9,71.8,36,1028,71224.0
2021-09-13,2021-09-13,RAFL,M,132.9,133.5,132.9,133.5,131.9,15,25625,3408562.0
2021-09-13,2021-09-13,COSYN,XT,27.0,27.5,25.2,26.2,26.45,41,2951,76522.0
2021-09-13,2021-09-13,SOFCOM,XT,12.8,12.8,12.8,12.8,13.47,2,1010,12928.0
2021-09-13,2021-09-13,MERCANTILE,X,14.45,15.25,14.0,15.25,14.57,37,5446,78620.0
2021-09-13,2021-09-13,SONAL,X,24.15,24.15,22.0,23.0,23.0,20,2635,60132.0
2021-09-13,2021-09-13,ALFL,XT,1.14,1.24,1.14,1.24,1.19,117,49534,60557.0
2021-09-13,2021-09-13,GENUSPAPER,T,9.74,9.94,9.3,9.58,9.65,185,94923,915275.0
2021-09-13,2021-09-13,MINDACORP,A,126.2,128.5,124.7,126.75,124.1,1304,52237,6605767.0
2021-09-13,2021-09-13,PACT,X,2.01,2.01,1.83,2.01,1.92,5,3001,5672.0
2021-09-13,2021-09-13,MERCURYLAB,X,693.05,693.05,693.05,693.05,693.05,1,1,693.0
2021-09-13,2021-09-13,CONCORD,XT,26.9,26.9,25.85,26.0,26.3,38,4905,128550.0
2021-09-13,2021-09-13,WARDINMOBI,B,71.2,71.2,69.5,71.2,67.85,681,136256,9696589.0
2021-09-13,2021-09-13,GREENLAM,B,1385.5,1436.8,1385.5,1430.45,1387.3,132,412,583323.0
2021-09-13,2021-09-13,TALBROSENG,X,254.95,255.0,245.55,255.0,253.4,19,986,248843.0
2021-09-13,2021-09-13,SAPL,X,372.75,372.75,355.0,368.1,355.0,12,5144,1857075.0
2021-09-13,2021-09-13,PTCIL,X,2655.0,2800.0,2655.0,2738.35,2674.95,82,757,2084656.0
2021-09-13,2021-09-13,GBLIL,XT,4.72,4.72,4.32,4.72,4.5,42,19484,91360.0
2021-09-13,2021-09-13,CHENFERRO,X,47.7,47.7,47.7,47.7,45.45,9,700,33390.0
2021-09-13,2021-09-13,MEGRISOFT,XT,282.55,282.55,268.0,278.05,269.1,193,3358,941812.0
2021-09-13,2021-09-13,GITARENEW,XT,93.05,93.05,93.05,93.05,97.9,69,1527,142087.0
2021-09-13,2021-09-13,NEIL,X,5.59,5.59,4.84,5.12,5.3,43,12474,64029.0
2021-09-13,2021-09-13,STARHFL,B,87.8,91.35,86.1,88.6,89.6,75,3797,337317.0
2021-09-13,2021-09-13,BEEKAY,X,389.95,415.0,389.0,394.35,382.95,206,8174,3223603.0
2021-09-13,2021-09-13,SETFBSE100,B,185.99,185.99,181.1,184.81,184.95,36,285,52541.0
2021-09-13,2021-09-13,FRASER,X,12.0,12.0,11.4,11.8,11.51,19,14505,167027.0
2021-09-13,2021-09-13,TIRUPATIIN,XT,3.62,3.62,3.62,3.62,3.81,1,1,3.0
2021-09-13,2021-09-13,GANVERSE,M,4.16,4.17,4.16,4.16,4.37,6,25000,104100.0
2021-09-13,2021-09-13,AGIIL,B,178.6,184.9,175.05,180.15,178.6,36,495,88974.0
2021-09-13,2021-09-13,BKMINDST,T,1.31,1.36,1.3,1.32,1.34,57,33498,44672.0
2021-09-13,2021-09-13,MANAKSTEEL,B,38.3,38.3,35.9,36.3,36.5,309,66153,2480744.0
2021-09-13,2021-09-13,MANAKALUCO,B,18.9,20.25,18.45,19.8,18.45,695,229560,4577047.0
2021-09-13,2021-09-13,MANAKCOAT,B,12.5,13.0,12.33,12.45,12.48,48,9560,119185.0
2021-09-13,2021-09-13,IMAGICAA,B,7.87,8.0,7.43,7.74,7.65,62,29235,224482.0
2021-09-13,2021-09-13,INOXWIND,B,105.45,105.45,100.8,101.2,104.0,2275,693083,71302015.0
2021-09-13,2021-09-13,AANANDALAK,XT,4.5,4.63,4.5,4.63,4.41,17,676,3115.0
2021-09-13,2021-09-13,URSUGAR,M,53.8,53.8,51.5,53.4,52.1,6,15000,788625.0
2021-09-13,2021-09-13,SHESHAINDS,X,4.53,4.53,4.53,4.53,4.32,9,5085,23035.0
2021-09-13,2021-09-13,SAB,X,68.05,68.05,68.05,68.05,71.6,4,140,9527.0
2021-09-13,2021-09-13,PML,X,1627.95,1627.95,1521.3,1549.05,1554.15,60,534,831487.0
2021-09-13,2021-09-13,VRLLOG,A,338.4,352.55,332.35,344.1,337.05,892,15793,5375579.0
2021-09-13,2021-09-13,JAINMARMO,XT,22.0,22.0,21.95,21.95,23.1,3,4,87.0
2021-09-13,2021-09-13,GRAMEVA,X,14.51,14.51,14.51,14.51,14.51,2,974,14132.0
2021-09-13,2021-09-13,BODHTREE,X,32.6,34.2,32.1,34.2,32.6,168,32496,1098725.0
2021-09-13,2021-09-13,VBIND,XT,1.35,1.41,1.35,1.41,1.35,15,5994,8441.0
2021-09-13,2021-09-13,MEP,B,20.5,21.0,20.25,20.7,20.75,142,26557,549266.0
2021-09-13,2021-09-13,CLLIMITED,Z,3.08,3.08,3.08,3.08,2.94,2,358,1102.0
2021-09-13,2021-09-13,WARDWIZFBL,X,4.4,4.4,4.0,4.16,4.35,66,8112,34108.0
2021-09-13,2021-09-13,UFO,B,90.0,93.75,90.0,91.5,91.55,1002,41708,3833772.0
2021-09-13,2021-09-13,PANTH,X,9.6,9.6,8.53,8.9,9.43,61,7255,66077.0
2021-09-13,2021-09-13,SHIVALIK,X,984.95,1010.9,972.5,977.15,981.65,484,9642,9530792.0
2021-09-13,2021-09-13,ICSL,X,2.85,2.9,2.85,2.9,2.99,9,1256,3586.0
2021-09-13,2021-09-13,PNCINFRA,A,352.0,365.65,352.0,362.7,359.5,699,11676,4235066.0
2021-09-13,2021-09-13,ARFIN,X,63.1,66.5,63.1,64.95,64.35,22,640,41520.0
2021-09-13,2021-09-13,STARBEAM,X,5.61,6.19,5.61,5.61,5.9,14,2429,13628.0
2021-09-13,2021-09-13,HAWAENG,XT,57.7,57.7,52.25,52.35,55.0,10,379,20078.0
2021-09-13,2021-09-13,AIIL,XT,1396.3,1396.3,1326.5,1343.45,1396.3,460,3971,5345519.0
2021-09-13,2021-09-13,POEL,X,42.3,47.0,42.05,46.95,43.6,54,1819,82819.0
2021-09-13,2021-09-13,AEL,XT,26.3,26.3,26.3,26.3,25.05,41,7654,201300.0
2021-09-13,2021-09-13,DEVHARI,XT,0.55,0.56,0.52,0.52,0.54,168,322135,172023.0
2021-09-13,2021-09-13,SGFIN,XT,7.95,7.95,7.95,7.95,7.58,1,1,7.0
2021-09-13,2021-09-13,SATIA,A,99.9,99.9,97.7,98.05,98.65,391,36862,3642259.0
2021-09-13,2021-09-13,GARMNTMNTR,B,165.1,173.0,153.0,155.95,166.45,207,11418,1853013.0
2021-09-13,2021-09-13,SRESTHA,X,3.25,3.3,3.23,3.27,3.19,44,134021,436072.0
2021-09-13,2021-09-13,MUL,XT,18.25,18.45,17.35,18.3,18.25,28,4132,73142.0
2021-09-13,2021-09-13,MISHKA,T,34.5,34.5,34.5,34.5,34.5,4,200,6900.0
2021-09-13,2021-09-13,SPORTKING,XT,4789.85,4968.95,4692.35,4968.95,4732.35,1504,13301,65072312.0
2021-09-13,2021-09-13,GROWINGTON,M,8.75,8.75,8.75,8.75,8.75,1,2500,21875.0
2021-09-13,2021-09-13,AMBITION,B,3.82,4.19,3.82,4.19,4.02,12,3191,12322.0
2021-09-13,2021-09-13,JIYAECO,Z,4.47,4.47,4.47,4.47,4.7,21,5089,22747.0
2021-09-13,2021-09-13,RUDRA,T,32.4,32.4,30.8,32.1,32.4,65,5552,178063.0
2021-09-13,2021-09-13,LOYAL,B,30.15,32.45,29.95,30.05,30.6,36,5946,180496.0
2021-09-13,2021-09-13,GGPL,B,33.95,36.75,32.5,34.5,33.5,101,5057,173231.0
2021-09-13,2021-09-13,MRSS,M,8.95,9.35,8.53,8.93,8.95,15,10200,90930.0
2021-09-13,2021-09-13,GPL,X,148.0,148.0,138.6,147.8,145.1,14,360,52318.0
2021-09-13,2021-09-13,BALKRISHNA,T,27.25,27.25,27.25,27.25,28.65,1,100,2725.0
2021-09-13,2021-09-13,SHYAMCENT,B,12.37,12.37,11.33,11.46,11.92,171,75539,877223.0
2021-09-13,2021-09-13,ADANIENSOL,A,1790.0,1875.7,1773.35,1870.85,1803.3,2504,19578,36044744.0
2021-09-13,2021-09-13,STARDELTA,X,92.0,95.9,85.5,92.8,89.9,16,604,55145.0
2021-09-13,2021-09-13,SAMSRITA,X,29.1,31.15,29.1,29.1,31.75,10,112,3269.0
2021-09-13,2021-09-13,SYNGENE,A,628.25,676.6,625.95,669.6,630.8,7524,184096,120856970.0
2021-09-13,2021-09-13,PECOS,M,23.0,23.0,23.0,23.0,22.55,1,4000,92000.0
2021-09-13,2021-09-13,BLFL,Z,2.85,3.0,2.85,2.85,2.99,10,365,1040.0
2021-09-13,2021-09-13,MSL,B,81.15,87.8,81.15,83.15,82.2,111,11627,966847.0
2021-09-13,2021-09-13,KAYA,B,440.0,476.9,435.0,461.5,449.6,981,13661,6335373.0
2021-09-13,2021-09-13,SYMBIOX,X,1.5,1.56,1.41,1.45,1.46,65,37561,54459.0
2021-09-13,2021-09-13,ORTINGLOBE,B,28.8,28.8,28.0,28.3,28.8,112,4841,136878.0
2021-09-13,2021-09-13,AVI,XT,48.35,48.35,46.05,46.05,46.05,28,1536,72917.0
2021-09-13,2021-09-13,AURUM,A,91.5,93.35,87.35,90.75,88.95,3526,184863,16777986.0
2021-09-13,2021-09-13,OSWALGREEN,B,22.95,23.65,22.5,23.05,22.55,124,13194,304963.0
2021-09-13,2021-09-13,VASUDHAGAM,X,7.66,8.0,7.5,7.9,7.66,189,62681,490611.0
2021-09-13,2021-09-13,SUNRAKSHAK,X,23.55,23.55,23.0,23.55,23.55,9,77,1810.0
2021-09-13,2021-09-13,ARVSMART,B,152.0,154.0,147.85,150.4,147.05,803,27641,4147669.0
2021-09-13,2021-09-13,POWERMECH,A,838.45,859.9,830.75,840.25,830.95,614,3246,2735501.0
2021-09-13,2021-09-13,CANOPYFIN,XT,21.5,22.0,21.5,21.5,22.6,9,904,19451.0
2021-09-13,2021-09-13,RAMASTEEL,T,239.95,243.7,228.95,237.95,232.45,53,2046,482952.0
2021-09-13,2021-09-13,THINKINK,X,43.0,43.0,41.9,42.25,42.8,193,717518,30530932.0
2021-09-13,2021-09-13,SENSEXBETA,B,615.0,619.0,608.12,612.66,616.75,30,286,175357.0
2021-09-13,2021-09-13,NIFTYBETA,B,1825.0,1830.0,1825.0,1827.5,1814.55,3,4,7310.0
2021-09-13,2021-09-13,VETO,B,103.15,104.9,102.0,103.05,102.6,378,11296,1172144.0
2021-09-13,2021-09-13,NAVKARCORP,B,43.0,43.5,42.7,42.9,43.1,497,47373,2038458.0
2021-09-13,2021-09-13,SHREEPUSHK,B,231.85,236.5,227.15,229.4,229.15,1907,54402,12579323.0
2021-09-13,2021-09-13,GUJENERGY,A,675.25,685.25,673.6,676.3,681.3,4506,84787,57515984.0
2021-09-13,2021-09-13,SADBHIN,B,15.7,16.15,15.0,15.2,15.7,557,222892,3460889.0
2021-09-13,2021-09-13,SALAUTO,X,202.0,225.0,202.0,224.95,207.05,15,377,81594.0
2021-09-13,2021-09-13,POLYSPIN,X,79.0,80.7,78.0,78.7,81.7,45,4559,360273.0
2021-09-13,2021-09-13,PRITIKAUTO,B,18.25,18.5,18.15,18.3,18.25,258,42471,779861.0
2021-09-13,2021-09-13,SKC,T,9.55,9.6,9.55,9.6,9.7,9,686,6584.0
2021-09-13,2021-09-13,MAHAVEER,Z,3.8,3.8,3.8,3.8,3.62,7,948,3602.0
2021-09-13,2021-09-13,KRISHNACAP,XT,10.26,10.26,9.7,10.26,9.78,17,611,6200.0
2021-09-13,2021-09-13,ACME,X,14.27,14.96,13.56,14.46,14.27,25,2885,39804.0
2021-09-13,2021-09-13,VISHALBL,B,32.55,32.6,31.6,32.05,32.75,6,25,803.0
2021-09-13,2021-09-13,BELLACASA,B,130.25,135.7,128.0,131.3,131.45,75,20027,2630479.0
2021-09-13,2021-09-13,MALLCOM,X,681.4,698.4,645.0,679.7,669.25,396,20533,13676340.0
2021-09-13,2021-09-13,SATIN,A,77.7,77.8,75.05,77.2,77.7,316,11480,882167.0
2021-09-13,2021-09-13,DITCO,XT,16.5,16.5,16.5,16.5,16.5,2,1450,23925.0
2021-09-13,2021-09-13,GENCON,B,43.95,47.95,42.65,45.6,43.9,854,44585,2025488.0
2021-09-13,2021-09-13,MUZALI,XT,3.25,3.58,3.25,3.58,3.42,33,104380,367400.0
2021-09-13,2021-09-13,TEJNAKSH,B,97.0,97.0,87.1,90.65,89.1,162,32471,2935351.0
2021-09-13,2021-09-13,COFFEEDAY,B,27.8,28.7,27.6,27.7,27.8,742,160069,4453118.0
2021-09-13,2021-09-13,IDFCFIRSTB,A,47.0,47.5,46.2,46.85,46.85,2637,818495,38315632.0
2021-09-13,2021-09-13,BEARDSELL,B,13.89,13.89,13.42,13.75,13.4,135,354,4863.0
2021-09-13,2021-09-13,INDIGO,A,1917.15,1921.0,1865.1,1898.1,1912.65,2567,27602,52045926.0
2021-09-13,2021-09-13,SHK,A,169.3,171.0,163.0,163.45,168.3,917,33790,5609204.0
2021-09-13,2021-09-13,PANORAMA,XT,75.2,75.2,70.15,70.2,73.7,10,333,23461.0
2021-09-13,2021-09-13,SHREEGANES,X,141.0,149.0,137.5,141.3,136.25,122,22336,3155817.0
2021-09-13,2021-09-13,GTV,X,29.1,29.1,28.5,28.5,29.95,15,6407,183404.0
2021-09-13,2021-09-13,LICNETFN50,B,186.7,188.55,182.1,182.5,182.91,40,4068,751053.0
2021-09-13,2021-09-13,LICNETFSEN,B,622.62,631.8,620.0,624.05,631.99,10,11,6860.0
2021-09-13,2021-09-13,SMARTFIN,XT,7.91,7.91,7.91,7.91,7.54,2,850,6723.0
2021-09-13,2021-09-13,ADCON,XT,9.7,9.7,9.7,9.7,9.73,3,100,970.0
2021-09-13,2021-09-13,QUINT,X,335.3,337.0,335.3,337.0,335.0,20,4003,1348839.0
2021-09-13,2021-09-13,HDFCNIFTY,B,185.8,186.7,183.71,185.55,185.41,219,3113,575874.0
2021-09-13,2021-09-13,HDFCSENSEX,B,630.0,630.0,624.11,625.13,629.9,84,1524,957608.0
2021-09-13,2021-09-13,UDAYJEW,XT,113.8,113.8,109.85,112.7,111.75,35,1699,189010.0
2021-09-13,2021-09-13,SATTVASUKU,X,37.1,37.5,35.25,36.0,37.1,184,34510,1238675.0
2021-09-13,2021-09-13,ALKEM,A,3785.0,3849.5,3781.4,3829.75,3796.6,1098,5434,20780100.0
2021-09-13,2021-09-13,LALPATHLAB,A,4086.2,4181.6,4086.2,4166.75,4116.1,954,5093,21121503.0
2021-09-13,2021-09-13,NAVKETAN,Z,2.35,2.38,2.35,2.38,2.27,119,18694,44129.0
2021-09-13,2021-09-13,SCTL,B,0.57,0.58,0.56,0.57,0.57,2773,1027628,581615.0
2021-09-13,2021-09-13,CREATIVE,X,402.0,402.0,381.1,397.0,410.8,42,888,343724.0
2021-09-13,2021-09-13,AAYUSH,X,29.2,29.2,29.2,29.2,29.2,5,218,6365.0
2021-09-13,2021-09-13,LUXIND,A,3988.15,4179.0,3924.3,4151.8,3978.1,1928,5579,22913261.0
2021-09-13,2021-09-13,ABHIINFRA,X,3.91,3.91,3.55,3.55,3.73,37,10219,37493.0
2021-09-13,2021-09-13,APOORVA,X,19.65,19.65,19.65,19.65,18.75,2,150,2947.0
2021-09-13,2021-09-13,AGRIBIO,X,5.19,5.19,5.19,5.19,5.45,2,35,181.0
2021-09-13,2021-09-13,NH,A,542.3,549.9,525.5,527.35,538.45,319,2876,1524867.0
2021-09-13,2021-09-13,SUPHA,XT,134.3,134.3,132.0,132.0,134.3,25,9104,1209274.0
2021-09-13,2021-09-13,AARNAV,X,64.15,64.15,61.0,63.9,62.85,21,651,41304.0
2021-09-13,2021-09-13,ACEWIN,M,4.96,4.96,4.96,4.96,5.22,9,86400,428544.0
2021-09-13,2021-09-13,SIPTL,XT,1.89,1.89,1.89,1.89,1.98,124,83353,157537.0
2021-09-13,2021-09-13,SHIVA,XT,3.7,3.7,3.7,3.7,3.53,12,3522,13031.0
2021-09-13,2021-09-13,MISHTANN,X,24.95,25.15,23.3,24.8,24.3,3302,2420679,59132079.0
2021-09-13,2021-09-13,DELTA,X,5.26,5.26,5.26,5.26,5.26,3,52,273.0
2021-09-13,2021-09-13,JSLHISAR,A,297.5,298.0,290.5,295.7,294.85,1183,27563,8095764.0
2021-09-13,2021-09-13,AMPL,XT,39.95,39.95,36.15,36.15,38.05,48,1649,61300.0
2021-09-13,2021-09-13,BLUECLOUDS,XT,10.8,10.8,10.45,10.45,11.0,10,281,2975.0
2021-09-13,2021-09-13,KEIL,X,31.85,32.7,31.75,32.7,31.95,26,1406,45127.0
2021-09-13,2021-09-13,BCLENTERPR,X,7.19,7.97,7.19,7.96,7.98,14,2495,19727.0
2021-09-13,2021-09-13,PRECAM,B,81.4,84.5,81.4,83.9,82.55,449,17620,1471378.0
2021-09-13,2021-09-13,TEAMLEASE,A,4495.2,4530.5,4460.05,4511.0,4495.2,212,354,1593024.0
2021-09-13,2021-09-13,KAMATS,M,15.75,15.75,15.75,15.75,16.55,2,2000,31500.0
2021-09-13,2021-09-13,BESTAGRO,B,824.95,832.05,805.55,816.75,817.25,264,1863,1520901.0
2021-09-13,2021-09-13,ACEMEN,XT,15.9,15.9,14.45,14.45,15.2,84,6656,98968.0
2021-09-13,2021-09-13,RGF,Z,0.73,0.73,0.7,0.7,0.73,7,1437,1011.0
2021-09-13,2021-09-13,RCL,XT,9.25,9.25,8.7,9.25,9.15,10,3128,28848.0
2021-09-13,2021-09-13,QUICKHEAL,A,225.2,225.4,222.05,223.2,225.2,851,16156,3608713.0
2021-09-13,2021-09-13,KAPILRAJ,X,9.94,10.07,8.95,9.58,9.94,95,19745,186028.0
2021-09-13,2021-09-13,KPEL,B,94.15,100.1,94.1,99.35,99.6,426,71939,7059546.0
2021-09-13,2021-09-13,IFINSER,X,6.19,7.1,6.19,7.05,6.47,19,26105,180048.0
2021-09-13,2021-09-13,HILIKS,XT,14.69,15.25,14.0,15.2,14.69,11,2147,30974.0
2021-09-13,2021-09-13,GOKULAGRO,B,40.0,40.0,38.25,38.8,38.65,170,7202,278165.0
2021-09-13,2021-09-13,FREDUN,X,394.0,404.0,372.2,393.05,393.8,166,4476,1728689.0
2021-09-13,2021-09-13,SIMBHALS,T,25.65,27.2,25.5,26.0,26.75,34,4192,108073.0
2021-09-13,2021-09-13,VKAL,Z,8.42,8.42,8.4,8.4,8.02,5,36,302.0
2021-09-13,2021-09-13,MNIL,XT,16.97,16.97,15.45,16.11,16.23,462,270101,4367496.0
2021-09-13,2021-09-13,DARJEELING,XT,4.98,4.98,4.66,4.98,4.75,35,7778,38509.0
2021-09-13,2021-09-13,ADVIKCA,X,2.96,2.96,2.96,2.96,2.82,55,54589,161583.0
2021-09-13,2021-09-13,LICNFNHGP,B,177.0,179.8,171.5,172.13,177.0,17,230,40236.0
2021-09-13,2021-09-13,PDMJEPAPER,B,40.5,41.15,40.25,40.55,40.85,548,44108,1789666.0
2021-09-13,2021-09-13,HCG,A,239.05,245.15,239.05,241.9,238.85,305,3347,812316.0
2021-09-13,2021-09-13,BHARATWIRE,T,62.75,64.5,62.75,63.8,62.95,11,232,14697.0
2021-09-13,2021-09-13,CHDCHEM,B,6.89,6.89,6.36,6.57,6.39,42,13194,86155.0
2021-09-13,2021-09-13,CCAVENUE,A,45.15,47.0,44.15,46.1,44.6,1741,484642,22254890.0
2021-09-13,2021-09-13,LELAVOIR,X,68.8,70.0,68.45,69.85,68.8,228,86803,6026343.0
2021-09-13,2021-09-13,SICLTD,X,0.4,0.43,0.4,0.43,0.42,85,781980,314969.0
2021-09-13,2021-09-13,SUPERIOR,X,185.55,186.15,151.7,183.75,185.45,229,21233,3933175.0
2021-09-13,2021-09-13,RPEL,T,780.0,810.3,780.0,810.3,771.75,306,8112,6562928.0
2021-09-13,2021-09-13,LANCER,B,303.15,303.15,290.05,303.15,288.75,915,53287,16119139.0
2021-09-13,2021-09-13,EQUITAS,A,125.0,131.6,123.0,128.45,123.75,1379,61396,7816081.0
2021-09-13,2021-09-13,HALDER,X,860.7,860.7,786.55,860.7,819.75,684,6910,5824808.0
2021-09-13,2021-09-13,SKIL,B,3.89,3.9,3.75,3.81,3.94,23,6272,23774.0
2021-09-13,2021-09-13,THYROCARE,A,1275.0,1281.6,1263.95,1273.45,1274.4,946,6179,7872670.0
2021-09-13,2021-09-13,BAJAJHCARE,B,924.0,924.0,860.0,918.55,902.3,1501,28891,26303135.0
2021-09-13,2021-09-13,UJJIVAN,A,158.05,172.9,157.75,165.65,157.2,6775,392719,65123083.0
2021-09-13,2021-09-13,RSDFIN,X,34.65,34.65,33.55,33.55,34.65,5,206,6918.0
2021-09-13,2021-09-13,CROMPTON,A,494.9,497.0,484.3,486.5,492.1,1320,28912,14114121.0
2021-09-13,2021-09-13,PILANIINVS,A,1900.05,1904.85,1878.25,1894.3,1879.65,418,4095,7732475.0
2021-09-13,2021-09-13,DARSHANORNA,T,64.2,67.4,63.4,66.0,65.5,103,2706,179926.0
2021-09-13,2021-09-13,PARAGMILK,A,134.85,136.5,131.2,133.05,131.35,950,52348,7049960.0
2021-09-13,2021-09-13,MADHAVIPL,X,4.02,4.03,3.94,3.97,4.01,306,337467,1336081.0
2021-09-13,2021-09-13,KOCL,XT,2.71,2.71,2.71,2.71,2.59,85,134785,365267.0
2021-09-13,2021-09-13,SNIM,X,21.85,21.85,21.85,21.85,23.0,2,50,1092.0
2021-09-13,2021-09-13,NAGAFERT,T,11.55,11.69,11.0,11.04,11.57,434,121821,1372858.0
2021-09-13,2021-09-13,SEIL,T,113.0,113.0,113.0,113.0,118.1,6,64,7232.0
2021-09-13,2021-09-13,RGIL,X,13.97,13.97,13.97,13.97,13.97,1,1200,16764.0
2021-09-13,2021-09-13,MIL,XT,35.15,38.8,35.15,38.0,37.0,4,375,13943.0
2021-09-13,2021-09-13,YASHCHEM,B,37.9,37.9,36.65,37.5,37.2,19,2076,77943.0
2021-09-13,2021-09-13,MAXVIL,B,92.85,93.1,91.25,92.2,91.9,192,6213,571264.0
2021-09-13,2021-09-13,NV20IETF,B,94.1,95.08,92.8,94.64,94.07,197,1226,115157.0
2021-09-13,2021-09-13,JLL,XT,13.7,13.7,13.7,13.7,13.7,5,69,945.0
2021-09-13,2021-09-13,TAALTECH,X,1017.45,1025.0,997.4,1011.8,1001.0,172,2315,2339954.0
2021-09-13,2021-09-13,MGL,A,1160.5,1186.65,1156.55,1181.9,1168.6,1115,12240,14365936.0
2021-09-13,2021-09-13,QFSL,XT,0.27,0.27,0.26,0.26,0.27,44,228234,59359.0
2021-09-13,2021-09-13,ZEAL,T,95.95,95.95,95.95,95.95,100.95,405,15571,1494037.0
2021-09-13,2021-09-13,QUESS,A,870.0,873.15,841.0,845.4,870.15,1009,10992,9367254.0
2021-09-13,2021-09-13,MIDSELIETF,B,104.5,105.7,103.7,104.3,103.92,109,1475,153824.0
2021-09-13,2021-09-13,ASYL,T,10.91,10.91,10.9,10.9,10.91,2,210,2289.0
2021-09-13,2021-09-13,HIIL,X,5476.0,5700.0,5444.0,5638.45,5511.0,89,771,4269868.0
2021-09-13,2021-09-13,COMSYN,B,147.95,147.95,140.25,142.6,144.05,84,23815,3449743.0
2021-09-13,2021-09-13,LLOYDSENGG,T,3.04,3.06,2.95,3.06,2.92,583,676656,2053750.0
2021-09-13,2021-09-13,KPL,M,535.7,535.7,535.7,535.7,510.2,4,12000,6428400.0
2021-09-13,2021-09-13,LTM,A,5435.0,5517.6,5388.8,5485.25,5434.15,2006,11656,63675065.0
2021-09-13,2021-09-13,EASTWEST,X,7.65,7.7,7.1,7.25,7.45,173,47933,350167.0
2021-09-13,2021-09-13,BSLSENETFG,B,550.1,560.0,550.1,555.98,555.0,12,626,345030.0
2021-09-13,2021-09-13,COLORCHIPS,X,47.5,47.5,47.5,47.5,47.5,1,100,4750.0
2021-09-13,2021-09-13,ADVENZYMES,A,365.85,422.0,365.85,412.3,366.8,12043,302305,123968597.0
2021-09-13,2021-09-13,LAHL,XT,4.0,4.08,3.74,3.74,3.89,15,867,3480.0
2021-09-13,2021-09-13,PTIL,B,450.0,453.7,443.0,446.85,451.2,51,10675,4778410.0
2021-09-13,2021-09-13,DBL,A,512.25,520.6,512.25,514.2,512.25,701,18017,9322868.0
2021-09-13,2021-09-13,SPAL,B,353.6,353.6,331.9,340.0,346.7,672,10989,3746643.0
2021-09-13,2021-09-13,BIGBLOC,B,105.4,113.9,103.3,111.7,103.55,77,1327,148734.0
2021-09-13,2021-09-13,ECS,X,3.85,3.85,3.76,3.78,3.81,10,2261,8643.0
2021-09-13,2021-09-13,FRETAIL,A,51.9,52.9,47.95,48.35,50.5,4275,679298,33722756.0
2021-09-13,2021-09-13,RBLBANK,A,172.0,173.15,170.9,172.2,172.15,2863,262777,45208223.0
2021-09-13,2021-09-13,BLS,B,249.75,252.0,240.0,243.9,245.2,2410,73511,18142922.0
2021-09-13,2021-09-13,MITSU,B,276.15,277.9,264.05,273.05,276.3,55,2991,821205.0
2021-09-13,2021-09-13,DHATRE,B,31.1,32.05,30.0,31.05,30.55,391,80263,2474707.0
2021-09-13,2021-09-13,SABEVENTS,T,3.25,3.3,3.0,3.01,3.15,9,2504,7619.0
2021-09-13,2021-09-13,GAMCO,X,13.5,13.5,12.8,12.8,12.85,2,4,52.0
2021-09-13,2021-09-13,TIAANC,X,12.99,13.18,12.0,13.02,12.56,313,72348,908767.0
2021-09-13,2021-09-13,LTTS,A,4310.0,4453.3,4304.4,4372.9,4306.7,2051,11448,50161221.0
2021-09-13,2021-09-13,GNA,B,799.0,834.0,783.7,813.55,791.75,3406,36704,29788337.0
2021-09-13,2021-09-13,ICICIPRULI,A,699.5,699.5,684.5,693.2,697.25,2128,44043,30461918.0
2021-09-13,2021-09-13,IISL,X,3.2,3.2,3.0,3.0,2.99,16,3540,10760.0
2021-09-13,2021-09-13,ARCFIN,XT,5.24,5.78,5.24,5.62,5.51,97,60850,319397.0
2021-09-13,2021-09-13,HPL,B,67.0,71.6,67.0,70.8,68.2,738,41101,2906810.0
2021-09-13,2021-09-13,SAGARSOFT,X,202.95,204.95,190.75,193.9,200.2,133,4284,827881.0
2021-09-13,2021-09-13,DRA,M,15.02,15.02,15.0,15.02,12.52,9,25000,375300.0
2021-09-13,2021-09-13,VALIANTORG,B,1396.55,1478.0,1374.55,1459.55,1396.05,1825,9744,13910765.0
2021-09-13,2021-09-13,ACML,M,50.0,50.0,50.0,50.0,50.0,3,4000,200000.0
2021-09-13,2021-09-13,ENDURANCE,A,1590.0,1606.85,1583.65,1604.7,1599.7,1074,5775,9207758.0
2021-09-13,2021-09-13,IDFSENSEXE,B,620.0,640.0,600.1,610.0,605.0,25,44,27279.0
2021-09-13,2021-09-13,PURPLE,X,23.95,23.95,23.2,23.2,24.4,5,57,1338.0
2021-09-13,2021-09-13,SUPRAPFSL,XT,21.4,22.5,20.8,21.95,21.5,33,13204,286881.0
2021-09-13,2021-09-13,PNBHOUSING,A,644.0,655.05,635.0,637.45,634.75,806,9312,5995650.0
2021-09-13,2021-09-13,SOUTHERNIN,XT,17.5,18.0,17.5,17.6,18.4,15,435,7630.0
2021-09-13,2021-09-13,REGENCY,X,11.5,11.5,10.71,10.97,10.69,22,5861,64489.0
2021-09-13,2021-09-13,VBL,A,944.8,944.8,918.4,924.5,939.0,2679,32066,29962227.0
2021-09-13,2021-09-13,LKPSEC,X,13.15,13.5,12.6,13.4,13.05,107,61054,802373.0
2021-09-13,2021-09-13,OSIAJEE,X,44.85,44.85,38.0,39.2,38.8,315,113219,4414298.0
2021-09-13,2021-09-13,SFL,A,2285.0,2291.55,2260.0,2287.05,2288.95,2482,5561,12697202.0
2021-09-13,2021-09-13,AVL,T,957.0,957.0,869.95,891.95,915.7,1687,15394,13975814.0
2021-09-13,2021-09-13,HEADSUP,B,15.05,15.5,15.0,15.2,15.05,118,21085,321078.0
2021-09-13,2021-09-13,TCIEXP,A,1500.0,1560.0,1481.65,1506.5,1499.3,571,3138,4776290.0
2021-09-13,2021-09-13,LAURUSLABS,A,654.8,654.8,644.9,645.9,656.0,2693,67056,43551926.0
2021-09-13,2021-09-13,NEWLIGHT,XT,76.95,76.95,70.6,72.85,73.8,62,46424,3420900.0
2021-09-13,2021-09-13,VSL,T,115.95,115.95,110.0,115.85,110.55,73,8120,939990.0
2021-09-13,2021-09-13,SNTCL,XT,1.9,1.94,1.76,1.94,1.85,69,75187,135049.0
2021-09-13,2021-09-13,MTPL,X,8.17,8.17,8.17,8.17,8.17,1,50,408.0
2021-09-13,2021-09-13,SHANGAR,X,7.29,7.29,7.0,7.1,7.27,270,36619,259445.0
2021-09-13,2021-09-13,TRU,X,645.0,645.0,600.0,622.05,635.1,254,6751,4158946.0
2021-09-13,2021-09-13,PRICOLLTD,A,91.9,95.45,89.95,94.0,92.45,3276,241462,22611513.0
2021-09-13,2021-09-13,JITFINFRA,T,104.6,104.6,104.6,104.6,99.65,23,2095,219137.0
2021-09-13,2021-09-13,PARMAX,X,42.35,43.15,41.05,41.05,43.2,31,1684,69197.0
2021-09-13,2021-09-13,LLFICL,X,89.5,90.35,88.55,88.55,89.35,40,26189,2353713.0
2021-09-13,2021-09-13,DANUBE,XT,42.0,42.0,40.0,42.0,40.0,21,5160,213749.0
2021-09-13,2021-09-13,RADIOCITY,B,23.6,23.7,23.0,23.1,23.6,155,29947,696875.0
2021-09-13,2021-09-13,DMART,A,3941.0,3984.95,3941.0,3962.25,3953.65,3504,17573,69699523.0
2021-09-13,2021-09-13,KDLL,X,11.55,11.55,10.65,11.55,11.0,5,102,1088.0
2021-09-13,2021-09-13,ONTIC,XT,9.89,9.89,9.89,9.89,9.89,1,50,494.0
2021-09-13,2021-09-13,SMLT,M,72.0,73.0,71.9,72.45,72.0,3,6000,433800.0
2021-09-13,2021-09-13,CHEMCRUX,M,141.0,141.0,136.3,136.3,143.45,13,19500,2684400.0
2021-09-13,2021-09-13,MAXIMUS,B,104.05,105.8,98.15,98.25,100.05,42,501,49811.0
2021-09-13,2021-09-13,CLEDUCATE,B,150.0,151.0,142.2,148.75,144.7,197,13828,2047596.0
2021-09-13,2021-09-13,PRIMEFRESH,M,50.05,61.45,50.05,61.45,62.35,3,9000,485850.0
2021-09-13,2021-09-13,SHANKARA,A,556.0,565.45,554.7,558.35,566.15,457,5350,2991874.0
2021-09-13,2021-09-13,SCHAND,B,115.0,116.25,113.45,114.65,114.65,138,2563,295380.0
2021-09-13,2021-09-13,IRBINVIT,IF,57.5,57.5,57.05,57.18,57.0,152,1351691,77288927.0
2021-09-13,2021-09-13,HUDCO,A,43.45,43.45,43.1,43.2,43.0,635,83187,3593856.0
2021-09-13,2021-09-13,PSPPROJECT,A,440.0,443.45,428.25,431.1,439.9,282,1914,837185.0
2021-09-13,2021-09-13,GKL,B,16.65,16.65,15.55,16.2,16.2,121,11377,184523.0
2021-09-13,2021-09-13,AXISAEGPG,B,17.55,17.55,16.7,17.45,17.7,12,333,5803.0
2021-09-13,2021-09-13,INDIGRID,IF,136.75,139.0,135.1,136.0,135.99,135,40176,5468351.0
2021-09-13,2021-09-13,VARIMAN,X,39.95,39.95,35.5,39.4,38.0,7,114,4124.0
2021-09-13,2021-09-13,STARCEMENT,A,107.0,107.65,105.5,106.25,107.3,633,18043,1923292.0
2021-09-13,2021-09-13,RIDDHICORP,T,167.0,167.0,167.0,167.0,167.0,2,2,334.0
2021-09-13,2021-09-13,TEJASNET,A,468.0,470.45,425.65,430.6,448.05,6541,268275,122061064.0
2021-09-13,2021-09-13,ERIS,A,765.0,768.7,754.0,759.25,767.25,581,5126,3896755.0
2021-09-13,2021-09-13,GTPL,B,230.0,231.05,226.85,230.05,228.4,245,4037,927516.0
2021-09-13,2021-09-13,AUBANK,A,1174.0,1174.0,1142.4,1150.15,1173.05,1801,27651,31948829.0
2021-09-13,2021-09-13,LOWVOLIETF,B,142.5,143.0,141.5,142.49,141.81,28,114,16171.0
2021-09-13,2021-09-13,GGENG,B,22.15,25.25,21.6,22.3,21.2,3241,1470748,33079338.0
2021-09-13,2021-09-13,7NR,B,8.3,8.3,8.1,8.19,8.25,49,10877,89307.0
2021-09-13,2021-09-13,BHAGYAPROP,B,28.65,30.3,28.65,30.05,29.4,11,4609,136112.0
2021-09-13,2021-09-13,SALASAR,B,295.0,302.0,289.8,294.55,295.3,333,2326,684778.0
2021-09-13,2021-09-13,GANGESSECU,B,89.2,105.0,89.0,90.3,89.15,64,3201,305455.0
2021-09-13,2021-09-13,PALASHSECU,B,73.0,73.1,68.2,72.75,71.8,4,70,5078.0
2021-09-13,2021-09-13,AVADHSUGAR,B,419.9,419.9,400.0,414.7,414.75,664,7076,2921284.0
2021-09-13,2021-09-13,MAGADSUGAR,B,285.45,289.3,279.2,286.2,287.25,57,1132,322959.0
2021-09-13,2021-09-13,SPTL,B,4.0,4.1,4.0,4.04,4.0,1011,503560,2040894.0
2021-09-13,2021-09-13,GSTL,B,58.05,61.85,56.1,56.55,59.85,192,17522,999178.0
2021-09-13,2021-09-13,NEXT50BETA,B,44.6,46.5,43.91,44.32,44.37,112,11659,532642.0
2021-09-13,2021-09-13,SIS,A,482.6,494.4,480.05,485.85,484.55,1472,26326,12833227.0
2021-09-13,2021-09-13,COCHINSHIP,A,375.0,375.0,365.65,366.45,368.45,479,10023,3684302.0
2021-09-13,2021-09-13,HALEOSLABS,B,718.4,727.95,714.0,717.35,728.55,175,1695,1215598.0
2021-09-13,2021-09-13,KIOCL,B,263.8,267.75,261.9,263.6,262.5,1286,9442,2498392.0
2021-09-13,2021-09-13,SMRUTHIORG,X,317.0,320.0,306.0,315.95,316.6,246,10297,3239030.0
2021-09-13,2021-09-13,ABCAPITAL,A,114.0,115.15,112.9,113.5,114.25,1134,136996,15581449.0
2021-09-13,2021-09-13,APEX,A,279.8,300.2,274.65,291.5,274.9,1473,29391,8369973.0
2021-09-13,2021-09-13,SHISHIND,B,64.0,70.3,62.25,63.3,65.1,21,715,45927.0
2021-09-13,2021-09-13,ANG,M,634.2,684.0,634.2,645.3,665.0,15,24000,15685120.0
2021-09-13,2021-09-13,AMFL,XT,1.82,1.91,1.73,1.86,1.82,93,44359,80391.0
2021-09-13,2021-09-13,DIXON,A,4302.0,4346.05,4250.45,4306.3,4317.7,5021,27012,116289778.0
2021-09-13,2021-09-13,BRNL,B,30.5,31.0,30.1,30.45,30.5,81,5510,167799.0
2021-09-13,2021-09-13,DCAL,A,200.5,215.0,197.75,212.05,200.3,4241,212259,44524864.0
2021-09-13,2021-09-13,LASA,B,74.0,75.0,73.1,73.95,73.8,331,14796,1096378.0
2021-09-13,2021-09-13,PROCLB,X,5.4,5.98,5.4,5.87,5.99,8,2483,14333.0
2021-09-13,2021-09-13,MATRIMONY,B,1025.9,1047.15,1014.4,1028.5,1027.5,286,742,769265.0
2021-09-13,2021-09-13,RHFL,T,4.35,4.41,4.3,4.41,4.2,404,411131,1805353.0
2021-09-13,2021-09-13,CAPACITE,B,163.0,177.0,163.0,169.2,160.95,3361,291790,50432001.0
2021-09-13,2021-09-13,ICICIGI,A,1622.0,1651.0,1611.0,1636.8,1620.9,1235,16879,27655506.0
2021-09-13,2021-09-13,PQIF,X,6.58,6.58,6.58,6.58,6.27,1,2,13.0
2021-09-13,2021-09-13,AAYUSHBULL,M,24.7,24.7,20.95,21.8,20.7,24,168000,3653100.0
2021-09-13,2021-09-13,SBILIFE,A,1180.0,1180.0,1153.5,1165.1,1172.8,3996,61279,71280951.0
2021-09-13,2021-09-13,DIAMONDYD,A,646.05,669.55,643.3,661.2,652.8,407,2070,1366272.0
2021-09-13,2021-09-13,SHAREINDIA,B,536.5,545.0,526.9,534.4,529.1,314,2896,1540847.0
2021-09-13,2021-09-13,TTFL,B,39.4,39.8,36.35,37.2,37.8,63,5323,202658.0
2021-09-13,2021-09-13,SAYAJIIND,X,229.0,233.5,223.05,233.5,229.0,15,198,45448.0
2021-09-13,2021-09-13,MEHAI,B,49.9,49.9,45.0,45.55,45.45,39,2200,102915.0
2021-09-13,2021-09-13,IRIS,M,116.0,119.5,112.15,112.5,116.0,6,24000,2792200.0
2021-09-13,2021-09-13,SGRL,B,395.0,425.5,395.0,416.3,385.5,1661,47115,19654825.0
2021-09-13,2021-09-13,GODREJAGRO,A,665.0,669.0,644.45,653.15,661.45,1300,14247,9407112.0
2021-09-13,2021-09-13,MESCON,XT,13.99,14.0,13.01,13.47,13.61,56,4224,56543.0
2021-09-13,2021-09-13,MASFIN,A,758.0,780.0,753.15,769.8,757.8,311,2342,1800492.0
2021-09-13,2021-09-13,IEX,A,600.9,605.7,591.2,592.7,598.75,6555,240536,143600824.0
2021-09-13,2021-09-13,GICRE,A,144.0,146.2,143.6,144.45,144.2,2109,90215,13058558.0
2021-09-13,2021-09-13,TIINDIA,A,1391.6,1391.6,1332.0,1340.7,1360.75,353,2320,3114069.0
2021-09-13,2021-09-13,NAM-INDIA,A,439.0,441.4,427.35,436.8,440.25,3293,117124,50777550.0
2021-09-13,2021-09-13,MAHLOG,A,720.2,722.75,705.5,708.15,720.2,1404,10781,7652637.0
2021-09-13,2021-09-13,NIACL,A,158.15,168.95,158.15,167.8,158.95,1535,59503,9884478.0
2021-09-13,2021-09-13,IFGLEXPOR,B,333.0,335.45,325.5,326.95,329.5,316,3293,1087671.0
2021-09-13,2021-09-13,KHADIM,B,253.75,253.75,245.45,247.25,250.35,217,1774,440841.0
2021-09-13,2021-09-13,5PAISA,B,423.05,473.75,423.05,467.05,468.2,173,927,430905.0
2021-09-13,2021-09-13,HDFCLIFE,A,738.8,742.3,723.05,734.8,737.3,2256,55096,40354978.0
2021-09-13,2021-09-13,SBRANDS,M,9.87,9.87,9.38,9.38,9.87,9,13000,125370.0
2021-09-13,2021-09-13,SHARIKA,B,10.2,10.2,9.33,9.67,9.49,183,46902,449868.0
2021-09-13,2021-09-13,ICICIB22,B,42.3,42.45,41.65,42.4,42.2,286,41882,1769148.0
2021-09-13,2021-09-13,ASPIRA,X,73.4,73.45,67.15,67.55,70.65,118,11093,771130.0
2021-09-13,2021-09-13,DNAMEDIA,T,2.19,2.19,2.09,2.12,2.19,41,12842,26987.0
2021-09-13,2021-09-13,DYCL,B,76.9,77.95,74.6,76.45,74.25,582,118191,9166727.0
2021-09-13,2021-09-13,RATNABHUMI,B,66.0,74.95,59.7,68.2,67.55,58,720,48640.0
2021-09-13,2021-09-13,SHALBY,B,190.1,197.95,190.1,192.55,190.85,650,23154,4484665.0
2021-09-13,2021-09-13,FSC,B,76.0,77.5,70.0,71.85,71.95,655,23922,1777773.0
2021-09-13,2021-09-13,MRCAGRO,M,5.5,5.87,5.5,5.87,5.78,3,88000,512800.0
2021-09-13,2021-09-13,VITESSE,XT,23.25,24.75,23.1,24.0,24.25,18,827,19265.0
2021-09-13,2021-09-13,ASTRON,B,59.2,60.05,58.8,59.95,59.35,318,25696,1524248.0
2021-09-13,2021-09-13,CHANDRIMA,X,4.5,4.5,4.17,4.3,4.38,25,944,4098.0
2021-09-13,2021-09-13,RITHWIKFMS,M,55.1,55.1,55.1,55.1,55.1,1,3000,165300.0
2021-09-13,2021-09-13,JFL,M,5.95,5.95,5.95,5.95,6.23,3,6000,35700.0
2021-09-13,2021-09-13,7SEASL,X,17.9,17.9,16.35,16.35,17.2,119,34106,567992.0
2021-09-13,2021-09-13,APOLLO,B,116.45,130.6,116.45,125.45,113.4,3646,152030,19352270.0
2021-09-13,2021-09-13,NEWGEN,T,623.45,623.45,589.0,599.85,596.7,256,4052,2432288.0
2021-09-13,2021-09-13,PRAXIS,B,35.4,35.4,32.1,32.1,33.75,132,38333,1244194.0
2021-09-13,2021-09-13,AMBER,A,3130.0,3272.0,3122.7,3214.55,3122.05,2842,10411,33361827.0
2021-09-13,2021-09-13,TIRUFOAM,XT,67.0,67.0,67.0,67.0,67.0,2,2,134.0
2021-09-13,2021-09-13,GALAXYSURF,A,3178.0,3240.0,3147.6,3224.7,3175.75,389,1061,3391145.0
2021-09-13,2021-09-13,GGL,B,14.35,14.35,14.35,14.35,13.67,86,20955,300704.0
2021-09-13,2021-09-13,GUJHYSPIN,M,6.8,6.8,6.8,6.8,8.5,1,10000,68000.0
2021-09-13,2021-09-13,IWP,X,40.65,40.65,37.6,38.95,39.15,52,6186,243674.0
2021-09-13,2021-09-13,TDSL,B,25.9,26.35,24.3,25.75,25.35,180,46001,1175370.0
2021-09-13,2021-09-13,BHATIA,B,126.7,133.0,123.25,133.0,126.7,173,38302,5014549.0
2021-09-13,2021-09-13,SHIVAMILLS,B,87.45,90.0,87.25,89.2,88.25,53,1940,170483.0
2021-09-13,2021-09-13,ASTERDM,A,228.0,232.3,226.15,229.1,227.25,2089,110310,25361972.0
2021-09-13,2021-09-13,YSL,X,19489.95,19489.95,18000.0,18500.0,18100.0,9,13,237823.0
2021-09-13,2021-09-13,KANCOTEA,X,63.2,64.6,60.3,63.0,63.2,29,1155,71941.0
2021-09-13,2021-09-13,HGINFRA,A,605.0,611.9,592.0,598.3,602.35,2544,33614,20336244.0
2021-09-13,2021-09-13,AXISCBDPD,B,14.8,14.8,14.8,14.8,14.81,1,140,2072.0
2021-09-13,2021-09-13,AXISCBGPG,B,16.4,16.4,16.0,16.0,15.02,2,47050,771600.0
2021-09-13,2021-09-13,INFLAME,M,225.95,225.95,216.0,216.0,219.0,8,8000,1758000.0
2021-09-13,2021-09-13,BPLPHARMA,XT,381.0,383.0,375.3,377.1,380.65,40,919,348084.0
2021-09-13,2021-09-13,LIQUIDETF,F,1000.0,1000.0,999.99,1000.0,999.99,8,798,797999.0
2021-09-13,2021-09-13,BDL,A,394.0,394.85,385.2,386.1,394.2,565,6125,2382222.0
2021-09-13,2021-09-13,GOYALALUM,M,44.0,48.0,44.0,46.0,45.95,7,40000,1806000.0
2021-09-13,2021-09-13,BANDHANBNK,A,284.0,284.8,280.0,284.1,283.55,1214,69421,19589549.0
2021-09-13,2021-09-13,HAL,A,1383.0,1412.0,1366.6,1404.7,1373.85,3036,40385,56437295.0
2021-09-13,2021-09-13,DHARAN,B,16.7,17.35,15.95,16.0,16.75,1565,1468075,23453555.0
2021-09-13,2021-09-13,SANDHAR,B,280.25,281.6,273.0,278.3,282.1,860,8984,2487545.0
2021-09-13,2021-09-13,YASHO,B,649.95,773.9,649.95,765.05,644.95,8962,269094,198441893.0
2021-09-13,2021-09-13,BENARA,M,10.25,10.31,10.25,10.31,10.24,3,90000,927780.0
2021-09-13,2021-09-13,ISEC,A,723.7,732.4,712.15,718.05,725.85,1649,20383,14734557.0
2021-09-13,2021-09-13,MIDHANI,A,185.8,188.55,183.8,185.9,183.85,601,17633,3281175.0
2021-09-13,2021-09-13,OBCL,M,53.55,55.9,53.0,55.0,54.4,107,286000,15710300.0
2021-09-13,2021-09-13,LEMONTREE,A,39.9,40.85,39.75,40.1,39.85,1087,206679,8327933.0
2021-09-13,2021-09-13,ABSLRIF7DD,B,10.02,10.02,10.02,10.02,9.11,1,1,10.0
2021-09-13,2021-09-13,CHEMFAB,B,164.0,175.0,151.0,156.3,151.1,58,2028,318001.0
2021-09-13,2021-09-13,ORIENTELEC,A,339.9,341.6,332.9,336.75,338.35,1626,27732,9339772.0
2021-09-13,2021-09-13,AKSHAR,M,23.75,23.75,23.75,23.75,24.95,6,18000,427500.0
2021-09-13,2021-09-13,INDOUS,M,57.5,57.5,57.5,57.5,60.0,1,1250,71875.0
2021-09-13,2021-09-13,IPRU3095,B,15.1,15.1,14.13,15.0,15.09,7,628,8976.0
2021-09-13,2021-09-13,BSE500IETF,B,246.0,249.5,242.1,243.86,245.0,98,489,119706.0
2021-09-13,2021-09-13,INDOSTAR,A,302.0,306.6,292.35,293.9,302.2,794,10745,3201332.0
2021-09-13,2021-09-13,MILEFUR,M,23.45,23.95,23.0,23.95,23.6,22,90000,2116500.0
2021-09-13,2021-09-13,UHZAVERI,M,12.25,12.25,12.25,12.25,12.25,1,3000,36750.0
2021-09-13,2021-09-13,PARVATI,XT,5.1,5.34,4.85,5.26,5.1,129,31774,158906.0
2021-09-13,2021-09-13,INNOVATORS,M,49.5,51.4,49.5,50.0,50.0,3,4800,241440.0
2021-09-13,2021-09-13,ZIMLAB,XT,138.1,140.0,135.05,135.55,141.45,34,1113,152880.0
2021-09-13,2021-09-13,ARIHANTINS,MT,1.63,1.63,1.63,1.63,1.71,3,12000,19560.0
2021-09-13,2021-09-13,AFFORDABLE,M,118.8,123.9,118.8,120.0,124.0,10,16000,1941200.0
2021-09-13,2021-09-13,DOLLAR,A,384.35,384.35,376.5,378.35,384.75,549,12277,4662348.0
2021-09-13,2021-09-13,NGIL,B,97.7,97.75,88.45,97.55,93.1,567,65713,6236320.0
2021-09-13,2021-09-13,PALMJEWELS,T,29.5,31.65,29.15,30.4,30.55,28,4242,125882.0
2021-09-13,2021-09-13,WAA,M,33.15,35.9,33.15,34.65,34.5,3,6400,219280.0
2021-09-13,2021-09-13,ADANIGREEN,A,1220.0,1220.0,1165.55,1182.95,1213.55,5256,45654,54511414.0
2021-09-13,2021-09-13,UNICK,XT,50.3,50.3,50.3,50.3,47.95,7,2675,134552.0
2021-09-13,2021-09-13,SOLARA,A,1690.2,1710.0,1670.85,1677.7,1688.25,993,4474,7559418.0
2021-09-13,2021-09-13,RITES,A,273.9,275.95,272.45,273.95,273.9,401,5311,1454154.0
2021-09-13,2021-09-13,FINEORG,A,3133.65,3248.0,3133.65,3167.9,3172.8,795,3414,10912813.0
2021-09-13,2021-09-13,VARROC,A,275.0,275.0,263.5,264.6,273.4,1076,14193,3779205.0
2021-09-13,2021-09-13,RAJNISH,M,79.1,79.1,79.1,79.1,75.35,1,1200,94920.0
2021-09-13,2021-09-13,GUJWIND,XT,4.49,4.49,4.15,4.2,4.28,21,2341,9830.0
2021-09-13,2021-09-13,RAWEDGE,B,33.7,33.7,33.0,33.0,33.15,8,11994,401813.0
2021-09-13,2021-09-13,TCNSBRANDS,A,682.0,686.1,666.6,669.55,686.65,655,4302,2910847.0
2021-09-13,2021-09-13,ASHNI,XT,7.36,7.36,6.67,7.0,7.01,13,1591,10858.0
2021-09-13,2021-09-13,RACONTEUR,M,9.93,9.93,9.93,9.93,9.46,1,1600,15888.0
2021-09-13,2021-09-13,IDFCEOS6RG,B,15.45,15.45,15.45,15.45,15.45,1,500,7725.0
2021-09-13,2021-09-13,HDFCAMC,A,3250.0,3315.1,3163.5,3300.5,3247.35,3273,20695,67382014.0
2021-09-13,2021-09-13,VIVANTA,XT,15.3,16.05,15.3,15.3,15.3,11,836,13182.0
2021-09-13,2021-09-13,FRATELLI,X,18.25,18.25,17.0,17.0,17.85,5,30,516.0
2021-09-13,2021-09-13,CREDITACC,A,699.0,699.0,672.65,677.1,690.4,602,5437,3718604.0
2021-09-13,2021-09-13,AMINTAN,XT,2.15,2.15,2.02,2.03,2.07,168,58729,120223.0
2021-09-13,2021-09-13,DEEP,B,185.0,185.55,179.1,183.7,181.85,362,61953,11268915.0
2021-09-13,2021-09-13,IPRU3168,B,13.25,13.25,13.25,13.25,13.24,4,3500,46375.0
2021-09-13,2021-09-13,NEXT50IETF,B,44.2,44.2,43.4,43.79,43.4,98,1423,62457.0
2021-09-13,2021-09-13,ASRL,B,141.35,145.0,140.35,142.0,140.35,508,55961,7954688.0
2021-09-13,2021-09-13,SPACEINCUBA,X,1.67,1.68,1.59,1.59,1.6,37,12116,20141.0
2021-09-13,2021-09-13,SGIL,B,163.55,163.55,147.9,152.0,158.75,91,2086,316121.0
2021-09-13,2021-09-13,LIQUIDIETF,F,1000.01,1000.01,1000.0,1000.0,1000.0,11,1046,1046000.0
2021-09-13,2021-09-13,IRCON,A,45.75,45.75,45.0,45.2,45.35,2204,291533,13204606.0
2021-09-13,2021-09-13,SETFSN50,B,489.99,489.99,487.0,487.0,483.0,14,93,45556.0
2021-09-13,2021-09-13,MANORAMA,B,1500.0,1535.0,1462.0,1486.2,1484.3,482,5070,7560711.0
2021-09-13,2021-09-13,INNOVATIVE,M,6.6,6.6,6.38,6.5,6.42,11,19000,124420.0
2021-09-13,2021-09-13,NIOSAG,B,15.4,15.4,15.4,15.4,15.25,1,300,4620.0
2021-09-13,2021-09-13,NIOSAD,B,14.01,14.98,14.01,14.4,15.36,3,800,11364.0
2021-09-13,2021-09-13,AAVAS,A,2420.0,2520.85,2420.0,2493.6,2439.2,803,3606,8926357.0
2021-09-13,2021-09-13,GENERAAGRI,XT,2.45,2.57,2.45,2.57,2.45,11,1029,2605.0
2021-09-13,2021-09-13,GRSE,A,200.95,200.95,193.5,193.7,193.8,556,20336,3974998.0
2021-09-13,2021-09-13,A1L,M,200.0,205.0,200.0,200.2,202.0,5,11500,2321160.0
2021-09-13,2021-09-13,SHUBHAM,B,150.0,155.0,147.25,153.85,154.2,152,65632,9982959.0
2021-09-13,2021-09-13,SUNRETAIL,M,1.13,1.2,1.13,1.2,1.15,4,192000,226560.0
2021-09-13,2021-09-13,SMGOLD,B,141.5,143.5,141.4,143.5,140.95,255,61516,8717073.0
2021-09-13,2021-09-13,VIVIDM,M,27.25,27.25,27.25,27.25,28.2,1,2520,68670.0
2021-09-13,2021-09-13,BCPL,B,51.1,52.0,50.95,51.7,51.4,240,14320,737757.0
2021-09-13,2021-09-13,ATGL,A,1360.0,1383.95,1341.0,1374.6,1394.4,4265,34972,47512379.0
2021-09-13,2021-09-13,NETRIPPLES,XT,7.65,8.4,7.65,8.4,8.0,4,800,6645.0
2021-09-13,2021-09-13,PHOSPHATE,XT,80.0,80.0,80.0,80.0,80.0,8,6621,529680.0
2021-09-13,2021-09-13,NIFTYETF,B,179.0,180.0,177.1,178.95,179.5,143,1970,351603.0
2021-09-13,2021-09-13,TECHNOE,A,276.4,287.25,276.4,278.1,276.4,282,3613,1008480.0
2021-09-13,2021-09-13,DGL,M,2.71,2.96,2.71,2.96,2.85,7,18000,51100.0
2021-09-13,2021-09-13,NIVAKA,XT,6.9,6.9,6.9,6.9,6.9,5,6,41.0
2021-09-13,2021-09-13,DALBHARAT,A,2335.0,2442.55,2335.0,2408.95,2332.15,2159,17454,42085111.0
2021-09-13,2021-09-13,ABSLNN50ET,B,430.0,439.0,430.0,432.0,428.25,18,24,10479.0
2021-09-13,2021-09-13,NILASPACES,T,1.76,1.8,1.7,1.7,1.77,128,104444,179761.0
2021-09-13,2021-09-13,SRD,B,95.0,95.0,87.3,89.4,91.15,60,2128,189716.0
2021-09-13,2021-09-13,TREJHARA,B,61.2,61.2,58.05,58.4,59.75,177,7743,455146.0
2021-09-13,2021-09-13,AXISCCGPG,B,14.6,16.5,13.95,16.5,15.5,17,206001,2947766.0
2021-09-13,2021-09-13,DECCAN,M,25.4,26.0,25.4,25.7,24.6,5,7200,184860.0
2021-09-13,2021-09-13,AXITA,M,65.7,65.9,65.7,65.9,62.8,6,28000,1844000.0
2021-09-13,2021-09-13,KPIGREEN,B,120.05,121.7,118.8,119.95,120.2,142,5249,629418.0
2021-09-13,2021-09-13,RPSGVENT,A,772.6,795.0,768.0,786.05,767.65,845,11970,9322485.0
2021-09-13,2021-09-13,SPENCERS,A,114.0,117.7,113.9,115.75,113.7,2497,125548,14503779.0
2021-09-13,2021-09-13,GLOSTERLTD,X,1200.0,1215.9,1163.6,1205.55,1182.85,79,944,1128036.0
2021-09-13,2021-09-13,XELPMOC,T,382.8,401.9,382.8,397.1,382.8,342,11621,4635974.0
2021-09-13,2021-09-13,RITCO,M,38.0,39.55,36.0,39.55,37.7,28,46400,1773920.0
2021-09-13,2021-09-13,CHALET,A,185.1,189.95,185.1,187.3,186.35,2359,385338,71829602.0
2021-09-13,2021-09-13,ANMOL,B,204.25,204.25,194.1,196.6,201.6,247,5920,1177830.0
2021-09-13,2021-09-13,JONJUA,M,12.12,12.12,12.12,12.12,12.75,5,14755,178830.0
2021-09-13,2021-09-13,KRANTI,M,26.55,26.55,26.55,26.55,27.0,1,3600,95580.0
2021-09-13,2021-09-13,ANUP,B,1070.0,1111.0,1035.3,1073.35,1049.25,1162,5656,6079783.0
2021-09-13,2021-09-13,ARVINDFASN,A,261.1,270.0,261.1,265.5,261.1,1659,72071,19122456.0
2021-09-13,2021-09-13,SNXT50BETA,B,48.74,49.4,47.3,48.0,47.78,93,759,36467.0
2021-09-13,2021-09-13,AIHL,XT,26.0,26.0,26.0,26.0,24.8,1,1,26.0
2021-09-13,2021-09-13,AGOL,B,39.8,39.8,37.1,39.5,38.05,40,2397,93715.0
2021-09-13,2021-09-13,AARTECH,M,37.0,37.2,37.0,37.15,35.0,3,12000,445200.0
2021-09-13,2021-09-13,MSTCLTD,A,303.0,322.7,303.0,317.8,302.7,6331,238982,75069087.0
2021-09-13,2021-09-13,EMBASSY,IF,373.8,375.25,370.19,373.58,370.32,413,20130,7516192.0
2021-09-13,2021-09-13,NSL,M,35.6,35.6,35.6,35.6,34.2,1,3000,106800.0
2021-09-13,2021-09-13,RVNL,A,30.55,30.85,30.1,30.2,30.55,3585,677431,20600845.0
2021-09-13,2021-09-13,METROPOLIS,A,3015.0,3081.7,2979.6,3071.25,3008.65,3405,20852,63465342.0
2021-09-13,2021-09-13,KPITTECH,A,329.5,333.0,324.65,327.85,329.5,1823,44616,14590631.0
2021-09-13,2021-09-13,POLYCAB,A,2396.95,2480.95,2380.0,2440.3,2383.6,4525,48703,119124002.0
2021-09-13,2021-09-13,JINAAM,MT,3.3,3.36,3.3,3.36,3.2,9,22000,73660.0
2021-09-13,2021-09-13,VRFILMS,M,193.55,193.55,193.55,193.55,184.35,2,2000,387100.0
2021-09-13,2021-09-13,VIKASLIFE,T,3.25,3.25,3.13,3.18,3.26,3133,1788399,5684735.0
2021-09-13,2021-09-13,NEOGEN,A,1153.0,1189.0,1134.8,1169.45,1156.1,1814,19488,22744668.0
2021-09-13,2021-09-13,WORL,T,292.8,293.0,280.0,280.3,289.1,23,334,95593.0
2021-09-13,2021-09-13,EVANS,M,100.5,100.5,100.5,100.5,97.0,2,1000,100500.0
2021-09-13,2021-09-13,BMW,XT,42.65,42.65,41.45,42.0,43.6,148,5282,220377.0
2021-09-13,2021-09-13,AEPL,B,56.55,57.95,56.55,56.65,56.5,39,1594,90563.0
2021-09-13,2021-09-13,MAHESH,XT,7.45,7.45,7.45,7.45,7.84,2,50,372.0
2021-09-13,2021-09-13,CHCL,M,18.45,18.45,18.45,18.45,17.58,1,2000,36900.0
2021-09-13,2021-09-13,DEL,X,12.65,13.39,12.65,12.85,12.4,7,2201,28822.0
2021-09-13,2021-09-13,HARISH,XT,60.2,60.2,55.05,60.2,57.35,61,7954,477463.0
2021-09-13,2021-09-13,PPL,B,167.95,170.65,166.05,167.6,165.75,327,5377,903248.0
2021-09-13,2021-09-13,DGCONTENT,T,12.1,12.1,11.43,11.85,11.53,44,17746,214463.0
2021-09-13,2021-09-13,ARL,M,41.4,41.4,41.4,41.4,41.0,1,4000,165600.0
2021-09-13,2021-09-13,SBC,M,42.9,42.95,42.35,42.9,42.75,21,63000,2692800.0
2021-09-13,2021-09-13,INDIAMART,A,8830.0,8911.45,8527.55,8702.2,8887.8,5595,15932,138165041.0
2021-09-13,2021-09-13,CPML,MT,28.5,28.5,28.5,28.5,27.35,1,4000,114000.0
2021-09-13,2021-09-13,DCMNVL,B,211.35,221.9,204.9,207.05,215.65,212,7407,1561076.0
2021-09-13,2021-09-13,BANKIETF,B,365.0,365.0,361.95,363.1,364.97,22,29,10525.0
2021-09-13,2021-09-13,SNXT50BEES,B,48.4,48.4,46.5,48.0,47.45,37,3023,143787.0
2021-09-13,2021-09-13,AFFLE,A,5100.0,5138.8,4850.35,4910.65,5060.75,5841,19617,97168351.0
2021-09-13,2021-09-13,SEACOAST,X,230.0,230.0,218.0,224.05,225.3,133,13954,3088608.0
2021-09-13,2021-09-13,PVTBANIETF,B,186.2,188.5,184.73,184.94,187.0,38,591,109503.0
2021-09-13,2021-09-13,SPANDANA,A,630.7,630.7,618.4,624.35,630.5,641,3716,2312193.0
2021-09-13,2021-09-13,SWSOLAR,A,351.3,383.6,351.0,359.35,350.45,11150,611100,224869464.0
2021-09-13,2021-09-13,ALPHALOGIC,MS,61.5,61.65,61.5,61.65,64.6,2,11840,729048.0
2021-09-13,2021-09-13,360ONE,A,1695.4,1726.0,1680.0,1690.35,1679.85,2343,11288,19172640.0
2021-09-13,2021-09-13,IIFLCAPS,A,92.8,98.0,92.6,95.35,93.75,1766,98693,9494795.0
2021-09-13,2021-09-13,MUFIN,XT,36.75,36.75,34.25,36.05,36.0,216,12244,438773.0
2021-09-13,2021-09-13,MISQUITA,M,30.0,30.25,29.5,30.25,27.5,35,74000,2230000.0
2021-09-13,2021-09-13,GALACTICO,M,94.0,94.0,94.0,94.0,93.0,1,3000,282000.0
2021-09-13,2021-09-13,VEL,XT,21.75,21.75,19.75,21.55,20.75,25,1506,31941.0
2021-09-13,2021-09-13,NIESSPJ,B,19.0,19.0,18.9,18.9,17.3,6,80,1512.0
2021-09-13,2021-09-13,NIESSPC,B,3.21,3.21,3.21,3.21,2.92,3,257,824.0
2021-09-13,2021-09-13,FLUOROCHEM,A,1620.0,1704.0,1620.0,1695.75,1640.0,674,4596,7775998.0
2021-09-13,2021-09-13,NIEHSPI,B,3.95,3.95,3.25,3.5,3.6,18,2805,9903.0
2021-09-13,2021-09-13,IRCTC,A,3310.0,3450.0,3310.0,3436.25,3295.1,30807,355970,1206938213.0
2021-09-13,2021-09-13,NIEHSPD,B,0.95,1.1,0.95,1.05,1.0,26,27364,28591.0
2021-09-13,2021-09-13,NIEHSPE,B,0.66,0.66,0.66,0.66,0.6,10,126735,83645.0
2021-09-13,2021-09-13,NIEHSPG,B,4.38,4.38,3.6,3.6,3.99,12,1751,7158.0
2021-09-13,2021-09-13,NIEHSPH,B,2.15,2.16,2.15,2.16,2.16,3,1183,2553.0
2021-09-13,2021-09-13,NIEHSPJ,B,6.57,6.57,6.57,6.57,6.57,1,1,6.0
2021-09-13,2021-09-13,NIESSPL,B,0.97,0.97,0.81,0.88,0.89,144,367866,324496.0
2021-09-13,2021-09-13,GOBLIN,M,18.8,18.8,18.8,18.8,19.0,1,8000,150400.0
2021-09-13,2021-09-13,GENSOL,M,85.75,91.0,85.75,85.75,90.0,7,11200,975520.0
2021-09-13,2021-09-13,VISHWARAJ,B,149.05,150.1,146.2,149.15,149.7,329,25132,3749973.0
2021-09-13,2021-09-13,GREENPANEL,B,298.0,307.45,294.0,307.45,292.85,2345,83846,25517728.0
2021-09-13,2021-09-13,SHAHLON,X,84.35,84.7,78.05,84.3,80.7,133,46054,3860969.0
2021-09-13,2021-09-13,ABSLBANETF,B,363.0,364.5,361.26,361.63,363.1,5,24,8739.0
2021-09-13,2021-09-13,CSBBANK,A,301.45,303.65,297.0,300.35,299.1,489,7222,2156713.0
2021-09-13,2021-09-13,ABCRSPRG,F,3.46,3.46,3.46,3.46,3.15,7,621,2148.0
2021-09-13,2021-09-13,ABCRSPDG,F,2.68,2.68,2.43,2.43,2.69,4,138,354.0
2021-09-13,2021-09-13,ABDBSPDG,F,1.81,1.81,1.65,1.65,1.65,3,10,16.0
2021-09-13,2021-09-13,UJJIVANSFB,A,21.05,21.4,20.3,20.5,20.5,5753,2476820,51569824.0
2021-09-13,2021-09-13,HINDWAREAP,A,427.6,427.6,408.5,427.6,407.25,263,37029,15796027.0
2021-09-13,2021-09-13,PRINCEPIPE,A,728.7,739.45,721.4,727.0,718.45,1881,30705,22424670.0
2021-09-13,2021-09-13,EBBETF0423,F,1153.0,1153.0,1150.01,1153.0,1151.05,7,33,37996.0
2021-09-13,2021-09-13,EBBETF0430,F,1179.0,1179.0,1176.0,1178.88,1178.97,16,82,96577.0
2021-09-13,2021-09-13,ASSAMENT,XT,764.7,764.7,764.7,764.7,728.3,1,1,764.0
2021-09-13,2021-09-13,GIANLIFE,M,55.3,55.3,55.3,55.3,52.7,2,12000,663600.0
2021-09-13,2021-09-13,ARTEMISMED,B,382.0,384.7,375.25,380.3,366.45,316,3626,1374952.0
2021-09-13,2021-09-13,SUMICHEM,A,411.0,417.55,408.85,413.8,409.4,2257,53488,22080656.0
2021-09-13,2021-09-13,MIDCAPIETF,B,112.0,112.7,110.7,112.49,111.0,22,425,47372.0
2021-09-13,2021-09-13,NEXT50,B,427.0,428.6,424.5,426.0,427.5,18,311,132544.0
2021-09-13,2021-09-13,BIRLATYRES,B,24.65,24.75,24.4,24.6,24.8,252,31568,774355.0
2021-09-13,2021-09-13,UNIVPHOTO,B,330.0,364.2,330.0,359.4,335.0,145,1803,638315.0
2021-09-13,2021-09-13,OCTAVIUSPL,Z,43.05,45.0,42.5,45.0,43.05,12,7733,340887.0
2021-09-13,2021-09-13,04AGG,F,5.5,5.5,5.5,5.5,5.0,3,700,3850.0
2021-09-13,2021-09-13,06AGG,F,7.67,7.67,7.67,7.67,6.98,1,1,7.0
2021-09-13,2021-09-13,06ARD,F,10.92,10.92,9.01,9.33,9.93,24,1401,13131.0
2021-09-13,2021-09-13,06GPG,F,4.81,5.02,4.49,4.9,4.57,111,28748,135797.0
2021-09-13,2021-09-13,UTIBFS1DGR,F,17.91,17.91,17.91,17.91,19.89,4,20,358.0
2021-09-13,2021-09-13,UTRSFS1DGR,F,1.6,1.6,1.5,1.5,1.65,3,93,144.0
2021-09-13,2021-09-13,UTCRFS1DGR,F,2.64,2.64,2.64,2.64,2.92,3,1030,2719.0
2021-09-13,2021-09-13,UTDBFS1DGR,F,1.54,1.54,1.54,1.54,1.69,6,1061,1633.0
2021-09-13,2021-09-13,COHANCE,A,540.0,540.0,528.95,533.55,535.4,631,11790,6279116.0
2021-09-13,2021-09-13,SBICARD,A,1105.0,1105.2,1084.2,1086.65,1105.15,2387,30165,32917875.0
2021-09-13,2021-09-13,07GPG,F,5.14,5.69,5.14,5.49,5.71,13,990,5146.0
2021-09-13,2021-09-13,09AGG,F,30.9,30.9,30.9,30.9,30.9,3,14,432.0
2021-09-13,2021-09-13,08GPG,B,1.92,1.96,1.62,1.69,1.79,460,364460,631448.0
2021-09-13,2021-09-13,10GPG,F,2.85,2.85,2.37,2.85,2.62,57,10444,27932.0
2021-09-13,2021-09-13,11DPR,B,13.71,13.71,11.23,11.23,12.47,47,3326,39164.0
2021-09-13,2021-09-13,11GPG,B,3.23,3.23,2.98,3.06,3.11,85,28150,86579.0
2021-09-13,2021-09-13,11MPD,B,3.33,3.33,3.1,3.11,3.33,87,36528,115596.0
2021-09-13,2021-09-13,11MPR,B,8.64,8.64,7.09,8.14,7.86,87,2505,20949.0
2021-09-13,2021-09-13,11QPD,B,0.46,0.46,0.46,0.46,0.42,17,139503,64171.0
2021-09-13,2021-09-13,11AGG,B,11.69,11.69,9.57,9.65,10.63,19,12708,127800.0
2021-09-13,2021-09-13,11AMD,B,0.46,0.46,0.46,0.46,0.42,1,1,0.0
2021-09-13,2021-09-13,11DPD,B,3.75,4.08,3.68,3.7,4.08,24,10016,37438.0
2021-09-13,2021-09-13,POWERINDIA,A,2301.1,2371.8,2285.6,2328.55,2325.6,293,888,2053719.0
2021-09-13,2021-09-13,DJML,M,116.8,116.8,116.8,116.8,117.1,1,3000,350400.0
2021-09-13,2021-09-13,NATURAL,XT,25.0,26.7,25.0,26.6,25.5,123,84671,2226478.0
2021-09-13,2021-09-13,AARTISURF,B,1405.1,1425.0,1387.05,1410.25,1409.65,872,3723,5253097.0
2021-09-13,2021-09-13,BOROLTD,B,202.0,241.35,202.0,238.4,201.15,6051,234278,55217700.0
2021-09-13,2021-09-13,ROSSARI,B,1395.1,1416.2,1385.05,1395.3,1393.05,440,2418,3374477.0
2021-09-13,2021-09-13,NDRAUTO,T,405.0,411.75,392.05,395.0,411.85,46,299,118664.0
2021-09-13,2021-09-13,EBBETF0425,F,1071.9,1071.9,1071.9,1071.9,1069.36,1,100,107190.0
2021-09-13,2021-09-13,EBBETF0431,F,1057.0,1059.0,1053.11,1058.99,1056.97,20,691,729845.0
2021-09-13,2021-09-13,MINDSPACE,IF,299.8,299.8,295.98,298.83,296.78,173,5010,1493517.0
2021-09-13,2021-09-13,ALPL30IETF,B,188.38,188.38,178.6,185.23,182.9,98,2078,375829.0
2021-09-13,2021-09-13,MAXHEALTH,B,382.05,394.75,382.05,386.35,380.7,934,28730,11187994.0
2021-09-13,2021-09-13,ITIETF,B,353.0,357.0,352.0,356.62,352.0,107,597,212042.0
2021-09-13,2021-09-13,HIPPOCABS,TS,26.2,26.4,26.0,26.0,24.0,6,7200,188340.0
2021-09-13,2021-09-13,MAXIND,B,72.0,73.3,72.0,72.9,72.6,299,16780,1217896.0
2021-09-13,2021-09-13,HDFCNIFBAN,B,367.0,377.0,364.1,365.44,377.0,90,232,84785.0
2021-09-13,2021-09-13,BANKBETA,B,37.56,37.56,36.25,36.29,36.47,25,2896,105311.0
2021-09-13,2021-09-13,HAPPSTMNDS,B,1452.7,1483.8,1452.7,1480.1,1454.3,9158,105421,155580294.0
2021-09-13,2021-09-13,ROUTE,B,1976.0,2035.75,1976.0,2022.5,1996.1,3162,33208,67105075.0
2021-09-13,2021-09-13,SAMRATFORG,X,193.95,193.95,193.95,193.95,193.95,1,1,193.0
2021-09-13,2021-09-13,ADVAIT,M,73.0,73.0,69.1,69.1,72.0,2,4000,284200.0
2021-09-13,2021-09-13,ADL,T,40.0,40.8,40.0,40.8,38.9,6,191,7688.0
2021-09-13,2021-09-13,CAMS,B,3686.7,3700.85,3594.0,3604.6,3686.7,2495,11503,41579960.0
2021-09-13,2021-09-13,CHEMCON,B,449.3,449.3,428.75,440.45,457.15,3751,63790,28084800.0
2021-09-13,2021-09-13,ANGELONE,B,1234.9,1325.25,1231.65,1295.3,1229.9,9920,119524,153804659.0
2021-09-13,2021-09-13,ATAM,M,39.5,39.5,39.5,39.5,45.65,1,3000,118500.0
2021-09-13,2021-09-13,MAZDOCK,B,242.7,250.0,242.65,246.6,242.3,811,20081,4935113.0
2021-09-13,2021-09-13,UTIAMC,B,1171.0,1186.0,1165.5,1178.75,1176.1,1373,11778,13816774.0
2021-09-13,2021-09-13,LIKHITHA,B,395.0,403.45,384.8,396.3,400.85,2560,36214,14338508.0
2021-09-13,2021-09-13,VGIL,M,90.5,94.5,90.5,94.5,90.0,2,8000,740000.0
2021-09-13,2021-09-13,HEMIPROP,B,131.05,134.7,131.05,132.05,131.45,1652,86049,11400888.0
2021-09-13,2021-09-13,EQUITASBNK,B,60.95,61.4,59.6,59.85,59.9,757,71236,4292149.0
2021-09-13,2021-09-13,SHINEFASH,M,124.0,124.0,124.0,124.0,123.35,1,3000,372000.0
2021-09-13,2021-09-13,GLAND,B,3878.0,3888.2,3760.05,3810.25,3878.3,1789,5920,22505214.0
2021-09-13,2021-09-13,ESG,B,30.0,30.14,29.53,30.11,30.0,53,3182,94854.0
2021-09-13,2021-09-13,RBA,B,158.9,160.35,158.0,158.3,160.0,3236,202420,32162085.0
2021-09-13,2021-09-13,TARC,T,40.35,40.35,39.0,39.45,39.75,96,23218,920934.0
2021-09-13,2021-09-13,RVHL,B,22.25,22.55,21.7,22.55,21.5,37,4820,108146.0
2021-09-13,2021-09-13,FAIRCHEMOR,B,1915.0,1959.15,1862.0,1902.25,1913.8,571,1993,3815436.0
2021-09-13,2021-09-13,BECTORFOOD,B,390.0,415.25,390.0,412.85,389.55,2647,44106,17995862.0
2021-09-13,2021-09-13,AWHCL,B,416.0,416.0,400.05,406.45,411.45,1207,28924,11812005.0
2021-09-13,2021-09-13,INFRABEES,B,504.9,509.89,495.1,502.03,503.0,66,492,245680.0
2021-09-13,2021-09-13,IRFC,B,23.05,23.15,22.9,22.95,23.05,5881,1628031,37518914.0
2021-09-13,2021-09-13,INDIGOPNTS,B,2583.05,2600.0,2570.35,2589.55,2590.5,365,1119,2886439.0
2021-09-13,2021-09-13,HOMEFIRST,B,563.0,578.75,563.0,574.55,576.65,573,6211,3565577.0
2021-09-13,2021-09-13,STOVEKRAFT,B,974.4,974.4,949.0,950.65,969.65,1391,14050,13437826.0
2021-09-13,2021-09-13,BIRET,IF,274.0,281.0,272.61,274.79,271.54,246,19909,5467806.0
2021-09-13,2021-09-13,MRP,M,41.0,41.95,35.5,35.5,37.0,6,18000,688650.0
2021-09-13,2021-09-13,SMCGLOBAL,B,74.0,77.55,74.0,75.9,74.8,457,15623,1179838.0
2021-09-13,2021-09-13,NURECA,B,1630.0,1644.3,1623.7,1628.2,1628.2,201,987,1611547.0
2021-09-13,2021-09-13,RAILTEL,B,131.0,131.0,126.6,126.9,130.25,3812,135530,17339636.0
2021-09-13,2021-09-13,HERANBA,B,771.0,785.0,766.3,769.85,776.35,1834,17951,13906517.0
2021-09-13,2021-09-13,DRCSYSTEMS,B,280.05,282.2,271.7,276.95,273.25,23,62,17283.0
2021-09-13,2021-09-13,ADJIA,MS,27.1,27.1,27.1,27.1,28.5,1,1600,43360.0
2021-09-13,2021-09-13,MTARTECH,B,1370.4,1429.55,1360.65,1406.0,1370.9,4150,33136,46484481.0
2021-09-13,2021-09-13,JUBLINGREA,B,700.15,745.75,700.15,741.45,703.7,7332,191699,139360012.0
2021-09-13,2021-09-13,EASEMYTRIP,B,513.8,530.0,509.0,521.85,511.75,2547,94142,49084321.0
2021-09-13,2021-09-13,KMEW,M,44.05,44.05,44.0,44.0,45.0,2,6000,264150.0
2021-09-13,2021-09-13,SUUMAYA,M,820.0,867.35,808.0,845.0,818.0,9,5400,4500210.0
2021-09-13,2021-09-13,ANURAS,B,758.0,758.0,736.85,742.45,754.4,1747,431272,320269169.0
2021-09-13,2021-09-13,CRAFTSMAN,B,1987.0,1987.0,1943.6,1971.55,1980.6,527,1575,3091295.0
2021-09-13,2021-09-13,LXCHEM,B,520.0,542.6,518.85,542.6,516.8,13901,852191,459369241.0
2021-09-13,2021-09-13,KALYANKJIL,B,66.2,67.05,65.75,65.8,65.95,1502,149859,9964020.0
2021-09-13,2021-09-13,SURYODAY,B,152.6,179.4,152.6,179.4,149.5,1986,70654,11936753.0
2021-09-13,2021-09-13,NAZARA,B,1788.0,1949.0,1786.0,1922.85,1787.15,8851,78075,148556740.0
2021-09-13,2021-09-13,SUVIDHAA,B,19.2,19.2,18.3,18.9,18.6,134,10810,202743.0
2021-09-13,2021-09-13,UFBL,B,1131.8,1140.7,1122.05,1128.3,1130.9,373,2235,2527707.0
2021-09-13,2021-09-13,EKI,M,2000.0,2126.0,2000.0,2126.0,2025.0,8,12000,25146000.0
2021-09-13,2021-09-13,RCAN,M,21.5,21.5,21.5,21.5,20.7,1,12000,258000.0
2021-09-13,2021-09-13,ARTEMISADR,M,18.2,18.2,17.15,17.8,17.65,8,48000,852900.0
2021-09-13,2021-09-13,LODHA,B,1030.0,1072.75,1030.0,1062.3,1037.9,1861,53805,56915157.0
2021-09-13,2021-09-13,DEEPINDS,B,140.0,157.6,135.2,150.65,131.35,3329,111715,16796778.0
2021-09-13,2021-09-13,KGES,MS,15.5,15.5,15.5,15.5,16.0,1,6000,93000.0
2021-09-13,2021-09-13,PGINVIT,IF,121.9,121.9,119.92,120.63,120.78,679,38638,4667877.0
2021-09-13,2021-09-13,MAFANG,B,54.59,54.7,52.6,54.59,54.76,1347,122046,6589926.0
2021-09-13,2021-09-13,HEALTHIETF,B,91.25,91.25,90.11,91.0,90.31,124,2047,185940.0
2021-09-13,2021-09-13,IWEL,T,715.0,715.0,669.75,677.85,705.0,56,507,343270.0
2021-09-13,2021-09-13,VINEETLAB,B,82.0,82.0,77.85,80.85,78.45,182,11258,898213.0
2021-09-13,2021-09-13,SHYAMMETL,B,405.5,415.15,405.0,413.4,407.2,3532,101631,41819253.0
2021-09-13,2021-09-13,SONACOMS,B,551.5,589.2,546.35,583.55,549.5,7628,246890,141091118.0
2021-09-13,2021-09-13,NAVODAYENT,M,13.0,13.3,13.0,13.3,13.2,2,12000,157800.0
2021-09-13,2021-09-13,DODLA,B,542.5,542.5,537.0,539.05,543.55,271,3441,1855146.0
2021-09-13,2021-09-13,KIMS,B,1246.0,1269.0,1246.0,1263.8,1250.15,2130,20426,25781824.0
2021-09-13,2021-09-13,IPL,B,329.5,331.0,324.55,325.8,330.2,1542,68785,22512750.0
2021-09-13,2021-09-13,GRINFRA,B,1570.05,1590.0,1568.5,1580.0,1588.65,868,3554,5606679.0
2021-09-13,2021-09-13,CLEAN,B,1662.0,1705.7,1647.9,1672.0,1655.55,2027,22016,36920443.0
2021-09-13,2021-09-13,AAPLUSTRAD,M,8.3,8.3,8.0,8.0,8.17,2,16000,130400.0
2021-09-13,2021-09-13,ETERNAL,B,143.2,144.25,142.0,143.2,141.55,8718,1020516,145677306.0
2021-09-13,2021-09-13,TATVA,B,2064.7,2066.0,2045.0,2053.45,2047.1,1413,8493,17455970.0
2021-09-13,2021-09-13,ALIVUS,B,668.9,670.0,659.8,664.2,661.75,3004,32961,21907263.0
2021-09-13,2021-09-13,BFSI,B,17.95,18.2,17.93,18.18,18.2,56,2637,47659.0
2021-09-13,2021-09-13,GCSL,M,188.0,192.5,186.0,189.1,188.0,19,17600,3306200.0
2021-09-13,2021-09-13,ROLEXRINGS,B,1097.0,1097.0,1077.8,1084.3,1090.6,500,2415,2615244.0
2021-09-13,2021-09-13,FMCGIETF,B,405.0,410.0,403.53,405.93,405.99,109,905,368125.0
2021-09-13,2021-09-13,EXXARO,B,138.65,155.5,138.65,154.0,140.85,5790,295665,44042101.0
2021-09-13,2021-09-13,KRSNAA,B,896.75,896.75,858.25,869.4,896.75,3696,24696,21469497.0
2021-09-13,2021-09-13,WINDLAS,B,380.0,381.15,367.1,368.5,385.2,1572,20946,7821095.0
2021-09-13,2021-09-13,DEVYANI,B,119.0,119.0,114.8,115.2,120.3,6088,428291,49612490.0
2021-09-13,2021-09-13,MOL,B,117.0,118.15,114.05,114.6,118.15,2974,222563,25695315.0
2021-09-13,2021-09-13,EPIGRAL,B,673.0,683.6,660.4,673.85,673.5,1614,27275,18261064.0
2021-09-13,2021-09-13,CARTRADE,B,1477.0,1535.0,1476.05,1519.75,1490.9,7319,44720,67355793.0
2021-09-13,2021-09-13,NUVOCO,B,544.05,551.7,542.0,544.7,546.9,2246,33524,18337172.0
2021-09-13,2021-09-13,APTUS,B,361.0,363.8,359.75,362.05,361.05,1943,37441,13558435.0
2021-09-13,2021-09-13,CHEMPLASTS,B,576.45,584.1,558.3,561.75,576.45,1681,30118,17170696.0
2021-09-13,2021-09-13,AASHKA,MT,80.5,80.5,80.5,80.5,84.7,37,102000,8211000.0
2021-09-13,2021-09-13,ITAXIS,B,356.0,356.0,352.0,352.99,348.59,6,9,3178.0
2021-09-13,2021-09-13,HEALTHAXIS,B,93.0,95.0,89.96,91.0,89.1,33,522,48231.0
2021-09-13,2021-09-13,SENSEXIETF,B,636.84,637.9,628.1,634.86,636.84,35,222,140824.0
2021-09-13,2021-09-13,TATAMTRDVR,A,142.3,142.3,139.45,141.0,140.9,1155,72012,10125975.0
2021-09-13,2021-09-13,FELDVR,B,12.85,12.85,11.76,11.88,12.37,56,10131,123032.0
2021-09-13,2021-09-13,JISLDVREQS,B,25.1,25.1,22.8,22.85,23.95,336,47381,1135860.0
2021-09-13,2021-09-13,GATECHDVR,T,8.51,8.68,8.25,8.64,8.27,271,299499,2581937.0
2021-09-13,2021-09-13,KARURVYSYA,B,42.25,42.7,42.05,42.35,42.25,1178,127896,5419759.0
2021-09-13,2021-09-13,VEEDOL,T,2019.0,2064.0,1957.0,2003.5,1987.3,654,4899,9881496.0
2021-09-13,2021-09-13,AMRUTANJAN,B,739.8,739.8,721.25,726.35,717.95,672,4271,3115641.0
2021-09-13,2021-09-13,XPROINDIA,B,393.05,409.8,377.1,404.15,391.7,830,10961,4327734.0
2021-09-13,2021-09-13,HISARMETAL,B,131.4,131.7,128.9,129.2,131.1,20,398,51677.0
2021-09-13,2021-09-13,BHARATRAS,B,12798.05,12853.35,12716.15,12812.0,12816.7,134,251,3204119.0
2021-09-13,2021-09-13,EASTSILK,B,3.94,3.94,3.73,3.87,3.81,59,17014,65319.0
2021-09-13,2021-09-13,FACT,B,128.7,128.7,125.15,125.35,126.55,852,21731,2739437.0
2021-09-13,2021-09-13,GINNIFILA,B,32.95,35.65,32.95,35.65,32.45,540,135403,4774766.0
2021-09-13,2021-09-13,SPIC,B,52.65,52.65,50.75,51.25,52.05,706,59350,3060143.0
2021-09-13,2021-09-13,DENORA,B,340.0,353.85,330.95,348.3,337.7,493,5959,2058329.0
2021-09-13,2021-09-13,KAVDEFENCE,T,9.48,9.55,9.25,9.55,9.1,251,112702,1070056.0
2021-09-13,2021-09-13,SAKSOFT,B,900.0,918.85,887.65,896.3,900.75,1105,8018,7228455.0
2021-09-13,2021-09-13,SALONA,B,205.0,205.0,203.0,203.3,201.45,49,263,53815.0
2021-09-13,2021-09-13,EQUIPPP,T,74.1,74.1,67.1,67.1,70.6,1294,71335,5051442.0
2021-09-13,2021-09-13,ANDHRSUGAR,B,547.5,569.05,544.0,567.15,541.55,667,5516,3089746.0
2021-09-13,2021-09-13,IMPAL,B,782.0,782.0,752.05,760.0,752.3,35,906,688648.0
2021-09-13,2021-09-13,KCP,B,137.0,139.65,136.6,137.25,136.6,649,19758,2732988.0
2021-09-13,2021-09-13,KHAITANLTD,T,29.6,29.6,29.6,29.6,28.2,3,12,355.0
2021-09-13,2021-09-13,RADAAN,T,1.3,1.3,1.3,1.3,1.26,14,29609,38491.0
2021-09-13,2021-09-13,SUNDARMFIN,B,2535.0,2548.5,2515.0,2531.0,2533.1,520,2521,6397156.0
2021-09-13,2021-09-13,SUNDRMBRAK,B,405.7,409.2,400.15,402.25,408.0,46,2212,899284.0
2021-09-13,2021-09-13,WHEELS,B,822.1,825.55,805.25,807.05,817.9,221,866,706082.0
2021-09-13,2021-09-13,LAMBODHARA,T,88.0,88.0,83.25,83.75,85.25,39,1415,120273.0
2021-09-13,2021-09-13,MAITHANALL,B,982.55,1023.6,954.3,1010.95,962.25,1200,10240,10178882.0
2021-09-13,2021-09-13,LOHIASECURI,XT,106.45,114.0,103.2,113.5,108.6,34,861,92254.0
2021-09-13,2021-09-13,ORISSAMINE,B,2958.4,3041.45,2918.4,2974.65,2957.75,520,1618,4840241.0
2021-09-13,2021-09-13,GOLDBEES,E,40.85,40.85,40.62,40.7,40.79,3873,858345,34972120.0
2021-09-13,2021-09-13,LIQUIDBEES,F,999.51,1000.01,999.32,1000.0,1000.01,585,64394,64393159.0
2021-09-13,2021-09-13,GOLD1,E,41.25,41.29,40.8,41.03,41.1,390,66791,2745277.0
2021-09-13,2021-09-13,SETFGOLD,E,4185.0,4194.0,4175.0,4181.55,4184.44,167,666,2786246.0
2021-09-13,2021-09-13,QGOLDHALF,E,2029.0,2029.0,2022.0,2024.0,2025.0,30,205,415476.0
2021-09-13,2021-09-13,GOLDBETA,E,41.5,41.8,41.05,41.47,41.48,216,10592,439207.0
2021-09-13,2021-09-13,NIFTYBEES,B,187.52,188.27,186.4,187.19,187.38,1069,64684,12091481.0
2021-09-13,2021-09-13,JUNIORBEES,B,448.0,451.0,447.0,449.3,447.04,363,3238,1452886.0
2021-09-13,2021-09-13,BANKBEES,B,368.0,368.5,363.22,366.94,369.02,1313,58444,21429124.0
2021-09-13,2021-09-13,PSUBANK,B,230.0,230.0,227.15,228.55,230.95,167,2491,569466.0
2021-09-13,2021-09-13,PSUBNKBEES,B,25.68,25.76,25.4,25.49,25.7,303,113234,2894257.0
2021-09-13,2021-09-13,SHARIABEES,B,450.0,460.0,446.3,456.27,454.12,77,10470,4776214.0
2021-09-13,2021-09-13,QNIFTY,B,1800.0,1800.0,1799.0,1799.0,1799.0,2,2,3599.0
2021-09-13,2021-09-13,HNGSNGBEES,E,336.9,339.9,328.21,330.49,333.15,124,1327,437797.0
2021-09-13,2021-09-13,MOM50,B,173.0,174.0,170.1,171.96,172.69,140,5026,859927.0
2021-09-13,2021-09-13,ASHIKACR,X,39.45,45.0,38.8,43.1,39.4,124,28744,1151970.0
2021-09-13,2021-09-13,MADRASFERT,B,29.35,29.5,28.95,29.2,29.2,67,4532,132204.0
2021-09-13,2021-09-13,895LTFHL21,F,103.7,103.8,103.7,103.8,104.0,4,40000,4151000.0
2021-09-13,2021-09-13,ZEENCPS,F,2.01,2.03,2.01,2.02,2.02,38,19698749,39791477.0
2021-09-13,2021-09-13,TEXELINRE,R,24.0,24.1,19.9,23.05,24.45,39,4708,106721.0
2021-09-13,2021-09-13,SGB2016I,G,4684.01,4684.01,4684.0,4684.0,4690.0,2,20,93680.0
2021-09-13,2021-09-13,SGBAUG24,G,4715.0,4720.0,4715.0,4719.0,4695.0,4,14,66064.0
2021-09-13,2021-09-13,SGBSEP24,G,4671.0,4755.0,4671.0,4681.0,4664.0,9,114,535730.0
2021-09-13,2021-09-13,SGBNOV24,G,4700.0,4700.0,4660.0,4685.0,4700.0,5,5,23443.0
2021-09-13,2021-09-13,SGBMAR25,G,4633.0,4633.0,4633.0,4633.0,4728.2,1,3,13899.0
2021-09-13,2021-09-13,SGBOCT25V,G,4635.0,4635.0,4612.0,4612.0,4625.0,3,12,55390.0
2021-09-13,2021-09-13,SGBNOV258,G,4749.99,4749.99,4749.99,4749.99,4555.0,1,1,4749.0
2021-09-13,2021-09-13,SGBJAN26,G,4770.0,4770.0,4770.0,4770.0,4528.0,4,4,19080.0
2021-09-13,2021-09-13,SGBOCT26,G,5100.0,5100.0,4660.0,4660.0,4640.0,8,32,152860.0
2021-09-13,2021-09-13,SGBNOV26,G,4850.0,4850.0,4626.1,4626.5,4621.0,3,6,27980.0
2021-09-13,2021-09-13,SGBFEB27,G,4750.0,4770.0,4750.0,4770.0,4631.0,3,8,38140.0
2021-09-13,2021-09-13,SGBAUG27,G,4720.0,4720.0,4719.0,4719.0,4720.0,3,7,33039.0
2021-09-13,2021-09-13,SGBDC27VII,G,4621.0,4621.0,4621.0,4621.0,4650.0,1,1,4621.0
2021-09-13,2021-09-13,SGBMAR28X,G,4655.0,4663.99,4655.0,4663.99,4650.0,5,27,125754.0
2021-09-13,2021-09-13,SGBAPR28I,G,4699.9,4699.99,4690.0,4699.99,4684.79,9,52,243899.0
2021-09-13,2021-09-13,SGBMAY28,G,4630.0,4670.0,4630.0,4670.0,4681.87,15,78,363457.0
2021-09-13,2021-09-13,SGBJUN28,G,4651.0,4680.0,4651.0,4660.0,4657.24,4,27,125615.0
2021-09-13,2021-09-13,SGBJUL28IV,G,4660.0,4660.0,4656.0,4656.0,4656.0,7,12,55886.0
2021-09-13,2021-09-13,SGBAUG28V,G,4727.01,4748.99,4720.0,4743.86,4731.96,68,293,1386508.0
2021-09-13,2021-09-13,SGBSEP28VI,G,4690.0,4739.0,4690.0,4710.0,4703.14,19,33,155244.0
2021-09-13,2021-09-13,SGBOC28VII,G,4710.0,4788.0,4702.0,4716.67,4782.25,13,77,363536.0
2021-09-13,2021-09-13,SGBJAN29IX,G,4685.0,4685.0,4652.15,4680.0,4673.0,8,16,74870.0
2021-09-13,2021-09-13,SGBJAN29X,G,4889.0,4889.0,4600.0,4686.0,4690.0,34,132,613323.0
2021-09-13,2021-09-13,676GS2061,G,97.5,97.7,97.5,97.7,97.6,2,100,9760.0
2021-09-13,2021-09-13,SGBMR29XII,G,4659.0,4664.89,4637.5,4657.4,4657.0,31,140,651237.0
2021-09-13,2021-09-13,SGBMAY29I,G,4685.0,4691.95,4665.0,4680.0,4680.15,11,56,261979.0
2021-09-13,2021-09-13,SGBJUN29II,G,4700.0,4715.0,4685.0,4685.0,4700.0,5,15,70585.0
2021-09-13,2021-09-13,SGBJU29III,G,4775.0,4775.0,4699.0,4699.0,4699.0,4,4,18874.0
2021-09-13,2021-09-13,SGBJUL29IV,G,4632.0,4700.0,4632.0,4652.44,4682.5,45,152,708207.0
2021-09-13,2021-09-13,SGBAUG29V,G,4749.0,4749.0,4669.0,4709.69,4749.0,22,70,329673.0
2021-09-13,2021-09-13,DHANIPP,B,88.75,90.1,86.55,87.05,88.3,443,7445,654390.0
2021-09-13,2021-09-13,RELIANCEPP,A,1776.0,1781.15,1728.0,1734.95,1783.95,1336,16035,27873301.0
2021-09-13,2021-09-13,MOLDTEKPP,B,394.4,394.4,366.0,370.2,367.1,88,866,323322.0
2021-09-13,2021-09-13,URJAPP,T,1.9,1.95,1.85,1.93,1.9,133,60149,114910.0
2021-09-13,2021-09-13,99IFCI24,F,1080.0,1080.0,1055.0,1055.0,1075.56,66,15612,16487221.0
2021-09-13,2021-09-13,94IFCI25,F,1055.55,1069.99,1055.0,1069.99,1075.0,6,205,216369.0
2021-09-13,2021-09-13,849NTPC25,F,13.77,13.93,13.77,13.86,13.85,27,6337,87838.0
2021-09-13,2021-09-13,0MFL2022K,F,1925.0,1925.0,1925.0,1925.0,1930.0,1,27,51975.0
2021-09-13,2021-09-13,689RECL24,F,1132.11,1132.11,1132.11,1132.11,1131.0,2,26,29434.0
2021-09-13,2021-09-13,1150KFL22G,F,1000.0,1000.0,1000.0,1000.0,980.0,4,225,225000.0
2021-09-13,2021-09-13,76NHAI31,F,1244.0,1244.0,1241.0,1241.0,1240.0,2,41,51001.0
2021-09-13,2021-09-13,768IREDA36,F,1360.0,1360.0,1360.0,1360.0,1330.0,1,1,1360.0
2021-09-13,2021-09-13,1050MMFL22F,F,1030.0,1030.0,1030.0,1030.0,885.01,1,10,10300.0
2021-09-13,2021-09-13,957NIDO26,F,970.0,970.0,970.0,970.0,968.1,1,10,9700.0
2021-09-13,2021-09-13,10NIDO26,F,940.0,940.0,940.0,940.0,940.0,1,33,31020.0
2021-09-13,2021-09-13,NIDOZC26,F,1609.0,1609.0,1609.0,1609.0,1341.0,1,10,16090.0
2021-09-13,2021-09-13,9SCL26BA,F,965.0,967.2,963.0,966.0,962.79,13,245,236703.0
2021-09-13,2021-09-13,SCLZC26,F,1340.0,1340.0,1340.0,1340.0,1380.6,1,15,20100.0
2021-09-13,2021-09-13,960SEFL21,F,375.6,378.0,375.5,378.0,325.0,5,104,39069.0
2021-09-13,2021-09-13,10SEFL21,F,400.0,415.0,399.0,415.0,399.0,6,460,184616.0
2021-09-13,2021-09-13,9MFL22A,F,1056.0,1056.0,1056.0,1056.0,1052.99,4,360,380160.0
2021-09-13,2021-09-13,950SEFL22,F,280.0,300.0,280.0,300.0,300.0,3,610,175400.0
2021-09-13,2021-09-13,875MFL22,F,1010.0,1010.0,1009.0,1009.0,1007.53,2,30,30280.0
2021-09-13,2021-09-13,805MMFSL32,F,1050.9,1054.0,1050.9,1054.0,1062.0,2,60,63085.0
2021-09-13,2021-09-13,925SEFL22,F,292.0,310.0,292.0,300.0,292.0,21,787,238585.0
2021-09-13,2021-09-13,930SEFL22,F,265.8,265.8,260.0,260.0,227.0,3,68,17958.0
2021-09-13,2021-09-13,912SEFL28,F,245.0,250.0,245.0,249.69,210.1,4,85,21200.0
2021-09-13,2021-09-13,865ERFL23,F,970.0,970.0,970.0,970.0,965.0,2,155,150350.0
2021-09-13,2021-09-13,9ERFL23,F,990.99,990.99,990.99,990.99,998.03,1,64,63423.0
2021-09-13,2021-09-13,888ECL28,F,890.0,890.0,890.0,890.0,885.76,2,813,723570.0
2021-09-13,2021-09-13,893STFCL23,F,1028.0,1028.0,1028.0,1028.0,1020.0,1,2,2056.0
2021-09-13,2021-09-13,93STFCL23,F,1033.0,1033.0,1033.0,1033.0,1048.0,2,36,37188.0
2021-09-13,2021-09-13,965EFL23,F,980.0,980.0,979.99,979.99,980.0,3,124,121519.0
2021-09-13,2021-09-13,943ECL28,F,945.0,945.0,945.0,945.0,936.0,1,1,945.0
2021-09-13,2021-09-13,985ECL28,F,937.99,937.99,887.01,889.88,890.22,20,353,316804.0
2021-09-13,2021-09-13,96SFIL24A,F,915.0,915.0,915.0,915.0,938.0,1,30,27450.0
2021-09-13,2021-09-13,890TCFSL23,F,1078.0,1078.0,1071.01,1071.32,1068.55,42,2033,2181753.0
2021-09-13,2021-09-13,910TCAP28,F,1150.0,1150.0,1150.0,1150.0,1144.0,1,26,29900.0
2021-09-13,2021-09-13,925AHFL23,F,1002.0,1002.0,1002.0,1002.0,1020.0,2,19,19038.0
2021-09-13,2021-09-13,965AHFL23,F,1075.0,1075.0,1075.0,1075.0,1081.0,1,20,21500.0
2021-09-13,2021-09-13,950STFCL23,F,1060.0,1100.0,1060.0,1087.5,1105.0,4,301,326662.0
2021-09-13,2021-09-13,STFCL21118A,F,1350.0,1350.0,1350.0,1350.0,1321.01,3,30,40500.0
2021-09-13,2021-09-13,10MFL21A,F,1063.8,1063.8,1063.8,1063.8,1062.8,1,30,31914.0
2021-09-13,2021-09-13,1040MFL23,F,1105.0,1105.0,1105.0,1105.0,1125.0,1,100,110500.0
2021-09-13,2021-09-13,MFL29NOV18C,F,1396.0,1396.0,1396.0,1396.0,1378.0,1,56,78176.0
2021-09-13,2021-09-13,MFL25,F,1425.0,1439.0,1425.0,1439.0,1424.89,3,146,209584.0
2021-09-13,2021-09-13,10JMFCSL22,F,1090.0,1093.0,1088.1,1088.52,1088.01,4,170,185317.0
2021-09-13,2021-09-13,1025JFCS28,F,1150.0,1150.0,1150.0,1150.0,1139.0,3,150,172500.0
2021-09-13,2021-09-13,981JMFCS28,F,1085.0,1085.0,1085.0,1085.0,1065.0,4,34,36890.0
2021-09-13,2021-09-13,995EFL24,F,996.0,996.0,995.0,995.0,997.0,3,169,168166.0
2021-09-13,2021-09-13,1015ECL29,F,1009.99,1009.99,1009.99,1009.99,1004.13,2,10,10099.0
2021-09-13,2021-09-13,915MMFSL24,F,1083.0,1083.0,901.0,1071.04,1088.0,22,1342,1373871.0
2021-09-13,2021-09-13,1025SEFL22,F,400.0,400.0,400.0,400.0,421.99,1,4,1600.0
2021-09-13,2021-09-13,1005SEFL24,F,325.0,325.0,325.0,325.0,320.0,1,237,77025.0
2021-09-13,2021-09-13,94STFCL22,F,1053.66,1054.0,1053.66,1054.0,1055.06,2,255,268717.0
2021-09-13,2021-09-13,975IFL24,F,1038.0,1038.0,1031.0,1035.0,1028.64,6,13,13424.0
2021-09-13,2021-09-13,105IIFL29,F,1215.0,1215.0,1215.0,1215.0,1395.0,1,29,35235.0
2021-09-13,2021-09-13,975MFL22A,F,1050.22,1050.22,1050.22,1050.22,1060.0,1,20,21004.0
2021-09-13,2021-09-13,MFLZC26,F,1390.0,1390.0,1390.0,1390.0,1385.0,1,263,365570.0
2021-09-13,2021-09-13,91LTFL22,F,1065.0,1065.0,1048.5,1058.96,1055.0,5,104,109097.0
2021-09-13,2021-09-13,950MFL22A,F,1010.0,1010.0,1005.25,1005.25,1010.0,7,249,250540.0
2021-09-13,2021-09-13,975MFL22B,F,1045.05,1045.05,1040.01,1040.05,1045.0,19,760,790915.0
2021-09-13,2021-09-13,9LTFH24,F,1098.99,1098.99,1077.01,1077.01,1050.49,4,506,555957.0
2021-09-13,2021-09-13,965SCUF22,F,1041.01,1041.01,1041.01,1041.01,1040.0,2,116,120757.0
2021-09-13,2021-09-13,926SCUF22,F,1012.0,1012.0,1008.0,1008.0,1011.0,4,114,115364.0
2021-09-13,2021-09-13,935SFL24,F,1020.75,1020.75,1020.0,1020.0,1041.96,3,150,153074.0
2021-09-13,2021-09-13,975MHIL22,F,1028.7,1028.7,1028.7,1028.7,1028.25,1,20,20574.0
2021-09-13,2021-09-13,10MHIL24,F,1080.0,1080.0,1080.0,1080.0,1059.0,2,45,48600.0
2021-09-13,2021-09-13,MHLZC24,F,1255.0,1290.0,1255.0,1290.0,1232.0,3,30,38000.0
2021-09-13,2021-09-13,1050SEFL22,F,290.01,290.01,290.01,290.01,351.0,1,20,5800.0
2021-09-13,2021-09-13,1075SEFL24,F,440.0,440.0,440.0,440.0,450.0,1,12,5280.0
2021-09-13,2021-09-13,1004JMFPL24,F,1067.0,1067.0,1066.5,1067.0,1046.0,3,101,107742.0
2021-09-13,2021-09-13,102EFL22,F,1019.8,1019.8,1019.8,1019.8,1005.0,3,30,30594.0
2021-09-13,2021-09-13,995ECL24B,F,971.0,982.45,970.0,982.35,976.0,36,1621,1578986.0
2021-09-13,2021-09-13,104ECL24A,F,974.0,1114.0,974.0,1114.0,999.9,2,7,7098.0
2021-09-13,2021-09-13,995ECL29A,F,969.5,970.0,969.5,970.0,969.5,2,240,232705.0
2021-09-13,2021-09-13,0MFL22AA,F,1234.0,1234.0,1234.0,1234.0,1236.4,1,200,246800.0
2021-09-13,2021-09-13,93STF22,F,1029.9,1029.9,1003.13,1026.5,1023.5,9,110,111402.0
2021-09-13,2021-09-13,95STF23,F,1044.0,1044.0,1044.0,1044.0,1041.0,1,9,9396.0
2021-09-13,2021-09-13,845TCFS22,F,1018.3,1018.3,1018.3,1018.3,1017.0,1,10,10183.0
2021-09-13,2021-09-13,865TCAPS27,F,1095.0,1098.95,1095.0,1098.95,1089.0,2,131,143567.0
2021-09-13,2021-09-13,102JMFPL22,F,1030.35,1030.35,1030.35,1030.35,1022.0,4,3927,4046184.0
2021-09-13,2021-09-13,0SCUF22A,F,1198.0,1198.0,1198.0,1198.0,1204.0,1,200,239600.0
2021-09-13,2021-09-13,1175KAFL24,F,1014.9,1014.9,1014.9,1014.9,1007.05,1,26,26387.0
2021-09-13,2021-09-13,BILNCD,F,31.25,31.25,30.94,30.97,30.96,24,4200,130120.0
2021-09-13,2021-09-13,0MHFL22,F,1200.2,1200.2,1185.8,1185.8,1180.1,2,80,95872.0
2021-09-13,2021-09-13,0ECL21,F,1175.0,1175.0,1175.0,1175.0,1166.2,4,228,267900.0
2021-09-13,2021-09-13,102ECL23,F,1104.0,1104.0,1104.0,1104.0,1055.33,1,45,49680.0
2021-09-13,2021-09-13,ECLZC24B,F,1095.2,1095.2,1095.2,1095.2,1095.0,1,10,10952.0
2021-09-13,2021-09-13,845LTFL22,F,1085.0,1086.35,1084.99,1085.82,1085.02,5,87,94446.0
2021-09-13,2021-09-13,86LTF24,F,1105.0,1105.0,1095.9,1095.9,1100.0,4,400,440140.0
2021-09-13,2021-09-13,829LTF24,F,1074.0,1074.0,1074.0,1074.0,1080.0,1,2,2148.0
2021-09-13,2021-09-13,10MFL24AA,F,1105.05,1105.05,1105.05,1105.05,1154.97,1,50,55252.0
2021-09-13,2021-09-13,83TCHF25,F,1090.0,1090.0,1090.0,1090.0,1096.31,1,150,163500.0
2021-09-13,2021-09-13,81TCHF28,F,1061.1,1061.1,1061.1,1061.1,1154.98,1,1,1061.0
2021-09-13,2021-09-13,84TCHF28,F,1118.5,1118.6,1118.5,1118.5,1115.25,3,202,225947.0
2021-09-13,2021-09-13,TCHF30,F,1129.0,1129.0,1129.0,1129.0,1157.0,2,30,33870.0
2021-09-13,2021-09-13,852STFCL23,F,1050.0,1050.0,1010.0,1010.0,993.0,2,4,4120.0
2021-09-13,2021-09-13,10EFIL23,F,1021.8,1021.8,1021.8,1021.8,1057.8,1,30,30654.0
2021-09-13,2021-09-13,98NWFL25,F,990.0,990.0,982.5,989.95,990.0,6,751,741557.0
2021-09-13,2021-09-13,NWFLZC25,F,1080.0,1080.0,1051.0,1080.0,1100.0,3,30,32110.0
2021-09-13,2021-09-13,98NWFL30,F,882.05,1000.0,840.0,1000.0,1040.0,7,148,139010.0
2021-09-13,2021-09-13,MFLZC25A,F,1196.8,1196.8,1196.0,1196.0,1195.0,3,1330,1591520.0
2021-09-13,2021-09-13,1175KLM25,F,1010.0,1010.0,1010.0,1010.0,1020.0,1,38,38380.0
2021-09-13,2021-09-13,0MFL22C,F,1112.0,1112.0,1110.0,1111.0,1112.0,3,74,82244.0
2021-09-13,2021-09-13,0MMFL22B,F,1068.0,1068.0,1045.0,1045.0,1055.0,6,60,63850.0
2021-09-13,2021-09-13,0KFL21F,F,1070.0,1075.0,1070.0,1075.0,1050.0,5,206,220525.0
2021-09-13,2021-09-13,10KFL24B,F,990.0,990.0,990.0,990.0,990.0,1,100,99000.0
2021-09-13,2021-09-13,885MFL23,F,971.0,971.0,971.0,971.0,997.0,1,100,97100.0
2021-09-13,2021-09-13,9MFL23B,F,1002.0,1002.0,1002.0,1002.0,995.0,1,40,40080.0
2021-09-13,2021-09-13,MFLZC25D,F,1102.0,1110.0,1102.0,1110.0,1118.5,5,250,275900.0
2021-09-13,2021-09-13,MFLOPTII24,F,986.0,986.0,986.0,986.0,990.0,1,800,788800.0
2021-09-13,2021-09-13,105MMFL25C,F,1150.0,1150.0,985.0,990.0,960.0,8,1001,988650.0
2021-09-13,2021-09-13,935EFSL24,F,999.5,999.5,995.0,995.0,986.8,13,122,121394.0
2021-09-13,2021-09-13,0EFSL24,F,1020.0,1020.0,1020.0,1020.0,1019.05,2,17,17340.0
2021-09-13,2021-09-13,939EFSL26,F,936.0,964.99,936.0,958.61,967.0,22,523,502550.0
2021-09-13,2021-09-13,EFSLZC26,F,1000.0,1000.0,1000.0,1000.0,1000.0,1,6,6000.0
2021-09-13,2021-09-13,953EFSL31,F,900.0,900.0,900.0,900.0,992.0,4,10,9000.0
2021-09-13,2021-09-13,MFLI24,F,970.0,972.0,970.0,971.0,970.0,3,30,29120.0
2021-09-13,2021-09-13,MFLII26,F,999.0,999.0,999.0,999.0,975.0,1,1,999.0
2021-09-13,2021-09-13,MFLIV26,F,1025.0,1025.0,1025.0,1025.0,1015.0,1,60,61500.0
2021-09-13,2021-09-13,7PFCL31,F,1048.0,1048.0,1048.0,1048.0,1048.8,1,10,10480.0
2021-09-13,2021-09-13,683PFCL31,F,1005.81,1005.81,1005.81,1005.81,1020.0,1,1,1005.0
2021-09-13,2021-09-13,697PFCL36,F,1017.1,1037.99,1017.1,1037.99,1017.1,7,548,568607.0
2021-09-13,2021-09-13,715PFCL36,F,1056.82,1061.99,1056.82,1060.85,1061.66,18,2547,2697007.0
2021-09-13,2021-09-13,0KFL22E,F,1005.21,1005.21,1005.21,1005.21,1035.0,1,10,10052.0
2021-09-13,2021-09-13,10KFL24C,F,993.0,993.0,993.0,993.0,993.0,1,5,4965.0
2021-09-13,2021-09-13,825MFL23,F,975.0,975.0,960.0,970.0,995.01,6,200,193321.0
2021-09-13,2021-09-13,0MFL23E,F,1040.0,1059.0,1025.0,1059.0,1040.0,9,2690,2843690.0
2021-09-13,2021-09-13,825MFL23A,F,989.0,989.0,989.0,989.0,990.0,1,119,117691.0
2021-09-13,2021-09-13,875MFL26A,F,976.0,1003.9,975.0,985.0,978.0,16,885,863338.0
2021-09-13,2021-09-13,MFLZC24F,F,1045.0,1045.0,1045.0,1045.0,1087.0,1,40,41800.0
2021-09-13,2021-09-13,10IIFL28A,F,990.0,996.0,980.1,996.0,1006.95,8,20,19774.0
2021-09-13,2021-09-13,96IIFL28A,F,1000.0,1000.0,996.71,996.71,992.25,9,500,499350.0
2021-09-13,2021-09-13,MFLVI31F,F,1005.0,1005.0,1000.0,1000.0,1005.0,2,100,100125.0
2021-09-13,2021-09-13,0KFL22F,F,952.05,952.05,952.05,952.05,995.0,1,5,4760.0
2021-09-13,2021-09-13,910EFSL24,F,989.98,989.98,989.98,989.98,985.0,2,51,50488.0
2021-09-13,2021-09-13,EFSLZC24A,F,902.0,980.0,902.0,980.0,990.0,2,20,18820.0
2021-09-13,2021-09-13,916EFSL26,F,974.0,974.0,970.0,970.0,958.0,6,50,48535.0
2021-09-13,2021-09-13,955EFSL26,F,999.0,999.0,999.0,999.0,961.0,1,100,99900.0
2021-09-13,2021-09-13,EFSLZC26A,F,1000.0,1000.0,1000.0,1000.0,1000.0,1,5,5000.0
2021-09-13,2021-09-13,675IGT24,F,965.0,965.0,965.0,965.0,1000.0,1,50,48250.0
2021-09-13,2021-09-13,82IGT31,F,1065.51,1065.51,1065.51,1065.51,1065.79,1,30,31965.0
2021-09-13,2021-09-13,825MFCL23A,F,992.0,992.0,992.0,992.0,970.0,1,42,41664.0
2021-09-13,2021-09-13,BILNCD2021,F,29.61,29.85,29.57,29.6,29.61,330,11027,326406.0
2021-09-13,2021-09-13,835PCHFL23,F,1021.99,1021.99,1014.0,1014.0,1014.0,5,140,142279.0
2021-09-13,2021-09-13,10IIFL28,F,971.0,971.0,971.0,971.0,961.0,1,50,48550.0
2021-09-13,2021-09-13,843PFC22A,F,10700.0,10700.0,10700.0,10700.0,10626.1,1,1,10700.0
2021-09-13,2021-09-13,915PNBPER,F,1051000.0,1051000.0,1051000.0,1051000.0,1051000.0,1,4,4204000.0
2021-09-13,2021-09-13,975UPPCL26,F,1054798.03,1054798.03,1046379.03,1046379.03,1046222.0,2,2,2101177.0
2021-09-13,2021-09-13,1015UPPC27,F,1065000.0,1065000.0,1065000.0,1065000.0,1065000.0,2,2,2130000.0
2021-09-13,2021-09-13,1015UPPC28,F,1080000.0,1080000.0,1080000.0,1080000.0,1065000.0,1,1,1080000.0
2021-09-13,2021-09-13,9SFL28A,F,1017500.0,1017500.0,1017500.0,1017500.0,990000.0,1,1,1017500.0
2021-09-13,2021-09-13,1025SFL24B,F,1022000.0,1022950.0,1022000.0,1022900.0,1022900.0,3,3,3067850.0
2021-09-13,2021-09-13,1025SF24,F,1030000.0,1030000.0,1030000.0,1030000.0,1033500.0,1,1,1030000.0
2021-09-13,2021-09-13,PFCBT1S1,F,5346.0,5346.0,5346.0,5346.0,5340.0,1,4,21384.0
2021-09-13,2021-09-13,PFCBT1S2,F,11120.0,11130.0,11106.0,11106.0,11125.0,4,9,100064.0
2021-09-13,2021-09-13,LTFL90122I,F,1051.07,1110.0,1051.07,1060.02,1061.53,6,110,118996.0
2021-09-13,2021-09-13,LTFL9122II,F,2300.0,2309.0,2300.0,2309.0,2302.38,9,135,311030.0
2021-09-13,2021-09-13,820NHAI22,F,1094.1,1094.1,1094.1,1094.1,1098.0,1,80,87528.0
2021-09-13,2021-09-13,830NHAI27,F,1280.3,1280.3,1280.3,1280.3,1277.1,1,100,128030.0
2021-09-13,2021-09-13,870LTFL22A,F,1045.0,1046.0,1045.0,1046.0,1045.01,8,140,146340.0
2021-09-13,2021-09-13,870LTFL22B,F,2210.0,2215.0,2210.0,2215.0,2213.18,11,181,400487.0
2021-09-13,2021-09-13,793REC22,F,1032.78,1033.0,1032.7,1032.7,1032.5,4,200,206559.0
2021-09-13,2021-09-13,812REC27,F,1211.7,1211.7,1211.7,1211.7,1185.0,1,10,12117.0
2021-09-13,2021-09-13,740IIFCL33,F,1268.5,1272.0,1268.5,1270.68,1268.5,4,80,101637.0
2021-09-13,2021-09-13,688REC2023,F,1084.9,1084.9,1084.9,1084.9,1087.0,1,20,21698.0
2021-09-13,2021-09-13,818PFC23,F,1359.9,1359.9,1136.5,1136.5,1136.5,3,76,86597.0
2021-09-13,2021-09-13,854PFCL28,F,1295.0,1300.0,1295.0,1300.0,1294.0,3,250,323850.0
2021-09-13,2021-09-13,879PFCL28,F,1294.0,1294.0,1294.0,1294.0,1294.5,1,1000,1294000.0
2021-09-13,2021-09-13,892PFCL33,F,1470.0,1472.0,1458.0,1458.0,1464.9,7,401,587030.0
2021-09-13,2021-09-13,891NTPC33,F,1443.0,1443.0,1442.45,1442.5,1442.62,8,180,259647.0
2021-09-13,2021-09-13,901HUDCO34,F,1455.5,1455.5,1455.5,1455.5,1457.9,1,3,4366.0
2021-09-13,2021-09-13,891IIFCL34,F,1428.0,1429.0,1425.01,1425.01,1424.0,8,441,629944.0
2021-09-13,2021-09-13,875NHAI29,F,1315.0,1318.5,1312.1,1317.83,1309.0,15,768,1010428.0
2021-09-13,2021-09-13,865IRFC29,F,1266.11,1285.0,1266.11,1278.73,1262.1,3,365,466232.0
2021-09-13,2021-09-13,816IREDA24,F,2240.0,2240.0,2240.0,2240.0,1900.0,1,1,2240.0
2021-09-13,2021-09-13,841IREDA24,F,1150.0,1196.75,1150.0,1195.64,1115.1,5,1002,1198464.0
2021-09-13,2021-09-13,880IREDA29,F,1312.99,1312.99,1312.99,1312.99,1265.43,1,60,78779.0
2021-09-13,2021-09-13,900KPL29,F,1299.0,1310.0,1299.0,1310.0,1295.0,5,70,91260.0
2021-09-13,2021-09-13,900KPL34,F,1407.0,1407.0,1407.0,1407.0,1410.02,1,50,70350.0
2021-09-13,2021-09-13,MOLDTKWARR,W,345.0,360.0,345.0,360.0,314.0,4,257,90537.0
2021-09-13,2021-09-13,1075IFCI26,F,27400.0,27600.0,27400.0,27545.0,27500.02,3,40,1101800.0
2021-09-13,2021-09-13,1075IFC26,F,10800.0,10800.0,10800.0,10800.0,10800.0,2,20,216000.0
2021-09-13,2021-09-13,IFCI121211A,F,10900.0,10900.0,10900.0,10900.0,10921.0,5,12,130800.0
2021-09-13,2021-09-13,IFCI150212A,F,11339.22,11355.0,11339.22,11355.0,11365.0,8,17,192821.0
2021-09-13,2021-09-13,IFCI150212B,F,5202.0,5202.0,5202.0,5202.0,5203.57,1,120,624240.0
2021-09-13,2021-09-13,85IFCI24A,F,10377.01,10450.0,10377.01,10450.0,10458.33,4,24,250506.0
2021-09-13,2021-09-13,872IFCI27,F,10800.0,10800.0,10800.0,10800.0,10800.0,1,2,21600.0
2021-09-13,2021-09-13,990IFCI22A,F,26500.0,26500.0,26500.0,26500.0,26500.0,1,4,106000.0
2021-09-13,2021-09-13,893PTCIF22A,F,11059.0,11059.0,11059.0,11059.0,11059.0,2,4,44236.0
2021-09-13,2021-09-13,920CIFCL31,F,522000.0,522000.0,522000.0,522000.0,520200.0,1,2,1044000.0
2021-09-13,2021-09-13,905CIFCL31,F,519998.0,519998.0,519998.0,519998.0,502777.0,1,2,1039996.0
2021-09-13,2021-09-13,DFL020921,F,1014453.0,1014453.0,1014453.0,1014453.0,1013004.0,10,10,10144530.0
