TradDt,BizDt,TckrSymb,SctySrs,OpnPric,HghPric,LwPric,ClsPric,PrvsClsgPric,TtlNbOfTxsExctd,TtlTradgVol,TtlTrfVal
2023-06-22,2023-06-22,ABB,A,4350.0,4367.2,4259.1,4269.05,4367.2,1840,10539,45284699.0
2023-06-22,2023-06-22,AEGISLOG,A,336.35,340.95,323.0,326.65,339.5,3125,67115,22157948.0
2023-06-22,2023-06-22,ARE&M,A,641.55,653.3,628.45,634.35,641.5,3987,86578,55883292.0
2023-06-22,2023-06-22,AMBALALSA,X,29.01,30.0,28.6,29.78,29.12,574,241899,7101800.0
2023-06-22,2023-06-22,HDFC,A,2719.9,2738.6,2708.9,2715.1,2701.9,6538,98728,268533255.0
2023-06-22,2023-06-22,ANDHRAPET,X,59.68,61.4,58.65,60.94,59.68,602,96093,5786631.0
2023-06-22,2023-06-22,ANSALAPI,T,9.2,9.4,9.0,9.37,9.39,42,20389,190839.0
2023-06-22,2023-06-22,UTIQUE,X,5.01,5.98,5.01,5.44,5.18,354,130842,715829.0
2023-06-22,2023-06-22,ARUNAHTEL,XT,17.87,19.72,17.86,19.72,18.79,266,76843,1471462.0
2023-06-22,2023-06-22,BOMDYEING,B,104.3,108.0,103.15,105.89,104.16,3160,860184,91265852.0
2023-06-22,2023-06-22,ASIANHOTNR,T,176.0,176.6,176.0,176.6,184.95,2,46,8120.0
2023-06-22,2023-06-22,ATUL,A,7056.95,7105.0,7010.85,7069.35,7058.2,367,876,6178603.0
2023-06-22,2023-06-22,ATVPR,XT,9.98,9.98,9.34,9.51,9.57,95,13161,126456.0
2023-06-22,2023-06-22,BAJAJELEC,A,1202.6,1220.95,1201.4,1218.0,1208.4,188,1358,1644340.0
2023-06-22,2023-06-22,BAJAJHIND,A,16.26,17.34,16.2,16.89,16.25,10085,10686141,180539727.0
2023-06-22,2023-06-22,FORCEMOT,B,2288.8,2288.8,2175.3,2182.6,2256.15,577,2827,6260990.0
2023-06-22,2023-06-22,BAJFINANCE,A,7205.0,7208.0,7019.3,7033.8,7203.25,4910,43361,307123519.0
2023-06-22,2023-06-22,BALRAMCHIN,A,398.05,415.9,398.05,407.1,399.8,8160,377238,154528820.0
2023-06-22,2023-06-22,BANCOINDIA,B,315.0,315.0,308.55,309.55,311.7,1014,18445,5728587.0
2023-06-22,2023-06-22,ABREL,A,834.95,837.05,807.8,811.85,827.8,1136,19126,15735805.0
2023-06-22,2023-06-22,BANARISUG,B,2800.6,2851.0,2793.0,2800.75,2749.1,64,198,562156.0
2023-06-22,2023-06-22,BASF,A,2601.0,2617.1,2570.0,2582.35,2605.2,272,874,2269882.0
2023-06-22,2023-06-22,BATAINDIA,A,1659.8,1659.8,1630.75,1634.9,1650.3,3000,34932,57506623.0
2023-06-22,2023-06-22,BEML,A,1650.0,1670.95,1606.0,1622.25,1641.2,1139,11982,19646586.0
2023-06-22,2023-06-22,BEL,A,123.8,127.35,123.0,123.45,122.8,10498,1314464,164351724.0
2023-06-22,2023-06-22,BEPL,A,130.0,130.0,126.5,127.4,129.0,1177,52500,6711242.0
2023-06-22,2023-06-22,BIHSPONG,XT,9.31,9.97,9.06,9.33,9.5,216,159339,1538338.0
2023-06-22,2023-06-22,BILVYAPAR,T,19.25,19.25,18.9,19.2,19.03,22,2415,46312.0
2023-06-22,2023-06-22,BIRLACABLE,B,174.45,174.45,167.8,169.7,174.0,1564,63736,10845368.0
2023-06-22,2023-06-22,BLUESTARCO,A,800.35,803.7,785.9,798.1,799.85,473,4340,3452781.0
2023-06-22,2023-06-22,DISAQ,B,9900.0,10050.0,9826.05,9997.0,9860.1,84,617,6160213.0
2023-06-22,2023-06-22,QUESTCAP,X,255.5,263.5,255.0,260.0,259.35,12,624,161714.0
2023-06-22,2023-06-22,BPL,B,60.51,61.48,59.0,59.4,60.72,133,8766,530097.0
2023-06-22,2023-06-22,OAL,B,359.8,359.8,351.0,351.05,353.9,53,319,112915.0
2023-06-22,2023-06-22,CENTEXT,B,9.97,10.09,9.87,9.94,10.0,211,12471,124572.0
2023-06-22,2023-06-22,CESC,A,73.02,73.4,72.63,72.9,73.01,531,86596,6312250.0
2023-06-22,2023-06-22,CHAMBLFERT,A,278.85,280.7,272.55,273.55,279.0,2163,122144,34029792.0
2023-06-22,2023-06-22,EXIDEIND,A,231.15,235.7,228.1,229.15,230.3,18199,832991,192962173.0
2023-06-22,2023-06-22,CIPLA,A,1007.85,1007.85,990.45,998.65,1008.7,4649,48001,47963617.0
2023-06-22,2023-06-22,DICIND,B,432.95,438.0,423.45,425.85,437.95,79,611,263447.0
2023-06-22,2023-06-22,CRISIL,A,3865.4,3942.4,3803.05,3825.95,3908.5,584,1750,6744667.0
2023-06-22,2023-06-22,CGPOWER,A,378.85,379.2,371.1,373.95,376.65,617,115857,43336736.0
2023-06-22,2023-06-22,DABUR,A,566.05,567.1,560.2,562.1,566.95,2112,43531,24547042.0
2023-06-22,2023-06-22,DALMIASUG,A,370.05,395.3,370.0,392.55,369.7,2858,58535,22688011.0
2023-06-22,2023-06-22,ARVIND,A,130.0,139.0,130.0,137.8,131.4,3379,208973,28452335.0
2023-06-22,2023-06-22,BALARPURIND,Z,0.93,0.93,0.85,0.89,0.89,390,2438541,2174672.0
2023-06-22,2023-06-22,BHEL,A,87.0,87.21,85.19,85.78,86.87,3267,742604,64053011.0
2023-06-22,2023-06-22,HINDPETRO,A,271.1,276.1,270.7,275.0,274.05,2186,118481,32476613.0
2023-06-22,2023-06-22,IFCI,A,12.3,12.34,11.85,11.93,12.27,2258,3218602,38790435.0
2023-06-22,2023-06-22,MTNL,B,20.7,20.94,20.14,20.35,20.74,1129,1282523,26278886.0
2023-06-22,2023-06-22,MRPL,A,76.51,78.86,75.65,76.61,76.83,2260,652181,50358459.0
2023-06-22,2023-06-22,CHENNPETRO,A,389.7,392.15,383.35,384.25,389.65,2319,86090,33283887.0
2023-06-22,2023-06-22,RELCAPITAL,T,8.9,9.05,8.85,8.97,9.07,260,90173,807112.0
2023-06-22,2023-06-22,SBIN,A,566.4,568.9,561.1,563.05,566.4,17320,433310,244757670.0
2023-06-22,2023-06-22,SAIL,A,85.4,86.08,84.5,85.13,85.95,5071,1312634,111655237.0
2023-06-22,2023-06-22,TITAN,A,2999.9,2999.9,2955.25,2968.55,2969.75,1121,10694,31800593.0
2023-06-22,2023-06-22,IDBI,A,54.83,55.65,54.31,54.49,54.82,1863,733863,40314440.0
2023-06-22,2023-06-22,DCW,B,42.8,43.55,42.35,42.7,42.58,848,750047,32362987.0
2023-06-22,2023-06-22,DHAMPURSUG,A,270.7,294.85,270.6,292.05,270.45,4220,161037,46021644.0
2023-06-22,2023-06-22,DIAMINESQ,X,640.0,679.5,630.1,661.85,637.35,822,27157,17994085.0
2023-06-22,2023-06-22,ELANTAS,B,6400.05,6590.0,6370.0,6485.0,6482.35,79,203,1317786.0
2023-06-22,2023-06-22,DRREDDY,A,4900.05,4924.25,4891.55,4899.7,4908.5,937,3434,16830370.0
2023-06-22,2023-06-22,EIDPARRY,A,480.0,488.0,476.4,482.4,477.95,1676,35521,17169432.0
2023-06-22,2023-06-22,PGHL,A,5036.55,5160.85,5036.55,5136.85,5154.8,158,301,1544015.0
2023-06-22,2023-06-22,ELECTCAST,B,58.1,58.6,55.6,56.04,58.23,2849,1591518,91268027.0
2023-06-22,2023-06-22,ESABINDIA,A,4016.6,4047.0,4016.6,4037.9,4018.65,174,399,1610250.0
2023-06-22,2023-06-22,EPL,A,211.8,211.8,203.4,203.85,208.2,1404,42011,8620995.0
2023-06-22,2023-06-22,ESTER,B,112.6,115.85,112.6,113.8,114.65,438,17626,2008335.0
2023-06-22,2023-06-22,FGP,X,5.15,5.55,5.15,5.45,5.45,18,4636,24922.0
2023-06-22,2023-06-22,PHCAP,X,64.9,64.9,60.44,63.0,63.0,14,186,11406.0
2023-06-22,2023-06-22,FINCABLES,A,828.05,838.1,815.8,822.7,828.0,645,10951,9017681.0
2023-06-22,2023-06-22,COCKERILL,X,2925.0,2929.0,2600.0,2692.9,2875.35,1023,14110,38540241.0
2023-06-22,2023-06-22,UFLEX,A,429.95,429.95,415.0,418.65,425.3,425,7491,3150682.0
2023-06-22,2023-06-22,FOSECOIND,B,2741.0,2745.95,2619.2,2662.15,2750.55,192,547,1473718.0
2023-06-22,2023-06-22,GOLDENTOBC,Z,42.14,43.99,42.14,42.15,43.99,11,623,26390.0
2023-06-22,2023-06-22,GANESHBE,B,151.4,152.6,148.75,150.95,151.4,462,27885,4193490.0
2023-06-22,2023-06-22,METROGLOBL,X,90.75,92.0,90.75,91.31,90.12,26,8112,740475.0
2023-06-22,2023-06-22,GTL,B,6.18,6.27,6.1,6.2,6.18,193,87347,538586.0
2023-06-22,2023-06-22,GODFRYPHLP,A,1708.4,1712.95,1690.0,1699.05,1706.1,189,973,1655205.0
2023-06-22,2023-06-22,GODREJIND,A,506.95,506.95,492.0,497.45,500.3,853,13619,6763156.0
2023-06-22,2023-06-22,KANSAINER,A,465.8,469.75,460.9,463.55,461.65,1967,36525,17033999.0
2023-06-22,2023-06-22,GOODRICKE,X,188.4,190.95,185.0,185.8,189.7,63,2115,396483.0
2023-06-22,2023-06-22,GOODYEAR,B,1201.0,1207.0,1187.7,1189.9,1197.15,387,2550,3047577.0
2023-06-22,2023-06-22,GTNINDS,X,33.5,34.27,32.61,32.64,33.85,25,1634,54954.0
2023-06-22,2023-06-22,GHCL,A,526.9,526.9,513.85,520.65,522.15,1073,31234,16282992.0
2023-06-22,2023-06-22,GFLLIMITED,B,57.1,58.0,56.8,57.17,57.08,153,10420,599394.0
2023-06-22,2023-06-22,GLFL,B,2.92,2.92,2.92,2.92,2.98,3,2900,8468.0
2023-06-22,2023-06-22,HCL-INSYS,B,14.08,14.24,13.95,13.99,14.09,779,145970,2059378.0
2023-06-22,2023-06-22,HDFCBANK,A,1641.25,1656.9,1638.3,1643.65,1635.8,20865,475118,782329559.0
2023-06-22,2023-06-22,HEROMOTOCO,A,2825.0,2861.85,2817.95,2823.7,2823.35,1178,9193,26113780.0
2023-06-22,2023-06-22,HFCL,A,67.71,68.6,66.34,66.58,67.64,1406,263694,17795964.0
2023-06-22,2023-06-22,HSCL,A,135.05,138.35,132.5,134.1,135.2,2844,263584,35692276.0
2023-06-22,2023-06-22,HCC,A,18.39,21.35,18.09,21.11,18.39,16095,33194017,653684227.0
2023-06-22,2023-06-22,HINDOILEXP,A,215.55,219.3,211.8,213.55,215.55,1584,87692,18888928.0
2023-06-22,2023-06-22,AGI,A,599.95,599.95,572.5,581.65,586.6,1351,18363,10722169.0
2023-06-22,2023-06-22,HINDZINC,A,308.3,311.1,307.05,310.8,308.2,3711,181441,56140159.0
2023-06-22,2023-06-22,NDLVENTURE,T,122.0,122.0,120.0,120.0,121.55,7,919,111473.0
2023-06-22,2023-06-22,HMT,Z,30.0,30.0,29.3,29.46,29.63,33,9529,282898.0
2023-06-22,2023-06-22,PRAGBOS,XT,2.34,2.34,2.23,2.23,2.34,11,742,1699.0
2023-06-22,2023-06-22,HLVLTD,B,13.2,13.82,13.2,13.55,13.31,384,112175,1511548.0
2023-06-22,2023-06-22,IGPL,B,507.0,515.0,499.95,502.85,507.7,416,3817,1941998.0
2023-06-22,2023-06-22,INDIAGLYCO,A,620.85,622.3,610.45,612.45,617.35,397,5074,3124634.0
2023-06-22,2023-06-22,MARGOFIN,X,38.7,38.7,34.29,34.52,35.72,19,1461,51436.0
2023-06-22,2023-06-22,INDORAMA,B,48.95,51.5,48.31,48.53,49.74,67,6915,336795.0
2023-06-22,2023-06-22,INFY,A,1292.75,1292.75,1273.35,1282.6,1301.4,28926,437586,561507283.0
2023-06-22,2023-06-22,INGERRAND,A,3026.0,3075.0,2941.2,2949.25,3027.35,1241,3712,11143981.0
2023-06-22,2023-06-22,ITHL,X,294.0,299.25,287.95,289.7,294.95,209,7586,2211976.0
2023-06-22,2023-06-22,IONEXCHANG,A,401.0,410.0,392.5,407.5,394.9,1429,33511,13467734.0
2023-06-22,2023-06-22,SUNDROP,B,815.0,835.6,792.55,830.55,823.7,52,108,87945.0
2023-06-22,2023-06-22,JISLJALEQS,A,41.0,41.27,39.59,39.97,41.0,1495,558552,22572865.0
2023-06-22,2023-06-22,JASCH,X,168.4,168.5,167.05,167.1,167.4,77,6120,1026652.0
2023-06-22,2023-06-22,JCTLTD,X,2.18,2.18,2.11,2.13,2.14,450,594923,1268143.0
2023-06-22,2023-06-22,JINDALPOLY,A,674.05,679.9,666.5,671.7,676.6,288,6616,4449035.0
2023-06-22,2023-06-22,JSWSTEEL,A,750.05,763.0,745.9,752.05,758.55,1356,33050,24960450.0
2023-06-22,2023-06-22,UMANGDAIRY,B,60.3,60.3,60.0,60.0,60.4,13,481,28919.0
2023-06-22,2023-06-22,KAJARIACER,A,1287.75,1297.75,1279.0,1279.55,1288.65,223,2059,2650185.0
2023-06-22,2023-06-22,KAKATCEM,B,220.95,229.95,220.0,225.2,218.15,827,12781,2889490.0
2023-06-22,2023-06-22,KSL,B,357.4,362.05,346.5,349.35,352.7,202,1675,593203.0
2023-06-22,2023-06-22,KANELIND,XT,1.46,1.53,1.41,1.46,1.46,21,7385,10676.0
2023-06-22,2023-06-22,WHIRLPOOL,A,1451.05,1481.3,1451.05,1463.25,1469.4,294,1162,1713181.0
2023-06-22,2023-06-22,KGDENIM,X,28.45,28.45,26.26,27.46,28.04,27,1838,50765.0
2023-06-22,2023-06-22,KINETICENG,XT,112.0,112.0,107.0,107.35,109.05,123,9291,1014923.0
2023-06-22,2023-06-22,KIRLOSBROS,B,595.25,607.55,576.7,583.45,594.1,540,7424,4386840.0
2023-06-22,2023-06-22,KIRLOSIND,B,3244.95,3290.0,3165.55,3284.4,3172.05,571,1470,4763688.0
2023-06-22,2023-06-22,KIRLFER,A,479.9,479.9,460.3,464.6,475.2,658,9092,4233981.0
2023-06-22,2023-06-22,ENVAIREL,X,70.33,71.49,69.35,70.87,73.0,33,2659,186081.0
2023-06-22,2023-06-22,KOTAKBANK,A,1849.9,1849.9,1830.55,1835.75,1846.3,6212,82032,150690607.0
2023-06-22,2023-06-22,KRIFILIND,X,3.25,3.25,3.0,3.25,3.11,13,2517,8130.0
2023-06-22,2023-06-22,KSB,A,2217.95,2217.95,2164.15,2181.7,2169.95,242,615,1345354.0
2023-06-22,2023-06-22,LGBBROSLTD,A,955.05,974.8,933.95,939.45,976.0,1770,17769,16915476.0
2023-06-22,2023-06-22,TRENT,A,1699.65,1719.0,1696.6,1711.05,1699.95,734,5934,10127003.0
2023-06-22,2023-06-22,LMW,A,12899.0,13006.0,12846.0,12898.3,12943.05,245,534,6894759.0
2023-06-22,2023-06-22,LICHSGFIN,A,405.05,420.2,400.95,402.4,405.5,4478,215159,88519451.0
2023-06-22,2023-06-22,LUPIN,A,868.0,868.3,835.2,851.9,875.1,5603,115384,98114711.0
2023-06-22,2023-06-22,LYKALABS,B,120.38,122.48,115.53,118.5,120.06,401,14637,1745745.0
2023-06-22,2023-06-22,RAMCOCEM,A,946.5,947.1,924.05,932.3,948.7,543,5124,4777915.0
2023-06-22,2023-06-22,HYBRIDFIN,T,8.7,8.7,8.59,8.59,8.7,6,65,559.0
2023-06-22,2023-06-22,MAFATIND,X,55.49,55.49,54.02,54.19,54.92,80,14197,780901.0
2023-06-22,2023-06-22,MAHSEAMLES,A,486.8,493.5,470.15,473.9,486.2,1835,42705,20511025.0
2023-06-22,2023-06-22,MAHSCOOTER,A,5443.65,5549.0,5441.85,5474.9,5421.4,312,727,3996264.0
2023-06-22,2023-06-22,MAJESAUT,X,144.75,145.9,142.55,142.9,146.2,38,1697,243474.0
2023-06-22,2023-06-22,MANALIPETC,A,67.56,68.78,67.15,67.44,68.02,668,46591,3162731.0
2023-06-22,2023-06-22,BARODARY,XT,178.9,179.9,171.5,172.45,178.75,355,9657,1672659.0
2023-06-22,2023-06-22,MFSL,A,740.05,791.8,740.05,764.05,739.55,7863,230311,178488201.0
2023-06-22,2023-06-22,MIDINDIA,XT,9.6,9.6,9.16,9.5,9.45,10,1212,11604.0
2023-06-22,2023-06-22,ONIDA,B,16.6,16.8,15.85,16.4,16.86,655,213817,3471252.0
2023-06-22,2023-06-22,CENTENKA,B,422.8,427.35,420.05,425.35,421.05,120,1123,474388.0
2023-06-22,2023-06-22,LORDSCHLO,X,160.7,160.7,153.0,155.2,156.35,234,9463,1477917.0
2023-06-22,2023-06-22,SPICEJET,A,28.85,29.08,28.3,28.44,28.63,4279,953103,27416032.0
2023-06-22,2023-06-22,MOREPENLAB,A,31.31,32.2,30.52,30.71,31.23,2377,2711203,85820006.0
2023-06-22,2023-06-22,MRF,A,100429.9,100900.0,99501.1,99851.0,100429.9,194,250,25049860.0
2023-06-22,2023-06-22,HEIDELBERG,A,172.0,176.95,172.0,173.95,173.0,1083,49059,8566644.0
2023-06-22,2023-06-22,NCC,A,122.15,124.45,121.15,122.5,122.1,1146,116864,14352129.0
2023-06-22,2023-06-22,VEDL,A,281.65,282.9,279.1,280.65,281.25,3946,210569,59202794.0
2023-06-22,2023-06-22,NAHARSPING,B,285.95,293.5,281.55,284.7,285.45,415,8084,2320277.0
2023-06-22,2023-06-22,NAPEROL,X,1573.0,1577.9,1505.0,1514.85,1572.45,331,4144,6339802.0
2023-06-22,2023-06-22,GRASIM,A,1780.2,1789.8,1746.75,1748.9,1779.15,1571,13375,23611722.0
2023-06-22,2023-06-22,PEL,A,954.5,976.5,912.95,929.7,950.3,16112,441346,417144538.0
2023-06-22,2023-06-22,NIITLTD,A,93.0,93.3,86.0,86.35,90.4,1847,280830,24944015.0
2023-06-22,2023-06-22,JAYKAY,X,42.75,43.7,41.8,42.16,43.46,130,25844,1105581.0
2023-06-22,2023-06-22,NIRLON,B,410.0,410.05,406.05,407.5,405.3,98,2428,994547.0
2023-06-22,2023-06-22,ONGC,A,160.0,160.95,157.55,158.95,160.15,4402,400992,63889481.0
2023-06-22,2023-06-22,OILCOUNTUB,T,29.5,29.5,28.0,28.0,29.47,101,29423,828593.0
2023-06-22,2023-06-22,ORIENTHOT,B,93.79,93.79,89.53,91.07,91.96,479,33464,3037913.0
2023-06-22,2023-06-22,OSWALAGRO,B,32.18,32.23,31.16,31.27,31.9,28,1239,39007.0
2023-06-22,2023-06-22,INDSUCR,X,75.0,77.5,72.67,75.03,74.15,307,63273,4783312.0
2023-06-22,2023-06-22,RELIANCE,A,2561.7,2572.9,2532.25,2535.6,2563.6,10185,61620,157256573.0
2023-06-22,2023-06-22,PILITA,B,9.57,9.78,9.5,9.54,9.56,173,82359,788757.0
2023-06-22,2023-06-22,RAYMOND,A,1739.0,1740.1,1657.8,1672.35,1730.35,2392,21163,35799496.0
2023-06-22,2023-06-22,PIDILITIND,A,2665.05,2689.45,2632.6,2636.25,2671.3,2781,21415,57104421.0
2023-06-22,2023-06-22,PIXTRANS,B,911.0,935.45,911.0,921.45,932.5,259,3324,3066968.0
2023-06-22,2023-06-22,BIRLACORPN,A,1235.05,1252.95,1218.5,1225.65,1242.55,784,8125,10076778.0
2023-06-22,2023-06-22,SURYAROSNI,A,837.6,849.0,827.75,834.25,831.55,980,20246,16937557.0
2023-06-22,2023-06-22,PRIMESECU,B,128.9,129.25,126.1,127.3,126.95,91,2771,352626.0
2023-06-22,2023-06-22,PRSMJOHNSN,A,128.0,131.85,127.25,128.9,128.8,1346,53580,6964487.0
2023-06-22,2023-06-22,RAIN,A,171.95,171.95,163.5,165.15,170.8,2096,134706,22461590.0
2023-06-22,2023-06-22,AMJLAND,B,26.3,26.78,25.85,25.88,26.31,47,2919,76628.0
2023-06-22,2023-06-22,PUNJCOMMU,B,32.7,33.79,31.01,31.02,31.87,31,1025,32943.0
2023-06-22,2023-06-22,RSWM,B,201.1,208.95,201.1,202.85,206.95,760,17566,3602041.0
2023-06-22,2023-06-22,RAJSREESUG,B,39.94,43.24,39.85,41.81,39.76,796,105025,4367736.0
2023-06-22,2023-06-22,RALLIS,A,197.95,199.0,194.75,195.25,194.65,618,21117,4157806.0
2023-06-22,2023-06-22,RAMANEWS,B,13.43,13.6,13.01,13.28,13.43,64,9548,127074.0
2023-06-22,2023-06-22,RAMAPPR-B,XT,27.99,27.99,26.25,26.99,27.5,27,5743,155227.0
2023-06-22,2023-06-22,RAMAPETRO,X,3.7,4.05,3.7,4.05,3.88,6,1407,5210.0
2023-06-22,2023-06-22,RAPICUT,X,49.55,54.9,49.55,52.1,50.28,39,3117,164855.0
2023-06-22,2023-06-22,WELSPLSOL,X,28.42,28.95,26.55,26.72,28.42,1418,615869,16891431.0
2023-06-22,2023-06-22,RUBFILA,X,70.33,71.75,69.0,69.88,70.33,377,61485,4307078.0
2023-06-22,2023-06-22,PATANJALI,T,1176.4,1186.9,1145.0,1183.15,1176.4,743,13745,16052776.0
2023-06-22,2023-06-22,SALORAINTL,X,33.0,33.0,30.85,32.94,33.41,52,4430,143650.0
2023-06-22,2023-06-22,JINDALSAW,A,240.7,241.8,231.0,231.95,239.75,1066,39650,9360134.0
2023-06-22,2023-06-22,JKLAKSHMI,A,721.8,730.0,716.5,723.9,718.25,623,14054,10144436.0
2023-06-22,2023-06-22,SHREECEM,A,25657.9,25992.95,25512.05,25620.0,25686.45,414,863,22205548.0
2023-06-22,2023-06-22,SKPMIL,XT,28.75,28.75,28.75,28.75,28.75,1,1,28.0
2023-06-22,2023-06-22,RELINFRA,A,148.85,151.45,143.5,145.1,147.75,3344,279472,41029389.0
2023-06-22,2023-06-22,TATAPOWER,A,224.95,225.15,220.5,221.25,224.3,7860,463325,102911042.0
2023-06-22,2023-06-22,SUNDRMFAST,A,1181.3,1189.7,1159.45,1163.15,1173.75,416,2015,2366360.0
2023-06-22,2023-06-22,SUNFLAG,B,164.05,164.7,158.5,161.15,164.1,621,39176,6300817.0
2023-06-22,2023-06-22,SPLPETRO,A,475.0,475.8,449.95,452.2,471.45,2786,47597,21666765.0
2023-06-22,2023-06-22,SWARAJENG,B,2101.65,2115.6,2080.7,2097.15,2099.55,262,1085,2275176.0
2023-06-22,2023-06-22,TATAELXSI,A,7782.95,7782.95,7645.0,7669.35,7793.45,3761,14949,115160298.0
2023-06-22,2023-06-22,ACC,A,1846.0,1849.9,1830.0,1831.45,1845.95,1537,14241,26196852.0
2023-06-22,2023-06-22,THERMAX,A,2297.85,2307.85,2250.0,2258.45,2281.45,381,2259,5137728.0
2023-06-22,2023-06-22,TIRUMALCHM,A,197.05,198.0,192.65,193.2,195.65,484,13985,2722955.0
2023-06-22,2023-06-22,THOMASCOOK,A,76.8,79.31,76.74,77.25,76.18,577,37985,2954574.0
2023-06-22,2023-06-22,TIMEX,B,164.95,164.95,161.0,162.15,163.45,469,35652,5777024.0
2023-06-22,2023-06-22,TOKYOPLAST,B,98.94,99.03,96.62,97.0,98.0,17,621,60813.0
2023-06-22,2023-06-22,TORNTPHARM,A,1860.05,1877.05,1857.15,1862.05,1863.4,495,2476,4622373.0
2023-06-22,2023-06-22,TRANSCHEM,X,23.0,23.0,21.75,21.9,22.52,148,28651,625454.0
2023-06-22,2023-06-22,AMBUJACEM,A,448.05,452.8,441.7,444.85,447.85,1650,56449,25183816.0
2023-06-22,2023-06-22,UTLINDS,X,1.79,1.79,1.78,1.78,1.79,29,12737,22779.0
2023-06-22,2023-06-22,UNIENTER,B,162.0,165.0,156.3,158.3,162.15,197,4266,687344.0
2023-06-22,2023-06-22,VHL,B,2997.25,3000.0,2857.0,2857.0,2918.6,23,53,156484.0
2023-06-22,2023-06-22,HINDALCO,A,421.0,425.4,416.25,420.1,421.0,6232,161245,67992306.0
2023-06-22,2023-06-22,WSTCSTPAPR,A,517.2,519.4,508.15,508.8,516.2,381,7389,3811114.0
2023-06-22,2023-06-22,HOCL,B,27.11,27.75,26.27,26.8,27.38,140,28925,780768.0
2023-06-22,2023-06-22,MPILCORPL,X,228.0,228.0,228.0,228.0,218.0,1,30,6840.0
2023-06-22,2023-06-22,PASUPTAC,B,33.5,33.59,32.5,32.53,32.87,46,6391,208735.0
2023-06-22,2023-06-22,TEAM24,XT,7.5,7.69,7.25,7.64,7.5,26,6187,45205.0
2023-06-22,2023-06-22,PGHH,A,14099.95,14099.95,13815.0,14036.7,13961.4,189,345,4815278.0
2023-06-22,2023-06-22,MUKANDLTD,B,126.0,133.2,126.0,128.85,126.6,615,23096,3027830.0
2023-06-22,2023-06-22,BBOX,B,130.6,132.75,129.4,129.95,130.45,227,5140,672582.0
2023-06-22,2023-06-22,UCAL,B,127.15,127.75,123.5,124.1,126.6,99,2513,315171.0
2023-06-22,2023-06-22,HARRMALAYA,B,131.0,131.15,128.0,128.15,130.6,79,1221,157774.0
2023-06-22,2023-06-22,FEDERALBNK,A,123.45,124.35,123.15,123.8,123.4,3223,233749,28920867.0
2023-06-22,2023-06-22,TATASTEEL,A,111.3,112.15,110.6,111.1,113.9,13536,2540093,283000125.0
2023-06-22,2023-06-22,SKFINDIA,A,4916.2,4916.45,4819.15,4872.55,4895.45,288,673,3277575.0
2023-06-22,2023-06-22,ASHOKLEY,A,163.9,166.15,163.25,164.05,163.85,3180,393226,64755885.0
2023-06-22,2023-06-22,CUMMINSIND,A,1857.75,1862.05,1825.0,1845.4,1857.75,1700,13186,24287122.0
2023-06-22,2023-06-22,TATACOMM,A,1623.95,1623.95,1571.0,1576.5,1613.9,2573,24460,38878403.0
2023-06-22,2023-06-22,ABBOTINDIA,A,22426.1,22696.85,22426.1,22523.55,22685.05,276,649,14617736.0
2023-06-22,2023-06-22,BAJAJHLDNG,A,6909.05,7013.35,6855.0,6901.2,7005.1,276,692,4789546.0
2023-06-22,2023-06-22,BHARATFORG,A,816.0,827.65,811.8,815.35,814.4,1774,24278,19892783.0
2023-06-22,2023-06-22,ESCORTS,A,2179.5,2188.2,2139.9,2160.05,2175.6,681,6704,14482204.0
2023-06-22,2023-06-22,HINDMOTORS,B,15.3,15.35,14.9,15.02,15.24,488,72894,1105073.0
2023-06-22,2023-06-22,LT,A,2414.85,2424.0,2380.95,2415.85,2393.3,4845,52045,125089067.0
2023-06-22,2023-06-22,M&M,A,1386.0,1392.4,1375.95,1379.45,1373.95,1594,23739,32833132.0
2023-06-22,2023-06-22,BOSCHLTD,A,19220.05,19315.0,18770.0,18880.8,19206.45,547,1256,23761980.0
2023-06-22,2023-06-22,BPCL,A,373.95,378.6,371.0,373.45,372.65,1396,53332,19979744.0
2023-06-22,2023-06-22,SIEMENS,A,3775.6,3809.8,3681.0,3688.4,3806.55,2234,13255,49472056.0
2023-06-22,2023-06-22,TMPV,A,583.8,584.65,568.4,569.3,581.2,8623,416157,239582979.0
2023-06-22,2023-06-22,VOLTAS,A,786.0,789.1,778.45,782.25,787.75,4843,53811,42131338.0
2023-06-22,2023-06-22,GESHIP,A,744.9,744.9,708.0,714.1,728.15,668,14280,10320681.0
2023-06-22,2023-06-22,DEEPAKFERT,A,584.85,594.4,578.0,585.15,579.3,5877,154898,90739472.0
2023-06-22,2023-06-22,EXCELINDUS,B,980.25,992.5,962.95,973.1,973.05,272,1449,1412037.0
2023-06-22,2023-06-22,GRWRHITECH,B,840.0,866.4,834.7,853.35,835.75,710,7096,6025856.0
2023-06-22,2023-06-22,GLAXO,A,1435.05,1448.25,1434.05,1436.15,1434.15,506,3734,5371491.0
2023-06-22,2023-06-22,GNFC,A,602.95,613.6,584.8,587.55,599.5,3903,112279,67399135.0
2023-06-22,2023-06-22,NOVARTIND,B,815.0,825.0,807.95,817.55,817.3,445,3753,3061823.0
2023-06-22,2023-06-22,SANOFI,A,6919.95,6919.95,6830.2,6841.3,6887.45,356,862,5914258.0
2023-06-22,2023-06-22,PFIZER,A,3793.0,3834.95,3793.0,3808.35,3792.65,107,304,1160449.0
2023-06-22,2023-06-22,GSFC,A,164.9,166.95,161.5,163.05,163.7,3084,245541,40322762.0
2023-06-22,2023-06-22,HINDUNILVR,A,2679.95,2679.95,2649.0,2654.6,2675.5,1828,21581,57379771.0
2023-06-22,2023-06-22,JSWDULUX,A,2454.45,2465.1,2448.35,2450.65,2449.95,141,413,1013446.0
2023-06-22,2023-06-22,NOCIL,A,219.85,223.95,217.15,222.45,219.05,917,29297,6478372.0
2023-06-22,2023-06-22,TATACHEM,A,1000.05,1009.55,992.15,1006.2,996.85,4716,174086,174471909.0
2023-06-22,2023-06-22,TNPETRO,B,79.77,81.58,79.72,80.05,79.76,224,14103,1138454.0
2023-06-22,2023-06-22,ZUARIIND,B,146.1,149.5,143.85,145.2,145.45,355,8541,1254164.0
2023-06-22,2023-06-22,NESTLEIND,A,22799.85,22949.25,22492.65,22528.75,22864.05,450,1037,23494713.0
2023-06-22,2023-06-22,TATACONSUM,A,855.05,860.5,840.75,842.45,860.0,1862,20531,17432478.0
2023-06-22,2023-06-22,ASIANPAINT,A,3330.0,3330.0,3241.7,3247.95,3314.55,2171,49204,160750628.0
2023-06-22,2023-06-22,BRITANNIA,A,5022.1,5071.05,4975.7,4990.1,5074.6,1321,5389,27075386.0
2023-06-22,2023-06-22,COLPAL,A,1652.95,1652.95,1626.25,1636.9,1653.15,1624,8490,13881181.0
2023-06-22,2023-06-22,EIHOTEL,A,212.5,213.95,208.1,208.45,213.2,466,21005,4415054.0
2023-06-22,2023-06-22,INDHOTEL,A,396.7,396.85,381.6,382.6,396.7,2612,94213,36480921.0
2023-06-22,2023-06-22,CASTROLIND,A,124.1,126.4,121.5,121.85,125.6,2892,184192,22774893.0
2023-06-22,2023-06-22,ITC,A,448.0,449.65,445.7,447.55,447.05,8715,254034,113789519.0
2023-06-22,2023-06-22,APOLLOTYRE,A,421.45,427.2,413.25,415.1,419.35,2806,111815,46984590.0
2023-06-22,2023-06-22,CEATLTD,A,2050.05,2113.5,2050.05,2060.3,2061.0,1764,13786,28751319.0
2023-06-22,2023-06-22,MODIRUBBER,T,64.5,65.0,64.49,64.49,64.5,4,211,13706.0
2023-06-22,2023-06-22,FINPIPE,A,177.7,180.35,174.4,176.2,176.95,3133,159432,28302978.0
2023-06-22,2023-06-22,CENTRUM,B,18.38,21.85,18.38,21.29,18.74,643,145167,3052673.0
2023-06-22,2023-06-22,IITL,B,119.05,123.55,115.55,117.31,113.97,265,11294,1343904.0
2023-06-22,2023-06-22,INDPRUD,X,2249.95,2250.0,2185.0,2196.65,2210.0,26,220,489111.0
2023-06-22,2023-06-22,TATAINVEST,A,2455.0,2475.2,2375.0,2392.4,2447.0,695,4014,9716690.0
2023-06-22,2023-06-22,PRISMX,X,2.5,2.51,2.3,2.34,2.45,646,898913,2125531.0
2023-06-22,2023-06-22,MOTOGENFIN,B,34.17,34.3,31.29,31.74,33.26,51,2452,79687.0
2023-06-22,2023-06-22,RAPIDIN,XT,96.36,96.36,96.36,96.36,91.8,1,1,96.0
2023-06-22,2023-06-22,WALCHPF,X,125.0,128.0,120.4,121.5,122.05,14,528,65988.0
2023-06-22,2023-06-22,WHBRADY,X,350.2,378.45,350.0,362.15,359.55,86,1075,392802.0
2023-06-22,2023-06-22,SHAILY,B,1600.6,1613.9,1486.0,1508.5,1626.05,266,1045,1603455.0
2023-06-22,2023-06-22,BBTC,A,1050.15,1055.3,1022.0,1031.55,1047.4,852,6966,7204365.0
2023-06-22,2023-06-22,BOMBCYC,X,735.0,769.95,735.0,750.0,739.25,14,18,13634.0
2023-06-22,2023-06-22,GREAVESCOT,A,139.25,142.0,138.25,138.65,139.8,1533,120170,16781731.0
2023-06-22,2023-06-22,MULLER,XT,235.0,245.0,225.0,240.75,235.0,10,124,30137.0
2023-06-22,2023-06-22,INDIANVSH,XT,49.55,50.35,49.55,50.26,50.45,6,129,6463.0
2023-06-22,2023-06-22,COASTCORP,B,211.0,211.85,209.35,210.7,209.2,65,188,39585.0
2023-06-22,2023-06-22,CHOWGULSTM,XT,13.86,14.8,13.83,14.7,14.55,37,12182,174699.0
2023-06-22,2023-06-22,GARWAOFFS,XT,38.5,39.73,36.51,39.65,37.84,109,22041,862023.0
2023-06-22,2023-06-22,ASIIL,X,14.63,15.15,14.32,14.54,14.63,86,106039,1556412.0
2023-06-22,2023-06-22,SAGCEM,B,218.3,224.75,218.3,224.1,221.4,247,3517,782422.0
2023-06-22,2023-06-22,DECCANCE,B,510.85,523.15,503.55,506.05,513.4,287,2754,1402168.0
2023-06-22,2023-06-22,MANGLMCEM,B,327.0,332.15,324.85,325.0,326.2,276,1914,629228.0
2023-06-22,2023-06-22,NCLIND,B,201.0,205.0,199.7,203.85,200.7,1094,36497,7431191.0
2023-06-22,2023-06-22,SAURASHCEM,X,63.98,63.98,62.0,62.69,63.17,432,43441,2720725.0
2023-06-22,2023-06-22,SHREDIGCEM,B,82.51,83.15,78.85,79.18,83.63,981,62431,5037843.0
2023-06-22,2023-06-22,BORORENEW,A,540.05,548.3,533.0,535.25,542.95,2144,43422,23416379.0
2023-06-22,2023-06-22,LERTHAI,XT,390.0,390.0,378.6,378.6,398.5,2,2,768.0
2023-06-22,2023-06-22,TRIVENIGQ,XT,19.85,19.85,18.75,19.48,18.91,206,31030,602713.0
2023-06-22,2023-06-22,NILACHAL,X,37.8,37.8,36.21,36.21,37.8,7,284,10728.0
2023-06-22,2023-06-22,ANDHRAPAP,B,429.8,429.8,421.55,422.25,424.85,525,8860,3753630.0
2023-06-22,2023-06-22,BALKRISIND,A,2480.05,2486.0,2440.45,2460.15,2474.9,891,5206,12835769.0
2023-06-22,2023-06-22,ORIENTPPR,B,42.13,42.75,41.45,41.75,42.43,205,39349,1657392.0
2023-06-22,2023-06-22,CITADEL,X,19.5,22.47,19.41,21.38,21.22,7,342,6783.0
2023-06-22,2023-06-22,ROLLT,T,1.5,1.54,1.41,1.41,1.47,175,308558,461852.0
2023-06-22,2023-06-22,SESHAPAPER,B,278.75,280.95,274.25,277.45,281.3,402,4744,1319710.0
2023-06-22,2023-06-22,NATHIND,X,56.88,56.88,56.0,56.0,55.93,29,8080,452605.0
2023-06-22,2023-06-22,VAPIENTER,XT,99.81,108.5,99.81,108.36,104.35,19,1244,133036.0
2023-06-22,2023-06-22,DCM,B,72.25,72.25,69.9,69.98,71.67,65,1458,103324.0
2023-06-22,2023-06-22,FORBESCO,X,589.9,597.2,570.6,585.3,585.5,178,2185,1272271.0
2023-06-22,2023-06-22,HPCOTTON,X,97.72,97.72,93.0,94.14,95.8,25,1568,147853.0
2023-06-22,2023-06-22,JAMSHRI,X,4044.0,4044.0,3901.1,3901.1,3854.0,2,4,15747.0
2023-06-22,2023-06-22,KATRSPG,X,235.0,237.0,230.5,231.5,232.75,10,330,76952.0
2023-06-22,2023-06-22,KESORAMIND,B,66.06,67.75,65.0,66.76,65.93,1615,718519,47664679.0
2023-06-22,2023-06-22,LAKSHMIMIL,X,3699.95,3800.0,3600.45,3684.15,3643.4,89,383,1429311.0
2023-06-22,2023-06-22,VTL,A,375.1,379.85,358.75,360.5,373.05,2067,38987,14392875.0
2023-06-22,2023-06-22,PENINLAND,B,27.59,27.75,25.05,25.51,26.79,846,182780,4721530.0
2023-06-22,2023-06-22,PASUSPG,X,24.5,25.15,24.5,25.07,24.0,2,330,8273.0
2023-06-22,2023-06-22,PHOENIXLTD,A,1597.95,1597.95,1541.75,1546.25,1570.55,881,3760,5867133.0
2023-06-22,2023-06-22,MARATHON,B,323.75,338.0,317.5,323.5,326.65,242,2928,960735.0
2023-06-22,2023-06-22,RAJABAH,XT,3750.0,3800.0,3610.0,3800.0,3799.0,5,10,36520.0
2023-06-22,2023-06-22,RELCHEMQ,B,175.0,204.7,175.0,181.8,183.9,149,1036,193609.0
2023-06-22,2023-06-22,RUBYMILLS,B,220.0,220.5,214.6,216.55,216.85,80,1845,402254.0
2023-06-22,2023-06-22,SIMPLXREA,X,91.75,91.75,85.2,89.96,87.0,10,484,42807.0
2023-06-22,2023-06-22,SWANCORP,A,249.0,273.2,249.0,265.9,246.65,12092,434978,115811011.0
2023-06-22,2023-06-22,VICTMILL,X,2783.0,2783.0,2655.1,2720.0,2707.0,5,5,13470.0
2023-06-22,2023-06-22,ZSVARAJT,X,6.0,6.0,5.51,5.71,5.6,20,3262,18398.0
2023-06-22,2023-06-22,ZODIACVEN,X,19.49,19.49,18.11,19.08,18.9,35,5135,97447.0
2023-06-22,2023-06-22,VEERENRGY,X,14.0,14.0,13.2,13.49,13.71,85,21782,291985.0
2023-06-22,2023-06-22,TILAK,X,3.8,3.85,3.66,3.69,3.7,506,316158,1184849.0
2023-06-22,2023-06-22,KKFIN,XT,21.0,21.0,19.06,19.07,20.02,9,1253,24211.0
2023-06-22,2023-06-22,WAGEND,X,0.76,0.76,0.71,0.73,0.71,37,58114,41718.0
2023-06-22,2023-06-22,BANSWRAS,B,171.0,176.7,170.0,170.25,170.35,842,12755,2204018.0
2023-06-22,2023-06-22,MODWOOL,X,76.88,76.88,76.88,76.88,76.88,1,5,384.0
2023-06-22,2023-06-22,SHRIDINE,X,509.0,513.45,505.0,513.0,510.0,7,101,51155.0
2023-06-22,2023-06-22,SRF,A,2389.3,2415.0,2357.0,2362.65,2389.25,1217,9521,22694798.0
2023-06-22,2023-06-22,SIYSIL,A,546.35,551.15,538.0,539.75,543.0,388,9808,5350795.0
2023-06-22,2023-06-22,SWADPOL,XT,45.9,45.9,42.5,42.6,44.26,101,14818,652495.0
2023-06-22,2023-06-22,BBL,B,3084.05,3130.0,3002.0,3046.95,3085.95,1038,2960,9115478.0
2023-06-22,2023-06-22,ELPROINTL,B,61.3,62.5,61.0,62.11,61.05,149,61143,3773161.0
2023-06-22,2023-06-22,GEE,X,69.84,71.5,68.6,68.79,68.64,223,47255,3317116.0
2023-06-22,2023-06-22,HIRECT,T,291.1,300.0,281.25,284.9,291.1,13,285,82019.0
2023-06-22,2023-06-22,NIPPOBATRY,B,390.05,411.45,390.05,399.5,401.0,207,1211,487089.0
2023-06-22,2023-06-22,ZENSARTECH,A,412.0,418.55,391.9,401.35,407.0,5544,187879,76148599.0
2023-06-22,2023-06-22,JYOTI,XT,36.75,39.72,36.75,39.72,37.83,181,44584,1769048.0
2023-06-22,2023-06-22,JSLINDL,XT,400.0,400.0,400.0,400.0,400.0,4,61,24400.0
2023-06-22,2023-06-22,KAYCEEI,XT,12550.0,12550.0,11355.1,11355.1,11952.7,78,231,2688352.0
2023-06-22,2023-06-22,INDOKEM,X,93.8,99.8,93.6,94.4,95.35,43,1759,168836.0
2023-06-22,2023-06-22,PANAENERG,X,238.0,265.0,238.0,251.75,237.65,698,23121,5860111.0
2023-06-22,2023-06-22,NELCO,B,743.05,760.0,727.4,737.3,748.45,2022,38850,28813713.0
2023-06-22,2023-06-22,PERMAGN,X,1243.8,1243.8,1145.5,1168.35,1237.75,684,6247,7462881.0
2023-06-22,2023-06-22,HIGHENE,X,517.0,525.0,500.0,506.0,507.25,1600,43844,22627112.0
2023-06-22,2023-06-22,STDBAT,X,30.4,30.5,28.4,28.53,29.34,72,5722,163788.0
2023-06-22,2023-06-22,UNIVCABLES,B,405.05,405.05,378.15,384.25,404.3,606,8199,3214855.0
2023-06-22,2023-06-22,DLTNCBL,X,75.55,78.0,75.0,76.5,75.41,34,2635,201064.0
2023-06-22,2023-06-22,LAKSELEC,X,1240.0,1245.5,1210.0,1210.55,1230.4,143,1060,1296305.0
2023-06-22,2023-06-22,MODULEX,Z,10.0,10.0,9.78,9.88,9.53,94,130806,1306392.0
2023-06-22,2023-06-22,DELTAMAGNT,B,75.1,75.99,74.0,74.9,75.99,33,2910,217111.0
2023-06-22,2023-06-22,LONGSPUR,XT,2.95,2.95,2.95,2.95,3.01,28,54094,159577.0
2023-06-22,2023-06-22,RELTD,X,49.99,49.99,47.1,47.6,47.72,42,1748,83793.0
2023-06-22,2023-06-22,EMPOWER,XT,0.42,0.42,0.42,0.42,0.4,30,548891,230534.0
2023-06-22,2023-06-22,ZMULTIPU,XT,7.75,7.98,7.75,7.75,7.6,5,1317,10300.0
2023-06-22,2023-06-22,IDREAM,P,107.65,107.65,107.65,107.65,102.55,1,50,5382.0
2023-06-22,2023-06-22,NYSSACORP,X,4.09,4.09,3.93,3.97,3.97,86,21368,85287.0
2023-06-22,2023-06-22,FLOMIC,X,101.0,101.0,97.01,98.86,97.86,91,7576,749175.0
2023-06-22,2023-06-22,KRISHNA,X,112.9,112.9,110.0,111.45,108.45,27,3517,393648.0
2023-06-22,2023-06-22,UNIABEXAL,X,1053.05,1055.75,1011.0,1017.9,1027.35,73,880,901852.0
2023-06-22,2023-06-22,SARDAEN,A,1389.05,1400.35,1366.45,1372.15,1387.65,340,1633,2256773.0
2023-06-22,2023-06-22,BGWTATO,X,341.5,359.6,330.0,359.6,326.95,332,15075,5248841.0
2023-06-22,2023-06-22,BOMBWIR,X,25.5,26.25,24.12,24.31,25.0,33,8353,212250.0
2023-06-22,2023-06-22,GALADA,Z,2.03,2.08,1.97,1.97,2.07,37,81754,163669.0
2023-06-22,2023-06-22,AZADIND,XT,22.0,22.0,21.44,21.44,22.0,5,108,2349.0
2023-06-22,2023-06-22,INDIANHUME,B,197.05,200.95,192.25,193.95,196.35,476,10537,2057563.0
2023-06-22,2023-06-22,INVPRECQ,XT,415.0,422.0,410.0,420.35,419.45,31,2148,895285.0
2023-06-22,2023-06-22,INFORTEC,X,44.9,44.9,43.0,44.23,42.66,7,16,715.0
2023-06-22,2023-06-22,KAIRA,X,2580.0,2659.0,2550.0,2631.55,2605.45,40,174,455206.0
2023-06-22,2023-06-22,ORIENTCER,B,29.25,29.29,28.6,28.78,28.89,93,7796,226279.0
2023-06-22,2023-06-22,NATIONSTD,A,4851.1,4950.0,4851.1,4944.9,4914.4,41,77,378384.0
2023-06-22,2023-06-22,DUNCANENG,X,481.0,497.4,465.0,467.55,476.35,38,761,361840.0
2023-06-22,2023-06-22,SANDUMA,A,1270.25,1288.0,1256.0,1260.6,1265.75,749,8373,10647578.0
2023-06-22,2023-06-22,STOVACQ,X,2175.0,2179.8,2127.5,2151.65,2150.9,32,352,760335.0
2023-06-22,2023-06-22,TATAYODOGA,XT,83.5,83.84,81.84,83.84,79.85,228,18334,1535695.0
2023-06-22,2023-06-22,TINPLATE,A,331.05,331.8,324.25,328.45,333.35,306,7899,2605649.0
2023-06-22,2023-06-22,CHOLAHLDNG,A,907.45,911.9,888.5,900.4,910.05,282,1486,1340651.0
2023-06-22,2023-06-22,ZWELCAST,X,799.95,799.95,651.05,725.5,711.0,40,530,387299.0
2023-06-22,2023-06-22,AUTOAXLES,B,2230.05,2296.95,2230.05,2267.8,2262.85,513,1898,4305133.0
2023-06-22,2023-06-22,ACGL,X,1065.0,1075.0,1042.0,1052.5,1053.95,254,4759,5031688.0
2023-06-22,2023-06-22,SETCO,T,7.25,7.25,6.76,6.97,7.04,36,29760,204306.0
2023-06-22,2023-06-22,SCOOTER,T,29.9,29.9,29.5,29.55,29.58,16,1103,32721.0
2023-06-22,2023-06-22,TALBROAUTO,B,716.05,733.55,690.0,692.65,715.3,1585,20787,14635260.0
2023-06-22,2023-06-22,ZFSTEERING,X,610.0,613.8,600.0,603.4,610.0,92,4723,2849417.0
2023-06-22,2023-06-22,SMLMAH,B,1115.15,1119.5,1084.0,1091.0,1110.4,359,2146,2366892.0
2023-06-22,2023-06-22,TIL,Z,123.95,125.7,123.95,124.55,121.95,14,2300,288029.0
2023-06-22,2023-06-22,EICHERMOT,A,3588.6,3630.15,3550.15,3560.25,3570.3,1333,11182,40204311.0
2023-06-22,2023-06-22,JAINEX,XT,160.0,161.9,155.0,156.05,154.2,14,467,74868.0
2023-06-22,2023-06-22,ALFREDHE,X,708.05,708.05,708.05,708.05,737.35,2,15,10620.0
2023-06-22,2023-06-22,VELJAN,X,1295.0,1295.0,1260.0,1274.0,1267.95,39,210,267305.0
2023-06-22,2023-06-22,DYNAMATECH,B,3767.9,3785.0,3697.6,3725.65,3760.95,250,843,3153738.0
2023-06-22,2023-06-22,GGDPROP,X,59.35,59.8,57.7,59.47,60.46,13,506,29537.0
2023-06-22,2023-06-22,GMMPFAUDLR,A,1530.0,1547.6,1506.6,1520.05,1535.35,1534,11456,17459642.0
2023-06-22,2023-06-22,KIRLPNU,A,634.25,648.15,630.85,637.65,634.25,1081,14072,9004299.0
2023-06-22,2023-06-22,KPT,X,301.7,301.7,267.3,274.55,296.95,453,13511,3764505.0
2023-06-22,2023-06-22,LAKSHMIEW,X,875.0,1035.0,875.0,895.35,864.95,122,815,749396.0
2023-06-22,2023-06-22,MANUGRAPH,B,17.4,17.95,16.9,17.25,17.2,162,8823,152437.0
2023-06-22,2023-06-22,NESCO,A,633.2,637.8,627.65,631.2,632.45,177,1805,1139421.0
2023-06-22,2023-06-22,INTEGRAEN,X,241.0,249.0,222.0,228.2,242.3,1669,136899,31841977.0
2023-06-22,2023-06-22,SEMAC,B,1805.0,1827.0,1785.4,1803.4,1805.0,93,310,559944.0
2023-06-22,2023-06-22,TEXINFRA,B,58.84,58.84,56.15,56.87,58.0,69,2199,126899.0
2023-06-22,2023-06-22,WENDT,B,9882.15,9882.15,9749.5,9770.95,9799.25,18,18,176561.0
2023-06-22,2023-06-22,RESPONIND,B,172.15,196.0,169.3,180.35,171.15,5573,250885,45484106.0
2023-06-22,2023-06-22,SHYMINV,X,3.6,3.61,3.6,3.6,3.6,28,5701,20531.0
2023-06-22,2023-06-22,MAHACORP,X,1.19,1.19,1.16,1.18,1.19,423,495792,581837.0
2023-06-22,2023-06-22,DOLATALGO,B,47.01,48.25,46.72,47.64,47.85,194,8448,402210.0
2023-06-22,2023-06-22,WESTLIFE,A,870.0,870.0,842.4,851.7,850.35,221,1247,1060498.0
2023-06-22,2023-06-22,ZEEL,A,184.1,185.75,178.8,179.5,180.35,11373,1387038,252363702.0
2023-06-22,2023-06-22,SVPGLOB,T,11.0,11.1,10.61,10.75,10.8,49,10795,116699.0
2023-06-22,2023-06-22,SKYLMILAR,X,11.5,11.97,11.1,11.79,11.69,31,9910,114217.0
2023-06-22,2023-06-22,BIMETAL,X,471.0,483.0,471.0,481.0,470.45,117,2737,1314861.0
2023-06-22,2023-06-22,BHARATGEAR,B,126.85,128.0,122.25,122.25,123.65,67,2530,314242.0
2023-06-22,2023-06-22,BRADYM,XT,383.9,420.0,383.9,395.95,403.85,97,2469,978134.0
2023-06-22,2023-06-22,LATIMMETAL,XT,12.8,13.0,12.5,12.51,12.8,158,53807,678476.0
2023-06-22,2023-06-22,ELECON,A,570.55,572.05,560.4,562.55,568.65,657,8823,4992308.0
2023-06-22,2023-06-22,SATANIBRG,XT,48.1,48.1,48.1,48.1,47.0,5,330,15873.0
2023-06-22,2023-06-22,GRAUWEIL,B,108.0,109.0,105.7,106.7,108.6,687,25982,2779928.0
2023-06-22,2023-06-22,HIMTEK,X,120.2,120.49,116.0,116.7,118.07,156,10225,1204656.0
2023-06-22,2023-06-22,GABRIEL,B,188.6,193.35,187.05,190.0,187.15,1825,88772,16892793.0
2023-06-22,2023-06-22,HERCULES,B,275.2,276.95,261.0,267.3,275.65,1231,17315,4639579.0
2023-06-22,2023-06-22,ALGOQUANT,X,577.0,589.9,567.0,579.1,584.6,117,8898,5159302.0
2023-06-22,2023-06-22,IFBIND,A,816.45,821.65,808.0,811.65,818.25,247,3490,2833576.0
2023-06-22,2023-06-22,SINGERIND,X,75.65,75.65,74.15,74.55,75.16,166,27058,2021523.0
2023-06-22,2023-06-22,INTLCOMBQ,X,515.0,525.05,510.0,511.2,509.8,72,2320,1204373.0
2023-06-22,2023-06-22,FMGOETZE,B,387.05,390.2,373.5,377.05,387.9,1199,20984,7958416.0
2023-06-22,2023-06-22,JOSTS,XT,430.0,437.95,420.0,423.8,422.95,106,6386,2731300.0
2023-06-22,2023-06-22,SCHAEFFLER,A,3269.95,3269.95,3169.05,3195.1,3232.3,484,3175,10217029.0
2023-06-22,2023-06-22,RANEHOLDIN,B,1078.25,1079.0,1046.65,1068.9,1068.6,155,1728,1843235.0
2023-06-22,2023-06-22,ROLCOEN,P,524.95,528.0,502.0,512.0,503.0,12,700,363447.0
2023-06-22,2023-06-22,SNL,X,358.7,361.7,333.2,339.0,348.75,220,8281,2903976.0
2023-06-22,2023-06-22,JAIPAN,XT,49.24,49.5,46.03,46.56,47.23,47,7436,357545.0
2023-06-22,2023-06-22,MANCREDIT,X,110.15,111.7,108.0,108.1,111.0,82,27932,3032382.0
2023-06-22,2023-06-22,TRF,B,170.25,170.25,166.25,168.35,172.15,270,7334,1233251.0
2023-06-22,2023-06-22,WPIL,B,2872.1,2922.0,2775.05,2815.65,2886.95,490,4256,12154514.0
2023-06-22,2023-06-22,KENNAMET,A,2678.4,2685.55,2641.6,2655.05,2651.85,247,1046,2784270.0
2023-06-22,2023-06-22,HINDHARD,X,338.9,338.9,316.0,317.5,332.9,59,2215,717661.0
2023-06-22,2023-06-22,TRITONV,X,1322.0,1379.8,1313.0,1350.7,1336.3,86,645,881222.0
2023-06-22,2023-06-22,SUDAI,XT,5.79,5.79,5.79,5.79,5.79,1,2,11.0
2023-06-22,2023-06-22,PRAKASH,B,68.98,69.92,67.6,68.45,68.42,1015,156943,10793476.0
2023-06-22,2023-06-22,ARSHIYA,T,5.14,5.14,4.77,4.85,4.98,127,274802,1358243.0
2023-06-22,2023-06-22,GRINDWELL,A,2309.0,2309.0,2190.6,2214.25,2244.95,472,1693,3764851.0
2023-06-22,2023-06-22,STANROS,X,82.0,82.0,80.11,81.9,80.01,4,110,9004.0
2023-06-22,2023-06-22,GENESYS,B,316.05,325.5,313.0,315.0,317.3,197,4560,1442812.0
2023-06-22,2023-06-22,VOLKAI,XT,115.25,115.29,115.25,115.28,109.8,18,1015,116987.0
2023-06-22,2023-06-22,PARNAXLAB,X,63.85,66.8,60.75,60.92,63.23,108,15060,931230.0
2023-06-22,2023-06-22,GOURMET,XT,17.15,17.15,17.15,17.15,16.34,1,1,17.0
2023-06-22,2023-06-22,VIVIDHA,B,0.92,0.93,0.86,0.87,0.91,216,471363,417707.0
2023-06-22,2023-06-22,KANANIIND,T,7.85,8.05,7.75,7.95,7.9,17,1102,8693.0
2023-06-22,2023-06-22,GSLTD,X,12.78,12.78,11.81,12.52,12.0,24,2593,32127.0
2023-06-22,2023-06-22,ARIHANTSUP,B,183.15,186.5,174.8,177.5,180.0,352,17395,3092145.0
2023-06-22,2023-06-22,BLISSGVS,B,81.1,82.7,80.7,81.14,82.58,430,19758,1610251.0
2023-06-22,2023-06-22,STYRENIX,B,1100.0,1143.2,1087.4,1124.8,1107.6,1470,10113,11285735.0
2023-06-22,2023-06-22,ALEMBICLTD,B,72.0,75.0,72.0,74.69,72.57,189,10025,739697.0
2023-06-22,2023-06-22,AMNPLST,X,92.9,94.9,91.0,91.42,92.9,152,11268,1033847.0
2023-06-22,2023-06-22,ANUHPHR,X,110.0,111.9,106.1,107.14,109.71,415,22536,2446582.0
2023-06-22,2023-06-22,MODISONLTD,B,70.85,70.85,68.5,69.0,69.94,88,4255,296354.0
2023-06-22,2023-06-22,BAYERCROP,A,4331.55,4334.05,4282.5,4308.45,4324.35,305,883,3806232.0
2023-06-22,2023-06-22,STARSOURCE,XT,36.0,36.0,36.0,36.0,36.0,3,59,2124.0
2023-06-22,2023-06-22,SUDARCOLOR,B,369.4,370.8,365.55,367.8,367.5,262,3180,1171289.0
2023-06-22,2023-06-22,COROMANDEL,A,942.3,968.55,942.3,950.3,942.25,3291,45960,44089052.0
2023-06-22,2023-06-22,DEEPAKNTR,A,2246.05,2277.3,2230.0,2267.4,2258.95,1823,16397,37090975.0
2023-06-22,2023-06-22,DMCC,B,284.6,320.55,281.9,313.35,278.7,1560,25120,7815970.0
2023-06-22,2023-06-22,FERMENTA,X,135.1,135.9,134.0,134.6,135.6,136,6193,833523.0
2023-06-22,2023-06-22,GOCLCORP,B,319.0,325.0,310.05,312.9,317.15,170,1165,366790.0
2023-06-22,2023-06-22,JAYCH,X,6.38,6.38,6.3,6.36,6.32,52,9574,60709.0
2023-06-22,2023-06-22,KANORICHEM,B,112.9,113.8,111.75,113.65,112.5,20,441,49918.0
2023-06-22,2023-06-22,KELENRG,XT,1600.2,1640.0,1555.0,1586.4,1611.4,110,1078,1715685.0
2023-06-22,2023-06-22,KEMP,XT,925.0,925.0,925.0,925.0,897.75,1,3,2775.0
2023-06-22,2023-06-22,NITTAGELA,X,803.05,838.0,803.05,818.4,809.85,222,5821,4792636.0
2023-06-22,2023-06-22,MPAGI,X,6.52,6.52,6.52,6.52,6.52,1,10,65.0
2023-06-22,2023-06-22,AGVENTURES,B,809.2,809.95,797.75,799.0,806.45,68,602,484777.0
2023-06-22,2023-06-22,PCBL,A,160.0,160.0,156.3,157.0,159.05,1415,64651,10171038.0
2023-06-22,2023-06-22,AMAL,X,280.0,280.0,268.5,272.9,277.85,88,3382,918256.0
2023-06-22,2023-06-22,POLYCHEM,X,1211.95,1275.0,1081.55,1122.2,1188.4,119,726,837203.0
2023-06-22,2023-06-22,PUNJABCHEM,B,915.95,922.7,892.65,896.15,900.1,92,364,331716.0
2023-06-22,2023-06-22,SADHNANIQ,B,130.7,131.7,126.5,127.75,129.05,606,18109,2339593.0
2023-06-22,2023-06-22,SUDARSCHEM,A,496.0,514.45,487.25,490.4,498.3,1445,21334,10603835.0
2023-06-22,2023-06-22,TECILCHEM,T,22.5,22.5,20.61,21.46,21.49,14,650,14053.0
2023-06-22,2023-06-22,ULTRAMAR,X,320.5,323.8,317.0,318.5,319.6,940,30410,9744347.0
2023-06-22,2023-06-22,TRANSPEK,X,2137.65,2171.9,2100.0,2153.75,2137.55,210,4117,8796375.0
2023-06-22,2023-06-22,UNICHEMLAB,B,369.6,371.75,368.0,370.0,369.2,174,8735,3231457.0
2023-06-22,2023-06-22,MYSORPETRO,X,122.0,122.0,119.05,120.0,120.1,21,465,55710.0
2023-06-22,2023-06-22,ALKYLAMINE,A,2642.8,2716.75,2633.6,2652.4,2642.8,1145,4504,12024597.0
2023-06-22,2023-06-22,TUTIALKA,X,66.0,66.95,63.5,64.5,65.97,186,26546,1731702.0
2023-06-22,2023-06-22,ASTRAZEN,A,3686.85,3715.0,3686.8,3699.9,3679.45,130,450,1665918.0
2023-06-22,2023-06-22,PRIMO,A,66.0,66.0,64.5,64.65,65.34,352,30260,1964341.0
2023-06-22,2023-06-22,TANFACIND,B,1979.15,1979.65,1926.8,1938.5,1970.9,432,1701,3320476.0
2023-06-22,2023-06-22,GUJPETR,XT,35.15,38.85,35.15,36.05,37.0,34,2632,98293.0
2023-06-22,2023-06-22,GUJTHEM,B,814.0,814.05,792.1,797.65,809.75,322,4083,3269578.0
2023-06-22,2023-06-22,SCBL,X,3.16,3.28,3.0,3.22,3.1,24,1452,4595.0
2023-06-22,2023-06-22,JAYSYN,X,67.99,67.99,64.5,65.39,64.82,22,1974,130305.0
2023-06-22,2023-06-22,MAKERSL,X,113.0,113.0,110.0,110.95,113.0,27,1584,176203.0
2023-06-22,2023-06-22,CONTCHM,XT,66.5,69.82,66.5,69.82,66.5,4,147,10144.0
2023-06-22,2023-06-22,JBCHEPHARM,A,2352.0,2402.0,2339.1,2390.3,2360.3,824,3351,7973648.0
2023-06-22,2023-06-22,ADVPETR-B,P,417.0,417.0,417.0,417.0,438.9,1,50,20850.0
2023-06-22,2023-06-22,RAJSPTR,P,1.32,1.32,1.32,1.32,1.38,1,100,132.0
2023-06-22,2023-06-22,APTPACK,XT,36.0,36.0,33.22,33.22,34.96,8,82,2728.0
2023-06-22,2023-06-22,BLUECHIPT,X,143.0,155.0,143.0,144.95,140.8,252,14725,2189891.0
2023-06-22,2023-06-22,JAGAJITIND,XT,136.1,136.1,123.5,136.1,129.65,210,60287,8077702.0
2023-06-22,2023-06-22,KESARENT,X,80.88,80.88,77.5,78.02,78.58,33,5452,428404.0
2023-06-22,2023-06-22,TI,B,147.7,149.0,144.95,145.85,147.75,852,37085,5450080.0
2023-06-22,2023-06-22,EMERALL,X,84.0,84.0,84.0,84.0,85.0,1,5,420.0
2023-06-22,2023-06-22,RAVALSUGAR,X,3849.95,3850.0,3760.1,3767.25,3847.5,15,35,133330.0
2023-06-22,2023-06-22,SAKHTISUG,B,25.24,27.7,25.24,25.94,25.78,1622,855411,23046173.0
2023-06-22,2023-06-22,WALCHANNAG,T,84.2,84.2,80.35,81.22,84.53,267,38939,3195458.0
2023-06-22,2023-06-22,IFBAGRO,B,538.4,538.4,530.0,531.55,538.4,89,1020,543158.0
2023-06-22,2023-06-22,DHARANISUG,Z,8.36,8.49,8.2,8.21,8.26,20,3289,27582.0
2023-06-22,2023-06-22,KFBL,X,56.52,57.0,54.7,55.26,57.31,60,5633,314839.0
2023-06-22,2023-06-22,CAPRO,XT,65.92,66.9,62.63,63.56,65.92,15,1012,64331.0
2023-06-22,2023-06-22,GMBREW,B,570.0,594.6,570.0,586.0,572.7,983,11197,6579294.0
2023-06-22,2023-06-22,RANASUG,B,24.1,25.45,24.1,24.75,24.21,1843,265392,6644468.0
2023-06-22,2023-06-22,PICCASUG,X,20.11,20.8,19.8,20.3,20.05,107,25072,510695.0
2023-06-22,2023-06-22,SDBL,B,259.9,262.6,252.6,256.6,259.0,1780,44840,11557925.0
2023-06-22,2023-06-22,CJGEL,XT,24.4,25.68,24.4,25.68,25.68,10,679,17116.0
2023-06-22,2023-06-22,ASALCBR,B,406.35,414.0,405.05,406.8,404.4,275,2519,1028484.0
2023-06-22,2023-06-22,FOODSIN,B,177.9,178.75,171.05,174.15,175.7,1735,43113,7544529.0
2023-06-22,2023-06-22,IVP,T,175.0,176.05,167.8,173.5,171.5,9,538,92983.0
2023-06-22,2023-06-22,KLRFM,X,132.0,135.0,132.0,134.05,132.35,92,3769,503109.0
2023-06-22,2023-06-22,OLYOI,X,18.05,18.05,18.05,18.05,19.0,3,55,992.0
2023-06-22,2023-06-22,MLKFOOD,X,566.05,582.9,566.0,578.95,577.4,40,589,341314.0
2023-06-22,2023-06-22,POLSON,X,12500.0,12500.0,12200.0,12200.0,12207.5,13,16,196006.0
2023-06-22,2023-06-22,WIPRO,A,386.9,386.9,381.65,382.3,385.55,12299,329775,126314210.0
2023-06-22,2023-06-22,ORIBEVER,X,133.9,133.9,127.0,127.5,128.4,65,2841,363081.0
2023-06-22,2023-06-22,DHANUKA,B,800.65,810.45,783.5,788.15,806.05,270,1415,1129678.0
2023-06-22,2023-06-22,TTKHLTCARE,B,1255.05,1279.1,1255.05,1273.2,1267.55,155,694,881168.0
2023-06-22,2023-06-22,TGVSL,B,100.06,102.5,99.51,100.71,100.06,1376,236071,23892934.0
2023-06-22,2023-06-22,LIMECHM,X,22.02,22.69,21.85,22.3,22.19,6,226,4977.0
2023-06-22,2023-06-22,KANPRPLA,B,96.15,98.79,93.9,94.2,95.09,17,299,28629.0
2023-06-22,2023-06-22,TAINWALCHM,B,128.75,128.75,124.1,124.45,126.2,20,337,42449.0
2023-06-22,2023-06-22,JAGSNPHARM,B,373.25,382.4,367.0,377.55,375.05,1027,6600,2467137.0
2023-06-22,2023-06-22,KHAICHEM,B,69.05,69.7,67.1,67.73,68.99,139,8437,576691.0
2023-06-22,2023-06-22,NOL,X,88.9,88.9,83.63,85.46,85.78,30,445,37622.0
2023-06-22,2023-06-22,GILLETTE,A,4564.65,4585.75,4527.0,4578.95,4543.75,125,378,1719668.0
2023-06-22,2023-06-22,WIREFABR,X,194.0,199.0,186.0,194.85,192.2,27,625,119383.0
2023-06-22,2023-06-22,ANSALHSG,X,4.28,4.28,4.08,4.09,4.12,75,14178,58685.0
2023-06-22,2023-06-22,COMPUPN,XT,2.55,2.6,2.55,2.59,2.6,23,3896,10107.0
2023-06-22,2023-06-22,MCCHRLS-B,X,411.0,429.65,411.0,412.0,412.0,14,583,246839.0
2023-06-22,2023-06-22,ADDIND,X,32.0,32.99,31.33,31.58,32.69,13,484,15757.0
2023-06-22,2023-06-22,PIONRINV,X,32.0,32.0,30.71,31.0,32.5,25,2411,75459.0
2023-06-22,2023-06-22,ASHNOOR,XT,36.08,37.69,35.66,36.84,37.0,20,3812,142992.0
2023-06-22,2023-06-22,UNITECH,Z,1.53,1.53,1.47,1.48,1.5,392,1035201,1557694.0
2023-06-22,2023-06-22,VIPIND,A,646.85,646.85,627.35,631.8,647.35,618,6727,4287551.0
2023-06-22,2023-06-22,FIBERWEB,B,31.2,31.75,30.0,30.9,30.9,101,32280,973619.0
2023-06-22,2023-06-22,GYFTR,X,77.2,78.85,76.51,77.24,78.9,30,1707,131143.0
2023-06-22,2023-06-22,EASTBUILD,XT,23.15,23.15,23.15,23.15,22.05,1,25,578.0
2023-06-22,2023-06-22,BAJAJST,X,1260.0,1275.0,1229.0,1238.4,1258.8,428,6121,7641783.0
2023-06-22,2023-06-22,KIDUJA,X,63.0,63.0,57.31,62.95,60.11,6,1507,91570.0
2023-06-22,2023-06-22,KEYCORP,XT,59.65,61.85,59.01,61.45,61.2,16,2973,179615.0
2023-06-22,2023-06-22,GUJHOTE,X,158.75,162.95,153.5,155.1,158.5,37,2948,465012.0
2023-06-22,2023-06-22,RASRESOR,X,48.99,50.98,48.99,50.95,48.56,19,1565,78593.0
2023-06-22,2023-06-22,PARMCOS-B,X,35.16,37.94,35.16,37.25,36.06,22,564,20840.0
2023-06-22,2023-06-22,JINDHOT,X,43.29,43.29,40.11,40.35,40.69,29,2561,104557.0
2023-06-22,2023-06-22,SIMMOND,XT,58.22,58.22,54.31,55.46,57.13,58,5915,327560.0
2023-06-22,2023-06-22,BNALTD,X,254.95,254.95,245.1,247.55,252.85,53,1918,475892.0
2023-06-22,2023-06-22,HAWKINCOOK,A,6408.65,6409.0,6352.0,6377.6,6385.9,142,377,2404620.0
2023-06-22,2023-06-22,WARRENTEA,X,52.25,54.0,51.5,52.02,53.37,19,851,45144.0
2023-06-22,2023-06-22,COCHMAL,X,100.7,103.64,98.71,103.64,98.71,14,324,33224.0
2023-06-22,2023-06-22,BESTEAST,X,32.78,34.41,31.15,34.28,32.78,26,255,8582.0
2023-06-22,2023-06-22,NEAGI,X,3350.0,3410.0,3350.0,3409.95,3480.0,6,31,104509.0
2023-06-22,2023-06-22,ISTLTD,X,543.9,543.9,533.5,539.5,544.8,48,689,371191.0
2023-06-22,2023-06-22,COSMOFIRST,A,677.35,694.0,670.4,685.25,677.6,1158,10861,7353023.0
2023-06-22,2023-06-22,APOLLOHOSP,A,5100.0,5151.95,5057.9,5064.35,5118.0,699,3295,16849921.0
2023-06-22,2023-06-22,NITINCAST,XT,501.0,502.95,470.3,488.0,495.05,85,1110,535185.0
2023-06-22,2023-06-22,NEXOME,X,42.5,42.5,39.46,39.51,41.05,8,114,4523.0
2023-06-22,2023-06-22,EVERESTIND,B,924.55,949.5,918.5,941.8,918.45,504,3658,3422160.0
2023-06-22,2023-06-22,IRONWOOD,X,26.5,26.5,26.5,26.5,26.5,2,40,1060.0
2023-06-22,2023-06-22,MSRINDIA,X,10.81,10.81,10.81,10.81,10.3,59,25692,277730.0
2023-06-22,2023-06-22,AYMSYNTEX,B,76.0,76.98,74.4,75.25,74.97,93,4036,306085.0
2023-06-22,2023-06-22,PANCARBON,X,377.0,387.0,370.0,381.4,375.95,352,9243,3522517.0
2023-06-22,2023-06-22,FINKURVE,X,92.5,92.9,91.0,92.9,92.44,31,2164,199783.0
2023-06-22,2023-06-22,HBLEAS,XT,3.74,3.74,3.4,3.74,3.57,31,8118,27693.0
2023-06-22,2023-06-22,SULABEN,X,3.91,4.0,3.86,3.91,3.89,93,18059,71250.0
2023-06-22,2023-06-22,NAVNETEDUL,B,125.3,125.6,123.0,124.2,124.55,170,5356,664747.0
2023-06-22,2023-06-22,SATRAPROP,Z,0.7,0.73,0.68,0.71,0.71,17,18361,12938.0
2023-06-22,2023-06-22,AUSOMENT,B,64.2,64.67,63.81,64.6,65.25,32,1202,77002.0
2023-06-22,2023-06-22,RUCHINFRA,T,8.75,8.83,8.45,8.83,8.41,111,84462,741995.0
2023-06-22,2023-06-22,VOLLF,X,11.77,11.77,11.77,11.77,11.99,1,1,11.0
2023-06-22,2023-06-22,NETLINK,XT,89.0,93.99,89.0,89.28,92.0,33,2488,222752.0
2023-06-22,2023-06-22,LANCORHOL,XT,46.2,46.5,44.0,44.07,46.19,33,31962,1431176.0
2023-06-22,2023-06-22,INDINFO,X,1.64,1.9,1.64,1.9,1.59,5428,14719472,27434161.0
2023-06-22,2023-06-22,BANASFN,X,18.11,18.75,17.5,18.37,18.11,503,179090,3251492.0
2023-06-22,2023-06-22,VISAKAIND,B,94.51,100.0,91.8,93.35,96.07,537,37385,3607998.0
2023-06-22,2023-06-22,INFOMEDIA,B,5.35,5.35,5.33,5.34,5.27,7,8800,47005.0
2023-06-22,2023-06-22,HATHWAYB,XT,17.75,17.75,16.16,17.29,16.99,19,1616,26683.0
2023-06-22,2023-06-22,GUFICBIO,B,229.1,233.75,226.0,227.45,233.3,500,7860,1801764.0
2023-06-22,2023-06-22,INDAG,XT,134.15,137.7,131.25,136.4,134.15,134,8716,1168661.0
2023-06-22,2023-06-22,MMRUBBR-B,X,105.35,107.0,102.61,103.49,105.35,30,882,91788.0
2023-06-22,2023-06-22,PTL,B,34.19,34.19,33.74,33.75,33.98,341,18313,620124.0
2023-06-22,2023-06-22,TVSSRICHAK,B,2931.05,2979.0,2913.05,2923.25,2960.4,300,912,2681822.0
2023-06-22,2023-06-22,SEL,XT,16.95,16.95,16.95,16.95,17.84,10,561,9508.0
2023-06-22,2023-06-22,BENARAS,X,4449.95,4449.95,4339.0,4387.25,4432.55,67,369,1625888.0
2023-06-22,2023-06-22,BHAGWOX,XT,39.89,40.01,37.01,39.0,38.13,36,3257,125430.0
2023-06-22,2023-06-22,BOMOXY-B1,X,11002.0,11142.0,10924.0,11099.8,11152.35,18,32,352322.0
2023-06-22,2023-06-22,CRAVATEX,X,412.5,426.0,412.5,413.0,428.6,82,1498,623473.0
2023-06-22,2023-06-22,BERGEPAINT,A,685.45,685.45,668.15,669.8,683.2,1018,9492,6414596.0
2023-06-22,2023-06-22,CAPRIHANS,X,162.8,167.8,155.6,161.2,162.8,263,21184,3456811.0
2023-06-22,2023-06-22,GRAPHITE,A,423.9,423.9,405.95,408.0,417.5,1922,77304,31928648.0
2023-06-22,2023-06-22,CEMPRO,B,165.6,169.3,161.45,163.35,167.1,1078,58855,9672889.0
2023-06-22,2023-06-22,EMPIND,X,688.0,688.0,681.0,681.9,684.6,49,3699,2526844.0
2023-06-22,2023-06-22,GRAVISSHO,X,34.6,34.6,31.37,33.34,33.05,66,8834,292476.0
2023-06-22,2023-06-22,GARFIBRES,A,3142.55,3166.75,3122.0,3126.7,3129.55,179,487,1525836.0
2023-06-22,2023-06-22,GARWAMAR,X,7.77,8.1,7.77,8.1,7.81,4,302,2383.0
2023-06-22,2023-06-22,GOACARBON,B,550.15,559.5,542.65,544.35,555.8,764,26519,14699240.0
2023-06-22,2023-06-22,HARDCAS,X,372.0,409.95,372.0,409.9,409.45,3,7,2831.0
2023-06-22,2023-06-22,HEG,A,1669.65,1681.05,1587.9,1604.45,1661.4,2204,24074,39162587.0
2023-06-22,2023-06-22,HINDCOMPOS,B,334.0,354.85,334.0,344.8,333.95,251,2434,835413.0
2023-06-22,2023-06-22,BIRLANU,A,3210.0,3210.0,3125.0,3162.4,3181.1,213,651,2054940.0
2023-06-22,2023-06-22,INDIANCARD,B,275.0,275.0,225.0,232.75,230.15,80,821,190914.0
2023-06-22,2023-06-22,INTLCONV,B,71.85,71.85,68.6,69.59,71.75,631,40622,2847540.0
2023-06-22,2023-06-22,JAYSREETEA,B,91.55,92.7,90.14,90.92,91.62,140,7863,715207.0
2023-06-22,2023-06-22,MODRNSH,X,16.25,16.75,16.23,16.7,16.32,30,1829,30349.0
2023-06-22,2023-06-22,HUHTAMAKI,B,289.85,289.85,272.0,275.95,282.65,817,8656,2415571.0
2023-06-22,2023-06-22,PREMSYN,X,16.5,16.5,16.0,16.45,16.36,6,356,5833.0
2023-06-22,2023-06-22,SHALPAINTS,B,149.0,153.8,149.0,152.75,152.0,140,3640,555317.0
2023-06-22,2023-06-22,HINDMILL,X,220.65,226.9,217.35,224.8,228.9,10,163,35682.0
2023-06-22,2023-06-22,SUPREMEIND,A,3049.8,3188.0,3044.7,3170.8,3048.15,1931,10768,33840027.0
2023-06-22,2023-06-22,THACKER,XT,388.5,388.5,388.5,388.5,370.0,7,351,136363.0
2023-06-22,2023-06-22,UPHOT,XT,597.65,597.65,575.35,575.35,597.65,16,615,355304.0
2023-06-22,2023-06-22,VSTIND,A,3503.4,3545.55,3476.75,3522.7,3514.3,242,701,2468608.0
2023-06-22,2023-06-22,SWASTIVI,X,6.66,6.66,6.3,6.35,6.52,269,91447,581933.0
2023-06-22,2023-06-22,MSLGLOBAL,XT,9.95,9.95,9.41,9.5,9.9,20,6881,65367.0
2023-06-22,2023-06-22,YAMNINV,XT,0.65,0.66,0.64,0.64,0.65,581,505734,327988.0
2023-06-22,2023-06-22,PREMCAP,X,3.35,3.41,3.04,3.07,3.28,67,57141,179693.0
2023-06-22,2023-06-22,ZMILGFIN,XT,17.1,17.1,15.48,15.48,16.29,13,2166,36140.0
2023-06-22,2023-06-22,JINDRILL,B,363.0,364.55,347.35,354.0,362.9,944,12699,4498061.0
2023-06-22,2023-06-22,SAKTHIFIN,X,39.0,39.01,38.0,38.0,38.5,42,6188,235721.0
2023-06-22,2023-06-22,AEROENTER,B,84.5,85.0,81.1,82.83,83.42,822,63335,5258675.0
2023-06-22,2023-06-22,JMDVL,XT,24.8,24.9,24.03,24.52,24.52,104,40150,980784.0
2023-06-22,2023-06-22,SHIVATEX,B,127.95,129.65,122.85,125.45,126.95,149,4271,543867.0
2023-06-22,2023-06-22,VBDESAI,X,8.3,8.51,8.3,8.51,8.73,4,300,2532.0
2023-06-22,2023-06-22,QUADRANT,X,0.84,0.84,0.8,0.81,0.82,398,776380,633038.0
2023-06-22,2023-06-22,1STCUS,XT,36.01,36.01,36.0,36.0,36.0,2,67,2412.0
2023-06-22,2023-06-22,KAMANWALA,X,9.2,9.7,8.7,9.2,9.29,16,4749,45014.0
2023-06-22,2023-06-22,WSFX,X,39.99,40.98,38.82,39.04,40.36,14,348,13647.0
2023-06-22,2023-06-22,ANJANIFOODS,XT,25.0,25.0,23.1,24.5,24.16,32,2683,63618.0
2023-06-22,2023-06-22,PARSHWANA,X,51.69,51.69,51.69,51.69,49.23,3,180,9304.0
2023-06-22,2023-06-22,MILLENNIUM,XT,1.86,1.91,1.73,1.73,1.82,47,21995,40263.0
2023-06-22,2023-06-22,ICDSLTD,T,28.98,28.98,26.79,26.79,28.2,17,1054,28255.0
2023-06-22,2023-06-22,CANFINHOME,A,744.4,755.7,730.6,732.95,744.4,1327,19363,14392228.0
2023-06-22,2023-06-22,IVC,B,8.0,8.0,7.65,7.69,7.79,309,79149,611067.0
2023-06-22,2023-06-22,SHRIRAMFIN,A,1764.0,1764.0,1692.1,1717.15,1734.2,8247,147670,254662231.0
2023-06-22,2023-06-22,CHOLAFIN,A,1153.9,1153.9,1095.65,1099.95,1133.65,1540,30866,34268939.0
2023-06-22,2023-06-22,VLSFINANCE,B,154.2,154.65,150.0,151.35,153.6,280,6862,1040791.0
2023-06-22,2023-06-22,INDCEMCAP,XT,11.75,11.75,11.14,11.15,11.72,49,8382,94226.0
2023-06-22,2023-06-22,ADMANUM,X,49.49,49.49,49.49,49.49,49.49,1,1,49.0
2023-06-22,2023-06-22,MEHIF,XT,22.5,22.5,22.5,22.5,23.5,3,451,10147.0
2023-06-22,2023-06-22,INTRGLB,X,24.73,24.73,24.73,24.73,24.73,1,1,24.0
2023-06-22,2023-06-22,MCLTD,X,5.6,5.6,5.6,5.6,5.34,2,225,1260.0
2023-06-22,2023-06-22,SHRISTI,X,22.0,22.35,20.65,21.55,22.0,19,534,11478.0
2023-06-22,2023-06-22,CREST,B,246.0,246.0,225.0,228.85,242.55,1316,20122,4688662.0
2023-06-22,2023-06-22,VAKRANGEE,T,16.5,16.7,16.1,16.19,16.54,3704,506017,8204578.0
2023-06-22,2023-06-22,GUJCRED,XT,22.04,22.97,22.04,22.97,22.97,3,7,158.0
2023-06-22,2023-06-22,SYLPH,X,3.19,3.38,3.09,3.19,3.12,1358,1016817,3310112.0
2023-06-22,2023-06-22,ALEXANDER,X,16.99,16.99,15.11,15.97,16.19,294,38359,605976.0
2023-06-22,2023-06-22,INDBANK,B,25.32,25.54,25.07,25.23,25.36,127,12444,315222.0
2023-06-22,2023-06-22,SHRYDUS,XT,38.3,40.12,36.5,37.84,38.3,45,14634,553299.0
2023-06-22,2023-06-22,BHARAT,X,24.88,25.5,24.0,24.16,24.88,29,2306,55703.0
2023-06-22,2023-06-22,CAPTRUST,B,77.0,77.0,74.5,75.44,75.63,91,4867,368514.0
2023-06-22,2023-06-22,USHAKIRA,XT,21.0,21.0,20.25,20.25,21.0,3,400,8110.0
2023-06-22,2023-06-22,VIVOBIOT,X,29.06,29.6,29.06,29.18,29.65,30,1887,55677.0
2023-06-22,2023-06-22,VEERHEALTH,X,32.69,32.69,30.95,30.95,31.23,37,6275,196672.0
2023-06-22,2023-06-22,PANINDIAC,XT,2.32,2.32,2.14,2.18,2.24,198,92155,201787.0
2023-06-22,2023-06-22,SAHARAHOUS,X,51.0,52.9,48.8,50.3,50.39,16,794,39591.0
2023-06-22,2023-06-22,NDASEC,X,11.74,11.74,11.74,11.74,12.35,2,2600,30524.0
2023-06-22,2023-06-22,SUPRATRE,XT,26.39,26.39,26.39,26.39,25.14,1,150,3958.0
2023-06-22,2023-06-22,GSBFIN,X,12.51,12.51,12.5,12.5,11.92,10,10535,131781.0
2023-06-22,2023-06-22,MORARKFI,X,120.5,122.0,118.0,120.2,120.2,27,779,93001.0
2023-06-22,2023-06-22,MONARCH,B,243.9,244.85,234.4,238.65,244.0,448,150898,35471923.0
2023-06-22,2023-06-22,PROFINC,X,1.09,1.1,1.06,1.07,1.07,206,429442,459965.0
2023-06-22,2023-06-22,TEAMGTY,B,57.23,57.23,55.11,55.75,57.23,13,429,23953.0
2023-06-22,2023-06-22,BEFOUNDMOL,X,2.16,2.16,2.16,2.16,2.16,4,1020,2203.0
2023-06-22,2023-06-22,AVONMORE,B,73.98,76.89,72.2,74.21,73.33,213,10402,781094.0
2023-06-22,2023-06-22,LIBORDFIN,X,6.29,6.94,6.28,6.75,6.61,16,2406,15853.0
2023-06-22,2023-06-22,YASHMGM,X,17.7,18.4,16.1,16.61,17.1,107,26606,443327.0
2023-06-22,2023-06-22,ARIHANTCAP,B,39.99,39.99,38.04,38.25,38.52,106,38397,1470914.0
2023-06-22,2023-06-22,ISLCONSUL,X,24.5,24.5,24.5,24.5,24.39,2,1080,26460.0
2023-06-22,2023-06-22,DCMFINSERV,T,4.85,4.85,4.75,4.8,4.85,10,2361,11275.0
2023-06-22,2023-06-22,RRFIN,XT,9.52,9.99,9.52,9.6,9.52,12,612,6021.0
2023-06-22,2023-06-22,FEDDERSHOL,XT,435.0,448.0,435.0,440.4,435.0,26,1290,566303.0
2023-06-22,2023-06-22,SAMBHAAV,B,2.99,3.1,2.99,3.06,3.05,17,15350,46416.0
2023-06-22,2023-06-22,OMEGAIN,X,71.3,71.3,71.3,71.3,64.82,5,682,48626.0
2023-06-22,2023-06-22,SUGALDAM,X,13.8,14.49,13.8,14.49,13.8,5,202,2795.0
2023-06-22,2023-06-22,NETTLINX,X,90.9,90.9,87.05,90.76,90.02,140,14215,1255688.0
2023-06-22,2023-06-22,SCANSTL,X,36.59,37.7,35.31,36.52,36.18,93,12760,465050.0
2023-06-22,2023-06-22,GICHSGFIN,B,183.65,189.0,182.65,186.5,181.25,1900,88514,16439333.0
2023-06-22,2023-06-22,MATHEWE,X,5.76,5.76,5.76,5.76,5.49,3,201,1157.0
2023-06-22,2023-06-22,AJCON,XT,31.29,31.29,28.45,30.53,29.8,21,11254,322283.0
2023-06-22,2023-06-22,CHRTEDCA,X,135.0,135.0,130.35,130.35,136.85,5,111,14701.0
2023-06-22,2023-06-22,STANCAP,XT,65.05,65.05,58.87,58.89,61.96,94,8624,513488.0
2023-06-22,2023-06-22,YOGI,X,29.45,29.5,27.31,28.75,28.1,50,25372,740034.0
2023-06-22,2023-06-22,CUBIFIN,X,1.76,1.76,1.64,1.7,1.72,61,30767,51736.0
2023-06-22,2023-06-22,RELICTEC,X,22.0,22.0,21.46,21.46,21.46,4,36,773.0
2023-06-22,2023-06-22,NIMBSPROJ,X,34.95,34.95,32.99,33.03,34.72,7,373,12310.0
2023-06-22,2023-06-22,INVIGO,X,7.71,7.71,7.71,7.71,7.35,21,6043,46591.0
2023-06-22,2023-06-22,BAIDFIN,B,40.01,43.0,39.19,40.35,40.8,345,171832,7117691.0
2023-06-22,2023-06-22,VIPULLTD,B,14.79,14.8,13.85,13.9,14.3,23,2262,31730.0
2023-06-22,2023-06-22,KZLFIN,X,17.2,17.2,16.35,16.78,17.2,2,20,335.0
2023-06-22,2023-06-22,BYLD,XT,19.42,19.42,19.42,19.42,18.5,2,20,388.0
2023-06-22,2023-06-22,USHDI,X,1.09,1.15,1.07,1.09,1.09,73,72779,80673.0
2023-06-22,2023-06-22,RFL,XT,170.0,170.0,170.0,170.0,177.4,2,200,34000.0
2023-06-22,2023-06-22,UGROCAP,B,232.8,235.3,226.8,227.85,233.25,995,31681,7277927.0
2023-06-22,2023-06-22,SAHLIBHFI,X,140.9,140.9,134.0,134.4,135.0,22,469,63599.0
2023-06-22,2023-06-22,SEVENHILL,X,0.54,0.54,0.52,0.54,0.53,398,319544,171286.0
2023-06-22,2023-06-22,AASTAFIN,X,34.99,34.99,31.1,32.42,31.1,44,20965,673832.0
2023-06-22,2023-06-22,MUTHOOTCAP,B,390.7,398.75,384.7,392.3,398.65,895,12525,4906231.0
2023-06-22,2023-06-22,MASTERTR,X,300.0,300.0,292.05,292.15,307.4,432,27532,8106400.0
2023-06-22,2023-06-22,EFCIL,XT,929.45,929.45,860.1,883.0,903.45,29,809,710835.0
2023-06-22,2023-06-22,TTGIL,X,2.37,2.37,2.28,2.33,2.37,174,35406,82209.0
2023-06-22,2023-06-22,ZSARACOM,X,2375.2,2514.0,2375.2,2416.55,2432.95,49,200,490007.0
2023-06-22,2023-06-22,SKYBIOTECH,XT,140.8,140.8,140.8,140.8,148.2,1,1,140.0
2023-06-22,2023-06-22,ROYALIND,XT,3.28,3.3,3.28,3.28,3.45,5,7682,25199.0
2023-06-22,2023-06-22,DHANSAFAL,X,3.73,3.86,3.6,3.74,3.67,528,279216,1053119.0
2023-06-22,2023-06-22,DECNGOLD,X,52.5,54.0,48.51,49.31,49.73,1075,457342,23385614.0
2023-06-22,2023-06-22,UPL,A,686.05,686.05,671.15,674.25,686.05,1477,25486,17291942.0
2023-06-22,2023-06-22,CRANESSOFT,X,2.77,2.89,2.7,2.72,2.77,165,46412,130608.0
2023-06-22,2023-06-22,SAICOM,X,0.47,0.47,0.45,0.47,0.46,215,791841,367025.0
2023-06-22,2023-06-22,NIDHGRN,XT,64.54,70.0,64.54,70.0,67.93,7,270,17431.0
2023-06-22,2023-06-22,SIGIND,T,53.0,53.0,50.35,50.5,52.16,62,7348,380882.0
2023-06-22,2023-06-22,SECURKLOUD,B,39.15,39.75,38.15,38.5,39.23,172,10185,395899.0
2023-06-22,2023-06-22,ABANSENT,X,204.0,204.0,190.0,197.9,200.9,332,96544,19008967.0
2023-06-22,2023-06-22,CAPRICORN,X,8.2,8.6,7.8,8.6,8.2,17,1400,11519.0
2023-06-22,2023-06-22,VAMA,X,5.0,5.18,4.95,5.04,5.07,91,21377,108784.0
2023-06-22,2023-06-22,SUNTECK,A,282.0,282.0,271.5,275.45,280.05,2268,48747,13474647.0
2023-06-22,2023-06-22,SILVERO,Z,2.1,2.21,2.1,2.21,2.21,5,240,528.0
2023-06-22,2023-06-22,PRISMMEDI,XT,24.76,26.5,24.7,25.0,26.0,62,20553,510836.0
2023-06-22,2023-06-22,VERITAS,XT,180.0,183.6,176.4,179.35,180.0,106,9477,1713596.0
2023-06-22,2023-06-22,JAICORPLTD,A,171.95,172.5,166.25,168.05,171.75,1398,72123,12239207.0
2023-06-22,2023-06-22,ASHCAP,XT,5.0,5.01,4.99,5.01,4.78,201,109068,545733.0
2023-06-22,2023-06-22,SVARTCORP,X,2.81,2.84,2.73,2.79,2.8,214,115311,321110.0
2023-06-22,2023-06-22,MMWL,B,12.2,12.35,12.07,12.1,12.2,101,25361,308139.0
2023-06-22,2023-06-22,BHAGYANGR,B,60.0,62.0,55.2,55.89,59.17,703,101556,5966111.0
2023-06-22,2023-06-22,SHANTAI,X,27.61,27.61,27.61,27.61,26.3,2,10,276.0
2023-06-22,2023-06-22,CHMBBRW,X,3.01,3.49,3.01,3.06,3.25,13,4987,15570.0
2023-06-22,2023-06-22,SGMART,XT,1827.25,1827.25,1827.25,1827.25,1791.45,5,61,111462.0
2023-06-22,2023-06-22,ARAVALIS,X,4.0,4.0,3.8,3.8,4.0,6,1060,4078.0
2023-06-22,2023-06-22,CRSL,B,27.65,28.43,27.22,27.65,27.56,1130,3148504,87230142.0
2023-06-22,2023-06-22,STARTECK,B,134.0,134.7,125.8,127.1,131.2,142,11653,1539327.0
2023-06-22,2023-06-22,SHARDUL,X,93.97,93.97,93.0,93.0,90.5,2,20,1869.0
2023-06-22,2023-06-22,SERA,XT,12.36,12.36,12.36,12.36,13.01,232,34837,430585.0
2023-06-22,2023-06-22,NIRAVCOM,X,476.95,476.95,432.25,474.5,455.0,5,10,4455.0
2023-06-22,2023-06-22,APOLLOFI,X,502.0,502.05,490.45,496.45,495.7,27,159,79062.0
2023-06-22,2023-06-22,ENBETRD,XT,17.3,17.62,15.96,17.49,16.79,16,1332,23416.0
2023-06-22,2023-06-22,SHRJAGP,X,671.0,679.5,656.0,663.1,676.1,154,1634,1091499.0
2023-06-22,2023-06-22,LLOYDSME,A,377.85,377.85,369.0,375.1,376.7,1034,88370,33080616.0
2023-06-22,2023-06-22,LLOYDSENT,X,15.1,15.75,14.32,14.7,15.0,2117,1332612,20022943.0
2023-06-22,2023-06-22,BETXIND,XT,108.01,116.0,108.01,111.49,113.0,62,3449,382448.0
2023-06-22,2023-06-22,VIRYA,XT,409.6,409.6,409.6,409.6,390.1,2,40,16384.0
2023-06-22,2023-06-22,POLYTEX,X,3.11,3.11,2.99,3.0,3.11,8,4145,12458.0
2023-06-22,2023-06-22,DHANCOT,XT,80.0,84.99,80.0,83.0,82.5,8,643,54521.0
2023-06-22,2023-06-22,OASISEC,XT,110.95,112.0,101.7,101.85,107.05,27,1119,119622.0
2023-06-22,2023-06-22,GARNETINT,X,57.94,57.94,55.52,56.5,56.78,8,385,21670.0
2023-06-22,2023-06-22,SHALPRO,X,0.49,0.49,0.49,0.49,0.49,301,192407,94279.0
2023-06-22,2023-06-22,DONEAR,B,96.0,98.0,92.63,94.51,95.25,379,19980,1902082.0
2023-06-22,2023-06-22,SUPER,X,871.0,871.0,855.0,860.5,871.6,33,398,344142.0
2023-06-22,2023-06-22,VIYASH,A,80.05,90.35,80.05,89.34,80.59,10864,1291674,112401230.0
2023-06-22,2023-06-22,STCINDIA,B,81.8,81.8,74.25,78.27,80.12,79,4259,337473.0
2023-06-22,2023-06-22,ZENITHEXPO,T,109.0,109.05,109.0,109.0,114.73,17,280,30520.0
2023-06-22,2023-06-22,KOHINOOR,T,38.19,38.7,38.0,38.35,38.19,39,4116,157131.0
2023-06-22,2023-06-22,AVANTIFEED,A,392.65,398.1,388.45,391.4,388.1,668,17653,6936162.0
2023-06-22,2023-06-22,ZODJRDMKJ,X,35.75,35.75,34.01,34.01,34.01,29,2386,81345.0
2023-06-22,2023-06-22,SITAENT,X,15.15,15.4,13.54,14.02,14.0,39,4349,62725.0
2023-06-22,2023-06-22,PULSRIN,XT,103.1,103.1,95.0,103.1,98.2,35,1393,143113.0
2023-06-22,2023-06-22,MANBRO,XT,104.23,104.23,104.23,104.23,99.27,2,55,5732.0
2023-06-22,2023-06-22,KEYFINSERV,B,94.93,94.93,94.93,94.93,95.95,1,1,94.0
2023-06-22,2023-06-22,ADANIENT,A,2415.1,2448.5,2360.0,2395.9,2406.95,16625,306669,738458062.0
2023-06-22,2023-06-22,HARIAEXPO,X,4.45,5.2,4.45,4.51,4.8,10,1531,7173.0
2023-06-22,2023-06-22,BHANDARI,B,4.71,4.95,4.71,4.84,4.83,164,51045,247083.0
2023-06-22,2023-06-22,RLF,XT,7.12,7.12,7.12,7.12,7.12,1,2,14.0
2023-06-22,2023-06-22,REGENTRP,X,3.15,3.51,3.15,3.36,3.2,104,38760,132224.0
2023-06-22,2023-06-22,ORBTEXP,B,182.15,183.8,174.5,178.3,183.2,279,3778,673111.0
2023-06-22,2023-06-22,SAVERA,X,80.94,80.95,77.5,78.31,78.6,125,12075,967600.0
2023-06-22,2023-06-22,CHROME,XT,54.0,54.0,49.05,51.92,51.45,9,230,11947.0
2023-06-22,2023-06-22,TATASTLLP,A,675.0,675.05,655.0,661.95,679.4,621,9488,6281770.0
2023-06-22,2023-06-22,NAVA,A,317.25,334.45,316.0,329.25,316.85,2690,107165,35048619.0
2023-06-22,2023-06-22,REMIEDEL,X,47.8,47.8,41.0,42.66,42.45,29,2185,91728.0
2023-06-22,2023-06-22,GSAUTO,X,22.15,24.0,20.5,22.66,21.75,965,217418,4967873.0
2023-06-22,2023-06-22,TRANSFRE,XT,19.89,19.9,19.0,19.05,19.0,25,4196,81726.0
2023-06-22,2023-06-22,SBCL,B,639.0,675.1,639.0,647.2,645.8,932,31934,21242217.0
2023-06-22,2023-06-22,GANDHITUBE,B,603.8,603.8,577.85,584.0,592.95,314,2130,1242247.0
2023-06-22,2023-06-22,AMFORG,X,5.25,5.34,5.1,5.2,5.15,35,2703,13910.0
2023-06-22,2023-06-22,ONIXSOLAR,XT,38.0,41.79,38.0,40.0,39.99,24,943,36791.0
2023-06-22,2023-06-22,ORICONENT,B,24.73,25.47,24.44,24.88,24.73,202,32704,817368.0
2023-06-22,2023-06-22,ACROW,XT,884.0,885.0,884.0,885.0,885.95,3,38,33610.0
2023-06-22,2023-06-22,STLSTRINF,X,20.45,20.45,19.52,19.7,20.15,13,1263,25664.0
2023-06-22,2023-06-22,PENIND,B,82.5,82.5,76.93,77.94,79.49,585,61565,4804763.0
2023-06-22,2023-06-22,JYOTISTRUC,T,8.6,8.6,7.85,7.85,8.26,714,729438,5917344.0
2023-06-22,2023-06-22,JAYUSH,X,673.75,679.95,630.5,670.75,655.0,159,11613,7372753.0
2023-06-22,2023-06-22,SSWL,A,186.0,197.95,186.0,192.95,186.8,2964,169817,32853642.0
2023-06-22,2023-06-22,MANINDS,B,144.35,146.65,140.3,141.2,143.55,555,15914,2289283.0
2023-06-22,2023-06-22,MDRNSTL,X,15.44,15.44,15.0,15.29,14.72,39,1603,24277.0
2023-06-22,2023-06-22,BELDING,XT,172.25,177.95,168.1,172.95,172.25,46,1509,256427.0
2023-06-22,2023-06-22,GOLKONDA,Z,18.49,18.49,17.55,18.39,18.47,5,1103,19452.0
2023-06-22,2023-06-22,METALFORGE,Z,2.8,2.84,2.8,2.82,2.77,5,5,14.0
2023-06-22,2023-06-22,GUJTLRM,XT,14.0,15.22,13.78,14.96,14.5,29,37785,550268.0
2023-06-22,2023-06-22,AJMERA,B,372.15,378.05,359.2,370.3,372.15,457,9508,3502304.0
2023-06-22,2023-06-22,COCHINM,X,310.2,314.75,305.55,308.0,310.2,350,19596,6064592.0
2023-06-22,2023-06-22,INDIAHOMES,XT,1.93,1.93,1.81,1.81,1.9,242,127927,233137.0
2023-06-22,2023-06-22,KVFORGE,X,55.0,55.0,51.52,53.19,53.88,36,2064,110860.0
2023-06-22,2023-06-22,CARBORUNIV,A,1220.7,1240.15,1182.0,1218.05,1218.85,1666,9545,11664059.0
2023-06-22,2023-06-22,MMTC,A,32.71,33.57,32.61,32.85,33.26,728,218952,7226753.0
2023-06-22,2023-06-22,ASHIS,X,31.5,31.99,31.12,31.29,31.28,30,2955,93502.0
2023-06-22,2023-06-22,PMTELELIN,X,6.99,6.99,6.39,6.39,6.23,26,3680,23832.0
2023-06-22,2023-06-22,SMFIL,X,3.77,3.92,3.22,3.31,3.7,200,139468,478065.0
2023-06-22,2023-06-22,BLOIN,X,24.5,24.5,24.5,24.5,24.5,1,10,245.0
2023-06-22,2023-06-22,MAITRI,XT,25.5,26.73,24.3,25.77,25.46,21,958,24964.0
2023-06-22,2023-06-22,TATAMETALI,A,787.75,792.65,777.2,785.15,797.85,383,4347,3416139.0
2023-06-22,2023-06-22,SHAHALLOYS,B,42.4,42.4,40.8,40.84,41.65,122,5123,211753.0
2023-06-22,2023-06-22,JSWISPL,B,33.25,34.1,33.25,33.5,33.91,282,41324,1389464.0
2023-06-22,2023-06-22,ELANGO,XT,5.5,5.5,5.31,5.31,5.58,6,56,299.0
2023-06-22,2023-06-22,KANSHST,X,25.98,26.0,24.86,25.75,25.26,23,2299,59012.0
2023-06-22,2023-06-22,MAHALXSE,Z,7.31,8.03,7.31,7.31,7.66,9,1328,9794.0
2023-06-22,2023-06-22,SIMPLEXCAS,X,48.0,48.0,44.0,45.08,46.05,15,1874,86803.0
2023-06-22,2023-06-22,SSWRL,X,38.99,38.99,36.1,37.0,37.61,23,2231,82784.0
2023-06-22,2023-06-22,BAROEXT,XT,2.95,2.97,2.86,2.87,2.94,100,49383,143242.0
2023-06-22,2023-06-22,GUJCONT,P,183.5,183.65,170.1,170.1,174.95,15,1600,290270.0
2023-06-22,2023-06-22,KALYANIFRG,T,244.05,244.05,240.0,240.0,240.2,7,117,28531.0
2023-06-22,2023-06-22,PANCHMAHQ,X,129.45,129.6,124.75,129.15,128.0,26,644,82629.0
2023-06-22,2023-06-22,ADITYA,X,8.55,8.95,8.45,8.76,8.55,26,16131,141294.0
2023-06-22,2023-06-22,SRIND,XT,1.98,1.98,1.88,1.97,1.93,10,1558,2931.0
2023-06-22,2023-06-22,STEELCAS,B,486.45,488.5,485.0,485.55,486.0,207,2016,980567.0
2023-06-22,2023-06-22,PITTIENG,B,368.5,369.45,358.75,360.95,368.3,758,12810,4669135.0
2023-06-22,2023-06-22,GLITTEKG,X,3.08,3.08,2.95,3.08,3.09,5,76,228.0
2023-06-22,2023-06-22,PRADPME,X,155.95,162.3,154.95,158.0,154.05,236,26377,4169114.0
2023-06-22,2023-06-22,GNRL,X,14.7,14.7,14.0,14.14,13.97,34,4104,57830.0
2023-06-22,2023-06-22,SHRDAIS,XT,73.93,74.0,70.24,74.0,73.93,12,338,23931.0
2023-06-22,2023-06-22,MAHASTEEL,T,77.0,79.0,75.2,78.89,78.38,36,2076,161502.0
2023-06-22,2023-06-22,NOVIS,XT,9.83,10.85,9.83,10.8,10.34,47,7930,84615.0
2023-06-22,2023-06-22,STERPOW,XT,14.38,14.38,14.38,14.38,13.7,16,2313,33260.0
2023-06-22,2023-06-22,HINDCOPPER,A,117.45,117.8,114.8,115.2,115.65,2854,354113,41205903.0
2023-06-22,2023-06-22,TULSYAN,XT,64.03,65.0,60.0,60.02,62.99,104,17999,1103867.0
2023-06-22,2023-06-22,AXELPOLY,XT,45.25,47.0,45.25,45.69,46.9,5,204,9325.0
2023-06-22,2023-06-22,NLCINDIA,A,99.46,101.28,97.25,97.65,99.51,1888,605731,60491494.0
2023-06-22,2023-06-22,KAJARIR,X,46.0,46.49,43.56,44.22,45.08,92,4372,195013.0
2023-06-22,2023-06-22,SOLIDSTON,X,26.73,27.0,22.2,26.79,26.83,69,7470,193713.0
2023-06-22,2023-06-22,SHILGRAVQ,X,108.4,108.4,100.0,100.84,104.92,197,39030,3959080.0
2023-06-22,2023-06-22,WHITEORG,X,7.0,7.0,6.8,6.83,6.89,213,70247,486298.0
2023-06-22,2023-06-22,HGIND,X,144.1,144.1,144.1,144.1,137.25,5,114,16427.0
2023-06-22,2023-06-22,AROGRANITE,B,44.5,45.89,43.0,43.56,44.0,232,42995,1916426.0
2023-06-22,2023-06-22,RUDRAECO,X,5.99,5.99,5.53,5.75,5.79,30,8085,46471.0
2023-06-22,2023-06-22,RAJKSYN,X,27.85,27.85,26.01,26.01,26.15,15,5005,131084.0
2023-06-22,2023-06-22,DEEPAKSP,X,245.6,245.6,237.0,239.25,239.6,96,4092,976601.0
2023-06-22,2023-06-22,LOYALTEX,B,685.05,693.5,685.0,693.5,694.5,3,7,4803.0
2023-06-22,2023-06-22,HIMATSEIDE,B,119.99,119.99,113.43,114.29,118.19,479,28460,3279248.0
2023-06-22,2023-06-22,BSL,B,194.7,199.1,193.25,193.45,193.8,56,1149,226063.0
2023-06-22,2023-06-22,PBMPOLY,X,84.55,87.1,84.55,85.44,87.1,24,735,63276.0
2023-06-22,2023-06-22,ADINATH,XT,24.05,25.0,24.0,25.0,24.11,34,1414,34683.0
2023-06-22,2023-06-22,SURYALA,X,1314.9,1314.9,1256.9,1266.4,1269.25,343,3471,4417168.0
2023-06-22,2023-06-22,TTL,B,76.95,78.9,76.45,77.03,77.4,42,1183,91600.0
2023-06-22,2023-06-22,WELSPUNLIV,A,92.9,93.45,91.81,92.26,92.85,632,67527,6260838.0
2023-06-22,2023-06-22,INDIANACRY,XT,15.8,15.8,14.93,14.94,15.71,524,271741,4079983.0
2023-06-22,2023-06-22,GANECOS,B,1060.55,1130.0,1052.55,1110.55,1081.35,2642,24160,26447921.0
2023-06-22,2023-06-22,CEETAIN,XT,19.9,19.91,19.9,19.91,18.97,6,2105,41907.0
2023-06-22,2023-06-22,VARDMNPOLY,T,50.58,51.63,50.0,51.5,49.18,32,5657,287630.0
2023-06-22,2023-06-22,BLACKROSE,X,143.2,144.5,140.8,142.55,143.1,540,13252,1881607.0
2023-06-22,2023-06-22,STCORP,XT,44.2,45.0,43.66,43.67,45.95,195,90816,3977593.0
2023-06-22,2023-06-22,BINNY,X,277.95,277.95,261.0,269.35,270.9,138,4193,1120566.0
2023-06-22,2023-06-22,RAMGOPOLY,XT,4.38,4.59,4.17,4.2,4.38,17,2481,10728.0
2023-06-22,2023-06-22,SANGAMIND,B,305.95,314.75,298.0,303.55,308.25,560,11949,3635762.0
2023-06-22,2023-06-22,MKVENTURES,X,1135.0,1146.95,1124.0,1132.0,1134.35,48,389,441579.0
2023-06-22,2023-06-22,KUSHIND,X,6.1,6.1,6.05,6.05,5.9,14,2127,12959.0
2023-06-22,2023-06-22,SRECR,P,47.07,48.6,47.07,48.34,47.07,3,300,14401.0
2023-06-22,2023-06-22,SEASONST,X,14.2,14.2,14.2,14.2,14.36,8,1401,19894.0
2023-06-22,2023-06-22,ZENIFIB,X,63.98,63.98,61.62,62.53,63.2,58,2093,130967.0
2023-06-22,2023-06-22,BHILSPIN,X,42.99,43.0,42.01,42.31,41.61,29,3009,128718.0
2023-06-22,2023-06-22,VGL,B,21.4,21.4,20.1,20.41,20.78,31,2077,42633.0
2023-06-22,2023-06-22,SANTETX,XT,72.36,72.36,72.0,72.0,69.23,3,35,2520.0
2023-06-22,2023-06-22,ASHIMASYN,B,14.76,15.83,14.6,15.57,14.9,259,73763,1132562.0
2023-06-22,2023-06-22,PIONEEREMB,B,39.29,39.29,38.46,39.0,39.0,17,473,18371.0
2023-06-22,2023-06-22,VIPPYSP,X,159.0,165.9,158.85,162.2,162.05,56,3277,532170.0
2023-06-22,2023-06-22,JAIHIND,XT,20.9,20.9,20.9,20.9,20.9,1,2,41.0
2023-06-22,2023-06-22,RAGHUSYN,X,155.0,158.4,150.55,153.55,152.95,81,3431,526843.0
2023-06-22,2023-06-22,KAMADGIRI,X,80.87,80.87,76.5,77.14,77.6,18,1081,85861.0
2023-06-22,2023-06-22,PATSPINLTD,X,11.6,12.65,11.6,12.44,12.07,35,10299,127472.0
2023-06-22,2023-06-22,ONEGLOBAL,X,35.57,35.57,31.1,31.52,32.6,34,2176,69368.0
2023-06-22,2023-06-22,NEOINFRA,X,10.99,10.99,10.5,10.5,10.67,14,8573,93329.0
2023-06-22,2023-06-22,PREMIERPOL,B,96.0,96.0,92.65,93.27,94.96,45,1847,174607.0
2023-06-22,2023-06-22,EVERFIN,X,36.0,43.74,36.0,38.52,37.28,27,1157,45391.0
2023-06-22,2023-06-22,KRRAIL,XT,475.1,500.0,475.1,497.5,497.5,100,3143,1562907.0
2023-06-22,2023-06-22,YARNSYN,XT,30.61,31.0,29.51,29.69,30.61,16,766,22844.0
2023-06-22,2023-06-22,GUJCOTEX,X,3.61,3.8,3.54,3.75,3.7,108,37364,137445.0
2023-06-22,2023-06-22,GARWSYN,X,12.27,12.27,12.27,12.27,11.69,6,4752,58307.0
2023-06-22,2023-06-22,SARUPINDUS,XT,24.15,26.5,24.15,26.5,25.37,3,251,6064.0
2023-06-22,2023-06-22,MANORG,B,415.9,445.15,403.95,427.9,432.4,180,3547,1513377.0
2023-06-22,2023-06-22,HINDADH,X,200.15,205.0,198.15,199.75,200.15,70,2684,536047.0
2023-06-22,2023-06-22,SRIKPRIND,X,16.9,17.24,16.8,17.19,16.83,36,13435,227021.0
2023-06-22,2023-06-22,JYOTIRES,B,1400.0,1400.0,1350.0,1363.7,1388.5,1897,13910,19069558.0
2023-06-22,2023-06-22,MHLXMIRU,B,249.0,249.7,234.3,236.15,246.8,271,2699,642473.0
2023-06-22,2023-06-22,SOUTLAT,XT,22.4,22.4,22.38,22.38,22.46,2,27,604.0
2023-06-22,2023-06-22,WINSOMTX,B,63.2,64.73,62.61,62.99,64.62,58,3418,216539.0
2023-06-22,2023-06-22,MODINSU,XT,52.17,55.0,52.0,53.04,53.92,92,40156,2128654.0
2023-06-22,2023-06-22,ASAHIINDIA,A,487.2,492.55,474.7,479.95,489.55,714,11338,5472066.0
2023-06-22,2023-06-22,MURUDCERA,T,45.0,45.0,43.25,43.32,44.06,84,16260,718181.0
2023-06-22,2023-06-22,SEKURITIND,X,102.98,103.9,100.5,101.68,101.29,889,125545,12844039.0
2023-06-22,2023-06-22,ANANTRAJ,A,167.7,169.6,163.55,166.85,168.15,1472,66376,11053709.0
2023-06-22,2023-06-22,MADHUDIN,XT,30.7,31.49,29.25,30.08,30.71,41,6432,195163.0
2023-06-22,2023-06-22,RESTILE,X,4.11,4.3,4.05,4.13,4.11,43,36171,147576.0
2023-06-22,2023-06-22,MADHAV,B,43.7,44.1,42.97,43.43,43.31,29,4655,200067.0
2023-06-22,2023-06-22,RAMASIGNS,X,3.35,3.35,2.91,3.06,3.21,84,71152,218708.0
2023-06-22,2023-06-22,HINDNATGLS,T,13.39,13.39,12.52,13.39,12.76,104,108185,1446872.0
2023-06-22,2023-06-22,HALDYNGL,X,77.99,77.99,74.16,75.33,76.57,568,77237,5855402.0
2023-06-22,2023-06-22,DUROPLY,XT,208.75,211.45,200.1,206.45,209.1,107,7191,1480670.0
2023-06-22,2023-06-22,SHREYANIND,T,222.8,226.85,217.15,219.2,221.65,43,3085,681375.0
2023-06-22,2023-06-22,AGIOPAPER,X,3.86,3.86,3.86,3.86,3.86,4,251,968.0
2023-06-22,2023-06-22,STARPAPER,B,175.55,175.8,172.85,173.7,175.4,184,2150,374659.0
2023-06-22,2023-06-22,PAKKA,X,111.0,112.9,106.15,110.5,111.15,880,105907,11645349.0
2023-06-22,2023-06-22,NATPLY,Z,4.92,4.92,4.92,4.92,4.92,4,1612,7931.0
2023-06-22,2023-06-22,ARROWGREEN,B,347.35,347.7,331.5,338.35,344.75,425,5635,1896523.0
2023-06-22,2023-06-22,VISHNU,B,342.0,347.5,336.3,339.95,340.95,599,11730,3991806.0
2023-06-22,2023-06-22,JUMBO,X,23.0,23.0,21.51,22.78,22.8,29,3552,79312.0
2023-06-22,2023-06-22,NRAIL,B,286.3,292.95,284.1,292.55,283.5,91,1259,364084.0
2023-06-22,2023-06-22,3PLAND,T,20.6,21.68,19.8,19.8,20.65,25,3344,70815.0
2023-06-22,2023-06-22,SANPA,XT,168.0,168.0,153.65,153.65,161.7,15,543,84917.0
2023-06-22,2023-06-22,SHKARTP,X,7.31,7.48,7.3,7.46,7.31,15,1881,13967.0
2023-06-22,2023-06-22,STHINPA,X,107.9,107.9,105.0,105.15,106.3,40,4402,465458.0
2023-06-22,2023-06-22,FAMILYCARE,XT,7.66,7.66,7.57,7.66,7.3,3421,3091194,23674314.0
2023-06-22,2023-06-22,VINDHYATEL,B,1919.75,1936.05,1900.0,1906.6,1919.8,351,3975,7595758.0
2023-06-22,2023-06-22,RIR,XT,492.6,509.0,484.4,493.7,499.5,168,3344,1645956.0
2023-06-22,2023-06-22,ADOR,B,1149.0,1162.9,1108.5,1115.35,1148.35,1169,7220,8146164.0
2023-06-22,2023-06-22,IDM,XT,15.55,15.55,14.1,15.5,14.81,6,503,7676.0
2023-06-22,2023-06-22,SALZERELEC,B,355.2,356.7,344.05,350.5,354.65,823,18563,6500992.0
2023-06-22,2023-06-22,JETKINGQ,X,46.82,46.82,45.42,46.25,46.82,12,682,31359.0
2023-06-22,2023-06-22,APLAB,XT,43.96,43.96,43.96,43.96,41.87,23,10394,456920.0
2023-06-22,2023-06-22,PCS,X,16.71,17.49,15.8,16.17,15.98,73,17507,282156.0
2023-06-22,2023-06-22,USHAMART,A,284.95,286.0,275.0,276.95,283.0,1504,43201,12062453.0
2023-06-22,2023-06-22,SPELS,X,66.0,66.0,63.43,63.43,66.76,1310,409277,26125472.0
2023-06-22,2023-06-22,SUBROS,B,469.5,477.0,445.0,447.15,466.3,2259,46990,21558559.0
2023-06-22,2023-06-22,EDVENSWA,X,40.51,41.9,40.5,40.6,40.98,411,52330,2138940.0
2023-06-22,2023-06-22,HONAUT,A,42468.2,42629.6,41758.0,42142.05,42606.85,35,44,1857273.0
2023-06-22,2023-06-22,SWITCHTE,X,41.0,41.0,38.81,38.81,40.3,3,200,7981.0
2023-06-22,2023-06-22,LUMAXIND,B,2122.55,2136.0,2110.0,2125.2,2110.9,269,1573,3350023.0
2023-06-22,2023-06-22,DIGISPICE,B,20.7,22.28,20.11,21.26,21.82,189,84270,1758278.0
2023-06-22,2023-06-22,CALCOM,X,165.45,178.0,165.0,172.5,162.3,351,34794,5974703.0
2023-06-22,2023-06-22,DYNAVSN,XT,148.0,148.0,148.0,148.0,146.0,1,10,1480.0
2023-06-22,2023-06-22,BCCFUBA,XT,35.31,36.98,33.55,33.69,35.31,90,22498,771796.0
2023-06-22,2023-06-22,PRECISIO,XT,40.98,40.98,37.11,40.98,39.03,50,4358,178046.0
2023-06-22,2023-06-22,FINELINE,XT,45.5,48.0,43.46,47.79,45.72,14,973,44506.0
2023-06-22,2023-06-22,HBLENGINE,A,149.0,151.65,146.2,149.7,148.35,4182,378341,56316024.0
2023-06-22,2023-06-22,S&SPOWER,B,41.35,41.35,41.35,41.35,39.39,4,316,13066.0
2023-06-22,2023-06-22,GUJARATPOLY,XT,52.4,57.27,52.4,57.27,54.55,171,27532,1562476.0
2023-06-22,2023-06-22,GIPCL,B,100.9,101.1,98.55,98.97,99.97,560,34249,3421582.0
2023-06-22,2023-06-22,MOTHERSON,A,86.13,88.2,84.5,84.69,85.9,9899,1996552,172515265.0
2023-06-22,2023-06-22,MINDTECK,B,161.55,162.9,151.1,151.95,161.45,1380,34399,5393689.0
2023-06-22,2023-06-22,HAVELLS,A,1337.05,1348.8,1320.4,1323.1,1338.65,1167,9910,13228432.0
2023-06-22,2023-06-22,ACIIN,X,0.88,0.89,0.84,0.86,0.86,470,197409,170377.0
2023-06-22,2023-06-22,SBECSYS,XT,21.3,21.99,20.65,21.89,21.51,23,1284,26767.0
2023-06-22,2023-06-22,INCAP,XT,35.99,35.99,35.99,35.99,34.31,14,286,10293.0
2023-06-22,2023-06-22,GUJINTRX,X,179.0,179.0,173.1,174.15,178.45,51,2209,385649.0
2023-06-22,2023-06-22,IGARASHI,B,512.55,519.4,494.4,500.95,512.35,600,5532,2789676.0
2023-06-22,2023-06-22,SYMPHONY,A,927.0,927.0,916.05,918.0,917.7,677,6512,5990305.0
2023-06-22,2023-06-22,REGANTO,XT,5.7,5.85,5.52,5.69,5.71,177,60710,341337.0
2023-06-22,2023-06-22,PANELEC,X,31.5,31.5,30.3,30.3,30.75,5,435,13255.0
2023-06-22,2023-06-22,VXLINSTR,X,7.69,7.69,7.69,7.69,7.85,1,5,38.0
2023-06-22,2023-06-22,SHYAMTEL,B,6.99,6.99,6.4,6.4,6.39,19,11730,75813.0
2023-06-22,2023-06-22,LEENEE,X,7.45,7.45,7.23,7.26,7.37,76,7459,54772.0
2023-06-22,2023-06-22,PATELSAI,X,250.5,255.0,246.4,248.35,253.7,115,6461,1615397.0
2023-06-22,2023-06-22,BUTTERFLY,B,1176.05,1184.6,1154.45,1157.85,1178.2,101,448,520775.0
2023-06-22,2023-06-22,ATHENAGLO,X,53.2,53.8,52.7,53.77,52.65,10,191,10178.0
2023-06-22,2023-06-22,NARMP,XT,11.57,11.57,11.2,11.2,11.57,4,1102,12343.0
2023-06-22,2023-06-22,DUTRON,XT,138.95,138.95,133.05,136.7,133.0,36,1886,256284.0
2023-06-22,2023-06-22,RSSOFTWARE,T,37.0,37.95,35.6,36.05,37.46,65,7300,265889.0
2023-06-22,2023-06-22,MAGNAELQ,X,362.8,362.8,342.65,346.6,343.15,46,1185,409875.0
2023-06-22,2023-06-22,MARSONS,Z,6.95,7.06,6.7,6.72,6.73,88,73914,513522.0
2023-06-22,2023-06-22,ELNET,X,209.0,215.0,197.6,199.85,204.95,242,15529,3165672.0
2023-06-22,2023-06-22,ACCEL,X,16.0,16.0,15.05,15.49,15.61,107,23963,372872.0
2023-06-22,2023-06-22,WEBELSOLAR,B,90.35,91.65,87.85,89.37,90.38,176,11717,1045925.0
2023-06-22,2023-06-22,ROTO,B,775.1,805.0,775.1,786.25,780.1,2392,31522,24934250.0
2023-06-22,2023-06-22,TTKPRESTIG,A,762.1,764.45,744.6,748.1,757.95,1559,17900,13505058.0
2023-06-22,2023-06-22,DHINDIA,X,76.94,76.94,71.2,72.53,74.96,126,11903,878699.0
2023-06-22,2023-06-22,RAJRATAN,A,860.0,870.0,840.1,842.25,858.65,1106,7629,6513231.0
2023-06-22,2023-06-22,SURANAT&P,B,9.6,9.7,9.33,9.6,9.43,95,16294,156019.0
2023-06-22,2023-06-22,ONWARDTEC,B,498.05,503.45,487.2,490.0,495.4,2081,59478,29535362.0
2023-06-22,2023-06-22,CENTUM,B,1261.25,1340.0,1260.0,1275.05,1249.35,1361,7916,10225110.0
2023-06-22,2023-06-22,STARLITE,Z,2.15,2.27,2.15,2.27,2.17,7,2105,4777.0
2023-06-22,2023-06-22,NHCFOODS,XT,53.1,54.0,50.7,53.02,53.27,88,14589,770001.0
2023-06-22,2023-06-22,PVP,T,12.0,12.16,11.75,11.9,12.07,63,30491,365397.0
2023-06-22,2023-06-22,TRIGYN,B,108.3,108.9,105.25,106.75,108.2,599,29635,3163170.0
2023-06-22,2023-06-22,KEI,A,2242.0,2390.0,2242.0,2351.5,2244.4,5853,61118,143834063.0
2023-06-22,2023-06-22,IMPPOWERS,Z,3.42,3.52,3.42,3.52,3.51,4,2387,8252.0
2023-06-22,2023-06-22,KEERTHI,XT,130.15,136.95,130.15,132.5,135.35,8,529,69224.0
2023-06-22,2023-06-22,BHEEMACEM,XT,42.0,43.99,42.0,43.36,42.9,81,7654,328564.0
2023-06-22,2023-06-22,SURAJ,Z,168.95,168.95,155.55,162.25,162.0,64,4960,818585.0
2023-06-22,2023-06-22,APCL,B,185.25,187.85,181.4,181.95,185.45,78,573,105368.0
2023-06-22,2023-06-22,MODINATUR,X,224.95,234.0,220.9,231.85,224.95,104,12688,2907494.0
2023-06-22,2023-06-22,ZKHANDEN,XT,63.3,66.63,63.3,66.63,66.63,3,3,193.0
2023-06-22,2023-06-22,TASTYBITE,B,12919.0,13350.0,12646.05,12747.55,12916.2,584,1001,13055566.0
2023-06-22,2023-06-22,RITESHIN,XT,40.0,40.87,39.01,40.31,39.89,88,6366,256527.0
2023-06-22,2023-06-22,AVTNPL,B,94.09,96.5,93.44,93.72,94.02,634,30284,2888901.0
2023-06-22,2023-06-22,HNDFDS,A,545.05,546.35,538.0,539.4,545.05,2009,11976,6485790.0
2023-06-22,2023-06-22,NAHARINDUS,B,135.9,137.1,129.65,130.8,135.95,807,27232,3615947.0
2023-06-22,2023-06-22,VADILENT,XT,3478.0,3478.5,3260.05,3350.0,3380.0,7,39,133897.0
2023-06-22,2023-06-22,VADILALIND,B,2639.3,2770.9,2626.5,2665.7,2580.9,954,2567,6903122.0
2023-06-22,2023-06-22,ASHAI,XT,5.1,5.1,5.1,5.1,5.1,2,213,1086.0
2023-06-22,2023-06-22,ADFFOODS,B,952.8,958.6,944.85,952.7,947.85,111,1069,1019990.0
2023-06-22,2023-06-22,RGRL,X,8.89,8.89,8.55,8.56,8.6,18,877,7638.0
2023-06-22,2023-06-22,WILLIMFI,X,3.89,4.0,3.89,4.0,4.09,3,1001,3894.0
2023-06-22,2023-06-22,AJANTSOY,X,27.0,27.5,26.5,26.96,27.15,1121,157017,4228776.0
2023-06-22,2023-06-22,WILLAMAGOR,T,23.0,23.57,22.79,22.79,23.98,40,3499,80509.0
2023-06-22,2023-06-22,KISAAN,X,5.12,5.12,4.65,4.7,4.88,4,1012,4748.0
2023-06-22,2023-06-22,SIEL,XT,80.0,80.0,73.0,73.0,76.5,4,8,608.0
2023-06-22,2023-06-22,SPTRSHI,XT,15.0,16.53,14.97,15.1,15.75,21,798,12550.0
2023-06-22,2023-06-22,SRDAPRT,XT,46.9,46.9,45.5,46.72,46.9,8,241,11206.0
2023-06-22,2023-06-22,PRIMAGR,XT,23.55,25.0,23.0,23.08,24.02,9,1131,26171.0
2023-06-22,2023-06-22,MADHURIND,XT,4.14,4.56,4.14,4.56,4.35,18,2913,13257.0
2023-06-22,2023-06-22,TARAI,Z,6.19,6.19,6.0,6.1,5.9,18,2735,16818.0
2023-06-22,2023-06-22,MODAIRY,X,21.25,21.89,20.9,21.08,21.31,176,35638,756161.0
2023-06-22,2023-06-22,BAMBINO,X,349.0,364.0,315.0,320.0,320.65,299,13823,4700938.0
2023-06-22,2023-06-22,VIKASWSP,Z,1.25,1.32,1.23,1.32,1.26,122,284894,372831.0
2023-06-22,2023-06-22,VSFPROJ,XT,54.0,54.0,54.0,54.0,55.7,1,50,2700.0
2023-06-22,2023-06-22,POONADAL,X,53.0,54.7,53.0,53.0,53.02,17,735,39111.0
2023-06-22,2023-06-22,ANIKINDS,B,32.1,32.9,32.1,32.11,32.3,40,3168,104148.0
2023-06-22,2023-06-22,SHINDL,XT,57.15,61.0,57.1,61.0,59.2,20,1835,107544.0
2023-06-22,2023-06-22,KMGMILK,P,45.7,45.7,45.7,45.7,48.0,3,2200,100540.0
2023-06-22,2023-06-22,KSE,XT,1599.85,1640.0,1570.5,1580.0,1584.75,39,560,887883.0
2023-06-22,2023-06-22,NARBADA,X,54.01,57.8,54.01,54.94,56.0,11,126,6931.0
2023-06-22,2023-06-22,VIRATCRA,X,28.99,29.5,28.27,29.2,28.44,58,1200,34870.0
2023-06-22,2023-06-22,IBINFO,XT,118.0,118.0,117.5,118.0,123.4,11,117,13771.0
2023-06-22,2023-06-22,AMBARPIL,XT,215.0,215.0,206.3,213.65,215.0,24,477,101773.0
2023-06-22,2023-06-22,CHORDIA,XT,96.75,102.9,96.75,102.9,98.0,49,2903,290918.0
2023-06-22,2023-06-22,CIANAGRO,XT,39.8,39.8,38.05,39.49,39.8,10,2126,82308.0
2023-06-22,2023-06-22,TAIIND,X,41.97,41.97,40.2,41.15,40.6,26,2850,118307.0
2023-06-22,2023-06-22,BKV,XT,7.85,8.0,7.85,7.89,8.17,27,4326,34213.0
2023-06-22,2023-06-22,NCCBLUE,P,5.16,5.16,5.16,5.16,4.92,1,100,516.0
2023-06-22,2023-06-22,NORBTEAEXP,T,7.25,7.98,7.25,7.98,7.6,2,213,1553.0
2023-06-22,2023-06-22,ASIANTNE,X,12.14,12.39,11.8,11.98,12.13,115,26439,318415.0
2023-06-22,2023-06-22,HERITGFOOD,B,214.95,218.7,210.3,211.2,213.45,957,30690,6586577.0
2023-06-22,2023-06-22,SIMRAN,X,146.0,152.95,146.0,148.3,149.25,79,4877,724596.0
2023-06-22,2023-06-22,CCL,A,650.0,669.0,649.65,654.2,652.0,1032,13493,8889299.0
2023-06-22,2023-06-22,KELLTONTEC,B,62.29,63.19,60.96,61.9,62.08,1176,337836,20989154.0
2023-06-22,2023-06-22,SURFI,XT,8.25,8.3,8.25,8.3,8.6,4,76,628.0
2023-06-22,2023-06-22,INTEGFD,XT,8.37,9.25,8.37,9.25,8.81,2,18,165.0
2023-06-22,2023-06-22,LAKESHORE,X,31.9,32.9,30.5,31.0,30.53,16,900,28578.0
2023-06-22,2023-06-22,RICOAUTO,B,99.54,102.5,98.32,99.71,98.1,960,105614,10592451.0
2023-06-22,2023-06-22,OMAXAUTO,T,56.0,56.25,54.75,55.28,55.65,42,3496,193474.0
2023-06-22,2023-06-22,MUNJALSHOW,B,135.5,136.5,129.3,130.85,134.55,457,12082,1602388.0
2023-06-22,2023-06-22,JAMNAAUTO,A,101.9,104.2,99.24,100.47,101.39,2919,342204,34829570.0
2023-06-22,2023-06-22,TVSHLTD,A,4858.95,4883.1,4719.9,4765.3,4840.95,305,806,3885954.0
2023-06-22,2023-06-22,JTEKTINDIA,B,145.25,145.25,134.95,139.85,140.35,696,22468,3107167.0
2023-06-22,2023-06-22,MUNJALAU,B,54.0,54.35,52.75,52.86,53.77,270,30056,1606611.0
2023-06-22,2023-06-22,JAYBARMARU,B,274.0,276.45,263.0,266.7,269.5,499,13354,3591663.0
2023-06-22,2023-06-22,RACLGEAR,X,1165.0,1174.9,1110.0,1121.9,1144.3,343,4561,5256280.0
2023-06-22,2023-06-22,SAMKRG,X,144.5,144.8,141.15,142.0,143.85,76,5992,859546.0
2023-06-22,2023-06-22,RATNAMANI,A,2310.15,2348.95,2310.15,2326.7,2331.8,584,3589,8394303.0
2023-06-22,2023-06-22,VESUVIUS,B,2300.05,2331.2,2287.4,2304.9,2329.9,180,724,1680320.0
2023-06-22,2023-06-22,ASAL,B,335.7,351.5,334.2,336.4,331.65,347,6413,2194836.0
2023-06-22,2023-06-22,ARCEEIN,X,5.99,6.0,5.5,6.0,5.99,10,604,3573.0
2023-06-22,2023-06-22,ABCINDQ,X,88.4,89.0,86.0,86.05,89.04,37,1226,107033.0
2023-06-22,2023-06-22,BALTE,X,12.2,12.2,11.62,11.83,12.03,21,773,9203.0
2023-06-22,2023-06-22,COARO,P,34.7,34.7,34.7,34.7,34.7,1,100,3470.0
2023-06-22,2023-06-22,SIBARAUT,X,10.24,10.24,9.82,10.07,10.14,47,7322,73245.0
2023-06-22,2023-06-22,TRANSWORLD,B,325.9,332.6,322.4,331.15,327.6,324,8284,2710983.0
2023-06-22,2023-06-22,STARLOG,XT,26.79,29.0,26.79,27.13,28.19,89,39546,1065917.0
2023-06-22,2023-06-22,TITANIN,XT,51.9,51.99,49.5,50.31,51.38,76,4519,227786.0
2023-06-22,2023-06-22,ICIL,A,201.4,203.05,196.35,200.25,201.55,760,27340,5453503.0
2023-06-22,2023-06-22,MARALOVER,B,55.05,55.05,53.55,54.23,55.04,74,3189,173277.0
2023-06-22,2023-06-22,SOMATEX,T,26.7,29.1,26.6,29.1,27.87,162,59227,1669806.0
2023-06-22,2023-06-22,ADVLIFE,XT,52.09,52.09,52.09,52.09,49.61,3,125,6511.0
2023-06-22,2023-06-22,KAKTEX,XT,35.4,35.4,33.31,33.98,34.18,24,995,33760.0
2023-06-22,2023-06-22,OCTAVE,X,1.7,1.79,1.7,1.78,1.85,43,53921,92728.0
2023-06-22,2023-06-22,TRIDENT,A,33.41,35.35,33.41,34.15,33.4,14875,11333349,391194982.0
2023-06-22,2023-06-22,HISARSP,P,43.11,43.11,43.11,43.11,44.41,1,100,4311.0
2023-06-22,2023-06-22,ALOKINDS,B,18.11,19.29,17.84,18.23,17.92,24292,25874446,485010133.0
2023-06-22,2023-06-22,PASARI,X,8.44,8.44,7.71,7.72,7.61,16,3351,26059.0
2023-06-22,2023-06-22,AMARJOTHI,X,197.35,200.0,195.05,196.25,197.35,63,3956,780103.0
2023-06-22,2023-06-22,OLYMPTX,X,97.7,105.0,96.75,98.75,100.2,26,1738,171530.0
2023-06-22,2023-06-22,NAGREEKEXP,T,48.16,50.0,48.16,49.8,50.31,76,10598,520142.0
2023-06-22,2023-06-22,SUDTIND-B,X,17.94,17.94,16.36,16.56,17.16,108,27421,465984.0
2023-06-22,2023-06-22,SBFL,X,17.75,17.75,17.0,17.1,17.2,9,24090,413791.0
2023-06-22,2023-06-22,EUREKAI,XT,4.75,4.75,4.54,4.58,4.65,85,37798,172813.0
2023-06-22,2023-06-22,ADITYASP,XT,19.9,20.27,19.3,19.4,19.35,22,4064,79343.0
2023-06-22,2023-06-22,PRIMEURB,X,9.2,9.2,8.35,8.51,8.78,27,4402,38496.0
2023-06-22,2023-06-22,DHANFAB,XT,38.0,39.0,38.0,38.17,38.05,11,770,29515.0
2023-06-22,2023-06-22,SLSTLQ,X,32.99,32.99,30.3,32.15,31.04,24,1763,55530.0
2023-06-22,2023-06-22,ZODIACLOTH,B,105.9,105.9,101.0,101.98,103.8,94,3629,373364.0
2023-06-22,2023-06-22,SRMCL,XT,26.5,26.5,24.61,25.45,25.9,33,5538,136569.0
2023-06-22,2023-06-22,SUPERSPIN,B,6.3,6.48,6.25,6.39,6.32,141,18520,117081.0
2023-06-22,2023-06-22,UNITEDTE,XT,13.0,13.0,12.5,12.5,13.0,9,356,4451.0
2023-06-22,2023-06-22,SILINV,B,329.15,332.3,320.65,326.9,326.95,21,237,76286.0
2023-06-22,2023-06-22,SURYALAXMI,B,59.86,60.85,59.7,60.65,59.7,16,439,26553.0
2023-06-22,2023-06-22,SAMTEX,X,2.05,2.1,1.96,1.97,2.05,106,70887,141520.0
2023-06-22,2023-06-22,CITYMAN,XT,22.95,22.95,21.38,22.88,22.5,50,3857,84111.0
2023-06-22,2023-06-22,DHANROTO,X,94.99,94.99,90.0,91.6,90.98,40,2115,193380.0
2023-06-22,2023-06-22,DAMODARIND,B,44.02,46.95,44.02,44.45,44.44,138,28475,1291335.0
2023-06-22,2023-06-22,SANBLUE,X,25.26,27.75,25.12,25.12,26.43,3,51,1289.0
2023-06-22,2023-06-22,UNIROYAL,X,13.43,13.89,12.5,12.79,13.45,35,7768,101331.0
2023-06-22,2023-06-22,TATIAGLOB,X,1.63,1.64,1.52,1.52,1.6,307,447182,683158.0
2023-06-22,2023-06-22,SUNILTX,P,38.0,38.01,38.0,38.01,40.0,2,600,22805.0
2023-06-22,2023-06-22,SRINACHA,X,34.0,37.85,34.0,36.9,36.06,11,523,19082.0
2023-06-22,2023-06-22,SAMBANDAM,X,140.5,140.5,136.0,136.35,140.95,10,215,29468.0
2023-06-22,2023-06-22,KANDAGIRI,X,14.28,14.28,14.28,14.28,13.6,1,40,571.0
2023-06-22,2023-06-22,PARASPETRO,T,0.81,0.85,0.8,0.83,0.83,63,79351,64927.0
2023-06-22,2023-06-22,KITEX,A,172.5,172.95,167.75,168.5,171.65,334,7813,1324103.0
2023-06-22,2023-06-22,CRANEX,X,29.3,32.0,29.2,30.86,30.31,36,2713,82870.0
2023-06-22,2023-06-22,BATLIBOI,XT,67.94,68.0,65.0,65.13,67.8,153,21743,1444784.0
2023-06-22,2023-06-22,AUSTENG,X,188.45,197.0,188.45,192.9,193.3,189,8035,1551500.0
2023-06-22,2023-06-22,UNIDT,B,202.95,204.8,198.0,199.0,201.15,2263,140123,28325162.0
2023-06-22,2023-06-22,FLUIDOM,X,363.0,363.0,345.0,348.05,359.35,260,11277,3978981.0
2023-06-22,2023-06-22,WINDMACHIN,B,56.0,56.31,53.1,53.53,56.6,517,114331,6184623.0
2023-06-22,2023-06-22,SHANTIGEAR,B,456.45,466.0,455.6,462.65,454.25,471,4692,2167513.0
2023-06-22,2023-06-22,MIVENMACH,X,16.7,16.7,16.7,16.7,15.91,4,1325,22127.0
2023-06-22,2023-06-22,HONDAPOWER,B,2215.0,2215.0,2172.7,2210.9,2198.6,238,1045,2295445.0
2023-06-22,2023-06-22,HITECHGEAR,B,365.0,377.95,351.15,353.45,369.0,256,4937,1764148.0
2023-06-22,2023-06-22,ELGIEQUIP,A,543.2,554.7,528.0,530.7,540.2,4288,192258,104523028.0
2023-06-22,2023-06-22,UVDRHOR,XT,190.0,190.0,174.1,174.95,182.65,58,1763,314919.0
2023-06-22,2023-06-22,KLBRENG-B,XT,133.25,135.0,131.5,133.2,133.25,291,72293,9604961.0
2023-06-22,2023-06-22,BIRLAPREC,X,40.0,40.84,39.5,40.09,40.15,218,54189,2169369.0
2023-06-22,2023-06-22,YUKEN,B,611.25,611.25,598.25,605.0,612.55,22,157,94697.0
2023-06-22,2023-06-22,TIMKEN,A,3307.95,3307.95,3205.85,3248.5,3271.4,1048,6378,20702564.0
2023-06-22,2023-06-22,VOITHPAPR,X,1625.0,1629.9,1580.05,1603.05,1597.9,186,3050,4925495.0
2023-06-22,2023-06-22,ARTSON,X,78.5,79.2,77.33,78.38,77.99,181,11448,899343.0
2023-06-22,2023-06-22,SOLIMAC,X,60.0,60.0,57.23,57.81,59.99,128,14091,825566.0
2023-06-22,2023-06-22,INDSILHYD,X,38.1,38.42,36.22,36.92,37.46,102,16041,597953.0
2023-06-22,2023-06-22,ITL,X,236.0,243.0,226.0,240.0,235.55,173,7839,1848413.0
2023-06-22,2023-06-22,FRONTSP,X,407.2,410.95,403.0,406.85,407.2,106,3335,1355848.0
2023-06-22,2023-06-22,PRAJIND,A,386.05,391.2,382.25,383.15,385.7,1188,36429,14078395.0
2023-06-22,2023-06-22,RASANDIK,X,69.67,70.02,65.4,67.49,72.89,61,7766,541495.0
2023-06-22,2023-06-22,YOGISUNG,X,3.4,3.68,3.4,3.68,3.52,7,3052,10377.0
2023-06-22,2023-06-22,HLEGLAS,A,655.05,673.0,655.05,671.75,657.9,1110,8320,5562650.0
2023-06-22,2023-06-22,GUJAPOLLO,B,199.65,199.65,194.15,194.9,194.0,59,520,102090.0
2023-06-22,2023-06-22,TANAA,X,175.4,178.0,167.0,168.4,172.15,1002,67697,11623152.0
2023-06-22,2023-06-22,CONART,X,42.35,43.0,42.0,42.38,42.35,19,2198,93093.0
2023-06-22,2023-06-22,MINALIND,XT,1.22,1.22,1.22,1.22,1.17,3,1500,1830.0
2023-06-22,2023-06-22,SHIVAGR,XT,17.15,17.32,16.5,17.32,16.5,25,1454,25134.0
2023-06-22,2023-06-22,MMFL,B,873.55,925.15,873.55,918.65,869.75,560,8387,7631077.0
2023-06-22,2023-06-22,IYKOTHITE,XT,24.0,24.94,24.0,24.94,23.76,9,13737,341739.0
2023-06-22,2023-06-22,MAYURUNIQ,B,500.6,500.6,487.9,490.65,498.65,489,5714,2817125.0
2023-06-22,2023-06-22,CENLUB,X,215.25,219.45,210.0,210.6,213.15,370,12700,2718939.0
2023-06-22,2023-06-22,RAJOOENG,XT,42.9,45.0,42.9,44.18,43.77,348,96507,4261456.0
2023-06-22,2023-06-22,VJLAXMIE,X,36.0,36.0,35.95,35.95,36.0,5,15,539.0
2023-06-22,2023-06-22,AHMDSTE,X,19.7,19.7,19.7,19.7,19.79,2,30,591.0
2023-06-22,2023-06-22,GVT&D,T,213.0,219.8,209.0,211.1,217.9,126,8339,1785964.0
2023-06-22,2023-06-22,RAMRAT,B,272.05,299.25,272.0,293.9,280.1,1158,25825,7426880.0
2023-06-22,2023-06-22,JAYNECOIND,B,24.54,25.7,24.4,24.41,24.62,225,30771,765978.0
2023-06-22,2023-06-22,KPIL,A,539.95,539.95,523.1,527.6,534.65,667,10842,5781852.0
2023-06-22,2023-06-22,CANDOUR,X,50.25,52.04,47.1,49.79,49.57,427,218880,10810487.0
2023-06-22,2023-06-22,TIGLOB,XT,195.95,202.0,194.0,201.5,202.0,18,482,95110.0
2023-06-22,2023-06-22,CONTROLPR,B,645.0,654.75,630.5,635.65,637.45,691,4270,2739618.0
2023-06-22,2023-06-22,BEMHY,X,625.0,625.0,538.0,557.9,597.0,58,816,461331.0
2023-06-22,2023-06-22,ANSALBU,X,72.01,74.68,72.0,72.71,73.06,53,1460,105767.0
2023-06-22,2023-06-22,WEIZMANIND,B,107.63,108.63,102.66,103.2,109.37,270,7616,798017.0
2023-06-22,2023-06-22,BNRSEC,X,42.89,42.89,39.05,41.61,42.02,259,42734,1781904.0
2023-06-22,2023-06-22,RISHITECH,X,26.98,26.98,25.5,26.17,26.5,14,429,11206.0
2023-06-22,2023-06-22,SINCLAIR,X,121.75,123.5,118.6,119.5,121.75,258,41421,4982903.0
2023-06-22,2023-06-22,SAFARI,B,3021.05,3046.75,2977.0,2990.0,3016.15,185,625,1892262.0
2023-06-22,2023-06-22,JJFINCOR,XT,17.42,17.45,16.17,16.17,17.0,8,538,8739.0
2023-06-22,2023-06-22,COSMOFE,X,208.0,208.0,200.0,200.35,200.75,67,2411,483861.0
2023-06-22,2023-06-22,SANCTRN,X,699.0,699.0,615.25,620.0,641.6,17,119,74859.0
2023-06-22,2023-06-22,THRIVE,X,52.0,52.98,50.0,50.41,51.63,54,3840,195125.0
2023-06-22,2023-06-22,EIHAHOTELS,B,525.0,526.95,510.95,516.9,512.7,452,5645,2911581.0
2023-06-22,2023-06-22,MEDICAPQ,X,37.32,38.2,36.75,37.86,38.14,116,4680,174488.0
2023-06-22,2023-06-22,OTCO,X,5.59,5.59,5.15,5.15,5.7,18,1602,8285.0
2023-06-22,2023-06-22,FOSECOC,X,1044.9,1050.0,1018.0,1018.85,1029.3,79,1721,1778638.0
2023-06-22,2023-06-22,BAPACK,XT,182.9,182.9,180.0,182.0,182.95,16,938,169556.0
2023-06-22,2023-06-22,ABAN,B,41.0,41.57,40.59,40.69,41.08,217,9090,372602.0
2023-06-22,2023-06-22,KOKUYOCMLN,B,116.65,119.35,114.55,117.0,116.6,692,22142,2591843.0
2023-06-22,2023-06-22,BHARATSE,X,128.6,128.7,122.0,122.95,126.45,524,54399,6794397.0
2023-06-22,2023-06-22,CONTPTR,XT,53.45,54.79,51.1,52.9,52.23,26,2224,117725.0
2023-06-22,2023-06-22,NBFOOT,P,3.78,4.1,3.78,4.1,3.97,6,3100,11750.0
2023-06-22,2023-06-22,MACPLASQ,X,129.85,129.85,125.05,125.05,126.05,4,31,3881.0
2023-06-22,2023-06-22,PEARLPOLY,B,23.7,23.7,22.1,23.39,23.91,84,9892,228791.0
2023-06-22,2023-06-22,VENKEYS,A,1726.0,1728.65,1703.1,1709.8,1720.85,218,1575,2698576.0
2023-06-22,2023-06-22,ADVANIHOTR,B,88.01,93.0,87.5,89.1,89.04,259,15178,1346682.0
2023-06-22,2023-06-22,GVFILM,X,0.53,0.53,0.49,0.51,0.52,725,952073,479338.0
2023-06-22,2023-06-22,SUPERHOUSE,B,219.05,221.05,215.3,217.05,218.2,127,2095,458240.0
2023-06-22,2023-06-22,RAMAVISION,X,39.0,39.9,38.0,38.1,39.1,24,3002,116014.0
2023-06-22,2023-06-22,TCPLPACK,B,1411.75,1430.0,1407.8,1415.1,1408.5,891,5815,8256063.0
2023-06-22,2023-06-22,BALMLAWRIE,B,143.05,143.65,138.5,139.55,142.85,1865,116658,16476534.0
2023-06-22,2023-06-22,KOVAI,B,2332.7,2334.35,2231.0,2244.2,2292.3,239,1480,3344139.0
2023-06-22,2023-06-22,ELDEHSG,B,635.0,645.55,623.45,624.55,632.3,59,271,174312.0
2023-06-22,2023-06-22,DCMSHRIRAM,A,880.0,902.0,850.0,865.2,876.25,1064,10774,9478801.0
2023-06-22,2023-06-22,DCMSRIND,B,76.72,78.9,76.45,76.89,75.91,607,50085,3901245.0
2023-06-22,2023-06-22,MAWANASUG,B,100.55,107.8,100.45,103.65,99.56,1689,91361,9551485.0
2023-06-22,2023-06-22,MINID,XT,18.12,19.72,18.1,19.69,18.93,16,824,15175.0
2023-06-22,2023-06-22,MAHAPEXLTD,B,140.25,142.95,126.25,141.25,140.6,329,6587,912141.0
2023-06-22,2023-06-22,NILKAMAL,B,2436.1,2464.3,2388.4,2419.5,2428.4,240,697,1690045.0
2023-06-22,2023-06-22,NAHARPOLY,B,267.0,267.0,253.85,255.85,260.35,47,492,128053.0
2023-06-22,2023-06-22,3MINDIA,A,27300.05,27496.0,26556.1,26630.15,27181.25,75,98,2654421.0
2023-06-22,2023-06-22,BOSCH-HCIL,A,1100.95,1109.0,1060.0,1067.65,1101.8,690,5069,5459299.0
2023-06-22,2023-06-22,JMFINANCIL,A,73.13,75.21,70.6,71.68,74.23,1722,824064,60717940.0
2023-06-22,2023-06-22,ADCINDIA,X,719.3,719.3,695.0,706.15,703.5,127,2216,1562913.0
2023-06-22,2023-06-22,TNTELE,T,6.5,6.5,6.1,6.23,6.21,13,1011,6171.0
2023-06-22,2023-06-22,SUNRAJDI,Z,6.65,6.98,6.35,6.98,6.65,9,420,2671.0
2023-06-22,2023-06-22,RIIL,A,974.15,977.0,945.4,949.5,970.85,930,16628,15918807.0
2023-06-22,2023-06-22,SHARP,XT,55.15,57.35,55.15,57.35,55.1,8,554,30884.0
2023-06-22,2023-06-22,LINDEINDIA,A,4628.95,4628.95,4440.0,4540.9,4580.85,1003,4453,20087640.0
2023-06-22,2023-06-22,INDBNK,B,29.95,29.99,29.6,29.99,29.85,12,644,19230.0
2023-06-22,2023-06-22,JAIMATAG,XT,1.68,1.68,1.61,1.66,1.67,234,119885,197595.0
2023-06-22,2023-06-22,PACIFICI,X,133.45,135.9,131.8,132.55,135.1,41,6088,810826.0
2023-06-22,2023-06-22,CMMHOSP,X,25.0,25.25,24.0,25.03,24.0,29,2949,73209.0
2023-06-22,2023-06-22,UNIOFFICE,XT,4.95,4.95,4.71,4.95,4.95,7,1245,6008.0
2023-06-22,2023-06-22,APMIN,X,51.99,51.99,50.0,50.78,50.7,47,5819,294149.0
2023-06-22,2023-06-22,PRECWIRE,B,86.72,87.35,82.48,83.01,85.77,1089,79482,6679977.0
2023-06-22,2023-06-22,KRYPTONQ,X,19.75,19.99,19.7,19.98,19.75,20,3183,63163.0
2023-06-22,2023-06-22,SWISSMLTRY,X,13.25,13.75,13.25,13.45,13.43,506,120559,1624493.0
2023-06-22,2023-06-22,MARBU,X,46.92,46.92,38.0,39.27,39.1,17,273,10890.0
2023-06-22,2023-06-22,FEL,Z,0.76,0.77,0.76,0.77,0.76,12,50779,39099.0
2023-06-22,2023-06-22,INDTONER,X,269.0,269.0,255.0,258.8,263.7,187,6241,1618598.0
2023-06-22,2023-06-22,KUNSTOFF,X,25.89,26.23,24.43,25.99,25.89,30,1408,35084.0
2023-06-22,2023-06-22,SCI,A,104.25,105.8,103.43,104.26,104.79,324,33998,3553407.0
2023-06-22,2023-06-22,SIKA,X,722.65,729.3,666.6,682.75,722.65,441,7364,5132914.0
2023-06-22,2023-06-22,ITI,A,109.1,110.35,108.6,108.75,110.0,353,10132,1106794.0
2023-06-22,2023-06-22,DREDGECORP,B,353.0,356.7,346.1,348.0,349.85,469,4985,1750851.0
2023-06-22,2023-06-22,PHRMASI,XT,23.81,23.81,23.81,23.81,25.0,1,1,23.0
2023-06-22,2023-06-22,PODDARHOUS,T,109.8,109.8,102.55,102.55,107.4,4,6,633.0
2023-06-22,2023-06-22,NFL,A,70.82,72.45,70.19,70.62,71.26,802,139617,9937999.0
2023-06-22,2023-06-22,IPRINGLTD,X,102.99,111.78,100.45,109.94,102.31,296,23679,2590249.0
2023-06-22,2023-06-22,PIIND,A,3999.0,3999.0,3845.55,3863.8,3978.95,2753,12897,50268551.0
2023-06-22,2023-06-22,PLASTIBLEN,B,188.8,190.9,187.3,189.05,189.1,111,1401,265226.0
2023-06-22,2023-06-22,YASHINNO,XT,43.0,43.0,40.83,41.42,42.97,38,8107,339033.0
2023-06-22,2023-06-22,KKPLASTICK,XT,17.85,17.85,16.96,16.96,17.85,4,169,2869.0
2023-06-22,2023-06-22,WATERBASE,B,77.37,78.15,74.75,75.19,77.37,76,1403,107097.0
2023-06-22,2023-06-22,FLEXFO,X,88.57,91.38,87.32,88.97,88.57,53,3059,273158.0
2023-06-22,2023-06-22,GOLKUNDIA,X,103.6,104.0,100.51,102.05,102.6,32,4005,410262.0
2023-06-22,2023-06-22,APCOTEXIND,A,565.95,566.85,548.6,551.35,566.25,692,6949,3868524.0
2023-06-22,2023-06-22,FORTISMLR,X,53.15,56.0,53.15,54.52,56.0,56,3642,201967.0
2023-06-22,2023-06-22,MASTEK,A,1985.0,1987.15,1926.25,1954.1,1988.15,1634,11931,23233772.0
2023-06-22,2023-06-22,EIMCOELECO,T,605.0,605.0,587.5,591.9,602.4,56,743,442337.0
2023-06-22,2023-06-22,SAYAJIHOTL,XT,365.95,365.95,350.15,351.2,348.75,23,1042,367315.0
2023-06-22,2023-06-22,ASHIANA,B,186.05,187.7,180.8,181.4,185.6,439,7486,1375803.0
2023-06-22,2023-06-22,ECOBOAR,X,22.44,22.44,20.1,20.94,20.01,210,25359,535989.0
2023-06-22,2023-06-22,DVL,B,247.8,247.95,241.25,242.85,244.45,98,953,234542.0
2023-06-22,2023-06-22,TIHIL,XT,19.8,19.8,18.05,19.0,19.0,43,8935,166207.0
2023-06-22,2023-06-22,MAHEPC,B,105.05,107.2,102.25,105.78,104.95,147,7850,825276.0
2023-06-22,2023-06-22,SREIINFRA,T,2.35,2.45,2.26,2.3,2.36,51,40219,93152.0
2023-06-22,2023-06-22,MITSHI,X,15.94,15.94,14.1,14.64,14.97,82,28376,414898.0
2023-06-22,2023-06-22,MAZDA,T,912.0,913.0,890.0,895.1,895.0,14,90,81202.0
2023-06-22,2023-06-22,SOVERDIA,X,24.1,25.0,23.26,23.5,24.0,49,4723,114156.0
2023-06-22,2023-06-22,MENONBE,B,138.0,139.9,137.25,137.55,137.95,278,16384,2272176.0
2023-06-22,2023-06-22,MUKATPIP,X,6.61,7.0,6.61,6.7,7.0,7,933,6202.0
2023-06-22,2023-06-22,GUJRAFFIA,T,29.85,29.85,29.0,29.0,29.0,12,3352,97357.0
2023-06-22,2023-06-22,SIMPLEXINF,B,35.5,35.5,33.6,33.8,34.6,20,2222,75715.0
2023-06-22,2023-06-22,INNOVTEC,X,17.0,17.0,16.53,16.75,16.87,17,822,13679.0
2023-06-22,2023-06-22,SUPTANERY,X,7.49,8.1,7.49,7.65,7.49,206,84549,653551.0
2023-06-22,2023-06-22,CONSTRONIC,XT,7.35,7.35,7.35,7.35,7.0,3,216,1587.0
2023-06-22,2023-06-22,AXTEL,X,297.8,308.0,296.05,297.7,297.8,238,13766,4165498.0
2023-06-22,2023-06-22,GRANDOAK,X,6.65,6.65,6.32,6.32,6.65,6,1887,11940.0
2023-06-22,2023-06-22,APIL,X,29.25,32.25,29.25,32.25,30.75,8,7032,226686.0
2023-06-22,2023-06-22,POONAWALLA,A,352.95,352.95,344.95,347.85,349.95,2509,120268,42001795.0
2023-06-22,2023-06-22,HINFLUR,B,9.66,9.66,9.41,9.41,9.5,23,2503,23752.0
2023-06-22,2023-06-22,KINGFA,B,2025.05,2065.0,1992.2,2048.9,2013.3,586,3723,7568705.0
2023-06-22,2023-06-22,PATIDAR,X,7.0,7.0,7.0,7.0,7.17,2,107,749.0
2023-06-22,2023-06-22,RAMAPHO,B,240.0,240.0,229.95,231.7,238.8,366,4322,1007002.0
2023-06-22,2023-06-22,VENLONENT,XT,4.59,4.81,4.59,4.81,4.59,11,430,2041.0
2023-06-22,2023-06-22,POLYPLEX,A,1359.95,1359.95,1308.15,1317.75,1348.95,2140,15258,20231392.0
2023-06-22,2023-06-22,ALBERTDAVD,B,612.65,614.95,596.0,598.15,609.35,186,1373,831964.0
2023-06-22,2023-06-22,HARLETH,XT,44.85,44.85,41.11,41.39,43.0,24,1739,72869.0
2023-06-22,2023-06-22,CARYSIL,A,654.6,670.45,654.6,665.3,668.15,776,8100,5391187.0
2023-06-22,2023-06-22,KABRAEXTRU,B,455.95,459.0,443.5,450.85,454.65,879,15312,6969860.0
2023-06-22,2023-06-22,VINYLINDIA,B,517.55,536.8,512.35,517.95,514.55,824,9986,5233079.0
2023-06-22,2023-06-22,PCCOSMA,XT,194.6,194.6,176.6,179.3,185.4,70,1905,349440.0
2023-06-22,2023-06-22,TCMLMTD,X,37.0,38.48,37.0,37.16,37.47,30,2910,109121.0
2023-06-22,2023-06-22,IOLCP,A,446.9,448.5,440.95,444.0,447.2,1000,15765,7014665.0
2023-06-22,2023-06-22,KESARPE,XT,6.99,6.99,6.62,6.75,6.87,114,43418,293560.0
2023-06-22,2023-06-22,VINATIORGA,A,1864.95,1864.95,1845.0,1853.4,1844.55,195,910,1687126.0
2023-06-22,2023-06-22,LACTOSE,X,47.3,47.34,45.46,46.0,46.53,65,7432,342756.0
2023-06-22,2023-06-22,AARTIIND,A,536.0,539.1,523.0,524.65,531.95,2876,69081,36805438.0
2023-06-22,2023-06-22,WANBURY,T,57.0,58.0,54.15,54.15,57.0,43,8634,480735.0
2023-06-22,2023-06-22,RESONANCE,X,88.12,88.12,85.0,85.65,86.52,76,4325,372442.0
2023-06-22,2023-06-22,GAEL,A,249.05,252.8,246.2,247.4,249.1,883,27248,6782536.0
2023-06-22,2023-06-22,RCF,A,112.0,113.15,109.3,110.3,111.95,1930,249099,27678428.0
2023-06-22,2023-06-22,GUJINJEC,XT,10.0,10.1,10.0,10.1,10.0,3,607,6080.0
2023-06-22,2023-06-22,KOPRAN,B,191.3,192.0,175.0,177.25,189.4,2129,100185,18055964.0
2023-06-22,2023-06-22,AIMCOPEST,X,124.75,125.95,121.0,121.7,122.05,89,7610,935505.0
2023-06-22,2023-06-22,SEYAIND,T,24.75,24.75,23.5,23.6,23.58,16,2298,55353.0
2023-06-22,2023-06-22,JAYAGROGN,B,222.7,224.75,221.5,221.5,221.5,83,1767,394624.0
2023-06-22,2023-06-22,BCLIND,B,520.7,527.4,510.0,517.9,519.6,1221,17635,9161418.0
2023-06-22,2023-06-22,SHHARICH,X,45.0,46.0,43.26,44.98,45.16,9,2249,98039.0
2023-06-22,2023-06-22,INDOBORAX,B,130.05,133.5,128.2,129.65,129.5,404,11325,1484630.0
2023-06-22,2023-06-22,AARTIDRUGS,A,458.0,468.85,451.0,452.4,458.05,1253,14284,6543386.0
2023-06-22,2023-06-22,BODALCHEM,B,76.3,76.9,73.74,74.65,76.3,601,38218,2863993.0
2023-06-22,2023-06-22,ORCHPHARMA,T,440.0,452.6,434.0,452.05,431.05,148,6557,2921132.0
2023-06-22,2023-06-22,VIMTALABS,B,407.45,409.75,388.0,393.2,408.75,539,5545,2205688.0
2023-06-22,2023-06-22,BIOFILCHEM,B,44.39,45.0,44.19,44.25,44.4,26,353,15701.0
2023-06-22,2023-06-22,ISHITADR,X,85.5,88.9,79.04,80.17,82.82,707,64803,5446734.0
2023-06-22,2023-06-22,MARKSANS,A,94.67,95.4,91.0,91.8,94.76,1278,538598,50841638.0
2023-06-22,2023-06-22,UNIVSTAR,XT,132.95,132.95,127.0,131.9,133.25,19,389,50435.0
2023-06-22,2023-06-22,AAREYDRUGS,B,33.5,34.0,33.13,33.58,33.54,49,2070,69382.0
2023-06-22,2023-06-22,NORRIS,X,11.75,11.75,11.25,11.5,11.1,14,1619,18690.0
2023-06-22,2023-06-22,ASINPET,XT,44.63,44.63,43.4,44.63,42.51,78,5039,224201.0
2023-06-22,2023-06-22,CAMEXLTD,XT,30.05,32.0,29.74,30.0,31.29,47,10929,337440.0
2023-06-22,2023-06-22,EVEXIA,XT,2.48,2.54,2.43,2.48,2.51,1338,3532294,8760898.0
2023-06-22,2023-06-22,INDOEURO,XT,32.79,34.23,31.2,34.15,32.73,57,7585,248655.0
2023-06-22,2023-06-22,SYNCOMF,B,8.08,8.19,7.8,7.87,8.04,1201,644347,5130124.0
2023-06-22,2023-06-22,RIDDHI,X,348.1,349.0,342.05,345.0,349.35,17,283,97935.0
2023-06-22,2023-06-22,SVCIND,XT,2.72,2.82,2.66,2.72,2.75,109,62750,169054.0
2023-06-22,2023-06-22,IPCALAB,A,737.1,739.45,726.95,729.45,736.8,575,7598,5561928.0
2023-06-22,2023-06-22,KILITCH,T,197.0,197.25,193.0,193.0,196.0,12,98,19267.0
2023-06-22,2023-06-22,CORALAB,X,265.0,265.1,248.0,248.1,267.7,190,6426,1626678.0
2023-06-22,2023-06-22,KREBSBIO,B,75.0,76.2,72.95,73.43,75.17,72,2581,192352.0
2023-06-22,2023-06-22,KMCSHIL,B,68.4,69.5,66.0,67.11,68.06,982,125986,8503065.0
2023-06-22,2023-06-22,LAFFANSQ,X,41.49,41.49,40.01,40.05,41.75,6,265,10620.0
2023-06-22,2023-06-22,BHASKAGR,XT,59.0,59.5,56.63,56.68,59.5,26,2138,123653.0
2023-06-22,2023-06-22,SUKHJITS,B,437.9,438.3,423.65,427.5,434.25,201,4877,2099451.0
2023-06-22,2023-06-22,NEULANDLAB,B,2830.05,2908.6,2730.0,2770.75,2869.75,1910,7899,22163672.0
2023-06-22,2023-06-22,GAYATRIBI,XT,10.5,11.59,10.5,11.07,11.04,79,39483,435961.0
2023-06-22,2023-06-22,PODDARMENT,B,318.55,318.7,301.3,302.3,314.95,246,1794,550737.0
2023-06-22,2023-06-22,PHARMAID,XT,34.72,34.72,34.72,34.72,33.07,39,9294,322687.0
2023-06-22,2023-06-22,VIVIDIND,X,24.0,24.0,21.11,22.71,23.13,88,8340,185484.0
2023-06-22,2023-06-22,PRIYALT,X,11.81,12.95,11.81,12.03,12.34,15,3180,38808.0
2023-06-22,2023-06-22,TIRUSTA,XT,79.2,79.2,73.0,76.5,75.55,20,666,49814.0
2023-06-22,2023-06-22,JAYSYNTH,X,5.47,6.03,5.47,6.03,5.75,5,53,291.0
2023-06-22,2023-06-22,AEONXDIGI,X,103.94,103.94,99.28,101.98,100.7,67,8049,815428.0
2023-06-22,2023-06-22,AKSHARCHEM,B,242.65,242.8,238.95,240.15,244.1,72,292,70279.0
2023-06-22,2023-06-22,BERLDRG,X,15.25,16.45,15.25,16.45,16.6,13,4107,66715.0
2023-06-22,2023-06-22,INDXTRA,XT,182.9,182.9,166.25,166.25,175.0,70,2548,445395.0
2023-06-22,2023-06-22,ISTRNETWK,X,1.65,1.67,1.65,1.65,1.73,9,2157,3579.0
2023-06-22,2023-06-22,GAGAN,X,14.55,14.55,13.83,13.83,14.55,15,1545,21388.0
2023-06-22,2023-06-22,PARKERAC,X,9.89,9.89,9.05,9.05,9.42,7,1713,16773.0
2023-06-22,2023-06-22,ALUFLUOR,X,354.0,362.0,344.7,347.35,354.2,349,15643,5501885.0
2023-06-22,2023-06-22,OXYGENTAPH,X,38.15,38.15,38.15,38.15,36.34,12,1809,69013.0
2023-06-22,2023-06-22,ARCHITORG,X,61.7,61.7,59.22,59.67,60.83,273,44944,2711559.0
2023-06-22,2023-06-22,SIKOZY,X,1.06,1.06,1.0,1.0,1.01,20,3386,3544.0
2023-06-22,2023-06-22,INDOAMIN,B,121.0,122.65,116.3,118.8,121.45,541,19657,2346475.0
2023-06-22,2023-06-22,INDSWFTLTD,T,13.03,13.03,11.79,11.79,12.41,204,114272,1457183.0
2023-06-22,2023-06-22,NATCAPSUQ,X,407.0,418.5,396.0,400.85,406.6,829,45632,18579329.0
2023-06-22,2023-06-22,WELCURE,X,4.05,4.24,4.0,4.04,4.1,143,44273,179883.0
2023-06-22,2023-06-22,BIBCL,B,23.11,23.29,23.0,23.12,23.11,146,18830,435794.0
2023-06-22,2023-06-22,SOTL,B,302.8,302.85,292.8,296.85,297.55,132,2538,751797.0
2023-06-22,2023-06-22,HESTERBIO,B,1715.95,1739.0,1667.0,1676.75,1698.9,311,1051,1777171.0
2023-06-22,2023-06-22,KABSON,XT,11.35,11.35,10.6,10.81,11.02,30,2915,31485.0
2023-06-22,2023-06-22,BASANTGL,X,22.55,22.9,20.4,21.13,22.43,1455,423200,8997600.0
2023-06-22,2023-06-22,SANDUPHQ,X,59.0,59.0,57.3,57.38,58.88,26,1030,59696.0
2023-06-22,2023-06-22,NACLIND,B,95.95,96.3,94.0,95.25,95.95,383,9438,896847.0
2023-06-22,2023-06-22,VISTAPH,X,10.92,11.1,10.0,10.08,10.84,197,47263,500385.0
2023-06-22,2023-06-22,SUNPHARMA,A,991.75,996.2,986.1,990.1,991.75,2293,798354,790535216.0
2023-06-22,2023-06-22,TITANBIO,X,262.65,264.45,260.0,261.65,260.6,121,3783,990795.0
2023-06-22,2023-06-22,SDL,X,15.17,15.17,15.17,15.17,15.96,1,2,30.0
2023-06-22,2023-06-22,JENBURPH,X,718.6,730.0,708.15,723.2,716.0,172,2723,1959731.0
2023-06-22,2023-06-22,HIKAL,A,311.35,319.95,310.85,313.35,315.25,456,9902,3120475.0
2023-06-22,2023-06-22,CAPLIPOINT,A,800.0,812.45,784.95,786.4,806.1,1825,18703,14885077.0
2023-06-22,2023-06-22,LINKPH,X,42.29,43.5,41.5,41.59,40.28,60,4278,181489.0
2023-06-22,2023-06-22,DECIPHER,XT,18.18,18.5,17.86,17.96,18.09,161,19960,361436.0
2023-06-22,2023-06-22,EMMESSA,X,26.67,26.67,24.1,25.72,24.96,46,2923,72860.0
2023-06-22,2023-06-22,NGLFINE,B,1711.6,1725.0,1661.1,1673.0,1696.9,145,558,943569.0
2023-06-22,2023-06-22,EVERESTO,X,103.44,103.44,100.25,102.0,101.0,49,5479,557933.0
2023-06-22,2023-06-22,AUROPHARMA,A,671.15,688.0,669.3,671.2,681.75,976,21436,14482512.0
2023-06-22,2023-06-22,PHYTO,X,35.98,35.98,34.5,34.78,35.98,12,679,23572.0
2023-06-22,2023-06-22,NATCOPHARM,A,629.95,631.8,624.05,626.95,624.45,2156,281271,176713021.0
2023-06-22,2023-06-22,DYNAMIND,X,62.9,62.9,61.0,62.0,61.73,6,53,3285.0
2023-06-22,2023-06-22,PANAMAPET,B,296.0,296.0,287.1,291.45,292.55,351,4516,1314121.0
2023-06-22,2023-06-22,BALPHARMA,B,88.5,89.51,87.38,87.51,88.64,159,4442,392768.0
2023-06-22,2023-06-22,BDH,X,155.0,155.0,150.6,153.15,152.3,150,14956,2288646.0
2023-06-22,2023-06-22,JAUSPOL,X,4.65,4.65,4.65,4.65,4.43,1,1500,6975.0
2023-06-22,2023-06-22,CUBEXTUB,T,37.49,38.89,36.05,36.1,37.54,40,3532,128327.0
2023-06-22,2023-06-22,POLYCHMP,X,63.19,63.2,60.45,60.62,61.75,15,746,45593.0
2023-06-22,2023-06-22,GALXBRG,XT,1467.0,1467.0,1420.0,1447.1,1457.1,176,1252,1817168.0
2023-06-22,2023-06-22,SCAGRO,XT,12.06,12.97,11.75,12.62,12.36,40,1460,17990.0
2023-06-22,2023-06-22,RALEGRA,X,31.08,33.0,29.1,29.1,31.08,7,144,4239.0
2023-06-22,2023-06-22,UNRYLMA,XT,12.83,12.83,12.83,12.83,13.5,8,436,5593.0
2023-06-22,2023-06-22,KARANWO,X,3.98,3.98,3.8,3.8,3.98,2,6,23.0
2023-06-22,2023-06-22,SHERVANI,X,433.0,433.0,421.05,428.9,427.9,22,89,37878.0
2023-06-22,2023-06-22,SUPERTEX,X,9.5,9.84,9.5,9.83,9.38,56,41761,407326.0
2023-06-22,2023-06-22,SHETR,X,70.01,71.0,67.5,68.47,69.95,77,6695,472138.0
2023-06-22,2023-06-22,TRABI,XT,4.05,4.25,4.04,4.13,4.25,152,145825,591139.0
2023-06-22,2023-06-22,MPL,X,14.51,15.35,14.0,14.13,14.51,101,27284,391228.0
2023-06-22,2023-06-22,NIKHILAD,X,122.2,123.8,120.2,123.0,122.2,373,14239,1738063.0
2023-06-22,2023-06-22,SPENTA,XT,156.05,172.1,156.0,170.0,163.95,9,275,43973.0
2023-06-22,2023-06-22,MULTIBASE,X,211.0,215.5,205.75,207.0,211.35,232,10457,2181627.0
2023-06-22,2023-06-22,ANDREWYU,B,24.22,24.79,23.79,24.24,24.59,213,24134,586078.0
2023-06-22,2023-06-22,LUDLOWJUT,X,88.8,89.5,84.0,84.53,82.7,1427,178813,15707800.0
2023-06-22,2023-06-22,ASHRAM,XT,4.15,4.15,4.15,4.15,4.36,3,1000,4150.0
2023-06-22,2023-06-22,ROYALCU,XT,11.5,11.5,11.5,11.5,11.5,3,100,1150.0
2023-06-22,2023-06-22,SURJIND,X,116.5,119.0,114.0,115.0,116.0,29,11085,1276517.0
2023-06-22,2023-06-22,HITECHCORP,B,235.0,236.4,230.15,230.2,232.7,143,3335,780529.0
2023-06-22,2023-06-22,BLOOM,X,12.5,12.5,12.2,12.49,12.84,7,392,4875.0
2023-06-22,2023-06-22,FILATEX,A,40.0,40.44,39.55,39.79,39.79,223,19743,788488.0
2023-06-22,2023-06-22,STDSFAC,XT,63.89,63.9,60.05,61.0,61.0,17,1418,89078.0
2023-06-22,2023-06-22,MORGAN,X,32.48,32.48,30.0,31.2,31.12,29,2984,92299.0
2023-06-22,2023-06-22,AMRAPLIN,X,12.87,12.87,12.18,12.23,12.87,33,15778,194458.0
2023-06-22,2023-06-22,PREMEXPLN,B,446.2,448.25,437.45,438.55,445.55,107,1098,488325.0
2023-06-22,2023-06-22,MIDEASTP,X,3.32,3.32,3.32,3.32,3.49,3,34,112.0
2023-06-22,2023-06-22,MOLDTECH,B,325.2,327.75,309.15,311.7,322.15,992,21853,6937211.0
2023-06-22,2023-06-22,CRSTCHM,XT,70.75,74.06,68.01,71.03,70.84,49,1924,135482.0
2023-06-22,2023-06-22,MPHASIS,A,1870.55,1870.55,1850.15,1855.2,1877.45,2394,13004,24145542.0
2023-06-22,2023-06-22,MEDINOV,XT,27.49,27.49,25.84,26.0,26.53,13,163,4314.0
2023-06-22,2023-06-22,DIVSHKT,X,71.9,71.9,69.57,71.38,70.41,21,2783,196064.0
2023-06-22,2023-06-22,ORIENTLTD,B,63.64,64.4,62.1,63.9,63.39,24,802,50662.0
2023-06-22,2023-06-22,SHREYASI,XT,10.3,10.3,9.6,9.7,9.81,33,7620,76564.0
2023-06-22,2023-06-22,PANJON,X,15.0,15.4,14.0,14.16,15.0,42,18011,257297.0
2023-06-22,2023-06-22,DUROPACK,XT,108.4,108.4,103.5,105.75,104.45,38,983,103456.0
2023-06-22,2023-06-22,SWARNSAR,X,18.62,19.72,18.62,19.0,19.0,53,9594,183274.0
2023-06-22,2023-06-22,GANESHHOU,B,364.55,375.55,355.95,362.55,361.8,180,3574,1302426.0
2023-06-22,2023-06-22,NMDC,A,106.65,106.95,105.3,105.85,106.7,3391,286478,30404411.0
2023-06-22,2023-06-22,CINDHO,X,43.0,43.01,43.0,43.01,43.01,3,37,1591.0
2023-06-22,2023-06-22,PATINTLOG,B,13.7,13.96,13.24,13.38,13.6,236,65129,881019.0
2023-06-22,2023-06-22,ALPHAGEO,B,265.9,269.95,262.65,268.5,264.25,237,2012,535215.0
2023-06-22,2023-06-22,HAMPTON,B,40.6,41.43,40.1,40.63,40.63,51,18738,763065.0
2023-06-22,2023-06-22,KKALPANAIND,X,13.79,13.79,12.8,12.95,13.21,146,32960,431444.0
2023-06-22,2023-06-22,KRITI,B,105.7,105.7,103.5,104.1,106.35,25,629,65470.0
2023-06-22,2023-06-22,ASMTEC,X,566.8,575.0,525.0,527.85,559.85,929,22857,12355371.0
2023-06-22,2023-06-22,PERFEPA,X,83.23,89.95,83.23,87.41,84.14,24,941,82531.0
2023-06-22,2023-06-22,AMBIT,XT,5.23,5.23,5.23,5.23,5.5,6,6500,33995.0
2023-06-22,2023-06-22,VISIONCINE,XT,0.88,0.91,0.88,0.9,0.87,23,11919,10709.0
2023-06-22,2023-06-22,INDRANIB,X,55.0,57.0,53.25,54.36,55.6,420,70785,3906411.0
2023-06-22,2023-06-22,EUROLED,XT,21.73,21.73,19.8,21.72,20.7,4,9,183.0
2023-06-22,2023-06-22,WINSOMBR,XT,10.79,10.79,10.25,10.6,10.36,37,3366,34972.0
2023-06-22,2023-06-22,ELEFLOR,X,6.57,6.69,6.5,6.56,6.58,164,46194,303524.0
2023-06-22,2023-06-22,SAENTER,X,34.62,35.0,34.55,35.0,33.87,4,330,11430.0
2023-06-22,2023-06-22,SKYIND,X,67.0,67.0,66.0,67.0,66.13,35,812,54297.0
2023-06-22,2023-06-22,PHOENXINTL,XT,29.0,29.0,27.55,28.5,29.0,14,896,25252.0
2023-06-22,2023-06-22,RISHIROOP,X,103.0,106.0,90.0,103.65,103.01,57,3239,332059.0
2023-06-22,2023-06-22,PROMACT,XT,6.19,6.19,6.19,6.19,5.9,7,1480,9161.0
2023-06-22,2023-06-22,STRGRENWO,X,33.5,33.5,33.25,33.25,31.97,2,2,66.0
2023-06-22,2023-06-22,SYSTMTXC,X,231.0,232.0,230.0,232.0,241.9,4,510,117420.0
2023-06-22,2023-06-22,ALPINEHOU,X,134.9,134.9,129.0,131.45,134.05,106,10658,1398027.0
2023-06-22,2023-06-22,SANGHIIND,B,71.52,74.65,71.5,72.83,71.5,1508,141286,10352142.0
2023-06-22,2023-06-22,WWALUM,XT,13.32,13.98,12.66,13.96,13.32,29,4540,59267.0
2023-06-22,2023-06-22,SFPIL,XT,16.42,17.0,15.65,15.77,16.42,15,418,6804.0
2023-06-22,2023-06-22,SGLRES,X,9.01,9.3,9.0,9.01,9.08,34,7471,67918.0
2023-06-22,2023-06-22,CHOKSILA,X,50.95,51.94,48.65,51.45,51.25,31,1753,89029.0
2023-06-22,2023-06-22,CCHHL,B,7.1,7.17,7.0,7.0,7.1,48,20932,146987.0
2023-06-22,2023-06-22,LONTE,XT,23.2,24.25,23.0,23.8,23.11,9,405,9417.0
2023-06-22,2023-06-22,ENTRINT,X,17.5,17.5,16.52,17.41,16.3,7,354,6145.0
2023-06-22,2023-06-22,TECHIN,B,10.04,10.39,9.62,10.01,10.18,39,19827,200757.0
2023-06-22,2023-06-22,TPLPLASTEH,B,49.45,50.4,46.0,46.34,47.57,1267,142891,6960253.0
2023-06-22,2023-06-22,WIMPLAST,X,475.0,489.95,471.5,486.8,470.85,320,26403,12685376.0
2023-06-22,2023-06-22,PHOTOQUP,XT,20.73,20.73,20.0,20.0,19.75,5,923,19100.0
2023-06-22,2023-06-22,LIBERTSHOE,B,238.0,242.0,236.7,238.5,238.35,468,8833,2118446.0
2023-06-22,2023-06-22,LIPPISYS,XT,14.99,14.99,14.99,14.99,14.28,8,402,6025.0
2023-06-22,2023-06-22,ELECTHERM,T,86.98,87.34,85.0,85.0,87.02,11,663,56844.0
2023-06-22,2023-06-22,BLUEDART,A,7293.55,7338.55,7174.4,7266.85,7231.1,1531,4654,33733253.0
2023-06-22,2023-06-22,EXPOEAPL,X,12.43,12.43,11.7,12.32,12.24,64,8738,104898.0
2023-06-22,2023-06-22,NATPLAS,X,56.1,58.4,56.1,57.02,56.93,117,18320,1046643.0
2023-06-22,2023-06-22,MFLINDIA,X,0.7,0.7,0.67,0.67,0.7,1183,806301,550942.0
2023-06-22,2023-06-22,AJWAFUN,P,17.0,17.01,17.0,17.0,17.86,3,300,5101.0
2023-06-22,2023-06-22,TEXELIN,X,49.3,49.3,46.1,47.15,47.9,115,27145,1298051.0
2023-06-22,2023-06-22,RAYALEMA,XT,34.0,35.8,34.0,34.5,34.28,24,5688,197384.0
2023-06-22,2023-06-22,MIRZAINT,T,50.3,51.7,50.3,50.78,51.08,374,21059,1073278.0
2023-06-22,2023-06-22,TFCILTD,B,74.0,74.08,72.95,73.79,73.33,100,5068,372769.0
2023-06-22,2023-06-22,THAKDEV,X,138.85,140.9,131.0,133.4,138.85,45,690,93934.0
2023-06-22,2023-06-22,ARENTERP,T,35.82,36.31,35.41,36.31,36.31,5,430,15576.0
2023-06-22,2023-06-22,BIL,B,238.7,238.7,220.15,223.8,224.1,75,516,116321.0
2023-06-22,2023-06-22,KAMATHOTEL,T,210.0,220.95,208.0,211.45,211.35,64,3429,717462.0
2023-06-22,2023-06-22,KEEPLEARN,T,3.45,3.45,3.21,3.44,3.32,8,1782,5723.0
2023-06-22,2023-06-22,POLOHOT,X,13.0,13.0,11.72,12.27,12.6,40,3431,41564.0
2023-06-22,2023-06-22,ECOPLAST,XT,157.3,160.0,150.4,154.0,155.15,164,9276,1442956.0
2023-06-22,2023-06-22,ELEMARB,X,199.9,204.0,172.3,183.55,189.3,175,8962,1713048.0
2023-06-22,2023-06-22,ADARSHPL,X,17.73,17.73,16.24,17.22,17.0,60,6618,110952.0
2023-06-22,2023-06-22,HPBL,Z,291.2,291.2,264.0,274.4,277.35,19,162,46473.0
2023-06-22,2023-06-22,NICCOPAR,X,133.9,133.9,126.1,127.9,131.35,262,9909,1271510.0
2023-06-22,2023-06-22,NTCIND,X,81.65,85.85,81.0,82.76,81.28,54,2278,187070.0
2023-06-22,2023-06-22,SANDESH,B,929.4,930.55,917.7,920.1,929.75,17,44,40628.0
2023-06-22,2023-06-22,GARNET,X,16.19,16.19,15.01,15.75,15.05,39,7777,122754.0
2023-06-22,2023-06-22,GOLDIAM,B,130.95,135.15,130.75,131.4,129.45,2441,143623,19060146.0
2023-06-22,2023-06-22,BRIGHTBR,X,155.0,159.55,154.7,156.05,156.1,29,2567,403573.0
2023-06-22,2023-06-22,SHAWGELTIN,X,449.45,449.5,420.2,429.45,440.25,518,15786,6771745.0
2023-06-22,2023-06-22,PGFOILQ,XT,176.5,179.7,175.0,176.6,175.6,107,7659,1360977.0
2023-06-22,2023-06-22,GRATEXI,XT,17.23,17.23,17.23,17.23,17.23,5,133,2291.0
2023-06-22,2023-06-22,VELHO,X,6.29,6.29,6.07,6.25,6.05,32,3959,24631.0
2023-06-22,2023-06-22,PRESSURS,XT,7.22,7.98,7.22,7.98,7.6,1097,614637,4602129.0
2023-06-22,2023-06-22,VALIANT,X,169.4,174.95,168.85,168.95,168.4,54,6527,1113937.0
2023-06-22,2023-06-22,DRAGARWQ,X,1449.3,1455.0,1399.0,1417.7,1433.45,81,1980,2824322.0
2023-06-22,2023-06-22,GREENPLY,B,176.35,177.15,174.1,174.9,176.8,326,9396,1650311.0
2023-06-22,2023-06-22,UNQTYMI,XT,7.1,7.1,7.1,7.1,6.77,9,2626,18644.0
2023-06-22,2023-06-22,SEAMECLTD,B,602.45,610.85,588.4,589.8,599.0,135,908,541358.0
2023-06-22,2023-06-22,RAGHUNAT,XT,10.7,10.7,10.4,10.6,10.86,26,3756,39620.0
2023-06-22,2023-06-22,CHEVIOT,B,1174.0,1318.0,1174.0,1230.95,1139.5,1367,8049,10195388.0
2023-06-22,2023-06-22,DAICHI,X,401.0,401.0,390.05,394.55,400.3,25,1326,521675.0
2023-06-22,2023-06-22,RAJINFRA,XT,6.15,6.15,6.15,6.15,5.89,2,101,621.0
2023-06-22,2023-06-22,SPICEISLIN,XT,21.0,21.0,19.85,19.85,20.89,5,134,2756.0
2023-06-22,2023-06-22,CONFIPET,B,68.59,69.51,67.0,67.56,68.59,637,69455,4743241.0
2023-06-22,2023-06-22,SIPL,XT,5.8,5.85,5.7,5.85,5.8,13,2868,16479.0
2023-06-22,2023-06-22,ASHSI,X,24.98,24.98,22.1,24.57,23.77,154,19283,460330.0
2023-06-22,2023-06-22,BANARBEADS,B,84.66,84.66,83.0,83.0,83.0,14,1388,115221.0
2023-06-22,2023-06-22,AREXMIS,X,118.25,118.35,118.25,118.3,120.95,3,13,1538.0
2023-06-22,2023-06-22,BI,X,53.95,54.8,52.55,54.46,52.68,196,23984,1293989.0
2023-06-22,2023-06-22,ISFL,X,1.82,1.94,1.82,1.91,1.84,252,270409,510116.0
2023-06-22,2023-06-22,RISHILASE,XT,41.89,41.89,39.59,40.19,41.67,58,9518,385198.0
2023-06-22,2023-06-22,JAINCO,X,3.33,3.33,3.33,3.33,3.33,8,1416,4715.0
2023-06-22,2023-06-22,KUMPFIN,XT,15.48,15.48,14.51,15.48,14.75,8,3108,48098.0
2023-06-22,2023-06-22,INTECCAP,X,19.0,19.0,18.98,18.98,19.0,2,2,37.0
2023-06-22,2023-06-22,RAJSEC,X,8.45,8.45,8.03,8.03,8.45,5,42,346.0
2023-06-22,2023-06-22,63MOONS,B,169.1,173.45,168.0,168.1,169.0,707,13397,2288938.0
2023-06-22,2023-06-22,SARLAPOLY,B,40.28,41.45,40.13,40.44,41.12,188,16051,652647.0
2023-06-22,2023-06-22,MKTCREAT,X,9.09,9.48,9.09,9.4,9.09,12,984,8969.0
2023-06-22,2023-06-22,HFIL,X,27.09,27.09,25.42,25.6,26.94,844,142285,3692666.0
2023-06-22,2023-06-22,SONALAD,XT,69.05,69.05,66.6,67.87,68.9,88,5130,345349.0
2023-06-22,2023-06-22,PADMAIND,X,2.58,2.58,2.58,2.58,2.7,5,98,252.0
2023-06-22,2023-06-22,21STCENMGM,B,22.5,22.5,22.5,22.5,22.06,22,7686,172935.0
2023-06-22,2023-06-22,HRYNSHP,X,77.99,79.7,76.0,77.42,76.09,89,4700,368726.0
2023-06-22,2023-06-22,TYROON,X,85.95,85.95,83.05,83.11,84.18,16,384,32379.0
2023-06-22,2023-06-22,LAOPALA,A,448.85,448.85,430.4,434.45,449.35,1563,33266,14523582.0
2023-06-22,2023-06-22,STYLAMIND,B,1641.85,1646.55,1589.65,1618.15,1629.6,375,1580,2549007.0
2023-06-22,2023-06-22,VENUSREM,T,240.0,248.85,235.8,248.85,237.0,99,7096,1757524.0
2023-06-22,2023-06-22,LASTMILE,XT,202.5,213.1,202.45,212.25,213.1,28,1789,378208.0
2023-06-22,2023-06-22,GUJCRAFT,X,75.0,75.75,73.05,73.3,75.06,16,522,38555.0
2023-06-22,2023-06-22,HEERAISP,Z,10.5,10.95,9.95,10.85,10.47,55,128543,1387117.0
2023-06-22,2023-06-22,DHOOTIN,X,77.99,77.99,75.0,76.43,76.83,60,4438,336529.0
2023-06-22,2023-06-22,SHBAJRG,X,170.75,170.75,163.0,166.6,168.65,57,3747,625127.0
2023-06-22,2023-06-22,URJA,B,9.9,10.16,9.7,9.94,9.82,3710,3197998,31701000.0
2023-06-22,2023-06-22,ASHAPURMIN,B,137.45,139.25,133.25,136.2,136.95,801,48428,6612377.0
2023-06-22,2023-06-22,GUJALKALI,A,680.15,692.05,675.0,685.45,682.6,1138,16795,11479613.0
2023-06-22,2023-06-22,INDIACEM,A,233.9,236.55,217.35,218.0,231.55,8304,590056,132375445.0
2023-06-22,2023-06-22,JKTYRE,A,197.7,199.5,194.15,195.7,195.25,1819,116124,22818347.0
2023-06-22,2023-06-22,MANGCHEFER,B,100.9,103.54,100.8,102.01,99.89,853,61003,6236548.0
2023-06-22,2023-06-22,SIL,T,24.7,25.0,24.4,24.66,24.8,227,23247,573103.0
2023-06-22,2023-06-22,JUBLPHARMA,A,394.05,404.2,392.15,393.9,395.95,1270,27446,10976765.0
2023-06-22,2023-06-22,THEINVEST,T,81.6,82.99,81.0,82.99,83.12,5,110,8922.0
2023-06-22,2023-06-22,SAMYAKINT,XT,19.2,20.0,18.69,19.5,19.66,13,1353,25921.0
2023-06-22,2023-06-22,AADIIND,X,3.75,3.75,3.65,3.65,3.75,8,958,3586.0
2023-06-22,2023-06-22,SPARKLEGR,XT,3.83,3.83,3.83,3.83,4.0,1,19,72.0
2023-06-22,2023-06-22,ACKNIT,X,166.25,168.45,162.15,163.2,166.3,21,1812,299218.0
2023-06-22,2023-06-22,TITANSEC,X,16.99,16.99,16.0,16.12,16.8,284,57552,935392.0
2023-06-22,2023-06-22,REALECO,X,28.63,30.06,28.5,29.99,28.63,43,1962,57623.0
2023-06-22,2023-06-22,VIVANZA,XT,8.74,8.74,7.92,8.15,8.33,3,24,198.0
2023-06-22,2023-06-22,YASHRAJC,X,11.92,12.19,11.68,12.0,11.69,37,5511,66021.0
2023-06-22,2023-06-22,LORDSHOTL,XT,10.45,10.97,9.93,9.93,10.45,13,923,9432.0
2023-06-22,2023-06-22,CSLFINANCE,B,310.0,337.1,309.75,333.85,317.9,723,11060,3603463.0
2023-06-22,2023-06-22,SANGHVIMOV,B,471.3,471.35,456.65,460.2,471.35,915,17548,8104525.0
2023-06-22,2023-06-22,ANTELOPUS,B,314.5,317.7,302.3,303.9,310.75,286,5236,1606650.0
2023-06-22,2023-06-22,PURETROP,X,154.0,154.0,148.5,152.95,152.15,137,10472,1590259.0
2023-06-22,2023-06-22,FAZE3Q,B,391.1,399.05,380.0,386.3,396.95,524,5242,2045830.0
2023-06-22,2023-06-22,PRADHIN,XT,41.9,43.95,41.9,43.5,42.0,6,501,21360.0
2023-06-22,2023-06-22,ANUPAM,X,1.73,1.74,1.66,1.67,1.68,320,272656,463150.0
2023-06-22,2023-06-22,RAJPACK,X,46.73,46.73,46.73,46.73,46.0,2,100,4673.0
2023-06-22,2023-06-22,PRIVISCL,A,1097.8,1107.1,1085.0,1089.7,1100.95,315,1859,2041858.0
2023-06-22,2023-06-22,NATRAJPR,XT,53.47,53.47,50.24,52.29,51.81,30,1412,73903.0
2023-06-22,2023-06-22,SAMRATPH,X,436.0,440.0,430.0,431.3,436.75,106,1646,711625.0
2023-06-22,2023-06-22,NILE,X,795.0,808.9,788.5,794.15,799.1,156,3872,3085066.0
2023-06-22,2023-06-22,UDAICEMENT,B,24.65,24.65,23.93,24.0,24.51,667,106924,2593624.0
2023-06-22,2023-06-22,AMCOIND,X,63.49,63.49,58.57,59.5,60.5,18,1525,92295.0
2023-06-22,2023-06-22,OPTIEMUS,A,203.65,228.75,203.65,220.25,208.05,1581,42252,9356364.0
2023-06-22,2023-06-22,KREONFIN,XT,49.9,49.9,47.11,47.11,49.58,58,3347,159064.0
2023-06-22,2023-06-22,KISAN,XT,14.0,14.18,13.3,13.48,13.9,118,37222,499772.0
2023-06-22,2023-06-22,VIJAYTX,X,27.49,29.63,26.5,27.04,26.96,149,11999,335486.0
2023-06-22,2023-06-22,KERALAYUR,XT,107.8,107.8,102.55,105.15,105.9,53,1599,168217.0
2023-06-22,2023-06-22,MONGIPA,XT,23.99,23.99,23.3,23.3,23.25,10,1635,38382.0
2023-06-22,2023-06-22,MOHITPPR,XT,20.96,20.96,19.71,20.15,19.98,27,2074,41383.0
2023-06-22,2023-06-22,DAULAT,X,21.1,21.6,19.5,20.64,21.12,64,3234,66303.0
2023-06-22,2023-06-22,ODYSSEY,XT,81.78,87.31,80.46,87.3,83.16,224,25647,2208739.0
2023-06-22,2023-06-22,RSCINT,XT,4.25,4.25,4.25,4.25,4.41,2,1500,6375.0
2023-06-22,2023-06-22,SURATRAML,X,8.41,8.44,8.32,8.37,8.39,503,82472,691148.0
2023-06-22,2023-06-22,ATHARVENT,X,2.75,2.75,2.66,2.66,2.54,16,6644,17875.0
2023-06-22,2023-06-22,FUNDVISER,XT,10.5,10.86,10.5,10.86,10.35,2,101,1060.0
2023-06-22,2023-06-22,THEMISMED,B,1408.5,1408.5,1381.55,1386.2,1393.65,49,74,102768.0
2023-06-22,2023-06-22,KALLAM,X,9.07,9.2,9.07,9.13,9.2,37,7980,73023.0
2023-06-22,2023-06-22,BRAWN,XT,15.6,15.6,15.0,15.39,15.2,13,680,10496.0
2023-06-22,2023-06-22,FORINTL,XT,29.41,31.5,29.15,30.58,30.01,21,756,22996.0
2023-06-22,2023-06-22,KINGSINFR,X,119.85,119.85,116.2,116.95,119.0,91,6641,780714.0
2023-06-22,2023-06-22,SWOJAS,X,7.09,7.09,7.09,7.09,6.76,2,700,4963.0
2023-06-22,2023-06-22,AUROLAB,X,88.12,89.78,87.0,88.01,88.11,33,2333,204723.0
2023-06-22,2023-06-22,KJMCFIN,XT,38.32,38.32,35.0,35.55,36.5,5,3663,128964.0
2023-06-22,2023-06-22,SUVEN,B,66.0,67.21,65.09,65.44,66.89,231,21791,1436381.0
2023-06-22,2023-06-22,ARYAMAN,X,164.3,169.95,154.95,163.3,163.1,64,3789,599749.0
2023-06-22,2023-06-22,BRIDGESE,X,6.17,6.9,6.17,6.9,7.39,23,4997,33207.0
2023-06-22,2023-06-22,RISAINTL,X,0.59,0.6,0.56,0.57,0.58,103,128263,73164.0
2023-06-22,2023-06-22,RAJTUBE,X,26.15,26.15,26.15,26.15,24.91,13,2234,58419.0
2023-06-22,2023-06-22,KAYPOWR,X,6.86,7.59,6.86,6.86,7.0,11,6211,44800.0
2023-06-22,2023-06-22,INTSTOIL,X,27.8,27.8,26.0,26.72,26.65,77,3468,92324.0
2023-06-22,2023-06-22,GLOBALCA,XT,1.09,1.09,1.04,1.05,1.07,424,499896,523376.0
2023-06-22,2023-06-22,SAINIK,X,32.0,32.0,29.17,31.99,30.7,4,6,186.0
2023-06-22,2023-06-22,QUANTDIA,XT,23.63,24.32,22.02,23.99,23.17,14,267,5995.0
2023-06-22,2023-06-22,SPCAPIT,X,16.8,17.0,16.21,16.68,16.79,25,1427,23657.0
2023-06-22,2023-06-22,PAOS,X,12.35,12.35,12.35,12.35,11.77,1,1,12.0
2023-06-22,2023-06-22,KOTHARIPRO,B,103.85,103.95,102.45,103.75,103.35,118,2736,283403.0
2023-06-22,2023-06-22,PICCADIL,X,71.69,71.69,68.2,68.92,69.83,687,107214,7512639.0
2023-06-22,2023-06-22,CLSEL,B,173.0,175.75,170.7,172.0,172.85,366,9632,1663351.0
2023-06-22,2023-06-22,CHANDRAP,X,24.19,24.19,24.0,24.05,23.69,77,7330,176155.0
2023-06-22,2023-06-22,KIMIABL,X,38.0,38.0,34.22,35.18,34.43,17,1167,40542.0
2023-06-22,2023-06-22,HINDTIN,X,98.9,98.9,96.5,97.59,96.75,173,7079,688019.0
2023-06-22,2023-06-22,GODAVARI,X,99.8,103.98,98.7,99.22,100.32,190,13443,1345009.0
2023-06-22,2023-06-22,PREMCO,X,375.0,377.7,357.1,368.0,367.0,45,4260,1544165.0
2023-06-22,2023-06-22,MUKESHB,X,104.15,125.62,101.75,117.94,104.69,377,22400,2694942.0
2023-06-22,2023-06-22,GENUSPOWER,A,109.6,111.65,105.65,107.48,109.68,1445,111117,11996648.0
2023-06-22,2023-06-22,ASIANENE,T,126.1,128.0,122.0,123.15,128.05,103,12435,1554795.0
2023-06-22,2023-06-22,KBSINDIA,XT,10.05,10.39,9.7,10.11,10.07,79,32853,325822.0
2023-06-22,2023-06-22,PRABHHANS,X,57.0,60.0,55.1,59.95,58.0,4,201,11090.0
2023-06-22,2023-06-22,UGARSUGAR,B,122.0,131.8,121.1,127.4,121.1,3809,294551,37777903.0
2023-06-22,2023-06-22,ORIENTBELL,B,535.0,545.0,532.0,536.15,534.6,107,958,518912.0
2023-06-22,2023-06-22,NRBBEARING,B,179.1,186.0,179.1,184.3,179.5,1215,22952,4197294.0
2023-06-22,2023-06-22,VAMSHIRU,X,23.99,24.0,23.99,24.0,23.55,6,890,21357.0
2023-06-22,2023-06-22,NILAINFRA,B,6.02,6.17,5.7,6.01,6.1,332,117018,697457.0
2023-06-22,2023-06-22,DBSTOCKBRO,B,25.1,25.44,24.51,24.83,25.1,31,616,15364.0
2023-06-22,2023-06-22,VINYOFL,XT,102.37,111.5,102.37,104.19,107.4,187,4636,489669.0
2023-06-22,2023-06-22,JINDCAP,X,22.7,23.63,22.15,22.92,23.09,48,5921,134397.0
2023-06-22,2023-06-22,EPIC,X,6.0,6.0,6.0,6.0,6.0,14,2268,13608.0
2023-06-22,2023-06-22,SUMEDHA,XT,49.0,49.0,45.85,47.25,48.01,145,10792,505742.0
2023-06-22,2023-06-22,KUWERIN,X,9.96,9.96,9.05,9.05,9.5,11,1734,16586.0
2023-06-22,2023-06-22,CHOKSI,X,49.7,50.5,48.1,48.4,49.98,22,2214,109191.0
2023-06-22,2023-06-22,ASHISHPO,X,20.94,20.94,19.01,20.9,19.95,9,647,13347.0
2023-06-22,2023-06-22,ADORFO,X,106.75,111.7,105.2,105.4,106.7,443,43546,4622358.0
2023-06-22,2023-06-22,SHIVAAGRO,X,70.65,70.65,67.45,68.66,69.1,76,5555,379327.0
2023-06-22,2023-06-22,SIDDHA,XT,6.68,6.68,6.31,6.49,6.4,33,7161,46422.0
2023-06-22,2023-06-22,KIRANSY-B,X,5.87,6.45,5.87,6.44,6.15,8,6186,38922.0
2023-06-22,2023-06-22,SUMERUIND,XT,1.77,1.77,1.61,1.61,1.69,47,35975,62799.0
2023-06-22,2023-06-22,RUNGTAIR,XT,57.01,57.01,54.2,54.2,57.05,66,6482,354398.0
2023-06-22,2023-06-22,GTTDATA,X,3.32,3.65,3.32,3.65,3.48,4,1125,3771.0
2023-06-22,2023-06-22,VALSONQ,X,23.5,24.25,23.5,23.5,23.5,11,959,22566.0
2023-06-22,2023-06-22,SABOOSOD,X,16.95,17.4,16.56,17.18,16.6,65,36800,626068.0
2023-06-22,2023-06-22,GSLSEC,X,7.52,7.52,7.52,7.52,7.17,1,93,699.0
2023-06-22,2023-06-22,TINNARUBR,X,534.8,534.8,516.5,520.7,528.0,344,11793,6189322.0
2023-06-22,2023-06-22,VIKRAMTH,X,92.95,95.0,90.95,91.38,91.09,610,52961,4889015.0
2023-06-22,2023-06-22,STRATMONT,X,20.9,20.9,20.9,20.9,22.0,7,550,11495.0
2023-06-22,2023-06-22,AKCAPIT,X,514.75,514.75,485.0,488.4,497.15,96,2935,1442465.0
2023-06-22,2023-06-22,RELAXO,A,925.95,925.95,903.7,905.1,916.55,386,2360,2143991.0
2023-06-22,2023-06-22,VIRAT,X,234.7,234.7,225.0,225.85,226.7,43,1046,236948.0
2023-06-22,2023-06-22,RRETAIL,XT,17.55,17.55,17.55,17.55,18.47,86,195062,3423338.0
2023-06-22,2023-06-22,TERAI,X,72.0,74.5,69.35,72.0,70.78,16,800,57202.0
2023-06-22,2023-06-22,COSCO,X,168.0,171.6,168.0,169.5,170.5,13,187,31928.0
2023-06-22,2023-06-22,SHILPAMED,A,257.85,261.35,250.65,254.25,255.8,2907,624872,157706047.0
2023-06-22,2023-06-22,PARACABLES,B,37.78,38.19,36.47,36.78,37.65,401,43195,1601575.0
2023-06-22,2023-06-22,NCLRESE,X,0.4,0.4,0.39,0.39,0.4,2365,5004372,1965154.0
2023-06-22,2023-06-22,KOIYAIN,X,3.42,3.42,3.42,3.42,3.28,4,115,393.0
2023-06-22,2023-06-22,EXPLICITFIN,X,4.51,4.51,4.51,4.51,4.74,2,29,130.0
2023-06-22,2023-06-22,LADDERUP,X,20.65,22.6,19.58,19.93,19.75,40,2732,55133.0
2023-06-22,2023-06-22,UYFINCORP,X,27.0,27.0,26.55,26.66,26.8,176,140342,3740959.0
2023-06-22,2023-06-22,EKAMLEA,X,5.09,5.09,5.09,5.09,5.09,1,10,50.0
2023-06-22,2023-06-22,SWASTIKA,X,171.7,171.7,163.5,167.35,165.6,39,672,112341.0
2023-06-22,2023-06-22,PRIMAPLA,X,154.0,156.75,148.0,148.4,154.2,371,32856,4948579.0
2023-06-22,2023-06-22,TELECANOR,X,5.84,5.84,5.84,5.84,5.57,2,13,75.0
2023-06-22,2023-06-22,STURDY,XT,0.39,0.39,0.38,0.39,0.38,226,270809,104098.0
2023-06-22,2023-06-22,GARGFUR,XT,88.0,90.86,86.1,89.85,86.54,63,5057,455030.0
2023-06-22,2023-06-22,AAIL,X,106.8,107.0,101.7,102.96,102.65,224,24259,2537260.0
2023-06-22,2023-06-22,VIPULORG,X,109.15,109.15,104.95,106.05,106.4,107,10217,1091163.0
2023-06-22,2023-06-22,ECORECO,X,116.5,117.2,114.55,115.45,116.25,206,13994,1618403.0
2023-06-22,2023-06-22,GOODLUCK,B,423.5,425.35,416.2,420.75,423.95,321,7299,3069784.0
2023-06-22,2023-06-22,GOYALASS,X,2.11,2.11,2.05,2.11,2.01,242,567081,1191806.0
2023-06-22,2023-06-22,ZENITHHE,XT,4.04,4.04,3.93,3.96,3.98,158,38996,154322.0
2023-06-22,2023-06-22,YORKEXP,XT,35.5,35.5,35.5,35.5,35.5,6,351,12460.0
2023-06-22,2023-06-22,SUPREME,X,86.55,90.0,86.55,87.81,87.54,54,2864,250682.0
2023-06-22,2023-06-22,LYKISLTD,XT,103.0,103.9,100.0,101.4,103.55,304,20013,2027544.0
2023-06-22,2023-06-22,PRIMEPRO,XT,20.29,20.29,19.31,19.43,19.8,19,1261,24637.0
2023-06-22,2023-06-22,ZENLABS,X,45.5,45.5,44.0,44.2,44.02,29,2507,111709.0
2023-06-22,2023-06-22,RAJRILTD,T,66.48,66.48,66.48,66.48,67.83,43,2062,137081.0
2023-06-22,2023-06-22,JAGANLAM,XT,74.0,74.0,71.5,72.48,72.54,100,10422,758655.0
2023-06-22,2023-06-22,AJEL,Z,9.31,9.6,9.0,9.11,9.31,19,468,4331.0
2023-06-22,2023-06-22,ALPSINDUS,T,1.71,1.85,1.71,1.71,1.79,33,20779,36052.0
2023-06-22,2023-06-22,ASITCFIN,XT,143.0,147.9,141.8,141.8,141.8,7,56,8103.0
2023-06-22,2023-06-22,ENCODE,X,9.63,9.64,9.16,9.64,9.64,3,5,47.0
2023-06-22,2023-06-22,SUPERBAK,X,21.89,21.89,21.89,21.89,20.85,3,420,9193.0
2023-06-22,2023-06-22,OVOBELE,XT,275.0,284.0,263.0,267.4,276.25,208,9424,2594776.0
2023-06-22,2023-06-22,CHALLANI,X,11.77,11.81,11.4,11.77,11.25,19,11011,129624.0
2023-06-22,2023-06-22,CORNE,XT,12.64,12.64,12.64,12.64,13.3,5,1157,14624.0
2023-06-22,2023-06-22,STERTOOLS,B,373.05,375.75,358.5,365.85,372.5,430,7714,2822953.0
2023-06-22,2023-06-22,AGARWAL,X,9.09,9.09,9.09,9.09,8.66,1,25,227.0
2023-06-22,2023-06-22,CEEJAY,X,123.1,126.0,122.15,122.15,120.65,23,1114,138914.0
2023-06-22,2023-06-22,SUNCITYSY,XT,5.96,5.96,5.96,5.96,6.27,1,9,53.0
2023-06-22,2023-06-22,SHGANEL,XT,11.66,11.66,11.66,11.66,11.66,2,4,46.0
2023-06-22,2023-06-22,ANNAINFRA,X,9.29,9.29,9.29,9.29,8.85,1,355,3297.0
2023-06-22,2023-06-22,BHAGERIA,B,151.2,153.4,144.8,148.2,150.0,142,3316,499806.0
2023-06-22,2023-06-22,BNRUDY,X,40.0,42.17,39.0,39.35,40.66,5,196,8019.0
2023-06-22,2023-06-22,KRBL,A,348.0,352.95,346.0,350.75,346.65,931,26989,9469323.0
2023-06-22,2023-06-22,REFNOLRESIN,X,80.5,80.9,72.0,73.65,76.59,43,5542,410138.0
2023-06-22,2023-06-22,SSPDL,X,15.63,16.75,15.55,16.75,15.78,4,1001,15587.0
2023-06-22,2023-06-22,DAIKAFFI,X,24.41,25.14,24.12,25.14,24.41,14,3039,74900.0
2023-06-22,2023-06-22,CILSEC,X,26.99,26.99,26.12,26.16,26.11,14,4158,109581.0
2023-06-22,2023-06-22,CLIOINFO,X,4.61,4.61,4.5,4.5,4.68,23,13825,62322.0
2023-06-22,2023-06-22,CUPID,B,257.6,262.15,252.5,255.3,256.2,177,3629,930951.0
2023-06-22,2023-06-22,SUNSHIEL,X,706.55,725.0,702.55,719.1,706.55,118,6574,4706922.0
2023-06-22,2023-06-22,HIPOLIN,XT,95.01,95.01,94.65,94.7,99.63,35,1752,165851.0
2023-06-22,2023-06-22,CHEMBOND,B,422.95,428.35,416.0,417.65,422.9,404,3580,1509024.0
2023-06-22,2023-06-22,CIFL,X,99.25,99.99,95.15,99.0,98.01,21,441,43417.0
2023-06-22,2023-06-22,ABVL,XT,173.05,180.0,165.05,173.25,173.0,34,6327,1094723.0
2023-06-22,2023-06-22,SUCROSA,X,6.96,6.98,6.66,6.76,6.82,98,33407,229052.0
2023-06-22,2023-06-22,NGIND,X,88.24,88.94,87.2,88.01,87.32,16,548,48327.0
2023-06-22,2023-06-22,ASIAPAK,X,33.55,33.55,33.25,33.25,31.99,3,14,466.0
2023-06-22,2023-06-22,SICAPIT,XT,30.0,30.0,30.0,30.0,30.0,4,350,10500.0
2023-06-22,2023-06-22,ERPSOFT,XT,71.95,75.25,71.95,75.0,71.95,7,309,23207.0
2023-06-22,2023-06-22,REMSONSIND,B,244.55,245.0,236.35,237.0,241.15,196,904,215808.0
2023-06-22,2023-06-22,STANPACK,X,8.0,8.64,7.82,7.82,8.23,9,211,1662.0
2023-06-22,2023-06-22,AQYLON,T,1.51,1.51,1.51,1.51,1.44,5,156,235.0
2023-06-22,2023-06-22,RAMINFO,X,95.55,97.28,95.05,95.71,95.71,49,8644,826720.0
2023-06-22,2023-06-22,SUNILAGR,X,173.95,176.85,165.0,167.05,169.15,38,1855,309065.0
2023-06-22,2023-06-22,DIANATEA,X,23.26,24.0,23.25,23.95,23.37,58,15011,354645.0
2023-06-22,2023-06-22,VIKASECO,B,3.43,3.46,3.21,3.34,3.43,978,2375095,8058604.0
2023-06-22,2023-06-22,IOC,A,92.1,92.85,91.7,91.94,91.98,3673,1537803,141824424.0
2023-06-22,2023-06-22,ALFAICA,XT,50.92,50.92,46.81,50.92,48.5,16,1857,92906.0
2023-06-22,2023-06-22,SKCIL,X,133.75,142.9,133.75,137.7,140.0,14,1039,143003.0
2023-06-22,2023-06-22,INDIAHOME,X,32.4,32.4,30.0,30.4,29.72,36,5845,178857.0
2023-06-22,2023-06-22,ROOPAIND,X,47.5,47.5,45.11,47.0,45.5,11,440,20751.0
2023-06-22,2023-06-22,UNIQUEO,X,33.01,33.98,32.1,32.39,33.68,83,9375,305848.0
2023-06-22,2023-06-22,BALAMINES,A,2390.0,2395.95,2324.95,2340.05,2403.25,2414,14133,33368124.0
2023-06-22,2023-06-22,SWRNASE,XT,66.2,66.2,66.2,66.2,69.65,4,45,2979.0
2023-06-22,2023-06-22,ARISE,X,11.5,12.0,10.5,11.72,11.27,51,17029,195630.0
2023-06-22,2023-06-22,VISAGAR,X,1.04,1.05,1.01,1.02,1.04,408,343800,352609.0
2023-06-22,2023-06-22,COMPEAU,X,271.0,302.15,270.0,296.85,273.35,771,40330,11825029.0
2023-06-22,2023-06-22,ZDHJERK,XT,13.21,13.21,12.55,13.21,13.21,5,203,2680.0
2023-06-22,2023-06-22,NEELKAN,Z,10.06,10.06,10.06,10.06,10.06,1,1,10.0
2023-06-22,2023-06-22,VINTAGES,X,9.11,9.11,9.11,9.11,9.1,3,27,245.0
2023-06-22,2023-06-22,CONTILI,X,77.0,83.4,77.0,81.0,78.0,27,726,59505.0
2023-06-22,2023-06-22,VIJSOLX,XT,980.0,1040.0,980.0,1031.45,993.5,182,3544,3549967.0
2023-06-22,2023-06-22,SHRIKRISH,XT,35.0,35.15,32.65,34.97,33.48,57,6861,239017.0
2023-06-22,2023-06-22,ALANKIT,B,9.8,9.8,9.53,9.59,9.69,150,10497,100894.0
2023-06-22,2023-06-22,NIHARINF,X,6.3,6.3,6.0,6.0,6.0,7,2064,12634.0
2023-06-22,2023-06-22,UNITDCR,X,13.52,13.52,12.46,12.46,12.88,9,923,12463.0
2023-06-22,2023-06-22,OMINFRAL,B,47.95,48.1,46.43,47.84,47.75,483,10560,498319.0
2023-06-22,2023-06-22,ISHANCH,X,56.11,56.5,53.6,53.98,55.59,181,33470,1830736.0
2023-06-22,2023-06-22,GOTHIPL,P,37.28,37.28,37.28,37.28,37.28,4,600,22368.0
2023-06-22,2023-06-22,BALUFORGE,X,159.0,169.95,157.0,160.9,150.85,9043,1345002,221729828.0
2023-06-22,2023-06-22,PATELENG,T,29.7,29.7,28.01,28.59,29.48,1444,545817,15689939.0
2023-06-22,2023-06-22,INANI,X,20.18,20.24,19.61,20.2,19.67,12,1374,27293.0
2023-06-22,2023-06-22,GEMSI,XT,0.82,0.84,0.79,0.8,0.8,227,122694,99135.0
2023-06-22,2023-06-22,ELFORGE,XT,10.4,10.96,10.0,10.1,10.45,31,4957,52978.0
2023-06-22,2023-06-22,MEDICAMEQ,B,671.85,691.5,655.7,674.65,688.3,154,1956,1317676.0
2023-06-22,2023-06-22,ALICON,B,767.75,767.75,748.15,751.1,767.75,402,2171,1640911.0
2023-06-22,2023-06-22,DILIGENT,X,12.95,13.25,12.7,13.05,12.88,213,644740,8402274.0
2023-06-22,2023-06-22,EPSOMPRO,XT,6.14,6.14,6.14,6.14,5.85,7,616,3782.0
2023-06-22,2023-06-22,ALFAVIO,X,16.17,16.5,16.17,16.47,16.16,92,29442,480462.0
2023-06-22,2023-06-22,CATVISION,X,12.3,12.3,11.8,12.3,11.95,7,778,9559.0
2023-06-22,2023-06-22,ABMKNO,X,90.0,90.0,85.5,86.45,88.07,59,4465,388260.0
2023-06-22,2023-06-22,EMAMILTD,A,414.0,424.35,414.0,417.95,414.0,702,11758,4942459.0
2023-06-22,2023-06-22,KEMISTAR,X,39.0,39.0,36.3,38.6,37.51,51,3707,140793.0
2023-06-22,2023-06-22,SKPSEC,X,67.5,68.2,56.3,63.09,65.25,40,3060,195583.0
2023-06-22,2023-06-22,SYSCHEM,X,42.4,42.4,40.25,41.84,41.12,259,29841,1242381.0
2023-06-22,2023-06-22,BLSINFOTE,X,1.98,2.0,1.94,1.95,1.98,961,556241,1099717.0
2023-06-22,2023-06-22,MEFCOMCAP,XT,19.0,19.0,18.0,18.7,18.15,34,5838,108799.0
2023-06-22,2023-06-22,HEMANG,X,42.43,42.43,40.5,40.62,41.43,106,5779,235505.0
2023-06-22,2023-06-22,ARMANFIN,B,1964.9,1990.0,1935.05,1975.1,1951.0,401,1527,2999805.0
2023-06-22,2023-06-22,EFORU,XT,9.61,9.61,9.61,9.61,10.1,1,1,9.0
2023-06-22,2023-06-22,GLANCE,X,51.6,53.95,51.6,53.95,51.7,9,937,50060.0
2023-06-22,2023-06-22,SHILCTECH,X,1807.0,1807.0,1761.6,1770.95,1793.25,279,2819,5030582.0
2023-06-22,2023-06-22,NUCLEUS,B,1070.05,1081.0,1023.35,1044.8,1061.9,1338,12376,12962519.0
2023-06-22,2023-06-22,COLINZ,XT,37.2,38.5,36.58,36.58,38.5,12,350,13091.0
2023-06-22,2023-06-22,NLFL,X,39.25,41.0,36.5,38.75,38.68,47,11970,473981.0
2023-06-22,2023-06-22,MANAPPURAM,A,127.1,128.7,124.55,126.0,127.95,5656,559456,70786701.0
2023-06-22,2023-06-22,RTSPOWR,X,118.7,118.9,115.0,115.7,116.25,93,9821,1142508.0
2023-06-22,2023-06-22,COMFINTE,XT,4.86,4.96,4.66,4.83,4.86,1580,945600,4596009.0
2023-06-22,2023-06-22,MAYURFL,XT,9.7,10.0,9.7,10.0,9.76,4,49,484.0
2023-06-22,2023-06-22,ANJANI,X,29.99,29.99,29.61,29.61,29.99,12,1353,40276.0
2023-06-22,2023-06-22,XTGLOBAL,X,40.7,40.7,40.0,40.07,40.05,160,60486,2437335.0
2023-06-22,2023-06-22,DECOMIC,X,80.0,80.0,74.6,78.69,78.2,32,1684,127945.0
2023-06-22,2023-06-22,RANDER,X,5.27,5.27,5.17,5.17,5.27,15,5764,30122.0
2023-06-22,2023-06-22,RASIELEC,X,15.28,15.28,15.01,15.15,15.23,35,6895,104099.0
2023-06-22,2023-06-22,SCOOBEEDAY,X,113.1,115.65,109.5,112.9,115.85,17,897,101484.0
2023-06-22,2023-06-22,DHRUVCA,XT,44.04,44.04,44.0,44.04,41.95,6,660,29065.0
2023-06-22,2023-06-22,SHAMROIN,XT,5.18,5.18,5.18,5.18,5.18,2,31,160.0
2023-06-22,2023-06-22,LINC,B,715.65,729.55,705.1,711.05,709.2,135,701,501312.0
2023-06-22,2023-06-22,PRIMAIN,XT,16.23,16.23,15.44,15.6,16.24,4,10,157.0
2023-06-22,2023-06-22,INDGELA,X,358.0,358.75,345.0,348.2,354.3,153,4895,1730410.0
2023-06-22,2023-06-22,OPTIFIN,XT,85.98,85.98,78.0,82.0,81.9,11,1341,104904.0
2023-06-22,2023-06-22,PARAGONF,XT,39.99,39.99,38.0,38.0,39.98,25,2113,80782.0
2023-06-22,2023-06-22,VELLORA,X,26.29,26.29,22.74,23.26,23.36,34,2081,48024.0
2023-06-22,2023-06-22,ESHAMEDIA,XT,4.5,4.5,4.38,4.5,4.29,8,225,1011.0
2023-06-22,2023-06-22,REFEXRENEW,XT,450.0,469.0,445.0,450.0,450.0,17,280,126202.0
2023-06-22,2023-06-22,VSTTILLERS,B,2799.05,2820.0,2744.0,2758.75,2794.4,438,1932,5336359.0
2023-06-22,2023-06-22,B2BSOFT,XT,26.78,26.87,26.05,26.17,26.78,48,11803,309611.0
2023-06-22,2023-06-22,RADHEDE,XT,3.16,3.17,3.04,3.05,3.1,573,444693,1365369.0
2023-06-22,2023-06-22,ELIXIR,X,48.4,48.4,42.9,44.52,43.36,34,2763,124124.0
2023-06-22,2023-06-22,TRISHAKT,XT,41.9,41.9,41.9,41.9,40.91,1,5,209.0
2023-06-22,2023-06-22,PANKAJPO,X,6.1,6.43,6.1,6.43,6.42,8,1767,10828.0
2023-06-22,2023-06-22,MARBLE,X,14.2,14.49,13.5,13.71,14.2,15,751,10380.0
2023-06-22,2023-06-22,CINDRELL,XT,9.21,9.21,9.21,9.21,9.21,7,110,1013.0
2023-06-22,2023-06-22,NATPLASTI,X,144.0,160.0,130.9,132.4,133.8,151,9899,1398991.0
2023-06-22,2023-06-22,NATFIT,X,90.0,90.96,89.0,89.08,89.69,36,2041,182418.0
2023-06-22,2023-06-22,ARTEFACT,XT,57.55,57.55,54.01,56.25,56.48,37,3866,214060.0
2023-06-22,2023-06-22,AMITINT,Z,2.35,2.35,2.35,2.35,2.24,6,1285,3019.0
2023-06-22,2023-06-22,TUSALDAH,X,32.0,32.0,32.0,32.0,32.34,1,100,3200.0
2023-06-22,2023-06-22,DHPIND,X,878.0,878.0,815.6,827.45,855.35,264,3903,3263896.0
2023-06-22,2023-06-22,RRIL,X,20.49,20.5,19.2,19.41,19.98,381,83365,1645180.0
2023-06-22,2023-06-22,AVAILFC,X,156.9,164.0,152.15,159.45,154.05,171,7670,1216527.0
2023-06-22,2023-06-22,INTCAPL,X,20.0,20.0,20.0,20.0,20.27,1,10,200.0
2023-06-22,2023-06-22,HAVISHA,T,1.78,1.78,1.7,1.74,1.7,9,10152,17666.0
2023-06-22,2023-06-22,ROSELABS,XT,26.29,26.29,26.29,26.29,27.67,9,1507,39619.0
2023-06-22,2023-06-22,CHARMS,X,2.95,3.1,2.95,2.95,3.1,5,136,406.0
2023-06-22,2023-06-22,KRETTOSYS,X,0.56,0.57,0.54,0.55,0.56,469,671484,371702.0
2023-06-22,2023-06-22,ZYDUSWELL,A,1540.85,1540.85,1488.8,1492.8,1501.55,224,683,1025131.0
2023-06-22,2023-06-22,WINPRO,B,2.39,2.39,2.33,2.34,2.36,172,94805,222684.0
2023-06-22,2023-06-22,MILESTONE,X,16.6,16.6,16.6,16.6,16.6,1,125,2075.0
2023-06-22,2023-06-22,BERVINL,XT,36.0,36.0,33.0,33.0,34.4,5,211,6996.0
2023-06-22,2023-06-22,GUJINV,XT,13.0,13.0,13.0,13.0,13.0,1,1,13.0
2023-06-22,2023-06-22,CONCOR,A,655.95,655.95,640.4,642.45,653.05,815,11962,7727979.0
2023-06-22,2023-06-22,EASTRED,X,32.2,34.35,31.21,33.23,34.35,5,132,4367.0
2023-06-22,2023-06-22,PANACEABIO,B,128.65,134.0,126.5,127.95,128.2,796,23482,3045326.0
2023-06-22,2023-06-22,PEETISEC,XT,20.81,22.99,20.81,20.81,21.9,17,594,12423.0
2023-06-22,2023-06-22,CHOICEIN,B,386.5,386.95,383.35,385.8,386.45,331,17597,6769435.0
2023-06-22,2023-06-22,SRAMSET,X,130.6,131.45,126.0,128.7,127.4,42,1202,153965.0
2023-06-22,2023-06-22,GOLECHA,XT,17.07,17.07,16.25,16.99,17.07,9,1250,20470.0
2023-06-22,2023-06-22,EKANSH,X,81.75,88.59,81.6,82.06,84.05,45,4575,377540.0
2023-06-22,2023-06-22,SPAR,X,24.48,24.48,24.48,24.48,23.32,22,22936,561473.0
2023-06-22,2023-06-22,BYKE,B,40.0,40.0,37.86,38.07,38.27,136,13123,501340.0
2023-06-22,2023-06-22,CSURGSU,X,61.4,63.0,61.4,61.75,63.61,7,160,9986.0
2023-06-22,2023-06-22,ARIHANT,X,47.3,49.26,46.1,46.5,47.27,38,2549,120016.0
2023-06-22,2023-06-22,HASTIFIN,X,5.16,5.16,5.16,5.16,5.26,1,1,5.0
2023-06-22,2023-06-22,UPSURGE,X,33.0,33.99,32.91,32.96,33.98,23,777,25785.0
2023-06-22,2023-06-22,WOMENNET,XT,3.95,4.02,3.84,4.02,3.83,4,510,2023.0
2023-06-22,2023-06-22,SOURCENTRL,X,96.0,97.99,91.63,96.08,96.0,28,2177,205663.0
2023-06-22,2023-06-22,GGAUTO,XT,59.95,61.9,56.81,57.66,59.79,105,15756,931852.0
2023-06-22,2023-06-22,ALMONDZ,B,72.9,77.5,72.9,74.28,71.76,264,11483,857493.0
2023-06-22,2023-06-22,LWSKNIT,XT,16.3,16.3,15.54,15.95,15.54,3,153,2420.0
2023-06-22,2023-06-22,ALCHCORP,XT,12.28,12.28,12.2,12.2,11.71,8,531,6520.0
2023-06-22,2023-06-22,TUNITEX,X,1.68,1.68,1.64,1.65,1.68,283,106826,177057.0
2023-06-22,2023-06-22,RADIXIND,XT,77.8,81.69,77.5,79.22,77.8,12,110,8795.0
2023-06-22,2023-06-22,NARPROP,XT,25.95,26.55,24.15,26.43,25.42,103,15195,384969.0
2023-06-22,2023-06-22,MEGACOR,X,1.87,1.95,1.87,1.91,1.93,122,81440,155402.0
2023-06-22,2023-06-22,BMBMUMG,Z,4.02,4.02,4.02,4.02,3.83,14,49400,198588.0
2023-06-22,2023-06-22,TNPL,B,215.0,215.0,206.2,206.8,212.05,754,24545,5155878.0
2023-06-22,2023-06-22,SHAKTIPUMP,B,588.65,594.55,574.35,575.0,588.05,423,4861,2820393.0
2023-06-22,2023-06-22,SUNGOLD,X,2.66,2.79,2.66,2.67,2.66,15,2571,6839.0
2023-06-22,2023-06-22,SAFFRON,XT,3.71,3.71,3.71,3.71,3.9,1,34,126.0
2023-06-22,2023-06-22,PWASML,X,24.89,24.89,23.21,23.24,23.53,39,3782,89544.0
2023-06-22,2023-06-22,GOLDTECH,B,71.54,74.5,70.66,71.76,70.97,165,11015,796646.0
2023-06-22,2023-06-22,VARDHMAN,XT,11.73,11.73,10.63,10.63,11.18,47,10772,124950.0
2023-06-22,2023-06-22,GRMOVER,A,178.35,181.15,175.3,176.85,176.2,107,2606,463030.0
2023-06-22,2023-06-22,MOHITIND,B,14.96,14.96,14.2,14.5,15.05,38,5071,74169.0
2023-06-22,2023-06-22,POLYLINK,X,22.0,22.0,21.6,22.0,21.76,7,1028,22592.0
2023-06-22,2023-06-22,MINAXI,X,1.49,1.53,1.49,1.51,1.49,34,20666,31136.0
2023-06-22,2023-06-22,CONTICON,X,5.1,5.1,5.1,5.1,4.99,4,1101,5615.0
2023-06-22,2023-06-22,NOUVEAU,X,0.49,0.49,0.49,0.49,0.49,41,41614,20390.0
2023-06-22,2023-06-22,DUKEOFS,X,7.1,7.1,6.62,7.1,6.95,12,2623,18335.0
2023-06-22,2023-06-22,CYBELEIND,X,23.55,24.25,23.0,23.75,24.25,19,1704,39623.0
2023-06-22,2023-06-22,CGVAK,X,362.9,363.75,351.0,352.75,357.45,134,4261,1519346.0
2023-06-22,2023-06-22,NAVKARURB,X,9.2,9.62,8.86,9.52,9.17,158,607828,5772593.0
2023-06-22,2023-06-22,MADHUCON,T,5.61,5.85,5.45,5.62,5.65,18,6554,36587.0
2023-06-22,2023-06-22,SYBLY,X,5.67,5.67,5.16,5.63,5.43,24,5841,31065.0
2023-06-22,2023-06-22,RAJESHEXPO,A,557.8,578.0,547.55,573.2,556.15,5941,169386,95262891.0
2023-06-22,2023-06-22,ESARIND,X,4.98,5.11,4.97,4.97,5.07,65,41503,207432.0
2023-06-22,2023-06-22,MARIS,X,41.78,41.78,40.1,40.1,41.0,3,72,2890.0
2023-06-22,2023-06-22,INDERGR,XT,14.82,14.82,14.82,14.82,14.12,1,200,2964.0
2023-06-22,2023-06-22,EVEREADY,A,335.0,336.5,332.2,334.5,335.35,251,6749,2255071.0
2023-06-22,2023-06-22,STEP2COR,X,15.83,15.83,15.83,15.83,16.66,3,36525,578190.0
2023-06-22,2023-06-22,ORIENTTR,X,9.12,9.7,9.12,9.31,9.42,30,1424,13412.0
2023-06-22,2023-06-22,VIKASPROP,Z,0.48,0.49,0.47,0.48,0.48,183,678690,323196.0
2023-06-22,2023-06-22,ACESOFT,X,18.9,18.9,18.89,18.89,18.0,6,143,2702.0
2023-06-22,2023-06-22,SOFTRAKV,XT,6.09,6.09,5.7,6.05,5.88,74,37638,226365.0
2023-06-22,2023-06-22,HATSUN,A,925.75,934.15,914.85,925.85,923.95,203,2085,1930695.0
2023-06-22,2023-06-22,ACCEDERE,XT,63.78,63.78,57.75,63.39,60.75,8,146,8746.0
2023-06-22,2023-06-22,RISHDIGA,X,18.33,18.87,18.2,18.39,18.0,5,732,13541.0
2023-06-22,2023-06-22,KOBO,Z,2.47,2.63,2.41,2.44,2.53,19,7505,18424.0
2023-06-22,2023-06-22,JINDWORLD,A,321.1,337.6,321.1,329.1,328.55,307,5464,1817579.0
2023-06-22,2023-06-22,SOMANYCERA,B,707.4,710.5,691.0,697.1,707.4,566,3145,2197913.0
2023-06-22,2023-06-22,JHACC,XT,85.0,90.6,85.0,89.28,86.29,83,11819,1065589.0
2023-06-22,2023-06-22,RAGHUTOB,X,18.4,18.4,17.15,17.34,18.52,90,11288,200593.0
2023-06-22,2023-06-22,DRL,XT,9.78,9.78,9.31,9.61,9.38,33,5042,48981.0
2023-06-22,2023-06-22,CORALFINAC,B,33.64,33.75,33.01,33.27,33.16,65,6023,200594.0
2023-06-22,2023-06-22,SANJIVIN,XT,69.0,70.0,66.0,66.99,68.17,94,13346,894202.0
2023-06-22,2023-06-22,VASINFRA,X,3.04,3.04,3.0,3.0,3.04,2,31,94.0
2023-06-22,2023-06-22,KMFBLDR,X,4.4,4.4,4.4,4.4,4.4,1,12,52.0
2023-06-22,2023-06-22,DEVINE,XT,6.93,6.93,6.66,6.89,6.99,9,313,2090.0
2023-06-22,2023-06-22,BAMPSL,XT,10.0,10.38,9.8,10.27,10.07,38,12225,122473.0
2023-06-22,2023-06-22,GENPHARMA,X,3.82,3.82,3.64,3.66,3.74,411,406789,1498310.0
2023-06-22,2023-06-22,INCON,XT,11.84,13.08,11.84,13.0,12.46,26,3160,39618.0
2023-06-22,2023-06-22,CGCL,A,748.65,751.45,735.8,739.0,753.35,399,123291,91733129.0
2023-06-22,2023-06-22,FDC,A,316.5,316.5,310.4,313.2,314.0,714,15939,4988205.0
2023-06-22,2023-06-22,GORANIN,X,129.25,136.0,129.25,129.95,129.0,68,2976,395338.0
2023-06-22,2023-06-22,KGPETRO,X,206.0,218.95,205.5,210.0,208.5,6,61,12770.0
2023-06-22,2023-06-22,COUNCODOS,B,4.0,4.18,4.0,4.0,4.05,30,28556,116327.0
2023-06-22,2023-06-22,OROSMITHS,XT,6.12,6.35,5.82,5.82,6.12,134,47637,285619.0
2023-06-22,2023-06-22,TEJASSVI,XT,16.39,16.39,14.84,15.88,15.61,57,70117,1130979.0
2023-06-22,2023-06-22,LINCOLN,B,400.95,414.4,400.95,404.15,394.55,803,20046,8187236.0
2023-06-22,2023-06-22,SILVOAK,X,45.0,49.0,43.0,44.02,45.05,16,366,16815.0
2023-06-22,2023-06-22,PRAVEG,X,489.0,489.0,475.2,483.8,478.95,291,18534,8918570.0
2023-06-22,2023-06-22,SURAJLTD,XT,135.0,136.95,128.2,134.4,134.9,100,8281,1091331.0
2023-06-22,2023-06-22,MARICO,A,526.05,527.65,520.65,523.95,527.05,1065,15094,7906708.0
2023-06-22,2023-06-22,NATGENI,XT,88.59,88.59,86.19,86.19,84.38,4,18,1570.0
2023-06-22,2023-06-22,HITTCO,X,12.6,14.74,12.27,12.69,13.3,52,5688,72523.0
2023-06-22,2023-06-22,RRMETAL,XT,36.4,36.4,33.55,33.62,35.31,21,4642,156191.0
2023-06-22,2023-06-22,VISIONCO,X,1.85,1.85,1.69,1.69,1.71,18,4343,7455.0
2023-06-22,2023-06-22,INANISEC,XT,19.55,19.99,19.55,19.97,19.55,7,559,11173.0
2023-06-22,2023-06-22,ANKIN,XT,17.63,18.5,16.82,16.85,17.63,20,2433,43513.0
2023-06-22,2023-06-22,AMERISE,X,0.75,0.82,0.74,0.79,0.74,416,670936,523546.0
2023-06-22,2023-06-22,PRITHVIEXCH,X,66.5,69.0,64.0,68.0,65.95,37,1336,90952.0
2023-06-22,2023-06-22,RAINBOWF,X,10.63,10.63,9.4,10.1,9.96,43,35443,357178.0
2023-06-22,2023-06-22,TRICOMFRU,X,1.66,1.66,1.66,1.66,1.51,37,36145,60000.0
2023-06-22,2023-06-22,VIDHIING,B,390.75,392.85,384.7,387.5,391.75,645,8560,3339960.0
2023-06-22,2023-06-22,BHAGCHEM,B,1530.9,1545.75,1499.95,1526.2,1518.4,80,638,966099.0
2023-06-22,2023-06-22,PANCHSHEEL,X,176.15,182.2,174.9,175.15,180.1,141,6255,1108578.0
2023-06-22,2023-06-22,MENNPIS,X,63.23,64.0,61.5,61.72,63.23,488,65617,4082345.0
2023-06-22,2023-06-22,GREENCREST,XT,0.66,0.66,0.64,0.64,0.65,395,346957,225027.0
2023-06-22,2023-06-22,GENNEX,X,6.91,6.95,6.82,6.92,6.91,306,171986,1183868.0
2023-06-22,2023-06-22,GINISILK,X,52.99,52.99,49.05,49.37,49.9,11,725,35734.0
2023-06-22,2023-06-22,PRAENG,B,12.5,12.5,11.65,11.78,12.06,165,13046,155301.0
2023-06-22,2023-06-22,BIOGEN,X,0.65,0.66,0.64,0.66,0.65,3712,2704037,1760915.0
2023-06-22,2023-06-22,GKCONS,X,7.94,7.94,7.94,7.94,7.57,1,100,794.0
2023-06-22,2023-06-22,APOLLOPIPE,B,734.0,738.0,713.0,720.0,732.95,719,8520,6160272.0
2023-06-22,2023-06-22,UNJHAFOR,X,12.99,12.99,12.5,12.5,13.15,5,5387,67380.0
2023-06-22,2023-06-22,POLYMED,A,1159.95,1162.95,1138.8,1150.45,1149.95,959,7095,8182169.0
2023-06-22,2023-06-22,SHRADDHA,XT,25.96,25.96,25.96,25.96,24.73,2,107,2777.0
2023-06-22,2023-06-22,KACHCHH,X,21.69,21.89,21.34,21.34,21.89,16,4465,97521.0
2023-06-22,2023-06-22,PADALPO,XT,29.0,29.0,27.98,27.98,29.45,10,315,8814.0
2023-06-22,2023-06-22,KACL,X,29.59,29.59,28.5,28.64,29.04,248,24099,698457.0
2023-06-22,2023-06-22,KCLINFRA,XT,1.8,1.87,1.77,1.83,1.83,202,116046,211844.0
2023-06-22,2023-06-22,ATULAUTO,B,351.8,353.25,346.0,346.95,351.75,963,17049,5945911.0
2023-06-22,2023-06-22,PRERINFRA,X,23.76,24.75,23.15,24.46,23.76,442,227126,5503007.0
2023-06-22,2023-06-22,METALCO,XT,101.95,101.95,95.0,97.75,97.75,22,2203,215962.0
2023-06-22,2023-06-22,SGNTE,XT,0.68,0.68,0.62,0.63,0.65,66,21743,13722.0
2023-06-22,2023-06-22,GANGAPA,X,71.7,74.2,70.55,72.15,72.07,15,420,30294.0
2023-06-22,2023-06-22,TIRSARJ,X,10.24,10.24,9.55,9.88,10.03,50,3811,38044.0
2023-06-22,2023-06-22,RODIUM,X,59.0,59.88,59.0,59.88,58.01,4,26,1535.0
2023-06-22,2023-06-22,NAGTECH,X,5.86,5.86,5.65,5.65,5.59,13,1335,7560.0
2023-06-22,2023-06-22,NATHUEC,X,4.75,4.75,4.75,4.75,4.99,1,1,4.0
2023-06-22,2023-06-22,LAHOTIOV,X,27.94,27.94,27.0,27.16,27.54,54,4752,130057.0
2023-06-22,2023-06-22,ZENITHSTL,T,4.28,4.28,4.1,4.11,4.29,56,15541,64172.0
2023-06-22,2023-06-22,TRINITYLEA,XT,25.0,25.0,25.0,25.0,24.5,1,1,25.0
2023-06-22,2023-06-22,ASTAR,B,691.05,724.9,690.1,720.35,717.6,16,65,46623.0
2023-06-22,2023-06-22,ORIRAIL,X,44.1,45.8,41.0,43.04,44.09,189,29369,1264024.0
2023-06-22,2023-06-22,JOINDRE,X,33.05,34.3,33.05,33.69,33.86,36,5142,172010.0
2023-06-22,2023-06-22,BHARATAGRI,X,128.35,128.35,122.55,125.15,125.15,580,132562,16554839.0
2023-06-22,2023-06-22,UNITINT,X,6.77,6.85,6.7,6.7,7.4,11,5925,40029.0
2023-06-22,2023-06-22,SACHEMT,X,18.52,18.8,18.52,18.76,18.74,87,16070,299830.0
2023-06-22,2023-06-22,ANJANIFIN,X,8.49,8.49,8.48,8.48,8.49,16,4857,41201.0
2023-06-22,2023-06-22,GMETCOAL,Z,15.66,15.66,15.0,15.0,15.66,9,347,5240.0
2023-06-22,2023-06-22,REXNORD,X,137.35,139.3,132.55,134.05,137.35,228,12069,1634978.0
2023-06-22,2023-06-22,KHANDSE,T,29.43,30.87,29.43,30.49,30.18,17,2175,65358.0
2023-06-22,2023-06-22,SAWACA,X,0.94,0.94,0.94,0.94,0.9,129,135475,127346.0
2023-06-22,2023-06-22,CCLINTER,XT,21.8,21.86,20.75,21.82,20.82,30,3431,73883.0
2023-06-22,2023-06-22,CROISSANCE,X,7.6,7.6,6.99,7.04,7.48,176,96281,688587.0
2023-06-22,2023-06-22,CASTORA,XT,5.78,5.78,5.5,5.55,5.62,29,1447,8043.0
2023-06-22,2023-06-22,AGARIND,B,608.45,660.0,608.45,613.75,610.65,1143,25835,15905990.0
2023-06-22,2023-06-22,DHAMPURE,XT,50.8,50.8,48.44,48.96,50.98,104,15812,782963.0
2023-06-22,2023-06-22,SHAQUAK,XT,1.34,1.36,1.24,1.32,1.3,49,8786,11697.0
2023-06-22,2023-06-22,GOLCA,XT,8.5,8.92,8.5,8.5,8.5,5,1997,17389.0
2023-06-22,2023-06-22,INNOCORP,X,6.1,6.49,6.01,6.01,6.35,29,2239,13713.0
2023-06-22,2023-06-22,SARTHAKIND,XT,32.04,32.09,30.6,31.98,32.04,46,2921,91010.0
2023-06-22,2023-06-22,SAICAPI,XT,148.6,155.0,144.05,154.65,151.6,30,1086,163872.0
2023-06-22,2023-06-22,BLUECHIP,B,0.53,0.53,0.53,0.53,0.52,1,25,13.0
2023-06-22,2023-06-22,LEXORAA,XT,5.88,5.88,5.88,5.88,5.6,1,50,294.0
2023-06-22,2023-06-22,VERTEX,X,2.75,2.75,2.53,2.53,2.66,91,41298,105141.0
2023-06-22,2023-06-22,RIBATEX,XT,55.0,56.9,53.6,53.93,55.91,103,10053,554625.0
2023-06-22,2023-06-22,NEWINFRA,XT,11.6,11.6,10.85,10.9,11.07,22,20632,228719.0
2023-06-22,2023-06-22,JUNE,X,1.75,1.75,1.71,1.71,1.8,19,337,586.0
2023-06-22,2023-06-22,SHREMETAL,XT,36.8,38.5,34.96,35.93,36.8,3,204,7330.0
2023-06-22,2023-06-22,IITLPROJ,X,16.11,16.11,16.11,16.11,16.95,3,250,4027.0
2023-06-22,2023-06-22,CHLOGIST,X,4.91,5.05,4.85,4.91,4.92,133,65515,322224.0
2023-06-22,2023-06-22,AMBIKCO,B,1677.45,1725.0,1675.0,1694.75,1677.4,1216,9218,15675809.0
2023-06-22,2023-06-22,HINDALUMI,X,35.22,36.48,35.22,35.78,35.55,51,4076,144801.0
2023-06-22,2023-06-22,SPECFOOD,XT,49.9,49.9,46.1,49.4,47.56,7,341,16526.0
2023-06-22,2023-06-22,AMRAAGRI,X,0.71,0.74,0.71,0.73,0.72,458,354420,256504.0
2023-06-22,2023-06-22,AUTOPINS,XT,78.1,78.1,78.0,78.1,79.69,10,196,15300.0
2023-06-22,2023-06-22,ODYCORP,X,6.28,6.32,5.65,6.24,6.2,29,2569,15515.0
2023-06-22,2023-06-22,INDCTST,X,34.98,34.98,32.65,32.68,31.99,7,322,10550.0
2023-06-22,2023-06-22,SAMINDUS,X,53.0,53.0,50.22,50.25,52.5,10,960,50048.0
2023-06-22,2023-06-22,SHVFL,XT,14.55,14.7,13.55,13.55,14.26,8,289,3950.0
2023-06-22,2023-06-22,POOJAENT,XT,164.9,173.45,164.9,173.45,173.5,15,344,57711.0
2023-06-22,2023-06-22,GRAVITY,X,3.75,3.75,3.75,3.75,3.86,17,10700,40125.0
2023-06-22,2023-06-22,LCCINFOTEC,T,2.25,2.25,2.09,2.09,2.19,58,90987,192185.0
2023-06-22,2023-06-22,FILATFASH,X,13.5,13.89,13.23,13.36,13.5,235,210358,2852789.0
2023-06-22,2023-06-22,SINDHUTRAD,A,23.16,24.03,23.15,23.5,23.78,163,15170,354703.0
2023-06-22,2023-06-22,UNISTRMU,X,23.95,23.95,22.65,23.31,22.86,52,4224,97967.0
2023-06-22,2023-06-22,ZENOTECH,X,54.0,54.6,53.31,53.44,54.0,148,27081,1462575.0
2023-06-22,2023-06-22,HINDBIO,X,7.99,8.0,6.8,7.05,7.61,130,30509,219824.0
2023-06-22,2023-06-22,FRONTCORP,X,30.0,30.0,30.0,30.0,28.8,3,100,3000.0
2023-06-22,2023-06-22,SWELECTES,B,328.1,329.5,323.35,325.55,329.3,143,1523,497360.0
2023-06-22,2023-06-22,WALLFORT,X,57.89,57.89,52.2,53.0,54.65,104,13303,716832.0
2023-06-22,2023-06-22,KDDL,B,1345.15,1385.0,1317.2,1338.65,1354.45,1005,4399,5910202.0
2023-06-22,2023-06-22,TRUSTEDGE,XT,16.9,17.74,16.5,17.29,16.9,19,559,9493.0
2023-06-22,2023-06-22,ABHICAP,X,98.65,98.99,95.55,95.59,95.88,27,1127,108668.0
2023-06-22,2023-06-22,3BBLACKBIO,X,414.0,416.0,393.0,406.25,417.45,534,18582,7478024.0
2023-06-22,2023-06-22,GUJJUBHAI,X,109.8,110.8,106.05,109.5,110.4,110,41189,4470819.0
2023-06-22,2023-06-22,ATVOENT,XT,2.07,2.11,2.07,2.11,2.01,8,9860,20798.0
2023-06-22,2023-06-22,INDOCITY,X,7.5,7.5,7.27,7.27,7.35,3,66,481.0
2023-06-22,2023-06-22,SBECSUG,X,34.17,35.69,34.17,35.37,34.79,87,10396,366037.0
2023-06-22,2023-06-22,BRIJLEAS,X,3.99,4.3,3.99,4.01,4.2,10,7841,31523.0
2023-06-22,2023-06-22,BSELALGO,XT,10.24,10.24,9.74,9.74,10.25,1028,471855,4607772.0
2023-06-22,2023-06-22,RELIABVEN,X,11.39,11.39,10.0,10.77,10.72,83,11438,119629.0
2023-06-22,2023-06-22,BANKBARODA,A,198.5,198.5,192.25,193.25,198.05,5760,746421,145529604.0
2023-06-22,2023-06-22,MOHITE,X,25.02,27.96,25.01,26.4,27.45,35,2825,73797.0
2023-06-22,2023-06-22,ACL,B,89.15,89.8,88.2,88.2,92.8,817,105167,9290746.0
2023-06-22,2023-06-22,SKMEGGPROD,B,224.2,224.2,210.0,224.2,213.55,742,17548,3826027.0
2023-06-22,2023-06-22,WELCORP,A,267.5,276.0,267.0,267.85,267.5,1490,61697,16754103.0
2023-06-22,2023-06-22,HOTLSILV,X,11.8,11.99,11.34,11.38,11.32,23,891,10562.0
2023-06-22,2023-06-22,BANKINDIA,A,73.85,73.9,72.62,72.76,73.47,2639,728849,53533009.0
2023-06-22,2023-06-22,INDRAMEDCO,T,94.55,96.0,92.35,92.53,94.0,256,25637,2409223.0
2023-06-22,2023-06-22,JOHNPHARMA,X,0.51,0.55,0.5,0.51,0.51,783,1544875,795597.0
2023-06-22,2023-06-22,GAIL,A,106.5,106.75,104.0,104.5,106.8,9396,1329533,140589149.0
2023-06-22,2023-06-22,VAIBHAVGBL,A,316.95,317.6,311.45,313.55,315.5,493,11307,3550933.0
2023-06-22,2023-06-22,TRESCON,X,14.99,14.99,12.85,13.99,13.85,60,7512,105062.0
2023-06-22,2023-06-22,GUJSTATFIN,T,6.3,6.55,6.2,6.22,6.3,49,5728,36460.0
2023-06-22,2023-06-22,JKPAPER,A,325.45,325.45,321.0,322.3,324.0,1979,63373,20481045.0
2023-06-22,2023-06-22,SAREGAMA,A,408.35,419.05,397.1,407.4,402.1,2576,72479,29737392.0
2023-06-22,2023-06-22,ADROITINFO,T,19.49,19.49,18.51,19.1,18.79,27,8579,163548.0
2023-06-22,2023-06-22,CYBERTECH,B,157.2,158.8,145.05,147.15,153.7,682,14287,2159088.0
2023-06-22,2023-06-22,ICICIBANK,A,924.65,935.45,921.7,925.8,924.7,9831,325860,303312661.0
2023-06-22,2023-06-22,CYIENT,A,1461.0,1504.15,1441.25,1492.7,1464.9,1733,14151,20842180.0
2023-06-22,2023-06-22,ENGINERSIN,A,119.5,120.2,113.4,115.15,119.45,4138,626194,72623119.0
2023-06-22,2023-06-22,DHANBANK,B,17.15,17.15,16.81,16.85,17.01,288,78396,1329616.0
2023-06-22,2023-06-22,GMDCLTD,A,172.05,174.25,165.65,167.3,170.9,3437,296767,50616738.0
2023-06-22,2023-06-22,GAYATRI,XT,6.26,6.26,6.26,6.26,5.97,28,34255,214436.0
2023-06-22,2023-06-22,INDUSINDBK,A,1287.05,1287.85,1269.95,1273.35,1286.75,3630,46729,59732350.0
2023-06-22,2023-06-22,ITDC,B,333.3,336.95,329.5,330.25,333.8,90,591,196831.0
2023-06-22,2023-06-22,J&KBANK,A,59.0,59.06,57.55,58.24,58.34,1327,327786,19134147.0
2023-06-22,2023-06-22,CUB,A,125.5,125.75,123.25,124.0,125.0,2917,206377,25693863.0
2023-06-22,2023-06-22,ARCHIES,T,27.0,27.2,26.0,26.91,26.5,96,24912,667180.0
2023-06-22,2023-06-22,AXISBANK,A,963.7,973.0,958.8,965.05,965.85,3300,87033,84131826.0
2023-06-22,2023-06-22,HBSL,B,47.0,48.0,47.0,47.1,47.29,52,1500,70844.0
2023-06-22,2023-06-22,CMXLTD,X,9.71,10.28,9.2,9.39,10.0,26,9559,90822.0
2023-06-22,2023-06-22,SOUTHBANK,A,18.15,18.35,17.95,18.12,18.24,2744,1873997,33994191.0
2023-06-22,2023-06-22,ENERGYDEV,B,17.3,17.66,16.95,17.18,17.58,65,17789,304482.0
2023-06-22,2023-06-22,SONATSOFTW,A,1033.95,1033.95,991.0,997.15,1014.45,636,7633,7684719.0
2023-06-22,2023-06-22,BENGALT,X,80.0,81.4,79.0,79.01,80.0,19,2726,215816.0
2023-06-22,2023-06-22,NATIONALUM,A,83.33,84.49,82.55,83.74,84.02,1347,299889,25078821.0
2023-06-22,2023-06-22,INDNIPPON,B,442.6,450.2,434.6,447.9,436.0,388,6870,3034958.0
2023-06-22,2023-06-22,NSIL,B,2325.35,2334.05,2250.0,2273.6,2290.35,168,510,1165384.0
2023-06-22,2023-06-22,APARINDS,A,3185.05,3265.0,3118.25,3148.15,3168.2,2556,12489,39989540.0
2023-06-22,2023-06-22,TCIIND,X,1201.0,1230.0,1198.0,1198.0,1225.9,5,127,152268.0
2023-06-22,2023-06-22,ACCELYA,B,1336.15,1362.0,1336.15,1351.9,1353.55,297,1897,2568004.0
2023-06-22,2023-06-22,ORCHASP,XT,3.49,3.53,3.45,3.5,3.37,166,171120,601764.0
2023-06-22,2023-06-22,HCLTECH,A,1173.95,1173.95,1159.0,1163.3,1170.15,1679,17496,20364284.0
2023-06-22,2023-06-22,TCFCFINQ,X,29.7,30.8,29.7,30.78,30.31,42,3625,108702.0
2023-06-22,2023-06-22,GEOJITFSL,B,46.66,48.25,46.66,47.7,46.61,408,44738,2128250.0
2023-06-22,2023-06-22,JINDALSTEL,A,578.05,586.55,573.85,583.85,583.3,2207,82991,48167952.0
2023-06-22,2023-06-22,BLBLIMITED,B,18.7,19.23,18.55,18.6,19.01,93,15977,299533.0
2023-06-22,2023-06-22,GLENMARK,A,637.1,641.0,622.05,627.35,642.7,1848,35126,22116730.0
2023-06-22,2023-06-22,WOCKPHARMA,A,228.0,229.45,219.9,221.2,228.35,1514,56607,12709005.0
2023-06-22,2023-06-22,TATACOFFEE,A,247.25,248.35,241.15,241.7,247.2,2176,56146,13694399.0
2023-06-22,2023-06-22,KJMCCORP,XT,35.05,35.05,35.05,35.05,35.06,3,325,11391.0
2023-06-22,2023-06-22,INDSWFTLAB,B,79.71,83.32,78.2,78.76,79.72,300,10850,875041.0
2023-06-22,2023-06-22,MELSTAR,Z,2.75,2.75,2.75,2.75,2.7,1,1,2.0
2023-06-22,2023-06-22,GVPIL,B,166.75,167.7,158.4,161.1,165.9,1261,37407,6078586.0
2023-06-22,2023-06-22,SHREERAMA,B,10.45,10.72,10.41,10.58,10.51,132,23934,252497.0
2023-06-22,2023-06-22,MAHLIFE,A,457.1,459.95,449.05,455.75,456.1,208,2780,1262343.0
2023-06-22,2023-06-22,GROARC,X,9.68,9.69,9.02,9.19,9.49,58,9717,92326.0
2023-06-22,2023-06-22,VAARAD,XT,20.58,20.58,20.58,20.58,19.6,45,11413,234879.0
2023-06-22,2023-06-22,ZYDUSLIFE,A,560.0,562.8,547.75,552.7,560.2,2809,47654,26435859.0
2023-06-22,2023-06-22,SHIVACEM,B,47.8,48.75,47.25,47.84,47.82,405,162812,7798328.0
2023-06-22,2023-06-22,CINEVISTA,B,12.61,12.75,12.2,12.22,12.62,51,2102,26056.0
2023-06-22,2023-06-22,INTENTECH,B,79.39,80.0,72.2,72.63,78.16,895,46054,3449444.0
2023-06-22,2023-06-22,DANLAW,XT,700.0,710.0,685.1,702.1,698.9,102,2049,1424833.0
2023-06-22,2023-06-22,AJANTPHARM,A,1520.0,1550.0,1491.75,1510.9,1509.8,618,4197,6426415.0
2023-06-22,2023-06-22,HBPOR,X,37.75,38.8,37.55,37.97,38.0,24,721,27152.0
2023-06-22,2023-06-22,HBESD,X,29.55,31.99,29.55,31.24,30.56,33,2606,79252.0
2023-06-22,2023-06-22,AMBICAAGAR,T,38.72,38.72,37.0,38.0,38.72,56,34681,1315587.0
2023-06-22,2023-06-22,COMPUSOFT,B,20.1,20.75,19.86,20.08,20.52,291,25547,518127.0
2023-06-22,2023-06-22,OMNIAX,XT,3.5,3.5,3.5,3.5,3.34,24,7772,27202.0
2023-06-22,2023-06-22,IZMO,T,210.0,226.5,206.1,225.05,215.85,355,35965,7833970.0
2023-06-22,2023-06-22,TVSMOTOR,A,1349.95,1349.95,1323.55,1325.6,1350.4,985,12234,16326714.0
2023-06-22,2023-06-22,MADALA,X,163.95,163.95,135.35,145.0,142.45,27,328,47509.0
2023-06-22,2023-06-22,ACLGATI,A,116.0,116.5,114.85,115.7,115.8,1109,55346,6400955.0
2023-06-22,2023-06-22,SUBEXLTD,A,29.41,29.6,28.37,28.61,29.4,2187,631153,18190892.0
2023-06-22,2023-06-22,TCI,A,724.4,728.0,711.9,714.9,722.85,429,3060,2207802.0
2023-06-22,2023-06-22,PADMALAYAT,Z,2.09,2.09,1.92,2.0,2.0,5,306,621.0
2023-06-22,2023-06-22,AKSHOPTFBR,B,8.58,8.59,8.42,8.42,8.56,304,102244,864508.0
2023-06-22,2023-06-22,PICTUREHS,X,6.38,6.38,5.78,5.78,6.08,12,2087,12137.0
2023-06-22,2023-06-22,TRIVENI,A,285.35,295.9,285.35,288.65,285.95,2612,118865,34801148.0
2023-06-22,2023-06-22,MUKTAARTS,B,51.0,51.0,49.05,49.09,49.74,12,295,14515.0
2023-06-22,2023-06-22,NAGPI,X,68.0,68.0,66.05,66.87,67.65,41,950,64149.0
2023-06-22,2023-06-22,DSSL,B,525.0,538.2,506.2,522.05,516.45,529,8338,4365241.0
2023-06-22,2023-06-22,PNBGILTS,B,63.1,63.1,62.0,62.07,62.15,163,6345,396014.0
2023-06-22,2023-06-22,BCG,T,36.8,36.82,33.32,33.32,35.07,22169,14050071,501865139.0
2023-06-22,2023-06-22,RAMCOIND,B,168.65,168.95,163.55,164.8,167.0,302,6181,1031340.0
2023-06-22,2023-06-22,RAMCOSYS,B,261.55,265.7,252.0,255.45,259.9,487,7329,1887772.0
2023-06-22,2023-06-22,TTML,A,73.25,76.49,72.84,73.83,73.2,2333,325402,24230852.0
2023-06-22,2023-06-22,VIRINCHI,B,52.79,52.79,50.3,50.8,51.75,1724,186973,9593084.0
2023-06-22,2023-06-22,WEPSOLN,X,21.69,21.69,19.85,20.09,21.03,170,27316,557646.0
2023-06-22,2023-06-22,STLTECH,A,150.1,152.5,149.3,150.4,150.85,602,27236,4098565.0
2023-06-22,2023-06-22,TIPSMUSIC,B,246.45,252.4,231.95,233.5,241.45,964,21385,5199448.0
2023-06-22,2023-06-22,UMIYA-MRO,B,55.34,55.49,54.0,54.99,55.18,43,1093,59850.0
2023-06-22,2023-06-22,FIRSTFIN,X,5.22,5.22,5.22,5.22,5.22,7,2627,13712.0
2023-06-22,2023-06-22,BABA,X,12.9,13.5,12.9,13.14,13.16,40,2831,37510.0
2023-06-22,2023-06-22,BALAJITELE,B,43.7,45.19,43.4,43.53,44.2,269,31178,1371429.0
2023-06-22,2023-06-22,TYCHE,X,185.25,188.95,182.5,184.7,185.1,133,6519,1206655.0
2023-06-22,2023-06-22,CALSOFT,T,15.35,15.4,15.1,15.12,15.88,50,7508,114230.0
2023-06-22,2023-06-22,PNC,B,35.89,35.89,34.9,35.05,36.04,41,1040,37058.0
2023-06-22,2023-06-22,IOB,A,24.45,24.67,24.1,24.21,24.58,1626,762752,18592696.0
2023-06-22,2023-06-22,TAJGVK,B,238.0,241.9,235.0,236.35,238.0,619,20763,4924705.0
2023-06-22,2023-06-22,CREATIVEYE,B,3.99,3.99,3.95,3.95,3.99,3,8,31.0
2023-06-22,2023-06-22,AXISCADES,B,415.05,424.4,405.05,410.9,423.3,1744,23173,9532138.0
2023-06-22,2023-06-22,UMESLTD,B,3.71,3.8,3.64,3.66,3.64,11,822,3072.0
2023-06-22,2023-06-22,BSOFT,A,340.95,345.4,335.0,343.9,339.7,4029,186751,63679253.0
2023-06-22,2023-06-22,USGTECH,X,3.97,4.15,3.95,4.05,4.15,30,6091,24171.0
2023-06-22,2023-06-22,7TEC,X,38.02,39.5,38.02,38.58,38.66,109,2982,116424.0
2023-06-22,2023-06-22,AVANTEL,X,699.95,701.45,685.0,688.6,683.5,1475,37869,26190234.0
2023-06-22,2023-06-22,MOSCHIP,B,82.43,86.0,81.1,82.14,82.12,2947,636021,52922779.0
2023-06-22,2023-06-22,SIGMAADV,B,32.89,33.0,29.8,30.49,32.34,262,27134,838692.0
2023-06-22,2023-06-22,TRANSCOR,X,34.0,34.0,30.13,31.89,32.0,40,2644,82124.0
2023-06-22,2023-06-22,VISESHINFO,B,0.42,0.42,0.41,0.42,0.41,512,3210790,1339279.0
2023-06-22,2023-06-22,CEREBRAINT,T,6.5,6.6,6.45,6.47,6.6,161,69364,450023.0
2023-06-22,2023-06-22,NEXTMEDIA,B,5.35,5.35,5.03,5.05,5.1,6,1625,8191.0
2023-06-22,2023-06-22,SMARTLINK,B,163.95,169.1,160.6,162.0,166.15,81,714,116494.0
2023-06-22,2023-06-22,GODREJCP,A,1057.05,1061.95,1037.7,1041.75,1063.8,1450,17066,17892936.0
2023-06-22,2023-06-22,GENUSPRIME,XT,12.4,12.88,12.4,12.53,13.05,4,703,8799.0
2023-06-22,2023-06-22,BFUTILITIE,B,383.95,394.75,373.4,375.2,381.15,1172,28633,11057558.0
2023-06-22,2023-06-22,UNITDSPR,A,878.5,905.35,878.5,894.15,896.1,850,9029,8118052.0
2023-06-22,2023-06-22,SANINFRA,B,92.35,92.35,87.5,90.2,92.01,370,72027,6532014.0
2023-06-22,2023-06-22,OLECTRA,A,955.05,963.45,923.55,932.55,955.65,7368,122526,115526825.0
2023-06-22,2023-06-22,MPSLTD,B,1146.0,1159.35,1125.7,1132.9,1146.0,438,2265,2572892.0
2023-06-22,2023-06-22,CERA,A,7970.9,8078.95,7727.1,7763.75,7970.15,531,1059,8371961.0
2023-06-22,2023-06-22,TSPIRITUAL,XT,1.21,1.26,1.16,1.24,1.21,16,3404,4129.0
2023-06-22,2023-06-22,BHARTIARTL,A,838.95,843.7,834.8,842.8,838.7,3654,70829,59494840.0
2023-06-22,2023-06-22,SHALIWIR,X,18.75,20.19,18.75,20.19,19.23,363,140178,2795881.0
2023-06-22,2023-06-22,COMPINFO,B,15.15,15.22,14.4,14.56,15.11,596,112861,1668795.0
2023-06-22,2023-06-22,GULPOLY,B,256.8,261.1,250.85,257.5,252.0,1071,29810,7644418.0
2023-06-22,2023-06-22,FAZE3AUTO,XT,79.0,80.4,78.5,79.0,81.2,12,625,49217.0
2023-06-22,2023-06-22,PONNIERODE,B,387.4,409.4,386.1,394.45,388.4,2022,31014,12403061.0
2023-06-22,2023-06-22,PNB,A,53.12,53.2,50.81,50.99,52.88,10311,4231111,219241722.0
2023-06-22,2023-06-22,OFSS,A,3900.05,3905.55,3841.35,3848.55,3903.4,553,3032,11704473.0
2023-06-22,2023-06-22,HAZOOR,XT,141.0,146.7,134.5,146.7,139.75,716,163733,23694523.0
2023-06-22,2023-06-22,KAMAHOLD,A,12391.65,12391.65,12200.0,12250.45,12366.7,171,573,7047619.0
2023-06-22,2023-06-22,APTECHT,B,492.0,500.95,487.9,497.85,488.05,690,20641,10217610.0
2023-06-22,2023-06-22,UNIONBANK,A,70.78,71.0,69.92,70.17,70.79,1151,283177,19916715.0
2023-06-22,2023-06-22,UBL,A,1487.5,1513.1,1473.3,1505.35,1487.05,915,7347,11004160.0
2023-06-22,2023-06-22,ISMTLTD,B,79.33,79.91,77.38,78.18,79.15,196,20229,1583590.0
2023-06-22,2023-06-22,NOIDATOLL,B,6.95,6.95,6.82,6.91,6.91,33,5825,39887.0
2023-06-22,2023-06-22,GRANULES,A,291.0,294.4,286.8,287.55,291.0,1617,53087,15430777.0
2023-06-22,2023-06-22,CANBK,A,306.0,306.95,299.2,300.8,306.6,2359,149831,45404467.0
2023-06-22,2023-06-22,BLIL,B,410.25,410.8,405.0,405.75,410.2,747,24341,9931028.0
2023-06-22,2023-06-22,POKARNA,B,391.0,393.95,374.25,379.35,392.1,155,939,358459.0
2023-06-22,2023-06-22,DIVISLAB,A,3511.3,3558.7,3502.4,3541.95,3510.15,3404,17701,62656212.0
2023-06-22,2023-06-22,ASTRAMICRO,A,381.65,389.5,376.4,384.3,378.7,3689,69437,26652702.0
2023-06-22,2023-06-22,RADICO,A,1220.25,1235.45,1209.75,1218.2,1227.15,1224,11087,13592098.0
2023-06-22,2023-06-22,MARUTI,A,9459.95,9492.95,9376.6,9391.05,9437.45,5732,32008,301645188.0
2023-06-22,2023-06-22,RAJPALAYAM,X,756.8,756.8,733.35,738.75,747.8,72,1364,1009480.0
2023-06-22,2023-06-22,NAVINFLUOR,A,4675.0,4696.0,4543.65,4558.1,4669.55,1196,4801,22152016.0
2023-06-22,2023-06-22,UCOBANK,A,27.35,27.6,26.75,26.98,27.51,2708,2158146,58473873.0
2023-06-22,2023-06-22,BAGFILMS,B,4.55,4.65,4.53,4.59,4.62,49,21749,99150.0
2023-06-22,2023-06-22,JSL,A,332.9,336.75,325.55,327.7,332.9,1150,32813,10856299.0
2023-06-22,2023-06-22,SUPRAJIT,A,395.95,402.1,389.05,390.05,394.6,442,5325,2104071.0
2023-06-22,2023-06-22,TVSELECT,B,401.6,409.5,387.2,393.6,401.15,813,17100,6817746.0
2023-06-22,2023-06-22,IGL,B,481.0,497.9,481.0,485.75,479.95,2912,67541,33204353.0
2023-06-22,2023-06-22,TVTODAY,B,202.55,202.55,197.45,198.25,198.15,391,9823,1967723.0
2023-06-22,2023-06-22,PALREDTEC,B,139.75,139.75,133.0,134.15,137.0,49,846,113612.0
2023-06-22,2023-06-22,PETRONET,A,227.25,227.25,222.2,222.9,225.85,926,30106,6746300.0
2023-06-22,2023-06-22,BIOCON,A,246.75,246.75,238.5,238.95,245.15,3842,129566,31219689.0
2023-06-22,2023-06-22,PTC,B,116.01,116.04,110.91,113.05,115.62,2708,237864,26846832.0
2023-06-22,2023-06-22,MAHABANK,A,28.15,28.27,27.49,27.74,28.15,2990,954085,26569452.0
2023-06-22,2023-06-22,RKFORGE,A,472.45,472.45,453.4,456.3,469.45,3553,102010,47022891.0
2023-06-22,2023-06-22,DATAMATICS,B,562.0,565.75,545.05,551.3,567.7,2552,58720,32547121.0
2023-06-22,2023-06-22,NDTV,B,225.55,229.45,220.4,222.65,225.6,1234,27900,6295074.0
2023-06-22,2023-06-22,STAR,A,415.0,416.9,405.55,413.9,413.85,2136,37665,15491560.0
2023-06-22,2023-06-22,JPASSOCIAT,A,7.97,8.11,7.84,7.9,7.97,1771,1490123,11857856.0
2023-06-22,2023-06-22,ULTRACEMCO,A,8245.1,8274.25,8143.35,8164.75,8241.85,1011,4544,37290065.0
2023-06-22,2023-06-22,UNOMINDA,A,585.05,604.45,584.0,586.0,587.0,2775,51005,30279321.0
2023-06-22,2023-06-22,TCS,A,3265.95,3267.0,3231.85,3238.85,3257.45,7324,85493,277669557.0
2023-06-22,2023-06-22,COFORGE,A,4584.5,4584.5,4484.2,4525.4,4604.65,1072,6102,27658294.0
2023-06-22,2023-06-22,GULFPETRO,B,39.58,40.95,38.7,39.79,38.85,235,24399,971896.0
2023-06-22,2023-06-22,CENTURYPLY,A,622.4,635.6,617.5,634.1,629.35,474,5226,3280110.0
2023-06-22,2023-06-22,WELENT,B,209.25,217.3,205.5,207.95,209.2,4055,209453,44482972.0
2023-06-22,2023-06-22,NTPC,A,187.2,187.5,183.5,184.45,187.5,3215,240524,44504288.0
2023-06-22,2023-06-22,SALSTEEL,B,16.55,16.79,16.31,16.47,16.55,153,4672,77240.0
2023-06-22,2023-06-22,JBMA,A,1020.2,1063.1,1020.2,1038.35,1020.45,2776,45528,47431378.0
2023-06-22,2023-06-22,DWARKESH,A,90.56,95.63,90.56,94.48,91.69,1933,273553,25795185.0
2023-06-22,2023-06-22,INDOCO,B,328.05,329.7,320.05,321.4,327.95,286,3384,1098648.0
2023-06-22,2023-06-22,VIPCLOTHNG,T,49.2,49.2,48.47,48.47,51.02,91,26983,1308148.0
2023-06-22,2023-06-22,IMPEXFERRO,T,3.12,3.15,3.07,3.1,3.12,32,7322,22768.0
2023-06-22,2023-06-22,XCHANGING,B,78.09,80.39,75.67,76.13,78.1,822,89442,6954139.0
2023-06-22,2023-06-22,JETAIRWAYS,Z,50.71,50.95,49.05,50.75,50.68,56,6765,341325.0
2023-06-22,2023-06-22,MORARJEE,B,19.4,19.65,18.95,19.35,18.95,26,1689,32521.0
2023-06-22,2023-06-22,JINDALPHOT,B,360.0,370.55,353.1,357.6,362.8,426,3999,1445314.0
2023-06-22,2023-06-22,POCL,B,419.35,420.95,404.1,407.45,419.35,875,12487,5143032.0
2023-06-22,2023-06-22,JPPOWER,A,6.11,6.18,5.98,6.08,6.11,6438,19272005,117326414.0
2023-06-22,2023-06-22,3IINFOLTD,B,37.35,37.65,35.8,36.08,37.17,1783,181951,6630852.0
2023-06-22,2023-06-22,GOKEX,A,498.25,503.95,481.0,485.85,497.65,996,24899,12246474.0
2023-06-22,2023-06-22,ALLDIGI,B,555.0,565.95,537.85,548.4,549.4,824,9419,5203078.0
2023-06-22,2023-06-22,IIFL,A,484.05,494.6,476.15,477.9,486.65,880,22162,10751798.0
2023-06-22,2023-06-22,MANGALAM,B,109.9,115.5,109.9,111.85,112.05,188,6910,777715.0
2023-06-22,2023-06-22,SHOPERSTOP,A,813.5,827.2,799.3,807.1,810.1,907,9101,7388188.0
2023-06-22,2023-06-22,CYBERMEDIA,B,18.04,18.04,17.56,17.8,17.86,19,784,13949.0
2023-06-22,2023-06-22,NDL,B,20.87,21.74,20.15,20.88,21.34,441,42146,879968.0
2023-06-22,2023-06-22,JSWHL,B,4561.15,4588.0,4431.05,4446.35,4520.8,54,71,318699.0
2023-06-22,2023-06-22,JKCEMENT,A,3415.0,3444.0,3381.05,3402.15,3401.6,462,1843,6276020.0
2023-06-22,2023-06-22,BEEYU,X,2.02,2.16,1.95,2.15,2.09,20,14415,29141.0
2023-06-22,2023-06-22,YESBANK,A,16.23,16.29,15.96,16.02,16.21,14813,11893934,191640933.0
2023-06-22,2023-06-22,NECLIFE,B,19.97,19.98,19.2,19.45,19.85,212,51617,1010972.0
2023-06-22,2023-06-22,MSPL,B,8.78,8.79,8.68,8.7,8.72,185,20767,181077.0
2023-06-22,2023-06-22,SPLIL,B,69.77,70.38,67.5,67.8,69.49,222,7378,504851.0
2023-06-22,2023-06-22,KTKBANK,A,162.2,162.2,155.4,156.5,160.45,1118,76547,12057036.0
2023-06-22,2023-06-22,MCLEODRUSS,B,19.29,20.15,19.11,19.88,19.34,375,158723,3101172.0
2023-06-22,2023-06-22,FACORALL,X,6.81,6.87,6.72,6.74,6.81,556,320674,2165218.0
2023-06-22,2023-06-22,IDFC,A,103.47,103.88,99.16,99.9,102.67,2760,1261352,128598707.0
2023-06-22,2023-06-22,RML,B,639.6,640.05,614.9,615.85,637.5,552,4812,2998485.0
2023-06-22,2023-06-22,HTMEDIA,B,20.0,20.15,19.63,19.7,19.82,164,4767,94714.0
2023-06-22,2023-06-22,SASKEN,B,888.2,899.0,879.05,884.25,890.25,178,1128,1001239.0
2023-06-22,2023-06-22,FCSSOFT,B,2.21,2.23,2.1,2.2,2.21,1036,1992132,4381031.0
2023-06-22,2023-06-22,SUZLON,A,14.06,14.11,13.3,13.6,13.99,11681,28357918,386834555.0
2023-06-22,2023-06-22,AURIONPRO,T,1081.55,1081.55,1027.5,1027.5,1081.55,240,8106,8379057.0
2023-06-22,2023-06-22,RENUKA,A,44.06,46.0,43.87,45.56,44.15,9136,3271198,147888430.0
2023-06-22,2023-06-22,KMSUGAR,B,26.94,28.3,26.55,27.57,26.73,792,142491,3943877.0
2023-06-22,2023-06-22,BASML,B,48.79,49.01,46.9,47.15,48.63,58,2075,99679.0
2023-06-22,2023-06-22,PBAINFRA,B,10.95,11.47,10.11,10.3,9.69,365,117637,1252114.0
2023-06-22,2023-06-22,AIAENG,A,3347.05,3382.55,3298.55,3319.95,3346.7,312,1008,3360099.0
2023-06-22,2023-06-22,EKC,A,123.35,123.85,117.95,119.5,122.65,1091,77264,9356200.0
2023-06-22,2023-06-22,KERNEX,T,341.0,341.2,333.0,333.1,337.05,71,5673,1928100.0
2023-06-22,2023-06-22,REPRO,B,576.0,598.0,567.0,573.05,578.25,158,609,347915.0
2023-06-22,2023-06-22,PVRINOX,A,1399.95,1399.95,1378.25,1381.75,1387.05,635,8469,11727046.0
2023-06-22,2023-06-22,ASMS,Z,10.94,10.94,10.94,10.94,10.73,65,49315,539506.0
2023-06-22,2023-06-22,CELEBRITY,B,14.2,14.2,13.67,13.97,13.98,210,12053,168535.0
2023-06-22,2023-06-22,EDUCOMP,Z,1.93,1.93,1.83,1.85,1.87,26,25470,47899.0
2023-06-22,2023-06-22,NITINSPIN,B,262.2,272.25,262.0,263.2,271.05,1086,16985,4513366.0
2023-06-22,2023-06-22,ROHLTD,B,325.15,338.05,324.3,330.65,335.0,580,8132,2690462.0
2023-06-22,2023-06-22,ENIL,B,129.55,129.55,125.45,126.75,129.0,61,843,106685.0
2023-06-22,2023-06-22,CELLA,Z,8.28,8.69,7.94,8.69,8.28,21,18298,158215.0
2023-06-22,2023-06-22,GSPL,A,298.85,300.2,294.8,296.4,299.05,804,19084,5668768.0
2023-06-22,2023-06-22,JAGRAN,B,77.88,78.1,76.13,76.51,77.48,301,13402,1032643.0
2023-06-22,2023-06-22,DYNPRO,B,338.0,338.0,318.8,322.05,331.85,813,6244,2033000.0
2023-06-22,2023-06-22,GVKPIL,B,2.72,2.8,2.71,2.77,2.72,397,659627,1827664.0
2023-06-22,2023-06-22,SADBHAV,T,11.4,11.65,11.0,11.01,11.43,100,60723,670037.0
2023-06-22,2023-06-22,RCOM,T,1.14,1.15,1.12,1.15,1.1,906,2558977,2935422.0
2023-06-22,2023-06-22,SAKUMA,B,13.93,14.19,13.75,13.83,13.95,233,26891,375193.0
2023-06-22,2023-06-22,KEC,A,556.65,557.55,547.5,550.55,555.9,849,18304,10109536.0
2023-06-22,2023-06-22,GILLANDERS,B,71.41,72.39,70.21,71.03,72.02,54,5721,407988.0
2023-06-22,2023-06-22,BLKASHYAP,B,41.99,44.09,41.09,43.53,41.69,251,40705,1736457.0
2023-06-22,2023-06-22,M&MFIN,A,325.75,328.0,309.4,312.8,325.7,2863,170074,53699285.0
2023-06-22,2023-06-22,VISACHROME,T,12.07,12.25,11.8,11.82,12.07,17,4555,55048.0
2023-06-22,2023-06-22,NITCO,B,19.2,19.2,18.61,18.64,18.78,83,6706,125359.0
2023-06-22,2023-06-22,MPDL,X,20.7,21.9,20.65,21.1,22.37,21,1125,23486.0
2023-06-22,2023-06-22,SOLARINDS,A,3870.0,3890.45,3821.0,3832.0,3850.85,612,2150,8288587.0
2023-06-22,2023-06-22,GALLANTT,B,59.79,59.79,58.2,58.31,59.01,31,2077,122229.0
2023-06-22,2023-06-22,MALUPAPER,B,33.8,33.8,33.26,33.26,33.39,87,2117,71050.0
2023-06-22,2023-06-22,UTTAMSUGAR,B,304.05,354.55,304.05,342.05,304.4,6364,153165,52163132.0
2023-06-22,2023-06-22,SGL,B,14.29,14.59,14.01,14.01,14.18,127,16013,228586.0
2023-06-22,2023-06-22,KKCL,B,521.45,541.4,521.45,534.15,521.75,819,9914,5248535.0
2023-06-22,2023-06-22,SUNTV,A,444.0,447.45,435.05,440.0,442.8,1563,38495,16999434.0
2023-06-22,2023-06-22,GPIL,A,495.5,500.2,470.1,479.2,495.5,3487,92183,44346574.0
2023-06-22,2023-06-22,RSYSTEMS,B,406.0,415.0,405.2,410.7,405.9,845,24804,10180293.0
2023-06-22,2023-06-22,EMKAY,B,76.0,76.0,75.0,75.0,74.55,18,172,12944.0
2023-06-22,2023-06-22,TICL,Z,18.94,18.94,17.14,17.14,18.04,155,53589,995846.0
2023-06-22,2023-06-22,LOKESHMACH,T,193.55,195.05,186.15,188.3,195.85,426,19219,3624258.0
2023-06-22,2023-06-22,KAMDHENU,B,323.2,325.55,318.05,319.65,320.45,132,3239,1042183.0
2023-06-22,2023-06-22,PAUSHAKLTD,A,7069.4,7069.9,6950.0,6989.05,6990.1,257,898,6306776.0
2023-06-22,2023-06-22,GTNTEX,X,11.37,12.0,11.34,11.35,11.6,23,5745,68353.0
2023-06-22,2023-06-22,INDICAP,X,28.4,28.4,26.8,27.04,27.42,42,8757,237691.0
2023-06-22,2023-06-22,PFOCUS,B,105.98,106.51,103.06,104.42,105.4,261,9643,1014537.0
2023-06-22,2023-06-22,ALLCARGO,A,287.85,292.0,285.2,286.25,289.05,1100,27788,8013517.0
2023-06-22,2023-06-22,GMRAIRPORT,A,43.5,43.5,41.87,42.41,43.29,749,242571,10300028.0
2023-06-22,2023-06-22,TECHM,A,1116.0,1126.5,1110.5,1119.65,1119.7,4986,137900,154672556.0
2023-06-22,2023-06-22,CIEINDIA,A,512.9,524.85,508.1,520.65,512.85,914,15640,8125977.0
2023-06-22,2023-06-22,VOLTAMP,B,4040.0,4066.65,3951.2,3987.05,4060.75,611,1748,6990857.0
2023-06-22,2023-06-22,ATLANTAA,B,14.8,15.19,14.8,14.8,15.57,1215,42180,627070.0
2023-06-22,2023-06-22,DEEPENR,B,133.9,135.0,131.05,132.3,132.05,72,1672,222585.0
2023-06-22,2023-06-22,HGM,B,56.11,64.0,56.11,62.5,54.25,1675,99204,6185501.0
2023-06-22,2023-06-22,ACE,A,475.05,484.05,466.8,469.3,481.5,3442,128938,61212385.0
2023-06-22,2023-06-22,GEECEE,B,172.75,172.85,170.05,170.35,174.3,59,1251,213504.0
2023-06-22,2023-06-22,RICHAIND,Z,1.51,1.65,1.51,1.53,1.58,7,362,548.0
2023-06-22,2023-06-22,GAYAPROJ,T,6.65,6.65,6.07,6.21,6.34,28,48360,313839.0
2023-06-22,2023-06-22,FIEMIND,B,1759.2,1799.4,1741.05,1755.75,1750.9,596,2685,4739454.0
2023-06-22,2023-06-22,JHS,B,23.43,23.62,22.05,22.47,23.23,446,34782,790932.0
2023-06-22,2023-06-22,DCBBANK,A,117.5,120.15,116.7,117.3,118.4,670,40874,4835175.0
2023-06-22,2023-06-22,GLOBALVECT,B,70.4,72.94,67.52,67.96,71.31,190,7744,539683.0
2023-06-22,2023-06-22,GTLINFRA,A,0.83,0.84,0.8,0.81,0.83,10481,14202180,11598917.0
2023-06-22,2023-06-22,SHIVAMAUTO,B,25.85,25.99,25.55,25.65,25.85,42,9144,236167.0
2023-06-22,2023-06-22,NAUKRI,A,4454.65,4469.0,4313.65,4401.65,4470.9,1269,7819,34174931.0
2023-06-22,2023-06-22,TORNTPOWER,A,660.4,672.0,649.8,653.2,660.4,908,15246,10042829.0
2023-06-22,2023-06-22,PARSVNATH,B,8.47,8.55,8.15,8.2,8.4,198,9957,82825.0
2023-06-22,2023-06-22,SUTLEJTEX,B,49.0,49.0,47.5,47.56,47.81,198,15970,769664.0
2023-06-22,2023-06-22,LTFOODS,A,133.0,137.2,131.5,134.6,133.05,2603,218685,29476826.0
2023-06-22,2023-06-22,SOBHA,A,538.05,545.0,532.6,535.7,541.85,1345,29422,15857770.0
2023-06-22,2023-06-22,RUCHIRA,B,118.5,119.0,115.0,116.9,117.65,168,4780,557691.0
2023-06-22,2023-06-22,TANLA,A,1055.05,1059.95,1007.8,1017.2,1052.05,2038,35840,37008434.0
2023-06-22,2023-06-22,ZEEMEDIA,B,8.18,8.2,7.94,8.06,8.08,818,560429,4514219.0
2023-06-22,2023-06-22,SITINET,T,0.79,0.8,0.78,0.8,0.79,256,932448,735684.0
2023-06-22,2023-06-22,LUMAXTECH,B,357.0,357.0,340.2,344.55,351.25,946,16855,5861429.0
2023-06-22,2023-06-22,AUTOIND,B,70.0,71.0,68.0,69.02,69.68,166,13845,959612.0
2023-06-22,2023-06-22,NETWORK18,A,66.79,67.06,64.55,65.3,65.68,338,76916,5086873.0
2023-06-22,2023-06-22,HUBTOWN,T,42.15,42.75,42.11,42.13,42.79,25,9046,380960.0
2023-06-22,2023-06-22,TV18BRDCST,A,40.84,41.4,39.61,39.81,40.4,1997,510023,20663453.0
2023-06-22,2023-06-22,CTE,B,71.22,73.35,70.2,71.05,71.29,335,33355,2385354.0
2023-06-22,2023-06-22,TIIL,B,1771.5,1771.5,1656.1,1674.2,1759.05,1329,11096,19140272.0
2023-06-22,2023-06-22,REDINGTON,A,189.0,195.35,188.15,190.7,188.2,4866,290110,55946883.0
2023-06-22,2023-06-22,AICHAMP,XT,30.94,32.44,29.41,29.51,30.94,21,1811,56676.0
2023-06-22,2023-06-22,CINELINE,B,88.99,89.49,85.5,86.98,89.26,143,6348,558857.0
2023-06-22,2023-06-22,PGIL,B,512.6,549.3,512.6,530.8,544.4,448,3387,1803583.0
2023-06-22,2023-06-22,FSL,A,130.55,130.9,128.4,129.45,130.35,900,44349,5747805.0
2023-06-22,2023-06-22,PFC,A,209.0,209.35,200.95,203.25,208.8,7810,957696,196713035.0
2023-06-22,2023-06-22,AHLUCONT,B,608.3,624.75,608.3,619.65,620.4,627,4087,2518758.0
2023-06-22,2023-06-22,TFL,B,8.5,9.2,8.5,9.05,9.0,51,4698,41122.0
2023-06-22,2023-06-22,INDIANB,A,281.65,282.75,277.25,277.95,281.6,338,15593,4362183.0
2023-06-22,2023-06-22,SMSPHARMA,B,94.93,94.95,92.05,92.44,93.98,135,3654,340471.0
2023-06-22,2023-06-22,ORIENTALTL,B,6.21,6.32,6.05,6.21,6.24,61,6526,39760.0
2023-06-22,2023-06-22,ELAND,X,6.0,6.0,5.8,5.81,5.84,33,5660,33330.0
2023-06-22,2023-06-22,IDEA,A,7.71,7.82,7.42,7.46,7.75,29298,38507055,291071436.0
2023-06-22,2023-06-22,RAJTV,T,48.0,48.0,48.0,48.0,48.78,5,1110,53280.0
2023-06-22,2023-06-22,PAGEIND,A,38286.0,38341.0,37821.0,37959.2,38248.55,243,330,12544458.0
2023-06-22,2023-06-22,AMDIND,T,67.47,69.7,67.47,69.67,69.66,21,2971,206707.0
2023-06-22,2023-06-22,LEHAR,XT,132.0,132.0,127.0,128.25,130.8,82,7408,961270.0
2023-06-22,2023-06-22,ASTRAL,A,1990.05,1990.1,1947.4,1952.65,1985.3,1512,11299,22236464.0
2023-06-22,2023-06-22,EMBDL,A,61.01,61.69,59.54,60.0,60.57,2452,535402,32436636.0
2023-06-22,2023-06-22,CAMLINFINE,B,166.35,166.8,163.3,164.45,165.45,584,24787,4090363.0
2023-06-22,2023-06-22,ICRA,B,4981.0,5085.3,4981.0,5001.85,4980.0,26,85,426857.0
2023-06-22,2023-06-22,DISHTV,A,14.41,16.15,14.41,15.91,14.58,5219,5191207,79400770.0
2023-06-22,2023-06-22,SAHYADRI,B,391.0,401.05,386.6,395.3,390.5,153,1784,706725.0
2023-06-22,2023-06-22,SRHHYPOLTD,B,604.25,631.0,604.25,612.95,615.7,912,8766,5424072.0
2023-06-22,2023-06-22,FORTIS,A,309.5,311.0,304.0,308.85,309.25,1579,49487,15183246.0
2023-06-22,2023-06-22,TGBHOTELS,T,10.56,10.7,10.56,10.65,10.88,4,2274,24124.0
2023-06-22,2023-06-22,HILTON,T,173.9,173.9,169.0,169.4,171.8,57,4809,818244.0
2023-06-22,2023-06-22,DELTACORP,A,246.95,246.95,236.85,239.15,243.1,2993,129220,31199931.0
2023-06-22,2023-06-22,INSECTICID,B,444.0,454.5,444.0,444.75,446.55,121,1300,581570.0
2023-06-22,2023-06-22,ASAHISONG,B,224.95,224.95,216.8,217.6,223.9,109,212,46666.0
2023-06-22,2023-06-22,HARYNACAP,X,67.0,68.88,67.0,68.81,67.99,5,148,10107.0
2023-06-22,2023-06-22,TIMETECHNO,A,119.7,122.0,116.28,118.95,119.7,986,209713,24874845.0
2023-06-22,2023-06-22,HGS,A,1080.4,1082.85,1072.55,1075.1,1079.95,422,1741,1873760.0
2023-06-22,2023-06-22,NELCAST,B,94.95,94.95,90.75,91.13,92.94,253,11099,1017242.0
2023-06-22,2023-06-22,V2RETAIL,T,118.12,118.12,116.0,118.12,112.5,61,17365,2050936.0
2023-06-22,2023-06-22,DLF,A,482.0,484.8,478.5,481.1,482.95,3993,198463,95537209.0
2023-06-22,2023-06-22,TARMAT,B,71.32,72.35,71.0,71.79,71.32,42,632,45227.0
2023-06-22,2023-06-22,SPARC,A,201.9,205.0,195.0,196.25,204.4,1488,50330,9991098.0
2023-06-22,2023-06-22,ADSL,B,92.5,107.19,92.5,105.76,92.77,2426,221736,22930930.0
2023-06-22,2023-06-22,ALPA,B,66.8,67.55,60.7,65.84,64.17,467,37308,2460881.0
2023-06-22,2023-06-22,SSLEL,X,132.25,140.0,130.0,134.2,132.0,21,1212,165855.0
2023-06-22,2023-06-22,OMAXE,B,52.19,52.26,51.5,51.74,51.76,85,40151,2073270.0
2023-06-22,2023-06-22,REFEX,B,547.9,547.9,524.55,530.3,543.7,1476,20146,10727063.0
2023-06-22,2023-06-22,CENTRALBK,A,28.83,29.08,28.1,28.32,28.81,2987,839142,23971538.0
2023-06-22,2023-06-22,SELMC,T,145.2,145.2,145.2,145.2,148.15,16,91,13213.0
2023-06-22,2023-06-22,ASIANTILES,B,48.39,49.33,47.2,48.02,48.09,379,55660,2662945.0
2023-06-22,2023-06-22,KPRMILL,A,666.05,679.9,665.05,675.7,668.55,979,12949,8723907.0
2023-06-22,2023-06-22,TAKE,B,17.85,17.85,17.22,17.31,17.66,209,20004,350733.0
2023-06-22,2023-06-22,PURVA,B,93.5,97.5,92.7,96.17,93.11,466,28800,2729408.0
2023-06-22,2023-06-22,MOTILALOFS,A,697.05,705.0,676.5,680.95,695.15,798,9196,6369568.0
2023-06-22,2023-06-22,VTMLTD,X,54.75,54.75,53.21,53.82,54.17,57,1861,100089.0
2023-06-22,2023-06-22,INDOWIND,B,10.1,10.5,9.95,10.02,10.1,317,49373,498533.0
2023-06-22,2023-06-22,NAGREEKCAP,B,21.99,21.99,20.2,20.3,20.3,19,357,7270.0
2023-06-22,2023-06-22,MAGNUM,T,36.25,36.25,34.84,34.98,36.13,102,13274,469768.0
2023-06-22,2023-06-22,POWERGRID,A,258.1,258.1,252.75,253.65,258.1,4275,116879,29815686.0
2023-06-22,2023-06-22,KSCL,A,512.5,513.3,508.0,509.25,511.9,318,3389,1730360.0
2023-06-22,2023-06-22,PAISALO,B,50.04,50.05,49.11,49.75,49.95,84,14215,707680.0
2023-06-22,2023-06-22,SUPREMEINF,T,22.0,22.0,21.8,21.81,22.0,8,568,12445.0
2023-06-22,2023-06-22,MAANALU,T,331.55,340.0,325.0,327.8,336.75,298,9229,3044987.0
2023-06-22,2023-06-22,IL&FSENGG,Z,11.25,11.65,11.05,11.18,11.4,39,2747,30825.0
2023-06-22,2023-06-22,PARLEIND,X,7.1,7.1,7.03,7.05,7.07,282,15730,110929.0
2023-06-22,2023-06-22,RELIGARE,A,171.65,175.85,171.65,172.45,171.2,524,22031,3817745.0
2023-06-22,2023-06-22,BVCL,T,34.84,36.07,34.84,35.3,36.07,23,3074,109072.0
2023-06-22,2023-06-22,RATHIBAR,X,24.87,24.87,23.5,23.79,24.38,33,2074,49115.0
2023-06-22,2023-06-22,ADANIPORTS,A,754.55,758.0,741.05,745.5,749.5,10738,354852,266675895.0
2023-06-22,2023-06-22,EDELWEISS,A,51.01,51.61,50.1,50.75,51.05,1144,128590,6523540.0
2023-06-22,2023-06-22,RGL,B,93.75,95.94,92.95,93.08,94.25,126,15607,1466801.0
2023-06-22,2023-06-22,KOLTEPATIL,A,333.25,334.15,325.25,326.95,333.45,278,6250,2058379.0
2023-06-22,2023-06-22,KAUSHALYA,T,4.91,5.13,4.91,5.0,5.15,35,12035,59868.0
2023-06-22,2023-06-22,JYOTHYLAB,A,213.6,216.15,211.4,213.35,215.85,1560,88922,18994426.0
2023-06-22,2023-06-22,ECLERX,A,1737.05,1773.45,1717.35,1757.25,1734.35,993,7352,12899674.0
2023-06-22,2023-06-22,TARIL,B,89.01,90.15,85.73,87.17,88.9,1638,170897,15067456.0
2023-06-22,2023-06-22,BRIGADE,A,588.0,590.75,570.5,580.25,586.85,898,15675,9084873.0
2023-06-22,2023-06-22,BGRENERGY,B,56.82,57.69,54.96,55.06,56.78,316,29208,1646414.0
2023-06-22,2023-06-22,BURNPUR,B,4.38,4.5,4.38,4.45,4.44,167,59871,264918.0
2023-06-22,2023-06-22,MANAKSIA,B,174.8,176.8,167.45,169.25,172.65,518,15870,2727514.0
2023-06-22,2023-06-22,PORWAL,XT,24.89,24.89,24.0,24.0,24.9,29,6028,145276.0
2023-06-22,2023-06-22,PPAP,B,201.25,201.75,192.6,193.75,198.05,50,466,92004.0
2023-06-22,2023-06-22,ARIES,B,168.1,170.5,166.5,166.9,168.15,125,3172,533350.0
2023-06-22,2023-06-22,KUANTUM,B,174.45,178.15,171.0,173.85,170.1,126,4812,831653.0
2023-06-22,2023-06-22,RPOWER,A,15.03,15.2,14.52,14.77,15.01,15307,22321759,332201876.0
2023-06-22,2023-06-22,JKIL,B,314.0,314.0,302.8,304.8,307.45,418,8480,2601748.0
2023-06-22,2023-06-22,CORDSCABLE,T,89.05,92.9,89.0,89.08,93.68,541,42506,3817058.0
2023-06-22,2023-06-22,KNRCON,A,242.1,244.0,236.5,239.95,242.2,1100,51002,12288968.0
2023-06-22,2023-06-22,ONMOBILE,A,77.0,78.3,76.02,76.35,76.74,591,38846,2985442.0
2023-06-22,2023-06-22,SEPC,B,10.27,10.27,9.5,9.69,9.99,773,623513,6130392.0
2023-06-22,2023-06-22,BANG,B,41.11,41.91,40.1,40.82,41.55,46,1592,65410.0
2023-06-22,2023-06-22,IRB,A,26.46,27.11,26.45,26.84,26.5,1997,1159450,31111623.0
2023-06-22,2023-06-22,GSS,B,186.0,199.6,186.0,194.55,186.0,588,119640,23351422.0
2023-06-22,2023-06-22,NAHARCAP,B,306.85,313.0,305.0,306.0,303.1,210,2989,925593.0
2023-06-22,2023-06-22,VGUARD,A,261.35,272.3,261.35,263.9,262.95,1455,30745,8253411.0
2023-06-22,2023-06-22,RECLTD,A,163.8,163.95,156.5,159.0,163.8,5302,1001602,158850090.0
2023-06-22,2023-06-22,GOKAKTEX,X,34.28,34.28,31.05,33.6,32.65,83,13197,449301.0
2023-06-22,2023-06-22,DHANI,A,34.0,34.35,33.27,33.77,33.85,1763,1207436,40784415.0
2023-06-22,2023-06-22,TITAGARH,B,472.1,497.2,470.0,480.1,468.85,3699,100867,48858293.0
2023-06-22,2023-06-22,KIRIINDUS,A,282.7,288.9,281.2,282.0,281.7,289,4709,1334948.0
2023-06-22,2023-06-22,BIRLAMONEY,B,57.48,57.9,55.6,55.74,57.45,84,3068,175170.0
2023-06-22,2023-06-22,JAIBALAJI,T,75.5,75.55,74.31,75.4,74.44,19,986,74213.0
2023-06-22,2023-06-22,BAJAJ-AUTO,A,4689.4,4689.4,4602.7,4611.8,4646.6,499,2714,12566076.0
2023-06-22,2023-06-22,BAJAJFINSV,A,1526.95,1526.95,1505.0,1508.5,1519.1,1843,28270,42858321.0
2023-06-22,2023-06-22,GOKUL,B,30.98,31.25,28.7,29.52,30.98,352,18928,569583.0
2023-06-22,2023-06-22,RPGLIFE,B,944.55,958.05,896.95,899.55,938.3,1152,7007,6508514.0
2023-06-22,2023-06-22,SENSEX1,A,66.88,68.28,66.88,67.61,67.92,91,926,62828.0
2023-06-22,2023-06-22,NIRAJ,B,31.3,31.55,30.55,30.55,31.31,93,4669,143826.0
2023-06-22,2023-06-22,RBL,B,794.15,799.8,773.15,779.1,785.0,154,1361,1063550.0
2023-06-22,2023-06-22,RANEENGINE,T,276.0,276.0,275.2,275.2,279.3,6,257,70844.0
2023-06-22,2023-06-22,CHLLTD,X,19.25,19.25,19.01,19.19,19.25,5,1056,20280.0
2023-06-22,2023-06-22,SEJALLTD,T,240.9,240.9,234.85,235.0,235.0,4,701,164710.0
2023-06-22,2023-06-22,ARCHIDPLY,B,77.77,78.23,75.5,75.65,77.8,137,4774,365135.0
2023-06-22,2023-06-22,LOTUSEYE,B,81.0,84.8,74.05,83.3,80.96,281,10760,879313.0
2023-06-22,2023-06-22,SOMICONVEY,T,54.51,54.51,54.5,54.5,55.28,2,150,8176.0
2023-06-22,2023-06-22,LGBFORGE,B,10.29,10.79,9.78,9.8,10.29,123,143512,1419983.0
2023-06-22,2023-06-22,LPDC,B,6.92,6.93,6.59,6.8,6.84,162,14085,95904.0
2023-06-22,2023-06-22,SICAGEN,X,45.79,49.0,44.75,46.51,44.67,939,248136,11775394.0
2023-06-22,2023-06-22,SIMPLXMIL,X,3682.05,3682.05,3682.05,3682.05,38.74,2,6,22092.0
2023-06-22,2023-06-22,SIMPLXPAP,X,2632.0,2632.0,2631.5,2631.5,27.7,9,40,105263.0
2023-06-22,2023-06-22,20MICRONS,B,101.18,101.18,95.1,96.83,101.34,909,33886,3332059.0
2023-06-22,2023-06-22,ZFCVINDIA,A,11999.0,12588.0,11906.25,12333.0,11881.55,470,667,8161892.0
2023-06-22,2023-06-22,ALKALI,T,115.8,118.25,115.0,115.65,112.65,41,1635,191341.0
2023-06-22,2023-06-22,ISGEC,A,666.4,687.8,664.4,681.6,678.05,1285,16615,11194140.0
2023-06-22,2023-06-22,IMFA,B,307.15,314.7,302.0,304.2,308.0,1218,26254,8074769.0
2023-06-22,2023-06-22,TPHQ,T,11.59,11.6,10.81,10.81,11.37,156,181975,1978027.0
2023-06-22,2023-06-22,VEDAVAAG,X,50.5,51.48,49.35,49.58,50.77,203,31527,1578107.0
2023-06-22,2023-06-22,MOLDTKPAC,A,1022.0,1035.6,1015.95,1021.75,1021.95,823,4610,4741055.0
2023-06-22,2023-06-22,MHRIL,A,296.45,296.7,289.2,290.1,294.9,354,6546,1909145.0
2023-06-22,2023-06-22,LANDSMILL,T,0.4,0.4,0.38,0.39,0.4,438,2539222,991831.0
2023-06-22,2023-06-22,ROML,B,42.5,43.35,40.65,42.01,42.99,38,1620,68123.0
2023-06-22,2023-06-22,BENGALASM,A,4920.0,4920.0,4830.0,4853.5,4866.2,50,364,1770996.0
2023-06-22,2023-06-22,ADANIPOWER,A,259.1,263.0,255.7,256.8,260.75,11097,502441,130187334.0
2023-06-22,2023-06-22,NHPC,A,45.99,46.57,45.2,45.46,45.8,4375,3234024,149124887.0
2023-06-22,2023-06-22,SURYAAMBA,XT,209.9,210.0,193.3,197.65,202.5,15,275,56290.0
2023-06-22,2023-06-22,GLOBUSSPR,A,1226.5,1305.0,1226.5,1275.75,1227.25,3053,44603,56655890.0
2023-06-22,2023-06-22,OIL,A,253.9,253.9,246.05,247.3,250.9,1364,54964,13643287.0
2023-06-22,2023-06-22,SWANDEF,Z,2.13,2.15,2.09,2.14,2.14,208,431992,915251.0
2023-06-22,2023-06-22,BTTL,X,14.9,15.3,14.5,14.96,15.0,114,64308,965866.0
2023-06-22,2023-06-22,SPSL,X,16.77,16.77,16.77,16.77,17.49,3,6,100.0
2023-06-22,2023-06-22,EXPLEOSOL,B,1605.4,1632.25,1577.15,1582.2,1605.85,649,3892,6243108.0
2023-06-22,2023-06-22,RTNPOWER,A,4.0,4.81,3.96,4.65,4.01,4322,16579203,73241059.0
2023-06-22,2023-06-22,DEN,B,34.95,36.62,34.15,36.32,34.08,1164,279002,10001473.0
2023-06-22,2023-06-22,ASTEC,A,1375.45,1383.9,1350.55,1355.15,1372.0,173,956,1308363.0
2023-06-22,2023-06-22,DLINKINDIA,B,249.85,249.85,237.05,245.6,245.65,1553,45694,11090286.0
2023-06-22,2023-06-22,JSWENERGY,A,276.05,285.0,270.7,272.2,274.4,9889,597686,166888705.0
2023-06-22,2023-06-22,GODREJPROP,A,1532.0,1536.0,1492.0,1497.6,1528.9,1242,13380,20287429.0
2023-06-22,2023-06-22,DBCORP,B,142.0,142.0,137.55,138.2,140.9,502,11982,1673130.0
2023-06-22,2023-06-22,MBLINFRA,T,20.15,20.6,19.8,20.09,20.3,30,5859,117613.0
2023-06-22,2023-06-22,JUBLFOOD,A,495.95,509.9,493.1,494.9,494.95,3127,87523,43973993.0
2023-06-22,2023-06-22,VASCONEQ,B,42.51,43.64,41.3,42.14,42.78,1145,322919,13608895.0
2023-06-22,2023-06-22,THANGAMAYL,B,1500.05,1543.7,1500.05,1524.5,1541.5,394,1448,2201707.0
2023-06-22,2023-06-22,DBREALTY,A,76.5,77.49,75.0,75.47,76.47,674,38348,2922584.0
2023-06-22,2023-06-22,EMMBI,B,89.88,91.28,88.7,89.19,88.91,38,1407,126407.0
2023-06-22,2023-06-22,HATHWAY,A,15.32,15.87,15.22,15.61,15.42,708,1100218,17119757.0
2023-06-22,2023-06-22,ARSSINFRA,T,20.3,20.3,19.38,20.24,19.52,18,2255,43952.0
2023-06-22,2023-06-22,TEXMOPIPES,B,57.0,57.95,56.5,56.57,57.46,351,14955,853094.0
2023-06-22,2023-06-22,SUNDARAM,B,2.27,2.31,2.24,2.29,2.33,179,238615,542347.0
2023-06-22,2023-06-22,COROENGG,XT,40.05,40.6,38.5,40.6,38.67,38,14131,566186.0
2023-06-22,2023-06-22,ROSSELLIND,B,342.85,351.0,339.35,346.55,340.8,783,16753,5787791.0
2023-06-22,2023-06-22,MANINFRA,A,112.26,117.5,112.26,116.11,113.98,1006,156547,18151526.0
2023-06-22,2023-06-22,TAMBOLIIN,X,149.9,154.8,144.1,149.5,150.45,406,31554,4761045.0
2023-06-22,2023-06-22,IVZINGOLD,E,5236.25,5236.25,5186.0,5189.93,5200.01,8,63,327032.0
2023-06-22,2023-06-22,IL&FSTRANS,Z,3.21,3.21,2.98,3.2,3.06,14,6977,22221.0
2023-06-22,2023-06-22,PERSISTENT,A,4933.35,4933.35,4848.6,4856.3,4933.35,807,5690,27769118.0
2023-06-22,2023-06-22,ISFT,B,145.0,145.65,142.35,144.2,145.3,65,512,73772.0
2023-06-22,2023-06-22,GOENKA,Z,0.78,0.81,0.77,0.81,0.78,23,240127,194192.0
2023-06-22,2023-06-22,KCPSUGIND,B,25.61,26.69,25.45,25.83,25.44,499,103434,2702865.0
2023-06-22,2023-06-22,KECL,T,108.8,113.1,105.15,111.0,108.75,154,24765,2734237.0
2023-06-22,2023-06-22,SATCH,XT,2.98,2.99,2.82,2.98,2.93,47,35872,104767.0
2023-06-22,2023-06-22,TARAPUR,T,4.42,4.49,4.4,4.49,4.4,19,10322,45723.0
2023-06-22,2023-06-22,SJVN,A,40.71,41.34,39.6,40.14,40.73,3665,2643547,107734744.0
2023-06-22,2023-06-22,EMAMIPAP,B,123.6,124.6,122.0,123.1,123.5,120,3099,382030.0
2023-06-22,2023-06-22,KRITINUT,B,58.86,60.57,57.3,58.16,57.53,602,41678,2472538.0
2023-06-22,2023-06-22,GKB,X,90.5,91.95,90.0,90.05,91.05,60,3060,277984.0
2023-06-22,2023-06-22,HMVL,B,58.1,61.19,58.1,59.88,60.17,209,9338,558718.0
2023-06-22,2023-06-22,EMAMIREAL,B,73.95,73.95,69.5,69.61,71.51,106,10834,759580.0
2023-06-22,2023-06-22,AHLEAST,B,124.7,124.7,121.1,121.5,121.95,43,1459,177468.0
2023-06-22,2023-06-22,BAJAJCON,A,190.0,191.15,185.15,186.15,189.5,650,27038,5070506.0
2023-06-22,2023-06-22,HDFCGOLD,E,51.48,51.61,51.13,51.23,51.67,498,60727,3119657.0
2023-06-22,2023-06-22,PRAKASHSTL,B,4.6,4.7,4.59,4.62,4.62,183,56538,262538.0
2023-06-22,2023-06-22,GOLDIETF,E,51.49,51.55,51.09,51.32,51.36,217,183497,9381176.0
2023-06-22,2023-06-22,GPPL,A,115.75,115.8,113.7,114.0,115.2,447,27025,3099277.0
2023-06-22,2023-06-22,WELINV,T,355.05,375.0,355.05,374.95,358.0,11,107,39922.0
2023-06-22,2023-06-22,HEALTHX,B,282.4,290.2,281.8,282.35,284.25,177,3285,930380.0
2023-06-22,2023-06-22,CPCAP,B,215.35,215.7,204.8,206.8,215.2,964,24950,5218775.0
2023-06-22,2023-06-22,EROSMEDIA,B,25.71,27.29,25.71,26.34,26.72,199,14964,396825.0
2023-06-22,2023-06-22,RAMKY,B,363.9,366.7,357.5,359.75,364.15,1245,17872,6507049.0
2023-06-22,2023-06-22,GREENPOWER,B,10.21,10.35,9.93,10.08,10.17,2772,1492489,15080785.0
2023-06-22,2023-06-22,CANTABIL,B,1067.25,1067.25,1033.0,1043.6,1063.7,105,690,726406.0
2023-06-22,2023-06-22,SEATV,X,2.39,2.4,2.39,2.4,2.48,5,601,1441.0
2023-06-22,2023-06-22,WABAG,B,481.65,499.8,480.05,487.25,481.2,1741,32126,15797611.0
2023-06-22,2023-06-22,BEDMUTHA,B,56.91,58.79,55.96,56.93,57.1,53,2754,158004.0
2023-06-22,2023-06-22,ASHOKA,A,80.99,82.1,79.71,80.01,80.33,1162,124195,10053725.0
2023-06-22,2023-06-22,JWL,B,156.75,159.35,151.35,155.1,154.4,3201,339143,52569516.0
2023-06-22,2023-06-22,OBEROIRLTY,A,1014.0,1018.0,992.0,995.5,1013.9,1279,14752,14820195.0
2023-06-22,2023-06-22,PRESTIGE,A,570.15,579.0,569.45,575.8,576.55,1220,25141,14444519.0
2023-06-22,2023-06-22,SHAH,B,2.94,3.0,2.85,2.87,3.0,138,244878,721077.0
2023-06-22,2023-06-22,COALINDIA,A,228.95,229.6,226.6,226.95,228.45,5305,315950,72148088.0
2023-06-22,2023-06-22,GRAVITA,A,608.05,619.15,605.4,612.5,613.7,701,14131,8661527.0
2023-06-22,2023-06-22,RPPINFRA,B,56.05,56.05,53.0,53.67,55.94,581,35412,1908743.0
2023-06-22,2023-06-22,RDBIPL,XT,55.6,55.6,52.82,54.44,55.6,117,18981,1028970.0
2023-06-22,2023-06-22,MOIL,A,164.85,166.1,161.7,163.35,164.85,783,14216,2327888.0
2023-06-22,2023-06-22,KTIL,X,42.3,42.99,40.53,41.75,42.0,66,7366,309223.0
2023-06-22,2023-06-22,A2ZINFRA,T,7.65,7.65,7.23,7.31,7.58,107,49950,365116.0
2023-06-22,2023-06-22,KIRLOSENG,A,415.35,416.1,397.9,406.5,415.7,2009,22876,9288924.0
2023-06-22,2023-06-22,PSB,B,31.1,31.39,30.46,30.59,31.23,728,161335,4992044.0
2023-06-22,2023-06-22,FMNL,B,4.56,4.71,4.56,4.61,4.65,43,8616,40040.0
2023-06-22,2023-06-22,SURANASOL,B,21.8,22.24,21.6,21.62,21.82,200,12630,275622.0
2023-06-22,2023-06-22,KICL,B,1880.0,1880.95,1840.8,1854.65,1885.25,30,241,447730.0
2023-06-22,2023-06-22,BFINVEST,B,391.2,394.8,373.95,383.75,390.2,280,5866,2262546.0
2023-06-22,2023-06-22,SUMMITSEC,B,719.75,720.0,713.05,716.3,716.55,82,558,399444.0
2023-06-22,2023-06-22,INOVSYNTH,XT,22.0,23.48,21.51,21.76,22.45,34,8932,199737.0
2023-06-22,2023-06-22,STEL,B,141.95,142.4,141.15,141.45,142.8,9,345,48870.0
2023-06-22,2023-06-22,OMKARCHEM,Z,8.0,8.25,7.71,8.1,8.0,15,4727,38091.0
2023-06-22,2023-06-22,JUBLINDS,B,534.55,535.25,511.35,523.25,530.65,493,3877,2027888.0
2023-06-22,2023-06-22,TEXRAIL,A,73.49,78.25,71.57,77.37,72.64,6566,1215116,91421792.0
2023-06-22,2023-06-22,INDTERRAIN,B,56.6,58.15,54.95,57.5,56.49,185,22043,1239593.0
2023-06-22,2023-06-22,FCL,A,308.5,308.5,300.05,301.3,305.1,572,14381,4365143.0
2023-06-22,2023-06-22,DHUNINV,B,699.1,702.8,682.0,685.75,697.1,73,530,369045.0
2023-06-22,2023-06-22,ZENTEC,B,411.9,413.95,402.0,405.75,409.7,2342,51561,21042402.0
2023-06-22,2023-06-22,LOVABLE,B,116.6,122.0,116.6,118.85,119.85,339,6707,798613.0
2023-06-22,2023-06-22,PFS,B,21.44,21.44,19.61,19.74,21.43,2163,1970760,40434476.0
2023-06-22,2023-06-22,MON100,E,118.98,119.15,118.07,118.43,119.93,3327,170172,20163285.0
2023-06-22,2023-06-22,MUTHOOTFIN,A,1228.1,1242.15,1203.9,1208.85,1232.55,3992,38363,46873950.0
2023-06-22,2023-06-22,FCONSUMER,T,0.92,0.94,0.88,0.89,0.92,1244,3440109,3093340.0
2023-06-22,2023-06-22,TRUEGREEN,X,16.65,16.65,16.08,16.24,16.35,88,8186,133791.0
2023-06-22,2023-06-22,BSLGOLDETF,E,52.91,53.01,52.26,52.39,52.8,43,653,34243.0
2023-06-22,2023-06-22,VMS,X,14.65,15.12,14.5,14.77,14.82,39,5203,76838.0
2023-06-22,2023-06-22,KARMAENG,B,38.57,41.14,38.57,39.05,40.11,42,2928,117079.0
2023-06-22,2023-06-22,DELPHIFX,B,394.95,395.2,389.0,391.6,391.2,54,504,197448.0
2023-06-22,2023-06-22,RUSHIL,B,313.5,316.55,308.35,309.25,312.55,334,7174,2233269.0
2023-06-22,2023-06-22,ENKEIWHEL,X,491.2,491.2,480.0,484.0,483.65,21,391,189974.0
2023-06-22,2023-06-22,KRIDHANINF,T,2.45,2.45,2.35,2.37,2.36,16,7441,17907.0
2023-06-22,2023-06-22,INVENTURE,B,2.05,2.07,2.01,2.02,2.06,890,1040478,2111940.0
2023-06-22,2023-06-22,LTF,A,123.6,124.15,116.3,120.2,123.55,7562,1226615,146675229.0
2023-06-22,2023-06-22,IBULLSLTD,T,13.3,13.64,13.01,13.38,13.56,78,20110,267397.0
2023-06-22,2023-06-22,TREEHOUSE,B,18.5,18.85,17.7,17.7,18.03,99,31730,571240.0
2023-06-22,2023-06-22,BROOKS,B,80.71,81.11,75.0,75.4,80.69,254,10258,791987.0
2023-06-22,2023-06-22,RUPA,A,269.5,270.2,262.55,263.9,268.3,305,8880,2355055.0
2023-06-22,2023-06-22,TDPOWERSYS,B,210.15,219.05,210.15,217.5,209.85,1776,81374,17648882.0
2023-06-22,2023-06-22,GOLDAXIS,E,50.23,50.36,50.0,50.09,50.26,629,11554,578754.0
2023-06-22,2023-06-22,APLLTD,A,616.8,622.2,615.65,617.05,616.35,907,9397,5816577.0
2023-06-22,2023-06-22,VASWANI,B,22.61,22.99,21.21,21.29,22.6,215,14728,326773.0
2023-06-22,2023-06-22,PGEL,A,1592.1,1624.0,1582.6,1589.9,1588.2,257,906,1451875.0
2023-06-22,2023-06-22,LESHAIND,XT,4.0,4.05,3.98,3.99,4.02,379,115455,462682.0
2023-06-22,2023-06-22,RDBRL,X,79.0,94.32,78.5,93.56,78.6,1091,177634,16191314.0
2023-06-22,2023-06-22,TIJARIA,B,6.94,7.2,6.91,6.91,7.27,43,7346,52051.0
2023-06-22,2023-06-22,ONELIFECAP,B,12.2,12.6,12.13,12.18,12.25,91,1558,19020.0
2023-06-22,2023-06-22,FLEXITUFF,B,28.65,30.25,27.51,28.66,28.69,79,17730,501588.0
2023-06-22,2023-06-22,UEL,T,2.25,2.25,2.15,2.18,2.17,38,28381,61810.0
2023-06-22,2023-06-22,TRITURBINE,A,405.05,409.45,390.0,392.2,407.05,4024,108533,42903448.0
2023-06-22,2023-06-22,INDOTHAI,B,287.0,287.0,260.5,265.5,265.4,67,1692,444525.0
2023-06-22,2023-06-22,ESSARSHPNG,T,11.84,12.15,11.84,11.84,12.46,305,145511,1725715.0
2023-06-22,2023-06-22,LICMFGOLD,E,5387.0,5387.0,5353.0,5353.0,5387.54,12,59,316166.0
2023-06-22,2023-06-22,APLAPOLLO,A,1334.9,1398.55,1333.05,1390.9,1335.15,5682,91082,125806553.0
2023-06-22,2023-06-22,GPTINFRA,B,64.0,66.0,61.3,63.08,65.21,602,48770,3053102.0
2023-06-22,2023-06-22,FERVENTSYN,X,18.9,18.9,16.92,17.5,17.56,25,210,3769.0
2023-06-22,2023-06-22,THOMASCOTT,T,65.6,65.61,63.01,65.61,62.49,46,7862,515731.0
2023-06-22,2023-06-22,TERASOFT,T,49.05,51.8,49.05,50.1,50.91,43,5568,281026.0
2023-06-22,2023-06-22,PMCFIN,X,1.66,1.67,1.59,1.62,1.64,1329,2055896,3356019.0
2023-06-22,2023-06-22,FUTSOL,XT,58.8,60.35,58.8,58.8,61.89,29,322,18978.0
2023-06-22,2023-06-22,AIML,X,29.3,30.17,28.0,28.98,28.82,77,3112,89480.0
2023-06-22,2023-06-22,RHIM,A,671.05,679.0,666.95,668.75,670.5,838,11288,7582514.0
2023-06-22,2023-06-22,MCX,A,1614.75,1644.6,1592.0,1621.1,1614.75,2098,17825,28839869.0
2023-06-22,2023-06-22,SCHNEIDER,A,261.0,268.55,256.0,257.75,260.45,2674,116387,30529444.0
2023-06-22,2023-06-22,NBCC,A,41.09,41.09,40.29,40.46,40.86,2638,609483,24775543.0
2023-06-22,2023-06-22,MTEDUCARE,T,4.39,4.39,4.11,4.13,4.2,19,6472,27183.0
2023-06-22,2023-06-22,HEXATRADEX,B,146.6,146.6,144.35,145.75,144.9,6,55,7948.0
2023-06-22,2023-06-22,MAXHEIGHTS,XT,53.99,55.88,53.98,55.88,53.22,46,3445,191304.0
2023-06-22,2023-06-22,TBZ,B,87.29,87.29,84.75,84.85,86.32,153,9130,778999.0
2023-06-22,2023-06-22,VSSL,B,195.05,196.55,192.0,193.0,195.9,449,10279,1989088.0
2023-06-22,2023-06-22,LOOKS,X,5.02,5.02,4.85,4.85,5.14,44,12784,63864.0
2023-06-22,2023-06-22,SPECIALITY,B,234.6,235.75,230.05,232.35,233.5,323,5625,1308843.0
2023-06-22,2023-06-22,AURUS,B,4.46,4.68,4.46,4.62,4.57,22,15926,73302.0
2023-06-22,2023-06-22,MASL,MT,2.11,2.11,2.11,2.11,2.22,1,800,1688.0
2023-06-22,2023-06-22,RTNINDIA,A,38.0,40.75,37.56,39.5,38.13,1018,261283,10123314.0
2023-06-22,2023-06-22,SAMPANN,T,19.47,19.95,18.13,19.41,19.0,33,7014,137362.0
2023-06-22,2023-06-22,JTLIND,B,330.15,333.85,324.2,326.5,332.7,457,8747,2869931.0
2023-06-22,2023-06-22,AMTL,X,26.75,27.54,24.05,24.35,26.29,129,18566,471752.0
2023-06-22,2023-06-22,NECCLTD,B,18.5,19.05,18.32,18.84,18.56,141,29895,561328.0
2023-06-22,2023-06-22,WAAREERTL,B,1081.7,1118.0,1070.05,1110.95,1069.45,2633,60623,66613226.0
2023-06-22,2023-06-22,JUPITERIN,X,21.39,21.39,19.8,20.19,21.0,226,38187,785723.0
2023-06-22,2023-06-22,DUCON,T,7.0,7.09,6.85,6.86,7.0,107,21358,147740.0
2023-06-22,2023-06-22,PROZONER,B,23.5,24.01,23.2,23.36,23.79,433,57609,1352655.0
2023-06-22,2023-06-22,SRGHFL,X,208.0,229.8,207.4,217.85,205.6,190,45638,9809464.0
2023-06-22,2023-06-22,COMCL,X,17.45,18.99,17.06,18.92,17.61,78,38046,684030.0
2023-06-22,2023-06-22,CASPIAN,XT,23.0,24.5,23.0,23.16,23.71,61,9423,225088.0
2023-06-22,2023-06-22,VIRTUALG,X,0.9,0.9,0.87,0.9,0.89,530,565632,502739.0
2023-06-22,2023-06-22,ZUARI,B,147.9,151.0,143.1,145.1,147.4,726,12180,1788530.0
2023-06-22,2023-06-22,STEELXIND,A,14.0,14.48,14.0,14.25,14.28,617,162276,2320545.0
2023-06-22,2023-06-22,TRIOMERC,X,0.6,0.63,0.6,0.6,0.62,48,144409,87063.0
2023-06-22,2023-06-22,CIGNITITEC,B,894.95,894.95,851.15,855.9,872.6,732,8120,7019892.0
2023-06-22,2023-06-22,CDG,X,15.4,15.4,15.4,15.4,15.45,2,37,569.0
2023-06-22,2023-06-22,CARERATING,B,692.75,722.1,684.95,689.85,692.75,1172,17653,12529739.0
2023-06-22,2023-06-22,PCJEWELLER,B,27.12,27.25,26.85,26.92,27.11,1331,137978,3724504.0
2023-06-22,2023-06-22,INDUSTOWER,A,166.05,169.65,164.7,165.15,166.95,3647,234217,39283156.0
2023-06-22,2023-06-22,VMART,A,2098.35,2135.0,2096.75,2118.05,2094.5,493,2922,6173230.0
2023-06-22,2023-06-22,NIBE,XT,346.9,346.9,322.0,337.85,334.35,128,7970,2678013.0
2023-06-22,2023-06-22,MUKTA,X,2.97,3.44,2.82,2.98,2.97,45,16598,47707.0
2023-06-22,2023-06-22,MYSTICELE,XT,3.58,3.58,3.28,3.43,3.41,46,22696,81097.0
2023-06-22,2023-06-22,COMFINCAP,XT,7.44,7.45,7.2,7.25,7.44,132,41223,300984.0
2023-06-22,2023-06-22,SBISENSEX,A,678.02,685.0,678.02,679.36,682.88,155,3190,2173821.0
2023-06-22,2023-06-22,REPCOHOME,B,311.2,316.4,302.65,312.05,312.8,793,13252,4138842.0
2023-06-22,2023-06-22,GCMSECU,B,2.24,2.24,2.01,2.05,2.24,124,155933,327507.0
2023-06-22,2023-06-22,NIBL,T,23.09,24.9,23.09,23.19,24.3,48,30092,698615.0
2023-06-22,2023-06-22,KIFS,XT,188.7,188.7,188.7,188.7,198.63,14,711,134165.0
2023-06-22,2023-06-22,SREEL,B,196.0,196.0,193.9,194.6,195.95,60,1240,241725.0
2023-06-22,2023-06-22,SHARDAMOTR,B,814.95,814.95,791.65,795.5,807.1,378,3231,2576835.0
2023-06-22,2023-06-22,BINNYMILLS,XT,124.0,125.0,124.0,125.0,130.0,5,108,13399.0
2023-06-22,2023-06-22,SVGLOBAL,XT,61.49,62.83,61.49,62.83,62.83,16,10866,669612.0
2023-06-22,2023-06-22,JUSTDIAL,A,774.95,778.2,751.5,755.4,774.55,1297,17064,12976952.0
2023-06-22,2023-06-22,OONE,X,15.8,15.9,15.01,15.57,15.16,67,9309,145001.0
2023-06-22,2023-06-22,IFINSEC,XT,36.15,36.15,34.25,36.1,34.43,4,103,3716.0
2023-06-22,2023-06-22,BRAHMINFRA,X,40.35,42.0,40.0,40.34,40.96,74,38434,1557424.0
2023-06-22,2023-06-22,AMPVOLTS,XT,57.1,62.4,56.96,59.0,59.95,53,2825,167124.0
2023-06-22,2023-06-22,KHOOBSURAT,X,1.24,1.27,1.24,1.24,1.26,322,187071,234192.0
2023-06-22,2023-06-22,ORIENTCEM,A,135.6,136.85,130.65,132.5,133.8,1602,67052,8991683.0
2023-06-22,2023-06-22,ABFRL,A,212.2,216.95,208.6,209.55,212.2,4729,370601,79077755.0
2023-06-22,2023-06-22,SAMMAANCAP,A,118.0,119.8,114.2,114.65,117.1,12484,1953144,227163539.0
2023-06-22,2023-06-22,ESSENTIA,T,5.87,6.0,5.75,5.88,5.89,113,57569,337754.0
2023-06-22,2023-06-22,TIGERLOGS,X,361.0,366.85,360.1,360.65,358.3,106,3618,1315185.0
2023-06-22,2023-06-22,JKAGRI,X,469.0,475.0,445.0,449.0,469.95,78,1392,632208.0
2023-06-22,2023-06-22,FLFL,Z,4.75,4.94,4.75,4.85,4.89,41,18187,87303.0
2023-06-22,2023-06-22,NOVELIX,X,8.63,9.52,8.63,9.52,9.08,2,7,63.0
2023-06-22,2023-06-22,PVVINFRA,X,13.5,14.87,13.35,14.07,14.25,44,8314,113816.0
2023-06-22,2023-06-22,VCU,XT,6.11,6.28,5.9,6.07,5.99,182,54374,333123.0
2023-06-22,2023-06-22,INDRENEW,X,13.11,14.2,13.11,13.42,13.78,61,5300,70668.0
2023-06-22,2023-06-22,JPOLYINVST,B,611.05,614.25,597.2,598.9,608.6,82,563,340620.0
2023-06-22,2023-06-22,INTELSOFT,X,11.87,12.5,11.86,11.93,12.16,94,20560,248695.0
2023-06-22,2023-06-22,MOM100,B,37.78,37.98,37.31,37.41,37.78,290,23497,882966.0
2023-06-22,2023-06-22,CPL,X,20.79,20.79,19.9,20.11,20.21,233,61158,1231713.0
2023-06-22,2023-06-22,NIFTYIETF,B,205.86,206.13,204.86,205.11,205.86,282,10269,2111816.0
2023-06-22,2023-06-22,NIF100IETF,B,206.0,206.5,204.81,205.34,206.2,43,344,70755.0
2023-06-22,2023-06-22,ARNOLD,X,26.45,26.45,24.5,24.6,24.5,60,12486,310739.0
2023-06-22,2023-06-22,SUNLOC,X,60.49,60.49,54.05,57.68,57.39,46,3386,196334.0
2023-06-22,2023-06-22,JTLDEFENCE,XT,3.56,3.61,3.55,3.61,3.7,6,3003,10775.0
2023-06-22,2023-06-22,SUYOG,X,370.0,381.8,366.0,371.0,369.4,182,14599,5494474.0
2023-06-22,2023-06-22,NATHBIOGEN,B,192.05,192.05,185.9,186.3,189.2,92,1866,349861.0
2023-06-22,2023-06-22,AGRITECH,B,107.4,108.6,104.75,104.95,107.35,151,4003,426896.0
2023-06-22,2023-06-22,KETOMOTORS,XT,15.45,15.45,14.0,14.99,14.73,12,1553,22144.0
2023-06-22,2023-06-22,NIF100BEES,B,195.5,197.0,194.1,195.68,196.05,106,1286,251340.0
2023-06-22,2023-06-22,VIAANINDUS,Z,0.62,0.63,0.6,0.62,0.61,34,30193,18401.0
2023-06-22,2023-06-22,DENISCHEM,X,94.8,94.88,86.1,87.01,92.1,250,25204,2244442.0
2023-06-22,2023-06-22,POLYMAC,M,31.5,32.0,31.5,31.94,31.54,41,87200,2774128.0
2023-06-22,2023-06-22,UNISHIRE,M,1.84,1.84,1.84,1.84,1.77,1,10000,18400.0
2023-06-22,2023-06-22,LADDU,X,36.75,37.3,35.37,35.55,37.23,496,54660,1948741.0
2023-06-22,2023-06-22,NIFTY1,B,201.9,202.39,200.82,200.82,201.42,52,1021,205906.0
2023-06-22,2023-06-22,HANSUGAR,X,5.44,5.44,5.31,5.34,5.31,105,21919,118185.0
2023-06-22,2023-06-22,KIRANVYPAR,X,144.6,146.45,142.55,145.95,144.5,67,8640,1252985.0
2023-06-22,2023-06-22,BCP,B,4.05,4.05,3.96,3.97,3.97,225,75963,304127.0
2023-06-22,2023-06-22,RACE,B,273.05,273.2,265.0,266.7,272.3,99,1648,444564.0
2023-06-22,2023-06-22,MANGIND,X,2.7,2.78,2.61,2.77,2.75,765,1172237,3217629.0
2023-06-22,2023-06-22,VIJIFIN,B,1.56,1.84,1.56,1.8,1.84,106,29000,52493.0
2023-06-22,2023-06-22,HBGHOTELS,X,55.0,55.0,55.0,55.0,56.74,2,200,11000.0
2023-06-22,2023-06-22,RAUNAQ,XT,22.55,23.7,22.55,23.7,23.73,4,136,3067.0
2023-06-22,2023-06-22,INFRONICS,X,31.05,33.82,30.64,30.64,32.25,53,6671,204883.0
2023-06-22,2023-06-22,CPSEETF,A,44.04,44.23,43.57,43.65,44.04,562,78634,3460645.0
2023-06-22,2023-06-22,HARIAAPL,XT,4.08,4.26,4.08,4.26,4.07,17,5513,22646.0
2023-06-22,2023-06-22,RNBDENIMS,T,29.1,29.1,28.0,28.3,28.1,35,10458,294688.0
2023-06-22,2023-06-22,GOLDLINE,Z,0.54,0.57,0.54,0.54,0.55,658,524418,288285.0
2023-06-22,2023-06-22,SHARPINV,X,0.92,0.94,0.92,0.92,0.92,592,528968,491580.0
2023-06-22,2023-06-22,WONDERLA,B,569.95,574.95,557.0,563.0,569.7,678,10255,5759346.0
2023-06-22,2023-06-22,GCMCAPI,M,3.51,3.51,3.2,3.4,3.51,14,30000,97880.0
2023-06-22,2023-06-22,AFEL,XT,9.52,9.52,9.52,9.52,10.02,135,39417,375249.0
2023-06-22,2023-06-22,INCREDIBLE,B,25.25,26.75,24.5,24.8,25.75,46,2932,74206.0
2023-06-22,2023-06-22,NAM,XT,61.4,63.15,61.4,63.15,60.15,7,964,59268.0
2023-06-22,2023-06-22,METSL,X,62.6,63.99,62.56,63.98,63.63,12,374,23627.0
2023-06-22,2023-06-22,SPS,T,101.5,101.5,101.45,101.45,101.5,2,2,202.0
2023-06-22,2023-06-22,MONEYBOXX,B,163.1,163.1,157.0,158.65,159.9,62,7738,1241120.0
2023-06-22,2023-06-22,TPROJECT,X,2.08,2.27,2.08,2.11,2.17,13,3104,6696.0
2023-06-22,2023-06-22,CTL,X,23.9,23.9,22.6,22.94,22.95,31,3174,72630.0
2023-06-22,2023-06-22,TARINI,M,6.81,6.81,6.6,6.6,6.81,3,9000,60660.0
2023-06-22,2023-06-22,YAANENT,X,22.2,24.5,22.2,24.5,22.2,3,498,11057.0
2023-06-22,2023-06-22,ANVRDHI,X,12.92,12.92,12.92,12.92,12.31,24,226142,2921754.0
2023-06-22,2023-06-22,RAAMA,X,0.75,0.81,0.75,0.8,0.78,44,29258,23538.0
2023-06-22,2023-06-22,GOLDCOINHF,X,6.66,6.97,6.66,6.66,6.66,9,2519,17210.0
2023-06-22,2023-06-22,BRPL,B,68.5,69.68,67.02,68.45,67.93,106,7370,503443.0
2023-06-22,2023-06-22,ARMAN,XT,95.53,95.53,95.53,95.53,95.53,1,4,382.0
2023-06-22,2023-06-22,SKIPPER,B,169.95,171.1,164.25,166.65,169.0,1739,52866,8817601.0
2023-06-22,2023-06-22,JAMESWARREN,X,241.55,245.0,241.55,242.2,244.0,17,1494,361877.0
2023-06-22,2023-06-22,VISTARAMAR,X,315.9,316.0,302.0,304.7,306.5,292,13021,4014278.0
2023-06-22,2023-06-22,GULFOILLUB,B,460.0,466.0,454.85,456.4,459.4,215,3254,1501591.0
2023-06-22,2023-06-22,FRUTION,XT,35.08,38.45,35.08,38.45,36.92,8,495,17367.0
2023-06-22,2023-06-22,TRIVENIENT,X,2.84,2.84,2.71,2.78,2.78,264,108424,300960.0
2023-06-22,2023-06-22,CEMAINFRA,X,2.76,2.76,2.5,2.76,2.63,7,832,2139.0
2023-06-22,2023-06-22,TTIENT,X,12.17,12.5,12.1,12.12,12.17,47,6196,75568.0
2023-06-22,2023-06-22,VISHAL,B,17.52,17.99,17.5,17.62,18.02,357,57769,1020498.0
2023-06-22,2023-06-22,TOYAMSL,X,12.85,12.85,12.21,12.21,12.85,438,739980,9083500.0
2023-06-22,2023-06-22,GAJANANSEC,XT,50.0,50.0,48.89,48.89,51.46,7,62,3072.0
2023-06-22,2023-06-22,UNISON,X,23.85,23.99,23.35,23.41,23.67,71,13306,315307.0
2023-06-22,2023-06-22,RTFL,Z,21.58,21.88,19.9,20.02,20.94,24,8927,180789.0
2023-06-22,2023-06-22,VRL,X,157.7,160.0,155.55,156.1,155.85,41,2379,372187.0
2023-06-22,2023-06-22,SNOWMAN,B,44.04,44.8,42.95,43.99,44.05,236,37737,1659028.0
2023-06-22,2023-06-22,QGO,X,51.0,51.0,48.0,48.83,49.77,28,2488,120712.0
2023-06-22,2023-06-22,SHARDACROP,A,539.5,549.5,535.0,539.7,538.5,948,17595,9580567.0
2023-06-22,2023-06-22,MIIL,T,143.0,143.0,140.0,141.95,141.0,84,7458,1058346.0
2023-06-22,2023-06-22,CITYONLINE,Z,3.99,3.99,3.99,3.99,3.8,2,164,654.0
2023-06-22,2023-06-22,SENSEXBEES,A,707.0,707.98,698.01,702.81,701.68,82,638,449079.0
2023-06-22,2023-06-22,SHEMAROO,B,181.55,182.55,172.05,175.65,183.2,1099,24714,4382705.0
2023-06-22,2023-06-22,ULTRACAB,X,15.39,15.39,14.9,15.03,15.02,359,131227,1975165.0
2023-06-22,2023-06-22,RCCL,X,39.94,42.0,36.43,39.32,39.16,57,6662,266117.0
2023-06-22,2023-06-22,ETIL,X,7.73,8.32,7.73,7.75,7.98,33,7606,59330.0
2023-06-22,2023-06-22,ATISHAY,X,35.88,35.88,34.5,34.61,35.28,40,2104,73414.0
2023-06-22,2023-06-22,SANGAMFIN,X,66.0,70.3,65.77,69.57,67.45,13,185,12277.0
2023-06-22,2023-06-22,DHABRIYA,X,189.25,189.25,177.0,183.35,178.75,108,23258,4258432.0
2023-06-22,2023-06-22,PDSL,B,351.15,357.5,343.55,346.6,351.0,282,3779,1314019.0
2023-06-22,2023-06-22,HANMAN,M,1.89,2.2,1.88,2.2,2.08,7,29400,56658.0
2023-06-22,2023-06-22,VGCL,X,54.98,54.98,51.5,53.0,53.99,7,101,5438.0
2023-06-22,2023-06-22,STARLIT,XT,4.7,4.7,4.37,4.5,4.59,60,35150,157750.0
2023-06-22,2023-06-22,CEINSYS,X,206.95,206.95,195.4,197.5,204.35,434,49862,9960159.0
2023-06-22,2023-06-22,CRANEINFRA,X,14.11,14.44,13.35,14.0,13.92,11,297,4065.0
2023-06-22,2023-06-22,NIYOGIN,XT,43.2,45.4,43.01,44.51,45.09,53,21808,966132.0
2023-06-22,2023-06-22,KALYANCAP,X,20.6,20.6,19.41,20.38,19.82,154,66130,1323004.0
2023-06-22,2023-06-22,CITIZEN,XT,26.41,26.41,26.41,26.41,26.41,3,156,4119.0
2023-06-22,2023-06-22,GBFL,X,6.68,6.68,6.35,6.37,6.57,54,6816,43884.0
2023-06-22,2023-06-22,GILADAFINS,X,11.1,12.0,10.95,11.23,11.33,71,15985,176876.0
2023-06-22,2023-06-22,SAPPL,X,256.0,256.05,251.5,253.8,253.6,10,345,87776.0
2023-06-22,2023-06-22,AANCHALISP,X,14.41,15.25,13.1,15.07,14.13,340,233317,3371951.0
2023-06-22,2023-06-22,CAPPIPES,B,28.8,29.75,27.4,27.49,28.75,129,24419,683590.0
2023-06-22,2023-06-22,JMJFIN,X,18.09,18.09,14.85,15.5,16.5,32,7764,122407.0
2023-06-22,2023-06-22,INTELLECT,A,620.0,620.05,597.7,598.75,618.8,2524,45099,27285198.0
2023-06-22,2023-06-22,MONTECARLO,B,811.85,818.65,806.5,808.3,809.7,1581,18620,15083382.0
2023-06-22,2023-06-22,JSTL,X,45.51,45.99,44.25,45.3,45.19,54,6759,304224.0
2023-06-22,2023-06-22,ICL,XT,35.01,36.0,34.11,34.11,35.9,19,3141,107290.0
2023-06-22,2023-06-22,SCC,X,3.8,3.8,3.8,3.8,3.85,6,2213,8409.0
2023-06-22,2023-06-22,PANAFIC,X,1.05,1.07,1.03,1.04,1.05,225,86775,90830.0
2023-06-22,2023-06-22,CSL,X,7.9,8.59,7.6,8.19,8.2,73,22221,182889.0
2023-06-22,2023-06-22,NEXUSSURGL,X,10.0,10.52,10.0,10.25,10.15,21,1464,15325.0
2023-06-22,2023-06-22,SELLWIN,X,13.69,13.69,12.45,12.9,12.98,129,96731,1288469.0
2023-06-22,2023-06-22,GALADAFIN,X,11.5,11.84,10.72,11.72,11.28,18,1432,16032.0
2023-06-22,2023-06-22,EMERALD,X,23.37,23.9,22.8,22.92,23.9,144,17882,414440.0
2023-06-22,2023-06-22,MKEXIM,X,99.25,99.99,93.3,95.12,98.17,545,60428,5837776.0
2023-06-22,2023-06-22,MCLOUD,B,253.75,260.0,248.5,254.95,253.75,3848,445510,114180390.0
2023-06-22,2023-06-22,OCTAL,X,19.55,19.9,19.55,19.9,19.5,2,11,215.0
2023-06-22,2023-06-22,MIHIKA,XT,25.62,26.94,25.62,25.63,26.96,4,736,18857.0
2023-06-22,2023-06-22,KANCHI,X,455.5,460.0,445.0,452.3,455.0,134,2324,1052553.0
2023-06-22,2023-06-22,DTIL,B,211.0,211.0,206.8,206.8,207.3,26,195,40604.0
2023-06-22,2023-06-22,VANICOM,XT,12.5,13.44,12.25,12.9,12.8,71,65950,834826.0
2023-06-22,2023-06-22,VINCOFE,XT,21.0,21.0,19.9,20.11,20.9,422,94695,1936695.0
2023-06-22,2023-06-22,COSYN,XT,36.24,36.95,35.0,36.29,35.31,106,12710,460834.0
2023-06-22,2023-06-22,SOFCOM,XT,56.7,56.7,51.32,53.9,54.02,107,79810,4161086.0
2023-06-22,2023-06-22,NAPL,XT,126.35,126.35,126.35,126.35,133.0,6,798,100827.0
2023-06-22,2023-06-22,KARNAVATI,XT,5.97,5.97,5.67,5.77,5.91,91,20629,118985.0
2023-06-22,2023-06-22,MERCANTILE,X,18.5,19.5,18.41,19.01,18.54,31,2141,39909.0
2023-06-22,2023-06-22,SONAL,X,82.0,82.0,75.0,80.93,81.32,36,906,72515.0
2023-06-22,2023-06-22,GENUSPAPER,B,14.26,14.81,14.26,14.46,14.75,144,4096,59376.0
2023-06-22,2023-06-22,MINDACORP,A,290.9,296.25,284.2,285.25,290.9,646,53619,15367496.0
2023-06-22,2023-06-22,MERCURYLAB,X,840.0,840.0,802.6,827.0,821.2,4,25,20239.0
2023-06-22,2023-06-22,CONCORD,X,27.57,28.0,27.57,27.72,27.57,41,4100,114258.0
2023-06-22,2023-06-22,WARDINMOBI,A,49.25,49.45,48.55,48.75,49.79,2337,229012,11218055.0
2023-06-22,2023-06-22,GREENLAM,B,418.65,459.7,418.65,450.3,445.65,616,6597,2992647.0
2023-06-22,2023-06-22,TALBROSENG,X,540.0,553.7,530.1,534.5,539.2,179,3193,1731308.0
2023-06-22,2023-06-22,SAPL,X,910.25,939.95,910.25,939.95,942.0,4,11,10280.0
2023-06-22,2023-06-22,PTCIL,A,4581.9,4641.4,4343.8,4530.7,4455.35,2169,7901,35635469.0
2023-06-22,2023-06-22,CHENFERRO,X,117.75,117.75,114.6,115.45,116.4,123,4689,541014.0
2023-06-22,2023-06-22,MEGRISOFT,X,118.45,118.45,101.0,101.8,109.0,43,777,80704.0
2023-06-22,2023-06-22,GITARENEW,X,82.0,97.03,78.5,97.03,80.86,882,76283,6942491.0
2023-06-22,2023-06-22,ORTEL,Z,1.1,1.1,1.0,1.0,1.05,1055,117432,117435.0
2023-06-22,2023-06-22,NEIL,X,8.92,9.05,8.92,9.05,8.92,7,581,5182.0
2023-06-22,2023-06-22,STARHFL,X,46.99,46.99,45.65,46.22,46.17,257,177806,8195420.0
2023-06-22,2023-06-22,BEEKAY,X,437.9,437.9,426.0,427.1,433.75,78,880,378515.0
2023-06-22,2023-06-22,SSPNFIN,M,7.17,7.64,7.17,7.64,7.54,3,64000,460760.0
2023-06-22,2023-06-22,SETFBSE100,A,239.9,239.9,205.1,206.1,207.73,27,565,116374.0
2023-06-22,2023-06-22,FRASER,X,6.5,6.79,6.35,6.4,6.6,43,5635,36721.0
2023-06-22,2023-06-22,TIRUPATIIN,XT,44.5,46.25,42.0,44.65,44.21,170,16624,751675.0
2023-06-22,2023-06-22,GANVERSE,M,96.01,99.0,94.2,95.76,99.0,29,75000,7280800.0
2023-06-22,2023-06-22,AGIIL,X,550.0,550.0,533.0,536.65,538.85,50,4584,2484968.0
2023-06-22,2023-06-22,BKMINDST,Z,0.88,0.89,0.84,0.87,0.85,23,18533,16141.0
2023-06-22,2023-06-22,MANAKSTEEL,B,39.05,42.7,39.0,41.35,38.7,201,18398,760861.0
2023-06-22,2023-06-22,MANAKALUCO,B,22.7,22.87,21.62,21.64,22.46,214,8274,185226.0
2023-06-22,2023-06-22,MANAKCOAT,B,17.86,18.0,17.25,17.35,17.8,177,16089,280697.0
2023-06-22,2023-06-22,IMAGICAA,B,50.33,50.41,48.45,48.89,50.14,1495,211331,10407272.0
2023-06-22,2023-06-22,INOXWIND,B,159.25,160.25,150.2,152.05,159.55,2649,168669,26030170.0
2023-06-22,2023-06-22,AANANDALAK,X,8.64,8.64,8.64,8.64,8.23,10,1008,8709.0
2023-06-22,2023-06-22,URSUGAR,B,14.55,14.6,14.02,14.08,14.7,88,24399,349046.0
2023-06-22,2023-06-22,FILTRA,M,36.0,36.0,36.0,36.0,35.0,1,3000,108000.0
2023-06-22,2023-06-22,SHESHAINDS,X,17.4,17.4,17.34,17.34,17.4,11,2740,47549.0
2023-06-22,2023-06-22,SAB,X,89.66,89.66,84.3,89.28,89.66,14,2490,215547.0
2023-06-22,2023-06-22,PML,X,1340.0,1550.0,1329.0,1486.95,1330.75,535,5762,8471237.0
2023-06-22,2023-06-22,SUJALA,X,15.91,15.91,15.91,15.91,15.91,5,1134,18041.0
2023-06-22,2023-06-22,VRLLOG,A,697.15,707.4,694.55,699.2,702.3,552,5518,3867073.0
2023-06-22,2023-06-22,PALCO,X,62.8,62.86,58.65,60.71,58.04,50,3279,201455.0
2023-06-22,2023-06-22,BODHTREE,XT,7.29,7.29,7.0,7.0,7.17,30,6075,43132.0
2023-06-22,2023-06-22,VBIND,X,4.0,4.41,4.0,4.41,4.2,10,2112,8595.0
2023-06-22,2023-06-22,SARVOTTAM,XT,30.25,32.4,30.03,31.45,31.12,65,24885,771646.0
2023-06-22,2023-06-22,MEP,B,13.5,13.53,12.98,13.14,13.54,209,47450,624861.0
2023-06-22,2023-06-22,WARDWIZFBL,X,39.5,39.5,36.5,38.16,38.02,152,16920,640323.0
2023-06-22,2023-06-22,UFO,B,79.33,79.61,76.54,77.09,78.94,294,15211,1194504.0
2023-06-22,2023-06-22,PANTH,XT,8.0,8.0,7.7,7.88,7.94,190,59014,458330.0
2023-06-22,2023-06-22,SHIVALIK,B,781.6,783.8,769.4,771.35,779.0,214,1794,1390844.0
2023-06-22,2023-06-22,ICSL,X,3.87,3.87,3.6,3.74,3.84,32,7039,26045.0
2023-06-22,2023-06-22,PNCINFRA,A,331.0,338.05,330.6,332.8,329.8,1591,688493,228668828.0
2023-06-22,2023-06-22,ARFIN,X,31.0,31.0,30.32,30.56,31.11,137,162756,5013692.0
2023-06-22,2023-06-22,HELPAGE,X,11.5,11.5,11.5,11.5,11.5,1,6,69.0
2023-06-22,2023-06-22,STARBEAM,X,3.76,3.76,3.76,3.76,3.84,3,51,191.0
2023-06-22,2023-06-22,HAWAENG,XT,114.35,119.95,114.35,117.9,120.35,34,2351,269737.0
2023-06-22,2023-06-22,AIIL,B,338.5,342.8,321.6,326.5,340.3,574,21874,7272238.0
2023-06-22,2023-06-22,POEL,X,189.0,189.0,178.0,180.0,185.25,246,21921,3963774.0
2023-06-22,2023-06-22,AEL,X,67.55,69.84,66.6,68.05,67.72,127,11798,805977.0
2023-06-22,2023-06-22,SGFIN,T,575.0,600.05,558.0,579.65,578.5,683,105078,61383765.0
2023-06-22,2023-06-22,SATIA,B,118.0,123.1,114.75,115.7,115.95,1491,85855,10197799.0
2023-06-22,2023-06-22,GARMNTMNTR,B,5.17,5.17,4.86,5.08,5.06,87,14769,74358.0
2023-06-22,2023-06-22,SRESTHA,X,1.22,1.27,1.19,1.26,1.26,130,396286,490092.0
2023-06-22,2023-06-22,SAUMYA,X,77.0,78.75,77.0,78.75,78.44,2,10,778.0
2023-06-22,2023-06-22,MUL,X,4.8,5.03,4.8,5.03,4.58,147,281158,1409149.0
2023-06-22,2023-06-22,MISHKA,XT,72.11,72.11,69.91,69.91,73.58,2,21,1512.0
2023-06-22,2023-06-22,SPORTKING,A,829.8,841.35,804.2,813.7,826.25,186,1261,1040300.0
2023-06-22,2023-06-22,GROWINGTON,M,151.1,151.1,150.4,151.0,149.6,16,24800,3739530.0
2023-06-22,2023-06-22,RUDRA,X,83.4,85.49,81.72,81.99,82.68,96,8899,736040.0
2023-06-22,2023-06-22,LOYAL,T,109.0,112.9,105.0,107.75,108.65,257,22986,2454840.0
2023-06-22,2023-06-22,BALKRISHNA,B,27.24,27.31,26.41,26.41,26.8,37,3954,105971.0
2023-06-22,2023-06-22,SHYAMCENT,B,19.25,19.9,18.7,19.2,19.42,306,93762,1802898.0
2023-06-22,2023-06-22,ADANIENSOL,A,810.05,817.05,803.15,804.85,806.8,6333,141558,114637395.0
2023-06-22,2023-06-22,STARDELTA,XT,262.0,262.0,251.3,260.0,255.15,8,94,23961.0
2023-06-22,2023-06-22,SAMSRITA,X,18.98,18.98,17.75,18.01,18.32,16,1560,27943.0
2023-06-22,2023-06-22,SYNGENE,A,740.15,745.0,726.85,728.2,745.0,704,6832,5006972.0
2023-06-22,2023-06-22,PECOS,M,76.0,76.0,76.0,76.0,76.76,1,1000,76000.0
2023-06-22,2023-06-22,MSL,T,223.9,223.9,210.5,216.85,216.7,72,1778,383046.0
2023-06-22,2023-06-22,KAYA,B,346.95,353.9,340.0,342.55,346.95,158,2065,715966.0
2023-06-22,2023-06-22,ALSTONE,XT,0.62,0.63,0.61,0.61,0.62,2023,4570678,2818759.0
2023-06-22,2023-06-22,SYMBIOX,XT,3.57,3.57,3.47,3.51,3.55,170,69760,245667.0
2023-06-22,2023-06-22,ORTINGLOBE,T,24.2,24.2,22.76,22.98,23.3,14,892,20730.0
2023-06-22,2023-06-22,AVI,XT,15.4,15.4,14.45,14.7,15.15,47,6782,102509.0
2023-06-22,2023-06-22,AURUM,B,125.85,126.75,121.4,124.95,125.15,420,14475,1789975.0
2023-06-22,2023-06-22,OSWALGREEN,B,21.89,21.94,21.6,21.61,21.84,82,9583,208055.0
2023-06-22,2023-06-22,VASUDHAGAM,XT,6.17,6.8,6.17,6.8,6.49,17,14403,88884.0
2023-06-22,2023-06-22,SUNRAKSHAK,X,104.08,107.43,104.08,106.77,104.08,92,8275,877313.0
2023-06-22,2023-06-22,ARVSMART,B,342.4,350.75,335.6,338.05,348.2,388,9775,3324083.0
2023-06-22,2023-06-22,POWERMECH,B,3434.95,3434.95,3252.0,3273.25,3392.85,1130,6714,22302257.0
2023-06-22,2023-06-22,CANOPYFIN,XT,71.4,71.4,67.25,67.61,70.34,25,1410,98586.0
2023-06-22,2023-06-22,RAMASTEEL,B,37.85,39.05,36.76,38.19,37.99,1796,450110,17124321.0
2023-06-22,2023-06-22,THINKINK,B,103.1,103.65,102.1,102.85,103.0,362,355738,36642309.0
2023-06-22,2023-06-22,SENSEXBETA,A,679.0,704.83,672.0,682.07,677.9,27,110,74963.0
2023-06-22,2023-06-22,NIFTYBETA,B,2015.0,2017.0,2011.0,2015.0,2015.0,4,4,8058.0
2023-06-22,2023-06-22,UNIAUTO,B,141.3,141.3,135.0,135.8,138.85,38,827,112852.0
2023-06-22,2023-06-22,VETO,B,100.7,101.0,99.1,99.25,98.97,42,2815,281433.0
2023-06-22,2023-06-22,NAVKARCORP,B,55.22,55.36,53.7,53.78,54.99,302,38479,2088979.0
2023-06-22,2023-06-22,SHREEPUSHK,B,189.15,194.9,189.15,191.4,189.2,275,5382,1035379.0
2023-06-22,2023-06-22,GUJENERGY,A,471.6,476.1,467.9,468.95,472.9,1988,433154,204524705.0
2023-06-22,2023-06-22,WAAREE,M,359.35,364.35,357.0,360.0,359.45,17,11900,4292330.0
2023-06-22,2023-06-22,SADBHIN,T,4.25,4.25,4.03,4.1,4.24,68,22371,91340.0
2023-06-22,2023-06-22,SALAUTO,XT,468.85,468.85,431.0,448.95,446.6,54,1463,660901.0
2023-06-22,2023-06-22,POLYSPIN,X,54.6,55.0,52.5,54.9,54.56,13,1349,72674.0
2023-06-22,2023-06-22,PRITIKAUTO,B,16.5,16.77,16.21,16.56,16.5,112,21894,361671.0
2023-06-22,2023-06-22,SML,XT,20.18,20.18,20.18,20.18,19.22,3,12,242.0
2023-06-22,2023-06-22,MAHAVEER,Z,7.65,7.65,7.65,7.65,7.5,3,14,107.0
2023-06-22,2023-06-22,KRISHNACAP,XT,16.7,17.35,16.7,17.35,17.57,3,601,10101.0
2023-06-22,2023-06-22,ACME,Z,28.36,28.36,26.01,28.36,27.01,79,20794,588022.0
2023-06-22,2023-06-22,VISHALBL,B,116.45,116.45,111.1,112.1,114.2,324,6692,756627.0
2023-06-22,2023-06-22,BELLACASA,X,131.9,134.8,127.1,131.0,127.95,25,1403,184337.0
2023-06-22,2023-06-22,MALLCOM,B,915.75,921.8,906.85,918.95,914.9,98,1990,1828156.0
2023-06-22,2023-06-22,NAKSH,B,16.4,16.49,16.0,16.12,17.08,71,7816,126645.0
2023-06-22,2023-06-22,SATIN,B,182.15,182.65,175.45,176.8,183.0,1546,89779,16071083.0
2023-06-22,2023-06-22,DITCO,XT,17.73,17.73,17.73,17.73,17.74,1,1,17.0
2023-06-22,2023-06-22,SWAGTAM,X,47.56,47.56,47.56,47.56,45.3,5,50100,2382756.0
2023-06-22,2023-06-22,GENCON,B,61.92,65.13,59.82,60.91,61.24,486,46230,2898367.0
2023-06-22,2023-06-22,KUBERJI,X,1.21,1.21,1.21,1.21,1.16,3,12801,15489.0
2023-06-22,2023-06-22,NEERAJ,XT,14.4,14.4,14.4,14.4,14.69,3,16,230.0
2023-06-22,2023-06-22,MUZALI,X,1.76,1.88,1.72,1.8,1.75,41,33043,59660.0
2023-06-22,2023-06-22,TEJNAKSH,B,65.35,69.45,65.35,67.01,66.28,37,2295,153216.0
2023-06-22,2023-06-22,COFFEEDAY,A,38.02,38.75,37.3,37.64,38.22,1015,243847,9260898.0
2023-06-22,2023-06-22,IDFCFIRSTB,A,82.16,82.16,77.33,77.65,82.17,12139,4694327,370480800.0
2023-06-22,2023-06-22,BEARDSELL,T,28.71,28.92,27.5,28.03,28.71,77,30761,855242.0
2023-06-22,2023-06-22,INDIGO,A,2472.05,2482.9,2456.85,2477.95,2470.5,2045,16953,41923735.0
2023-06-22,2023-06-22,SHK,B,117.6,120.7,116.85,118.45,117.1,966,19377,2297706.0
2023-06-22,2023-06-22,PANORAMA,XT,243.3,255.45,243.2,255.45,243.3,50,3753,948719.0
2023-06-22,2023-06-22,SHREEGANES,X,1.13,1.13,1.09,1.1,1.12,1186,1265248,1396284.0
2023-06-22,2023-06-22,GTV,X,357.0,366.9,325.1,339.55,343.65,322,11937,4203334.0
2023-06-22,2023-06-22,LICNETFN50,B,200.5,205.0,200.5,204.25,203.88,15,26,5291.0
2023-06-22,2023-06-22,LICNETFSEN,A,679.9,694.74,679.9,694.74,688.5,3,21,14556.0
2023-06-22,2023-06-22,GARBIFIN,XT,27.28,27.28,26.02,27.28,26.04,9,1607,43815.0
2023-06-22,2023-06-22,SMARTFIN,X,7.45,7.59,7.24,7.39,7.39,153,22270,165072.0
2023-06-22,2023-06-22,ADCON,XT,1.62,1.7,1.6,1.67,1.65,145,40392,67609.0
2023-06-22,2023-06-22,QUINT,X,159.45,159.45,152.4,153.7,155.05,94,12213,1885087.0
2023-06-22,2023-06-22,HDFCNIFTY,B,204.6,205.9,204.1,204.18,204.52,85,4469,916858.0
2023-06-22,2023-06-22,HDFCSENSEX,A,692.12,696.69,692.12,693.5,692.18,39,301,209413.0
2023-06-22,2023-06-22,UDAYJEW,X,117.0,122.0,114.0,117.2,112.65,747,77380,9098343.0
2023-06-22,2023-06-22,SATTVASUKU,XT,10.19,10.19,9.32,10.09,9.77,34,11308,106868.0
2023-06-22,2023-06-22,GROVY,XT,83.45,83.45,83.45,83.45,83.12,1,475,39638.0
2023-06-22,2023-06-22,ALKEM,A,3397.9,3397.9,3333.25,3346.5,3381.85,634,2009,6740197.0
2023-06-22,2023-06-22,LALPATHLAB,A,2230.0,2252.0,2174.25,2181.35,2229.35,1475,14128,31403995.0
2023-06-22,2023-06-22,SCTL,T,0.75,0.75,0.75,0.75,0.72,56,88382,66286.0
2023-06-22,2023-06-22,CREATIVE,X,538.7,559.95,502.0,540.0,515.45,67,1024,551303.0
2023-06-22,2023-06-22,AAYUSH,XT,30.39,31.9,28.88,28.88,30.4,13,972,28384.0
2023-06-22,2023-06-22,LUXIND,B,1559.2,1561.65,1521.05,1525.1,1556.85,854,4565,7017528.0
2023-06-22,2023-06-22,ABHIINFRA,X,4.7,4.93,4.7,4.8,4.93,16,2171,10395.0
2023-06-22,2023-06-22,APOORVA,XT,21.45,22.99,21.0,22.9,21.99,14,2037,43121.0
2023-06-22,2023-06-22,AGRIBIO,X,59.0,64.0,59.0,60.12,59.38,163,118292,7140772.0
2023-06-22,2023-06-22,NH,A,1045.0,1054.4,1012.9,1015.2,1050.35,2242,19225,19775452.0
2023-06-22,2023-06-22,DEEPAI,XT,8.8,8.8,8.8,8.8,9.26,843,185672,1633913.0
2023-06-22,2023-06-22,SUPHA,X,3769.95,3818.4,3454.8,3761.6,3636.6,702,6696,25441550.0
2023-06-22,2023-06-22,AARNAV,X,34.2,34.8,34.0,34.35,34.14,229,28123,961971.0
2023-06-22,2023-06-22,SCL,XT,79.55,79.55,75.58,79.5,79.55,6,500,39544.0
2023-06-22,2023-06-22,SIPTL,X,0.95,1.0,0.93,0.93,0.97,280,1205925,1148350.0
2023-06-22,2023-06-22,SHIVA,XT,4.46,4.66,4.25,4.25,4.46,16,1369,5890.0
2023-06-22,2023-06-22,MISHTANN,X,11.53,11.69,10.27,10.63,11.93,19668,16054723,174945475.0
2023-06-22,2023-06-22,DELTA,X,16.09,16.09,15.51,16.09,15.33,32,4328,69207.0
2023-06-22,2023-06-22,AMPL,XT,155.35,155.35,142.75,143.95,150.25,165,11711,1726172.0
2023-06-22,2023-06-22,BLUECLOUDS,XT,59.0,60.99,58.0,60.81,59.54,42,2721,162531.0
2023-06-22,2023-06-22,KEIL,X,21.35,21.95,20.22,20.73,20.74,90,12819,266789.0
2023-06-22,2023-06-22,BCLENTERPR,X,1.23,1.23,1.21,1.21,1.22,635,270706,328633.0
2023-06-22,2023-06-22,PRECAM,B,196.95,196.95,189.35,190.6,195.9,1047,30140,5765625.0
2023-06-22,2023-06-22,TEAMLEASE,A,2421.35,2434.15,2387.35,2419.85,2419.9,580,1960,4737406.0
2023-06-22,2023-06-22,KAMATS,B,65.4,65.4,61.0,64.16,63.78,99,12824,811314.0
2023-06-22,2023-06-22,BESTAGRO,A,1047.15,1057.3,1025.0,1029.5,1047.15,853,5080,5283077.0
2023-06-22,2023-06-22,ACEMEN,XT,70.5,70.5,65.08,65.09,68.5,17,2829,184175.0
2023-06-22,2023-06-22,BFLAFL,X,12.85,12.85,12.4,12.72,12.8,71,12987,164688.0
2023-06-22,2023-06-22,RCL,Z,2.24,2.31,2.2,2.28,2.2,51,15706,35940.0
2023-06-22,2023-06-22,QUICKHEAL,B,161.0,169.5,160.95,164.35,162.7,605,18942,3146263.0
2023-06-22,2023-06-22,KAPILRAJ,X,20.8,20.8,20.8,20.8,19.81,3,106,2204.0
2023-06-22,2023-06-22,KPEL,B,313.2,313.2,291.15,312.75,298.3,6036,712742,218641503.0
2023-06-22,2023-06-22,IFINSER,X,18.17,18.17,16.46,16.46,17.32,5,1170,19292.0
2023-06-22,2023-06-22,HILIKS,X,9.93,9.93,9.93,9.93,9.46,9,2510,24924.0
2023-06-22,2023-06-22,GOKULAGRO,B,107.1,110.35,106.7,108.46,108.0,159,11822,1280822.0
2023-06-22,2023-06-22,FREDUN,X,859.0,859.4,816.0,823.3,837.75,186,4414,3657907.0
2023-06-22,2023-06-22,SIMBHALS,B,26.0,27.56,25.31,26.07,26.0,239,34828,922628.0
2023-06-22,2023-06-22,VKAL,XT,235.9,235.9,235.9,235.9,248.3,9,599,141304.0
2023-06-22,2023-06-22,MNIL,XT,12.5,13.74,12.48,12.57,13.12,43,16628,216612.0
2023-06-22,2023-06-22,ADVIKCA,XT,2.08,2.08,2.04,2.05,2.05,468,607165,1255188.0
2023-06-22,2023-06-22,LICNFNHGP,B,201.0,201.75,200.96,201.33,201.0,5,30,6050.0
2023-06-22,2023-06-22,PDMJEPAPER,B,41.05,42.0,41.05,41.56,41.65,23,735,30566.0
2023-06-22,2023-06-22,HCG,A,308.1,323.05,308.1,320.5,317.5,792,21871,7000350.0
2023-06-22,2023-06-22,UMIYA,B,5.88,5.88,5.88,5.88,5.88,3,1016,5974.0
2023-06-22,2023-06-22,BHARATWIRE,B,179.0,180.0,172.35,174.35,179.1,1138,43553,7663869.0
2023-06-22,2023-06-22,CHDCHEM,B,5.35,5.6,5.35,5.59,5.79,12,696,3776.0
2023-06-22,2023-06-22,CCAVENUE,A,15.69,16.21,15.3,15.59,15.63,2245,1440276,22655616.0
2023-06-22,2023-06-22,LELAVOIR,XT,66.98,67.77,62.0,64.71,64.77,28,3004,194930.0
2023-06-22,2023-06-22,BALGOPAL,X,22.44,22.44,19.36,21.35,21.33,21,2443,51577.0
2023-06-22,2023-06-22,SUPERIOR,X,1.69,1.84,1.65,1.84,1.62,43,85093,142713.0
2023-06-22,2023-06-22,RPEL,B,974.9,1084.0,972.4,1058.55,972.4,3414,67879,70209854.0
2023-06-22,2023-06-22,FRANKLIN,M,9.9,10.1,9.9,10.0,10.0,2,16000,160000.0
2023-06-22,2023-06-22,LANCER,B,124.05,125.65,121.95,122.3,124.75,1996,79793,9831827.0
2023-06-22,2023-06-22,HALDER,X,263.1,279.4,263.1,271.9,269.85,9,116,30713.0
2023-06-22,2023-06-22,THYROCARE,A,532.0,535.9,513.85,521.55,527.35,1231,19299,10123703.0
2023-06-22,2023-06-22,BAJAJHCARE,B,314.1,315.0,312.5,313.1,313.9,216,7636,2388159.0
2023-06-22,2023-06-22,UJJIVAN,A,403.05,403.6,390.0,392.25,406.15,2473,60049,23666776.0
2023-06-22,2023-06-22,RSDFIN,X,81.0,81.0,81.0,81.0,81.0,1,42,3402.0
2023-06-22,2023-06-22,CROMPTON,A,292.95,294.55,285.5,286.2,294.8,3072,225634,65716659.0
2023-06-22,2023-06-22,PILANIINVS,B,1932.85,2001.95,1923.15,1937.95,1916.6,170,1140,2248121.0
2023-06-22,2023-06-22,DARSHANORNA,B,3.01,3.15,3.01,3.05,3.09,86,42710,131152.0
2023-06-22,2023-06-22,PARAGMILK,B,114.1,115.06,110.82,112.25,113.99,670,60547,6792218.0
2023-06-22,2023-06-22,MADHAVIPL,X,6.62,6.83,6.31,6.62,6.42,1835,1781904,11828786.0
2023-06-22,2023-06-22,KOCL,XT,2.34,2.37,2.25,2.3,2.32,23,13403,30833.0
2023-06-22,2023-06-22,NAGAFERT,B,11.02,11.14,10.2,10.33,10.61,1098,1123508,12312016.0
2023-06-22,2023-06-22,SEIL,B,85.65,93.0,78.25,79.99,89.3,335,263995,23386506.0
2023-06-22,2023-06-22,MIL,X,74.97,74.97,70.35,73.89,72.53,17,185,13480.0
2023-06-22,2023-06-22,YASHCHEM,B,85.95,85.95,82.1,83.36,82.8,132,21556,1814919.0
2023-06-22,2023-06-22,MAXVIL,B,203.6,205.0,197.75,201.6,204.9,596,9081,1826073.0
2023-06-22,2023-06-22,NV20IETF,B,106.34,106.99,106.34,106.42,106.77,22,48,5121.0
2023-06-22,2023-06-22,BAZELINTER,XT,35.75,35.75,35.7,35.7,34.12,2,239,8542.0
2023-06-22,2023-06-22,JLL,XT,37.1,37.1,37.1,37.1,37.3,2,17,630.0
2023-06-22,2023-06-22,TAALTECH,X,1840.05,1840.05,1816.8,1830.25,1844.55,211,2009,3660860.0
2023-06-22,2023-06-22,MGL,A,1030.3,1069.3,1030.3,1037.6,1039.3,3115,34911,36831254.0
2023-06-22,2023-06-22,ZEAL,B,6.94,7.02,6.89,6.9,6.94,204,73215,507534.0
2023-06-22,2023-06-22,QUESS,A,430.05,437.6,430.05,433.35,436.35,854,29721,12903938.0
2023-06-22,2023-06-22,DIGJAMLMTD,T,89.0,91.99,88.21,88.68,90.77,29,654,59859.0
2023-06-22,2023-06-22,MIDSELIETF,B,108.15,111.0,108.15,109.5,110.67,76,2934,323340.0
2023-06-22,2023-06-22,HIIL,X,2749.0,2800.0,2614.0,2674.15,2694.65,32,96,257113.0
2023-06-22,2023-06-22,COMSYN,B,69.45,82.1,68.2,74.02,68.42,668,138474,10409272.0
2023-06-22,2023-06-22,LLOYDSENGG,A,25.04,25.5,24.51,24.61,25.08,1402,412356,10268599.0
2023-06-22,2023-06-22,KPL,B,294.8,306.05,294.8,299.2,294.8,343,22055,6676912.0
2023-06-22,2023-06-22,LTM,A,5008.05,5038.15,4970.0,5022.35,5001.8,2279,15695,78565558.0
2023-06-22,2023-06-22,EASTWEST,X,5.15,5.15,4.83,4.89,5.04,80,26287,129354.0
2023-06-22,2023-06-22,BSLSENETFG,A,61.75,61.88,61.75,61.86,61.77,5,12,741.0
2023-06-22,2023-06-22,COLORCHIPS,X,7.28,7.28,7.1,7.18,7.16,222,41735,299831.0
2023-06-22,2023-06-22,ADVENZYMES,A,275.65,275.65,268.95,269.6,271.95,543,8876,2407043.0
2023-06-22,2023-06-22,LAHL,XT,5.86,5.86,5.32,5.54,5.59,125,4633,24696.0
2023-06-22,2023-06-22,PTIL,T,277.85,277.85,270.8,270.8,285.0,4,5,1361.0
2023-06-22,2023-06-22,DBL,A,248.05,251.5,237.05,241.8,247.55,2291,130220,31906967.0
2023-06-22,2023-06-22,SPAL,B,464.75,464.75,446.45,454.1,452.25,281,113078,51617541.0
2023-06-22,2023-06-22,BIGBLOC,B,159.5,162.65,157.3,159.45,159.45,675,23029,3683491.0
2023-06-22,2023-06-22,FRETAIL,Z,2.88,2.88,2.8,2.88,2.75,447,417512,1201072.0
2023-06-22,2023-06-22,RBLBANK,A,171.05,172.5,166.35,167.1,172.0,3250,404367,68176451.0
2023-06-22,2023-06-22,BLS,A,198.35,205.55,198.0,199.7,197.3,2337,165000,33160895.0
2023-06-22,2023-06-22,MITSU,B,187.05,191.3,181.0,182.2,187.05,916,18921,3490824.0
2023-06-22,2023-06-22,SPRAYKING,B,145.85,145.85,138.6,143.2,145.85,268,78659,11010704.0
2023-06-22,2023-06-22,DHATRE,T,104.37,104.96,96.46,104.0,101.53,28,736,75507.0
2023-06-22,2023-06-22,TVVISION,B,2.4,2.46,2.1,2.3,2.25,6,2056,5041.0
2023-06-22,2023-06-22,GAMCO,X,101.9,101.9,91.41,98.79,95.1,43,1457,143898.0
2023-06-22,2023-06-22,TIAANC,X,3.3,3.3,2.91,3.03,3.01,18,3324,10158.0
2023-06-22,2023-06-22,LTTS,A,3990.0,3998.7,3941.0,3984.6,3996.65,1714,8344,33145537.0
2023-06-22,2023-06-22,GNA,B,802.1,832.9,802.1,820.1,811.65,1421,24572,20178672.0
2023-06-22,2023-06-22,RADHIKAJWE,B,38.48,38.48,37.85,38.3,38.17,296,55589,2120629.0
2023-06-22,2023-06-22,SIIL,XT,4.68,4.68,4.68,4.68,4.46,1,25,117.0
2023-06-22,2023-06-22,ICICIPRULI,A,563.35,577.6,559.85,562.65,567.9,4069,78922,44951912.0
2023-06-22,2023-06-22,IISL,X,2.9,3.25,2.9,3.05,2.83,8,9627,29193.0
2023-06-22,2023-06-22,ARCFIN,X,0.65,0.65,0.62,0.63,0.65,1832,1916537,1213905.0
2023-06-22,2023-06-22,HPL,B,127.26,132.5,122.95,131.06,126.94,5223,735467,93848903.0
2023-06-22,2023-06-22,SAGARSOFT,X,146.5,147.2,143.15,144.15,146.25,30,239,34895.0
2023-06-22,2023-06-22,DRA,M,26.0,26.0,26.0,26.0,26.32,2,10000,260000.0
2023-06-22,2023-06-22,VALIANTORG,A,560.55,574.65,558.2,559.95,560.55,420,4499,2545803.0
2023-06-22,2023-06-22,ACML,M,50.86,53.4,50.0,50.0,50.0,19,58000,3005260.0
2023-06-22,2023-06-22,SHASHIJIT,B,34.92,34.98,33.0,34.94,34.09,25,8117,279464.0
2023-06-22,2023-06-22,ENDURANCE,A,1535.1,1610.0,1535.1,1594.4,1569.55,932,5820,9274474.0
2023-06-22,2023-06-22,IDFSENSEXE,A,675.05,675.05,673.4,673.4,674.6,2,2,1348.0
2023-06-22,2023-06-22,PURPLE,X,3.97,4.33,3.97,4.08,4.17,14,2261,9467.0
2023-06-22,2023-06-22,SUPRAPFSL,X,19.79,19.79,18.1,18.99,18.85,23,5703,107649.0
2023-06-22,2023-06-22,PNBHOUSING,A,599.85,615.0,598.55,610.4,602.85,2062,56384,34263864.0
2023-06-22,2023-06-22,SOUTHERNIN,XT,14.75,15.74,14.75,14.81,15.05,9,1010,15536.0
2023-06-22,2023-06-22,REGENCY,X,10.74,10.75,10.05,10.15,10.24,89,30930,327957.0
2023-06-22,2023-06-22,VBL,A,820.65,820.65,800.75,803.85,820.1,8477,106163,85865885.0
2023-06-22,2023-06-22,SALEM,X,39.9,39.9,37.9,37.9,37.51,4,502,19031.0
2023-06-22,2023-06-22,FRANKLININD,X,13.9,13.9,13.25,13.79,13.9,79,28674,394980.0
2023-06-22,2023-06-22,LKPSEC,X,11.97,11.98,11.15,11.52,11.67,180,34851,402479.0
2023-06-22,2023-06-22,OSIAJEE,X,60.1,60.1,58.5,59.5,60.12,447,49171,2941000.0
2023-06-22,2023-06-22,SFL,A,1172.9,1181.0,1154.45,1157.2,1174.95,610,3885,4529842.0
2023-06-22,2023-06-22,EIKO,X,61.98,63.0,58.2,59.02,61.0,105,11648,705021.0
2023-06-22,2023-06-22,AVL,B,1536.5,1564.95,1515.0,1540.8,1537.2,399,4147,6346217.0
2023-06-22,2023-06-22,HEADSUP,B,12.76,12.78,12.76,12.78,12.78,64,200,2554.0
2023-06-22,2023-06-22,TCIEXP,A,1630.65,1640.6,1627.85,1632.8,1626.25,76,194,317324.0
2023-06-22,2023-06-22,LAURUSLABS,A,365.05,366.75,354.1,355.75,364.55,2248,58966,21238438.0
2023-06-22,2023-06-22,NEWLIGHT,X,20.39,20.45,19.01,20.4,18.9,40,10027,201736.0
2023-06-22,2023-06-22,VSL,B,9.02,9.32,9.02,9.07,9.07,238,41056,373094.0
2023-06-22,2023-06-22,SHANGAR,X,3.84,3.95,3.65,3.69,3.84,76,17043,63149.0
2023-06-22,2023-06-22,FLORACORP,X,17.19,18.03,16.34,16.34,17.19,87,46064,781570.0
2023-06-22,2023-06-22,TRU,B,57.5,61.0,57.35,58.07,58.3,1300,584743,34003267.0
2023-06-22,2023-06-22,PRICOLLTD,A,232.0,234.75,229.4,231.15,229.85,1115,36336,8417456.0
2023-06-22,2023-06-22,JITFINFRA,T,447.1,447.1,447.1,447.1,425.85,118,8607,3848189.0
2023-06-22,2023-06-22,RMC,M,308.05,324.95,308.05,318.0,320.0,18,9500,2987200.0
2023-06-22,2023-06-22,PARMAX,X,28.55,30.89,28.55,30.0,29.13,17,1328,39771.0
2023-06-22,2023-06-22,LLFICL,XT,6.61,6.94,6.28,6.66,6.61,862,1266759,8592461.0
2023-06-22,2023-06-22,DANUBE,XT,15.15,15.17,14.6,14.92,15.22,70,7088,106201.0
2023-06-22,2023-06-22,RADIOCITY,T,11.1,11.24,11.02,11.06,11.15,32,31353,347537.0
2023-06-22,2023-06-22,DMART,A,3949.95,3949.95,3801.0,3812.5,3920.75,8462,38372,148103488.0
2023-06-22,2023-06-22,IFL,B,15.2,15.5,15.04,15.12,15.1,1326,4315514,65613581.0
2023-06-22,2023-06-22,ONTIC,XT,0.63,0.63,0.59,0.61,0.61,146,151028,92809.0
2023-06-22,2023-06-22,SMLT,T,228.6,228.6,217.2,217.2,228.6,223,15938,3467998.0
2023-06-22,2023-06-22,CHEMCRUX,B,321.0,324.4,307.0,309.7,320.0,1795,21232,6657936.0
2023-06-22,2023-06-22,MANOMAY,T,136.0,136.0,136.0,136.0,130.0,1,9,1224.0
2023-06-22,2023-06-22,MAXIMUS,B,19.3,19.3,18.11,18.2,18.32,639,124198,2275444.0
2023-06-22,2023-06-22,CLEDUCATE,B,66.06,66.45,65.0,65.96,66.06,78,7114,467765.0
2023-06-22,2023-06-22,PRIMEFRESH,M,225.0,225.0,210.0,221.7,210.0,5,3750,811462.0
2023-06-22,2023-06-22,SHANKARA,B,715.05,725.15,707.15,711.75,709.6,378,1898,1356755.0
2023-06-22,2023-06-22,STARLENT,B,112.05,112.05,110.0,110.35,112.1,12,203,22419.0
2023-06-22,2023-06-22,SCHAND,B,195.95,195.95,188.0,189.25,189.15,227,3351,637331.0
2023-06-22,2023-06-22,KANUNGO,X,5.1,5.11,5.09,5.09,5.35,7,2502,12765.0
2023-06-22,2023-06-22,MEERA,B,49.8,49.8,46.5,46.9,47.52,66,8847,415409.0
2023-06-22,2023-06-22,IRBINVIT,IF,71.55,71.55,70.74,70.9,71.22,194,10533,748164.0
2023-06-22,2023-06-22,HUDCO,A,60.68,60.99,59.25,59.49,60.29,3425,1856054,111759623.0
2023-06-22,2023-06-22,PSPPROJECT,A,771.65,785.0,758.9,769.6,771.65,1019,10383,8006540.0
2023-06-22,2023-06-22,GKL,B,13.87,13.87,13.0,13.01,13.31,104,22925,301972.0
2023-06-22,2023-06-22,YUG,M,65.55,75.0,58.25,75.0,70.1,6,12000,803580.0
2023-06-22,2023-06-22,INDIGRID,IF,135.5,136.0,134.55,134.86,135.5,148,28189,3809607.0
2023-06-22,2023-06-22,VARIMAN,X,15.93,16.0,15.42,15.67,16.18,453,922804,14580053.0
2023-06-22,2023-06-22,STARCEMENT,A,145.0,145.2,138.75,140.45,144.3,761,42473,6009326.0
2023-06-22,2023-06-22,RIDDHICORP,B,236.25,241.85,219.0,223.25,242.4,103,1554,353935.0
2023-06-22,2023-06-22,TEJASNET,A,753.0,757.65,737.45,742.15,760.85,2713,58338,43504075.0
2023-06-22,2023-06-22,ERIS,A,664.05,672.2,664.05,667.3,669.95,186,1250,837023.0
2023-06-22,2023-06-22,CONTAINER,XT,6.0,6.25,6.0,6.23,6.25,7,391,2438.0
2023-06-22,2023-06-22,GTPL,B,114.25,118.0,113.45,114.9,114.45,310,11433,1318830.0
2023-06-22,2023-06-22,AUBANK,A,749.55,756.5,732.9,740.4,749.5,1964,24457,18188663.0
2023-06-22,2023-06-22,LOWVOLIETF,B,151.75,158.02,151.75,156.44,154.88,202,4016,625872.0
2023-06-22,2023-06-22,GGENG,B,1.01,1.01,0.99,1.0,1.01,510,1589218,1594300.0
2023-06-22,2023-06-22,7NR,B,0.66,0.67,0.65,0.65,0.66,482,448323,294738.0
2023-06-22,2023-06-22,SALASAR,B,48.22,48.89,46.73,47.66,48.21,307,34681,1652088.0
2023-06-22,2023-06-22,GANGESSECU,B,115.15,116.7,112.65,112.8,115.25,93,1640,187108.0
2023-06-22,2023-06-22,PALASHSECU,T,121.5,122.0,121.5,121.5,120.64,4,505,61360.0
2023-06-22,2023-06-22,AVADHSUGAR,B,525.0,564.85,515.55,537.1,515.45,3847,59232,32627004.0
2023-06-22,2023-06-22,MAGADSUGAR,B,434.0,440.0,420.75,427.95,420.75,744,9065,3917443.0
2023-06-22,2023-06-22,JIGAR,M,35.6,35.6,35.6,35.6,44.49,1,4000,142400.0
2023-06-22,2023-06-22,SPTL,T,1.48,1.48,1.48,1.48,1.41,69,177783,263118.0
2023-06-22,2023-06-22,GSTL,B,34.68,34.68,32.25,33.1,33.33,56,7684,253670.0
2023-06-22,2023-06-22,NEXT50BETA,B,45.84,46.31,45.77,45.87,46.21,39,704,32271.0
2023-06-22,2023-06-22,SIS,A,413.7,423.5,413.7,419.1,415.8,535,10962,4608824.0
2023-06-22,2023-06-22,COCHINSHIP,A,593.5,594.85,573.85,584.8,586.55,1830,39144,22887671.0
2023-06-22,2023-06-22,HALEOSLABS,B,529.9,530.0,525.7,529.0,530.0,12,32,16930.0
2023-06-22,2023-06-22,KIOCL,A,194.75,197.2,191.85,192.9,193.45,122,3058,597305.0
2023-06-22,2023-06-22,SMRUTHIORG,X,125.0,134.45,125.0,128.6,130.65,86,4142,537399.0
2023-06-22,2023-06-22,ABCAPITAL,A,179.15,180.5,171.0,171.6,180.15,4712,304421,52974682.0
2023-06-22,2023-06-22,APEX,B,218.95,220.35,216.6,216.85,216.5,82,1487,324597.0
2023-06-22,2023-06-22,SHISHIND,T,399.1,399.6,387.0,397.45,381.0,588,24176,9623997.0
2023-06-22,2023-06-22,ANG,B,69.39,69.39,67.52,68.03,68.29,115,12656,863841.0
2023-06-22,2023-06-22,KCDGROUP,XT,25.0,25.0,24.0,24.5,24.03,19,1874,46165.0
2023-06-22,2023-06-22,DIXON,A,4585.05,4626.6,4440.2,4445.95,4586.7,3308,24639,111588465.0
2023-06-22,2023-06-22,BRNL,B,32.25,32.25,31.35,31.43,31.64,41,2584,81592.0
2023-06-22,2023-06-22,DCAL,A,144.25,148.6,139.9,141.7,144.4,2787,163914,23561858.0
2023-06-22,2023-06-22,LASA,B,22.5,22.78,21.2,21.62,22.37,208,37336,807890.0
2023-06-22,2023-06-22,PROCLB,X,5.4,5.65,5.4,5.65,5.4,4,2501,13505.0
2023-06-22,2023-06-22,MATRIMONY,B,632.3,634.1,620.0,622.85,632.3,319,1563,978688.0
2023-06-22,2023-06-22,RHFL,B,3.24,3.29,3.05,3.07,3.21,1023,1168504,3635631.0
2023-06-22,2023-06-22,CAPACITE,B,202.3,202.3,193.15,193.7,200.4,881,44336,8675915.0
2023-06-22,2023-06-22,SAGAR,M,34.0,35.48,33.28,34.15,36.5,8,24000,818250.0
2023-06-22,2023-06-22,ICICIGI,A,1215.3,1316.0,1215.3,1275.9,1302.6,2751,21569,28025340.0
2023-06-22,2023-06-22,PQIF,B,43.5,43.5,40.43,41.79,41.43,60,1248,52625.0
2023-06-22,2023-06-22,SBILIFE,A,1285.05,1305.45,1272.45,1276.8,1295.2,1650,13434,17355204.0
2023-06-22,2023-06-22,DIAMONDYD,B,784.4,803.0,775.7,777.55,779.95,127,906,708896.0
2023-06-22,2023-06-22,SHAREINDIA,A,1295.0,1295.8,1283.85,1287.3,1290.55,201,1756,2266284.0
2023-06-22,2023-06-22,TTFL,B,66.59,66.59,63.26,64.75,65.28,76,2326,149750.0
2023-06-22,2023-06-22,POOJA,B,32.5,32.5,31.4,31.73,32.01,130,17978,571167.0
2023-06-22,2023-06-22,SAYAJIIND,X,181.05,181.05,165.0,178.75,171.2,7,135,23178.0
2023-06-22,2023-06-22,VANTABIO,MT,48.55,48.55,48.55,48.55,46.25,1,750,36412.0
2023-06-22,2023-06-22,MEHAI,T,20.01,21.33,19.56,21.22,20.58,188,36995,744250.0
2023-06-22,2023-06-22,IRIS,B,79.04,79.2,78.61,78.61,79.51,6,17,1339.0
2023-06-22,2023-06-22,SGRL,B,396.0,410.0,393.35,397.55,394.05,662,20041,8093275.0
2023-06-22,2023-06-22,STL,B,60.4,61.35,60.3,60.98,60.84,39,13490,820961.0
2023-06-22,2023-06-22,GODREJAGRO,A,457.95,457.95,453.15,454.0,453.8,525,7281,3315657.0
2023-06-22,2023-06-22,MASFIN,A,794.45,796.0,762.65,789.7,788.95,254,1370,1075297.0
2023-06-22,2023-06-22,IEX,A,128.2,129.0,126.35,126.7,128.15,4412,430824,54930540.0
2023-06-22,2023-06-22,GICRE,A,186.5,186.95,182.25,183.55,185.8,661,35534,6541122.0
2023-06-22,2023-06-22,SCPL,B,436.35,445.0,436.35,442.55,436.15,67,470,207344.0
2023-06-22,2023-06-22,TIINDIA,A,3247.95,3247.95,3145.05,3220.1,3169.75,3148,10355,33239809.0
2023-06-22,2023-06-22,NAM-INDIA,A,254.6,262.0,252.9,253.95,254.65,1795,52900,13598039.0
2023-06-22,2023-06-22,MAHLOG,A,388.95,396.25,384.7,386.25,382.0,2497,53086,20738004.0
2023-06-22,2023-06-22,NIACL,A,120.6,121.75,117.65,118.2,120.6,1291,97156,11593593.0
2023-06-22,2023-06-22,IFGLEXPOR,B,325.95,326.4,315.6,316.45,326.0,354,4192,1338428.0
2023-06-22,2023-06-22,KHADIM,B,231.05,235.8,227.4,228.3,231.05,246,2136,494960.0
2023-06-22,2023-06-22,5PAISA,B,365.05,375.0,354.95,357.1,367.45,859,10017,3589902.0
2023-06-22,2023-06-22,HDFCLIFE,A,642.0,655.65,637.25,639.15,642.1,3045,101533,65680643.0
2023-06-22,2023-06-22,SHARIKA,T,7.32,7.32,6.85,6.99,7.01,114,44073,311316.0
2023-06-22,2023-06-22,ICICIB22,A,66.19,66.45,65.71,65.87,66.23,151,22895,1512977.0
2023-06-22,2023-06-22,ASPIRA,X,24.5,25.99,22.76,25.0,24.93,58,4348,107911.0
2023-06-22,2023-06-22,DNAMEDIA,B,3.08,3.13,2.99,3.11,2.99,99,42775,131815.0
2023-06-22,2023-06-22,DYCL,B,312.0,330.0,312.0,322.8,315.65,2193,37879,12282578.0
2023-06-22,2023-06-22,RATNABHUMI,T,101.0,104.0,96.2,102.15,100.0,12,1140,116611.0
2023-06-22,2023-06-22,SHALBY,B,168.9,173.9,165.2,167.25,170.25,1712,89898,15238280.0
2023-06-22,2023-06-22,MRCAGRO,T,49.86,49.86,49.86,49.86,52.48,72,8020,399877.0
2023-06-22,2023-06-22,DML,M,21.0,25.0,21.0,21.6,22.6,7,80000,1804800.0
2023-06-22,2023-06-22,CRYSTAL,XT,5.08,5.25,5.0,5.05,5.08,487,156561,791845.0
2023-06-22,2023-06-22,VITESSE,Z,18.7,18.7,17.8,18.0,18.7,18,358,6487.0
2023-06-22,2023-06-22,ASTRON,B,24.66,24.7,24.33,24.45,24.54,41,12496,306777.0
2023-06-22,2023-06-22,CHANDRIMA,X,9.24,9.24,8.4,8.4,8.4,15,5254,47483.0
2023-06-22,2023-06-22,7SEASL,XT,26.02,26.5,26.0,26.4,26.54,25,25233,656930.0
2023-06-22,2023-06-22,APOLLO,B,47.02,47.74,45.9,47.74,45.47,2549,647869,30616316.0
2023-06-22,2023-06-22,NEWGEN,A,638.8,650.25,628.8,634.9,645.9,1688,23690,15135158.0
2023-06-22,2023-06-22,AMBER,A,2350.5,2456.65,2305.0,2352.45,2350.5,3260,30646,73127943.0
2023-06-22,2023-06-22,SRUSTEELS,XT,23.73,24.32,23.0,23.55,23.33,379,112608,2665857.0
2023-06-22,2023-06-22,ASHOKAMET,M,17.31,17.31,17.31,17.31,17.8,3,18000,311580.0
2023-06-22,2023-06-22,GALAXYSURF,A,2853.05,2881.15,2820.85,2829.7,2845.75,262,492,1405221.0
2023-06-22,2023-06-22,GGL,B,11.99,11.99,11.35,11.48,11.61,363,68154,785119.0
2023-06-22,2023-06-22,MEDICO,B,70.8,70.8,67.59,67.59,75.09,269,76076,5154736.0
2023-06-22,2023-06-22,LAL,T,210.05,224.9,209.2,209.55,218.95,27,445,93332.0
2023-06-22,2023-06-22,IWP,XT,27.22,27.22,25.5,25.69,25.93,35,6635,170302.0
2023-06-22,2023-06-22,TDSL,B,12.9,12.94,12.4,12.76,12.85,130,30302,384785.0
2023-06-22,2023-06-22,BHATIA,B,15.32,15.87,15.2,15.45,15.6,218,25428,394687.0
2023-06-22,2023-06-22,SHIVAMILLS,T,73.0,73.0,73.0,73.0,73.0,8,64,4672.0
2023-06-22,2023-06-22,ASTERDM,A,289.9,290.5,280.3,282.05,287.7,534,9455,2690412.0
2023-06-22,2023-06-22,YSL,X,12080.0,12347.95,12080.0,12338.9,12100.0,12,14,171555.0
2023-06-22,2023-06-22,KANCOTEA,X,71.98,73.5,70.21,70.47,71.99,33,2688,192912.0
2023-06-22,2023-06-22,ANGEL,M,19.61,19.61,19.61,19.61,20.5,1,4000,78440.0
2023-06-22,2023-06-22,HGINFRA,A,856.05,873.4,856.05,867.75,859.0,494,3899,3381001.0
2023-06-22,2023-06-22,INFLAME,M,506.95,517.0,503.45,513.0,487.1,75,19500,9952062.0
2023-06-22,2023-06-22,BPLPHARMA,X,381.0,389.95,371.65,380.95,382.0,33,951,361982.0
2023-06-22,2023-06-22,LIQUIDETF,F,999.99,1000.0,999.99,1000.0,1000.0,29,3732,3731991.0
2023-06-22,2023-06-22,SHREESHAY,M,31.0,31.0,30.01,30.01,34.0,2,8000,244040.0
2023-06-22,2023-06-22,BDL,A,1194.0,1207.8,1164.1,1171.5,1190.65,2680,35725,42359581.0
2023-06-22,2023-06-22,ACTIVE,T,44.03,44.03,42.5,42.5,41.94,11,3082,133993.0
2023-06-22,2023-06-22,BANDHANBNK,A,241.6,242.55,237.5,238.5,241.6,5515,280686,67266888.0
2023-06-22,2023-06-22,HAL,A,3825.0,3830.35,3747.1,3763.7,3819.1,5836,61357,231825834.0
2023-06-22,2023-06-22,DHARAN,B,3.14,3.21,3.05,3.18,3.21,960,6400297,20180704.0
2023-06-22,2023-06-22,SANDHAR,B,310.0,312.6,302.3,304.2,308.05,913,13340,4093760.0
2023-06-22,2023-06-22,YASHO,A,1673.1,1709.0,1660.0,1700.25,1670.65,1198,19386,32788328.0
2023-06-22,2023-06-22,ISEC,A,522.0,544.5,521.0,526.25,515.15,3535,56433,30181285.0
2023-06-22,2023-06-22,MIDHANI,A,292.8,296.5,282.25,291.55,292.75,3031,138502,40179164.0
2023-06-22,2023-06-22,OBCL,B,52.7,52.83,51.2,52.72,52.84,25,5295,274690.0
2023-06-22,2023-06-22,TRL,M,330.0,331.0,330.0,330.5,330.9,6,5600,1849200.0
2023-06-22,2023-06-22,LEMONTREE,A,96.39,96.39,93.01,93.92,95.54,830,120781,11378720.0
2023-06-22,2023-06-22,CHEMFAB,B,328.55,333.6,325.1,328.0,325.4,81,1106,363934.0
2023-06-22,2023-06-22,HARDWYN,B,46.2,46.95,44.65,44.95,45.85,1644,101049,4582291.0
2023-06-22,2023-06-22,ORIENTELEC,A,244.4,244.4,235.0,237.2,241.95,696,11038,2643097.0
2023-06-22,2023-06-22,DHRUV,B,50.85,52.0,49.4,50.75,50.89,138,26492,1335070.0
2023-06-22,2023-06-22,AKSHAR,T,63.99,63.99,58.31,62.0,61.0,22,3483,216153.0
2023-06-22,2023-06-22,INDOUS,M,234.95,234.95,213.0,225.0,230.0,4,2000,443975.0
2023-06-22,2023-06-22,BSE500IETF,A,27.11,27.29,27.04,27.1,27.23,87,5304,143892.0
2023-06-22,2023-06-22,INDOSTAR,T,159.1,162.7,155.0,158.95,159.1,65,14043,2205129.0
2023-06-22,2023-06-22,MILEFUR,M,6.0,6.1,5.58,6.0,5.84,16,48000,289530.0
2023-06-22,2023-06-22,UHZAVERI,T,45.5,45.5,43.5,44.49,44.5,17,1039,45412.0
2023-06-22,2023-06-22,PARVATI,X,6.47,6.5,6.08,6.18,6.34,155,31478,199797.0
2023-06-22,2023-06-22,MEGASTAR,B,318.85,319.9,305.9,309.4,314.35,248,2767,860137.0
2023-06-22,2023-06-22,INNOVATORS,M,160.0,163.99,149.0,153.25,159.71,37,60800,9455040.0
2023-06-22,2023-06-22,UCIL,XT,37.48,37.48,37.48,37.48,37.48,2,51,1911.0
2023-06-22,2023-06-22,ZIMLAB,B,109.65,113.99,108.41,109.5,108.44,750,48298,5350736.0
2023-06-22,2023-06-22,AFFORDABLE,M,482.0,483.1,482.0,483.1,460.1,16,8800,4249080.0
2023-06-22,2023-06-22,DOLLAR,A,381.7,383.2,375.0,377.75,380.85,261,3958,1502268.0
2023-06-22,2023-06-22,NGIL,T,58.0,59.49,57.06,59.47,59.5,5,46,2674.0
2023-06-22,2023-06-22,PALMJEWELS,B,12.99,13.6,12.91,13.02,12.34,159,41319,549232.0
2023-06-22,2023-06-22,WAA,M,76.7,76.7,65.1,67.19,69.14,290,500800,35801792.0
2023-06-22,2023-06-22,ADANIGREEN,A,971.05,982.5,967.85,974.15,976.55,2471,45351,44165021.0
2023-06-22,2023-06-22,UNICK,XT,38.0,40.0,38.0,38.0,40.0,8,919,34930.0
2023-06-22,2023-06-22,SOLARA,A,370.55,372.9,363.0,367.35,369.3,2125,89603,33064582.0
2023-06-22,2023-06-22,RITES,A,390.0,390.05,378.3,380.4,389.1,2745,66622,25554213.0
2023-06-22,2023-06-22,FINEORG,A,4820.05,4865.95,4807.3,4843.05,4798.4,1102,3732,18050435.0
2023-06-22,2023-06-22,VARROC,A,321.75,325.75,315.4,316.75,321.75,395,7552,2405835.0
2023-06-22,2023-06-22,RAJNISH,B,14.75,14.94,13.91,14.15,14.56,1248,5077047,72060395.0
2023-06-22,2023-06-22,RAWEDGE,B,50.8,50.8,50.0,50.0,50.07,6,320,16160.0
2023-06-22,2023-06-22,TCNSBRANDS,A,415.55,422.25,414.9,419.9,415.0,350,623232,258984128.0
2023-06-22,2023-06-22,ASHNI,XT,22.74,22.95,21.48,21.52,22.61,92,25718,558285.0
2023-06-22,2023-06-22,RACONTEUR,M,24.89,27.51,24.89,27.5,26.2,5,8000,207712.0
2023-06-22,2023-06-22,HDFCAMC,A,2056.05,2065.35,2000.65,2016.55,2049.0,5032,61006,123338770.0
2023-06-22,2023-06-22,FRATELLI,X,25.95,26.3,24.25,24.99,24.96,17,1855,46220.0
2023-06-22,2023-06-22,CREDITACC,A,1315.0,1344.0,1290.0,1338.3,1314.15,847,11654,15357723.0
2023-06-22,2023-06-22,AMINTAN,X,2.01,2.09,2.01,2.03,2.03,70,46559,95427.0
2023-06-22,2023-06-22,DEEP,B,90.0,91.98,89.25,89.56,90.08,237,24041,2166784.0
2023-06-22,2023-06-22,SMEL,M,24.0,33.35,24.0,33.35,30.0,4,20000,573500.0
2023-06-22,2023-06-22,NEXT50IETF,B,44.65,45.86,44.36,44.84,45.25,87,8535,382462.0
2023-06-22,2023-06-22,ASRL,B,37.49,37.49,36.7,37.0,37.07,789,54531,2012522.0
2023-06-22,2023-06-22,SPACEINCUBA,X,1.4,1.4,1.3,1.3,1.28,37,12556,16884.0
2023-06-22,2023-06-22,SGIL,B,188.25,189.25,177.85,178.25,185.55,162,4893,884365.0
2023-06-22,2023-06-22,LIQUIDIETF,F,1000.99,1000.99,1000.0,1000.0,1000.0,20,2759,2759023.0
2023-06-22,2023-06-22,IRCON,A,86.1,86.25,83.31,84.69,85.72,2072,436029,36966379.0
2023-06-22,2023-06-22,SKYGOLD,T,284.75,284.8,278.1,279.95,284.75,95,1569,441293.0
2023-06-22,2023-06-22,SETFSN50,A,564.0,564.0,558.0,559.08,564.36,19,371,207852.0
2023-06-22,2023-06-22,MANORAMA,T,1510.0,1510.0,1475.05,1476.2,1505.0,29,275,409148.0
2023-06-22,2023-06-22,INNOVATIVE,M,3.04,3.19,3.0,3.19,3.04,13,15000,45720.0
2023-06-22,2023-06-22,AAVAS,A,1394.95,1417.75,1364.0,1376.65,1380.75,1325,297451,412624151.0
2023-06-22,2023-06-22,GRSE,A,578.35,592.95,566.4,577.7,578.2,3602,91847,53202277.0
2023-06-22,2023-06-22,A1L,B,349.65,351.25,349.6,350.6,349.6,110,60486,21202829.0
2023-06-22,2023-06-22,DOLFIN,B,149.95,149.95,133.3,136.05,135.1,44,1009,141558.0
2023-06-22,2023-06-22,SHUBHAM,T,22.77,22.9,21.1,22.03,22.0,140,16935,371610.0
2023-06-22,2023-06-22,AKI,T,23.9,24.0,23.0,23.1,114.65,90,6795,160971.0
2023-06-22,2023-06-22,SUNRETAIL,M,0.54,0.54,0.52,0.52,0.54,10,480000,252960.0
2023-06-22,2023-06-22,SMGOLD,T,14.74,14.74,14.3,14.51,14.47,128,15069,219555.0
2023-06-22,2023-06-22,VIVIDM,T,33.66,33.66,33.65,33.66,33.72,6,949,31937.0
2023-06-22,2023-06-22,BCPL,B,51.21,52.74,50.53,50.99,51.0,255,28659,1473446.0
2023-06-22,2023-06-22,ATGL,A,658.95,665.0,653.15,655.1,655.9,7098,117549,77268814.0
2023-06-22,2023-06-22,PHOSPHATE,X,130.0,130.0,125.95,125.95,126.1,6,58,7435.0
2023-06-22,2023-06-22,NIFTYETF,B,198.0,198.0,196.61,197.3,197.59,9,50,9867.0
2023-06-22,2023-06-22,TECHNOE,A,360.8,362.05,351.95,354.05,357.45,406,3889,1381529.0
2023-06-22,2023-06-22,DGL,M,2.87,2.87,2.61,2.68,2.74,4,8000,22000.0
2023-06-22,2023-06-22,NIVAKA,X,2.52,2.52,2.32,2.37,2.41,33,72434,168919.0
2023-06-22,2023-06-22,DALBHARAT,A,2255.4,2266.4,2182.45,2194.5,2259.4,1533,12461,27690044.0
2023-06-22,2023-06-22,ABSLNN50ET,B,44.33,45.2,44.33,44.89,45.1,26,733,32907.0
2023-06-22,2023-06-22,NILASPACES,B,3.4,3.45,3.09,3.17,3.14,162,126709,407392.0
2023-06-22,2023-06-22,SRD,B,121.6,122.5,121.1,121.95,121.1,180,14991,1827982.0
2023-06-22,2023-06-22,TREJHARA,T,71.45,74.51,71.0,71.08,71.65,47,4518,328026.0
2023-06-22,2023-06-22,DECCAN,B,30.36,30.5,29.16,30.27,29.56,40,2909,86538.0
2023-06-22,2023-06-22,AXITA,B,27.09,27.75,26.85,27.17,27.22,776,128341,3493888.0
2023-06-22,2023-06-22,KPIGREEN,B,780.0,822.65,774.0,798.25,776.05,3521,70880,56775943.0
2023-06-22,2023-06-22,RPSGVENT,B,454.6,457.3,451.0,455.05,455.4,199,2271,1029914.0
2023-06-22,2023-06-22,SPENCERS,B,65.95,65.96,63.5,63.91,65.59,243,8055,519288.0
2023-06-22,2023-06-22,GLOSTERLTD,X,742.55,777.0,735.0,739.85,710.55,938,19009,14240391.0
2023-06-22,2023-06-22,XELPMOC,B,93.05,93.05,86.7,87.1,90.95,191,4716,422937.0
2023-06-22,2023-06-22,AARSHYAM,XT,5.68,5.68,5.68,5.68,5.41,1,45,255.0
2023-06-22,2023-06-22,RITCO,B,173.2,173.2,168.05,169.6,169.85,11,32,5464.0
2023-06-22,2023-06-22,CHALET,A,414.05,421.0,408.3,410.3,419.05,1006,14075,5807443.0
2023-06-22,2023-06-22,ANMOL,B,235.0,237.0,234.45,236.95,235.3,326,9314,2200817.0
2023-06-22,2023-06-22,JONJUA,M,11.55,11.55,11.25,11.25,11.78,3,10380,117813.0
2023-06-22,2023-06-22,KRANTI,B,102.0,102.0,98.0,98.87,99.1,127,7993,788106.0
2023-06-22,2023-06-22,ANUP,B,1675.05,1714.45,1621.05,1631.15,1680.95,763,3513,5849651.0
2023-06-22,2023-06-22,ARVINDFASN,A,332.45,347.55,332.45,339.25,341.55,1091,26961,9287086.0
2023-06-22,2023-06-22,SNXT50BETA,A,56.45,57.0,54.0,55.43,56.31,39,1843,102642.0
2023-06-22,2023-06-22,AGOL,B,78.26,78.26,78.2,78.2,77.91,31,28566,2234639.0
2023-06-22,2023-06-22,AARTECH,M,76.0,85.0,70.0,79.41,76.0,81,484000,36167900.0
2023-06-22,2023-06-22,MSTCLTD,A,352.75,356.7,338.25,341.8,352.7,2156,72146,24891921.0
2023-06-22,2023-06-22,EMBASSY,IF,293.0,297.95,290.09,296.61,292.01,461,52798,15633008.0
2023-06-22,2023-06-22,CHANDNIMACH,X,11.99,11.99,11.62,11.62,11.75,24,27446,321831.0
2023-06-22,2023-06-22,RVNL,A,123.15,124.35,121.85,123.45,123.85,9491,1305052,160864057.0
2023-06-22,2023-06-22,METROPOLIS,A,1458.95,1469.95,1414.3,1421.55,1455.8,1957,11874,17059157.0
2023-06-22,2023-06-22,KPITTECH,A,1065.05,1074.1,1055.0,1062.1,1063.8,4163,58257,62061904.0
2023-06-22,2023-06-22,POLYCAB,A,3435.05,3555.0,3435.05,3485.65,3420.15,5507,48670,170934806.0
2023-06-22,2023-06-22,VRFILMS,M,303.5,303.5,303.05,303.05,319.0,6,1500,455025.0
2023-06-22,2023-06-22,VIKASLIFE,B,3.27,3.29,3.16,3.17,3.26,2576,4048185,12995349.0
2023-06-22,2023-06-22,NEOGEN,A,1555.05,1616.25,1555.05,1599.7,1588.4,225,847,1357039.0
2023-06-22,2023-06-22,GKP,T,12.97,12.97,12.25,12.69,12.74,206,25444,315987.0
2023-06-22,2023-06-22,WORL,T,11.25,11.25,10.41,10.48,10.95,351,123364,1302273.0
2023-06-22,2023-06-22,EVANS,M,100.0,103.9,98.0,103.9,102.45,5,5000,499950.0
2023-06-22,2023-06-22,BMW,X,29.48,29.9,28.2,29.62,28.99,190,31364,925115.0
2023-06-22,2023-06-22,AEPL,T,15.11,15.86,14.75,15.86,15.11,110,31147,491582.0
2023-06-22,2023-06-22,MAHESH,X,10.7,10.7,10.7,10.7,10.7,4,32,342.0
2023-06-22,2023-06-22,CHCL,M,29.41,31.29,29.41,29.41,32.67,68,270000,7968800.0
2023-06-22,2023-06-22,DEL,X,25.71,27.98,25.71,26.0,26.11,13,134,3588.0
2023-06-22,2023-06-22,HARISH,X,44.0,44.0,41.82,43.78,43.45,12,979,41688.0
2023-06-22,2023-06-22,PPL,B,164.0,166.85,163.1,164.85,164.5,341,6721,1109741.0
2023-06-22,2023-06-22,DGCONTENT,T,22.0,22.0,20.9,20.9,22.0,6,368,7713.0
2023-06-22,2023-06-22,PARSHVA,B,184.35,184.85,172.05,176.65,185.4,10,39,6827.0
2023-06-22,2023-06-22,ARL,B,37.06,37.77,36.72,37.4,37.06,46,3367,126201.0
2023-06-22,2023-06-22,MURAE,B,2.08,2.08,2.02,2.03,2.06,317,440370,895771.0
2023-06-22,2023-06-22,SBC,T,19.55,20.05,19.25,19.7,19.77,133,33895,671576.0
2023-06-22,2023-06-22,INDIAMART,A,2990.2,3000.85,2889.8,2928.5,2990.15,1134,6809,19954698.0
2023-06-22,2023-06-22,DCMNVL,B,164.2,164.8,159.05,159.3,163.65,24,478,77323.0
2023-06-22,2023-06-22,BANKIETF,B,44.12,44.35,43.97,44.04,44.11,41,1659,73124.0
2023-06-22,2023-06-22,SNXT50BEES,A,54.45,55.5,54.45,54.71,55.44,73,3173,174504.0
2023-06-22,2023-06-22,AFFLE,A,1135.95,1135.95,1101.0,1118.8,1119.05,1943,23096,25715037.0
2023-06-22,2023-06-22,SEACOAST,XT,3.8,3.9,3.7,3.77,3.89,1623,1204175,4562311.0
2023-06-22,2023-06-22,PVTBANIETF,B,223.0,223.5,221.5,222.22,222.65,58,447,99280.0
2023-06-22,2023-06-22,SPANDANA,A,691.35,696.1,676.0,680.55,687.85,258,2460,1684563.0
2023-06-22,2023-06-22,SWSOLAR,A,314.95,314.95,296.4,298.1,309.1,2042,53210,16099408.0
2023-06-22,2023-06-22,TRANSPACT,MS,160.25,173.9,160.25,173.9,168.4,4,4000,672950.0
2023-06-22,2023-06-22,ALPHALOGIC,T,45.65,48.42,45.65,46.25,46.5,104,7528,348687.0
2023-06-22,2023-06-22,NOVATEOR,M,19.9,19.9,19.9,19.9,17.5,1,6000,119400.0
2023-06-22,2023-06-22,360ONE,A,442.2,462.35,442.2,452.8,440.35,1152,17801,8084994.0
2023-06-22,2023-06-22,IIFLCAPS,B,60.1,61.16,58.22,58.73,59.76,913,166705,9931294.0
2023-06-22,2023-06-22,MUFIN,X,128.05,131.7,126.0,126.4,129.0,128,9123,1160011.0
2023-06-22,2023-06-22,MISQUITA,M,45.5,45.6,45.5,45.6,41.0,2,4000,182200.0
2023-06-22,2023-06-22,VEL,X,17.0,17.0,15.55,16.49,16.44,27,4310,69275.0
2023-06-22,2023-06-22,NIESSPJ,B,23.23,26.99,23.23,26.04,25.81,13,1023,23785.0
2023-06-22,2023-06-22,FLUOROCHEM,A,3171.9,3171.9,3073.8,3087.55,3123.6,1524,8736,27094720.0
2023-06-22,2023-06-22,NIEHSPI,B,2.32,2.32,2.32,2.32,2.38,1,20,46.0
2023-06-22,2023-06-22,IRCTC,A,660.25,666.6,641.9,644.45,662.3,3725,87034,56749652.0
2023-06-22,2023-06-22,NIEHSPD,B,0.72,0.72,0.65,0.71,0.72,13,6884,4943.0
2023-06-22,2023-06-22,NIEHSPE,B,0.75,0.75,0.75,0.75,0.75,4,600,450.0
2023-06-22,2023-06-22,NIEHSPG,B,3.65,3.65,3.65,3.65,3.65,1,5,18.0
2023-06-22,2023-06-22,NIEHSPJ,B,4.5,4.5,4.5,4.5,4.66,1,1,4.0
2023-06-22,2023-06-22,NIEHSPL,B,0.87,0.87,0.87,0.87,0.87,3,1135,987.0
2023-06-22,2023-06-22,NIESSPL,B,0.72,0.72,0.72,0.72,0.72,1,2,1.0
2023-06-22,2023-06-22,GOBLIN,M,58.0,62.0,58.0,62.0,62.91,2,4000,240000.0
2023-06-22,2023-06-22,GENSOL,M,1055.0,1146.75,1055.0,1145.05,1042.5,770,83828,93762036.0
2023-06-22,2023-06-22,VISHWARAJ,B,21.8,22.25,19.77,20.06,20.86,4613,3913057,81850807.0
2023-06-22,2023-06-22,GREENPANEL,A,338.15,340.95,328.0,330.0,338.05,2366,49596,16537224.0
2023-06-22,2023-06-22,SHAHLON,X,13.88,14.36,13.88,14.2,13.88,17,6175,86312.0
2023-06-22,2023-06-22,ABSLBANETF,B,43.43,44.48,43.43,43.78,44.02,394,1170,51696.0
2023-06-22,2023-06-22,ANUROOP,T,30.4,30.4,27.55,27.55,28.99,25,2721,77911.0
2023-06-22,2023-06-22,COLAB,X,64.44,64.44,58.5,59.38,61.44,12,10176,596010.0
2023-06-22,2023-06-22,CSBBANK,A,268.1,272.4,267.4,270.1,268.65,694,15877,4288310.0
2023-06-22,2023-06-22,UJJIVANSFB,A,38.35,38.53,37.66,37.87,38.31,1283,1455548,55730352.0
2023-06-22,2023-06-22,HINDWAREAP,B,529.9,545.0,521.1,533.65,529.55,1459,29043,15375158.0
2023-06-22,2023-06-22,PRINCEPIPE,A,663.55,674.0,656.0,657.8,663.85,474,6438,4279518.0
2023-06-22,2023-06-22,EBBETF0430,F,1281.32,1285.89,1281.32,1283.78,1285.88,33,397,509160.0
2023-06-22,2023-06-22,GIANLIFE,B,20.3,22.56,20.3,22.01,21.95,122,30086,653963.0
2023-06-22,2023-06-22,ARTEMISMED,B,112.75,114.61,108.18,109.93,112.44,396,15383,1720120.0
2023-06-22,2023-06-22,SUMICHEM,A,431.7,434.95,425.0,426.45,435.6,1750,48414,20836267.0
2023-06-22,2023-06-22,MIDCAPIETF,B,136.3,136.7,134.6,134.6,136.02,50,613,83219.0
2023-06-22,2023-06-22,NEXT50,B,442.0,442.0,439.5,439.5,443.7,3,4,1761.0
2023-06-22,2023-06-22,JANUSCORP,M,4.6,4.72,4.28,4.72,4.5,77,633500,2897160.0
2023-06-22,2023-06-22,BIRLATYRES,T,4.38,4.49,4.38,4.43,4.49,142,52286,231915.0
2023-06-22,2023-06-22,UNIVPHOTO,B,385.0,385.1,381.45,385.0,379.7,34,130,49870.0
2023-06-22,2023-06-22,OCTAVIUSPL,X,45.99,45.99,45.99,45.99,45.99,1,10,459.0
2023-06-22,2023-06-22,COHANCE,A,481.1,488.5,481.1,485.7,484.4,142,2766,1343852.0
2023-06-22,2023-06-22,SBICARD,A,885.0,887.15,871.65,879.9,885.6,1902,18336,16084748.0
2023-06-22,2023-06-22,07AGG,F,5.3,5.3,5.0,5.0,5.39,2,40,209.0
2023-06-22,2023-06-22,07GPG,F,1.02,1.1,0.92,0.92,1.02,14,9657,9039.0
2023-06-22,2023-06-22,09GPG,F,3.1,3.1,2.54,2.54,2.82,3,551,1630.0
2023-06-22,2023-06-22,08MPD,B,2.15,2.15,2.09,2.09,2.09,3,501,1047.0
2023-06-22,2023-06-22,08GPG,B,1.05,1.05,0.9,0.91,1.0,17,4224,3902.0
2023-06-22,2023-06-22,10AGG,F,4.88,4.88,4.87,4.88,4.44,10,2558,12481.0
2023-06-22,2023-06-22,10GPG,F,0.88,0.88,0.73,0.79,0.8,19,7950,6049.0
2023-06-22,2023-06-22,ROJL,T,7.05,7.13,6.76,6.89,6.87,908,592576,4102585.0
2023-06-22,2023-06-22,11DPR,B,5.51,6.06,5.51,6.0,5.51,5,183,1009.0
2023-06-22,2023-06-22,11GPG,B,1.01,1.01,0.88,0.89,0.92,17,5422,4803.0
2023-06-22,2023-06-22,11MPD,B,1.49,1.49,1.43,1.43,1.49,14,569,828.0
2023-06-22,2023-06-22,11MPR,B,9.8,9.8,8.02,8.02,8.91,9,358,2874.0
2023-06-22,2023-06-22,11QPD,B,3.09,3.19,2.69,2.8,2.96,11,470,1320.0
2023-06-22,2023-06-22,11AGG,B,8.3,8.3,8.29,8.29,9.19,5,370,3068.0
2023-06-22,2023-06-22,11AMD,B,13.51,14.78,12.65,13.58,13.51,10,259,3385.0
2023-06-22,2023-06-22,11DPD,B,2.3,2.3,1.92,2.09,2.1,8,895,2012.0
2023-06-22,2023-06-22,POWERINDIA,A,4085.05,4188.75,4085.05,4116.45,4161.65,246,579,2395107.0
2023-06-22,2023-06-22,DJML,B,157.0,157.0,148.0,152.35,156.8,78,4839,742147.0
2023-06-22,2023-06-22,NATURAL,X,6.17,6.25,5.93,6.15,6.2,90,33720,205683.0
2023-06-22,2023-06-22,BILLWIN,M,50.15,54.5,50.15,50.15,50.15,5,15000,777150.0
2023-06-22,2023-06-22,AARTISURF,B,677.95,677.95,628.0,630.8,660.0,756,5480,3522969.0
2023-06-22,2023-06-22,BOROLTD,A,431.2,441.05,427.0,432.9,434.2,310,6332,2750964.0
2023-06-22,2023-06-22,ROSSARI,A,849.3,860.6,836.65,846.65,844.4,482,5664,4794964.0
2023-06-22,2023-06-22,NDRAUTO,T,834.9,834.9,804.0,815.35,817.7,64,858,699560.0
2023-06-22,2023-06-22,EBBETF0425,F,1133.62,1134.0,1133.62,1134.0,1133.41,7,173,196144.0
2023-06-22,2023-06-22,EBBETF0431,F,1148.48,1151.49,1148.48,1148.49,1145.16,10,221,254019.0
2023-06-22,2023-06-22,MINDSPACE,IF,310.0,313.17,302.32,304.83,313.8,1183,11765,3596679.0
2023-06-22,2023-06-22,SBGLP,B,227.3,227.3,216.05,219.75,226.1,169,13401,3019494.0
2023-06-22,2023-06-22,ALPL30IETF,B,192.1,192.1,190.15,190.33,191.88,17,93,17782.0
2023-06-22,2023-06-22,MAXHEALTH,A,585.4,586.75,571.5,581.15,579.4,2033,46056,26791761.0
2023-06-22,2023-06-22,ITIETF,B,30.25,30.31,30.13,30.2,30.34,63,6806,205700.0
2023-06-22,2023-06-22,MAXIND,B,121.9,124.45,120.2,121.55,121.6,575,21503,2625046.0
2023-06-22,2023-06-22,HDFCNIFBAN,B,444.0,444.9,442.05,443.03,442.62,14,29,12885.0
2023-06-22,2023-06-22,BANKBETA,B,44.62,44.75,44.27,44.42,44.58,60,1790,79703.0
2023-06-22,2023-06-22,HAPPSTMNDS,A,1016.3,1022.3,977.0,982.05,1005.6,9757,130079,129505837.0
2023-06-22,2023-06-22,ROUTE,A,1624.9,1628.85,1566.2,1573.45,1615.25,1056,9937,15801616.0
2023-06-22,2023-06-22,SAMRATFORG,XT,296.85,300.0,284.0,295.0,297.0,13,374,111063.0
2023-06-22,2023-06-22,ADVAIT,M,305.0,305.0,290.0,300.35,301.5,26,13000,3888600.0
2023-06-22,2023-06-22,CAMS,A,2206.0,2206.0,2161.35,2173.95,2187.2,509,2319,5065096.0
2023-06-22,2023-06-22,CHEMCON,B,273.8,283.35,273.25,275.85,273.8,331,8091,2252111.0
2023-06-22,2023-06-22,SECMARK,M,87.5,87.5,80.0,80.93,81.95,9,11250,914062.0
2023-06-22,2023-06-22,ANGELONE,A,1609.05,1633.15,1556.4,1565.55,1621.55,1391,14861,23720285.0
2023-06-22,2023-06-22,ATAM,T,240.0,243.55,233.35,238.85,245.6,145,3084,729853.0
2023-06-22,2023-06-22,MAZDOCK,A,1225.05,1256.8,1182.75,1229.3,1220.25,21708,448064,546558068.0
2023-06-22,2023-06-22,UTIAMC,A,682.05,693.0,682.05,684.45,685.4,238,2063,1421716.0
2023-06-22,2023-06-22,LIKHITHA,B,270.0,270.0,262.8,264.25,265.85,872,15262,4051110.0
2023-06-22,2023-06-22,VGIL,M,172.0,172.0,165.0,165.0,171.0,2,1100,185350.0
2023-06-22,2023-06-22,HEMIPROP,A,98.0,99.79,97.54,97.84,98.38,282,15347,1511358.0
2023-06-22,2023-06-22,EQUITASBNK,A,87.42,88.1,84.2,84.76,87.37,3521,1203223,104228615.0
2023-06-22,2023-06-22,GLAND,A,994.15,1012.15,989.0,997.65,1007.55,3602,52123,52146120.0
2023-06-22,2023-06-22,ESG,B,30.69,30.75,30.4,30.4,30.55,14,210,6435.0
2023-06-22,2023-06-22,RBA,A,115.85,115.85,114.55,115.1,114.75,355,34603,3981428.0
2023-06-22,2023-06-22,TARC,B,65.86,66.69,61.2,63.12,65.45,1069,495310,30882784.0
2023-06-22,2023-06-22,MOGSEC,F,52.3,52.3,52.24,52.24,52.27,3,35227,1842015.0
2023-06-22,2023-06-22,RVHL,B,26.41,26.84,26.16,26.26,27.1,18,763,20021.0
2023-06-22,2023-06-22,FAIRCHEMOR,B,1279.15,1283.3,1250.0,1264.45,1272.7,380,1965,2483378.0
2023-06-22,2023-06-22,BECTORFOOD,B,811.05,840.05,811.05,836.35,841.4,1427,15603,12981307.0
2023-06-22,2023-06-22,AWHCL,B,255.0,288.0,254.7,281.35,253.5,2958,67235,18722221.0
2023-06-22,2023-06-22,INFRABEES,B,591.0,591.48,586.11,588.82,591.78,93,697,410089.0
2023-06-22,2023-06-22,RFLL,X,27.69,27.98,26.68,27.89,27.59,14,10214,280543.0
2023-06-22,2023-06-22,IRFC,A,33.08,33.15,32.63,32.79,33.1,7895,3166140,103973669.0
2023-06-22,2023-06-22,INDIGOPNTS,A,1455.05,1480.0,1445.0,1446.75,1469.0,1670,13331,19440661.0
2023-06-22,2023-06-22,HOMEFIRST,A,777.8,782.45,745.4,751.65,765.7,1090,7918,6021815.0
2023-06-22,2023-06-22,STOVEKRAFT,A,442.0,451.65,441.4,445.8,447.15,906,15358,6857594.0
2023-06-22,2023-06-22,BIRET,IF,261.0,264.64,261.0,263.6,261.74,145,11687,3084170.0
2023-06-22,2023-06-22,SMCGLOBAL,B,74.0,75.5,74.0,74.84,75.6,101,3837,287710.0
2023-06-22,2023-06-22,NURECA,T,380.0,387.0,374.3,379.45,386.8,78,1719,650166.0
2023-06-22,2023-06-22,RAILTEL,A,129.05,129.6,125.1,126.55,129.1,2059,201291,25645314.0
2023-06-22,2023-06-22,HERANBA,B,385.0,391.95,382.5,385.75,386.6,664,9388,3634324.0
2023-06-22,2023-06-22,DAVANGERE,X,73.99,74.0,71.0,71.01,70.59,130,24470,1787935.0
2023-06-22,2023-06-22,DRCSYSTEMS,B,38.45,38.59,37.6,38.55,37.8,18,2133,81698.0
2023-06-22,2023-06-22,MTARTECH,A,1998.95,2028.0,1947.3,1961.2,1993.5,2382,22209,44160471.0
2023-06-22,2023-06-22,JUBLINGREA,A,460.0,468.3,450.0,451.15,461.65,1839,41891,19219313.0
2023-06-22,2023-06-22,EASEMYTRIP,A,43.64,43.7,42.9,43.02,43.35,3532,493941,21373576.0
2023-06-22,2023-06-22,KMEW,M,1243.95,1290.0,1200.1,1217.35,1227.4,105,17750,22079262.0
2023-06-22,2023-06-22,SUUMAYA,M,9.0,9.36,8.9,8.92,9.3,89,71100,641295.0
2023-06-22,2023-06-22,ANURAS,A,1046.4,1055.0,1044.0,1046.95,1044.75,266,2114,2217672.0
2023-06-22,2023-06-22,CRAFTSMAN,A,4101.0,4117.35,3982.5,3998.5,4000.1,723,2945,11920836.0
2023-06-22,2023-06-22,LXCHEM,A,267.85,267.85,262.0,262.5,265.35,2330,65650,17340426.0
2023-06-22,2023-06-22,KALYANKJIL,A,127.25,128.2,121.65,123.15,128.55,3098,242134,30099024.0
2023-06-22,2023-06-22,SURYODAY,B,173.9,174.65,166.35,169.5,174.85,2433,109198,18546871.0
2023-06-22,2023-06-22,NAZARA,A,711.0,712.6,692.5,697.7,710.7,1166,30501,21426031.0
2023-06-22,2023-06-22,SUVIDHAA,B,4.05,4.05,3.96,3.97,4.0,64,32718,131022.0
2023-06-22,2023-06-22,UFBL,A,663.9,676.3,652.0,656.25,664.95,1523,17468,11562772.0
2023-06-22,2023-06-22,EKI,A,499.65,499.65,482.5,484.8,495.05,5923,161064,78566404.0
2023-06-22,2023-06-22,LODHA,A,644.05,651.45,637.0,646.6,643.85,2782,53263,34414311.0
2023-06-22,2023-06-22,DEEPINDS,B,182.1,183.0,176.65,177.2,180.85,445,18187,3235201.0
2023-06-22,2023-06-22,PGINVIT,IF,116.0,116.09,114.8,114.96,115.92,942,37009,4269473.0
2023-06-22,2023-06-22,MAFANG,B,62.48,62.48,61.3,61.46,63.07,469,57663,3555075.0
2023-06-22,2023-06-22,HEALTHIETF,B,87.2,87.4,86.52,86.66,87.44,35,690,59950.0
2023-06-22,2023-06-22,IWEL,B,2115.0,2280.1,2115.0,2153.75,2205.75,443,1677,3681424.0
2023-06-22,2023-06-22,VINEETLAB,B,51.15,51.94,50.8,51.26,50.1,37,1804,92620.0
2023-06-22,2023-06-22,SHYAMMETL,A,348.3,355.95,340.5,342.3,347.15,1044,20761,7235260.0
2023-06-22,2023-06-22,SONACOMS,A,516.95,521.0,512.1,514.25,513.1,3032,75448,38911035.0
2023-06-22,2023-06-22,NAVODAYENT,M,5.82,5.82,5.75,5.75,5.9,4,48000,278160.0
2023-06-22,2023-06-22,DODLA,A,567.0,586.0,567.0,571.8,565.05,431,4441,2561277.0
2023-06-22,2023-06-22,KIMS,A,1824.95,1853.5,1702.0,1820.05,1724.45,1535,9499,16908408.0
2023-06-22,2023-06-22,IPL,A,230.15,230.2,225.5,225.75,228.55,193,3094,701799.0
2023-06-22,2023-06-22,GRINFRA,A,1295.0,1310.0,1275.35,1292.95,1295.6,776,4111,5308022.0
2023-06-22,2023-06-22,CLEAN,A,1379.9,1379.9,1346.65,1363.1,1369.7,2624,15537,21145348.0
2023-06-22,2023-06-22,AAPLUSTRAD,M,18.05,18.13,17.87,17.9,18.81,20,224000,4032960.0
2023-06-22,2023-06-22,ETERNAL,A,75.5,75.83,73.75,74.42,75.11,12588,2423262,180635089.0
2023-06-22,2023-06-22,TATVA,A,1797.2,1834.95,1791.4,1824.15,1796.7,623,2964,5375773.0
2023-06-22,2023-06-22,ALIVUS,A,567.05,588.3,565.7,569.3,575.55,728,7319,4221647.0
2023-06-22,2023-06-22,BFSI,B,19.93,19.96,19.84,19.84,19.85,134,12044,240114.0
2023-06-22,2023-06-22,GCSL,M,265.1,266.0,261.0,261.0,290.0,24,36000,9508536.0
2023-06-22,2023-06-22,ROLEXRINGS,A,2182.5,2252.0,2182.5,2232.35,2227.05,1852,8923,19825651.0
2023-06-22,2023-06-22,FMCGIETF,B,534.1,536.99,530.1,531.27,535.26,96,1910,1014953.0
2023-06-22,2023-06-22,EXXARO,B,116.85,116.85,114.8,116.15,115.55,147,2709,314215.0
2023-06-22,2023-06-22,KRSNAA,B,586.1,587.0,576.55,579.45,583.35,234,2588,1504710.0
2023-06-22,2023-06-22,WINDLAS,B,305.0,308.25,293.6,297.55,306.9,626,17976,5375322.0
2023-06-22,2023-06-22,DEVYANI,A,191.0,193.45,190.05,190.75,190.15,821,35200,6743202.0
2023-06-22,2023-06-22,MOL,A,88.5,92.25,88.5,90.83,89.13,1987,195419,17840896.0
2023-06-22,2023-06-22,EPIGRAL,A,1139.95,1165.95,1118.35,1133.55,1118.25,1876,17208,19694828.0
2023-06-22,2023-06-22,CARTRADE,A,484.0,489.35,467.65,479.2,483.95,934,11499,5517903.0
2023-06-22,2023-06-22,NUVOCO,A,352.95,353.9,345.0,348.0,349.9,656,12669,4429332.0
2023-06-22,2023-06-22,APTUS,A,243.95,247.5,241.6,246.6,242.9,4316,164780,40356494.0
2023-06-22,2023-06-22,CHEMPLASTS,A,455.05,455.05,443.55,447.15,447.2,1308,30946,13862072.0
2023-06-22,2023-06-22,AASHKA,M,49.25,49.5,49.02,49.06,49.28,10,13000,639210.0
2023-06-22,2023-06-22,ITAXIS,B,300.1,301.25,299.44,299.96,301.64,14,47,14119.0
2023-06-22,2023-06-22,HEALTHAXIS,B,87.04,87.04,85.6,86.36,87.04,33,138,11952.0
2023-06-22,2023-06-22,ACUTAAS,A,1250.4,1308.0,1250.4,1279.9,1273.3,1515,12763,16425411.0
2023-06-22,2023-06-22,VIJAYA,A,460.05,465.9,445.0,452.35,472.65,1348,26350,12012251.0
2023-06-22,2023-06-22,NBL,MS,80.0,87.0,79.85,87.0,84.0,5,8000,657040.0
2023-06-22,2023-06-22,POBS,M,246.0,246.0,246.0,246.0,243.25,1,600,147600.0
2023-06-22,2023-06-22,CONSUMAXIS,B,82.6,82.6,82.57,82.57,82.72,4,231,19073.0
2023-06-22,2023-06-22,SANSERA,A,882.0,909.8,866.0,871.5,842.35,5172,83632,74167922.0
2023-06-22,2023-06-22,PREVEST,M,465.0,480.0,465.0,472.45,461.75,66,29200,13814080.0
2023-06-22,2023-06-22,MARKOLINES,M,111.0,113.85,111.0,111.35,113.0,8,6400,714480.0
2023-06-22,2023-06-22,MASPTOP50,B,31.7,31.91,31.3,31.33,31.79,268,17789,559685.0
2023-06-22,2023-06-22,SBLI,M,74.0,74.0,74.0,74.0,69.0,1,1200,88800.0
2023-06-22,2023-06-22,PARAS,A,621.05,643.4,613.7,638.75,619.15,2575,71955,45162185.0
2023-06-22,2023-06-22,GETALONG,M,131.1,140.0,131.1,131.1,138.0,4,8000,1066600.0
2023-06-22,2023-06-22,SVRL,M,149.0,149.0,147.0,149.0,149.0,6,15000,2212750.0
2023-06-22,2023-06-22,ABSLAMC,A,375.55,379.35,373.7,374.45,375.4,645,7129,2686423.0
2023-06-22,2023-06-22,CWD,MS,1170.0,1179.95,1120.0,1143.35,1173.0,11,1100,1258500.0
2023-06-22,2023-06-22,CONSUMIETF,B,82.03,83.09,82.03,82.49,82.9,12,12,993.0
2023-06-22,2023-06-22,NYKAA,A,150.0,153.2,147.05,148.55,150.45,11568,954091,143017585.0
2023-06-22,2023-06-22,FINOPB,B,247.95,261.0,245.0,257.2,247.9,846,20763,5287673.0
2023-06-22,2023-06-22,SJS,B,550.1,566.25,538.2,543.2,559.95,963,13399,7410771.0
2023-06-22,2023-06-22,EQUAL50ADD,B,224.27,224.43,222.19,223.95,224.29,41,1228,275085.0
2023-06-22,2023-06-22,SIGACHI,B,264.2,265.35,256.1,257.7,264.25,895,16890,4377226.0
2023-06-22,2023-06-22,POLICYBZR,A,658.05,665.85,649.65,657.25,663.25,1174,29913,19666945.0
2023-06-22,2023-06-22,SGFRL,M,49.4,49.4,49.25,49.25,45.0,3,9000,443850.0
2023-06-22,2023-06-22,PAYTM,A,873.85,884.95,861.6,866.85,872.95,8071,183823,160520803.0
2023-06-22,2023-06-22,SAPPHIRE,A,1418.9,1422.15,1371.1,1386.15,1419.15,189,578,810128.0
2023-06-22,2023-06-22,LATENTVIEW,A,362.05,366.95,351.35,354.15,361.75,3883,121497,43806747.0
2023-06-22,2023-06-22,TARSONS,A,600.55,613.15,586.7,597.9,600.5,1671,19265,11509150.0
2023-06-22,2023-06-22,OMNIPOTENT,M,9.6,9.6,9.6,9.6,9.8,1,2000,19200.0
2023-06-22,2023-06-22,GOCOLORS,A,1147.95,1147.95,1101.7,1116.8,1123.55,292,2666,2984031.0
2023-06-22,2023-06-22,HITECH,B,77.99,77.99,74.55,74.69,76.62,353,24796,1879592.0
2023-06-22,2023-06-22,STARHEALTH,A,550.1,559.95,538.45,543.05,550.35,3070,82731,45702347.0
2023-06-22,2023-06-22,TEGA,A,978.1,990.0,949.2,956.3,977.5,1014,12099,11722454.0
2023-06-22,2023-06-22,MAHKTECH,B,14.23,14.23,13.93,13.99,14.19,424,74104,1036523.0
2023-06-22,2023-06-22,ANANDRATHI,A,856.05,873.0,855.6,858.45,862.65,419,4885,4224180.0
2023-06-22,2023-06-22,ZODIAC,B,135.0,137.2,131.3,134.6,134.35,362,5961,799580.0
2023-06-22,2023-06-22,RATEGAIN,A,416.65,416.65,398.8,405.75,414.45,1315,28113,11463839.0
2023-06-22,2023-06-22,BBETF0432,F,1077.37,1079.99,1075.0,1079.99,1079.99,10,192,206989.0
2023-06-22,2023-06-22,SHRIRAMPPS,B,72.91,73.44,68.85,69.27,73.02,1378,142651,10061747.0
2023-06-22,2023-06-22,JETFREIGHT,B,11.48,11.48,11.2,11.25,11.5,218,12326,139347.0
2023-06-22,2023-06-22,MAPMYINDIA,A,1228.95,1228.95,1173.9,1185.6,1220.9,935,6256,7524656.0
2023-06-22,2023-06-22,METROBRAND,A,1002.05,1031.5,973.0,1006.15,1018.4,1119,13107,13121604.0
2023-06-22,2023-06-22,MEDPLUS,A,815.0,818.15,791.15,796.3,808.0,690,6017,4818166.0
2023-06-22,2023-06-22,DATAPATTNS,A,1913.95,1917.1,1815.5,1826.65,1914.3,3122,23738,44194380.0
2023-06-22,2023-06-22,HPAL,B,444.05,459.0,444.05,446.65,444.4,650,26130,11724834.0
2023-06-22,2023-06-22,SUPRIYA,A,251.95,251.95,246.5,247.95,251.9,802,18741,4659352.0
2023-06-22,2023-06-22,CLARA,M,196.0,196.0,193.0,193.0,192.0,2,1660,322870.0
2023-06-22,2023-06-22,MONQ50,B,53.49,53.49,53.06,53.16,53.24,9,2084,110892.0
2023-06-22,2023-06-22,MIDQ50ADD,B,176.0,176.0,174.57,174.85,176.13,24,148,25957.0
2023-06-22,2023-06-22,BRANDBUCKT,M,25.25,26.0,25.25,26.0,25.75,2,4000,102500.0
2023-06-22,2023-06-22,NIFTYADD,B,191.0,192.85,191.0,191.67,192.05,10,17,3265.0
2023-06-22,2023-06-22,CMSINFO,A,358.1,361.6,347.7,355.25,354.7,3196,118046,41893666.0
2023-06-22,2023-06-22,BCONCEPTS,T,324.0,329.55,324.0,328.0,313.9,43,3227,1057463.0
2023-06-22,2023-06-22,ASCENSIVE,MS,40.0,41.48,40.0,41.48,39.51,2,8000,325920.0
2023-06-22,2023-06-22,FABINO,M,30.05,30.05,30.05,30.05,31.9,1,3000,90150.0
2023-06-22,2023-06-22,WEL,B,230.9,230.9,220.8,224.65,224.4,20,35,7819.0
2023-06-22,2023-06-22,AUTOIETF,B,147.63,150.0,147.63,148.75,149.32,40,690,102986.0
2023-06-22,2023-06-22,AGSTRA,B,58.75,59.36,57.65,58.26,58.71,147,35961,2098549.0
2023-06-22,2023-06-22,SILVERIETF,E,71.71,71.91,70.38,70.63,71.91,246,18644,1316299.0
2023-06-22,2023-06-22,ALKOSIGN,M,84.0,85.0,84.0,85.0,81.0,4,6000,506700.0
2023-06-22,2023-06-22,MAKEINDIA,B,92.2,92.2,91.33,91.71,92.07,42,482,44285.0
2023-06-22,2023-06-22,AWL,A,420.8,422.45,408.25,418.35,418.6,10428,289394,120465390.0
2023-06-22,2023-06-22,SSTL,M,8.21,8.21,8.21,8.21,9.0,1,10000,82100.0
2023-06-22,2023-06-22,DEVIT,T,158.0,162.9,153.0,157.85,158.0,237,26547,4180136.0
2023-06-22,2023-06-22,MANYAVAR,A,1326.05,1361.7,1316.95,1327.9,1340.95,402,2343,3163530.0
2023-06-22,2023-06-22,SPITZE,M,160.0,163.0,159.5,163.0,159.95,5,5000,808450.0
2023-06-22,2023-06-22,MOMOMENTUM,B,42.76,42.76,42.28,42.28,42.61,9,10,425.0
2023-06-22,2023-06-22,SOFTTECH,B,147.35,148.85,141.8,147.5,146.95,64,560,82000.0
2023-06-22,2023-06-22,SILVER,E,70.98,71.1,70.44,70.63,71.91,160,6244,440927.0
2023-06-22,2023-06-22,TECH,B,29.7,30.19,29.36,29.62,29.81,65,4226,125831.0
2023-06-22,2023-06-22,HEALTHY,B,8.75,9.0,8.65,8.93,8.7,73,10688,95342.0
2023-06-22,2023-06-22,BSLNIFTY,B,21.27,21.35,21.21,21.26,21.36,16,85,1810.0
2023-06-22,2023-06-22,EKENNIS,M,86.0,87.0,86.0,87.0,88.15,3,2400,207200.0
2023-06-22,2023-06-22,MIDCAPETF,B,13.42,13.46,13.28,13.33,13.4,140,41204,548530.0
2023-06-22,2023-06-22,EUREKAFORB,A,593.0,593.0,550.05,568.55,587.4,3750,124304,70345278.0
2023-06-22,2023-06-22,GATEWAY,A,72.79,74.24,72.0,72.42,72.28,455,35769,2608520.0
2023-06-22,2023-06-22,GMRP&UI,B,17.75,18.08,17.5,17.89,17.78,283,39370,698723.0
2023-06-22,2023-06-22,BCCL,M,48.28,48.28,46.12,47.5,48.28,5,8000,379040.0
2023-06-22,2023-06-22,MSUMI,A,57.4,58.0,56.95,57.84,57.39,1095,182378,10506095.0
2023-06-22,2023-06-22,ACHYUT,M,36.17,36.17,36.17,36.17,34.45,1,4500,162765.0
2023-06-22,2023-06-22,EVOQ,M,16.49,16.5,15.75,16.5,16.49,6,24000,392880.0
2023-06-22,2023-06-22,MOLOWVOL,B,26.17,26.84,26.17,26.57,26.84,15,59,1572.0
2023-06-22,2023-06-22,AVROIND,B,131.15,133.05,129.05,130.5,132.25,188,12127,1597515.0
2023-06-22,2023-06-22,UMAEXPORTS,T,56.12,57.92,56.12,56.12,59.07,210,17359,974740.0
2023-06-22,2023-06-22,VERANDA,B,169.0,171.9,166.0,167.6,169.75,225,4396,740050.0
2023-06-22,2023-06-22,SEML,M,261.05,264.3,261.05,262.0,260.25,20,10000,2619950.0
2023-06-22,2023-06-22,HARIOMPIPE,B,663.0,674.35,615.5,630.6,667.6,2829,26475,17084763.0
2023-06-22,2023-06-22,EIGHTY,M,55.95,55.95,49.4,49.96,59.4,12,36000,1836570.0
2023-06-22,2023-06-22,GLHRL,M,40.11,40.5,40.0,40.0,42.0,7,7000,281010.0
2023-06-22,2023-06-22,FONE4,M,4.33,5.19,3.61,4.92,4.5,13,220000,875000.0
2023-06-22,2023-06-22,CAMPUS,B,323.1,324.0,311.3,317.95,323.3,3761,69181,22149773.0
2023-06-22,2023-06-22,RAINBOW,B,976.15,976.15,954.2,963.7,977.35,861,9643,9332011.0
2023-06-22,2023-06-22,SILVERTUC,B,392.55,395.25,384.25,386.7,387.4,25,3041,1186300.0
2023-06-22,2023-06-22,LICI,A,636.55,653.75,636.55,641.9,636.25,14343,413026,266499271.0
2023-06-22,2023-06-22,PRUDENT,B,925.65,944.75,913.2,914.7,925.45,257,1059,983513.0
2023-06-22,2023-06-22,VENUSPIPES,B,1140.0,1141.0,1129.1,1132.0,1134.45,124,4178,4732663.0
2023-06-22,2023-06-22,DELHIVERY,A,401.95,416.75,379.7,386.65,388.4,11328,18897118,7289789721.0
2023-06-22,2023-06-22,PARADEEP,B,59.26,64.23,59.26,63.61,58.43,7694,1809755,112685208.0
2023-06-22,2023-06-22,TIERRA,X,120.0,122.9,117.1,122.35,121.55,14,4186,509684.0
2023-06-22,2023-06-22,ETHOSLTD,B,1329.0,1333.95,1299.0,1309.55,1320.25,288,8838,11560702.0
2023-06-22,2023-06-22,EMUDHRA,B,409.0,418.0,403.05,406.65,409.1,1157,18740,7689767.0
2023-06-22,2023-06-22,AETHER,B,1135.05,1210.8,1115.0,1162.55,1100.75,7555,99373,116641589.0
2023-06-22,2023-06-22,WEWIN,B,38.3,38.7,38.15,38.7,38.97,14,374,14378.0
2023-06-22,2023-06-22,SILVERPRL,M,7.6,7.9,7.6,7.9,7.6,2,16000,124000.0
2023-06-22,2023-06-22,GOEL,M,156.0,156.0,156.0,156.0,166.3,1,800,124800.0
2023-06-22,2023-06-22,MODIS,M,184.0,189.85,180.55,188.95,180.15,34,46400,8704000.0
2023-06-22,2023-06-22,PGCRL,M,170.05,170.1,170.0,170.0,170.0,5,3000,510120.0
2023-06-22,2023-06-22,JAYANT,M,66.6,66.99,64.0,66.0,66.53,11,8250,540007.0
2023-06-22,2023-06-22,VEERKRUPA,M,3.08,3.17,3.01,3.17,3.14,4,66800,207414.0
2023-06-22,2023-06-22,HEALTHYLIFE,M,6.76,6.94,6.76,6.76,7.02,6,60000,410500.0
2023-06-22,2023-06-22,DDEVPLSTIK,X,223.0,228.0,192.0,200.1,215.9,5331,326922,66997767.0
2023-06-22,2023-06-22,MOHEALTH,B,25.3,25.3,24.91,24.98,25.2,14,559,13945.0
2023-06-22,2023-06-22,MOM30IETF,B,21.41,21.41,21.27,21.27,21.45,8,10,213.0
2023-06-22,2023-06-22,HDFCNIF100,B,191.0,192.0,189.0,189.0,189.47,9,116,22257.0
2023-06-22,2023-06-22,HDFCNEXT50,B,441.1,445.24,436.2,445.24,444.0,5,8,3523.0
2023-06-22,2023-06-22,INFRAIETF,B,58.0,58.0,57.56,57.56,58.14,6,6,346.0
2023-06-22,2023-06-22,SILVERADD,E,69.7,69.7,68.1,68.25,69.67,8,229,15632.0
2023-06-22,2023-06-22,SYRMA,B,440.05,456.0,440.05,446.55,443.05,1104,36852,16652938.0
2023-06-22,2023-06-22,NIFTYQLITY,B,15.59,15.84,15.25,15.5,15.67,33,1022,15857.0
2023-06-22,2023-06-22,MOMENTUM,B,21.3,21.3,21.01,21.1,21.33,18,352,7403.0
2023-06-22,2023-06-22,MOVALUE,B,53.6,53.6,53.02,53.29,53.7,10,212,11293.0
2023-06-22,2023-06-22,MOQUALITY,B,131.5,131.5,129.9,129.9,131.5,7,8,1045.0
2023-06-22,2023-06-22,OLATECH,M,114.3,114.3,114.3,114.3,114.3,1,2000,228600.0
2023-06-22,2023-06-22,NATURO,M,12.0,12.0,12.0,12.0,12.45,1,4000,48000.0
2023-06-22,2023-06-22,RHETAN,M,10.18,10.18,10.18,10.18,10.3,1,7500,76350.0
2023-06-22,2023-06-22,DREAMFOLKS,B,553.05,573.95,553.05,563.05,575.75,2642,63654,36021380.0
2023-06-22,2023-06-22,HDFCSILVER,E,69.2,69.49,67.8,68.0,69.35,121,5979,406818.0
2023-06-22,2023-06-22,DBOL,B,184.05,191.5,183.85,186.25,186.35,1575,49294,9285476.0
2023-06-22,2023-06-22,DPL,M,24.9,25.4,23.31,24.9,24.97,13,39000,941790.0
2023-06-22,2023-06-22,TMB,B,447.95,450.05,434.75,436.85,439.35,711,8174,3597986.0
2023-06-22,2023-06-22,VOEPL,M,199.0,199.0,181.1,193.0,196.45,131,149000,28252500.0
2023-06-22,2023-06-22,KSOLVES,B,900.0,900.0,869.65,874.95,890.05,526,3629,3174176.0
2023-06-22,2023-06-22,HARSHA,B,448.75,460.85,438.7,440.5,449.25,1565,23068,10394848.0
2023-06-22,2023-06-22,HDFCQUAL,B,42.5,42.65,42.5,42.65,42.4,7,228,9690.0
2023-06-22,2023-06-22,HDFCGROWTH,B,95.1,95.25,94.85,95.13,95.7,4,4,380.0
2023-06-22,2023-06-22,HDFCVALUE,B,98.3,98.3,97.61,97.61,98.8,10,16,1564.0
2023-06-22,2023-06-22,TIPSFILMS,B,548.75,556.25,543.8,546.5,541.15,259,1854,1020394.0
2023-06-22,2023-06-22,SRSOLTD,M,156.0,158.3,152.25,153.85,154.6,23,20000,3108400.0
2023-06-22,2023-06-22,TLL,M,135.25,135.25,135.25,135.25,135.25,2,13200,1785300.0
2023-06-22,2023-06-22,REETECH,M,55.17,56.5,55.0,56.5,55.29,7,8400,471192.0
2023-06-22,2023-06-22,CARGOTRANS,M,84.0,84.0,84.0,84.0,84.41,1,1500,126000.0
2023-06-22,2023-06-22,CNCRD,M,288.95,300.0,278.05,293.6,272.9,65,34000,10003475.0
2023-06-22,2023-06-22,INA,M,120.6,122.5,120.0,122.15,121.5,21,21000,2545600.0
2023-06-22,2023-06-22,CARGOSOL,M,45.0,45.0,45.0,45.0,44.0,1,4000,180000.0
2023-06-22,2023-06-22,STML,M,135.0,162.0,135.0,162.0,135.0,59,72000,10889100.0
2023-06-22,2023-06-22,VEDANTASSET,M,40.0,41.89,40.0,41.89,42.0,2,6000,245670.0
2023-06-22,2023-06-22,MAAGHADV,M,34.9,34.9,34.9,34.9,33.24,2,4000,139600.0
2023-06-22,2023-06-22,SECURCRED,B,24.0,24.0,22.8,23.05,23.75,162,39892,931778.0
2023-06-22,2023-06-22,EMIL,B,82.9,82.9,78.25,79.55,81.78,383,33415,2682652.0
2023-06-22,2023-06-22,HDFCLOWVOL,B,144.1,144.1,142.33,142.51,144.79,4,4,572.0
2023-06-22,2023-06-22,HDFCMOMENT,B,212.94,212.94,210.36,210.36,211.32,5,5,1056.0
2023-06-22,2023-06-22,PPLPHARMA,B,95.25,95.25,91.67,92.69,94.76,1678,264218,24704999.0
2023-06-22,2023-06-22,DCI,T,163.0,163.0,155.25,158.9,163.0,23,278,43710.0
2023-06-22,2023-06-22,PACE,M,21.0,21.99,21.0,21.11,21.03,25,31200,672660.0
2023-06-22,2023-06-22,TRACXN,B,81.0,82.49,78.84,79.68,81.43,474,30309,2437794.0
2023-06-22,2023-06-22,NARMADA,B,20.27,21.65,19.55,20.17,19.96,97,9094,184964.0
2023-06-22,2023-06-22,INFOBEAN,B,458.85,460.75,453.05,456.7,456.25,379,3501,1598153.0
2023-06-22,2023-06-22,HPIL,B,88.0,94.3,88.0,93.45,92.81,150,2372,218421.0
2023-06-22,2023-06-22,DCXINDIA,B,269.65,269.7,252.15,258.2,267.15,2423,69326,17965585.0
2023-06-22,2023-06-22,DAPS,M,31.2,31.2,31.2,31.2,31.5,1,4000,124800.0
2023-06-22,2023-06-22,FUSION,B,481.05,549.85,481.05,548.8,532.7,1722,38148,20731943.0
2023-06-22,2023-06-22,BIKAJI,B,406.05,425.3,406.05,420.7,410.6,2036,42764,17859132.0
2023-06-22,2023-06-22,MEDANTA,B,660.85,662.5,637.2,645.75,660.85,1356,24799,16067095.0
2023-06-22,2023-06-22,TECHNOPACK,M,81.51,83.5,81.51,83.33,81.11,6,12000,994600.0
2023-06-22,2023-06-22,ACI,B,544.75,545.2,531.5,539.85,537.3,433,7234,3894712.0
2023-06-22,2023-06-22,FIVESTAR,B,661.9,669.15,637.75,642.65,658.15,961,10098,6584248.0
2023-06-22,2023-06-22,KAYNES,B,1600.05,1600.05,1552.0,1559.4,1598.15,638,5081,7983428.0
2023-06-22,2023-06-22,HDFCNIFIT,B,292.8,292.8,290.55,290.7,293.18,11,262,76289.0
2023-06-22,2023-06-22,HDFCPVTBAN,B,224.5,224.5,223.71,223.71,226.0,2,2,448.0
2023-06-22,2023-06-22,INOXGREEN,B,57.19,57.71,55.5,55.75,57.19,622,137315,7775272.0
2023-06-22,2023-06-22,BBTCL,B,252.1,252.1,235.0,242.2,250.9,117,3236,778867.0
2023-06-22,2023-06-22,RUSTOMJEE,B,546.05,552.45,542.3,547.85,549.05,236,2313,1266222.0
2023-06-22,2023-06-22,VINNY,T,6.11,6.22,5.82,5.85,6.11,157,96135,565547.0
2023-06-22,2023-06-22,AAATECH,B,51.4,53.13,51.0,51.55,51.89,28,682,35469.0
2023-06-22,2023-06-22,FINIETF,B,18.9,18.9,18.67,18.67,18.9,28,148,2774.0
2023-06-22,2023-06-22,SIRCA,B,358.0,359.05,346.55,350.3,356.4,1067,20437,7200803.0
2023-06-22,2023-06-22,DHARMAJ,B,182.0,182.0,177.35,177.7,180.4,196,2739,491636.0
2023-06-22,2023-06-22,SARVESHWAR,B,72.6,72.6,71.75,71.98,72.05,24,921,66303.0
2023-06-22,2023-06-22,UNIPARTS,B,555.0,574.8,552.25,566.8,559.05,764,12504,7016987.0
2023-06-22,2023-06-22,EBBETF0433,F,1045.13,1046.25,1044.11,1046.25,1049.5,5,207,216333.0
2023-06-22,2023-06-22,GARGI,M,173.0,179.95,171.9,171.95,171.4,14,28000,4913600.0
2023-06-22,2023-06-22,COMMOIETF,B,60.6,60.72,60.26,60.26,60.8,5,37,2241.0
2023-06-22,2023-06-22,SULA,B,474.0,489.6,462.15,470.3,470.4,3921,123013,58381335.0
2023-06-22,2023-06-22,AFSL,B,291.5,311.5,291.0,302.35,290.6,3304,71808,21722144.0
2023-06-22,2023-06-22,DRONACHRYA,M,178.0,180.3,165.0,166.65,176.15,202,223000,38309900.0
2023-06-22,2023-06-22,LANDMARK,B,690.0,690.0,658.7,663.6,676.5,1092,7594,5105045.0
2023-06-22,2023-06-22,IEL,T,8.32,8.4,8.05,8.12,8.26,89,38828,316905.0
2023-06-22,2023-06-22,KFINTECH,B,350.1,359.35,345.1,350.95,353.1,1512,25926,9078562.0
2023-06-22,2023-06-22,ELIN,B,169.15,170.65,164.15,165.95,169.15,828,26578,4454373.0
2023-06-22,2023-06-22,RADIANTCMS,B,94.55,95.6,93.4,93.71,93.7,131,5325,504704.0
2023-06-22,2023-06-22,AVEER,T,450.0,450.5,433.4,450.5,450.0,12,487,218395.0
2023-06-22,2023-06-22,BANKADD,B,44.5,44.7,43.89,43.89,44.14,12,32,1410.0
2023-06-22,2023-06-22,AERONEU,B,90.5,94.0,89.94,92.83,92.2,95,7657,710002.0
2023-06-22,2023-06-22,REXSEAL,M,102.65,102.65,102.65,102.65,103.6,1,1000,102650.0
2023-06-22,2023-06-22,SVS,M,9.31,9.43,9.31,9.43,8.99,6,36000,338580.0
2023-06-22,2023-06-22,LOGICA,M,240.0,292.0,240.0,289.5,252.0,13,20400,5397990.0
2023-06-22,2023-06-22,KAMOPAINTS,B,244.75,248.8,240.75,246.2,243.0,1281,27717,6752862.0
2023-06-22,2023-06-22,AARTIPHARM,B,386.7,393.45,383.2,385.9,388.35,1333,14054,5449612.0
2023-06-22,2023-06-22,DHARNI,M,25.0,25.0,25.0,25.0,25.06,1,6000,150000.0
2023-06-22,2023-06-22,TRANSVOY,M,80.09,80.09,74.05,78.27,78.0,4,6400,496656.0
2023-06-22,2023-06-22,EARTH,M,58.0,59.0,56.7,58.2,55.0,26,78000,4532430.0
2023-06-22,2023-06-22,ASHIKAG,X,38.7,38.7,33.35,37.48,35.38,25,1159,43890.0
2023-06-22,2023-06-22,BTML,T,145.0,145.0,141.5,143.7,144.5,4,6,866.0
2023-06-22,2023-06-22,NSLNISP,B,43.99,43.99,43.25,43.75,43.71,1954,488946,21372441.0
2023-06-22,2023-06-22,INDONG,M,28.57,28.57,27.5,28.09,27.9,25,108000,3017760.0
2023-06-22,2023-06-22,HDFCBSE500,B,21.3,26.2,21.3,25.63,25.82,18,84,2162.0
2023-06-22,2023-06-22,HDFCSML250,B,105.9,106.15,104.58,104.77,105.93,127,5661,595499.0
2023-06-22,2023-06-22,HDFCMID150,B,133.5,133.5,132.23,132.23,134.0,14,44,5840.0
2023-06-22,2023-06-22,GOLDETF,E,58.75,58.75,58.41,58.41,58.66,9,34,1994.0
2023-06-22,2023-06-22,SEALMATIC,M,346.9,347.45,342.0,342.6,344.0,16,10800,3720300.0
2023-06-22,2023-06-22,ROBU,M,260.0,264.9,255.1,264.9,265.3,29,38400,9968700.0
2023-06-22,2023-06-22,PATRON,M,13.65,13.66,13.05,13.23,13.01,21,88000,1171240.0
2023-06-22,2023-06-22,SVJ,M,48.36,53.0,48.36,48.36,50.9,51,231000,11220840.0
2023-06-22,2023-06-22,RESGEN,M,44.0,47.4,44.0,44.8,44.0,71,219000,9940530.0
2023-06-22,2023-06-22,ITCONS,M,43.28,43.28,40.39,41.39,42.0,5,10000,420300.0
2023-06-22,2023-06-22,AIRAN,B,18.7,18.7,17.4,17.49,18.46,462,68140,1226774.0
2023-06-22,2023-06-22,DIVGIITTS,B,852.95,856.8,837.3,840.9,835.25,673,4918,4168196.0
2023-06-22,2023-06-22,PCL,M,71.0,71.0,58.1,68.1,72.5,4,8000,536400.0
2023-06-22,2023-06-22,PSUBNKIETF,B,41.1,41.1,40.5,40.54,41.16,19,24,977.0
2023-06-22,2023-06-22,SUDARSHAN,M,69.49,69.49,67.5,68.7,69.0,6,9600,654000.0
2023-06-22,2023-06-22,GSLSU,B,195.6,204.2,195.6,197.85,200.65,289,7014,1405976.0
2023-06-22,2023-06-22,LABELKRAFT,M,67.55,71.79,67.55,71.79,68.5,4,8000,562480.0
2023-06-22,2023-06-22,BRIGHT,M,195.05,223.4,195.05,219.85,191.3,229,700000,141517500.0
2023-06-22,2023-06-22,DEVLAB,M,63.7,63.7,62.99,63.4,64.75,4,10000,632980.0
2023-06-22,2023-06-22,SENSEXAXIS,B,63.99,63.99,63.15,63.15,62.8,2,372,23492.0
2023-06-22,2023-06-22,LOWVOL,B,143.33,143.33,143.33,143.33,144.9,1,2,286.0
2023-06-22,2023-06-22,JAFINANCE,XT,37.0,37.0,37.0,37.0,35.48,1,1,37.0
2023-06-22,2023-06-22,USK,B,31.39,31.95,30.9,31.07,31.59,265,28962,904534.0
2023-06-22,2023-06-22,MAIDEN,M,90.1,93.6,89.0,89.35,91.87,18,36000,3292540.0
2023-06-22,2023-06-22,EMAMILTD7,T,425.0,425.0,425.0,425.0,420.0,1,50,21250.0
2023-06-22,2023-06-22,EXHICON,M,192.65,192.65,180.0,184.7,183.5,60,134000,25318300.0
2023-06-22,2023-06-22,AVALON,B,550.0,564.0,526.4,529.45,543.95,1810,45915,24934787.0
2023-06-22,2023-06-22,SANCODE,M,57.02,57.02,56.85,56.85,59.0,2,6000,341610.0
2023-06-22,2023-06-22,BLAL,B,174.65,174.65,162.85,167.6,170.05,791,20468,3427197.0
2023-06-22,2023-06-22,SILVERBETA,E,70.1,70.49,68.6,69.01,71.66,332,13556,941061.0
2023-06-22,2023-06-22,RHL,B,95.0,97.66,94.7,94.75,94.75,74,5609,541675.0
2023-06-22,2023-06-22,RETINA,M,43.5,43.5,41.6,42.25,41.9,9,36000,1531200.0
2023-06-22,2023-06-22,GOLDADD,E,58.0,59.0,57.5,58.29,58.19,53,3243,190232.0
2023-06-22,2023-06-22,MANKIND,B,1721.05,1746.95,1643.95,1681.0,1696.45,5305,48632,82048110.0
2023-06-22,2023-06-22,INNOKAIZ,M,112.6,112.6,110.0,110.3,114.0,19,38400,4261760.0
2023-06-22,2023-06-22,AVG,B,278.25,280.0,264.5,264.9,271.35,118,11337,3144373.0
2023-06-22,2023-06-22,ATALREAL,B,120.2,122.4,119.3,121.65,119.6,243,12689,1524002.0
2023-06-22,2023-06-22,PIGL,B,60.5,60.5,54.35,54.81,55.7,56,3436,190091.0
2023-06-22,2023-06-22,NXST,IF,105.0,106.49,104.9,105.47,105.05,467,30095,3168311.0
2023-06-22,2023-06-22,PAVNAIND,B,316.4,325.0,310.0,318.4,312.0,7,10,3183.0
2023-06-22,2023-06-22,HSIL,M,215.0,215.0,200.51,203.72,206.2,53,89600,18615440.0
2023-06-22,2023-06-22,SIGMA,B,381.6,384.65,368.45,368.45,387.8,373,4341,1620690.0
2023-06-22,2023-06-22,GHCLTEXTIL,T,66.55,69.0,65.0,68.1,66.55,368,39277,2629203.0
2023-06-22,2023-06-22,MKPL,B,583.65,608.0,583.65,608.0,579.25,42,442,267200.0
2023-06-22,2023-06-22,CFF,MT,199.0,201.0,185.0,187.6,192.3,170,163200,31296240.0
2023-06-22,2023-06-22,COMRADE,MT,104.21,104.21,97.01,97.49,102.11,11,22000,2198720.0
2023-06-22,2023-06-22,SILVERAG,E,69.85,69.85,68.56,68.99,69.85,23,380,26208.0
2023-06-22,2023-06-22,IKIO,B,438.65,452.55,438.0,446.9,437.1,6236,146399,65210691.0
2023-06-22,2023-06-22,SONALIS,MT,46.17,46.17,46.17,46.17,43.98,4,20000,923400.0
2023-06-22,2023-06-22,SENSEXIETF,A,689.57,705.56,689.57,702.45,703.18,16,78,54929.0
2023-06-22,2023-06-22,TATAMTRDVR,A,313.95,317.2,306.05,307.65,311.9,4787,195378,60809721.0
2023-06-22,2023-06-22,FELDVR,T,4.5,4.75,4.5,4.73,4.53,21,18414,85683.0
2023-06-22,2023-06-22,JISLDVREQS,B,21.27,21.86,20.81,21.07,21.49,180,13281,282451.0
2023-06-22,2023-06-22,GATECHDVR,T,16.49,16.49,15.71,16.39,16.49,22,12769,202932.0
2023-06-22,2023-06-22,KARURVYSYA,B,123.85,126.8,122.0,122.45,122.85,2148,176823,22000248.0
2023-06-22,2023-06-22,VEEDOL,B,975.75,995.35,971.0,975.9,975.75,885,9044,8881208.0
2023-06-22,2023-06-22,AMRUTANJAN,B,613.8,661.95,613.8,636.95,618.15,1248,10342,6646216.0
2023-06-22,2023-06-22,XPROINDIA,B,865.0,879.75,847.7,857.2,866.1,866,7865,6756517.0
2023-06-22,2023-06-22,HISARMETAL,B,144.1,146.7,141.5,142.25,142.15,71,395,56439.0
2023-06-22,2023-06-22,BHARATRAS,B,9699.9,9776.4,9645.0,9663.1,9728.7,53,84,816373.0
2023-06-22,2023-06-22,FACT,B,411.05,431.0,407.6,424.15,413.6,4041,176116,74098168.0
2023-06-22,2023-06-22,GINNIFILA,T,30.5,30.5,29.1,29.1,30.63,112,36228,1060103.0
2023-06-22,2023-06-22,SPIC,B,68.2,69.77,67.1,67.9,68.2,966,136551,9352722.0
2023-06-22,2023-06-22,DENORA,B,1568.3,1677.0,1568.3,1663.4,1593.4,1511,6479,10499671.0
2023-06-22,2023-06-22,KAVDEFENCE,T,8.97,8.97,8.97,8.97,9.44,25,6812,61103.0
2023-06-22,2023-06-22,SAKSOFT,B,321.1,327.35,312.0,319.15,324.6,1771,35801,11425036.0
2023-06-22,2023-06-22,SALONA,B,268.5,268.55,250.25,254.6,266.75,153,849,222830.0
2023-06-22,2023-06-22,EQUIPPP,T,29.0,29.92,28.0,29.85,28.5,101,9159,268950.0
2023-06-22,2023-06-22,ANDHRSUGAR,B,111.8,116.25,111.8,112.55,111.8,880,22497,2563757.0
2023-06-22,2023-06-22,IMPAL,B,789.25,790.5,780.0,786.75,799.25,69,565,442745.0
2023-06-22,2023-06-22,KCP,B,108.4,109.25,107.0,107.05,108.1,329,5213,563969.0
2023-06-22,2023-06-22,RADAAN,B,2.01,2.1,2.0,2.08,2.0,55,68732,142022.0
2023-06-22,2023-06-22,SUNDARMFIN,B,2614.3,2624.9,2584.8,2597.7,2608.45,405,912,2378797.0
2023-06-22,2023-06-22,SUNDRMBRAK,B,354.9,359.5,351.05,353.15,352.7,101,426,151733.0
2023-06-22,2023-06-22,WHEELS,B,667.9,671.9,652.0,657.55,667.8,110,505,334286.0
2023-06-22,2023-06-22,LAMBODHARA,T,164.05,166.0,157.05,158.75,164.05,107,4957,801817.0
2023-06-22,2023-06-22,MAITHANALL,B,1001.0,1007.9,980.9,986.6,1001.55,671,7035,7011225.0
2023-06-22,2023-06-22,LOHIASECURI,XT,200.05,203.9,194.05,200.2,203.95,26,283,56153.0
2023-06-22,2023-06-22,ORISSAMINE,B,3390.0,3428.2,3005.0,3075.6,3288.15,1789,9249,29813212.0
2023-06-22,2023-06-22,GOLDBEES,E,50.04,50.09,49.83,49.88,50.1,7426,550564,27498558.0
2023-06-22,2023-06-22,LIQUIDBEES,F,1000.0,1000.01,999.99,1000.01,1000.0,186,108220,108220827.0
2023-06-22,2023-06-22,GOLD1,E,50.13,50.21,49.9,49.92,50.13,92,6187,309308.0
2023-06-22,2023-06-22,SETFGOLD,E,51.52,51.63,51.16,51.31,51.52,606,62169,3193796.0
2023-06-22,2023-06-22,QGOLDHALF,E,49.99,49.99,49.51,49.66,49.9,46,2535,126041.0
2023-06-22,2023-06-22,GOLDBETA,E,50.4,50.5,49.86,49.92,50.4,376,17624,883381.0
2023-06-22,2023-06-22,NIFTYBEES,B,206.94,207.26,206.1,206.27,206.95,1366,80994,16733390.0
2023-06-22,2023-06-22,JUNIORBEES,B,462.85,465.95,458.2,458.87,464.17,178,5145,2368458.0
2023-06-22,2023-06-22,BANKBEES,B,444.87,447.39,441.46,444.25,445.42,222,5185,2310467.0
2023-06-22,2023-06-22,PSUBANK,B,409.11,409.67,401.25,401.63,409.11,55,149,60561.0
2023-06-22,2023-06-22,PSUBNKBEES,B,45.35,45.75,44.82,44.99,45.6,390,113304,5113572.0
2023-06-22,2023-06-22,SHARIABEES,B,415.0,418.0,410.0,410.5,413.7,20,50,20585.0
2023-06-22,2023-06-22,QNIFTY,B,2005.0,2005.0,1996.0,1996.0,2004.1,9,19,38028.0
2023-06-22,2023-06-22,HNGSNGBEES,E,277.65,280.49,275.0,279.31,277.59,509,12008,3325358.0
2023-06-22,2023-06-22,MOM50,B,190.91,190.91,190.44,190.44,190.09,2,2,381.0
2023-06-22,2023-06-22,GRADIENTE,XT,6.68,6.84,6.65,6.72,6.54,50,53449,357242.0
2023-06-22,2023-06-22,MADRASFERT,B,76.26,79.1,76.24,77.27,76.25,909,61458,4764314.0
2023-06-22,2023-06-22,BANKNIFTY1,B,446.9,448.33,444.8,445.15,446.95,55,1059,473333.0
2023-06-22,2023-06-22,SETFNIFBK,B,443.0,443.7,440.55,441.1,441.58,46,174,76955.0
2023-06-22,2023-06-22,SETFNIF50,B,195.5,196.11,194.82,194.88,195.6,192,29116,5691409.0
2023-06-22,2023-06-22,MBLNCRPS,F,89.1,89.83,88.5,88.5,89.81,7,6010,539407.0
2023-06-22,2023-06-22,9TVSHL24,F,10.09,10.1,10.05,10.05,10.07,33,99057,997959.0
2023-06-22,2023-06-22,KCDRE,R,1.58,1.65,1.58,1.65,1.58,54,275928,455225.0
2023-06-22,2023-06-22,NECLTDRE,R,0.55,0.6,0.5,0.5,0.55,19,10338,5938.0
2023-06-22,2023-06-22,UCWLRE,R,5.04,5.07,4.31,4.39,5.07,2153,1175839,5279213.0
2023-06-22,2023-06-22,SGB20151,G,5999.0,5999.0,5999.0,5999.0,5999.0,2,10,59990.0
2023-06-22,2023-06-22,SGB2016I,G,5990.0,6000.0,5990.0,5995.0,5964.8,2,2,11990.0
2023-06-22,2023-06-22,SGB2016II,G,5999.0,5999.0,5999.0,5999.0,5995.0,1,1,5999.0
2023-06-22,2023-06-22,SGBAUG24,G,5996.0,5996.0,5925.0,5950.0,5996.0,6,9,53519.0
2023-06-22,2023-06-22,SGBSEP24,G,5895.0,5978.0,5801.0,5978.0,5895.0,8,28,164347.0
2023-06-22,2023-06-22,SGBMAR25,G,5877.82,5877.82,5877.0,5877.0,5877.82,6,23,135187.0
2023-06-22,2023-06-22,SGBOCT25,G,6029.99,6029.99,6029.99,6029.99,6048.0,1,1,6029.0
2023-06-22,2023-06-22,SGBDEC25,G,6000.0,6129.0,5930.95,5930.95,6135.0,14,26,157019.0
2023-06-22,2023-06-22,SGBOCT26,G,5999.0,5999.0,5999.0,5999.0,6147.0,1,2,11998.0
2023-06-22,2023-06-22,SGBJUN27,G,5924.91,5924.91,5924.91,5924.91,5924.91,10,241,1427903.0
2023-06-22,2023-06-22,SGBAUG27,G,5822.0,6089.4,5822.0,5951.59,6245.0,12,93,553563.0
2023-06-22,2023-06-22,SGBOCT27,G,5850.0,5850.0,5850.0,5850.0,5890.0,1,1,5850.0
2023-06-22,2023-06-22,SGBJ28VIII,G,5949.0,5949.0,5949.0,5949.0,5825.03,1,1,5949.0
2023-06-22,2023-06-22,SGBMAR28X,G,5848.0,5848.0,5848.0,5848.0,5890.0,1,5,29240.0
2023-06-22,2023-06-22,SGBAPR28I,G,5881.0,5919.0,5881.0,5899.49,5894.31,25,206,1213756.0
2023-06-22,2023-06-22,SGBMAY28,G,5925.0,5925.0,5826.0,5849.0,5861.0,17,72,422109.0
2023-06-22,2023-06-22,SGBJUN28,G,5815.0,5878.99,5815.0,5836.7,5888.2,9,19,110897.0
2023-06-22,2023-06-22,SGBJUL28IV,G,5885.75,5895.0,5862.0,5868.28,5885.75,15,295,1731312.0
2023-06-22,2023-06-22,SGBAUG28V,G,5900.0,5900.0,5822.01,5864.28,5899.21,49,355,2083635.0
2023-06-22,2023-06-22,SGBSEP28VI,G,5831.0,5870.0,5831.0,5860.0,5902.57,4,7,41001.0
2023-06-22,2023-06-22,SGBOC28VII,G,5870.0,5870.0,5870.0,5870.0,5850.0,2,4,23480.0
2023-06-22,2023-06-22,SGBN28VIII,G,5880.0,5880.0,5880.0,5880.0,5880.0,2,9,52920.0
2023-06-22,2023-06-22,SGBJAN29IX,G,5860.0,5875.0,5860.0,5870.2,5901.0,4,9,52790.0
2023-06-22,2023-06-22,SGBJAN29X,G,5920.0,5925.0,5920.0,5925.0,5915.0,2,5,29610.0
2023-06-22,2023-06-22,SGBFEB29XI,G,5889.0,5899.0,5889.0,5899.0,5850.0,3,18,106156.0
2023-06-22,2023-06-22,SGBMR29XII,G,5850.0,5867.0,5842.0,5845.67,5868.0,47,141,824977.0
2023-06-22,2023-06-22,SGBMAY29I,G,5850.0,5857.0,5844.0,5851.25,5862.22,35,86,503065.0
2023-06-22,2023-06-22,SGBJUN29II,G,5854.78,5860.0,5854.78,5859.0,5860.0,3,4,23432.0
2023-06-22,2023-06-22,SGBJU29III,G,5840.0,5860.0,5840.0,5850.0,5865.0,13,68,397805.0
2023-06-22,2023-06-22,SGBJUL29IV,G,5900.0,5900.0,5852.0,5854.0,5908.95,5,23,134719.0
2023-06-22,2023-06-22,SGBAUG29V,G,5879.38,5899.0,5860.0,5868.1,5879.38,19,66,387679.0
2023-06-22,2023-06-22,SGBSEP29VI,G,5871.0,5871.0,5850.0,5850.0,5871.0,12,75,438792.0
2023-06-22,2023-06-22,SGBNV29VII,G,5850.13,5868.0,5835.5,5863.06,5850.13,9,30,175739.0
2023-06-22,2023-06-22,SGBD29VIII,G,6070.0,6070.0,6070.0,6070.0,5855.63,1,1,6070.0
2023-06-22,2023-06-22,SGBJAN30IX,G,5876.0,5890.0,5850.0,5850.01,5876.78,14,77,450718.0
2023-06-22,2023-06-22,SGBMAR30X,G,5910.0,5910.0,5871.0,5880.0,5865.02,4,9,52896.0
2023-06-22,2023-06-22,738GS2027,G,102.0,102.0,101.35,101.4,101.6,29,25670,2604736.0
2023-06-22,2023-06-22,SGBJUN30,G,5901.0,5949.0,5901.0,5935.0,5947.0,16,21,124663.0
2023-06-22,2023-06-22,SGBAUG30,G,5885.0,5950.0,5885.0,5901.0,5945.0,6,25,147503.0
2023-06-22,2023-06-22,SGBDE30III,G,5925.0,5925.0,5904.01,5924.99,5916.27,8,24,141989.0
2023-06-22,2023-06-22,741GS2036,G,102.5,102.5,102.5,102.5,105.5,1,10000,1025000.0
2023-06-22,2023-06-22,SGBMAR31IV,G,5821.01,5930.0,5821.01,5900.0,5880.66,18,32,188641.0
2023-06-22,2023-06-22,AIRTELPP,A,442.25,449.95,441.0,448.35,443.85,89,1056,470937.0
2023-06-22,2023-06-22,AURUMPP,B,69.0,69.0,65.41,66.02,69.5,43,1514,100536.0
2023-06-22,2023-06-22,ADCONPP,XT,1.42,1.42,1.27,1.31,1.35,75,507516,657250.0
2023-06-22,2023-06-22,AARTIPP,B,300.05,300.05,300.0,300.0,315.45,14,22,6600.0
2023-06-22,2023-06-22,SGRLPP,B,309.95,310.05,299.55,309.65,286.1,38,420,130187.0
2023-06-22,2023-06-22,SHUKRAPP,XT,156.22,156.22,156.22,156.22,164.44,2,12,1874.0
2023-06-22,2023-06-22,SPARCPP,X,5.47,5.47,5.47,5.47,5.21,1,600,3282.0
2023-06-22,2023-06-22,99IFCI24,F,1055.5,1055.5,1055.0,1055.0,1056.0,4,250,263822.0
2023-06-22,2023-06-22,849NTPC25,F,10.32,10.35,10.31,10.35,10.31,17,667,6880.0
2023-06-22,2023-06-22,711PFCL25,F,1072.0,1072.0,1072.0,1072.0,1061.0,1,10,10720.0
2023-06-22,2023-06-22,734REC30,F,1136.69,1136.69,1136.69,1136.69,1115.06,1,9,10230.0
2023-06-22,2023-06-22,76NHAI31,F,1169.0,1170.0,1166.0,1166.0,1165.1,6,150,175312.0
2023-06-22,2023-06-22,774IREDA31,F,1154.7,1154.7,1154.7,1154.7,1154.99,1,50,57735.0
2023-06-22,2023-06-22,727HUDCO26,F,1056.21,1056.21,1056.2,1056.2,1060.18,4,499,527046.0
2023-06-22,2023-06-22,769NHAI31,F,1192.49,1192.49,1188.1,1188.1,1190.0,7,351,418497.0
2023-06-22,2023-06-22,729HUDCO26,F,1072.0,1072.0,1071.0,1071.0,1071.0,4,437,468047.0
2023-06-22,2023-06-22,769HUDCO31,F,1162.0,1167.0,1161.0,1167.0,1159.09,21,1628,1898070.0
2023-06-22,2023-06-22,729IRFC26,F,1089.9,1093.79,1089.9,1093.79,1089.89,2,2,2183.0
2023-06-22,2023-06-22,704NABAR26,F,1049.1,1049.1,1049.1,1049.1,1034.1,1,15,15736.0
2023-06-22,2023-06-22,729NABAR26,F,1058.94,1058.98,1056.05,1058.98,1058.98,12,906,958786.0
2023-06-22,2023-06-22,MMFSL26A,F,1858.0,1858.0,1858.0,1858.0,1860.0,7,100,185800.0
2023-06-22,2023-06-22,957NIDO26,F,995.0,995.0,995.0,995.0,995.0,1,15,14925.0
2023-06-22,2023-06-22,10NIDO26,F,1047.0,1047.0,1037.0,1039.66,1050.99,10,329,342997.0
2023-06-22,2023-06-22,9SCL26BA,F,965.2,965.2,965.2,965.2,972.0,6,360,347472.0
2023-06-22,2023-06-22,915SCL26,F,950.1,950.1,950.0,950.0,980.0,39,1734,1647300.0
2023-06-22,2023-06-22,800MMFSL27,F,1000.0,1000.0,1000.0,1000.0,1000.0,2,50,50000.0
2023-06-22,2023-06-22,805MMFSL32,F,1022.0,1022.0,1003.02,1003.02,1002.02,2,60,61130.0
2023-06-22,2023-06-22,888ECL28,F,923.79,923.79,915.0,915.0,924.0,2,2,1838.0
2023-06-22,2023-06-22,934JMFCS28,F,1026.1,1030.0,1026.1,1030.0,1049.75,2,2,2056.0
2023-06-22,2023-06-22,903SFL28,F,1036.0,1067.0,1036.0,1067.0,1070.0,2,110,115510.0
2023-06-22,2023-06-22,93STFCL23,F,1083.0,1083.5,1080.55,1083.09,1083.0,11,381,412611.0
2023-06-22,2023-06-22,0STFCL23,F,1546.3,1546.3,1546.3,1546.3,1549.85,1,1,1546.0
2023-06-22,2023-06-22,965EFL23,F,1072.0,1072.0,1070.02,1070.02,1073.8,2,75,80301.0
2023-06-22,2023-06-22,890TCFSL23,F,1062.06,1064.0,1062.0,1064.0,1062.75,10,653,694096.0
2023-06-22,2023-06-22,910TCAP28,F,1124.94,1124.94,1115.0,1115.0,1124.99,5,215,240011.0
2023-06-22,2023-06-22,1025KFL25,F,997.0,997.0,997.0,997.0,995.0,1,45,44865.0
2023-06-22,2023-06-22,MFL25,F,1562.0,1619.75,1562.0,1619.75,1570.0,4,160,253385.0
2023-06-22,2023-06-22,101JMFCSL23,F,1050.0,1050.0,1040.0,1042.0,1050.0,43,514,536244.0
2023-06-22,2023-06-22,981JMFCS28,F,1056.0,1056.0,1056.0,1056.0,1079.0,1,30,31680.0
2023-06-22,2023-06-22,1040EFL24,F,1040.0,1040.0,1036.0,1036.0,1028.0,2,40,41520.0
2023-06-22,2023-06-22,EFL4JAN19A,F,1520.0,1520.0,1519.2,1519.2,1526.77,2,50,75968.0
2023-06-22,2023-06-22,1015ECL29,F,1005.0,1005.0,1005.0,1005.0,1010.0,1,10,10050.0
2023-06-22,2023-06-22,1060ECL29,F,1012.05,1014.15,1012.05,1014.15,1018.87,3,25,25312.0
2023-06-22,2023-06-22,915MMFSL24,F,1020.0,1020.0,1020.0,1020.0,1016.63,2,100,102000.0
2023-06-22,2023-06-22,93MMFSL27,F,1063.96,1063.96,1061.94,1061.94,1054.1,6,398,423074.0
2023-06-22,2023-06-22,95MMFSL29,F,1084.0,1084.0,1084.0,1084.0,1075.0,5,705,764220.0
2023-06-22,2023-06-22,SFL24,F,1480.0,1484.84,1480.0,1484.84,1480.0,3,75,111242.0
2023-06-22,2023-06-22,1015MFL24,F,1040.0,1040.0,1040.0,1040.0,1038.0,1,20,20800.0
2023-06-22,2023-06-22,0DLSL24,F,1510.0,1529.4,1510.0,1529.2,1525.0,5,37,56564.0
2023-06-22,2023-06-22,925LTFH24,F,1048.0,1049.0,1048.0,1049.0,1027.55,3,100,104895.0
2023-06-22,2023-06-22,975MFL24A,F,1004.0,1008.0,1002.2,1002.2,1004.0,6,130,130353.0
2023-06-22,2023-06-22,10MFL24,F,1035.0,1035.0,1035.0,1035.0,1029.8,1,12,12420.0
2023-06-22,2023-06-22,9LTFH24,F,1020.0,1020.0,1020.0,1020.0,1016.0,1,246,250920.0
2023-06-22,2023-06-22,975SFL24,F,1017.0,1017.0,1017.0,1017.0,1016.0,1,2,2034.0
2023-06-22,2023-06-22,935SFL24,F,1005.0,1005.0,1000.0,1000.0,1004.95,5,250,250430.0
2023-06-22,2023-06-22,SFL24,F,1490.0,1490.0,1490.0,1490.0,1494.3,1,94,140060.0
2023-06-22,2023-06-22,995ECL24B,F,983.0,987.0,983.0,984.3,981.47,5,54,53163.0
2023-06-22,2023-06-22,931SFL26,F,997.05,1000.0,997.0,997.26,997.61,4,132,131638.0
2023-06-22,2023-06-22,975MFL24B,F,1020.0,1020.0,1005.0,1007.0,1015.33,18,704,710988.0
2023-06-22,2023-06-22,10MFL24B,F,1084.95,1084.95,1084.95,1084.95,1057.2,3,150,162742.0
2023-06-22,2023-06-22,995ECL24,F,977.0,977.0,976.98,976.98,977.04,3,50,48849.0
2023-06-22,2023-06-22,ECLZC24B,F,1395.0,1395.0,1395.0,1395.0,1395.0,1,21,29295.0
2023-06-22,2023-06-22,829LTF24,F,1003.0,1017.99,902.4,1017.99,1004.15,4,80,77671.0
2023-06-22,2023-06-22,929JFPL23,F,1000.0,1000.0,1000.0,1000.0,995.0,1,1,1000.0
2023-06-22,2023-06-22,965MFL23,F,1035.0,1035.0,1035.0,1035.0,1088.4,86,397,410895.0
2023-06-22,2023-06-22,0MFL23B,F,1313.7,1315.0,1313.7,1315.0,1299.8,2,565,742611.0
2023-06-22,2023-06-22,915MFL25,F,1010.0,1010.0,1010.0,1010.0,995.0,1,10,10100.0
2023-06-22,2023-06-22,945MFL23,F,1060.8,1060.8,1050.1,1050.1,1045.0,6,120,127106.0
2023-06-22,2023-06-22,96MFL25,F,1045.25,1045.25,1045.2,1045.2,1040.0,2,100,104522.0
2023-06-22,2023-06-22,0EFSL24,F,1195.55,1195.55,1195.55,1195.55,1190.55,1,20,23911.0
2023-06-22,2023-06-22,939EFSL26,F,960.0,960.0,955.06,957.5,960.71,14,447,428791.0
2023-06-22,2023-06-22,953EFSL31,F,925.2,925.2,900.0,915.63,925.06,79,2266,2078054.0
2023-06-22,2023-06-22,MFLII26,F,952.0,954.0,951.14,951.75,959.5,4,201,191301.0
2023-06-22,2023-06-22,7PFCL31,F,987.0,987.0,983.0,984.99,994.0,14,1727,1702553.0
2023-06-22,2023-06-22,715PFCL36,F,999.9,999.9,995.0,999.0,999.99,8,604,603452.0
2023-06-22,2023-06-22,MFLZC26B,F,1223.4,1223.4,1223.4,1223.4,1200.0,1,175,214095.0
2023-06-22,2023-06-22,1025MMFL26,F,1010.0,1012.0,1000.0,1000.0,1010.0,8,511,515510.0
2023-06-22,2023-06-22,MFLVI31F,F,985.0,985.0,985.0,985.0,980.01,1,2,1970.0
2023-06-22,2023-06-22,910EFSL24,F,990.0,990.0,990.0,990.0,987.55,1,5,4950.0
2023-06-22,2023-06-22,916EFSL26,F,960.1,960.1,960.1,960.1,950.5,1,10,9601.0
2023-06-22,2023-06-22,82IGT31,F,1009.0,1009.0,1009.0,1009.0,1010.0,1,500,504500.0
2023-06-22,2023-06-22,BILNCD2021,F,28.39,28.39,28.18,28.27,28.23,9,296,8374.0
2023-06-22,2023-06-22,PCH23JUL21,F,1157.2,1157.2,1157.2,1157.2,1152.0,2,2000,2314400.0
2023-06-22,2023-06-22,85PCHFL24,F,1050.0,1051.2,1050.0,1051.2,1022.5,4,500,525344.0
2023-06-22,2023-06-22,875PF26,F,1055.0,1055.0,1055.0,1055.0,1045.05,1,50,52750.0
2023-06-22,2023-06-22,9PFL31A,F,1055.0,1055.0,1055.0,1055.0,1055.0,1,520,548600.0
2023-06-22,2023-06-22,1125KLM26,F,1030.0,1030.0,1030.0,1030.0,1030.0,1,3,3090.0
2023-06-22,2023-06-22,IIFLZC28C,F,1100.0,1100.0,1100.0,1100.0,1100.0,7,290,319000.0
2023-06-22,2023-06-22,91EFSL24,F,1015.2,1030.0,1015.2,1030.0,1028.8,7,175,178248.0
2023-06-22,2023-06-22,EFSL24,F,1120.45,1120.45,1102.0,1120.45,1100.45,6,108,119204.0
2023-06-22,2023-06-22,915EFSL26,F,951.0,951.0,940.01,940.01,969.0,2,350,331201.0
2023-06-22,2023-06-22,EFSL26,F,1069.45,1069.45,1069.45,1069.45,1035.85,2,13,13902.0
2023-06-22,2023-06-22,97EFSL31,F,961.0,1000.0,961.0,1000.0,968.8,8,787,760339.0
2023-06-22,2023-06-22,950MMFL25,F,1020.0,1020.0,1020.0,1020.0,999.0,1,100,102000.0
2023-06-22,2023-06-22,875IHFL23,F,1041.0,1041.0,1041.0,1041.0,1040.0,1,7,7287.0
2023-06-22,2023-06-22,10KSFL25,F,994.0,994.0,994.0,994.0,997.0,4,255,253470.0
2023-06-22,2023-06-22,85IIFL24,F,1050.0,1050.0,1050.0,1050.0,1016.8,1,9,9450.0
2023-06-22,2023-06-22,825MFL24,F,990.0,990.0,990.0,990.0,990.0,1,10,9900.0
2023-06-22,2023-06-22,910MFL26,F,986.0,986.0,986.0,986.0,978.0,1,20,19720.0
2023-06-22,2023-06-22,MFL291021,F,1125.0,1133.0,1125.0,1133.0,1130.0,3,155,174992.0
2023-06-22,2023-06-22,MFL24A,F,1105.0,1105.0,1105.0,1105.0,1105.0,3,8,8840.0
2023-06-22,2023-06-22,EFSL281221,F,1088.2,1088.2,1088.2,1088.2,1108.0,1,10,10882.0
2023-06-22,2023-06-22,875EFSL24A,F,961.8,961.8,961.8,961.8,958.0,1,1,961.0
2023-06-22,2023-06-22,955EFSL26B,F,965.8,965.8,965.8,965.8,960.01,1,120,115896.0
2023-06-22,2023-06-22,93EFSL31A,F,937.0,937.0,930.0,932.0,946.0,5,12,11185.0
2023-06-22,2023-06-22,SCL25,F,1080.0,1080.0,1080.0,1080.0,1070.5,1,5,5400.0
2023-06-22,2023-06-22,8MFL24,F,980.0,980.0,980.0,980.0,985.0,1,100,98000.0
2023-06-22,2023-06-22,925IFSL24,F,1015.8,1015.8,1015.8,1015.8,1015.8,2,30,30474.0
2023-06-22,2023-06-22,11KAFL27,F,999.5,999.5,999.5,999.5,1020.0,1,25,24987.0
2023-06-22,2023-06-22,875KFL25,F,975.0,975.0,975.0,975.0,955.0,4,161,156975.0
2023-06-22,2023-06-22,850NIDO24,F,965.45,965.45,965.45,965.45,964.0,1,10,9654.0
2023-06-22,2023-06-22,905NIDO25,F,967.0,967.0,964.0,964.0,968.75,3,35,33770.0
2023-06-22,2023-06-22,NIDO25,F,1011.85,1014.6,1011.85,1014.6,1010.3,6,105,106435.0
2023-06-22,2023-06-22,915NIDO27,F,940.45,940.45,940.0,940.0,965.0,7,300,282022.0
2023-06-22,2023-06-22,MFLI25A,F,960.0,960.0,960.0,960.0,922.0,2,800,768000.0
2023-06-22,2023-06-22,MFLI25,F,965.8,965.8,965.8,965.8,947.2,1,1,965.0
2023-06-22,2023-06-22,MFLIII25,F,970.0,970.0,970.0,970.0,975.0,1,100,97000.0
2023-06-22,2023-06-22,MFLVI25,F,1000.0,1025.0,1000.0,1002.76,1000.0,9,1150,1153170.0
2023-06-22,2023-06-22,IML24B,F,914.8,914.8,914.8,914.8,1055.01,1,50,45740.0
2023-06-22,2023-06-22,11IML27,F,809.9,950.0,809.9,950.0,1010.0,2,2,1759.0
2023-06-22,2023-06-22,875NWIL24,F,1045.2,1045.2,1045.0,1045.0,1045.8,5,17,17765.0
2023-06-22,2023-06-22,NWIL24,F,1012.55,1040.0,1012.55,1040.0,1044.85,5,108,111320.0
2023-06-22,2023-06-22,88NWIL25,F,960.0,960.0,951.0,951.0,951.2,7,200,190385.0
2023-06-22,2023-06-22,NWIL25,F,1015.0,1015.0,1015.0,1015.0,1008.0,3,100,101500.0
2023-06-22,2023-06-22,953NWIL32,F,945.0,945.0,945.0,945.0,920.0,2,35,33075.0
2023-06-22,2023-06-22,995NWIL32,F,1010.0,1010.0,1000.0,1000.0,1010.0,3,85,85250.0
2023-06-22,2023-06-22,KFL25A,F,1012.0,1034.0,1012.0,1034.0,1030.0,4,505,511170.0
2023-06-22,2023-06-22,835MFL26,F,965.5,965.5,965.5,965.5,950.0,1,815,786882.0
2023-06-22,2023-06-22,894SCL25,F,980.0,980.0,980.0,980.0,980.0,1,56,54880.0
2023-06-22,2023-06-22,885EFSL24,F,1009.8,1009.8,1009.8,1009.8,1009.8,1,5,5049.0
2023-06-22,2023-06-22,925EFSL25,F,976.0,976.0,976.0,976.0,990.2,2,10,9760.0
2023-06-22,2023-06-22,965EFSL32,F,940.0,950.0,940.0,950.0,940.0,3,33,31250.0
2023-06-22,2023-06-22,1010EFSL32,F,980.8,980.8,980.8,980.8,980.8,1,1,980.0
2023-06-22,2023-06-22,79NHIT47,F,416.91,419.2,416.91,417.3,419.48,4,91,37968.0
2023-06-22,2023-06-22,905SC24,F,1015.0,1015.0,1015.0,1015.0,1009.8,1,57,57855.0
2023-06-22,2023-06-22,MFLTDI25,F,959.0,959.0,952.21,955.61,948.0,5,71,67919.0
2023-06-22,2023-06-22,MFLTDIII24,F,1019.8,1019.8,1019.79,1019.79,1012.31,2,300,305938.0
2023-06-22,2023-06-22,960CAGL25,F,1015.38,1015.38,1015.38,1015.38,1012.92,1,1000,1015380.0
2023-06-22,2023-06-22,750MFL27,F,975.0,975.0,975.0,975.0,984.0,1,1000,975000.0
2023-06-22,2023-06-22,MFLZC27,F,980.0,980.0,980.0,980.0,980.0,1,100,98000.0
2023-06-22,2023-06-22,11CCIL26,F,1000.0,1000.0,1000.0,1000.0,1000.0,1,13,13000.0
2023-06-22,2023-06-22,115CCIL28,F,1020.0,1040.0,1020.0,1040.0,1020.0,3,90,92160.0
2023-06-22,2023-06-22,CCILZC29,F,975.0,975.0,975.0,975.0,975.0,2,21,20475.0
2023-06-22,2023-06-22,95KFL27,F,1010.0,1010.0,1005.0,1005.0,1010.0,4,87,87745.0
2023-06-22,2023-06-22,9EFSL25,F,981.8,981.8,971.0,971.0,981.8,2,77,75587.0
2023-06-22,2023-06-22,EFSLZC25,F,981.8,981.8,981.8,981.8,962.61,1,85,83453.0
2023-06-22,2023-06-22,920EFSL26B,F,950.0,950.0,950.0,950.0,946.0,1,5,4750.0
2023-06-22,2023-06-22,960EFSL26C,F,955.0,960.0,955.0,960.0,965.5,2,4,3825.0
2023-06-22,2023-06-22,EFSLZC26B,F,975.85,975.85,975.85,975.85,948.0,1,8,7806.0
2023-06-22,2023-06-22,85IIFL25,F,983.45,983.45,983.45,983.45,985.0,4,81,79659.0
2023-06-22,2023-06-22,880MFL28,F,960.0,960.0,960.0,960.0,960.0,2,50,48000.0
2023-06-22,2023-06-22,MFL25D,F,1000.0,1011.0,1000.0,1011.0,999.0,3,940,950175.0
2023-06-22,2023-06-22,MFL26C,F,1012.75,1012.75,1012.75,1012.75,1000.0,1,550,557012.0
2023-06-22,2023-06-22,775MFL26,F,982.0,985.0,975.0,985.0,974.63,7,146,143529.0
2023-06-22,2023-06-22,775MFL25,F,997.5,997.5,997.5,997.5,997.5,1,10,9975.0
2023-06-22,2023-06-22,MFL23,F,990.0,990.0,990.0,990.0,990.0,2,200,198000.0
2023-06-22,2023-06-22,1050KLMA28,F,1010.0,1010.0,1010.0,1010.0,1010.0,1,1,1010.0
2023-06-22,2023-06-22,965SCFL25,F,995.0,995.0,995.0,995.0,975.0,1,5,4975.0
2023-06-22,2023-06-22,895EFSL25,F,965.0,965.0,965.0,965.0,935.11,1,5,4825.0
2023-06-22,2023-06-22,EFSL25A,F,950.0,950.0,950.0,950.0,922.55,1,1,950.0
2023-06-22,2023-06-22,920EFSL26,F,970.25,970.25,950.0,950.0,962.1,12,155,147609.0
2023-06-22,2023-06-22,967EFSL28,F,993.0,993.0,993.0,993.0,956.05,1,45,44685.0
2023-06-22,2023-06-22,101EFSL28,F,1040.0,1040.0,999.0,999.0,955.0,2,2,2039.0
2023-06-22,2023-06-22,10EFSL33,F,995.0,995.0,995.0,995.0,995.5,1,1,995.0
2023-06-22,2023-06-22,1045EFS33B,F,984.0,984.0,928.0,980.0,985.0,4,10,9586.0
2023-06-22,2023-06-22,775MFL2026,F,828.0,828.0,827.0,827.0,975.0,2,100,82730.0
2023-06-22,2023-06-22,775MFL2025,F,970.0,970.0,970.0,970.0,970.0,2,100,97000.0
2023-06-22,2023-06-22,84MFL25,F,965.0,965.0,965.0,965.0,965.0,2,47,45355.0
2023-06-22,2023-06-22,9MFL30A,F,975.0,980.0,970.0,980.0,975.0,7,91,89005.0
2023-06-22,2023-06-22,MFL25A,F,960.0,985.0,940.1,985.0,937.1,8,250,243742.0
2023-06-22,2023-06-22,830CIFC26,F,1004.0,1004.0,1004.0,1004.0,1005.0,1,35,35140.0
2023-06-22,2023-06-22,EFCLC4C701A,F,102450.0,102450.0,102450.0,102450.0,0.0,1,10,1024500.0
2023-06-22,2023-06-22,88EFCL27,F,100000.0,100000.0,100000.0,100000.0,0.0,1,10,1000000.0
2023-06-22,2023-06-22,94HLFL24,F,1020202.0,1020202.0,1020202.0,1020202.0,1016490.0,1,1,1020202.0
2023-06-22,2023-06-22,1015UPPC27,F,1055990.0,1055990.0,1055990.0,1055990.0,1035001.0,1,1,1055990.0
2023-06-22,2023-06-22,1015UPPC28,F,1064950.0,1065000.0,1064950.0,1064975.0,1067500.0,2,2,2129950.0
2023-06-22,2023-06-22,1025SFL24B,F,1007000.0,1007101.0,1007000.0,1007101.0,1005506.0,3,6,6042101.0
2023-06-22,2023-06-22,1375SIBPER,F,108050.01,108050.01,108000.0,108000.0,108000.0,3,30,3241000.0
2023-06-22,2023-06-22,774SBIPER,F,1058750.0,1058750.0,1058750.0,1058750.0,1113970.79,2,2,2117500.0
2023-06-22,2023-06-22,11HFL23A,F,1052.81,1052.81,1052.81,1052.81,1052.51,2,5000,5264050.0
2023-06-22,2023-06-22,PFCBS4,F,13401.0,13401.0,13401.0,13401.0,13700.0,1,2,26802.0
2023-06-22,2023-06-22,734IRFC28,F,1126.01,1126.01,1126.01,1126.01,1128.0,1,10,11260.0
2023-06-22,2023-06-22,751HUDCO28,F,1108.02,1109.5,1108.02,1108.19,1110.2,3,31,34365.0
2023-06-22,2023-06-22,704PFCL28,F,1083.0,1083.0,1081.0,1082.43,1072.0,8,2104,2275954.0
2023-06-22,2023-06-22,851HUDCO28,F,1194.1,1194.1,1194.1,1194.1,1187.1,4,502,599438.0
2023-06-22,2023-06-22,839HUDCO23,F,1059.05,1059.05,1059.05,1059.05,1059.01,2,1000,1059050.0
2023-06-22,2023-06-22,843NHPC23,F,1048.99,1048.99,1048.99,1048.99,1048.99,1,2,2097.0
2023-06-22,2023-06-22,863IIFCL28,F,1182.01,1182.01,1182.01,1182.01,1199.74,1,50,59100.0
2023-06-22,2023-06-22,843PFC23,F,1037.72,1037.72,1037.72,1037.72,1056.0,1,1000,1037720.0
2023-06-22,2023-06-22,876HUDCO24,F,1049.11,1049.11,1049.11,1049.11,1055.0,1,5,5245.0
2023-06-22,2023-06-22,883HUDCO29,F,1186.01,1186.01,1186.01,1186.01,1183.23,1,50,59300.0
2023-06-22,2023-06-22,852NHAI24,F,1129.99,1129.99,1123.56,1123.56,1041.0,2,6,6747.0
2023-06-22,2023-06-22,875NHAI29,F,1195.0,1195.0,1195.0,1195.0,1195.0,1,158,188810.0
2023-06-22,2023-06-22,865IRFC29,F,1175.0,1175.0,1175.0,1175.0,1166.58,2,100,117500.0
2023-06-22,2023-06-22,880IREDA29,F,1200.0,1200.0,1200.0,1200.0,1224.98,1,1,1200.0
2023-06-22,2023-06-22,900KPL29,F,1182.01,1182.01,1182.01,1182.01,1203.0,1,31,36642.0
2023-06-22,2023-06-22,898HUDCO29,F,1207.42,1207.42,1207.42,1207.42,1227.0,1,20,24148.0
2023-06-22,2023-06-22,819REC24,F,1218.9,1218.9,1218.9,1218.9,1218.9,1,1,1218.0
2023-06-22,2023-06-22,880IIFCL29,F,1168.13,1168.13,1168.13,1168.13,1167.14,1,5,5840.0
2023-06-22,2023-06-22,HDFCW3,W,533.5,533.5,533.5,533.5,485.0,1,600,320100.0
2023-06-22,2023-06-22,1075IFCI26,F,32600.0,32850.0,32600.0,32700.0,32700.0,4,40,1308500.0
2023-06-22,2023-06-22,1075IFC26A,F,10925.0,10925.0,10925.0,10925.0,11050.0,1,10,109250.0
2023-06-22,2023-06-22,1075IFC26,F,10847.0,10847.0,10847.0,10847.0,10600.01,1,20,216940.0
2023-06-22,2023-06-22,85IFCI24B,F,5150.0,5150.0,5150.0,5150.0,4995.01,9,167,860050.0
2023-06-22,2023-06-22,990IFCI32C,F,26300.0,26300.0,26300.0,26300.0,26000.0,1,4,105200.0
2023-06-22,2023-06-22,675PFL31,F,803.96,804.0,803.25,803.58,802.19,24,27048,21734363.0
2023-06-22,2023-06-22,995UPPCL25,F,1010000.0,1010000.0,1010000.0,1010000.0,1012349.0,1,1,1010000.0
2023-06-22,2023-06-22,807HDFCB32,F,1080945.0,1080945.0,1080945.0,1080945.0,1070000.0,1,3,3242835.0
2023-06-22,2023-06-22,962APSB31A,F,1009500.0,1009500.0,1008000.0,1008000.0,1006000.0,2,2,2017500.0
2023-06-22,2023-06-22,875SF26,F,100961.4,100961.4,100961.4,100961.4,100483.76,1,1,100961.0
2023-06-22,2023-06-22,11MML26A,F,101001.0,101040.98,101000.0,101040.98,100999.0,4,7,707123.0
