TradDt,BizDt,TckrSymb,SctySrs,OpnPric,HghPric,LwPric,ClsPric,PrvsClsgPric,TtlNbOfTxsExctd,TtlTradgVol,TtlTrfVal
2021-10-21,2021-10-21,ABB,A,1840.35,1878.0,1825.0,1872.5,1830.2,1094,7706,14306082.0
2021-10-21,2021-10-21,AEGISLOG,A,210.35,215.65,205.2,210.95,212.35,3539,121895,25749600.0
2021-10-21,2021-10-21,ARE&M,A,709.0,712.0,692.4,696.55,704.7,10951,126413,88569921.0
2021-10-21,2021-10-21,AMBALALSA,X,31.35,31.35,30.1,30.3,30.6,749,117654,3572412.0
2021-10-21,2021-10-21,HDFC,A,2807.05,2856.4,2798.0,2842.9,2795.45,9619,134168,380235608.0
2021-10-21,2021-10-21,ANDHRAPET,XT,140.95,142.0,135.25,136.35,139.35,1309,134109,18434694.0
2021-10-21,2021-10-21,ANSALAPI,B,11.4,12.5,11.4,12.0,11.16,508,183372,2221837.0
2021-10-21,2021-10-21,UTIQUE,X,3.26,3.26,3.0,3.23,3.26,182,121608,381822.0
2021-10-21,2021-10-21,ARUNAHTEL,XT,16.6,17.0,15.5,16.75,16.25,51,11563,192947.0
2021-10-21,2021-10-21,BOMDYEING,A,99.6,99.95,96.8,97.2,99.25,4096,598073,58691548.0
2021-10-21,2021-10-21,ASIANHOTNR,B,84.5,87.8,82.75,85.6,85.3,48,2163,184875.0
2021-10-21,2021-10-21,ATUL,A,9780.0,10045.0,9389.0,9491.95,9689.3,1564,2652,25678249.0
2021-10-21,2021-10-21,ATVPR,XT,10.11,11.17,10.11,10.66,10.64,75,24628,258800.0
2021-10-21,2021-10-21,BAJAJELEC,A,1192.0,1210.6,1131.55,1162.85,1188.25,4268,29555,34524525.0
2021-10-21,2021-10-21,BAJAJHIND,A,14.3,14.3,13.7,13.95,13.95,832,482465,6724169.0
2021-10-21,2021-10-21,FORCEMOT,A,1502.05,1519.05,1481.75,1491.9,1500.9,584,2050,3076398.0
2021-10-21,2021-10-21,BAJFINANCE,A,7799.0,7812.0,7685.0,7737.3,7761.65,5351,27110,209823305.0
2021-10-21,2021-10-21,BALRAMCHIN,A,349.9,350.0,320.8,324.3,344.25,3862,66588,22311578.0
2021-10-21,2021-10-21,BANCOINDIA,B,191.1,192.45,187.05,187.95,189.7,777,18295,3471076.0
2021-10-21,2021-10-21,ABREL,A,875.0,878.35,851.05,861.4,866.9,1210,16839,14610083.0
2021-10-21,2021-10-21,BANARISUG,A,2253.25,2253.25,2241.0,2249.85,2242.85,31,42,94176.0
2021-10-21,2021-10-21,BASF,A,3550.0,3552.8,3403.5,3472.95,3548.2,886,2131,7398113.0
2021-10-21,2021-10-21,BATAINDIA,A,2105.0,2120.25,2033.3,2049.45,2088.15,3859,38140,79100792.0
2021-10-21,2021-10-21,BEML,A,1541.8,1613.4,1536.2,1599.8,1541.8,3596,33230,52175427.0
2021-10-21,2021-10-21,BEL,A,207.3,207.3,203.05,204.45,204.75,2774,232952,47690189.0
2021-10-21,2021-10-21,BEPL,A,192.0,192.0,184.2,186.85,187.1,2618,106064,19896286.0
2021-10-21,2021-10-21,TATASTLBSL,T,90.95,90.95,84.9,86.7,88.7,4744,351193,30645766.0
2021-10-21,2021-10-21,BIHSPONG,XT,10.2,10.5,9.72,9.77,10.23,136,31524,312811.0
2021-10-21,2021-10-21,BIRLACABLE,B,93.2,95.2,91.15,91.9,92.25,83,1662,153732.0
2021-10-21,2021-10-21,BLUESTARCO,A,894.75,905.0,872.9,880.15,894.7,676,3313,2943345.0
2021-10-21,2021-10-21,DISAQ,X,5445.0,5445.0,5300.5,5411.65,5300.05,32,157,845064.0
2021-10-21,2021-10-21,QUESTCAP,X,339.0,339.0,309.4,310.1,325.65,78,2768,864241.0
2021-10-21,2021-10-21,BPL,T,117.65,117.65,117.65,117.65,123.8,59,1623,190945.0
2021-10-21,2021-10-21,OAL,B,867.8,889.0,860.0,880.2,863.15,246,939,814946.0
2021-10-21,2021-10-21,CENTEXT,B,9.08,9.2,8.95,9.01,9.1,64,22891,206991.0
2021-10-21,2021-10-21,CESC,A,93.9,95.8,91.9,94.95,93.4,6696,456863,42699084.0
2021-10-21,2021-10-21,CHAMBLFERT,A,349.0,366.85,343.3,345.95,345.25,4842,164713,58597739.0
2021-10-21,2021-10-21,EXIDEIND,A,182.0,183.0,179.55,182.35,180.4,1767,116414,21111066.0
2021-10-21,2021-10-21,CIPLA,A,915.0,917.55,902.0,911.4,905.15,2182,51216,46600152.0
2021-10-21,2021-10-21,DICIND,B,454.95,455.1,449.1,450.9,451.3,27,103,46617.0
2021-10-21,2021-10-21,CRISIL,A,2916.05,2916.05,2740.0,2811.8,2922.75,1516,4397,12325200.0
2021-10-21,2021-10-21,CGPOWER,T,141.8,141.8,130.15,137.45,136.95,3186,668366,89041107.0
2021-10-21,2021-10-21,DABUR,A,596.3,599.0,585.25,587.5,593.1,6071,78905,46578336.0
2021-10-21,2021-10-21,DALMIASUG,A,427.2,432.8,410.0,427.9,422.6,759,9046,3811684.0
2021-10-21,2021-10-21,ARVIND,A,127.4,134.9,124.75,132.25,126.3,5179,411088,53903610.0
2021-10-21,2021-10-21,BALARPURIND,Z,1.12,1.15,1.12,1.12,1.17,799,4380399,4908455.0
2021-10-21,2021-10-21,BHEL,A,73.1,73.9,69.8,71.55,72.95,21359,6410572,458093170.0
2021-10-21,2021-10-21,HINDPETRO,A,318.0,329.9,318.0,322.55,317.35,5110,1164753,379967109.0
2021-10-21,2021-10-21,IFCI,A,13.04,13.35,12.88,12.97,12.88,13098,627055,8167203.0
2021-10-21,2021-10-21,MTNL,B,18.5,18.5,18.15,18.25,18.25,421,76514,1400252.0
2021-10-21,2021-10-21,MRPL,A,50.7,51.75,50.4,50.75,50.6,996,170893,8698520.0
2021-10-21,2021-10-21,CHENNPETRO,A,135.3,138.05,132.1,133.75,134.25,1420,51098,6885195.0
2021-10-21,2021-10-21,RELCAPITAL,T,20.0,21.0,19.05,20.0,20.0,1287,242342,4877454.0
2021-10-21,2021-10-21,SBIN,A,503.5,506.8,492.0,503.05,499.95,21922,1267598,634552867.0
2021-10-21,2021-10-21,SAIL,A,120.1,122.1,116.1,118.4,119.5,34357,4392538,522598096.0
2021-10-21,2021-10-21,TITAN,A,2428.0,2429.5,2380.3,2397.05,2412.35,6587,53229,127681585.0
2021-10-21,2021-10-21,IDBI,A,57.05,58.5,55.1,55.6,56.75,7570,2108178,120368718.0
2021-10-21,2021-10-21,DCW,T,48.2,49.45,46.7,48.0,48.35,1074,111435,5311463.0
2021-10-21,2021-10-21,DHAMPURSUG,A,308.1,313.5,301.0,302.2,307.8,1255,25187,7721107.0
2021-10-21,2021-10-21,DIAMINESQ,X,282.65,282.65,275.0,278.3,277.1,145,6023,1673178.0
2021-10-21,2021-10-21,ELANTAS,A,3799.95,3800.0,3670.0,3744.7,3771.15,102,684,2552879.0
2021-10-21,2021-10-21,DRREDDY,A,4760.0,4787.0,4600.0,4648.55,4757.45,5664,23053,107575208.0
2021-10-21,2021-10-21,EIDPARRY,A,482.7,491.5,473.3,479.0,477.35,1170,28820,13908856.0
2021-10-21,2021-10-21,PGHL,A,5420.0,5549.0,5420.0,5502.25,5489.8,638,1454,7979274.0
2021-10-21,2021-10-21,ELECTCAST,B,36.0,36.95,35.7,35.95,35.65,547,48385,1752162.0
2021-10-21,2021-10-21,ESABINDIA,A,2415.4,2418.1,2320.05,2404.35,2418.0,265,676,1601811.0
2021-10-21,2021-10-21,EPL,A,222.05,224.65,215.05,216.7,222.0,754,9586,2090366.0
2021-10-21,2021-10-21,ESTER,B,144.55,146.05,140.1,143.35,144.15,492,18353,2632545.0
2021-10-21,2021-10-21,PHCAP,X,75.0,75.8,72.05,74.9,75.8,29,1078,79948.0
2021-10-21,2021-10-21,FINCABLES,A,471.0,487.0,447.0,451.7,472.35,2252,18107,8333921.0
2021-10-21,2021-10-21,COCKERILL,X,955.6,977.0,955.55,969.0,960.0,10,131,126324.0
2021-10-21,2021-10-21,UFLEX,A,598.0,607.0,574.0,579.75,598.2,3756,47483,28129990.0
2021-10-21,2021-10-21,FOSECOIND,B,1460.55,1460.8,1450.0,1457.9,1463.8,64,149,216847.0
2021-10-21,2021-10-21,GOLDENTOBC,T,143.05,157.65,143.05,157.0,150.15,227,10267,1571954.0
2021-10-21,2021-10-21,GANESHBE,B,88.95,88.95,85.1,87.05,88.8,599,16006,1391736.0
2021-10-21,2021-10-21,METROGLOBL,X,82.8,82.8,77.0,82.0,79.05,49,2411,193646.0
2021-10-21,2021-10-21,GTL,B,14.25,14.75,14.25,14.45,14.25,173,50031,727540.0
2021-10-21,2021-10-21,GODFRYPHLP,A,1286.4,1300.0,1195.55,1207.6,1284.1,1495,18212,22918220.0
2021-10-21,2021-10-21,GODREJIND,A,571.05,579.05,560.45,576.25,570.6,1855,23790,13497485.0
2021-10-21,2021-10-21,KANSAINER,A,594.0,594.0,553.65,559.4,576.5,1044,9407,5377770.0
2021-10-21,2021-10-21,GOODRICKE,X,252.65,255.0,250.0,251.8,252.65,107,6694,1690838.0
2021-10-21,2021-10-21,GOODYEAR,A,1032.0,1036.05,1024.0,1029.2,1026.05,640,4090,4215806.0
2021-10-21,2021-10-21,GTNINDS,X,20.4,20.4,18.65,19.5,19.6,54,5694,108407.0
2021-10-21,2021-10-21,GHCL,A,425.05,456.7,425.0,450.8,430.6,1423,26967,11798230.0
2021-10-21,2021-10-21,GFLLIMITED,A,82.0,82.7,79.25,80.05,81.65,322,23185,1870495.0
2021-10-21,2021-10-21,GLFL,B,3.15,3.15,2.75,2.99,2.91,7,568,1695.0
2021-10-21,2021-10-21,HCL-INSYS,B,13.08,13.85,13.08,13.61,13.71,938,159418,2180610.0
2021-10-21,2021-10-21,HDFCBANK,A,1677.7,1681.75,1660.85,1675.7,1673.5,5877,195339,326076939.0
2021-10-21,2021-10-21,HEROMOTOCO,A,2817.2,2833.5,2724.55,2759.75,2817.2,8338,53897,149028997.0
2021-10-21,2021-10-21,HFCL,A,73.5,74.4,71.4,72.45,73.4,2546,379536,27615594.0
2021-10-21,2021-10-21,HSCL,A,50.9,55.85,49.9,54.25,50.65,13493,7753876,405440134.0
2021-10-21,2021-10-21,HCC,A,10.6,11.44,10.45,10.79,10.4,3290,1027836,11265051.0
2021-10-21,2021-10-21,HINDOILEXP,A,174.95,183.45,170.4,177.85,170.0,3389,177225,31470363.0
2021-10-21,2021-10-21,AGI,B,220.0,223.75,218.25,220.85,219.25,690,10181,2244132.0
2021-10-21,2021-10-21,HINDZINC,A,360.0,369.65,340.0,342.7,359.7,3789,97927,34707916.0
2021-10-21,2021-10-21,NDLVENTURE,B,503.5,506.0,496.25,501.85,501.45,143,1348,675710.0
2021-10-21,2021-10-21,HMT,Z,30.8,30.8,29.3,29.55,29.7,45,2226,66197.0
2021-10-21,2021-10-21,PRAGBOS,XT,2.55,2.6,2.4,2.54,2.52,39,13307,33746.0
2021-10-21,2021-10-21,HLVLTD,T,11.1,11.55,10.67,11.02,11.2,301,90038,981391.0
2021-10-21,2021-10-21,IGPL,B,838.0,838.0,785.65,799.25,809.0,1110,11031,8907223.0
2021-10-21,2021-10-21,INDIAGLYCO,A,805.9,872.0,805.9,851.15,800.3,2572,47734,40607003.0
2021-10-21,2021-10-21,INDLEASE,X,7.68,7.68,6.96,7.68,7.32,11,1337,10267.0
2021-10-21,2021-10-21,MARGOFIN,X,25.25,25.25,24.0,24.0,25.25,18,1665,40032.0
2021-10-21,2021-10-21,INDORAMA,B,49.3,50.6,48.6,50.25,49.6,149,6470,320389.0
2021-10-21,2021-10-21,INFY,A,1816.85,1816.85,1747.4,1753.85,1800.5,10298,214981,381242400.0
2021-10-21,2021-10-21,INGERRAND,A,1088.25,1126.7,1088.25,1104.5,1101.75,321,1172,1295432.0
2021-10-21,2021-10-21,INSILCOLTD,X,7.85,7.98,7.6,7.67,7.82,81,16511,127462.0
2021-10-21,2021-10-21,ITHL,X,89.75,92.7,87.25,88.9,87.95,70,10635,945103.0
2021-10-21,2021-10-21,IONEXCHANG,A,2310.0,2312.0,2250.1,2292.3,2296.25,1775,10220,23332013.0
2021-10-21,2021-10-21,SUNDROP,A,1034.1,1041.2,999.85,1004.9,1010.1,99,435,437951.0
2021-10-21,2021-10-21,JISLJALEQS,A,45.0,46.25,44.1,45.05,44.9,1318,349426,15868975.0
2021-10-21,2021-10-21,JASCH,X,118.75,121.65,115.3,117.6,115.3,206,5951,703581.0
2021-10-21,2021-10-21,JCTLTD,X,3.1,3.3,3.03,3.23,3.16,1962,4123432,13173886.0
2021-10-21,2021-10-21,JINDALPOLY,A,1008.65,1016.3,988.0,996.2,1002.3,608,5046,5064427.0
2021-10-21,2021-10-21,JSWSTEEL,A,695.85,695.85,655.05,673.45,685.35,8776,288536,194364388.0
2021-10-21,2021-10-21,UMANGDAIRY,B,75.05,78.15,75.05,75.65,76.15,185,4831,367906.0
2021-10-21,2021-10-21,KAJARIACER,A,1285.1,1287.95,1196.05,1251.65,1241.95,2964,19735,24169066.0
2021-10-21,2021-10-21,KAKATCEM,B,239.8,240.1,233.45,236.9,236.55,177,907,214425.0
2021-10-21,2021-10-21,KSL,A,382.4,383.35,375.5,378.7,374.9,334,2582,976897.0
2021-10-21,2021-10-21,KANELIND,XT,4.55,4.55,4.16,4.55,4.34,167,320147,1449481.0
2021-10-21,2021-10-21,WHIRLPOOL,A,2301.0,2334.95,2180.0,2196.85,2305.05,1636,7007,15692152.0
2021-10-21,2021-10-21,KGDENIM,X,44.0,44.0,41.55,43.0,43.4,48,3661,155434.0
2021-10-21,2021-10-21,KINETICENG,XT,61.7,62.5,57.2,61.05,59.75,120,40598,2476668.0
2021-10-21,2021-10-21,KIRLOSBROS,T,393.0,398.4,376.75,395.3,384.1,88,2500,975968.0
2021-10-21,2021-10-21,KIRLOSIND,B,1575.0,1650.9,1543.5,1564.5,1575.0,99,427,673759.0
2021-10-21,2021-10-21,KIRLFER,B,258.7,272.1,250.25,270.25,257.25,1823,42379,10929839.0
2021-10-21,2021-10-21,ENVAIREL,X,30.0,31.9,29.9,30.1,31.45,5,245,7365.0
2021-10-21,2021-10-21,KOTAKBANK,A,2023.1,2155.0,2023.1,2145.65,2014.5,12298,168274,353697849.0
2021-10-21,2021-10-21,KRIFILIND,XT,13.46,13.46,12.18,12.96,12.82,55,3076,40758.0
2021-10-21,2021-10-21,KSB,A,1269.1,1287.55,1260.0,1280.1,1260.5,478,1050,1338644.0
2021-10-21,2021-10-21,LGBBROSLTD,A,528.9,528.9,504.8,507.0,517.9,1093,11869,6092021.0
2021-10-21,2021-10-21,TRENT,A,1110.0,1118.7,1067.75,1081.55,1104.55,1402,15043,16345061.0
2021-10-21,2021-10-21,LMW,A,8899.9,8900.0,8636.85,8716.15,8795.55,827,1966,17191909.0
2021-10-21,2021-10-21,LICHSGFIN,A,438.0,443.35,433.25,440.35,435.55,4093,154732,67861490.0
2021-10-21,2021-10-21,LUPIN,A,931.45,936.6,908.55,924.2,929.0,3188,50563,46562759.0
2021-10-21,2021-10-21,LYKALABS,B,89.1,93.3,84.65,93.3,88.9,1099,48719,4396540.0
2021-10-21,2021-10-21,RAMCOCEM,A,979.65,991.15,965.9,976.95,985.25,732,8696,8498928.0
2021-10-21,2021-10-21,MAFATIND,XT,183.8,183.8,178.95,180.6,183.8,33,1385,250788.0
2021-10-21,2021-10-21,MAHSEAMLES,A,509.0,511.25,491.0,497.3,505.1,428,4705,2351941.0
2021-10-21,2021-10-21,MAHSCOOTER,A,4684.05,4685.0,4640.05,4648.9,4684.3,311,779,3628651.0
2021-10-21,2021-10-21,MAJESAUT,XT,126.0,126.0,118.5,119.6,120.0,62,3418,409127.0
2021-10-21,2021-10-21,MANALIPETC,T,116.0,118.5,111.05,117.6,115.15,1194,86891,10106308.0
2021-10-21,2021-10-21,MFSL,A,982.0,992.45,966.2,980.65,980.4,1195,22167,21734984.0
2021-10-21,2021-10-21,MIDINDIA,XT,4.36,4.36,4.34,4.35,4.56,7,336,1462.0
2021-10-21,2021-10-21,ONIDA,B,19.85,20.45,19.1,19.6,19.5,624,180173,3606997.0
2021-10-21,2021-10-21,CENTENKA,B,451.15,455.1,446.8,451.9,450.6,490,6033,2722691.0
2021-10-21,2021-10-21,LORDSCHLO,X,66.35,68.3,65.0,65.0,68.4,26,2024,132591.0
2021-10-21,2021-10-21,SPICEJET,A,73.95,74.5,73.3,73.8,73.6,2714,242344,17862503.0
2021-10-21,2021-10-21,MOREPENLAB,A,52.45,52.45,50.6,50.85,50.6,2614,259480,13265542.0
2021-10-21,2021-10-21,MRF,A,83356.0,83356.0,80946.05,81100.5,82527.55,347,1179,95957279.0
2021-10-21,2021-10-21,HEIDELBERG,A,246.0,246.9,240.1,241.1,247.2,827,17274,4215330.0
2021-10-21,2021-10-21,NCC,A,78.1,79.75,77.5,78.05,78.35,1852,311667,24375760.0
2021-10-21,2021-10-21,VEDL,A,357.0,362.4,337.0,350.3,356.3,13805,837018,293723966.0
2021-10-21,2021-10-21,NAHARSPING,B,485.0,494.95,457.7,465.45,481.65,414,8041,3791932.0
2021-10-21,2021-10-21,NAPEROL,A,2140.0,2149.05,2105.0,2117.1,2139.7,581,2999,6354098.0
2021-10-21,2021-10-21,GRASIM,A,1697.45,1753.0,1690.55,1746.2,1692.25,3574,38895,66904416.0
2021-10-21,2021-10-21,PEL,A,2680.0,2729.55,2660.55,2683.45,2662.55,3541,54730,146771839.0
2021-10-21,2021-10-21,NIITLTD,A,348.0,349.0,321.05,325.05,348.85,3950,91182,30484365.0
2021-10-21,2021-10-21,JAYKAY,X,56.8,56.95,53.3,54.35,55.05,146,17180,933980.0
2021-10-21,2021-10-21,NIRLON,A,355.15,364.95,351.3,360.15,359.35,112,4331,1556846.0
2021-10-21,2021-10-21,ONGC,A,158.0,160.3,154.6,155.2,154.9,8366,1022648,161291562.0
2021-10-21,2021-10-21,OILCOUNTUB,T,9.08,9.08,9.08,9.08,9.55,13,4518,41023.0
2021-10-21,2021-10-21,ORIENTHOT,B,41.5,42.65,40.1,40.55,41.5,651,47153,1942506.0
2021-10-21,2021-10-21,OSWALAGRO,B,16.35,17.0,16.35,16.75,16.5,35,3716,61551.0
2021-10-21,2021-10-21,INDSUCR,X,49.75,50.5,47.05,48.35,49.3,59,7256,351594.0
2021-10-21,2021-10-21,RELIANCE,A,2725.95,2725.95,2603.0,2623.0,2699.9,23458,395833,1050921390.0
2021-10-21,2021-10-21,PILITA,B,7.1,7.29,7.1,7.19,7.14,370,142814,1027668.0
2021-10-21,2021-10-21,RAYMOND,A,452.0,461.6,452.0,457.2,455.55,1072,26734,12205765.0
2021-10-21,2021-10-21,PIDILITIND,A,2449.85,2449.85,2291.0,2307.4,2416.95,4423,28355,66319884.0
2021-10-21,2021-10-21,PIXTRANS,X,726.0,765.0,726.0,758.55,734.45,409,7864,5939770.0
2021-10-21,2021-10-21,BIRLACORPN,A,1423.0,1423.0,1380.0,1405.8,1408.8,1827,11296,15807751.0
2021-10-21,2021-10-21,SURYAROSNI,A,670.4,677.7,654.7,664.1,665.55,338,2947,1956963.0
2021-10-21,2021-10-21,PRIMESECU,B,107.65,109.7,106.0,109.0,104.5,145,4064,443195.0
2021-10-21,2021-10-21,PRSMJOHNSN,A,120.35,124.1,120.35,123.25,121.05,836,29643,3615906.0
2021-10-21,2021-10-21,RAIN,A,238.5,241.5,228.0,229.3,238.3,3460,165303,38750581.0
2021-10-21,2021-10-21,AMJLAND,B,31.05,37.0,31.05,35.8,33.1,198,16293,579945.0
2021-10-21,2021-10-21,PUNJCOMMU,B,36.85,38.95,35.45,37.1,36.95,44,1129,41094.0
2021-10-21,2021-10-21,RSWM,B,358.0,362.9,349.7,356.05,352.1,850,8503,3030000.0
2021-10-21,2021-10-21,RAJSREESUG,B,23.8,25.05,23.8,24.45,25.05,56,3299,81459.0
2021-10-21,2021-10-21,RALLIS,A,286.9,288.7,275.85,276.65,282.45,1917,45641,12851617.0
2021-10-21,2021-10-21,RAMANEWS,B,19.3,19.9,19.3,19.5,19.25,220,16446,322564.0
2021-10-21,2021-10-21,RAMAPPR-B,XT,25.35,25.35,24.0,25.35,24.15,63,22493,569423.0
2021-10-21,2021-10-21,RAMAPETRO,X,3.22,3.51,3.22,3.51,3.35,15,5850,20289.0
2021-10-21,2021-10-21,RAPICUT,X,36.85,36.85,34.0,34.0,35.15,23,4769,164620.0
2021-10-21,2021-10-21,WELSPLSOL,X,14.3,14.7,14.3,14.49,14.41,217,35204,509420.0
2021-10-21,2021-10-21,ROLTA,B,5.35,5.4,5.06,5.17,5.32,475,619046,3152864.0
2021-10-21,2021-10-21,RUBFILA,X,102.4,102.4,100.1,100.75,100.95,478,45443,4582936.0
2021-10-21,2021-10-21,PATANJALI,B,999.25,999.25,984.05,986.6,999.25,1093,6169,6103607.0
2021-10-21,2021-10-21,SALORAINTL,X,37.3,39.9,36.5,38.25,39.9,42,7163,267485.0
2021-10-21,2021-10-21,JINDALSAW,A,115.05,118.0,113.2,114.3,117.05,1130,52938,6135152.0
2021-10-21,2021-10-21,JKLAKSHMI,A,586.25,610.0,578.8,603.25,591.65,2702,35191,20838890.0
2021-10-21,2021-10-21,SHREECEM,A,27790.0,27790.0,27211.55,27641.15,27446.1,348,545,14972878.0
2021-10-21,2021-10-21,SKPMIL,XT,31.0,31.0,29.45,30.3,29.9,6,190,5831.0
2021-10-21,2021-10-21,RELINFRA,T,93.2,95.8,91.5,93.8,92.6,1471,120969,11362914.0
2021-10-21,2021-10-21,TATAPOWER,A,234.0,234.45,220.55,226.05,230.45,117442,11720700,2670408356.0
2021-10-21,2021-10-21,SPMLINFRA,B,10.55,10.87,10.55,10.58,10.55,12,1654,17601.0
2021-10-21,2021-10-21,SUNDRMFAST,A,881.0,893.2,820.45,834.25,883.0,1602,14777,12550404.0
2021-10-21,2021-10-21,SUNFLAG,A,83.0,84.95,82.1,82.6,84.0,1280,66733,5562226.0
2021-10-21,2021-10-21,SPLPETRO,A,715.0,715.0,675.65,687.0,733.5,2154,21707,14984046.0
2021-10-21,2021-10-21,SWARAJENG,A,1684.7,1789.0,1684.0,1773.25,1679.55,425,1522,2676897.0
2021-10-21,2021-10-21,TATAELXSI,A,6227.75,6258.0,5839.95,5929.3,6177.05,5105,29931,179550032.0
2021-10-21,2021-10-21,ACC,A,2298.95,2298.95,2203.35,2235.6,2263.2,2361,18578,41624333.0
2021-10-21,2021-10-21,THERMAX,A,1383.45,1391.9,1312.0,1359.5,1382.05,623,1541,2083706.0
2021-10-21,2021-10-21,TIRUMALCHM,A,271.5,279.4,268.4,274.3,271.05,1630,76769,21052349.0
2021-10-21,2021-10-21,THOMASCOOK,A,76.7,77.0,74.65,75.6,75.75,947,50217,3801794.0
2021-10-21,2021-10-21,TIMEX,X,58.75,59.4,56.5,58.8,56.6,380,243730,14329506.0
2021-10-21,2021-10-21,TOKYOPLAST,B,101.6,101.6,98.5,99.4,101.15,40,1188,118525.0
2021-10-21,2021-10-21,TORNTPHARM,A,3008.15,3028.15,2953.7,3008.0,2979.6,989,4254,12702663.0
2021-10-21,2021-10-21,TRANSCHEM,X,21.0,21.3,19.8,20.5,20.4,18,529,10907.0
2021-10-21,2021-10-21,AMBUJACEM,A,393.0,395.2,378.35,379.8,392.75,6656,251176,96239325.0
2021-10-21,2021-10-21,UTLINDS,X,6.59,6.59,5.63,5.63,6.25,469,295424,1674221.0
2021-10-21,2021-10-21,UNIENTER,B,120.4,124.8,120.25,124.8,120.1,27,620,75896.0
2021-10-21,2021-10-21,VHL,B,3032.85,3051.0,3000.0,3009.9,3030.0,42,69,209151.0
2021-10-21,2021-10-21,HINDALCO,A,518.1,520.6,491.7,494.0,513.0,10379,1310759,651568564.0
2021-10-21,2021-10-21,WSTCSTPAPR,A,261.45,264.75,255.4,257.05,260.4,550,8292,2164440.0
2021-10-21,2021-10-21,HOCL,B,40.75,40.8,37.4,38.2,39.75,858,143656,5547879.0
2021-10-21,2021-10-21,MPILCORPL,X,201.7,201.7,201.7,201.7,201.7,2,5,1008.0
2021-10-21,2021-10-21,PASUPTAC,B,32.25,32.5,31.5,31.75,31.85,228,25164,801954.0
2021-10-21,2021-10-21,TEAM24,XT,3.05,3.05,2.83,3.0,2.97,24,6826,20456.0
2021-10-21,2021-10-21,PGHH,A,14367.35,14800.95,13936.05,14702.05,14319.1,1000,1552,22383620.0
2021-10-21,2021-10-21,MUKANDLTD,T,136.05,140.0,136.05,137.05,138.6,22,1343,184182.0
2021-10-21,2021-10-21,BBOX,T,935.05,997.95,927.3,996.95,975.4,42,529,498108.0
2021-10-21,2021-10-21,UCAL,B,151.0,154.0,150.0,151.0,152.2,209,10549,1600554.0
2021-10-21,2021-10-21,HARRMALAYA,B,178.5,188.9,173.3,174.75,177.35,309,4380,770765.0
2021-10-21,2021-10-21,FEDERALBNK,A,94.7,97.95,93.3,96.55,94.05,14343,3319622,319533663.0
2021-10-21,2021-10-21,TATASTEEL,A,1358.0,1358.0,1290.1,1314.45,1342.75,10339,271478,358437812.0
2021-10-21,2021-10-21,SKFINDIA,A,3115.0,3325.0,3097.0,3280.2,3121.35,832,4305,13619382.0
2021-10-21,2021-10-21,ASHOKLEY,A,138.0,141.75,136.45,140.9,136.5,7646,725360,100520971.0
2021-10-21,2021-10-21,CUMMINSIND,A,889.0,895.05,871.1,883.45,883.25,2655,40753,35992559.0
2021-10-21,2021-10-21,TATACOMM,A,1470.0,1519.95,1401.0,1427.85,1446.05,8233,68227,100276405.0
2021-10-21,2021-10-21,ABBOTINDIA,A,20848.45,21090.15,20551.1,20978.6,20746.95,624,841,17505401.0
2021-10-21,2021-10-21,BAJAJHLDNG,A,4796.5,4828.35,4704.3,4728.3,4792.7,651,1562,7414636.0
2021-10-21,2021-10-21,BHARATFORG,A,780.0,786.75,770.45,781.85,774.4,1995,47563,37016801.0
2021-10-21,2021-10-21,ESCORTS,A,1441.0,1485.0,1425.9,1476.2,1438.55,5298,73630,107068824.0
2021-10-21,2021-10-21,HINDMOTORS,T,14.88,14.88,14.88,14.88,15.66,185,36597,544563.0
2021-10-21,2021-10-21,LT,A,1812.35,1826.5,1791.0,1805.6,1807.05,7010,93005,167866612.0
2021-10-21,2021-10-21,M&M,A,902.05,911.0,893.05,896.95,899.45,6692,149093,133875283.0
2021-10-21,2021-10-21,BOSCHLTD,A,17104.55,17239.55,16900.0,17106.85,17150.5,1064,1925,32817921.0
2021-10-21,2021-10-21,PREMIER,B,4.16,4.2,4.0,4.13,4.12,25,7321,30001.0
2021-10-21,2021-10-21,BPCL,A,444.0,454.15,443.5,450.8,441.1,3526,234927,105629050.0
2021-10-21,2021-10-21,SIEMENS,A,2216.4,2239.55,2174.35,2189.15,2211.2,1606,10593,23337114.0
2021-10-21,2021-10-21,TMPV,A,499.0,510.0,485.65,508.0,487.05,79183,4134357,2054723640.0
2021-10-21,2021-10-21,VOLTAS,A,1231.0,1231.15,1161.1,1191.8,1249.35,10315,109326,130121321.0
2021-10-21,2021-10-21,GESHIP,A,334.0,335.4,320.0,322.15,333.5,1421,25786,8474666.0
2021-10-21,2021-10-21,DEEPAKFERT,A,424.9,424.9,410.0,419.15,418.6,1175,27429,11420398.0
2021-10-21,2021-10-21,EXCELINDUS,A,1038.35,1038.35,1011.0,1018.2,1025.6,273,1432,1459794.0
2021-10-21,2021-10-21,GRWRHITECH,T,989.95,995.0,960.0,977.7,982.65,399,11709,11422446.0
2021-10-21,2021-10-21,GLAXO,A,1460.0,1477.7,1460.0,1468.7,1469.55,427,1901,2793431.0
2021-10-21,2021-10-21,GNFC,A,449.95,455.0,432.25,435.65,443.3,2123,73433,32827814.0
2021-10-21,2021-10-21,NOVARTIND,A,784.05,790.15,771.8,776.95,788.7,351,2062,1606667.0
2021-10-21,2021-10-21,SANOFI,A,8107.25,8376.9,8090.1,8336.05,8117.95,905,1835,15123989.0
2021-10-21,2021-10-21,PFIZER,A,5299.5,5302.75,5127.65,5214.9,5239.5,752,2973,15416433.0
2021-10-21,2021-10-21,GSFC,A,125.0,128.35,124.95,126.05,122.9,2314,107597,13617959.0
2021-10-21,2021-10-21,HINDUNILVR,A,2500.0,2503.35,2428.5,2445.85,2479.4,17876,96411,237299900.0
2021-10-21,2021-10-21,JSWDULUX,A,2220.0,2220.0,2164.85,2172.5,2197.55,192,453,989860.0
2021-10-21,2021-10-21,NOCIL,A,287.3,287.7,266.45,269.95,283.9,3359,122274,33762059.0
2021-10-21,2021-10-21,TATACHEM,A,1035.0,1044.5,994.65,1003.95,1034.1,14931,243691,248254654.0
2021-10-21,2021-10-21,TNPETRO,B,122.0,124.8,120.2,122.4,122.2,814,37043,4525717.0
2021-10-21,2021-10-21,ZUARIIND,B,133.8,134.05,130.3,132.0,132.7,55,1068,140949.0
2021-10-21,2021-10-21,NESTLEIND,A,19549.0,19549.0,19060.15,19247.15,19273.7,834,1369,26354566.0
2021-10-21,2021-10-21,TATACONSUM,A,839.5,839.5,807.8,815.5,827.3,9816,371258,304000721.0
2021-10-21,2021-10-21,ASIANPAINT,A,3189.95,3197.4,2922.0,3003.5,3168.65,22448,228318,691634717.0
2021-10-21,2021-10-21,BRITANNIA,A,3772.4,3791.9,3681.35,3717.9,3761.85,1339,5825,21764951.0
2021-10-21,2021-10-21,COLPAL,A,1613.0,1625.95,1587.0,1594.25,1613.8,3451,21713,34736660.0
2021-10-21,2021-10-21,EIHOTEL,A,144.8,144.8,136.4,138.25,141.75,1180,36270,5061480.0
2021-10-21,2021-10-21,INDHOTEL,A,226.0,228.0,209.4,213.9,219.15,7006,671491,146080826.0
2021-10-21,2021-10-21,CASTROLIND,A,141.95,144.75,139.45,143.9,139.6,2874,132762,18888635.0
2021-10-21,2021-10-21,ITC,A,248.0,248.4,243.15,244.9,246.6,8618,832662,203781125.0
2021-10-21,2021-10-21,APOLLOTYRE,A,228.0,229.1,224.5,226.1,225.7,2411,145410,32924517.0
2021-10-21,2021-10-21,CEATLTD,A,1330.0,1370.0,1316.65,1355.25,1329.55,1991,12685,17015419.0
2021-10-21,2021-10-21,MODIRUBBER,T,82.85,83.0,80.05,82.35,82.5,10,174,14244.0
2021-10-21,2021-10-21,FINPIPE,A,223.0,235.0,220.2,229.85,217.85,6762,219347,50317453.0
2021-10-21,2021-10-21,DSINVEST,XT,271.75,277.1,271.0,271.0,271.75,15,121,33445.0
2021-10-21,2021-10-21,CENTRUM,B,41.85,42.7,41.5,41.9,41.75,789,123037,5201773.0
2021-10-21,2021-10-21,TCIFINANCE,B,5.0,5.3,4.51,5.1,5.48,14,5541,25767.0
2021-10-21,2021-10-21,INDPRUD,X,1689.9,1693.8,1641.75,1649.95,1650.0,15,145,240594.0
2021-10-21,2021-10-21,TATAINVEST,A,1527.0,1562.5,1520.4,1548.05,1541.2,1722,12271,18826937.0
2021-10-21,2021-10-21,JAYBHCR,X,4.78,4.78,4.78,4.78,4.78,4,188,898.0
2021-10-21,2021-10-21,PRISMX,XT,93.05,101.9,93.05,100.4,97.2,2984,172543,16636487.0
2021-10-21,2021-10-21,MOTOGENFIN,B,24.0,24.75,24.0,24.2,24.5,16,533,12849.0
2021-10-21,2021-10-21,WALCHPF,X,83.0,83.0,83.0,83.0,83.0,2,100,8300.0
2021-10-21,2021-10-21,WHBRADY,X,162.75,169.8,162.75,169.8,171.3,3,26,4238.0
2021-10-21,2021-10-21,TECHNVISN,XT,198.6,198.6,198.6,198.6,198.6,1,11,2184.0
2021-10-21,2021-10-21,SHAILY,X,2001.0,2001.0,1915.0,1917.7,1950.0,44,535,1040425.0
2021-10-21,2021-10-21,BBTC,A,1104.5,1126.7,1103.0,1111.55,1118.7,1153,15232,16953278.0
2021-10-21,2021-10-21,BOMBCYC,X,590.05,606.95,577.0,579.7,597.0,34,391,228539.0
2021-10-21,2021-10-21,GREAVESCOT,A,138.2,139.35,135.5,136.8,137.9,1540,76623,10521899.0
2021-10-21,2021-10-21,MULLER,XT,105.0,108.3,105.0,108.3,110.5,7,52,5467.0
2021-10-21,2021-10-21,AMALGAM,XT,18.95,19.0,18.1,18.1,18.1,10,74,1378.0
2021-10-21,2021-10-21,INDIANVSH,X,16.05,17.0,16.05,16.75,17.05,9,747,12247.0
2021-10-21,2021-10-21,COASTCORP,B,274.65,283.9,269.0,277.4,272.25,359,6854,1891320.0
2021-10-21,2021-10-21,CHOWGULSTM,XT,10.5,10.5,9.9,9.93,10.39,22,3074,31000.0
2021-10-21,2021-10-21,GARWAOFFS,XT,45.0,45.5,42.55,45.45,43.8,198,56333,2499094.0
2021-10-21,2021-10-21,DHENUBUILD,X,1.89,1.89,1.89,1.89,1.92,4,5302,10020.0
2021-10-21,2021-10-21,ASIIL,X,15.4,15.95,15.4,15.45,15.25,69,27228,428164.0
2021-10-21,2021-10-21,SAGCEM,A,287.15,290.05,281.9,285.3,284.0,513,4375,1253474.0
2021-10-21,2021-10-21,DECCANCE,B,739.95,739.95,713.7,722.4,721.75,557,2507,1807069.0
2021-10-21,2021-10-21,MANGLMCEM,A,430.75,433.2,420.05,425.4,428.6,646,6807,2910871.0
2021-10-21,2021-10-21,NCLIND,A,243.8,244.9,231.9,234.35,239.6,1260,24662,5874375.0
2021-10-21,2021-10-21,SAURASHCEM,X,91.8,93.0,88.0,91.15,90.35,347,33103,3016071.0
2021-10-21,2021-10-21,SHREDIGCEM,B,84.7,85.3,81.15,82.1,82.3,669,27877,2309273.0
2021-10-21,2021-10-21,BORORENEW,A,446.8,446.8,446.8,446.8,470.3,554,19888,8885958.0
2021-10-21,2021-10-21,RASSIREF,XT,8.16,8.32,8.16,8.32,7.93,7,1202,9888.0
2021-10-21,2021-10-21,TRIVENIGQ,X,6.15,6.15,5.8,6.1,6.2,18,1419,8680.0
2021-10-21,2021-10-21,NILACHAL,X,34.7,34.7,34.7,34.7,35.15,3,6,208.0
2021-10-21,2021-10-21,ANDHRAPAP,B,233.15,234.4,229.1,229.15,234.2,48,1757,403601.0
2021-10-21,2021-10-21,BALKRISIND,A,2492.0,2516.0,2473.25,2487.9,2487.7,1819,84505,209857465.0
2021-10-21,2021-10-21,ORIENTPPR,B,31.4,32.35,31.4,31.65,31.95,717,112190,3577962.0
2021-10-21,2021-10-21,ROLLT,B,2.86,2.86,2.86,2.86,3.01,54,66038,188868.0
2021-10-21,2021-10-21,SESHAPAPER,A,178.6,179.15,170.05,172.25,176.75,315,7228,1255220.0
2021-10-21,2021-10-21,SOLIDCONT,XT,42.5,42.5,42.5,42.5,44.7,1,2959,125757.0
2021-10-21,2021-10-21,SHBHAWANI,Z,2.79,2.79,2.55,2.55,2.66,11,1868,4937.0
2021-10-21,2021-10-21,NATHIND,X,102.5,102.5,99.05,99.1,100.15,57,4928,491361.0
2021-10-21,2021-10-21,SINTEXIND,B,4.98,4.98,4.63,4.65,4.87,1114,936754,4439428.0
2021-10-21,2021-10-21,DCM,B,56.05,58.6,54.25,58.45,55.85,446,39444,2269212.0
2021-10-21,2021-10-21,FORBESCO,B,4612.15,4748.45,4612.0,4709.7,4652.15,214,4369,20458398.0
2021-10-21,2021-10-21,HPCOTTON,X,92.2,93.95,92.2,93.1,92.0,31,600,55748.0
2021-10-21,2021-10-21,JAMSHRI,XT,2836.0,2836.0,2650.0,2650.0,2701.0,2,9,24780.0
2021-10-21,2021-10-21,KESORAMIND,B,66.45,68.65,65.95,66.8,65.6,897,74025,4973685.0
2021-10-21,2021-10-21,LAKSHMIMIL,X,3030.0,3041.0,3030.0,3040.5,3041.2,5,14,42556.0
2021-10-21,2021-10-21,VTL,A,1875.0,1901.95,1842.4,1875.7,1865.85,684,1823,3383347.0
2021-10-21,2021-10-21,PENINLAND,B,12.27,12.27,11.34,11.49,11.71,133,11298,130383.0
2021-10-21,2021-10-21,PASUSPG,XT,15.2,15.2,14.0,15.0,14.55,8,412,5931.0
2021-10-21,2021-10-21,PHOENIXLTD,A,934.8,954.5,898.35,906.75,943.75,985,7463,6925307.0
2021-10-21,2021-10-21,MARATHON,B,90.15,92.35,88.65,89.0,88.0,62,2787,249139.0
2021-10-21,2021-10-21,RAJABAH,XT,6548.0,6549.0,5942.0,6449.0,6250.0,54,114,709023.0
2021-10-21,2021-10-21,RELCHEMQ,X,163.55,171.8,163.5,167.45,163.55,133,4629,766909.0
2021-10-21,2021-10-21,RUBYMILLS,B,284.7,289.5,281.0,284.1,282.75,169,1861,530718.0
2021-10-21,2021-10-21,SIMPLXREA,X,91.55,91.55,91.55,91.55,87.2,14,1220,111691.0
2021-10-21,2021-10-21,SWANCORP,A,127.2,129.15,124.4,128.1,126.75,175,1083,137746.0
2021-10-21,2021-10-21,VICTMILL,X,3189.0,3189.0,3063.4,3109.55,3150.2,26,52,162916.0
2021-10-21,2021-10-21,ZSVARAJT,X,10.71,11.75,10.71,10.75,11.27,145,118270,1279312.0
2021-10-21,2021-10-21,ZODIACVEN,XT,28.2,29.6,27.0,28.7,28.2,68,30080,860185.0
2021-10-21,2021-10-21,VEERENRGY,X,13.99,13.99,12.82,13.44,13.44,86,7699,101200.0
2021-10-21,2021-10-21,SW1,XT,57.65,57.65,55.0,57.65,57.65,3,38,2124.0
2021-10-21,2021-10-21,TILAK,XT,21.0,21.07,21.0,21.07,20.07,1791,344054,7247297.0
2021-10-21,2021-10-21,KKFIN,X,10.9,10.9,10.8,10.8,10.9,2,26,280.0
2021-10-21,2021-10-21,WAGEND,X,1.59,1.59,1.46,1.46,1.53,85,51211,75061.0
2021-10-21,2021-10-21,SAHARAONE,XT,30.9,30.9,29.4,29.9,29.45,11,242,7232.0
2021-10-21,2021-10-21,BANSWRAS,B,182.75,189.35,180.25,182.85,180.0,65,2076,381379.0
2021-10-21,2021-10-21,MODWOOL,X,18.16,18.16,18.16,18.16,17.3,3,91,1652.0
2021-10-21,2021-10-21,MODIPON,X,32.9,34.95,31.0,34.35,32.9,24,333,11179.0
2021-10-21,2021-10-21,SHRIDINE,X,645.0,650.0,641.25,649.8,643.55,47,3492,2267204.0
2021-10-21,2021-10-21,SRF,A,2210.0,2278.3,2177.5,2270.0,2209.05,7043,48367,108381482.0
2021-10-21,2021-10-21,SIYSIL,B,436.0,442.95,420.0,438.9,432.25,529,8062,3450208.0
2021-10-21,2021-10-21,SWADPOL,XT,5.05,5.05,4.71,4.71,4.95,15,2435,11634.0
2021-10-21,2021-10-21,SHRMFGC,XT,3.05,3.05,3.05,3.05,2.95,1,1,3.0
2021-10-21,2021-10-21,BBL,A,1403.15,1435.0,1365.65,1393.5,1387.8,472,1566,2171281.0
2021-10-21,2021-10-21,ELPROINTL,X,59.9,60.5,58.7,59.2,60.0,166,27324,1631517.0
2021-10-21,2021-10-21,EMCOLTD,Z,1.81,1.81,1.81,1.81,1.9,35,39065,70707.0
2021-10-21,2021-10-21,GEE,X,66.6,68.95,66.25,67.85,66.8,224,13550,917098.0
2021-10-21,2021-10-21,HIRECT,B,171.9,176.95,171.3,174.05,170.45,106,2061,357868.0
2021-10-21,2021-10-21,NIPPOBATRY,B,1020.0,1020.05,999.0,1012.8,1004.35,175,895,901337.0
2021-10-21,2021-10-21,ZENSARTECH,A,504.0,514.0,492.05,509.0,503.7,3735,83669,41871390.0
2021-10-21,2021-10-21,JYOTI,X,9.5,10.0,9.02,9.64,9.91,52,6367,61760.0
2021-10-21,2021-10-21,JSLINDL,XT,207.1,210.0,203.0,209.1,203.0,7,81,16535.0
2021-10-21,2021-10-21,INDOKEM,X,40.3,41.8,40.0,40.35,41.3,46,3764,152866.0
2021-10-21,2021-10-21,PANAENERG,X,307.4,313.0,305.0,308.45,306.35,175,4828,1481926.0
2021-10-21,2021-10-21,NELCO,T,865.7,865.7,865.7,865.7,911.25,355,7115,6159455.0
2021-10-21,2021-10-21,PERMAGN,X,410.0,450.0,408.0,431.95,414.75,404,10916,4768962.0
2021-10-21,2021-10-21,HIGHENE,X,1930.0,1984.0,1900.0,1909.25,1927.5,150,1047,2018628.0
2021-10-21,2021-10-21,STDBAT,XT,26.45,26.7,24.8,25.05,25.9,90,4640,118955.0
2021-10-21,2021-10-21,UNIVCABLES,B,167.55,172.55,165.5,166.0,167.4,306,4947,825970.0
2021-10-21,2021-10-21,WSI,B,8.65,8.67,8.01,8.55,8.26,74,31913,272210.0
2021-10-21,2021-10-21,DLTNCBL,X,48.0,48.9,42.5,48.35,45.0,35,2295,108500.0
2021-10-21,2021-10-21,LAKSELEC,X,465.0,465.0,460.0,460.3,458.45,91,5276,2434150.0
2021-10-21,2021-10-21,MODULEX,X,17.75,17.75,16.5,16.65,17.35,107,93434,1558504.0
2021-10-21,2021-10-21,DELTAMAGNT,B,72.75,74.35,69.0,71.5,71.45,100,4922,359735.0
2021-10-21,2021-10-21,RELTD,X,49.85,49.85,47.0,47.15,48.7,75,3891,186922.0
2021-10-21,2021-10-21,ZMULTIPU,XT,9.0,9.16,9.0,9.16,8.97,2,2,18.0
2021-10-21,2021-10-21,NYSSACORP,XT,6.85,6.85,6.85,6.85,6.53,100,27262,186744.0
2021-10-21,2021-10-21,FLOMIC,XT,177.1,182.25,173.6,182.25,173.6,593,23583,4267979.0
2021-10-21,2021-10-21,KRISHNA,XT,30.15,30.15,30.15,30.15,28.75,7,1905,57435.0
2021-10-21,2021-10-21,UNIABEXAL,X,711.0,711.0,681.3,697.4,680.2,77,1563,1080213.0
2021-10-21,2021-10-21,SARDAEN,B,808.0,819.95,770.7,813.8,786.1,1304,14646,11627896.0
2021-10-21,2021-10-21,BGWTATO,X,174.0,185.95,174.0,175.0,184.0,4,150,26204.0
2021-10-21,2021-10-21,GALADA,Z,2.8,2.87,2.8,2.85,2.74,22,2204,6245.0
2021-10-21,2021-10-21,AZADIND,XT,14.25,14.25,14.25,14.25,14.95,22,595,8478.0
2021-10-21,2021-10-21,INDIANHUME,A,206.0,206.0,194.3,194.95,198.1,302,4544,891438.0
2021-10-21,2021-10-21,INVPRECQ,X,316.5,316.5,303.0,312.15,318.8,74,5293,1627037.0
2021-10-21,2021-10-21,INFORTEC,X,37.5,37.5,35.7,35.7,37.55,6,62,2215.0
2021-10-21,2021-10-21,KAIRA,XT,3159.0,3198.8,2944.1,3121.55,3099.0,40,86,261648.0
2021-10-21,2021-10-21,ORIENTCER,B,28.5,28.5,26.95,28.05,28.1,475,34193,950360.0
2021-10-21,2021-10-21,NATIONSTD,XT,7779.7,7779.7,7779.7,7779.7,7409.25,63,162,1260311.0
2021-10-21,2021-10-21,DUNCANENG,X,223.0,223.0,204.0,205.4,208.4,34,608,127936.0
2021-10-21,2021-10-21,SANDUMA,B,1854.95,1879.5,1800.0,1823.7,1830.75,473,3603,6604630.0
2021-10-21,2021-10-21,STOVACQ,X,2350.65,2412.0,2335.5,2349.0,2357.65,70,1914,4515234.0
2021-10-21,2021-10-21,TATAYODOGA,XT,117.05,117.05,117.05,117.05,123.2,230,12858,1505028.0
2021-10-21,2021-10-21,TINPLATE,A,310.0,313.4,305.4,311.4,306.0,2391,73168,22665468.0
2021-10-21,2021-10-21,CHOLAHLDNG,A,691.45,703.75,685.0,690.3,691.45,931,4246,2943839.0
2021-10-21,2021-10-21,AUTOAXLES,A,1326.95,1344.75,1289.9,1297.2,1275.3,504,1553,2038955.0
2021-10-21,2021-10-21,ACGL,X,715.0,715.0,671.2,686.1,712.5,144,2649,1837570.0
2021-10-21,2021-10-21,SETCO,B,17.3,18.1,17.1,17.2,17.55,252,48164,838347.0
2021-10-21,2021-10-21,SCOOTER,T,35.8,35.8,34.05,34.25,34.8,31,1815,62519.0
2021-10-21,2021-10-21,TALBROAUTO,B,268.0,278.2,268.0,273.15,276.6,165,2046,559018.0
2021-10-21,2021-10-21,ZFSTEERING,X,454.0,468.95,454.0,458.35,458.05,53,1029,474347.0
2021-10-21,2021-10-21,SMLMAH,A,746.05,771.8,730.9,752.45,735.4,2016,22059,16582102.0
2021-10-21,2021-10-21,TIL,B,172.0,178.0,163.0,163.05,167.65,67,1945,320779.0
2021-10-21,2021-10-21,EICHERMOT,A,2658.95,2696.0,2597.0,2660.9,2651.3,4912,39075,103479584.0
2021-10-21,2021-10-21,JAINEX,XT,59.1,62.05,59.1,61.5,59.1,8,695,42715.0
2021-10-21,2021-10-21,ALFREDHE,X,687.65,687.65,650.0,670.3,666.6,24,132,87981.0
2021-10-21,2021-10-21,VELJAN,X,993.9,993.9,937.05,943.35,963.8,23,109,102892.0
2021-10-21,2021-10-21,DYNAMATECH,T,2720.0,2720.0,2646.1,2655.7,2785.35,145,941,2492391.0
2021-10-21,2021-10-21,GGDPROP,XT,75.6,75.6,75.5,75.6,72.0,11,1490,112634.0
2021-10-21,2021-10-21,GMMPFAUDLR,A,4860.0,4990.0,4815.15,4839.75,4853.9,972,2746,13402949.0
2021-10-21,2021-10-21,KIRLPNU,B,354.6,358.0,337.75,350.55,352.4,429,30836,10655252.0
2021-10-21,2021-10-21,KPT,X,143.0,143.0,135.3,137.2,135.7,45,1188,163885.0
2021-10-21,2021-10-21,MANUGRAPH,B,13.35,13.57,12.63,13.25,13.28,33,2838,37523.0
2021-10-21,2021-10-21,MONOT,Z,0.27,0.27,0.27,0.27,0.26,15,38326,10348.0
2021-10-21,2021-10-21,NESCO,A,647.95,647.95,623.05,625.6,630.1,744,6563,4128559.0
2021-10-21,2021-10-21,INTEGRAEN,X,73.9,74.8,70.1,74.5,71.25,338,37530,2738949.0
2021-10-21,2021-10-21,SEMAC,B,611.0,611.0,611.0,611.0,620.0,17,100,61100.0
2021-10-21,2021-10-21,TEXINFRA,B,59.05,59.9,57.65,59.4,59.0,155,4986,291772.0
2021-10-21,2021-10-21,WENDT,B,4355.0,4380.0,4261.0,4301.0,4351.75,50,109,469930.0
2021-10-21,2021-10-21,RESPONIND,A,127.0,127.0,119.6,120.8,120.5,149,10393,1263655.0
2021-10-21,2021-10-21,SHYMINV,XT,23.2,23.2,23.2,23.2,24.4,116,7468,173257.0
2021-10-21,2021-10-21,MAHACORP,X,0.44,0.48,0.44,0.47,0.47,463,446871,205921.0
2021-10-21,2021-10-21,DOLATALGO,B,85.15,88.95,85.15,87.35,87.75,1222,53104,4631667.0
2021-10-21,2021-10-21,WESTLIFE,A,585.5,594.5,566.0,570.2,575.5,1135,57690,33268400.0
2021-10-21,2021-10-21,ZEEL,A,325.0,331.85,316.75,321.4,320.25,31886,2821221,914606583.0
2021-10-21,2021-10-21,GOLDCORP,X,201.1,201.1,195.45,196.0,205.7,19,665,130703.0
2021-10-21,2021-10-21,SVPGLOB,B,121.0,121.9,111.4,112.5,119.95,891,37993,4330447.0
2021-10-21,2021-10-21,SKYLMILAR,X,9.61,10.14,9.61,10.11,9.66,66,25359,256060.0
2021-10-21,2021-10-21,BIMETAL,X,350.0,368.0,348.7,359.8,352.85,24,272,96417.0
2021-10-21,2021-10-21,BHARATGEAR,B,180.95,180.95,171.7,174.45,173.95,279,3331,581184.0
2021-10-21,2021-10-21,BRADYM,X,119.0,124.8,117.0,122.05,122.85,7,156,19011.0
2021-10-21,2021-10-21,LATIMMETAL,X,75.05,80.9,75.05,77.8,77.8,156,8498,652219.0
2021-10-21,2021-10-21,ELECON,B,157.05,157.3,150.55,154.5,153.05,1541,50189,7668660.0
2021-10-21,2021-10-21,SATANIBRG,XT,5.94,5.94,5.94,5.94,5.94,2,80,475.0
2021-10-21,2021-10-21,GRAUWEIL,B,60.25,62.85,60.25,61.05,61.1,714,53860,3327525.0
2021-10-21,2021-10-21,GAJRABEVEL,XT,2.57,2.67,2.5,2.63,2.55,63,9968,25947.0
2021-10-21,2021-10-21,HIMTEK,X,114.0,117.0,110.1,112.6,114.85,35,1892,214434.0
2021-10-21,2021-10-21,GABRIEL,A,152.2,155.0,149.05,154.25,149.8,3081,101981,15508783.0
2021-10-21,2021-10-21,HERCULES,B,141.8,144.2,138.7,143.7,141.55,291,5304,751376.0
2021-10-21,2021-10-21,ALGOQUANT,XT,1486.0,1627.9,1484.9,1570.45,1563.05,120,960,1445147.0
2021-10-21,2021-10-21,IFBIND,A,1190.45,1200.4,1170.0,1184.9,1174.1,789,3035,3599748.0
2021-10-21,2021-10-21,SINGERIND,X,62.15,64.5,62.0,62.85,63.25,274,71073,4463098.0
2021-10-21,2021-10-21,INTLCOMBQ,X,244.0,244.0,238.0,243.9,242.95,7,206,49158.0
2021-10-21,2021-10-21,FMGOETZE,A,277.0,277.0,264.9,265.7,268.65,615,12718,3386214.0
2021-10-21,2021-10-21,JOSTS,X,487.95,487.95,450.05,463.55,455.75,38,436,205813.0
2021-10-21,2021-10-21,SCHAEFFLER,A,7580.25,7697.75,7504.7,7540.0,7601.0,553,949,7188205.0
2021-10-21,2021-10-21,RANEHOLDIN,A,601.1,602.05,590.0,592.1,596.75,234,870,518957.0
2021-10-21,2021-10-21,SNL,X,236.1,245.0,228.05,241.95,236.25,72,2100,499838.0
2021-10-21,2021-10-21,JAIPAN,X,9.22,9.39,8.99,9.01,9.22,13,1774,15993.0
2021-10-21,2021-10-21,MANCREDIT,X,89.5,89.5,85.0,85.9,85.05,49,15017,1291056.0
2021-10-21,2021-10-21,TRF,T,131.65,136.2,131.3,136.05,138.0,13,987,133098.0
2021-10-21,2021-10-21,WPIL,X,849.0,855.0,840.2,846.5,842.95,97,2139,1806667.0
2021-10-21,2021-10-21,KENNAMET,A,1398.35,1398.35,1366.9,1382.85,1396.85,886,1293,1788402.0
2021-10-21,2021-10-21,HINDHARD,X,246.1,259.0,246.1,258.95,254.15,12,104,26455.0
2021-10-21,2021-10-21,TRITONV,X,1355.0,1355.0,1270.05,1287.9,1294.85,54,337,437662.0
2021-10-21,2021-10-21,SUDAI,X,5.66,6.9,5.66,5.8,6.9,43,4104,24779.0
2021-10-21,2021-10-21,PRAKASH,A,71.05,72.55,68.15,69.5,71.0,1202,142913,10011852.0
2021-10-21,2021-10-21,ARSHIYA,B,30.7,31.95,29.1,29.1,30.6,305,33809,998725.0
2021-10-21,2021-10-21,GRINDWELL,A,1530.0,1530.0,1467.25,1488.5,1503.2,1698,5421,8069060.0
2021-10-21,2021-10-21,LAKPRE,Z,4.41,4.41,4.34,4.34,4.52,10,1800,7870.0
2021-10-21,2021-10-21,STANROS,X,92.7,95.0,92.0,92.5,92.75,13,61,5647.0
2021-10-21,2021-10-21,GENESYS,B,241.7,267.1,241.7,267.1,254.4,366,28593,7588842.0
2021-10-21,2021-10-21,VOLKAI,XT,66.25,67.5,62.0,62.0,64.3,23,565,37809.0
2021-10-21,2021-10-21,PARNAXLAB,X,27.35,27.4,25.45,25.85,26.35,31,3101,80259.0
2021-10-21,2021-10-21,GOURMET,XT,4.33,4.33,4.33,4.33,4.13,2,36,155.0
2021-10-21,2021-10-21,VIVIDHA,B,0.76,0.77,0.75,0.77,0.76,10333,851483,650982.0
2021-10-21,2021-10-21,KANANIIND,B,8.58,8.75,8.5,8.75,8.64,12,2004,17161.0
2021-10-21,2021-10-21,GSLTD,X,22.95,22.95,22.95,22.95,21.9,17,7948,182406.0
2021-10-21,2021-10-21,ARIHANTSUP,B,170.95,177.0,167.1,169.85,168.0,410,15824,2714102.0
2021-10-21,2021-10-21,BLISSGVS,A,107.7,107.8,105.15,105.9,106.55,461,22739,2410623.0
2021-10-21,2021-10-21,STYRENIX,B,1781.0,1805.7,1774.0,1775.95,1796.7,2170,15214,27146212.0
2021-10-21,2021-10-21,ALEMBICLTD,A,113.25,113.25,107.8,108.25,108.4,1384,24569,2666645.0
2021-10-21,2021-10-21,AMNPLST,X,118.0,122.15,117.15,121.7,116.35,399,32944,3995007.0
2021-10-21,2021-10-21,ANUHPHR,X,110.3,113.0,109.0,110.2,110.2,390,20118,2232401.0
2021-10-21,2021-10-21,MODISONLTD,B,70.25,71.05,69.15,69.8,68.85,186,1643,115060.0
2021-10-21,2021-10-21,BAYERCROP,A,5145.55,5181.25,5050.0,5060.4,5149.0,435,924,4716209.0
2021-10-21,2021-10-21,STARSOURCE,XT,24.05,24.15,23.7,23.75,24.05,14,806,19235.0
2021-10-21,2021-10-21,SUDARCOLOR,A,573.1,583.0,558.5,564.8,571.0,841,5536,3165492.0
2021-10-21,2021-10-21,COROMANDEL,A,828.15,847.15,825.3,831.95,836.0,2460,30873,25816905.0
2021-10-21,2021-10-21,DEEPAKNTR,A,2570.0,2616.6,2419.25,2431.85,2557.4,53982,417145,1036003227.0
2021-10-21,2021-10-21,DMCC,X,391.95,391.95,361.05,365.8,388.65,649,27994,10514427.0
2021-10-21,2021-10-21,FERMENTA,X,320.0,320.8,312.2,316.35,315.3,503,28579,9043465.0
2021-10-21,2021-10-21,GOCLCORP,B,318.8,336.15,318.75,329.55,322.9,183,1660,546531.0
2021-10-21,2021-10-21,JAYCH,X,9.2,9.2,8.65,8.96,8.87,121,39429,349265.0
2021-10-21,2021-10-21,JLMORISON,X,1855.05,1865.0,1845.0,1853.55,1915.0,16,82,152060.0
2021-10-21,2021-10-21,KANORICHEM,B,183.25,183.25,177.0,183.0,181.9,152,4931,888151.0
2021-10-21,2021-10-21,KELENRG,X,750.0,768.0,750.0,750.0,747.65,27,438,332523.0
2021-10-21,2021-10-21,KEMP,X,845.3,845.3,805.0,805.0,805.05,5,18,14691.0
2021-10-21,2021-10-21,NITTAGELA,X,224.0,239.3,224.0,238.1,230.0,99,5163,1209314.0
2021-10-21,2021-10-21,MPAGI,XT,3.9,3.96,3.9,3.96,3.78,15,1199,4747.0
2021-10-21,2021-10-21,AGVENTURES,A,1040.95,1051.75,1034.35,1043.2,1037.15,143,364,379392.0
2021-10-21,2021-10-21,PCBL,A,234.25,240.2,231.0,232.0,235.8,4954,221804,52010148.0
2021-10-21,2021-10-21,AMAL,X,408.0,420.0,408.0,415.0,405.65,130,4336,1800684.0
2021-10-21,2021-10-21,POLYCHEM,X,520.0,520.0,504.6,515.0,520.0,9,73,37183.0
2021-10-21,2021-10-21,PUNJABCHEM,B,1442.65,1500.0,1377.55,1461.45,1438.5,1174,5285,7529468.0
2021-10-21,2021-10-21,SADHNANIQ,X,40.6,40.6,39.25,39.45,39.05,493,55789,2229209.0
2021-10-21,2021-10-21,SUDARSCHEM,A,654.0,654.0,603.95,610.3,640.8,1610,19905,12380119.0
2021-10-21,2021-10-21,ULTRAMAR,X,437.0,444.8,429.0,435.25,429.8,651,19836,8663067.0
2021-10-21,2021-10-21,TRANSPEK,X,2310.0,2310.0,2257.7,2301.95,2279.75,168,3595,8227515.0
2021-10-21,2021-10-21,UNICHEMLAB,A,259.3,260.1,249.0,254.35,258.4,1110,18419,4667358.0
2021-10-21,2021-10-21,MYSORPETRO,X,110.95,111.95,108.0,109.15,110.95,16,680,75155.0
2021-10-21,2021-10-21,ALKYLAMINE,A,3845.0,3888.8,3759.95,3804.4,3823.65,1188,3515,13361794.0
2021-10-21,2021-10-21,TUTIALKA,XT,20.39,20.42,20.01,20.42,19.45,215,77073,1571201.0
2021-10-21,2021-10-21,ASTRAZEN,A,3084.95,3084.95,3040.85,3051.8,3059.2,331,756,2306060.0
2021-10-21,2021-10-21,PRIMO,X,154.5,154.5,136.0,145.15,147.4,705,78020,11017668.0
2021-10-21,2021-10-21,TANFACIND,X,620.1,620.1,620.1,620.1,652.7,249,6151,3814235.0
2021-10-21,2021-10-21,GUJPETR,XT,41.5,44.8,41.5,42.75,42.8,5,84,3590.0
2021-10-21,2021-10-21,GUJTHEM,X,551.8,558.8,486.0,515.4,544.75,875,21844,11311701.0
2021-10-21,2021-10-21,JAYSYN,X,81.25,82.0,79.5,79.95,81.2,36,3500,280057.0
2021-10-21,2021-10-21,MAKERSL,X,193.0,208.95,193.0,206.55,202.4,54,1513,307328.0
2021-10-21,2021-10-21,JBCHEPHARM,A,1785.9,1798.5,1698.05,1762.1,1768.05,2525,11751,20391597.0
2021-10-21,2021-10-21,RAJSPTR,P,1.92,1.99,1.92,1.92,2.01,4,1000,1948.0
2021-10-21,2021-10-21,BLUECHIPT,X,150.0,150.0,141.25,149.5,150.0,13,357,53402.0
2021-10-21,2021-10-21,JAGAJITIND,XT,66.25,68.9,63.05,66.95,66.25,60,4792,318140.0
2021-10-21,2021-10-21,KESARENT,XT,87.85,87.85,85.05,87.05,86.45,20,1088,94936.0
2021-10-21,2021-10-21,TI,B,50.0,51.25,50.0,51.25,48.85,506,69195,3545361.0
2021-10-21,2021-10-21,EMERALL,XT,85.0,85.05,77.0,85.05,81.0,19,542,45847.0
2021-10-21,2021-10-21,RAVALSUGAR,XT,2111.1,2244.95,2090.0,2112.3,2200.0,8,34,71715.0
2021-10-21,2021-10-21,SAKHTISUG,B,14.7,15.3,14.6,15.1,14.8,115,14638,217004.0
2021-10-21,2021-10-21,WALCHANNAG,B,54.6,54.8,53.3,53.6,53.85,638,40434,2179915.0
2021-10-21,2021-10-21,KHODINDIA,XT,76.0,76.15,72.7,73.0,72.6,7,211,15506.0
2021-10-21,2021-10-21,IFBAGRO,B,651.6,661.8,628.3,630.1,643.75,1184,48429,31070464.0
2021-10-21,2021-10-21,DHARANISUG,B,18.95,19.9,18.5,18.8,19.25,187,18085,342100.0
2021-10-21,2021-10-21,KFBL,X,59.3,59.95,57.6,59.5,57.55,47,3666,217131.0
2021-10-21,2021-10-21,CAPRO,XT,69.75,70.0,66.3,70.0,69.75,27,1474,97862.0
2021-10-21,2021-10-21,GMBREW,B,726.6,768.25,726.6,745.75,741.8,1736,18360,13742654.0
2021-10-21,2021-10-21,RANASUG,B,28.0,28.0,26.6,26.95,27.0,462,65133,1762601.0
2021-10-21,2021-10-21,PICCASUG,X,13.5,13.75,12.47,12.64,13.12,91,11270,143029.0
2021-10-21,2021-10-21,RIGASUGAR,X,7.9,7.9,7.35,7.35,7.73,25,3868,28430.0
2021-10-21,2021-10-21,SDBL,B,45.4,45.4,43.1,43.85,43.5,214,14651,645907.0
2021-10-21,2021-10-21,CJGEL,XT,22.9,23.2,21.1,21.3,22.2,20,3368,71444.0
2021-10-21,2021-10-21,AMRITCORP,X,1011.0,1045.0,870.0,964.0,927.6,45,279,264877.0
2021-10-21,2021-10-21,ASALCBR,B,540.0,570.0,540.0,558.7,537.5,1900,25382,14031561.0
2021-10-21,2021-10-21,FOODSIN,X,71.8,71.8,68.3,69.3,69.8,236,38533,2681362.0
2021-10-21,2021-10-21,IVP,B,115.1,117.0,114.35,114.35,115.2,11,140,16056.0
2021-10-21,2021-10-21,KLRFM,X,76.75,76.75,68.6,71.5,71.45,25,1388,97812.0
2021-10-21,2021-10-21,OLYOI,XT,50.0,50.0,50.0,50.0,50.0,1,1,50.0
2021-10-21,2021-10-21,MLKFOOD,X,363.85,363.85,353.05,360.3,354.5,42,1115,401128.0
2021-10-21,2021-10-21,POLSON,X,13689.0,13815.0,13306.1,13589.15,13619.5,23,33,445226.0
2021-10-21,2021-10-21,WIPRO,A,707.05,707.8,681.85,695.7,701.9,5979,273862,190518085.0
2021-10-21,2021-10-21,ORIBEVER,X,71.95,71.95,69.55,69.55,70.35,11,200,14018.0
2021-10-21,2021-10-21,DHANUKA,A,797.0,816.65,791.0,808.85,802.6,979,5223,4198446.0
2021-10-21,2021-10-21,TTKHLTCARE,B,658.85,668.35,650.0,662.05,649.7,97,969,642661.0
2021-10-21,2021-10-21,TGVSL,XT,57.2,58.65,55.25,55.95,57.0,429,86538,4873705.0
2021-10-21,2021-10-21,LIMECHM,X,30.65,30.65,28.6,29.05,30.1,93,7307,211240.0
2021-10-21,2021-10-21,KANPRPLA,B,175.55,175.65,174.5,175.3,175.3,170,3116,545228.0
2021-10-21,2021-10-21,TAINWALCHM,B,75.4,76.0,74.3,74.75,76.25,87,2275,170928.0
2021-10-21,2021-10-21,JAGSNPHARM,B,167.0,167.2,159.5,160.65,164.5,183,4815,777832.0
2021-10-21,2021-10-21,KHAICHEM,B,68.0,68.0,61.75,62.75,62.9,425,12351,776244.0
2021-10-21,2021-10-21,NOL,X,67.95,69.9,65.0,67.0,66.6,33,1926,131828.0
2021-10-21,2021-10-21,GILLETTE,A,5700.0,5754.8,5652.4,5672.55,5731.15,571,914,5193813.0
2021-10-21,2021-10-21,WIREFABR,X,84.0,84.0,75.15,77.75,81.85,24,744,59834.0
2021-10-21,2021-10-21,ANSALHSG,B,6.21,6.41,6.11,6.25,6.1,67,22641,141803.0
2021-10-21,2021-10-21,MCCHRLS-B,X,529.0,543.7,491.0,503.1,518.0,71,1407,726614.0
2021-10-21,2021-10-21,ADDIND,X,11.57,11.57,11.57,11.57,11.02,6,1485,17181.0
2021-10-21,2021-10-21,PIONRINV,X,33.0,33.55,32.15,33.4,32.15,8,550,18350.0
2021-10-21,2021-10-21,ASHNOOR,XT,50.0,54.4,49.4,52.4,52.0,77,4433,222981.0
2021-10-21,2021-10-21,UNITECH,Z,1.74,1.75,1.71,1.71,1.74,355,1119034,1934595.0
2021-10-21,2021-10-21,VIPIND,A,557.85,557.85,521.05,529.2,551.6,2992,46588,24918303.0
2021-10-21,2021-10-21,SCHABLONAI,XT,20.9,20.9,20.9,20.9,22.0,1,73,1525.0
2021-10-21,2021-10-21,FIBERWEB,X,43.65,43.65,41.0,41.7,42.8,446,80307,3349244.0
2021-10-21,2021-10-21,GYFTR,X,124.6,128.0,122.0,124.15,124.6,92,4434,549462.0
2021-10-21,2021-10-21,EASTBUILD,XT,14.94,14.94,14.94,14.94,14.25,1,300,4482.0
2021-10-21,2021-10-21,BAJAJST,X,943.0,973.95,900.0,964.9,928.6,671,10463,9869331.0
2021-10-21,2021-10-21,KIDUJA,XT,156.75,156.75,156.75,156.75,149.3,4,223,34955.0
2021-10-21,2021-10-21,KEYCORP,XT,48.75,48.75,45.6,48.75,48.0,9,307,14650.0
2021-10-21,2021-10-21,GUJHOTE,X,153.45,153.45,146.0,149.65,153.25,145,7163,1063873.0
2021-10-21,2021-10-21,RASRESOR,X,31.45,31.45,28.5,28.6,30.0,7,238,6877.0
2021-10-21,2021-10-21,PARMCOS-B,X,28.0,30.2,28.0,29.0,28.9,27,981,28564.0
2021-10-21,2021-10-21,JINDHOT,X,35.0,35.6,34.25,34.95,34.25,65,1826,63801.0
2021-10-21,2021-10-21,SIMMOND,XT,72.9,73.4,66.7,67.65,70.1,103,21684,1479421.0
2021-10-21,2021-10-21,BNALTD,X,200.0,208.9,196.35,202.6,199.8,44,1302,262040.0
2021-10-21,2021-10-21,LEDOTEACO,X,27.7,27.7,27.7,27.7,27.7,1,10,277.0
2021-10-21,2021-10-21,HAWKINCOOK,A,6440.0,6441.0,6365.8,6430.05,6444.2,490,1181,7581018.0
2021-10-21,2021-10-21,WARRENTEA,X,84.3,87.8,83.2,83.6,85.9,67,3077,259353.0
2021-10-21,2021-10-21,COCHMAL,X,39.2,39.25,39.2,39.25,39.15,2,224,8782.0
2021-10-21,2021-10-21,BESTEAST,XT,29.7,29.7,27.0,28.95,28.4,10,845,24365.0
2021-10-21,2021-10-21,NEAGI,X,3504.6,3504.6,3400.0,3400.0,3402.5,12,39,133653.0
2021-10-21,2021-10-21,ISTLTD,X,545.0,545.0,525.2,528.5,528.35,21,254,135161.0
2021-10-21,2021-10-21,COSMOFIRST,A,1477.8,1564.0,1447.75,1526.1,1445.05,729,4676,6938315.0
2021-10-21,2021-10-21,APOLLOHOSP,A,4181.0,4233.3,4079.6,4134.9,4144.75,3921,107918,449734601.0
2021-10-21,2021-10-21,NITINCAST,X,90.0,93.0,88.05,88.7,89.1,24,485,44038.0
2021-10-21,2021-10-21,NEXOME,X,40.9,40.9,40.7,40.7,40.9,15,2889,117818.0
2021-10-21,2021-10-21,EVERESTIND,B,454.0,454.0,440.75,442.75,447.75,492,4806,2135786.0
2021-10-21,2021-10-21,IRONWOOD,X,42.2,44.8,40.6,44.8,42.7,26,26743,1169075.0
2021-10-21,2021-10-21,MSRINDIA,XT,14.1,14.39,13.15,13.93,13.8,14,711,10010.0
2021-10-21,2021-10-21,AIRLTD,XT,8.55,8.55,8.55,8.55,8.55,4,203,1735.0
2021-10-21,2021-10-21,AYMSYNTEX,B,108.45,110.5,106.0,108.95,105.95,94,5207,564672.0
2021-10-21,2021-10-21,PANCARBON,X,513.75,547.0,513.75,525.05,513.75,210,4983,2646845.0
2021-10-21,2021-10-21,FINKURVE,X,47.0,47.9,47.0,47.9,47.0,6,245,11690.0
2021-10-21,2021-10-21,HBLEAS,XT,3.01,3.01,2.8,2.85,2.87,34,2473,7349.0
2021-10-21,2021-10-21,SULABEN,X,2.48,2.55,2.09,2.22,2.32,85,37996,83131.0
2021-10-21,2021-10-21,NAVNETEDUL,A,109.05,110.5,106.65,107.1,107.75,795,38138,4125912.0
2021-10-21,2021-10-21,SATRAPROP,Z,0.9,0.94,0.9,0.92,0.94,102,184378,170492.0
2021-10-21,2021-10-21,AUSOMENT,B,62.7,64.4,61.55,64.4,63.85,132,3954,251419.0
2021-10-21,2021-10-21,RUCHINFRA,T,6.76,7.04,6.76,7.01,6.87,28,3384,23588.0
2021-10-21,2021-10-21,VOLLF,X,26.2,26.2,25.2,25.2,25.7,5,87,2235.0
2021-10-21,2021-10-21,NETLINK,XT,39.35,39.35,37.5,39.35,37.5,100,9966,389777.0
2021-10-21,2021-10-21,LANCORHOL,X,13.0,13.5,12.35,12.67,12.91,36,7169,90347.0
2021-10-21,2021-10-21,INDINFO,XT,1.46,1.53,1.46,1.53,1.46,5165,5288317,8045872.0
2021-10-21,2021-10-21,BANASFN,X,15.83,15.83,15.26,15.83,15.08,180,92674,1465185.0
2021-10-21,2021-10-21,VISAKAIND,B,635.0,650.8,635.0,646.35,642.4,484,3161,2036946.0
2021-10-21,2021-10-21,INFOMEDIA,B,4.84,4.93,4.84,4.93,4.7,15,4769,23463.0
2021-10-21,2021-10-21,HATHWAYB,XT,19.0,20.85,19.0,20.45,19.9,137,25572,518311.0
2021-10-21,2021-10-21,PRESSMN,B,30.1,30.1,28.8,29.1,29.65,210,3245,94381.0
2021-10-21,2021-10-21,GUFICBIO,B,185.6,187.9,184.05,185.45,185.05,796,15741,2927520.0
2021-10-21,2021-10-21,PHOTON,XT,30.5,31.3,30.5,31.3,30.5,9,189,5791.0
2021-10-21,2021-10-21,GRPLTD,B,961.1,970.0,954.0,970.0,971.6,20,154,148299.0
2021-10-21,2021-10-21,INDAG,X,81.55,84.45,81.0,82.15,82.4,108,8281,681755.0
2021-10-21,2021-10-21,MMRUBBR-B,X,41.8,41.8,38.15,39.8,40.95,23,2526,99516.0
2021-10-21,2021-10-21,PTL,B,52.45,52.5,50.2,50.6,51.7,332,12611,642791.0
2021-10-21,2021-10-21,TVSSRICHAK,A,2355.9,2366.8,2309.65,2312.35,2339.5,192,447,1038381.0
2021-10-21,2021-10-21,SEL,X,34.0,35.5,34.0,35.5,34.0,6,217,7402.0
2021-10-21,2021-10-21,BENARAS,X,1871.5,1920.0,1861.5,1910.15,1917.0,32,163,310060.0
2021-10-21,2021-10-21,BHAGWOX,XT,37.0,38.7,36.5,38.25,36.9,48,1703,63335.0
2021-10-21,2021-10-21,BOMOXY-B1,X,12101.0,12400.0,11971.15,12073.35,12130.0,17,23,279086.0
2021-10-21,2021-10-21,CRAVATEX,XT,343.0,368.0,338.35,368.0,356.15,30,1301,446608.0
2021-10-21,2021-10-21,BERGEPAINT,A,803.0,806.0,735.25,749.8,799.5,6948,95955,73248549.0
2021-10-21,2021-10-21,CAPRIHANS,X,145.0,145.05,136.05,141.6,145.0,103,8060,1129352.0
2021-10-21,2021-10-21,GRAPHITE,A,585.0,589.5,566.3,573.0,579.8,4405,67095,38807976.0
2021-10-21,2021-10-21,CEMPRO,A,88.4,89.9,86.3,86.65,87.65,1091,63935,5641778.0
2021-10-21,2021-10-21,EMPIND,X,773.35,797.0,765.0,765.6,773.35,40,627,486545.0
2021-10-21,2021-10-21,GRAVISSHO,X,14.95,15.15,13.8,14.7,14.5,44,17826,247903.0
2021-10-21,2021-10-21,GARFIBRES,A,3561.45,3673.55,3512.65,3560.45,3559.55,842,1655,5941757.0
2021-10-21,2021-10-21,GARWAMAR,X,8.98,8.98,8.14,8.14,8.56,55,19841,173423.0
2021-10-21,2021-10-21,GOACARBON,B,397.0,397.0,376.95,383.3,380.25,904,20063,7721449.0
2021-10-21,2021-10-21,HARDCAS,X,284.0,284.0,284.0,284.0,274.0,1,1,284.0
2021-10-21,2021-10-21,HEG,A,2425.25,2425.6,2184.0,2191.6,2390.4,2281,10948,24641176.0
2021-10-21,2021-10-21,HINDCOMPOS,B,320.05,325.0,315.55,320.6,319.3,158,1952,623412.0
2021-10-21,2021-10-21,BIRLANU,A,5048.25,5082.15,5000.45,5045.8,4998.95,228,528,2658794.0
2021-10-21,2021-10-21,INDIANCARD,B,178.45,186.2,174.95,181.1,179.9,56,559,99240.0
2021-10-21,2021-10-21,INTLCONV,B,67.0,68.0,65.9,66.6,66.7,1543,32901,2203587.0
2021-10-21,2021-10-21,JAYSREETEA,B,107.3,109.5,106.55,108.2,107.55,164,3841,416975.0
2021-10-21,2021-10-21,MODRNSH,X,18.35,18.35,16.62,17.0,17.48,16,1113,19423.0
2021-10-21,2021-10-21,HUHTAMAKI,A,263.9,263.9,256.65,259.3,261.95,795,15013,3903886.0
2021-10-21,2021-10-21,PREMSYN,X,23.4,23.4,23.4,23.4,24.6,7,395,9243.0
2021-10-21,2021-10-21,SHALPAINTS,B,93.75,94.1,91.35,92.2,93.55,504,10786,996549.0
2021-10-21,2021-10-21,HINDMILL,X,286.05,306.8,286.05,287.0,306.9,20,300,88251.0
2021-10-21,2021-10-21,SUPREMEIND,A,2410.0,2421.55,2264.85,2325.75,2438.5,1995,5423,12616369.0
2021-10-21,2021-10-21,THACKER,XT,318.0,318.0,301.1,301.1,316.75,6,33,10099.0
2021-10-21,2021-10-21,VSTIND,A,3604.5,3650.7,3511.0,3549.2,3601.15,588,1467,5221224.0
2021-10-21,2021-10-21,SWASTIVI,X,5.68,5.68,5.46,5.59,5.59,356,114406,634213.0
2021-10-21,2021-10-21,YAMNINV,XT,0.59,0.59,0.59,0.59,0.57,403,1346441,794400.0
2021-10-21,2021-10-21,PREMCAP,X,5.09,5.09,4.76,4.83,5.01,40,10091,49246.0
2021-10-21,2021-10-21,JINDRILL,B,153.55,155.2,150.05,151.15,149.2,878,26560,4047625.0
2021-10-21,2021-10-21,SAKTHIFIN,X,17.25,17.4,14.55,16.45,16.95,92,18869,311214.0
2021-10-21,2021-10-21,AEROENTER,X,32.55,34.9,32.55,34.35,31.9,109,33960,1148375.0
2021-10-21,2021-10-21,SHIVATEX,B,227.75,237.8,224.95,234.0,222.45,158,2925,670287.0
2021-10-21,2021-10-21,VBDESAI,X,6.7,6.7,6.37,6.38,6.7,8,1079,6879.0
2021-10-21,2021-10-21,1STCUS,XT,40.0,40.0,40.0,40.0,40.0,1,1,40.0
2021-10-21,2021-10-21,KAMANWALA,XT,9.7,10.15,9.7,10.08,10.16,4,103,1000.0
2021-10-21,2021-10-21,AXISOL,Z,9.25,9.71,8.8,9.6,9.25,171,15761,149466.0
2021-10-21,2021-10-21,WSFX,X,20.95,21.3,20.0,20.95,21.35,16,1446,29527.0
2021-10-21,2021-10-21,ANJANIFOODS,XT,158.0,158.5,152.0,155.75,157.05,39,1192,186857.0
2021-10-21,2021-10-21,MILLENNIUM,XT,2.25,2.25,2.14,2.15,2.25,16,8430,18700.0
2021-10-21,2021-10-21,ICDSLTD,T,62.0,62.0,61.75,61.75,65.0,35,1089,67254.0
2021-10-21,2021-10-21,CANFINHOME,A,690.0,702.65,671.0,698.95,683.25,3347,65478,44913540.0
2021-10-21,2021-10-21,IVC,B,6.1,6.1,5.9,5.95,5.98,113,76711,457296.0
2021-10-21,2021-10-21,SHRIRAMFIN,A,1441.6,1499.35,1441.5,1491.45,1438.4,3971,110194,160687541.0
2021-10-21,2021-10-21,CHOLAFIN,A,596.0,623.85,592.75,614.05,594.75,4099,155670,94730283.0
2021-10-21,2021-10-21,VLSFINANCE,B,196.65,197.75,193.1,195.85,196.35,243,4458,874115.0
2021-10-21,2021-10-21,INDCEMCAP,X,8.5,8.5,7.65,7.84,8.1,66,7989,64418.0
2021-10-21,2021-10-21,ADMANUM,X,22.05,24.95,22.05,24.25,24.4,15,1265,31416.0
2021-10-21,2021-10-21,MEHIF,XT,7.35,7.35,7.19,7.19,7.19,5,517,3717.0
2021-10-21,2021-10-21,INTRGLB,X,15.9,15.9,15.9,15.9,15.9,6,151,2400.0
2021-10-21,2021-10-21,SHRISTI,X,49.1,49.1,49.1,49.1,49.15,1,5,245.0
2021-10-21,2021-10-21,CREST,B,124.65,124.75,123.2,123.75,123.2,58,1405,174028.0
2021-10-21,2021-10-21,VAKRANGEE,A,40.3,40.5,39.3,39.65,40.0,1688,420958,16792024.0
2021-10-21,2021-10-21,GUJCRED,XT,9.43,9.43,8.55,8.55,8.99,12,833,7130.0
2021-10-21,2021-10-21,DHARFIN,X,5.16,5.7,5.16,5.69,5.43,7,1593,8236.0
2021-10-21,2021-10-21,ALEXANDER,X,17.85,19.1,17.3,17.6,18.2,214,52934,951117.0
2021-10-21,2021-10-21,INDBANK,B,23.6,24.0,23.2,23.3,23.3,118,5925,139548.0
2021-10-21,2021-10-21,BHARAT,X,25.5,25.5,22.8,23.9,23.65,35,1253,29943.0
2021-10-21,2021-10-21,CAPTRUST,B,92.75,95.3,87.6,90.3,89.5,40,2454,225413.0
2021-10-21,2021-10-21,USHAKIRA,XT,7.82,7.82,7.82,7.82,7.45,5,511,3996.0
2021-10-21,2021-10-21,VIVOBIOT,X,70.8,72.25,69.0,70.2,69.95,270,9752,680969.0
2021-10-21,2021-10-21,VEERHEALTH,X,10.6,10.71,10.6,10.7,11.75,14,2258,24178.0
2021-10-21,2021-10-21,PANINDIAC,XT,1.27,1.27,1.27,1.27,1.33,632,205058,260423.0
2021-10-21,2021-10-21,SAHARAHOUS,X,45.95,48.9,43.6,44.95,45.8,68,8770,402539.0
2021-10-21,2021-10-21,NDASEC,XT,34.3,34.3,34.3,34.3,36.1,10,125,4287.0
2021-10-21,2021-10-21,GSBFIN,X,10.53,11.68,10.53,10.53,11.69,5,76,812.0
2021-10-21,2021-10-21,MORARKFI,X,84.0,85.0,75.5,77.95,79.9,77,3424,267956.0
2021-10-21,2021-10-21,MONARCH,X,143.95,143.95,134.3,139.0,139.95,43,2704,374197.0
2021-10-21,2021-10-21,PROFINC,X,34.0,34.1,34.0,34.1,34.05,6,620,21134.0
2021-10-21,2021-10-21,TEAMGTY,B,47.75,49.55,46.45,47.75,47.2,73,2661,129520.0
2021-10-21,2021-10-21,CRESCENTIS,X,51.0,51.0,47.15,47.25,49.6,66,6305,302325.0
2021-10-21,2021-10-21,BEFOUNDMOL,X,1.46,1.48,1.46,1.48,1.48,4,660,974.0
2021-10-21,2021-10-21,AVONMORE,X,45.0,49.0,44.95,47.5,44.95,346,50497,2376909.0
2021-10-21,2021-10-21,LIBORDFIN,X,4.06,4.24,4.06,4.24,4.24,3,199,811.0
2021-10-21,2021-10-21,YASHMGM,X,8.72,8.99,8.71,8.87,8.67,30,9597,84221.0
2021-10-21,2021-10-21,ARIHANTCAP,B,149.55,149.55,138.9,139.95,142.85,123,1056,149279.0
2021-10-21,2021-10-21,ISLCONSUL,X,15.1,15.1,15.1,15.1,15.0,1,900,13590.0
2021-10-21,2021-10-21,DCMFINSERV,B,3.53,3.54,3.33,3.5,3.38,134,14913,51760.0
2021-10-21,2021-10-21,JIKINDUS,T,0.38,0.4,0.38,0.4,0.39,2,11,4.0
2021-10-21,2021-10-21,FEDDERSHOL,X,91.1,95.0,91.1,91.1,95.85,19,5389,491375.0
2021-10-21,2021-10-21,SAMBHAAV,B,2.91,2.91,2.8,2.8,2.87,52,29483,84418.0
2021-10-21,2021-10-21,SUGALDAM,X,9.24,9.24,9.24,9.24,9.72,6,352,3252.0
2021-10-21,2021-10-21,NETTLINX,X,57.0,57.0,52.95,53.25,55.45,67,6945,384155.0
2021-10-21,2021-10-21,SCANSTL,X,45.65,47.4,44.85,46.2,45.65,222,35741,1632205.0
2021-10-21,2021-10-21,GICHSGFIN,A,155.3,160.3,153.8,155.65,154.65,1314,33138,5192278.0
2021-10-21,2021-10-21,MATHEWE,X,7.21,7.21,7.21,7.21,7.58,1,200,1442.0
2021-10-21,2021-10-21,AJCON,X,36.25,36.9,36.0,36.2,36.25,6,2302,83362.0
2021-10-21,2021-10-21,YOGI,X,6.03,6.03,6.03,6.03,6.34,1,200,1206.0
2021-10-21,2021-10-21,CUBIFIN,X,1.25,1.41,1.25,1.3,1.32,118,118238,153881.0
2021-10-21,2021-10-21,RELICTEC,X,13.4,13.4,13.35,13.35,12.81,12,1571,20988.0
2021-10-21,2021-10-21,NIMBSPROJ,X,27.0,27.0,27.0,27.0,27.95,1,50,1350.0
2021-10-21,2021-10-21,INVIGO,XT,5.04,5.45,5.04,5.32,5.3,42,18329,95350.0
2021-10-21,2021-10-21,BAIDFIN,X,44.6,44.6,39.05,40.45,43.3,33,3513,146262.0
2021-10-21,2021-10-21,VIPULLTD,B,28.4,28.4,27.4,28.3,28.4,13,2705,75287.0
2021-10-21,2021-10-21,USHDI,XT,2.95,2.95,2.95,2.95,3.1,72,39625,116893.0
2021-10-21,2021-10-21,UGROCAP,B,158.3,182.65,158.3,166.55,155.25,4097,178176,30865111.0
2021-10-21,2021-10-21,SAHLIBHFI,X,118.95,119.5,111.1,119.0,116.3,28,2971,337585.0
2021-10-21,2021-10-21,ABIRAFN,Z,3.52,3.7,3.52,3.52,3.7,8,962,3469.0
2021-10-21,2021-10-21,MANSIFIN,XT,21.85,21.85,21.85,21.85,23.0,1,50,1092.0
2021-10-21,2021-10-21,SEVENHILL,XT,0.41,0.41,0.41,0.41,0.43,36,37458,15357.0
2021-10-21,2021-10-21,MUTHOOTCAP,B,390.0,399.15,388.45,391.9,392.4,224,2873,1128517.0
2021-10-21,2021-10-21,MASTERTR,XT,117.0,117.0,106.25,110.05,111.7,34,2722,299275.0
2021-10-21,2021-10-21,TTGIL,X,1.61,1.86,1.61,1.76,1.74,91,43184,75089.0
2021-10-21,2021-10-21,ZSARACOM,X,2000.05,2000.05,1913.0,1963.6,2028.0,14,141,279825.0
2021-10-21,2021-10-21,SKYBIOTECH,XT,31.0,31.0,31.0,31.0,31.0,1,2,62.0
2021-10-21,2021-10-21,ROYALIND,XT,3.94,3.94,3.94,3.94,3.76,204,59102,232861.0
2021-10-21,2021-10-21,DHANSAFAL,X,0.99,1.02,0.98,1.0,0.98,325,279426,279495.0
2021-10-21,2021-10-21,DECNGOLD,X,24.65,25.75,24.4,24.4,25.65,267,76610,1877052.0
2021-10-21,2021-10-21,UPL,A,717.0,724.0,706.25,717.9,716.2,4060,92733,66315005.0
2021-10-21,2021-10-21,CRANESSOFT,XT,2.79,3.07,2.79,3.07,2.93,512,269855,804837.0
2021-10-21,2021-10-21,SIGIND,B,43.3,44.8,42.55,44.1,43.15,139,3777,163299.0
2021-10-21,2021-10-21,SECURKLOUD,B,174.0,179.0,166.05,176.45,170.8,892,31916,5459369.0
2021-10-21,2021-10-21,ABANSENT,X,100.0,103.95,97.2,101.65,98.8,88,6606,670752.0
2021-10-21,2021-10-21,VAMA,X,8.94,9.29,8.75,8.92,8.9,79,8969,80050.0
2021-10-21,2021-10-21,SUNTECK,A,475.0,479.75,461.6,469.6,469.95,4072,61931,29096255.0
2021-10-21,2021-10-21,SILVERO,Z,4.0,4.2,4.0,4.2,4.08,3,23,96.0
2021-10-21,2021-10-21,PRISMMEDI,X,6.97,6.97,6.51,6.68,6.75,68,8245,54603.0
2021-10-21,2021-10-21,VERITAS,XT,140.2,140.2,140.2,140.2,143.05,33,6095,854519.0
2021-10-21,2021-10-21,JAICORPLTD,A,128.0,130.95,126.6,129.5,126.45,1865,162278,20820547.0
2021-10-21,2021-10-21,ASHCAP,X,4.38,4.49,4.26,4.29,4.35,125,20730,89448.0
2021-10-21,2021-10-21,SVARTCORP,X,4.35,4.65,4.24,4.28,4.41,136,53045,229888.0
2021-10-21,2021-10-21,MMWL,XT,9.08,9.81,9.08,9.56,9.54,377,145060,1375478.0
2021-10-21,2021-10-21,NNTL,Z,7.35,7.35,7.35,7.35,7.0,1,35,257.0
2021-10-21,2021-10-21,BHAGYANGR,B,49.65,50.05,48.65,49.8,49.35,33,4906,242840.0
2021-10-21,2021-10-21,SGMART,XT,230.6,230.6,230.6,230.6,242.7,2,2,461.0
2021-10-21,2021-10-21,ARAVALIS,X,3.29,3.45,3.13,3.13,3.29,16,1052,3330.0
2021-10-21,2021-10-21,SWORDEDGE,X,0.57,0.57,0.57,0.57,0.6,48,50235,28633.0
2021-10-21,2021-10-21,CRSL,X,2.08,2.18,2.04,2.1,2.09,245,104087,218314.0
2021-10-21,2021-10-21,STARTECK,X,123.1,129.05,123.1,124.0,123.3,122,10283,1279656.0
2021-10-21,2021-10-21,SHARDUL,X,77.0,77.0,70.8,71.25,74.1,12,1296,98416.0
2021-10-21,2021-10-21,SERA,XT,64.7,67.9,64.7,66.0,68.1,9,250,16495.0
2021-10-21,2021-10-21,NIRAVCOM,X,530.0,538.0,530.0,531.3,503.0,6,62,32940.0
2021-10-21,2021-10-21,APOLLOFI,X,549.95,549.95,530.0,538.0,542.45,87,488,260402.0
2021-10-21,2021-10-21,ENBETRD,XT,35.7,35.7,35.7,35.7,34.0,2,40,1428.0
2021-10-21,2021-10-21,SHRJAGP,XT,1133.0,1145.0,1101.0,1111.15,1134.55,299,2239,2484396.0
2021-10-21,2021-10-21,LLOYDSME,XT,85.65,89.75,85.0,89.75,85.5,428,173943,15520876.0
2021-10-21,2021-10-21,LLOYDSENT,XT,2.62,2.62,2.44,2.62,2.5,460,692988,1811200.0
2021-10-21,2021-10-21,BETXIND,X,89.8,91.75,82.05,85.55,89.8,29,443,37275.0
2021-10-21,2021-10-21,POLYTEX,XT,3.98,4.38,3.98,4.0,4.18,44,14206,57963.0
2021-10-21,2021-10-21,OASISEC,X,38.5,42.0,38.5,42.0,40.3,8,203,7886.0
2021-10-21,2021-10-21,GARNETINT,XT,48.65,48.65,48.65,48.65,51.2,34,5170,251520.0
2021-10-21,2021-10-21,SHALPRO,X,0.49,0.49,0.49,0.49,0.49,434,296210,145142.0
2021-10-21,2021-10-21,DONEAR,B,57.0,58.45,56.05,56.5,56.3,173,1837,104103.0
2021-10-21,2021-10-21,SUPER,X,680.0,690.0,667.0,688.3,680.0,23,592,403971.0
2021-10-21,2021-10-21,VIYASH,A,203.5,208.9,193.25,195.55,205.15,7386,228043,45268330.0
2021-10-21,2021-10-21,STCINDIA,B,107.35,108.85,105.15,105.2,107.6,134,2932,313203.0
2021-10-21,2021-10-21,ZENITHEXPO,B,88.95,88.95,87.95,88.9,86.0,22,26,2311.0
2021-10-21,2021-10-21,AVANTIFEED,A,556.0,564.4,547.1,550.55,551.9,848,4021,2237686.0
2021-10-21,2021-10-21,ZODJRDMKJ,X,36.35,36.35,34.0,35.7,34.75,24,2044,71160.0
2021-10-21,2021-10-21,MANBRO,XT,13.23,13.23,13.23,13.23,12.6,5,10,132.0
2021-10-21,2021-10-21,KEYFINSERV,B,76.0,84.95,76.0,76.3,78.5,16,118,9109.0
2021-10-21,2021-10-21,ADANIENT,A,1598.0,1626.55,1581.3,1595.85,1589.75,8266,150796,241608116.0
2021-10-21,2021-10-21,ASTALLTD,X,10.4,10.4,10.39,10.39,10.45,2,11,114.0
2021-10-21,2021-10-21,HARIAEXPO,X,4.65,5.09,4.65,5.09,4.89,33,4778,23031.0
2021-10-21,2021-10-21,BHANDARI,B,3.65,3.69,3.4,3.62,3.56,100,51901,181575.0
2021-10-21,2021-10-21,RLF,XT,4.2,4.2,4.08,4.08,4.08,18,810,3354.0
2021-10-21,2021-10-21,REGENTRP,X,1.98,1.98,1.78,1.95,1.9,11,8000,15515.0
2021-10-21,2021-10-21,ORBTEXP,B,78.0,80.0,75.0,77.4,77.6,62,3366,261008.0
2021-10-21,2021-10-21,SAVERA,X,50.45,50.5,48.6,49.9,49.25,23,1741,86858.0
2021-10-21,2021-10-21,CHROME,XT,19.75,19.85,19.45,19.85,18.95,13,9265,183712.0
2021-10-21,2021-10-21,TATASTLLP,A,890.0,890.0,866.9,869.25,912.5,1096,15976,13942381.0
2021-10-21,2021-10-21,NAVA,A,121.5,122.25,117.2,119.1,120.55,696,34718,4149854.0
2021-10-21,2021-10-21,REMIEDEL,XT,25.7,28.15,25.7,27.4,27.05,10,305,8154.0
2021-10-21,2021-10-21,GSAUTO,X,10.32,10.33,9.46,9.68,9.95,79,27225,261303.0
2021-10-21,2021-10-21,TRANSFRE,XT,13.51,13.51,12.85,12.9,13.51,5,431,5567.0
2021-10-21,2021-10-21,SBCL,B,279.65,282.95,264.4,273.5,276.95,693,23321,6313641.0
2021-10-21,2021-10-21,GANDHITUBE,B,435.15,438.95,425.05,426.1,433.15,103,549,235920.0
2021-10-21,2021-10-21,AMFORG,XT,5.25,5.25,4.86,4.92,5.11,58,8090,40065.0
2021-10-21,2021-10-21,ORICONENT,B,28.8,28.95,27.65,28.5,28.6,156,8020,225641.0
2021-10-21,2021-10-21,ACROW,X,135.75,135.75,135.75,135.75,138.7,1,9,1221.0
2021-10-21,2021-10-21,STLSTRINF,X,39.8,39.8,37.0,38.75,38.1,143,37814,1451772.0
2021-10-21,2021-10-21,NATSTLAGRO,B,6.41,6.41,6.4,6.41,6.11,130,93762,600998.0
2021-10-21,2021-10-21,UTTAMGALVA,B,4.34,4.34,4.15,4.19,4.19,114,98685,413826.0
2021-10-21,2021-10-21,PENIND,B,29.15,29.2,28.4,28.75,28.85,443,57530,1653316.0
2021-10-21,2021-10-21,JYOTISTRUC,Z,22.05,22.05,19.98,19.98,21.03,296,241454,4870647.0
2021-10-21,2021-10-21,JAYUSH,X,588.0,588.0,540.0,546.0,573.0,54,1324,731360.0
2021-10-21,2021-10-21,SSWL,T,1874.0,1875.0,1760.0,1801.85,1809.6,177,1701,3069624.0
2021-10-21,2021-10-21,MANINDS,B,108.2,108.8,106.05,106.95,107.1,465,17739,1909586.0
2021-10-21,2021-10-21,IMEC,XT,2.09,2.09,1.94,2.04,2.03,33,3410,6960.0
2021-10-21,2021-10-21,MDRNSTL,X,3.97,3.97,3.97,3.97,4.17,3,710,2818.0
2021-10-21,2021-10-21,TERRASCOPE,X,2.55,2.79,2.55,2.79,2.68,31,16380,42969.0
2021-10-21,2021-10-21,BELDING,XT,52.0,53.6,49.4,49.4,52.0,24,452,22563.0
2021-10-21,2021-10-21,GOLKONDA,Z,21.0,21.2,20.0,21.2,20.2,43,8077,170568.0
2021-10-21,2021-10-21,METALFORGE,Z,4.9,5.3,4.9,5.14,5.15,28,3936,20306.0
2021-10-21,2021-10-21,AJMERA,T,325.05,338.9,323.0,328.5,332.65,145,3903,1276791.0
2021-10-21,2021-10-21,COCHINM,X,126.05,128.5,126.0,127.15,126.85,52,2901,367358.0
2021-10-21,2021-10-21,INDIAHOMES,XT,1.61,1.61,1.5,1.57,1.54,426,444206,693351.0
2021-10-21,2021-10-21,KVFORGE,X,47.5,47.5,45.3,46.8,45.9,30,314,14457.0
2021-10-21,2021-10-21,CARBORUNIV,A,836.0,890.3,832.95,883.1,833.95,1659,8766,7525690.0
2021-10-21,2021-10-21,MMTC,A,45.95,47.25,45.3,46.15,45.65,2213,461566,21297181.0
2021-10-21,2021-10-21,ASHIS,X,18.15,18.15,17.15,17.2,17.96,14,2271,39393.0
2021-10-21,2021-10-21,SMFIL,X,4.74,4.74,4.34,4.37,4.56,157,124634,544752.0
2021-10-21,2021-10-21,TATAMETALI,A,1069.0,1069.0,1002.0,1020.95,1037.35,1201,7190,7349524.0
2021-10-21,2021-10-21,SHAHALLOYS,T,31.45,31.45,28.5,29.2,30.0,37,4706,137102.0
2021-10-21,2021-10-21,JSWISPL,B,31.75,31.9,30.7,31.1,32.3,1369,548438,17038067.0
2021-10-21,2021-10-21,ELANGO,XT,7.55,7.55,7.55,7.55,7.55,1,99,747.0
2021-10-21,2021-10-21,KANSHST,XT,22.65,22.65,21.45,21.45,22.55,24,8127,174329.0
2021-10-21,2021-10-21,MAHALXSE,Z,8.15,8.15,8.0,8.1,8.2,4,112,907.0
2021-10-21,2021-10-21,SIMPLEXCAS,X,40.75,41.65,39.45,40.7,40.7,49,5539,220428.0
2021-10-21,2021-10-21,SSWRL,X,23.5,24.4,23.5,23.9,23.8,20,2475,58576.0
2021-10-21,2021-10-21,SOUTHMG,XT,27.15,27.15,27.15,27.15,25.9,3,900,24435.0
2021-10-21,2021-10-21,BAROEXT,X,2.63,2.63,2.63,2.63,2.76,192,104094,273767.0
2021-10-21,2021-10-21,GUJCONT,P,53.15,53.15,53.15,53.15,53.35,1,100,5315.0
2021-10-21,2021-10-21,KALYANIFRG,T,190.0,190.0,188.0,188.0,190.15,10,411,77982.0
2021-10-21,2021-10-21,PANCHMAHQ,X,102.6,102.6,92.3,95.05,96.2,61,3983,385879.0
2021-10-21,2021-10-21,ADITYA,X,11.33,11.33,10.77,10.77,11.33,30,1892,20471.0
2021-10-21,2021-10-21,SRIND,X,1.95,2.0,1.95,1.99,2.0,13,2848,5594.0
2021-10-21,2021-10-21,STEELCAS,X,281.0,304.9,277.05,279.75,290.4,58,1218,342977.0
2021-10-21,2021-10-21,PITTIENG,B,174.9,177.0,170.1,173.1,169.8,852,77426,13396257.0
2021-10-21,2021-10-21,GLITTEKG,X,2.36,2.36,2.36,2.36,2.48,3,971,2291.0
2021-10-21,2021-10-21,PRADPME,X,81.5,82.5,80.0,81.3,80.05,103,4735,387338.0
2021-10-21,2021-10-21,GNRL,X,13.86,13.86,12.25,12.85,13.2,207,20171,261833.0
2021-10-21,2021-10-21,TNSTLTU,P,12.18,12.18,12.18,12.18,12.18,1,100,1218.0
2021-10-21,2021-10-21,SHRDAIS,XT,72.0,75.5,72.0,75.5,74.85,9,153,11111.0
2021-10-21,2021-10-21,MAHASTEEL,B,90.9,92.1,89.3,90.55,90.0,42,510,45964.0
2021-10-21,2021-10-21,REALSTRIPS,X,7.89,7.89,7.3,7.5,7.58,11,3551,27834.0
2021-10-21,2021-10-21,NOVIS,XT,14.5,14.5,13.2,13.79,13.82,38,2856,40240.0
2021-10-21,2021-10-21,FFPL,Z,4.35,4.35,4.35,4.35,4.15,3,320,1392.0
2021-10-21,2021-10-21,HINDCOPPER,A,144.65,148.45,135.25,136.6,143.0,6270,590888,82750394.0
2021-10-21,2021-10-21,SRIPIPES,A,210.0,210.0,203.45,204.7,206.85,470,7324,1508283.0
2021-10-21,2021-10-21,AXELPOLY,XT,44.1,44.1,44.1,44.1,42.0,51,17259,761121.0
2021-10-21,2021-10-21,NLCINDIA,A,69.0,70.1,66.1,66.8,68.75,5038,727829,49705275.0
2021-10-21,2021-10-21,SPECTRA,XT,4.78,4.78,4.77,4.78,4.56,34,12476,59635.0
2021-10-21,2021-10-21,JMTAUTOLTD,B,2.99,2.99,2.81,2.86,2.9,111,59574,170308.0
2021-10-21,2021-10-21,KAJARIR,X,53.0,55.7,53.0,53.55,53.05,77,12301,668755.0
2021-10-21,2021-10-21,SOLIDSTON,XT,24.6,24.6,24.0,24.0,24.6,3,638,15342.0
2021-10-21,2021-10-21,SHILGRAVQ,X,115.0,115.0,101.0,108.65,113.3,124,6073,670067.0
2021-10-21,2021-10-21,WHITEORG,X,8.15,8.5,7.91,8.01,8.3,291,93418,756263.0
2021-10-21,2021-10-21,MFSINTRCRP,X,10.19,10.19,10.19,10.19,9.71,89,242700,2473113.0
2021-10-21,2021-10-21,HGIND,XT,51.6,51.6,51.6,51.6,54.3,29,1493,77038.0
2021-10-21,2021-10-21,AROGRANITE,B,62.9,63.45,62.6,62.6,62.2,109,3066,193608.0
2021-10-21,2021-10-21,RUDRAECO,X,4.49,4.49,4.25,4.35,4.41,37,7148,31415.0
2021-10-21,2021-10-21,RAJKSYN,XT,14.17,15.65,14.17,15.55,14.91,105,24992,368341.0
2021-10-21,2021-10-21,DEEPAKSP,X,255.0,255.0,243.75,247.6,244.75,306,13861,3430487.0
2021-10-21,2021-10-21,JBFINDLTD,B,22.85,23.35,21.85,22.6,22.85,366,102750,2289000.0
2021-10-21,2021-10-21,LOYALTEX,X,850.0,850.0,802.1,821.25,829.4,72,823,681979.0
2021-10-21,2021-10-21,HIMATSEIDE,T,258.0,270.75,258.0,264.4,257.9,122,5785,1529603.0
2021-10-21,2021-10-21,BSL,B,79.7,79.7,75.15,76.0,76.65,53,5219,397157.0
2021-10-21,2021-10-21,PBMPOLY,X,132.5,132.5,127.0,132.35,130.5,34,1547,198953.0
2021-10-21,2021-10-21,ADINATH,XT,42.85,42.85,42.85,42.85,45.1,10,358,15340.0
2021-10-21,2021-10-21,SURYALA,X,281.0,299.0,281.0,283.75,292.0,28,754,215394.0
2021-10-21,2021-10-21,SURYVANSP,XT,12.0,12.89,11.75,12.89,12.36,13,11393,133937.0
2021-10-21,2021-10-21,TTL,B,89.5,94.0,85.0,87.7,84.15,825,39389,3501596.0
2021-10-21,2021-10-21,WELSPUNLIV,A,148.6,156.7,147.65,151.75,146.35,3541,255996,39313752.0
2021-10-21,2021-10-21,INDIANACRY,X,15.1,15.69,14.86,15.1,15.01,351,89809,1352620.0
2021-10-21,2021-10-21,GANECOS,B,501.6,518.7,501.55,506.1,499.9,373,3160,1612392.0
2021-10-21,2021-10-21,CEETAIN,XT,21.3,21.3,21.3,21.3,22.4,5,16,340.0
2021-10-21,2021-10-21,VARDMNPOLY,B,23.2,23.2,22.45,22.75,22.5,35,3441,77844.0
2021-10-21,2021-10-21,BLACKROSE,X,206.0,206.85,198.0,205.1,202.05,1629,52536,10692574.0
2021-10-21,2021-10-21,STCORP,XT,26.8,26.8,24.5,25.5,25.55,6,407,10184.0
2021-10-21,2021-10-21,SUMEETINDS,B,8.34,8.34,7.88,7.88,7.97,148,32560,260059.0
2021-10-21,2021-10-21,BINNY,X,217.85,217.85,209.0,210.35,213.4,102,5303,1125037.0
2021-10-21,2021-10-21,RAMGOPOLY,XT,11.68,12.9,11.68,12.9,12.29,93,12765,155925.0
2021-10-21,2021-10-21,SANGAMIND,B,257.4,257.4,248.15,251.9,245.15,690,48031,12292555.0
2021-10-21,2021-10-21,MKVENTURES,XT,54.7,54.7,54.7,54.7,57.55,3,300,16410.0
2021-10-21,2021-10-21,KUSHIND,XT,3.95,4.04,3.66,3.66,3.85,71,20789,78404.0
2021-10-21,2021-10-21,SRECR,P,34.15,34.15,32.5,32.5,34.2,10,1500,49445.0
2021-10-21,2021-10-21,SEASONST,X,7.46,7.46,7.46,7.46,7.85,2,5,37.0
2021-10-21,2021-10-21,ZENIFIB,X,62.9,62.9,59.1,61.7,61.9,39,680,41049.0
2021-10-21,2021-10-21,BHILSPIN,X,21.5,21.5,19.65,20.0,20.2,10,469,9431.0
2021-10-21,2021-10-21,VGL,B,27.25,27.25,25.3,26.65,26.0,116,27028,714845.0
2021-10-21,2021-10-21,SANTETX,XT,79.7,79.7,79.7,79.7,83.85,10,166,13230.0
2021-10-21,2021-10-21,ASHIMASYN,B,18.5,18.9,18.0,18.05,18.45,64,6215,113805.0
2021-10-21,2021-10-21,PIONEEREMB,B,59.85,60.15,58.65,59.0,58.65,334,13562,804085.0
2021-10-21,2021-10-21,VIPPYSP,X,99.9,103.95,98.0,103.1,99.05,70,7411,751725.0
2021-10-21,2021-10-21,JAIHIND,XT,5.5,5.5,5.5,5.5,5.7,3,301,1655.0
2021-10-21,2021-10-21,RAGHUSYN,XT,1144.0,1147.25,1100.0,1147.25,1092.65,297,3421,3917890.0
2021-10-21,2021-10-21,KAMADGIRI,X,38.0,38.0,35.7,36.85,37.55,42,7845,282857.0
2021-10-21,2021-10-21,OMNITEX,X,22.25,22.25,22.25,22.25,22.25,1,10,222.0
2021-10-21,2021-10-21,PATSPINLTD,B,8.55,8.95,8.5,8.57,8.65,22,5928,51068.0
2021-10-21,2021-10-21,ONEGLOBAL,X,23.55,23.55,23.5,23.5,24.7,5,834,19599.0
2021-10-21,2021-10-21,NEOINFRA,XT,27.45,27.45,26.9,26.9,26.9,7,157,4224.0
2021-10-21,2021-10-21,PREMIERPOL,B,70.8,71.4,65.35,67.2,68.05,151,6658,442672.0
2021-10-21,2021-10-21,EVERFIN,XT,27.3,27.3,27.3,27.3,26.0,6,625,17062.0
2021-10-21,2021-10-21,KRRAIL,X,34.2,34.2,31.4,31.85,32.6,59,7977,257025.0
2021-10-21,2021-10-21,YARNSYN,X,6.3,6.31,6.3,6.3,6.01,33,10926,68878.0
2021-10-21,2021-10-21,GUJCOTEX,X,1.82,1.82,1.82,1.82,1.74,18,35530,64664.0
2021-10-21,2021-10-21,AJIL,Z,43.75,48.35,43.75,45.65,46.05,164,13672,626037.0
2021-10-21,2021-10-21,GARWSYN,X,16.98,16.98,15.31,15.31,16.98,16,1771,28924.0
2021-10-21,2021-10-21,ECOHOTELS,P,12.88,12.88,12.88,12.88,13.55,1,400,5152.0
2021-10-21,2021-10-21,SARUPINDUS,XT,21.7,23.9,21.7,21.7,22.8,8,465,10530.0
2021-10-21,2021-10-21,MANORG,X,765.0,783.8,760.0,769.9,747.55,1215,46249,35728179.0
2021-10-21,2021-10-21,HINDADH,X,267.95,267.95,253.5,256.75,260.5,25,562,145134.0
2021-10-21,2021-10-21,BPAGRI,XT,14.58,14.58,14.58,14.58,13.89,1,5,72.0
2021-10-21,2021-10-21,SRIKPRIND,X,18.4,18.95,18.4,18.9,18.55,30,1442,27113.0
2021-10-21,2021-10-21,JYOTIRES,X,800.0,813.45,790.45,802.35,800.0,87,1923,1540682.0
2021-10-21,2021-10-21,MHLXMIRU,X,69.7,69.9,68.05,68.7,68.75,27,2768,191490.0
2021-10-21,2021-10-21,SOUTLAT,XT,11.99,11.99,11.99,11.99,12.47,1,500,5995.0
2021-10-21,2021-10-21,OSWAYRN,XT,5.9,5.9,5.65,5.9,5.63,12,610,3499.0
2021-10-21,2021-10-21,WINSOMTX,B,51.7,53.0,49.4,50.6,51.7,35,3046,153780.0
2021-10-21,2021-10-21,THAMBBI,XT,9.29,9.29,9.29,9.29,9.77,2,101,938.0
2021-10-21,2021-10-21,MODINSU,XT,64.0,66.8,63.5,66.35,63.95,74,11629,758620.0
2021-10-21,2021-10-21,ASAHIINDIA,A,370.75,370.8,355.6,358.85,363.1,1140,23944,8738064.0
2021-10-21,2021-10-21,MURUDCERA,B,26.65,26.65,25.5,26.15,26.3,186,7404,192760.0
2021-10-21,2021-10-21,SEKURITIND,X,64.55,65.75,63.8,64.2,64.55,492,50724,3272503.0
2021-10-21,2021-10-21,ANANTRAJ,T,69.8,69.8,65.5,68.0,67.35,246,21180,1430689.0
2021-10-21,2021-10-21,MADHUDIN,X,25.7,25.7,24.7,25.6,25.1,11,654,16244.0
2021-10-21,2021-10-21,RESTILE,X,2.96,3.08,2.92,2.92,3.0,13,10432,30546.0
2021-10-21,2021-10-21,MADHAV,B,57.4,57.95,55.2,57.55,56.2,49,1037,58923.0
2021-10-21,2021-10-21,RAMASIGNS,X,6.0,6.01,5.45,5.45,5.73,95,61231,351253.0
2021-10-21,2021-10-21,HINDNATGLS,B,34.8,35.1,33.5,33.55,34.55,51,2336,80330.0
2021-10-21,2021-10-21,HALDYNGL,X,41.5,41.5,39.25,40.7,40.65,276,53211,2156087.0
2021-10-21,2021-10-21,DUROPLY,X,107.1,112.45,102.7,112.4,107.1,63,10210,1138856.0
2021-10-21,2021-10-21,MANGALAMTIM,B,17.0,17.05,17.0,17.0,17.3,5,1200,20415.0
2021-10-21,2021-10-21,SHREYANIND,B,125.0,125.0,120.65,123.25,122.65,161,1872,230339.0
2021-10-21,2021-10-21,AGIOPAPER,X,3.19,3.19,3.19,3.19,3.35,13,1523,4858.0
2021-10-21,2021-10-21,STARPAPER,B,146.05,146.35,143.45,144.9,145.65,481,12179,1764199.0
2021-10-21,2021-10-21,PAKKA,X,80.5,81.5,77.0,78.2,80.95,655,119618,9392625.0
2021-10-21,2021-10-21,TAHMARENT,XT,4.04,4.04,4.04,4.04,4.25,1,1,4.0
2021-10-21,2021-10-21,NATPLY,Z,6.55,6.55,6.08,6.29,6.4,13,1289,8108.0
2021-10-21,2021-10-21,ARROWGREEN,B,115.35,118.0,113.0,113.3,115.3,102,1948,224211.0
2021-10-21,2021-10-21,VISHNU,B,682.1,708.8,678.0,701.15,689.65,108,1017,707983.0
2021-10-21,2021-10-21,JUMBO,Z,15.75,15.95,15.3,15.56,15.75,23,6093,95106.0
2021-10-21,2021-10-21,NRAIL,B,317.8,322.0,308.65,312.85,311.2,459,4061,1265183.0
2021-10-21,2021-10-21,SHRAJESPAP,Z,2.22,2.22,2.11,2.11,2.22,4,101,216.0
2021-10-21,2021-10-21,3PLAND,B,13.37,13.37,12.75,12.8,13.37,26,6207,79950.0
2021-10-21,2021-10-21,STHINPA,X,159.9,159.95,158.0,158.15,157.8,40,2336,370132.0
2021-10-21,2021-10-21,FAMILYCARE,X,20.75,21.9,20.75,21.5,21.15,27,3342,70803.0
2021-10-21,2021-10-21,VINDHYATEL,A,1160.0,1179.55,1140.85,1151.65,1159.4,365,2922,3385188.0
2021-10-21,2021-10-21,RIR,X,85.7,91.4,84.2,84.85,88.6,58,6015,513755.0
2021-10-21,2021-10-21,ADOR,B,690.85,702.7,682.0,682.15,677.05,84,468,324223.0
2021-10-21,2021-10-21,IDM,XT,17.71,17.71,17.71,17.71,16.87,3,301,5330.0
2021-10-21,2021-10-21,SALZERELEC,B,158.9,160.7,156.5,158.6,158.5,253,5108,809262.0
2021-10-21,2021-10-21,JETKINGQ,X,33.7,35.6,32.55,35.15,34.4,10,110,3827.0
2021-10-21,2021-10-21,APLAB,XT,21.0,21.6,19.9,21.35,20.9,41,5871,122355.0
2021-10-21,2021-10-21,PCS,X,14.43,15.17,14.43,14.62,15.18,110,11486,167615.0
2021-10-21,2021-10-21,USHAMART,A,87.95,89.8,87.2,87.55,87.9,732,53942,4780566.0
2021-10-21,2021-10-21,SPELS,XT,21.9,24.15,21.85,24.05,23.0,562,140389,3231248.0
2021-10-21,2021-10-21,SUBROS,A,359.0,359.0,348.15,351.7,345.1,204,1347,475420.0
2021-10-21,2021-10-21,EDVENSWA,XT,23.65,23.65,23.65,23.65,22.55,3,300,7095.0
2021-10-21,2021-10-21,HONAUT,A,42400.0,43000.0,42215.4,42587.15,42493.15,82,103,4381392.0
2021-10-21,2021-10-21,SWITCHTE,XT,37.55,39.95,37.55,38.15,39.45,3,4,152.0
2021-10-21,2021-10-21,LUMAXIND,B,1398.65,1420.0,1360.0,1392.7,1392.15,187,632,871624.0
2021-10-21,2021-10-21,DIGISPICE,T,44.5,45.5,42.3,42.5,44.5,231,23569,1010697.0
2021-10-21,2021-10-21,AURIQUE,Z,6.69,6.75,6.5,6.5,6.47,12,2431,16320.0
2021-10-21,2021-10-21,CALCOM,XT,61.35,67.75,61.35,63.75,64.55,348,48985,3103626.0
2021-10-21,2021-10-21,DYNAVSN,XT,187.4,197.25,187.4,187.55,197.25,24,586,111354.0
2021-10-21,2021-10-21,BCCFUBA,XT,17.55,18.35,17.45,17.95,17.65,39,1849,32645.0
2021-10-21,2021-10-21,PRECISIO,XT,24.8,27.25,24.75,26.05,26.05,10,1048,26658.0
2021-10-21,2021-10-21,FINELINE,XT,29.95,29.95,29.95,29.95,29.95,2,130,3893.0
2021-10-21,2021-10-21,HBLENGINE,B,56.8,56.8,53.55,54.25,55.0,1207,92015,4989421.0
2021-10-21,2021-10-21,S&SPOWER,B,32.4,32.4,29.4,29.55,30.9,18,2861,84399.0
2021-10-21,2021-10-21,GUJARATPOLY,X,12.5,12.53,12.5,12.53,13.08,10,1230,15382.0
2021-10-21,2021-10-21,GIPCL,A,92.75,92.75,89.9,90.25,92.05,1329,67237,6112682.0
2021-10-21,2021-10-21,CMICABLES,B,46.4,46.4,43.0,43.65,44.05,223,5619,246421.0
2021-10-21,2021-10-21,MOTHERSON,A,231.05,233.7,226.65,229.6,230.2,4318,275186,63385614.0
2021-10-21,2021-10-21,MINDTECK,B,96.85,97.0,93.6,95.0,94.45,157,1856,176329.0
2021-10-21,2021-10-21,HAVELLS,A,1361.0,1362.05,1264.85,1285.6,1405.35,22229,420971,544915307.0
2021-10-21,2021-10-21,ACIIN,X,1.47,1.48,1.4,1.43,1.43,973,260269,371059.0
2021-10-21,2021-10-21,INCAP,XT,26.0,27.5,26.0,27.25,26.2,12,89,2389.0
2021-10-21,2021-10-21,GUJINTRX,X,116.0,121.8,116.0,120.8,117.0,11,443,52962.0
2021-10-21,2021-10-21,IGARASHI,A,594.0,594.0,572.65,575.55,581.1,414,2494,1440158.0
2021-10-21,2021-10-21,SYMPHONY,A,1071.0,1078.85,1042.0,1058.4,1073.75,887,4889,5152509.0
2021-10-21,2021-10-21,PANELEC,XT,66.05,66.05,66.05,66.05,69.5,10,107,7067.0
2021-10-21,2021-10-21,SHYAMTEL,B,10.0,10.42,9.83,9.92,10.01,17,199,1963.0
2021-10-21,2021-10-21,LEENEE,X,4.4,4.6,4.4,4.54,4.39,134,28722,131178.0
2021-10-21,2021-10-21,PATELSAI,X,192.0,198.65,184.5,185.15,192.1,242,13433,2517083.0
2021-10-21,2021-10-21,BUTTERFLY,T,995.0,1005.0,980.0,989.4,995.0,64,805,798552.0
2021-10-21,2021-10-21,ATHENAGLO,XT,87.0,90.0,86.95,90.0,87.0,9,935,81450.0
2021-10-21,2021-10-21,NARMP,XT,4.46,4.46,4.46,4.46,4.41,3,122,544.0
2021-10-21,2021-10-21,RSSOFTWARE,B,33.9,34.3,32.7,33.35,32.95,125,5199,173830.0
2021-10-21,2021-10-21,MAGNAELQ,X,170.0,174.0,166.25,170.1,170.05,43,2023,340418.0
2021-10-21,2021-10-21,ELNET,X,175.7,177.0,172.05,172.85,173.05,48,2612,455261.0
2021-10-21,2021-10-21,ACCEL,X,11.45,12.0,11.3,11.66,11.61,66,18661,213696.0
2021-10-21,2021-10-21,WEBELSOLAR,B,76.35,76.9,72.4,73.55,74.8,771,34629,2575214.0
2021-10-21,2021-10-21,ROTO,X,335.0,337.4,320.6,331.05,331.2,298,13150,4282957.0
2021-10-21,2021-10-21,TTKPRESTIG,A,9850.0,9872.45,9555.0,9660.65,9727.45,590,1038,10044724.0
2021-10-21,2021-10-21,DHINDIA,X,21.7,22.3,20.7,22.0,21.7,15,802,17098.0
2021-10-21,2021-10-21,RAJRATAN,T,2319.0,2321.2,2170.0,2321.2,2210.7,77,1057,2385162.0
2021-10-21,2021-10-21,SURANAT&P,B,9.51,9.52,9.04,9.14,9.51,158,65473,598525.0
2021-10-21,2021-10-21,ONWARDTEC,B,225.95,229.0,218.5,221.6,224.35,103,5356,1193577.0
2021-10-21,2021-10-21,CENTUM,B,559.55,577.65,550.85,553.2,559.65,413,3405,1918780.0
2021-10-21,2021-10-21,ALFATRAN,X,8.61,8.61,8.6,8.6,8.61,11,4239,36459.0
2021-10-21,2021-10-21,STARLITE,Z,2.27,2.27,2.16,2.27,2.27,12,1754,3949.0
2021-10-21,2021-10-21,NHCFOODS,X,16.94,16.94,15.54,15.8,16.17,136,47970,786810.0
2021-10-21,2021-10-21,PVP,B,5.3,5.82,5.28,5.39,5.55,160,55115,299677.0
2021-10-21,2021-10-21,TRIGYN,B,121.9,122.65,116.0,118.4,121.0,558,12021,1440927.0
2021-10-21,2021-10-21,KEI,A,960.0,960.0,873.7,882.7,938.2,2394,27029,24743333.0
2021-10-21,2021-10-21,IMPPOWERS,B,13.42,13.44,12.68,12.8,13.15,21,1884,24776.0
2021-10-21,2021-10-21,KEERTHI,XT,152.95,158.0,150.1,153.0,156.05,41,1769,270460.0
2021-10-21,2021-10-21,GUJSIDHCEM,B,47.5,48.35,47.0,47.65,47.3,604,21552,1026528.0
2021-10-21,2021-10-21,SURAJ,Z,66.5,70.5,66.5,69.0,69.95,37,4300,293272.0
2021-10-21,2021-10-21,APCL,B,388.4,398.05,387.15,388.5,381.65,290,3868,1513770.0
2021-10-21,2021-10-21,MODINATUR,X,105.5,111.0,105.5,108.0,110.75,74,4353,470843.0
2021-10-21,2021-10-21,SHAHFOOD,X,25.55,25.55,25.55,25.55,24.35,1,50,1277.0
2021-10-21,2021-10-21,ZKHANDEN,XT,12.05,12.05,11.46,11.46,12.05,4,11,131.0
2021-10-21,2021-10-21,TASTYBITE,A,17705.65,17705.65,17056.05,17099.0,17518.65,200,278,4821668.0
2021-10-21,2021-10-21,RITESHIN,XT,31.6,31.6,30.0,30.1,30.95,38,1915,57754.0
2021-10-21,2021-10-21,AVTNPL,B,86.75,88.0,85.65,87.4,85.25,1923,138714,12026136.0
2021-10-21,2021-10-21,HNDFDS,B,1953.0,1956.8,1901.0,1946.85,1940.7,259,490,944718.0
2021-10-21,2021-10-21,NAHARINDUS,B,115.45,116.7,112.3,114.15,116.4,189,6542,746021.0
2021-10-21,2021-10-21,VADILENT,XT,1701.0,1701.0,1701.0,1701.0,1701.0,1,1,1701.0
2021-10-21,2021-10-21,VADILALIND,B,1097.9,1150.0,1089.1,1129.2,1094.65,140,930,1032285.0
2021-10-21,2021-10-21,ASHAI,XT,10.2,10.46,10.0,10.44,9.97,39,1304,13409.0
2021-10-21,2021-10-21,ADFFOODS,A,885.7,891.9,862.05,872.9,884.4,297,2595,2275765.0
2021-10-21,2021-10-21,RGRL,X,25.7,25.7,24.5,25.0,25.2,112,4386,109594.0
2021-10-21,2021-10-21,AJANTSOY,X,130.1,132.85,128.25,129.8,130.1,325,35781,4656182.0
2021-10-21,2021-10-21,WILLAMAGOR,B,22.4,24.4,22.4,23.1,23.4,121,12266,282920.0
2021-10-21,2021-10-21,KISAAN,XT,2.84,2.84,2.84,2.84,2.71,4,1662,4720.0
2021-10-21,2021-10-21,SIEL,XT,21.0,21.0,21.0,21.0,22.05,1,50,1050.0
2021-10-21,2021-10-21,SANWARIA,Z,0.66,0.67,0.64,0.66,0.66,547,725984,475454.0
2021-10-21,2021-10-21,PRIMAGR,XT,37.05,38.0,37.0,37.05,38.7,24,1351,50165.0
2021-10-21,2021-10-21,MADHURIND,X,4.0,4.0,3.92,3.92,3.92,2,6,23.0
2021-10-21,2021-10-21,TARAI,XT,6.31,6.31,5.81,6.2,6.08,40,1802,10755.0
2021-10-21,2021-10-21,MODAIRY,X,10.3,10.3,9.61,9.98,9.93,56,10126,99896.0
2021-10-21,2021-10-21,BAMBINO,X,275.45,282.0,269.1,272.15,272.85,126,2168,595552.0
2021-10-21,2021-10-21,PRIMIND,Z,6.4,6.4,6.0,6.37,6.25,29,1584,10134.0
2021-10-21,2021-10-21,VIKASWSP,B,5.21,5.21,4.76,4.89,5.08,348,350051,1733500.0
2021-10-21,2021-10-21,JATALIA,Z,4.03,4.03,4.02,4.02,4.07,3,16,64.0
2021-10-21,2021-10-21,VSFPROJ,XT,10.71,10.71,10.71,10.71,10.71,2,50,535.0
2021-10-21,2021-10-21,POONADAL,X,54.7,54.7,50.45,51.0,52.65,29,658,33820.0
2021-10-21,2021-10-21,TRANSFD,X,104.4,104.4,94.0,104.25,104.4,7,113,11508.0
2021-10-21,2021-10-21,ANIKINDS,B,21.5,21.5,20.1,20.85,20.85,12,1313,27163.0
2021-10-21,2021-10-21,SHINDL,XT,44.1,46.8,43.0,46.75,44.6,60,509773,22937452.0
2021-10-21,2021-10-21,KSE,XT,2300.0,2315.0,2252.1,2306.8,2300.05,55,329,756439.0
2021-10-21,2021-10-21,NARBADA,X,33.3,35.2,32.65,33.65,34.35,43,4013,132765.0
2021-10-21,2021-10-21,VIRATCRA,X,34.0,34.0,32.5,32.75,34.25,26,2514,84069.0
2021-10-21,2021-10-21,IBINFO,XT,16.45,16.45,16.45,16.45,16.45,1,1,16.0
2021-10-21,2021-10-21,CHORDIA,X,128.0,138.2,127.6,135.35,133.05,35,520,68061.0
2021-10-21,2021-10-21,CIANAGRO,XT,42.95,42.95,40.85,40.85,42.95,15,2261,93958.0
2021-10-21,2021-10-21,TAIIND,XT,26.1,27.9,26.0,27.7,27.0,11,427,11257.0
2021-10-21,2021-10-21,NKIND,B,39.05,39.95,37.0,39.8,38.9,56,522,20063.0
2021-10-21,2021-10-21,BKV,XT,7.7,7.7,7.13,7.13,7.5,37,2570,19186.0
2021-10-21,2021-10-21,NCCBLUE,P,3.21,3.22,3.21,3.22,3.21,3,300,964.0
2021-10-21,2021-10-21,ASIANTNE,X,18.85,21.5,18.45,20.5,18.15,365,115750,2287602.0
2021-10-21,2021-10-21,HERITGFOOD,A,465.05,491.0,458.9,483.95,463.7,3984,75362,35807726.0
2021-10-21,2021-10-21,SIMRAN,X,113.8,120.0,111.0,114.25,113.8,49,4413,499312.0
2021-10-21,2021-10-21,DFMFOODS,A,338.8,339.55,318.8,327.05,337.3,665,9024,2944905.0
2021-10-21,2021-10-21,CCL,A,398.0,398.0,373.0,378.3,391.35,2154,23029,8868643.0
2021-10-21,2021-10-21,KELLTONTEC,B,49.95,50.65,49.35,49.65,50.45,1457,105259,5242544.0
2021-10-21,2021-10-21,SURFI,XT,5.56,5.56,5.56,5.56,5.56,2,200,1112.0
2021-10-21,2021-10-21,INTEGFD,XT,3.87,3.87,3.87,3.87,3.69,1,100,387.0
2021-10-21,2021-10-21,LAKESHORE,X,23.0,23.0,21.05,21.7,22.15,11,1155,24539.0
2021-10-21,2021-10-21,RICOAUTO,A,45.8,46.4,45.1,45.3,45.8,748,47432,2161598.0
2021-10-21,2021-10-21,OMAXAUTO,B,46.0,46.0,43.5,44.25,44.75,140,4101,181734.0
2021-10-21,2021-10-21,MUNJALSHOW,B,135.25,136.4,132.0,132.75,135.2,473,7661,1024354.0
2021-10-21,2021-10-21,JAMNAAUTO,A,96.1,96.1,93.15,94.3,95.05,1164,63692,6027162.0
2021-10-21,2021-10-21,TVSHLTD,A,3701.5,3702.95,3599.85,3611.2,3690.9,232,448,1629356.0
2021-10-21,2021-10-21,JTEKTINDIA,A,105.5,105.5,102.75,103.85,103.45,797,22095,2294410.0
2021-10-21,2021-10-21,MUNJALAU,B,58.5,58.5,57.0,57.55,57.6,308,12250,704800.0
2021-10-21,2021-10-21,JAYBARMARU,B,200.3,202.1,194.0,199.25,198.95,207,4185,823922.0
2021-10-21,2021-10-21,RACLGEAR,X,528.7,544.0,515.15,526.7,518.55,393,16575,8838668.0
2021-10-21,2021-10-21,SAMKRG,X,162.4,163.7,161.15,161.9,162.0,72,2649,429177.0
2021-10-21,2021-10-21,SICALLOG,T,16.7,18.44,16.7,17.7,17.57,533,331450,5789711.0
2021-10-21,2021-10-21,RATNAMANI,A,2218.0,2300.0,2191.35,2269.15,2220.55,370,1476,3313733.0
2021-10-21,2021-10-21,VESUVIUS,A,1177.0,1280.0,1125.1,1138.05,1153.0,240,2262,2591419.0
2021-10-21,2021-10-21,ASAL,B,87.0,87.0,83.3,83.3,87.65,54,1559,130606.0
2021-10-21,2021-10-21,ARCEEIN,X,9.9,9.9,9.01,9.89,9.33,5,204,2016.0
2021-10-21,2021-10-21,ABCINDQ,X,78.0,81.95,78.0,79.5,76.65,25,1190,93162.0
2021-10-21,2021-10-21,BALTE,X,8.75,10.14,8.05,10.14,8.45,94,109778,1071266.0
2021-10-21,2021-10-21,SIBARAUT,X,7.85,8.0,7.36,7.38,7.74,43,4957,36765.0
2021-10-21,2021-10-21,TRANSWORLD,B,345.0,356.0,336.15,351.6,344.4,909,10991,3755140.0
2021-10-21,2021-10-21,STARLOG,XT,13.78,13.78,12.55,12.77,13.18,25,3424,44001.0
2021-10-21,2021-10-21,ICIL,A,270.0,278.45,263.95,270.2,270.85,987,18014,4855411.0
2021-10-21,2021-10-21,MARALOVER,B,77.25,80.5,76.0,76.25,80.0,180,13415,1032051.0
2021-10-21,2021-10-21,SOMATEX,B,7.5,7.7,7.25,7.65,7.48,26,3375,25279.0
2021-10-21,2021-10-21,ADVLIFE,XT,27.15,27.15,27.15,27.15,28.55,6,160,4344.0
2021-10-21,2021-10-21,KAKTEX,XT,5.15,5.3,5.15,5.3,5.05,6,264,1384.0
2021-10-21,2021-10-21,TRIDENT,A,41.1,41.9,38.3,38.65,40.2,17052,4007288,160400616.0
2021-10-21,2021-10-21,HISARSP,P,38.5,38.5,38.5,38.5,40.5,3,300,11550.0
2021-10-21,2021-10-21,ALOKINDS,B,23.25,24.05,23.1,23.45,23.0,1812,1601812,37627346.0
2021-10-21,2021-10-21,PASARI,XT,3.43,3.6,3.43,3.6,3.43,7,786,2713.0
2021-10-21,2021-10-21,CLCIND,Z,1.29,1.34,1.23,1.26,1.29,13,18702,24143.0
2021-10-21,2021-10-21,AMARJOTHI,X,162.1,167.95,161.05,164.55,162.1,92,5057,824856.0
2021-10-21,2021-10-21,OLYMPTX,X,31.45,31.8,30.95,31.25,30.95,31,733,22945.0
2021-10-21,2021-10-21,NAGREEKEXP,B,31.05,31.95,30.3,30.95,31.6,169,8225,255293.0
2021-10-21,2021-10-21,SUDTIND-B,X,15.8,15.85,14.35,14.4,15.1,17,3935,58536.0
2021-10-21,2021-10-21,SBFL,X,10.18,10.67,9.81,10.5,10.18,18,8382,85897.0
2021-10-21,2021-10-21,ADITYASP,XT,11.5,12.4,11.5,11.87,11.87,51,2699,32145.0
2021-10-21,2021-10-21,PRIMEURB,X,9.0,9.0,9.0,9.0,9.0,4,740,6660.0
2021-10-21,2021-10-21,DHANFAB,X,24.85,24.85,23.85,23.85,24.85,5,222,5394.0
2021-10-21,2021-10-21,SLSTLQ,X,36.9,36.9,36.9,36.9,35.15,53,8754,323022.0
2021-10-21,2021-10-21,ZODIACLOTH,B,116.25,117.35,112.65,114.95,113.95,68,3122,361919.0
2021-10-21,2021-10-21,SRMCL,X,17.0,17.0,17.0,17.0,17.0,1,1,17.0
2021-10-21,2021-10-21,SUPERSPIN,B,12.22,12.22,11.43,11.43,12.03,233,13863,159333.0
2021-10-21,2021-10-21,SEASONSFUR,XT,3.21,3.21,2.91,2.92,3.06,10,1717,5245.0
2021-10-21,2021-10-21,UNITEDTE,XT,9.03,9.03,9.03,9.03,9.5,16,1073,9689.0
2021-10-21,2021-10-21,SILINV,B,311.55,311.55,306.1,306.1,308.5,31,303,93084.0
2021-10-21,2021-10-21,SURYALAXMI,B,65.85,65.85,61.5,62.85,63.3,297,11498,726478.0
2021-10-21,2021-10-21,SAMTEX,XT,1.26,1.26,1.14,1.15,1.2,113,205503,251989.0
2021-10-21,2021-10-21,CITYMAN,XT,3.7,3.7,3.65,3.65,3.7,5,261,960.0
2021-10-21,2021-10-21,DHANROTO,X,84.1,90.0,84.1,88.45,87.2,29,1485,129773.0
2021-10-21,2021-10-21,DAMODARIND,B,43.5,43.75,41.9,43.45,42.55,54,2818,121611.0
2021-10-21,2021-10-21,UNIROYAL,X,13.6,13.6,12.92,12.92,13.6,14,2222,28872.0
2021-10-21,2021-10-21,TATIAGLOB,X,2.15,2.15,2.1,2.15,2.05,267,122190,262285.0
2021-10-21,2021-10-21,SRINACHA,X,45.15,45.75,45.15,45.75,47.5,23,3481,157311.0
2021-10-21,2021-10-21,SAMBANDAM,X,223.0,228.0,221.15,228.0,232.75,15,671,149115.0
2021-10-21,2021-10-21,KITEX,A,160.75,160.75,157.5,158.0,159.25,914,19079,3021864.0
2021-10-21,2021-10-21,CRANEX,X,18.2,18.2,18.2,18.2,17.0,1,6,109.0
2021-10-21,2021-10-21,BATLIBOI,X,44.8,47.25,44.5,46.8,44.0,691,216088,9960376.0
2021-10-21,2021-10-21,AUSTENG,X,53.0,54.8,52.4,53.85,54.45,19,622,33459.0
2021-10-21,2021-10-21,UNIDT,B,448.1,449.45,426.0,437.45,440.0,712,8858,3867073.0
2021-10-21,2021-10-21,FLUIDOM,X,135.15,138.5,133.0,133.35,137.0,42,2877,387738.0
2021-10-21,2021-10-21,WINDMACHIN,B,33.45,33.45,30.15,31.1,31.2,196,20995,658856.0
2021-10-21,2021-10-21,SHANTIGEAR,B,158.05,158.35,155.0,157.1,155.35,375,9676,1514893.0
2021-10-21,2021-10-21,HONDAPOWER,A,1312.0,1368.2,1312.0,1357.85,1335.6,405,2075,2792481.0
2021-10-21,2021-10-21,HITECHGEAR,B,249.75,255.75,245.05,249.5,244.05,110,1480,369171.0
2021-10-21,2021-10-21,ELGIEQUIP,A,201.6,202.25,199.65,200.7,201.05,305,4996,1003938.0
2021-10-21,2021-10-21,UVDRHOR,X,56.2,56.2,51.15,56.2,53.55,31,2269,125563.0
2021-10-21,2021-10-21,KLBRENG-B,X,22.55,24.85,22.55,24.8,23.7,100,17080,407040.0
2021-10-21,2021-10-21,BIRLAPREC,X,17.4,17.7,16.7,17.02,16.9,241,56405,963665.0
2021-10-21,2021-10-21,YUKEN,B,625.95,649.0,613.65,640.7,607.85,266,2092,1307836.0
2021-10-21,2021-10-21,TIMKEN,A,1720.0,1809.95,1622.45,1748.55,1728.7,2339,8757,14769542.0
2021-10-21,2021-10-21,VOITHPAPR,X,1272.0,1310.0,1250.0,1251.7,1287.0,75,991,1251128.0
2021-10-21,2021-10-21,ARTSON,X,72.95,73.0,68.45,68.45,72.05,233,20076,1388031.0
2021-10-21,2021-10-21,SOLIMAC,X,31.35,33.65,31.35,31.85,32.75,34,1660,53602.0
2021-10-21,2021-10-21,INDSILHYD,X,43.9,44.4,40.2,41.75,42.3,236,36513,1522551.0
2021-10-21,2021-10-21,ITL,X,160.3,165.9,155.0,163.45,157.7,130,4634,741766.0
2021-10-21,2021-10-21,FRONTSP,X,294.1,304.9,290.0,293.55,294.1,133,4555,1338044.0
2021-10-21,2021-10-21,PRAJIND,T,323.6,327.0,311.1,321.0,320.1,2825,59521,18910832.0
2021-10-21,2021-10-21,RASANDIK,X,86.9,88.2,82.1,87.9,84.0,19,1612,138115.0
2021-10-21,2021-10-21,YOGISUNG,X,5.84,5.84,5.84,5.84,6.14,12,1025,5986.0
2021-10-21,2021-10-21,HLEGLAS,B,6857.9,6964.0,6676.9,6811.2,6723.4,1054,2466,16779866.0
2021-10-21,2021-10-21,GUJAPOLLO,B,226.25,232.55,220.05,231.05,223.75,123,4257,969290.0
2021-10-21,2021-10-21,TANAA,X,91.95,93.7,85.25,89.65,89.5,497,64194,5686180.0
2021-10-21,2021-10-21,CONART,X,32.0,34.0,32.0,33.7,33.8,11,713,23724.0
2021-10-21,2021-10-21,SHIVAGR,XT,13.3,13.3,12.64,12.64,13.3,3,22,278.0
2021-10-21,2021-10-21,MMFL,B,877.0,894.95,832.95,860.85,888.5,803,10219,8800412.0
2021-10-21,2021-10-21,IYKOTHITE,Z,9.22,9.22,9.22,9.22,9.22,1,13,119.0
2021-10-21,2021-10-21,MAYURUNIQ,A,461.9,461.9,445.9,446.9,455.35,352,2729,1227301.0
2021-10-21,2021-10-21,CENLUB,X,89.75,92.1,89.75,91.85,90.65,64,6027,548171.0
2021-10-21,2021-10-21,RAJOOENG,X,24.3,24.3,23.1,23.55,23.6,136,32861,766605.0
2021-10-21,2021-10-21,JMCPROJECTS,A,111.25,112.2,108.95,111.7,109.15,401,6474,714679.0
2021-10-21,2021-10-21,VJLAXMIE,X,42.0,42.0,42.0,42.0,41.3,3,24,1008.0
2021-10-21,2021-10-21,AHMDSTE,X,17.0,17.0,15.65,16.1,16.25,12,514,8596.0
2021-10-21,2021-10-21,GVT&D,A,127.6,129.55,126.8,127.45,127.15,221,6249,800673.0
2021-10-21,2021-10-21,RAMRAT,X,134.0,136.4,132.4,134.8,132.35,105,5463,733076.0
2021-10-21,2021-10-21,JAYNECOIND,T,25.3,25.9,24.5,25.0,25.7,116,28334,712243.0
2021-10-21,2021-10-21,KPIL,A,415.05,427.0,410.05,421.8,417.6,937,14424,6017813.0
2021-10-21,2021-10-21,NMSGLOBAL,XT,33.25,33.25,32.25,32.25,33.9,9,38,1249.0
2021-10-21,2021-10-21,CANDOUR,X,49.85,49.85,47.5,48.1,48.8,88,3131,152402.0
2021-10-21,2021-10-21,TIGLOB,X,127.4,127.5,117.0,123.15,120.6,68,2036,249637.0
2021-10-21,2021-10-21,CONTROLPR,B,326.9,327.75,294.0,298.7,302.85,608,6150,1840275.0
2021-10-21,2021-10-21,BEMHY,X,312.7,312.7,311.95,311.95,300.15,15,207,64621.0
2021-10-21,2021-10-21,ANSALBU,X,69.0,69.0,66.0,68.0,68.6,10,174,11802.0
2021-10-21,2021-10-21,WEIZMANIND,B,53.95,57.0,53.25,55.9,54.3,68,4188,232989.0
2021-10-21,2021-10-21,BNRSEC,X,36.15,36.8,35.5,36.0,35.4,95,7971,287645.0
2021-10-21,2021-10-21,SINCLAIR,X,83.7,84.6,80.35,83.15,81.45,277,46174,3817366.0
2021-10-21,2021-10-21,SAFARI,A,836.15,839.2,820.05,835.15,825.0,223,803,666818.0
2021-10-21,2021-10-21,ZBINTXPP,XT,911.15,942.95,866.0,910.0,911.15,9,21,19227.0
2021-10-21,2021-10-21,COSMOFE,XT,155.0,167.0,154.4,159.4,162.5,174,17797,2809449.0
2021-10-21,2021-10-21,CROPSTER,XT,85.45,89.7,85.45,89.7,85.45,7,13,1161.0
2021-10-21,2021-10-21,SANCTRN,X,523.15,598.95,523.15,570.65,571.3,17,231,131073.0
2021-10-21,2021-10-21,THRIVE,X,108.5,110.9,102.2,108.7,106.35,74,5499,581722.0
2021-10-21,2021-10-21,EIHAHOTELS,B,430.5,430.5,380.55,385.65,396.65,490,3505,1366074.0
2021-10-21,2021-10-21,MEDICAPQ,X,40.05,41.8,39.85,41.15,40.65,89,5379,218603.0
2021-10-21,2021-10-21,OTCO,X,9.49,9.49,9.49,9.49,9.04,23,14571,138278.0
2021-10-21,2021-10-21,FOSECOC,X,1015.0,1015.0,959.9,987.65,973.85,87,675,660622.0
2021-10-21,2021-10-21,BAPACK,XT,225.0,225.0,214.0,220.8,216.95,76,1995,438058.0
2021-10-21,2021-10-21,ABAN,T,60.0,62.2,58.6,59.85,59.4,272,24140,1450388.0
2021-10-21,2021-10-21,KOKUYOCMLN,B,68.95,68.95,65.5,65.8,66.6,411,14019,929822.0
2021-10-21,2021-10-21,BHARATSE,X,80.2,81.7,79.5,80.05,80.4,255,28329,2273893.0
2021-10-21,2021-10-21,CONTPTR,XT,45.0,46.8,43.7,43.7,45.95,98,10230,451579.0
2021-10-21,2021-10-21,MACPLASQ,X,122.4,123.0,117.5,117.5,117.15,9,81,9665.0
2021-10-21,2021-10-21,PEARLPOLY,B,15.28,15.58,15.2,15.58,15.34,56,1693,25956.0
2021-10-21,2021-10-21,VENKEYS,A,3031.0,3061.25,2953.25,2974.0,3001.95,1840,6333,18943406.0
2021-10-21,2021-10-21,ADVANIHOTR,B,82.0,82.0,77.05,77.15,78.3,20,894,69826.0
2021-10-21,2021-10-21,GVFILM,X,0.8,0.81,0.78,0.8,0.79,862,629330,504425.0
2021-10-21,2021-10-21,SUPERHOUSE,B,174.2,179.0,171.1,176.25,172.8,256,4938,869279.0
2021-10-21,2021-10-21,RAMAVISION,X,10.1,10.84,10.1,10.81,10.52,4,1009,10614.0
2021-10-21,2021-10-21,TCPLPACK,B,600.0,600.0,526.45,536.1,532.4,91,352,188612.0
2021-10-21,2021-10-21,BALMLAWRIE,A,134.5,134.5,128.6,129.6,133.25,2139,81543,10718705.0
2021-10-21,2021-10-21,KOVAI,B,1647.1,1653.85,1626.1,1629.55,1628.55,97,376,615306.0
2021-10-21,2021-10-21,ELDEHSG,X,3188.0,3197.95,3005.0,3143.45,3105.55,129,1095,3394759.0
2021-10-21,2021-10-21,DCMSHRIRAM,A,1070.0,1097.05,1004.95,1020.3,1086.9,866,4888,5130120.0
2021-10-21,2021-10-21,DCMSRIND,X,111.65,111.65,104.5,105.3,108.95,1266,152949,16226578.0
2021-10-21,2021-10-21,MAWANASUG,B,89.2,91.0,87.0,88.45,88.25,96,3349,296344.0
2021-10-21,2021-10-21,MINID,XT,12.07,12.3,11.14,11.49,11.72,48,7567,91285.0
2021-10-21,2021-10-21,MAHAPEXLTD,T,99.95,99.95,93.1,97.95,98.0,15,1519,144378.0
2021-10-21,2021-10-21,NILKAMAL,A,2620.0,2620.0,2513.05,2571.4,2614.8,536,1196,3064083.0
2021-10-21,2021-10-21,NAHARPOLY,B,239.95,241.05,234.8,235.8,236.25,92,1780,421659.0
2021-10-21,2021-10-21,3MINDIA,A,25800.25,25991.5,25595.05,25698.15,26020.25,139,161,4142575.0
2021-10-21,2021-10-21,BOSCH-HCIL,A,2157.8,2163.05,2129.8,2137.85,2142.45,451,1011,2163654.0
2021-10-21,2021-10-21,JMFINANCIL,A,90.15,91.6,90.15,91.1,90.85,753,44090,4015602.0
2021-10-21,2021-10-21,ADCINDIA,X,339.95,340.0,328.0,333.75,331.9,66,2994,994331.0
2021-10-21,2021-10-21,TNTELE,T,9.57,9.75,8.84,8.92,9.3,31,5265,48459.0
2021-10-21,2021-10-21,RIIL,A,685.0,691.95,670.0,679.65,676.7,1399,14795,10065643.0
2021-10-21,2021-10-21,SHARP,X,57.15,59.8,57.0,57.95,57.7,67,12025,690100.0
2021-10-21,2021-10-21,LINDEINDIA,A,2519.95,2542.35,2352.0,2373.9,2480.55,2316,11647,28124999.0
2021-10-21,2021-10-21,INDBNK,T,35.75,36.0,33.55,33.7,34.95,27,1506,52326.0
2021-10-21,2021-10-21,LOTUSCHO,X,45.95,47.25,45.05,45.95,45.0,80,9560,448256.0
2021-10-21,2021-10-21,PACIFICI,X,630.0,648.95,611.05,621.3,615.85,171,2798,1769107.0
2021-10-21,2021-10-21,CMMHOSP,XT,23.2,23.65,23.1,23.1,24.3,39,5012,116329.0
2021-10-21,2021-10-21,APMIN,X,29.7,29.7,28.1,28.6,28.5,62,7469,214680.0
2021-10-21,2021-10-21,PRECWIRE,B,271.0,279.4,259.3,268.3,260.55,1846,30260,8174822.0
2021-10-21,2021-10-21,KRYPTONQ,X,13.95,14.1,13.8,13.91,13.8,43,5319,74005.0
2021-10-21,2021-10-21,MARBU,X,39.35,43.5,38.2,42.65,41.5,38,2765,115813.0
2021-10-21,2021-10-21,FEL,B,9.4,9.49,8.95,9.13,9.41,848,244914,2232754.0
2021-10-21,2021-10-21,INDTONER,X,168.8,168.8,164.05,166.7,163.65,101,4809,801167.0
2021-10-21,2021-10-21,SCI,A,133.05,135.9,131.0,132.3,133.95,2681,227725,30406251.0
2021-10-21,2021-10-21,SIKA,X,659.0,674.65,636.05,673.4,642.55,157,5201,3471994.0
2021-10-21,2021-10-21,ITI,A,126.75,126.75,122.1,122.9,124.75,519,13045,1608496.0
2021-10-21,2021-10-21,DREDGECORP,A,358.55,360.3,349.85,353.55,357.35,415,7879,2783962.0
2021-10-21,2021-10-21,PHRMASI,XT,33.45,33.45,33.45,33.45,35.2,4,75,2508.0
2021-10-21,2021-10-21,PODDARHOUS,B,211.5,211.5,202.1,206.0,211.5,46,1934,400447.0
2021-10-21,2021-10-21,NFL,A,57.6,58.3,56.95,57.75,57.55,538,48048,2763202.0
2021-10-21,2021-10-21,IPRINGLTD,X,134.0,134.0,127.2,130.0,128.65,29,1683,215409.0
2021-10-21,2021-10-21,PIIND,A,3081.0,3154.9,3009.65,3136.75,3048.55,3953,52476,161850960.0
2021-10-21,2021-10-21,PLASTIBLEN,B,244.75,251.2,242.85,243.75,244.9,386,4878,1207467.0
2021-10-21,2021-10-21,YASHINNO,XT,11.58,11.58,11.58,11.58,11.03,3,3001,34751.0
2021-10-21,2021-10-21,KKPLASTICK,XT,21.15,21.15,21.15,21.15,22.25,5,500,10575.0
2021-10-21,2021-10-21,WATERBASE,A,113.25,114.05,112.5,112.65,113.4,199,2620,296350.0
2021-10-21,2021-10-21,FLEXFO,X,115.3,117.8,112.3,116.5,113.0,145,9514,1095255.0
2021-10-21,2021-10-21,GOLKUNDIA,X,74.0,76.95,73.05,75.1,74.7,43,1501,111557.0
2021-10-21,2021-10-21,APCOTEXIND,A,398.55,402.9,383.25,390.3,392.45,831,9117,3593092.0
2021-10-21,2021-10-21,FORTISMLR,X,65.45,65.45,62.75,63.55,63.6,20,759,48136.0
2021-10-21,2021-10-21,MASTEK,A,2966.0,2998.0,2804.0,2826.1,2950.75,3185,14523,41730941.0
2021-10-21,2021-10-21,EIMCOELECO,B,415.8,427.1,403.0,412.15,393.4,405,5132,2107093.0
2021-10-21,2021-10-21,SAYAJIHOTL,XT,229.05,249.75,227.0,243.0,238.0,17,1214,293223.0
2021-10-21,2021-10-21,JMGCORP,P,1.54,1.54,1.54,1.54,1.47,1,100,154.0
2021-10-21,2021-10-21,ASHIANA,B,179.4,179.4,173.0,175.25,179.25,427,6483,1139547.0
2021-10-21,2021-10-21,SVAMSOF,Z,3.87,3.98,3.68,3.81,3.87,66,7624,28862.0
2021-10-21,2021-10-21,ECOBOAR,XT,22.45,24.75,22.45,22.45,23.6,63,22129,500926.0
2021-10-21,2021-10-21,DVL,B,277.75,278.55,268.95,273.1,274.45,177,2404,659448.0
2021-10-21,2021-10-21,TIHIL,X,2.56,2.81,2.56,2.81,2.56,10,440,1223.0
2021-10-21,2021-10-21,MAHEPC,B,136.35,136.65,133.55,134.1,133.75,150,4608,622273.0
2021-10-21,2021-10-21,SREIINFRA,B,4.7,4.7,4.7,4.7,4.94,525,952769,4478014.0
2021-10-21,2021-10-21,MITSHI,X,14.35,14.69,14.2,14.58,14.35,20,4715,68335.0
2021-10-21,2021-10-21,MAZDA,B,625.0,666.45,625.0,640.15,643.75,123,381,244648.0
2021-10-21,2021-10-21,VHLTD,Z,4.17,4.3,4.15,4.3,4.35,25,7152,29741.0
2021-10-21,2021-10-21,SOVERDIA,XT,7.75,7.75,7.22,7.22,7.59,5,738,5339.0
2021-10-21,2021-10-21,MENONBE,B,83.0,83.0,77.25,77.65,76.2,464,18873,1476331.0
2021-10-21,2021-10-21,MUKATPIP,XT,5.18,5.18,5.18,5.18,4.94,5,3466,17953.0
2021-10-21,2021-10-21,GUJRAFFIA,T,35.5,37.95,35.5,35.75,36.5,3,175,6581.0
2021-10-21,2021-10-21,SIMPLEXINF,B,40.15,41.55,39.55,39.75,39.1,138,5331,215010.0
2021-10-21,2021-10-21,INNOVTEC,X,17.8,18.0,17.5,18.0,18.0,19,2228,39615.0
2021-10-21,2021-10-21,SUPTANERY,X,4.99,4.99,4.7,4.75,4.91,121,92024,441480.0
2021-10-21,2021-10-21,AXTEL,X,305.0,324.35,305.0,306.4,310.9,161,5905,1852223.0
2021-10-21,2021-10-21,GRANDOAK,XT,9.83,9.83,9.83,9.83,9.37,4,707,6949.0
2021-10-21,2021-10-21,APIL,XT,36.05,36.05,36.05,36.05,36.05,8,114,4109.0
2021-10-21,2021-10-21,POONAWALLA,A,153.3,156.5,151.0,152.05,153.2,1294,107799,16513386.0
2021-10-21,2021-10-21,HINFLUR,B,10.24,10.69,9.35,9.83,9.65,128,46360,460459.0
2021-10-21,2021-10-21,KINGFA,B,1016.65,1016.65,993.95,1006.3,1000.05,47,252,252307.0
2021-10-21,2021-10-21,PATIDAR,XT,8.05,8.05,8.05,8.05,8.44,3,495,3984.0
2021-10-21,2021-10-21,RAMAPHO,X,320.0,339.0,315.05,322.5,315.9,511,22235,7202730.0
2021-10-21,2021-10-21,VENLONENT,X,3.28,3.28,3.28,3.28,3.13,33,2534,8311.0
2021-10-21,2021-10-21,POLYPLEX,A,1785.5,1830.55,1672.0,1696.05,1811.35,6102,50384,86896516.0
2021-10-21,2021-10-21,ALBERTDAVD,B,613.0,613.0,580.85,584.8,589.15,476,5216,3061858.0
2021-10-21,2021-10-21,HARLETH,XT,41.7,41.7,39.0,40.0,40.8,15,2467,96995.0
2021-10-21,2021-10-21,CARYSIL,B,721.0,727.55,700.0,715.1,717.6,692,5876,4215654.0
2021-10-21,2021-10-21,KABRAEXTRU,B,241.05,258.95,232.45,250.5,239.75,2249,42278,10515011.0
2021-10-21,2021-10-21,VINYLINDIA,B,268.4,289.6,268.4,282.35,269.15,1312,26488,7464432.0
2021-10-21,2021-10-21,PCCOSMA,X,148.0,148.0,140.0,141.9,140.05,59,1334,190568.0
2021-10-21,2021-10-21,TCMLMTD,XT,86.05,89.45,82.05,84.55,86.05,34,905,78576.0
2021-10-21,2021-10-21,IOLCP,A,577.0,581.9,566.1,568.95,575.9,1551,22667,12981864.0
2021-10-21,2021-10-21,VINATIORGA,A,2074.25,2078.5,1987.9,2023.7,2065.5,956,3938,7922395.0
2021-10-21,2021-10-21,LACTOSE,X,39.9,41.9,39.9,40.2,39.9,32,2617,107285.0
2021-10-21,2021-10-21,AARTIIND,A,1032.0,1052.85,1005.65,1021.65,1014.1,7853,82165,84413136.0
2021-10-21,2021-10-21,WANBURY,T,80.8,80.8,77.3,77.3,78.65,14,943,73491.0
2021-10-21,2021-10-21,RESONANCE,X,214.2,220.0,214.2,216.2,217.0,166,6587,1422128.0
2021-10-21,2021-10-21,GAEL,A,170.1,171.75,165.5,168.45,169.55,1396,37191,6279745.0
2021-10-21,2021-10-21,RCF,A,80.95,83.1,80.05,82.6,80.4,2597,211934,17168631.0
2021-10-21,2021-10-21,KOPRAN,B,211.0,212.7,202.7,207.4,210.95,408,7383,1534435.0
2021-10-21,2021-10-21,AIMCOPEST,X,101.0,101.65,99.05,100.05,98.25,61,6552,657083.0
2021-10-21,2021-10-21,GUJTERC,X,14.1,14.1,13.12,13.31,13.48,46,2863,38901.0
2021-10-21,2021-10-21,SEYAIND,B,64.7,66.75,60.7,62.65,61.0,451,26530,1699001.0
2021-10-21,2021-10-21,JAYAGROGN,B,245.4,246.1,232.0,240.65,245.45,382,6824,1641881.0
2021-10-21,2021-10-21,BCLIND,B,240.5,240.55,232.15,235.5,238.15,1978,27917,6576526.0
2021-10-21,2021-10-21,SHHARICH,X,70.7,73.65,70.1,70.4,72.0,13,290,20517.0
2021-10-21,2021-10-21,INDOBORAX,X,156.0,166.0,156.0,164.7,158.75,971,44352,7187251.0
2021-10-21,2021-10-21,AARTIDRUGS,A,615.0,617.0,604.85,615.45,612.45,3345,25967,15898169.0
2021-10-21,2021-10-21,BODALCHEM,A,134.35,136.3,132.15,134.8,133.3,1285,62347,8353976.0
2021-10-21,2021-10-21,ORCHPHARMA,T,420.1,438.0,415.0,421.75,433.9,93,977,411945.0
2021-10-21,2021-10-21,VIMTALABS,B,281.45,298.0,280.3,288.8,291.25,479,3404,981414.0
2021-10-21,2021-10-21,BIOFILCHEM,B,64.0,65.7,63.7,64.15,64.0,156,2555,164326.0
2021-10-21,2021-10-21,ISHITADR,X,49.0,52.0,48.0,48.0,47.5,23,1239,59946.0
2021-10-21,2021-10-21,MARKSANS,A,68.75,68.75,66.65,67.2,67.4,957,66945,4517048.0
2021-10-21,2021-10-21,UNIVSTAR,XT,86.0,92.0,86.0,90.85,90.4,14,431,38581.0
2021-10-21,2021-10-21,AAREYDRUGS,B,35.0,35.75,34.1,34.4,35.0,481,27591,960045.0
2021-10-21,2021-10-21,NORRIS,X,10.08,12.32,10.08,12.15,11.2,10,173,1918.0
2021-10-21,2021-10-21,ASINPET,XT,62.3,62.3,62.3,62.3,65.55,46,828,51584.0
2021-10-21,2021-10-21,CAMEXLTD,X,32.8,34.5,32.0,32.2,31.85,77,10278,343223.0
2021-10-21,2021-10-21,EVEXIA,X,14.22,14.37,13.7,13.93,14.22,2909,1099575,15283361.0
2021-10-21,2021-10-21,INDOEURO,XT,11.62,11.62,11.04,11.04,11.62,7,140,1555.0
2021-10-21,2021-10-21,SYNCOMF,X,10.68,10.9,10.0,10.55,10.31,8510,3276133,33520337.0
2021-10-21,2021-10-21,RIDDHI,X,373.1,384.95,373.1,380.45,376.55,36,824,313802.0
2021-10-21,2021-10-21,SVCIND,XT,3.47,3.47,3.15,3.3,3.31,261,53174,176031.0
2021-10-21,2021-10-21,IPCALAB,A,2370.2,2374.15,2169.0,2270.5,2307.0,2645,16276,36721674.0
2021-10-21,2021-10-21,KILITCH,B,164.1,165.05,160.0,165.0,163.75,51,1261,207254.0
2021-10-21,2021-10-21,RAAJMEDI,P,41.55,41.55,41.55,41.55,43.7,12,1700,70635.0
2021-10-21,2021-10-21,CORALAB,X,380.95,389.0,375.0,376.4,373.0,76,814,309361.0
2021-10-21,2021-10-21,BACPHAR,XT,6.94,6.94,6.94,6.94,6.61,10,1635,11346.0
2021-10-21,2021-10-21,KREBSBIO,B,161.5,166.3,159.0,160.4,157.95,67,1153,186836.0
2021-10-21,2021-10-21,KMCSHIL,XT,66.9,66.9,64.35,65.0,65.7,1282,64966,4271233.0
2021-10-21,2021-10-21,LAFFANSQ,XT,41.55,43.6,41.0,43.3,41.55,39,14938,626907.0
2021-10-21,2021-10-21,BHASKAGR,XT,39.6,39.7,37.85,39.65,39.7,10,1294,51014.0
2021-10-21,2021-10-21,SUKHJITS,X,294.8,294.8,277.0,278.75,279.3,70,5182,1442081.0
2021-10-21,2021-10-21,NEULANDLAB,A,1551.05,1643.35,1507.85,1554.95,1587.2,1476,8188,12777772.0
2021-10-21,2021-10-21,GAYATRIBI,XT,9.99,9.99,9.39,9.51,9.88,56,4960,47297.0
2021-10-21,2021-10-21,PODDARMENT,B,344.95,350.0,331.0,336.75,341.0,203,1971,673480.0
2021-10-21,2021-10-21,PHARMAID,XT,17.2,17.69,16.01,16.45,16.85,169,27188,458350.0
2021-10-21,2021-10-21,VIVIDIND,X,30.7,30.7,28.45,29.25,30.05,88,13372,389206.0
2021-10-21,2021-10-21,PRIYALT,X,6.67,6.67,6.67,6.67,6.67,3,33,220.0
2021-10-21,2021-10-21,TIRUSTA,XT,52.85,52.85,48.75,48.85,51.0,12,1134,55485.0
2021-10-21,2021-10-21,HEMORGANIC,X,8.68,8.68,8.68,8.68,8.68,2,12,104.0
2021-10-21,2021-10-21,JAYSYNTH,XT,5.75,5.75,5.23,5.23,5.5,16,501,2660.0
2021-10-21,2021-10-21,AEONXDIGI,X,100.9,100.9,95.55,95.6,98.45,54,2814,271581.0
2021-10-21,2021-10-21,AKSHARCHEM,B,505.55,525.1,505.05,514.25,515.25,611,3627,1870481.0
2021-10-21,2021-10-21,BERLDRG,X,12.0,12.9,12.0,12.9,12.35,20,1888,23897.0
2021-10-21,2021-10-21,INDXTRA,XT,25.6,26.6,25.4,25.5,26.6,11,446,11384.0
2021-10-21,2021-10-21,ISTRNETWK,XT,2.67,2.67,2.55,2.55,2.55,9,4492,11987.0
2021-10-21,2021-10-21,GAGAN,XT,13.97,13.97,13.97,13.97,14.7,53,5675,79279.0
2021-10-21,2021-10-21,PARKERAC,X,4.74,4.98,4.74,4.98,4.98,4,500,2442.0
2021-10-21,2021-10-21,SHUKRAPHAR,XT,57.0,57.0,57.0,57.0,60.0,4,43,2451.0
2021-10-21,2021-10-21,ALUFLUOR,X,331.75,331.8,312.05,318.0,323.0,241,10319,3290499.0
2021-10-21,2021-10-21,OXYGENTAPH,XT,30.0,33.1,30.0,33.1,31.55,34,26362,857942.0
2021-10-21,2021-10-21,ARCHITORG,X,47.6,47.6,43.0,45.1,46.2,366,43857,1952994.0
2021-10-21,2021-10-21,SIKOZY,X,1.18,1.18,1.11,1.11,1.18,9,2073,2369.0
2021-10-21,2021-10-21,INDOAMIN,XT,218.0,221.9,207.1,219.85,211.75,402,23990,5241239.0
2021-10-21,2021-10-21,INDSWFTLTD,B,13.75,13.75,13.75,13.75,14.47,15,1352,18590.0
2021-10-21,2021-10-21,NATCAPSUQ,X,154.0,159.95,148.3,154.7,151.0,65,2221,340961.0
2021-10-21,2021-10-21,WELCURE,XT,8.93,9.25,8.93,8.93,9.39,73,32430,289679.0
2021-10-21,2021-10-21,BIBCL,T,53.55,56.8,53.55,55.85,54.2,671,122639,6877275.0
2021-10-21,2021-10-21,SOTL,B,1475.0,1545.0,1475.0,1490.05,1492.45,381,768,1150277.0
2021-10-21,2021-10-21,HESTERBIO,A,2470.4,2520.1,2457.95,2494.55,2467.35,310,796,1976552.0
2021-10-21,2021-10-21,KABSON,XT,8.49,8.57,7.8,8.05,8.18,79,14316,119209.0
2021-10-21,2021-10-21,BASANTGL,X,12.2,12.56,12.12,12.27,12.51,287,71863,882859.0
2021-10-21,2021-10-21,PARENTDRUGS,B,3.84,3.84,3.84,3.84,3.66,15,7370,28300.0
2021-10-21,2021-10-21,SANDUPHQ,X,48.4,50.9,48.4,50.45,49.1,42,3419,170668.0
2021-10-21,2021-10-21,NACLIND,B,77.9,77.9,71.9,72.85,74.25,349,16257,1207867.0
2021-10-21,2021-10-21,VISTAPH,XT,11.24,11.24,10.36,10.36,10.9,182,48923,512207.0
2021-10-21,2021-10-21,SUNPHARMA,A,824.8,828.9,810.0,817.75,814.75,3353,122144,99847448.0
2021-10-21,2021-10-21,TITANBIO,X,318.5,318.5,310.1,315.0,313.6,413,8852,2785869.0
2021-10-21,2021-10-21,SDL,X,14.35,14.35,14.35,14.35,14.45,2,150,2152.0
2021-10-21,2021-10-21,JENBURPH,X,475.2,495.9,468.05,472.9,482.55,168,7476,3549767.0
2021-10-21,2021-10-21,HIKAL,A,509.5,512.95,495.1,500.6,501.35,908,13516,6799091.0
2021-10-21,2021-10-21,CAPLIPOINT,A,875.65,881.65,853.25,867.0,863.15,1148,10353,8955522.0
2021-10-21,2021-10-21,FISCHER,XT,110.0,110.0,110.0,110.0,115.75,1,1,110.0
2021-10-21,2021-10-21,LINKPH,X,42.25,42.25,39.0,40.7,40.55,49,4647,187822.0
2021-10-21,2021-10-21,DECIPHER,X,32.0,32.4,30.9,31.4,32.0,30,4526,141670.0
2021-10-21,2021-10-21,EMMESSA,X,31.95,31.95,29.3,30.75,30.8,85,5746,170175.0
2021-10-21,2021-10-21,NGLFINE,XT,2485.0,2590.0,2379.15,2489.1,2504.35,437,3832,9529299.0
2021-10-21,2021-10-21,EVERESTO,X,321.8,327.9,315.0,315.75,315.45,122,3122,994625.0
2021-10-21,2021-10-21,AUROPHARMA,A,708.0,717.15,698.5,705.4,702.0,4520,106835,75478272.0
2021-10-21,2021-10-21,PHYTO,X,20.5,20.5,19.0,19.0,19.95,12,1070,21145.0
2021-10-21,2021-10-21,NATCOPHARM,A,875.0,875.0,850.0,859.55,858.65,597,6105,5250271.0
2021-10-21,2021-10-21,DYNAMIND,X,79.0,82.0,76.0,78.4,79.0,13,466,37135.0
2021-10-21,2021-10-21,PANAMAPET,B,262.95,262.95,253.15,259.7,258.25,1632,20006,5149547.0
2021-10-21,2021-10-21,BALPHARMA,B,100.0,100.0,97.4,99.85,98.2,190,2529,248986.0
2021-10-21,2021-10-21,BDH,X,142.4,142.4,128.2,132.65,134.6,88,4854,647346.0
2021-10-21,2021-10-21,GLOBUSCON,XT,89.3,89.3,89.3,89.3,93.95,70,1708,152524.0
2021-10-21,2021-10-21,CUBEXTUB,B,23.0,24.35,22.5,22.85,23.3,40,2625,60377.0
2021-10-21,2021-10-21,POLYCHMP,X,57.25,59.9,55.0,58.15,56.3,36,2366,135683.0
2021-10-21,2021-10-21,GALXBRG,XT,320.0,339.95,318.0,321.1,333.95,39,304,98796.0
2021-10-21,2021-10-21,SCAGRO,XT,13.6,13.6,13.6,13.6,14.31,16,630,8568.0
2021-10-21,2021-10-21,SATVAHISPAT,T,3.22,3.22,3.22,3.22,3.07,1,80,257.0
2021-10-21,2021-10-21,RALEGRA,XT,32.4,32.4,29.4,29.4,30.9,34,2515,77097.0
2021-10-21,2021-10-21,UNRYLMA,XT,13.99,13.99,12.67,12.68,13.33,9,638,8135.0
2021-10-21,2021-10-21,KARANWO,X,3.7,3.7,3.54,3.7,3.53,19,9032,33338.0
2021-10-21,2021-10-21,SHERVANI,X,250.2,269.15,250.2,259.9,256.25,16,565,146955.0
2021-10-21,2021-10-21,SUPERTEX,X,7.17,7.2,7.17,7.17,7.95,14,5176,37112.0
2021-10-21,2021-10-21,SHETR,X,33.0,33.0,31.0,31.0,32.0,19,1146,36149.0
2021-10-21,2021-10-21,TRABI,XT,3.72,4.05,3.71,3.86,3.9,53,14817,55720.0
2021-10-21,2021-10-21,MPL,X,5.19,5.19,5.0,5.01,5.19,19,5395,27149.0
2021-10-21,2021-10-21,NIKHILAD,X,649.65,670.0,649.65,652.4,649.65,197,2103,1385551.0
2021-10-21,2021-10-21,SPENTA,XT,67.55,67.55,64.2,64.2,67.55,4,7,457.0
2021-10-21,2021-10-21,MULTIBASE,X,240.0,240.0,236.2,238.0,239.5,57,1767,421660.0
2021-10-21,2021-10-21,ANDREWYU,B,25.9,26.4,24.8,25.35,25.85,674,67999,1740759.0
2021-10-21,2021-10-21,LUDLOWJUT,X,86.0,88.95,86.0,88.2,86.9,114,18666,1645223.0
2021-10-21,2021-10-21,ASHRAM,XT,5.2,5.32,5.2,5.32,5.07,12,934,4967.0
2021-10-21,2021-10-21,ROYALCU,XT,11.53,11.76,11.19,11.19,11.2,12,644,7556.0
2021-10-21,2021-10-21,NOGMIND,XT,2.75,2.78,2.57,2.77,2.7,16,1274,3515.0
2021-10-21,2021-10-21,HITECHCORP,B,212.2,217.25,212.0,213.0,215.7,56,623,132490.0
2021-10-21,2021-10-21,BLOOM,X,9.08,9.08,9.08,9.08,9.08,3,26,236.0
2021-10-21,2021-10-21,FILATEX,B,112.4,112.4,109.4,110.95,109.55,867,66459,7355350.0
2021-10-21,2021-10-21,STDSFAC,XT,132.4,132.4,124.1,128.6,126.85,75,1591,204652.0
2021-10-21,2021-10-21,MERCATOR,B,1.62,1.64,1.6,1.62,1.61,131,151057,243284.0
2021-10-21,2021-10-21,MORGAN,X,13.0,13.75,12.6,13.44,13.83,10,1764,23226.0
2021-10-21,2021-10-21,AMRAPLIN,X,12.1,12.1,11.17,11.17,11.75,57,10314,116571.0
2021-10-21,2021-10-21,PREMEXPLN,B,248.55,248.65,244.8,247.0,244.2,42,831,204670.0
2021-10-21,2021-10-21,MIDEASTP,X,2.97,2.97,2.97,2.97,2.83,1,100,297.0
2021-10-21,2021-10-21,MOLDTECH,B,78.85,78.85,76.0,76.45,77.1,221,3752,287615.0
2021-10-21,2021-10-21,CRSTCHM,XT,44.5,44.5,44.0,44.5,44.5,7,151,6669.0
2021-10-21,2021-10-21,MPHASIS,A,3547.3,3547.3,3285.0,3396.4,3467.6,6160,45493,153461628.0
2021-10-21,2021-10-21,MEDINOV,XT,48.5,48.5,44.5,48.0,46.25,14,3022,144709.0
2021-10-21,2021-10-21,DIVSHKT,X,77.25,77.25,73.1,74.85,73.55,40,2689,202681.0
2021-10-21,2021-10-21,ORIENTLTD,B,70.15,73.45,70.15,73.0,69.6,14,548,39449.0
2021-10-21,2021-10-21,SHREYASI,XT,5.75,5.75,5.47,5.75,5.75,13,211,1201.0
2021-10-21,2021-10-21,DUROPACK,XT,30.0,30.0,28.5,28.5,30.0,7,455,13068.0
2021-10-21,2021-10-21,SWARNSAR,X,16.9,16.9,15.6,16.05,16.25,79,13484,217564.0
2021-10-21,2021-10-21,GANESHHOU,B,191.7,203.3,190.0,203.3,193.65,320,12277,2455564.0
2021-10-21,2021-10-21,NMDC,A,150.0,150.3,144.25,146.05,149.25,9649,721470,105984934.0
2021-10-21,2021-10-21,CINDHO,X,22.4,22.4,22.3,22.3,22.4,3,500,11181.0
2021-10-21,2021-10-21,PATINTLOG,B,22.65,23.9,22.6,23.0,22.65,267,33844,783290.0
2021-10-21,2021-10-21,ALPHAGEO,B,406.25,425.5,406.25,418.45,412.95,3927,47233,19754776.0
2021-10-21,2021-10-21,HAMPTON,X,269.0,275.5,256.05,273.85,263.85,142,9027,2408051.0
2021-10-21,2021-10-21,KKALPANAIND,X,46.25,46.25,45.2,45.55,46.0,65,5243,238639.0
2021-10-21,2021-10-21,OKPLA,XT,33.75,33.75,31.55,32.45,32.85,72,7681,249081.0
2021-10-21,2021-10-21,KRITI,X,131.5,131.5,123.1,124.05,128.7,469,37001,4644935.0
2021-10-21,2021-10-21,ASMTEC,X,265.0,269.9,257.0,260.95,260.3,201,3809,1000042.0
2021-10-21,2021-10-21,VISIONCINE,XT,2.1,2.13,2.03,2.13,2.03,256,131970,280754.0
2021-10-21,2021-10-21,INDRANIB,XT,25.05,26.9,24.95,25.6,26.25,348,44580,1138145.0
2021-10-21,2021-10-21,EUROLED,XT,13.15,13.7,12.45,13.45,13.1,17,1930,25708.0
2021-10-21,2021-10-21,WINSOMBR,XT,12.98,13.1,12.34,12.71,12.98,203,15682,199322.0
2021-10-21,2021-10-21,ELEFLOR,X,2.85,2.98,2.85,2.85,2.85,12,2692,7865.0
2021-10-21,2021-10-21,SAENTER,XT,31.2,32.75,29.65,30.1,31.2,13,1143,34740.0
2021-10-21,2021-10-21,SKYIND,X,82.25,85.0,82.25,84.65,84.25,21,1676,138802.0
2021-10-21,2021-10-21,PHOENXINTL,XT,18.6,19.5,18.6,18.65,19.5,16,756,14400.0
2021-10-21,2021-10-21,RISHIROOP,X,125.0,136.0,122.0,128.5,125.55,1457,156787,20453645.0
2021-10-21,2021-10-21,PROMACT,X,2.57,2.57,2.57,2.57,2.7,4,47,120.0
2021-10-21,2021-10-21,STRGRENWO,XT,21.9,21.9,21.85,21.85,23.0,8,2725,59652.0
2021-10-21,2021-10-21,DOLPHMED,XT,2.95,2.99,2.85,2.97,2.86,94,15640,46212.0
2021-10-21,2021-10-21,SYSTMTXC,X,449.0,449.0,406.0,425.5,409.65,73,3504,1492732.0
2021-10-21,2021-10-21,ALPINEHOU,X,22.4,22.4,20.75,21.05,21.7,20,1556,32819.0
2021-10-21,2021-10-21,SANGHIIND,B,71.7,71.7,67.25,68.05,69.8,1114,54374,3757696.0
2021-10-21,2021-10-21,WWALUM,XT,9.09,9.13,8.7,9.0,8.7,21,982,8852.0
2021-10-21,2021-10-21,SGLRES,X,19.3,19.5,18.7,18.75,18.9,67,16640,314091.0
2021-10-21,2021-10-21,CHOKSILA,XT,20.5,20.5,19.0,19.25,19.95,12,644,12443.0
2021-10-21,2021-10-21,CCHHL,B,6.95,7.24,6.84,7.11,6.95,77,4194,29445.0
2021-10-21,2021-10-21,SALGUTI,XT,14.5,14.5,14.25,14.25,15.0,3,142,2048.0
2021-10-21,2021-10-21,LONTE,XT,13.4,13.4,12.8,12.8,13.4,3,101,1293.0
2021-10-21,2021-10-21,ENTRINT,X,12.94,12.94,12.35,12.6,12.35,43,4732,59062.0
2021-10-21,2021-10-21,TECHIN,T,6.27,6.5,6.27,6.5,6.6,11,276,1775.0
2021-10-21,2021-10-21,TPLPLASTEH,B,172.35,175.5,170.2,173.35,171.05,70,838,144540.0
2021-10-21,2021-10-21,WIMPLAST,X,480.0,490.0,472.0,474.45,478.55,308,7205,3423765.0
2021-10-21,2021-10-21,LIBERTSHOE,B,173.25,174.2,170.0,170.6,172.15,416,8980,1548451.0
2021-10-21,2021-10-21,LIPPISYS,XT,12.0,12.6,12.0,12.55,12.0,5,150,1879.0
2021-10-21,2021-10-21,ELECTHERM,B,130.1,132.9,127.5,129.25,130.35,111,3416,441371.0
2021-10-21,2021-10-21,BLUEDART,A,6275.0,6308.0,5944.0,6289.15,6266.25,1403,3587,22082828.0
2021-10-21,2021-10-21,EXPOEAPL,X,6.6,6.6,6.6,6.6,6.59,14,1451,9576.0
2021-10-21,2021-10-21,NATPLAS,X,37.75,37.75,35.6,36.0,36.7,73,5344,192597.0
2021-10-21,2021-10-21,MFLINDIA,X,0.46,0.46,0.42,0.44,0.44,3606,11449085,5157957.0
2021-10-21,2021-10-21,TEXELIN,X,59.05,64.25,58.25,59.95,60.15,75,4099,247096.0
2021-10-21,2021-10-21,RAYALEMA,XT,27.25,29.4,27.25,28.6,28.0,35,3899,111909.0
2021-10-21,2021-10-21,MIRZAINT,B,66.25,66.85,63.5,64.2,64.25,2037,132924,8667224.0
2021-10-21,2021-10-21,TFCILTD,B,67.7,70.45,67.7,69.3,69.2,611,26410,1842008.0
2021-10-21,2021-10-21,ARENTERP,B,26.2,29.0,24.05,25.25,26.6,36,3915,98963.0
2021-10-21,2021-10-21,BIL,B,225.0,225.0,214.55,216.9,217.55,21,204,44660.0
2021-10-21,2021-10-21,KAMATHOTEL,B,64.9,64.9,60.15,61.45,61.75,318,9396,579797.0
2021-10-21,2021-10-21,UNIVAFOODS,B,3.55,3.71,3.5,3.71,3.54,41,49163,180784.0
2021-10-21,2021-10-21,POLOHOT,Z,6.3,6.45,5.85,6.3,6.15,22,1033,6463.0
2021-10-21,2021-10-21,ECOPLAST,X,77.85,77.95,75.05,77.95,75.0,14,748,58020.0
2021-10-21,2021-10-21,ADARSHPL,X,9.26,9.72,8.8,9.58,9.26,43,7336,68641.0
2021-10-21,2021-10-21,HPBL,Z,1050.95,1050.95,1050.95,1050.95,1106.25,60,360,378342.0
2021-10-21,2021-10-21,NICCOPAR,X,49.5,49.5,43.0,46.0,46.9,67,7328,347175.0
2021-10-21,2021-10-21,NTCIND,XT,132.55,138.45,128.5,128.5,135.25,339,15721,2035535.0
2021-10-21,2021-10-21,SANDESH,B,830.0,830.0,759.1,762.85,778.15,25,208,160173.0
2021-10-21,2021-10-21,GARNET,X,22.0,22.0,21.5,22.0,21.75,49,16121,352272.0
2021-10-21,2021-10-21,GOLDIAM,B,969.0,969.0,922.45,943.9,927.85,854,6286,5887083.0
2021-10-21,2021-10-21,BRIGHTBR,X,167.95,167.95,160.25,162.15,161.65,99,4527,733887.0
2021-10-21,2021-10-21,CORPOCO,XT,7.5,7.67,6.98,6.98,7.32,56,6121,43862.0
2021-10-21,2021-10-21,SHAWGELTIN,X,191.05,191.1,182.75,185.1,193.95,154,2892,541480.0
2021-10-21,2021-10-21,PGFOILQ,XT,409.0,428.6,407.2,412.95,428.6,389,35499,14547752.0
2021-10-21,2021-10-21,VELHO,X,4.65,4.88,4.26,4.48,4.67,30,2390,10570.0
2021-10-21,2021-10-21,HOWARHO,X,6.35,6.35,6.05,6.3,6.35,9,758,4650.0
2021-10-21,2021-10-21,VALIANT,XT,93.65,94.0,87.0,90.45,91.45,57,3883,346760.0
2021-10-21,2021-10-21,DRAGARWQ,X,421.1,440.0,421.1,439.45,439.85,49,1978,863433.0
2021-10-21,2021-10-21,GREENPLY,A,201.1,208.9,197.45,200.95,200.3,1617,24500,4991805.0
2021-10-21,2021-10-21,SEAMECLTD,T,1185.0,1185.0,1141.05,1152.2,1193.35,70,5262,6106003.0
2021-10-21,2021-10-21,RAGHUNAT,XT,12.15,12.8,11.9,12.69,12.2,65,6333,78441.0
2021-10-21,2021-10-21,CHEVIOT,X,1189.0,1195.0,1170.0,1175.4,1177.6,238,1887,2225523.0
2021-10-21,2021-10-21,DAICHI,X,424.0,424.0,385.05,414.8,417.25,171,5088,2077633.0
2021-10-21,2021-10-21,RAJINFRA,X,13.4,13.75,12.95,13.33,13.1,31,11413,155210.0
2021-10-21,2021-10-21,SPICEISLIN,XT,7.08,7.43,6.73,7.25,7.08,12,82,589.0
2021-10-21,2021-10-21,CONFIPET,B,83.0,93.55,81.65,90.4,81.4,4348,347677,30700898.0
2021-10-21,2021-10-21,SIPL,X,13.7,13.7,13.7,13.7,14.0,3,74,1013.0
2021-10-21,2021-10-21,ASHSI,X,9.95,10.19,9.6,9.75,9.96,50,3162,30832.0
2021-10-21,2021-10-21,BANARBEADS,B,74.3,81.0,74.3,75.5,73.4,156,9243,721758.0
2021-10-21,2021-10-21,BI,X,73.3,75.25,70.3,74.2,72.35,432,49742,3684761.0
2021-10-21,2021-10-21,ISFL,X,5.57,5.57,5.3,5.5,5.37,221,73805,408031.0
2021-10-21,2021-10-21,RISHILASE,X,15.0,15.0,14.75,14.75,14.01,6,2501,37514.0
2021-10-21,2021-10-21,JAINCO,XT,4.13,4.13,3.75,4.1,3.94,44,4569,18346.0
2021-10-21,2021-10-21,INTECCAP,X,19.3,19.9,18.4,19.9,19.3,7,870,16368.0
2021-10-21,2021-10-21,RAJSEC,X,7.0,7.0,6.53,7.0,6.85,39,2047,14043.0
2021-10-21,2021-10-21,63MOONS,B,98.95,101.0,96.2,97.05,98.55,463,9674,953551.0
2021-10-21,2021-10-21,SARLAPOLY,B,52.55,52.55,50.55,51.5,51.4,1152,125045,6433993.0
2021-10-21,2021-10-21,INDOCRED,XT,1.06,1.06,1.06,1.06,1.01,1,10,10.0
2021-10-21,2021-10-21,HFIL,X,17.0,17.8,16.3,17.5,16.75,594,111296,1899600.0
2021-10-21,2021-10-21,SONALAD,XT,10.79,10.79,10.68,10.68,10.8,2,200,2147.0
2021-10-21,2021-10-21,PADMAIND,X,4.3,4.41,4.3,4.41,4.2,10,7700,33700.0
2021-10-21,2021-10-21,21STCENMGM,B,48.9,50.8,48.9,48.9,49.85,93,15097,749445.0
2021-10-21,2021-10-21,HRYNSHP,X,107.95,107.95,104.3,106.1,107.45,72,3450,363458.0
2021-10-21,2021-10-21,KALIND,XT,34.9,34.9,34.75,34.9,33.25,17,2201,76759.0
2021-10-21,2021-10-21,TYROON,X,99.05,106.8,97.35,102.15,97.1,60,2725,276880.0
2021-10-21,2021-10-21,LAOPALA,A,304.1,304.1,293.3,298.2,297.9,886,12469,3730707.0
2021-10-21,2021-10-21,STYLAMIND,B,1073.45,1084.9,1035.0,1061.45,1069.2,2181,20002,20962687.0
2021-10-21,2021-10-21,VENUSREM,B,446.35,473.8,440.1,455.25,461.65,1408,24575,11166997.0
2021-10-21,2021-10-21,GUJCRAFT,X,65.5,71.0,65.5,70.5,69.2,10,3337,233790.0
2021-10-21,2021-10-21,DHOOTIN,X,123.8,123.8,118.4,119.85,123.4,73,2860,343221.0
2021-10-21,2021-10-21,SHBAJRG,X,193.05,200.0,193.05,193.05,203.2,345,22602,4379688.0
2021-10-21,2021-10-21,URJA,B,8.0,8.06,7.73,7.77,7.93,1587,535605,4198962.0
2021-10-21,2021-10-21,ASHAPURMIN,B,116.4,118.0,112.5,114.3,114.6,542,24202,2775366.0
2021-10-21,2021-10-21,SHREEPAC,X,14.44,14.44,13.76,14.44,13.76,14,1165,16819.0
2021-10-21,2021-10-21,GUJALKALI,A,752.0,776.15,720.05,725.0,750.35,3809,66141,49787775.0
2021-10-21,2021-10-21,INDIACEM,A,205.95,208.0,201.25,206.1,203.45,2042,147432,30179068.0
2021-10-21,2021-10-21,JKTYRE,A,162.1,164.9,158.2,163.3,161.1,2835,128800,20806604.0
2021-10-21,2021-10-21,MANGCHEFER,B,73.0,73.5,70.0,71.2,72.35,776,39526,2857935.0
2021-10-21,2021-10-21,SIL,T,17.08,17.09,16.5,17.09,16.28,177,128789,2195958.0
2021-10-21,2021-10-21,JUBLPHARMA,A,634.0,642.25,605.05,611.75,631.8,1760,17874,11125709.0
2021-10-21,2021-10-21,THEINVEST,B,118.0,118.0,111.0,112.35,115.35,55,955,109052.0
2021-10-21,2021-10-21,SAMYAKINT,XT,21.0,21.0,20.5,20.5,20.65,3,3021,61941.0
2021-10-21,2021-10-21,AADIIND,XT,4.98,4.98,4.95,4.98,4.75,223,171100,852037.0
2021-10-21,2021-10-21,ACKNIT,X,115.5,120.95,115.3,117.45,116.6,33,2154,253620.0
2021-10-21,2021-10-21,TITANSEC,X,16.35,17.2,16.35,16.45,16.5,186,19786,330979.0
2021-10-21,2021-10-21,MOHOTAIND,B,9.27,9.59,9.06,9.17,9.51,28,2592,23818.0
2021-10-21,2021-10-21,REALECO,XT,14.25,14.25,13.96,13.96,13.96,17,375,5237.0
2021-10-21,2021-10-21,VIVANZA,XT,184.5,186.3,184.0,184.0,177.5,7,113,20796.0
2021-10-21,2021-10-21,YASHRAJC,X,3.69,3.69,3.43,3.44,3.61,20,11954,41216.0
2021-10-21,2021-10-21,CSLFINANCE,X,128.0,144.5,121.25,130.55,128.8,463,20788,2749814.0
2021-10-21,2021-10-21,SANGHVIMOV,B,187.65,195.0,184.75,188.35,186.8,539,25541,4862845.0
2021-10-21,2021-10-21,ANTELOPUS,B,152.85,157.35,151.45,154.65,149.35,795,15329,2358680.0
2021-10-21,2021-10-21,PURETROP,X,102.1,105.5,100.5,101.4,102.85,162,16298,1654454.0
2021-10-21,2021-10-21,FAZE3Q,X,306.0,306.9,293.25,295.05,296.25,255,8835,2635099.0
2021-10-21,2021-10-21,PRADHIN,X,50.9,58.95,50.9,56.9,56.55,11,1010,52163.0
2021-10-21,2021-10-21,ANUPAM,XT,2.3,2.3,2.1,2.1,2.2,794,663581,1457903.0
2021-10-21,2021-10-21,RAJPACK,X,30.0,31.0,30.0,30.0,30.0,9,711,21335.0
2021-10-21,2021-10-21,PRIVISCL,A,1840.05,1840.05,1783.7,1821.2,1827.4,1405,6766,12236597.0
2021-10-21,2021-10-21,NATRAJPR,XT,79.15,80.65,73.05,77.9,76.85,51,2619,196992.0
2021-10-21,2021-10-21,SAMRATPH,X,204.9,204.95,195.8,200.5,200.55,62,1898,378599.0
2021-10-21,2021-10-21,NPRFIN,X,13.55,13.55,13.55,13.55,13.6,2,102,1382.0
2021-10-21,2021-10-21,NILE,X,565.0,567.9,541.15,545.25,554.15,104,2976,1653298.0
2021-10-21,2021-10-21,UDAICEMENT,X,42.9,43.95,42.2,42.85,42.45,4031,578602,24864834.0
2021-10-21,2021-10-21,AMCOIND,X,48.0,48.0,45.0,45.75,45.9,18,374,17131.0
2021-10-21,2021-10-21,OPTIEMUS,B,331.0,331.0,331.0,331.0,348.4,83,5823,1927413.0
2021-10-21,2021-10-21,KREONFIN,XT,28.73,28.73,28.73,28.73,27.37,8,3100,89063.0
2021-10-21,2021-10-21,KISAN,X,16.8,16.8,16.15,16.3,16.45,69,16715,273698.0
2021-10-21,2021-10-21,VIJAYTX,X,39.1,40.0,38.2,39.05,39.0,34,7801,307385.0
2021-10-21,2021-10-21,KERALAYUR,X,67.8,71.0,65.0,67.35,69.55,68,7115,485241.0
2021-10-21,2021-10-21,MONGIPA,XT,11.2,11.2,11.15,11.15,11.7,7,7239,80840.0
2021-10-21,2021-10-21,MOHITPPR,XT,11.01,11.01,9.97,9.97,10.49,9,1312,13193.0
2021-10-21,2021-10-21,DAULAT,X,18.35,18.65,17.45,18.65,18.35,18,2824,51648.0
2021-10-21,2021-10-21,ODYSSEY,X,44.0,44.0,42.1,42.95,43.1,56,5175,221607.0
2021-10-21,2021-10-21,RSCINT,XT,3.5,3.5,3.5,3.5,3.5,3,200,700.0
2021-10-21,2021-10-21,SURATRAML,X,9.4,9.88,9.4,9.59,9.63,1696,364232,3484522.0
2021-10-21,2021-10-21,ATHARVENT,XT,1.58,1.68,1.58,1.63,1.6,50,17633,28440.0
2021-10-21,2021-10-21,FUNDVISER,XT,20.1,20.1,19.1,19.1,20.1,34,1753,33492.0
2021-10-21,2021-10-21,THEMISMED,T,903.0,923.5,895.1,905.0,918.0,25,270,243765.0
2021-10-21,2021-10-21,KALLAM,X,16.3,17.8,16.3,17.35,17.0,65,19321,327558.0
2021-10-21,2021-10-21,BRAWN,XT,22.75,23.4,21.65,21.65,22.75,19,1145,25228.0
2021-10-21,2021-10-21,FORINTL,XT,47.75,47.75,43.25,45.85,45.5,35,978,43486.0
2021-10-21,2021-10-21,KINGSINFR,X,36.75,36.75,35.4,36.2,35.6,124,51745,1863393.0
2021-10-21,2021-10-21,SUBSM,XT,26.5,27.0,24.5,27.0,25.75,38,2089,55730.0
2021-10-21,2021-10-21,AUROLAB,X,123.0,126.9,121.8,124.55,123.7,107,3592,446414.0
2021-10-21,2021-10-21,KJMCFIN,X,22.5,22.5,22.45,22.45,23.0,6,1416,31825.0
2021-10-21,2021-10-21,SUVEN,A,105.45,106.95,98.2,100.95,104.65,1301,65015,6753273.0
2021-10-21,2021-10-21,ARYAMAN,X,47.25,47.25,47.25,47.25,45.0,9,2987,141135.0
2021-10-21,2021-10-21,BRIDGESE,XT,44.2,44.2,42.0,42.0,44.2,13,730,30664.0
2021-10-21,2021-10-21,RAJTUBE,X,21.85,21.85,21.85,21.85,20.81,4,608,13284.0
2021-10-21,2021-10-21,KAYPOWR,X,3.25,3.4,3.09,3.09,3.25,17,2468,7895.0
2021-10-21,2021-10-21,INTSTOIL,X,20.7,20.7,18.9,20.7,19.75,79,16140,329451.0
2021-10-21,2021-10-21,GLOBALCA,Z,4.2,4.2,3.9,4.1,4.1,27,4221,16619.0
2021-10-21,2021-10-21,SAINIK,XT,20.85,22.9,20.85,20.85,21.85,9,2150,45955.0
2021-10-21,2021-10-21,ARIGATO,XT,23.9,23.9,22.0,23.4,23.0,12,1284,28876.0
2021-10-21,2021-10-21,RICHUNV,XT,5.46,5.73,5.19,5.73,5.46,8,1310,6931.0
2021-10-21,2021-10-21,SPCAPIT,X,19.1,19.25,18.0,19.0,19.1,30,1668,31593.0
2021-10-21,2021-10-21,PAOS,X,4.51,4.51,4.51,4.51,4.74,16,548,2471.0
2021-10-21,2021-10-21,KOTHARIPRO,B,100.7,100.7,97.05,97.7,99.65,127,3118,306781.0
2021-10-21,2021-10-21,PICCADIL,X,26.4,26.45,24.8,25.1,25.9,548,81893,2096898.0
2021-10-21,2021-10-21,CLSEL,B,123.0,123.0,118.3,119.0,118.3,123,3447,410681.0
2021-10-21,2021-10-21,CHANDRAP,X,153.25,153.25,153.25,153.25,161.3,145,9279,1422006.0
2021-10-21,2021-10-21,KIMIABL,X,40.35,43.3,40.35,41.55,40.7,13,274,11513.0
2021-10-21,2021-10-21,HINDTIN,X,120.0,123.0,116.15,117.15,117.25,247,16489,1950540.0
2021-10-21,2021-10-21,GODAVARI,X,68.2,68.95,66.5,67.0,66.75,94,10218,689617.0
2021-10-21,2021-10-21,PREMCO,X,509.0,512.0,493.6,508.1,498.65,24,964,484839.0
2021-10-21,2021-10-21,MUKESHB,X,128.0,144.95,128.0,132.9,126.1,19,951,128545.0
2021-10-21,2021-10-21,GENUSPOWER,B,82.0,82.0,74.4,75.0,79.65,1523,121287,9337087.0
2021-10-21,2021-10-21,ASIANENE,X,157.25,159.45,152.75,153.85,155.25,1082,95802,14858312.0
2021-10-21,2021-10-21,KBSINDIA,X,5.56,5.56,5.56,5.56,5.56,3,252,1401.0
2021-10-21,2021-10-21,UGARSUGAR,B,28.1,28.55,27.7,28.0,27.95,332,18599,520524.0
2021-10-21,2021-10-21,ORIENTBELL,B,347.1,348.9,338.1,338.5,345.3,102,543,186178.0
2021-10-21,2021-10-21,NRBBEARING,A,140.0,140.0,135.55,137.05,138.65,588,13701,1883873.0
2021-10-21,2021-10-21,VAMSHIRU,X,22.4,22.4,21.6,22.35,21.4,10,443,9733.0
2021-10-21,2021-10-21,NILAINFRA,T,6.0,6.05,5.69,5.76,5.98,195,94897,551448.0
2021-10-21,2021-10-21,DBSTOCKBRO,B,18.2,18.6,16.95,16.95,17.8,28,2074,36151.0
2021-10-21,2021-10-21,VINYOFL,XT,27.0,27.0,27.0,27.0,26.95,6,58,1566.0
2021-10-21,2021-10-21,JINDCAP,X,18.25,18.25,17.5,17.5,16.8,24,3193,56696.0
2021-10-21,2021-10-21,EPIC,XT,6.43,6.43,6.12,6.12,6.44,7,3204,20585.0
2021-10-21,2021-10-21,SUMEDHA,X,30.0,30.85,29.2,30.0,29.5,42,3808,114512.0
2021-10-21,2021-10-21,KUWERIN,XT,7.1,7.1,6.46,6.46,6.78,8,3893,25488.0
2021-10-21,2021-10-21,CHOKSI,XT,38.8,40.0,38.8,39.0,40.8,167,8696,340052.0
2021-10-21,2021-10-21,ASHISHPO,X,13.72,13.72,13.72,13.72,14.44,10,147,2016.0
2021-10-21,2021-10-21,ADORFO,X,65.55,66.7,64.8,66.1,65.25,220,54117,3555943.0
2021-10-21,2021-10-21,SHIVAAGRO,X,64.8,64.85,62.0,62.35,62.65,55,9760,610187.0
2021-10-21,2021-10-21,SIDDHA,X,4.02,4.02,4.02,4.02,3.83,29,12568,50523.0
2021-10-21,2021-10-21,KIRANSY-B,X,4.8,4.92,4.8,4.92,4.69,8,807,3885.0
2021-10-21,2021-10-21,SUMERUIND,XT,1.48,1.48,1.34,1.48,1.41,95,31557,45356.0
2021-10-21,2021-10-21,RUNGTAIR,XT,18.95,20.7,18.95,20.7,19.8,7,642,12229.0
2021-10-21,2021-10-21,GTTDATA,XT,3.47,3.47,3.47,3.47,3.31,2,458,1589.0
2021-10-21,2021-10-21,VALSONQ,X,19.5,20.35,19.05,19.15,20.1,42,2926,56358.0
2021-10-21,2021-10-21,SABOOSOD,XT,26.3,28.25,26.2,27.9,27.55,228,75851,2071574.0
2021-10-21,2021-10-21,GSLSEC,X,5.52,5.52,5.52,5.52,5.81,1,300,1656.0
2021-10-21,2021-10-21,TINNARUBR,X,128.0,128.0,121.1,128.0,121.95,253,92806,11854488.0
2021-10-21,2021-10-21,VIKRAMTH,X,187.0,187.0,175.0,180.15,181.4,151,4099,735659.0
2021-10-21,2021-10-21,STRATMONT,Z,33.4,33.4,33.4,33.4,35.15,2,7,233.0
2021-10-21,2021-10-21,AKCAPIT,X,446.05,455.0,446.05,450.15,446.05,23,591,266018.0
2021-10-21,2021-10-21,RELAXO,A,1339.0,1354.95,1310.0,1320.45,1338.7,5116,37806,50459054.0
2021-10-21,2021-10-21,VIRAT,X,73.5,74.0,70.0,70.5,70.0,45,1410,101892.0
2021-10-21,2021-10-21,RRETAIL,XT,28.47,28.47,28.47,28.47,27.12,29,18088,514965.0
2021-10-21,2021-10-21,TERAI,X,46.15,46.15,44.15,44.6,46.15,25,356,16049.0
2021-10-21,2021-10-21,COSCO,X,175.85,180.0,169.8,177.55,169.2,106,4107,719548.0
2021-10-21,2021-10-21,SHILPAMED,A,600.0,600.0,584.1,588.35,591.9,1115,18195,10743882.0
2021-10-21,2021-10-21,PARACABLES,B,12.95,13.0,12.44,12.81,12.68,238,47126,598297.0
2021-10-21,2021-10-21,NCLRESE,XT,3.42,3.42,3.35,3.42,3.26,4747,5065357,17309645.0
2021-10-21,2021-10-21,KOIYAIN,XT,3.67,4.0,3.67,3.67,3.86,13,315,1156.0
2021-10-21,2021-10-21,EXPLICITFIN,X,3.0,3.0,3.0,3.0,3.0,3,351,1053.0
2021-10-21,2021-10-21,LADDERUP,X,23.8,23.8,23.1,23.5,23.8,21,2480,58147.0
2021-10-21,2021-10-21,UYFINCORP,X,14.55,15.05,14.45,14.55,14.65,161,154110,2245012.0
2021-10-21,2021-10-21,EKAMLEA,X,3.84,3.84,3.84,3.84,3.84,1,1,3.0
2021-10-21,2021-10-21,SWASTIKA,X,135.5,139.6,128.0,134.1,135.4,26,1579,207661.0
2021-10-21,2021-10-21,PRIMAPLA,X,122.4,124.45,119.1,120.45,120.0,82,3657,439796.0
2021-10-21,2021-10-21,TELECANOR,XT,7.15,7.45,7.15,7.15,7.45,3,60,432.0
2021-10-21,2021-10-21,STURDY,XT,0.37,0.37,0.37,0.37,0.38,6,10110,3740.0
2021-10-21,2021-10-21,SAMPRE,XT,18.5,19.0,17.2,19.0,18.1,23,4670,86123.0
2021-10-21,2021-10-21,AAIL,X,29.0,29.95,28.0,28.95,29.05,51,7869,225063.0
2021-10-21,2021-10-21,VIPULORG,X,175.6,183.25,170.2,180.45,171.2,276,39748,7051572.0
2021-10-21,2021-10-21,ECORECO,X,93.0,97.2,93.0,97.2,92.6,716,92301,8925658.0
2021-10-21,2021-10-21,GOODLUCK,B,300.0,310.0,300.0,307.95,299.6,589,13095,4027941.0
2021-10-21,2021-10-21,GOYALASS,X,3.9,4.01,3.63,3.66,3.82,92,108721,407519.0
2021-10-21,2021-10-21,ZENITHHE,XT,7.08,7.35,6.88,7.06,7.16,544,85946,608878.0
2021-10-21,2021-10-21,YORKEXP,XT,57.65,57.65,57.65,57.65,60.65,11,140,8071.0
2021-10-21,2021-10-21,SUPREME,X,13.5,13.5,12.35,12.35,12.95,138,59546,741364.0
2021-10-21,2021-10-21,LYKISLTD,X,32.3,33.0,30.65,30.75,32.25,98,15555,485386.0
2021-10-21,2021-10-21,PRIMEPRO,X,19.39,19.39,17.81,18.21,18.37,58,9690,181469.0
2021-10-21,2021-10-21,ZENLABS,X,35.95,35.95,32.7,33.25,34.9,134,97436,3252107.0
2021-10-21,2021-10-21,RAJRILTD,Z,0.4,0.4,0.38,0.38,0.39,32,207784,82798.0
2021-10-21,2021-10-21,GOWRALE,XT,20.4,21.0,20.4,21.0,21.35,2,13,265.0
2021-10-21,2021-10-21,JAGANLAM,X,50.3,53.45,49.15,52.2,51.6,110,9159,463973.0
2021-10-21,2021-10-21,AJEL,Z,7.51,7.51,7.51,7.51,7.9,21,751,5640.0
2021-10-21,2021-10-21,ALPSINDUS,T,3.36,3.36,3.36,3.36,3.53,26,6811,22884.0
2021-10-21,2021-10-21,ASITCFIN,X,123.4,123.4,115.0,123.4,117.55,22,1412,167849.0
2021-10-21,2021-10-21,ENCODE,X,10.55,10.55,10.55,10.55,10.55,5,92,970.0
2021-10-21,2021-10-21,CHALLANI,XT,8.32,8.32,8.32,8.32,8.75,10,500,4160.0
2021-10-21,2021-10-21,CORNE,XT,4.02,4.02,3.85,4.0,3.86,25,2329,9334.0
2021-10-21,2021-10-21,STERTOOLS,B,208.95,208.95,193.6,198.35,196.25,411,5614,1103620.0
2021-10-21,2021-10-21,KLGCAP,XT,8.55,8.55,8.55,8.55,8.15,4,580,4959.0
2021-10-21,2021-10-21,DYNAMICP,XT,10.65,11.0,10.12,10.12,10.65,10,10135,102597.0
2021-10-21,2021-10-21,CEEJAY,X,109.0,109.0,101.3,106.55,108.9,25,2352,250181.0
2021-10-21,2021-10-21,SUNCITYSY,XT,8.64,8.64,8.63,8.63,8.23,19,10100,87263.0
2021-10-21,2021-10-21,SHGANEL,XT,22.45,22.45,21.35,21.35,22.45,6,55,1180.0
2021-10-21,2021-10-21,BHAGERIA,B,278.05,305.0,274.5,290.95,278.3,627,27315,7598081.0
2021-10-21,2021-10-21,OIVL,X,16.9,16.9,16.9,16.9,16.1,2,5,84.0
2021-10-21,2021-10-21,BNRUDY,X,19.3,19.3,18.4,18.4,19.3,9,943,17974.0
2021-10-21,2021-10-21,KRBL,A,293.0,298.0,288.0,291.5,291.25,1971,63979,18797676.0
2021-10-21,2021-10-21,REFNOLRESIN,X,31.5,31.5,29.15,29.85,31.6,40,4333,129039.0
2021-10-21,2021-10-21,SSPDL,X,15.6,16.55,15.6,15.75,16.7,12,428,6714.0
2021-10-21,2021-10-21,DAIKAFFI,X,29.7,29.7,27.5,28.5,27.75,32,4738,135107.0
2021-10-21,2021-10-21,CILSEC,X,17.75,17.75,16.85,17.5,17.5,11,163,2838.0
2021-10-21,2021-10-21,CLIOINFO,XT,3.48,3.48,3.48,3.48,3.66,65,7387,25706.0
2021-10-21,2021-10-21,CUPID,B,234.0,234.05,227.65,231.0,232.5,182,1994,461940.0
2021-10-21,2021-10-21,SUNSHIEL,X,350.15,356.25,350.15,351.95,351.5,118,11530,4063873.0
2021-10-21,2021-10-21,CHEMBOND,B,236.0,238.05,222.95,226.35,230.15,334,3564,823288.0
2021-10-21,2021-10-21,CIFL,X,124.95,124.95,117.45,120.0,120.0,31,644,77386.0
2021-10-21,2021-10-21,SUCROSA,X,7.13,7.13,6.76,6.8,6.98,134,113880,781517.0
2021-10-21,2021-10-21,AUDROC,XT,1.01,1.01,1.01,1.01,0.97,1220,1867188,1885859.0
2021-10-21,2021-10-21,NGIND,X,52.0,52.0,49.75,50.35,51.35,32,1564,79029.0
2021-10-21,2021-10-21,ASIAPAK,X,16.9,17.3,16.9,17.3,16.55,2,109,1882.0
2021-10-21,2021-10-21,JRFOODS,XT,4.8,5.08,4.66,5.05,4.9,64,14963,72130.0
2021-10-21,2021-10-21,REMSONSIND,B,233.4,236.5,226.05,230.3,230.65,243,4691,1082355.0
2021-10-21,2021-10-21,RAMINFO,X,67.0,68.35,65.0,66.25,65.85,135,32818,2181777.0
2021-10-21,2021-10-21,SUNILAGR,XT,94.95,99.3,90.1,99.3,94.6,54,5344,520847.0
2021-10-21,2021-10-21,DIANATEA,X,26.0,26.0,25.3,25.85,25.7,57,10089,259065.0
2021-10-21,2021-10-21,VIKASECO,B,2.12,2.19,2.1,2.13,2.13,777,1855727,3953836.0
2021-10-21,2021-10-21,IOC,A,131.7,135.45,130.7,131.65,130.45,8323,1318989,176145940.0
2021-10-21,2021-10-21,ALFAICA,XT,38.0,39.7,36.2,36.4,38.0,5,60,2350.0
2021-10-21,2021-10-21,SKCIL,X,53.95,53.95,50.2,52.95,52.45,19,454,23709.0
2021-10-21,2021-10-21,INDIAHOME,X,37.0,38.2,36.5,37.05,36.5,68,9434,353173.0
2021-10-21,2021-10-21,JPTSEC,XT,9.62,9.62,9.62,9.62,10.12,6,146,1404.0
2021-10-21,2021-10-21,ROOPAIND,X,17.0,18.35,17.0,18.25,17.5,31,11479,207846.0
2021-10-21,2021-10-21,UNIQUEO,X,16.8,16.8,15.0,15.45,14.5,20,1958,30023.0
2021-10-21,2021-10-21,BALAMINES,A,4288.0,4288.0,3806.0,3831.85,4136.5,2825,11823,47217400.0
2021-10-21,2021-10-21,ARISE,X,7.33,7.33,7.33,7.33,7.32,1,100,733.0
2021-10-21,2021-10-21,VISAGAR,X,1.55,1.55,1.47,1.52,1.52,247,90040,137001.0
2021-10-21,2021-10-21,REGAL,XT,4.29,4.29,4.29,4.29,4.29,2,22,94.0
2021-10-21,2021-10-21,COMPEAU,X,200.5,205.8,200.5,201.9,205.8,26,458,92173.0
2021-10-21,2021-10-21,ZDHJERK,XT,9.03,9.03,9.03,9.03,9.5,10,1788,16145.0
2021-10-21,2021-10-21,NEELKAN,Z,8.9,8.9,8.9,8.9,8.9,4,47,418.0
2021-10-21,2021-10-21,VINTAGES,X,6.9,6.9,6.75,6.75,7.1,2,15,102.0
2021-10-21,2021-10-21,CONTILI,X,25.9,25.9,23.7,25.9,24.7,27,1733,44656.0
2021-10-21,2021-10-21,VIJSOLX,XT,2597.0,2625.0,2490.0,2533.35,2554.85,247,1062,2712735.0
2021-10-21,2021-10-21,SHRIKRISH,X,14.2,14.84,14.2,14.84,14.69,4,79,1140.0
2021-10-21,2021-10-21,ALANKIT,B,18.2,18.2,17.35,17.35,17.55,711,1527448,26701318.0
2021-10-21,2021-10-21,NIHARINF,XT,7.86,7.86,7.19,7.56,7.56,51,1739,13215.0
2021-10-21,2021-10-21,UNITDCR,X,12.84,12.84,12.44,12.44,11.7,8,520,6493.0
2021-10-21,2021-10-21,OMINFRAL,B,33.9,33.9,32.3,32.35,33.25,112,7341,242866.0
2021-10-21,2021-10-21,CENTUPLE,XT,3.36,3.36,3.36,3.36,3.37,3,1500,5040.0
2021-10-21,2021-10-21,ISHANCH,X,97.25,102.0,97.0,97.7,98.9,297,28987,2861611.0
2021-10-21,2021-10-21,GOTHIPL,P,26.05,26.5,26.0,26.5,26.05,6,900,23530.0
2021-10-21,2021-10-21,BALUFORGE,X,262.05,263.4,262.05,263.4,262.05,3,12,3145.0
2021-10-21,2021-10-21,CEENIK,X,8.03,8.03,8.03,8.03,7.65,3,189,1517.0
2021-10-21,2021-10-21,PATELENG,A,26.45,26.45,24.7,24.85,25.55,1589,392615,9887282.0
2021-10-21,2021-10-21,KATIPATANG,XT,2.66,2.66,2.66,2.66,2.66,3,106,281.0
2021-10-21,2021-10-21,INANI,X,22.0,22.85,19.15,20.75,21.35,80,13939,296728.0
2021-10-21,2021-10-21,GEMSI,X,1.4,1.4,1.29,1.32,1.37,197,151533,203569.0
2021-10-21,2021-10-21,MEDICAMEQ,X,564.0,564.0,533.0,538.35,553.4,197,6648,3636410.0
2021-10-21,2021-10-21,ALICON,B,773.15,809.1,765.6,796.45,773.05,350,1495,1189269.0
2021-10-21,2021-10-21,DILIGENT,XT,11.83,11.83,11.24,11.24,11.83,15,606,6826.0
2021-10-21,2021-10-21,EPSOMPRO,X,4.18,4.35,4.18,4.35,4.18,3,366,1563.0
2021-10-21,2021-10-21,ALFAVIO,X,64.0,64.25,63.75,63.8,64.3,52,25120,1604154.0
2021-10-21,2021-10-21,CATVISION,XT,10.8,10.8,10.46,10.46,11.01,9,1599,16738.0
2021-10-21,2021-10-21,ABMKNO,X,117.5,119.35,115.0,115.65,115.15,56,2486,287351.0
2021-10-21,2021-10-21,EMAMILTD,A,540.0,551.35,528.0,538.8,531.95,1558,23827,12805906.0
2021-10-21,2021-10-21,KEMISTAR,X,39.25,40.0,39.0,40.0,37.1,6,507,19875.0
2021-10-21,2021-10-21,SKPSEC,X,66.95,66.95,64.5,64.5,66.9,2,2,131.0
2021-10-21,2021-10-21,PRANAVSPIN,X,34.45,34.45,34.4,34.4,34.45,4,106,3651.0
2021-10-21,2021-10-21,SYSCHEM,XT,9.72,10.5,9.72,9.93,10.22,47,17987,180949.0
2021-10-21,2021-10-21,MEFCOMCAP,X,15.95,16.79,15.2,16.79,16.0,11,854,13399.0
2021-10-21,2021-10-21,ARMANFIN,A,977.55,977.55,940.85,967.8,962.0,2847,32237,31179598.0
2021-10-21,2021-10-21,MIDINFRA,Z,1.25,1.26,1.14,1.26,1.2,53,16691,20296.0
2021-10-21,2021-10-21,GAGANPOLYCO,XT,2.51,2.51,2.51,2.51,2.64,118,14603,36653.0
2021-10-21,2021-10-21,GLANCE,X,62.3,62.3,62.3,62.3,65.55,11,116,7226.0
2021-10-21,2021-10-21,SHILCTECH,X,232.0,242.5,220.0,225.35,232.15,52,1119,254249.0
2021-10-21,2021-10-21,NUCLEUS,A,590.0,590.25,585.1,586.55,585.1,289,2302,1350460.0
2021-10-21,2021-10-21,COLINZ,XT,19.6,20.0,19.0,19.9,20.0,13,423,8161.0
2021-10-21,2021-10-21,NLFL,X,30.8,33.7,30.8,31.0,31.85,28,775,25064.0
2021-10-21,2021-10-21,MANAPPURAM,A,197.0,200.2,195.55,199.85,195.45,1944,196609,38921930.0
2021-10-21,2021-10-21,RTSPOWR,X,79.7,79.7,75.5,76.9,77.5,129,20992,1612875.0
2021-10-21,2021-10-21,COMFINTE,X,26.6,28.4,26.6,27.35,28.0,192,69944,1911257.0
2021-10-21,2021-10-21,ANJANI,X,26.55,26.75,25.6,26.0,25.65,33,2824,74014.0
2021-10-21,2021-10-21,XTGLOBAL,X,37.3,39.0,37.3,37.95,37.3,63,10902,416014.0
2021-10-21,2021-10-21,RANDER,XT,5.59,5.59,5.39,5.59,5.49,11,5365,29290.0
2021-10-21,2021-10-21,RASIELEC,X,6.1,6.1,5.8,5.87,5.93,36,14539,85447.0
2021-10-21,2021-10-21,SCOOBEEDAY,X,180.95,180.95,163.8,171.1,172.4,30,818,139866.0
2021-10-21,2021-10-21,CITIPOR,XT,17.05,17.05,17.05,17.05,17.05,1,20,341.0
2021-10-21,2021-10-21,LINC,B,237.0,239.5,225.9,236.9,229.3,157,1369,319303.0
2021-10-21,2021-10-21,PRIMAIN,XT,22.8,22.8,22.1,22.8,22.8,4,78,1764.0
2021-10-21,2021-10-21,ANERI,XT,6.1,6.1,5.8,5.8,6.1,7,1212,7087.0
2021-10-21,2021-10-21,INDGELA,X,134.75,134.75,131.25,133.15,133.25,46,1604,213571.0
2021-10-21,2021-10-21,OPTIFIN,X,39.85,39.85,39.3,39.3,38.0,4,17,669.0
2021-10-21,2021-10-21,PARAGONF,X,16.25,18.95,16.25,17.9,17.45,17,1267,21719.0
2021-10-21,2021-10-21,VELLORA,XT,26.2,26.2,26.2,26.2,27.55,14,528,13833.0
2021-10-21,2021-10-21,REFEXRENEW,X,63.3,69.5,57.35,67.75,63.3,66,3622,240648.0
2021-10-21,2021-10-21,VSTTILLERS,A,2935.75,3057.0,2928.25,2990.4,2881.0,844,2397,7162505.0
2021-10-21,2021-10-21,B2BSOFT,XT,30.7,33.9,30.7,31.35,32.3,155,12077,379236.0
2021-10-21,2021-10-21,RADHEDE,XT,106.4,106.45,100.5,106.45,101.4,1013,122751,12891336.0
2021-10-21,2021-10-21,ELIXIR,X,43.95,43.95,40.3,41.0,42.35,34,7471,317585.0
2021-10-21,2021-10-21,TRISHAKT,XT,36.55,37.55,35.0,37.55,35.8,22,2099,75639.0
2021-10-21,2021-10-21,PANKAJPO,XT,4.98,4.98,4.98,4.98,5.24,3,26,129.0
2021-10-21,2021-10-21,MARBLE,XT,5.5,6.0,5.5,5.98,5.73,23,3702,22059.0
2021-10-21,2021-10-21,NATPLASTI,X,73.0,73.0,66.35,66.75,67.45,38,2123,145166.0
2021-10-21,2021-10-21,NATFIT,X,59.7,60.5,56.5,59.45,56.55,26,1698,100479.0
2021-10-21,2021-10-21,ARTEFACT,X,60.4,60.4,56.55,57.8,58.65,54,5833,337043.0
2021-10-21,2021-10-21,AMITINT,XT,3.27,3.27,3.25,3.25,3.27,9,579,1882.0
2021-10-21,2021-10-21,TUSALDAH,X,12.4,12.4,12.4,12.4,12.4,2,30,372.0
2021-10-21,2021-10-21,NUTECGLOB,X,9.26,9.26,9.26,9.26,9.74,8,1453,13454.0
2021-10-21,2021-10-21,DHPIND,X,610.5,610.5,558.0,562.45,572.7,153,3208,1814469.0
2021-10-21,2021-10-21,RRIL,X,11.52,12.18,11.52,12.03,11.72,177,137306,1614835.0
2021-10-21,2021-10-21,AVAILFC,X,69.35,69.35,63.7,66.95,67.05,106,8741,575509.0
2021-10-21,2021-10-21,INTCAPL,X,26.75,27.2,26.75,26.75,25.95,9,3677,98361.0
2021-10-21,2021-10-21,MGIL,XT,2.95,2.95,2.95,2.95,2.81,2,824,2430.0
2021-10-21,2021-10-21,HAVISHA,T,1.3,1.3,1.24,1.25,1.3,18,5579,6999.0
2021-10-21,2021-10-21,ROSELABS,X,29.3,29.8,27.6,27.7,28.5,23,3625,102232.0
2021-10-21,2021-10-21,CHARMS,X,2.88,2.88,2.88,2.88,2.89,7,1552,4469.0
2021-10-21,2021-10-21,KRETTOSYS,XT,8.46,8.46,8.06,8.1,8.06,28,13476,109781.0
2021-10-21,2021-10-21,VIKALPS,XT,4.91,5.15,4.91,5.15,4.91,2,12,61.0
2021-10-21,2021-10-21,ZYDUSWELL,A,2224.0,2240.95,2150.0,2155.2,2224.8,658,1331,2907271.0
2021-10-21,2021-10-21,WINPRO,B,7.56,7.75,7.22,7.37,7.59,165,190538,1401007.0
2021-10-21,2021-10-21,BERVINL,XT,21.15,21.15,19.15,19.25,20.15,15,2504,52390.0
2021-10-21,2021-10-21,GUJINV,X,5.1,5.1,4.88,4.88,4.88,10,276,1356.0
2021-10-21,2021-10-21,INDINFRA,X,5.35,5.35,5.35,5.35,5.35,2,233,1246.0
2021-10-21,2021-10-21,CONCOR,A,676.35,682.25,658.5,664.7,674.15,2312,50395,33719179.0
2021-10-21,2021-10-21,EASTRED,X,41.0,43.0,39.0,41.7,42.8,31,1536,63720.0
2021-10-21,2021-10-21,PANACEABIO,A,247.45,248.0,232.4,234.15,246.75,3741,83787,20072950.0
2021-10-21,2021-10-21,PEETISEC,XT,16.1,16.1,14.58,14.58,15.34,14,462,7055.0
2021-10-21,2021-10-21,CHOICEIN,X,151.0,153.4,143.5,145.75,150.85,32,3660,547136.0
2021-10-21,2021-10-21,SRAMSET,XT,149.35,149.35,138.0,148.0,145.0,18,311,45260.0
2021-10-21,2021-10-21,EKANSH,X,24.5,25.1,23.15,23.4,23.95,22,5840,140705.0
2021-10-21,2021-10-21,BYKE,B,34.3,36.0,33.2,34.95,33.2,153,13544,464820.0
2021-10-21,2021-10-21,CSURGSU,X,47.75,57.2,47.75,53.95,52.95,12,105,5432.0
2021-10-21,2021-10-21,ARIHANT,B,41.8,44.25,41.0,44.25,36.9,346,52360,2279784.0
2021-10-21,2021-10-21,UPSURGE,X,46.05,46.05,42.25,43.15,43.9,114,59306,2531010.0
2021-10-21,2021-10-21,PADAMCO,XT,8.7,8.7,8.7,8.7,8.7,5,155,1348.0
2021-10-21,2021-10-21,WOMENNET,XT,4.95,5.06,4.58,5.06,4.82,54,5219,25482.0
2021-10-21,2021-10-21,SOURCENTRL,X,135.0,135.0,114.4,127.75,124.55,71,1668,211328.0
2021-10-21,2021-10-21,ALMONDZ,B,141.8,142.0,135.65,141.5,135.25,290,7583,1065807.0
2021-10-21,2021-10-21,LWSKNIT,XT,27.1,27.1,27.1,27.1,28.5,36,6335,171678.0
2021-10-21,2021-10-21,ALCHCORP,XT,12.0,12.0,11.4,12.0,12.0,6,154,1828.0
2021-10-21,2021-10-21,TUNITEX,Z,1.98,1.98,1.8,1.8,1.89,1466,1350632,2486042.0
2021-10-21,2021-10-21,RADIXIND,XT,49.2,51.15,49.2,51.15,49.15,13,135,6820.0
2021-10-21,2021-10-21,KIRANPR,X,3.61,3.61,3.61,3.61,3.44,1,100,361.0
2021-10-21,2021-10-21,NARPROP,X,21.0,21.0,18.8,18.9,19.6,13,953,19220.0
2021-10-21,2021-10-21,MEGACOR,X,1.3,1.37,1.28,1.3,1.33,174,68512,89459.0
2021-10-21,2021-10-21,TNPL,A,135.6,136.6,134.55,135.25,135.3,375,9416,1277230.0
2021-10-21,2021-10-21,SHAKTIPUMP,B,729.0,735.15,695.25,701.1,729.5,2431,21305,15060055.0
2021-10-21,2021-10-21,SYTIXSE,XT,6.79,6.79,6.79,6.79,7.14,4,708,4807.0
2021-10-21,2021-10-21,SUNGOLD,X,1.45,1.45,1.33,1.33,1.39,16,7404,10730.0
2021-10-21,2021-10-21,SAFFRON,XT,2.95,2.95,2.81,2.81,2.95,3,600,1686.0
2021-10-21,2021-10-21,PWASML,XT,56.9,57.0,54.25,54.25,54.3,12,822,45296.0
2021-10-21,2021-10-21,GOLDTECH,T,36.4,36.4,34.6,34.6,36.4,49,5365,185837.0
2021-10-21,2021-10-21,VARDHMAN,XT,8.07,8.07,8.07,8.07,8.49,5,1200,9684.0
2021-10-21,2021-10-21,GRMOVER,XT,952.0,959.0,920.0,937.35,952.2,223,2403,2245948.0
2021-10-21,2021-10-21,MOHITIND,B,12.02,12.38,11.83,11.88,11.8,9,322,3815.0
2021-10-21,2021-10-21,POLYLINK,X,17.6,18.15,17.3,18.0,17.8,38,2531,44721.0
2021-10-21,2021-10-21,MINAXI,XT,1.18,1.29,1.18,1.24,1.24,448,219851,265993.0
2021-10-21,2021-10-21,DUKEOFS,X,11.5,12.0,11.5,11.77,11.62,19,2443,28146.0
2021-10-21,2021-10-21,CYBELEIND,X,8.95,8.95,8.65,8.65,8.55,5,3111,27840.0
2021-10-21,2021-10-21,CGVAK,X,170.0,175.0,163.75,173.95,169.3,102,12494,2113891.0
2021-10-21,2021-10-21,NAVKARURB,XT,44.4,44.4,40.3,41.0,42.4,123,9557,388152.0
2021-10-21,2021-10-21,BLUECOAST,T,7.0,7.0,7.0,7.0,7.36,1,100,700.0
2021-10-21,2021-10-21,OMKAR,X,2.35,2.38,2.35,2.38,2.27,30,2527,5970.0
2021-10-21,2021-10-21,MADHUCON,B,5.14,5.15,5.04,5.04,5.19,22,6904,35148.0
2021-10-21,2021-10-21,SYBLY,XT,6.28,6.28,5.7,5.74,5.99,30,4893,28582.0
2021-10-21,2021-10-21,RAJESHEXPO,A,644.0,644.0,629.0,633.2,635.25,1080,31111,19781265.0
2021-10-21,2021-10-21,ESARIND,X,3.09,3.09,3.03,3.03,3.09,25,9293,28175.0
2021-10-21,2021-10-21,MARIS,X,54.2,57.9,54.0,57.65,56.25,52,5653,311980.0
2021-10-21,2021-10-21,EVEREADY,A,363.2,368.95,355.6,359.35,362.95,1364,31426,11346126.0
2021-10-21,2021-10-21,ORIENTTR,XT,5.85,6.0,5.56,5.85,5.85,45,18218,104750.0
2021-10-21,2021-10-21,MAHANIN,X,0.32,0.32,0.32,0.32,0.31,11,28855,9233.0
2021-10-21,2021-10-21,VIKASPROP,B,2.06,2.07,2.04,2.05,2.06,2438,378791,779840.0
2021-10-21,2021-10-21,ACESOFT,X,16.53,16.53,16.53,16.53,15.75,1,10,165.0
2021-10-21,2021-10-21,HATSUN,A,1350.0,1376.25,1339.0,1351.5,1352.3,830,3725,5067816.0
2021-10-21,2021-10-21,ACCEDERE,XT,11.7,11.7,11.7,11.7,11.15,2,300,3510.0
2021-10-21,2021-10-21,RISHDIGA,X,26.25,26.4,26.0,26.4,26.3,5,1132,29693.0
2021-10-21,2021-10-21,MAINFRA,X,39.0,40.4,39.0,39.0,39.75,29,5620,223735.0
2021-10-21,2021-10-21,KOBO,Z,5.56,5.56,5.55,5.56,5.3,21,7605,42263.0
2021-10-21,2021-10-21,JINDWORLD,B,117.9,130.55,114.5,128.45,115.55,1732,89852,11087209.0
2021-10-21,2021-10-21,SOMANYCERA,T,833.45,833.45,795.1,800.05,814.4,80,2705,2184584.0
2021-10-21,2021-10-21,JHACC,X,5.51,5.51,5.24,5.5,5.51,4,9,49.0
2021-10-21,2021-10-21,RAGHUTOB,X,8.93,8.93,8.59,8.9,7.68,35,5985,52538.0
2021-10-21,2021-10-21,CORALFINAC,B,42.25,43.55,40.9,42.4,42.6,199,12217,516509.0
2021-10-21,2021-10-21,ASHUTPM,X,1.36,1.36,1.36,1.36,1.3,1,21,28.0
2021-10-21,2021-10-21,SANJIVIN,X,27.55,27.55,26.4,27.3,26.25,44,23956,650595.0
2021-10-21,2021-10-21,VASINFRA,XT,4.35,4.55,4.35,4.5,4.35,6,11,49.0
2021-10-21,2021-10-21,BERYLSE,XT,9.15,9.2,9.14,9.14,9.2,3,113,1035.0
2021-10-21,2021-10-21,RAP,X,19.73,21.5,19.72,19.72,20.74,18,16260,320826.0
2021-10-21,2021-10-21,DEVINE,XT,4.61,4.61,4.59,4.59,4.62,12,657,3015.0
2021-10-21,2021-10-21,BAMPSL,XT,3.15,3.19,3.05,3.18,3.05,34,21858,68881.0
2021-10-21,2021-10-21,GENPHARMA,X,7.21,7.44,7.06,7.23,7.25,423,93076,669193.0
2021-10-21,2021-10-21,INCON,XT,20.45,20.45,18.51,18.51,19.48,195,23503,455499.0
2021-10-21,2021-10-21,CGCL,A,507.9,510.75,504.35,507.8,509.75,979,15144,7674323.0
2021-10-21,2021-10-21,FDC,A,332.0,337.2,320.7,325.45,335.05,1846,21428,7021634.0
2021-10-21,2021-10-21,GOGIACAPGL,XT,90.95,91.0,90.95,91.0,89.15,2,13,1182.0
2021-10-21,2021-10-21,GORANIN,X,26.9,26.9,26.0,26.0,25.65,5,1100,29440.0
2021-10-21,2021-10-21,KGPETRO,X,396.8,404.0,381.0,388.0,385.9,7,204,80432.0
2021-10-21,2021-10-21,STARCOM,XT,162.35,162.35,162.35,162.35,154.65,2,60,9741.0
2021-10-21,2021-10-21,COUNCODOS,B,3.29,3.3,3.19,3.3,3.15,47,39377,129858.0
2021-10-21,2021-10-21,OROSMITHS,X,3.77,4.15,3.77,3.77,3.96,12,5534,20863.0
2021-10-21,2021-10-21,LINCOLN,A,369.8,373.15,360.0,362.6,367.2,590,5781,2115519.0
2021-10-21,2021-10-21,SILVOAK,X,40.55,46.5,40.4,40.4,44.85,12,743,30485.0
2021-10-21,2021-10-21,PRAVEG,X,122.6,130.0,119.0,124.05,124.4,252,20847,2576662.0
2021-10-21,2021-10-21,SURAJLTD,X,62.95,62.95,54.05,57.95,57.7,9,611,34861.0
2021-10-21,2021-10-21,MARICO,A,561.75,568.4,553.75,565.2,560.85,1802,45499,25518396.0
2021-10-21,2021-10-21,MAHAVIRIND,XT,1.23,1.23,1.13,1.23,1.18,86,25611,30298.0
2021-10-21,2021-10-21,NATGENI,XT,62.55,62.55,62.55,62.55,59.6,1,1,62.0
2021-10-21,2021-10-21,UVS,XT,24.4,24.4,24.4,24.4,25.65,4,251,6124.0
2021-10-21,2021-10-21,ABATEAS,XT,9.04,9.04,9.04,9.04,9.51,1,50,452.0
2021-10-21,2021-10-21,HITTCO,XT,4.59,4.59,4.18,4.57,4.38,23,2109,9274.0
2021-10-21,2021-10-21,RRMETAL,X,46.35,46.35,40.35,42.0,43.1,28,3213,138378.0
2021-10-21,2021-10-21,VISIONCO,X,1.93,1.93,1.74,1.75,1.86,19,5464,9593.0
2021-10-21,2021-10-21,INANISEC,X,17.75,19.45,17.75,17.75,18.6,5,62,1117.0
2021-10-21,2021-10-21,ANKIN,X,10.25,10.25,10.25,10.25,10.25,1,1,10.0
2021-10-21,2021-10-21,PRITHVIEXCH,X,24.15,24.15,24.1,24.1,23.1,5,15,362.0
2021-10-21,2021-10-21,KHYATI,XT,0.93,0.97,0.93,0.97,0.93,47,17186,16270.0
2021-10-21,2021-10-21,RAINBOWF,X,16.0,16.9,16.0,16.0,16.0,17,1273,20470.0
2021-10-21,2021-10-21,TRICOMFRU,X,1.63,1.63,1.63,1.63,1.56,2,799,1302.0
2021-10-21,2021-10-21,VIDHIING,B,343.9,349.05,332.5,340.1,341.9,879,13686,4670570.0
2021-10-21,2021-10-21,BHAGCHEM,B,807.55,807.55,711.1,757.5,809.35,568,3939,2993456.0
2021-10-21,2021-10-21,PANCHSHEEL,X,175.5,179.9,166.45,173.7,175.5,192,8577,1478508.0
2021-10-21,2021-10-21,MENNPIS,X,41.15,44.65,41.15,43.1,40.7,1006,231639,10025632.0
2021-10-21,2021-10-21,GREENCREST,X,5.61,5.72,5.5,5.5,5.61,120,16130,90518.0
2021-10-21,2021-10-21,GENNEX,X,7.3,7.3,7.15,7.2,7.16,664,151077,1087989.0
2021-10-21,2021-10-21,GINISILK,X,50.0,52.95,48.5,48.8,50.85,13,954,46547.0
2021-10-21,2021-10-21,PRAENG,B,18.6,18.6,17.7,18.1,17.8,65,10089,184778.0
2021-10-21,2021-10-21,BIOGEN,XT,0.64,0.66,0.63,0.65,0.63,3823,7168763,4709947.0
2021-10-21,2021-10-21,GKCONS,X,2.94,2.94,2.94,2.94,3.09,7,34,99.0
2021-10-21,2021-10-21,APOLLOPIPE,A,1886.45,1950.0,1839.6,1864.9,1882.15,1414,5587,10536382.0
2021-10-21,2021-10-21,UNJHAFOR,X,9.21,9.99,9.21,9.84,9.9,9,1199,11415.0
2021-10-21,2021-10-21,POLYMED,A,959.0,969.45,918.1,931.25,959.05,980,3961,3734002.0
2021-10-21,2021-10-21,KACHCHH,X,8.52,8.52,8.52,8.52,8.12,4,1150,9798.0
2021-10-21,2021-10-21,KACL,X,0.46,0.46,0.46,0.46,0.44,1,50,23.0
2021-10-21,2021-10-21,KCLINFRA,XT,2.36,2.36,2.36,2.36,2.48,2,201,474.0
2021-10-21,2021-10-21,ATULAUTO,B,234.9,234.9,223.4,225.6,229.15,588,12847,2923771.0
2021-10-21,2021-10-21,PRERINFRA,X,28.75,30.75,27.85,28.5,29.3,113,20856,588655.0
2021-10-21,2021-10-21,METALCO,X,37.65,37.7,35.55,36.9,35.5,6,1649,61839.0
2021-10-21,2021-10-21,SGNTE,XT,0.59,0.59,0.59,0.59,0.62,3,1052,620.0
2021-10-21,2021-10-21,GANGAPA,XT,82.45,82.45,81.0,81.1,81.5,6,883,71733.0
2021-10-21,2021-10-21,TIRSARJ,X,7.0,7.35,7.0,7.17,7.06,46,7975,57159.0
2021-10-21,2021-10-21,RODIUM,X,64.0,72.0,64.0,70.85,66.75,21,819,56809.0
2021-10-21,2021-10-21,INDUSFINL,X,5.3,5.3,5.3,5.3,5.3,6,179,948.0
2021-10-21,2021-10-21,LAHOTIOV,X,23.05,23.7,23.05,23.05,23.65,31,4607,106527.0
2021-10-21,2021-10-21,ZENITHSTL,T,1.11,1.11,1.1,1.11,1.06,16,16460,18220.0
2021-10-21,2021-10-21,TRINITYLEA,XT,10.0,10.0,10.0,10.0,10.4,1,2,20.0
2021-10-21,2021-10-21,ASTAR,B,875.05,899.75,875.0,877.25,886.0,20,85,74668.0
2021-10-21,2021-10-21,ORIRAIL,X,88.2,94.0,88.2,90.1,89.6,110,23805,2164521.0
2021-10-21,2021-10-21,JOINDRE,X,25.55,25.55,24.0,24.3,24.35,39,5565,135502.0
2021-10-21,2021-10-21,BHARATAGRI,X,198.0,198.0,185.0,189.7,190.55,98,3424,652408.0
2021-10-21,2021-10-21,UNITINT,XT,10.55,10.55,9.76,10.19,10.19,46,13229,133772.0
2021-10-21,2021-10-21,SACHEMT,X,17.85,17.85,16.8,16.95,17.0,146,26942,461440.0
2021-10-21,2021-10-21,ANJANIFIN,X,4.98,4.98,4.72,4.9,4.99,33,5308,26248.0
2021-10-21,2021-10-21,PIONEERDIS,B,172.1,172.2,168.25,171.45,170.85,81,1899,323909.0
2021-10-21,2021-10-21,GMETCOAL,Z,24.16,24.16,22.96,22.96,24.16,10,450,10732.0
2021-10-21,2021-10-21,TACENT,X,6.72,6.72,6.72,6.72,6.4,2,2,13.0
2021-10-21,2021-10-21,REXNORD,X,49.3,50.95,49.3,49.55,50.3,14,699,34943.0
2021-10-21,2021-10-21,KHANDSE,B,17.25,17.25,16.4,17.25,16.55,8,236,4048.0
2021-10-21,2021-10-21,SAWACA,X,3.42,3.42,3.25,3.35,3.42,97,15979,53129.0
2021-10-21,2021-10-21,CCLINTER,X,18.5,18.5,16.76,16.8,17.63,28,2411,40604.0
2021-10-21,2021-10-21,CROISSANCE,XT,8.46,8.46,8.46,8.46,8.9,15,3799,32139.0
2021-10-21,2021-10-21,CASTORA,XT,5.55,5.55,5.55,5.55,5.84,51,5434,30158.0
2021-10-21,2021-10-21,TWINSTAR,Z,2.14,2.14,2.05,2.1,2.05,26,11495,23981.0
2021-10-21,2021-10-21,AGARIND,B,339.65,343.1,331.5,331.85,328.3,669,9112,3059253.0
2021-10-21,2021-10-21,DHAMPURE,X,35.0,35.9,33.8,34.9,34.0,37,4212,146199.0
2021-10-21,2021-10-21,SHAQUAK,XT,2.08,2.12,1.95,2.02,2.02,57,15374,31215.0
2021-10-21,2021-10-21,INNOCORP,X,2.83,2.83,2.82,2.83,2.7,18,3105,8779.0
2021-10-21,2021-10-21,SARTHAKIND,XT,98.6,98.6,98.6,98.6,103.75,17,335,33031.0
2021-10-21,2021-10-21,BLUECHIP,T,0.44,0.45,0.44,0.45,0.44,4,2804,1253.0
2021-10-21,2021-10-21,VERTEX,X,2.37,2.37,2.2,2.35,2.26,107,50112,116630.0
2021-10-21,2021-10-21,RIBATEX,X,41.6,43.95,41.6,42.7,42.15,61,6696,284988.0
2021-10-21,2021-10-21,TRIDENTTOOL,Z,7.71,7.71,7.71,7.71,7.35,6,775,5975.0
2021-10-21,2021-10-21,CHLOGIST,XT,12.44,12.53,12.2,12.53,11.94,862,1747139,21767762.0
2021-10-21,2021-10-21,AMBIKCO,B,1918.0,1929.1,1831.25,1844.4,1899.8,1002,3706,6954773.0
2021-10-21,2021-10-21,HINDALUMI,X,38.3,39.15,37.65,38.5,38.8,96,7954,305567.0
2021-10-21,2021-10-21,DECPO,Z,4.0,4.0,3.89,3.89,3.89,7,133,518.0
2021-10-21,2021-10-21,AMRAAGRI,XT,0.41,0.41,0.39,0.41,0.41,940,4268638,1689218.0
2021-10-21,2021-10-21,AUTOPINS,X,111.3,114.55,103.65,114.55,109.1,3,81,8512.0
2021-10-21,2021-10-21,ODYCORP,X,5.19,5.19,4.83,4.92,5.08,137,79665,393535.0
2021-10-21,2021-10-21,SAMINDUS,X,26.0,27.5,23.5,25.1,25.1,13,1300,31489.0
2021-10-21,2021-10-21,SHVFL,XT,8.41,8.82,8.01,8.81,8.43,9,3032,24722.0
2021-10-21,2021-10-21,POOJAENT,XT,195.85,195.85,183.0,189.75,192.0,78,1587,295069.0
2021-10-21,2021-10-21,GRAVITY,X,5.8,5.8,5.39,5.39,5.67,129,15755,85309.0
2021-10-21,2021-10-21,LCCINFOTEC,B,1.88,1.9,1.82,1.86,1.88,77,56345,103789.0
2021-10-21,2021-10-21,FILATFASH,X,5.08,5.09,4.85,5.09,4.85,323,328361,1665136.0
2021-10-21,2021-10-21,SINDHUTRAD,XT,346.0,374.0,346.0,364.05,356.7,113,93963,34146040.0
2021-10-21,2021-10-21,JAINSTUDIOS,Z,2.22,2.22,2.22,2.22,2.33,6,6400,14208.0
2021-10-21,2021-10-21,UNISTRMU,X,13.0,13.0,13.0,13.0,12.39,38,61209,795717.0
2021-10-21,2021-10-21,ZENOTECH,X,47.4,47.4,45.8,45.85,46.9,100,12704,591205.0
2021-10-21,2021-10-21,HINDBIO,XT,3.69,3.87,3.51,3.87,3.69,30,7005,25852.0
2021-10-21,2021-10-21,FRONTCORP,X,15.7,17.3,15.7,17.2,16.5,8,506,8702.0
2021-10-21,2021-10-21,SWELECTES,B,257.15,266.0,251.05,258.15,252.95,622,11486,2974137.0
2021-10-21,2021-10-21,WALLFORT,X,60.5,62.25,59.0,59.25,60.5,13,500,29730.0
2021-10-21,2021-10-21,KDDL,B,488.95,488.95,462.1,464.65,484.15,135,6057,2929753.0
2021-10-21,2021-10-21,TRUSTEDGE,XT,27.95,27.95,27.95,27.95,29.4,15,187,5226.0
2021-10-21,2021-10-21,ABHICAP,XT,72.05,72.05,70.7,72.05,68.65,10,232,16530.0
2021-10-21,2021-10-21,3BBLACKBIO,X,479.0,479.0,463.05,466.0,467.2,567,14578,6849244.0
2021-10-21,2021-10-21,GUJJUBHAI,X,17.55,19.8,17.55,18.0,17.9,72,3137,57238.0
2021-10-21,2021-10-21,ATVOENT,X,1.34,1.48,1.34,1.48,1.41,244,132002,190546.0
2021-10-21,2021-10-21,EPUJA,XT,3.03,3.03,3.03,3.03,3.18,4,13000,39390.0
2021-10-21,2021-10-21,INDOCITY,X,4.5,4.55,4.28,4.28,4.5,17,2921,12553.0
2021-10-21,2021-10-21,SBECSUG,X,23.55,23.9,22.05,23.1,23.2,29,1576,35213.0
2021-10-21,2021-10-21,BRIJLEAS,X,1.86,1.95,1.86,1.86,1.86,9,1404,2737.0
2021-10-21,2021-10-21,BSELALGO,X,1.75,1.79,1.64,1.69,1.72,213,138797,231829.0
2021-10-21,2021-10-21,RELIABVEN,XT,13.2,13.44,12.78,12.78,13.45,16,1448,18577.0
2021-10-21,2021-10-21,BANKBARODA,A,93.3,95.9,91.4,95.45,92.15,16607,5614196,529744603.0
2021-10-21,2021-10-21,MOHITE,X,17.8,17.85,17.7,17.85,17.0,11,1928,34369.0
2021-10-21,2021-10-21,ACL,B,15.6,16.3,15.6,15.9,15.7,530,115240,1836348.0
2021-10-21,2021-10-21,SKMEGGPROD,B,82.95,83.1,80.0,80.95,82.35,289,12754,1035654.0
2021-10-21,2021-10-21,WELCORP,A,135.6,139.35,127.2,129.05,134.7,5489,303828,40552120.0
2021-10-21,2021-10-21,HOTLSILV,X,6.02,6.02,6.01,6.02,6.25,5,282,1697.0
2021-10-21,2021-10-21,BANKINDIA,A,59.95,62.55,59.6,61.25,59.6,4520,1304627,79911125.0
2021-10-21,2021-10-21,INDRAMEDCO,B,77.45,77.5,75.35,76.0,76.55,777,26607,2026765.0
2021-10-21,2021-10-21,JOHNPHARMA,X,5.3,5.38,4.93,5.1,5.16,86,20797,106435.0
2021-10-21,2021-10-21,GAIL,A,153.5,154.0,148.7,149.8,151.9,6805,445823,67434688.0
2021-10-21,2021-10-21,VAIBHAVGBL,A,710.0,710.0,697.2,704.4,704.3,2111,16118,11303126.0
2021-10-21,2021-10-21,TRESCON,X,40.0,40.0,37.0,38.3,39.25,21,2454,95068.0
2021-10-21,2021-10-21,GUJSTATFIN,T,7.24,7.29,6.7,6.72,7.05,100,16851,115077.0
2021-10-21,2021-10-21,JKPAPER,A,237.4,237.4,223.85,225.65,232.35,1940,178374,41176440.0
2021-10-21,2021-10-21,SAREGAMA,T,4275.1,4375.0,4200.0,4338.05,4320.85,319,1981,8505615.0
2021-10-21,2021-10-21,MINOLTAF,Z,2.19,2.19,2.19,2.19,2.3,8,2167,4745.0
2021-10-21,2021-10-21,OMKARPH,XT,22.15,22.7,22.15,22.7,21.7,6,12,271.0
2021-10-21,2021-10-21,ADROITINFO,B,13.1,13.36,12.2,13.36,12.73,50,18063,237590.0
2021-10-21,2021-10-21,CYBERTECH,B,165.65,171.4,164.25,168.3,168.55,528,9602,1616750.0
2021-10-21,2021-10-21,ICICIBANK,A,740.0,760.0,737.9,756.85,745.55,6116,227153,170308779.0
2021-10-21,2021-10-21,CYIENT,A,1219.85,1219.85,1150.15,1167.65,1209.55,2768,30097,35751294.0
2021-10-21,2021-10-21,ENGINERSIN,A,76.85,76.85,73.0,73.4,76.3,2300,251941,18786262.0
2021-10-21,2021-10-21,DHANBANK,B,16.25,16.4,15.95,16.1,16.05,333,80185,1295503.0
2021-10-21,2021-10-21,GMDCLTD,A,71.55,76.5,71.55,74.7,71.35,2986,385287,28771270.0
2021-10-21,2021-10-21,GAYATRI,XT,3.49,3.49,3.49,3.49,3.67,13,4500,15705.0
2021-10-21,2021-10-21,INDUSINDBK,A,1209.9,1209.9,1165.25,1184.4,1201.1,4590,83856,99343868.0
2021-10-21,2021-10-21,ITDC,A,427.9,427.9,410.4,413.1,408.85,537,4951,2050095.0
2021-10-21,2021-10-21,J&KBANK,A,38.25,40.45,38.0,38.6,37.8,5153,1221211,47981366.0
2021-10-21,2021-10-21,CUB,A,167.4,171.7,165.8,170.45,167.9,2806,82385,13943196.0
2021-10-21,2021-10-21,ARCHIES,B,17.2,17.4,16.5,16.85,17.35,179,24681,414122.0
2021-10-21,2021-10-21,AXISBANK,A,806.5,813.0,792.4,808.95,804.85,6158,152049,122123388.0
2021-10-21,2021-10-21,HBSL,B,37.0,38.65,36.25,38.55,37.2,27,1984,74695.0
2021-10-21,2021-10-21,CMXLTD,XT,20.4,20.85,19.0,19.0,19.95,18,1466,27958.0
2021-10-21,2021-10-21,SOUTHBANK,A,10.48,10.69,10.46,10.52,10.47,46508,4288778,45119882.0
2021-10-21,2021-10-21,ENERGYDEV,B,10.5,10.75,10.25,10.73,10.56,61,14799,155429.0
2021-10-21,2021-10-21,SONATSOFTW,A,928.55,939.65,806.9,834.15,918.1,9513,104571,90186652.0
2021-10-21,2021-10-21,BENGALT,X,65.8,65.8,60.0,62.6,62.0,40,2302,142704.0
2021-10-21,2021-10-21,NATIONALUM,A,110.1,113.25,103.45,108.8,109.3,13170,2637080,285719642.0
2021-10-21,2021-10-21,INDNIPPON,B,389.25,424.95,383.15,401.1,384.7,1124,12095,4944207.0
2021-10-21,2021-10-21,NSIL,B,1818.65,1818.65,1756.05,1760.0,1769.15,8,16,28289.0
2021-10-21,2021-10-21,APARINDS,A,710.05,727.25,697.65,709.55,703.5,1272,9296,6605295.0
2021-10-21,2021-10-21,TCIIND,X,1070.05,1070.05,1061.15,1065.0,1116.95,6,28,29877.0
2021-10-21,2021-10-21,ACCELYA,A,1313.9,1321.75,1282.9,1302.45,1322.85,624,2251,2919434.0
2021-10-21,2021-10-21,ORCHASP,X,2.7,2.87,2.7,2.86,2.74,257,248123,705341.0
2021-10-21,2021-10-21,HCLTECH,A,1236.5,1237.3,1189.1,1211.75,1232.35,8487,208970,252505324.0
2021-10-21,2021-10-21,TCFCFINQ,X,42.15,42.15,39.55,41.65,40.9,33,1545,62923.0
2021-10-21,2021-10-21,GEOJITFSL,B,83.05,90.45,82.2,88.8,81.2,1111,50019,4311219.0
2021-10-21,2021-10-21,JINDALSTEL,A,444.05,446.15,421.45,433.05,441.2,5853,320133,139024802.0
2021-10-21,2021-10-21,BLBLIMITED,B,10.65,10.65,10.64,10.64,11.2,13,4975,52983.0
2021-10-21,2021-10-21,GLENMARK,A,504.2,513.05,495.6,502.65,506.1,3899,70642,35631409.0
2021-10-21,2021-10-21,WOCKPHARMA,A,450.0,467.35,447.95,462.05,450.6,2715,62559,28511198.0
2021-10-21,2021-10-21,TATACOFFEE,A,228.1,231.95,223.05,225.3,226.75,5354,274614,62259806.0
2021-10-21,2021-10-21,INDSWFTLAB,B,60.9,60.9,59.2,59.35,60.65,182,6806,406058.0
2021-10-21,2021-10-21,MELSTAR,Z,3.55,3.64,3.45,3.64,3.55,3,6000,20892.0
2021-10-21,2021-10-21,GVPIL,A,315.0,315.0,307.0,309.6,307.55,499,5488,1699481.0
2021-10-21,2021-10-21,SHREERAMA,B,13.09,14.0,13.09,13.37,13.21,94,4655,62750.0
2021-10-21,2021-10-21,MAHLIFE,A,295.0,296.0,276.85,279.35,287.4,1372,42918,12100868.0
2021-10-21,2021-10-21,VAARAD,XT,20.0,20.0,19.4,19.4,20.4,30,2812,54593.0
2021-10-21,2021-10-21,ZYDUSLIFE,A,516.5,522.1,505.05,510.2,517.15,1985,72700,37303624.0
2021-10-21,2021-10-21,SHIVACEM,X,40.75,40.75,39.5,39.95,39.9,570,177638,7088977.0
2021-10-21,2021-10-21,CINEVISTA,B,15.75,16.44,15.3,15.45,15.76,33,5303,83179.0
2021-10-21,2021-10-21,INTENTECH,B,69.7,72.6,68.0,68.25,69.1,332,11497,793467.0
2021-10-21,2021-10-21,DANLAW,X,215.4,226.7,215.4,215.4,226.7,448,100007,21587914.0
2021-10-21,2021-10-21,AJANTPHARM,A,2221.2,2223.1,2140.9,2161.45,2215.4,545,1687,3689802.0
2021-10-21,2021-10-21,HBPOR,X,30.05,32.15,29.15,29.65,30.65,52,5484,167569.0
2021-10-21,2021-10-21,HBESD,XT,12.95,14.3,12.95,13.2,13.63,36,4537,63124.0
2021-10-21,2021-10-21,AMBICAAGAR,B,19.6,19.6,18.95,19.0,19.2,5,566,11078.0
2021-10-21,2021-10-21,COMPUSOFT,B,16.55,17.38,16.55,17.18,16.65,308,33351,565230.0
2021-10-21,2021-10-21,OMNIAX,X,1.96,1.96,1.79,1.93,1.87,55,18626,35169.0
2021-10-21,2021-10-21,IZMO,B,92.95,95.8,91.95,94.05,92.15,169,5264,492594.0
2021-10-21,2021-10-21,TVSMOTOR,A,585.0,588.4,566.2,576.55,579.1,2757,73225,42237842.0
2021-10-21,2021-10-21,MADALA,X,139.4,139.4,128.6,129.9,135.35,69,2087,272436.0
2021-10-21,2021-10-21,ACLGATI,A,142.75,142.75,137.5,138.2,138.95,1235,37824,5234560.0
2021-10-21,2021-10-21,SUBEXLTD,B,52.85,53.6,51.1,52.75,52.0,2704,716656,37132824.0
2021-10-21,2021-10-21,TCI,A,565.0,614.2,555.0,572.55,564.7,13669,231209,135896047.0
2021-10-21,2021-10-21,PADMALAYAT,Z,2.31,2.4,2.2,2.39,2.31,20,7967,18051.0
2021-10-21,2021-10-21,AKSHOPTFBR,B,8.5,8.75,8.46,8.63,8.58,202,54670,471020.0
2021-10-21,2021-10-21,TRIVENI,A,199.0,210.15,199.0,205.65,200.05,1807,70201,14467591.0
2021-10-21,2021-10-21,MUKTAARTS,B,48.6,48.6,45.3,45.5,47.15,67,5202,239849.0
2021-10-21,2021-10-21,NAGPI,X,56.55,56.55,52.2,54.85,54.9,36,7101,371941.0
2021-10-21,2021-10-21,DSSL,B,155.5,155.5,145.6,146.85,151.35,580,10199,1518229.0
2021-10-21,2021-10-21,PNBGILTS,B,66.85,68.6,66.25,67.15,66.4,605,35987,2422867.0
2021-10-21,2021-10-21,BCG,B,75.6,78.7,71.95,71.95,75.7,10732,1697319,124100364.0
2021-10-21,2021-10-21,RAMCOIND,A,288.6,310.45,286.2,298.1,287.2,1989,40375,12173773.0
2021-10-21,2021-10-21,RAMCOSYS,A,474.0,474.0,454.6,459.05,465.05,982,9120,4195835.0
2021-10-21,2021-10-21,TTML,B,50.25,53.9,50.25,50.25,52.85,5586,3268458,165457252.0
2021-10-21,2021-10-21,VIRINCHI,X,60.65,62.3,60.0,60.6,60.5,316,52397,3178560.0
2021-10-21,2021-10-21,WEPSOLN,X,18.55,18.85,18.0,18.0,18.2,22,8432,152019.0
2021-10-21,2021-10-21,STLTECH,A,284.95,289.4,271.25,275.9,283.0,4679,154462,43492827.0
2021-10-21,2021-10-21,TIPSMUSIC,T,1460.0,1494.0,1424.0,1440.8,1423.4,112,1874,2769710.0
2021-10-21,2021-10-21,UMIYA-MRO,B,62.0,64.95,60.25,60.3,63.4,125,8807,537925.0
2021-10-21,2021-10-21,FIRSTFIN,X,4.9,4.9,4.9,4.9,5.15,9,2019,9893.0
2021-10-21,2021-10-21,BABA,X,15.9,15.9,15.0,15.1,15.4,588,71083,1072321.0
2021-10-21,2021-10-21,BALAJITELE,A,65.0,66.25,64.45,65.15,64.65,1046,96337,6298430.0
2021-10-21,2021-10-21,TYCHE,X,188.3,192.0,186.0,188.55,189.6,188,6079,1139729.0
2021-10-21,2021-10-21,CALSOFT,T,32.8,36.0,32.8,34.65,34.5,241,81100,2694722.0
2021-10-21,2021-10-21,PNC,B,38.5,38.9,37.5,38.5,37.7,97,1961,75189.0
2021-10-21,2021-10-21,IOB,A,21.5,22.2,21.4,21.85,21.3,2080,977140,21320616.0
2021-10-21,2021-10-21,TAJGVK,A,159.0,159.0,151.6,153.4,153.1,496,26405,4083309.0
2021-10-21,2021-10-21,OPTOCIRCUIT,Z,3.14,3.2,3.04,3.08,3.11,181,176237,544287.0
2021-10-21,2021-10-21,CREATIVEYE,T,3.75,3.8,3.61,3.7,3.8,7,1001,3714.0
2021-10-21,2021-10-21,AXISCADES,B,83.45,85.5,82.2,83.0,82.1,132,3654,304871.0
2021-10-21,2021-10-21,KONNDOR,X,7.0,7.0,7.0,7.0,7.46,3,321,2247.0
2021-10-21,2021-10-21,UMESLTD,B,4.07,4.07,3.8,3.88,3.8,13,3812,14851.0
2021-10-21,2021-10-21,BSOFT,A,418.0,424.0,415.15,417.3,416.0,3922,122015,51127655.0
2021-10-21,2021-10-21,USGTECH,XT,9.06,9.06,9.06,9.06,8.63,24,5152,46677.0
2021-10-21,2021-10-21,7TEC,X,27.95,28.2,26.0,26.7,27.45,170,31322,848712.0
2021-10-21,2021-10-21,AVANTEL,X,920.0,938.0,873.25,914.1,901.55,430,13871,12672104.0
2021-10-21,2021-10-21,MOSCHIP,X,47.0,47.6,43.85,45.3,46.05,1191,300881,13768617.0
2021-10-21,2021-10-21,SIGMAADV,B,17.6,18.2,17.3,18.2,17.35,282,46594,827581.0
2021-10-21,2021-10-21,TRANSCOR,X,17.85,17.85,16.3,17.45,17.0,34,3826,63696.0
2021-10-21,2021-10-21,CEREBRAINT,B,53.55,56.1,53.15,55.25,53.6,554,36418,1991629.0
2021-10-21,2021-10-21,NEXTMEDIA,B,5.84,5.9,5.45,5.61,5.91,20,5218,29571.0
2021-10-21,2021-10-21,SMARTLINK,B,119.4,119.4,116.0,118.5,119.4,187,3296,389560.0
2021-10-21,2021-10-21,GODREJCP,A,1006.0,1006.0,970.0,977.1,992.15,1698,21818,21426251.0
2021-10-21,2021-10-21,GENUSPRIME,X,8.17,8.17,7.41,8.11,7.79,40,6264,49991.0
2021-10-21,2021-10-21,BFUTILITIE,A,425.0,434.35,425.0,430.35,427.7,544,9553,4105810.0
2021-10-21,2021-10-21,UNITDSPR,B,840.5,850.4,829.0,836.4,839.05,1981,49719,41683998.0
2021-10-21,2021-10-21,SANINFRA,X,214.75,215.0,211.0,211.7,214.3,59,9897,2118020.0
2021-10-21,2021-10-21,OLECTRA,T,535.05,565.0,521.5,545.9,547.6,1291,33593,18044338.0
2021-10-21,2021-10-21,MPSLTD,B,705.0,716.3,692.1,711.0,699.9,355,3065,2158191.0
2021-10-21,2021-10-21,RNBOWDENIM,XT,2.59,2.7,2.48,2.7,2.59,27,2640,6972.0
2021-10-21,2021-10-21,CERA,A,5858.0,5986.9,5470.0,5501.7,5693.25,719,1406,7907782.0
2021-10-21,2021-10-21,TSPIRITUAL,XT,0.82,0.82,0.82,0.82,0.79,12,9782,8021.0
2021-10-21,2021-10-21,BHARTIARTL,A,711.45,712.8,689.3,696.4,708.45,4775,675724,470711416.0
2021-10-21,2021-10-21,SHALIWIR,XT,7.35,7.35,6.9,7.0,7.18,41,6555,46281.0
2021-10-21,2021-10-21,COMPINFO,B,25.5,25.95,24.8,25.4,25.45,397,25343,640479.0
2021-10-21,2021-10-21,GULPOLY,B,299.25,299.25,274.5,281.85,288.9,911,21619,6108654.0
2021-10-21,2021-10-21,FAZE3AUTO,X,134.0,134.0,121.3,127.05,124.25,76,1528,193015.0
2021-10-21,2021-10-21,PONNIERODE,B,242.75,243.05,240.0,242.2,239.45,26,207,49850.0
2021-10-21,2021-10-21,PNB,A,43.9,44.9,43.45,44.65,43.1,10714,7143385,316423317.0
2021-10-21,2021-10-21,OFSS,A,4790.0,4790.0,4512.0,4548.6,4681.5,1909,7101,32538566.0
2021-10-21,2021-10-21,HAZOOR,X,20.0,20.9,19.4,20.4,19.95,81,19012,389148.0
2021-10-21,2021-10-21,KAMAHOLD,A,10907.5,10907.5,10399.9,10491.75,10693.6,169,502,5310238.0
2021-10-21,2021-10-21,APTECHT,A,311.0,314.75,305.0,308.8,309.35,1022,17180,5315049.0
2021-10-21,2021-10-21,UNIONBANK,A,48.1,51.7,48.1,50.6,47.65,11548,4717137,237518947.0
2021-10-21,2021-10-21,UBL,A,1660.0,1671.15,1641.05,1660.05,1660.8,1508,32856,54484978.0
2021-10-21,2021-10-21,ISMTLTD,B,37.25,37.5,35.45,36.55,36.55,238,21930,795420.0
2021-10-21,2021-10-21,NOIDATOLL,B,7.43,7.43,6.74,7.06,7.09,121,43496,301226.0
2021-10-21,2021-10-21,GRANULES,A,317.95,326.8,315.2,324.95,317.6,6149,207362,67065938.0
2021-10-21,2021-10-21,CANBK,A,197.45,201.0,192.2,199.5,195.45,14487,1800743,356480860.0
2021-10-21,2021-10-21,BLIL,B,413.5,417.4,407.0,410.75,412.0,970,14073,5810028.0
2021-10-21,2021-10-21,POKARNA,B,575.8,585.3,538.45,542.75,565.05,701,10856,5985988.0
2021-10-21,2021-10-21,DIVISLAB,A,5125.0,5216.2,5054.75,5189.35,5117.15,4068,17542,89907008.0
2021-10-21,2021-10-21,ASTRAMICRO,A,196.0,198.85,192.8,193.5,193.25,1077,32638,6362799.0
2021-10-21,2021-10-21,RADICO,A,1110.0,1125.6,1080.0,1096.15,1119.7,2285,23320,25583859.0
2021-10-21,2021-10-21,SHRMCITYUN,A,2279.95,2279.95,2187.7,2220.35,2368.3,884,2391,5334772.0
2021-10-21,2021-10-21,MARUTI,A,7610.0,7629.25,7484.5,7571.4,7592.5,6227,42476,321482592.0
2021-10-21,2021-10-21,RAJPALAYAM,X,1018.45,1018.45,980.0,986.8,996.55,183,2797,2779401.0
2021-10-21,2021-10-21,NAVINFLUOR,A,3599.0,3622.8,3326.0,3365.15,3501.9,6179,30952,106512121.0
2021-10-21,2021-10-21,UCOBANK,A,14.33,14.89,14.15,14.65,14.1,16139,2346292,34334902.0
2021-10-21,2021-10-21,BAGFILMS,T,3.05,3.08,2.92,2.95,2.95,49,60289,179296.0
2021-10-21,2021-10-21,JSL,A,178.0,178.0,170.2,172.9,172.65,1678,80981,13998508.0
2021-10-21,2021-10-21,SUPRAJIT,A,374.0,374.0,360.55,365.3,363.15,815,8079,2962420.0
2021-10-21,2021-10-21,TVSELECT,B,160.2,165.0,160.2,163.75,162.7,490,9417,1539376.0
2021-10-21,2021-10-21,IGL,A,503.9,503.9,485.0,491.35,499.1,12537,223834,110235485.0
2021-10-21,2021-10-21,TVTODAY,A,303.0,303.95,293.7,297.7,295.1,290,2619,777827.0
2021-10-21,2021-10-21,PALREDTEC,B,123.6,125.05,120.0,120.0,121.55,18,373,46039.0
2021-10-21,2021-10-21,PETRONET,A,232.5,234.15,229.15,232.75,230.8,1445,87233,20184763.0
2021-10-21,2021-10-21,BIOCON,A,347.55,349.0,338.0,345.1,341.75,3006,121388,41678053.0
2021-10-21,2021-10-21,PTC,A,128.05,134.8,124.6,133.35,127.0,3342,187752,24492062.0
2021-10-21,2021-10-21,MAHABANK,A,21.1,22.8,21.05,21.95,20.95,4681,2251445,49587238.0
2021-10-21,2021-10-21,RKFORGE,A,1217.0,1217.0,1183.0,1210.6,1208.65,1232,18051,21741878.0
2021-10-21,2021-10-21,DATAMATICS,B,330.0,337.05,322.8,331.35,327.25,1769,40019,13223941.0
2021-10-21,2021-10-21,NDTV,B,82.95,83.55,79.6,83.05,79.6,258,7696,634936.0
2021-10-21,2021-10-21,STAR,A,545.0,579.6,545.0,557.15,542.6,4716,186763,105230736.0
2021-10-21,2021-10-21,JPASSOCIAT,A,9.09,9.31,8.94,9.25,8.95,952,703008,6426884.0
2021-10-21,2021-10-21,ULTRACEMCO,A,7184.0,7190.0,7090.0,7126.9,7135.65,2866,9944,70924849.0
2021-10-21,2021-10-21,UNOMINDA,A,769.9,769.9,742.4,756.85,759.2,985,8754,6583210.0
2021-10-21,2021-10-21,TCS,A,3618.0,3618.0,3512.1,3533.4,3607.85,11049,89945,319339337.0
2021-10-21,2021-10-21,COFORGE,A,5880.9,5880.9,5407.35,5448.35,5815.65,4279,20050,111438148.0
2021-10-21,2021-10-21,GULFPETRO,B,52.5,52.5,51.2,51.5,52.1,204,6091,316939.0
2021-10-21,2021-10-21,CENTURYPLY,A,551.05,558.05,518.4,534.8,563.85,3156,46152,24785878.0
2021-10-21,2021-10-21,WELENT,A,98.9,99.2,97.3,97.4,97.4,398,7748,759089.0
2021-10-21,2021-10-21,NTPC,A,147.35,148.55,145.9,147.75,146.25,7396,1215087,178083045.0
2021-10-21,2021-10-21,SALSTEEL,B,9.81,9.81,9.59,9.74,9.7,60,16753,162550.0
2021-10-21,2021-10-21,JBMA,B,590.8,619.6,575.45,612.8,579.2,1274,13588,8111164.0
2021-10-21,2021-10-21,DWARKESH,A,74.5,76.5,72.7,73.85,74.0,1338,151499,11290163.0
2021-10-21,2021-10-21,INDOCO,A,473.9,495.45,473.05,475.9,469.95,3229,43278,20910499.0
2021-10-21,2021-10-21,VIPCLOTHNG,B,17.25,17.25,16.9,17.1,17.0,111,17928,304779.0
2021-10-21,2021-10-21,XCHANGING,B,115.7,115.7,111.75,112.5,112.3,741,33175,3752388.0
2021-10-21,2021-10-21,JETAIRWAYS,Z,96.7,96.7,94.0,95.8,96.7,812,33227,3172124.0
2021-10-21,2021-10-21,MORARJEE,B,18.0,18.65,17.75,18.65,17.8,56,5543,102366.0
2021-10-21,2021-10-21,GATEWAYDIST,A,267.8,282.5,251.55,264.8,267.2,1386,38444,10217707.0
2021-10-21,2021-10-21,JINDALPHOT,B,174.95,174.95,165.0,174.95,166.65,192,6217,1078798.0
2021-10-21,2021-10-21,POCL,X,444.8,447.4,432.6,437.6,438.95,473,19481,8553590.0
2021-10-21,2021-10-21,JPPOWER,B,5.31,5.35,4.95,5.04,5.18,29667,18947316,96784994.0
2021-10-21,2021-10-21,MBECL,T,6.45,6.7,6.4,6.7,6.39,63,27144,180277.0
2021-10-21,2021-10-21,GOKEX,B,207.3,210.35,194.65,204.65,204.5,797,13979,2802627.0
2021-10-21,2021-10-21,ALLDIGI,B,445.0,445.0,439.7,441.05,445.75,8,26,11486.0
2021-10-21,2021-10-21,IIFL,T,279.1,296.25,279.1,295.25,282.15,165,15145,4375557.0
2021-10-21,2021-10-21,MANGALAM,B,147.45,148.15,142.4,143.15,147.3,157,1895,275400.0
2021-10-21,2021-10-21,SHOPERSTOP,A,296.9,336.65,294.85,336.65,280.55,14183,246584,79857533.0
2021-10-21,2021-10-21,CYBERMEDIA,B,9.3,10.07,9.3,9.77,9.77,20,3113,29858.0
2021-10-21,2021-10-21,NDL,B,73.0,74.3,69.5,70.7,72.65,151,5765,415337.0
2021-10-21,2021-10-21,JSWHL,A,4684.9,4755.45,4592.0,4680.5,4684.9,47,83,385681.0
2021-10-21,2021-10-21,JKCEMENT,A,3240.0,3299.95,3148.8,3252.7,3214.7,1679,5771,18434831.0
2021-10-21,2021-10-21,BEEYU,XT,0.9,0.9,0.9,0.9,0.86,3,500,450.0
2021-10-21,2021-10-21,YESBANK,A,13.56,14.45,13.51,14.32,13.48,41584,39780104,557436561.0
2021-10-21,2021-10-21,NECLIFE,B,29.6,29.6,26.8,27.95,28.7,466,27869,794163.0
2021-10-21,2021-10-21,MSPL,B,9.9,10.05,9.3,9.4,9.4,64,38826,365578.0
2021-10-21,2021-10-21,SPLIL,B,44.0,45.3,43.45,43.55,44.4,137,1254,55349.0
2021-10-21,2021-10-21,KTKBANK,A,71.45,72.5,69.3,70.45,71.05,1377,123773,8785142.0
2021-10-21,2021-10-21,MCLEODRUSS,B,26.7,27.65,26.4,27.05,26.9,544,66979,1824055.0
2021-10-21,2021-10-21,FACORALL,X,4.29,4.3,4.08,4.08,4.29,626,561798,2303909.0
2021-10-21,2021-10-21,IDFC,A,51.8,52.8,51.8,52.45,52.05,2059,360341,18813191.0
2021-10-21,2021-10-21,VIVIMEDLAB,B,20.1,20.8,20.1,20.35,20.25,312,24931,509097.0
2021-10-21,2021-10-21,RML,B,399.85,399.85,377.45,383.7,387.75,206,1887,731955.0
2021-10-21,2021-10-21,HTMEDIA,B,26.2,26.2,24.7,24.85,25.05,159,12067,301979.0
2021-10-21,2021-10-21,SASKEN,A,1485.0,1528.95,1440.0,1509.8,1457.8,1210,8155,11997859.0
2021-10-21,2021-10-21,FCSSOFT,B,1.52,1.54,1.45,1.49,1.49,803,2330260,3516295.0
2021-10-21,2021-10-21,SUZLON,A,7.1,7.2,7.02,7.12,7.04,25777,8507998,60121068.0
2021-10-21,2021-10-21,AURIONPRO,B,206.65,209.6,202.0,203.2,207.0,114,1861,384037.0
2021-10-21,2021-10-21,RENUKA,B,30.3,30.5,28.75,29.35,29.45,1179,455012,13439411.0
2021-10-21,2021-10-21,KMSUGAR,B,25.95,26.5,25.5,25.6,25.8,209,23102,596206.0
2021-10-21,2021-10-21,BASML,B,60.45,63.0,59.5,61.05,60.45,187,9296,567511.0
2021-10-21,2021-10-21,PBAINFRA,B,10.32,10.32,9.78,9.78,10.29,19,959,9629.0
2021-10-21,2021-10-21,BOMBAYRAYON,B,7.0,7.11,7.0,7.01,7.05,77,55314,388882.0
2021-10-21,2021-10-21,SORILINFRA,B,117.45,118.3,112.65,114.35,114.75,216,4470,517375.0
2021-10-21,2021-10-21,AIAENG,A,1911.8,1929.0,1855.0,1882.1,1910.55,628,2713,5157068.0
2021-10-21,2021-10-21,EKC,B,116.2,116.2,110.25,111.95,115.35,852,42348,4820266.0
2021-10-21,2021-10-21,KERNEX,T,83.85,83.85,80.0,80.05,80.05,10,1095,87624.0
2021-10-21,2021-10-21,REPRO,B,581.05,605.0,563.2,569.95,577.85,112,4129,2358772.0
2021-10-21,2021-10-21,PVRINOX,A,1710.0,1710.0,1630.05,1661.75,1672.3,5274,62860,104821185.0
2021-10-21,2021-10-21,RMCL,Z,2.05,2.1,2.05,2.06,2.03,13,8582,17658.0
2021-10-21,2021-10-21,PUNJLLOYD,Z,1.86,1.9,1.85,1.86,1.89,58,86647,161811.0
2021-10-21,2021-10-21,ASMS,Z,3.87,3.87,3.57,3.66,3.75,38,16119,60391.0
2021-10-21,2021-10-21,CELEBRITY,B,9.86,10.19,9.51,10.19,9.71,108,18258,183068.0
2021-10-21,2021-10-21,EDUCOMP,Z,3.0,3.0,2.95,2.98,3.0,31,15537,46063.0
2021-10-21,2021-10-21,NITINSPIN,T,232.0,232.0,220.05,221.7,223.95,183,12858,2898860.0
2021-10-21,2021-10-21,ROHLTD,T,90.9,93.3,86.55,91.15,91.1,185,33114,2935550.0
2021-10-21,2021-10-21,ENIL,B,182.3,186.4,182.3,184.4,184.2,77,2218,409022.0
2021-10-21,2021-10-21,CELLA,Z,5.35,5.79,5.3,5.32,5.57,24,11824,63229.0
2021-10-21,2021-10-21,GSPL,A,322.4,326.8,311.75,316.6,323.35,1295,30767,9928818.0
2021-10-21,2021-10-21,JAGRAN,A,61.2,61.35,60.25,60.7,60.6,243,8366,508559.0
2021-10-21,2021-10-21,INOXLEISURE,A,411.55,421.0,410.25,419.65,411.55,3109,103198,42969511.0
2021-10-21,2021-10-21,DYNPRO,B,633.95,688.0,623.45,645.7,627.85,2059,20626,13584090.0
2021-10-21,2021-10-21,SADBHAV,A,51.4,51.4,49.25,49.75,50.45,1515,144870,7223236.0
2021-10-21,2021-10-21,RCOM,B,3.02,3.2,3.02,3.06,3.04,20742,4872256,15054137.0
2021-10-21,2021-10-21,SAKUMA,B,10.3,10.59,10.04,10.1,10.15,85,35189,358659.0
2021-10-21,2021-10-21,KEC,A,457.05,474.5,457.05,464.45,462.6,3067,31559,14762336.0
2021-10-21,2021-10-21,GILLANDERS,B,54.1,54.55,53.95,54.5,55.0,32,2609,142111.0
2021-10-21,2021-10-21,INDOTECH,B,173.6,173.6,167.05,168.25,173.75,56,504,85195.0
2021-10-21,2021-10-21,BLKASHYAP,B,29.9,29.9,28.0,28.05,28.75,194,17567,498670.0
2021-10-21,2021-10-21,M&MFIN,A,185.55,193.0,182.15,191.75,184.7,4290,431356,81130821.0
2021-10-21,2021-10-21,VISACHROME,B,15.87,15.87,14.75,15.87,15.12,144,53830,841244.0
2021-10-21,2021-10-21,NITCO,B,22.65,23.5,22.2,23.25,23.15,125,9070,209094.0
2021-10-21,2021-10-21,MPDL,XT,12.4,12.4,12.4,12.4,12.4,3,282,3496.0
2021-10-21,2021-10-21,SOLARINDS,A,2580.6,2588.0,2476.7,2500.55,2584.45,944,3129,7892913.0
2021-10-21,2021-10-21,GALLANTT,B,76.55,76.55,73.45,74.65,75.9,252,3844,286537.0
2021-10-21,2021-10-21,MALUPAPER,B,35.15,36.5,34.8,35.3,35.2,91,1824,63961.0
2021-10-21,2021-10-21,UTTAMSUGAR,B,189.5,190.1,185.1,185.25,187.35,94,2266,424250.0
2021-10-21,2021-10-21,SGL,B,14.53,15.15,14.5,14.53,14.74,65,8717,128556.0
2021-10-21,2021-10-21,ROHITFERRO,T,17.5,18.3,16.59,17.44,17.46,888,443221,7759258.0
2021-10-21,2021-10-21,KKCL,B,1005.05,1044.0,1003.25,1036.25,1007.95,1025,12970,13344793.0
2021-10-21,2021-10-21,SUNTV,A,543.0,557.1,542.0,549.0,542.9,2345,80328,44132269.0
2021-10-21,2021-10-21,GPIL,A,1397.0,1446.0,1379.1,1433.7,1395.6,3483,38781,54449393.0
2021-10-21,2021-10-21,RSYSTEMS,A,219.4,220.05,212.3,218.15,217.05,660,6408,1392248.0
2021-10-21,2021-10-21,EMKAY,B,127.0,127.0,122.0,124.1,126.85,201,4544,565370.0
2021-10-21,2021-10-21,TICL,Z,7.0,7.19,6.65,7.1,7.0,28,2203,15652.0
2021-10-21,2021-10-21,LOKESHMACH,B,51.25,52.45,50.25,51.25,51.9,80,4667,237959.0
2021-10-21,2021-10-21,KAMDHENU,B,246.2,249.45,239.25,245.65,243.85,238,3292,802224.0
2021-10-21,2021-10-21,PAUSHAKLTD,B,10995.0,11199.0,10400.0,10589.8,10774.5,275,804,8468269.0
2021-10-21,2021-10-21,GTNTEX,B,8.39,8.39,8.07,8.07,8.46,6,1400,11620.0
2021-10-21,2021-10-21,INDICAP,X,34.9,34.9,32.15,33.15,33.55,62,3382,111281.0
2021-10-21,2021-10-21,PFOCUS,B,78.8,87.0,78.8,85.75,82.9,250,30270,2419444.0
2021-10-21,2021-10-21,ALLCARGO,A,256.0,275.0,256.0,272.55,257.7,2261,97106,26036517.0
2021-10-21,2021-10-21,GMRAIRPORT,A,42.45,42.75,40.95,41.4,41.95,3233,2037736,85065572.0
2021-10-21,2021-10-21,TECHM,A,1542.0,1544.45,1476.75,1524.2,1539.15,11234,133458,201829080.0
2021-10-21,2021-10-21,CIEINDIA,A,295.1,300.65,277.0,279.3,290.95,3891,86600,25185873.0
2021-10-21,2021-10-21,VOLTAMP,A,1442.5,1443.3,1411.2,1431.55,1433.15,223,406,579553.0
2021-10-21,2021-10-21,ATLANTAA,B,13.0,13.0,12.57,12.93,13.0,17,1980,25249.0
2021-10-21,2021-10-21,DEEPENR,B,44.0,44.75,43.45,44.3,43.65,112,5891,259477.0
2021-10-21,2021-10-21,HGM,B,52.4,52.85,52.1,52.1,52.4,135,1702,88955.0
2021-10-21,2021-10-21,ACE,A,257.0,257.0,241.65,246.6,246.55,1541,56576,13961024.0
2021-10-21,2021-10-21,GEECEE,B,149.4,149.8,144.1,145.05,146.7,60,1421,206493.0
2021-10-21,2021-10-21,RICHAIND,Z,2.5,2.64,2.4,2.4,2.52,26,5426,13080.0
2021-10-21,2021-10-21,GAYAPROJ,B,43.2,44.05,41.25,41.6,42.5,1104,205250,8709835.0
2021-10-21,2021-10-21,FIEMIND,B,1145.0,1207.45,1131.45,1195.65,1158.2,2663,13292,15525655.0
2021-10-21,2021-10-21,JHS,B,24.9,25.15,24.15,24.8,25.0,234,16698,410077.0
2021-10-21,2021-10-21,DCBBANK,A,93.85,95.05,92.4,94.55,93.15,1608,91409,8581941.0
2021-10-21,2021-10-21,GLOBALVECT,B,58.3,60.6,57.2,58.8,58.2,288,14846,877857.0
2021-10-21,2021-10-21,INSPIRISYS,B,45.5,45.75,43.5,43.9,45.65,159,7606,338146.0
2021-10-21,2021-10-21,GTLINFRA,T,1.64,1.68,1.6,1.65,1.63,1151,2341107,3813997.0
2021-10-21,2021-10-21,SHIVAMAUTO,T,27.55,29.8,27.0,27.0,28.4,130,24527,664234.0
2021-10-21,2021-10-21,NAUKRI,A,7000.0,7036.8,6591.1,6730.7,6917.75,5340,16857,113767966.0
2021-10-21,2021-10-21,TORNTPOWER,A,515.85,515.85,491.3,496.35,498.65,2254,50140,25021461.0
2021-10-21,2021-10-21,PARSVNATH,B,16.04,16.04,14.67,15.11,14.59,186,32090,479811.0
2021-10-21,2021-10-21,SUTLEJTEX,B,66.2,67.45,65.45,65.8,65.3,405,15204,1006562.0
2021-10-21,2021-10-21,LTFOODS,A,69.05,70.0,69.0,69.55,69.3,1543,107287,7471697.0
2021-10-21,2021-10-21,SOBHA,A,823.0,823.0,768.0,774.25,799.9,782,8984,7080248.0
2021-10-21,2021-10-21,RUCHIRA,B,85.65,85.65,81.25,84.15,84.25,202,8226,687402.0
2021-10-21,2021-10-21,TANLA,B,1009.0,1045.0,1000.0,1011.95,995.7,2551,39779,40821075.0
2021-10-21,2021-10-21,ZEEMEDIA,T,12.68,12.7,12.25,12.41,12.1,375,167928,2120309.0
2021-10-21,2021-10-21,SITINET,T,2.1,2.1,2.1,2.1,2.21,163,70017,147035.0
2021-10-21,2021-10-21,LUMAXTECH,B,138.6,138.6,134.0,136.0,136.3,360,5824,787733.0
2021-10-21,2021-10-21,AUTOIND,B,56.5,57.2,55.85,57.2,54.5,69,5289,301856.0
2021-10-21,2021-10-21,NETWORK18,A,85.75,86.8,81.3,82.35,83.8,1660,108153,9053651.0
2021-10-21,2021-10-21,HUBTOWN,B,32.5,33.05,32.25,32.75,33.9,102,69553,2246653.0
2021-10-21,2021-10-21,TV18BRDCST,A,46.55,46.95,45.0,45.15,46.1,1887,543482,24999369.0
2021-10-21,2021-10-21,CTE,B,59.75,59.9,54.35,56.35,57.15,296,13680,780533.0
2021-10-21,2021-10-21,TIIL,B,888.05,900.0,850.0,862.5,892.5,719,6793,5934612.0
2021-10-21,2021-10-21,REDINGTON,A,151.0,151.75,142.2,143.85,148.9,3989,163410,23807827.0
2021-10-21,2021-10-21,AICHAMP,XT,15.35,15.75,14.75,14.75,15.05,8,210,3294.0
2021-10-21,2021-10-21,CINELINE,B,121.95,124.25,116.0,116.9,121.6,676,19756,2335442.0
2021-10-21,2021-10-21,PGIL,B,301.45,305.9,298.0,298.2,301.35,109,501,150424.0
2021-10-21,2021-10-21,FSL,A,206.9,211.3,201.55,204.8,204.7,7192,417906,86425592.0
2021-10-21,2021-10-21,PFC,A,140.9,142.3,139.2,142.0,140.45,1838,210539,29693155.0
2021-10-21,2021-10-21,AHLUCONT,A,353.8,366.55,351.5,362.9,351.1,177,852,304645.0
2021-10-21,2021-10-21,CCCONSTR,Z,3.15,3.15,2.95,3.15,3.04,16,13882,43193.0
2021-10-21,2021-10-21,INDIANB,A,164.55,176.5,163.65,174.0,163.35,11580,963534,163677211.0
2021-10-21,2021-10-21,SMSPHARMA,B,144.15,145.55,139.1,140.15,142.55,571,18939,2719839.0
2021-10-21,2021-10-21,ORIENTALTL,B,8.66,9.65,8.49,9.45,8.56,230,32936,301729.0
2021-10-21,2021-10-21,MINDTREELTD,A,4744.55,4775.0,4310.0,4473.2,4775.9,14129,126336,567379602.0
2021-10-21,2021-10-21,ELAND,X,4.21,4.99,4.21,4.56,4.56,58,31802,150115.0
2021-10-21,2021-10-21,IDEA,A,10.6,10.65,10.27,10.32,10.64,143812,48276760,501381810.0
2021-10-21,2021-10-21,RAJTV,B,35.45,35.85,35.2,35.2,35.7,22,317,11213.0
2021-10-21,2021-10-21,PAGEIND,A,37600.0,38322.8,36887.7,37470.25,37432.25,627,933,34910957.0
2021-10-21,2021-10-21,AMDIND,B,41.4,41.5,37.8,40.85,39.25,577,46311,1838959.0
2021-10-21,2021-10-21,LEHAR,X,37.0,37.0,35.55,36.1,36.65,71,8139,292236.0
2021-10-21,2021-10-21,ASTRAL,A,2183.0,2199.55,2078.0,2159.45,2189.6,9185,42031,89638837.0
2021-10-21,2021-10-21,EMBDL,A,158.7,166.1,154.5,159.85,155.6,10711,1196058,191477427.0
2021-10-21,2021-10-21,CAMLINFINE,A,172.85,177.1,171.25,172.55,175.1,1157,41566,7256044.0
2021-10-21,2021-10-21,ICRA,A,3691.7,3691.7,3534.0,3577.1,3648.7,81,200,721110.0
2021-10-21,2021-10-21,DISHTV,T,19.0,19.1,18.4,18.8,18.2,1906,904146,17008364.0
2021-10-21,2021-10-21,SAHYADRI,X,655.0,697.0,648.6,683.4,650.1,516,16677,11230619.0
2021-10-21,2021-10-21,SRHHYPOLTD,B,340.3,342.1,336.7,338.25,336.55,135,1263,428034.0
2021-10-21,2021-10-21,FORTIS,A,260.0,266.95,254.9,264.85,253.8,2843,146990,38200048.0
2021-10-21,2021-10-21,TGBHOTELS,B,10.88,10.88,10.34,10.34,10.88,32,16380,169377.0
2021-10-21,2021-10-21,HILTON,B,13.34,13.74,13.31,13.71,13.66,26,3889,52398.0
2021-10-21,2021-10-21,DELTACORP,A,274.05,277.0,269.05,274.8,272.2,2841,194385,53159165.0
2021-10-21,2021-10-21,INSECTICID,A,708.0,708.0,659.6,686.25,675.0,862,5135,3499868.0
2021-10-21,2021-10-21,MCDHOLDING,T,84.0,84.0,79.1,80.75,82.95,93,9721,775102.0
2021-10-21,2021-10-21,ASAHISONG,B,344.25,345.8,334.3,337.6,342.6,143,1349,456831.0
2021-10-21,2021-10-21,NITINFIRE,Z,1.17,1.29,1.17,1.28,1.23,15,5266,6306.0
2021-10-21,2021-10-21,HARYNACAP,X,44.85,47.4,44.05,44.15,46.85,6,403,18090.0
2021-10-21,2021-10-21,TIMETECHNO,A,73.4,74.0,71.2,72.0,72.4,570,29707,2144408.0
2021-10-21,2021-10-21,HGS,T,2839.0,2874.7,2645.0,2823.05,2778.6,209,1364,3760739.0
2021-10-21,2021-10-21,NELCAST,B,87.2,88.5,85.8,86.75,85.45,383,7786,677814.0
2021-10-21,2021-10-21,V2RETAIL,T,166.5,176.9,166.05,166.05,174.75,92,20552,3423223.0
2021-10-21,2021-10-21,DLF,A,413.5,417.0,398.1,407.0,412.95,5882,346249,141084640.0
2021-10-21,2021-10-21,TARMAT,B,64.65,65.05,61.0,62.65,63.9,186,9802,611029.0
2021-10-21,2021-10-21,ANKITMETAL,B,3.47,3.47,3.47,3.47,3.31,42,58758,203890.0
2021-10-21,2021-10-21,SPARC,A,285.0,287.35,271.0,282.95,280.3,1344,49961,13935321.0
2021-10-21,2021-10-21,HDIL,Z,4.86,5.15,4.82,4.9,5.07,414,292963,1433167.0
2021-10-21,2021-10-21,SURYACHAKRA,Z,1.15,1.21,1.15,1.15,1.21,182,120907,139096.0
2021-10-21,2021-10-21,ADSL,B,84.35,85.5,82.55,83.9,84.35,1162,72783,6112055.0
2021-10-21,2021-10-21,ALPA,B,53.9,54.7,51.9,53.15,52.8,88,3059,163331.0
2021-10-21,2021-10-21,SSLEL,X,135.05,144.95,135.05,140.05,140.0,25,2720,378907.0
2021-10-21,2021-10-21,OMAXE,A,78.3,80.35,75.9,76.6,76.4,62,3075,237891.0
2021-10-21,2021-10-21,REFEX,B,140.05,142.6,138.6,139.7,138.3,3774,146399,20578840.0
2021-10-21,2021-10-21,CENTRALBK,A,22.7,23.4,22.45,23.0,22.5,2339,1139156,26194051.0
2021-10-21,2021-10-21,NEUEON,B,2.41,2.41,2.41,2.41,2.53,16,4357,10500.0
2021-10-21,2021-10-21,ASIANTILES,A,132.5,141.85,127.65,136.45,147.15,4444,209922,28982118.0
2021-10-21,2021-10-21,KPRMILL,A,442.1,458.2,440.45,442.85,450.55,644,8497,3800027.0
2021-10-21,2021-10-21,TAKE,A,50.6,50.6,49.5,49.85,49.8,1172,110456,5505820.0
2021-10-21,2021-10-21,PURVA,B,131.8,132.4,125.5,127.3,129.2,672,26940,3511002.0
2021-10-21,2021-10-21,MOTILALOFS,A,892.3,935.0,877.0,922.45,896.2,1678,16131,14550722.0
2021-10-21,2021-10-21,VTMLTD,X,40.8,40.8,38.5,39.4,38.8,59,5771,224800.0
2021-10-21,2021-10-21,INDOWIND,B,9.28,9.49,9.2,9.49,9.04,354,235408,2224087.0
2021-10-21,2021-10-21,NAGREEKCAP,B,8.68,8.68,8.68,8.68,8.28,1,105,911.0
2021-10-21,2021-10-21,MAGNUM,B,7.36,8.0,7.36,7.8,7.71,34,4748,36152.0
2021-10-21,2021-10-21,POWERGRID,A,197.15,197.15,193.0,193.9,194.3,2051,143553,28068947.0
2021-10-21,2021-10-21,KSCL,A,525.0,537.0,524.15,526.9,524.55,1600,26075,13855115.0
2021-10-21,2021-10-21,PAISALO,A,1099.55,1099.55,1001.0,1019.7,1097.3,1166,122877,127796642.0
2021-10-21,2021-10-21,MAANALU,B,136.5,137.8,132.1,136.05,133.95,100,1974,266284.0
2021-10-21,2021-10-21,IL&FSENGG,Z,4.47,4.6,4.36,4.46,4.5,15,7964,35224.0
2021-10-21,2021-10-21,PARLEIND,X,8.79,8.79,8.55,8.65,8.65,888,104002,899135.0
2021-10-21,2021-10-21,RELIGARE,A,162.0,163.35,155.05,161.0,157.6,1623,97875,15613855.0
2021-10-21,2021-10-21,BVCL,T,22.9,23.0,22.15,23.0,22.9,11,761,16937.0
2021-10-21,2021-10-21,RATHIBAR,X,30.0,32.0,30.0,31.35,30.4,167,22849,713363.0
2021-10-21,2021-10-21,ADANIPORTS,A,798.0,802.0,775.35,778.75,795.1,9766,360801,284815939.0
2021-10-21,2021-10-21,EDELWEISS,A,81.95,81.95,78.8,79.95,79.65,767,66225,5270011.0
2021-10-21,2021-10-21,RGL,B,862.0,880.55,853.0,875.35,855.55,603,7941,6899718.0
2021-10-21,2021-10-21,KOLTEPATIL,A,304.75,314.0,302.1,309.2,302.15,1860,74646,22953499.0
2021-10-21,2021-10-21,KAUSHALYA,B,2.35,2.58,2.35,2.58,2.46,14,2488,6352.0
2021-10-21,2021-10-21,JYOTHYLAB,A,161.05,161.05,153.4,154.95,160.95,2047,39165,6182024.0
2021-10-21,2021-10-21,ECLERX,A,2184.1,2196.0,2036.0,2050.65,2193.95,1116,4681,9880074.0
2021-10-21,2021-10-21,TARIL,B,28.95,29.55,28.5,28.7,28.95,214,14930,430778.0
2021-10-21,2021-10-21,BRIGADE,A,442.75,455.1,417.6,424.85,436.5,2948,123641,53095949.0
2021-10-21,2021-10-21,BGRENERGY,B,70.0,70.15,66.75,67.55,69.1,1150,126998,8602598.0
2021-10-21,2021-10-21,BURNPUR,T,3.5,3.69,3.43,3.43,3.61,22,25594,88141.0
2021-10-21,2021-10-21,MANAKSIA,B,66.65,66.9,64.4,65.05,65.65,151,6600,432513.0
2021-10-21,2021-10-21,PORWAL,X,25.6,25.6,24.0,24.7,24.85,47,3714,90429.0
2021-10-21,2021-10-21,PPAP,B,245.65,250.0,244.15,246.15,242.45,131,1263,311560.0
2021-10-21,2021-10-21,ARIES,B,147.0,147.0,139.8,141.4,145.0,367,6141,871075.0
2021-10-21,2021-10-21,KUANTUM,B,74.45,78.05,74.45,77.1,75.7,84,1481,114336.0
2021-10-21,2021-10-21,RPOWER,T,15.47,16.06,15.0,15.88,15.3,5408,4270908,67081875.0
2021-10-21,2021-10-21,JKIL,A,172.8,172.8,163.1,166.9,164.6,1507,40181,6704247.0
2021-10-21,2021-10-21,CORDSCABLE,B,53.15,56.15,53.05,55.3,53.5,105,1697,92552.0
2021-10-21,2021-10-21,KNRCON,A,302.0,306.7,297.15,305.65,301.6,1190,33316,10123204.0
2021-10-21,2021-10-21,ONMOBILE,B,121.9,121.9,116.9,117.7,118.4,554,45551,5383541.0
2021-10-21,2021-10-21,SEPC,B,5.86,6.25,5.81,5.82,6.11,556,1685271,9869036.0
2021-10-21,2021-10-21,BANG,B,35.3,36.7,33.8,36.65,35.05,94,2152,75773.0
2021-10-21,2021-10-21,IRB,A,220.0,253.9,220.0,244.3,211.6,27959,1859934,459449929.0
2021-10-21,2021-10-21,GSS,B,80.45,81.15,78.25,80.8,79.9,158,5167,408544.0
2021-10-21,2021-10-21,NAHARCAP,B,289.9,289.9,275.2,281.6,277.5,21,239,66444.0
2021-10-21,2021-10-21,VGUARD,A,250.0,256.0,246.65,253.6,248.5,2157,43419,10870691.0
2021-10-21,2021-10-21,RECLTD,A,155.0,156.4,153.4,154.75,153.6,1857,172288,26700672.0
2021-10-21,2021-10-21,GOKAKTEX,X,29.9,30.5,27.6,29.8,29.05,27,3955,114385.0
2021-10-21,2021-10-21,AJRINFRA,B,1.44,1.51,1.42,1.51,1.44,201,1247539,1859264.0
2021-10-21,2021-10-21,DHANI,B,223.35,231.8,215.15,217.9,216.9,8201,399931,89267792.0
2021-10-21,2021-10-21,TITAGARH,A,98.1,99.15,96.55,97.4,97.65,1228,54953,5372171.0
2021-10-21,2021-10-21,KIRIINDUS,A,502.4,502.4,491.05,498.9,499.55,461,5035,2511002.0
2021-10-21,2021-10-21,SANKHYAINFO,XT,6.52,6.52,6.08,6.09,6.39,53,14003,86300.0
2021-10-21,2021-10-21,BIRLAMONEY,B,62.5,65.85,61.2,63.8,62.3,264,8622,541642.0
2021-10-21,2021-10-21,TELOGICA,Z,3.25,3.34,3.05,3.27,3.19,23,3306,10703.0
2021-10-21,2021-10-21,JAIBALAJI,B,54.8,54.8,51.35,51.9,53.0,104,4266,222318.0
2021-10-21,2021-10-21,BAJAJ-AUTO,A,3885.9,3885.9,3768.0,3802.8,3848.0,1182,5443,20811801.0
2021-10-21,2021-10-21,BAJAJFINSV,A,18794.0,18794.0,18350.0,18597.55,18598.85,2072,7425,137450220.0
2021-10-21,2021-10-21,GOKUL,B,26.7,27.1,26.1,26.1,26.55,117,5296,141139.0
2021-10-21,2021-10-21,RPGLIFE,B,636.05,660.7,630.2,634.4,636.0,684,5827,3758841.0
2021-10-21,2021-10-21,SENSEX1,B,649.9,649.9,620.1,628.37,641.48,21,265,169206.0
2021-10-21,2021-10-21,NIRAJ,B,37.0,38.3,36.4,37.05,37.5,152,5636,207992.0
2021-10-21,2021-10-21,RBL,B,829.4,845.0,820.0,834.25,829.2,190,731,607502.0
2021-10-21,2021-10-21,RANEENGINE,B,290.0,295.0,270.15,289.15,284.4,99,2431,679785.0
2021-10-21,2021-10-21,BAFNAPH,B,138.9,138.9,128.05,130.15,133.65,25,455,59062.0
2021-10-21,2021-10-21,CHLLTD,XT,17.99,18.34,17.99,18.34,17.47,14,12122,221634.0
2021-10-21,2021-10-21,ARCHIDPLY,B,32.25,32.35,31.55,32.05,32.3,22,523,16780.0
2021-10-21,2021-10-21,LOTUSEYE,B,42.6,43.45,42.35,43.4,42.6,18,259,11111.0
2021-10-21,2021-10-21,SOMICONVEY,B,48.05,49.1,46.5,47.4,48.2,26,1236,59205.0
2021-10-21,2021-10-21,LGBFORGE,B,6.95,7.1,6.66,6.76,6.83,193,59083,408107.0
2021-10-21,2021-10-21,LPDC,B,4.72,4.75,4.4,4.64,4.59,16,9825,43786.0
2021-10-21,2021-10-21,SICAGEN,X,24.0,24.2,23.15,23.55,23.7,114,28035,660565.0
2021-10-21,2021-10-21,SIMPLXPAP,X,13.11,13.11,13.11,13.11,12.49,6,1112,14578.0
2021-10-21,2021-10-21,20MICRONS,B,64.75,64.8,58.4,59.35,62.7,721,32635,2017973.0
2021-10-21,2021-10-21,ZFCVINDIA,A,7792.25,7887.3,7341.0,7366.9,7774.0,398,483,3631621.0
2021-10-21,2021-10-21,ALKALI,B,89.9,90.85,88.1,88.25,87.95,173,3657,325043.0
2021-10-21,2021-10-21,ISGEC,A,683.0,698.3,677.6,688.7,683.75,406,2827,1944230.0
2021-10-21,2021-10-21,IMFA,T,777.7,799.0,775.0,789.15,766.75,127,2338,1835359.0
2021-10-21,2021-10-21,VEDAVAAG,X,62.9,62.9,59.6,60.3,59.95,206,67650,4064524.0
2021-10-21,2021-10-21,MOLDTKPAC,A,668.8,710.05,668.8,689.25,668.8,800,8888,6141469.0
2021-10-21,2021-10-21,MHRIL,A,245.55,249.0,239.5,242.5,244.0,818,14807,3598882.0
2021-10-21,2021-10-21,LANDSMILL,B,2.9,3.04,2.9,2.99,2.96,60,11053,33005.0
2021-10-21,2021-10-21,ROML,T,86.1,90.95,86.0,90.05,89.35,185,7624,671722.0
2021-10-21,2021-10-21,BENGALASM,B,2250.0,2252.0,2168.0,2204.4,2224.4,208,1296,2873439.0
2021-10-21,2021-10-21,ADANIPOWER,A,123.9,126.9,120.2,123.3,120.9,18385,913252,112578317.0
2021-10-21,2021-10-21,NHPC,A,32.45,33.2,30.7,31.05,32.35,4990,1027899,32860092.0
2021-10-21,2021-10-21,SURYAAMBA,X,149.0,154.9,146.1,149.0,149.95,35,2355,349420.0
2021-10-21,2021-10-21,GLOBUSSPR,B,1199.05,1277.5,1185.6,1248.2,1245.95,1836,31604,38838950.0
2021-10-21,2021-10-21,OIL,A,234.9,234.9,211.15,217.7,228.4,8855,306552,66796250.0
2021-10-21,2021-10-21,SWANDEF,Z,3.0,3.05,2.95,3.01,3.02,537,523440,1568203.0
2021-10-21,2021-10-21,BTTL,X,13.99,14.3,13.35,14.01,13.62,121,13074,178813.0
2021-10-21,2021-10-21,SPSL,XT,29.2,29.2,29.2,29.2,30.7,2,320,9344.0
2021-10-21,2021-10-21,EXPLEOSOL,T,1075.0,1083.0,1035.0,1040.0,1041.0,8,34,35573.0
2021-10-21,2021-10-21,RTNPOWER,B,4.2,4.3,4.15,4.23,4.18,7163,3043310,12831171.0
2021-10-21,2021-10-21,DEN,A,50.4,50.7,48.6,48.8,49.9,985,74983,3722213.0
2021-10-21,2021-10-21,ASTEC,A,1264.45,1265.85,1202.4,1217.5,1261.9,719,3126,3840208.0
2021-10-21,2021-10-21,COXKINGS,Z,1.65,1.65,1.58,1.62,1.65,45,66361,107548.0
2021-10-21,2021-10-21,DLINKINDIA,B,143.0,143.0,138.0,138.45,139.25,1165,34804,4861708.0
2021-10-21,2021-10-21,JSWENERGY,T,379.0,384.5,366.95,371.0,375.85,691,27491,10374991.0
2021-10-21,2021-10-21,YUNIKM,X,4.62,4.62,4.1,4.16,4.48,92,27453,115782.0
2021-10-21,2021-10-21,GODREJPROP,A,2309.3,2359.0,2201.0,2286.85,2308.3,5220,64125,146892675.0
2021-10-21,2021-10-21,DBCORP,A,97.0,105.0,95.95,103.7,95.6,5109,151219,15304165.0
2021-10-21,2021-10-21,MBLINFRA,B,22.05,22.4,20.9,21.1,21.75,139,6590,140054.0
2021-10-21,2021-10-21,JUBLFOOD,A,4026.5,4026.5,3686.9,3867.3,3965.15,13693,104160,396675069.0
2021-10-21,2021-10-21,VASCONEQ,B,25.8,26.35,24.9,25.65,25.45,445,89144,2266802.0
2021-10-21,2021-10-21,THANGAMAYL,B,1273.05,1457.95,1265.0,1379.75,1258.25,2901,9746,13429301.0
2021-10-21,2021-10-21,DBREALTY,B,46.7,46.7,44.75,46.7,44.5,1675,737129,34213069.0
2021-10-21,2021-10-21,EMMBI,B,103.15,103.5,98.95,100.95,102.2,309,13753,1379699.0
2021-10-21,2021-10-21,HATHWAY,A,24.0,24.5,23.55,23.95,25.0,3730,987594,23687954.0
2021-10-21,2021-10-21,ARSSINFRA,B,28.65,28.8,27.1,27.8,27.9,94,1646,45927.0
2021-10-21,2021-10-21,TEXMOPIPES,B,50.2,51.9,49.7,50.45,49.45,195,6031,302899.0
2021-10-21,2021-10-21,SUNDARAM,B,1.99,1.99,1.93,1.94,1.94,51,56471,109882.0
2021-10-21,2021-10-21,COROENGG,X,35.6,35.6,34.0,34.25,34.9,17,8007,273998.0
2021-10-21,2021-10-21,ROSSELLIND,B,160.95,161.0,154.0,155.9,158.5,345,7870,1240375.0
2021-10-21,2021-10-21,MANINFRA,B,106.0,112.65,106.0,110.55,107.0,2333,159859,17586640.0
2021-10-21,2021-10-21,TAMBOLIIN,X,55.95,55.95,52.6,54.55,53.05,27,2841,154891.0
2021-10-21,2021-10-21,IL&FSTRANS,Z,4.09,4.09,3.81,3.82,4.01,42,11279,43237.0
2021-10-21,2021-10-21,PERSISTENT,A,4254.9,4254.9,3989.35,4033.9,4224.35,3032,13285,54429783.0
2021-10-21,2021-10-21,ISFT,B,137.5,139.25,131.0,132.0,135.5,113,1237,167138.0
2021-10-21,2021-10-21,GOENKA,Z,1.18,1.18,1.13,1.14,1.13,37,80521,92180.0
2021-10-21,2021-10-21,KCPSUGIND,B,22.15,22.6,21.2,21.65,22.0,157,20769,456049.0
2021-10-21,2021-10-21,KECL,T,22.95,23.55,21.6,22.45,22.45,178,44671,987300.0
2021-10-21,2021-10-21,SATCH,X,2.5,2.65,2.46,2.47,2.55,70,50235,126571.0
2021-10-21,2021-10-21,TARAPUR,B,4.05,4.05,3.82,3.82,3.9,9,2052,8070.0
2021-10-21,2021-10-21,SJVN,A,30.0,30.55,29.0,29.25,30.05,2727,635988,18974917.0
2021-10-21,2021-10-21,JPINFRATEC,B,2.0,2.08,1.96,1.99,1.99,541,2265086,4560249.0
2021-10-21,2021-10-21,EMAMIPAP,B,159.05,161.0,154.0,157.1,158.05,716,23788,3788998.0
2021-10-21,2021-10-21,KRITINUT,X,41.3,41.7,40.5,41.0,40.95,261,23399,954825.0
2021-10-21,2021-10-21,GKB,X,89.95,89.95,85.0,88.4,87.0,32,2552,218255.0
2021-10-21,2021-10-21,HMVL,B,76.6,77.6,75.6,76.6,76.4,350,6488,496222.0
2021-10-21,2021-10-21,EMAMIREAL,B,64.65,67.85,63.95,67.85,61.7,193,18298,1230768.0
2021-10-21,2021-10-21,AHLWEST,B,276.05,282.05,275.3,275.3,285.1,29,373,103765.0
2021-10-21,2021-10-21,AHLEAST,B,191.5,192.0,185.3,185.3,186.6,16,538,100944.0
2021-10-21,2021-10-21,BAJAJCON,A,242.1,246.65,235.7,238.35,242.4,5597,120721,28900033.0
2021-10-21,2021-10-21,HDFCGOLD,E,42.33,42.44,42.12,42.18,42.23,377,69638,2938951.0
2021-10-21,2021-10-21,PRAKASHSTL,B,2.71,2.71,2.62,2.71,2.59,160,192676,519907.0
2021-10-21,2021-10-21,GOLDIETF,E,42.37,42.37,42.03,42.19,42.02,429,20372,859926.0
2021-10-21,2021-10-21,GPPL,A,113.0,117.2,111.15,115.2,112.95,899,33353,3791130.0
2021-10-21,2021-10-21,WELINV,B,320.0,334.75,310.0,310.95,325.0,32,185,58608.0
2021-10-21,2021-10-21,WAAREEINDO,Z,3.21,3.37,3.05,3.27,3.21,401,251984,788061.0
2021-10-21,2021-10-21,HEALTHX,B,373.75,387.2,369.75,377.0,368.8,425,16593,6250964.0
2021-10-21,2021-10-21,CPCAP,B,145.9,146.65,144.4,145.85,141.95,48,570,83052.0
2021-10-21,2021-10-21,EROSMEDIA,B,20.9,20.9,19.55,19.7,20.35,410,47605,952755.0
2021-10-21,2021-10-21,RAMKY,B,146.4,148.05,141.65,142.0,149.1,192,12529,1792512.0
2021-10-21,2021-10-21,GREENPOWER,T,4.7,4.93,4.48,4.49,4.71,709,661495,2993636.0
2021-10-21,2021-10-21,GALLISPAT,B,51.95,52.25,50.85,51.2,51.45,177,6720,345502.0
2021-10-21,2021-10-21,CANTABIL,T,580.0,599.95,575.0,590.2,605.0,21,794,460513.0
2021-10-21,2021-10-21,SEATV,X,5.96,5.96,5.96,5.96,5.68,9,656,3909.0
2021-10-21,2021-10-21,WABAG,A,333.3,342.55,333.3,339.25,336.5,612,6197,2105187.0
2021-10-21,2021-10-21,BEDMUTHA,B,49.0,50.0,48.15,48.15,50.65,80,14202,684794.0
2021-10-21,2021-10-21,ASHOKA,A,112.05,115.75,112.05,114.2,113.2,3230,188855,21536100.0
2021-10-21,2021-10-21,JWL,B,31.85,32.45,31.15,31.45,31.7,135,12974,413166.0
2021-10-21,2021-10-21,OBEROIRLTY,A,893.95,920.0,876.0,885.9,882.05,2559,60152,53808631.0
2021-10-21,2021-10-21,PRESTIGE,A,439.9,444.15,416.05,418.95,433.0,3136,61881,26436002.0
2021-10-21,2021-10-21,SHAH,B,2.44,2.44,2.35,2.37,2.43,58,24775,58799.0
2021-10-21,2021-10-21,COALINDIA,A,181.7,182.95,179.0,182.35,180.45,4566,626783,113299187.0
2021-10-21,2021-10-21,GRAVITA,B,206.65,210.0,201.85,205.15,206.65,1677,47013,9657244.0
2021-10-21,2021-10-21,RPPINFRA,B,58.95,60.5,58.0,59.6,58.55,490,21223,1254404.0
2021-10-21,2021-10-21,RDBIPL,X,38.95,39.3,36.05,36.4,38.4,45,3223,120159.0
2021-10-21,2021-10-21,MOIL,A,169.4,172.0,159.2,160.55,169.2,3432,106987,17714036.0
2021-10-21,2021-10-21,ZEELEARN,B,14.4,14.4,13.75,13.85,13.94,612,121429,1682123.0
2021-10-21,2021-10-21,KTIL,X,52.8,52.8,48.7,50.35,51.0,41,3460,171498.0
2021-10-21,2021-10-21,A2ZINFRA,B,4.35,4.36,4.25,4.29,4.33,62,54556,233654.0
2021-10-21,2021-10-21,KIRLOSENG,A,218.55,227.35,213.0,222.95,215.9,1103,19340,4239239.0
2021-10-21,2021-10-21,RKDL,B,12.95,13.19,12.6,12.6,12.65,37,5083,65806.0
2021-10-21,2021-10-21,PSB,B,18.65,18.9,18.2,18.45,18.1,372,83830,1552026.0
2021-10-21,2021-10-21,FMNL,B,9.48,9.59,9.25,9.25,9.73,165,67343,628061.0
2021-10-21,2021-10-21,SURANASOL,T,21.09,21.09,21.09,21.09,22.19,80,9825,207209.0
2021-10-21,2021-10-21,KICL,B,2081.0,2082.0,2070.0,2070.0,2069.65,6,26,54050.0
2021-10-21,2021-10-21,BFINVEST,A,357.1,359.2,345.0,349.8,353.1,376,2410,850284.0
2021-10-21,2021-10-21,SUMMITSEC,B,748.15,749.05,731.0,741.85,734.75,89,378,278506.0
2021-10-21,2021-10-21,INOVSYNTH,X,17.85,18.3,17.3,17.55,17.45,27,4355,79306.0
2021-10-21,2021-10-21,STEL,B,168.85,169.25,165.4,166.65,166.05,266,6279,1048463.0
2021-10-21,2021-10-21,OMKARCHEM,T,23.5,24.2,22.4,22.4,23.55,85,41314,937964.0
2021-10-21,2021-10-21,JUBLINDS,B,500.5,504.85,485.5,489.95,491.45,293,1739,855482.0
2021-10-21,2021-10-21,TEXRAIL,A,36.3,36.3,33.65,34.05,39.3,2423,303914,10470753.0
2021-10-21,2021-10-21,INDTERRAIN,B,44.35,45.2,43.25,44.65,43.7,375,28069,1242087.0
2021-10-21,2021-10-21,FCL,B,118.0,125.65,115.5,121.95,117.55,1443,68210,8068770.0
2021-10-21,2021-10-21,DHUNINV,B,619.75,625.0,602.7,611.6,621.35,180,3152,1938576.0
2021-10-21,2021-10-21,ZENTEC,B,229.95,234.1,221.2,223.45,225.75,1700,59231,13348631.0
2021-10-21,2021-10-21,LOVABLE,B,130.6,133.6,127.5,128.15,128.65,384,17273,2245032.0
2021-10-21,2021-10-21,PFS,A,21.15,21.75,20.75,21.25,21.0,1300,268066,5691441.0
2021-10-21,2021-10-21,MON100,E,117.0,117.0,112.31,113.56,113.83,1674,2973323,337566374.0
2021-10-21,2021-10-21,TCIDEVELP,B,364.5,369.0,363.85,369.0,358.4,15,110,40570.0
2021-10-21,2021-10-21,MUTHOOTFIN,A,1536.2,1547.75,1513.0,1530.75,1532.75,1277,18787,28596309.0
2021-10-21,2021-10-21,FCONSUMER,A,7.47,7.5,7.19,7.27,7.51,4592,2120901,15512411.0
2021-10-21,2021-10-21,TRUEGREEN,X,24.0,25.3,23.0,25.25,24.15,53,10376,257178.0
2021-10-21,2021-10-21,BSLGOLDETF,E,4321.0,4340.0,4296.0,4320.0,4314.64,10,51,219484.0
2021-10-21,2021-10-21,VMS,X,12.25,12.25,12.0,12.19,11.86,43,3673,44644.0
2021-10-21,2021-10-21,KARMAENG,B,23.5,23.5,22.25,22.3,23.25,64,2211,49796.0
2021-10-21,2021-10-21,DELPHIFX,B,634.05,650.0,632.6,632.6,637.95,29,427,273110.0
2021-10-21,2021-10-21,RUSHIL,B,264.9,264.9,240.65,242.25,254.5,103,2693,661188.0
2021-10-21,2021-10-21,ENKEIWHEL,X,352.0,401.0,347.0,352.6,353.25,256,10434,3798078.0
2021-10-21,2021-10-21,KRIDHANINF,B,4.93,5.09,4.76,4.98,4.99,57,12790,62011.0
2021-10-21,2021-10-21,INVENTURE,B,2.59,2.61,2.54,2.56,2.58,425,959149,2463095.0
2021-10-21,2021-10-21,LTF,A,89.5,89.5,84.9,85.25,91.45,18281,2361096,205214954.0
2021-10-21,2021-10-21,IBULLSLTD,A,98.95,100.65,97.0,98.55,98.8,486,19303,1912864.0
2021-10-21,2021-10-21,TREEHOUSE,B,9.05,9.17,9.05,9.05,9.07,23,6191,56074.0
2021-10-21,2021-10-21,BROOKS,B,132.75,133.5,126.1,129.6,128.25,73,4271,555816.0
2021-10-21,2021-10-21,RUPA,A,466.65,480.15,460.5,473.9,463.5,1853,18286,8602959.0
2021-10-21,2021-10-21,TDPOWERSYS,B,344.95,344.95,323.25,334.6,336.0,647,4630,1526302.0
2021-10-21,2021-10-21,GOLDAXIS,E,41.05,41.2,41.02,41.12,40.99,64,3850,158278.0
2021-10-21,2021-10-21,APLLTD,A,776.75,794.8,772.45,787.95,776.75,1514,13054,10209207.0
2021-10-21,2021-10-21,VASWANI,B,16.48,17.08,16.38,16.75,17.06,87,6499,108088.0
2021-10-21,2021-10-21,PGEL,B,469.0,498.0,469.0,489.0,472.15,762,8325,4071359.0
2021-10-21,2021-10-21,LESHAIND,XT,6.25,6.42,5.83,6.09,6.13,103,27085,161862.0
2021-10-21,2021-10-21,SETUINFRA,B,1.29,1.35,1.28,1.35,1.32,73,156417,205996.0
2021-10-21,2021-10-21,RDBRL,X,78.0,78.0,75.0,76.95,76.75,185,14695,1125564.0
2021-10-21,2021-10-21,TIJARIA,B,6.13,6.2,6.01,6.2,6.32,25,10282,62083.0
2021-10-21,2021-10-21,ONELIFECAP,B,17.65,19.0,17.65,18.9,18.5,52,2034,37205.0
2021-10-21,2021-10-21,FLEXITUFF,B,16.99,17.22,15.36,15.46,16.35,149,11035,179066.0
2021-10-21,2021-10-21,UEL,B,3.12,3.24,3.09,3.12,3.12,505,504130,1591241.0
2021-10-21,2021-10-21,TRITURBINE,A,160.6,173.7,160.6,167.55,164.25,2461,62393,10598593.0
2021-10-21,2021-10-21,INDOTHAI,B,101.45,101.45,97.0,99.0,100.0,103,1934,191787.0
2021-10-21,2021-10-21,ESSARSHPNG,B,10.13,10.3,9.88,9.98,10.04,133,29567,295399.0
2021-10-21,2021-10-21,APLAPOLLO,A,870.0,870.0,810.3,823.0,852.75,3102,35801,29876580.0
2021-10-21,2021-10-21,GPTINFRA,B,86.7,90.0,84.95,85.65,88.3,180,4728,411635.0
2021-10-21,2021-10-21,FERVENTSYN,X,18.2,18.9,16.8,17.5,17.75,18,3783,69571.0
2021-10-21,2021-10-21,THOMASCOTT,T,18.5,18.5,18.5,18.5,18.7,2,145,2682.0
2021-10-21,2021-10-21,TERASOFT,B,52.85,53.45,51.55,52.75,52.2,266,6774,358068.0
2021-10-21,2021-10-21,PMCFIN,X,1.79,1.84,1.79,1.83,1.79,2121,1682659,3077545.0
2021-10-21,2021-10-21,FUTSOL,XT,23.2,23.2,23.2,23.2,23.2,1,1,23.0
2021-10-21,2021-10-21,RHIM,A,361.3,361.3,350.85,352.55,353.95,546,7180,2538671.0
2021-10-21,2021-10-21,MCX,A,1934.0,1951.85,1861.2,1879.0,1928.45,4801,37809,72018602.0
2021-10-21,2021-10-21,SCHNEIDER,A,115.05,115.3,111.2,111.95,114.4,1986,85923,9698477.0
2021-10-21,2021-10-21,OLPCL,XT,3.7,3.85,3.67,3.79,3.67,47,5255,19880.0
2021-10-21,2021-10-21,NBCC,A,47.0,47.95,46.25,47.35,46.15,1860,360350,16851020.0
2021-10-21,2021-10-21,MTEDUCARE,B,8.73,8.9,8.62,8.62,8.74,12,1481,12930.0
2021-10-21,2021-10-21,HEXATRADEX,T,155.0,167.0,151.2,164.0,159.15,30,8180,1265292.0
2021-10-21,2021-10-21,MAXHEIGHTS,X,14.55,14.6,14.55,14.55,14.5,4,395,5749.0
2021-10-21,2021-10-21,TBZ,B,86.95,95.3,85.7,89.75,85.85,2664,221542,20174578.0
2021-10-21,2021-10-21,VSSL,B,265.0,267.6,253.25,257.45,262.0,1375,22812,5934047.0
2021-10-21,2021-10-21,LOOKS,XT,22.5,22.5,22.5,22.5,23.65,349,23098,519705.0
2021-10-21,2021-10-21,SPECIALITY,B,101.9,105.1,99.2,102.55,101.9,1021,23618,2406934.0
2021-10-21,2021-10-21,AURUS,B,4.87,5.11,4.84,5.09,4.87,25,3268,16522.0
2021-10-21,2021-10-21,RTNINDIA,B,41.0,42.8,40.6,42.8,40.8,810,173796,7307988.0
2021-10-21,2021-10-21,SAMPANN,B,11.03,11.24,11.03,11.09,11.61,86,13584,149903.0
2021-10-21,2021-10-21,JTLIND,X,235.0,237.0,227.0,230.85,232.15,1266,140998,32489398.0
2021-10-21,2021-10-21,AMTL,X,13.44,13.5,11.9,13.11,12.84,37,10789,143022.0
2021-10-21,2021-10-21,NECCLTD,B,20.05,20.05,19.5,19.6,19.2,134,15685,307459.0
2021-10-21,2021-10-21,WAAREERTL,X,184.5,186.5,182.0,185.4,182.15,212,19656,3616977.0
2021-10-21,2021-10-21,JUPITERIN,X,26.25,26.95,25.5,26.3,25.7,253,21482,571440.0
2021-10-21,2021-10-21,VINAYAKPOL,X,14.32,14.32,14.32,14.32,13.64,4,8,114.0
2021-10-21,2021-10-21,DUCON,B,13.45,13.45,12.58,12.96,13.01,152,21820,280338.0
2021-10-21,2021-10-21,PROZONER,B,28.3,29.6,27.85,27.95,27.9,254,23216,654236.0
2021-10-21,2021-10-21,SRGHFL,X,163.05,168.95,160.0,165.15,163.0,74,3716,598725.0
2021-10-21,2021-10-21,COMCL,X,12.2,12.31,12.2,12.25,12.84,48,12085,147959.0
2021-10-21,2021-10-21,BITL,XT,3.35,3.35,3.35,3.35,3.52,191,55264,185134.0
2021-10-21,2021-10-21,AERPACE,XT,1.99,1.99,1.99,1.99,1.9,4,2704,5380.0
2021-10-21,2021-10-21,VIRTUALG,X,0.55,0.56,0.55,0.55,0.57,1667,3059364,1685275.0
2021-10-21,2021-10-21,ZUARI,B,118.6,119.1,115.0,115.7,118.35,104,3749,439081.0
2021-10-21,2021-10-21,STEELXIND,B,75.45,75.45,72.35,73.35,73.55,202,11265,826475.0
2021-10-21,2021-10-21,TRIOMERC,X,2.16,2.3,2.05,2.19,2.29,236,90138,195440.0
2021-10-21,2021-10-21,CIGNITITEC,A,619.0,619.0,582.0,599.25,604.55,1462,13495,7975413.0
2021-10-21,2021-10-21,CDG,X,19.7,21.65,19.7,21.25,20.7,8,304,6494.0
2021-10-21,2021-10-21,CARERATING,A,707.25,730.0,700.1,724.15,699.05,2308,25483,18269551.0
2021-10-21,2021-10-21,PCJEWELLER,A,28.8,29.35,27.75,28.1,27.8,1161,398610,11356822.0
2021-10-21,2021-10-21,INDUSTOWER,A,306.0,306.5,293.65,295.65,303.05,4700,247348,74012502.0
2021-10-21,2021-10-21,VMART,A,4000.05,4146.1,4000.05,4132.2,4111.5,323,572,2347705.0
2021-10-21,2021-10-21,NIBE,XT,46.2,48.5,43.95,48.5,46.2,73,67349,2992282.0
2021-10-21,2021-10-21,MUKTA,XT,7.2,7.2,7.2,7.2,7.57,49,3613,26013.0
2021-10-21,2021-10-21,MYSTICELE,XT,5.07,5.07,4.75,5.07,4.83,98,32881,165560.0
2021-10-21,2021-10-21,COMFINCAP,X,71.0,71.0,68.6,69.85,69.85,135,60132,4181052.0
2021-10-21,2021-10-21,SBISENSEX,B,651.99,651.99,640.0,643.35,647.75,214,3282,2111200.0
2021-10-21,2021-10-21,REPCOHOME,A,300.0,310.15,300.0,307.2,304.5,1216,31883,9748242.0
2021-10-21,2021-10-21,LAKHOTIA,XT,11.73,11.73,11.73,11.73,11.73,1,1,11.0
2021-10-21,2021-10-21,GCMSECU,M,2.65,2.65,2.65,2.65,2.78,2,3200,8480.0
2021-10-21,2021-10-21,NIBL,B,29.15,30.4,28.4,28.7,29.85,95,6798,196176.0
2021-10-21,2021-10-21,KIFS,X,39.85,39.85,37.1,39.0,38.85,21,1286,49141.0
2021-10-21,2021-10-21,SREEL,B,178.35,178.35,172.85,175.8,178.95,57,1012,178956.0
2021-10-21,2021-10-21,SHARDAMOTR,B,621.9,621.9,587.3,595.75,616.25,332,5336,3221466.0
2021-10-21,2021-10-21,BINNYMILLS,X,145.0,171.95,145.0,152.05,156.45,21,464,70669.0
2021-10-21,2021-10-21,SVGLOBAL,X,63.0,68.95,62.9,65.5,66.2,30,1727,112062.0
2021-10-21,2021-10-21,JUSTDIAL,A,874.0,881.3,855.0,867.3,882.3,1989,18660,16192796.0
2021-10-21,2021-10-21,OONE,XT,7.66,8.19,7.66,7.66,8.06,39,25928,198632.0
2021-10-21,2021-10-21,IFINSEC,XT,15.59,15.59,15.58,15.58,14.98,9,1083,16881.0
2021-10-21,2021-10-21,BRAHMINFRA,X,34.1,34.7,30.6,31.85,33.4,262,36975,1177029.0
2021-10-21,2021-10-21,ORIENTCEM,A,159.0,159.0,149.45,152.3,153.6,1465,76698,11679722.0
2021-10-21,2021-10-21,ABFRL,A,252.3,255.5,243.0,249.8,252.3,2405,134633,33671051.0
2021-10-21,2021-10-21,SAMMAANCAP,A,248.5,253.4,243.5,249.25,246.55,7407,713012,177208247.0
2021-10-21,2021-10-21,KUSHAL,XT,3.85,3.9,3.71,3.83,3.85,120,53944,207498.0
2021-10-21,2021-10-21,TIGERLOGS,X,144.95,147.45,141.05,143.45,141.3,138,17181,2459813.0
2021-10-21,2021-10-21,JKAGRI,X,673.8,673.8,643.05,644.65,657.55,116,1285,840112.0
2021-10-21,2021-10-21,FLFL,A,60.0,60.65,57.55,59.15,61.5,429,11062,656017.0
2021-10-21,2021-10-21,PVVINFRA,Z,6.11,6.75,6.11,6.72,6.43,71,43814,272222.0
2021-10-21,2021-10-21,VCU,T,7.89,7.89,7.89,7.89,8.3,2,24,189.0
2021-10-21,2021-10-21,INDRENEW,XT,17.55,17.99,17.15,17.99,17.14,151,44956,801644.0
2021-10-21,2021-10-21,STELLAR,M,2.81,2.81,2.74,2.78,3.04,5,30000,83280.0
2021-10-21,2021-10-21,FIVEXTRADE,XT,0.82,0.86,0.78,0.78,0.82,96,142550,115727.0
2021-10-21,2021-10-21,JPOLYINVST,T,138.65,138.65,138.65,138.65,132.05,11,891,123537.0
2021-10-21,2021-10-21,YURANUS,XT,6.2,6.2,5.89,5.9,6.2,8,300,1779.0
2021-10-21,2021-10-21,INTELSOFT,XT,57.85,57.9,55.25,56.2,56.05,2743,251115,14163583.0
2021-10-21,2021-10-21,MOM100,B,32.85,33.99,32.58,32.81,33.4,350,85101,2813861.0
2021-10-21,2021-10-21,BPCAP,X,7.31,7.9,7.31,7.89,7.6,11,886,6608.0
2021-10-21,2021-10-21,CPL,X,26.0,26.1,25.5,25.6,25.8,548,96881,2492466.0
2021-10-21,2021-10-21,NIFTYIETF,B,196.5,197.2,193.2,194.81,196.07,661,45827,8879643.0
2021-10-21,2021-10-21,NIF100IETF,B,201.0,202.0,198.0,200.75,199.87,64,2806,560802.0
2021-10-21,2021-10-21,ARNOLD,X,13.88,13.88,12.8,12.99,13.15,69,9369,121281.0
2021-10-21,2021-10-21,SUNLOC,XT,44.8,44.8,40.6,43.95,42.7,12,279,11783.0
2021-10-21,2021-10-21,JTLDEFENCE,B,8.9,9.45,8.9,9.33,9.2,14,2364,21608.0
2021-10-21,2021-10-21,SUYOG,B,401.15,416.6,401.15,402.2,406.6,19,417,169416.0
2021-10-21,2021-10-21,NATHBIOGEN,A,311.25,317.15,305.6,309.3,309.45,328,3588,1113796.0
2021-10-21,2021-10-21,AGRITECH,T,73.0,74.0,71.0,73.0,72.5,16,1890,137755.0
2021-10-21,2021-10-21,CHEMTECH,T,12.95,12.95,12.95,12.95,12.95,1,1,12.0
2021-10-21,2021-10-21,KETOMOTORS,XT,67.0,67.0,66.85,66.85,70.35,29,3957,264541.0
2021-10-21,2021-10-21,NIF100BEES,B,190.2,190.9,187.9,188.58,189.29,15,587,111558.0
2021-10-21,2021-10-21,VIAANINDUS,X,1.1,1.1,1.1,1.1,1.05,210,237427,261169.0
2021-10-21,2021-10-21,DENISCHEM,X,73.95,75.7,72.3,74.35,72.1,49,5179,388446.0
2021-10-21,2021-10-21,POLYMAC,M,34.5,34.5,34.5,34.5,34.0,1,800,27600.0
2021-10-21,2021-10-21,UNISHIRE,M,1.72,1.72,1.57,1.57,1.74,13,210000,333100.0
2021-10-21,2021-10-21,LAXMIPATI,M,38.5,38.5,38.5,38.5,38.5,6,51000,1963500.0
2021-10-21,2021-10-21,LADDU,X,31.5,31.5,31.5,31.5,32.1,9,162,5103.0
2021-10-21,2021-10-21,NIFTY1,B,192.69,193.09,189.95,191.32,192.41,147,46245,8845304.0
2021-10-21,2021-10-21,KIRANVYPAR,X,135.0,138.7,128.7,130.05,128.3,24,375,48944.0
2021-10-21,2021-10-21,BCP,B,4.0,4.0,3.9,3.96,3.92,57,84992,333640.0
2021-10-21,2021-10-21,RACE,M,226.0,226.5,226.0,226.5,228.55,5,3750,848218.0
2021-10-21,2021-10-21,MANGIND,XT,4.25,4.3,4.0,4.14,4.16,752,339243,1407613.0
2021-10-21,2021-10-21,VIJIFIN,B,2.58,2.58,2.37,2.55,2.49,199,144506,367159.0
2021-10-21,2021-10-21,HBGHOTELS,X,16.85,16.98,15.72,16.97,16.32,12,3305,56081.0
2021-10-21,2021-10-21,RAUNAQ,XT,26.0,26.0,24.55,24.55,25.6,5,87,2256.0
2021-10-21,2021-10-21,OBILTD,Z,3.15,3.19,3.05,3.11,3.09,64,22419,69650.0
2021-10-21,2021-10-21,CPSEETF,B,31.67,31.67,31.08,31.18,31.32,1714,224504,7034820.0
2021-10-21,2021-10-21,VASUPRADA,X,123.85,127.4,116.05,117.75,115.0,34,993,119123.0
2021-10-21,2021-10-21,RNBDENIMS,B,169.6,176.6,169.6,174.45,168.2,443,31936,5594408.0
2021-10-21,2021-10-21,GOLDLINE,Z,0.5,0.5,0.47,0.5,0.48,678,1080898,536143.0
2021-10-21,2021-10-21,SHARPINV,XT,0.92,0.92,0.92,0.92,0.88,287,617872,568442.0
2021-10-21,2021-10-21,WONDERLA,A,239.0,239.1,236.0,238.75,237.0,1041,16681,3964250.0
2021-10-21,2021-10-21,AFEL,X,37.4,37.4,33.5,35.2,34.9,77,15983,564042.0
2021-10-21,2021-10-21,INCREDIBLE,B,26.45,26.65,25.6,26.1,26.4,115,8347,217086.0
2021-10-21,2021-10-21,WESTLEIRES,XT,190.0,190.05,190.0,190.05,199.9,3,21,3990.0
2021-10-21,2021-10-21,NAM,X,39.5,40.0,39.5,40.0,40.0,2,203,8020.0
2021-10-21,2021-10-21,METSL,X,65.0,65.0,61.05,62.05,64.9,58,5309,332276.0
2021-10-21,2021-10-21,SPS,M,62.0,62.0,62.0,62.0,62.6,1,1800,111600.0
2021-10-21,2021-10-21,CCFCL,XT,0.34,0.34,0.34,0.34,0.34,7,13204,4489.0
2021-10-21,2021-10-21,MONEYBOXX,B,98.05,99.75,95.2,99.05,99.75,24,6105,604198.0
2021-10-21,2021-10-21,WORTH,XT,49.5,49.5,46.8,46.8,47.15,33,1162,56832.0
2021-10-21,2021-10-21,TPROJECT,X,1.7,1.85,1.7,1.85,1.78,11,4845,8686.0
2021-10-21,2021-10-21,CTL,X,5.8,5.9,5.33,5.67,5.44,53,10557,60318.0
2021-10-21,2021-10-21,YAANENT,X,25.0,25.2,24.0,24.0,24.0,7,4552,114550.0
2021-10-21,2021-10-21,PIPAN,XT,1.3,1.35,1.26,1.34,1.32,119,596049,792606.0
2021-10-21,2021-10-21,ANVRDHI,XT,2.05,2.05,1.87,2.03,1.96,46,18631,37297.0
2021-10-21,2021-10-21,RAAMA,XT,0.59,0.59,0.59,0.59,0.57,19,13943,8226.0
2021-10-21,2021-10-21,GOLDCOINHF,XT,5.95,5.95,5.95,5.95,5.95,15,651,3873.0
2021-10-21,2021-10-21,BRPL,M,35.55,35.55,35.55,35.55,39.95,1,12000,426600.0
2021-10-21,2021-10-21,SKIPPER,B,77.75,78.0,75.7,76.6,76.85,951,104465,8026825.0
2021-10-21,2021-10-21,JAMESWARREN,X,208.9,208.9,199.0,200.05,203.0,65,1853,372449.0
2021-10-21,2021-10-21,VISTARAMAR,X,70.55,72.6,69.7,70.15,71.25,37,21872,1551258.0
2021-10-21,2021-10-21,APOLLOTRI,A,792.65,807.0,780.0,784.35,791.7,2203,34019,26953813.0
2021-10-21,2021-10-21,GULFOILLUB,A,586.25,594.1,578.55,583.3,583.2,815,10132,5880423.0
2021-10-21,2021-10-21,FRUTION,XT,10.0,10.5,9.5,10.5,10.0,12,431,4420.0
2021-10-21,2021-10-21,TRIVENIENT,X,11.2,11.2,10.52,10.79,10.9,95,12509,133973.0
2021-10-21,2021-10-21,CEMAINFRA,XT,8.29,8.29,8.29,8.29,8.72,12,137,1135.0
2021-10-21,2021-10-21,TTIENT,XT,30.7,30.7,30.7,30.7,32.3,214,160239,4919337.0
2021-10-21,2021-10-21,VISHAL,B,96.55,101.7,96.55,100.9,96.9,352,20455,2065743.0
2021-10-21,2021-10-21,TOYAMSL,X,3.05,3.05,2.85,2.96,2.98,272,3161320,9376166.0
2021-10-21,2021-10-21,UNISON,XT,76.8,76.8,76.0,76.8,73.15,1066,88475,6787326.0
2021-10-21,2021-10-21,RTFL,Z,9.17,9.62,9.17,9.61,9.17,17,3181,30231.0
2021-10-21,2021-10-21,VRL,X,148.05,150.0,145.0,148.55,145.15,142,7107,1048671.0
2021-10-21,2021-10-21,SNOWMAN,A,46.5,47.4,44.1,44.55,45.1,1605,188238,8613167.0
2021-10-21,2021-10-21,QGO,XT,27.1,29.5,27.1,28.5,28.5,6,2029,57275.0
2021-10-21,2021-10-21,SHARDACROP,A,317.0,320.0,299.0,301.05,309.15,2334,291554,90388685.0
2021-10-21,2021-10-21,SENSEXBEES,B,669.54,669.54,657.59,658.74,668.03,30,279,185481.0
2021-10-21,2021-10-21,SHEMAROO,T,140.0,142.95,136.0,140.0,140.65,73,6951,971469.0
2021-10-21,2021-10-21,ULTRACAB,B,149.5,149.5,142.05,142.55,142.0,51,3832,556356.0
2021-10-21,2021-10-21,RCCL,X,16.56,16.56,16.55,16.55,15.78,4,459,7600.0
2021-10-21,2021-10-21,ETIL,X,4.9,4.9,4.73,4.9,4.9,15,2150,10423.0
2021-10-21,2021-10-21,ATISHAY,B,31.7,31.7,29.1,30.25,30.4,29,1777,52601.0
2021-10-21,2021-10-21,SANGAMFIN,X,64.0,64.0,64.0,64.0,64.0,3,101,6464.0
2021-10-21,2021-10-21,DHABRIYA,B,84.0,84.0,77.5,79.15,81.85,60,2820,225478.0
2021-10-21,2021-10-21,PDSL,B,1389.25,1399.0,1324.35,1368.85,1384.95,176,856,1164723.0
2021-10-21,2021-10-21,HANMAN,M,1.78,1.78,1.78,1.78,1.62,1,4200,7476.0
2021-10-21,2021-10-21,VGCL,T,60.25,60.6,60.2,60.6,63.3,4,59,3555.0
2021-10-21,2021-10-21,STARLIT,B,13.3,13.7,12.81,13.15,13.0,35,10930,144592.0
2021-10-21,2021-10-21,CEINSYS,B,165.8,166.0,161.2,166.0,165.8,10,625,103700.0
2021-10-21,2021-10-21,PANABYTE,XT,26.3,26.3,26.3,26.3,25.05,1,327,8600.0
2021-10-21,2021-10-21,JSHL,M,2.52,2.77,2.52,2.77,2.65,10,70000,178950.0
2021-10-21,2021-10-21,CRANEINFRA,XT,9.0,9.4,8.91,9.4,9.17,5,863,8070.0
2021-10-21,2021-10-21,NIYOGIN,X,105.5,116.0,104.0,108.2,105.95,673,162367,17514061.0
2021-10-21,2021-10-21,KALYANCAP,XT,51.65,51.65,49.8,49.8,52.0,32,4800,239329.0
2021-10-21,2021-10-21,SAPPL,X,335.6,357.4,335.0,337.85,344.85,40,1574,534688.0
2021-10-21,2021-10-21,AANCHALISP,XT,10.65,10.85,10.01,10.66,10.35,251,150778,1578027.0
2021-10-21,2021-10-21,CAPPIPES,M,45.5,54.9,45.5,54.9,51.1,3,4500,222675.0
2021-10-21,2021-10-21,KAIZENAGRO,XT,3.33,3.49,3.33,3.47,3.33,26,31358,107094.0
2021-10-21,2021-10-21,JMJFIN,X,10.41,10.41,9.5,10.4,9.92,35,3409,35230.0
2021-10-21,2021-10-21,INTELLECT,A,674.0,679.0,658.3,663.25,670.3,2558,36723,24453279.0
2021-10-21,2021-10-21,MONTECARLO,B,405.15,412.6,392.95,395.35,400.6,749,7223,2901795.0
2021-10-21,2021-10-21,JSTL,X,94.05,94.05,88.1,90.2,90.45,108,7983,717323.0
2021-10-21,2021-10-21,PANAFIC,XT,0.38,0.38,0.36,0.37,0.37,793,2043033,748427.0
2021-10-21,2021-10-21,SELLWIN,XT,14.2,14.2,14.2,14.2,14.0,1,15000,213000.0
2021-10-21,2021-10-21,EMERALD,X,17.65,17.7,16.55,17.25,17.1,6,1254,21902.0
2021-10-21,2021-10-21,MKEXIM,X,91.95,91.95,86.3,89.45,89.9,142,37361,3292828.0
2021-10-21,2021-10-21,MCLOUD,XT,64.45,64.45,64.45,64.45,61.4,27,4942,318511.0
2021-10-21,2021-10-21,OCTAL,XT,43.3,43.3,43.3,43.3,41.25,38,4536,196408.0
2021-10-21,2021-10-21,KANCHI,X,909.0,910.0,880.2,897.55,887.5,473,6263,5595523.0
2021-10-21,2021-10-21,DTIL,B,268.65,281.45,264.7,272.15,276.6,91,990,269158.0
2021-10-21,2021-10-21,VANICOM,XT,3.63,3.63,3.63,3.63,3.46,9,3621,13144.0
2021-10-21,2021-10-21,VINCOFE,X,80.9,80.9,76.45,77.45,80.45,52,1243,97165.0
2021-10-21,2021-10-21,RAFL,M,230.0,242.0,230.0,242.0,243.0,16,10000,2315000.0
2021-10-21,2021-10-21,COSYN,X,29.75,29.75,27.5,28.45,28.9,25,886,24789.0
2021-10-21,2021-10-21,KARNAVATI,T,19.0,19.0,18.99,18.99,19.35,2,4,75.0
2021-10-21,2021-10-21,MERCANTILE,X,15.5,17.35,15.05,16.4,16.25,19,746,12343.0
2021-10-21,2021-10-21,SONAL,X,28.55,29.95,27.45,29.65,28.55,19,759,21919.0
2021-10-21,2021-10-21,ALFL,X,1.7,1.7,1.57,1.57,1.65,83,19349,30408.0
2021-10-21,2021-10-21,GENUSPAPER,B,11.74,11.74,11.0,11.19,11.21,110,43171,481494.0
2021-10-21,2021-10-21,MINDACORP,A,129.05,129.35,125.05,127.15,127.1,675,23721,3015594.0
2021-10-21,2021-10-21,MERCURYLAB,X,720.0,720.0,701.0,705.0,718.0,4,35,24711.0
2021-10-21,2021-10-21,CONCORD,XT,31.0,31.25,29.9,29.9,31.45,74,9246,277903.0
2021-10-21,2021-10-21,WARDINMOBI,B,74.9,74.95,71.1,72.2,74.1,1469,102759,7509146.0
2021-10-21,2021-10-21,GREENLAM,B,1396.15,1396.15,1388.85,1389.75,1394.35,9,33,45883.0
2021-10-21,2021-10-21,TALBROSENG,X,228.95,228.95,221.1,224.9,229.7,24,385,86396.0
2021-10-21,2021-10-21,PTCIL,XT,2730.0,2765.0,2667.0,2749.0,2727.3,55,555,1495963.0
2021-10-21,2021-10-21,GBLIL,Z,3.89,4.2,3.89,3.89,4.09,13,5115,20052.0
2021-10-21,2021-10-21,CHENFERRO,XT,176.65,176.65,169.0,176.65,168.25,179,8997,1585326.0
2021-10-21,2021-10-21,MEGRISOFT,XT,200.65,200.65,185.1,194.95,194.8,26,231,43212.0
2021-10-21,2021-10-21,GITARENEW,X,283.75,283.75,283.75,283.75,270.25,338,8782,2491892.0
2021-10-21,2021-10-21,NEIL,X,12.4,12.44,11.27,12.44,11.85,166,57844,712111.0
2021-10-21,2021-10-21,STARHFL,B,94.25,99.1,93.45,95.55,96.8,73,2309,220447.0
2021-10-21,2021-10-21,BEEKAY,X,410.1,426.85,393.0,401.15,409.55,88,3843,1590065.0
2021-10-21,2021-10-21,SSPNFIN,M,11.1,11.18,10.7,10.73,11.2,7,32000,353200.0
2021-10-21,2021-10-21,SETFBSE100,B,195.0,195.99,192.5,195.34,195.76,24,150,29345.0
2021-10-21,2021-10-21,FRASER,X,10.61,10.61,10.61,10.61,11.16,14,6347,67341.0
2021-10-21,2021-10-21,TIRUPATIIN,XT,5.34,5.34,5.34,5.34,5.62,34,3352,17899.0
2021-10-21,2021-10-21,GANVERSE,M,5.3,5.3,5.04,5.04,5.3,3,7500,38450.0
2021-10-21,2021-10-21,AGIIL,B,175.35,185.0,175.35,179.8,179.6,35,4089,727977.0
2021-10-21,2021-10-21,BKMINDST,Z,1.3,1.33,1.29,1.33,1.35,16,16168,21080.0
2021-10-21,2021-10-21,MANAKSTEEL,B,31.75,31.9,30.7,30.8,31.05,177,8553,266214.0
2021-10-21,2021-10-21,MANAKALUCO,B,23.0,23.4,21.55,22.7,22.2,864,174231,3963529.0
2021-10-21,2021-10-21,MANAKCOAT,B,20.86,20.86,18.73,19.08,20.26,183,24684,482298.0
2021-10-21,2021-10-21,IMAGICAA,T,13.75,14.14,12.8,13.8,13.47,893,672673,9214756.0
2021-10-21,2021-10-21,INOXWIND,B,119.0,119.0,108.5,113.3,112.5,1802,75050,8381774.0
2021-10-21,2021-10-21,AANANDALAK,XT,7.59,7.59,6.9,7.59,7.23,88,15334,116047.0
2021-10-21,2021-10-21,URSUGAR,M,49.5,49.5,48.5,49.15,47.6,11,55000,2703500.0
2021-10-21,2021-10-21,NORTHLINK,X,27.0,27.0,27.0,27.0,27.55,2,21,567.0
2021-10-21,2021-10-21,SHESHAINDS,X,5.75,5.75,5.75,5.75,6.05,4,520,2990.0
2021-10-21,2021-10-21,SAB,X,73.5,73.5,64.05,66.4,67.9,10,251,17278.0
2021-10-21,2021-10-21,PML,X,1621.0,1621.0,1531.3,1570.4,1620.0,35,208,325900.0
2021-10-21,2021-10-21,ALANSCOTT,XT,68.85,68.85,68.85,68.85,65.6,3,181,12461.0
2021-10-21,2021-10-21,VRLLOG,A,390.0,390.0,376.85,380.15,381.15,597,7029,2693709.0
2021-10-21,2021-10-21,GRAMEVA,X,12.97,12.97,12.97,12.97,13.65,5,1210,15693.0
2021-10-21,2021-10-21,BODHTREE,X,42.2,43.5,40.1,40.85,42.2,258,47141,1942134.0
2021-10-21,2021-10-21,MEP,T,22.5,22.5,21.8,22.15,21.9,99,17060,378310.0
2021-10-21,2021-10-21,WARDWIZFBL,X,4.39,4.39,4.02,4.13,4.16,43,4745,19784.0
2021-10-21,2021-10-21,UFO,B,100.45,101.75,99.05,100.6,99.2,665,27975,2802581.0
2021-10-21,2021-10-21,PANTH,X,9.89,9.89,8.6,9.3,9.33,71,9077,85449.0
2021-10-21,2021-10-21,SHIVALIK,X,930.0,935.0,890.0,922.15,932.35,543,18035,16506285.0
2021-10-21,2021-10-21,ICSL,X,2.42,2.54,2.42,2.54,2.54,7,2721,6827.0
2021-10-21,2021-10-21,PNCINFRA,A,364.2,368.7,354.8,357.45,357.6,674,11662,4235038.0
2021-10-21,2021-10-21,ARFIN,X,87.65,87.65,81.4,85.45,82.5,158,10502,893198.0
2021-10-21,2021-10-21,HELPAGE,XT,11.45,11.45,11.45,11.45,11.45,1,2,22.0
2021-10-21,2021-10-21,STARBEAM,X,4.53,4.53,4.11,4.11,4.32,17,7796,34730.0
2021-10-21,2021-10-21,HAWAENG,XT,54.0,54.0,53.95,53.95,53.45,3,12,647.0
2021-10-21,2021-10-21,AIIL,XT,196.05,196.05,186.75,196.05,186.75,848,42641,8339031.0
2021-10-21,2021-10-21,POEL,X,48.4,49.0,46.0,46.45,47.15,46,6069,283128.0
2021-10-21,2021-10-21,AEL,X,24.95,25.65,24.05,25.6,24.45,22,4420,112552.0
2021-10-21,2021-10-21,DEVHARI,XT,0.58,0.61,0.58,0.59,0.6,205,344617,205139.0
2021-10-21,2021-10-21,CAPFIN,XT,4.55,4.55,4.55,4.55,4.34,1,5,22.0
2021-10-21,2021-10-21,SGFIN,XT,14.89,14.89,14.89,14.89,14.19,1,1,14.0
2021-10-21,2021-10-21,SATIA,A,93.65,94.0,92.15,92.55,92.4,292,5280,490216.0
2021-10-21,2021-10-21,GARMNTMNTR,B,133.0,138.9,132.55,133.75,133.55,44,4920,666393.0
2021-10-21,2021-10-21,SRESTHA,X,2.59,2.59,2.5,2.59,2.47,334,416644,1073354.0
2021-10-21,2021-10-21,MUL,X,16.65,16.65,15.5,16.2,16.05,22,2154,34803.0
2021-10-21,2021-10-21,SPORTKING,XT,1390.0,1458.35,1350.6,1458.35,1388.95,2101,25141,35715555.0
2021-10-21,2021-10-21,GROWINGTON,M,9.22,9.69,9.22,9.55,9.26,25,77500,738300.0
2021-10-21,2021-10-21,AMBITION,B,3.78,4.44,3.78,3.86,4.2,19,13167,50115.0
2021-10-21,2021-10-21,RUDRA,B,26.5,27.9,26.1,26.85,27.3,127,6352,168959.0
2021-10-21,2021-10-21,LOYAL,B,29.7,29.7,28.05,29.05,29.9,27,4447,127129.0
2021-10-21,2021-10-21,GGPL,B,32.6,32.95,32.1,32.5,32.6,23,424,13732.0
2021-10-21,2021-10-21,MRSS,M,8.29,8.93,8.21,8.35,8.64,27,22800,190608.0
2021-10-21,2021-10-21,GPL,X,150.05,164.95,149.9,155.85,157.75,17,159,24005.0
2021-10-21,2021-10-21,BALKRISHNA,B,24.95,25.6,24.0,25.0,24.7,48,6196,152140.0
2021-10-21,2021-10-21,SHYAMCENT,B,13.5,13.75,12.9,13.03,13.48,147,23740,311400.0
2021-10-21,2021-10-21,ADANIENSOL,T,1697.8,1782.7,1697.8,1773.4,1697.85,435,5717,10028152.0
2021-10-21,2021-10-21,STARDELTA,X,81.5,87.45,81.5,87.4,81.75,5,80,6894.0
2021-10-21,2021-10-21,SAMSRITA,XT,29.0,29.0,27.15,28.0,28.55,29,1648,45621.0
2021-10-21,2021-10-21,SYNGENE,A,593.0,603.85,580.0,594.85,606.45,4621,89842,52989229.0
2021-10-21,2021-10-21,BLFL,Z,3.04,3.36,3.04,3.35,3.2,10,15430,51840.0
2021-10-21,2021-10-21,MSL,B,82.45,88.55,82.4,83.2,83.85,79,3425,285577.0
2021-10-21,2021-10-21,KAYA,B,575.0,575.0,490.05,495.85,500.3,316,2354,1176340.0
2021-10-21,2021-10-21,SYMBIOX,XT,1.77,1.77,1.77,1.77,1.77,3,10000,17700.0
2021-10-21,2021-10-21,ORTINGLOBE,B,34.45,35.0,31.2,31.75,33.45,554,59596,1965291.0
2021-10-21,2021-10-21,AVI,X,38.55,38.55,34.95,38.55,36.75,18,272,10367.0
2021-10-21,2021-10-21,AURUM,A,89.0,89.0,87.0,87.25,88.35,727,24222,2127283.0
2021-10-21,2021-10-21,OSWALGREEN,B,22.2,22.4,21.4,21.75,22.4,282,19295,420525.0
2021-10-21,2021-10-21,VASUDHAGAM,X,7.6,7.83,7.6,7.77,7.72,66,11734,90909.0
2021-10-21,2021-10-21,SUNRAKSHAK,X,24.95,25.75,23.05,24.25,23.5,14,2130,54497.0
2021-10-21,2021-10-21,ARVSMART,T,184.0,189.7,181.0,188.75,182.85,83,9958,1834847.0
2021-10-21,2021-10-21,POWERMECH,A,1053.8,1053.8,1008.45,1032.35,1040.2,712,3167,3256775.0
2021-10-21,2021-10-21,CANOPYFIN,XT,14.05,14.05,12.75,12.75,13.4,18,2250,28885.0
2021-10-21,2021-10-21,RAMASTEEL,B,259.05,259.1,249.35,254.55,257.55,296,8611,2177765.0
2021-10-21,2021-10-21,THINKINK,X,41.0,41.9,40.95,41.55,41.45,114,427494,17736828.0
2021-10-21,2021-10-21,SENSEXBETA,B,645.15,652.0,632.91,642.0,645.15,49,191,121709.0
2021-10-21,2021-10-21,NIFTYBETA,B,1930.0,1950.0,1890.02,1899.0,1911.16,40,159,306027.0
2021-10-21,2021-10-21,UNIAUTO,M,72.9,72.9,72.9,72.9,69.45,3,6000,437400.0
2021-10-21,2021-10-21,VETO,B,115.0,116.0,112.0,113.6,112.55,592,17855,2037265.0
2021-10-21,2021-10-21,NAVKARCORP,B,42.45,42.45,40.15,40.5,40.8,626,61485,2504946.0
2021-10-21,2021-10-21,SHREEPUSHK,B,221.05,226.3,214.15,216.9,218.6,1080,24412,5358676.0
2021-10-21,2021-10-21,GUJENERGY,A,638.8,644.35,626.05,628.4,633.5,1567,27584,17411750.0
2021-10-21,2021-10-21,WAAREE,M,126.55,126.55,126.55,126.55,120.55,1,5600,708680.0
2021-10-21,2021-10-21,SADBHIN,B,16.25,16.35,15.7,16.0,16.2,357,69200,1108342.0
2021-10-21,2021-10-21,SALAUTO,X,208.7,208.7,194.0,204.5,204.95,12,19,3813.0
2021-10-21,2021-10-21,POLYSPIN,X,81.4,81.4,74.05,75.5,76.3,30,1582,120185.0
2021-10-21,2021-10-21,PRITIKAUTO,B,17.9,18.45,17.5,17.8,17.9,108,24611,439001.0
2021-10-21,2021-10-21,SKC,Z,6.7,7.0,6.7,6.7,7.05,24,5138,34434.0
2021-10-21,2021-10-21,SML,XT,35.1,35.1,35.1,35.1,33.45,2,63,2211.0
2021-10-21,2021-10-21,MAHAVEER,Z,5.65,5.77,5.5,5.77,5.5,12,1802,10392.0
2021-10-21,2021-10-21,KRISHNACAP,XT,9.79,9.79,9.79,9.79,9.79,4,120,1174.0
2021-10-21,2021-10-21,ACME,X,12.75,13.1,11.75,12.96,12.21,44,8972,115554.0
2021-10-21,2021-10-21,VISHALBL,B,30.1,31.25,28.7,28.95,30.5,50,5827,170508.0
2021-10-21,2021-10-21,BELLACASA,B,186.7,188.85,179.2,180.6,182.8,41,1566,285282.0
2021-10-21,2021-10-21,MALLCOM,X,708.0,708.5,659.9,672.65,672.85,119,2186,1464241.0
2021-10-21,2021-10-21,NAKSH,B,66.0,67.95,61.55,61.55,64.75,69,3910,252508.0
2021-10-21,2021-10-21,ARAMBHAN,M,3.63,4.52,3.63,4.52,4.53,2,10000,40750.0
2021-10-21,2021-10-21,SATIN,A,76.05,76.25,75.05,75.4,76.4,143,6270,473812.0
2021-10-21,2021-10-21,DITCO,XT,17.55,17.55,17.55,17.55,17.5,7,200,3510.0
2021-10-21,2021-10-21,GENCON,B,42.95,43.5,41.55,41.85,42.65,144,18287,774351.0
2021-10-21,2021-10-21,MUZALI,X,3.35,3.62,3.35,3.5,3.51,64,17104,59187.0
2021-10-21,2021-10-21,TEJNAKSH,T,123.45,123.45,117.5,119.3,117.65,121,10041,1196963.0
2021-10-21,2021-10-21,COFFEEDAY,B,38.5,40.95,38.1,40.0,37.55,2191,234841,9349414.0
2021-10-21,2021-10-21,IDFCFIRSTB,A,48.6,49.95,48.4,49.7,48.65,4257,1595980,78182272.0
2021-10-21,2021-10-21,BEARDSELL,B,14.0,14.6,14.0,14.53,13.96,3,225,3270.0
2021-10-21,2021-10-21,INDIGO,A,2025.0,2057.0,1992.65,2042.4,2010.15,4644,179205,362269607.0
2021-10-21,2021-10-21,SHK,A,147.05,152.95,147.05,148.55,149.95,677,12877,1925620.0
2021-10-21,2021-10-21,PANORAMA,XT,66.05,70.0,66.05,69.3,68.1,5,246,17051.0
2021-10-21,2021-10-21,SHREEGANES,X,146.95,147.0,144.25,144.4,146.8,44,15053,2188438.0
2021-10-21,2021-10-21,GTV,X,22.4,23.75,22.4,23.55,23.1,9,213,4905.0
2021-10-21,2021-10-21,LICNETFN50,B,195.55,197.09,191.5,191.51,193.55,13,224,43157.0
2021-10-21,2021-10-21,LICNETFSEN,B,665.99,665.99,643.11,647.56,654.36,14,430,280556.0
2021-10-21,2021-10-21,SMARTFIN,XT,6.88,7.46,6.88,7.25,7.24,27,104,765.0
2021-10-21,2021-10-21,ADCON,XT,14.45,14.45,14.4,14.41,13.77,43,10870,157004.0
2021-10-21,2021-10-21,QUINT,X,341.0,349.5,341.0,341.0,351.0,8,1097,375585.0
2021-10-21,2021-10-21,HDFCNIFTY,B,196.0,197.3,193.16,194.78,195.98,135,2565,500227.0
2021-10-21,2021-10-21,HDFCSENSEX,B,661.0,661.0,650.1,654.89,661.14,60,697,457968.0
2021-10-21,2021-10-21,UDAYJEW,X,109.2,114.95,109.2,110.6,110.95,40,5969,665014.0
2021-10-21,2021-10-21,SATTVASUKU,X,49.9,50.4,46.55,47.1,48.75,201,32727,1565853.0
2021-10-21,2021-10-21,GROVY,XT,56.2,56.2,56.2,56.2,56.1,1,30,1686.0
2021-10-21,2021-10-21,ALKEM,A,3831.15,3855.4,3752.4,3787.7,3829.6,826,1929,7311844.0
2021-10-21,2021-10-21,LALPATHLAB,A,3527.1,3580.95,3490.0,3516.8,3527.1,3143,13487,47734881.0
2021-10-21,2021-10-21,NAVKETAN,Z,2.05,2.16,1.96,2.08,2.06,140,93693,190113.0
2021-10-21,2021-10-21,SCTL,B,0.6,0.61,0.59,0.59,0.6,1868,917034,546422.0
2021-10-21,2021-10-21,CREATIVE,X,355.3,378.0,355.3,371.2,361.45,9,105,37666.0
2021-10-21,2021-10-21,AAYUSH,X,28.2,28.2,27.25,27.8,29.25,19,1338,37521.0
2021-10-21,2021-10-21,LUXIND,A,3531.1,3571.1,3460.0,3491.0,3520.75,620,1426,5021932.0
2021-10-21,2021-10-21,ABHIINFRA,X,3.0,3.0,3.0,3.0,2.97,10,3560,10680.0
2021-10-21,2021-10-21,APOORVA,XT,43.75,43.75,43.75,43.75,46.05,12,342,14962.0
2021-10-21,2021-10-21,AGRIBIO,X,5.71,5.71,5.43,5.43,5.71,2,50,271.0
2021-10-21,2021-10-21,NH,A,523.7,523.7,492.1,499.85,519.95,899,9125,4545095.0
2021-10-21,2021-10-21,SUPHA,X,129.5,132.0,128.75,128.75,129.55,23,1577,203864.0
2021-10-21,2021-10-21,AARNAV,XT,79.8,82.9,75.85,82.0,79.8,69,5561,432296.0
2021-10-21,2021-10-21,ACEWIN,M,5.04,5.04,5.0,5.0,5.04,3,28800,144576.0
2021-10-21,2021-10-21,SIPTL,XT,1.11,1.11,1.11,1.11,1.16,7,2460,2730.0
2021-10-21,2021-10-21,SHIVA,XT,3.79,3.79,3.79,3.79,3.98,2,12,45.0
2021-10-21,2021-10-21,MISHTANN,XT,21.5,22.15,20.1,22.1,21.1,792,152798,3280797.0
2021-10-21,2021-10-21,DELTA,X,7.07,7.07,7.07,7.07,7.06,6,240,1696.0
2021-10-21,2021-10-21,JSLHISAR,A,311.5,328.6,311.5,323.45,315.25,1863,42648,13723949.0
2021-10-21,2021-10-21,AMPL,X,36.65,37.6,34.15,35.5,35.9,31,1704,59685.0
2021-10-21,2021-10-21,KEIL,X,33.45,33.45,30.0,32.15,30.6,24,1309,41750.0
2021-10-21,2021-10-21,BCLENTERPR,X,8.6,8.6,7.3,8.25,8.0,14,6202,51736.0
2021-10-21,2021-10-21,PRECAM,B,103.0,105.25,100.05,101.45,103.8,971,56317,5753906.0
2021-10-21,2021-10-21,TEAMLEASE,A,4856.85,5001.6,4699.05,4714.5,4817.1,344,903,4412715.0
2021-10-21,2021-10-21,BESTAGRO,B,1057.6,1122.0,1040.0,1048.3,1036.0,641,6944,7576784.0
2021-10-21,2021-10-21,ACEMEN,XT,13.25,13.25,12.32,12.32,12.96,80,8824,108737.0
2021-10-21,2021-10-21,RCL,XT,11.39,11.39,10.31,11.3,10.85,22,1798,19648.0
2021-10-21,2021-10-21,QUICKHEAL,A,227.75,231.0,223.85,229.85,225.9,870,17818,4048280.0
2021-10-21,2021-10-21,KAPILRAJ,X,6.94,6.94,6.15,6.66,6.65,79,13476,88183.0
2021-10-21,2021-10-21,KPEL,B,118.0,119.6,107.8,108.95,113.05,957,96185,10977580.0
2021-10-21,2021-10-21,IFINSER,X,9.3,9.3,9.27,9.27,9.75,4,36,334.0
2021-10-21,2021-10-21,HILIKS,XT,15.6,15.6,15.6,15.6,15.6,5,39,608.0
2021-10-21,2021-10-21,HYPERSOFT,X,6.42,6.42,6.42,6.42,6.12,3,103,661.0
2021-10-21,2021-10-21,GOKULAGRO,B,43.15,43.85,43.0,43.25,42.95,180,11803,512194.0
2021-10-21,2021-10-21,FREDUN,XT,475.0,484.7,465.0,467.6,471.95,121,3773,1781017.0
2021-10-21,2021-10-21,SIMBHALS,B,26.6,26.85,25.95,26.25,27.3,206,15460,403709.0
2021-10-21,2021-10-21,MNIL,XT,14.69,14.69,13.5,14.0,14.16,71,38473,525063.0
2021-10-21,2021-10-21,DARJEELING,XT,4.35,4.35,4.04,4.34,4.25,26,5115,21650.0
2021-10-21,2021-10-21,ADVIKCA,XT,4.05,4.16,3.8,4.03,3.97,207,212625,844185.0
2021-10-21,2021-10-21,LICNFNHGP,B,182.0,184.0,176.0,181.0,178.59,18,108,19432.0
2021-10-21,2021-10-21,PDMJEPAPER,B,42.35,42.35,41.05,41.65,41.5,404,21625,903000.0
2021-10-21,2021-10-21,HCG,A,240.9,242.65,235.6,239.05,240.7,860,8481,2030013.0
2021-10-21,2021-10-21,UMIYA,B,6.91,6.91,6.57,6.57,6.91,23,51000,335410.0
2021-10-21,2021-10-21,BHARATWIRE,B,62.45,62.95,61.5,62.5,61.7,62,1590,98435.0
2021-10-21,2021-10-21,CHDCHEM,B,8.44,8.49,8.0,8.1,8.22,136,53293,435554.0
2021-10-21,2021-10-21,CCAVENUE,A,47.3,47.65,44.8,45.3,46.4,1954,518420,23819469.0
2021-10-21,2021-10-21,LELAVOIR,X,21.2,22.35,20.45,20.8,21.45,114,19646,413711.0
2021-10-21,2021-10-21,SICLTD,X,0.49,0.53,0.49,0.53,0.51,70,172659,85733.0
2021-10-21,2021-10-21,SUPERIOR,X,85.6,92.0,84.1,89.95,88.5,82,2073,182524.0
2021-10-21,2021-10-21,RPEL,T,755.0,770.0,750.05,752.6,751.4,112,2497,1888498.0
2021-10-21,2021-10-21,FRANKLIN,M,7.4,7.4,7.4,7.4,7.66,1,4000,29600.0
2021-10-21,2021-10-21,LANCER,B,131.05,133.45,128.0,129.5,130.95,419,18628,2431006.0
2021-10-21,2021-10-21,EQUITAS,A,128.0,131.55,126.0,130.25,126.75,1903,78439,10079804.0
2021-10-21,2021-10-21,HALDER,XT,817.15,817.15,776.3,776.3,817.15,38,445,346516.0
2021-10-21,2021-10-21,SKIL,B,4.1,4.2,4.02,4.2,4.2,35,8704,35806.0
2021-10-21,2021-10-21,THYROCARE,A,1137.7,1201.4,1121.55,1178.05,1131.4,740,3403,3920994.0
2021-10-21,2021-10-21,BAJAJHCARE,B,419.05,421.0,407.0,412.75,413.15,1413,19620,8129769.0
2021-10-21,2021-10-21,UJJIVAN,A,157.05,158.4,156.15,157.0,157.4,712,29835,4685929.0
2021-10-21,2021-10-21,RSDFIN,X,57.8,57.8,52.35,52.35,55.1,4,23,1274.0
2021-10-21,2021-10-21,CROMPTON,A,454.55,466.7,439.05,463.0,454.55,5098,118074,53194902.0
2021-10-21,2021-10-21,PILANIINVS,A,1923.0,2007.0,1890.0,1919.3,1915.95,221,3467,6594633.0
2021-10-21,2021-10-21,DARSHANORNA,T,84.0,85.9,79.45,83.8,83.6,81,28169,2288999.0
2021-10-21,2021-10-21,PARAGMILK,A,137.0,147.0,130.6,131.85,135.75,780,30105,4037987.0
2021-10-21,2021-10-21,MADHAVIPL,X,4.08,4.08,4.0,4.05,4.02,162,59204,238022.0
2021-10-21,2021-10-21,KOCL,XT,2.91,3.19,2.9,3.05,3.04,97,300987,888235.0
2021-10-21,2021-10-21,SNIM,X,15.23,15.23,15.23,15.23,14.51,55,39848,606885.0
2021-10-21,2021-10-21,NAGAFERT,B,9.8,10.02,9.5,9.5,10.0,564,303001,2891473.0
2021-10-21,2021-10-21,MIL,XT,44.95,47.1,43.25,46.5,44.95,24,421,19076.0
2021-10-21,2021-10-21,YASHCHEM,B,43.9,43.95,42.85,42.9,43.55,40,4988,214952.0
2021-10-21,2021-10-21,MAXVIL,B,131.9,133.65,126.05,127.4,128.7,556,15569,1991835.0
2021-10-21,2021-10-21,NV20IETF,B,98.54,98.54,96.0,97.0,98.37,59,608,59124.0
2021-10-21,2021-10-21,JLL,XT,14.26,14.26,14.26,14.26,14.26,2,314,4477.0
2021-10-21,2021-10-21,TAALTECH,X,1332.0,1345.0,1297.7,1319.65,1315.35,202,2401,3188035.0
2021-10-21,2021-10-21,MGL,A,1051.05,1051.05,1016.9,1020.2,1043.95,4507,42180,43342863.0
2021-10-21,2021-10-21,ZEAL,B,8.75,8.75,8.75,8.75,9.2,733,145632,1274280.0
2021-10-21,2021-10-21,QUESS,A,890.0,915.25,866.1,895.5,878.35,1607,21383,18988040.0
2021-10-21,2021-10-21,DIGJAMLMTD,T,19.98,19.98,19.98,19.98,19.03,16,476,9510.0
2021-10-21,2021-10-21,MIDSELIETF,B,106.05,109.5,106.05,108.86,108.3,106,716,77021.0
2021-10-21,2021-10-21,ASYL,T,13.38,13.38,12.41,12.99,12.75,7,32,407.0
2021-10-21,2021-10-21,HIIL,X,4784.0,4937.8,4593.25,4593.25,4835.0,72,324,1497946.0
2021-10-21,2021-10-21,COMSYN,B,146.05,152.0,146.05,150.1,148.35,52,7512,1127925.0
2021-10-21,2021-10-21,LLOYDSENGG,B,5.44,5.64,5.35,5.64,5.38,3926,5287323,29585148.0
2021-10-21,2021-10-21,LTM,A,6999.0,7040.0,6554.2,6651.15,6940.4,10301,43294,292342644.0
2021-10-21,2021-10-21,EASTWEST,X,8.8,8.8,8.01,8.09,8.73,480,309755,2536089.0
2021-10-21,2021-10-21,BSLSENETFG,B,585.0,586.0,579.0,581.25,587.7,13,1125,654426.0
2021-10-21,2021-10-21,COLORCHIPS,X,34.75,35.5,33.1,33.1,34.75,16,178,5984.0
2021-10-21,2021-10-21,ADVENZYMES,A,378.2,391.7,378.2,383.7,382.1,860,12733,4909641.0
2021-10-21,2021-10-21,LAHL,XT,3.92,4.11,3.73,4.11,3.92,18,7074,27339.0
2021-10-21,2021-10-21,PTIL,B,445.0,445.25,428.0,432.25,428.2,47,2758,1208876.0
2021-10-21,2021-10-21,DBL,A,628.0,653.35,628.0,637.95,633.9,1103,16581,10612915.0
2021-10-21,2021-10-21,SPAL,B,320.0,322.3,310.05,317.85,320.0,138,929,294750.0
2021-10-21,2021-10-21,BIGBLOC,B,139.4,143.0,138.0,141.5,138.7,86,2692,380209.0
2021-10-21,2021-10-21,ECS,XT,5.15,5.4,5.15,5.4,5.15,5,253,1315.0
2021-10-21,2021-10-21,FRETAIL,A,51.0,53.15,50.5,51.5,53.55,2178,354339,18339168.0
2021-10-21,2021-10-21,RBLBANK,A,189.25,198.0,187.9,196.7,188.8,3139,288548,55349355.0
2021-10-21,2021-10-21,BLS,T,233.6,236.0,215.15,235.85,224.8,244,9705,2210906.0
2021-10-21,2021-10-21,MITSU,B,278.8,298.0,264.95,271.75,278.95,269,79288,21165148.0
2021-10-21,2021-10-21,DHATRE,B,29.2,30.45,28.0,30.05,28.9,2062,438604,13086372.0
2021-10-21,2021-10-21,SABEVENTS,B,3.05,3.2,3.05,3.2,3.19,2,3040,9722.0
2021-10-21,2021-10-21,TVVISION,B,2.58,2.58,2.58,2.58,2.46,1,1,2.0
2021-10-21,2021-10-21,GAMCO,X,14.75,14.78,14.75,14.78,14.75,5,2502,36979.0
2021-10-21,2021-10-21,TIAANC,X,10.13,10.13,9.75,9.9,10.0,172,27893,276205.0
2021-10-21,2021-10-21,LTTS,A,5025.0,5040.15,4577.05,4730.95,4957.75,14342,73293,346299616.0
2021-10-21,2021-10-21,GNA,B,921.15,948.4,885.85,890.0,936.3,1191,10226,9347567.0
2021-10-21,2021-10-21,RADHIKAJWE,M,85.0,85.0,84.0,84.45,84.7,24,62400,5271840.0
2021-10-21,2021-10-21,ICICIPRULI,A,639.0,643.25,625.1,629.4,631.45,1940,36980,23473334.0
2021-10-21,2021-10-21,IISL,X,3.14,3.14,2.91,2.93,2.91,14,19537,57291.0
2021-10-21,2021-10-21,ARCFIN,X,6.0,6.0,5.7,5.7,6.0,52,10584,60895.0
2021-10-21,2021-10-21,HPL,B,67.85,68.3,66.4,67.4,67.85,551,13606,913319.0
2021-10-21,2021-10-21,SAGARSOFT,X,224.5,224.5,210.0,212.15,216.9,77,2051,440938.0
2021-10-21,2021-10-21,DRA,M,20.0,21.5,19.52,21.5,20.25,3,10000,202550.0
2021-10-21,2021-10-21,VALIANTORG,B,1494.1,1526.5,1438.2,1446.45,1489.6,1039,5613,8242513.0
2021-10-21,2021-10-21,SHASHIJIT,T,31.65,31.65,31.6,31.6,31.65,2,12,379.0
2021-10-21,2021-10-21,ENDURANCE,A,1665.7,1857.25,1665.7,1799.65,1666.4,1012,3854,6729813.0
2021-10-21,2021-10-21,IDFSENSEXE,B,642.4,642.4,632.85,633.95,637.65,12,23,14655.0
2021-10-21,2021-10-21,PURPLE,X,13.41,13.41,13.41,13.41,12.78,6,3473,46572.0
2021-10-21,2021-10-21,SUPRAPFSL,XT,26.0,26.0,24.05,25.35,24.9,28,8737,220364.0
2021-10-21,2021-10-21,PNBHOUSING,A,520.6,520.6,520.6,520.6,547.95,502,7471,3889402.0
2021-10-21,2021-10-21,SOUTHERNIN,XT,19.3,19.65,18.7,18.7,19.65,13,176,3431.0
2021-10-21,2021-10-21,REGENCY,X,10.45,10.45,10.39,10.39,10.05,6,372,3865.0
2021-10-21,2021-10-21,VBL,A,850.05,861.6,817.5,828.65,852.0,6539,57392,48282136.0
2021-10-21,2021-10-21,FRANKLININD,X,12.44,13.0,12.44,13.0,12.44,3,100,1249.0
2021-10-21,2021-10-21,LKPSEC,X,15.0,15.0,14.26,14.56,14.72,204,32839,477956.0
2021-10-21,2021-10-21,OSIAJEE,X,42.2,42.3,40.6,41.4,41.25,485,47210,1951863.0
2021-10-21,2021-10-21,SFL,A,2516.2,2516.2,2390.0,2415.55,2497.65,284,901,2199383.0
2021-10-21,2021-10-21,EIKO,XT,81.7,90.3,81.7,89.9,86.0,4,950,78111.0
2021-10-21,2021-10-21,AVL,T,823.5,823.5,799.85,801.2,799.85,165,1221,983464.0
2021-10-21,2021-10-21,HEADSUP,B,20.1,20.1,18.23,18.26,20.25,729,125443,2335411.0
2021-10-21,2021-10-21,TCIEXP,A,1600.0,1710.05,1599.95,1646.5,1605.35,3521,14777,24652817.0
2021-10-21,2021-10-21,LAURUSLABS,A,600.05,604.75,560.0,572.0,599.7,29408,594035,342893119.0
2021-10-21,2021-10-21,NEWLIGHT,XT,37.8,37.8,37.8,37.8,36.0,130,35244,1332223.0
2021-10-21,2021-10-21,VSL,T,119.0,120.0,117.8,117.95,124.0,47,680,80510.0
2021-10-21,2021-10-21,SNTCL,XT,3.2,3.21,3.2,3.21,3.06,59,4680,15016.0
2021-10-21,2021-10-21,MTPL,XT,11.04,11.04,11.04,11.04,11.62,2,680,7507.0
2021-10-21,2021-10-21,SHANGAR,XT,7.24,7.75,7.24,7.32,7.5,105,16800,123404.0
2021-10-21,2021-10-21,GLCL,XT,34.75,34.75,34.65,34.65,33.7,8,1172,40645.0
2021-10-21,2021-10-21,TRU,X,121.75,130.0,114.95,125.6,123.35,287,30789,3758071.0
2021-10-21,2021-10-21,PRICOLLTD,A,96.2,100.8,96.0,100.3,95.9,1334,73348,7230453.0
2021-10-21,2021-10-21,CFL,XT,4.3,4.3,4.3,4.3,4.3,1,1,4.0
2021-10-21,2021-10-21,JITFINFRA,T,262.45,262.45,262.45,262.45,276.25,66,4363,1145069.0
2021-10-21,2021-10-21,RMC,M,29.7,29.8,27.25,27.25,27.65,7,14000,399900.0
2021-10-21,2021-10-21,PARMAX,X,43.1,43.1,40.5,40.6,41.1,30,1855,75854.0
2021-10-21,2021-10-21,LLFICL,X,79.0,80.75,76.45,79.25,80.95,15,2355,186227.0
2021-10-21,2021-10-21,DANUBE,XT,69.0,69.0,65.5,65.5,65.75,26,2543,167474.0
2021-10-21,2021-10-21,RADIOCITY,B,25.4,25.5,24.65,24.9,24.9,173,18371,462938.0
2021-10-21,2021-10-21,DMART,A,4620.0,4700.0,4500.0,4514.4,4610.45,22970,90467,412732701.0
2021-10-21,2021-10-21,KDLL,X,7.7,8.08,7.32,8.08,7.7,7,660,5249.0
2021-10-21,2021-10-21,ONTIC,XT,18.37,18.37,17.0,17.5,17.5,22,4141,71281.0
2021-10-21,2021-10-21,SMLT,M,72.0,72.0,72.0,72.0,72.0,2,6000,432000.0
2021-10-21,2021-10-21,CHEMCRUX,M,133.0,133.95,128.0,128.0,130.0,10,15000,1972125.0
2021-10-21,2021-10-21,MAXIMUS,B,99.9,99.9,96.0,99.65,99.4,12,388,37966.0
2021-10-21,2021-10-21,CLEDUCATE,T,100.25,108.0,100.2,100.2,105.45,97,12292,1239211.0
2021-10-21,2021-10-21,OCEANIC,T,75.55,78.0,75.55,75.6,79.5,7,2835,220381.0
2021-10-21,2021-10-21,SHANKARA,A,560.55,571.35,551.85,563.2,552.45,1381,19488,10904464.0
2021-10-21,2021-10-21,CLFL,XT,11.37,11.37,11.37,11.37,10.83,1,1,11.0
2021-10-21,2021-10-21,STARLENT,M,43.4,44.0,43.25,44.0,46.2,3,15000,653250.0
2021-10-21,2021-10-21,SCHAND,B,127.0,127.0,122.05,124.25,121.3,652,18090,2235813.0
2021-10-21,2021-10-21,MEERA,B,72.05,72.9,70.0,70.95,71.35,55,5216,366884.0
2021-10-21,2021-10-21,IRBINVIT,IF,58.23,58.44,58.17,58.18,58.1,71,16301,950130.0
2021-10-21,2021-10-21,HUDCO,A,45.05,45.35,44.5,44.75,44.95,1235,307949,13855872.0
2021-10-21,2021-10-21,PSPPROJECT,A,514.95,515.3,497.35,505.8,512.25,1405,28343,14414198.0
2021-10-21,2021-10-21,GKL,B,14.9,14.9,14.3,14.7,14.75,99,11649,170887.0
2021-10-21,2021-10-21,INDIGRID,IF,138.99,138.99,137.6,138.59,139.0,146,7786,1077925.0
2021-10-21,2021-10-21,VARIMAN,X,33.15,33.15,30.65,32.0,33.15,27,1201,38589.0
2021-10-21,2021-10-21,STARCEMENT,A,102.2,103.95,101.05,101.95,101.5,701,25822,2641895.0
2021-10-21,2021-10-21,HEOFRG1126,B,12.76,12.76,12.76,12.76,12.76,1,20,255.0
2021-10-21,2021-10-21,TEJASNET,A,450.05,463.5,444.1,446.55,467.45,2911,241659,107904551.0
2021-10-21,2021-10-21,ERIS,A,813.0,835.2,804.0,809.9,812.45,1603,7345,6010851.0
2021-10-21,2021-10-21,GTPL,B,274.9,284.45,273.05,281.15,270.75,685,10902,3044164.0
2021-10-21,2021-10-21,AUBANK,A,1149.75,1198.5,1145.0,1182.05,1156.95,2653,41297,48622542.0
2021-10-21,2021-10-21,LOWVOLIETF,B,144.55,145.05,141.69,142.43,144.51,293,1980,283684.0
2021-10-21,2021-10-21,GGENG,B,18.7,19.0,18.1,18.25,18.7,1024,202246,3710026.0
2021-10-21,2021-10-21,7NR,T,14.86,15.15,13.85,14.05,14.43,194,52500,772749.0
2021-10-21,2021-10-21,BHAGYAPROP,B,34.0,34.0,32.0,32.4,33.3,29,9652,315816.0
2021-10-21,2021-10-21,SALASAR,B,269.25,278.15,264.5,272.9,266.75,324,3570,963719.0
2021-10-21,2021-10-21,GANGESSECU,B,86.05,88.0,85.3,85.45,85.7,22,84,7291.0
2021-10-21,2021-10-21,PALASHSECU,B,76.5,86.3,72.95,73.55,74.5,172,7104,547102.0
2021-10-21,2021-10-21,AVADHSUGAR,B,436.0,446.55,432.0,433.7,438.5,504,3667,1609886.0
2021-10-21,2021-10-21,MAGADSUGAR,B,288.6,295.3,286.5,291.4,289.55,155,1993,578017.0
2021-10-21,2021-10-21,SPTL,B,5.55,5.6,5.25,5.42,5.38,720,680246,3694175.0
2021-10-21,2021-10-21,GSTL,B,56.85,56.85,54.1,54.35,54.75,90,5847,319042.0
2021-10-21,2021-10-21,NEXT50BETA,B,45.22,46.5,44.3,44.9,44.75,45,4623,205407.0
2021-10-21,2021-10-21,SIS,A,473.0,483.4,473.0,476.85,483.4,677,6395,3061274.0
2021-10-21,2021-10-21,COCHINSHIP,A,363.2,365.15,351.0,354.1,361.6,1936,26578,9528807.0
2021-10-21,2021-10-21,HALEOSLABS,B,807.55,807.55,773.8,791.3,809.15,131,1529,1212586.0
2021-10-21,2021-10-21,KIOCL,B,271.75,283.55,271.75,279.6,267.1,685,7350,2053215.0
2021-10-21,2021-10-21,SMRUTHIORG,X,296.1,296.1,275.65,280.9,295.0,508,29318,8275564.0
2021-10-21,2021-10-21,ABCAPITAL,A,103.2,104.75,101.8,102.45,103.75,2170,137281,14181856.0
2021-10-21,2021-10-21,APEX,A,286.7,290.55,282.5,286.8,285.2,773,9555,2733375.0
2021-10-21,2021-10-21,SHISHIND,T,68.0,68.0,64.8,67.75,68.0,22,2574,167778.0
2021-10-21,2021-10-21,ANG,M,426.0,456.0,425.0,446.2,434.9,11,35200,15665600.0
2021-10-21,2021-10-21,KCDGROUP,XT,34.2,34.2,34.2,34.2,36.0,4,9,307.0
2021-10-21,2021-10-21,AMFL,XT,1.71,1.71,1.59,1.61,1.63,122,54004,88687.0
2021-10-21,2021-10-21,DIXON,A,5265.0,5374.2,5033.0,5268.85,5214.3,14195,57107,299056310.0
2021-10-21,2021-10-21,BRNL,B,29.5,29.65,29.1,29.1,29.4,86,2912,85390.0
2021-10-21,2021-10-21,DCAL,A,219.95,219.95,211.55,217.55,213.25,1433,65247,14082020.0
2021-10-21,2021-10-21,LASA,B,65.4,66.0,64.25,64.85,64.75,381,22076,1434677.0
2021-10-21,2021-10-21,PROCLB,X,6.33,6.33,6.33,6.33,6.07,2,18,113.0
2021-10-21,2021-10-21,MATRIMONY,B,1003.3,1039.0,995.0,999.3,1019.2,1091,67980,68894004.0
2021-10-21,2021-10-21,RHFL,B,4.01,4.07,3.97,4.03,4.01,495,238546,958692.0
2021-10-21,2021-10-21,CAPACITE,B,167.85,176.0,166.8,169.2,167.85,1313,33281,5660882.0
2021-10-21,2021-10-21,SAGAR,M,30.2,30.2,30.2,30.2,28.8,1,3000,90600.0
2021-10-21,2021-10-21,ICICIGI,A,1507.35,1526.65,1486.0,1506.25,1504.25,1135,6827,10268263.0
2021-10-21,2021-10-21,PQIF,XT,19.04,19.04,19.04,19.04,18.14,1,25,476.0
2021-10-21,2021-10-21,SBILIFE,A,1172.0,1184.35,1137.6,1157.55,1168.55,2883,38334,44534265.0
2021-10-21,2021-10-21,DIAMONDYD,A,749.15,754.95,708.0,730.75,744.85,445,5317,3891875.0
2021-10-21,2021-10-21,SHAREINDIA,B,779.3,779.3,751.0,759.15,761.45,200,2471,1875182.0
2021-10-21,2021-10-21,TTFL,B,45.05,48.4,40.25,46.25,45.25,367,41390,1909191.0
2021-10-21,2021-10-21,SAYAJIIND,X,215.0,215.25,211.05,211.2,218.5,22,713,151302.0
2021-10-21,2021-10-21,VANTABIO,M,126.95,127.05,126.95,127.05,122.0,3,4500,571500.0
2021-10-21,2021-10-21,MEHAI,B,42.05,49.0,42.05,46.75,46.9,94,9155,429823.0
2021-10-21,2021-10-21,IRIS,M,116.0,117.0,115.0,117.0,118.0,4,16000,1856000.0
2021-10-21,2021-10-21,SGRL,B,414.95,416.95,400.55,414.85,410.25,575,4265,1756593.0
2021-10-21,2021-10-21,STL,M,44.5,44.55,44.5,44.5,44.3,5,87000,3871650.0
2021-10-21,2021-10-21,GODREJAGRO,A,625.45,629.55,623.0,624.5,623.8,552,5283,3302366.0
2021-10-21,2021-10-21,MESCON,XT,12.3,12.79,12.01,12.09,12.28,48,1858,23140.0
2021-10-21,2021-10-21,MASFIN,A,764.9,768.4,754.7,765.4,753.1,422,1664,1269232.0
2021-10-21,2021-10-21,IEX,A,799.75,814.25,742.2,757.15,789.4,40117,901412,690327843.0
2021-10-21,2021-10-21,GICRE,A,141.0,143.3,139.15,140.45,140.75,1028,49556,6983457.0
2021-10-21,2021-10-21,SCPL,M,215.0,223.5,210.7,210.7,221.25,12,9600,2053000.0
2021-10-21,2021-10-21,TIINDIA,A,1398.85,1435.0,1356.65,1414.35,1381.1,1402,19884,27548731.0
2021-10-21,2021-10-21,NAM-INDIA,A,464.1,466.6,452.05,456.05,460.8,2783,216987,99579623.0
2021-10-21,2021-10-21,MAHLOG,A,729.0,729.0,671.0,697.2,709.55,1255,6662,4606759.0
2021-10-21,2021-10-21,NIACL,A,162.95,164.05,156.2,159.15,161.35,704,15705,2514991.0
2021-10-21,2021-10-21,IFGLEXPOR,B,310.5,312.8,303.55,308.8,310.75,381,1429,440774.0
2021-10-21,2021-10-21,KHADIM,B,280.9,294.0,278.45,286.95,277.95,1340,18074,5185237.0
2021-10-21,2021-10-21,5PAISA,B,465.0,465.0,435.45,444.3,446.7,886,7497,3342920.0
2021-10-21,2021-10-21,HDFCLIFE,A,707.0,711.15,691.65,694.9,703.2,3247,87603,61711987.0
2021-10-21,2021-10-21,SBRANDS,M,16.34,16.34,16.0,16.34,15.57,5,7000,114040.0
2021-10-21,2021-10-21,SHARIKA,B,9.63,9.63,9.63,9.63,10.13,174,73647,709220.0
2021-10-21,2021-10-21,ICICIB22,B,47.96,48.09,47.19,47.48,47.61,507,62542,2970257.0
2021-10-21,2021-10-21,ASPIRA,X,76.4,76.4,72.95,73.75,74.0,6,29,2147.0
2021-10-21,2021-10-21,DNAMEDIA,B,2.6,2.6,2.38,2.4,2.5,61,35059,85372.0
2021-10-21,2021-10-21,DYCL,B,69.0,69.0,63.75,64.95,68.25,301,59531,3890998.0
2021-10-21,2021-10-21,RATNABHUMI,B,68.8,69.9,63.5,63.65,64.75,30,31292,2018406.0
2021-10-21,2021-10-21,SHALBY,B,163.8,164.8,160.2,160.7,163.6,559,7399,1197468.0
2021-10-21,2021-10-21,FSC,B,76.0,80.65,76.0,77.05,81.45,580,33560,2600127.0
2021-10-21,2021-10-21,DML,M,12.05,13.05,12.04,12.97,13.02,6,60000,759800.0
2021-10-21,2021-10-21,VITESSE,XT,30.25,31.55,28.55,31.45,30.05,79,12352,380465.0
2021-10-21,2021-10-21,ASTRON,B,55.4,55.9,54.15,55.6,55.35,209,5434,300602.0
2021-10-21,2021-10-21,CHANDRIMA,X,4.6,4.6,4.01,4.55,4.19,20,3948,17365.0
2021-10-21,2021-10-21,JFL,M,10.42,10.9,9.91,10.84,10.42,9,24000,255540.0
2021-10-21,2021-10-21,7SEASL,X,18.35,19.35,18.3,18.5,19.25,59,10031,185691.0
2021-10-21,2021-10-21,APOLLO,B,117.25,119.2,116.15,116.95,116.8,734,12242,1436078.0
2021-10-21,2021-10-21,NEWGEN,A,613.5,616.9,584.75,588.75,601.9,607,8416,5009853.0
2021-10-21,2021-10-21,PRAXIS,T,35.3,35.3,35.3,35.3,37.15,12,200,7060.0
2021-10-21,2021-10-21,AMBER,A,3456.35,3465.75,3293.0,3320.2,3425.7,790,1903,6353351.0
2021-10-21,2021-10-21,ASHOKAMET,M,4.0,4.0,4.0,4.0,3.99,1,6000,24000.0
2021-10-21,2021-10-21,GALAXYSURF,A,3288.0,3390.0,3266.55,3364.1,3288.0,826,1962,6491915.0
2021-10-21,2021-10-21,GGL,B,9.8,10.5,9.8,10.03,10.15,86,12876,129612.0
2021-10-21,2021-10-21,IWP,X,38.0,41.0,37.1,38.65,40.5,141,11817,461142.0
2021-10-21,2021-10-21,TDSL,B,27.25,27.85,25.1,25.55,27.25,188,29086,754942.0
2021-10-21,2021-10-21,BHATIA,T,190.0,190.05,172.25,190.05,181.0,95,18280,3390666.0
2021-10-21,2021-10-21,SHIVAMILLS,B,98.55,101.0,96.15,100.75,98.7,43,2536,253702.0
2021-10-21,2021-10-21,ASTERDM,A,187.05,202.7,187.05,195.1,189.0,3409,117008,22956779.0
2021-10-21,2021-10-21,YSL,X,17798.0,17798.0,17400.0,17400.0,17000.0,2,2,35198.0
2021-10-21,2021-10-21,KANCOTEA,X,80.05,82.45,77.8,80.15,81.25,37,3410,276381.0
2021-10-21,2021-10-21,HGINFRA,A,725.0,752.05,705.8,721.05,715.35,2045,13881,10071542.0
2021-10-21,2021-10-21,AXISCBDPD,B,18.0,18.0,16.5,17.45,18.3,6,6005,99087.0
2021-10-21,2021-10-21,AXISCBGPG,B,18.0,18.0,16.2,16.2,18.0,9,126,2059.0
2021-10-21,2021-10-21,INFLAME,M,240.85,250.0,240.85,250.0,253.5,3,3000,731700.0
2021-10-21,2021-10-21,BPLPHARMA,XT,376.0,386.8,370.0,370.7,372.0,36,492,183013.0
2021-10-21,2021-10-21,LIQUIDETF,F,999.99,1000.01,999.99,999.99,1000.0,17,1198,1197994.0
2021-10-21,2021-10-21,BDL,A,418.5,450.05,418.35,446.4,421.35,2474,37568,16406735.0
2021-10-21,2021-10-21,ACTIVE,M,21.75,21.75,21.75,21.75,22.5,2,4000,87000.0
2021-10-21,2021-10-21,RIDINGS,M,3.3,3.3,3.3,3.3,3.15,5,40000,132000.0
2021-10-21,2021-10-21,GOYALALUM,M,52.0,52.0,48.95,51.5,51.5,5,14400,727056.0
2021-10-21,2021-10-21,BANDHANBNK,A,319.9,323.05,310.75,316.65,316.6,3735,250038,79180200.0
2021-10-21,2021-10-21,HAL,A,1417.45,1427.7,1359.8,1371.5,1409.6,84748,144914,199753701.0
2021-10-21,2021-10-21,DHARAN,B,20.75,20.75,19.6,20.15,20.0,468,121234,2419765.0
2021-10-21,2021-10-21,SANDHAR,B,281.0,284.3,277.0,279.35,278.15,515,6103,1712023.0
2021-10-21,2021-10-21,YASHO,B,1320.0,1364.4,1238.9,1302.0,1304.1,3770,56574,72756254.0
2021-10-21,2021-10-21,BENARA,M,10.1,10.35,10.1,10.1,10.1,4,8000,81300.0
2021-10-21,2021-10-21,ISEC,A,801.0,819.05,766.3,772.9,796.2,2986,34822,27555761.0
2021-10-21,2021-10-21,MIDHANI,A,193.55,200.75,189.8,198.55,192.6,1065,27686,5364792.0
2021-10-21,2021-10-21,OBCL,M,113.4,116.25,113.3,114.6,113.5,56,126000,14450800.0
2021-10-21,2021-10-21,TRL,M,19.25,19.25,19.25,19.25,19.25,1,4000,77000.0
2021-10-21,2021-10-21,LEMONTREE,A,53.0,53.9,51.4,52.45,51.9,2295,382303,19979165.0
2021-10-21,2021-10-21,IPRU3081,F,14.72,14.91,14.72,14.91,15.55,2,6000,89270.0
2021-10-21,2021-10-21,IPRU3082,F,15.8,15.8,14.76,14.76,15.8,5,20000,295202.0
2021-10-21,2021-10-21,CHEMFAB,B,199.8,205.4,196.0,196.1,194.4,79,2651,532001.0
2021-10-21,2021-10-21,ORIENTELEC,A,322.0,335.8,322.0,329.05,325.1,563,8890,2904598.0
2021-10-21,2021-10-21,DHRUV,M,40.05,42.0,40.0,40.65,40.05,17,42000,1738600.0
2021-10-21,2021-10-21,AKSHAR,M,31.9,31.9,31.9,31.9,30.4,1,3000,95700.0
2021-10-21,2021-10-21,INDOUS,M,88.05,93.9,86.8,92.9,91.2,5,6250,568187.0
2021-10-21,2021-10-21,IPRU3095,B,15.0,15.35,15.0,15.35,15.4,4,10032,153982.0
2021-10-21,2021-10-21,BSE500IETF,B,257.0,257.5,253.6,257.5,256.13,66,5268,1351025.0
2021-10-21,2021-10-21,INDOSTAR,A,280.15,292.85,278.25,286.65,281.85,302,2238,630675.0
2021-10-21,2021-10-21,PARVATI,X,8.36,8.94,8.36,8.79,8.76,212,60277,516933.0
2021-10-21,2021-10-21,INNOVATORS,M,50.1,50.1,49.75,49.85,50.05,9,20800,1038160.0
2021-10-21,2021-10-21,UCIL,XT,325.0,325.0,325.0,325.0,328.5,2,1650,536250.0
2021-10-21,2021-10-21,ZIMLAB,X,129.75,130.0,123.1,126.9,125.95,34,985,124854.0
2021-10-21,2021-10-21,AFFORDABLE,M,111.5,115.85,111.5,115.85,112.2,4,6400,720960.0
2021-10-21,2021-10-21,DOLLAR,A,421.6,442.0,418.55,437.3,418.1,813,8442,3607081.0
2021-10-21,2021-10-21,NGIL,T,87.4,96.6,87.4,96.6,92.0,12,1959,173607.0
2021-10-21,2021-10-21,PALMJEWELS,B,24.0,24.0,22.05,22.9,22.9,64,4296,97729.0
2021-10-21,2021-10-21,WAA,M,38.05,42.65,38.05,42.1,41.5,8,12800,531280.0
2021-10-21,2021-10-21,ADANIGREEN,A,1180.15,1203.0,1175.0,1198.65,1179.85,3864,35496,42383730.0
2021-10-21,2021-10-21,UNICK,XT,45.0,45.0,45.0,45.0,45.0,3,810,36450.0
2021-10-21,2021-10-21,SOLARA,A,1381.1,1424.25,1381.1,1396.85,1372.5,720,3289,4604106.0
2021-10-21,2021-10-21,GAYAHWS,T,1.11,1.11,1.11,1.11,1.06,143,494015,548356.0
2021-10-21,2021-10-21,RITES,A,284.0,289.95,281.5,284.95,284.15,1390,19806,5659761.0
2021-10-21,2021-10-21,FINEORG,A,3325.1,3340.0,3241.05,3286.1,3305.75,684,1437,4718479.0
2021-10-21,2021-10-21,VARROC,A,305.0,333.4,301.55,309.55,293.9,7010,195990,62619620.0
2021-10-21,2021-10-21,GUJWIND,XT,4.35,4.35,4.06,4.08,4.18,23,1711,7126.0
2021-10-21,2021-10-21,RAWEDGE,B,35.05,36.0,33.4,33.4,32.95,23,7474,261020.0
2021-10-21,2021-10-21,TCNSBRANDS,A,702.0,780.0,694.05,768.3,717.45,3359,20070,14873986.0
2021-10-21,2021-10-21,ASHNI,XT,7.36,7.72,7.0,7.52,7.36,11,3189,23371.0
2021-10-21,2021-10-21,HDFCAMC,A,2866.05,2887.05,2826.45,2844.55,2861.15,5556,31304,89175538.0
2021-10-21,2021-10-21,VIVANTA,X,16.8,16.8,15.4,16.7,16.2,9,430,6901.0
2021-10-21,2021-10-21,FRATELLI,X,18.05,18.05,16.35,16.45,17.2,23,15462,263276.0
2021-10-21,2021-10-21,CREDITACC,A,648.8,649.5,640.05,645.35,655.1,295,1169,755498.0
2021-10-21,2021-10-21,AMINTAN,X,1.9,1.93,1.8,1.83,1.84,145,70328,129696.0
2021-10-21,2021-10-21,DEEP,T,253.0,257.0,252.2,252.95,248.25,640,48492,12333143.0
2021-10-21,2021-10-21,NEXT50IETF,B,43.95,45.88,43.24,43.26,43.93,107,2939,130189.0
2021-10-21,2021-10-21,ASRL,B,179.1,179.1,172.3,179.1,170.6,1342,126353,22438610.0
2021-10-21,2021-10-21,SPACEINCUBA,X,1.53,1.65,1.53,1.65,1.58,28,18167,28158.0
2021-10-21,2021-10-21,SGIL,B,157.0,158.5,148.05,150.45,156.35,295,3118,477550.0
2021-10-21,2021-10-21,LIQUIDIETF,F,1000.0,1000.0,1000.0,1000.0,1000.0,17,4848,4848000.0
2021-10-21,2021-10-21,IRCON,A,46.3,48.2,45.75,47.55,45.75,1423,266908,12501128.0
2021-10-21,2021-10-21,SETFSN50,B,515.0,515.0,498.0,505.0,503.25,20,56,28138.0
2021-10-21,2021-10-21,MACH,M,23.5,25.75,23.5,25.5,24.6,10,16500,416025.0
2021-10-21,2021-10-21,MANORAMA,B,1549.0,1550.0,1470.0,1501.75,1537.15,513,4886,7397774.0
2021-10-21,2021-10-21,INNOVATIVE,M,7.75,7.75,7.37,7.73,7.75,9,14000,107020.0
2021-10-21,2021-10-21,AAVAS,A,2710.05,2827.7,2702.5,2801.8,2704.7,915,2578,7084031.0
2021-10-21,2021-10-21,GENERAAGRI,X,2.17,2.2,2.17,2.2,2.28,9,2497,5448.0
2021-10-21,2021-10-21,GRSE,A,219.8,227.5,216.75,224.25,216.6,1497,40525,9036867.0
2021-10-21,2021-10-21,A1L,M,202.0,203.05,190.0,202.0,201.5,8,18400,3668615.0
2021-10-21,2021-10-21,SHUBHAM,B,147.0,147.0,135.1,135.95,141.4,30,10249,1387208.0
2021-10-21,2021-10-21,SMGOLD,B,173.5,173.55,173.0,173.35,173.45,136,44142,7652082.0
2021-10-21,2021-10-21,VIVIDM,M,36.25,36.25,36.25,36.25,33.0,1,2520,91350.0
2021-10-21,2021-10-21,BCPL,B,50.35,51.4,50.0,50.65,50.7,250,24946,1263737.0
2021-10-21,2021-10-21,ATGL,T,1405.05,1465.05,1405.05,1458.05,1395.3,475,9569,13833910.0
2021-10-21,2021-10-21,NETRIPPLES,XT,9.09,9.09,9.09,9.09,9.49,2,135,1227.0
2021-10-21,2021-10-21,PHOSPHATE,XT,78.0,78.0,76.05,76.05,80.05,5,220,17138.0
2021-10-21,2021-10-21,NIFTYETF,B,189.0,189.0,186.0,187.4,188.98,53,2375,444950.0
2021-10-21,2021-10-21,TECHNOE,A,264.0,288.5,264.0,284.3,262.25,643,7590,2110716.0
2021-10-21,2021-10-21,RONI,M,73.0,75.0,73.0,75.0,73.0,3,9000,663000.0
2021-10-21,2021-10-21,DGL,M,2.34,2.54,2.32,2.39,2.55,16,38000,91500.0
2021-10-21,2021-10-21,IPRU3218,B,17.3,17.3,17.3,17.3,18.75,1,33,570.0
2021-10-21,2021-10-21,NIVAKA,XT,6.8,6.83,6.8,6.83,6.51,2,420,2856.0
2021-10-21,2021-10-21,DALBHARAT,A,1980.3,1996.65,1929.6,1971.95,1972.85,2126,9794,19156123.0
2021-10-21,2021-10-21,ABSLNN50ET,B,438.0,439.0,433.1,439.0,439.78,27,878,384319.0
2021-10-21,2021-10-21,NILASPACES,B,1.75,1.75,1.7,1.74,1.69,45,45868,80037.0
2021-10-21,2021-10-21,SRD,T,89.9,89.9,89.25,89.25,89.8,11,2829,253240.0
2021-10-21,2021-10-21,TREJHARA,B,59.5,60.9,59.0,59.6,58.55,172,6621,394824.0
2021-10-21,2021-10-21,AXISCCGPG,B,21.2,21.2,19.3,19.3,19.3,6,8,162.0
2021-10-21,2021-10-21,DECCAN,M,29.1,33.0,29.1,32.75,29.6,30,68400,2184360.0
2021-10-21,2021-10-21,KPIGREEN,B,132.65,135.95,130.0,134.4,132.5,81,1750,231060.0
2021-10-21,2021-10-21,RPSGVENT,A,927.65,940.0,920.7,926.4,923.4,439,3723,3454984.0
2021-10-21,2021-10-21,SPENCERS,A,127.7,129.3,123.1,123.9,127.4,932,34988,4412904.0
2021-10-21,2021-10-21,GLOSTERLTD,X,1171.0,1189.8,1164.0,1166.25,1165.0,37,356,417173.0
2021-10-21,2021-10-21,XELPMOC,B,401.95,404.75,392.0,397.3,393.1,210,1743,693877.0
2021-10-21,2021-10-21,RITCO,M,48.6,48.6,46.6,46.7,49.05,29,56000,2621920.0
2021-10-21,2021-10-21,CHALET,A,243.0,252.3,242.7,244.75,243.65,1627,59782,14795949.0
2021-10-21,2021-10-21,ANMOL,B,159.9,159.9,153.05,155.8,153.8,1477,65470,10243077.0
2021-10-21,2021-10-21,JONJUA,M,11.25,11.25,11.25,11.25,11.84,3,8853,99596.0
2021-10-21,2021-10-21,KRANTI,M,34.0,34.0,33.0,33.0,34.5,3,10800,361800.0
2021-10-21,2021-10-21,ANUP,B,949.4,964.45,925.1,931.5,948.4,474,2076,1952876.0
2021-10-21,2021-10-21,ARVINDFASN,A,327.0,336.0,319.9,324.55,326.5,2166,57619,18971452.0
2021-10-21,2021-10-21,AIHL,XT,28.75,28.75,28.75,28.75,30.2,1,154,4427.0
2021-10-21,2021-10-21,AGOL,B,55.55,55.55,52.05,52.75,54.45,82,5468,293320.0
2021-10-21,2021-10-21,MSTCLTD,A,466.0,474.5,442.45,467.4,445.5,5176,123003,56133852.0
2021-10-21,2021-10-21,EMBASSY,IF,350.0,355.5,349.71,351.07,348.49,439,29389,10354262.0
2021-10-21,2021-10-21,NSL,M,32.5,33.5,32.5,33.5,34.15,2,6000,198000.0
2021-10-21,2021-10-21,RVNL,A,33.0,36.55,32.7,35.9,32.5,11491,5416450,189855060.0
2021-10-21,2021-10-21,METROPOLIS,A,2915.0,3033.0,2837.0,2858.55,2909.05,8133,46824,137847704.0
2021-10-21,2021-10-21,KPITTECH,A,342.0,344.5,330.0,337.45,341.75,5252,118468,39770898.0
2021-10-21,2021-10-21,POLYCAB,A,2283.9,2320.0,2140.65,2223.8,2297.65,21598,108459,239268537.0
2021-10-21,2021-10-21,JINAAM,MT,3.12,3.12,2.97,2.99,3.1,8,16000,48380.0
2021-10-21,2021-10-21,VRFILMS,M,383.0,402.75,383.0,402.4,402.75,3,3000,1187750.0
2021-10-21,2021-10-21,VIKASLIFE,B,4.22,4.3,4.1,4.3,4.1,4572,12625357,54144459.0
2021-10-21,2021-10-21,NEOGEN,A,1295.0,1330.0,1243.1,1248.1,1289.8,1175,7035,8897411.0
2021-10-21,2021-10-21,GKP,M,54.75,54.75,54.75,54.75,54.7,1,8000,438000.0
2021-10-21,2021-10-21,WORL,B,209.0,219.7,202.3,202.3,212.9,33,531,108326.0
2021-10-21,2021-10-21,EVANS,M,87.0,87.0,87.0,87.0,87.6,1,500,43500.0
2021-10-21,2021-10-21,BMW,X,36.2,37.3,35.1,36.85,35.9,113,1617,59119.0
2021-10-21,2021-10-21,AEPL,B,54.8,55.0,53.2,54.75,53.5,45,2504,136915.0
2021-10-21,2021-10-21,MAHESH,XT,7.35,7.35,7.35,7.35,7.0,5,570,4189.0
2021-10-21,2021-10-21,CHCL,M,18.5,18.5,18.5,18.5,19.25,1,4000,74000.0
2021-10-21,2021-10-21,DEL,X,13.82,13.82,13.05,13.05,13.82,16,8662,113384.0
2021-10-21,2021-10-21,HARISH,XT,53.2,57.95,53.2,55.2,56.0,8,1519,82886.0
2021-10-21,2021-10-21,PPL,B,158.05,158.05,152.95,153.7,154.65,437,6847,1057694.0
2021-10-21,2021-10-21,DGCONTENT,B,12.49,12.49,11.58,11.71,12.05,19,984,11724.0
2021-10-21,2021-10-21,PARSHVA,M,131.7,131.7,131.7,131.7,130.2,1,1500,197550.0
2021-10-21,2021-10-21,ARL,B,140.0,140.7,136.0,140.7,134.0,376,9968,1400393.0
2021-10-21,2021-10-21,MURAE,B,84.5,84.5,77.2,82.25,80.5,69,4042,325561.0
2021-10-21,2021-10-21,SBC,M,50.3,50.35,49.95,50.25,50.15,15,48000,2409750.0
2021-10-21,2021-10-21,INDIAMART,A,8460.0,8634.85,8232.35,8564.9,8484.75,4372,8078,68016422.0
2021-10-21,2021-10-21,DCMNVL,B,231.0,235.65,225.0,227.05,233.0,237,9860,2279790.0
2021-10-21,2021-10-21,BANKIETF,B,396.0,400.0,393.93,399.77,393.95,32,425,168397.0
2021-10-21,2021-10-21,SNXT50BEES,B,49.9,53.0,49.15,49.65,49.95,62,1850,92910.0
2021-10-21,2021-10-21,AFFLE,A,1077.0,1099.6,1050.0,1066.6,1077.0,2106,16240,17224825.0
2021-10-21,2021-10-21,SEACOAST,X,230.0,235.75,213.0,216.4,214.35,320,29579,6625458.0
2021-10-21,2021-10-21,PVTBANIETF,B,203.5,204.0,201.54,203.5,202.51,13,25,5065.0
2021-10-21,2021-10-21,SPANDANA,A,534.95,550.35,530.0,537.6,531.75,1406,23133,12529767.0
2021-10-21,2021-10-21,SWSOLAR,A,421.0,430.5,402.1,406.25,417.55,3944,121069,50715258.0
2021-10-21,2021-10-21,360ONE,A,1660.05,1785.0,1650.4,1759.5,1654.5,1829,7426,12857910.0
2021-10-21,2021-10-21,IIFLCAPS,A,108.45,113.45,104.65,105.0,105.4,2552,84587,9195837.0
2021-10-21,2021-10-21,MUFIN,X,33.1,33.1,31.1,32.45,32.2,104,3926,127033.0
2021-10-21,2021-10-21,MISQUITA,M,26.05,28.5,26.05,28.5,27.15,2,4000,109100.0
2021-10-21,2021-10-21,VEL,XT,17.2,17.2,17.1,17.2,17.2,6,273,4680.0
2021-10-21,2021-10-21,NIESSPJ,B,24.85,24.85,20.7,21.5,22.95,23,338,7502.0
2021-10-21,2021-10-21,FLUOROCHEM,A,1978.0,1980.0,1890.0,1897.2,1945.05,729,3078,5923531.0
2021-10-21,2021-10-21,NIEHSPI,B,3.35,3.35,3.33,3.33,3.38,2,4,13.0
2021-10-21,2021-10-21,IRCTC,A,4432.95,4750.15,4415.45,4573.1,4432.95,76523,526602,2392954523.0
2021-10-21,2021-10-21,NIEHSPD,B,0.89,0.91,0.89,0.91,0.83,21,7193,6451.0
2021-10-21,2021-10-21,NIEHSPE,B,5.99,5.99,4.91,4.91,5.45,39,17116,88185.0
2021-10-21,2021-10-21,NIEHSPG,B,3.57,3.96,3.57,3.96,3.96,6,1001,3768.0
2021-10-21,2021-10-21,NIEHSPH,B,1.99,1.99,1.78,1.84,1.97,11,7879,14129.0
2021-10-21,2021-10-21,NIEHSPJ,B,7.67,7.67,7.67,7.67,6.98,1,1,7.0
2021-10-21,2021-10-21,NIEHSPL,B,1.13,1.13,1.13,1.13,1.03,1,10,11.0
2021-10-21,2021-10-21,NIESSPL,B,0.77,0.77,0.72,0.74,0.77,16,12400,9001.0
2021-10-21,2021-10-21,GOBLIN,M,21.75,21.75,20.55,20.6,23.8,6,12000,251700.0
2021-10-21,2021-10-21,GENSOL,M,96.0,100.7,91.5,100.0,102.9,15,31920,3102198.0
2021-10-21,2021-10-21,VISHWARAJ,B,36.2,43.4,35.3,43.4,181.1,2944,991015,41782995.0
2021-10-21,2021-10-21,GREENPANEL,B,328.9,336.8,313.3,325.15,328.9,900,26255,8410244.0
2021-10-21,2021-10-21,SHAHLON,X,82.4,88.0,82.4,86.4,84.75,47,27509,2323406.0
2021-10-21,2021-10-21,ABSLBANETF,B,399.0,399.0,396.0,396.2,394.0,53,123,48781.0
2021-10-21,2021-10-21,CSBBANK,A,307.3,309.25,301.0,304.2,304.65,643,12267,3726190.0
2021-10-21,2021-10-21,ABCRSPRG,F,2.0,2.0,2.0,2.0,2.0,2,70,140.0
2021-10-21,2021-10-21,ABCRSPDG,F,1.9,2.0,1.9,2.0,1.9,8,2207,4213.0
2021-10-21,2021-10-21,UJJIVANSFB,A,22.5,22.6,22.2,22.35,22.2,661,195067,4364361.0
2021-10-21,2021-10-21,HINDWAREAP,T,458.95,458.95,430.0,437.2,450.0,133,3375,1495866.0
2021-10-21,2021-10-21,PRINCEPIPE,A,724.0,739.4,714.05,717.4,716.3,4502,65304,47224997.0
2021-10-21,2021-10-21,EBBETF0430,F,1179.0,1184.0,1179.0,1183.67,1178.38,9,11,13009.0
2021-10-21,2021-10-21,ASSAMENT,XT,820.8,820.8,800.0,800.0,820.8,2,6,4820.0
2021-10-21,2021-10-21,GIANLIFE,M,111.05,111.05,100.6,100.6,105.85,7,42000,4328100.0
2021-10-21,2021-10-21,ARTEMISMED,B,32.55,33.85,32.25,33.8,32.25,329,22937,769078.0
2021-10-21,2021-10-21,SUMICHEM,A,400.15,404.0,397.5,399.45,399.8,925,14227,5678599.0
2021-10-21,2021-10-21,MIDCAPIETF,B,118.75,119.7,117.0,117.6,118.79,78,1718,202931.0
2021-10-21,2021-10-21,NEXT50,B,431.0,431.0,423.5,431.0,432.96,73,4821,2070156.0
2021-10-21,2021-10-21,BIRLATYRES,B,24.95,25.15,24.5,24.8,24.95,331,25027,619160.0
2021-10-21,2021-10-21,UNIVPHOTO,B,370.0,387.0,365.0,376.2,378.05,47,452,172034.0
2021-10-21,2021-10-21,CBPL,M,102.6,113.0,102.6,113.0,108.0,2,4000,431200.0
2021-10-21,2021-10-21,ICLORGANIC,M,13.33,14.69,13.33,14.69,14.03,10,60000,857700.0
2021-10-21,2021-10-21,OCTAVIUSPL,X,49.15,49.15,49.15,49.15,49.15,4,392,19266.0
2021-10-21,2021-10-21,04AGG,F,3.55,3.55,3.55,3.55,3.59,2,11,39.0
2021-10-21,2021-10-21,04GPG,F,1.96,1.96,1.62,1.62,1.79,111,213686,391722.0
2021-10-21,2021-10-21,06AGG,F,7.99,7.99,6.58,7.9,7.29,4,20,145.0
2021-10-21,2021-10-21,06ARD,F,11.8,11.8,11.8,11.8,10.73,4,380,4484.0
2021-10-21,2021-10-21,06GPG,F,1.97,1.97,1.71,1.71,1.89,145,71788,123900.0
2021-10-21,2021-10-21,UTIBFS1RGR,F,1.56,1.56,1.56,1.56,1.72,1,2,3.0
2021-10-21,2021-10-21,UTRSFS1RGR,F,0.73,0.73,0.73,0.73,0.81,1,2,1.0
2021-10-21,2021-10-21,UTRSFS1DMD,F,1.35,1.35,1.35,1.35,1.23,1,300,405.0
2021-10-21,2021-10-21,UTDBFS1RGR,F,0.82,0.82,0.7,0.7,0.75,3,1105,905.0
2021-10-21,2021-10-21,UTDBFS1DGR,F,1.06,1.06,1.06,1.06,1.17,1,5,5.0
2021-10-21,2021-10-21,COHANCE,A,533.25,533.55,524.35,529.45,533.95,605,5716,3016648.0
2021-10-21,2021-10-21,SBICARD,A,1105.0,1114.75,1080.3,1088.8,1102.35,4468,56938,62307252.0
2021-10-21,2021-10-21,07GPG,F,4.24,4.24,3.5,3.5,3.88,7,115,405.0
2021-10-21,2021-10-21,09AGG,F,39.6,43.65,39.6,43.65,44.0,2,3,122.0
2021-10-21,2021-10-21,09GPG,F,0.5,0.5,0.5,0.5,0.46,1,10,5.0
2021-10-21,2021-10-21,08GPG,B,1.44,1.52,1.39,1.42,1.44,119,93873,135428.0
2021-10-21,2021-10-21,10ARD,F,9.0,9.0,9.0,9.0,10.0,1,10,90.0
2021-10-21,2021-10-21,10GPG,F,1.97,1.97,1.93,1.93,1.8,8,2149,4187.0
2021-10-21,2021-10-21,11DPR,B,12.8,12.8,10.8,11.88,11.99,27,53,626.0
2021-10-21,2021-10-21,11GPG,B,2.9,3.01,2.82,2.95,3.01,36,13653,39426.0
2021-10-21,2021-10-21,11MPD,B,2.98,2.98,2.78,2.94,2.86,35,9994,28758.0
2021-10-21,2021-10-21,11MPR,B,7.97,7.98,7.96,7.98,7.26,29,4069,32466.0
2021-10-21,2021-10-21,11QPD,B,4.4,4.4,3.7,3.7,4.11,39,13091,51594.0
2021-10-21,2021-10-21,11AGG,B,8.46,8.46,8.46,8.46,8.47,4,113,955.0
2021-10-21,2021-10-21,11AMD,B,4.46,4.46,3.69,4.22,4.1,26,13821,52809.0
2021-10-21,2021-10-21,11DPD,B,3.5,3.5,2.97,2.97,3.29,32,3565,11579.0
2021-10-21,2021-10-21,POWERINDIA,A,2558.6,2559.6,2442.4,2484.05,2492.0,658,2027,5054819.0
2021-10-21,2021-10-21,DJML,M,125.9,125.9,125.9,125.9,124.95,1,3000,377700.0
2021-10-21,2021-10-21,NATURAL,X,32.2,32.9,30.7,30.7,32.3,590,521094,16784840.0
2021-10-21,2021-10-21,BILLWIN,M,17.7,17.7,17.7,17.7,19.05,2,6000,106200.0
2021-10-21,2021-10-21,AARTISURF,B,1418.1,1418.95,1362.2,1377.6,1396.45,812,3531,4871871.0
2021-10-21,2021-10-21,BOROLTD,B,260.4,278.4,260.4,264.1,260.25,1853,23781,6406451.0
2021-10-21,2021-10-21,ROSSARI,B,1448.2,1452.35,1414.1,1430.05,1433.9,564,2076,2961797.0
2021-10-21,2021-10-21,NDRAUTO,B,373.0,373.0,365.0,367.75,362.0,83,1661,611880.0
2021-10-21,2021-10-21,EBBETF0431,F,1056.0,1060.91,1051.1,1056.9,1059.04,102,1478,1560108.0
2021-10-21,2021-10-21,MINDSPACE,IF,333.95,342.0,295.0,320.14,330.37,634,44226,14439952.0
2021-10-21,2021-10-21,ALPL30IETF,B,180.0,180.7,175.15,176.2,179.77,186,5196,918537.0
2021-10-21,2021-10-21,MAXHEALTH,B,336.1,348.05,334.65,346.05,341.4,673,98876,33476684.0
2021-10-21,2021-10-21,ITIETF,B,373.1,376.0,361.3,364.7,372.8,216,6424,2358218.0
2021-10-21,2021-10-21,MAXIND,B,76.3,76.4,74.9,75.3,75.7,367,12958,978062.0
2021-10-21,2021-10-21,HDFCNIFBAN,B,396.0,400.0,393.1,400.0,395.45,38,224,88623.0
2021-10-21,2021-10-21,BANKBETA,B,39.32,40.14,39.32,39.95,39.95,46,2473,98391.0
2021-10-21,2021-10-21,HAPPSTMNDS,T,1370.0,1400.9,1350.0,1386.6,1381.9,2307,19977,27260739.0
2021-10-21,2021-10-21,ROUTE,B,2097.0,2112.55,2002.0,2030.45,2084.4,5619,28208,57415134.0
2021-10-21,2021-10-21,ADVAIT,M,88.25,88.25,87.25,87.25,90.5,2,4000,351000.0
2021-10-21,2021-10-21,ADL,T,46.05,47.1,45.65,45.9,48.05,17,2210,101109.0
2021-10-21,2021-10-21,CAMS,B,3091.0,3091.0,3024.0,3069.55,3091.9,1943,7409,22604166.0
2021-10-21,2021-10-21,CHEMCON,B,422.0,425.0,415.65,419.75,418.9,582,6681,2806299.0
2021-10-21,2021-10-21,ANGELONE,B,1449.0,1465.5,1236.0,1311.0,1396.55,9510,90353,119072420.0
2021-10-21,2021-10-21,ATAM,M,47.95,50.0,47.95,50.0,49.0,4,15000,728850.0
2021-10-21,2021-10-21,MAZDOCK,B,275.0,280.7,270.25,279.1,272.0,3174,94746,26197465.0
2021-10-21,2021-10-21,UTIAMC,B,1070.7,1109.45,1069.6,1097.75,1085.8,626,4447,4826911.0
2021-10-21,2021-10-21,LIKHITHA,B,355.0,374.15,355.0,365.2,359.05,1165,16832,6155538.0
2021-10-21,2021-10-21,HEMIPROP,B,147.0,149.0,143.0,144.2,145.5,1926,153255,22386301.0
2021-10-21,2021-10-21,EQUITASBNK,B,66.0,66.0,64.25,64.9,64.25,733,47747,3103872.0
2021-10-21,2021-10-21,SHINEFASH,M,132.0,132.0,132.0,132.0,138.0,1,3000,396000.0
2021-10-21,2021-10-21,GLAND,B,3565.0,3716.4,3337.4,3617.9,3539.6,4099,13676,48109865.0
2021-10-21,2021-10-21,ESG,B,30.85,30.89,30.45,30.64,30.88,40,5790,177036.0
2021-10-21,2021-10-21,RBA,B,162.0,164.95,160.8,162.3,162.0,3388,204284,33147412.0
2021-10-21,2021-10-21,TARC,B,39.75,42.6,39.0,41.9,40.6,740,91433,3754034.0
2021-10-21,2021-10-21,RVHL,B,27.75,28.05,25.9,27.25,26.85,238,9409,255212.0
2021-10-21,2021-10-21,FAIRCHEMOR,B,1961.95,1961.95,1853.0,1871.65,1869.8,740,2578,4834788.0
2021-10-21,2021-10-21,BECTORFOOD,B,429.7,429.7,408.25,409.6,415.05,704,12982,5376822.0
2021-10-21,2021-10-21,AWHCL,B,335.0,340.5,320.1,322.15,332.55,2515,50437,16572821.0
2021-10-21,2021-10-21,INFRABEES,B,543.0,546.54,532.0,536.67,536.14,58,168,90087.0
2021-10-21,2021-10-21,IRFC,B,24.0,24.3,23.7,24.25,23.55,2785,1904386,45697395.0
2021-10-21,2021-10-21,INDIGOPNTS,B,2505.0,2505.0,2402.55,2457.7,2482.7,1252,3066,7516171.0
2021-10-21,2021-10-21,HOMEFIRST,B,641.15,647.0,622.3,626.5,644.0,769,7720,4911964.0
2021-10-21,2021-10-21,STOVEKRAFT,B,1040.0,1040.0,978.1,1007.6,1030.1,1455,16049,16188506.0
2021-10-21,2021-10-21,BIRET,IF,274.0,275.08,271.1,273.45,271.7,162,22262,6092548.0
2021-10-21,2021-10-21,MRP,M,34.15,34.15,34.05,34.15,34.0,3,9000,307050.0
2021-10-21,2021-10-21,SMCGLOBAL,B,76.15,77.3,75.5,76.15,75.35,71,5857,446000.0
2021-10-21,2021-10-21,NURECA,B,1790.0,1795.4,1740.05,1784.7,1751.35,453,1432,2531644.0
2021-10-21,2021-10-21,RAILTEL,B,128.95,133.0,128.7,131.85,128.95,3792,228192,29764283.0
2021-10-21,2021-10-21,HERANBA,B,746.0,755.0,730.1,740.0,745.5,3015,31144,23042355.0
2021-10-21,2021-10-21,DRCSYSTEMS,T,355.55,356.0,355.55,356.0,370.8,4,17,6051.0
2021-10-21,2021-10-21,ADJIA,MS,29.5,29.5,29.5,29.5,29.2,2,3200,94400.0
2021-10-21,2021-10-21,MTARTECH,B,1560.0,1590.0,1531.0,1574.95,1534.75,2156,12162,18985635.0
2021-10-21,2021-10-21,JUBLINGREA,B,677.2,685.85,661.9,675.5,673.55,3498,66111,44566404.0
2021-10-21,2021-10-21,EASEMYTRIP,T,549.9,566.65,512.75,525.35,539.7,1599,44907,23203645.0
2021-10-21,2021-10-21,KMEW,M,91.05,91.1,87.95,88.5,92.55,11,33000,2935500.0
2021-10-21,2021-10-21,ANURAS,B,798.2,816.35,790.0,805.7,791.65,729,6795,5489987.0
2021-10-21,2021-10-21,CRAFTSMAN,B,2518.25,2523.35,2448.8,2466.8,2518.2,801,1992,4932582.0
2021-10-21,2021-10-21,LXCHEM,B,502.0,509.9,474.7,475.1,499.65,17180,352168,168725059.0
2021-10-21,2021-10-21,KALYANKJIL,B,75.3,79.3,74.95,75.65,75.1,5545,710860,54818645.0
2021-10-21,2021-10-21,SURYODAY,B,181.3,182.5,178.0,178.95,180.45,747,11640,2091808.0
2021-10-21,2021-10-21,NAZARA,T,2825.0,2890.0,2725.9,2743.3,2869.35,2737,11941,32969014.0
2021-10-21,2021-10-21,SUVIDHAA,B,15.7,15.7,14.95,15.05,15.75,359,37227,562220.0
2021-10-21,2021-10-21,UFBL,B,1204.4,1255.55,1200.0,1211.35,1227.9,1308,13572,16536250.0
2021-10-21,2021-10-21,EKI,M,2662.4,2662.45,2662.4,2662.4,2802.5,5,6000,15974520.0
2021-10-21,2021-10-21,ARTEMISADR,M,19.0,19.0,17.15,17.95,19.0,7,42000,762900.0
2021-10-21,2021-10-21,LODHA,B,1070.45,1088.35,1000.85,1030.35,1048.3,4658,150471,157051425.0
2021-10-21,2021-10-21,DEEPINDS,B,149.85,151.7,138.55,139.95,146.7,582,10040,1441223.0
2021-10-21,2021-10-21,PGINVIT,IF,121.7,121.78,121.3,121.58,121.68,230,47122,5726757.0
2021-10-21,2021-10-21,MAFANG,B,57.0,57.0,56.2,56.3,56.62,242,10404,585628.0
2021-10-21,2021-10-21,HEALTHIETF,B,88.2,88.5,86.03,86.25,87.91,68,2326,202845.0
2021-10-21,2021-10-21,IWEL,B,775.0,775.0,740.1,750.05,765.0,37,106,79981.0
2021-10-21,2021-10-21,VINEETLAB,B,79.65,80.0,76.0,77.2,78.85,184,4017,313297.0
2021-10-21,2021-10-21,SHYAMMETL,B,362.55,365.5,359.05,360.2,362.55,2646,50349,18232428.0
2021-10-21,2021-10-21,SONACOMS,B,643.95,653.7,602.05,625.05,643.95,12684,190185,118930244.0
2021-10-21,2021-10-21,NAVODAYENT,M,10.55,11.0,9.4,11.0,11.0,5,30000,314700.0
2021-10-21,2021-10-21,DODLA,B,645.5,645.5,610.5,615.0,628.75,1007,18765,11687312.0
2021-10-21,2021-10-21,KIMS,B,1136.1,1140.0,1085.0,1094.65,1135.05,2721,17413,19387387.0
2021-10-21,2021-10-21,ADESHWAR,M,32.2,32.2,32.2,32.2,31.0,1,6000,193200.0
2021-10-21,2021-10-21,TIMESGREEN,M,61.05,61.05,61.05,61.05,61.05,1,2000,122100.0
2021-10-21,2021-10-21,IPL,B,328.05,333.0,324.85,331.65,328.0,846,21567,7107086.0
2021-10-21,2021-10-21,GRINFRA,B,2052.0,2134.35,2020.9,2057.55,2037.3,2229,10556,21902420.0
2021-10-21,2021-10-21,CLEAN,B,2049.9,2058.7,1954.55,2022.7,2021.4,2574,17075,34341757.0
2021-10-21,2021-10-21,AAPLUSTRAD,M,6.87,8.16,6.87,8.04,7.25,3,24000,184560.0
2021-10-21,2021-10-21,ETERNAL,B,140.0,140.0,135.85,138.1,138.3,10943,973410,134086412.0
2021-10-21,2021-10-21,TATVA,B,2110.85,2170.35,2103.65,2144.6,2103.0,1050,4498,9633268.0
2021-10-21,2021-10-21,ALIVUS,B,638.55,639.5,626.45,628.4,634.75,682,5370,3393124.0
2021-10-21,2021-10-21,BFSI,B,18.9,19.3,18.73,19.2,19.0,67,13007,248399.0
2021-10-21,2021-10-21,GCSL,M,205.8,205.85,200.0,201.0,200.2,14,11200,2277520.0
2021-10-21,2021-10-21,ROLEXRINGS,B,1125.7,1128.4,1090.3,1102.9,1105.2,498,1880,2091747.0
2021-10-21,2021-10-21,FMCGIETF,B,399.35,407.0,392.51,395.08,398.4,117,1759,697051.0
2021-10-21,2021-10-21,EXXARO,B,154.0,160.8,154.0,156.05,154.7,1607,59562,9369725.0
2021-10-21,2021-10-21,KRSNAA,B,727.95,727.95,691.5,694.75,714.45,1308,12230,8563629.0
2021-10-21,2021-10-21,WINDLAS,B,335.0,337.95,332.1,332.85,334.95,1616,24668,8245124.0
2021-10-21,2021-10-21,DEVYANI,B,126.0,126.8,122.35,122.95,124.5,5253,451382,56223393.0
2021-10-21,2021-10-21,MOL,B,114.0,115.85,111.0,111.7,113.85,2282,156611,17628322.0
2021-10-21,2021-10-21,EPIGRAL,B,885.1,910.45,859.65,871.1,884.45,1053,11197,9834735.0
2021-10-21,2021-10-21,CARTRADE,B,1299.75,1301.6,1272.75,1276.5,1290.55,2677,18679,24050751.0
2021-10-21,2021-10-21,NUVOCO,B,516.0,524.95,515.0,519.9,521.75,2000,41207,21398551.0
2021-10-21,2021-10-21,APTUS,B,311.1,317.15,310.7,312.9,311.7,1048,50834,15952584.0
2021-10-21,2021-10-21,CHEMPLASTS,B,698.8,714.0,672.05,676.5,691.5,4683,82704,57045302.0
2021-10-21,2021-10-21,AASHKA,M,46.0,47.35,45.3,46.25,46.95,20,21000,969400.0
2021-10-21,2021-10-21,ITAXIS,B,366.0,369.0,358.1,361.5,363.86,82,1696,616689.0
2021-10-21,2021-10-21,HEALTHAXIS,B,87.9,88.67,87.02,87.65,87.83,84,8125,714825.0
2021-10-21,2021-10-21,ACUTAAS,B,1256.0,1275.0,1216.75,1226.35,1250.5,2906,41380,51373773.0
2021-10-21,2021-10-21,VIJAYA,B,582.65,587.15,570.0,572.7,583.95,1241,18768,10840997.0
2021-10-21,2021-10-21,NBL,MS,60.35,60.35,60.35,60.35,58.0,1,1600,96560.0
2021-10-21,2021-10-21,POBS,M,296.75,309.0,296.75,309.0,296.75,4,4800,1452900.0
2021-10-21,2021-10-21,CONSUMAXIS,B,72.0,72.9,72.0,72.87,71.93,154,741,53917.0
2021-10-21,2021-10-21,SANSERA,B,790.55,804.0,770.65,777.2,789.45,2344,48745,38400440.0
2021-10-21,2021-10-21,PREVEST,M,271.3,274.0,261.0,263.15,260.5,18,28800,7744880.0
2021-10-21,2021-10-21,MARKOLINES,M,71.7,71.7,69.25,69.5,70.0,7,11200,784320.0
2021-10-21,2021-10-21,MASPTOP50,B,29.0,29.48,28.95,29.1,28.95,57,6459,187993.0
2021-10-21,2021-10-21,PARAS,B,1003.0,1101.4,929.55,1101.4,1001.3,53140,978336,1046887020.0
2021-10-21,2021-10-21,GETALONG,MT,69.0,69.0,67.0,69.0,68.85,18,42000,2894000.0
2021-10-21,2021-10-21,SVRL,MT,50.25,50.6,49.75,50.6,48.2,23,72000,3620550.0
2021-10-21,2021-10-21,ABSLAMC,B,670.0,671.0,650.0,658.85,662.6,5674,114895,76189308.0
2021-10-21,2021-10-21,PROMAX,MT,14.71,14.71,14.71,14.71,14.01,4,40000,588400.0
2021-10-21,2021-10-21,SAMOR,MT,64.0,64.5,64.0,64.0,64.5,4,8000,513000.0
2021-10-21,2021-10-21,SENSEXIETF,B,666.1,674.9,659.0,663.36,671.53,77,571,378115.0
2021-10-21,2021-10-21,TATAMTRDVR,A,239.9,255.85,231.0,255.85,232.6,26045,1121818,275288683.0
2021-10-21,2021-10-21,FELDVR,B,12.3,12.3,11.6,12.18,12.16,67,22089,262521.0
2021-10-21,2021-10-21,JISLDVREQS,T,25.05,27.25,24.8,25.55,26.0,41,3259,85647.0
2021-10-21,2021-10-21,GATECHDVR,T,11.85,11.85,11.85,11.85,12.45,14,1676,19860.0
2021-10-21,2021-10-21,KARURVYSYA,B,49.75,51.8,49.3,50.6,49.7,3827,906964,45872401.0
2021-10-21,2021-10-21,VEEDOL,B,1750.05,1766.0,1715.0,1723.5,1745.05,606,2677,4630065.0
2021-10-21,2021-10-21,AMRUTANJAN,B,918.2,938.6,909.4,924.6,901.55,1115,9818,9060429.0
2021-10-21,2021-10-21,XPROINDIA,B,596.0,636.4,576.1,605.45,606.1,1294,16520,9984641.0
2021-10-21,2021-10-21,HISARMETAL,B,124.95,128.9,123.8,127.15,123.3,47,1286,160227.0
2021-10-21,2021-10-21,BHARATRAS,B,11482.2,11700.0,11036.55,11077.5,11429.45,413,517,5824313.0
2021-10-21,2021-10-21,EASTSILK,B,4.54,4.75,4.54,4.54,4.77,106,58074,264509.0
2021-10-21,2021-10-21,FACT,B,122.2,123.95,120.65,122.1,122.3,515,10654,1300216.0
2021-10-21,2021-10-21,GINNIFILA,B,32.3,32.5,31.15,32.4,32.35,122,8191,259161.0
2021-10-21,2021-10-21,SPIC,B,48.3,49.15,48.25,48.7,48.3,537,39629,1925301.0
2021-10-21,2021-10-21,DENORA,B,346.75,354.0,339.15,339.25,341.65,157,2174,752406.0
2021-10-21,2021-10-21,KAVDEFENCE,T,7.22,7.98,7.22,7.62,7.6,52,11025,84477.0
2021-10-21,2021-10-21,SAKSOFT,B,1017.95,1021.15,963.55,977.15,1011.5,1442,9090,8954395.0
2021-10-21,2021-10-21,SALONA,B,196.55,200.25,196.5,196.65,196.5,48,744,146965.0
2021-10-21,2021-10-21,EQUIPPP,T,167.2,167.2,167.2,167.2,176.0,177,5430,907896.0
2021-10-21,2021-10-21,ANDHRSUGAR,B,649.35,661.1,645.0,656.75,641.8,453,4495,2945514.0
2021-10-21,2021-10-21,IMPAL,B,794.0,800.0,780.95,799.9,791.45,48,925,739643.0
2021-10-21,2021-10-21,KCP,B,133.3,135.0,131.45,133.4,132.4,836,20925,2783835.0
2021-10-21,2021-10-21,KHAITANLTD,T,34.8,37.3,34.8,37.3,36.25,3,110,3953.0
2021-10-21,2021-10-21,RADAAN,B,1.34,1.38,1.29,1.31,1.34,25,25839,34514.0
2021-10-21,2021-10-21,SUNDARMFIN,B,2510.0,2510.0,2392.75,2472.85,2506.7,948,2643,6451208.0
2021-10-21,2021-10-21,SUNDRMBRAK,B,400.2,410.75,398.0,404.45,399.5,48,279,112001.0
2021-10-21,2021-10-21,WHEELS,B,734.05,740.25,713.0,714.65,731.35,278,1663,1197432.0
2021-10-21,2021-10-21,LAMBODHARA,B,85.0,86.0,81.1,85.6,83.15,91,2441,204398.0
2021-10-21,2021-10-21,MAITHANALL,B,1118.95,1133.05,1101.9,1111.95,1099.25,802,4719,5267799.0
2021-10-21,2021-10-21,LOHIASECURI,XT,147.95,147.95,133.95,147.0,140.95,17,111,14960.0
2021-10-21,2021-10-21,ORISSAMINE,B,2749.05,2752.9,2700.55,2704.7,2728.7,498,1681,4570498.0
2021-10-21,2021-10-21,GOLDBEES,E,41.11,41.27,41.08,41.18,41.1,12761,610647,25135051.0
2021-10-21,2021-10-21,LIQUIDBEES,F,999.51,1000.01,999.51,1000.01,1000.0,1346,114402,114401336.0
2021-10-21,2021-10-21,GOLD1,E,41.3,41.94,41.3,41.4,41.23,187,23371,970252.0
2021-10-21,2021-10-21,SETFGOLD,E,4220.0,4228.75,4215.0,4216.44,4211.7,85,357,1507095.0
2021-10-21,2021-10-21,QGOLDHALF,E,2045.0,2047.0,2037.0,2047.0,2040.5,27,73,148941.0
2021-10-21,2021-10-21,GOLDBETA,E,41.49,41.5,41.31,41.4,41.27,184,3364,139313.0
2021-10-21,2021-10-21,NIFTYBEES,B,201.0,201.0,195.0,195.93,197.46,7839,289640,56826370.0
2021-10-21,2021-10-21,JUNIORBEES,B,455.0,455.95,446.42,450.73,453.46,1387,13526,6092577.0
2021-10-21,2021-10-21,BANKBEES,B,398.71,405.1,397.45,402.59,398.74,1122,111114,44520879.0
2021-10-21,2021-10-21,PSUBANK,B,271.0,277.16,268.26,276.11,270.11,303,13025,3577798.0
2021-10-21,2021-10-21,PSUBNKBEES,B,30.2,31.12,30.11,30.95,30.08,939,248389,7623813.0
2021-10-21,2021-10-21,SHARIABEES,B,453.0,453.0,441.22,444.56,450.55,20,103,45797.0
2021-10-21,2021-10-21,QNIFTY,B,1896.1,1896.1,1883.0,1886.0,1902.0,15,26,49053.0
2021-10-21,2021-10-21,HNGSNGBEES,E,330.0,333.55,320.1,323.86,326.97,102,2344,766531.0
2021-10-21,2021-10-21,MOM50,B,181.1,183.0,179.5,180.56,180.12,19,38,6890.0
2021-10-21,2021-10-21,ASHIKACR,X,37.0,38.5,36.25,37.4,36.45,86,24128,893272.0
2021-10-21,2021-10-21,MADRASFERT,B,30.4,30.5,29.3,30.2,29.75,152,9216,275132.0
2021-10-21,2021-10-21,SETFNIF50,B,187.99,187.99,184.65,185.93,185.82,110,835,154709.0
2021-10-21,2021-10-21,ZEENCPS,F,2.05,2.06,2.05,2.06,2.06,53,146756,301544.0
2021-10-21,2021-10-21,SGB20151,G,4669.0,5245.0,4669.0,5122.5,4795.0,13,47,227708.0
2021-10-21,2021-10-21,SGB2016I,G,4651.0,4700.0,4651.0,4700.0,4699.0,12,18,84184.0
2021-10-21,2021-10-21,SGB2016II,G,4775.0,4820.0,4775.0,4781.33,4760.0,6,24,114931.0
2021-10-21,2021-10-21,SGBAUG24,G,4650.0,4765.0,4650.0,4765.0,4653.0,2,6,28015.0
2021-10-21,2021-10-21,SGBNOV24,G,4651.0,4652.0,4651.0,4652.0,4650.0,3,5,23256.0
2021-10-21,2021-10-21,SGBMAR25,G,4650.05,4650.05,4618.01,4618.01,4700.0,3,7,32518.0
2021-10-21,2021-10-21,SGBOCT25IV,G,4621.05,4621.05,4621.05,4621.05,4655.0,1,1,4621.0
2021-10-21,2021-10-21,SGBNOV25,G,4612.0,4612.0,4611.0,4611.0,4605.0,2,25,115295.0
2021-10-21,2021-10-21,SGBNOV26,G,4621.05,4621.05,4621.05,4621.05,4700.0,1,3,13863.0
2021-10-21,2021-10-21,SGBDEC26,G,4613.0,4613.0,4613.0,4613.0,5000.0,1,3,13839.0
2021-10-21,2021-10-21,SGBAUG27,G,4690.0,4700.0,4650.0,4650.0,4700.0,5,8,37430.0
2021-10-21,2021-10-21,SGBOCT27VI,G,4770.0,4770.0,4770.0,4770.0,4631.0,1,1,4770.0
2021-10-21,2021-10-21,SGBDC27VII,G,4623.0,4623.0,4622.0,4622.0,4725.0,2,4,18490.0
2021-10-21,2021-10-21,SGBAPR28I,G,4661.4,4700.0,4661.4,4680.08,4699.0,17,51,239062.0
2021-10-21,2021-10-21,SGBMAY28,G,4661.0,4684.99,4611.0,4670.0,4661.11,22,206,958426.0
2021-10-21,2021-10-21,SGBJUL28IV,G,4680.0,4700.0,4651.0,4652.74,4690.0,25,113,527020.0
2021-10-21,2021-10-21,SGBAUG28V,G,4776.99,4776.99,4733.09,4735.0,4741.01,14,75,355868.0
2021-10-21,2021-10-21,SGBSEP28VI,G,4655.0,4700.0,4651.0,4664.0,4698.0,31,126,589558.0
2021-10-21,2021-10-21,SGBOC28VII,G,4680.0,4680.0,4680.0,4680.0,4657.0,1,3,14040.0
2021-10-21,2021-10-21,SGBN28VIII,G,4706.0,4790.0,4611.0,4700.0,4720.01,32,157,734275.0
2021-10-21,2021-10-21,SGBJAN29IX,G,4676.0,4695.0,4670.0,4690.24,4692.53,26,93,434933.0
2021-10-21,2021-10-21,SGBJAN29X,G,4659.0,4745.0,4651.25,4685.86,4667.37,17,49,228807.0
2021-10-21,2021-10-21,SGBFEB29XI,G,4633.0,4636.0,4633.0,4636.0,4633.0,2,11,50966.0
2021-10-21,2021-10-21,SGBMR29XII,G,4643.0,4651.01,4643.0,4651.0,4643.12,8,48,223099.0
2021-10-21,2021-10-21,SGBMAY29I,G,4666.0,4693.95,4666.0,4680.75,4680.0,18,157,733028.0
2021-10-21,2021-10-21,SGBJUN29II,G,4725.0,4749.99,4725.0,4749.99,4670.0,2,5,23724.0
2021-10-21,2021-10-21,SGBJU29III,G,4636.01,4670.0,4636.01,4670.0,4643.03,2,2,9306.0
2021-10-21,2021-10-21,SGBJUL29IV,G,4650.0,4730.0,4650.0,4654.0,4646.01,9,29,135262.0
2021-10-21,2021-10-21,SGBAUG29V,G,4641.01,4749.99,4641.01,4651.0,4698.99,25,106,494912.0
2021-10-21,2021-10-21,SGBSEP29VI,G,4662.0,4690.0,4662.0,4675.0,4663.85,7,24,112158.0
2021-10-21,2021-10-21,RELIANCEPP,A,2089.0,2089.0,1966.0,1992.7,2062.95,1002,44044,88743539.0
2021-10-21,2021-10-21,SCANPGEOMPP,XT,11.08,11.08,10.5,10.9,10.6,23,7454,79681.0
2021-10-21,2021-10-21,TEXELINPP,X,27.2,27.2,27.2,27.2,30.2,36,18603,506001.0
2021-10-21,2021-10-21,99IFCI24,F,1085.0,1085.0,1085.0,1085.0,1082.2,1,190,206150.0
2021-10-21,2021-10-21,94IFCI25,F,1060.0,1060.0,1050.5,1050.5,1050.5,5,172,181731.0
2021-10-21,2021-10-21,849NTPC25,F,13.93,14.15,13.89,13.92,13.93,23,3831,53809.0
2021-10-21,2021-10-21,1025SEFL22I,F,204.0,204.0,204.0,204.0,254.9,1,10,2040.0
2021-10-21,2021-10-21,736PFCL25,F,1134.77,1134.77,1134.77,1134.77,1087.01,1,10,11347.0
2021-10-21,2021-10-21,76NHAI31,F,1240.0,1241.0,1240.0,1241.0,1240.0,7,269,333760.0
2021-10-21,2021-10-21,774IREDA31,F,1262.0,1262.75,1262.0,1262.6,1261.59,3,222,280237.0
2021-10-21,2021-10-21,727HUDCO26,F,1153.99,1153.99,1153.99,1153.99,1135.05,1,25,28849.0
2021-10-21,2021-10-21,764HUDCO31,F,1250.0,1254.99,1250.0,1254.99,1248.0,5,161,201304.0
2021-10-21,2021-10-21,729NHAI26,F,1107.0,1107.0,1106.98,1106.98,1120.0,2,47,52028.0
2021-10-21,2021-10-21,769NHAI31,F,1206.0,1209.0,1206.0,1208.73,1206.0,10,493,595900.0
2021-10-21,2021-10-21,769HUDCO31,F,1264.25,1264.25,1264.25,1264.25,1270.0,1,8,10114.0
2021-10-21,2021-10-21,704IRFC26,F,1307.9,1307.9,1092.01,1092.01,1090.1,2,35,45560.0
2021-10-21,2021-10-21,729IRFC26,F,1090.0,1091.0,1090.0,1091.0,1091.5,2,10,10905.0
2021-10-21,2021-10-21,764IRFC31,F,1207.3,1207.3,1205.1,1205.1,1206.18,3,200,241090.0
2021-10-21,2021-10-21,729NABAR26,F,1149.9,1149.9,1149.9,1149.9,1169.9,1,5,5749.0
2021-10-21,2021-10-21,9MMFSL26,F,1092.8,1092.8,1090.0,1090.15,1095.5,34,3867,4216186.0
2021-10-21,2021-10-21,957NIDO26,F,956.0,970.0,955.0,970.0,1000.0,21,720,689515.0
2021-10-21,2021-10-21,10NIDO26,F,975.0,975.0,970.0,975.0,978.0,7,200,194847.0
2021-10-21,2021-10-21,9SCL26BA,F,949.0,950.0,949.0,950.0,945.11,9,200,189989.0
2021-10-21,2021-10-21,915SCL26,F,940.0,940.0,940.0,940.0,940.0,3,210,197400.0
2021-10-21,2021-10-21,915RHFL27B,F,360.0,360.0,350.0,350.0,358.99,10,73,25865.0
2021-10-21,2021-10-21,935SEFL22B,F,244.0,244.0,244.0,244.0,220.05,1,20,4880.0
2021-10-21,2021-10-21,950SEFL22,F,197.21,197.21,197.2,197.2,228.0,2,50,9860.0
2021-10-21,2021-10-21,0SEFL22D,F,298.6,298.65,281.0,281.0,280.0,3,170,47946.0
2021-10-21,2021-10-21,875MFL22,F,1001.16,1001.16,1001.16,1001.16,1001.0,1,52,52060.0
2021-10-21,2021-10-21,800MMFSL27,F,1032.0,1032.0,1032.0,1032.0,1033.0,1,5,5160.0
2021-10-21,2021-10-21,805MMFSL32,F,1059.9,1087.9,1059.9,1087.9,1050.0,10,600,644309.0
2021-10-21,2021-10-21,925SEFL22,F,161.0,163.0,161.0,163.0,163.0,6,258,41598.0
2021-10-21,2021-10-21,930SEFL22,F,159.9,160.0,159.9,160.0,156.0,2,27,4319.0
2021-10-21,2021-10-21,0SEFL22,F,154.0,155.0,153.8,153.8,133.54,5,300,46304.0
2021-10-21,2021-10-21,9SEFL23B,F,201.05,203.05,200.0,203.05,200.0,5,240,48157.0
2021-10-21,2021-10-21,888ECL28,F,906.8,906.8,900.0,900.0,906.8,5,100,90258.0
2021-10-21,2021-10-21,875MFL23,F,1005.0,1005.0,1001.03,1001.03,1010.0,3,100,100179.0
2021-10-21,2021-10-21,9SEFL23A,F,180.0,180.0,180.0,180.0,205.0,3,182,32760.0
2021-10-21,2021-10-21,935SEFL23,F,252.0,252.0,252.0,252.0,210.0,1,1,252.0
2021-10-21,2021-10-21,92SEFL28,F,170.2,200.0,170.2,200.0,205.8,2,46,8574.0
2021-10-21,2021-10-21,96SEFL28,F,200.0,200.0,200.0,200.0,200.0,2,28,5600.0
2021-10-21,2021-10-21,911JMFCSL23,F,1028.0,1029.0,1014.0,1029.0,1016.1,3,3,3071.0
2021-10-21,2021-10-21,975JMFCS28,F,1100.0,1100.0,1084.0,1084.0,1088.1,7,555,604025.0
2021-10-21,2021-10-21,934JMFCS28,F,1031.0,1031.0,1029.0,1029.0,1027.24,2,100,103000.0
2021-10-21,2021-10-21,903SFL28,F,1055.1,1055.1,1055.1,1055.1,1063.03,1,45,47479.0
2021-10-21,2021-10-21,93STFCL23,F,1078.0,1078.0,1078.0,1078.0,1045.0,1,40,43120.0
2021-10-21,2021-10-21,94SFL28,F,1085.0,1085.0,1082.0,1082.0,1086.0,4,40,43385.0
2021-10-21,2021-10-21,925EFL23,F,988.0,988.0,988.0,988.0,988.0,1,100,98800.0
2021-10-21,2021-10-21,0EFL23,F,1205.0,1205.0,1205.0,1205.0,1195.0,1,15,18075.0
2021-10-21,2021-10-21,965EFL23,F,989.0,1095.0,986.0,1095.0,985.0,5,120,123920.0
2021-10-21,2021-10-21,985ECL28,F,896.05,904.5,896.0,904.49,897.92,10,438,395136.0
2021-10-21,2021-10-21,96SFIL24A,F,910.0,910.0,910.0,910.0,903.0,2,30,27300.0
2021-10-21,2021-10-21,890TCFSL23,F,1055.08,1056.0,1055.0,1056.0,1055.0,14,238,251151.0
2021-10-21,2021-10-21,925AHFL23,F,1026.0,1026.0,1026.0,1026.0,1010.0,1,20,20520.0
2021-10-21,2021-10-21,935AHFL28,F,970.0,1035.0,970.0,1035.0,1011.0,3,150,153125.0
2021-10-21,2021-10-21,STFCL21118A,F,1342.05,1342.05,1342.05,1342.05,1342.05,1,10,13420.0
2021-10-21,2021-10-21,10MFL23,F,1035.32,1035.32,1035.32,1035.32,1079.0,1,25,25883.0
2021-10-21,2021-10-21,10MFL21A,F,1090.5,1090.5,1090.5,1090.5,1090.5,2,99,107959.0
2021-10-21,2021-10-21,1040MFL23,F,1116.0,1150.0,1116.0,1150.0,1137.0,2,239,269750.0
2021-10-21,2021-10-21,MFL29NOV18B,F,1319.0,1319.0,1319.0,1319.0,1317.0,2,40,52760.0
2021-10-21,2021-10-21,MFL25,F,1430.0,1430.0,1430.0,1430.0,1430.0,2,112,160160.0
2021-10-21,2021-10-21,10JMFCSL22,F,1095.0,1095.0,1092.0,1093.0,1093.0,6,240,262320.0
2021-10-21,2021-10-21,0JMFCSL22,F,1325.0,1325.0,1325.0,1325.0,1325.0,2,50,66250.0
2021-10-21,2021-10-21,967JMFCSL23,F,1081.0,1081.0,1030.5,1030.59,1028.0,4,51,52610.0
2021-10-21,2021-10-21,981JMFCS28,F,1065.0,1070.0,1062.0,1070.0,1062.0,14,200,213463.0
2021-10-21,2021-10-21,1020EFL22,F,1055.0,1055.0,1055.0,1055.0,1055.0,1,25,26375.0
2021-10-21,2021-10-21,995EFL24,F,1004.97,1004.97,998.09,998.09,915.0,4,10,9987.0
2021-10-21,2021-10-21,1040EFL24,F,1044.15,1045.02,1044.0,1045.02,1047.95,8,390,407240.0
2021-10-21,2021-10-21,1015ECL29,F,1019.0,1019.0,1010.0,1010.0,1007.0,4,390,394260.0
2021-10-21,2021-10-21,1060ECL29,F,1011.15,1011.15,1011.15,1011.15,1210.0,2,100,101115.0
2021-10-21,2021-10-21,915MMFSL24,F,1091.0,1095.0,1090.0,1095.0,1090.06,4,110,120000.0
2021-10-21,2021-10-21,93MMFSL27,F,1145.0,1145.0,1144.95,1144.95,1140.0,6,85,97321.0
2021-10-21,2021-10-21,981SEFL22,F,199.0,199.0,199.0,199.0,186.0,1,10,1990.0
2021-10-21,2021-10-21,105SEFL24,F,199.0,199.0,191.0,192.88,170.8,8,214,41925.0
2021-10-21,2021-10-21,0KFLSRIV,F,1300.0,1300.0,1300.0,1300.0,1270.0,1,10,13000.0
2021-10-21,2021-10-21,95SFL24,F,1098.0,1098.0,1084.0,1084.0,1077.0,4,32,34724.0
2021-10-21,2021-10-21,0STFCL22A,F,1278.01,1281.4,1278.01,1281.04,1276.98,6,360,460941.0
2021-10-21,2021-10-21,102IFL24,F,1084.35,1084.35,1073.65,1073.65,1055.11,2,130,140644.0
2021-10-21,2021-10-21,1015MFL24,F,1100.0,1100.0,1100.0,1100.0,1080.0,2,475,522500.0
2021-10-21,2021-10-21,0MFL22,F,1270.1,1280.0,1270.1,1280.0,1271.43,2,2,2550.0
2021-10-21,2021-10-21,91LTFL22,F,1058.1,1058.1,1054.1,1054.1,1058.0,4,102,107918.0
2021-10-21,2021-10-21,0LTFL22A,F,1255.11,1255.11,1255.11,1255.11,1263.8,1,11,13806.0
2021-10-21,2021-10-21,889LTFH24,F,1092.0,1092.0,1092.0,1092.0,1092.0,1,100,109200.0
2021-10-21,2021-10-21,935LTF29,F,1163.1,1163.1,1163.1,1163.1,1150.0,1,10,11631.0
2021-10-21,2021-10-21,950MFL22A,F,1001.55,1002.02,980.0,1002.02,1019.2,6,300,297702.0
2021-10-21,2021-10-21,975MFL24A,F,1055.0,1055.0,1050.0,1050.0,1049.97,3,11,11555.0
2021-10-21,2021-10-21,885LTFL27,F,1082.8,1082.8,1082.8,1082.8,0.0,1,6932,7505969.0
2021-10-21,2021-10-21,905LTF27,F,1150.0,1154.0,1150.0,1154.0,1179.0,2,51,58654.0
2021-10-21,2021-10-21,975SFL24,F,1065.0,1070.0,1060.0,1070.0,1062.0,19,1441,1532843.0
2021-10-21,2021-10-21,1050SEFL22,F,185.0,205.5,185.0,205.5,204.8,7,279,53609.0
2021-10-21,2021-10-21,1025SEFL24A,F,203.0,230.0,200.05,230.0,250.0,4,83,16902.0
2021-10-21,2021-10-21,1004JMFPL24,F,1032.5,1060.0,1023.0,1058.0,1040.0,6,356,372217.0
2021-10-21,2021-10-21,102EFL22,F,1027.2,1027.2,1027.2,1027.2,1018.01,2,132,135590.0
2021-10-21,2021-10-21,0EFL22,F,1210.55,1235.0,1210.0,1235.0,1210.55,4,138,167979.0
2021-10-21,2021-10-21,995ECL24B,F,985.0,985.0,982.0,982.0,979.0,3,145,142720.0
2021-10-21,2021-10-21,995ECL29A,F,950.0,950.0,950.0,950.0,968.0,1,5,4750.0
2021-10-21,2021-10-21,995DLSL22,F,997.0,997.0,997.0,997.0,971.0,1,5,4985.0
2021-10-21,2021-10-21,1013DLSL24,F,997.0,997.0,997.0,997.0,996.65,2,11,10967.0
2021-10-21,2021-10-21,931SFL26,F,1070.0,1070.0,1070.0,1070.0,1060.0,1,30,32100.0
2021-10-21,2021-10-21,93STF22,F,1019.01,1019.01,1019.0,1019.0,1019.0,4,76,77444.0
2021-10-21,2021-10-21,96SFL24,F,1026.0,1030.0,1026.0,1030.0,1035.14,3,775,796251.0
2021-10-21,2021-10-21,IIFLZC25,F,1150.0,1179.0,1150.0,1168.73,1095.0,4,11,12856.0
2021-10-21,2021-10-21,103JMFPL24,F,1040.0,1043.0,1040.0,1043.0,1030.0,2,20,20830.0
2021-10-21,2021-10-21,115KAFL22,F,1005.0,1005.0,1000.0,1004.55,1000.0,2,11,11050.0
2021-10-21,2021-10-21,BILNCD,F,30.95,31.27,30.95,30.97,30.97,12,432,13372.0
2021-10-21,2021-10-21,10MFL22A,F,1207.11,1207.11,1205.0,1205.0,1208.55,3,200,241351.0
2021-10-21,2021-10-21,975MFL24B,F,1060.0,1060.0,1060.0,1060.0,1060.0,1,5,5300.0
2021-10-21,2021-10-21,MHFLZC26,F,1260.0,1300.0,1250.0,1280.0,1375.0,11,123,155756.0
2021-10-21,2021-10-21,0ECL21,F,1172.15,1172.15,1172.15,1172.15,1172.8,1,50,58607.0
2021-10-21,2021-10-21,102ECL23,F,1068.8,1068.8,1068.8,1068.8,1051.12,1,50,53440.0
2021-10-21,2021-10-21,0ECL23,F,1150.0,1150.0,1150.0,1150.0,1137.0,1,100,115000.0
2021-10-21,2021-10-21,104ECL24,F,1025.21,1025.21,1025.21,1025.21,1024.0,1,20,20504.0
2021-10-21,2021-10-21,104ECL29,F,981.0,981.0,981.0,981.0,981.8,1,479,469899.0
2021-10-21,2021-10-21,10KFL22C,F,990.0,990.0,990.0,990.0,965.0,1,200,198000.0
2021-10-21,2021-10-21,1052KFL22,F,1190.0,1190.0,1190.0,1190.0,1025.52,1,185,220150.0
2021-10-21,2021-10-21,1067KFL23,F,1190.0,1190.0,1012.08,1012.08,1190.0,2,100,110104.0
2021-10-21,2021-10-21,845LTFL22,F,1072.51,1072.51,1072.51,1072.51,1078.0,1,50,53625.0
2021-10-21,2021-10-21,0LTFL22BB,F,1170.0,1170.0,1170.0,1170.0,1180.0,1,10,11700.0
2021-10-21,2021-10-21,829LTF24,F,1076.99,1078.0,1071.0,1071.0,1080.55,5,116,124928.0
2021-10-21,2021-10-21,95MFL23A,F,1046.0,1046.0,1013.02,1013.02,1027.01,2,2,2059.0
2021-10-21,2021-10-21,975MFL24BB,F,1039.5,1055.0,1039.5,1042.31,1048.73,11,402,421543.0
2021-10-21,2021-10-21,975MFL23A,F,1115.0,1115.0,1115.0,1115.0,1089.0,1,1,1115.0
2021-10-21,2021-10-21,81TCHF23,F,1098.99,1098.99,1070.0,1075.0,1074.01,15,755,811790.0
2021-10-21,2021-10-21,801TCH25,F,1065.0,1065.0,1065.0,1065.0,1050.0,1,30,31950.0
2021-10-21,2021-10-21,83TCHF25,F,1138.0,1138.0,1138.0,1138.0,1122.95,1,10,11380.0
2021-10-21,2021-10-21,852STFCL23,F,1001.0,1001.0,1001.0,1001.0,1010.05,1,24,24024.0
2021-10-21,2021-10-21,10EFIL23,F,1040.0,1040.0,1040.0,1040.0,1040.0,1,10,10400.0
2021-10-21,2021-10-21,1025NWFL25,F,1020.0,1051.0,1020.0,1051.0,1004.0,4,70,72020.0
2021-10-21,2021-10-21,NWFLZC25,F,1130.0,1130.0,1130.0,1130.0,1130.0,3,35,39550.0
2021-10-21,2021-10-21,95MFL25,F,1001.0,1002.5,1001.0,1002.5,1015.0,3,100,100225.0
2021-10-21,2021-10-21,925MVAFL22,F,938.0,938.0,938.0,938.0,985.0,1,100,93800.0
2021-10-21,2021-10-21,10MVAFL25,F,1056.0,1056.0,1056.0,1056.0,1028.0,4,20000,21120000.0
2021-10-21,2021-10-21,975KFL22,F,985.0,987.0,985.0,987.0,972.0,2,100,98600.0
2021-10-21,2021-10-21,915MFL23,F,1009.9,1009.9,1007.9,1007.9,992.0,2,89,89833.0
2021-10-21,2021-10-21,965MFL23,F,925.0,925.0,925.0,925.0,990.0,2,100,92500.0
2021-10-21,2021-10-21,10KFL24B,F,990.0,990.0,990.0,990.0,990.0,2,250,247500.0
2021-10-21,2021-10-21,885MFL23,F,990.0,990.01,990.0,990.01,990.0,3,20,19800.0
2021-10-21,2021-10-21,0MFL23C,F,1095.0,1096.0,1095.0,1096.0,1094.0,2,332,363772.0
2021-10-21,2021-10-21,MFLOPTII24,F,995.0,995.0,995.0,995.0,990.0,1,10,9950.0
2021-10-21,2021-10-21,MFOPTIV24,F,1014.0,1015.0,1014.0,1015.0,1005.0,3,310,314590.0
2021-10-21,2021-10-21,935EFSL24,F,1029.8,1030.0,1029.8,1029.8,1006.0,6,243,250241.0
2021-10-21,2021-10-21,MFLIV26,F,1020.0,1020.0,1018.0,1018.0,1020.0,9,600,611900.0
2021-10-21,2021-10-21,MFLVI26,F,1005.01,1005.01,1005.01,1005.01,1015.0,1,25,25125.0
2021-10-21,2021-10-21,715PFCL36,F,1075.89,1075.89,1072.0,1075.0,1075.91,4,900,965152.0
2021-10-21,2021-10-21,0KFL22E,F,1007.01,1007.01,1007.01,1007.01,1010.01,1,17,17119.0
2021-10-21,2021-10-21,10KFL24C,F,990.0,992.0,990.0,990.0,1000.0,6,601,595090.0
2021-10-21,2021-10-21,875MFL26,F,985.0,985.0,985.0,985.0,980.0,1,7,6895.0
2021-10-21,2021-10-21,94MFL27,F,991.0,1021.0,991.0,1021.0,1032.0,16,1001,992181.0
2021-10-21,2021-10-21,0MFL23E,F,1040.0,1041.0,1040.0,1041.0,1054.0,5,360,374510.0
2021-10-21,2021-10-21,MFLZC24E,F,1076.0,1076.0,1076.0,1076.0,1070.0,3,40,43040.0
2021-10-21,2021-10-21,MFLZC26B,F,1041.0,1041.0,1041.0,1041.0,1068.0,1,10,10410.0
2021-10-21,2021-10-21,MFLZC27C,F,1040.0,1076.0,1040.0,1076.0,1077.97,2,110,118000.0
2021-10-21,2021-10-21,825MFL23A,F,987.0,990.0,987.0,990.0,986.0,3,118,116610.0
2021-10-21,2021-10-21,0MFL23VI,F,1057.0,1057.2,1054.0,1054.0,1041.33,5,2010,2124740.0
2021-10-21,2021-10-21,96IIFL28A,F,990.0,990.0,985.2,985.2,986.8,6,380,376082.0
2021-10-21,2021-10-21,MFLVI31F,F,1022.0,1034.0,1000.0,1030.05,1035.4,5,110,112873.0
2021-10-21,2021-10-21,10KFL24D,F,1000.0,1000.0,990.0,990.0,990.0,2,202,200000.0
2021-10-21,2021-10-21,EFSLZC24A,F,1010.0,1010.0,1010.0,1010.0,1010.0,1,37,37370.0
2021-10-21,2021-10-21,930EFSL31,F,975.0,975.0,975.0,975.0,970.0,2,20,19500.0
2021-10-21,2021-10-21,9MMFL22,F,971.0,971.0,971.0,971.0,971.0,2,10,9710.0
2021-10-21,2021-10-21,675IGT24,F,1000.0,1000.0,1000.0,1000.0,965.0,1,6,6000.0
2021-10-21,2021-10-21,82IGT31,F,1070.01,1070.01,1070.01,1070.01,1071.4,4,175,187251.0
2021-10-21,2021-10-21,825MFCL23A,F,999.0,999.0,999.0,999.0,970.0,1,1,999.0
2021-10-21,2021-10-21,0MFCL23VI,F,1030.0,1031.0,1030.0,1031.0,1005.0,2,240,247430.0
2021-10-21,2021-10-21,BILNCD2021,F,29.33,29.67,29.33,29.38,29.4,29,708,20792.0
2021-10-21,2021-10-21,875PF26,F,1040.0,1040.0,1040.0,1040.0,1040.0,4,290,301600.0
2021-10-21,2021-10-21,9PFL31A,F,1042.0,1042.0,1042.0,1042.0,1041.19,1,10,10420.0
2021-10-21,2021-10-21,96IIFL28,F,994.35,994.35,984.1,986.0,986.57,4,146,143850.0
2021-10-21,2021-10-21,IIFLZC28C,F,990.0,990.0,990.0,990.0,995.0,1,50,49500.0
2021-10-21,2021-10-21,875EFSL24,F,970.0,970.0,970.0,970.0,972.73,1,6,5820.0
2021-10-21,2021-10-21,91EFSL24,F,962.0,962.0,962.0,962.0,962.0,2,15,14430.0
2021-10-21,2021-10-21,915EFSL26,F,980.0,980.0,980.0,980.0,984.95,7,310,303800.0
2021-10-21,2021-10-21,955EFSL26A,F,1011.5,1011.5,975.0,975.0,876.05,2,2,1986.0
2021-10-21,2021-10-21,EFSL26,F,820.3,940.0,804.9,940.0,980.0,6,181,153817.0
2021-10-21,2021-10-21,97EFSL31,F,988.0,989.0,988.0,989.0,850.0,6,134,132426.0
2021-10-21,2021-10-21,875MMFL23,F,985.0,985.0,985.0,985.0,985.0,7,375,369375.0
2021-10-21,2021-10-21,10KSFL25,F,965.0,965.0,965.0,965.0,0.0,1,16,15440.0
2021-10-21,2021-10-21,JMFPTBIL25,F,970.0,970.0,970.0,970.0,0.0,1,15,14550.0
2021-10-21,2021-10-21,820JMFPL26,F,998.29,998.29,997.49,997.49,999.0,3,600,598574.0
2021-10-21,2021-10-21,791JMFPL26,F,1004.0,1010.0,1004.0,1010.0,1001.0,2,51,51210.0
2021-10-21,2021-10-21,842IIFL26,F,993.0,999.74,993.0,999.4,998.8,6,330,329640.0
2021-10-21,2021-10-21,875IIFL26,F,995.0,995.0,995.0,995.0,0.0,1,25,24875.0
2021-10-21,2021-10-21,914BOBPER,F,1062534.18,1062534.18,1062534.18,1062534.18,1058500.0,1,1,1062534.0
2021-10-21,2021-10-21,885HDFC99,F,1045485.32,1045485.32,1045485.32,1045485.32,1057766.92,1,7,7318397.0
2021-10-21,2021-10-21,920ICICIPER,F,1064069.16,1064069.16,1064069.16,1064069.16,1059285.85,1,2,2128138.0
2021-10-21,2021-10-21,1015UPPC25,F,1038500.0,1038500.0,1038000.0,1038000.0,1041000.0,2,2,2076500.0
2021-10-21,2021-10-21,E1K803AEARC,F,133008.0,133008.0,133008.0,133008.0,132972.0,2,80,10640640.0
2021-10-21,2021-10-21,1025SFL24B,F,1038000.0,1041100.0,1038000.0,1038000.0,1037237.25,4,4,4158100.0
2021-10-21,2021-10-21,EFI26AUG19,F,105500.0,105500.0,105500.0,105500.0,115588.0,1,10,1055000.0
2021-10-21,2021-10-21,1375SIBPER,F,110850.0,110850.0,110850.0,110850.0,110300.0,1,10,1108500.0
2021-10-21,2021-10-21,825BOBPER,F,1038221.63,1038221.63,1038221.63,1038221.63,1039956.44,1,3,3114664.0
2021-10-21,2021-10-21,85BOBPERP,F,1044383.52,1044383.52,1044383.52,1044383.52,1046148.38,1,3,3133150.0
2021-10-21,2021-10-21,774SBIPER,F,1033678.52,1033678.52,1033678.52,1033678.52,1026000.0,1,1,1033678.0
2021-10-21,2021-10-21,PFCBT1S1,F,5389.0,5390.0,5389.0,5390.0,5390.0,3,320,1724780.0
2021-10-21,2021-10-21,PFCBT1S2,F,11190.0,11199.0,11190.0,11199.0,11198.8,2,12,134352.0
2021-10-21,2021-10-21,IDFCFBLD1J,F,11600.01,11600.01,11600.01,11600.01,11596.01,1,7,81200.0
2021-10-21,2021-10-21,LTFL90122I,F,1069.0,1069.12,1068.4,1069.12,1068.31,4,90,96185.0
2021-10-21,2021-10-21,LTFL9122II,F,2318.76,2328.15,2318.76,2327.99,2325.0,15,400,930575.0
2021-10-21,2021-10-21,820NHAI22,F,1014.3,1016.0,1014.3,1016.0,1018.99,2,1060,1075260.0
2021-10-21,2021-10-21,830NHAI27,F,1183.01,1183.01,1183.0,1183.0,1184.21,2,150,177451.0
2021-10-21,2021-10-21,820PFC2022,F,1018.9,1018.9,1012.01,1012.01,1012.0,6,690,698574.0
2021-10-21,2021-10-21,8IRFC230222,F,1012.7,1012.7,1012.51,1012.61,1015.0,2,100,101260.0
2021-10-21,2021-10-21,HUDCO050322,F,1069.0,1075.0,1069.0,1075.0,1062.61,9,503,540647.0
2021-10-21,2021-10-21,870IDFCFBL,F,11110.0,11150.0,11110.0,11150.0,11101.0,5,20,222384.0
2021-10-21,2021-10-21,870LTFL22A,F,1051.12,1054.1,1051.01,1051.11,1051.12,9,145,152556.0
2021-10-21,2021-10-21,870LTFL22B,F,2225.02,2230.0,2225.02,2229.15,2226.02,13,104,231738.0
2021-10-21,2021-10-21,793REC22,F,1037.7,1039.9,1037.7,1038.05,1040.0,5,449,466061.0
2021-10-21,2021-10-21,812REC27,F,1190.0,1190.0,1190.0,1190.0,1182.0,4,38,45220.0
2021-10-21,2021-10-21,722REC22TF,F,1098.7,1098.7,1092.1,1096.0,1094.5,3,329,360212.0
2021-10-21,2021-10-21,736PFCL28,F,1194.5,1194.5,1194.5,1194.5,1200.0,1,50,59725.0
2021-10-21,2021-10-21,736IIFCL28,F,1188.5,1188.5,1188.0,1188.25,1188.5,2,1000,1188250.0
2021-10-21,2021-10-21,688PFC2023,F,1071.5,1071.5,1067.5,1067.5,1067.25,2,65,69447.0
2021-10-21,2021-10-21,704PFCL28,F,1164.0,1164.0,1164.0,1164.0,1160.0,1,129,150156.0
2021-10-21,2021-10-21,801REC23,F,1341.9,1341.9,1341.9,1341.9,1119.5,1,5,6709.0
2021-10-21,2021-10-21,846REC28,F,1292.0,1292.0,1292.0,1292.0,1308.0,1,800,1033600.0
2021-10-21,2021-10-21,826REC23,F,1131.0,1131.0,1131.0,1131.0,1135.0,1,200,226200.0
2021-10-21,2021-10-21,871REC28,F,1314.0,1315.99,1314.0,1315.99,1310.5,3,425,558698.0
2021-10-21,2021-10-21,876HUDCO28,F,1240.0,1244.0,1240.0,1244.0,1238.0,9,265,329142.0
2021-10-21,2021-10-21,879PFCL28,F,1310.0,1310.0,1310.0,1310.0,1305.01,1,1,1310.0
2021-10-21,2021-10-21,876HUDCO24,F,1154.0,1154.05,1154.0,1154.0,1152.1,3,225,259654.0
2021-10-21,2021-10-21,901HUDCO34,F,1463.0,1463.0,1463.0,1463.0,1464.9,3,33,48279.0
2021-10-21,2021-10-21,841IIFCL24,F,1137.25,1137.5,1137.25,1137.5,1136.1,2,155,176288.0
2021-10-21,2021-10-21,866IIFCL24C,F,1160.0,1160.0,1140.0,1140.0,1138.93,3,170,194000.0
2021-10-21,2021-10-21,891IIFCL34,F,1428.13,1428.13,1421.04,1423.02,1420.85,18,1225,1743956.0
2021-10-21,2021-10-21,875NHAI29,F,1296.0,1296.0,1288.0,1289.14,1298.96,15,486,627932.0
2021-10-21,2021-10-21,865IRFC29,F,1270.0,1278.9,1270.0,1278.9,1269.21,2,285,364397.0
2021-10-21,2021-10-21,841IREDA24,F,1120.1,1180.0,1120.1,1165.0,1190.0,5,310,360701.0
2021-10-21,2021-10-21,880IREDA29,F,1299.0,1299.0,1299.0,1299.0,1290.0,4,100,129900.0
2021-10-21,2021-10-21,880IREDA34,F,1409.99,1414.99,1409.99,1414.99,1409.99,5,25,35324.0
2021-10-21,2021-10-21,900KPL29,F,1310.0,1310.0,1310.0,1310.0,1310.05,1,1,1310.0
2021-10-21,2021-10-21,900KPL34,F,1352.15,1432.99,1352.15,1432.99,1410.0,4,200,277364.0
2021-10-21,2021-10-21,854HUDCO24,F,1152.25,1154.5,1152.25,1154.5,1154.11,2,20,23067.0
2021-10-21,2021-10-21,863REC29,F,1315.5,1315.5,1315.5,1315.5,1313.0,1,20,26310.0
2021-10-21,2021-10-21,886REC34,F,1470.0,1470.0,1470.0,1470.0,1475.0,1,10,14700.0
2021-10-21,2021-10-21,888IRFC29,F,1306.0,1315.0,1300.01,1311.92,1295.51,11,800,1049637.0
2021-10-21,2021-10-21,841IIFC24B,F,1123.0,1123.0,1123.0,1123.0,1123.07,1,30,33690.0
2021-10-21,2021-10-21,880IIFCL29,F,1281.2,1281.2,1281.2,1281.2,1285.05,1,16,20499.0
2021-10-21,2021-10-21,HDFCW3,W,890.0,890.0,890.0,890.0,865.0,1,600,534000.0
2021-10-21,2021-10-21,MOLDTKWARR,W,501.1,550.0,501.1,538.5,539.0,13,73,37961.0
2021-10-21,2021-10-21,1075IFC26,F,10098.99,10102.0,10098.99,10102.0,9999.65,4,50,505039.0
2021-10-21,2021-10-21,IFCI121211A,F,11090.12,11090.12,11090.12,11090.12,11091.06,1,4,44360.0
2021-10-21,2021-10-21,875IFCI26A,F,11002.05,11002.05,11002.05,11002.05,11000.0,1,1,11002.0
2021-10-21,2021-10-21,IFCI150212A,F,11510.21,11550.0,11510.21,11511.1,11540.0,4,7,80731.0
2021-10-21,2021-10-21,893PTCIF22A,F,11252.0,11252.0,11252.0,11252.0,11245.0,1,4,45008.0
2021-10-21,2021-10-21,119AML26,F,104992.1,104992.1,104992.1,104992.1,109800.0,1,10,1049921.0
2021-10-21,2021-10-21,115IIL23,F,625000.0,625000.0,625000.0,625000.0,812500.0,2,2,1250000.0
2021-10-21,2021-10-21,675PFL31,F,848.6,851.91,848.0,850.24,849.14,38,4217,3582717.0
2021-10-21,2021-10-21,PVR290921,F,1003999.99,1003999.99,1003999.99,1003999.99,1000000.0,1,1,1003999.0
2021-10-21,2021-10-21,1095SMPL24,F,1011563.0,1011563.0,1011563.0,1011563.0,1011287.0,1,1,1011563.0
