TradDt,BizDt,TckrSymb,SctySrs,OpnPric,HghPric,LwPric,ClsPric,PrvsClsgPric,TtlNbOfTxsExctd,TtlTradgVol,TtlTrfVal
2021-06-23,2021-06-23,ABB,A,1764.5,1850.0,1736.85,1810.75,1739.8,6996,62282,112934006.0
2021-06-23,2021-06-23,AEGISLOG,A,363.8,363.8,346.55,349.95,358.45,1498,32960,11633362.0
2021-06-23,2021-06-23,ARE&M,A,751.0,755.5,747.0,749.85,747.35,4918,86822,65205461.0
2021-06-23,2021-06-23,AMBALALSA,X,39.65,39.65,36.5,39.3,37.8,8956,3166386,123546963.0
2021-06-23,2021-06-23,HDFC,A,2543.95,2543.95,2493.0,2497.9,2521.75,2319,161049,405887335.0
2021-06-23,2021-06-23,ANDHRAPET,X,115.1,119.0,111.0,114.7,113.65,3462,759079,87634964.0
2021-06-23,2021-06-23,ANSALAPI,T,8.96,8.96,8.5,8.57,8.54,101,71893,637371.0
2021-06-23,2021-06-23,UTIQUE,X,3.9,3.9,3.9,3.9,3.97,25,5306,20693.0
2021-06-23,2021-06-23,ARUNAHTEL,XT,13.26,13.26,13.26,13.26,13.0,6,442,5860.0
2021-06-23,2021-06-23,BOMDYEING,A,92.15,92.9,88.8,89.4,92.15,4305,715620,65062821.0
2021-06-23,2021-06-23,ASIANHOTNR,B,94.1,94.1,90.55,91.4,92.85,39,1606,147211.0
2021-06-23,2021-06-23,ATUL,A,8846.7,8923.95,8765.1,8789.5,8865.9,922,2381,20994815.0
2021-06-23,2021-06-23,ATVPR,XT,7.5,7.55,7.22,7.45,7.43,52,18583,138273.0
2021-06-23,2021-06-23,BAJAJELEC,A,1047.5,1047.5,1022.0,1040.35,1020.8,836,3737,3873202.0
2021-06-23,2021-06-23,BAJAJHIND,A,16.4,16.48,15.64,16.05,16.07,2783,1513095,24348378.0
2021-06-23,2021-06-23,FORCEMOT,A,1208.05,1212.0,1187.25,1192.3,1197.3,865,3731,4488928.0
2021-06-23,2021-06-23,BAJFINANCE,A,6057.0,6115.0,6002.15,6015.2,6017.4,9484,78001,472875426.0
2021-06-23,2021-06-23,BALRAMCHIN,A,334.0,334.0,325.15,326.95,330.25,1104,28474,9361455.0
2021-06-23,2021-06-23,BANCOINDIA,B,187.2,190.2,183.1,185.7,187.55,4503,112382,20994860.0
2021-06-23,2021-06-23,ABREL,A,597.4,619.0,593.55,602.65,592.1,3821,113662,68967810.0
2021-06-23,2021-06-23,BANARISUG,A,1751.7,1767.0,1720.0,1730.95,1778.7,46,116,202471.0
2021-06-23,2021-06-23,BASF,A,2619.55,2637.25,2578.5,2597.25,2609.35,953,4301,11213710.0
2021-06-23,2021-06-23,BATAINDIA,A,1673.0,1675.0,1652.0,1662.7,1668.35,1603,14511,24119000.0
2021-06-23,2021-06-23,BEML,A,1362.0,1396.0,1338.1,1341.85,1350.45,3711,79995,108434618.0
2021-06-23,2021-06-23,BEL,A,155.0,169.95,152.5,168.35,151.35,28803,5211029,853901529.0
2021-06-23,2021-06-23,BEPL,A,180.85,182.25,176.65,177.4,178.9,2585,150889,27014783.0
2021-06-23,2021-06-23,TATASTLBSL,B,93.0,93.0,90.3,90.65,92.15,6284,459259,42023502.0
2021-06-23,2021-06-23,BIHSPONG,XT,12.5,12.5,12.5,12.5,11.91,51,39009,487612.0
2021-06-23,2021-06-23,BIRLACABLE,B,119.95,119.95,111.25,113.4,113.15,2992,138889,15982695.0
2021-06-23,2021-06-23,BLUESTARCO,A,815.0,816.1,808.65,815.1,816.6,1086,8707,7080635.0
2021-06-23,2021-06-23,DISAQ,X,4994.0,5348.0,4800.0,5210.6,4849.65,340,1929,9714646.0
2021-06-23,2021-06-23,QUESTCAP,XT,193.9,193.9,190.6,191.4,192.1,23,4185,801154.0
2021-06-23,2021-06-23,BPL,B,35.3,35.3,34.0,34.3,34.85,599,21661,749885.0
2021-06-23,2021-06-23,OAL,B,799.4,805.4,779.15,784.65,794.75,167,1571,1240638.0
2021-06-23,2021-06-23,CENTEXT,B,10.9,10.9,9.6,9.71,9.97,307,114499,1135677.0
2021-06-23,2021-06-23,CESC,A,777.0,780.9,763.5,765.0,775.8,1408,25982,20046842.0
2021-06-23,2021-06-23,CHAMBLFERT,A,309.8,309.8,298.05,300.1,307.0,2512,67647,20511045.0
2021-06-23,2021-06-23,EXIDEIND,A,186.9,186.95,184.35,184.65,185.85,2695,104545,19394558.0
2021-06-23,2021-06-23,CIPLA,A,955.65,965.8,954.5,957.8,955.65,2443,644460,616222454.0
2021-06-23,2021-06-23,DICIND,B,457.0,500.0,457.0,479.6,474.0,338,4038,1967230.0
2021-06-23,2021-06-23,CRISIL,A,2897.25,2955.0,2763.0,2882.95,2840.4,1014,6087,17439756.0
2021-06-23,2021-06-23,CGPOWER,T,81.75,81.75,78.25,79.55,79.85,580,79226,6269245.0
2021-06-23,2021-06-23,DABUR,A,565.55,569.95,560.25,566.35,566.35,1709,1387721,786283569.0
2021-06-23,2021-06-23,DALMIASUG,A,389.0,397.5,381.55,385.7,389.15,626,12029,4680648.0
2021-06-23,2021-06-23,ARVIND,A,81.25,82.85,80.05,80.65,81.25,922,60976,4963867.0
2021-06-23,2021-06-23,BALARPURIND,Z,2.07,2.07,1.89,1.97,1.98,3597,21324774,42769773.0
2021-06-23,2021-06-23,BHEL,A,67.0,68.0,65.85,66.05,66.75,8229,3455651,231037883.0
2021-06-23,2021-06-23,HINDPETRO,A,304.3,305.45,299.1,300.25,303.6,2182,119519,36094393.0
2021-06-23,2021-06-23,IFCI,A,15.7,16.25,13.95,15.98,14.78,26032,13721140,216952405.0
2021-06-23,2021-06-23,MTNL,B,21.55,21.6,21.05,21.15,21.45,594,123188,2632242.0
2021-06-23,2021-06-23,MRPL,A,52.65,53.45,51.7,51.85,52.75,1771,253564,13292618.0
2021-06-23,2021-06-23,CHENNPETRO,A,142.1,148.9,141.1,146.6,141.3,3321,186322,26922412.0
2021-06-23,2021-06-23,RELCAPITAL,B,30.28,30.28,27.45,30.28,28.84,16177,9870233,292761361.0
2021-06-23,2021-06-23,SBIN,A,420.9,424.75,415.0,418.9,418.75,24954,1885815,793339529.0
2021-06-23,2021-06-23,SAIL,A,127.6,129.3,123.75,124.1,127.25,27537,3712320,472906784.0
2021-06-23,2021-06-23,TITAN,A,1760.0,1785.9,1756.0,1782.75,1756.8,4459,319879,563377452.0
2021-06-23,2021-06-23,IDBI,A,40.0,40.9,39.15,39.4,38.6,7592,2854966,113888633.0
2021-06-23,2021-06-23,DCW,B,35.9,38.45,35.85,37.6,35.85,3952,1093040,41152228.0
2021-06-23,2021-06-23,DHAMPURSUG,A,324.0,328.0,321.2,323.05,321.15,840,16164,5240367.0
2021-06-23,2021-06-23,DIAMINESQ,X,285.05,289.0,282.0,283.45,283.6,276,8333,2386893.0
2021-06-23,2021-06-23,ELANTAS,A,3671.05,3746.7,3650.0,3699.9,3700.05,207,5243,19408315.0
2021-06-23,2021-06-23,DRREDDY,A,5334.0,5349.5,5289.95,5299.75,5307.2,1742,152126,807668958.0
2021-06-23,2021-06-23,EIDPARRY,A,433.0,437.8,426.35,429.75,434.5,2161,137217,59475026.0
2021-06-23,2021-06-23,PGHL,A,5849.0,5854.75,5790.0,5797.4,5819.05,317,716,4161143.0
2021-06-23,2021-06-23,ELECTCAST,B,39.9,39.9,36.0,36.35,37.45,1255,245085,9380044.0
2021-06-23,2021-06-23,ESABINDIA,A,1831.75,1891.25,1830.0,1874.75,1822.4,143,700,1303565.0
2021-06-23,2021-06-23,EPL,A,287.8,291.35,278.4,279.3,286.1,747,17746,5045783.0
2021-06-23,2021-06-23,ESTER,B,137.4,137.4,134.45,134.8,136.1,219,7924,1077106.0
2021-06-23,2021-06-23,FGP,X,1.71,1.71,1.71,1.71,1.69,8,3120,5335.0
2021-06-23,2021-06-23,PHCAP,X,28.45,28.45,27.05,27.05,28.45,3,151,4085.0
2021-06-23,2021-06-23,FINCABLES,A,499.5,539.6,496.25,527.7,499.75,4342,83747,44094298.0
2021-06-23,2021-06-23,COCKERILL,X,815.05,822.0,815.0,817.05,823.05,22,391,319940.0
2021-06-23,2021-06-23,UFLEX,A,470.0,478.9,460.3,469.95,461.0,1747,35471,16567068.0
2021-06-23,2021-06-23,FOSECOIND,B,1352.6,1399.0,1352.0,1390.8,1377.1,292,1312,1808921.0
2021-06-23,2021-06-23,GOLDENTOBC,B,51.0,51.0,47.4,47.6,47.9,110,3968,189455.0
2021-06-23,2021-06-23,GANESHBE,X,82.7,83.5,80.5,81.0,81.6,475,89168,7261962.0
2021-06-23,2021-06-23,METROGLOBL,X,75.6,79.7,75.0,75.4,77.1,87,3307,253570.0
2021-06-23,2021-06-23,GTL,B,21.31,21.31,21.31,21.31,20.3,314,144427,3077739.0
2021-06-23,2021-06-23,GODFRYPHLP,A,930.6,956.0,930.6,948.9,931.45,1463,13776,13046143.0
2021-06-23,2021-06-23,GODREJIND,A,539.0,585.0,532.3,577.25,534.75,6708,163377,93674282.0
2021-06-23,2021-06-23,KANSAINER,A,583.7,587.3,580.7,584.3,580.75,674,6827,3993552.0
2021-06-23,2021-06-23,GOODRICKE,X,284.9,292.5,282.0,285.85,278.75,635,54104,15556445.0
2021-06-23,2021-06-23,GOODYEAR,A,985.0,988.0,981.0,982.95,982.95,597,4587,4521469.0
2021-06-23,2021-06-23,GTNINDS,X,17.08,17.75,17.08,17.08,17.42,63,14713,251314.0
2021-06-23,2021-06-23,GHCL,A,282.0,283.45,275.35,276.6,281.95,784,13232,3691082.0
2021-06-23,2021-06-23,GFLLIMITED,A,72.65,73.1,69.5,70.15,72.3,717,35690,2542439.0
2021-06-23,2021-06-23,GLFL,B,2.41,2.59,2.41,2.51,2.59,19,13578,34714.0
2021-06-23,2021-06-23,HCL-INSYS,B,21.91,21.91,19.83,20.27,20.87,4075,1373583,28404761.0
2021-06-23,2021-06-23,HDFCBANK,A,1495.0,1497.4,1478.65,1485.15,1484.35,7993,139507,207518888.0
2021-06-23,2021-06-23,HEROMOTOCO,A,2965.0,2994.55,2921.05,2928.6,2906.55,6277,68680,203804214.0
2021-06-23,2021-06-23,HFCL,A,65.2,72.65,64.55,66.75,66.8,39723,13498439,937666810.0
2021-06-23,2021-06-23,HSCL,A,57.3,62.4,56.35,59.75,56.95,10612,2900394,174343507.0
2021-06-23,2021-06-23,HCC,A,14.95,14.95,13.71,13.71,14.43,5396,3713026,51686755.0
2021-06-23,2021-06-23,HINDOILEXP,A,118.8,119.3,115.0,118.2,116.3,1463,87533,10291991.0
2021-06-23,2021-06-23,AGI,B,226.0,232.45,224.25,226.3,231.0,1125,35586,8127674.0
2021-06-23,2021-06-23,HINDZINC,A,333.0,336.25,327.5,330.7,332.9,1680,52263,17339849.0
2021-06-23,2021-06-23,NDLVENTURE,B,485.0,495.85,480.0,486.95,492.95,37,455,220818.0
2021-06-23,2021-06-23,HMT,Z,31.0,31.0,29.1,30.7,30.6,87,11457,349989.0
2021-06-23,2021-06-23,PRAGBOS,XT,2.3,2.32,2.18,2.21,2.21,35,23007,51348.0
2021-06-23,2021-06-23,HLVLTD,B,10.8,10.91,10.25,10.34,10.78,410,191187,2004696.0
2021-06-23,2021-06-23,IGPL,B,634.45,640.0,621.5,625.25,627.85,1026,11089,7011753.0
2021-06-23,2021-06-23,INDIAGLYCO,A,544.0,546.0,531.45,534.6,543.65,1126,17742,9559368.0
2021-06-23,2021-06-23,INDLEASE,X,12.45,12.45,11.27,12.0,11.86,3,3,35.0
2021-06-23,2021-06-23,MARGOFIN,X,10.18,10.18,9.68,10.05,10.01,19,2257,22565.0
2021-06-23,2021-06-23,INDORAMA,T,50.1,52.25,48.8,51.1,51.1,106,16551,845377.0
2021-06-23,2021-06-23,INFY,A,1523.0,1524.95,1498.6,1502.85,1511.7,7531,1596028,2412142984.0
2021-06-23,2021-06-23,INGERRAND,A,997.55,1040.55,994.95,1012.0,989.8,2474,26795,27327509.0
2021-06-23,2021-06-23,INSILCOLTD,XT,7.9,8.0,7.8,7.94,7.95,104,49352,392729.0
2021-06-23,2021-06-23,INTEGFINSE,XT,31.65,31.75,31.65,31.75,31.0,9,305,9678.0
2021-06-23,2021-06-23,ITHL,XT,88.25,88.65,85.0,88.6,84.45,86,11666,1025989.0
2021-06-23,2021-06-23,IONEXCHANG,A,2123.7,2139.0,2048.0,2071.35,2096.55,2708,46663,98138836.0
2021-06-23,2021-06-23,SUNDROP,A,949.45,973.55,949.45,960.45,951.75,125,639,613507.0
2021-06-23,2021-06-23,JISLJALEQS,A,25.2,26.2,24.8,25.5,25.3,1091,392567,10044465.0
2021-06-23,2021-06-23,JASCH,X,148.0,148.0,140.0,141.6,143.1,586,23062,3264901.0
2021-06-23,2021-06-23,JCTLTD,X,2.35,2.38,2.35,2.35,2.39,1677,13308047,31288811.0
2021-06-23,2021-06-23,JINDALPOLY,A,877.55,923.9,863.9,899.9,869.7,2657,43752,39526537.0
2021-06-23,2021-06-23,JSWSTEEL,A,679.95,684.9,664.25,665.5,675.05,4182,292715,197794162.0
2021-06-23,2021-06-23,UMANGDAIRY,B,78.05,80.5,76.5,76.9,78.05,367,9797,762265.0
2021-06-23,2021-06-23,KAJARIACER,A,955.0,974.35,955.0,965.55,964.85,1015,8241,7957901.0
2021-06-23,2021-06-23,KAKATCEM,B,263.2,264.05,252.3,255.9,261.15,317,2230,575181.0
2021-06-23,2021-06-23,KSL,A,394.55,411.45,394.55,399.6,399.7,2873,48025,19380156.0
2021-06-23,2021-06-23,KANELIND,XT,2.54,2.54,2.5,2.54,2.54,47,15536,39421.0
2021-06-23,2021-06-23,WHIRLPOOL,A,2209.95,2218.35,2183.6,2187.1,2199.25,680,3277,7217771.0
2021-06-23,2021-06-23,KGDENIM,XT,40.95,40.95,38.5,39.9,39.5,96,13629,538859.0
2021-06-23,2021-06-23,KINETICENG,XT,51.0,51.0,47.55,50.0,49.0,70,14630,733309.0
2021-06-23,2021-06-23,KIRLOSBROS,T,420.2,452.95,420.0,441.9,438.75,184,3592,1561459.0
2021-06-23,2021-06-23,KIRLOSIND,B,1707.3,1707.3,1660.0,1666.0,1699.8,80,186,309578.0
2021-06-23,2021-06-23,KIRLFER,B,231.7,238.4,230.35,235.0,228.3,685,13166,3087045.0
2021-06-23,2021-06-23,ENVAIREL,X,34.75,35.5,33.85,34.75,33.9,9,416,14682.0
2021-06-23,2021-06-23,KOTAKBANK,A,1765.0,1765.0,1727.05,1736.8,1760.0,12171,269280,468547408.0
2021-06-23,2021-06-23,KRIFILIND,X,3.4,3.4,3.4,3.4,3.4,4,900,3060.0
2021-06-23,2021-06-23,KSB,A,930.0,939.05,916.35,920.75,929.05,734,3225,2980276.0
2021-06-23,2021-06-23,LGBBROSLTD,A,483.0,484.45,463.95,468.65,479.0,1272,25692,12063476.0
2021-06-23,2021-06-23,TRENT,A,865.0,869.0,849.5,858.65,851.6,1237,20839,17909806.0
2021-06-23,2021-06-23,LMW,A,6312.8,6500.05,6060.0,6136.65,6227.65,328,806,5020509.0
2021-06-23,2021-06-23,LICHSGFIN,A,475.9,475.9,463.7,464.75,472.05,4950,147637,69336087.0
2021-06-23,2021-06-23,LUPIN,A,1153.25,1173.95,1151.6,1154.4,1160.9,3165,421605,488903922.0
2021-06-23,2021-06-23,LYKALABS,T,56.9,57.4,56.9,57.4,54.7,161,25849,1481323.0
2021-06-23,2021-06-23,RAMCOCEM,A,1032.0,1035.65,1008.3,1028.2,1023.75,3119,59983,61522766.0
2021-06-23,2021-06-23,MAFATIND,X,117.8,120.5,117.3,118.45,118.05,28,1928,227918.0
2021-06-23,2021-06-23,MAHSEAMLES,A,317.75,318.35,309.4,313.1,314.85,568,12520,3927453.0
2021-06-23,2021-06-23,MAHSCOOTER,A,3820.75,3820.75,3706.25,3727.7,3737.3,59,191,714936.0
2021-06-23,2021-06-23,MAJESAUT,X,141.0,141.45,133.3,135.15,137.55,139,9677,1313632.0
2021-06-23,2021-06-23,MANALIPETC,T,82.1,84.7,80.4,80.65,82.1,275,32219,2632597.0
2021-06-23,2021-06-23,MFSL,A,1011.6,1019.3,999.7,1015.55,1004.6,1945,38389,38799279.0
2021-06-23,2021-06-23,MIDINDIA,XT,5.56,5.56,5.56,5.56,5.3,6,4125,22935.0
2021-06-23,2021-06-23,ONIDA,B,16.9,18.0,16.9,17.0,17.6,606,273860,4713631.0
2021-06-23,2021-06-23,CENTENKA,B,398.35,399.6,393.45,394.05,397.1,397,5136,2032398.0
2021-06-23,2021-06-23,LORDSCHLO,X,38.05,41.7,36.2,36.9,38.0,99,290411,11039317.0
2021-06-23,2021-06-23,SPICEJET,A,80.95,81.2,78.15,78.6,80.5,3433,511021,40687696.0
2021-06-23,2021-06-23,MOREPENLAB,A,66.45,67.6,64.45,64.75,64.6,3160,557074,36869697.0
2021-06-23,2021-06-23,MRF,A,82050.0,82450.0,81802.65,81973.95,81803.9,407,6189,506089987.0
2021-06-23,2021-06-23,HEIDELBERG,A,261.5,261.5,252.85,255.0,256.7,1463,35594,9161591.0
2021-06-23,2021-06-23,NCC,A,85.4,86.0,84.1,84.5,84.25,1739,287812,24481977.0
2021-06-23,2021-06-23,VEDL,A,255.0,256.85,249.9,251.15,252.45,5252,370526,93960371.0
2021-06-23,2021-06-23,NAHARSPING,B,210.0,216.1,207.9,216.1,205.85,325,8805,1886208.0
2021-06-23,2021-06-23,NAPEROL,A,2430.0,2539.9,2404.1,2466.7,2401.15,2105,17004,42345764.0
2021-06-23,2021-06-23,GRASIM,A,1501.3,1512.25,1484.5,1498.9,1495.7,1805,44451,66728968.0
2021-06-23,2021-06-23,PEL,A,2455.0,2504.25,2421.2,2432.55,2446.2,6182,97825,240442360.0
2021-06-23,2021-06-23,NIITLTD,A,269.5,278.8,264.15,272.75,264.5,2434,121629,33147180.0
2021-06-23,2021-06-23,JAYKAY,X,38.0,40.8,37.4,37.6,39.35,150,42548,1623563.0
2021-06-23,2021-06-23,NIRLON,A,307.0,307.8,300.0,303.6,302.4,86,6791,2064342.0
2021-06-23,2021-06-23,ONGC,A,123.75,124.4,121.8,123.45,122.1,9926,1020178,125069648.0
2021-06-23,2021-06-23,OILCOUNTUB,T,6.64,6.77,6.64,6.77,6.45,6,2100,13957.0
2021-06-23,2021-06-23,ORIENTHOT,B,39.7,39.9,38.65,38.7,38.55,214,6645,260703.0
2021-06-23,2021-06-23,OSWALAGRO,B,14.34,14.47,13.95,14.04,14.2,166,40639,574589.0
2021-06-23,2021-06-23,INDSUCR,X,34.05,35.35,34.0,34.6,34.65,48,4309,150122.0
2021-06-23,2021-06-23,RELIANCE,A,2249.0,2250.0,2201.45,2205.1,2226.0,27954,674944,1497978059.0
2021-06-23,2021-06-23,PILITA,B,9.89,9.96,9.61,9.65,9.79,692,330651,3228048.0
2021-06-23,2021-06-23,RAYMOND,A,438.0,438.95,427.2,431.55,433.1,3055,114973,49843933.0
2021-06-23,2021-06-23,PIDILITIND,A,2156.0,2156.0,2127.0,2133.75,2146.65,1798,430203,923904475.0
2021-06-23,2021-06-23,PIXTRANS,X,534.4,539.9,521.0,534.85,523.9,276,11036,5878035.0
2021-06-23,2021-06-23,BIRLACORPN,A,1178.0,1196.2,1170.0,1184.2,1172.05,512,4010,4745791.0
2021-06-23,2021-06-23,SURYAROSNI,A,541.75,554.8,532.6,539.25,538.55,3076,61637,33579599.0
2021-06-23,2021-06-23,PRIMESECU,B,55.95,55.95,52.7,53.0,53.95,112,607,32483.0
2021-06-23,2021-06-23,PRSMJOHNSN,A,131.2,133.1,129.65,130.0,131.2,591,14685,1920085.0
2021-06-23,2021-06-23,RAIN,A,196.35,196.35,188.4,190.4,194.75,3704,279428,53748611.0
2021-06-23,2021-06-23,AMJLAND,B,31.7,31.75,30.5,30.6,31.05,172,8376,259270.0
2021-06-23,2021-06-23,PUNJCOMMU,T,38.0,41.4,38.0,39.6,39.45,118,13252,528883.0
2021-06-23,2021-06-23,RSWM,B,258.95,262.75,255.5,255.85,257.25,131,3498,901280.0
2021-06-23,2021-06-23,RAJSREESUG,T,25.65,26.0,25.05,25.1,26.0,21,1762,44722.0
2021-06-23,2021-06-23,RALLIS,A,340.2,342.5,332.75,334.65,339.3,2635,209739,70505400.0
2021-06-23,2021-06-23,RAMANEWS,B,19.1,19.75,18.8,18.95,18.95,233,24927,480632.0
2021-06-23,2021-06-23,RAMAPPR-B,XT,15.3,15.3,14.5,15.1,15.0,23,5272,78890.0
2021-06-23,2021-06-23,RAMAPETRO,X,4.55,4.55,4.55,4.55,4.34,8,3461,15747.0
2021-06-23,2021-06-23,RAPICUT,X,36.45,36.5,34.3,34.8,35.05,52,3320,116072.0
2021-06-23,2021-06-23,WELSPLSOL,X,15.89,15.99,15.31,15.49,15.61,384,177539,2760753.0
2021-06-23,2021-06-23,ROLTA,B,9.1,9.28,8.45,9.27,8.84,5720,2896875,26415833.0
2021-06-23,2021-06-23,RUBFILA,X,97.9,98.8,95.1,95.7,96.15,980,122467,11887450.0
2021-06-23,2021-06-23,PATANJALI,B,1167.8,1192.05,1155.05,1159.9,1179.6,1586,9148,10720443.0
2021-06-23,2021-06-23,SALORAINTL,XT,50.25,50.25,46.0,47.0,48.0,20,8387,396291.0
2021-06-23,2021-06-23,JINDALSAW,A,106.65,108.8,105.65,106.1,106.65,2731,524483,56196452.0
2021-06-23,2021-06-23,JKLAKSHMI,A,576.0,582.95,574.1,577.5,575.95,1226,16338,9431053.0
2021-06-23,2021-06-23,SHREECEM,A,29299.9,29299.9,28761.0,28862.95,29254.25,750,1220,35296249.0
2021-06-23,2021-06-23,SKPMIL,XT,12.86,12.86,12.86,12.86,12.25,3,180,2314.0
2021-06-23,2021-06-23,RELINFRA,T,92.3,97.5,92.3,92.3,97.15,12662,1585302,147525095.0
2021-06-23,2021-06-23,TATAPOWER,A,122.25,123.2,120.55,120.8,121.4,9989,2091647,255288769.0
2021-06-23,2021-06-23,SPMLINFRA,T,13.05,13.05,12.4,12.55,13.05,30,16476,206630.0
2021-06-23,2021-06-23,SUNDRMFAST,A,795.0,802.15,772.6,786.55,787.6,753,4960,3890023.0
2021-06-23,2021-06-23,SUNFLAG,A,82.0,82.2,79.55,79.8,81.45,3134,588468,47397582.0
2021-06-23,2021-06-23,SPLPETRO,T,747.0,747.0,725.0,727.75,742.4,720,7054,5178771.0
2021-06-23,2021-06-23,SWARAJENG,A,1781.8,1840.0,1746.1,1763.05,1751.05,634,2616,4623520.0
2021-06-23,2021-06-23,TATAELXSI,A,3740.0,3741.9,3607.0,3661.95,3687.55,1512,8061,29678677.0
2021-06-23,2021-06-23,ACC,A,2064.0,2064.0,2024.85,2030.6,2052.45,1278,149156,305553597.0
2021-06-23,2021-06-23,THERMAX,A,1373.55,1403.55,1373.55,1396.3,1390.3,396,1734,2416421.0
2021-06-23,2021-06-23,TIRUMALCHM,A,135.4,135.45,130.3,132.55,134.4,4568,300855,40003235.0
2021-06-23,2021-06-23,THOMASCOOK,A,65.8,65.8,63.45,63.85,62.95,993,275231,17745655.0
2021-06-23,2021-06-23,TIMEX,X,42.95,43.0,39.4,39.95,41.2,219,81150,3338095.0
2021-06-23,2021-06-23,TOKYOPLAST,B,101.0,101.2,98.1,98.35,99.05,28,2069,206859.0
2021-06-23,2021-06-23,TORNTPHARM,A,2929.7,2939.95,2899.05,2906.4,2926.9,1143,5010,14617181.0
2021-06-23,2021-06-23,TRANSCHEM,X,27.7,29.3,26.55,29.3,28.35,36,6166,173803.0
2021-06-23,2021-06-23,AMBUJACEM,A,348.85,348.85,343.5,345.1,346.5,2022,69597,24074455.0
2021-06-23,2021-06-23,UTLINDS,X,13.5,13.5,11.15,11.15,12.38,165,63566,722078.0
2021-06-23,2021-06-23,UNIENTER,B,130.9,134.9,130.9,132.4,132.45,280,9932,1314384.0
2021-06-23,2021-06-23,VHL,B,2491.0,2527.2,2455.0,2500.0,2485.65,38,98,245143.0
2021-06-23,2021-06-23,HINDALCO,A,369.0,376.95,367.5,368.15,367.8,9046,730922,272714762.0
2021-06-23,2021-06-23,WSTCSTPAPR,A,243.5,262.5,243.5,251.0,244.7,4899,175552,45054893.0
2021-06-23,2021-06-23,HOCL,B,40.5,40.65,38.8,39.55,40.3,572,87958,3513458.0
2021-06-23,2021-06-23,MPILCORPL,X,273.6,273.6,259.95,259.95,273.6,3,30,7874.0
2021-06-23,2021-06-23,PASUPTAC,X,24.3,24.3,23.05,23.85,22.1,944,492232,11753759.0
2021-06-23,2021-06-23,TEAM24,XT,3.0,3.11,2.83,3.11,2.97,85,39663,122269.0
2021-06-23,2021-06-23,PGHH,A,13305.0,13652.0,13244.95,13558.3,13325.75,245,429,5782344.0
2021-06-23,2021-06-23,MUKANDLTD,T,108.15,113.45,108.15,112.1,112.75,71,11342,1274441.0
2021-06-23,2021-06-23,BBOX,T,1201.0,1288.0,1201.0,1212.35,1245.0,45,856,1040025.0
2021-06-23,2021-06-23,UCAL,B,171.25,176.85,168.35,170.1,164.95,572,20863,3610991.0
2021-06-23,2021-06-23,HARRMALAYA,B,213.7,218.8,211.25,212.9,212.25,1344,40245,8666355.0
2021-06-23,2021-06-23,FEDERALBNK,A,84.7,86.3,84.6,84.8,84.65,4540,1479077,126188679.0
2021-06-23,2021-06-23,TATASTEEL,A,1120.0,1127.75,1095.35,1099.8,1113.55,17115,569647,634948142.0
2021-06-23,2021-06-23,SKFINDIA,A,2636.95,2636.95,2557.6,2585.8,2618.75,479,1444,3739073.0
2021-06-23,2021-06-23,ASHOKLEY,A,120.35,120.35,117.9,119.05,118.35,4173,679886,81008478.0
2021-06-23,2021-06-23,CUMMINSIND,A,840.25,843.6,820.5,825.55,833.05,1022,27660,23093588.0
2021-06-23,2021-06-23,TATACOMM,A,1290.0,1290.0,1266.6,1278.6,1268.2,1559,18822,24063758.0
2021-06-23,2021-06-23,ABBOTINDIA,A,16635.05,16748.4,16383.7,16416.1,16673.05,447,841,13864808.0
2021-06-23,2021-06-23,BAJAJHLDNG,A,3514.0,3698.6,3514.0,3602.25,3543.7,2855,14969,54559490.0
2021-06-23,2021-06-23,BHARATFORG,A,746.75,751.1,729.7,731.15,741.15,2391,80874,59757456.0
2021-06-23,2021-06-23,ESCORTS,A,1175.05,1185.2,1164.35,1167.4,1169.8,2525,40583,47711699.0
2021-06-23,2021-06-23,HINDMOTORS,B,8.5,8.5,7.94,8.09,8.2,256,53158,429463.0
2021-06-23,2021-06-23,LT,A,1502.0,1507.35,1476.5,1479.8,1499.15,2828,39879,59459055.0
2021-06-23,2021-06-23,M&M,A,777.15,785.5,774.65,781.9,775.4,5034,110888,86612806.0
2021-06-23,2021-06-23,BOSCHLTD,A,15121.0,15249.95,15009.25,15065.1,15139.5,658,1338,20215611.0
2021-06-23,2021-06-23,PREMIER,T,3.7,3.7,3.45,3.6,3.54,27,7216,25791.0
2021-06-23,2021-06-23,BPCL,A,474.0,475.1,469.2,469.7,473.75,5650,166077,78357077.0
2021-06-23,2021-06-23,SIEMENS,A,2005.7,2047.8,1993.4,2028.9,1995.9,2376,19310,39145609.0
2021-06-23,2021-06-23,TMPV,A,341.45,343.25,334.4,335.25,337.95,21826,1747606,592680169.0
2021-06-23,2021-06-23,VOLTAS,A,1023.0,1045.85,1018.8,1030.3,1020.5,3924,85168,88278710.0
2021-06-23,2021-06-23,GESHIP,A,405.15,408.4,395.85,401.55,401.75,1134,27987,11254119.0
2021-06-23,2021-06-23,DEEPAKFERT,T,421.0,426.0,398.0,401.35,417.25,1330,39169,15891365.0
2021-06-23,2021-06-23,EXCELINDUS,A,1085.95,1088.05,1051.35,1068.5,1063.3,608,3731,3980654.0
2021-06-23,2021-06-23,GRWRHITECH,T,895.0,908.0,882.0,899.25,890.7,375,25447,22833953.0
2021-06-23,2021-06-23,GLAXO,A,1524.95,1535.0,1509.0,1525.05,1511.6,592,3414,5172940.0
2021-06-23,2021-06-23,GNFC,A,371.4,371.4,359.95,360.8,367.65,843,21097,7657708.0
2021-06-23,2021-06-23,NOVARTIND,A,903.0,925.0,890.9,900.7,903.5,1295,17757,16170308.0
2021-06-23,2021-06-23,SANOFI,A,7725.0,7770.0,7633.15,7734.25,7694.1,509,1603,12276929.0
2021-06-23,2021-06-23,PFIZER,A,5501.0,5649.0,5483.15,5586.35,5494.7,2250,7365,41070154.0
2021-06-23,2021-06-23,GSFC,A,114.25,115.1,112.0,112.4,113.9,1854,184583,20896685.0
2021-06-23,2021-06-23,HINDUNILVR,A,2498.9,2513.0,2458.5,2479.5,2489.6,2608,484563,1206541529.0
2021-06-23,2021-06-23,JSWDULUX,A,2315.95,2333.0,2290.0,2321.15,2288.15,894,3192,7378956.0
2021-06-23,2021-06-23,NOCIL,A,214.1,225.0,214.1,217.65,214.65,6155,373329,82190395.0
2021-06-23,2021-06-23,TATACHEM,A,726.7,728.0,713.4,715.0,724.15,7239,243764,175288081.0
2021-06-23,2021-06-23,TNPETRO,B,108.55,108.6,105.45,105.55,107.6,687,33007,3523416.0
2021-06-23,2021-06-23,ZUARIIND,B,117.2,120.0,115.55,117.65,115.65,319,12777,1508846.0
2021-06-23,2021-06-23,NESTLEIND,A,17500.0,17553.0,17367.15,17406.05,17451.2,1027,16777,292566953.0
2021-06-23,2021-06-23,TATACONSUM,A,760.0,765.0,752.05,757.8,756.5,4405,122997,93324014.0
2021-06-23,2021-06-23,ASIANPAINT,A,3037.4,3037.4,2984.05,2988.5,3010.85,5866,440547,1325970167.0
2021-06-23,2021-06-23,BRITANNIA,A,3641.0,3682.0,3630.0,3658.45,3651.3,3479,177538,648442299.0
2021-06-23,2021-06-23,COLPAL,A,1690.0,1699.0,1683.1,1685.65,1689.3,857,68735,116122432.0
2021-06-23,2021-06-23,EIHOTEL,A,115.0,115.9,114.15,114.5,113.9,1088,52459,6029369.0
2021-06-23,2021-06-23,INDHOTEL,A,145.9,146.0,140.65,142.7,139.95,6996,599021,86059417.0
2021-06-23,2021-06-23,CASTROLIND,A,146.65,148.4,145.4,145.65,146.65,2109,122092,17892325.0
2021-06-23,2021-06-23,ITC,A,205.9,205.9,203.65,204.05,205.05,6464,848613,173747629.0
2021-06-23,2021-06-23,APOLLOTYRE,A,227.2,231.5,223.55,224.2,224.85,4068,271980,61984772.0
2021-06-23,2021-06-23,CEATLTD,A,1358.4,1364.0,1347.0,1353.45,1351.5,1428,12209,16544814.0
2021-06-23,2021-06-23,MODIRUBBER,T,74.65,76.45,74.65,75.95,75.5,14,459,34432.0
2021-06-23,2021-06-23,FINPIPE,A,175.0,178.75,173.0,173.6,172.7,5608,152756,26846235.0
2021-06-23,2021-06-23,DSINVEST,XT,251.9,256.0,251.9,253.0,257.0,5,31,7835.0
2021-06-23,2021-06-23,CENTRUM,B,48.3,48.35,42.9,43.45,47.5,3441,603900,27529570.0
2021-06-23,2021-06-23,TCIFINANCE,B,6.79,6.79,6.49,6.59,6.23,16,5050,33829.0
2021-06-23,2021-06-23,IITL,B,73.55,74.0,72.0,72.0,72.55,30,3026,222730.0
2021-06-23,2021-06-23,INDPRUD,X,1579.0,1596.4,1525.05,1538.6,1578.7,95,1326,2052193.0
2021-06-23,2021-06-23,TATAINVEST,A,1150.0,1150.0,1130.85,1133.9,1137.15,589,2964,3370174.0
2021-06-23,2021-06-23,JAYBHCR,X,6.14,6.14,6.14,6.14,5.85,1,100,614.0
2021-06-23,2021-06-23,PRISMX,X,68.0,70.0,64.6,69.6,68.0,52,8024,550316.0
2021-06-23,2021-06-23,MOTOGENFIN,B,21.05,21.5,21.05,21.2,21.15,4,252,5327.0
2021-06-23,2021-06-23,WALCHPF,X,83.85,83.85,75.35,82.35,82.5,44,1898,154646.0
2021-06-23,2021-06-23,WHBRADY,X,150.05,156.0,150.05,152.55,155.5,8,278,42399.0
2021-06-23,2021-06-23,SHAILY,XT,1644.0,1670.0,1580.0,1590.65,1643.35,109,1052,1687881.0
2021-06-23,2021-06-23,BBTC,A,1320.2,1325.45,1300.4,1303.6,1313.35,436,2036,2670606.0
2021-06-23,2021-06-23,BOMBCYC,X,656.45,693.9,656.45,668.4,689.75,16,82,55280.0
2021-06-23,2021-06-23,GREAVESCOT,A,162.0,174.45,161.5,167.8,161.5,7899,801377,134966282.0
2021-06-23,2021-06-23,MULLER,XT,82.4,82.4,82.4,82.4,78.5,1,4,329.0
2021-06-23,2021-06-23,AMALGAM,XT,12.9,13.54,12.26,13.54,12.9,8,1649,20669.0
2021-06-23,2021-06-23,INDIANVSH,XT,20.8,20.85,20.8,20.85,20.85,5,325,6767.0
2021-06-23,2021-06-23,COASTCORP,X,305.05,312.45,304.0,306.0,306.95,498,17467,5367796.0
2021-06-23,2021-06-23,CHOWGULSTM,XT,7.99,7.99,7.27,7.41,7.65,30,5787,44360.0
2021-06-23,2021-06-23,GARWAOFFS,X,11.31,11.31,11.01,11.28,10.78,159,46726,526640.0
2021-06-23,2021-06-23,DHENUBUILD,X,2.13,2.13,2.13,2.13,2.17,2,1000,2130.0
2021-06-23,2021-06-23,ASIIL,XT,29.6,30.9,29.55,30.45,31.0,118,44447,1334119.0
2021-06-23,2021-06-23,SAGCEM,A,1158.0,1158.0,1081.05,1088.35,1121.9,1184,9302,10353448.0
2021-06-23,2021-06-23,DECCANCE,B,584.9,628.85,576.85,608.1,579.85,2334,27585,16819283.0
2021-06-23,2021-06-23,MANGLMCEM,A,320.95,321.6,314.25,315.8,320.75,497,11444,3643779.0
2021-06-23,2021-06-23,NCLIND,A,233.05,235.6,228.85,231.05,230.45,973,31277,7275599.0
2021-06-23,2021-06-23,SAURASHCEM,X,99.85,99.85,94.15,95.0,96.6,657,84966,8172989.0
2021-06-23,2021-06-23,SHREDIGCEM,B,83.8,85.7,82.25,82.75,82.85,1034,67788,5684182.0
2021-06-23,2021-06-23,BORORENEW,T,270.0,270.0,260.05,263.45,266.1,317,13367,3528409.0
2021-06-23,2021-06-23,RASSIREF,X,7.6,7.6,7.6,7.6,7.24,1,2,15.0
2021-06-23,2021-06-23,TRIVENIGQ,X,7.69,7.69,7.37,7.37,7.7,28,12439,92602.0
2021-06-23,2021-06-23,ANDHRAPAP,B,255.9,264.95,249.2,254.15,255.05,836,15244,3957635.0
2021-06-23,2021-06-23,BALKRISIND,A,2215.0,2220.0,2188.5,2196.1,2207.0,3344,26730,58836069.0
2021-06-23,2021-06-23,ORIENTPPR,B,31.45,32.9,31.2,31.4,31.0,3017,915898,29352360.0
2021-06-23,2021-06-23,CITADEL,X,10.6,11.3,10.35,10.35,10.89,22,3072,31956.0
2021-06-23,2021-06-23,ROLLT,B,3.7,3.72,3.41,3.46,3.57,167,177284,645795.0
2021-06-23,2021-06-23,SESHAPAPER,A,188.05,194.6,183.35,186.05,185.2,2529,81689,15472525.0
2021-06-23,2021-06-23,SOLIDCONT,X,34.0,34.0,34.0,34.0,34.0,1,50,1700.0
2021-06-23,2021-06-23,SHBHAWANI,Z,2.47,2.47,2.47,2.47,2.6,15,12152,30015.0
2021-06-23,2021-06-23,NATHIND,X,102.1,110.0,102.1,107.3,104.6,154,16591,1775967.0
2021-06-23,2021-06-23,VAPIENTER,XT,18.16,18.16,18.16,18.16,17.3,3,335,6083.0
2021-06-23,2021-06-23,SINTEXIND,T,4.9,5.09,4.78,4.83,4.95,1319,856436,4215194.0
2021-06-23,2021-06-23,DCM,T,41.4,41.4,39.45,41.1,39.75,21,2578,105544.0
2021-06-23,2021-06-23,FORBESCO,B,2360.0,2360.0,2200.0,2232.15,2273.05,179,1310,2992469.0
2021-06-23,2021-06-23,HPCOTTON,X,68.75,72.95,67.5,68.65,68.95,92,6106,421789.0
2021-06-23,2021-06-23,JAMSHRI,X,2567.25,2567.25,2567.25,2567.25,2445.0,4,11,28239.0
2021-06-23,2021-06-23,KATRSPG,XT,16.51,16.51,16.51,16.51,16.21,1,50,825.0
2021-06-23,2021-06-23,KESORAMIND,B,86.5,96.8,86.25,92.2,86.1,12329,1282973,119576388.0
2021-06-23,2021-06-23,LAKSHMIMIL,X,2800.0,2877.1,2715.0,2843.1,2740.1,69,641,1820009.0
2021-06-23,2021-06-23,VTL,A,1384.4,1384.4,1361.1,1364.45,1373.8,236,733,1005847.0
2021-06-23,2021-06-23,PENINLAND,T,14.21,14.22,13.76,14.22,13.55,644,450510,6386973.0
2021-06-23,2021-06-23,PASUSPG,X,12.28,12.28,12.28,12.28,12.04,6,1345,16516.0
2021-06-23,2021-06-23,PHOENIXLTD,A,827.0,843.2,812.0,817.15,824.3,1184,8998,7449907.0
2021-06-23,2021-06-23,MARATHON,B,70.55,73.5,70.05,72.65,70.55,189,5547,402278.0
2021-06-23,2021-06-23,RAJABAH,XT,5431.1,5431.1,5431.1,5431.1,5324.65,3,3,16293.0
2021-06-23,2021-06-23,RELCHEMQ,X,135.0,135.0,127.3,128.55,131.5,356,19852,2590517.0
2021-06-23,2021-06-23,RUBYMILLS,B,230.2,230.3,225.95,226.5,230.1,31,242,55078.0
2021-06-23,2021-06-23,SWANCORP,A,144.05,144.6,140.9,143.7,143.65,4536,125349,17959715.0
2021-06-23,2021-06-23,VICTMILL,X,2592.0,2623.0,2510.0,2571.35,2592.0,37,90,231012.0
2021-06-23,2021-06-23,ZSVARAJT,XT,4.2,4.2,4.02,4.08,4.05,103,95989,391161.0
2021-06-23,2021-06-23,ZODIACVEN,XT,16.65,17.43,15.79,17.01,16.6,54,69051,1167363.0
2021-06-23,2021-06-23,VEERENRGY,X,12.25,13.5,12.01,12.98,12.21,387,145627,1897310.0
2021-06-23,2021-06-23,SW1,XT,23.3,23.3,23.3,23.3,22.2,1,100,2330.0
2021-06-23,2021-06-23,TILAK,XT,3.38,3.38,3.38,3.38,3.44,27,4171,14097.0
2021-06-23,2021-06-23,KKFIN,X,10.4,10.41,9.43,9.45,9.92,23,5183,51189.0
2021-06-23,2021-06-23,WAGEND,X,1.57,1.57,1.51,1.51,1.54,26,12414,18942.0
2021-06-23,2021-06-23,SAHARAONE,XT,29.95,29.95,28.7,28.7,29.95,6,106,3152.0
2021-06-23,2021-06-23,BANSWRAS,T,175.0,179.0,172.0,175.0,175.25,18,925,162529.0
2021-06-23,2021-06-23,MODIPON,X,26.35,27.6,25.35,26.0,26.3,14,885,23588.0
2021-06-23,2021-06-23,SHRIDINE,X,505.05,535.0,505.05,521.9,520.0,57,18010,9376828.0
2021-06-23,2021-06-23,SRF,A,7017.3,7045.15,6880.85,6905.6,6976.95,1207,3377,23454667.0
2021-06-23,2021-06-23,SIYSIL,B,319.9,328.35,316.15,323.8,317.25,1832,32010,10348920.0
2021-06-23,2021-06-23,SWADPOL,XT,6.17,6.17,5.87,5.87,6.17,6,1316,7754.0
2021-06-23,2021-06-23,BBL,A,1258.55,1258.8,1232.55,1239.0,1243.4,173,486,605662.0
2021-06-23,2021-06-23,ELPROINTL,X,45.0,45.45,44.0,44.5,43.1,97,20723,930396.0
2021-06-23,2021-06-23,EMCOLTD,Z,3.49,3.49,3.17,3.18,3.33,179,344040,1167220.0
2021-06-23,2021-06-23,GEE,X,61.95,62.75,59.5,60.8,60.6,195,44094,2678630.0
2021-06-23,2021-06-23,HIRECT,B,151.4,156.85,151.4,155.6,151.4,136,3948,608724.0
2021-06-23,2021-06-23,NIPPOBATRY,B,969.05,977.5,955.0,959.65,971.4,96,1331,1278625.0
2021-06-23,2021-06-23,ZENSARTECH,A,298.8,303.0,295.55,296.3,298.25,1366,36514,10904828.0
2021-06-23,2021-06-23,JYOTI,X,13.03,13.99,13.03,13.82,13.5,47,11474,158099.0
2021-06-23,2021-06-23,JSLINDL,XT,171.0,179.3,162.65,162.65,170.8,13,338,57603.0
2021-06-23,2021-06-23,KAYCEEI,X,3601.55,3949.0,3601.55,3778.0,3762.0,8,9,34661.0
2021-06-23,2021-06-23,INDOKEM,X,44.4,45.0,41.5,42.9,42.85,116,16427,702789.0
2021-06-23,2021-06-23,PANAENERG,X,259.95,260.0,251.3,251.85,257.15,309,27533,6973444.0
2021-06-23,2021-06-23,NELCO,A,260.0,260.0,251.05,252.2,255.2,1554,45086,11427246.0
2021-06-23,2021-06-23,PERMAGN,X,353.0,358.7,342.0,356.25,346.5,243,9468,3360901.0
2021-06-23,2021-06-23,HIGHENE,X,1260.0,1260.0,1215.0,1227.25,1253.65,185,1198,1480503.0
2021-06-23,2021-06-23,STDBAT,X,26.1,26.1,26.1,26.1,25.6,17,2556,66711.0
2021-06-23,2021-06-23,UNIVCABLES,B,198.7,203.8,190.25,193.95,196.45,749,23987,4733605.0
2021-06-23,2021-06-23,WSI,T,6.4,6.4,6.4,6.4,6.66,1,200,1280.0
2021-06-23,2021-06-23,DLTNCBL,XT,58.15,58.8,54.0,55.7,56.55,62,13771,767285.0
2021-06-23,2021-06-23,LAKSELEC,X,434.95,439.75,415.0,417.05,427.15,119,4242,1788600.0
2021-06-23,2021-06-23,MODULEX,XT,16.8,16.8,15.73,16.2,16.19,43,19665,319235.0
2021-06-23,2021-06-23,DELTAMAGNT,T,49.2,49.25,49.2,49.25,46.95,14,1775,87408.0
2021-06-23,2021-06-23,PAZEL,XT,0.61,0.61,0.61,0.61,0.6,312,1059126,646066.0
2021-06-23,2021-06-23,LONGSPUR,X,2.83,2.88,2.83,2.88,2.88,6,839,2381.0
2021-06-23,2021-06-23,RELTD,X,33.95,34.9,33.8,34.5,34.6,34,2059,70268.0
2021-06-23,2021-06-23,ZMULTIPU,XT,9.7,9.7,9.7,9.7,9.6,5,228,2211.0
2021-06-23,2021-06-23,NYSSACORP,XT,8.67,8.67,8.26,8.67,8.26,725,296973,2561476.0
2021-06-23,2021-06-23,FLOMIC,XT,11.2,11.2,11.2,11.2,10.99,1,3,33.0
2021-06-23,2021-06-23,KRISHNA,XT,11.21,12.0,11.21,11.95,11.8,16,2146,24763.0
2021-06-23,2021-06-23,UNIABEXAL,X,554.0,575.0,553.6,564.75,559.05,46,695,395199.0
2021-06-23,2021-06-23,SARDAEN,T,682.25,690.0,651.0,657.4,680.9,385,8865,5880412.0
2021-06-23,2021-06-23,BGWTATO,X,174.0,185.0,156.55,177.95,170.55,29,794,139734.0
2021-06-23,2021-06-23,GALADA,Z,2.22,2.22,2.22,2.22,2.18,16,20053,44517.0
2021-06-23,2021-06-23,INDIANHUME,A,219.55,222.1,216.05,216.75,218.4,416,12189,2663874.0
2021-06-23,2021-06-23,INVPRECQ,X,219.05,219.05,211.15,215.4,219.05,20,815,176343.0
2021-06-23,2021-06-23,INFORTEC,X,29.0,31.75,29.0,30.9,30.5,5,494,14902.0
2021-06-23,2021-06-23,KAIRA,X,1312.9,1379.8,1280.3,1343.5,1312.9,12,29,38429.0
2021-06-23,2021-06-23,ORIENTCER,B,38.0,38.4,32.5,33.15,36.15,2111,261078,9050187.0
2021-06-23,2021-06-23,NATIONSTD,XT,1072.75,1072.75,1072.75,1072.75,1094.6,5,5,5363.0
2021-06-23,2021-06-23,DUNCANENG,X,163.0,170.0,162.15,163.15,162.3,33,1599,262418.0
2021-06-23,2021-06-23,SANDUMA,X,1744.4,1775.0,1620.0,1693.55,1714.9,512,10746,18613700.0
2021-06-23,2021-06-23,STOVACQ,X,2515.0,2650.0,2515.0,2563.55,2508.1,148,1353,3479408.0
2021-06-23,2021-06-23,TATAYODOGA,X,50.95,51.95,49.0,51.05,51.25,231,28598,1450444.0
2021-06-23,2021-06-23,TINPLATE,A,209.0,210.4,204.3,205.25,209.0,1140,83671,17342831.0
2021-06-23,2021-06-23,CHOLAHLDNG,A,671.65,671.65,642.0,650.85,668.55,275,1161,765701.0
2021-06-23,2021-06-23,ZWELCAST,XT,400.4,400.4,385.0,385.6,392.55,16,194,75633.0
2021-06-23,2021-06-23,AUTOAXLES,A,1315.7,1326.5,1288.95,1315.25,1310.45,451,2040,2658801.0
2021-06-23,2021-06-23,ACGL,X,401.0,410.8,400.7,402.95,400.7,59,1128,457191.0
2021-06-23,2021-06-23,SETCO,B,24.6,24.6,23.45,23.65,23.8,630,147147,3507952.0
2021-06-23,2021-06-23,SCOOTER,T,39.25,39.25,37.6,37.95,38.6,59,6124,234527.0
2021-06-23,2021-06-23,TALBROAUTO,B,281.9,284.0,275.7,277.1,281.2,266,3749,1052524.0
2021-06-23,2021-06-23,ZFSTEERING,X,481.0,489.95,467.65,475.35,484.15,95,1054,502461.0
2021-06-23,2021-06-23,SMLMAH,A,471.15,490.75,467.0,477.75,467.4,355,5301,2548450.0
2021-06-23,2021-06-23,TIL,T,175.5,180.0,175.0,178.45,179.0,13,278,49238.0
2021-06-23,2021-06-23,EICHERMOT,A,2732.0,2762.0,2708.95,2727.45,2718.55,3295,232336,632106070.0
2021-06-23,2021-06-23,ALFREDHE,X,726.0,726.0,726.0,726.0,700.55,1,2,1452.0
2021-06-23,2021-06-23,VELJAN,X,974.5,984.0,953.0,953.0,960.1,15,160,154313.0
2021-06-23,2021-06-23,DYNAMATECH,B,1439.15,1451.0,1415.75,1422.0,1428.7,110,490,700460.0
2021-06-23,2021-06-23,GGDPROP,X,49.1,59.5,49.1,50.05,49.7,27,3508,187042.0
2021-06-23,2021-06-23,GMMPFAUDLR,A,4760.0,4772.2,4656.65,4679.75,4708.85,1440,4838,22823325.0
2021-06-23,2021-06-23,KIRLPNU,B,419.9,425.0,400.0,406.6,410.5,1787,119869,49460036.0
2021-06-23,2021-06-23,KPT,X,123.0,147.6,123.0,147.6,123.0,404,36661,5250390.0
2021-06-23,2021-06-23,LAKSHMIEW,X,644.75,645.75,590.0,591.95,615.0,47,888,542609.0
2021-06-23,2021-06-23,LYNMC,X,26.05,26.05,26.05,26.05,26.05,1,2,52.0
2021-06-23,2021-06-23,MANUGRAPH,T,14.38,15.4,14.38,15.4,15.06,23,3568,53939.0
2021-06-23,2021-06-23,NESCO,A,569.8,641.35,569.1,615.45,565.65,2651,45426,27993419.0
2021-06-23,2021-06-23,INTEGRAEN,X,45.0,45.0,43.0,43.4,43.1,177,43398,1909904.0
2021-06-23,2021-06-23,SEMAC,B,734.3,734.3,697.0,697.4,728.95,140,2408,1728728.0
2021-06-23,2021-06-23,TEXINFRA,B,67.3,68.4,66.65,67.5,66.3,223,4192,284509.0
2021-06-23,2021-06-23,WENDT,B,3913.05,3925.0,3816.65,3892.3,3863.2,21,23,89614.0
2021-06-23,2021-06-23,RESPONIND,A,145.0,145.0,142.0,143.3,143.8,120,1576,225914.0
2021-06-23,2021-06-23,MAHACORP,X,0.48,0.48,0.45,0.45,0.47,863,2292494,1034593.0
2021-06-23,2021-06-23,DOLATALGO,B,73.45,74.15,72.15,72.3,72.8,560,39395,2876315.0
2021-06-23,2021-06-23,WESTLIFE,A,495.95,495.95,485.55,487.7,490.1,211,1583,772548.0
2021-06-23,2021-06-23,ZEEL,A,219.6,221.85,216.0,216.4,218.05,3162,259298,56565756.0
2021-06-23,2021-06-23,GOLDCORP,X,83.1,86.0,83.1,86.0,87.45,13,156,13194.0
2021-06-23,2021-06-23,SVPGLOB,X,80.0,80.0,78.0,78.2,78.85,101,11862,941473.0
2021-06-23,2021-06-23,SKYLMILAR,X,12.39,12.45,11.3,12.37,11.33,359,71615,868866.0
2021-06-23,2021-06-23,BIMETAL,X,370.0,370.0,358.0,364.25,361.45,66,1559,568267.0
2021-06-23,2021-06-23,BHARATGEAR,B,102.55,105.0,100.2,102.8,101.85,69,2698,276816.0
2021-06-23,2021-06-23,BRADYM,X,88.0,89.95,85.05,88.95,88.0,5,600,52203.0
2021-06-23,2021-06-23,LATIMMETAL,X,128.55,128.55,128.55,128.55,122.45,29,7079,910005.0
2021-06-23,2021-06-23,ELECON,B,135.4,136.5,131.0,132.45,133.9,2026,169597,22715414.0
2021-06-23,2021-06-23,GRAUWEIL,X,56.05,57.0,55.5,55.8,56.0,922,247621,13992535.0
2021-06-23,2021-06-23,GAJRABEVEL,XT,2.98,2.98,2.84,2.97,2.84,28,13830,41186.0
2021-06-23,2021-06-23,HIMTEK,X,114.2,115.0,110.8,111.95,113.35,57,2204,248518.0
2021-06-23,2021-06-23,GABRIEL,A,120.9,123.3,119.4,119.95,120.9,1031,46013,5564436.0
2021-06-23,2021-06-23,HERCULES,B,141.0,143.65,138.15,139.55,140.6,499,15965,2239125.0
2021-06-23,2021-06-23,ALGOQUANT,XT,222.05,240.35,222.05,229.45,229.1,15,2060,473071.0
2021-06-23,2021-06-23,IFBIND,A,1090.5,1128.55,1068.2,1072.8,1090.05,1249,7113,7792788.0
2021-06-23,2021-06-23,SINGERIND,X,53.05,54.0,50.6,51.6,53.1,518,76756,3999717.0
2021-06-23,2021-06-23,INTLCOMBQ,X,216.8,218.0,212.25,212.8,213.6,43,2127,457692.0
2021-06-23,2021-06-23,FMGOETZE,A,336.75,346.3,335.8,340.0,334.45,909,15335,5222627.0
2021-06-23,2021-06-23,JOSTS,X,437.0,437.0,415.6,421.5,427.65,64,613,259178.0
2021-06-23,2021-06-23,SCHAEFFLER,A,5346.15,5400.0,5267.45,5374.25,5312.75,201,441,2369532.0
2021-06-23,2021-06-23,RANEHOLDIN,A,659.0,672.6,648.35,652.8,651.0,340,1588,1049552.0
2021-06-23,2021-06-23,SNL,X,230.0,235.85,225.25,229.65,230.0,50,1101,253256.0
2021-06-23,2021-06-23,JAIPAN,XT,11.21,12.3,11.21,11.68,11.79,19,3236,37170.0
2021-06-23,2021-06-23,MANCREDIT,X,61.25,62.0,60.05,60.15,60.6,247,50276,3040635.0
2021-06-23,2021-06-23,TRF,B,120.9,125.0,117.7,122.6,118.75,947,18325,2249273.0
2021-06-23,2021-06-23,WPIL,X,960.0,984.0,925.0,929.1,958.6,751,9698,9197842.0
2021-06-23,2021-06-23,KENNAMET,A,1175.0,1187.0,1171.05,1182.25,1173.6,290,1258,1480501.0
2021-06-23,2021-06-23,HINDHARD,X,226.7,226.7,215.0,216.9,219.85,57,1591,353133.0
2021-06-23,2021-06-23,TRITONV,X,1394.0,1398.0,1325.7,1343.25,1359.0,342,2687,3678583.0
2021-06-23,2021-06-23,SUDAI,XT,6.99,6.99,6.9,6.95,6.7,3,1025,7119.0
2021-06-23,2021-06-23,PRAKASH,A,76.0,76.4,74.2,74.5,75.05,822,61534,4611149.0
2021-06-23,2021-06-23,ARSHIYA,B,31.1,31.25,29.5,29.95,30.45,140,16270,494554.0
2021-06-23,2021-06-23,GRINDWELL,A,1190.0,1190.0,1153.25,1155.05,1170.95,824,3316,3865201.0
2021-06-23,2021-06-23,LAKPRE,Z,5.17,5.18,4.72,5.03,4.96,12,1923,9456.0
2021-06-23,2021-06-23,STANROS,X,94.0,96.5,92.25,93.0,94.0,39,5963,555184.0
2021-06-23,2021-06-23,GENESYS,B,123.8,123.8,115.5,117.1,119.95,181,5112,608010.0
2021-06-23,2021-06-23,VOLKAI,X,80.6,82.4,80.6,82.4,78.5,5,831,67275.0
2021-06-23,2021-06-23,PARNAXLAB,XT,25.65,27.2,25.6,26.0,26.85,21,2871,73946.0
2021-06-23,2021-06-23,GOURMET,XT,4.41,4.41,4.41,4.41,4.2,4,407,1794.0
2021-06-23,2021-06-23,VIVIDHA,T,1.13,1.13,1.13,1.13,1.08,56,57167,64598.0
2021-06-23,2021-06-23,KANANIIND,T,9.95,9.95,9.95,9.95,9.48,56,13308,132414.0
2021-06-23,2021-06-23,GSLTD,XT,14.6,14.6,13.3,14.6,13.95,6,526,7513.0
2021-06-23,2021-06-23,ARIHANTSUP,T,94.0,94.45,92.55,94.15,92.9,118,5566,522018.0
2021-06-23,2021-06-23,BLISSGVS,A,111.0,111.55,108.3,110.05,109.65,1269,52219,5735791.0
2021-06-23,2021-06-23,STYRENIX,B,1438.05,1441.0,1399.45,1407.35,1420.2,605,3401,4808602.0
2021-06-23,2021-06-23,ALEMBICLTD,A,130.8,132.05,128.05,128.5,130.7,1555,247242,32145252.0
2021-06-23,2021-06-23,AMNPLST,X,114.0,115.5,110.5,111.35,112.95,467,30921,3476867.0
2021-06-23,2021-06-23,ANUHPHR,X,144.5,144.5,139.5,140.3,140.7,526,34809,4904382.0
2021-06-23,2021-06-23,MODISONLTD,B,75.2,84.5,73.5,81.1,76.35,3829,211027,17227083.0
2021-06-23,2021-06-23,BAYERCROP,A,5545.45,5589.55,5523.4,5549.8,5552.35,233,21109,117365061.0
2021-06-23,2021-06-23,STARSOURCE,XT,26.5,27.75,26.5,27.5,26.5,19,1714,46331.0
2021-06-23,2021-06-23,SUDARCOLOR,A,548.3,552.65,537.0,540.1,541.95,660,7083,3840023.0
2021-06-23,2021-06-23,COROMANDEL,A,920.35,923.0,882.75,890.5,917.55,2029,50701,45810509.0
2021-06-23,2021-06-23,DEEPAKNTR,A,1778.9,1778.9,1750.65,1758.5,1763.65,2368,21324,37568823.0
2021-06-23,2021-06-23,DMCC,X,323.9,359.85,315.0,353.2,319.8,1932,124007,42975261.0
2021-06-23,2021-06-23,FERMENTA,X,328.0,328.0,321.1,323.7,324.65,352,15416,4995803.0
2021-06-23,2021-06-23,GOCLCORP,B,263.05,265.0,247.0,259.9,262.9,164,2775,715997.0
2021-06-23,2021-06-23,JAYCH,XT,5.37,5.37,5.02,5.21,5.22,101,41855,216047.0
2021-06-23,2021-06-23,JLMORISON,X,2075.0,2095.0,2075.0,2080.3,2051.0,5,30,62390.0
2021-06-23,2021-06-23,KANORICHEM,B,145.25,147.15,143.0,146.5,147.65,233,6782,985415.0
2021-06-23,2021-06-23,KELENRG,X,575.2,668.25,575.2,627.95,606.4,74,929,572838.0
2021-06-23,2021-06-23,KEMP,X,548.5,548.55,548.5,548.55,522.45,8,36,19747.0
2021-06-23,2021-06-23,NITTAGELA,X,194.0,194.25,189.0,193.3,190.5,112,6524,1252943.0
2021-06-23,2021-06-23,MPAGI,XT,3.95,4.04,3.95,4.04,3.85,24,3414,13678.0
2021-06-23,2021-06-23,AGVENTURES,A,1133.0,1136.75,1063.0,1077.05,1105.1,1147,5211,5763322.0
2021-06-23,2021-06-23,PCBL,A,230.95,230.95,222.7,223.25,227.75,2315,265965,59969736.0
2021-06-23,2021-06-23,AMAL,X,393.25,393.25,381.25,385.3,384.2,99,2527,977475.0
2021-06-23,2021-06-23,POLYCHEM,X,775.0,825.6,723.1,825.6,688.0,159,2274,1858936.0
2021-06-23,2021-06-23,PUNJABCHEM,B,1335.0,1350.85,1321.0,1338.15,1342.5,132,670,895852.0
2021-06-23,2021-06-23,ZR2,XT,135.3,135.3,135.3,135.3,129.2,5,43,5817.0
2021-06-23,2021-06-23,SADHNANIQ,X,58.7,58.7,58.7,58.7,57.55,144,53339,3130999.0
2021-06-23,2021-06-23,SUDARSCHEM,A,681.7,691.75,675.7,682.15,679.05,854,15298,10448023.0
2021-06-23,2021-06-23,ULTRAMAR,X,339.0,339.4,328.05,331.1,336.15,514,25610,8516773.0
2021-06-23,2021-06-23,TRANSPEK,X,1623.0,1660.0,1601.55,1616.2,1614.45,222,4426,7191732.0
2021-06-23,2021-06-23,UNICHEMLAB,A,320.0,321.95,318.05,318.8,319.65,456,3816,1219684.0
2021-06-23,2021-06-23,MYSORPETRO,X,108.2,112.9,105.35,109.5,107.7,63,3630,399390.0
2021-06-23,2021-06-23,ALKYLAMINE,A,3594.0,3624.3,3533.75,3547.95,3593.15,937,3963,14153701.0
2021-06-23,2021-06-23,TUTIALKA,X,10.85,11.18,10.3,10.57,10.65,151,38188,408310.0
2021-06-23,2021-06-23,ASTRAZEN,A,3775.0,3775.0,3651.55,3665.25,3691.9,495,2026,7468552.0
2021-06-23,2021-06-23,PRIMO,X,87.5,87.75,84.25,84.95,85.25,120,17746,1509939.0
2021-06-23,2021-06-23,TANFACIND,X,250.3,252.2,245.0,245.8,250.3,186,13101,3246106.0
2021-06-23,2021-06-23,GUJPETR,XT,68.0,69.5,68.0,69.5,66.2,13,1138,78791.0
2021-06-23,2021-06-23,SWADEIN,X,1.08,1.08,1.08,1.08,1.03,10,733,791.0
2021-06-23,2021-06-23,GUJTHEM,X,329.8,329.8,310.15,312.8,324.65,336,11404,3597743.0
2021-06-23,2021-06-23,JAYSYN,X,63.5,66.0,63.5,64.05,63.2,19,908,58342.0
2021-06-23,2021-06-23,MAKERSL,X,201.0,201.0,195.1,196.5,200.1,74,2914,572984.0
2021-06-23,2021-06-23,CONTCHM,XT,20.47,20.47,20.47,20.47,19.5,9,351,7184.0
2021-06-23,2021-06-23,JBCHEPHARM,A,1532.0,1553.0,1526.2,1545.85,1527.9,1087,11545,17778166.0
2021-06-23,2021-06-23,RAJSPTR,P,3.38,3.5,3.38,3.5,3.55,7,1400,4770.0
2021-06-23,2021-06-23,BLUECHIPT,X,97.95,97.95,96.05,96.15,97.4,24,1027,99399.0
2021-06-23,2021-06-23,JAGAJITIND,XT,61.6,61.6,56.8,59.9,58.85,114,12637,755857.0
2021-06-23,2021-06-23,KESARENT,X,99.0,102.0,95.2,96.65,99.95,110,10804,1068288.0
2021-06-23,2021-06-23,TI,B,36.1,41.85,36.1,40.7,40.5,644,70787,2901305.0
2021-06-23,2021-06-23,EMERALL,XT,69.15,72.6,69.15,72.6,69.15,18,1162,84354.0
2021-06-23,2021-06-23,RAVALSUGAR,XT,2310.0,2315.25,2310.0,2315.25,2205.0,7,12,27777.0
2021-06-23,2021-06-23,SAKHTISUG,T,16.05,16.05,14.75,15.03,15.29,284,74502,1137613.0
2021-06-23,2021-06-23,WALCHANNAG,B,81.55,84.9,80.1,81.75,80.55,1399,104110,8608735.0
2021-06-23,2021-06-23,KHODINDIA,XT,74.35,77.0,74.05,74.05,77.9,7,500,37255.0
2021-06-23,2021-06-23,IFBAGRO,B,613.2,615.75,580.5,584.7,610.55,1409,13633,8141877.0
2021-06-23,2021-06-23,DHARANISUG,B,23.61,23.61,23.12,23.61,22.49,277,107083,2522586.0
2021-06-23,2021-06-23,KFBL,X,84.95,86.45,82.55,83.95,84.5,144,7824,660911.0
2021-06-23,2021-06-23,CAPRO,XT,85.05,86.75,85.05,86.75,85.05,7,261,22427.0
2021-06-23,2021-06-23,GMBREW,B,589.0,611.9,589.0,593.65,589.25,1802,20738,12444735.0
2021-06-23,2021-06-23,RANASUG,B,23.7,23.7,23.7,23.7,22.58,158,83669,1982955.0
2021-06-23,2021-06-23,PICCASUG,XT,10.1,10.79,10.1,10.48,10.31,112,12389,128183.0
2021-06-23,2021-06-23,RIGASUGAR,XT,10.38,10.38,10.38,10.38,9.89,19,10455,108522.0
2021-06-23,2021-06-23,SDBL,T,45.8,46.4,44.6,44.95,45.8,286,33192,1511996.0
2021-06-23,2021-06-23,CJGEL,XT,23.75,26.1,23.75,24.0,24.9,8,1305,31303.0
2021-06-23,2021-06-23,MOUNTTSHIV,Z,6.73,6.73,6.73,6.73,6.6,2,6,40.0
2021-06-23,2021-06-23,AMRITCORP,X,790.0,790.0,748.0,772.4,763.0,15,29,22194.0
2021-06-23,2021-06-23,ASALCBR,B,500.7,502.0,486.0,490.05,495.55,1330,15965,7899369.0
2021-06-23,2021-06-23,FOODSIN,XT,72.0,72.7,69.5,69.65,72.15,681,96271,6763235.0
2021-06-23,2021-06-23,IVP,B,129.0,129.95,126.6,128.35,128.95,27,359,46338.0
2021-06-23,2021-06-23,KLRFM,X,69.0,70.3,67.0,67.7,66.65,103,9012,620580.0
2021-06-23,2021-06-23,MLKFOOD,X,380.0,380.0,362.5,370.2,368.3,41,420,155826.0
2021-06-23,2021-06-23,POLSON,X,15792.0,15900.0,15000.0,15164.6,15415.8,131,178,2761729.0
2021-06-23,2021-06-23,WIPRO,A,560.0,560.75,538.7,540.3,556.45,9123,3006952,1668721426.0
2021-06-23,2021-06-23,ORIBEVER,X,75.9,77.2,72.55,76.05,74.25,78,8518,641090.0
2021-06-23,2021-06-23,DHANUKA,A,955.0,974.95,943.0,959.95,947.95,1857,17567,16851156.0
2021-06-23,2021-06-23,TTKHLTCARE,B,644.4,650.0,631.4,633.7,643.95,178,906,582495.0
2021-06-23,2021-06-23,TGVSL,X,31.5,31.55,30.65,30.85,30.95,388,133997,4167061.0
2021-06-23,2021-06-23,LIMECHM,X,29.8,30.4,29.0,29.7,30.4,25,1205,35719.0
2021-06-23,2021-06-23,KANPRPLA,B,225.8,227.4,220.0,221.35,223.7,224,2765,616524.0
2021-06-23,2021-06-23,TAINWALCHM,B,77.6,78.5,75.75,76.45,76.85,70,3104,240366.0
2021-06-23,2021-06-23,JAGSNPHARM,B,157.0,157.55,151.0,151.5,153.55,589,30439,4691986.0
2021-06-23,2021-06-23,KHAICHEM,B,53.9,53.9,51.6,51.7,52.5,508,34576,1794058.0
2021-06-23,2021-06-23,NOL,X,58.35,58.35,58.35,58.35,59.5,6,83,4843.0
2021-06-23,2021-06-23,GILLETTE,A,5719.0,5719.0,5630.0,5641.95,5720.15,218,471,2661137.0
2021-06-23,2021-06-23,WIREFABR,X,65.15,68.45,65.15,68.45,64.6,12,801,52448.0
2021-06-23,2021-06-23,ANSALHSG,B,8.4,8.61,8.4,8.51,8.58,28,13781,117615.0
2021-06-23,2021-06-23,MCCHRLS-B,X,445.0,445.0,417.05,421.5,435.0,30,787,332843.0
2021-06-23,2021-06-23,ADDIND,X,6.4,6.4,6.4,6.4,6.1,2,140,896.0
2021-06-23,2021-06-23,PIONRINV,X,37.85,37.85,35.6,37.65,36.4,44,2679,99539.0
2021-06-23,2021-06-23,ASHNOOR,XT,20.7,21.5,20.15,21.5,20.8,6,288,5842.0
2021-06-23,2021-06-23,UNITECH,Z,3.5,3.5,3.34,3.5,3.34,1890,5322955,18516499.0
2021-06-23,2021-06-23,VIPIND,A,394.0,394.0,384.3,385.75,390.5,663,10529,4082785.0
2021-06-23,2021-06-23,FIBERWEB,X,43.65,44.1,42.0,42.45,43.65,438,72585,3098719.0
2021-06-23,2021-06-23,GYFTR,X,109.15,123.95,105.05,119.45,107.6,758,71187,8269930.0
2021-06-23,2021-06-23,EASTBUILD,XT,13.0,13.0,13.0,13.0,12.39,1,5,65.0
2021-06-23,2021-06-23,MNPLFIN,P,5.58,5.58,5.58,5.58,5.58,2,300,1674.0
2021-06-23,2021-06-23,BAJAJST,X,810.0,819.0,770.0,783.8,795.05,568,10249,8125812.0
2021-06-23,2021-06-23,KIDUJA,X,23.0,23.0,23.0,23.0,23.0,2,2011,46253.0
2021-06-23,2021-06-23,KEYCORP,XT,22.35,23.45,21.25,23.3,22.35,8,1827,38856.0
2021-06-23,2021-06-23,GUJHOTE,X,188.0,190.0,181.2,185.6,185.65,97,6951,1306684.0
2021-06-23,2021-06-23,RASRESOR,X,29.25,30.45,27.75,30.05,29.2,16,378,11025.0
2021-06-23,2021-06-23,PARMCOS-B,X,17.25,17.25,17.25,17.25,16.45,5,1200,20700.0
2021-06-23,2021-06-23,JINDHOT,XT,34.0,35.9,33.9,34.35,34.6,128,4220,147621.0
2021-06-23,2021-06-23,SIMMOND,X,41.6,42.35,37.5,38.25,39.95,143,38688,1492068.0
2021-06-23,2021-06-23,BNALTD,X,229.5,271.8,229.5,245.25,226.55,334,20425,5148798.0
2021-06-23,2021-06-23,HAWKINCOOK,A,5883.0,5897.9,5797.1,5812.35,5870.35,277,1090,6371187.0
2021-06-23,2021-06-23,WARRENTEA,X,63.2,67.95,62.55,64.95,63.5,43,4270,278451.0
2021-06-23,2021-06-23,BESTEAST,X,20.5,20.5,19.85,19.85,19.6,17,4645,92222.0
2021-06-23,2021-06-23,NEAGI,X,2755.0,2893.8,2755.0,2859.0,2756.0,62,407,1168344.0
2021-06-23,2021-06-23,ISTLTD,X,419.8,419.8,407.9,408.0,407.0,30,564,231228.0
2021-06-23,2021-06-23,COSMOFIRST,A,864.0,893.85,860.85,867.4,860.35,1344,11849,10362060.0
2021-06-23,2021-06-23,APOLLOHOSP,A,3297.95,3297.95,3213.7,3244.4,3258.0,1693,41027,132836769.0
2021-06-23,2021-06-23,NITINCAST,X,92.25,92.25,87.0,87.15,92.25,47,3053,270983.0
2021-06-23,2021-06-23,EVERESTIND,B,375.0,375.0,359.0,359.5,367.15,290,3278,1189255.0
2021-06-23,2021-06-23,IRONWOOD,XT,29.25,29.25,27.9,29.25,27.9,5,350,10236.0
2021-06-23,2021-06-23,MSRINDIA,XT,12.68,12.68,11.48,11.65,12.08,90,13841,167537.0
2021-06-23,2021-06-23,AYMSYNTEX,B,73.05,75.6,73.05,75.1,74.95,192,10888,814029.0
2021-06-23,2021-06-23,PANCARBON,X,522.6,538.75,508.65,511.5,523.25,219,3895,2010824.0
2021-06-23,2021-06-23,FINKURVE,X,61.25,67.0,61.25,67.0,64.45,17,700,45037.0
2021-06-23,2021-06-23,HBLEAS,XT,2.8,2.8,2.7,2.8,2.75,35,1228,3391.0
2021-06-23,2021-06-23,TRUSTWAVE,XT,4.73,4.73,4.73,4.73,4.97,1,10,47.0
2021-06-23,2021-06-23,SULABEN,X,3.61,3.61,3.61,3.61,3.54,12,3833,13837.0
2021-06-23,2021-06-23,NAVNETEDUL,A,95.2,98.25,95.2,96.55,95.35,712,51977,5047391.0
2021-06-23,2021-06-23,SATRAPROP,Z,1.48,1.55,1.48,1.52,1.55,81,51741,77210.0
2021-06-23,2021-06-23,AUSOMENT,B,87.9,89.3,86.35,86.7,87.9,119,1998,175624.0
2021-06-23,2021-06-23,RUCHINFRA,T,9.14,9.21,8.7,8.78,8.95,319,99629,887208.0
2021-06-23,2021-06-23,VJTFEDU,XT,53.0,53.0,53.0,53.0,51.65,2,94,4982.0
2021-06-23,2021-06-23,NETLINK,X,24.75,24.75,24.75,24.75,23.6,37,4154,102811.0
2021-06-23,2021-06-23,LANCORHOL,X,7.3,7.38,7.11,7.25,7.13,50,18603,134892.0
2021-06-23,2021-06-23,INDINFO,XT,1.1,1.1,1.1,1.1,1.08,967,2944362,3238798.0
2021-06-23,2021-06-23,BANASFN,X,7.68,7.69,7.33,7.42,7.33,104,36414,274925.0
2021-06-23,2021-06-23,VISAKAIND,B,670.0,692.0,670.0,678.2,673.0,1840,19123,13081853.0
2021-06-23,2021-06-23,INFOMEDIA,T,4.41,4.55,4.41,4.55,4.64,8,1025,4547.0
2021-06-23,2021-06-23,HATHWAYB,XT,22.1,22.1,21.05,21.5,21.75,80,9779,211513.0
2021-06-23,2021-06-23,PRESSMN,B,30.0,30.05,28.95,29.35,30.0,420,23173,682058.0
2021-06-23,2021-06-23,GUFICBIO,B,173.0,177.9,171.35,173.05,172.45,689,20906,3650948.0
2021-06-23,2021-06-23,PHOTON,XT,25.1,25.1,25.1,25.1,25.1,1,32,803.0
2021-06-23,2021-06-23,GRPLTD,B,1005.0,1005.0,995.0,995.0,999.0,36,590,589349.0
2021-06-23,2021-06-23,INDAG,X,91.0,92.35,90.0,91.3,91.2,73,3680,337178.0
2021-06-23,2021-06-23,MMRUBBR-B,X,62.7,67.6,62.7,67.25,65.95,28,9122,603704.0
2021-06-23,2021-06-23,PTL,B,52.85,53.2,52.0,52.4,52.4,385,22091,1161534.0
2021-06-23,2021-06-23,TVSSRICHAK,A,1955.15,2062.35,1955.15,2035.75,1937.55,359,1545,3127425.0
2021-06-23,2021-06-23,SEL,XT,27.15,27.6,26.65,27.6,27.15,8,5626,150183.0
2021-06-23,2021-06-23,BENARAS,X,1545.4,1575.0,1530.25,1530.35,1540.0,18,97,151806.0
2021-06-23,2021-06-23,BHAGWOX,XT,49.95,49.95,48.05,48.05,49.0,382,31497,1559571.0
2021-06-23,2021-06-23,BOMOXY-B1,XT,14575.0,14999.0,13895.05,14055.75,14625.25,76,128,1832547.0
2021-06-23,2021-06-23,CRAVATEX,X,303.5,308.0,294.0,296.1,299.0,35,220,66108.0
2021-06-23,2021-06-23,BERGEPAINT,A,817.0,817.0,804.2,805.9,808.45,2285,33501,27115890.0
2021-06-23,2021-06-23,CAPRIHANS,X,158.0,172.0,153.3,169.85,156.55,624,63646,10565200.0
2021-06-23,2021-06-23,GRAPHITE,A,658.7,664.0,625.0,628.9,652.95,8459,167413,107197190.0
2021-06-23,2021-06-23,CEMPRO,A,83.95,88.45,82.65,84.15,82.7,3568,301723,25996028.0
2021-06-23,2021-06-23,EMPIND,X,772.0,827.9,750.1,768.6,798.95,205,3072,2415189.0
2021-06-23,2021-06-23,GRAVISSHO,X,17.1,17.1,15.5,15.6,16.3,25,2389,37337.0
2021-06-23,2021-06-23,GARFIBRES,A,3254.75,3277.1,3187.8,3234.25,3227.45,403,1649,5323389.0
2021-06-23,2021-06-23,GARWAMAR,X,5.7,5.7,5.56,5.56,5.85,15,10278,57264.0
2021-06-23,2021-06-23,GOACARBON,T,437.8,437.8,408.1,412.4,425.05,56,921,384276.0
2021-06-23,2021-06-23,HARDCAS,X,239.0,239.0,221.0,224.25,230.0,16,62,14060.0
2021-06-23,2021-06-23,HEG,A,2279.0,2288.7,2172.65,2183.75,2266.5,3448,27418,60767582.0
2021-06-23,2021-06-23,HINDCOMPOS,B,340.0,345.0,330.85,332.3,338.25,171,4601,1560793.0
2021-06-23,2021-06-23,BIRLANU,A,4481.15,4532.2,4450.0,4471.3,4458.5,329,1097,4912919.0
2021-06-23,2021-06-23,INDIANCARD,B,162.05,165.0,158.35,162.2,161.75,75,1972,319404.0
2021-06-23,2021-06-23,INTLCONV,X,64.8,67.0,60.2,61.0,63.1,1679,204075,12881194.0
2021-06-23,2021-06-23,JAYSREETEA,B,107.6,107.75,105.15,105.7,104.95,1047,79155,8421072.0
2021-06-23,2021-06-23,HUHTAMAKI,A,297.0,297.8,287.6,288.8,291.9,635,13059,3831784.0
2021-06-23,2021-06-23,PREMSYN,X,13.1,13.12,13.1,13.12,12.5,4,390,5110.0
2021-06-23,2021-06-23,RJSHAH,P,733.75,733.75,733.75,733.75,772.35,1,50,36687.0
2021-06-23,2021-06-23,SHALPAINTS,B,108.4,108.4,104.8,105.2,105.95,971,32725,3467089.0
2021-06-23,2021-06-23,HINDMILL,X,283.05,307.95,283.05,291.05,295.5,23,213,62327.0
2021-06-23,2021-06-23,SUPREMEIND,A,2188.9,2188.9,2121.05,2132.85,2160.8,1304,5247,11205675.0
2021-06-23,2021-06-23,THACKER,XT,240.0,240.0,217.5,217.5,228.9,21,2649,580283.0
2021-06-23,2021-06-23,VSTIND,A,3502.45,3512.95,3489.1,3508.55,3505.2,93,568,1986904.0
2021-06-23,2021-06-23,SWASTIVI,XT,7.32,7.75,7.21,7.35,7.58,314,130042,957514.0
2021-06-23,2021-06-23,YAMNINV,XT,0.99,0.99,0.99,0.99,0.98,71,44021,43580.0
2021-06-23,2021-06-23,PREMCAP,X,23.5,23.5,23.4,23.4,23.85,21,1536,35942.0
2021-06-23,2021-06-23,JINDRILL,B,121.45,128.0,120.5,125.8,121.95,504,20183,2538370.0
2021-06-23,2021-06-23,SAKTHIFIN,X,21.9,21.95,20.8,21.15,20.9,283,46390,992163.0
2021-06-23,2021-06-23,AEROENTER,X,20.4,21.0,20.0,20.0,20.15,63,22709,459369.0
2021-06-23,2021-06-23,SHIVATEX,B,195.1,204.5,195.1,196.25,196.85,329,9636,1940381.0
2021-06-23,2021-06-23,VBDESAI,X,6.99,6.99,6.99,6.99,6.66,16,13947,97489.0
2021-06-23,2021-06-23,KAMANWALA,XT,8.5,8.5,7.7,7.7,8.1,26,20430,171491.0
2021-06-23,2021-06-23,AXISOL,XT,6.6,6.6,6.59,6.59,6.72,17,1000,6591.0
2021-06-23,2021-06-23,WSFX,X,20.45,21.35,20.05,20.15,20.4,14,544,11098.0
2021-06-23,2021-06-23,ANJANIFOODS,XT,308.65,308.65,308.65,308.65,314.9,15,230,70989.0
2021-06-23,2021-06-23,PARSHWANA,X,28.5,28.5,27.15,27.15,28.5,2,25,680.0
2021-06-23,2021-06-23,MILLENNIUM,X,1.44,1.44,1.44,1.44,1.38,2,2000,2880.0
2021-06-23,2021-06-23,CANFINHOME,A,527.75,527.75,511.5,514.3,524.05,1002,16142,8389484.0
2021-06-23,2021-06-23,IVC,T,5.82,5.82,5.57,5.71,5.8,135,75708,433336.0
2021-06-23,2021-06-23,SHRIRAMFIN,A,1380.0,1386.2,1360.0,1366.45,1371.65,2189,47490,65397765.0
2021-06-23,2021-06-23,CHOLAFIN,A,545.0,545.7,535.05,536.35,541.85,1658,53250,28714670.0
2021-06-23,2021-06-23,VLSFINANCE,B,134.7,155.05,134.7,151.1,131.75,2433,104520,15135667.0
2021-06-23,2021-06-23,INDCEMCAP,XT,7.95,8.0,7.24,7.4,7.62,94,40854,307490.0
2021-06-23,2021-06-23,ADMANUM,X,20.0,21.15,20.0,21.15,20.15,16,1772,37196.0
2021-06-23,2021-06-23,MEHIF,XT,8.38,8.38,8.38,8.38,7.99,3,301,2522.0
2021-06-23,2021-06-23,INTRGLB,X,16.87,16.87,16.87,16.87,16.07,11,2280,38463.0
2021-06-23,2021-06-23,MCLTD,X,3.0,3.0,3.0,3.0,2.86,2,266,798.0
2021-06-23,2021-06-23,SHRISTI,X,60.4,60.4,59.3,60.4,57.55,7,613,36916.0
2021-06-23,2021-06-23,CREST,B,104.3,106.0,102.5,104.4,104.2,62,3913,410265.0
2021-06-23,2021-06-23,VAKRANGEE,A,46.5,46.85,45.2,45.35,46.3,2764,414097,18975540.0
2021-06-23,2021-06-23,GUJCRED,XT,11.4,11.4,10.96,11.4,11.18,13,1192,13470.0
2021-06-23,2021-06-23,DHARFIN,X,4.41,4.85,4.41,4.62,4.62,13,7754,35814.0
2021-06-23,2021-06-23,ALEXANDER,X,22.9,23.35,21.9,22.55,22.45,266,69374,1558080.0
2021-06-23,2021-06-23,INDBANK,B,21.35,21.6,20.3,20.6,21.1,350,92154,1915175.0
2021-06-23,2021-06-23,BHARAT,X,23.25,26.0,23.25,24.6,25.0,32,974,24182.0
2021-06-23,2021-06-23,CAPTRUST,B,105.5,109.0,96.45,99.6,101.85,329,11395,1175755.0
2021-06-23,2021-06-23,USHAKIRA,XT,7.35,7.35,7.35,7.35,7.35,4,421,3094.0
2021-06-23,2021-06-23,VIVOBIOT,X,95.45,97.95,91.5,93.5,93.3,249,15471,1461241.0
2021-06-23,2021-06-23,VEERHEALTH,X,10.9,10.9,10.69,10.69,10.9,3,13,139.0
2021-06-23,2021-06-23,PANINDIAC,XT,0.8,0.8,0.8,0.8,0.79,117,112437,89949.0
2021-06-23,2021-06-23,SAHARAHOUS,X,53.5,53.5,52.0,52.0,52.5,27,1072,55974.0
2021-06-23,2021-06-23,GSBFIN,XT,9.78,9.78,9.78,9.78,10.29,4,417,4078.0
2021-06-23,2021-06-23,MORARKFI,X,56.0,56.2,51.5,51.95,53.75,132,10967,574932.0
2021-06-23,2021-06-23,MONARCH,X,96.4,96.4,96.4,96.4,91.85,51,18356,1769518.0
2021-06-23,2021-06-23,PROFINC,X,34.0,37.8,34.0,35.65,36.45,43,1151,41652.0
2021-06-23,2021-06-23,TEAMGTY,B,56.3,58.85,54.0,54.7,56.1,50,1318,73572.0
2021-06-23,2021-06-23,CRESCENTIS,X,27.4,27.4,27.4,27.4,26.1,8,1340,36716.0
2021-06-23,2021-06-23,AVONMORE,X,27.0,27.9,26.2,27.55,27.3,84,20162,552420.0
2021-06-23,2021-06-23,LIBORDFIN,X,6.2,6.2,6.2,6.2,5.94,11,1089,6751.0
2021-06-23,2021-06-23,YASHMGM,X,11.25,11.25,10.85,10.93,10.99,26,10502,114421.0
2021-06-23,2021-06-23,ARIHANTCAP,B,129.9,132.55,126.15,128.7,130.45,215,10958,1422043.0
2021-06-23,2021-06-23,ISLCONSUL,X,11.0,11.0,11.0,11.0,11.25,5,301,3311.0
2021-06-23,2021-06-23,DCMFINSERV,B,2.96,2.97,2.96,2.97,2.83,9,4670,13864.0
2021-06-23,2021-06-23,FEDDERSHOL,X,63.55,63.55,63.55,63.55,60.55,6,765,48615.0
2021-06-23,2021-06-23,SAMBHAAV,T,4.68,4.68,4.26,4.33,4.48,137,27724,123532.0
2021-06-23,2021-06-23,SUGALDAM,X,9.8,9.82,9.8,9.82,10.26,8,1059,10393.0
2021-06-23,2021-06-23,NETTLINX,X,57.75,58.95,44.05,53.25,54.9,44,2458,136553.0
2021-06-23,2021-06-23,SCANSTL,XT,39.5,39.5,39.5,39.5,37.65,126,149657,5911451.0
2021-06-23,2021-06-23,GICHSGFIN,A,148.55,153.0,142.0,148.5,149.05,2882,178642,26788280.0
2021-06-23,2021-06-23,AJCON,X,21.0,21.0,21.0,21.0,20.0,251,5367,112707.0
2021-06-23,2021-06-23,CHRTEDCA,X,53.55,53.55,53.55,53.55,53.6,1,9,481.0
2021-06-23,2021-06-23,YOGI,X,4.28,4.28,4.28,4.28,4.5,1,58,248.0
2021-06-23,2021-06-23,CUBIFIN,X,1.38,1.38,1.27,1.27,1.33,411,557044,710600.0
2021-06-23,2021-06-23,RELICTEC,X,14.0,14.0,14.0,14.0,14.0,8,64,896.0
2021-06-23,2021-06-23,NIMBSPROJ,XT,34.9,34.9,34.9,34.9,35.6,5,53,1849.0
2021-06-23,2021-06-23,INVIGO,XT,4.99,4.99,4.99,4.99,5.25,13,17125,85453.0
2021-06-23,2021-06-23,BAIDFIN,X,43.05,43.05,40.1,40.7,42.2,73,6995,288394.0
2021-06-23,2021-06-23,VIPULLTD,T,33.05,34.45,31.55,33.05,33.1,25,691,22693.0
2021-06-23,2021-06-23,BYLD,X,7.99,8.38,7.99,8.38,7.99,2,1090,8711.0
2021-06-23,2021-06-23,MEHSECU,XT,15.87,15.87,15.87,15.87,15.12,4,1075,17060.0
2021-06-23,2021-06-23,UGROCAP,X,124.0,124.0,119.05,119.65,120.05,115,15621,1875330.0
2021-06-23,2021-06-23,SAHLIBHFI,X,57.9,58.85,56.0,58.85,53.5,58,6550,381979.0
2021-06-23,2021-06-23,ABIRAFN,Z,4.4,4.4,4.2,4.2,4.2,4,210,902.0
2021-06-23,2021-06-23,MANSIFIN,XT,26.45,26.45,26.45,26.45,27.45,1,88,2327.0
2021-06-23,2021-06-23,AASTAFIN,X,16.4,16.43,13.55,15.42,14.94,119,22011,324851.0
2021-06-23,2021-06-23,MUTHOOTCAP,B,403.45,406.8,400.0,401.75,402.3,140,1904,769938.0
2021-06-23,2021-06-23,MASTERTR,X,73.85,73.85,73.85,73.85,70.35,17,6467,477587.0
2021-06-23,2021-06-23,EFCIL,XT,57.55,57.55,57.55,57.55,60.55,1,10,575.0
2021-06-23,2021-06-23,TTGIL,X,2.1,2.1,1.96,2.06,1.96,47,42279,87611.0
2021-06-23,2021-06-23,ZSARACOM,XT,3136.0,3136.0,3040.0,3040.0,3200.0,7,23,70016.0
2021-06-23,2021-06-23,SKYBIOTECH,XT,41.25,41.25,41.25,41.25,39.3,6,364,15015.0
2021-06-23,2021-06-23,ROYALIND,XT,1.25,1.29,1.25,1.26,1.27,35,32410,40675.0
2021-06-23,2021-06-23,DHANSAFAL,X,0.61,0.67,0.61,0.61,0.64,46,73800,45368.0
2021-06-23,2021-06-23,VISVEN,XT,61.75,61.75,61.75,61.75,58.85,6,2105,129983.0
2021-06-23,2021-06-23,DECNGOLD,X,35.7,35.7,34.0,35.15,34.0,1148,834939,29558612.0
2021-06-23,2021-06-23,UPL,A,807.0,810.85,793.25,803.9,802.55,7034,290574,233410856.0
2021-06-23,2021-06-23,CRANESSOFT,XT,2.92,2.92,2.92,2.92,2.87,310,337368,985114.0
2021-06-23,2021-06-23,NIDHGRN,X,34.3,34.3,34.3,34.3,34.95,1,880,30184.0
2021-06-23,2021-06-23,SIGIND,B,52.25,52.3,49.25,50.0,51.15,269,22399,1128851.0
2021-06-23,2021-06-23,SECURKLOUD,B,93.75,93.9,91.95,92.05,93.1,123,6496,602918.0
2021-06-23,2021-06-23,ABANSENT,X,141.75,141.75,121.25,128.7,126.95,135,7629,982854.0
2021-06-23,2021-06-23,CAPRICORN,XT,6.18,6.18,6.18,6.18,5.89,2,1560,9640.0
2021-06-23,2021-06-23,VAMA,X,7.99,8.09,7.75,7.92,7.97,62,17949,143061.0
2021-06-23,2021-06-23,SUNTECK,A,303.5,303.7,296.8,298.65,299.55,3473,52295,15662496.0
2021-06-23,2021-06-23,SILVERO,Z,3.53,3.53,3.53,3.53,3.71,4,600,2118.0
2021-06-23,2021-06-23,PRISMMEDI,X,8.4,8.4,8.15,8.15,8.31,93,28377,231431.0
2021-06-23,2021-06-23,VERITAS,XT,112.65,112.65,112.65,112.65,110.45,4,173,19488.0
2021-06-23,2021-06-23,JAICORPLTD,A,150.0,157.4,144.4,145.95,148.4,9576,398864,60118920.0
2021-06-23,2021-06-23,ASHCAP,X,4.5,4.5,4.2,4.29,4.34,263,83407,358449.0
2021-06-23,2021-06-23,SVARTCORP,X,4.45,4.45,4.25,4.3,4.34,146,102223,442455.0
2021-06-23,2021-06-23,MMWL,X,6.98,7.0,6.7,6.83,6.75,362,300093,2053121.0
2021-06-23,2021-06-23,NNTL,Z,10.01,10.51,10.01,10.5,10.01,18,14372,149459.0
2021-06-23,2021-06-23,BHAGYANGR,B,49.4,51.45,49.25,49.85,49.4,79,9575,478428.0
2021-06-23,2021-06-23,CHMBBRW,XT,2.16,2.16,2.16,2.16,2.16,5,1001,2162.0
2021-06-23,2021-06-23,SGMART,XT,119.3,119.3,117.0,119.3,116.95,10,92,10970.0
2021-06-23,2021-06-23,ARAVALIS,X,2.57,2.57,2.57,2.57,2.45,66,17401,44720.0
2021-06-23,2021-06-23,SWORDEDGE,X,5.96,5.96,5.96,5.96,6.27,4,957,5703.0
2021-06-23,2021-06-23,CRSL,XT,0.94,0.94,0.94,0.94,0.93,23,67252,63216.0
2021-06-23,2021-06-23,STARTECK,X,80.0,80.95,67.5,80.8,78.9,438,16725,1302605.0
2021-06-23,2021-06-23,SHARDUL,X,72.05,72.05,65.25,65.25,68.65,23,1050,70766.0
2021-06-23,2021-06-23,SERA,X,48.35,48.35,48.35,48.35,47.45,1,45,2175.0
2021-06-23,2021-06-23,IPOWER,XT,3.74,3.74,3.74,3.74,3.67,1,500,1870.0
2021-06-23,2021-06-23,NIRAVCOM,X,375.0,378.0,342.0,378.0,360.0,16,86,32136.0
2021-06-23,2021-06-23,APOLLOFI,XT,638.2,638.2,638.2,638.2,651.2,18,88,56161.0
2021-06-23,2021-06-23,SHRJAGP,X,810.0,820.0,780.0,797.85,794.95,533,16158,12891618.0
2021-06-23,2021-06-23,LLOYDSME,XT,45.9,45.9,43.5,44.0,45.1,546,285357,12612071.0
2021-06-23,2021-06-23,LLOYDSENT,X,5.84,5.99,5.77,5.98,5.88,287,368777,2191219.0
2021-06-23,2021-06-23,BETXIND,X,81.6,82.95,76.35,78.15,80.3,64,1924,149230.0
2021-06-23,2021-06-23,POLYTEX,Z,2.36,2.36,2.36,2.36,2.25,2,942,2223.0
2021-06-23,2021-06-23,GARNETINT,XT,27.95,27.95,25.75,26.0,27.1,37,12250,325536.0
2021-06-23,2021-06-23,SHALPRO,X,0.49,0.49,0.49,0.49,0.49,1501,5232799,2564071.0
2021-06-23,2021-06-23,DONEAR,B,42.75,46.25,42.0,42.3,40.55,2025,243556,10922010.0
2021-06-23,2021-06-23,SUPER,X,575.0,575.0,567.0,569.6,570.25,39,690,395913.0
2021-06-23,2021-06-23,VIYASH,A,270.75,272.6,264.45,266.55,269.7,1794,45311,12128463.0
2021-06-23,2021-06-23,STCINDIA,B,119.65,121.55,118.2,118.65,118.3,1107,76912,9193716.0
2021-06-23,2021-06-23,ZENITHEXPO,T,89.95,89.95,82.15,86.0,85.75,10,414,34451.0
2021-06-23,2021-06-23,NEELKANTH,X,2.36,2.36,2.36,2.36,2.25,1,25,59.0
2021-06-23,2021-06-23,AVANTIFEED,A,558.0,575.95,548.0,560.1,560.7,6265,120198,67335100.0
2021-06-23,2021-06-23,ZODJRDMKJ,T,34.1,36.75,34.05,35.4,35.8,6,1610,55129.0
2021-06-23,2021-06-23,SITAENT,X,11.0,11.0,11.0,11.0,11.0,9,285,3135.0
2021-06-23,2021-06-23,KEYFINSERV,B,73.75,76.5,72.9,74.25,74.05,45,930,68511.0
2021-06-23,2021-06-23,ADANIENT,A,1562.8,1569.4,1481.3,1504.4,1541.45,24024,723231,1096062798.0
2021-06-23,2021-06-23,HARIAEXPO,X,2.37,2.37,2.37,2.37,2.33,5,1400,3318.0
2021-06-23,2021-06-23,BHANDARI,B,4.23,4.24,3.9,3.9,4.1,622,664136,2666237.0
2021-06-23,2021-06-23,RLF,XT,3.74,3.74,3.4,3.68,3.57,35,20573,73923.0
2021-06-23,2021-06-23,REGENTRP,XT,1.81,1.86,1.72,1.84,1.81,135,488796,845800.0
2021-06-23,2021-06-23,ORBTEXP,B,74.05,74.2,69.95,70.6,73.55,223,11248,805087.0
2021-06-23,2021-06-23,SAVERA,X,56.0,56.0,49.15,50.0,49.7,97,3836,194192.0
2021-06-23,2021-06-23,CHROME,XT,23.65,23.65,23.45,23.65,23.45,8,646,15257.0
2021-06-23,2021-06-23,TATASTLLP,T,937.85,937.9,915.0,921.7,926.1,67,940,867808.0
2021-06-23,2021-06-23,NAVA,A,110.0,110.0,106.9,107.5,108.2,1299,38372,4150282.0
2021-06-23,2021-06-23,REMIEDEL,X,19.5,19.6,19.15,19.15,19.15,12,676,13096.0
2021-06-23,2021-06-23,GSAUTO,XT,10.47,10.47,10.47,10.47,10.27,94,73046,764791.0
2021-06-23,2021-06-23,TRANSFRE,XT,10.85,10.85,10.85,10.85,10.34,7,1981,21493.0
2021-06-23,2021-06-23,SBCL,X,116.25,130.4,113.6,128.7,108.7,2750,389415,48355075.0
2021-06-23,2021-06-23,GANDHITUBE,B,430.0,442.05,413.95,434.45,417.9,2197,40978,17630919.0
2021-06-23,2021-06-23,AMFORG,X,3.96,3.96,3.83,3.84,3.9,51,18510,71443.0
2021-06-23,2021-06-23,ONIXSOLAR,XT,11.23,11.23,11.23,11.23,10.7,5,1435,16115.0
2021-06-23,2021-06-23,ORICONENT,B,29.55,29.55,27.75,27.9,29.15,303,53332,1515464.0
2021-06-23,2021-06-23,ACROW,X,156.0,156.0,132.1,139.3,150.0,11,213,29449.0
2021-06-23,2021-06-23,STLSTRINF,XT,8.2,8.2,8.2,8.2,8.04,2,300,2460.0
2021-06-23,2021-06-23,UTTAMGALVA,B,6.02,6.3,5.81,5.81,6.11,1504,1164966,6973148.0
2021-06-23,2021-06-23,PENIND,B,27.5,27.5,26.45,26.65,27.2,632,136121,3670647.0
2021-06-23,2021-06-23,JYOTISTRUC,Z,6.49,6.54,6.31,6.54,6.23,159,103311,673099.0
2021-06-23,2021-06-23,JAYUSH,X,521.0,521.0,488.0,508.4,495.0,19,113,56858.0
2021-06-23,2021-06-23,SSWL,B,773.25,785.15,764.0,780.75,775.45,337,2360,1840436.0
2021-06-23,2021-06-23,MANINDS,B,109.45,109.6,105.55,106.1,109.15,891,34192,3676417.0
2021-06-23,2021-06-23,IMEC,XT,2.52,2.52,2.52,2.52,2.48,17,42110,106117.0
2021-06-23,2021-06-23,MDRNSTL,X,3.7,3.7,3.7,3.7,3.89,15,16596,61405.0
2021-06-23,2021-06-23,TERRASCOPE,X,2.05,2.05,1.87,1.87,1.96,55,63613,124327.0
2021-06-23,2021-06-23,BELDING,XT,24.65,24.65,24.65,24.65,24.75,2,155,3820.0
2021-06-23,2021-06-23,GOLKONDA,Z,13.5,13.5,13.45,13.45,13.5,9,1030,13873.0
2021-06-23,2021-06-23,METALFORGE,Z,7.65,7.65,7.03,7.28,7.39,54,19370,137016.0
2021-06-23,2021-06-23,GFSTEELS,T,2.79,2.79,2.79,2.79,2.66,1,450,1255.0
2021-06-23,2021-06-23,AJMERA,B,186.0,193.0,178.75,190.9,184.0,2510,99743,18388477.0
2021-06-23,2021-06-23,COCHINM,X,136.85,138.5,136.0,137.0,136.85,75,6979,958936.0
2021-06-23,2021-06-23,INDIAHOMES,XT,1.47,1.47,1.47,1.47,1.45,35,72457,106511.0
2021-06-23,2021-06-23,KVFORGE,X,65.0,68.9,63.05,64.8,65.8,118,12598,823039.0
2021-06-23,2021-06-23,CARBORUNIV,A,590.65,593.45,584.0,585.75,588.15,359,3264,1915414.0
2021-06-23,2021-06-23,MMTC,A,57.1,57.75,55.95,56.2,56.75,2032,519506,29515139.0
2021-06-23,2021-06-23,VALLABHSQ,X,9.89,9.89,9.87,9.87,9.5,7,1363,13459.0
2021-06-23,2021-06-23,ASHIS,X,16.15,16.9,15.6,16.8,16.1,11,1021,17202.0
2021-06-23,2021-06-23,SMFIL,X,0.83,0.83,0.83,0.83,0.82,3,511,424.0
2021-06-23,2021-06-23,MAITRI,XT,11.0,11.5,10.45,10.45,11.0,8,747,8356.0
2021-06-23,2021-06-23,TATAMETALI,A,1115.0,1127.6,1110.65,1113.5,1118.4,1302,16263,18178675.0
2021-06-23,2021-06-23,SHAHALLOYS,T,13.27,13.27,13.27,13.27,12.64,19,27160,360413.0
2021-06-23,2021-06-23,JSWISPL,T,40.2,40.2,40.2,40.2,42.3,321,62206,2500681.0
2021-06-23,2021-06-23,ELANGO,XT,4.88,4.88,4.7,4.7,4.79,7,195,917.0
2021-06-23,2021-06-23,KANSHST,XT,16.0,16.94,16.0,16.2,16.14,40,4428,71667.0
2021-06-23,2021-06-23,MAHALXSE,Z,3.53,3.53,3.53,3.53,3.53,1,1,3.0
2021-06-23,2021-06-23,SIMPLEXCAS,XT,22.5,22.5,22.5,22.5,21.45,11,1998,44955.0
2021-06-23,2021-06-23,SSWRL,X,25.0,25.1,23.25,23.25,24.1,27,2731,65874.0
2021-06-23,2021-06-23,BAROEXT,X,1.17,1.17,1.07,1.17,1.12,562,828260,945926.0
2021-06-23,2021-06-23,GUJCONT,P,20.9,20.9,19.9,19.9,20.9,5,800,16020.0
2021-06-23,2021-06-23,KALYANIFRG,T,206.95,215.6,203.15,215.6,207.4,16,876,181899.0
2021-06-23,2021-06-23,PANCHMAHQ,XT,101.45,101.45,101.45,101.45,96.65,26,24495,2485017.0
2021-06-23,2021-06-23,ADITYA,X,7.71,7.86,7.56,7.56,7.71,22,2888,21970.0
2021-06-23,2021-06-23,SRIND,X,3.5,3.5,3.03,3.05,3.25,27,15468,48518.0
2021-06-23,2021-06-23,STEELCAS,X,164.7,164.7,158.0,158.2,157.85,44,1953,310307.0
2021-06-23,2021-06-23,PITTIENG,B,128.6,131.35,125.9,127.1,127.6,1399,78772,10132274.0
2021-06-23,2021-06-23,GLITTEKG,XT,2.12,2.12,2.1,2.1,2.08,10,15575,32879.0
2021-06-23,2021-06-23,PRADPME,X,53.4,58.7,51.3,55.95,50.9,498,101580,5726689.0
2021-06-23,2021-06-23,GNRL,X,13.16,13.49,13.0,13.1,13.15,74,7813,102628.0
2021-06-23,2021-06-23,TNSTLTU,P,14.66,14.66,14.66,14.66,13.97,6,1700,24922.0
2021-06-23,2021-06-23,SHRDAIS,XT,77.0,78.0,74.35,78.0,78.15,75,3729,288230.0
2021-06-23,2021-06-23,MAHASTEEL,B,92.6,95.05,91.85,91.95,91.4,107,2381,220568.0
2021-06-23,2021-06-23,REALSTRIPS,X,9.35,9.35,8.79,9.1,9.2,6,1600,14375.0
2021-06-23,2021-06-23,NOVIS,XT,21.72,21.72,21.0,21.72,20.69,53,6756,146555.0
2021-06-23,2021-06-23,HINDCOPPER,A,154.55,156.6,151.45,152.5,152.6,5702,354739,54595093.0
2021-06-23,2021-06-23,SRIPIPES,A,224.2,227.05,211.25,213.7,222.8,1783,38760,8538089.0
2021-06-23,2021-06-23,AXELPOLY,XT,18.0,18.0,18.0,18.0,18.0,3,200,3600.0
2021-06-23,2021-06-23,NLCINDIA,A,62.15,62.8,61.6,61.7,61.95,2196,1376768,85940378.0
2021-06-23,2021-06-23,SPECTRA,XT,5.25,5.34,5.25,5.34,5.35,3,500,2658.0
2021-06-23,2021-06-23,JMTAUTOLTD,B,3.28,3.37,3.22,3.37,3.21,748,1643678,5496131.0
2021-06-23,2021-06-23,KAJARIR,X,52.0,52.0,49.9,50.25,51.5,36,3727,187912.0
2021-06-23,2021-06-23,SOLIDSTON,X,26.1,26.1,23.7,24.8,24.9,31,3333,81506.0
2021-06-23,2021-06-23,SHILGRAVQ,X,104.95,105.8,101.6,102.75,103.2,124,10139,1051816.0
2021-06-23,2021-06-23,WHITEORG,XT,9.56,9.56,9.47,9.56,9.11,534,609994,5830980.0
2021-06-23,2021-06-23,AROGRANITE,B,55.75,57.5,54.1,55.7,55.8,214,9582,535875.0
2021-06-23,2021-06-23,RUDRAECO,XT,3.8,3.8,3.73,3.73,3.8,31,12663,47527.0
2021-06-23,2021-06-23,RAJKSYN,XT,4.25,4.46,4.04,4.46,4.25,5,230,933.0
2021-06-23,2021-06-23,DEEPAKSP,X,182.8,189.0,180.0,188.0,181.8,190,17787,3308545.0
2021-06-23,2021-06-23,JBFINDLTD,T,32.6,32.6,32.6,32.6,31.05,30,19872,647827.0
2021-06-23,2021-06-23,LOYALTEX,X,629.75,629.75,605.1,623.6,619.35,37,480,297935.0
2021-06-23,2021-06-23,HIMATSEIDE,A,189.0,193.0,186.65,190.15,184.2,1854,44287,8429117.0
2021-06-23,2021-06-23,BSL,B,56.0,57.0,54.1,55.25,55.1,175,5273,295010.0
2021-06-23,2021-06-23,PBMPOLY,X,86.7,90.7,79.0,87.0,82.65,207,52160,4480927.0
2021-06-23,2021-06-23,ADINATH,XT,4.9,4.9,4.9,4.9,4.67,2,475,2327.0
2021-06-23,2021-06-23,KONARKSY,XT,8.69,8.69,8.69,8.69,9.14,1,100,869.0
2021-06-23,2021-06-23,SURYALA,X,214.0,223.3,208.0,214.0,212.8,99,10081,2180206.0
2021-06-23,2021-06-23,SURYVANSP,X,13.48,13.48,13.48,13.48,13.22,15,5150,69422.0
2021-06-23,2021-06-23,TTL,T,62.65,65.55,62.6,64.35,64.0,22,1844,116677.0
2021-06-23,2021-06-23,UNIWORTH,XT,0.63,0.63,0.63,0.63,0.63,5,1110,699.0
2021-06-23,2021-06-23,WELSPUNLIV,A,94.3,95.2,93.25,93.8,93.45,1399,251698,23728673.0
2021-06-23,2021-06-23,INDIANACRY,X,14.0,14.2,13.31,13.53,13.56,784,499521,6894338.0
2021-06-23,2021-06-23,GANECOS,B,537.35,541.6,525.35,530.15,521.75,79,617,329284.0
2021-06-23,2021-06-23,CEETAIN,XT,8.2,8.2,8.2,8.2,8.0,2,30,246.0
2021-06-23,2021-06-23,VARDMNPOLY,B,21.05,22.0,20.95,21.2,21.45,262,11968,256214.0
2021-06-23,2021-06-23,BLACKROSE,X,201.65,204.85,199.0,200.15,201.65,1650,33438,6734034.0
2021-06-23,2021-06-23,STCORP,XT,11.62,11.62,11.62,11.62,11.07,2,300,3486.0
2021-06-23,2021-06-23,SUMEETINDS,T,5.9,6.19,5.8,5.85,5.9,112,42582,257277.0
2021-06-23,2021-06-23,BINNY,X,122.95,122.95,115.0,117.05,119.0,58,2706,318807.0
2021-06-23,2021-06-23,RAMGOPOLY,XT,2.14,2.14,2.14,2.14,2.1,12,3366,7203.0
2021-06-23,2021-06-23,SANGAMIND,B,110.5,110.5,105.1,106.4,108.15,337,7377,791417.0
2021-06-23,2021-06-23,MKVENTURES,X,23.4,23.4,23.4,23.4,23.4,2,22,514.0
2021-06-23,2021-06-23,KUSHIND,X,1.96,2.04,1.96,2.04,1.95,12,2781,5651.0
2021-06-23,2021-06-23,SRECR,P,28.4,29.3,28.2,29.3,28.75,21,4400,124990.0
2021-06-23,2021-06-23,SURBHIN,XT,1.64,1.64,1.64,1.64,1.57,15,131124,215043.0
2021-06-23,2021-06-23,SEASONST,X,7.49,7.62,7.49,7.58,7.26,9,1872,14083.0
2021-06-23,2021-06-23,ZENIFIB,X,56.2,63.9,50.5,61.85,53.25,893,153873,9601340.0
2021-06-23,2021-06-23,BHILSPIN,X,16.5,17.75,16.5,17.65,17.25,9,630,10700.0
2021-06-23,2021-06-23,VGL,T,23.45,23.45,22.65,22.95,23.25,16,3202,73356.0
2021-06-23,2021-06-23,ASHIMASYN,T,20.15,20.15,19.25,19.7,19.85,49,15979,314114.0
2021-06-23,2021-06-23,PIONEEREMB,B,56.95,56.95,55.0,55.55,56.3,771,85793,4820106.0
2021-06-23,2021-06-23,VIPPYSP,X,61.3,61.3,59.35,60.85,59.3,5,449,26739.0
2021-06-23,2021-06-23,JAIHIND,XT,8.0,8.24,7.92,8.19,8.08,51,36524,294463.0
2021-06-23,2021-06-23,RAGHUSYN,X,202.0,202.0,193.6,193.6,202.0,5,128,25830.0
2021-06-23,2021-06-23,KAMADGIRI,X,34.0,34.0,33.05,33.05,34.45,9,1149,38995.0
2021-06-23,2021-06-23,PATSPINLTD,T,7.11,7.83,7.11,7.47,7.46,34,4444,34268.0
2021-06-23,2021-06-23,ONEGLOBAL,X,10.08,10.28,10.08,10.28,10.08,6,551,5604.0
2021-06-23,2021-06-23,NEOINFRA,X,16.0,16.0,16.0,16.0,16.0,1,1,16.0
2021-06-23,2021-06-23,PREMIERPOL,B,49.7,59.3,49.7,59.3,49.45,524,45201,2591209.0
2021-06-23,2021-06-23,EVERFIN,X,13.96,13.96,13.0,13.86,13.33,11,835,11447.0
2021-06-23,2021-06-23,KRRAIL,X,21.7,23.2,21.5,23.2,21.1,82,38779,867494.0
2021-06-23,2021-06-23,YARNSYN,X,2.75,2.75,2.75,2.75,2.62,2,37,101.0
2021-06-23,2021-06-23,AJIL,X,28.05,31.0,28.05,30.35,29.3,92,15168,456175.0
2021-06-23,2021-06-23,GARWSYN,X,14.21,14.21,14.21,14.21,13.94,6,1920,27283.0
2021-06-23,2021-06-23,SARUPINDUS,XT,20.0,21.4,19.99,21.4,20.99,7,1702,36288.0
2021-06-23,2021-06-23,MANORG,X,821.95,821.95,785.0,794.05,807.4,594,10226,8234490.0
2021-06-23,2021-06-23,HINDADH,X,187.35,208.0,187.35,195.9,201.7,46,2489,488892.0
2021-06-23,2021-06-23,SRIKPRIND,X,16.05,18.45,16.05,18.1,18.25,20,1325,23774.0
2021-06-23,2021-06-23,JYOTIRES,X,852.3,865.0,826.05,844.1,850.35,166,2577,2169316.0
2021-06-23,2021-06-23,MHLXMIRU,X,49.55,52.05,49.5,50.75,50.75,79,12381,631682.0
2021-06-23,2021-06-23,SOUTLAT,XT,10.74,10.74,10.74,10.74,11.3,4,520,5584.0
2021-06-23,2021-06-23,OSWAYRN,XT,6.05,6.17,5.59,6.17,5.88,17,3113,18778.0
2021-06-23,2021-06-23,WINSOMTX,T,43.9,43.9,41.2,41.7,41.9,20,3493,147506.0
2021-06-23,2021-06-23,THAMBBI,X,7.93,7.93,7.93,7.93,7.56,1,454,3600.0
2021-06-23,2021-06-23,MODINSU,XT,47.8,48.6,46.0,48.5,46.3,117,23092,1105338.0
2021-06-23,2021-06-23,ASAHIINDIA,A,328.8,330.7,319.3,320.95,325.0,965,20572,6669799.0
2021-06-23,2021-06-23,MURUDCERA,B,31.0,31.0,28.0,28.2,29.1,412,34198,977413.0
2021-06-23,2021-06-23,SEKURITIND,X,68.6,71.4,66.5,67.05,68.45,1338,757218,52613232.0
2021-06-23,2021-06-23,ANANTRAJ,T,57.65,59.75,57.65,57.85,58.55,161,14938,867864.0
2021-06-23,2021-06-23,MADHUDIN,X,22.4,22.4,21.35,21.93,21.34,243,105779,2344979.0
2021-06-23,2021-06-23,RESTILE,XT,3.37,3.37,3.19,3.36,3.21,45,11874,39464.0
2021-06-23,2021-06-23,MADHAV,B,58.25,58.25,55.3,55.7,57.1,183,12937,730378.0
2021-06-23,2021-06-23,RAMASIGNS,XT,3.65,3.65,3.65,3.65,3.58,8,2552,9314.0
2021-06-23,2021-06-23,HINDNATGLS,B,50.75,50.75,48.5,49.75,49.75,273,14514,718896.0
2021-06-23,2021-06-23,HALDYNGL,XT,42.0,42.1,41.05,41.15,41.8,264,57822,2390671.0
2021-06-23,2021-06-23,DUROPLY,X,62.3,64.9,61.0,63.55,64.2,26,4617,290912.0
2021-06-23,2021-06-23,MANGALAMTIM,T,12.15,12.3,12.15,12.3,12.75,4,850,10407.0
2021-06-23,2021-06-23,SHREYANIND,B,112.0,112.0,105.0,106.4,107.8,957,23417,2556451.0
2021-06-23,2021-06-23,AGIOPAPER,X,2.5,2.5,2.5,2.5,2.39,13,18762,46905.0
2021-06-23,2021-06-23,STARPAPER,B,148.0,154.0,147.05,147.9,147.65,2863,97428,14741179.0
2021-06-23,2021-06-23,PAKKA,X,87.85,89.0,86.15,88.35,86.8,245,46523,4074320.0
2021-06-23,2021-06-23,NATPLY,Z,7.7,7.7,7.55,7.55,7.7,4,302,2325.0
2021-06-23,2021-06-23,ARROWGREEN,T,150.5,164.0,149.15,151.1,156.95,146,7057,1080659.0
2021-06-23,2021-06-23,VISHNU,B,500.0,508.9,478.0,480.95,492.6,264,5840,2854879.0
2021-06-23,2021-06-23,JUMBO,Z,11.91,11.91,11.6,11.65,11.35,22,2544,30011.0
2021-06-23,2021-06-23,NRAIL,B,241.85,245.0,237.0,238.1,236.85,611,8245,1997178.0
2021-06-23,2021-06-23,SHRAJESPAP,XT,2.75,2.8,2.7,2.8,2.75,12,7375,20540.0
2021-06-23,2021-06-23,3PLAND,B,13.71,13.99,13.71,13.99,13.85,23,1719,23818.0
2021-06-23,2021-06-23,SANPA,XT,85.0,85.0,81.6,85.0,81.0,5,137,11577.0
2021-06-23,2021-06-23,SHKARTP,XT,3.89,3.89,3.89,3.89,3.89,1,1,3.0
2021-06-23,2021-06-23,STHINPA,X,106.9,111.9,103.3,110.2,104.55,359,35675,3881526.0
2021-06-23,2021-06-23,FAMILYCARE,X,18.0,19.5,18.0,18.0,18.0,41,5792,107848.0
2021-06-23,2021-06-23,VINDHYATEL,A,1230.0,1265.0,1214.45,1220.45,1215.4,2385,13684,16885788.0
2021-06-23,2021-06-23,RIR,X,50.0,55.1,49.15,51.2,50.1,36,4066,213021.0
2021-06-23,2021-06-23,ADOR,B,599.45,599.45,591.25,593.05,599.3,77,700,415328.0
2021-06-23,2021-06-23,SALZERELEC,B,156.5,160.5,153.7,158.0,152.95,862,27082,4277289.0
2021-06-23,2021-06-23,JETKINGQ,X,44.9,44.9,40.4,41.25,42.35,42,715,29942.0
2021-06-23,2021-06-23,APLAB,X,16.05,17.05,16.05,17.05,15.5,41,18839,318971.0
2021-06-23,2021-06-23,PCS,XT,9.55,10.0,9.25,9.25,9.73,92,19315,183901.0
2021-06-23,2021-06-23,USHAMART,A,52.65,54.25,52.05,52.95,52.85,1736,198641,10543839.0
2021-06-23,2021-06-23,SPELS,XT,15.45,15.45,14.15,14.55,14.85,89,23278,339557.0
2021-06-23,2021-06-23,SUBROS,A,303.45,307.65,295.7,305.7,303.05,540,8899,2705730.0
2021-06-23,2021-06-23,EDVENSWA,XT,15.7,16.01,14.7,14.7,15.25,7,350,5389.0
2021-06-23,2021-06-23,HONAUT,A,40682.6,40804.35,40241.4,40364.75,40744.55,359,4020,162425723.0
2021-06-23,2021-06-23,LUMAXIND,B,1559.0,1570.0,1531.1,1536.1,1545.05,338,1172,1810704.0
2021-06-23,2021-06-23,DIGISPICE,T,43.5,47.3,43.25,47.1,45.05,235,29491,1365750.0
2021-06-23,2021-06-23,AURIQUE,Z,8.54,8.55,7.91,8.09,8.19,34,8351,67574.0
2021-06-23,2021-06-23,CALCOM,XT,31.85,31.85,30.35,31.85,30.35,22,3632,114636.0
2021-06-23,2021-06-23,DYNAVSN,XT,66.9,66.9,65.0,65.0,67.15,3,120,7838.0
2021-06-23,2021-06-23,BCCFUBA,XT,12.51,13.13,12.11,12.97,12.51,41,17303,219357.0
2021-06-23,2021-06-23,PRECISIO,XT,35.7,39.4,35.7,38.9,37.55,26,4917,189134.0
2021-06-23,2021-06-23,FINELINE,XT,20.0,20.9,19.0,20.85,20.0,8,401,7970.0
2021-06-23,2021-06-23,HBLENGINE,B,46.25,46.25,45.0,45.05,45.55,845,84394,3849320.0
2021-06-23,2021-06-23,S&SPOWER,T,22.4,24.6,22.4,23.8,23.5,7,279,6732.0
2021-06-23,2021-06-23,GUJARATPOLY,X,14.72,14.72,14.71,14.72,14.44,43,14878,218999.0
2021-06-23,2021-06-23,GIPCL,A,83.95,83.95,81.6,82.0,83.3,723,50732,4202508.0
2021-06-23,2021-06-23,MAGNUS,XT,1.84,1.84,1.84,1.84,1.76,1,1,1.0
2021-06-23,2021-06-23,CMICABLES,B,49.55,53.45,49.55,53.45,48.6,468,86806,4581282.0
2021-06-23,2021-06-23,MOTHERSON,A,238.1,243.65,237.3,237.95,237.65,4065,372166,89455302.0
2021-06-23,2021-06-23,MINDTECK,B,71.95,71.95,68.05,68.1,71.6,522,11089,759851.0
2021-06-23,2021-06-23,HAVELLS,A,1010.0,1010.0,993.65,998.15,999.15,2260,42105,42135735.0
2021-06-23,2021-06-23,ACIIN,XT,0.79,0.79,0.79,0.79,0.78,9,3929,3103.0
2021-06-23,2021-06-23,INCAP,XT,26.4,26.4,26.4,26.4,27.75,2,100,2640.0
2021-06-23,2021-06-23,GUJINTRX,X,114.3,114.75,111.55,112.05,113.6,38,1976,223966.0
2021-06-23,2021-06-23,IGARASHI,A,466.9,482.95,455.6,457.75,460.55,687,13876,6476378.0
2021-06-23,2021-06-23,SYMPHONY,A,1065.9,1067.95,1040.0,1045.15,1058.0,878,6085,6392841.0
2021-06-23,2021-06-23,REGANTO,X,0.73,0.73,0.73,0.73,0.7,13,44801,32704.0
2021-06-23,2021-06-23,PANELEC,XT,23.81,23.81,23.75,23.75,23.35,13,1315,31307.0
2021-06-23,2021-06-23,VXLINSTR,XT,4.81,4.81,4.81,4.81,4.59,4,226,1087.0
2021-06-23,2021-06-23,SHYAMTEL,B,12.3,12.9,11.7,12.9,12.3,70,3571,44034.0
2021-06-23,2021-06-23,LEENEE,XT,5.25,5.25,5.15,5.25,5.15,171,48552,253708.0
2021-06-23,2021-06-23,PATELSAI,X,171.5,174.15,167.75,169.75,170.9,333,18836,3214705.0
2021-06-23,2021-06-23,BUTTERFLY,T,697.9,709.75,680.1,689.45,697.5,220,1862,1284887.0
2021-06-23,2021-06-23,ATHENAGLO,XT,61.0,61.0,56.9,56.9,59.85,12,1303,77625.0
2021-06-23,2021-06-23,DUTRON,XT,247.0,251.4,228.0,251.1,239.45,119,8453,2073845.0
2021-06-23,2021-06-23,RSSOFTWARE,T,38.8,39.5,37.75,38.1,38.8,117,13547,520476.0
2021-06-23,2021-06-23,MAGNAELQ,X,184.0,184.0,178.0,180.2,179.6,83,5107,922683.0
2021-06-23,2021-06-23,MARSONS,Z,11.02,11.02,11.02,11.02,10.5,18,5614,61866.0
2021-06-23,2021-06-23,ELNET,X,163.2,174.0,163.2,168.15,163.2,302,25230,4299197.0
2021-06-23,2021-06-23,ACCEL,XT,16.4,17.15,15.8,16.06,16.46,100,30446,493535.0
2021-06-23,2021-06-23,WEBELSOLAR,B,53.45,54.6,52.15,52.6,52.9,282,22163,1180797.0
2021-06-23,2021-06-23,ROTO,X,198.0,204.7,198.0,199.3,200.45,375,15968,3201106.0
2021-06-23,2021-06-23,TTKPRESTIG,A,8723.1,9030.5,8706.45,8973.55,8744.85,474,1158,10355166.0
2021-06-23,2021-06-23,DHINDIA,X,20.0,20.0,19.5,19.65,19.55,19,5653,112263.0
2021-06-23,2021-06-23,RAJRATAN,B,1240.0,1349.95,1185.6,1265.2,1237.1,333,1763,2198433.0
2021-06-23,2021-06-23,SURANAT&P,B,7.31,7.31,6.9,7.01,7.24,169,48432,341364.0
2021-06-23,2021-06-23,ONWARDTEC,T,201.0,201.75,197.0,197.05,192.15,205,30845,6116144.0
2021-06-23,2021-06-23,CENTUM,B,400.4,400.4,390.9,394.1,398.7,128,1194,470823.0
2021-06-23,2021-06-23,ALFATRAN,X,11.99,12.58,11.55,12.58,11.99,42,12025,148222.0
2021-06-23,2021-06-23,STARLITE,Z,2.85,3.13,2.85,2.9,3.0,19,6954,20373.0
2021-06-23,2021-06-23,NHCFOODS,X,8.99,8.99,8.55,8.89,8.99,19,10967,94653.0
2021-06-23,2021-06-23,TRIGYN,B,132.85,135.6,124.8,128.15,132.1,953,31898,4173981.0
2021-06-23,2021-06-23,KEI,A,682.5,687.25,671.0,673.05,678.6,1193,14921,10157827.0
2021-06-23,2021-06-23,IMPPOWERS,B,14.0,14.0,13.9,14.0,14.0,9,2344,32761.0
2021-06-23,2021-06-23,KEERTHI,XT,153.1,156.0,147.15,155.0,153.2,58,5778,888804.0
2021-06-23,2021-06-23,GUJSIDHCEM,B,49.45,49.7,47.6,47.95,48.65,998,76253,3697715.0
2021-06-23,2021-06-23,SURAJ,Z,61.0,61.0,55.65,60.0,58.45,55,13728,799537.0
2021-06-23,2021-06-23,APCL,B,348.7,348.7,329.45,334.3,340.1,1533,27407,9237423.0
2021-06-23,2021-06-23,MODINATUR,X,130.85,130.85,122.55,123.5,128.95,183,18057,2233300.0
2021-06-23,2021-06-23,ZKHANDEN,XT,7.8,7.8,7.8,7.8,8.15,1,14,109.0
2021-06-23,2021-06-23,TASTYBITE,A,15150.0,15156.3,14917.0,15081.55,15185.5,21,21,316080.0
2021-06-23,2021-06-23,RITESHIN,XT,45.8,45.8,45.8,45.8,43.65,40,5439,249106.0
2021-06-23,2021-06-23,AVTNPL,B,65.1,66.5,65.1,65.9,65.6,425,15011,991180.0
2021-06-23,2021-06-23,HNDFDS,T,2097.0,2097.0,2010.0,2024.9,2070.9,736,3183,6462679.0
2021-06-23,2021-06-23,NAHARINDUS,B,87.2,87.2,83.25,84.55,84.25,216,15308,1307302.0
2021-06-23,2021-06-23,VADILENT,XT,1692.0,1749.0,1691.0,1749.0,1779.95,6,34,57655.0
2021-06-23,2021-06-23,VADILALIND,B,990.75,1013.05,978.6,993.15,987.6,1616,13783,13701996.0
2021-06-23,2021-06-23,ASHAI,XT,11.13,11.68,11.13,11.67,11.13,33,4225,48647.0
2021-06-23,2021-06-23,ADFFOODS,A,960.5,960.5,932.9,935.35,950.2,967,9020,8559459.0
2021-06-23,2021-06-23,RGRL,X,28.55,30.5,27.9,29.65,28.15,465,100945,2976108.0
2021-06-23,2021-06-23,AJANTSOY,X,114.95,114.95,112.05,113.15,112.55,664,122322,13867634.0
2021-06-23,2021-06-23,WILLAMAGOR,B,22.05,22.05,20.55,20.7,21.0,37,5617,119547.0
2021-06-23,2021-06-23,KISAAN,X,2.13,2.13,2.05,2.05,2.09,13,13400,28097.0
2021-06-23,2021-06-23,SIEL,XT,13.05,13.55,13.05,13.55,13.4,3,366,4826.0
2021-06-23,2021-06-23,SPTRSHI,XT,10.4,10.92,9.98,10.92,10.4,12,1539,16182.0
2021-06-23,2021-06-23,SRDAPRT,XT,36.4,36.4,36.4,36.4,35.7,6,1171,42624.0
2021-06-23,2021-06-23,SANWARIA,Z,0.89,0.89,0.89,0.89,0.85,26,72834,64822.0
2021-06-23,2021-06-23,PRIMAGR,XT,29.55,29.7,27.25,29.7,28.3,90,7198,212580.0
2021-06-23,2021-06-23,TARAI,XT,4.77,4.91,4.45,4.48,4.68,22,8360,39600.0
2021-06-23,2021-06-23,MODAIRY,X,16.5,16.5,15.57,15.78,16.38,299,174929,2790431.0
2021-06-23,2021-06-23,BAMBINO,X,264.0,274.0,252.7,255.65,262.95,209,10564,2735430.0
2021-06-23,2021-06-23,PRIMIND,Z,10.16,10.16,10.16,10.16,10.36,19,732,7437.0
2021-06-23,2021-06-23,VIKASWSP,B,7.13,7.13,6.75,6.8,6.99,228,195295,1339036.0
2021-06-23,2021-06-23,JATALIA,XT,5.7,5.92,5.37,5.37,5.65,22,4829,26149.0
2021-06-23,2021-06-23,BANSTEA,ZP,4.24,4.24,4.2,4.2,4.04,2,1000,4220.0
2021-06-23,2021-06-23,POONADAL,X,45.1,47.0,43.6,44.95,44.0,99,11444,519984.0
2021-06-23,2021-06-23,TRANSFD,X,162.95,162.95,132.6,160.0,163.95,11,217,31999.0
2021-06-23,2021-06-23,ANIKINDS,B,19.5,20.0,18.3,20.0,19.05,101,18895,369713.0
2021-06-23,2021-06-23,SHINDL,XT,29.9,29.9,28.5,29.9,29.9,12,643,19080.0
2021-06-23,2021-06-23,KSE,XT,2488.0,2488.35,2402.0,2465.85,2415.1,117,1051,2592834.0
2021-06-23,2021-06-23,NARBADA,X,35.2,36.45,34.3,35.5,35.9,8,414,14396.0
2021-06-23,2021-06-23,VIRATCRA,X,33.75,33.75,29.6,30.9,31.15,63,8939,276138.0
2021-06-23,2021-06-23,IBINFO,XT,16.55,16.55,16.55,16.55,16.53,1,171,2830.0
2021-06-23,2021-06-23,CHORDIA,XT,160.1,170.0,160.1,166.9,167.0,21,367,60683.0
2021-06-23,2021-06-23,CIANAGRO,XT,38.6,38.6,35.7,36.8,36.8,39,8918,329485.0
2021-06-23,2021-06-23,TAIIND,X,13.85,15.25,13.85,14.12,14.81,19,1754,25074.0
2021-06-23,2021-06-23,NKIND,T,28.95,28.95,28.95,28.95,29.0,1,11,318.0
2021-06-23,2021-06-23,BKV,XT,13.96,13.96,12.64,12.64,13.3,52,3935,51861.0
2021-06-23,2021-06-23,ASIANTNE,X,19.4,19.4,18.2,18.6,19.0,82,11729,220018.0
2021-06-23,2021-06-23,HERITGFOOD,A,408.15,418.75,403.5,411.3,408.15,1120,14403,5934466.0
2021-06-23,2021-06-23,SIMRAN,X,143.0,144.1,138.0,144.1,137.25,483,70936,10147746.0
2021-06-23,2021-06-23,DFMFOODS,A,398.0,398.25,386.25,388.7,396.6,1414,16446,6431895.0
2021-06-23,2021-06-23,CCL,A,350.0,350.0,338.8,341.8,345.25,1538,39480,13526123.0
2021-06-23,2021-06-23,KELLTONTEC,B,72.4,72.65,71.0,71.65,71.1,1131,99781,7157968.0
2021-06-23,2021-06-23,SURFI,XT,7.06,7.41,6.71,7.41,7.06,4,254,1742.0
2021-06-23,2021-06-23,LAKESHORE,X,33.5,33.7,30.55,33.7,32.1,56,12202,410223.0
2021-06-23,2021-06-23,RICOAUTO,A,47.65,49.8,47.45,48.45,47.25,1463,254278,12409539.0
2021-06-23,2021-06-23,OMAXAUTO,B,58.2,60.05,56.5,57.35,58.95,481,17421,1020000.0
2021-06-23,2021-06-23,MUNJALSHOW,B,172.0,173.35,165.15,166.5,169.9,1057,32160,5438600.0
2021-06-23,2021-06-23,JAMNAAUTO,A,87.0,87.0,84.85,85.05,85.75,776,46666,3990160.0
2021-06-23,2021-06-23,TVSHLTD,A,3421.0,3427.05,3381.3,3402.5,3397.9,294,865,2942474.0
2021-06-23,2021-06-23,JTEKTINDIA,A,107.35,108.0,106.05,106.4,107.1,849,24589,2630014.0
2021-06-23,2021-06-23,MUNJALAU,B,68.4,69.5,65.15,66.8,68.4,762,52576,3589575.0
2021-06-23,2021-06-23,JAYBARMARU,B,235.05,241.0,221.45,224.55,234.4,2063,48098,11243875.0
2021-06-23,2021-06-23,RACLGEAR,X,314.9,314.9,308.0,311.85,311.75,203,10394,3232916.0
2021-06-23,2021-06-23,SAMKRG,X,200.0,204.7,196.85,197.45,200.85,379,11373,2260581.0
2021-06-23,2021-06-23,SICALLOG,B,16.4,16.47,15.31,15.5,15.96,330,81558,1283910.0
2021-06-23,2021-06-23,RATNAMANI,A,2052.2,2052.2,2027.65,2033.4,2024.35,128,414,844570.0
2021-06-23,2021-06-23,VESUVIUS,A,1080.4,1081.3,1057.2,1071.25,1064.6,88,1001,1067961.0
2021-06-23,2021-06-23,ASAL,B,63.0,63.0,63.0,63.0,60.0,90,22162,1396206.0
2021-06-23,2021-06-23,ARCEEIN,X,10.67,10.67,10.67,10.67,11.23,42,6185,65993.0
2021-06-23,2021-06-23,ABCINDQ,X,86.25,93.0,85.0,87.15,86.95,394,17069,1537674.0
2021-06-23,2021-06-23,BALTE,X,13.25,13.89,12.76,13.11,12.85,38,4332,57078.0
2021-06-23,2021-06-23,SIBARAUT,X,8.09,8.09,7.52,8.0,7.86,35,7204,57300.0
2021-06-23,2021-06-23,TRANSWORLD,B,176.95,176.95,171.0,173.65,176.5,290,11307,1971381.0
2021-06-23,2021-06-23,STARLOG,X,11.82,11.82,9.68,9.68,10.75,393,372392,4252271.0
2021-06-23,2021-06-23,EUROTEXIND,T,9.82,9.82,9.82,9.82,9.36,1,1,9.0
2021-06-23,2021-06-23,ICIL,A,169.35,174.85,168.05,169.0,168.75,999,38920,6709848.0
2021-06-23,2021-06-23,MARALOVER,B,46.0,48.5,46.0,46.75,45.85,263,40792,1936547.0
2021-06-23,2021-06-23,SOMATEX,T,7.98,7.98,7.71,7.76,7.6,24,5589,43375.0
2021-06-23,2021-06-23,OCTAVE,XT,2.36,2.47,2.36,2.47,2.36,12,22867,55883.0
2021-06-23,2021-06-23,TRIDENT,A,16.9,17.1,16.55,16.6,16.7,3410,2331684,39046799.0
2021-06-23,2021-06-23,ALOKINDS,B,27.8,28.4,27.5,27.7,27.65,5816,2669738,74343618.0
2021-06-23,2021-06-23,PASARI,XT,3.24,3.24,3.2,3.24,3.09,23,12818,41435.0
2021-06-23,2021-06-23,CLCIND,Z,1.0,1.01,0.95,1.01,0.97,24,39588,39779.0
2021-06-23,2021-06-23,AMARJOTHI,X,162.0,162.0,153.0,153.1,156.55,145,15702,2426384.0
2021-06-23,2021-06-23,OLYMPTX,XT,33.7,33.7,32.05,32.05,33.7,17,1264,40834.0
2021-06-23,2021-06-23,NAGREEKEXP,B,33.85,34.0,31.4,31.65,32.6,143,11299,368296.0
2021-06-23,2021-06-23,SUDTIND-B,X,17.15,17.49,16.02,17.3,16.75,16,1820,31579.0
2021-06-23,2021-06-23,SBFL,XT,7.0,7.0,6.96,6.96,6.95,2,2000,13924.0
2021-06-23,2021-06-23,ADITYASP,XT,16.4,16.94,15.34,16.94,16.14,156,17507,286305.0
2021-06-23,2021-06-23,PRIMEURB,X,8.5,8.5,8.35,8.35,8.49,8,1994,16844.0
2021-06-23,2021-06-23,DHANFAB,X,23.95,23.95,23.7,23.7,23.0,3,7,166.0
2021-06-23,2021-06-23,ZODIACLOTH,B,103.95,117.55,103.05,112.55,103.45,3115,105554,11921707.0
2021-06-23,2021-06-23,SRMCL,X,15.9,15.9,14.95,14.95,15.55,4,2533,39768.0
2021-06-23,2021-06-23,SUPERSPIN,T,9.98,9.98,9.04,9.05,9.51,251,161543,1482645.0
2021-06-23,2021-06-23,UNITEDTE,XT,6.35,6.77,6.13,6.3,6.45,36,2695,16963.0
2021-06-23,2021-06-23,SILINV,B,253.75,296.45,253.75,296.45,247.05,940,59153,17396775.0
2021-06-23,2021-06-23,SURYALAXMI,T,45.1,47.0,45.1,47.0,46.0,22,2995,138587.0
2021-06-23,2021-06-23,SAMTEX,X,1.19,1.24,1.19,1.24,1.19,42,29052,35207.0
2021-06-23,2021-06-23,DHANROTO,X,37.95,39.5,36.45,38.1,37.1,118,9335,355610.0
2021-06-23,2021-06-23,DAMODARIND,B,35.15,35.75,35.15,35.75,35.25,26,2861,101455.0
2021-06-23,2021-06-23,SANBLUE,X,12.0,12.95,12.0,12.95,12.35,5,975,12591.0
2021-06-23,2021-06-23,UNIROYAL,XT,9.77,9.77,9.77,9.77,9.58,13,7174,70089.0
2021-06-23,2021-06-23,TATIAGLOB,X,1.11,1.11,1.11,1.11,1.06,13,12806,14214.0
2021-06-23,2021-06-23,SUNILTX,P,24.75,24.75,24.7,24.75,23.6,8,2900,71725.0
2021-06-23,2021-06-23,SRINACHA,XT,21.1,21.1,21.1,21.1,20.1,11,4192,88451.0
2021-06-23,2021-06-23,SAMBANDAM,XT,168.9,168.9,157.0,164.15,164.4,16,661,106443.0
2021-06-23,2021-06-23,KANDAGIRI,X,6.79,6.79,6.79,6.79,6.48,1,100,679.0
2021-06-23,2021-06-23,MKPMOB,XT,15.0,15.4,15.0,15.05,14.67,17,360,5534.0
2021-06-23,2021-06-23,KITEX,A,123.05,126.0,119.4,124.2,120.85,583,34581,4268282.0
2021-06-23,2021-06-23,CRANEX,X,12.5,12.74,12.5,12.74,12.14,9,9560,121610.0
2021-06-23,2021-06-23,BATLIBOI,XT,23.35,24.25,22.75,23.0,23.8,105,18467,430913.0
2021-06-23,2021-06-23,AUSTENG,X,58.0,61.3,57.05,58.0,58.85,42,4396,255838.0
2021-06-23,2021-06-23,UNIDT,B,339.2,344.95,325.25,327.95,342.05,332,5570,1860285.0
2021-06-23,2021-06-23,FLUIDOM,X,99.2,100.9,99.1,100.55,100.95,14,765,75936.0
2021-06-23,2021-06-23,WINDMACHIN,B,37.45,37.9,35.5,36.7,36.75,132,14454,530581.0
2021-06-23,2021-06-23,SHANTIGEAR,B,143.0,144.0,140.05,141.0,143.4,117,2571,366432.0
2021-06-23,2021-06-23,MIVENMACH,X,5.75,5.75,5.5,5.5,5.75,3,36,203.0
2021-06-23,2021-06-23,HONDAPOWER,A,1281.05,1309.05,1234.0,1243.9,1283.35,887,3902,4961598.0
2021-06-23,2021-06-23,HITECHGEAR,B,249.9,250.0,238.85,240.7,246.2,134,3875,939049.0
2021-06-23,2021-06-23,ELGIEQUIP,A,214.0,221.15,213.55,214.9,213.3,775,28157,6115101.0
2021-06-23,2021-06-23,UVDRHOR,X,25.75,25.75,25.75,25.75,24.55,6,3619,93189.0
2021-06-23,2021-06-23,KLBRENG-B,XT,28.1,28.15,26.1,26.1,26.85,98,30077,825017.0
2021-06-23,2021-06-23,BIRLAPREC,XT,15.0,15.0,14.45,14.9,14.65,209,82413,1222248.0
2021-06-23,2021-06-23,YUKEN,X,500.0,518.55,495.3,503.55,503.35,193,3242,1627908.0
2021-06-23,2021-06-23,TIMKEN,A,1401.8,1565.7,1395.95,1542.05,1406.6,1560,12362,18701062.0
2021-06-23,2021-06-23,VOITHPAPR,X,1230.0,1230.0,1175.0,1202.15,1217.9,70,1389,1667940.0
2021-06-23,2021-06-23,ARTSON,X,46.6,47.5,46.5,46.8,46.4,62,36706,1718920.0
2021-06-23,2021-06-23,SOLIMAC,X,43.95,43.95,39.0,39.75,42.6,138,23720,976997.0
2021-06-23,2021-06-23,DIACABS,Z,1.27,1.27,1.27,1.27,1.33,4,8500,10795.0
2021-06-23,2021-06-23,INDSILHYD,X,18.94,18.94,18.57,18.57,18.94,25,3489,64809.0
2021-06-23,2021-06-23,ITL,X,130.1,130.1,124.0,124.95,133.0,219,33062,4157288.0
2021-06-23,2021-06-23,FRONTSP,X,289.0,289.0,280.0,281.1,280.9,178,2347,661817.0
2021-06-23,2021-06-23,PRAJIND,T,368.0,369.4,355.0,357.3,365.55,2809,71319,25617744.0
2021-06-23,2021-06-23,RASANDIK,X,74.1,74.1,72.95,72.95,71.0,9,238,17440.0
2021-06-23,2021-06-23,YOGISUNG,XT,5.25,5.25,5.25,5.25,5.35,9,1522,7990.0
2021-06-23,2021-06-23,HLEGLAS,B,3505.35,3537.55,3428.9,3466.35,3442.4,459,1049,3647373.0
2021-06-23,2021-06-23,GUJAPOLLO,B,231.8,233.5,230.45,231.75,230.05,88,1507,349453.0
2021-06-23,2021-06-23,TANAA,X,39.75,41.75,38.5,39.7,38.95,472,93719,3816752.0
2021-06-23,2021-06-23,CONART,X,32.75,33.8,31.5,31.7,32.75,38,4353,142056.0
2021-06-23,2021-06-23,MMFL,B,689.5,690.95,654.85,682.0,672.1,438,4452,3011366.0
2021-06-23,2021-06-23,MAYURUNIQ,A,509.0,520.35,506.6,508.5,509.05,461,4674,2401964.0
2021-06-23,2021-06-23,CENLUB,X,74.45,76.8,73.05,74.3,74.45,47,3094,232112.0
2021-06-23,2021-06-23,RAJOOENG,X,28.25,28.25,27.4,27.65,27.6,196,34377,955379.0
2021-06-23,2021-06-23,JMCPROJECTS,A,111.55,112.7,110.7,111.35,111.5,605,18147,2023617.0
2021-06-23,2021-06-23,VJLAXMIE,XT,42.05,42.05,39.9,42.05,42.0,11,902,37532.0
2021-06-23,2021-06-23,AHMDSTE,X,17.3,17.3,15.8,16.17,16.49,21,1056,17236.0
2021-06-23,2021-06-23,GVT&D,A,147.1,149.5,144.25,144.95,146.1,573,32841,4811074.0
2021-06-23,2021-06-23,RAMRAT,X,118.05,119.0,114.5,115.6,118.65,206,15920,1841121.0
2021-06-23,2021-06-23,JAYNECOIND,T,20.7,21.7,20.1,20.15,21.15,153,39321,804097.0
2021-06-23,2021-06-23,KPIL,A,426.25,428.7,419.0,420.5,422.45,1133,11524,4895889.0
2021-06-23,2021-06-23,NMSGLOBAL,XT,4.6,4.8,4.6,4.8,4.67,9,44,210.0
2021-06-23,2021-06-23,CANDOUR,X,55.7,56.05,53.65,54.75,55.85,87,9311,511291.0
2021-06-23,2021-06-23,TIGLOB,X,146.5,150.0,141.4,144.7,149.7,146,10371,1511031.0
2021-06-23,2021-06-23,CONTROLPR,B,366.0,369.0,357.0,359.6,362.8,231,2794,1016049.0
2021-06-23,2021-06-23,BEMHY,X,333.0,349.9,329.5,346.45,336.85,8,24,8060.0
2021-06-23,2021-06-23,ANSALBU,X,53.75,56.0,50.0,52.35,53.8,59,6809,362477.0
2021-06-23,2021-06-23,WEIZMANIND,B,56.6,58.3,56.6,56.95,57.05,86,3590,205042.0
2021-06-23,2021-06-23,BNRSEC,X,32.5,34.0,32.45,33.2,32.3,113,9090,298994.0
2021-06-23,2021-06-23,RISHITECH,X,28.5,28.7,27.0,28.45,27.4,29,4203,115440.0
2021-06-23,2021-06-23,SINCLAIR,X,77.2,81.7,77.2,79.0,77.55,571,118252,9477890.0
2021-06-23,2021-06-23,SAFARI,A,655.4,663.9,644.95,646.7,655.4,199,843,547739.0
2021-06-23,2021-06-23,COSMOFE,X,28.85,28.85,28.5,28.85,28.3,35,13845,399098.0
2021-06-23,2021-06-23,CROPSTER,XT,68.9,68.9,68.9,68.9,65.7,1,1,68.0
2021-06-23,2021-06-23,FUTURSEC,XT,8.95,8.95,8.95,8.95,8.95,1,100,895.0
2021-06-23,2021-06-23,SANCTRN,X,280.5,296.0,260.3,267.4,275.0,51,1025,276094.0
2021-06-23,2021-06-23,THRIVE,X,91.75,94.7,88.0,89.4,88.45,45,5661,512124.0
2021-06-23,2021-06-23,EIHAHOTELS,B,359.3,366.9,345.65,352.8,352.6,130,1685,600868.0
2021-06-23,2021-06-23,MEDICAPQ,X,48.0,50.35,45.5,47.8,46.65,142,24982,1209009.0
2021-06-23,2021-06-23,OTCO,X,4.2,4.2,4.2,4.2,4.24,9,917,3851.0
2021-06-23,2021-06-23,FOSECOC,X,803.0,824.7,803.0,820.35,811.65,21,155,126852.0
2021-06-23,2021-06-23,SIPINDUST,Z,2.35,2.35,2.13,2.35,2.24,11,1835,4135.0
2021-06-23,2021-06-23,BAPACK,XT,86.3,86.3,86.3,86.3,84.65,2,105,9061.0
2021-06-23,2021-06-23,ABAN,T,49.75,49.75,47.25,48.45,48.4,222,23830,1147137.0
2021-06-23,2021-06-23,KOKUYOCMLN,B,66.3,66.85,64.95,65.2,65.95,833,56274,3701613.0
2021-06-23,2021-06-23,SRMENERGY,X,2.4,2.4,2.4,2.4,2.4,3,1567,3760.0
2021-06-23,2021-06-23,BHARATSE,X,77.9,83.6,75.7,82.45,77.05,1568,279764,22875860.0
2021-06-23,2021-06-23,CONTPTR,XT,57.45,59.35,54.1,59.15,56.55,91,10576,607507.0
2021-06-23,2021-06-23,MACPLASQ,XT,138.0,138.0,128.5,136.8,131.5,53,3332,447200.0
2021-06-23,2021-06-23,PEARLPOLY,B,18.0,18.05,17.35,17.35,18.0,161,547,9560.0
2021-06-23,2021-06-23,VENKEYS,A,3471.0,3950.0,3369.25,3668.65,3428.25,52140,398797,1490322074.0
2021-06-23,2021-06-23,ADVANIHOTR,B,65.95,67.2,64.05,66.5,65.9,190,6425,424363.0
2021-06-23,2021-06-23,GVFILM,XT,0.86,0.86,0.86,0.86,0.87,678,516319,444034.0
2021-06-23,2021-06-23,SUPERHOUSE,B,174.05,181.6,169.0,173.05,174.05,517,13256,2333605.0
2021-06-23,2021-06-23,RAMAVISION,X,10.0,10.0,10.0,10.0,10.5,3,10000,100000.0
2021-06-23,2021-06-23,TCPLPACK,B,490.6,495.0,485.0,489.5,494.35,32,244,119795.0
2021-06-23,2021-06-23,BALMLAWRIE,A,145.95,146.85,141.55,143.15,140.4,2283,138708,20034045.0
2021-06-23,2021-06-23,KOVAI,B,1399.6,1399.6,1341.4,1364.55,1380.9,557,9271,12686294.0
2021-06-23,2021-06-23,ELDEHSG,X,2761.55,2925.0,2690.0,2888.5,2761.55,342,2666,7570514.0
2021-06-23,2021-06-23,DCMSHRIRAM,A,845.0,866.05,805.55,820.3,838.95,6948,104480,87866890.0
2021-06-23,2021-06-23,DCMSRIND,X,364.8,369.0,342.3,349.05,355.4,1276,126081,45094606.0
2021-06-23,2021-06-23,MAWANASUG,T,62.25,62.3,59.75,60.65,62.05,100,9819,595680.0
2021-06-23,2021-06-23,MINID,XT,6.07,6.19,6.07,6.13,6.19,10,2595,15907.0
2021-06-23,2021-06-23,MAHAPEXLTD,T,86.95,86.95,83.3,86.95,85.0,30,2566,219153.0
2021-06-23,2021-06-23,NILKAMAL,A,2279.0,2279.0,2202.8,2205.1,2229.4,106,450,995030.0
2021-06-23,2021-06-23,NAHARPOLY,B,153.3,155.85,152.35,154.4,151.4,181,3698,571942.0
2021-06-23,2021-06-23,3MINDIA,A,25640.95,25700.0,25383.0,25462.4,25605.25,68,79,2019057.0
2021-06-23,2021-06-23,BOSCH-HCIL,A,2281.0,2302.0,2238.05,2248.25,2287.8,304,2789,6340452.0
2021-06-23,2021-06-23,JMFINANCIL,A,94.9,94.9,91.45,92.0,94.2,795,59440,5546818.0
2021-06-23,2021-06-23,ADCINDIA,X,266.5,282.4,265.3,277.6,266.4,81,3240,880930.0
2021-06-23,2021-06-23,TNTELE,T,8.7,8.7,7.88,8.0,8.29,64,21828,177805.0
2021-06-23,2021-06-23,SUNRAJDI,Z,2.69,2.69,2.69,2.69,2.57,2,1678,4513.0
2021-06-23,2021-06-23,RIIL,A,827.9,865.65,792.0,821.5,818.55,11211,279380,232872228.0
2021-06-23,2021-06-23,SHARP,X,29.5,29.5,27.05,27.15,27.4,26,4293,119239.0
2021-06-23,2021-06-23,LINDEINDIA,A,1614.0,1628.05,1584.5,1588.05,1594.95,508,2977,4764172.0
2021-06-23,2021-06-23,INDBNK,B,40.5,43.5,40.2,41.85,41.0,46,6882,290908.0
2021-06-23,2021-06-23,LOTUSCHO,X,27.0,27.4,26.45,26.45,27.8,44,4282,114148.0
2021-06-23,2021-06-23,PACIFICI,X,274.1,289.0,266.0,270.95,274.1,56,2608,714529.0
2021-06-23,2021-06-23,CMMHOSP,XT,12.74,13.26,12.74,12.74,13.0,18,2872,37427.0
2021-06-23,2021-06-23,UNIOFFICE,XT,2.91,2.91,2.91,2.91,3.06,4,2050,5965.0
2021-06-23,2021-06-23,APMIN,X,31.35,32.65,30.2,30.4,31.35,143,23679,737227.0
2021-06-23,2021-06-23,PRECWIRE,B,233.15,240.0,226.7,233.8,231.05,2008,38635,9038103.0
2021-06-23,2021-06-23,KRYPTONQ,X,14.0,14.5,13.84,14.14,14.02,255,74861,1056061.0
2021-06-23,2021-06-23,SWISSMLTRY,XT,6.48,6.48,6.48,6.48,6.36,10,9100,58968.0
2021-06-23,2021-06-23,MARBU,X,34.65,42.15,34.65,38.8,38.35,42,1572,62824.0
2021-06-23,2021-06-23,FEL,B,11.77,12.3,11.73,11.91,11.9,374,514583,6090199.0
2021-06-23,2021-06-23,INDTONER,X,194.0,194.0,185.05,187.0,195.5,336,22842,4302058.0
2021-06-23,2021-06-23,KUNSTOFF,X,34.5,34.5,33.05,34.5,32.9,22,7015,241957.0
2021-06-23,2021-06-23,SCI,A,114.6,116.4,111.25,111.85,113.65,3100,470344,53587926.0
2021-06-23,2021-06-23,SIKA,X,353.15,360.0,345.0,354.95,352.6,47,1177,414411.0
2021-06-23,2021-06-23,ITI,A,137.4,140.0,132.1,133.1,127.55,5809,458721,61852615.0
2021-06-23,2021-06-23,DREDGECORP,A,432.75,434.8,413.7,417.05,428.6,1510,27344,11553187.0
2021-06-23,2021-06-23,PHRMASI,XT,30.25,31.5,30.25,31.5,30.3,11,256,7886.0
2021-06-23,2021-06-23,PODDARHOUS,B,175.8,176.9,166.3,173.4,174.2,70,3963,687248.0
2021-06-23,2021-06-23,NFL,A,68.0,68.0,66.4,66.75,67.35,957,158053,10577337.0
2021-06-23,2021-06-23,IPRINGLTD,X,109.1,109.1,107.4,107.5,103.95,125,15417,1669340.0
2021-06-23,2021-06-23,PIIND,A,2803.25,2885.55,2763.6,2857.3,2788.9,1732,13069,37071284.0
2021-06-23,2021-06-23,PLASTIBLEN,B,252.05,254.65,245.55,250.05,250.8,135,2019,507654.0
2021-06-23,2021-06-23,YASHINNO,XT,7.54,7.69,6.97,6.97,7.33,20,1098,7968.0
2021-06-23,2021-06-23,WATERBASE,A,124.85,129.7,123.0,124.35,123.7,1033,58469,7388913.0
2021-06-23,2021-06-23,FLEXFO,X,88.35,89.0,83.35,84.05,87.1,324,25639,2188980.0
2021-06-23,2021-06-23,GOLKUNDIA,X,49.75,49.75,45.1,48.3,47.4,200,11534,549897.0
2021-06-23,2021-06-23,APCOTEXIND,A,302.5,318.05,302.5,311.35,310.9,410,6739,2099944.0
2021-06-23,2021-06-23,FORTISMLR,X,67.4,67.4,65.1,65.25,66.05,59,3800,249557.0
2021-06-23,2021-06-23,MASTEK,A,2236.95,2251.15,2195.95,2243.5,2213.1,3598,60988,135635212.0
2021-06-23,2021-06-23,EIMCOELECO,B,371.5,382.3,371.5,378.1,374.5,119,864,325790.0
2021-06-23,2021-06-23,SAYAJIHOTL,XT,248.0,248.0,240.0,244.65,248.85,14,92,22449.0
2021-06-23,2021-06-23,ASHIANA,B,135.65,140.55,135.65,138.0,138.4,371,8794,1219860.0
2021-06-23,2021-06-23,SVAMSOF,XT,3.23,3.23,3.16,3.16,3.22,60,9867,31349.0
2021-06-23,2021-06-23,ECOBOAR,XT,5.18,5.2,5.0,5.2,4.96,40,23266,120855.0
2021-06-23,2021-06-23,DVL,B,259.5,263.95,255.3,256.45,253.7,1815,49498,12793948.0
2021-06-23,2021-06-23,TIHIL,X,4.35,4.35,4.26,4.35,4.34,75,19890,85167.0
2021-06-23,2021-06-23,MAHEPC,B,152.0,155.85,152.0,154.65,152.25,371,12216,1887905.0
2021-06-23,2021-06-23,SREIINFRA,B,18.39,18.39,16.65,16.65,17.52,2141,1334747,23576332.0
2021-06-23,2021-06-23,MITSHI,X,17.45,17.45,15.1,15.6,16.1,54,7303,115663.0
2021-06-23,2021-06-23,MAZDA,B,632.0,649.8,631.65,636.1,627.15,45,545,346896.0
2021-06-23,2021-06-23,VHLTD,T,4.16,4.16,4.16,4.16,4.37,35,10881,45264.0
2021-06-23,2021-06-23,SOVERDIA,X,8.8,8.8,8.4,8.4,8.4,9,2470,21576.0
2021-06-23,2021-06-23,MENONBE,B,70.4,70.75,67.75,68.15,69.6,305,14962,1025845.0
2021-06-23,2021-06-23,MUKATPIP,X,3.29,3.31,3.29,3.31,3.35,3,250,823.0
2021-06-23,2021-06-23,GUJRAFFIA,T,63.05,67.7,63.0,67.6,66.25,13,954,60885.0
2021-06-23,2021-06-23,SIMPLEXINF,B,45.5,45.5,42.5,44.0,43.35,993,162453,7251682.0
2021-06-23,2021-06-23,INNOVTEC,X,20.5,20.5,19.7,19.85,20.0,94,10857,216687.0
2021-06-23,2021-06-23,SUPTANERY,X,6.2,7.29,6.03,7.29,6.08,1104,1975576,14059361.0
2021-06-23,2021-06-23,AXTEL,X,376.0,379.0,360.1,372.75,357.55,531,19866,7383315.0
2021-06-23,2021-06-23,POONAWALLA,T,156.55,161.0,150.0,152.15,156.55,932,157584,24864153.0
2021-06-23,2021-06-23,HINFLUR,T,11.1,11.85,11.1,11.3,11.29,23,3537,41034.0
2021-06-23,2021-06-23,KINGFA,B,993.95,1050.25,988.35,1039.15,991.0,710,5481,5547757.0
2021-06-23,2021-06-23,RAMAPHO,X,227.8,228.0,216.05,218.5,224.2,350,27133,6002683.0
2021-06-23,2021-06-23,VENLONENT,X,2.83,2.83,2.6,2.64,2.7,7,679,1917.0
2021-06-23,2021-06-23,POLYPLEX,A,1325.0,1338.4,1311.0,1313.6,1324.0,773,7904,10449182.0
2021-06-23,2021-06-23,ALBERTDAVD,B,482.45,488.0,477.0,478.8,481.6,661,5262,2530583.0
2021-06-23,2021-06-23,HARLETH,XT,37.15,38.8,37.15,38.7,38.55,38,3546,134983.0
2021-06-23,2021-06-23,CARYSIL,B,600.0,600.0,580.0,581.55,579.0,1563,27564,16281381.0
2021-06-23,2021-06-23,KABRAEXTRU,B,188.8,188.8,182.55,183.65,184.15,1334,36563,6765810.0
2021-06-23,2021-06-23,VINYLINDIA,B,147.8,152.1,145.4,146.35,146.2,150,3817,562395.0
2021-06-23,2021-06-23,PCCOSMA,X,170.25,181.45,165.05,175.6,170.25,54,3290,574584.0
2021-06-23,2021-06-23,TCMLMTD,X,70.3,81.9,70.3,79.9,75.4,109,6570,520843.0
2021-06-23,2021-06-23,IOLCP,A,637.15,639.15,624.6,627.25,631.65,1497,59926,37939223.0
2021-06-23,2021-06-23,VINATIORGA,A,1810.05,1943.95,1809.1,1865.4,1798.1,3541,34488,64478496.0
2021-06-23,2021-06-23,LACTOSE,X,36.3,38.0,33.05,34.3,34.55,293,65783,2370064.0
2021-06-23,2021-06-23,AARTIIND,A,885.0,886.2,861.0,864.75,876.85,4177,56482,49497289.0
2021-06-23,2021-06-23,WANBURY,T,99.7,100.0,95.0,96.1,96.55,32,2771,269601.0
2021-06-23,2021-06-23,RESONANCE,X,153.15,157.0,150.0,150.1,152.7,181,7468,1134226.0
2021-06-23,2021-06-23,GAEL,A,164.5,172.1,164.5,169.75,166.25,1449,62222,10554521.0
2021-06-23,2021-06-23,RCF,A,83.1,83.1,81.55,81.8,82.35,1784,175280,14389181.0
2021-06-23,2021-06-23,KOPRAN,B,201.1,201.25,196.0,196.8,198.95,726,11614,2303838.0
2021-06-23,2021-06-23,AIMCOPEST,X,137.0,147.9,131.0,142.2,135.3,1717,179918,25435154.0
2021-06-23,2021-06-23,GUJTERC,X,9.2,9.57,9.2,9.57,9.65,11,2516,23327.0
2021-06-23,2021-06-23,SEYAIND,B,66.0,67.7,65.25,65.85,66.45,486,6599,439205.0
2021-06-23,2021-06-23,JAYAGROGN,B,211.95,216.6,207.7,211.95,209.8,430,10139,2140556.0
2021-06-23,2021-06-23,BCLIND,B,224.95,232.75,223.7,227.0,224.95,1186,53092,12134532.0
2021-06-23,2021-06-23,SHHARICH,X,74.2,74.35,72.5,73.0,74.1,21,801,58775.0
2021-06-23,2021-06-23,INDOBORAX,X,1519.0,1519.0,1401.0,1419.5,1447.55,1334,12248,17789712.0
2021-06-23,2021-06-23,AARTIDRUGS,A,717.1,720.65,710.0,711.2,715.9,1174,15438,11019865.0
2021-06-23,2021-06-23,BODALCHEM,A,110.9,110.9,106.0,106.55,108.3,1406,78893,8504907.0
2021-06-23,2021-06-23,ORCHPHARMA,B,1334.65,1391.15,1312.35,1319.8,1366.95,334,847,1132366.0
2021-06-23,2021-06-23,VIMTALABS,B,256.25,258.25,251.65,252.75,255.7,563,12793,3247172.0
2021-06-23,2021-06-23,BIOFILCHEM,B,69.2,69.2,68.0,68.3,68.75,90,4617,317428.0
2021-06-23,2021-06-23,ISHITADR,X,30.65,30.7,29.5,29.5,30.0,13,2963,90166.0
2021-06-23,2021-06-23,MARKSANS,A,90.5,90.65,87.1,87.4,89.65,2421,182668,16101588.0
2021-06-23,2021-06-23,UNIVSTAR,XT,98.0,98.2,94.0,94.3,98.0,26,1290,124065.0
2021-06-23,2021-06-23,AAREYDRUGS,X,34.0,34.5,32.0,32.7,33.1,639,214785,7205196.0
2021-06-23,2021-06-23,NORRIS,XT,6.24,6.24,6.24,6.24,6.56,2,56,349.0
2021-06-23,2021-06-23,ASINPET,XT,3.72,3.87,3.72,3.87,3.69,2,300,1146.0
2021-06-23,2021-06-23,CAMEXLTD,X,31.0,31.4,29.55,30.95,30.3,48,6362,193040.0
2021-06-23,2021-06-23,EVEXIA,X,117.0,117.0,106.75,109.0,110.45,2336,496633,54225708.0
2021-06-23,2021-06-23,INDOEURO,XT,7.64,7.64,7.0,7.6,7.28,38,9528,71726.0
2021-06-23,2021-06-23,SYNCOMF,X,8.26,8.35,8.26,8.26,8.42,2850,1578097,13040334.0
2021-06-23,2021-06-23,RIDDHI,XT,329.7,329.7,318.0,324.0,329.65,21,383,122716.0
2021-06-23,2021-06-23,SVCIND,XT,1.7,1.78,1.64,1.69,1.7,187,57745,98177.0
2021-06-23,2021-06-23,IPCALAB,A,2015.9,2029.8,1976.95,1999.45,2004.55,1221,106314,212973613.0
2021-06-23,2021-06-23,KILITCH,T,151.35,160.0,150.1,156.35,158.0,71,10490,1593189.0
2021-06-23,2021-06-23,RAAJMEDI,P,16.7,16.7,16.7,16.7,15.95,4,600,10020.0
2021-06-23,2021-06-23,CORALAB,X,467.0,512.0,467.0,489.0,476.0,374,10033,4981174.0
2021-06-23,2021-06-23,TULASEEBIOE,ZP,27.65,27.65,27.65,27.65,26.35,2,200,5530.0
2021-06-23,2021-06-23,KREBSBIO,B,119.9,122.25,119.35,119.5,121.5,122,3676,441937.0
2021-06-23,2021-06-23,KMCSHIL,X,38.35,38.35,37.1,37.55,37.8,554,56431,2116350.0
2021-06-23,2021-06-23,LAFFANSQ,X,24.5,24.65,23.6,24.0,23.5,38,9929,242242.0
2021-06-23,2021-06-23,BHASKAGR,XT,40.8,40.8,38.1,40.65,39.95,17,536,21094.0
2021-06-23,2021-06-23,SUKHJITS,X,221.5,232.75,221.5,228.55,226.7,182,19347,4424861.0
2021-06-23,2021-06-23,NEULANDLAB,T,2053.0,2053.0,1990.05,2010.35,2038.25,499,3051,6128637.0
2021-06-23,2021-06-23,GAYATRIBI,XT,12.6,12.6,12.12,12.6,12.36,113,10950,134373.0
2021-06-23,2021-06-23,PODDARMENT,B,241.0,245.0,238.0,241.6,240.35,118,2009,482841.0
2021-06-23,2021-06-23,PHARMAID,XT,18.5,18.5,18.5,18.5,18.85,91,5522,102157.0
2021-06-23,2021-06-23,VIVIDIND,X,28.5,29.35,27.0,27.95,28.35,115,23160,663892.0
2021-06-23,2021-06-23,PRIYALT,XT,8.53,8.53,8.53,8.53,8.53,1,50,426.0
2021-06-23,2021-06-23,TIRUSTA,XT,48.6,48.8,44.55,48.0,46.55,26,1908,90617.0
2021-06-23,2021-06-23,HEMORGANIC,X,12.64,13.25,12.01,12.14,12.64,19,1748,21658.0
2021-06-23,2021-06-23,JAYSYNTH,X,2.85,2.88,2.85,2.88,2.75,5,1157,3309.0
2021-06-23,2021-06-23,AEONXDIGI,X,108.4,108.4,100.0,102.1,103.3,81,6067,625109.0
2021-06-23,2021-06-23,AKSHARCHEM,B,364.7,366.7,355.25,356.65,352.25,164,2805,1016580.0
2021-06-23,2021-06-23,BERLDRG,XT,8.12,8.28,8.12,8.28,8.12,6,1915,15646.0
2021-06-23,2021-06-23,ISTRNETWK,XT,2.49,2.49,2.49,2.49,2.54,1,250,622.0
2021-06-23,2021-06-23,GAGAN,X,24.15,24.15,23.25,23.25,23.7,229,32840,774600.0
2021-06-23,2021-06-23,SHUKRAPHAR,XT,60.0,60.0,58.5,58.5,59.6,7,352,21040.0
2021-06-23,2021-06-23,ALUFLUOR,X,230.35,239.0,230.35,233.05,233.35,165,8050,1901713.0
2021-06-23,2021-06-23,ARCHITORG,X,46.7,47.5,45.1,46.25,46.7,364,58109,2687580.0
2021-06-23,2021-06-23,SIKOZY,XT,1.44,1.44,1.33,1.33,1.39,37,31206,41852.0
2021-06-23,2021-06-23,INDOAMIN,X,172.2,172.2,163.0,163.8,165.5,314,24431,4031524.0
2021-06-23,2021-06-23,NATCAPSUQ,X,151.0,152.7,148.0,149.2,150.25,124,9820,1476652.0
2021-06-23,2021-06-23,WELCURE,X,2.65,2.65,2.65,2.65,2.6,14,2656,7038.0
2021-06-23,2021-06-23,BIBCL,T,73.35,81.05,73.35,81.05,77.2,3672,653039,50422196.0
2021-06-23,2021-06-23,SOTL,B,1349.3,1352.0,1316.05,1325.6,1332.8,1742,15891,21156098.0
2021-06-23,2021-06-23,HESTERBIO,A,2640.9,2647.5,2559.2,2566.85,2620.15,402,1038,2694028.0
2021-06-23,2021-06-23,KABSON,XT,12.05,12.05,11.0,11.26,11.48,132,8908,101060.0
2021-06-23,2021-06-23,BASANTGL,X,14.0,15.1,13.21,14.42,13.99,2209,1416111,20425961.0
2021-06-23,2021-06-23,SANDUPHQ,X,47.0,48.25,45.1,47.2,46.2,67,6969,324396.0
2021-06-23,2021-06-23,NACLIND,B,76.75,80.0,76.0,76.5,78.45,490,18918,1483858.0
2021-06-23,2021-06-23,VISTAPH,XT,11.4,11.8,11.05,11.65,11.61,151,37097,425818.0
2021-06-23,2021-06-23,SUNPHARMA,A,670.0,672.3,664.2,665.15,666.45,2231,756982,504966673.0
2021-06-23,2021-06-23,TITANBIO,X,370.8,380.0,362.4,366.0,370.8,764,27317,10161846.0
2021-06-23,2021-06-23,SDL,X,15.63,15.63,15.63,15.63,16.45,3,11,171.0
2021-06-23,2021-06-23,JENBURPH,X,480.15,495.0,480.1,484.6,484.1,65,1268,616186.0
2021-06-23,2021-06-23,HIKAL,A,492.9,492.9,468.0,470.85,485.4,1494,45826,21799029.0
2021-06-23,2021-06-23,CAPLIPOINT,A,668.0,674.65,656.7,665.05,662.8,976,10591,7053835.0
2021-06-23,2021-06-23,FISCHER,XT,26.0,26.0,26.0,26.0,26.0,1,5,130.0
2021-06-23,2021-06-23,LINKPH,X,33.95,34.95,33.95,34.1,34.55,65,3141,107766.0
2021-06-23,2021-06-23,DECIPHER,X,42.0,42.0,38.5,40.05,41.15,115,12727,509473.0
2021-06-23,2021-06-23,EMMESSA,X,43.75,43.75,43.75,43.75,44.6,24,1602,70087.0
2021-06-23,2021-06-23,NGLFINE,XT,2082.0,2130.0,2000.0,2062.15,2081.8,241,5106,10562405.0
2021-06-23,2021-06-23,EVERESTO,X,355.95,355.95,342.0,343.65,346.45,238,9047,3126404.0
2021-06-23,2021-06-23,AUROPHARMA,A,959.3,959.35,941.5,944.75,952.5,1851,46613,44169836.0
2021-06-23,2021-06-23,PHYTO,X,24.5,24.5,24.5,24.5,24.25,10,1596,39102.0
2021-06-23,2021-06-23,NATCOPHARM,A,1095.75,1097.9,1065.0,1072.85,1089.3,1630,20114,21651555.0
2021-06-23,2021-06-23,DYNAMIND,XT,63.4,63.45,60.1,61.9,62.2,59,6455,404113.0
2021-06-23,2021-06-23,PANAMAPET,B,256.0,256.0,234.0,244.6,249.25,1967,43656,10906243.0
2021-06-23,2021-06-23,BALPHARMA,T,98.5,99.9,98.0,98.25,98.65,41,1762,173553.0
2021-06-23,2021-06-23,BDH,X,108.5,109.15,104.15,106.5,107.75,140,9708,1037794.0
2021-06-23,2021-06-23,JAUSPOL,X,5.55,5.55,5.13,5.4,5.4,5,2620,13625.0
2021-06-23,2021-06-23,CUBEXTUB,T,25.5,25.85,25.5,25.5,25.8,6,1020,26027.0
2021-06-23,2021-06-23,POLYCHMP,X,56.1,58.35,55.55,56.55,56.5,60,5749,325685.0
2021-06-23,2021-06-23,GALXBRG,XT,240.0,240.0,227.0,236.95,237.6,15,242,56806.0
2021-06-23,2021-06-23,SCAGRO,XT,3.15,3.15,3.15,3.15,3.0,1,736,2318.0
2021-06-23,2021-06-23,UNRYLMA,XT,11.76,12.3,11.76,12.3,11.76,10,4657,56962.0
2021-06-23,2021-06-23,SHERVANI,X,328.9,350.8,310.0,346.3,318.95,99,8295,2818402.0
2021-06-23,2021-06-23,BNAGROCHEM,XT,9.15,9.15,8.7,8.7,9.15,7,301,2664.0
2021-06-23,2021-06-23,SUPERTEX,X,8.15,8.42,7.85,8.32,8.02,140,75869,622651.0
2021-06-23,2021-06-23,SHETR,X,30.0,32.4,30.0,31.0,30.55,71,10075,315477.0
2021-06-23,2021-06-23,TRABI,XT,4.61,4.83,4.38,4.7,4.61,168,90942,409832.0
2021-06-23,2021-06-23,MPL,XT,6.85,6.85,6.61,6.71,6.73,25,9810,66849.0
2021-06-23,2021-06-23,NIKHILAD,X,718.0,722.0,685.0,702.35,688.2,234,2499,1765422.0
2021-06-23,2021-06-23,SPENTA,X,51.1,56.75,49.05,50.7,52.1,40,1563,82493.0
2021-06-23,2021-06-23,MULTIBASE,X,243.75,249.0,233.0,246.35,242.1,310,16377,4032319.0
2021-06-23,2021-06-23,ANDREWYU,B,30.8,31.5,30.55,30.75,30.6,1937,776989,24087822.0
2021-06-23,2021-06-23,LUDLOWJUT,X,83.8,83.8,81.75,81.95,82.2,169,9150,755218.0
2021-06-23,2021-06-23,ASHRAM,XT,4.46,4.47,4.46,4.47,4.26,4,3035,13566.0
2021-06-23,2021-06-23,ROYALCU,XT,8.6,8.61,8.6,8.6,9.03,11,1963,16882.0
2021-06-23,2021-06-23,NOGMIND,XT,3.13,3.28,3.12,3.28,3.13,15,6559,20658.0
2021-06-23,2021-06-23,HITECHCORP,B,258.0,258.0,237.55,241.2,240.25,156,2750,666263.0
2021-06-23,2021-06-23,BLOOM,X,11.15,11.59,10.6,11.38,11.15,12,797,9015.0
2021-06-23,2021-06-23,FILATEX,B,101.45,102.15,99.1,99.35,100.25,653,24838,2490354.0
2021-06-23,2021-06-23,STDSFAC,XT,40.95,40.95,37.05,37.05,39.0,31,1528,58510.0
2021-06-23,2021-06-23,MERCATOR,B,2.12,2.12,2.05,2.12,2.02,906,5519719,11659448.0
2021-06-23,2021-06-23,MORGAN,XT,14.02,14.02,12.7,13.7,13.36,55,7433,100334.0
2021-06-23,2021-06-23,AMRAPLIN,XT,5.77,5.77,5.23,5.23,5.5,13,4721,26214.0
2021-06-23,2021-06-23,PREMEXPLN,B,139.5,141.0,138.4,139.35,139.65,53,1420,198292.0
2021-06-23,2021-06-23,MOLDTECH,B,62.0,62.25,60.0,61.05,61.05,352,14378,878606.0
2021-06-23,2021-06-23,CRSTCHM,XT,37.8,39.15,37.8,39.15,37.4,25,5986,233657.0
2021-06-23,2021-06-23,MPHASIS,A,2040.0,2040.0,1981.2,1986.45,2010.8,2256,18155,36419916.0
2021-06-23,2021-06-23,MEDINOV,XT,38.8,42.0,38.0,42.0,40.0,51,14694,606140.0
2021-06-23,2021-06-23,DIVSHKT,X,64.8,64.8,59.9,61.55,61.65,49,3991,245883.0
2021-06-23,2021-06-23,ORIENTLTD,B,85.25,85.25,79.1,81.1,82.85,46,2627,213492.0
2021-06-23,2021-06-23,SHREYASI,XT,5.5,5.6,5.08,5.11,5.34,56,14621,76373.0
2021-06-23,2021-06-23,DUROPACK,XT,22.0,22.7,21.1,21.85,22.0,16,1755,37828.0
2021-06-23,2021-06-23,SWARNSAR,X,13.45,14.75,13.01,14.03,13.85,90,25131,356836.0
2021-06-23,2021-06-23,GANESHHOU,T,95.45,100.0,94.1,95.1,98.65,46,4008,384207.0
2021-06-23,2021-06-23,NMDC,A,189.0,189.15,178.15,178.85,185.4,13088,2729369,497042984.0
2021-06-23,2021-06-23,CINDHO,X,20.15,20.2,20.15,20.2,21.2,2,140,2823.0
2021-06-23,2021-06-23,PATINTLOG,B,27.25,27.35,26.6,26.65,27.15,165,8051,216012.0
2021-06-23,2021-06-23,ALPHAGEO,B,287.0,288.75,279.65,282.1,281.3,105,2148,610173.0
2021-06-23,2021-06-23,HAMPTON,X,82.75,82.75,75.25,81.5,78.85,105,14794,1202002.0
2021-06-23,2021-06-23,KKALPANAIND,X,40.0,40.9,39.0,39.4,39.4,148,18723,747152.0
2021-06-23,2021-06-23,OKPLA,XT,21.5,21.5,19.6,19.7,20.6,79,18641,374511.0
2021-06-23,2021-06-23,KRITI,X,113.8,113.8,108.4,110.55,108.4,522,107738,11881341.0
2021-06-23,2021-06-23,ASMTEC,X,152.45,155.0,145.5,152.65,149.3,224,15662,2375482.0
2021-06-23,2021-06-23,PERFEPA,X,126.65,126.65,126.65,126.65,128.1,1,1,126.0
2021-06-23,2021-06-23,VISIONCINE,XT,1.35,1.35,1.35,1.35,1.33,62,45232,61063.0
2021-06-23,2021-06-23,INDRANIB,XT,9.9,10.3,9.9,10.3,10.1,288,110668,1123845.0
2021-06-23,2021-06-23,EUROLED,XT,15.3,15.3,14.6,14.65,15.3,35,1737,25806.0
2021-06-23,2021-06-23,WINSOMBR,XT,8.33,8.33,8.01,8.13,8.17,151,29849,247034.0
2021-06-23,2021-06-23,ELEFLOR,XT,3.6,3.61,3.27,3.61,3.44,36,23507,83703.0
2021-06-23,2021-06-23,SAENTER,XT,12.6,12.6,12.6,12.6,12.0,1,5,63.0
2021-06-23,2021-06-23,SKYIND,X,84.25,89.85,83.55,85.5,87.7,24,1954,166916.0
2021-06-23,2021-06-23,PHOENXINTL,XT,22.4,22.4,20.5,21.9,21.34,62,12260,260372.0
2021-06-23,2021-06-23,RISHIROOP,X,101.9,101.9,97.15,98.3,98.45,132,7929,785305.0
2021-06-23,2021-06-23,PROMACT,X,2.64,2.64,2.64,2.64,2.52,3,1700,4488.0
2021-06-23,2021-06-23,DOLPHMED,XT,5.01,5.01,5.01,5.01,5.11,57,2802,14038.0
2021-06-23,2021-06-23,SYSTMTXC,X,243.65,264.95,243.65,250.0,256.4,28,2901,739040.0
2021-06-23,2021-06-23,ALPINEHOU,X,17.85,17.85,16.3,16.45,16.55,29,10288,171394.0
2021-06-23,2021-06-23,SANGHIIND,B,54.55,55.85,54.1,54.25,55.0,595,54348,2976514.0
2021-06-23,2021-06-23,WWALUM,XT,9.41,9.41,9.35,9.35,8.97,5,303,2833.0
2021-06-23,2021-06-23,SGLRES,X,15.45,15.7,15.15,15.35,15.15,40,6892,106880.0
2021-06-23,2021-06-23,CHOKSILA,XT,12.8,12.8,12.22,12.6,12.8,6,438,5399.0
2021-06-23,2021-06-23,CCHHL,T,6.92,6.99,6.65,6.76,6.88,90,36904,252556.0
2021-06-23,2021-06-23,SALGUTI,XT,14.58,14.58,14.58,14.58,13.89,4,1670,24348.0
2021-06-23,2021-06-23,LONTE,XT,17.35,17.65,17.1,17.65,17.35,5,200,3441.0
2021-06-23,2021-06-23,ENTRINT,X,8.9,8.9,8.51,8.51,8.78,11,3176,27603.0
2021-06-23,2021-06-23,TECHIN,T,6.15,6.5,5.99,5.99,6.3,37,39692,247046.0
2021-06-23,2021-06-23,TPLPLASTEH,B,243.0,244.0,239.4,239.85,240.3,157,5298,1282873.0
2021-06-23,2021-06-23,WIMPLAST,X,624.0,624.0,591.0,591.75,601.9,305,7116,4255794.0
2021-06-23,2021-06-23,PHOTOQUP,XT,12.75,13.99,12.75,13.89,13.35,6,322,4132.0
2021-06-23,2021-06-23,LIBERTSHOE,B,148.05,167.0,148.05,162.15,148.55,2890,154666,24891508.0
2021-06-23,2021-06-23,LIPPISYS,XT,12.6,12.6,11.6,11.6,12.0,8,276,3276.0
2021-06-23,2021-06-23,ELECTHERM,B,197.0,197.9,176.0,179.95,194.85,2231,77083,14108985.0
2021-06-23,2021-06-23,BLUEDART,A,5874.0,5882.05,5760.9,5807.35,5835.95,598,2053,11945200.0
2021-06-23,2021-06-23,EXPOEAPL,XT,7.85,7.85,7.59,7.59,7.98,27,5193,39425.0
2021-06-23,2021-06-23,NATPLAS,X,35.55,36.1,34.55,36.0,35.1,78,15691,559815.0
2021-06-23,2021-06-23,MFLINDIA,XT,0.19,0.19,0.19,0.19,0.2,46,117853,22392.0
2021-06-23,2021-06-23,TEXELIN,X,76.55,76.55,76.55,76.55,75.05,7,703,53814.0
2021-06-23,2021-06-23,RAYALEMA,XT,22.5,22.5,20.4,22.3,21.45,72,19244,422723.0
2021-06-23,2021-06-23,MIRZAINT,B,56.45,60.4,56.3,58.3,56.2,3166,403762,23849843.0
2021-06-23,2021-06-23,TFCILTD,B,76.15,77.75,74.95,75.25,75.95,1133,74888,5710830.0
2021-06-23,2021-06-23,THAKDEV,X,73.15,74.0,67.45,67.55,71.0,13,225,15926.0
2021-06-23,2021-06-23,ARENTERP,B,15.14,15.14,14.5,14.99,15.24,26,308,4615.0
2021-06-23,2021-06-23,BIL,T,236.0,257.0,236.0,255.0,245.95,42,2017,504726.0
2021-06-23,2021-06-23,KAMATHOTEL,T,48.45,49.05,47.1,47.95,47.95,123,7909,380700.0
2021-06-23,2021-06-23,KEEPLEARN,T,0.9,0.9,0.9,0.9,0.86,1,1000,900.0
2021-06-23,2021-06-23,UNIVAFOODS,T,1.8,1.8,1.8,1.8,1.72,3,261,469.0
2021-06-23,2021-06-23,POLOHOT,Z,5.8,5.8,5.8,5.8,5.84,8,2007,11640.0
2021-06-23,2021-06-23,ECOPLAST,X,73.0,76.45,73.0,75.85,73.4,63,6936,524356.0
2021-06-23,2021-06-23,ELEMARB,XT,148.0,148.0,140.6,140.6,148.0,2,2,288.0
2021-06-23,2021-06-23,ADARSHPL,X,4.23,4.63,4.23,4.63,4.41,21,14309,65232.0
2021-06-23,2021-06-23,HPBL,Z,37.4,37.4,37.4,37.4,36.7,1,1,37.0
2021-06-23,2021-06-23,NICCOPAR,XT,45.35,45.35,42.55,43.1,44.45,23,1144,49914.0
2021-06-23,2021-06-23,NTCIND,X,66.0,68.9,63.0,67.15,64.45,321,33789,2271363.0
2021-06-23,2021-06-23,SANDESH,B,814.85,817.95,794.0,800.7,810.0,47,153,123115.0
2021-06-23,2021-06-23,GARNET,X,27.85,27.85,26.0,26.8,26.75,77,17401,464638.0
2021-06-23,2021-06-23,GOLDIAM,B,465.85,475.25,464.8,465.65,465.8,469,5099,2391753.0
2021-06-23,2021-06-23,BRIGHTBR,X,155.4,157.5,143.05,146.65,154.2,877,39091,5720250.0
2021-06-23,2021-06-23,CORPOCO,XT,6.59,6.61,6.4,6.61,6.3,38,6015,39498.0
2021-06-23,2021-06-23,SHAWGELTIN,X,183.0,184.95,176.6,180.0,180.4,64,7979,1431143.0
2021-06-23,2021-06-23,PGFOILQ,X,156.9,157.9,148.8,149.45,153.3,210,16032,2444058.0
2021-06-23,2021-06-23,GRATEXI,XT,10.08,10.08,10.08,10.08,9.6,1,50,504.0
2021-06-23,2021-06-23,VELHO,X,3.6,3.75,3.6,3.74,3.6,15,4922,17788.0
2021-06-23,2021-06-23,HOWARHO,XT,6.25,6.25,6.25,6.25,5.97,9,1504,9400.0
2021-06-23,2021-06-23,VALIANT,X,59.6,61.0,55.3,56.75,60.35,118,13220,773050.0
2021-06-23,2021-06-23,DRAGARWQ,X,400.15,420.0,400.15,414.6,409.8,29,704,290960.0
2021-06-23,2021-06-23,GREENPLY,A,208.85,212.3,203.9,209.65,205.45,1251,32131,6718151.0
2021-06-23,2021-06-23,UNQTYMI,XT,14.87,14.87,14.87,14.87,14.17,21,2937,43673.0
2021-06-23,2021-06-23,SEAMECLTD,B,479.0,486.6,466.95,474.2,483.65,281,1683,801577.0
2021-06-23,2021-06-23,RAGHUNAT,XT,8.7,8.86,8.02,8.83,8.44,141,29221,255499.0
2021-06-23,2021-06-23,CHEVIOT,X,1534.0,1534.0,1493.0,1498.5,1533.95,1105,10948,16470843.0
2021-06-23,2021-06-23,DAICHI,X,415.0,415.0,396.25,409.2,409.8,134,9669,3959056.0
2021-06-23,2021-06-23,RAJINFRA,X,7.77,7.77,7.77,7.77,7.4,6,756,5874.0
2021-06-23,2021-06-23,SPICEISLIN,XT,8.08,8.08,8.08,8.08,7.71,10,1605,12968.0
2021-06-23,2021-06-23,CONFIPET,B,60.5,61.45,59.9,60.1,60.85,1253,90750,5485712.0
2021-06-23,2021-06-23,SIPL,X,12.3,12.3,11.9,11.9,11.72,5,700,8530.0
2021-06-23,2021-06-23,ASHSI,X,14.15,14.5,13.77,13.8,13.9,38,3497,48932.0
2021-06-23,2021-06-23,BANARBEADS,B,55.5,55.65,55.25,55.65,56.0,9,1002,55610.0
2021-06-23,2021-06-23,AREXMIS,X,65.4,72.2,65.4,71.95,68.8,12,1686,120738.0
2021-06-23,2021-06-23,BI,X,61.85,61.85,59.45,60.15,60.0,347,20865,1261791.0
2021-06-23,2021-06-23,ISFL,XT,2.07,2.12,2.06,2.12,2.16,32,61244,127276.0
2021-06-23,2021-06-23,RISHILASE,X,14.3,15.7,14.3,15.7,15.0,7,1540,23422.0
2021-06-23,2021-06-23,JAINCO,XT,5.42,5.42,5.42,5.42,5.17,7,3081,16699.0
2021-06-23,2021-06-23,INTECCAP,X,14.87,14.87,14.87,14.87,14.17,6,1139,16936.0
2021-06-23,2021-06-23,63MOONS,T,98.05,98.05,94.2,95.15,98.05,256,16127,1548007.0
2021-06-23,2021-06-23,SARLAPOLY,B,39.45,41.6,38.95,39.4,39.5,1702,190580,7653102.0
2021-06-23,2021-06-23,MKTCREAT,X,3.96,3.96,3.96,3.96,3.78,1,100,396.0
2021-06-23,2021-06-23,HFIL,X,15.75,15.85,15.0,15.21,15.4,676,104882,1616041.0
2021-06-23,2021-06-23,SONALAD,X,6.61,6.61,6.01,6.61,6.3,8,3012,19795.0
2021-06-23,2021-06-23,PADMAIND,X,5.5,5.5,5.5,5.5,5.5,1,1000,5500.0
2021-06-23,2021-06-23,21STCENMGM,B,20.5,20.7,20.5,20.7,20.3,5,3444,70690.0
2021-06-23,2021-06-23,HRYNSHP,X,100.0,103.85,97.0,99.4,96.3,1903,251432,25558071.0
2021-06-23,2021-06-23,KALIND,X,29.0,29.0,24.55,28.9,27.05,15,1930,49669.0
2021-06-23,2021-06-23,TYROON,X,78.65,78.65,78.65,78.65,74.95,21,2446,192377.0
2021-06-23,2021-06-23,LAOPALA,A,277.0,277.0,270.9,271.9,272.55,142,2770,756867.0
2021-06-23,2021-06-23,STYLAMIND,X,894.95,902.0,870.0,891.7,894.95,267,9553,8558001.0
2021-06-23,2021-06-23,VENUSREM,B,342.6,343.15,328.4,331.0,335.35,235,5125,1704766.0
2021-06-23,2021-06-23,LASTMILE,XT,19.6,19.6,18.05,18.05,19.0,5,23,426.0
2021-06-23,2021-06-23,GUJCRAFT,XT,55.7,56.3,52.0,56.3,54.0,17,3139,170737.0
2021-06-23,2021-06-23,HEERAISP,Z,1.85,1.85,1.69,1.69,1.77,8,230,419.0
2021-06-23,2021-06-23,DHOOTIN,X,67.2,67.2,64.1,65.65,66.1,140,5776,374743.0
2021-06-23,2021-06-23,SHBAJRG,X,299.1,299.1,299.1,299.1,293.25,25,2879,861108.0
2021-06-23,2021-06-23,URJA,B,8.17,8.17,7.87,7.9,8.02,3951,1128955,8963860.0
2021-06-23,2021-06-23,ASHAPURMIN,T,165.9,168.0,154.95,154.95,163.1,416,63239,9857357.0
2021-06-23,2021-06-23,SHREEPAC,X,9.17,9.62,9.17,9.62,9.17,3,300,2841.0
2021-06-23,2021-06-23,GUJALKALI,A,410.0,411.05,402.1,404.15,408.6,1763,55340,22466085.0
2021-06-23,2021-06-23,INDIACEM,A,198.0,200.65,193.0,195.0,197.65,2310,171201,33768136.0
2021-06-23,2021-06-23,JKTYRE,A,146.1,147.65,143.3,143.7,145.9,3042,159597,23250112.0
2021-06-23,2021-06-23,MANGCHEFER,B,86.0,86.15,84.15,84.75,85.95,718,42603,3616292.0
2021-06-23,2021-06-23,SIL,T,16.5,17.5,16.45,17.4,17.3,43,61799,1049410.0
2021-06-23,2021-06-23,JUBLPHARMA,A,744.75,749.5,740.0,741.85,744.55,1329,18872,14031996.0
2021-06-23,2021-06-23,THEINVEST,B,106.9,109.95,102.05,105.25,106.45,133,4676,496331.0
2021-06-23,2021-06-23,SAMYAKINT,XT,19.9,19.9,19.9,19.9,20.4,1,200,3980.0
2021-06-23,2021-06-23,ACKNIT,X,121.7,122.95,118.0,121.1,119.15,146,15077,1829372.0
2021-06-23,2021-06-23,TITANSEC,X,19.0,19.26,18.35,18.91,18.35,683,214069,4101190.0
2021-06-23,2021-06-23,MOHOTAIND,B,7.95,8.09,7.75,7.85,7.96,24,3919,30889.0
2021-06-23,2021-06-23,REALECO,X,6.61,6.61,6.61,6.61,6.3,5,856,5658.0
2021-06-23,2021-06-23,VIVANZA,X,105.25,105.25,105.25,105.25,105.25,7,54,5683.0
2021-06-23,2021-06-23,YASHRAJC,X,2.41,2.67,2.41,2.64,2.45,37,44143,111156.0
2021-06-23,2021-06-23,LORDSHOTL,XT,4.99,4.99,4.75,4.78,4.99,4,1455,6957.0
2021-06-23,2021-06-23,CSLFINANCE,X,330.1,335.0,294.5,300.25,327.1,791,35362,10872634.0
2021-06-23,2021-06-23,SANGHVIMOV,B,201.8,201.8,195.0,196.5,198.25,1266,27603,5482034.0
2021-06-23,2021-06-23,ANTELOPUS,B,156.1,166.6,155.3,164.1,154.8,1152,42593,6918375.0
2021-06-23,2021-06-23,PURETROP,X,90.5,92.9,90.5,91.0,90.5,42,4741,433404.0
2021-06-23,2021-06-23,FAZE3Q,X,114.85,114.85,110.2,110.2,111.3,82,8684,964922.0
2021-06-23,2021-06-23,ANUPAM,X,8.8,8.8,8.62,8.79,8.7,34,3811,33282.0
2021-06-23,2021-06-23,RAJPACK,X,26.45,26.45,26.4,26.4,25.2,51,34617,914710.0
2021-06-23,2021-06-23,PRIVISCL,A,1133.9,1142.05,1101.0,1117.85,1123.2,675,8189,9184711.0
2021-06-23,2021-06-23,NATRAJPR,XT,49.65,49.65,49.65,49.65,48.7,9,518,25718.0
2021-06-23,2021-06-23,SAMRATPH,X,240.5,242.0,236.0,239.7,240.5,102,1968,471620.0
2021-06-23,2021-06-23,NPRFIN,X,16.6,16.6,15.61,15.75,16.37,26,3561,56190.0
2021-06-23,2021-06-23,NILE,X,509.9,513.0,475.0,479.75,503.45,365,9403,4624350.0
2021-06-23,2021-06-23,UDAICEMENT,X,29.1,29.45,28.45,28.7,28.9,1456,469690,13592754.0
2021-06-23,2021-06-23,AMCOIND,X,46.0,47.5,46.0,46.0,46.0,12,784,36103.0
2021-06-23,2021-06-23,OPTIEMUS,T,155.1,155.1,155.1,155.1,147.75,173,16785,2603353.0
2021-06-23,2021-06-23,KISAN,X,22.15,22.15,21.05,22.15,21.1,316,250787,5538206.0
2021-06-23,2021-06-23,VIJAYTX,X,45.35,45.35,42.0,42.2,43.6,48,8518,367613.0
2021-06-23,2021-06-23,KERALAYUR,X,59.3,59.3,56.85,57.3,57.65,99,13995,806810.0
2021-06-23,2021-06-23,MONGIPA,XT,8.6,8.6,8.6,8.6,8.44,2,128,1100.0
2021-06-23,2021-06-23,MOHITPPR,XT,7.94,7.94,7.84,7.84,7.58,9,1709,13533.0
2021-06-23,2021-06-23,DAULAT,XT,12.37,12.37,11.89,12.2,12.13,14,13602,164367.0
2021-06-23,2021-06-23,ODYSSEY,XT,62.3,62.3,56.4,57.7,59.35,336,30691,1842962.0
2021-06-23,2021-06-23,VKGLOBAL,X,5.05,5.05,5.05,5.05,5.04,1,1,5.0
2021-06-23,2021-06-23,SURATRAML,X,7.27,7.27,7.11,7.27,6.93,1043,724538,5266365.0
2021-06-23,2021-06-23,ATHARVENT,XT,1.25,1.26,1.14,1.26,1.2,163,67273,83960.0
2021-06-23,2021-06-23,FUNDVISER,XT,11.3,11.3,11.15,11.15,11.49,9,159,1778.0
2021-06-23,2021-06-23,THEMISMED,B,714.8,714.8,700.0,702.2,691.55,155,1777,1252403.0
2021-06-23,2021-06-23,KALLAM,X,11.55,11.55,11.06,11.34,11.28,15,3388,37964.0
2021-06-23,2021-06-23,BRAWN,XT,19.75,19.75,19.75,19.75,20.15,2,105,2073.0
2021-06-23,2021-06-23,FORINTL,XT,27.33,27.33,27.33,27.33,26.8,5,231,6313.0
2021-06-23,2021-06-23,KINGSINFR,X,32.45,32.7,31.55,32.2,32.0,159,51521,1655148.0
2021-06-23,2021-06-23,SUBSM,XT,17.65,17.65,17.65,17.65,17.65,2,6,105.0
2021-06-23,2021-06-23,AUROLAB,X,143.0,143.0,132.0,137.6,130.0,1367,165321,22909465.0
2021-06-23,2021-06-23,KJMCFIN,XT,21.96,21.96,21.96,21.96,21.53,1,50,1098.0
2021-06-23,2021-06-23,SUVEN,A,93.95,93.95,90.8,91.0,92.4,624,37325,3444159.0
2021-06-23,2021-06-23,ARYAMAN,X,43.95,43.95,41.9,41.9,41.9,4,170,7389.0
2021-06-23,2021-06-23,BRIDGESE,XT,8.49,8.49,8.49,8.49,8.09,3,1020,8659.0
2021-06-23,2021-06-23,INTSTOIL,X,14.0,14.0,13.31,13.31,14.0,8,2563,35813.0
2021-06-23,2021-06-23,GLOBALCA,Z,2.34,2.34,2.34,2.34,2.23,29,22170,51877.0
2021-06-23,2021-06-23,SAINIK,X,21.25,22.0,21.1,22.0,22.0,7,1265,26856.0
2021-06-23,2021-06-23,ARIGATO,XT,7.51,7.51,7.51,7.51,7.51,3,50,375.0
2021-06-23,2021-06-23,RICHUNV,XT,4.86,4.86,4.4,4.85,4.63,13,5737,25852.0
2021-06-23,2021-06-23,KOTHARIPRO,B,88.7,90.9,87.9,88.0,89.45,114,4914,438169.0
2021-06-23,2021-06-23,PICCADIL,X,18.5,18.78,17.5,17.93,18.29,470,68500,1240002.0
2021-06-23,2021-06-23,CLSEL,B,126.25,127.0,123.0,125.55,126.25,223,6094,767215.0
2021-06-23,2021-06-23,CHANDRAP,X,39.75,39.75,37.25,39.05,37.55,5,506,19741.0
2021-06-23,2021-06-23,KIMIABL,X,50.5,50.5,46.6,48.5,50.6,115,12253,588014.0
2021-06-23,2021-06-23,HINDTIN,X,91.0,91.5,88.2,89.5,90.95,395,34775,3117633.0
2021-06-23,2021-06-23,GODAVARI,X,63.0,63.55,59.8,60.6,61.75,211,19569,1206451.0
2021-06-23,2021-06-23,PREMCO,X,388.0,388.0,365.05,378.35,370.1,57,3026,1140926.0
2021-06-23,2021-06-23,MUKESHB,X,150.0,150.0,141.0,141.0,147.95,3,79,11223.0
2021-06-23,2021-06-23,GENUSPOWER,B,57.0,57.25,55.3,56.25,55.25,1379,271287,15288308.0
2021-06-23,2021-06-23,ASIANENE,X,110.0,114.95,109.5,110.55,110.0,532,176896,19947210.0
2021-06-23,2021-06-23,KBSINDIA,X,6.19,6.19,5.62,5.62,5.9,2,230,1293.0
2021-06-23,2021-06-23,UGARSUGAR,B,31.0,31.0,29.1,29.55,29.65,488,66466,1968821.0
2021-06-23,2021-06-23,ORIENTBELL,B,322.1,329.4,321.0,324.7,324.7,74,1746,569685.0
2021-06-23,2021-06-23,NRBBEARING,A,136.3,137.0,133.95,134.9,134.95,1475,59819,8100533.0
2021-06-23,2021-06-23,VAMSHIRU,X,19.25,20.85,19.25,20.85,20.0,9,3036,58444.0
2021-06-23,2021-06-23,NILAINFRA,B,7.25,7.5,6.84,6.91,7.19,1043,593613,4203325.0
2021-06-23,2021-06-23,DBSTOCKBRO,T,15.7,15.7,15.05,15.05,15.8,15,498,7497.0
2021-06-23,2021-06-23,VINYOFL,XT,28.8,28.85,28.8,28.85,27.5,7,2253,64949.0
2021-06-23,2021-06-23,JINDCAP,X,16.1,16.1,15.05,15.05,15.8,16,3270,51426.0
2021-06-23,2021-06-23,EPIC,XT,3.97,3.97,3.63,3.96,3.8,13,2030,7560.0
2021-06-23,2021-06-23,SUMEDHA,X,30.85,33.6,30.25,32.0,30.0,216,93815,3004930.0
2021-06-23,2021-06-23,KUWERIN,XT,6.5,6.5,6.1,6.47,6.2,9,4471,28686.0
2021-06-23,2021-06-23,CHOKSI,X,30.0,30.15,28.7,29.1,29.5,26,1440,42239.0
2021-06-23,2021-06-23,ASHISHPO,X,14.7,14.7,13.3,13.49,14.0,22,1996,27498.0
2021-06-23,2021-06-23,ADORFO,X,57.0,57.5,56.1,56.35,56.85,208,27811,1575091.0
2021-06-23,2021-06-23,SHIVAAGRO,X,55.2,59.5,53.55,54.65,56.35,341,31080,1709676.0
2021-06-23,2021-06-23,SIDDHA,X,1.39,1.39,1.33,1.33,1.4,25,13800,18537.0
2021-06-23,2021-06-23,SUMERUIND,XT,1.03,1.03,0.98,0.98,0.99,23,13436,13700.0
2021-06-23,2021-06-23,GTTDATA,X,2.2,2.2,2.18,2.2,2.2,5,411,900.0
2021-06-23,2021-06-23,VALSONQ,X,19.5,20.5,19.5,19.95,19.9,65,2872,57317.0
2021-06-23,2021-06-23,SABOOSOD,X,8.31,8.31,8.15,8.15,8.31,30,4536,36994.0
2021-06-23,2021-06-23,GSLSEC,X,4.32,4.32,4.32,4.32,4.32,3,2010,8683.0
2021-06-23,2021-06-23,TINNARUBR,X,63.0,63.0,63.0,63.0,61.8,6,5006,315378.0
2021-06-23,2021-06-23,VIKRAMTH,X,176.15,178.75,175.1,175.25,175.8,73,2626,464351.0
2021-06-23,2021-06-23,STRATMONT,Z,12.7,13.25,12.7,13.25,12.65,2,599,7772.0
2021-06-23,2021-06-23,AKCAPIT,X,435.0,442.9,431.1,434.05,435.9,43,2269,992379.0
2021-06-23,2021-06-23,RELAXO,A,1121.5,1190.0,1107.1,1175.9,1108.15,3102,38608,44501512.0
2021-06-23,2021-06-23,VIRAT,X,38.35,38.35,36.15,36.35,36.25,22,3076,113943.0
2021-06-23,2021-06-23,RRETAIL,XT,3.6,3.69,3.5,3.69,3.52,79,55504,201837.0
2021-06-23,2021-06-23,TERAI,X,46.5,46.5,43.2,44.85,45.15,40,4181,189398.0
2021-06-23,2021-06-23,COSCO,X,165.0,165.0,155.6,160.7,160.95,32,757,120728.0
2021-06-23,2021-06-23,SHILPAMED,A,556.5,571.0,548.15,554.65,547.95,3607,94482,52828789.0
2021-06-23,2021-06-23,PARACABLES,B,15.1,15.77,14.7,15.32,15.04,796,272041,4156890.0
2021-06-23,2021-06-23,NCLRESE,X,0.82,0.82,0.82,0.82,0.81,9,18816,15429.0
2021-06-23,2021-06-23,EXPLICITFIN,X,3.96,4.01,3.96,4.01,3.82,10,2608,10333.0
2021-06-23,2021-06-23,LADDERUP,X,16.69,16.69,15.5,16.33,15.97,19,2534,39946.0
2021-06-23,2021-06-23,UYFINCORP,X,4.55,4.55,4.26,4.4,4.44,94,186776,821089.0
2021-06-23,2021-06-23,EKAMLEA,X,3.9,3.9,3.9,3.9,3.9,2,1000,3900.0
2021-06-23,2021-06-23,SWASTIKA,X,154.95,154.95,143.6,147.05,149.7,44,912,133541.0
2021-06-23,2021-06-23,PRIMAPLA,X,123.25,124.7,113.25,115.2,121.4,341,21051,2472097.0
2021-06-23,2021-06-23,TELECANOR,XT,5.48,5.48,5.48,5.48,5.76,10,1960,10740.0
2021-06-23,2021-06-23,JAGSONSER,XT,1.54,1.54,1.54,1.54,1.47,1,200,308.0
2021-06-23,2021-06-23,CARNATIN,XT,6.18,6.18,6.18,6.18,5.89,4,50,309.0
2021-06-23,2021-06-23,STURDY,XT,0.55,0.56,0.53,0.53,0.55,8,39000,21393.0
2021-06-23,2021-06-23,GARGFUR,XT,26.6,28.9,26.6,26.8,27.55,7,227,6496.0
2021-06-23,2021-06-23,SAMPRE,XT,21.0,21.0,19.7,19.7,20.7,9,223,4598.0
2021-06-23,2021-06-23,AAIL,XT,24.55,24.55,22.4,23.6,23.4,70,24295,594431.0
2021-06-23,2021-06-23,VIPULORG,X,181.9,181.9,171.0,172.15,176.2,165,8837,1538158.0
2021-06-23,2021-06-23,ECORECO,X,57.6,64.8,54.7,59.95,56.75,1275,248708,15391365.0
2021-06-23,2021-06-23,GOODLUCK,B,110.25,110.25,106.65,107.4,108.95,593,21059,2294596.0
2021-06-23,2021-06-23,GOYALASS,XT,5.2,5.68,5.2,5.68,5.41,79,159474,852636.0
2021-06-23,2021-06-23,ZENITHHE,XT,10.45,10.55,10.0,10.0,10.52,841,151100,1516773.0
2021-06-23,2021-06-23,ACEENGITEC,XT,7.48,7.48,7.48,7.48,7.63,2,400,2992.0
2021-06-23,2021-06-23,YORKEXP,XT,19.45,19.6,17.9,17.9,18.7,6,602,11625.0
2021-06-23,2021-06-23,SUPREME,X,28.0,28.55,25.55,27.7,23.8,1225,351525,9867384.0
2021-06-23,2021-06-23,LYKISLTD,X,32.75,32.75,32.75,32.75,31.2,25,11267,368994.0
2021-06-23,2021-06-23,PRIMEPRO,XT,13.74,13.78,12.6,12.8,13.13,49,15040,201680.0
2021-06-23,2021-06-23,ZENLABS,X,34.5,36.9,34.5,36.65,35.25,71,16067,585380.0
2021-06-23,2021-06-23,RAJRILTD,Z,0.32,0.34,0.32,0.33,0.33,50,258906,83846.0
2021-06-23,2021-06-23,GOWRALE,XT,17.15,18.8,17.1,18.25,18.0,6,1311,23660.0
2021-06-23,2021-06-23,JAGANLAM,X,53.5,55.75,51.55,52.45,53.7,454,28558,1511912.0
2021-06-23,2021-06-23,AJEL,Z,4.63,4.72,4.63,4.72,4.63,16,1386,6495.0
2021-06-23,2021-06-23,ALPSINDUS,T,3.68,3.69,3.51,3.69,3.52,114,89662,329109.0
2021-06-23,2021-06-23,ASITCFIN,X,81.6,85.5,81.25,81.25,85.5,4,461,37586.0
2021-06-23,2021-06-23,ENCODE,X,23.0,23.0,23.0,23.0,23.3,10,5002,115046.0
2021-06-23,2021-06-23,SUPERBAK,X,10.42,10.42,9.44,10.4,9.93,3,118,1131.0
2021-06-23,2021-06-23,OVOBELE,P,43.75,43.75,43.75,43.75,43.75,1,200,8750.0
2021-06-23,2021-06-23,CHALLANI,X,5.1,5.1,5.1,5.1,4.86,3,482,2458.0
2021-06-23,2021-06-23,CORNE,XT,3.1,3.1,3.1,3.1,3.1,1,10,31.0
2021-06-23,2021-06-23,STERTOOLS,B,192.05,200.0,188.4,189.7,192.0,293,3174,609990.0
2021-06-23,2021-06-23,KLGCAP,X,10.0,10.24,10.0,10.24,9.76,8,586,6000.0
2021-06-23,2021-06-23,INFRAINDUS,Z,5.0,5.25,5.0,5.05,5.0,5,4920,25516.0
2021-06-23,2021-06-23,DYNAMICP,XT,3.37,3.37,3.37,3.37,3.36,1,50,168.0
2021-06-23,2021-06-23,TRANSASIAC,XT,3.49,3.85,3.49,3.85,3.67,4,590,2240.0
2021-06-23,2021-06-23,CEEJAY,X,90.8,90.8,84.0,84.7,86.25,8,56,4755.0
2021-06-23,2021-06-23,SUNCITYSY,XT,3.4,3.4,3.4,3.4,3.4,1,100,340.0
2021-06-23,2021-06-23,BHAGERIA,B,261.2,270.4,251.0,253.45,258.55,239,7093,1829375.0
2021-06-23,2021-06-23,BNRUDY,X,14.6,14.65,13.9,13.9,14.6,10,265,3866.0
2021-06-23,2021-06-23,KRBL,A,234.0,246.75,233.75,241.1,234.8,7715,352122,85457773.0
2021-06-23,2021-06-23,REFNOLRESIN,XT,30.0,30.0,29.95,30.0,30.0,32,2769,83043.0
2021-06-23,2021-06-23,SSPDL,X,17.05,17.05,15.28,15.68,16.1,18,3908,66435.0
2021-06-23,2021-06-23,DAIKAFFI,X,35.5,35.5,33.45,33.8,34.0,18,2386,81295.0
2021-06-23,2021-06-23,CILSEC,X,16.6,17.19,16.0,16.1,16.6,50,2568,41869.0
2021-06-23,2021-06-23,CLIOINFO,XT,2.4,2.42,2.4,2.42,2.31,29,15144,36644.0
2021-06-23,2021-06-23,CUPID,B,223.9,223.9,218.45,219.4,223.9,433,8295,1827556.0
2021-06-23,2021-06-23,SUNSHIEL,X,267.0,275.0,265.0,273.8,266.15,57,2522,675566.0
2021-06-23,2021-06-23,HIPOLIN,X,40.5,42.5,38.5,42.5,40.5,12,685,28357.0
2021-06-23,2021-06-23,CHEMBOND,B,203.5,207.05,198.0,200.95,201.0,165,4048,812084.0
2021-06-23,2021-06-23,CIFL,X,112.05,116.95,110.0,111.9,117.5,42,1479,165171.0
2021-06-23,2021-06-23,SUCROSA,X,9.48,9.9,9.48,9.78,9.0,691,497915,4873174.0
2021-06-23,2021-06-23,AUDROC,XT,0.61,0.61,0.61,0.61,0.64,1016,672041,409945.0
2021-06-23,2021-06-23,NGIND,X,50.1,53.0,50.1,51.0,52.05,17,565,29142.0
2021-06-23,2021-06-23,ASIAPAK,X,16.8,16.8,16.8,16.8,16.8,3,7,117.0
2021-06-23,2021-06-23,SICAPIT,P,27.25,27.5,27.25,27.5,27.25,3,700,19205.0
2021-06-23,2021-06-23,ERPSOFT,XT,41.7,41.7,41.7,41.7,41.7,3,52,2168.0
2021-06-23,2021-06-23,JRFOODS,XT,4.2,4.2,4.0,4.0,4.2,2,200,820.0
2021-06-23,2021-06-23,REMSONSIND,B,224.5,228.9,216.95,218.0,221.2,89,1884,415344.0
2021-06-23,2021-06-23,STANPACK,XT,5.0,5.0,4.84,5.0,4.93,8,3397,16601.0
2021-06-23,2021-06-23,RAMINFO,X,43.7,44.2,41.75,43.85,43.9,89,17666,770524.0
2021-06-23,2021-06-23,SUNILAGR,X,57.1,60.0,55.4,56.0,58.3,20,1654,93646.0
2021-06-23,2021-06-23,DIANATEA,X,24.4,25.0,24.3,24.5,24.6,147,31827,782593.0
2021-06-23,2021-06-23,VIKASECO,T,2.08,2.18,2.08,2.11,2.18,942,1077322,2273527.0
2021-06-23,2021-06-23,IOC,A,114.75,114.75,112.65,112.85,113.8,2117,244582,27711124.0
2021-06-23,2021-06-23,ALFAICA,XT,29.05,30.95,29.05,30.0,30.0,4,41,1219.0
2021-06-23,2021-06-23,SKCIL,X,39.0,39.2,38.1,38.8,39.1,28,1901,73899.0
2021-06-23,2021-06-23,INDIAHOME,X,46.3,48.85,46.3,47.85,47.75,59,8333,397537.0
2021-06-23,2021-06-23,JPTSEC,XT,9.65,9.7,8.78,8.78,9.24,19,1902,18060.0
2021-06-23,2021-06-23,ROOPAIND,X,15.25,15.9,15.25,15.9,15.25,2,101,1540.0
2021-06-23,2021-06-23,SARTHAKGL,XT,4.98,4.98,4.98,4.98,4.75,1,10,49.0
2021-06-23,2021-06-23,UNIQUEO,X,17.77,18.2,17.0,17.0,17.78,23,8593,151060.0
2021-06-23,2021-06-23,BALAMINES,A,2615.0,2629.95,2543.2,2574.75,2582.75,818,4740,12297328.0
2021-06-23,2021-06-23,ARISE,XT,7.47,7.47,7.47,7.47,7.12,2,14,104.0
2021-06-23,2021-06-23,VISAGAR,XT,1.41,1.41,1.41,1.41,1.43,125,40563,57193.0
2021-06-23,2021-06-23,LIBORD,X,9.3,9.3,9.1,9.1,9.3,2,2,18.0
2021-06-23,2021-06-23,COMPEAU,X,189.8,189.8,175.05,176.6,187.0,65,3204,579499.0
2021-06-23,2021-06-23,ZDHJERK,XT,6.35,6.35,6.35,6.35,6.35,1,9,57.0
2021-06-23,2021-06-23,VINTAGES,XT,4.52,4.98,4.52,4.98,4.75,5,6975,31527.0
2021-06-23,2021-06-23,CONTILI,X,12.88,12.88,12.88,12.88,12.27,12,1753,22578.0
2021-06-23,2021-06-23,VIJSOLX,XT,1828.0,1828.0,1780.0,1815.6,1746.0,102,556,1006219.0
2021-06-23,2021-06-23,SHRIKRISH,X,16.26,16.27,14.92,15.77,15.99,18,4053,62964.0
2021-06-23,2021-06-23,ALANKIT,B,23.8,24.0,22.7,23.15,22.8,458,66277,1532079.0
2021-06-23,2021-06-23,NIHARINF,XT,8.69,8.69,7.89,7.95,8.3,76,32681,261096.0
2021-06-23,2021-06-23,UNITDCR,X,15.8,15.8,15.8,15.8,15.05,22,1561,24663.0
2021-06-23,2021-06-23,OMINFRAL,B,30.95,30.95,28.25,28.65,27.65,768,212804,6416018.0
2021-06-23,2021-06-23,ISHANCH,X,60.0,60.95,58.25,59.85,58.25,236,40924,2434499.0
2021-06-23,2021-06-23,GOTHIPL,P,24.0,24.0,24.0,24.0,24.0,7,2000,48000.0
2021-06-23,2021-06-23,BALUFORGE,XT,230.65,242.0,230.65,230.75,230.6,10,224,52805.0
2021-06-23,2021-06-23,PATELENG,A,18.7,20.45,18.7,19.35,19.95,2541,980910,19513041.0
2021-06-23,2021-06-23,INANI,X,18.2,18.75,17.7,17.95,18.2,19,1608,30001.0
2021-06-23,2021-06-23,GEMSI,X,2.17,2.17,2.07,2.07,2.17,347,174971,364118.0
2021-06-23,2021-06-23,MEDICAMEQ,X,530.1,565.0,525.2,555.45,530.9,288,13042,7219654.0
2021-06-23,2021-06-23,ALICON,B,568.7,588.0,563.0,570.6,572.05,250,3045,1748586.0
2021-06-23,2021-06-23,DILIGENT,XT,11.2,11.2,10.21,10.31,10.7,10,746,8220.0
2021-06-23,2021-06-23,EPSOMPRO,X,4.51,4.89,4.43,4.89,4.66,16,2869,13324.0
2021-06-23,2021-06-23,ORGCOAT,X,8.37,8.37,7.6,7.6,7.98,4,150,1178.0
2021-06-23,2021-06-23,CATVISION,XT,7.86,7.88,7.5,7.5,7.51,18,1135,8869.0
2021-06-23,2021-06-23,ABMKNO,X,122.1,123.5,121.0,122.1,121.95,127,14639,1788887.0
2021-06-23,2021-06-23,EMAMILTD,A,544.8,551.05,530.35,549.7,527.95,1557,35863,19535896.0
2021-06-23,2021-06-23,KEMISTAR,X,41.5,48.8,41.5,44.45,44.4,60,14889,667442.0
2021-06-23,2021-06-23,SKPSEC,XT,70.3,70.3,70.3,70.3,70.35,2,20,1406.0
2021-06-23,2021-06-23,PRANAVSPIN,X,15.55,15.95,15.0,15.95,15.48,3,351,5403.0
2021-06-23,2021-06-23,SYSCHEM,X,7.85,8.38,7.8,8.0,7.85,107,105729,849480.0
2021-06-23,2021-06-23,MEFCOMCAP,X,7.0,7.45,7.0,7.45,7.1,2,148,1080.0
2021-06-23,2021-06-23,ARMANFIN,A,704.2,705.0,665.05,671.5,690.9,804,4602,3138776.0
2021-06-23,2021-06-23,MIDINFRA,XT,1.35,1.41,1.29,1.41,1.35,105,49549,68705.0
2021-06-23,2021-06-23,GAGANPOLYCO,X,2.46,2.46,2.46,2.46,2.35,20,9281,22831.0
2021-06-23,2021-06-23,DHANADACO,XT,6.36,6.36,5.77,6.16,6.07,23,4506,27785.0
2021-06-23,2021-06-23,SHILCTECH,X,195.2,200.0,195.0,195.15,199.7,27,1007,199893.0
2021-06-23,2021-06-23,NUCLEUS,A,607.0,607.0,581.0,586.85,587.75,590,8037,4752528.0
2021-06-23,2021-06-23,COLINZ,XT,18.77,18.77,18.77,18.77,17.88,33,3320,62316.0
2021-06-23,2021-06-23,WELLNESS,P,15.92,15.92,15.92,15.92,15.65,4,500,7960.0
2021-06-23,2021-06-23,NLFL,X,33.2,33.2,31.6,31.85,33.25,8,3589,114411.0
2021-06-23,2021-06-23,MANAPPURAM,A,163.0,164.95,161.1,161.8,162.05,1311,159116,25885021.0
2021-06-23,2021-06-23,RTSPOWR,X,54.3,54.4,51.25,51.75,53.85,63,9749,510185.0
2021-06-23,2021-06-23,COMFINTE,X,17.1,17.5,16.15,16.59,16.95,252,103350,1704383.0
2021-06-23,2021-06-23,ANJANI,X,25.2,25.5,25.0,25.1,25.2,8,685,17316.0
2021-06-23,2021-06-23,XTGLOBAL,X,36.0,36.75,35.0,35.5,35.8,142,14916,529286.0
2021-06-23,2021-06-23,DECOMIC,P,35.0,35.0,33.25,33.25,34.95,12,1500,50375.0
2021-06-23,2021-06-23,RANDER,X,6.62,6.62,6.62,6.62,6.75,20,5058,33483.0
2021-06-23,2021-06-23,RASIELEC,X,5.89,6.2,5.77,6.1,6.14,132,50976,305802.0
2021-06-23,2021-06-23,SCOOBEEDAY,X,99.2,102.0,97.0,99.8,99.35,79,6667,660158.0
2021-06-23,2021-06-23,DHRUVCA,X,4.36,4.36,4.36,4.36,4.28,1,200,872.0
2021-06-23,2021-06-23,LINC,T,206.5,208.0,196.5,198.65,206.0,79,2188,437913.0
2021-06-23,2021-06-23,PRIMAIN,XT,22.05,22.05,21.05,22.0,21.0,46,4384,96026.0
2021-06-23,2021-06-23,ANERI,X,6.99,6.99,6.99,6.99,7.22,1,1,6.0
2021-06-23,2021-06-23,INDGELA,X,109.3,110.0,108.1,108.8,109.3,54,2796,304159.0
2021-06-23,2021-06-23,OPTIFIN,X,27.0,28.1,26.5,26.5,26.85,6,50052,1403928.0
2021-06-23,2021-06-23,PARAGONF,X,19.25,19.25,18.4,18.9,18.55,10,219,4164.0
2021-06-23,2021-06-23,VELLORA,XT,6.43,6.43,6.42,6.42,6.75,6,900,5778.0
2021-06-23,2021-06-23,ESHAMEDIA,XT,4.38,4.38,3.98,4.03,4.18,6,2950,11966.0
2021-06-23,2021-06-23,REFEXRENEW,X,56.55,56.55,56.55,56.55,55.45,19,4260,240903.0
2021-06-23,2021-06-23,PROGREXV,XT,5.55,5.95,5.55,5.95,5.8,3,101,560.0
2021-06-23,2021-06-23,VSTTILLERS,A,2099.95,2099.95,2017.05,2022.8,2069.05,884,4146,8487238.0
2021-06-23,2021-06-23,B2BSOFT,XT,50.05,50.05,50.05,50.05,51.05,59,4485,224474.0
2021-06-23,2021-06-23,RADHEDE,X,10.25,10.29,9.61,10.12,10.24,29,3323,33171.0
2021-06-23,2021-06-23,ELIXIR,X,50.85,51.9,47.25,49.85,49.85,104,7425,363516.0
2021-06-23,2021-06-23,TRISHAKT,XT,13.3,13.86,13.3,13.86,13.2,7,15355,205274.0
2021-06-23,2021-06-23,PANKAJPO,X,4.22,4.23,4.22,4.23,4.4,3,519,2192.0
2021-06-23,2021-06-23,MARBLE,XT,5.15,5.15,4.7,5.12,4.94,57,21804,108524.0
2021-06-23,2021-06-23,CINDRELL,XT,4.24,4.24,4.24,4.24,4.04,2,860,3646.0
2021-06-23,2021-06-23,NATPLASTI,X,46.75,54.5,46.75,53.7,47.7,256,51565,2684669.0
2021-06-23,2021-06-23,NATFIT,XT,60.0,63.9,60.0,63.4,63.15,57,3068,191684.0
2021-06-23,2021-06-23,ARTEFACT,X,41.45,41.45,39.3,39.7,39.2,23,6874,271108.0
2021-06-23,2021-06-23,AMITINT,X,3.18,3.18,3.09,3.09,3.09,7,1100,3489.0
2021-06-23,2021-06-23,DHPIND,X,584.9,584.9,545.0,549.85,565.5,374,5850,3256036.0
2021-06-23,2021-06-23,RRIL,XT,13.52,13.52,12.24,13.39,12.88,210,52058,674585.0
2021-06-23,2021-06-23,AVAILFC,X,30.05,30.05,30.05,30.05,28.65,6,5515,165725.0
2021-06-23,2021-06-23,INTCAPL,X,11.65,11.65,11.07,11.07,11.65,10,1790,20482.0
2021-06-23,2021-06-23,HAVISHA,T,1.89,1.9,1.75,1.9,1.81,102,74779,138250.0
2021-06-23,2021-06-23,JAYIND,X,8.2,8.23,8.2,8.2,7.86,17,6592,54069.0
2021-06-23,2021-06-23,CHARMS,XT,3.42,3.55,3.42,3.42,3.55,5,1305,4463.0
2021-06-23,2021-06-23,KRETTOSYS,XT,7.25,7.25,7.02,7.02,7.38,16,5210,36994.0
2021-06-23,2021-06-23,VIKALPS,XT,4.04,4.04,4.04,4.04,3.85,1,10,40.0
2021-06-23,2021-06-23,ZYDUSWELL,A,2085.05,2085.05,2038.1,2041.8,2058.0,285,1126,2306260.0
2021-06-23,2021-06-23,AUROMACOKE,XT,9.75,9.75,9.75,9.75,9.29,10,153,1491.0
2021-06-23,2021-06-23,WINPRO,B,11.23,11.23,11.23,11.23,11.82,348,239803,2692987.0
2021-06-23,2021-06-23,BERVINL,XT,11.4,11.4,11.4,11.4,10.88,4,159,1812.0
2021-06-23,2021-06-23,GUJINV,X,6.36,6.36,6.36,6.36,6.24,15,1516,9641.0
2021-06-23,2021-06-23,CONCOR,A,710.0,716.7,696.2,698.5,703.25,3117,106076,74950024.0
2021-06-23,2021-06-23,EASTRED,X,60.9,60.9,49.9,56.9,55.4,23,1539,82817.0
2021-06-23,2021-06-23,PANACEABIO,A,380.0,385.4,373.6,375.45,383.5,1438,26436,10002934.0
2021-06-23,2021-06-23,PEETISEC,XT,9.05,9.49,9.05,9.49,9.04,5,166,1574.0
2021-06-23,2021-06-23,CHOICEIN,X,126.0,128.4,121.7,124.2,126.45,75,8847,1115014.0
2021-06-23,2021-06-23,SRAMSET,X,90.0,90.0,85.5,85.5,90.0,25,1625,140194.0
2021-06-23,2021-06-23,EKANSH,X,29.75,31.45,27.85,28.85,29.55,33,3890,114436.0
2021-06-23,2021-06-23,SPAR,XT,8.21,8.21,8.21,8.21,8.05,4,9048,74284.0
2021-06-23,2021-06-23,BYKE,T,30.45,30.45,28.6,29.15,29.7,151,36321,1067413.0
2021-06-23,2021-06-23,CSURGSU,X,46.85,51.0,46.85,50.8,49.25,5,23,1165.0
2021-06-23,2021-06-23,HASTIFIN,X,4.28,4.28,4.28,4.28,4.2,3,570,2439.0
2021-06-23,2021-06-23,UPSURGE,X,37.9,37.9,36.05,36.95,37.05,81,13083,480923.0
2021-06-23,2021-06-23,PADAMCO,XT,8.4,8.4,8.4,8.4,8.4,2,276,2318.0
2021-06-23,2021-06-23,WOMENNET,XT,2.24,2.34,2.14,2.34,2.24,16,4650,10093.0
2021-06-23,2021-06-23,POLYCON,X,6.11,6.11,6.11,6.11,5.82,1,1,6.0
2021-06-23,2021-06-23,SOURCENTRL,X,175.1,175.1,165.0,167.35,171.65,29,901,150580.0
2021-06-23,2021-06-23,ALMONDZ,B,47.0,48.05,45.7,46.1,45.8,88,5394,250906.0
2021-06-23,2021-06-23,LWSKNIT,XT,10.25,11.26,10.21,11.2,10.74,10,2094,22788.0
2021-06-23,2021-06-23,ANSINDUS,XT,10.7,10.7,10.45,10.7,10.7,8,1024,10819.0
2021-06-23,2021-06-23,TUNITEX,XT,1.04,1.04,1.04,1.04,1.02,58,81466,84724.0
2021-06-23,2021-06-23,RADIXIND,XT,35.4,35.4,33.8,35.4,33.75,4,13801,466954.0
2021-06-23,2021-06-23,KIRANPR,X,3.25,3.25,3.25,3.25,3.1,3,851,2765.0
2021-06-23,2021-06-23,MEGACOR,X,1.27,1.27,1.27,1.27,1.21,30,20322,25808.0
2021-06-23,2021-06-23,TNPL,A,179.0,182.8,174.65,175.8,174.65,1586,56125,10017035.0
2021-06-23,2021-06-23,ADVENTCOMP,XT,4.22,4.22,4.14,4.2,4.14,62,22757,95914.0
2021-06-23,2021-06-23,SHAKTIPUMP,B,795.95,801.45,781.6,784.45,789.2,496,5897,4658486.0
2021-06-23,2021-06-23,SUNGOLD,XT,2.0,2.0,1.99,1.99,2.03,47,10361,20626.0
2021-06-23,2021-06-23,SAFFRON,XT,2.83,2.83,2.8,2.8,2.83,4,1000,2804.0
2021-06-23,2021-06-23,PWASML,X,28.15,31.9,28.15,31.05,30.9,32,1740,52995.0
2021-06-23,2021-06-23,GOLDTECH,B,14.37,14.37,13.35,13.42,13.82,78,25577,350885.0
2021-06-23,2021-06-23,VARDHMAN,XT,4.41,4.63,4.41,4.63,4.41,3,1900,8599.0
2021-06-23,2021-06-23,GRMOVER,XT,2399.0,2450.0,2300.0,2432.4,2335.05,356,2354,5700263.0
2021-06-23,2021-06-23,MOHITIND,T,13.72,13.72,13.72,13.72,13.07,9,3672,50379.0
2021-06-23,2021-06-23,POLYLINK,X,17.4,18.0,16.15,17.05,17.25,123,10944,185679.0
2021-06-23,2021-06-23,MINAXI,XT,1.22,1.23,1.22,1.23,1.18,149,158447,194604.0
2021-06-23,2021-06-23,CONTICON,XT,4.0,4.02,3.83,3.83,3.83,5,501,2011.0
2021-06-23,2021-06-23,DUKEOFS,X,16.61,16.61,16.61,16.61,15.82,22,4276,71024.0
2021-06-23,2021-06-23,CGVAK,X,148.0,173.0,148.0,162.85,149.75,550,30894,5040288.0
2021-06-23,2021-06-23,NAVKARURB,XT,15.85,15.85,14.35,14.35,15.1,68,12888,190015.0
2021-06-23,2021-06-23,OMKAR,X,2.04,2.04,2.04,2.04,1.95,4,3633,7411.0
2021-06-23,2021-06-23,MADHUCON,B,6.81,6.81,6.81,6.81,6.49,46,14748,100433.0
2021-06-23,2021-06-23,SYBLY,X,4.71,5.58,4.71,5.48,5.2,59,19032,98922.0
2021-06-23,2021-06-23,RAJESHEXPO,A,589.9,593.7,583.0,585.1,583.95,3380,101546,59699934.0
2021-06-23,2021-06-23,ESARIND,X,2.45,2.45,2.45,2.45,2.41,10,7146,17507.0
2021-06-23,2021-06-23,MARIS,XT,44.35,44.35,44.35,44.35,45.25,2,188,8337.0
2021-06-23,2021-06-23,EVEREADY,A,323.05,323.05,310.25,311.75,321.65,1357,36465,11482218.0
2021-06-23,2021-06-23,ORIENTTR,XT,6.6,6.6,6.15,6.15,6.47,93,10551,65735.0
2021-06-23,2021-06-23,MAHANIN,XT,0.34,0.34,0.34,0.34,0.33,3,154,52.0
2021-06-23,2021-06-23,VIKASPROP,B,2.95,3.08,2.88,2.95,2.95,2349,1155718,3393425.0
2021-06-23,2021-06-23,ACESOFT,X,17.7,18.9,17.7,18.1,18.1,43,3307,60456.0
2021-06-23,2021-06-23,HATSUN,A,950.0,950.0,911.05,915.1,917.65,314,1196,1098453.0
2021-06-23,2021-06-23,ACCEDERE,XT,14.93,15.67,14.19,14.19,14.93,30,2539,38565.0
2021-06-23,2021-06-23,RISHDIGA,X,24.0,24.0,23.2,23.95,24.95,9,633,14804.0
2021-06-23,2021-06-23,MAINFRA,X,28.85,28.85,27.4,27.4,28.0,27,677,18766.0
2021-06-23,2021-06-23,KOBO,Z,5.5,5.55,5.5,5.55,5.55,12,1730,9556.0
2021-06-23,2021-06-23,JINDWORLD,B,70.05,70.5,64.7,65.55,69.15,613,52622,3546391.0
2021-06-23,2021-06-23,SOMANYCERA,A,617.95,619.85,597.05,603.3,617.05,2019,23406,14220377.0
2021-06-23,2021-06-23,RAGHUTOB,X,7.1,7.1,6.6,6.67,6.94,47,4027,28057.0
2021-06-23,2021-06-23,DRL,X,9.99,9.99,9.3,9.7,9.7,5,25,239.0
2021-06-23,2021-06-23,CORALFINAC,B,40.95,45.0,40.45,42.55,40.35,780,68906,2971071.0
2021-06-23,2021-06-23,ASHUTPM,XT,0.92,0.92,0.92,0.92,0.88,1,50,46.0
2021-06-23,2021-06-23,SANJIVIN,X,12.95,12.95,12.95,12.95,12.34,9,2665,34511.0
2021-06-23,2021-06-23,VASINFRA,X,4.18,4.18,3.85,4.11,4.05,10,1586,6475.0
2021-06-23,2021-06-23,KMFBLDR,X,4.0,4.0,3.8,4.0,4.0,5,885,3366.0
2021-06-23,2021-06-23,BERYLSE,XT,6.16,6.16,5.92,5.92,6.16,2,210,1244.0
2021-06-23,2021-06-23,RAP,XT,16.75,16.75,15.19,16.5,15.98,30,21538,330717.0
2021-06-23,2021-06-23,DEVINE,XT,3.04,3.1,2.9,3.1,3.04,20,3238,9979.0
2021-06-23,2021-06-23,GENPHARMA,X,9.17,9.17,8.82,8.95,8.97,579,173400,1556041.0
2021-06-23,2021-06-23,INCON,XT,3.25,3.25,3.11,3.11,3.25,14,5128,16638.0
2021-06-23,2021-06-23,CGCL,A,534.45,578.7,526.8,533.05,532.7,4829,85485,46645574.0
2021-06-23,2021-06-23,FDC,A,366.9,366.9,353.7,355.1,359.1,701,12857,4607906.0
2021-06-23,2021-06-23,GORANIN,XT,17.0,17.0,16.95,16.95,17.0,7,977,16604.0
2021-06-23,2021-06-23,KGPETRO,XT,345.0,346.0,315.55,330.0,331.9,27,1095,367912.0
2021-06-23,2021-06-23,MAL,XT,1.26,1.26,1.26,1.26,1.26,2,770,970.0
2021-06-23,2021-06-23,CENTERAC,X,1.63,1.63,1.63,1.63,1.56,3,304,495.0
2021-06-23,2021-06-23,COUNCODOS,T,2.81,3.09,2.81,3.09,2.95,94,87964,255864.0
2021-06-23,2021-06-23,OROSMITHS,X,3.3,3.3,3.3,3.3,3.15,6,5440,17952.0
2021-06-23,2021-06-23,LINCOLN,A,319.15,320.05,309.1,312.5,318.05,459,5569,1746062.0
2021-06-23,2021-06-23,SILVOAK,XT,31.85,31.85,30.85,30.95,31.25,16,362,11487.0
2021-06-23,2021-06-23,PRAVEG,X,77.9,79.5,75.95,76.35,75.95,154,9686,747392.0
2021-06-23,2021-06-23,SURAJLTD,XT,68.85,69.25,65.45,67.05,68.85,10,1086,71485.0
2021-06-23,2021-06-23,MARICO,A,517.0,519.3,513.9,515.8,515.85,988,1341886,692220418.0
2021-06-23,2021-06-23,MAHAVIRIND,X,1.5,1.5,1.5,1.5,1.43,32,8842,13263.0
2021-06-23,2021-06-23,UVS,XT,35.5,35.5,33.75,33.8,35.5,5,215,7287.0
2021-06-23,2021-06-23,ABATEAS,XT,7.78,7.78,7.78,7.78,7.93,5,2187,17014.0
2021-06-23,2021-06-23,HITTCO,XT,3.31,3.31,3.31,3.31,3.16,1,1,3.0
2021-06-23,2021-06-23,RRMETAL,X,24.3,24.3,24.3,24.3,25.55,3,305,7411.0
2021-06-23,2021-06-23,VISIONCO,X,2.3,2.35,2.18,2.33,2.29,77,29716,67245.0
2021-06-23,2021-06-23,PRITHVIEXCH,X,22.5,22.5,22.0,22.35,22.0,8,262,5840.0
2021-06-23,2021-06-23,RAINBOWF,X,17.2,17.5,17.2,17.35,17.2,6,436,7614.0
2021-06-23,2021-06-23,VIDHIING,B,214.35,216.8,209.5,210.65,213.1,762,25458,5412522.0
2021-06-23,2021-06-23,BHAGCHEM,X,695.0,695.0,631.0,653.55,685.7,498,89119,59072824.0
2021-06-23,2021-06-23,PANCHSHEEL,X,97.5,102.7,97.35,97.65,99.95,15,1417,139819.0
2021-06-23,2021-06-23,MENNPIS,X,27.4,27.9,26.7,27.4,27.05,359,93850,2566666.0
2021-06-23,2021-06-23,GENNEX,X,9.25,10.15,8.7,9.71,8.48,11066,9222654,86839384.0
2021-06-23,2021-06-23,GINISILK,X,60.95,60.95,58.05,59.3,59.05,8,50,2995.0
2021-06-23,2021-06-23,PRAENG,B,12.37,12.38,11.96,11.98,12.03,123,56713,688614.0
2021-06-23,2021-06-23,BIOGEN,XT,0.38,0.38,0.38,0.38,0.37,123,824839,313438.0
2021-06-23,2021-06-23,APOLLOPIPE,A,966.0,969.95,938.0,961.85,956.85,1291,8450,8052367.0
2021-06-23,2021-06-23,UNJHAFOR,X,12.95,13.46,12.56,13.04,12.24,335,78950,1048764.0
2021-06-23,2021-06-23,POLYMED,A,979.8,979.8,951.1,958.25,962.2,2368,37968,36636676.0
2021-06-23,2021-06-23,KACHCHH,X,5.83,5.83,5.83,5.83,5.56,12,1486,8663.0
2021-06-23,2021-06-23,KCLINFRA,XT,2.56,2.56,2.56,2.56,2.51,9,719,1840.0
2021-06-23,2021-06-23,ATULAUTO,B,192.0,193.25,188.35,188.9,191.1,541,12221,2321466.0
2021-06-23,2021-06-23,PRERINFRA,X,17.05,18.0,16.8,17.15,17.25,46,2627,45112.0
2021-06-23,2021-06-23,METALCO,X,37.95,39.9,35.15,35.2,36.6,12,1760,65114.0
2021-06-23,2021-06-23,SGNTE,XT,0.63,0.63,0.63,0.63,0.6,22,37720,23763.0
2021-06-23,2021-06-23,GANGAPA,XT,36.45,36.45,36.45,36.45,34.75,2,6,218.0
2021-06-23,2021-06-23,TIRSARJ,X,6.23,6.23,5.75,6.0,6.01,76,28371,168908.0
2021-06-23,2021-06-23,RODIUM,X,67.0,67.0,60.1,64.0,63.55,10,552,34481.0
2021-06-23,2021-06-23,NAGTECH,X,4.1,4.2,3.9,4.2,4.0,16,1972,8122.0
2021-06-23,2021-06-23,INDUSFINL,X,7.55,7.55,7.55,7.55,7.4,5,11,83.0
2021-06-23,2021-06-23,LAHOTIOV,X,24.75,24.9,22.4,22.65,24.35,557,115727,2704374.0
2021-06-23,2021-06-23,ASTAR,B,934.0,961.35,904.0,950.0,915.65,11,38,36025.0
2021-06-23,2021-06-23,ORIRAIL,X,51.8,53.9,51.5,52.0,52.0,180,22870,1201658.0
2021-06-23,2021-06-23,JOINDRE,X,28.55,29.0,26.25,27.95,26.9,146,43404,1225995.0
2021-06-23,2021-06-23,BHARATAGRI,X,167.95,167.95,160.35,162.95,162.0,78,3399,552738.0
2021-06-23,2021-06-23,UNITINT,X,4.59,4.59,4.55,4.55,4.38,9,8002,36559.0
2021-06-23,2021-06-23,SACHEMT,X,17.9,18.0,17.15,17.4,17.3,205,74834,1319939.0
2021-06-23,2021-06-23,ANJANIFIN,X,8.49,8.5,7.7,7.7,8.1,77,51845,402154.0
2021-06-23,2021-06-23,PIONEERDIS,B,137.0,137.0,132.1,133.35,136.0,87,2135,287008.0
2021-06-23,2021-06-23,GMETCOAL,Z,18.5,19.4,17.95,19.4,18.5,14,831,15898.0
2021-06-23,2021-06-23,REXNORD,X,54.7,54.7,51.75,51.95,52.25,90,4972,261616.0
2021-06-23,2021-06-23,KHANDSE,B,17.05,17.5,17.0,17.0,17.85,60,1531,26056.0
2021-06-23,2021-06-23,SAWACA,X,4.48,4.48,4.48,4.48,4.4,119,42619,190933.0
2021-06-23,2021-06-23,CCLINTER,X,18.3,19.55,17.9,19.55,18.65,27,1106,21431.0
2021-06-23,2021-06-23,CROISSANCE,XT,5.22,5.48,4.96,5.48,5.22,31,14356,78218.0
2021-06-23,2021-06-23,CASTORA,XT,5.5,5.5,5.5,5.5,5.5,2,484,2662.0
2021-06-23,2021-06-23,TWINSTAR,Z,1.69,1.69,1.69,1.69,1.61,10,10327,17452.0
2021-06-23,2021-06-23,AGARIND,B,318.0,318.0,310.45,314.4,306.3,323,6576,2073263.0
2021-06-23,2021-06-23,DHAMPURE,XT,34.75,36.0,34.75,35.05,35.15,32,5680,199128.0
2021-06-23,2021-06-23,SHAQUAK,XT,1.65,1.65,1.65,1.65,1.68,49,10406,17169.0
2021-06-23,2021-06-23,INNOCORP,X,1.52,1.52,1.52,1.52,1.45,1,1,1.0
2021-06-23,2021-06-23,SARTHAKIND,X,33.4,33.4,33.4,33.4,32.75,1,5,167.0
2021-06-23,2021-06-23,LEXORAA,XT,3.0,3.0,2.93,2.93,3.08,6,604,1784.0
2021-06-23,2021-06-23,VERTEX,XT,1.26,1.26,1.2,1.2,1.26,12,15262,18830.0
2021-06-23,2021-06-23,RIBATEX,X,56.4,56.4,53.05,54.45,54.6,429,92977,5061688.0
2021-06-23,2021-06-23,SHREMETAL,XT,28.3,28.3,28.3,28.3,28.3,3,36,1018.0
2021-06-23,2021-06-23,TRIDENTTOOL,Z,3.96,3.96,3.96,3.96,3.78,1,1,3.0
2021-06-23,2021-06-23,CHLOGIST,XT,5.49,5.49,5.2,5.29,5.27,122,58405,308944.0
2021-06-23,2021-06-23,AMBIKCO,B,1158.0,1171.5,1136.85,1145.85,1155.45,2347,17506,20197958.0
2021-06-23,2021-06-23,HINDALUMI,X,41.05,41.9,40.6,41.2,41.25,52,5341,219954.0
2021-06-23,2021-06-23,SPECFOOD,XT,14.66,15.85,14.36,15.7,15.11,27,2355,34751.0
2021-06-23,2021-06-23,DECPO,Z,3.72,3.72,3.72,3.72,3.55,1,30,111.0
2021-06-23,2021-06-23,AMRAAGRI,XT,0.4,0.4,0.39,0.4,0.39,531,1939124,771236.0
2021-06-23,2021-06-23,AUTOPINS,X,45.8,45.8,45.8,45.8,43.65,1,1,45.0
2021-06-23,2021-06-23,ODYCORP,X,1.88,1.88,1.83,1.87,1.82,22,24212,44693.0
2021-06-23,2021-06-23,INDCTST,X,23.95,24.4,23.9,24.4,23.3,5,421,10261.0
2021-06-23,2021-06-23,SAMINDUS,X,18.97,18.97,17.21,17.25,18.33,20,1333,23391.0
2021-06-23,2021-06-23,SHVFL,XT,4.48,4.79,4.48,4.48,4.71,8,434,1945.0
2021-06-23,2021-06-23,POOJAENT,XT,121.9,121.9,121.9,121.9,116.1,14,189,23039.0
2021-06-23,2021-06-23,GRAVITY,XT,2.71,2.77,2.57,2.77,2.7,55,21907,57791.0
2021-06-23,2021-06-23,LCCINFOTEC,T,2.3,2.31,2.11,2.3,2.21,240,298962,671138.0
2021-06-23,2021-06-23,FILATFASH,X,3.4,3.41,3.01,3.1,3.1,331,221660,731802.0
2021-06-23,2021-06-23,SINDHUTRAD,XT,100.6,100.6,100.6,100.6,102.65,28,1105,111163.0
2021-06-23,2021-06-23,JAINSTUDIOS,Z,2.55,2.71,2.55,2.71,2.59,8,7058,18711.0
2021-06-23,2021-06-23,UNISTRMU,XT,6.05,6.5,6.04,6.07,6.35,52,14531,88169.0
2021-06-23,2021-06-23,ZENOTECH,X,39.75,40.35,39.0,40.05,40.65,87,8983,356496.0
2021-06-23,2021-06-23,HINDBIO,XT,4.42,4.42,4.3,4.3,4.41,93,15385,67643.0
2021-06-23,2021-06-23,FRONTCORP,X,10.55,10.55,10.0,10.0,10.05,5,2995,30222.0
2021-06-23,2021-06-23,SWELECTES,B,225.5,229.7,216.85,224.1,226.85,521,6467,1452988.0
2021-06-23,2021-06-23,WALLFORT,X,64.45,64.45,53.7,53.75,59.65,265,29633,1662667.0
2021-06-23,2021-06-23,KDDL,T,367.9,367.9,336.5,346.15,354.0,23,252,87230.0
2021-06-23,2021-06-23,TRUSTEDGE,XT,11.27,11.27,11.27,11.27,10.74,15,1280,14425.0
2021-06-23,2021-06-23,3BBLACKBIO,X,455.9,461.7,410.0,429.2,452.1,1718,76310,33639197.0
2021-06-23,2021-06-23,GUJJUBHAI,X,13.2,13.2,12.5,12.55,13.09,35,37727,486615.0
2021-06-23,2021-06-23,ATVOENT,XT,0.73,0.73,0.73,0.73,0.7,10,11149,8138.0
2021-06-23,2021-06-23,EPUJA,XT,2.15,2.37,2.15,2.34,2.26,632,1270732,2824682.0
2021-06-23,2021-06-23,INDOCITY,X,3.68,3.85,3.68,3.85,3.68,11,3459,12946.0
2021-06-23,2021-06-23,SBECSUG,XT,21.7,21.7,21.7,21.7,21.3,28,4654,100991.0
2021-06-23,2021-06-23,BRIJLEAS,X,2.12,2.3,2.12,2.28,2.23,16,7328,16408.0
2021-06-23,2021-06-23,AREALTY,XT,3.99,3.99,3.99,3.99,4.07,12,1495,5965.0
2021-06-23,2021-06-23,BSELALGO,B,1.95,1.95,1.9,1.9,1.95,100,118248,229103.0
2021-06-23,2021-06-23,RELIABVEN,XT,8.83,9.27,8.83,9.27,8.83,10,215,1974.0
2021-06-23,2021-06-23,BANKBARODA,A,82.6,83.65,81.25,82.25,81.85,5563,2170701,179404402.0
2021-06-23,2021-06-23,MOHITE,X,14.38,14.46,13.1,13.93,13.78,95,28190,386393.0
2021-06-23,2021-06-23,ACL,T,20.04,20.04,18.14,18.42,19.09,3429,1572307,30504723.0
2021-06-23,2021-06-23,SKMEGGPROD,B,91.55,98.45,89.35,92.5,90.45,4284,317486,30023057.0
2021-06-23,2021-06-23,WELCORP,A,153.0,153.4,147.3,147.9,149.85,1575,115223,17233519.0
2021-06-23,2021-06-23,HOTLSILV,XT,6.1,6.4,6.1,6.4,6.18,47,21699,134271.0
2021-06-23,2021-06-23,BANKINDIA,A,79.75,79.75,78.1,78.3,78.7,1774,538607,42367655.0
2021-06-23,2021-06-23,INDRAMEDCO,B,87.5,88.55,84.8,86.05,86.3,618,36543,3176268.0
2021-06-23,2021-06-23,JOHNPHARMA,X,2.65,2.7,2.47,2.48,2.59,101,41480,103662.0
2021-06-23,2021-06-23,GAIL,A,156.85,157.05,152.9,153.55,155.35,8538,730344,113212406.0
2021-06-23,2021-06-23,VAIBHAVGBL,A,840.0,843.55,825.65,829.0,835.8,417,3116,2584790.0
2021-06-23,2021-06-23,TRESCON,X,52.65,53.25,50.5,52.95,52.65,20,1681,89019.0
2021-06-23,2021-06-23,GUJSTATFIN,T,5.14,5.14,5.14,5.14,4.9,44,24107,123909.0
2021-06-23,2021-06-23,JKPAPER,A,205.0,218.35,199.65,203.8,200.25,18866,1366591,287851487.0
2021-06-23,2021-06-23,SAREGAMA,T,2749.0,2749.0,2650.1,2713.8,2689.2,144,1343,3652559.0
2021-06-23,2021-06-23,MINOLTAF,Z,1.4,1.4,1.33,1.33,1.4,21,7941,11012.0
2021-06-23,2021-06-23,ADROITINFO,B,11.86,11.86,11.03,11.48,11.3,7,2103,24369.0
2021-06-23,2021-06-23,CYBERTECH,B,142.9,143.2,138.2,139.1,141.9,681,12746,1798134.0
2021-06-23,2021-06-23,ICICIBANK,A,633.3,634.95,623.4,624.55,630.6,3808,245993,154761792.0
2021-06-23,2021-06-23,CYIENT,A,879.9,883.55,846.45,850.85,869.75,1285,10922,9375195.0
2021-06-23,2021-06-23,ENGINERSIN,A,83.0,83.25,81.4,81.55,81.9,1092,129769,10669816.0
2021-06-23,2021-06-23,DHANBANK,B,18.9,18.9,16.2,16.3,18.25,4133,1507503,25724673.0
2021-06-23,2021-06-23,GMDCLTD,A,75.0,77.8,74.6,74.95,74.45,1952,316332,24116022.0
2021-06-23,2021-06-23,INDUSINDBK,A,1010.0,1017.35,996.6,999.25,1000.35,6776,179218,180479308.0
2021-06-23,2021-06-23,ITDC,A,394.5,410.4,389.1,392.15,394.1,980,19153,7599653.0
2021-06-23,2021-06-23,J&KBANK,A,41.5,42.25,38.7,40.65,40.6,7781,2505739,101189969.0
2021-06-23,2021-06-23,CUB,A,164.85,169.0,163.9,167.95,163.35,1085,97475,16224638.0
2021-06-23,2021-06-23,ARCHIES,B,16.85,17.25,16.25,16.5,17.0,138,20530,342901.0
2021-06-23,2021-06-23,AXISBANK,A,742.4,743.95,730.9,732.4,739.6,6371,120437,88858993.0
2021-06-23,2021-06-23,HBSL,B,23.8,24.1,22.55,22.95,23.25,65,9614,220810.0
2021-06-23,2021-06-23,CMXLTD,X,12.36,12.36,12.36,12.36,12.12,59,15918,196746.0
2021-06-23,2021-06-23,SOUTHBANK,A,13.6,13.69,12.86,13.03,13.24,41713,9129678,120353218.0
2021-06-23,2021-06-23,ENERGYDEV,B,12.75,12.9,12.22,12.41,12.49,108,10746,133064.0
2021-06-23,2021-06-23,SONATSOFTW,A,730.3,737.25,708.6,714.1,732.7,941,12181,8782382.0
2021-06-23,2021-06-23,BENGALT,X,51.0,51.0,42.55,50.3,52.0,119,35426,1692279.0
2021-06-23,2021-06-23,NATIONALUM,A,69.4,70.9,68.75,69.05,69.2,3550,6487774,455982331.0
2021-06-23,2021-06-23,INDNIPPON,B,366.0,370.0,361.7,364.8,365.7,482,8876,3260791.0
2021-06-23,2021-06-23,NSIL,B,1634.25,1670.0,1634.0,1666.3,1633.0,7,33,54289.0
2021-06-23,2021-06-23,APARINDS,A,524.95,524.95,516.0,517.05,518.15,202,1424,739273.0
2021-06-23,2021-06-23,TCIIND,X,1029.0,1030.15,1028.85,1028.85,1083.0,13,171,175950.0
2021-06-23,2021-06-23,ACCELYA,A,1234.0,1238.0,1188.55,1192.15,1225.05,971,7875,9547464.0
2021-06-23,2021-06-23,ORCHASP,XT,4.81,4.81,4.66,4.75,4.59,620,855688,4109597.0
2021-06-23,2021-06-23,HCLTECH,A,984.8,984.8,971.1,972.7,981.45,5544,1470652,1440992841.0
2021-06-23,2021-06-23,TCFCFINQ,X,31.4,34.45,31.4,33.8,33.0,65,5670,190939.0
2021-06-23,2021-06-23,GEOJITFSL,B,75.0,76.5,74.35,75.1,74.7,1641,117708,8905350.0
2021-06-23,2021-06-23,JINDALSTEL,A,392.0,394.55,383.0,385.45,388.8,7147,475128,185218970.0
2021-06-23,2021-06-23,BLBLIMITED,B,10.2,10.2,9.5,9.87,9.72,387,138261,1364232.0
2021-06-23,2021-06-23,GLENMARK,A,645.95,646.85,636.3,638.7,640.7,2505,59093,37856446.0
2021-06-23,2021-06-23,WOCKPHARMA,A,605.0,608.5,558.75,561.5,596.95,8713,1180868,685828972.0
2021-06-23,2021-06-23,TATACOFFEE,A,177.0,177.1,173.2,174.35,175.95,1901,174755,30684154.0
2021-06-23,2021-06-23,KJMCCORP,X,15.9,15.9,15.9,15.9,16.19,1,1,15.0
2021-06-23,2021-06-23,INDSWFTLAB,B,114.55,114.95,112.3,112.4,114.2,466,20820,2363752.0
2021-06-23,2021-06-23,MELSTAR,Z,2.99,3.03,2.8,2.81,2.89,41,31378,90656.0
2021-06-23,2021-06-23,GVPIL,A,357.0,358.75,335.0,337.15,351.25,2584,68894,23645033.0
2021-06-23,2021-06-23,SHREERAMA,B,16.2,16.3,15.2,15.4,15.95,175,4048,62726.0
2021-06-23,2021-06-23,MAHLIFE,A,599.95,609.0,590.0,594.55,599.35,405,3447,2064234.0
2021-06-23,2021-06-23,VAARAD,XT,6.43,6.43,6.43,6.43,6.31,3,359,2308.0
2021-06-23,2021-06-23,ZYDUSLIFE,A,633.95,633.95,622.0,624.35,629.9,4093,181770,113854552.0
2021-06-23,2021-06-23,SHIVACEM,X,30.35,30.9,29.6,30.05,30.5,519,204954,6199048.0
2021-06-23,2021-06-23,CINEVISTA,T,13.0,13.1,12.35,13.1,12.91,20,9868,126992.0
2021-06-23,2021-06-23,INTENTECH,B,75.35,75.35,72.8,73.25,73.95,328,20900,1537028.0
2021-06-23,2021-06-23,DANLAW,X,323.8,337.0,323.8,329.5,330.4,218,21810,7289645.0
2021-06-23,2021-06-23,AJANTPHARM,A,1963.75,1970.0,1935.1,1940.7,1958.6,705,3284,6404170.0
2021-06-23,2021-06-23,HBPOR,X,29.6,29.6,28.1,28.25,28.35,101,12933,372816.0
2021-06-23,2021-06-23,HBESD,XT,12.6,13.77,12.6,13.59,13.12,32,12473,171582.0
2021-06-23,2021-06-23,AMBICAAGAR,B,20.6,21.5,19.7,20.4,20.65,134,33978,701349.0
2021-06-23,2021-06-23,BARONINF,XT,0.42,0.42,0.42,0.42,0.4,3,2700,1134.0
2021-06-23,2021-06-23,COMPUSOFT,T,15.2,15.2,14.3,14.49,14.94,229,34201,494961.0
2021-06-23,2021-06-23,OMNIAX,X,1.58,1.65,1.58,1.65,1.58,4,44425,73294.0
2021-06-23,2021-06-23,IZMO,B,85.05,87.05,84.3,85.35,86.2,296,12701,1089421.0
2021-06-23,2021-06-23,TVSMOTOR,A,624.0,627.65,617.8,619.6,617.15,2101,164018,102403702.0
2021-06-23,2021-06-23,MADALA,X,97.0,98.4,93.2,94.05,98.4,25,875,82207.0
2021-06-23,2021-06-23,ACLGATI,A,152.9,152.9,146.0,147.3,149.7,4860,1303966,193096494.0
2021-06-23,2021-06-23,SUBEXLTD,B,60.7,62.55,60.0,60.35,58.7,22458,5893448,361943055.0
2021-06-23,2021-06-23,TCI,A,436.45,436.45,420.35,423.4,428.5,247,5077,2161052.0
2021-06-23,2021-06-23,PADMALAYAT,XT,2.66,2.66,2.43,2.66,2.55,45,32806,81504.0
2021-06-23,2021-06-23,AKSHOPTFBR,T,8.09,8.09,7.8,8.09,7.71,468,428819,3466956.0
2021-06-23,2021-06-23,TRIVENI,A,180.0,184.0,177.5,178.7,178.05,1154,43565,7825378.0
2021-06-23,2021-06-23,MUKTAARTS,B,38.05,38.6,37.65,38.05,38.35,33,3327,126769.0
2021-06-23,2021-06-23,HITKITGLO,XT,0.64,0.67,0.64,0.67,0.67,15,41000,26486.0
2021-06-23,2021-06-23,NAGPI,X,37.0,37.0,34.8,35.15,36.5,16,1293,45906.0
2021-06-23,2021-06-23,DSSL,B,155.0,162.1,153.4,155.3,151.0,550,16940,2666662.0
2021-06-23,2021-06-23,PNBGILTS,B,80.55,82.95,79.95,79.95,88.8,2891,400985,32320099.0
2021-06-23,2021-06-23,BCG,B,17.83,17.83,17.83,17.83,16.99,769,1331918,23748097.0
2021-06-23,2021-06-23,RAMCOIND,A,276.0,280.0,266.7,271.05,273.45,1743,39894,10952429.0
2021-06-23,2021-06-23,RAMCOSYS,A,536.7,646.9,536.7,635.15,547.95,7606,142580,87488390.0
2021-06-23,2021-06-23,TTML,T,35.7,35.7,35.0,35.7,34.0,7303,3670150,130960148.0
2021-06-23,2021-06-23,VIRINCHI,X,64.05,65.6,62.35,62.75,63.8,415,71476,4557292.0
2021-06-23,2021-06-23,WEPSOLN,X,23.5,24.4,22.7,23.05,23.5,55,11789,276243.0
2021-06-23,2021-06-23,STLTECH,A,269.7,271.8,262.0,263.65,269.7,1866,62071,16516798.0
2021-06-23,2021-06-23,TIPSMUSIC,T,1300.0,1302.0,1240.0,1275.4,1240.0,254,3284,4196564.0
2021-06-23,2021-06-23,UMIYA-MRO,B,32.2,36.35,32.0,34.45,33.05,63,3230,110676.0
2021-06-23,2021-06-23,FIRSTFIN,X,5.83,6.11,5.55,6.11,5.82,61,3648,21683.0
2021-06-23,2021-06-23,BABA,XT,17.0,17.4,17.0,17.0,16.65,50,11416,194494.0
2021-06-23,2021-06-23,BALAJITELE,A,66.7,67.85,65.3,66.45,65.35,883,67897,4517365.0
2021-06-23,2021-06-23,TYCHE,X,223.0,226.0,210.0,223.2,224.05,398,17765,3914850.0
2021-06-23,2021-06-23,CALSOFT,T,14.95,14.95,14.95,14.95,15.73,10,1536,22963.0
2021-06-23,2021-06-23,PNC,T,41.95,41.95,41.05,41.1,41.45,10,1328,54690.0
2021-06-23,2021-06-23,IOB,A,25.3,25.3,23.4,23.55,24.8,6693,3636815,86630338.0
2021-06-23,2021-06-23,TAJGVK,A,137.6,141.5,137.15,137.65,137.15,723,20348,2834260.0
2021-06-23,2021-06-23,OPTOCIRCUIT,T,5.65,5.7,5.22,5.22,5.49,287,364945,1935506.0
2021-06-23,2021-06-23,CREATIVEYE,B,3.15,3.18,3.05,3.05,3.2,10,8600,27156.0
2021-06-23,2021-06-23,AXISCADES,T,84.0,86.0,80.05,82.15,83.9,158,19116,1610140.0
2021-06-23,2021-06-23,KONNDOR,X,8.05,8.05,8.05,8.05,7.9,6,910,7325.0
2021-06-23,2021-06-23,UMESLTD,T,4.95,5.2,4.94,4.94,5.19,31,9528,47172.0
2021-06-23,2021-06-23,BSOFT,A,387.0,393.45,383.6,387.9,386.0,4014,124342,48438639.0
2021-06-23,2021-06-23,USGTECH,XT,4.3,4.3,4.3,4.3,4.22,9,7421,31910.0
2021-06-23,2021-06-23,4THGEN,XT,3.02,3.02,3.02,3.02,3.01,1,6,18.0
2021-06-23,2021-06-23,7TEC,X,31.85,31.85,29.55,30.1,30.75,78,4557,138297.0
2021-06-23,2021-06-23,AVANTEL,X,554.65,554.65,535.05,540.05,537.15,143,7751,4190646.0
2021-06-23,2021-06-23,MOSCHIP,X,38.3,38.3,34.7,35.05,36.5,635,236522,8543428.0
2021-06-23,2021-06-23,SIGMAADV,T,12.4,12.8,12.3,12.63,12.51,76,18140,226955.0
2021-06-23,2021-06-23,TRANSCOR,XT,12.12,12.95,11.81,12.4,12.43,18,434,5221.0
2021-06-23,2021-06-23,CEREBRAINT,B,63.35,63.8,61.6,61.95,63.05,939,108729,6844057.0
2021-06-23,2021-06-23,NEXTMEDIA,B,6.09,6.5,6.09,6.26,6.34,20,6997,43182.0
2021-06-23,2021-06-23,SMARTLINK,B,114.25,115.75,108.5,109.2,113.95,552,13828,1544814.0
2021-06-23,2021-06-23,GODREJCP,A,883.0,886.0,873.85,880.75,876.75,1601,36450,32108753.0
2021-06-23,2021-06-23,GENUSPRIME,X,5.3,5.56,5.3,5.56,5.3,8,6586,35951.0
2021-06-23,2021-06-23,BFUTILITIE,A,490.1,524.8,472.35,515.7,487.25,10317,361948,180791679.0
2021-06-23,2021-06-23,UNITDSPR,B,682.0,683.0,660.0,663.4,674.3,3877,87921,58689617.0
2021-06-23,2021-06-23,SANINFRA,X,110.0,118.0,110.0,117.65,112.45,58,16174,1828617.0
2021-06-23,2021-06-23,OLECTRA,B,193.15,212.15,191.5,212.15,192.9,2585,699441,147308524.0
2021-06-23,2021-06-23,MPSLTD,B,548.5,580.0,542.55,559.75,547.45,987,10253,5835176.0
2021-06-23,2021-06-23,RNBOWDENIM,XT,1.71,1.78,1.71,1.78,1.7,5,3136,5447.0
2021-06-23,2021-06-23,CERA,A,4260.0,4313.2,4212.0,4277.35,4234.85,375,1375,5867682.0
2021-06-23,2021-06-23,TSPIRITUAL,XT,0.77,0.77,0.76,0.77,0.77,18,47799,36730.0
2021-06-23,2021-06-23,BHARTIARTL,A,538.0,539.2,532.7,534.1,536.65,8493,921483,494133621.0
2021-06-23,2021-06-23,SHALIWIR,XT,7.54,7.56,7.2,7.56,7.2,34,3898,28983.0
2021-06-23,2021-06-23,COMPINFO,B,30.6,30.9,28.3,29.0,30.3,1600,319234,9324752.0
2021-06-23,2021-06-23,GULPOLY,B,202.9,203.5,198.0,198.2,199.2,1286,37561,7509733.0
2021-06-23,2021-06-23,FAZE3AUTO,X,88.3,88.8,87.0,87.35,87.95,38,1348,118177.0
2021-06-23,2021-06-23,PONNIERODE,B,222.4,224.0,218.1,218.45,220.35,62,695,153043.0
2021-06-23,2021-06-23,PNB,A,41.6,42.95,41.3,42.25,41.3,37366,12730513,539425828.0
2021-06-23,2021-06-23,OFSS,A,3572.15,3600.0,3542.7,3584.2,3557.75,400,1354,4828405.0
2021-06-23,2021-06-23,HAZOOR,XT,9.01,9.46,8.6,9.14,9.01,130,41801,388007.0
2021-06-23,2021-06-23,KAMAHOLD,A,8050.0,8080.0,7900.0,8016.0,7997.4,45,113,899895.0
2021-06-23,2021-06-23,MPFSL,XT,6.06,6.06,6.06,6.06,6.06,1,10,60.0
2021-06-23,2021-06-23,APTECHT,A,239.15,254.3,239.15,244.1,237.45,1898,51240,12633653.0
2021-06-23,2021-06-23,UNIONBANK,A,40.55,40.6,39.1,39.25,40.15,3614,2339408,92843599.0
2021-06-23,2021-06-23,UBL,A,1495.15,1497.65,1395.0,1403.4,1456.7,10178,39878842,58663818307.0
2021-06-23,2021-06-23,ISMTLTD,T,21.05,21.05,21.05,21.05,20.05,83,109431,2303522.0
2021-06-23,2021-06-23,NOIDATOLL,B,7.05,7.44,6.95,6.98,7.17,83,44505,318034.0
2021-06-23,2021-06-23,GRANULES,A,319.8,319.8,314.0,314.75,315.8,1349,46461,14674093.0
2021-06-23,2021-06-23,CANBK,A,153.25,154.2,150.95,151.9,151.85,5815,1268389,194205867.0
2021-06-23,2021-06-23,BLIL,B,490.0,494.0,480.85,484.05,476.9,770,19755,9652652.0
2021-06-23,2021-06-23,POKARNA,B,344.25,350.05,315.0,325.45,346.15,4148,87500,28880395.0
2021-06-23,2021-06-23,DIVISLAB,A,4308.0,4308.0,4220.75,4224.6,4287.75,1453,100172,429368309.0
2021-06-23,2021-06-23,ASTRAMICRO,A,174.45,178.5,170.85,171.5,173.6,979,58158,10124400.0
2021-06-23,2021-06-23,RADICO,A,799.9,824.3,782.5,802.75,793.15,2251,32084,25972475.0
2021-06-23,2021-06-23,SHRMCITYUN,A,1750.3,1750.3,1710.85,1720.15,1724.4,125,464,798734.0
2021-06-23,2021-06-23,MARUTI,A,7282.0,7478.0,7241.35,7432.95,7263.75,11567,134377,997860423.0
2021-06-23,2021-06-23,RAJPALAYAM,X,753.2,753.2,725.25,743.1,742.75,71,1131,835276.0
2021-06-23,2021-06-23,NAVINFLUOR,A,3440.0,3474.5,3389.65,3400.65,3412.0,2686,14039,48148372.0
2021-06-23,2021-06-23,UCOBANK,A,15.05,15.48,14.6,14.77,14.56,10511,6478073,97281139.0
2021-06-23,2021-06-23,BAGFILMS,T,3.49,3.54,3.25,3.54,3.38,126,196261,690400.0
2021-06-23,2021-06-23,JSL,A,107.4,107.4,100.4,101.7,105.2,1974,283940,29912998.0
2021-06-23,2021-06-23,SUPRAJIT,A,287.4,290.9,283.2,283.85,287.25,423,10057,2872114.0
2021-06-23,2021-06-23,TVSELECT,B,173.8,173.8,162.85,163.1,167.5,647,22222,3694655.0
2021-06-23,2021-06-23,IGL,A,530.0,533.0,518.0,518.7,528.1,2151,61655,32166302.0
2021-06-23,2021-06-23,TVTODAY,A,307.75,308.0,301.45,302.45,306.6,470,8461,2578746.0
2021-06-23,2021-06-23,PALREDTEC,B,145.0,153.95,142.0,146.6,144.9,276,8606,1254189.0
2021-06-23,2021-06-23,PETRONET,A,232.0,232.35,230.25,230.65,230.05,1423,57205,13231276.0
2021-06-23,2021-06-23,BIOCON,A,405.7,405.7,396.7,397.4,401.35,1336,60166,24016797.0
2021-06-23,2021-06-23,PTC,A,106.8,107.9,105.05,105.3,106.05,2116,174981,18538047.0
2021-06-23,2021-06-23,MAHABANK,A,25.95,26.05,25.0,25.1,26.0,6436,1633132,41660964.0
2021-06-23,2021-06-23,RKFORGE,A,638.95,641.35,610.1,618.15,639.15,272,2608,1632088.0
2021-06-23,2021-06-23,DATAMATICS,B,176.55,184.9,176.5,180.7,176.15,1444,54367,9842870.0
2021-06-23,2021-06-23,NDTV,B,70.45,73.0,70.1,70.65,70.45,112,3895,279734.0
2021-06-23,2021-06-23,STAR,A,786.95,786.95,764.75,767.4,776.7,1896,52035,40193244.0
2021-06-23,2021-06-23,JPASSOCIAT,T,14.16,14.75,13.88,13.88,14.61,7058,3212090,44903764.0
2021-06-23,2021-06-23,ULTRACEMCO,A,6856.5,6950.0,6784.65,6903.7,6856.5,2179,23036,157936977.0
2021-06-23,2021-06-23,UNOMINDA,A,650.0,655.3,642.0,644.35,642.2,1793,36825,23996814.0
2021-06-23,2021-06-23,TCS,A,3325.0,3325.0,3256.6,3262.1,3300.65,3508,506938,1672732385.0
2021-06-23,2021-06-23,COFORGE,A,4006.65,4028.55,3917.55,3936.0,3976.9,1570,8276,32923732.0
2021-06-23,2021-06-23,GULFPETRO,B,63.45,64.7,61.95,62.4,62.55,473,16990,1076978.0
2021-06-23,2021-06-23,CENTURYPLY,A,420.0,420.0,405.25,408.95,409.55,561,6541,2703949.0
2021-06-23,2021-06-23,WELENT,A,116.8,119.1,112.3,112.75,114.8,3434,181847,21143176.0
2021-06-23,2021-06-23,NTPC,A,119.15,119.15,116.9,117.25,118.3,3095,389802,45926317.0
2021-06-23,2021-06-23,SALSTEEL,T,6.07,6.35,5.8,5.81,6.07,97,14325,86852.0
2021-06-23,2021-06-23,JBMA,B,450.65,466.15,438.45,444.3,447.65,856,8038,3606577.0
2021-06-23,2021-06-23,DWARKESH,A,67.55,69.4,66.3,66.85,67.45,1510,171215,11580796.0
2021-06-23,2021-06-23,INDOCO,A,411.95,414.4,399.15,401.75,411.8,655,8449,3429360.0
2021-06-23,2021-06-23,VIPCLOTHNG,B,16.9,17.6,16.9,17.45,17.2,72,16175,282486.0
2021-06-23,2021-06-23,XCHANGING,B,80.2,82.2,78.2,78.8,80.75,1148,91489,7309605.0
2021-06-23,2021-06-23,JETAIRWAYS,Z,104.4,104.4,104.4,104.4,99.45,216,28455,2970702.0
2021-06-23,2021-06-23,MORARJEE,B,19.0,19.4,18.0,18.65,18.65,155,11263,207743.0
2021-06-23,2021-06-23,GATEWAYDIST,T,306.0,306.0,288.0,289.7,297.05,438,6425,1881992.0
2021-06-23,2021-06-23,JINDALPHOT,T,69.3,69.3,67.25,67.65,66.05,14,985,67983.0
2021-06-23,2021-06-23,POCL,X,298.55,307.5,292.5,294.3,298.55,328,13720,4073784.0
2021-06-23,2021-06-23,JPPOWER,B,6.4,6.49,6.19,6.19,6.51,19244,69941936,435840235.0
2021-06-23,2021-06-23,3IINFOLTD,T,10.94,10.99,10.4,10.6,10.94,8535,5015991,53303181.0
2021-06-23,2021-06-23,MBECL,T,9.4,9.59,8.93,8.93,9.4,49,40078,367379.0
2021-06-23,2021-06-23,GOKEX,B,148.0,153.85,145.4,147.7,145.8,2966,158281,23556535.0
2021-06-23,2021-06-23,ALLDIGI,B,384.0,394.0,376.2,377.7,385.75,103,3208,1225031.0
2021-06-23,2021-06-23,IIFL,T,248.45,258.35,243.05,250.1,252.35,118,5026,1269211.0
2021-06-23,2021-06-23,MANGALAM,B,144.0,144.15,137.5,139.35,143.55,767,26521,3748448.0
2021-06-23,2021-06-23,SHOPERSTOP,A,230.75,236.15,226.6,228.5,229.75,308,6585,1520799.0
2021-06-23,2021-06-23,CYBERMEDIA,B,10.51,10.99,10.26,10.3,10.79,69,10269,106845.0
2021-06-23,2021-06-23,NDL,T,46.75,47.9,45.0,45.55,45.75,44,5544,253952.0
2021-06-23,2021-06-23,JSWHL,A,5100.0,5153.6,4859.65,4904.5,4997.45,117,219,1087905.0
2021-06-23,2021-06-23,JKCEMENT,A,2800.0,2856.55,2800.0,2816.2,2810.8,973,4716,13364377.0
2021-06-23,2021-06-23,YESBANK,A,13.85,13.92,13.6,13.7,13.82,37809,18647531,257146807.0
2021-06-23,2021-06-23,NECLIFE,B,43.1,44.6,42.0,42.3,43.95,1100,136224,5862004.0
2021-06-23,2021-06-23,MSPL,T,10.8,11.45,10.8,10.83,10.94,80,46164,514055.0
2021-06-23,2021-06-23,SPLIL,B,44.0,45.7,43.25,43.7,43.2,345,7261,320598.0
2021-06-23,2021-06-23,KTKBANK,A,64.0,64.4,62.65,62.85,63.4,1140,147662,9362600.0
2021-06-23,2021-06-23,MCLEODRUSS,T,38.8,38.8,36.5,37.05,37.65,344,61688,2318432.0
2021-06-23,2021-06-23,FACORALL,X,4.01,4.01,4.01,4.01,4.09,406,153859,616974.0
2021-06-23,2021-06-23,IDFC,A,54.9,54.9,53.3,53.6,54.05,950,112328,6044075.0
2021-06-23,2021-06-23,VIVIMEDLAB,T,28.3,28.3,27.5,27.95,28.05,155,28584,796331.0
2021-06-23,2021-06-23,RML,B,382.2,382.2,370.0,373.7,376.1,393,7135,2675863.0
2021-06-23,2021-06-23,HTMEDIA,B,26.5,27.45,26.25,26.95,26.45,674,92520,2494430.0
2021-06-23,2021-06-23,SASKEN,A,1029.0,1038.35,1011.95,1020.3,1011.75,337,2624,2696525.0
2021-06-23,2021-06-23,FCSSOFT,T,2.58,2.59,2.53,2.59,2.47,3664,5173332,13372115.0
2021-06-23,2021-06-23,SUZLON,A,8.44,8.49,7.86,7.86,8.27,22152,49774985,396357772.0
2021-06-23,2021-06-23,AURIONPRO,B,147.0,149.55,144.0,144.95,145.55,276,5073,743297.0
2021-06-23,2021-06-23,RENUKA,B,30.7,30.95,29.9,30.95,29.5,3872,2581473,79107944.0
2021-06-23,2021-06-23,KMSUGAR,B,27.3,28.25,27.3,28.25,26.95,333,110837,3125561.0
2021-06-23,2021-06-23,BASML,T,79.9,79.9,75.05,76.35,76.8,91,8144,629566.0
2021-06-23,2021-06-23,PBAINFRA,B,19.64,19.64,19.6,19.64,18.71,138,76224,1496335.0
2021-06-23,2021-06-23,BOMBAYRAYON,B,13.3,13.31,11.51,11.53,12.78,1877,1225103,14850775.0
2021-06-23,2021-06-23,SORILINFRA,B,154.85,154.85,148.95,149.85,152.95,366,11491,1739630.0
2021-06-23,2021-06-23,AIAENG,A,2020.0,2049.0,1991.85,2033.9,2030.4,580,2287,4615066.0
2021-06-23,2021-06-23,EKC,T,107.0,107.7,100.5,102.9,105.45,733,72193,7540950.0
2021-06-23,2021-06-23,KERNEX,T,84.9,84.9,76.9,76.9,80.9,79,13715,1073779.0
2021-06-23,2021-06-23,REPRO,B,376.8,383.15,371.5,377.05,373.55,82,564,212218.0
2021-06-23,2021-06-23,PVRINOX,A,1413.0,1425.1,1397.6,1417.0,1408.35,2705,41480,58507576.0
2021-06-23,2021-06-23,RMCL,T,3.24,3.4,3.1,3.4,3.24,122,105442,353325.0
2021-06-23,2021-06-23,PUNJLLOYD,Z,2.37,2.37,2.31,2.37,2.26,142,297835,702734.0
2021-06-23,2021-06-23,ASMS,Z,4.1,4.1,3.96,3.98,4.1,72,36887,149060.0
2021-06-23,2021-06-23,CELEBRITY,B,8.0,8.29,7.94,8.29,7.9,111,46976,386525.0
2021-06-23,2021-06-23,EDUCOMP,Z,3.85,3.88,3.67,3.85,3.78,80,71438,272952.0
2021-06-23,2021-06-23,NITINSPIN,B,123.3,132.4,122.3,128.85,122.0,1571,109381,14145367.0
2021-06-23,2021-06-23,ROHLTD,B,88.0,89.1,83.5,83.75,87.25,216,8263,719465.0
2021-06-23,2021-06-23,ENIL,B,182.5,183.05,177.5,179.1,181.6,397,11060,1996546.0
2021-06-23,2021-06-23,CELLA,Z,6.24,6.45,6.24,6.43,6.24,15,5228,33227.0
2021-06-23,2021-06-23,GSPL,A,332.6,340.4,326.55,333.55,331.35,1501,49628,16448652.0
2021-06-23,2021-06-23,JAGRAN,A,63.55,67.5,63.5,66.2,63.5,1291,135178,8892795.0
2021-06-23,2021-06-23,INOXLEISURE,A,327.0,327.35,318.7,321.1,319.9,1376,19291,6210740.0
2021-06-23,2021-06-23,DYNPRO,B,489.6,494.0,477.5,482.55,489.25,443,5609,2732791.0
2021-06-23,2021-06-23,SADBHAV,A,80.7,81.5,78.8,79.25,79.3,867,63216,5071852.0
2021-06-23,2021-06-23,RCOM,B,5.36,5.36,4.9,5.27,5.11,46202,120241455,632004692.0
2021-06-23,2021-06-23,SAKUMA,B,10.4,10.61,9.8,9.92,10.38,511,189731,1897669.0
2021-06-23,2021-06-23,KEC,A,442.0,444.0,434.1,438.05,437.1,3347,57338,25121286.0
2021-06-23,2021-06-23,GILLANDERS,B,50.65,50.65,49.5,49.55,48.45,54,2089,104555.0
2021-06-23,2021-06-23,INDOTECH,B,164.8,164.8,164.8,164.8,149.85,12,1518,250166.0
2021-06-23,2021-06-23,BLKASHYAP,B,29.95,29.95,28.15,28.15,29.6,115,64973,1838542.0
2021-06-23,2021-06-23,M&MFIN,A,158.7,159.4,156.3,156.55,157.4,6607,589096,92866711.0
2021-06-23,2021-06-23,VISACHROME,T,10.77,10.77,9.8,10.0,10.26,71,23846,241502.0
2021-06-23,2021-06-23,NITCO,B,30.15,30.5,28.75,29.0,29.65,224,17184,509334.0
2021-06-23,2021-06-23,MPDL,X,11.92,11.92,10.8,10.8,11.36,6,2361,26006.0
2021-06-23,2021-06-23,SOLARINDS,A,1630.0,1631.65,1599.45,1601.9,1610.25,303,1556,2496161.0
2021-06-23,2021-06-23,GALLANTT,B,65.55,66.0,63.0,64.9,65.45,288,7386,478987.0
2021-06-23,2021-06-23,MALUPAPER,B,35.5,36.75,30.0,34.65,35.5,591,58659,2081497.0
2021-06-23,2021-06-23,UTTAMSUGAR,B,172.45,175.3,167.75,168.25,172.2,386,10295,1758274.0
2021-06-23,2021-06-23,SGL,B,11.6,11.76,11.47,11.71,11.6,27,1748,20265.0
2021-06-23,2021-06-23,KKCL,B,895.0,930.0,893.6,906.9,886.4,186,1596,1449360.0
2021-06-23,2021-06-23,SUNTV,A,554.9,558.8,536.0,538.7,550.8,6437,207084,113509783.0
2021-06-23,2021-06-23,GPIL,T,1360.0,1385.0,1310.0,1326.8,1350.45,244,4610,6156309.0
2021-06-23,2021-06-23,RSYSTEMS,A,141.1,143.0,139.9,141.95,140.2,203,3330,468633.0
2021-06-23,2021-06-23,EMKAY,B,78.35,80.9,77.7,78.65,79.2,133,2315,183091.0
2021-06-23,2021-06-23,TICL,Z,7.7,7.7,7.01,7.24,7.37,115,26920,195953.0
2021-06-23,2021-06-23,LOKESHMACH,T,44.35,46.5,44.05,44.05,46.35,124,21452,950950.0
2021-06-23,2021-06-23,KAMDHENU,B,165.05,166.0,160.4,161.0,164.85,441,6512,1057769.0
2021-06-23,2021-06-23,PAUSHAKLTD,T,6994.0,7015.0,6881.0,7010.8,6915.7,198,4970,34793958.0
2021-06-23,2021-06-23,GTNTEX,B,7.92,8.65,7.92,8.5,8.31,18,3166,26576.0
2021-06-23,2021-06-23,INDICAP,X,42.5,44.4,39.0,41.25,42.55,1352,192734,8220533.0
2021-06-23,2021-06-23,PFOCUS,T,59.9,59.9,58.75,59.6,59.05,10,1352,79754.0
2021-06-23,2021-06-23,ALLCARGO,A,150.6,152.2,145.6,148.2,147.95,1862,89827,13395186.0
2021-06-23,2021-06-23,EASUNREYRL,Z,3.36,3.36,3.04,3.05,3.2,24,36817,113339.0
2021-06-23,2021-06-23,GMRAIRPORT,A,32.9,33.9,32.15,32.35,32.5,17212,9449871,311970482.0
2021-06-23,2021-06-23,TECHM,A,1059.8,1061.75,1039.0,1056.25,1056.0,3464,766715,810219175.0
2021-06-23,2021-06-23,CIEINDIA,A,219.0,234.0,217.5,229.85,216.95,2708,95388,21553697.0
2021-06-23,2021-06-23,VOLTAMP,A,1392.0,1465.75,1375.0,1432.75,1379.8,622,3300,4756090.0
2021-06-23,2021-06-23,ATLANTAA,T,13.15,14.3,13.15,13.93,13.81,85,22112,304965.0
2021-06-23,2021-06-23,DEEPENR,B,42.6,44.3,42.45,42.7,43.5,227,7353,317453.0
2021-06-23,2021-06-23,HGM,B,51.75,52.2,50.95,50.95,51.1,10,766,39672.0
2021-06-23,2021-06-23,ACE,A,228.5,231.45,221.85,223.0,228.25,2663,61854,14042508.0
2021-06-23,2021-06-23,GEECEE,B,137.6,145.5,135.6,136.75,137.35,247,8307,1166715.0
2021-06-23,2021-06-23,RICHAIND,Z,1.46,1.46,1.44,1.44,1.44,18,15603,22504.0
2021-06-23,2021-06-23,GAYAPROJ,B,32.85,33.0,32.3,32.35,32.55,481,70909,2308041.0
2021-06-23,2021-06-23,FIEMIND,B,688.4,700.0,680.0,690.5,674.9,706,4713,3254630.0
2021-06-23,2021-06-23,JHS,B,24.4,24.75,23.1,23.55,23.8,422,50796,1209058.0
2021-06-23,2021-06-23,DCBBANK,A,109.5,109.5,106.45,106.75,107.7,900,82559,8866701.0
2021-06-23,2021-06-23,GLOBALVECT,B,51.65,54.05,51.5,52.5,52.9,155,6440,340942.0
2021-06-23,2021-06-23,INSPIRISYS,B,53.2,55.0,51.55,52.1,54.25,292,3716,196211.0
2021-06-23,2021-06-23,GTLINFRA,B,1.74,1.74,1.74,1.74,1.66,617,3155832,5491147.0
2021-06-23,2021-06-23,SHIVAMAUTO,T,23.5,24.6,23.3,23.55,24.35,69,10859,256521.0
2021-06-23,2021-06-23,NAUKRI,A,4899.0,4919.55,4770.0,4781.25,4867.25,3109,18620,89665110.0
2021-06-23,2021-06-23,TORNTPOWER,A,463.7,463.7,453.45,457.75,459.2,1823,64979,29638595.0
2021-06-23,2021-06-23,PARSVNATH,B,16.3,16.3,15.49,15.99,15.58,231,121879,1949358.0
2021-06-23,2021-06-23,SUTLEJTEX,B,56.45,57.3,55.75,56.45,56.35,323,19266,1090541.0
2021-06-23,2021-06-23,LTFOODS,A,75.0,75.2,73.3,73.6,74.65,1149,157908,11696365.0
2021-06-23,2021-06-23,SOBHA,A,488.15,493.4,480.9,482.85,502.5,1410,24339,11850643.0
2021-06-23,2021-06-23,RUCHIRA,B,96.9,100.45,94.15,94.95,94.7,1739,112962,10976986.0
2021-06-23,2021-06-23,TANLA,T,855.0,855.0,815.0,830.05,844.1,662,11526,9620178.0
2021-06-23,2021-06-23,ZEEMEDIA,B,10.57,10.75,10.1,10.17,10.55,820,601642,6209022.0
2021-06-23,2021-06-23,SITINET,T,1.72,1.72,1.58,1.69,1.64,1305,4156678,7047982.0
2021-06-23,2021-06-23,LUMAXTECH,B,150.9,152.95,148.55,149.15,150.75,843,35730,5381324.0
2021-06-23,2021-06-23,AUTOIND,T,45.75,46.5,44.05,46.4,45.15,31,4962,227634.0
2021-06-23,2021-06-23,NETWORK18,A,53.5,54.35,52.15,52.85,53.2,910,156822,8323559.0
2021-06-23,2021-06-23,HUBTOWN,T,30.0,30.25,27.9,28.25,28.85,84,12895,376968.0
2021-06-23,2021-06-23,TV18BRDCST,A,45.5,46.25,44.25,45.0,44.95,2050,757814,34343753.0
2021-06-23,2021-06-23,CTE,B,33.95,34.6,33.95,34.0,33.5,95,1173,40092.0
2021-06-23,2021-06-23,TIIL,B,470.75,470.75,443.95,453.5,466.75,262,3186,1447565.0
2021-06-23,2021-06-23,REDINGTON,A,268.55,269.9,264.95,265.9,268.2,1819,359527,96438025.0
2021-06-23,2021-06-23,AICHAMP,XT,18.0,18.0,17.36,17.63,17.5,11,117,2093.0
2021-06-23,2021-06-23,CINELINE,B,51.9,52.75,50.4,51.35,50.35,532,55448,2851103.0
2021-06-23,2021-06-23,PGIL,B,230.0,230.0,217.65,221.05,228.1,41,596,132182.0
2021-06-23,2021-06-23,FSL,A,166.25,167.4,164.4,165.2,165.9,4009,200144,33152446.0
2021-06-23,2021-06-23,PFC,A,124.0,126.2,123.0,123.2,123.8,4359,480998,59822345.0
2021-06-23,2021-06-23,AHLUCONT,A,317.45,319.9,307.15,319.1,312.1,69,423,133217.0
2021-06-23,2021-06-23,TFL,T,4.6,4.7,4.42,4.65,4.6,16,9173,42275.0
2021-06-23,2021-06-23,CCCONSTR,Z,4.9,4.9,4.75,4.9,4.67,67,67028,327221.0
2021-06-23,2021-06-23,INDIANB,A,153.0,153.0,147.9,149.3,151.05,2631,235562,35435360.0
2021-06-23,2021-06-23,SMSPHARMA,B,176.2,178.2,174.95,175.15,176.2,589,8006,1412453.0
2021-06-23,2021-06-23,ORIENTALTL,B,11.68,11.7,11.04,11.09,11.41,193,72541,816309.0
2021-06-23,2021-06-23,MINDTREELTD,A,2505.0,2507.05,2475.9,2480.05,2479.9,1367,11826,29444695.0
2021-06-23,2021-06-23,ELAND,XT,4.75,4.75,4.75,4.75,5.0,27,20609,97892.0
2021-06-23,2021-06-23,IDEA,A,10.07,10.13,9.88,9.93,10.0,119695,54386766,543417710.0
2021-06-23,2021-06-23,JAGJANANI,X,1.15,1.15,1.15,1.15,1.13,5,1807,2078.0
2021-06-23,2021-06-23,RAJTV,B,41.05,41.95,37.1,40.2,39.95,104,9904,394101.0
2021-06-23,2021-06-23,PAGEIND,A,29500.0,29807.3,29347.6,29421.25,29461.9,617,18299,539203836.0
2021-06-23,2021-06-23,AMDIND,B,26.25,26.25,25.5,26.25,23.9,82,28457,746101.0
2021-06-23,2021-06-23,LEHAR,XT,31.0,32.45,29.5,30.95,31.0,49,8080,252972.0
2021-06-23,2021-06-23,ASTRAL,A,2020.0,2020.0,1973.25,1979.3,1994.75,1149,20235,40172217.0
2021-06-23,2021-06-23,EMBDL,A,115.0,121.05,111.8,116.5,114.4,8011,1173222,137445569.0
2021-06-23,2021-06-23,CAMLINFINE,A,175.0,175.0,168.5,169.1,170.1,1041,59596,10192514.0
2021-06-23,2021-06-23,ICRA,A,3397.05,3436.0,3305.55,3310.05,3369.4,224,622,2092887.0
2021-06-23,2021-06-23,DISHTV,A,14.95,14.95,14.31,14.37,14.72,4880,3777467,54545379.0
2021-06-23,2021-06-23,SAHYADRI,X,539.9,550.0,530.05,535.8,527.4,690,26547,14414796.0
2021-06-23,2021-06-23,SRHHYPOLTD,B,363.85,363.85,339.2,340.4,351.55,1034,17355,6056873.0
2021-06-23,2021-06-23,FORTIS,A,232.25,234.8,231.45,231.85,232.0,1083,61063,14208783.0
2021-06-23,2021-06-23,TGBHOTELS,T,8.3,8.7,7.9,8.18,8.3,38,26352,212360.0
2021-06-23,2021-06-23,HILTON,T,12.39,12.6,12.1,12.46,12.39,18,2599,32361.0
2021-06-23,2021-06-23,DELTACORP,A,183.0,183.35,177.65,178.35,181.15,1916,166605,29974689.0
2021-06-23,2021-06-23,INSECTICID,A,733.0,757.85,709.5,715.65,744.95,737,8587,6270613.0
2021-06-23,2021-06-23,MCDHOLDING,T,71.15,71.15,65.0,70.6,67.8,232,32655,2311415.0
2021-06-23,2021-06-23,ASAHISONG,B,341.35,349.85,336.3,337.25,338.65,147,1783,606064.0
2021-06-23,2021-06-23,NITINFIRE,Z,1.11,1.11,1.11,1.11,1.06,23,29895,33183.0
2021-06-23,2021-06-23,HARYNACAP,X,41.0,41.0,37.25,37.6,39.1,7,523,19949.0
2021-06-23,2021-06-23,TIMETECHNO,A,86.0,86.3,84.45,84.95,85.6,591,23302,1990946.0
2021-06-23,2021-06-23,HGS,T,2729.0,2729.0,2501.0,2586.4,2599.95,861,21195,56378302.0
2021-06-23,2021-06-23,NELCAST,B,75.0,75.0,72.9,73.7,74.25,348,13895,1028551.0
2021-06-23,2021-06-23,V2RETAIL,B,127.9,136.0,125.0,130.35,123.8,355,9456,1233162.0
2021-06-23,2021-06-23,DLF,A,298.0,300.5,292.3,293.1,296.8,3262,266727,79116260.0
2021-06-23,2021-06-23,TARMAT,B,59.75,63.0,58.0,62.1,58.35,379,17913,1092484.0
2021-06-23,2021-06-23,ANKITMETAL,T,2.0,2.0,1.91,2.0,1.91,163,179273,357032.0
2021-06-23,2021-06-23,SPARC,A,235.05,237.85,226.45,228.95,233.8,2695,152988,35853752.0
2021-06-23,2021-06-23,HDIL,Z,6.8,6.81,6.3,6.46,6.52,601,472138,3076310.0
2021-06-23,2021-06-23,SURYACHAKRA,Z,1.06,1.06,1.06,1.06,1.01,90,194967,206665.0
2021-06-23,2021-06-23,ADSL,B,62.7,63.8,62.4,62.85,62.45,1481,58935,3717078.0
2021-06-23,2021-06-23,ALPA,T,57.95,58.65,55.6,55.9,56.35,58,3172,179337.0
2021-06-23,2021-06-23,SSLEL,XT,65.7,65.7,59.85,60.0,62.95,10,2575,154776.0
2021-06-23,2021-06-23,OMAXE,A,81.9,81.9,80.0,81.4,80.65,196,5390,437755.0
2021-06-23,2021-06-23,REFEX,B,147.15,162.25,147.15,154.85,146.35,3573,140414,21934836.0
2021-06-23,2021-06-23,CENTRALBK,A,25.45,25.45,23.6,23.95,25.2,7976,2540908,61494853.0
2021-06-23,2021-06-23,NEUEON,T,1.38,1.38,1.33,1.33,1.34,8,5103,6852.0
2021-06-23,2021-06-23,ASIANTILES,A,179.45,180.6,175.15,175.6,178.2,2118,86653,15372600.0
2021-06-23,2021-06-23,KPRMILL,A,1592.0,1592.0,1540.95,1549.4,1564.05,499,1058,1650523.0
2021-06-23,2021-06-23,TAKE,A,70.0,71.4,69.0,69.2,69.85,2123,324217,22788592.0
2021-06-23,2021-06-23,PURVA,B,86.25,87.25,84.9,85.9,84.95,611,21087,1814647.0
2021-06-23,2021-06-23,MOTILALOFS,A,801.25,803.0,785.0,786.9,793.85,1519,23357,18478456.0
2021-06-23,2021-06-23,VTMLTD,X,29.0,29.75,27.1,27.7,28.35,190,27187,770042.0
2021-06-23,2021-06-23,INDOWIND,B,8.0,8.03,7.9,8.03,7.65,539,297247,2372523.0
2021-06-23,2021-06-23,NAGREEKCAP,B,8.06,8.06,8.06,8.06,8.48,1,500,4030.0
2021-06-23,2021-06-23,MAGNUM,T,7.45,7.45,7.45,7.45,7.1,14,4712,35104.0
2021-06-23,2021-06-23,POWERGRID,A,235.0,235.8,231.95,232.2,234.0,2196,169880,39669086.0
2021-06-23,2021-06-23,KSCL,A,740.0,740.1,723.0,730.7,731.7,963,22389,16387295.0
2021-06-23,2021-06-23,PAISALO,A,610.0,617.4,607.1,612.4,614.15,91,782,478089.0
2021-06-23,2021-06-23,CCCL,T,0.58,0.64,0.58,0.6,0.61,31,117545,74768.0
2021-06-23,2021-06-23,MAANALU,B,334.9,334.9,325.85,326.7,334.1,519,7735,2556698.0
2021-06-23,2021-06-23,IL&FSENGG,Z,4.39,4.54,4.25,4.54,4.33,67,98104,440032.0
2021-06-23,2021-06-23,PARLEIND,X,9.8,9.98,9.72,9.83,9.8,1208,152723,1504958.0
2021-06-23,2021-06-23,RELIGARE,A,124.0,130.85,122.4,122.9,125.8,4039,316479,39843746.0
2021-06-23,2021-06-23,BVCL,T,25.0,25.3,24.2,25.3,24.1,23,5210,130756.0
2021-06-23,2021-06-23,RATHIBAR,X,27.5,29.2,25.5,28.9,26.75,259,91659,2537778.0
2021-06-23,2021-06-23,ADANIPORTS,A,750.0,760.0,715.3,718.7,742.55,31426,1552498,1133391365.0
2021-06-23,2021-06-23,EDELWEISS,A,74.5,75.75,74.15,74.4,74.5,1494,133320,9987623.0
2021-06-23,2021-06-23,RGL,B,580.05,582.6,550.95,556.25,569.55,1199,15545,8667328.0
2021-06-23,2021-06-23,KOLTEPATIL,A,221.0,224.35,219.6,220.75,222.75,933,20955,4634377.0
2021-06-23,2021-06-23,KAUSHALYA,T,2.3,2.3,2.17,2.17,2.24,11,3662,7990.0
2021-06-23,2021-06-23,JYOTHYLAB,A,155.4,156.25,153.25,155.25,154.45,533,14560,2250682.0
2021-06-23,2021-06-23,ECLERX,T,1820.0,1820.0,1730.1,1780.7,1793.4,404,4465,7977084.0
2021-06-23,2021-06-23,TARIL,B,32.0,32.5,30.6,30.9,31.35,885,164616,5169796.0
2021-06-23,2021-06-23,BRIGADE,A,284.1,292.0,281.0,290.4,286.3,634,8944,2572885.0
2021-06-23,2021-06-23,BGRENERGY,B,72.65,74.6,71.8,72.15,72.65,975,55989,4099226.0
2021-06-23,2021-06-23,MANAKSIA,B,66.1,66.85,61.0,63.05,64.8,751,91734,5737386.0
2021-06-23,2021-06-23,PORWAL,X,28.15,28.8,27.0,27.65,27.75,88,12511,346412.0
2021-06-23,2021-06-23,PPAP,B,230.5,241.7,226.2,238.85,227.3,733,19188,4560404.0
2021-06-23,2021-06-23,ARIES,B,131.75,132.5,127.75,128.6,130.6,966,52822,6878166.0
2021-06-23,2021-06-23,KUANTUM,B,73.4,75.75,71.35,73.45,72.3,648,21005,1544653.0
2021-06-23,2021-06-23,RPOWER,T,18.2,18.36,16.88,16.88,17.76,62660,29234157,510950704.0
2021-06-23,2021-06-23,JKIL,A,191.85,192.2,187.9,188.15,188.05,256,5876,1110584.0
2021-06-23,2021-06-23,CORDSCABLE,B,64.5,67.7,62.95,64.95,63.6,2459,211260,13810513.0
2021-06-23,2021-06-23,KNRCON,A,224.0,225.1,221.35,221.8,223.45,577,17567,3924379.0
2021-06-23,2021-06-23,ONMOBILE,B,115.55,115.55,111.85,112.3,114.15,766,24470,2764326.0
2021-06-23,2021-06-23,SEPC,B,4.89,4.91,4.51,4.91,4.68,477,701010,3427061.0
2021-06-23,2021-06-23,BANG,B,35.0,35.85,33.25,33.95,34.6,82,5461,188145.0
2021-06-23,2021-06-23,IRB,A,155.0,166.45,155.0,163.15,154.9,12189,1329978,216181786.0
2021-06-23,2021-06-23,GSS,B,66.2,76.0,66.2,70.15,65.3,1794,71662,5181751.0
2021-06-23,2021-06-23,NAHARCAP,B,159.2,161.9,156.1,158.25,159.45,175,5564,886924.0
2021-06-23,2021-06-23,VGUARD,A,265.0,272.5,261.55,270.8,263.75,4263,154315,41508311.0
2021-06-23,2021-06-23,RECLTD,A,146.5,146.5,144.25,144.95,145.05,1991,150223,21811672.0
2021-06-23,2021-06-23,GOKAKTEX,X,24.4,24.4,23.15,24.4,23.25,25,2023,49085.0
2021-06-23,2021-06-23,GAMMONINFRA,B,3.27,3.27,3.0,3.22,3.12,3990,12610376,40533973.0
2021-06-23,2021-06-23,DHANI,B,186.0,189.8,179.2,180.0,183.2,2570,107696,19736921.0
2021-06-23,2021-06-23,TITAGARH,A,62.4,67.7,62.0,64.1,61.35,4887,682871,44610123.0
2021-06-23,2021-06-23,KIRIINDUS,A,629.0,639.8,601.0,608.6,628.05,2098,45457,28061627.0
2021-06-23,2021-06-23,SANKHYAINFO,XT,5.93,5.93,5.93,5.93,5.65,21,13189,78210.0
2021-06-23,2021-06-23,BIRLAMONEY,B,58.9,58.9,55.6,55.85,57.5,562,44446,2504019.0
2021-06-23,2021-06-23,TELOGICA,Z,3.09,3.09,3.05,3.08,3.09,6,85,262.0
2021-06-23,2021-06-23,JAIBALAJI,B,53.0,54.25,52.0,53.5,52.65,94,11173,591545.0
2021-06-23,2021-06-23,BAJAJ-AUTO,A,4234.7,4259.1,4191.2,4201.35,4221.25,1622,104699,442141091.0
2021-06-23,2021-06-23,BAJAJFINSV,A,12245.0,12396.6,12086.25,12280.8,12133.05,3889,18905,231619563.0
2021-06-23,2021-06-23,GOKUL,B,31.5,32.2,30.55,30.85,31.9,103,11300,353037.0
2021-06-23,2021-06-23,RPGLIFE,B,451.0,469.9,442.25,459.95,450.3,455,5252,2419620.0
2021-06-23,2021-06-23,SENSEX1,B,547.0,549.9,547.0,547.5,546.67,7,318,174158.0
2021-06-23,2021-06-23,NIRAJ,B,44.0,44.4,42.55,43.05,43.3,21,1012,44440.0
2021-06-23,2021-06-23,RBL,B,862.2,901.0,862.2,881.65,880.45,307,6010,5319734.0
2021-06-23,2021-06-23,RANEENGINE,B,329.7,329.7,308.6,313.45,316.55,97,3380,1071029.0
2021-06-23,2021-06-23,BAFNAPH,B,143.45,153.5,139.95,140.55,140.15,26,455,64979.0
2021-06-23,2021-06-23,CHLLTD,XT,11.57,11.57,11.57,11.57,11.57,3,265,3066.0
2021-06-23,2021-06-23,ARCHIDPLY,T,37.0,37.0,34.55,35.3,36.05,89,5937,209256.0
2021-06-23,2021-06-23,LOTUSEYE,B,50.1,51.9,47.95,48.3,48.3,65,5864,287850.0
2021-06-23,2021-06-23,SOMICONVEY,B,58.65,59.55,56.6,56.95,58.2,46,3033,174073.0
2021-06-23,2021-06-23,LGBFORGE,B,7.06,7.06,6.85,7.06,6.73,310,560982,3958692.0
2021-06-23,2021-06-23,LPDC,T,5.41,5.41,5.16,5.41,5.16,223,127529,688762.0
2021-06-23,2021-06-23,SICAGEN,T,22.5,23.25,22.2,22.4,22.5,9,2455,55515.0
2021-06-23,2021-06-23,SIMPLXMIL,X,24.12,24.12,23.64,23.64,24.12,6,577,13643.0
2021-06-23,2021-06-23,SIMPLXPAP,X,3.3,3.3,3.3,3.3,3.15,1,76,250.0
2021-06-23,2021-06-23,20MICRONS,B,63.85,63.95,61.8,62.1,62.8,342,15375,969678.0
2021-06-23,2021-06-23,ZFCVINDIA,A,7049.0,7468.45,6830.0,6896.65,6951.7,935,3107,21828285.0
2021-06-23,2021-06-23,ALKALI,B,71.65,75.0,70.75,70.8,71.6,185,5010,364143.0
2021-06-23,2021-06-23,ISGEC,A,621.9,625.0,611.65,614.2,615.6,735,9982,6163432.0
2021-06-23,2021-06-23,IMFA,B,576.8,587.4,557.2,561.85,565.45,3552,43890,25173657.0
2021-06-23,2021-06-23,VEDAVAAG,X,43.65,43.65,39.05,40.95,41.4,113,10477,429389.0
2021-06-23,2021-06-23,MOLDTKPAC,A,491.0,491.0,479.0,482.35,486.25,632,7301,3531340.0
2021-06-23,2021-06-23,MHRIL,A,253.45,256.15,247.25,248.35,253.45,1278,26503,6658489.0
2021-06-23,2021-06-23,LANDSMILL,T,3.9,3.9,3.57,3.79,3.72,235,289256,1115761.0
2021-06-23,2021-06-23,ROML,B,94.0,94.0,91.0,92.55,92.75,195,9042,830741.0
2021-06-23,2021-06-23,BENGALASM,B,1778.9,1785.0,1734.95,1751.85,1732.45,655,8639,15277806.0
2021-06-23,2021-06-23,ADANIPOWER,T,132.0,132.9,120.3,126.8,126.6,26036,2308925,295301550.0
2021-06-23,2021-06-23,NHPC,A,26.95,27.15,26.6,26.7,26.95,793,286413,7677358.0
2021-06-23,2021-06-23,SURYAAMBA,X,110.0,111.1,101.55,103.9,106.05,85,7875,835643.0
2021-06-23,2021-06-23,GLOBUSSPR,T,599.0,618.35,577.0,584.3,589.55,977,39506,23462834.0
2021-06-23,2021-06-23,OIL,A,153.15,154.85,151.2,152.55,151.2,2277,164779,25251750.0
2021-06-23,2021-06-23,SWANDEF,Z,7.02,7.02,6.36,6.91,6.69,6039,8154579,56041043.0
2021-06-23,2021-06-23,BTTL,X,10.64,10.64,10.64,10.64,10.14,48,62816,668362.0
2021-06-23,2021-06-23,EXPLEOSOL,B,685.0,694.0,671.0,690.85,686.35,2163,17652,12009174.0
2021-06-23,2021-06-23,RTNPOWER,B,6.64,6.64,6.39,6.64,6.33,9311,38217849,252735382.0
2021-06-23,2021-06-23,DEN,A,60.45,61.45,58.9,60.1,59.8,1451,679360,40853385.0
2021-06-23,2021-06-23,ASTEC,A,1363.95,1381.0,1338.15,1352.65,1338.9,763,6442,8792996.0
2021-06-23,2021-06-23,COXKINGS,Z,2.7,2.7,2.7,2.7,2.58,184,408714,1103527.0
2021-06-23,2021-06-23,DLINKINDIA,B,138.0,138.8,131.65,132.65,137.6,2646,119680,16072695.0
2021-06-23,2021-06-23,JSWENERGY,A,163.7,164.6,158.55,161.3,162.05,2097,169729,27397591.0
2021-06-23,2021-06-23,GODREJPROP,A,1420.0,1420.0,1396.9,1405.25,1403.0,2422,29357,41290302.0
2021-06-23,2021-06-23,DBCORP,A,114.0,114.0,107.4,108.85,107.35,1253,65079,7090708.0
2021-06-23,2021-06-23,MBLINFRA,B,29.9,29.9,28.1,28.95,28.5,649,185184,5463045.0
2021-06-23,2021-06-23,JUBLFOOD,A,3249.0,3250.0,3180.9,3222.3,3220.9,2496,20359,65428620.0
2021-06-23,2021-06-23,VASCONEQ,B,22.0,22.2,20.8,21.0,21.75,432,83740,1775725.0
2021-06-23,2021-06-23,SYNCOMHEAL,Z,3.75,4.13,3.75,4.13,3.94,490,422112,1654769.0
2021-06-23,2021-06-23,THANGAMAYL,B,816.95,816.95,803.45,813.9,817.05,99,591,478913.0
2021-06-23,2021-06-23,DBREALTY,B,25.05,26.0,24.25,24.45,25.45,504,98349,2431670.0
2021-06-23,2021-06-23,EMMBI,B,99.65,101.0,95.4,98.9,99.1,222,8742,868678.0
2021-06-23,2021-06-23,HATHWAY,A,27.15,27.85,26.45,26.6,26.9,4653,1588438,42876643.0
2021-06-23,2021-06-23,ARSSINFRA,T,30.7,32.2,30.6,31.5,31.55,15,2634,82312.0
2021-06-23,2021-06-23,TEXMOPIPES,B,48.5,48.6,46.95,47.3,47.0,301,23639,1120495.0
2021-06-23,2021-06-23,SUNDARAM,T,2.72,2.72,2.55,2.61,2.61,623,881092,2312304.0
2021-06-23,2021-06-23,COROENGG,X,35.0,36.15,34.0,36.1,34.45,92,46938,1682513.0
2021-06-23,2021-06-23,ROSSELLIND,B,148.85,152.6,145.5,147.0,148.3,396,10026,1495822.0
2021-06-23,2021-06-23,MANINFRA,B,59.0,59.85,57.2,57.75,59.4,1093,67620,3964621.0
2021-06-23,2021-06-23,TAMBOLIIN,X,58.5,62.95,57.5,60.65,58.55,241,31042,1895939.0
2021-06-23,2021-06-23,IL&FSTRANS,Z,3.05,3.06,2.85,3.04,2.92,76,116572,342984.0
2021-06-23,2021-06-23,PERSISTENT,A,2600.0,2617.95,2542.05,2564.2,2586.5,1350,6237,16142077.0
2021-06-23,2021-06-23,ISFT,B,97.15,99.05,92.4,94.1,97.1,488,17646,1690189.0
2021-06-23,2021-06-23,GOENKA,Z,1.43,1.43,1.31,1.31,1.37,256,505757,670641.0
2021-06-23,2021-06-23,KCPSUGIND,B,25.1,25.1,23.85,24.05,24.6,149,31776,779600.0
2021-06-23,2021-06-23,KECL,T,20.15,20.15,18.9,19.7,19.65,131,28230,551143.0
2021-06-23,2021-06-23,SATCH,X,2.06,2.11,2.02,2.07,2.06,146,99521,205421.0
2021-06-23,2021-06-23,TARAPUR,T,5.65,6.14,5.65,5.7,5.91,21,6863,39425.0
2021-06-23,2021-06-23,SJVN,A,29.25,29.25,28.3,28.55,28.9,682,230215,6631971.0
2021-06-23,2021-06-23,JPINFRATEC,T,3.14,3.14,3.14,3.14,3.3,739,689563,2165227.0
2021-06-23,2021-06-23,EMAMIPAP,B,162.9,165.95,141.2,153.8,158.95,554,32650,5214346.0
2021-06-23,2021-06-23,KRITINUT,X,43.25,44.0,42.6,42.9,43.45,327,35587,1536323.0
2021-06-23,2021-06-23,GKB,X,101.2,119.0,96.25,115.35,99.2,608,87925,10247818.0
2021-06-23,2021-06-23,HMVL,B,91.2,91.5,87.8,89.3,89.6,317,12042,1071416.0
2021-06-23,2021-06-23,EMAMIREAL,B,57.95,58.15,55.55,55.75,56.65,485,12105,695710.0
2021-06-23,2021-06-23,AHLWEST,B,216.35,218.4,216.0,217.15,217.5,24,555,120525.0
2021-06-23,2021-06-23,AHLEAST,B,180.6,180.6,180.6,180.6,176.1,1,1,180.0
2021-06-23,2021-06-23,BAJAJCON,A,292.9,295.8,290.35,290.9,292.9,2043,86391,25256279.0
2021-06-23,2021-06-23,HDFCGOLD,E,41.91,42.1,41.83,41.97,42.03,243,63186,2653291.0
2021-06-23,2021-06-23,PRAKASHSTL,T,1.18,1.18,1.15,1.18,1.13,61,80565,94706.0
2021-06-23,2021-06-23,GOLDIETF,E,41.8,42.0,41.8,41.95,41.85,72,3261,136633.0
2021-06-23,2021-06-23,GPPL,A,113.0,113.35,111.4,111.8,112.0,809,46522,5225712.0
2021-06-23,2021-06-23,WELINV,B,404.0,404.0,395.1,395.15,405.0,12,43,17281.0
2021-06-23,2021-06-23,WAAREEINDO,Z,3.36,3.36,3.2,3.36,3.2,268,363344,1219706.0
2021-06-23,2021-06-23,HEALTHX,B,275.3,277.5,275.3,275.3,289.75,54,8701,2395443.0
2021-06-23,2021-06-23,CPCAP,B,148.3,165.1,148.3,158.85,150.45,1398,41182,6582614.0
2021-06-23,2021-06-23,EROSMEDIA,B,29.45,30.1,29.2,29.3,28.95,464,36202,1068853.0
2021-06-23,2021-06-23,RAMKY,B,153.7,153.7,147.95,149.75,146.4,689,49300,7444200.0
2021-06-23,2021-06-23,GREENPOWER,B,3.03,3.03,2.94,3.03,2.89,1553,6639265,19955644.0
2021-06-23,2021-06-23,GALLISPAT,B,51.3,51.65,49.8,50.3,50.25,291,4010,203154.0
2021-06-23,2021-06-23,CANTABIL,B,394.85,453.35,387.45,443.7,392.0,3403,78596,33127699.0
2021-06-23,2021-06-23,SEATV,XT,1.9,1.9,1.9,1.9,1.91,2,200,380.0
2021-06-23,2021-06-23,WABAG,A,356.7,357.85,345.55,346.7,352.85,1553,50930,17900377.0
2021-06-23,2021-06-23,BEDMUTHA,T,33.6,36.75,33.6,35.5,35.25,25,7424,267455.0
2021-06-23,2021-06-23,ASHOKA,A,98.1,103.95,98.1,101.5,97.55,4192,427473,43579301.0
2021-06-23,2021-06-23,JWL,B,34.0,34.75,32.0,34.65,33.1,2211,728180,24914185.0
2021-06-23,2021-06-23,OBEROIRLTY,A,620.7,627.0,612.45,614.45,614.9,1505,23498,14561114.0
2021-06-23,2021-06-23,PRESTIGE,A,292.0,292.0,285.15,286.1,289.4,1076,24562,7076835.0
2021-06-23,2021-06-23,SHAH,T,2.67,2.67,2.66,2.66,2.79,109,67490,179665.0
2021-06-23,2021-06-23,COALINDIA,A,149.65,150.65,148.15,148.45,148.65,2690,290361,43393459.0
2021-06-23,2021-06-23,GRAVITA,B,128.65,129.85,124.35,125.3,128.4,1651,60747,7721479.0
2021-06-23,2021-06-23,RPPINFRA,B,69.65,71.75,68.0,68.55,68.95,482,71769,5018336.0
2021-06-23,2021-06-23,RDBIPL,X,37.5,37.5,34.5,36.45,35.75,43,2835,102522.0
2021-06-23,2021-06-23,MOIL,A,200.0,203.0,196.6,198.3,199.4,2115,119650,23876623.0
2021-06-23,2021-06-23,ZEELEARN,B,17.35,17.5,16.78,16.93,17.2,704,250052,4282209.0
2021-06-23,2021-06-23,KTIL,X,52.95,54.6,51.0,52.1,52.55,148,11626,610627.0
2021-06-23,2021-06-23,A2ZINFRA,T,6.15,6.15,5.57,6.15,5.86,722,773659,4697729.0
2021-06-23,2021-06-23,KIRLOSENG,A,243.0,243.3,232.1,233.8,244.1,834,14184,3371185.0
2021-06-23,2021-06-23,RKDL,B,13.05,13.45,12.5,13.0,13.29,145,28366,365766.0
2021-06-23,2021-06-23,PSB,B,21.0,22.15,20.7,21.5,20.7,915,278221,5988715.0
2021-06-23,2021-06-23,FMNL,B,18.75,20.05,18.75,20.05,19.1,107,35335,705766.0
2021-06-23,2021-06-23,SURANASOL,B,12.4,12.4,11.71,11.83,12.11,79,23862,285302.0
2021-06-23,2021-06-23,KICL,B,2055.2,2086.0,2029.0,2039.9,2069.6,43,106,216926.0
2021-06-23,2021-06-23,BFINVEST,A,373.0,415.0,373.0,406.9,389.25,2843,62961,25034203.0
2021-06-23,2021-06-23,SUMMITSEC,B,595.15,597.35,592.0,593.25,594.0,17,86,51060.0
2021-06-23,2021-06-23,INOVSYNTH,XT,9.0,9.39,8.61,9.25,8.98,28,4096,37446.0
2021-06-23,2021-06-23,STEL,B,103.7,106.85,102.45,103.95,102.45,76,1864,191478.0
2021-06-23,2021-06-23,OMKARCHEM,T,9.5,10.22,9.26,10.22,9.74,23,15931,152147.0
2021-06-23,2021-06-23,JUBLINDS,B,329.0,330.0,322.3,323.6,325.0,429,7815,2550379.0
2021-06-23,2021-06-23,TEXRAIL,A,34.7,38.0,34.3,36.6,34.7,3526,867247,32064610.0
2021-06-23,2021-06-23,INDTERRAIN,B,36.45,39.25,35.7,38.55,35.7,610,82388,3097207.0
2021-06-23,2021-06-23,FCL,B,89.0,90.0,87.6,88.15,89.1,1623,106159,9403482.0
2021-06-23,2021-06-23,DHUNINV,B,604.0,605.0,586.55,592.25,589.8,62,590,353934.0
2021-06-23,2021-06-23,ZENTEC,B,83.2,86.3,81.45,83.5,83.5,3150,226405,18946241.0
2021-06-23,2021-06-23,LOVABLE,T,118.15,126.0,118.15,121.95,120.8,76,3554,435384.0
2021-06-23,2021-06-23,PFS,A,20.3,20.5,19.8,19.95,20.25,789,290041,5840527.0
2021-06-23,2021-06-23,MON100,E,104.21,104.8,103.6,104.18,103.42,481,53895,5625142.0
2021-06-23,2021-06-23,TCIDEVELP,B,392.6,392.6,385.0,389.3,393.3,11,189,73274.0
2021-06-23,2021-06-23,MUTHOOTFIN,A,1514.0,1514.0,1470.05,1479.2,1506.75,3099,48327,72258052.0
2021-06-23,2021-06-23,FCONSUMER,A,10.4,10.46,9.94,10.05,10.16,2303,1650967,16794220.0
2021-06-23,2021-06-23,TRUEGREEN,X,15.5,15.9,14.4,15.9,15.15,59,26764,421704.0
2021-06-23,2021-06-23,BSLGOLDETF,E,4319.99,4320.8,4319.99,4320.8,4296.01,2,2,8640.0
2021-06-23,2021-06-23,VMS,X,11.0,11.99,11.0,11.53,12.07,43,9959,115132.0
2021-06-23,2021-06-23,KARMAENG,T,19.71,20.64,18.77,20.36,19.71,17,2138,42065.0
2021-06-23,2021-06-23,DELPHIFX,B,628.35,641.0,610.0,618.0,628.35,61,184,115318.0
2021-06-23,2021-06-23,RUSHIL,T,256.1,267.0,250.0,264.4,256.1,46,1025,264767.0
2021-06-23,2021-06-23,ENKEIWHEL,X,385.0,392.9,373.9,378.1,380.75,27,739,281118.0
2021-06-23,2021-06-23,KRIDHANINF,T,6.85,6.85,6.66,6.66,7.01,107,118496,790997.0
2021-06-23,2021-06-23,INVENTURE,B,40.95,41.0,38.2,39.4,40.05,1997,400098,15625152.0
2021-06-23,2021-06-23,LTF,A,93.15,95.7,92.6,95.0,93.1,7613,1619290,153223086.0
2021-06-23,2021-06-23,IBULLSLTD,T,111.0,111.0,105.1,107.75,107.95,89,7646,823382.0
2021-06-23,2021-06-23,TREEHOUSE,T,8.5,8.87,8.1,8.87,8.45,33,12574,110406.0
2021-06-23,2021-06-23,BROOKS,B,94.65,95.75,88.3,89.75,92.65,146,5570,505972.0
2021-06-23,2021-06-23,RUPA,A,488.9,492.9,478.4,484.3,482.75,1475,27676,13409189.0
2021-06-23,2021-06-23,TDPOWERSYS,B,200.3,202.95,196.6,197.45,200.2,207,2172,433611.0
2021-06-23,2021-06-23,GOLDAXIS,E,41.0,41.06,40.51,40.91,40.88,321,16115,657561.0
2021-06-23,2021-06-23,APLLTD,A,1002.0,1002.0,977.75,981.1,997.8,734,8921,8812172.0
2021-06-23,2021-06-23,VASWANI,B,13.25,13.75,13.18,13.64,13.87,117,72402,959299.0
2021-06-23,2021-06-23,PGEL,B,456.05,456.05,435.0,437.1,434.35,386,10037,4520525.0
2021-06-23,2021-06-23,LESHAIND,XT,2.56,2.56,2.56,2.56,2.51,1,330,844.0
2021-06-23,2021-06-23,SETUINFRA,T,1.61,1.61,1.6,1.61,1.54,65,118385,190199.0
2021-06-23,2021-06-23,RDBRL,X,101.9,105.5,97.2,102.3,97.1,1012,170095,17154322.0
2021-06-23,2021-06-23,TIJARIA,B,10.47,10.47,10.0,10.35,9.98,126,20460,211422.0
2021-06-23,2021-06-23,FLEXITUFF,T,20.3,21.2,20.3,20.95,21.35,30,3408,69380.0
2021-06-23,2021-06-23,UEL,T,3.45,3.45,3.22,3.32,3.31,490,558736,1872034.0
2021-06-23,2021-06-23,TRITURBINE,A,123.45,123.45,118.15,119.1,120.85,954,29757,3602518.0
2021-06-23,2021-06-23,INDOTHAI,T,53.2,53.4,50.85,52.65,52.45,7,648,33374.0
2021-06-23,2021-06-23,ESSARSHPNG,T,12.54,12.54,11.4,11.69,11.95,126,32386,377110.0
2021-06-23,2021-06-23,LICMFGOLD,E,4341.65,4350.0,4341.65,4350.0,4342.7,6,6,26083.0
2021-06-23,2021-06-23,APLAPOLLO,A,1648.0,1648.0,1573.95,1583.8,1607.9,1030,217625,346730853.0
2021-06-23,2021-06-23,GPTINFRA,B,85.0,94.45,82.1,85.5,80.45,5475,351280,31035713.0
2021-06-23,2021-06-23,FERVENTSYN,XT,19.5,21.25,19.25,21.2,20.25,53,10580,223553.0
2021-06-23,2021-06-23,TERASOFT,B,62.95,62.95,56.65,57.0,58.3,399,16404,957117.0
2021-06-23,2021-06-23,PMCFIN,X,2.75,2.75,2.75,2.75,2.7,326,446811,1228730.0
2021-06-23,2021-06-23,FUTSOL,XT,22.1,23.0,22.1,23.0,22.1,3,605,13375.0
2021-06-23,2021-06-23,RHIM,A,331.0,354.9,330.8,349.75,329.1,4765,126834,43647448.0
2021-06-23,2021-06-23,MCX,A,1520.9,1520.9,1485.15,1488.3,1496.05,1723,15307,22882786.0
2021-06-23,2021-06-23,SCHNEIDER,A,128.9,133.25,127.8,129.45,128.0,1914,160005,20866847.0
2021-06-23,2021-06-23,OLPCL,X,3.02,3.02,3.02,3.02,2.88,5,554,1673.0
2021-06-23,2021-06-23,NBCC,A,58.8,58.8,56.9,57.05,57.85,4991,1091722,63054995.0
2021-06-23,2021-06-23,MTEDUCARE,T,12.18,12.18,11.06,11.11,11.64,222,76069,848478.0
2021-06-23,2021-06-23,HEXATRADEX,B,110.25,112.65,109.3,109.3,107.3,48,2869,318724.0
2021-06-23,2021-06-23,MAXHEIGHTS,X,14.8,14.8,14.8,14.8,14.1,4,239,3537.0
2021-06-23,2021-06-23,TBZ,B,82.9,83.3,80.2,80.4,82.65,1417,152544,12488795.0
2021-06-23,2021-06-23,VSSL,B,215.3,217.0,212.0,213.05,214.15,848,17475,3743527.0
2021-06-23,2021-06-23,LOOKS,XT,10.0,10.23,10.0,10.23,9.75,15,1854,18609.0
2021-06-23,2021-06-23,SPECIALITY,B,61.05,62.45,59.6,60.35,60.5,435,25864,1578440.0
2021-06-23,2021-06-23,AURUS,B,6.94,6.96,6.43,6.45,6.72,88,25731,170695.0
2021-06-23,2021-06-23,MASL,M,6.71,7.79,6.39,7.1,7.09,38,40000,283568.0
2021-06-23,2021-06-23,RTNINDIA,T,34.9,34.9,32.05,34.9,33.25,3779,2798681,96301384.0
2021-06-23,2021-06-23,SAMPANN,T,7.45,7.6,7.01,7.48,7.26,93,23585,175371.0
2021-06-23,2021-06-23,JTLIND,X,465.0,465.0,448.95,453.2,458.1,138,102756,47260144.0
2021-06-23,2021-06-23,AMTL,X,14.0,14.5,13.56,13.71,14.09,19,1602,22589.0
2021-06-23,2021-06-23,NECCLTD,B,17.7,18.67,16.36,17.23,16.12,1407,605642,10611728.0
2021-06-23,2021-06-23,WAAREERTL,XT,129.9,130.95,122.0,127.0,127.4,233,33572,4275526.0
2021-06-23,2021-06-23,JUPITERIN,X,25.05,25.05,24.1,24.6,24.5,83,5911,144713.0
2021-06-23,2021-06-23,DUCON,T,13.29,13.29,12.32,13.26,12.66,180,104280,1372258.0
2021-06-23,2021-06-23,PROZONER,T,35.9,35.9,35.9,35.9,37.75,671,59751,2145060.0
2021-06-23,2021-06-23,SRGHFL,X,188.0,193.7,182.5,186.65,185.6,66,7295,1381391.0
2021-06-23,2021-06-23,COMCL,X,8.1,9.0,8.1,8.97,9.0,98,41331,338998.0
2021-06-23,2021-06-23,BITL,XT,0.71,0.71,0.69,0.69,0.7,9,19353,13473.0
2021-06-23,2021-06-23,VIRTUALG,XT,1.02,1.02,1.02,1.02,1.04,622,509659,519852.0
2021-06-23,2021-06-23,ZUARI,B,128.0,131.5,126.0,126.55,127.2,606,19461,2497784.0
2021-06-23,2021-06-23,STEELXIND,B,57.9,58.7,57.65,57.7,58.45,21,1670,97030.0
2021-06-23,2021-06-23,TRIOMERC,X,3.49,3.59,3.43,3.46,3.49,149,108834,376158.0
2021-06-23,2021-06-23,CIGNITITEC,A,564.9,572.4,539.0,553.65,554.1,2041,34940,19579668.0
2021-06-23,2021-06-23,CDG,X,27.45,27.45,24.9,24.9,26.2,3,200,5232.0
2021-06-23,2021-06-23,CARERATING,A,738.6,738.7,716.1,722.7,733.55,1025,18365,13283867.0
2021-06-23,2021-06-23,PCJEWELLER,A,28.0,28.45,27.2,27.6,28.05,1307,366399,10205315.0
2021-06-23,2021-06-23,INDUSTOWER,A,251.35,251.35,241.05,242.65,249.9,4617,256214,62468103.0
2021-06-23,2021-06-23,VMART,A,2846.8,2929.25,2841.35,2849.25,2818.3,277,891,2569468.0
2021-06-23,2021-06-23,NIBE,XT,39.25,39.25,37.4,38.4,37.4,90,11189,434576.0
2021-06-23,2021-06-23,MUKTA,XT,2.45,2.45,2.45,2.45,2.45,13,3066,7511.0
2021-06-23,2021-06-23,MYSTICELE,XT,3.75,3.82,3.46,3.8,3.64,36,6474,22683.0
2021-06-23,2021-06-23,COMFINCAP,X,17.31,17.31,15.93,16.59,16.49,78,42618,703994.0
2021-06-23,2021-06-23,SBISENSEX,B,554.0,560.8,550.0,552.16,555.85,101,1706,944285.0
2021-06-23,2021-06-23,BMAL,M,3.45,3.47,3.26,3.47,3.16,20,104000,359400.0
2021-06-23,2021-06-23,REPCOHOME,A,378.0,378.8,362.55,370.4,373.6,801,7122,2640592.0
2021-06-23,2021-06-23,GCMSECU,M,2.38,2.38,2.27,2.27,2.27,4,6400,14880.0
2021-06-23,2021-06-23,NIBL,T,20.0,20.9,19.35,20.75,20.15,22,1817,37355.0
2021-06-23,2021-06-23,KIFS,X,39.4,39.4,36.05,38.0,37.6,11,1361,51111.0
2021-06-23,2021-06-23,SREEL,B,196.45,214.0,196.45,207.6,201.85,417,10690,2199501.0
2021-06-23,2021-06-23,SHARDAMOTR,B,470.0,474.0,451.5,456.9,463.05,713,8918,4089127.0
2021-06-23,2021-06-23,BINNYMILLS,X,88.0,90.0,80.25,86.9,85.0,23,1717,146252.0
2021-06-23,2021-06-23,SVGLOBAL,XT,56.35,56.35,52.1,52.15,53.8,12,2516,139653.0
2021-06-23,2021-06-23,JUSTDIAL,A,1030.5,1043.45,1005.5,1012.05,1020.4,4362,85373,87477271.0
2021-06-23,2021-06-23,OONE,X,6.99,6.99,6.43,6.43,6.76,111,102200,662652.0
2021-06-23,2021-06-23,IFINSEC,XT,16.7,16.7,16.69,16.69,15.95,5,328,5477.0
2021-06-23,2021-06-23,BRAHMINFRA,X,18.99,19.19,18.1,18.15,18.99,45,17590,327187.0
2021-06-23,2021-06-23,AMPVOLTS,X,2.73,2.73,2.73,2.73,2.68,2,989,2699.0
2021-06-23,2021-06-23,KHOOBSURAT,XT,0.32,0.32,0.32,0.32,0.33,89,257175,82296.0
2021-06-23,2021-06-23,ORIENTCEM,A,134.0,135.75,132.0,133.1,133.6,1513,63142,8472537.0
2021-06-23,2021-06-23,ABFRL,A,213.0,215.35,209.3,212.2,212.15,2228,118237,25162460.0
2021-06-23,2021-06-23,SAMMAANCAP,A,278.7,279.0,266.6,268.1,275.6,13823,1766008,482782289.0
2021-06-23,2021-06-23,KUSHAL,XT,5.12,5.2,5.12,5.12,5.38,267,70253,359707.0
2021-06-23,2021-06-23,TIGERLOGS,X,45.95,45.95,43.5,44.2,43.6,121,11772,520944.0
2021-06-23,2021-06-23,JKAGRI,XT,852.0,852.0,805.0,819.95,826.05,74,1098,900291.0
2021-06-23,2021-06-23,FLFL,A,78.8,79.0,72.65,77.1,76.2,640,25564,1964133.0
2021-06-23,2021-06-23,NOVELIX,XT,9.03,9.05,8.85,8.85,9.03,16,2733,24494.0
2021-06-23,2021-06-23,PVVINFRA,XT,5.94,5.97,5.6,5.97,5.69,112,21938,130052.0
2021-06-23,2021-06-23,VCU,T,7.4,7.75,7.03,7.74,7.39,12,2654,20371.0
2021-06-23,2021-06-23,INDRENEW,X,11.01,11.55,11.01,11.07,11.01,16,2496,28624.0
2021-06-23,2021-06-23,FIVEXTRADE,XT,1.17,1.21,1.12,1.18,1.17,131,103175,119010.0
2021-06-23,2021-06-23,YURANUS,XT,8.2,8.2,7.65,7.65,8.0,44,558,4503.0
2021-06-23,2021-06-23,INTELSOFT,X,44.5,44.5,44.5,44.5,44.5,1,1,44.0
2021-06-23,2021-06-23,MOM100,B,27.85,28.2,27.31,27.56,27.91,360,22789,632151.0
2021-06-23,2021-06-23,BPCAP,XT,3.89,3.89,3.89,3.89,3.71,1,1000,3890.0
2021-06-23,2021-06-23,CPL,X,39.0,39.3,38.0,38.25,38.75,2918,771835,29683551.0
2021-06-23,2021-06-23,NIFTYIETF,B,168.5,169.5,167.6,167.69,168.28,114,2506,422183.0
2021-06-23,2021-06-23,NIF100IETF,B,173.1,178.0,172.12,172.12,173.34,17,77,13511.0
2021-06-23,2021-06-23,ARNOLD,X,19.85,19.85,17.8,19.75,19.75,33,6149,116949.0
2021-06-23,2021-06-23,SUNLOC,XT,31.6,33.0,30.7,32.95,32.2,34,2187,69287.0
2021-06-23,2021-06-23,JTLDEFENCE,T,9.5,10.0,9.5,9.62,10.0,20,2329,22494.0
2021-06-23,2021-06-23,SUYOG,B,447.0,447.0,406.55,414.65,414.2,64,935,395803.0
2021-06-23,2021-06-23,NATHBIOGEN,A,421.75,422.0,415.15,417.95,416.2,236,3532,1479189.0
2021-06-23,2021-06-23,AGRITECH,B,44.2,47.6,44.2,44.35,45.75,64,5068,227016.0
2021-06-23,2021-06-23,CHEMTECH,T,9.74,9.74,9.74,9.74,9.28,1,2,19.0
2021-06-23,2021-06-23,KETOMOTORS,X,2.76,2.76,2.76,2.76,2.64,2,300,828.0
2021-06-23,2021-06-23,NIF100BEES,B,164.5,175.0,164.0,164.67,165.02,26,172,29026.0
2021-06-23,2021-06-23,VIAANINDUS,XT,1.17,1.17,1.17,1.17,1.19,53,49569,57995.0
2021-06-23,2021-06-23,DENISCHEM,X,53.8,53.8,51.3,53.4,52.65,45,5248,278269.0
2021-06-23,2021-06-23,POLYMAC,M,10.1,10.1,10.1,10.1,10.1,1,800,8080.0
2021-06-23,2021-06-23,UNISHIRE,M,1.7,1.7,1.65,1.65,1.56,3,30000,50500.0
2021-06-23,2021-06-23,LAXMIPATI,M,25.0,25.0,25.0,25.0,25.0,7,33000,825000.0
2021-06-23,2021-06-23,LADDU,X,29.0,29.0,28.55,28.55,28.55,10,243,7045.0
2021-06-23,2021-06-23,NIFTY1,B,165.5,165.9,164.59,164.88,165.13,48,3220,532326.0
2021-06-23,2021-06-23,KIRANVYPAR,X,149.9,149.9,137.6,142.2,145.6,68,2722,386526.0
2021-06-23,2021-06-23,BCP,T,4.2,4.2,3.83,3.95,4.01,296,68437,269840.0
2021-06-23,2021-06-23,RACE,M,241.0,244.0,238.0,240.0,238.0,16,10000,2401437.0
2021-06-23,2021-06-23,MANGIND,XT,1.32,1.32,1.32,1.32,1.26,17,11329,14954.0
2021-06-23,2021-06-23,VIJIFIN,T,1.9,1.9,1.75,1.77,1.81,170,145037,266037.0
2021-06-23,2021-06-23,HBGHOTELS,X,15.3,15.6,14.82,14.85,15.6,22,2221,33354.0
2021-06-23,2021-06-23,RAUNAQ,XT,24.65,26.95,24.65,26.35,25.9,9,1491,39178.0
2021-06-23,2021-06-23,OBILTD,XT,8.25,8.25,7.5,7.59,7.89,53,12116,91909.0
2021-06-23,2021-06-23,CPSEETF,B,26.21,26.42,26.08,26.32,26.15,1654,743755,19566599.0
2021-06-23,2021-06-23,VASUPRADA,X,137.8,137.8,132.2,132.3,137.8,12,245,32983.0
2021-06-23,2021-06-23,RNBDENIMS,T,84.3,84.3,76.9,78.05,80.9,10,817,65701.0
2021-06-23,2021-06-23,GOLDLINE,Z,0.3,0.3,0.29,0.3,0.29,151,504998,150238.0
2021-06-23,2021-06-23,SHARPINV,XT,0.79,0.79,0.73,0.73,0.76,926,988599,739263.0
2021-06-23,2021-06-23,WONDERLA,A,226.9,232.5,216.2,219.05,225.35,1427,34847,7802343.0
2021-06-23,2021-06-23,RESPONSINF,X,10.0,10.0,10.0,10.0,9.6,1,489,4890.0
2021-06-23,2021-06-23,AFEL,XT,16.35,16.65,16.05,16.65,16.35,58,26013,426539.0
2021-06-23,2021-06-23,INCREDIBLE,B,32.05,34.5,31.6,32.3,31.4,430,37894,1248674.0
2021-06-23,2021-06-23,WESTLEIRES,XT,115.95,115.95,115.95,115.95,113.7,1,50,5797.0
2021-06-23,2021-06-23,NAM,X,39.0,39.0,39.0,39.0,40.0,1,3,117.0
2021-06-23,2021-06-23,METSL,X,66.2,69.35,64.0,66.7,68.4,100,9619,630251.0
2021-06-23,2021-06-23,CCFCL,XT,0.4,0.42,0.4,0.42,0.42,11,17500,7300.0
2021-06-23,2021-06-23,MONEYBOXX,T,68.0,68.0,63.05,65.0,66.3,45,2268,150077.0
2021-06-23,2021-06-23,WORTH,X,14.4,14.4,14.4,14.4,13.72,1,16,230.0
2021-06-23,2021-06-23,TPROJECT,X,1.87,1.87,1.82,1.82,1.79,3,25,46.0
2021-06-23,2021-06-23,CTL,X,7.35,7.35,6.85,6.96,7.05,191,601077,4163173.0
2021-06-23,2021-06-23,YAANENT,X,19.45,19.5,17.8,19.0,19.25,94,17478,336987.0
2021-06-23,2021-06-23,PIPAN,X,0.86,0.86,0.86,0.86,0.82,3,301,258.0
2021-06-23,2021-06-23,ANVRDHI,X,1.28,1.34,1.28,1.34,1.28,8,1260,1643.0
2021-06-23,2021-06-23,RAAMA,XT,0.5,0.5,0.5,0.5,0.48,50,106476,53238.0
2021-06-23,2021-06-23,GOLDCOINHF,X,4.73,4.73,4.73,4.73,4.53,1,100,473.0
2021-06-23,2021-06-23,ARMAN,X,49.35,49.35,49.35,49.35,51.9,3,200,9870.0
2021-06-23,2021-06-23,SKIPPER,B,81.25,82.3,79.2,80.1,81.6,947,55215,4453678.0
2021-06-23,2021-06-23,JAMESWARREN,X,216.9,230.0,208.2,211.05,214.55,56,2972,632942.0
2021-06-23,2021-06-23,VISTARAMAR,X,92.0,92.7,87.25,87.85,91.2,49,2932,262850.0
2021-06-23,2021-06-23,APOLLOTRI,A,1520.0,1540.0,1510.0,1518.3,1520.55,1404,13697,20851484.0
2021-06-23,2021-06-23,GULFOILLUB,A,699.1,703.8,690.05,691.95,694.45,692,6074,4227444.0
2021-06-23,2021-06-23,TRIVENIENT,X,11.56,12.76,11.56,12.0,12.16,24,3014,38088.0
2021-06-23,2021-06-23,TTIENT,X,2.16,2.16,2.16,2.16,2.12,11,5664,12234.0
2021-06-23,2021-06-23,VISHAL,B,57.4,57.5,55.1,55.55,56.45,223,12154,682082.0
2021-06-23,2021-06-23,TOYAMSL,X,2.03,2.03,2.03,2.03,2.07,95,35011,71072.0
2021-06-23,2021-06-23,UNISON,XT,25.0,26.0,25.0,26.0,25.5,4,127,3285.0
2021-06-23,2021-06-23,RTFL,X,7.35,7.35,7.34,7.34,7.6,6,995,7308.0
2021-06-23,2021-06-23,VRL,X,119.3,119.3,115.05,115.9,117.65,75,2569,298082.0
2021-06-23,2021-06-23,SNOWMAN,A,54.75,55.0,53.3,53.8,53.75,1652,574193,31097065.0
2021-06-23,2021-06-23,QGO,XT,19.0,20.9,19.0,20.9,19.95,3,104,2166.0
2021-06-23,2021-06-23,SHARDACROP,A,358.35,358.35,345.5,349.75,355.3,414,6049,2134580.0
2021-06-23,2021-06-23,MIIL,M,24.5,25.0,24.0,25.0,25.65,4,16000,391000.0
2021-06-23,2021-06-23,SENSEXBEES,B,568.1,571.56,564.39,568.95,565.89,22,121,68891.0
2021-06-23,2021-06-23,SHEMAROO,T,124.95,125.5,121.65,123.9,124.9,127,9898,1219863.0
2021-06-23,2021-06-23,ULTRACAB,B,161.0,161.0,159.15,159.2,160.5,28,6083,972194.0
2021-06-23,2021-06-23,ETIL,X,5.65,5.65,5.2,5.22,5.43,41,9832,52447.0
2021-06-23,2021-06-23,ATISHAY,B,39.7,39.7,36.75,37.2,39.15,96,17444,656116.0
2021-06-23,2021-06-23,SANGAMFIN,X,45.05,45.05,45.05,45.05,42.95,7,250,11262.0
2021-06-23,2021-06-23,DHABRIYA,B,66.45,68.95,65.3,67.0,66.7,28,928,61346.0
2021-06-23,2021-06-23,PDSL,B,981.0,985.0,971.0,971.0,973.05,35,524,509572.0
2021-06-23,2021-06-23,HANMAN,M,1.89,1.9,1.89,1.89,2.1,6,25200,47670.0
2021-06-23,2021-06-23,VGCL,T,54.6,54.6,52.05,54.6,52.0,110,5605,305805.0
2021-06-23,2021-06-23,STARLIT,B,15.45,15.45,14.05,14.35,14.75,11,1759,25363.0
2021-06-23,2021-06-23,CEINSYS,B,140.0,140.0,137.1,139.5,139.65,22,578,80519.0
2021-06-23,2021-06-23,PANABYTE,XT,23.6,25.7,23.6,25.7,24.5,16,1839,46340.0
2021-06-23,2021-06-23,CRANEINFRA,X,6.52,7.0,6.52,6.95,6.75,15,8497,58895.0
2021-06-23,2021-06-23,NIYOGIN,X,73.0,76.95,73.0,73.3,73.3,119,135230,10151596.0
2021-06-23,2021-06-23,KALYANCAP,X,37.65,38.2,35.1,36.3,37.65,210,15957,576238.0
2021-06-23,2021-06-23,GBFL,XT,4.12,4.12,3.74,3.76,3.93,92,15902,61755.0
2021-06-23,2021-06-23,SAPPL,X,330.0,338.85,325.55,335.15,332.35,50,2631,882879.0
2021-06-23,2021-06-23,AANCHALISP,XT,5.5,5.8,5.5,5.54,5.7,47,13923,79406.0
2021-06-23,2021-06-23,KAIZENAGRO,XT,4.55,4.75,4.55,4.55,4.73,6,3046,14267.0
2021-06-23,2021-06-23,JMJFIN,X,4.96,4.96,4.96,4.96,4.73,15,10068,49937.0
2021-06-23,2021-06-23,INTELLECT,A,743.5,755.0,731.15,735.55,740.25,1228,22892,16910559.0
2021-06-23,2021-06-23,MONTECARLO,B,317.5,349.95,310.65,333.95,311.6,2700,60185,20081477.0
2021-06-23,2021-06-23,JSTL,X,102.95,103.0,93.5,101.75,98.1,912,133100,13267495.0
2021-06-23,2021-06-23,ICL,XT,4.02,4.02,4.02,4.02,3.83,1,500,2010.0
2021-06-23,2021-06-23,PANAFIC,XT,0.38,0.38,0.36,0.37,0.37,17,26550,9788.0
2021-06-23,2021-06-23,CSL,XT,20.0,20.0,20.0,20.0,20.0,5,34,680.0
2021-06-23,2021-06-23,NEXUSSURGL,X,3.15,3.15,3.15,3.15,3.3,1,10,31.0
2021-06-23,2021-06-23,EMERALD,X,18.8,19.35,17.8,19.3,18.45,94,54226,1046518.0
2021-06-23,2021-06-23,MKEXIM,X,37.25,37.25,35.45,37.0,37.0,14,2648,98055.0
2021-06-23,2021-06-23,MCLOUD,X,57.5,63.2,55.05,61.3,57.7,278,40169,2379419.0
2021-06-23,2021-06-23,KANCHI,X,1340.1,1365.0,1285.0,1301.7,1335.9,1022,14264,18858923.0
2021-06-23,2021-06-23,DTIL,B,575.0,585.0,551.0,564.4,563.55,956,14540,8314352.0
2021-06-23,2021-06-23,SKILVEN,X,9.4,9.4,9.4,9.4,9.89,1,100,940.0
2021-06-23,2021-06-23,VINCOFE,XT,60.15,66.0,60.15,64.25,63.3,97,11161,711363.0
2021-06-23,2021-06-23,COSYN,X,31.9,32.35,29.7,30.75,30.95,208,43395,1330805.0
2021-06-23,2021-06-23,SOFCOM,XT,11.43,11.43,11.43,11.43,10.89,1,150,1714.0
2021-06-23,2021-06-23,NAPL,X,117.0,117.0,117.0,117.0,117.0,1,10,1170.0
2021-06-23,2021-06-23,KARNAVATI,B,19.0,19.0,18.05,18.05,19.0,3,4,74.0
2021-06-23,2021-06-23,MERCANTILE,X,19.0,19.0,18.2,18.5,19.0,23,1887,34704.0
2021-06-23,2021-06-23,SONAL,X,16.0,16.0,16.0,16.0,16.0,1,4,64.0
2021-06-23,2021-06-23,ALFL,XT,1.36,1.36,1.3,1.3,1.36,36,18337,24213.0
2021-06-23,2021-06-23,GENUSPAPER,B,9.98,11.97,9.82,11.6,9.98,2243,1625596,18609178.0
2021-06-23,2021-06-23,MINDACORP,A,134.5,136.35,128.85,130.05,132.85,1168,46186,6160790.0
2021-06-23,2021-06-23,MERCURYLAB,X,735.0,753.9,717.0,719.0,735.0,18,157,113743.0
2021-06-23,2021-06-23,CONCORD,XT,32.15,33.15,31.0,32.95,31.6,126,13855,450753.0
2021-06-23,2021-06-23,WARDINMOBI,XT,74.0,74.0,70.0,71.65,70.5,936,78744,5703538.0
2021-06-23,2021-06-23,GREENLAM,B,1186.1,1192.55,1155.0,1162.45,1183.1,62,83,96877.0
2021-06-23,2021-06-23,TALBROSENG,X,234.0,234.0,220.0,222.2,230.25,213,18748,4229933.0
2021-06-23,2021-06-23,SAPL,X,247.0,257.0,234.2,240.0,246.5,10,67,16084.0
2021-06-23,2021-06-23,PTCIL,XT,1905.0,2000.0,1905.0,1999.3,1988.7,54,2621,5234065.0
2021-06-23,2021-06-23,GBLIL,XT,4.22,4.22,4.22,4.22,4.02,16,1753,7397.0
2021-06-23,2021-06-23,CHENFERRO,XT,6.0,6.0,6.0,6.0,6.0,1,10,60.0
2021-06-23,2021-06-23,GITARENEW,XT,70.65,70.65,70.65,70.65,69.3,7,564,39846.0
2021-06-23,2021-06-23,ORTEL,Z,1.31,1.31,1.31,1.31,1.25,1,10,13.0
2021-06-23,2021-06-23,NEIL,X,6.5,6.55,6.16,6.29,6.48,53,16450,102269.0
2021-06-23,2021-06-23,STARHFL,B,96.95,97.0,84.2,94.1,94.5,75,16836,1569986.0
2021-06-23,2021-06-23,BEEKAY,X,433.0,463.0,412.4,416.5,424.75,289,10230,4389687.0
2021-06-23,2021-06-23,SETFBSE100,B,169.0,169.0,162.14,165.5,166.75,25,267,44861.0
2021-06-23,2021-06-23,FRASER,X,8.0,8.3,8.0,8.3,7.95,27,24324,201324.0
2021-06-23,2021-06-23,TIRUPATIIN,XT,7.1,7.1,7.1,7.1,6.97,9,1764,12524.0
2021-06-23,2021-06-23,AGIIL,B,101.1,103.9,101.0,103.5,100.6,37,5800,594647.0
2021-06-23,2021-06-23,BKMINDST,T,1.29,1.29,1.29,1.29,1.23,80,85566,110380.0
2021-06-23,2021-06-23,MANAKSTEEL,B,24.9,25.1,24.6,24.7,24.6,113,8873,220624.0
2021-06-23,2021-06-23,MANAKALUCO,T,18.45,18.9,17.65,18.1,18.45,140,21549,390594.0
2021-06-23,2021-06-23,MANAKCOAT,B,16.02,16.02,14.5,14.55,15.26,258,90453,1356086.0
2021-06-23,2021-06-23,IMAGICAA,T,9.15,9.15,8.7,8.81,8.74,121,29426,261710.0
2021-06-23,2021-06-23,INOXWIND,B,86.95,88.9,85.25,87.4,85.7,506,21772,1900001.0
2021-06-23,2021-06-23,AANANDALAK,X,4.75,5.0,4.75,4.75,5.0,14,3484,16810.0
2021-06-23,2021-06-23,URSUGAR,M,69.5,69.85,67.55,68.3,68.85,64,212500,14588875.0
2021-06-23,2021-06-23,NORTHLINK,X,27.95,27.95,27.95,27.95,27.95,1,2,55.0
2021-06-23,2021-06-23,SHESHAINDS,X,13.65,13.65,13.65,13.65,13.0,20,9190,125443.0
2021-06-23,2021-06-23,SAB,X,41.0,45.2,41.0,45.2,43.05,15,1096,49484.0
2021-06-23,2021-06-23,PML,X,1794.1,1820.0,1766.0,1786.1,1794.0,45,208,373820.0
2021-06-23,2021-06-23,VRLLOG,A,281.8,282.0,270.5,272.5,277.2,1189,27636,7612134.0
2021-06-23,2021-06-23,JAINMARMO,XT,29.0,29.0,29.0,29.0,28.0,4,51,1479.0
2021-06-23,2021-06-23,GRAMEVA,X,14.75,14.75,14.75,14.75,14.7,1,1,14.0
2021-06-23,2021-06-23,BODHTREE,X,40.0,41.85,39.15,40.8,39.9,210,43006,1755080.0
2021-06-23,2021-06-23,MEP,B,25.4,26.0,24.25,25.35,25.3,520,101877,2580189.0
2021-06-23,2021-06-23,WARDWIZFBL,XT,3.7,3.84,3.7,3.7,3.77,22,1955,7249.0
2021-06-23,2021-06-23,UFO,B,88.5,98.95,86.9,96.95,86.35,20659,1389499,130954749.0
2021-06-23,2021-06-23,NIFTYEES,B,20000.05,20613.0,20000.05,20613.0,20000.0,2,2,40613.0
2021-06-23,2021-06-23,PANTH,X,9.94,10.14,9.94,10.1,10.14,21,2410,24179.0
2021-06-23,2021-06-23,SHIVALIK,X,735.05,799.0,722.0,774.5,733.35,2298,71120,55144332.0
2021-06-23,2021-06-23,ICSL,X,3.2,3.2,3.2,3.2,3.2,9,1030,3296.0
2021-06-23,2021-06-23,PNCINFRA,A,251.0,252.95,247.0,248.65,250.95,815,16027,4017132.0
2021-06-23,2021-06-23,ARFIN,XT,75.9,76.0,72.45,75.9,72.4,30,2445,185505.0
2021-06-23,2021-06-23,STARBEAM,X,7.15,7.15,7.15,7.15,7.15,5,918,6563.0
2021-06-23,2021-06-23,HAWAENG,XT,38.3,42.0,38.3,40.0,40.0,5,219,8448.0
2021-06-23,2021-06-23,AIIL,X,609.55,609.55,609.55,609.55,597.6,9,2845,1734169.0
2021-06-23,2021-06-23,POEL,X,58.95,58.95,51.65,54.0,54.5,69,7909,438477.0
2021-06-23,2021-06-23,AEL,X,14.55,15.9,14.55,15.48,15.34,13,1193,18056.0
2021-06-23,2021-06-23,DEVHARI,X,0.84,0.84,0.84,0.84,0.88,451,705903,592958.0
2021-06-23,2021-06-23,CAPFIN,XT,4.41,4.41,3.99,3.99,4.2,2,110,480.0
2021-06-23,2021-06-23,SATIA,A,86.3,93.1,82.6,89.85,85.5,2413,107503,9561206.0
2021-06-23,2021-06-23,GARMNTMNTR,B,121.0,124.0,109.0,110.8,108.65,681,51612,6102196.0
2021-06-23,2021-06-23,SRESTHA,XT,2.05,2.05,2.05,2.05,2.14,3,61,125.0
2021-06-23,2021-06-23,MUL,XT,30.3,30.3,27.5,30.05,28.9,122,33143,1000531.0
2021-06-23,2021-06-23,SPORTKING,XT,1970.0,1970.0,1860.0,1866.8,1935.95,135,1547,2903567.0
2021-06-23,2021-06-23,GROWINGTON,M,8.85,9.05,8.85,8.95,9.17,15,55000,490450.0
2021-06-23,2021-06-23,AMBITION,B,5.85,5.85,5.62,5.62,5.9,8,1897,10830.0
2021-06-23,2021-06-23,HCKKVENTURE,X,32.7,32.7,32.7,32.7,31.5,4,200,6540.0
2021-06-23,2021-06-23,JIYAECO,XT,6.59,6.59,6.11,6.31,6.34,55,4853,30790.0
2021-06-23,2021-06-23,RUDRA,T,27.25,27.5,26.0,26.15,27.25,70,13882,365638.0
2021-06-23,2021-06-23,LOYAL,B,36.0,36.0,32.05,32.45,33.0,67,9643,315954.0
2021-06-23,2021-06-23,GGPL,B,36.5,36.5,33.05,34.65,34.2,48,2557,87600.0
2021-06-23,2021-06-23,MRSS,M,7.67,7.8,6.72,7.34,7.2,30,21000,155292.0
2021-06-23,2021-06-23,GPL,X,193.0,199.0,187.1,191.45,190.0,42,1721,326824.0
2021-06-23,2021-06-23,BALKRISHNA,T,17.35,18.0,17.35,18.0,18.05,29,13925,245365.0
2021-06-23,2021-06-23,SHYAMCENT,B,11.0,11.0,9.91,9.98,10.29,167,47473,486272.0
2021-06-23,2021-06-23,ADANIENSOL,T,1405.0,1421.2,1294.4,1313.7,1362.5,2291,30084,40092512.0
2021-06-23,2021-06-23,STARDELTA,X,90.0,90.0,89.0,89.0,87.0,5,51,4540.0
2021-06-23,2021-06-23,SAMSRITA,X,31.5,31.5,29.05,30.2,30.3,19,989,29249.0
2021-06-23,2021-06-23,SYNGENE,A,585.1,590.5,576.0,578.3,586.05,1276,23745,13819302.0
2021-06-23,2021-06-23,PECOS,M,29.0,29.0,29.0,29.0,30.1,1,1000,29000.0
2021-06-23,2021-06-23,BLFL,Z,3.61,3.61,3.61,3.61,3.44,14,7351,26537.0
2021-06-23,2021-06-23,MSL,T,94.3,99.9,91.4,93.25,96.2,60,1879,180317.0
2021-06-23,2021-06-23,KAYA,B,341.8,341.8,328.1,333.4,342.55,336,8299,2772106.0
2021-06-23,2021-06-23,SYMBIOX,XT,1.65,1.65,1.65,1.65,1.73,21,9102,15018.0
2021-06-23,2021-06-23,ORTINGLOBE,B,42.25,42.25,37.55,38.3,41.2,1538,134505,5308620.0
2021-06-23,2021-06-23,AVI,XT,27.5,27.5,27.5,27.5,27.0,50,771,21202.0
2021-06-23,2021-06-23,AURUM,A,99.4,99.4,93.2,94.1,96.1,1415,72015,6850906.0
2021-06-23,2021-06-23,OSWALGREEN,B,28.25,30.75,27.25,27.5,27.6,438,37643,1053448.0
2021-06-23,2021-06-23,VASUDHAGAM,X,18.65,18.65,18.65,18.65,19.0,28,6107,113895.0
2021-06-23,2021-06-23,SUNRAKSHAK,X,23.45,25.7,23.45,25.7,24.65,4,115,2719.0
2021-06-23,2021-06-23,ARVSMART,B,107.75,109.0,106.05,106.65,107.65,313,8184,881605.0
2021-06-23,2021-06-23,POWERMECH,A,697.6,704.15,672.9,678.7,692.95,896,9414,6460721.0
2021-06-23,2021-06-23,CANOPYFIN,XT,22.25,23.05,22.15,23.05,22.6,39,45450,1032200.0
2021-06-23,2021-06-23,RAMASTEEL,B,111.05,111.05,111.05,111.05,105.8,31,1918,212993.0
2021-06-23,2021-06-23,THINKINK,X,34.0,38.4,32.6,35.05,34.9,240,511695,17922814.0
2021-06-23,2021-06-23,SENSEXBETA,B,555.0,555.0,543.6,546.6,552.03,36,80,43777.0
2021-06-23,2021-06-23,NIFTYBETA,B,1650.0,1650.0,1650.0,1650.0,1638.14,2,2,3300.0
2021-06-23,2021-06-23,UNIAUTO,M,44.0,44.0,43.1,43.1,42.5,3,12000,519000.0
2021-06-23,2021-06-23,VETO,B,129.5,129.5,123.5,125.2,128.25,252,72918,9392692.0
2021-06-23,2021-06-23,NAVKARCORP,B,41.05,41.85,40.0,40.25,40.9,718,61697,2514396.0
2021-06-23,2021-06-23,SHREEPUSHK,B,181.95,183.5,178.7,179.0,181.5,437,9077,1638087.0
2021-06-23,2021-06-23,GUJENERGY,A,681.0,681.0,650.5,652.7,672.6,7585,192927,128431890.0
2021-06-23,2021-06-23,WAAREE,M,47.0,47.0,47.0,47.0,44.8,5,28000,1316000.0
2021-06-23,2021-06-23,SADBHIN,B,31.95,32.05,30.7,30.9,31.1,777,118380,3707000.0
2021-06-23,2021-06-23,SALAUTO,X,198.7,199.0,180.7,190.0,196.65,37,805,154245.0
2021-06-23,2021-06-23,POLYSPIN,X,83.65,83.65,79.3,81.3,80.4,67,7888,639172.0
2021-06-23,2021-06-23,PRITIKAUTO,X,19.75,20.35,19.35,19.45,20.05,551,270375,5364196.0
2021-06-23,2021-06-23,SKC,T,4.68,4.69,4.45,4.68,4.68,22,1663,7590.0
2021-06-23,2021-06-23,MAHAVEER,Z,5.74,5.85,5.64,5.85,5.74,6,1323,7636.0
2021-06-23,2021-06-23,KRISHNACAP,XT,4.55,4.55,4.4,4.4,4.44,7,1106,4875.0
2021-06-23,2021-06-23,ACME,X,17.6,17.6,16.4,16.42,17.25,36,5098,84193.0
2021-06-23,2021-06-23,VISHALBL,T,34.0,36.25,33.75,36.2,35.5,31,3148,111809.0
2021-06-23,2021-06-23,BELLACASA,B,130.2,137.0,130.2,135.2,131.65,71,2696,363423.0
2021-06-23,2021-06-23,MALLCOM,X,674.0,679.0,635.5,639.15,664.75,236,6259,4082186.0
2021-06-23,2021-06-23,PJL,M,75.0,75.0,74.0,74.0,74.0,5,13500,1001250.0
2021-06-23,2021-06-23,ARAMBHAN,M,5.54,5.54,5.54,5.54,5.55,1,5000,27700.0
2021-06-23,2021-06-23,SATIN,A,91.45,93.5,89.5,90.45,91.65,594,283386,25671369.0
2021-06-23,2021-06-23,GENCON,B,44.7,45.0,43.0,44.5,44.0,39,13219,578950.0
2021-06-23,2021-06-23,KUBERJI,XT,0.9,0.9,0.9,0.9,0.86,1,1,0.0
2021-06-23,2021-06-23,MUZALI,XT,6.5,6.72,6.45,6.71,6.41,9,5000,33350.0
2021-06-23,2021-06-23,TEJNAKSH,B,64.8,66.0,63.65,64.8,64.05,156,41385,2685531.0
2021-06-23,2021-06-23,COFFEEDAY,B,37.85,40.6,37.85,39.0,38.4,1283,242409,9507698.0
2021-06-23,2021-06-23,IDFCFIRSTB,A,58.4,58.8,57.55,57.7,58.1,3527,1108473,64343703.0
2021-06-23,2021-06-23,INDIGO,A,1721.0,1742.4,1702.6,1708.3,1720.2,1941,24733,42601519.0
2021-06-23,2021-06-23,IGCIL,X,35.1,35.1,35.1,35.1,33.45,1,1,35.0
2021-06-23,2021-06-23,SHK,A,177.75,184.4,172.65,179.6,177.0,2884,147906,26737383.0
2021-06-23,2021-06-23,ECOFINITY,X,18.0,18.0,18.0,18.0,18.0,1,1,18.0
2021-06-23,2021-06-23,PANORAMA,XT,45.0,45.0,45.0,45.0,47.2,1,5,225.0
2021-06-23,2021-06-23,SHREEGANES,X,119.5,119.5,115.5,118.0,118.7,51,15802,1858439.0
2021-06-23,2021-06-23,GTV,X,21.85,22.45,21.85,22.45,21.5,8,1530,34347.0
2021-06-23,2021-06-23,LICNETFN50,B,199.8,199.8,199.8,199.8,199.71,1,2,399.0
2021-06-23,2021-06-23,LICNETFSEN,B,559.0,564.5,553.1,555.54,555.13,25,203,113453.0
2021-06-23,2021-06-23,ADCON,XT,8.8,9.04,8.8,9.04,8.61,2,13,114.0
2021-06-23,2021-06-23,QUINT,X,318.0,318.25,303.0,318.25,318.25,32,3060,972710.0
2021-06-23,2021-06-23,HDFCNIFTY,B,168.9,169.4,166.73,167.21,168.7,54,370,62187.0
2021-06-23,2021-06-23,HDFCSENSEX,B,567.6,579.9,564.54,568.35,567.55,53,1098,626322.0
2021-06-23,2021-06-23,UDAYJEW,X,121.95,122.95,112.1,118.65,116.2,72,6459,766850.0
2021-06-23,2021-06-23,SATTVASUKU,X,27.3,29.2,27.3,29.0,28.0,184,90739,2578783.0
2021-06-23,2021-06-23,ALKEM,A,3150.0,3153.65,3095.35,3108.25,3147.95,696,3610,11260941.0
2021-06-23,2021-06-23,LALPATHLAB,A,3154.0,3278.95,3141.9,3231.65,3139.35,7076,56723,182855208.0
2021-06-23,2021-06-23,NAVKETAN,XT,1.29,1.29,1.29,1.29,1.27,9,12809,16523.0
2021-06-23,2021-06-23,SCTL,B,0.77,0.78,0.69,0.74,0.77,3538,2931162,2224896.0
2021-06-23,2021-06-23,CREATIVE,X,345.0,367.0,332.5,355.0,349.95,28,614,212746.0
2021-06-23,2021-06-23,AAYUSH,X,30.5,30.5,30.5,30.5,31.95,22,1459,44499.0
2021-06-23,2021-06-23,LUXIND,A,3765.0,3765.0,3534.85,3650.6,3541.3,1058,4603,16779488.0
2021-06-23,2021-06-23,ABHIINFRA,XT,4.6,4.6,4.59,4.59,4.68,15,1512,6940.0
2021-06-23,2021-06-23,AGRIBIO,X,6.0,6.18,5.99,6.18,6.3,9,3335,20020.0
2021-06-23,2021-06-23,NH,A,485.15,487.95,473.4,478.25,485.4,1047,15542,7501580.0
2021-06-23,2021-06-23,SUPHA,XT,102.0,102.3,101.95,102.1,102.0,25,454,46317.0
2021-06-23,2021-06-23,AARNAV,X,73.0,76.95,72.0,73.85,75.45,63,1913,140497.0
2021-06-23,2021-06-23,ACEWIN,M,9.7,9.7,9.25,9.4,9.25,10,96000,918240.0
2021-06-23,2021-06-23,SCL,X,6.35,6.35,6.05,6.25,6.35,4,210,1272.0
2021-06-23,2021-06-23,SHIVA,XT,0.75,0.75,0.75,0.75,0.78,3,300,225.0
2021-06-23,2021-06-23,MISHTANN,XT,5.8,6.11,5.8,6.07,5.82,346,144395,868938.0
2021-06-23,2021-06-23,JSLHISAR,A,204.9,212.0,198.0,198.9,200.4,1540,68716,13868443.0
2021-06-23,2021-06-23,AMPL,X,13.3,13.3,13.3,13.3,12.7,1,2000,26600.0
2021-06-23,2021-06-23,KEIL,X,30.5,32.65,30.25,31.2,31.15,18,2399,75336.0
2021-06-23,2021-06-23,BCLENTERPR,X,9.75,9.75,9.22,9.22,9.7,63,26218,242002.0
2021-06-23,2021-06-23,PRECAM,B,67.85,72.6,67.75,69.3,66.45,458,27769,1961391.0
2021-06-23,2021-06-23,TEAMLEASE,A,3600.05,3622.45,3584.35,3597.75,3610.5,89,114,410460.0
2021-06-23,2021-06-23,BESTAGRO,B,317.0,323.0,315.3,319.05,315.8,128,2182,696660.0
2021-06-23,2021-06-23,ACEMEN,XT,52.25,56.0,52.0,54.15,54.25,28,9687,516768.0
2021-06-23,2021-06-23,BFLAFL,X,90.0,90.0,90.0,90.0,94.4,2,11,990.0
2021-06-23,2021-06-23,RCL,XT,8.12,8.38,8.12,8.36,8.1,7,889,7411.0
2021-06-23,2021-06-23,QUICKHEAL,A,279.45,279.5,267.0,268.35,276.85,2058,85307,23140097.0
2021-06-23,2021-06-23,KPEL,B,74.8,77.0,71.95,74.7,72.75,151,9437,703275.0
2021-06-23,2021-06-23,IFINSER,X,5.78,5.85,5.78,5.81,5.79,11,598,3471.0
2021-06-23,2021-06-23,HILIKS,XT,14.45,14.86,14.45,14.86,14.16,28,112634,1673612.0
2021-06-23,2021-06-23,GOKULAGRO,B,42.3,43.1,41.0,41.4,41.3,762,67670,2853291.0
2021-06-23,2021-06-23,FREDUN,X,429.8,429.8,412.1,419.25,420.35,50,1036,435023.0
2021-06-23,2021-06-23,SIMBHALS,T,26.7,27.48,24.88,25.5,26.18,151,31531,801521.0
2021-06-23,2021-06-23,MNIL,X,9.8,9.8,9.33,9.33,9.82,71,9033,84389.0
2021-06-23,2021-06-23,DARJEELING,XT,4.7,4.7,4.28,4.28,4.5,19,8967,38390.0
2021-06-23,2021-06-23,ADVIKCA,XT,3.5,3.5,3.5,3.5,3.57,24,4563,15970.0
2021-06-23,2021-06-23,LICNFNHGP,B,167.9,169.36,164.1,168.16,167.9,9,52,8688.0
2021-06-23,2021-06-23,PDMJEPAPER,B,40.7,41.1,38.85,39.15,39.2,1025,183214,7367049.0
2021-06-23,2021-06-23,HCG,A,203.15,211.15,201.05,205.2,201.6,449,10052,2063894.0
2021-06-23,2021-06-23,KDML,M,37.25,37.25,37.25,37.25,37.25,1,3600,134100.0
2021-06-23,2021-06-23,UMIYA,B,8.07,8.78,8.07,8.78,8.45,5,1505,12173.0
2021-06-23,2021-06-23,BHARATWIRE,B,60.8,62.95,60.4,61.75,60.95,115,16288,991061.0
2021-06-23,2021-06-23,CHDCHEM,T,13.85,13.85,13.85,13.85,14.57,36,5595,77490.0
2021-06-23,2021-06-23,CCAVENUE,A,51.75,58.4,51.35,54.45,51.0,12723,4645581,257149821.0
2021-06-23,2021-06-23,LELAVOIR,X,48.9,50.15,48.6,49.5,46.55,57,27049,1329064.0
2021-06-23,2021-06-23,SICLTD,X,0.35,0.35,0.33,0.33,0.34,172,512104,172557.0
2021-06-23,2021-06-23,SUPERIOR,X,187.5,187.9,187.0,187.05,187.3,575,6666,1248046.0
2021-06-23,2021-06-23,RPEL,B,405.0,414.9,397.6,412.15,398.85,101,4073,1652193.0
2021-06-23,2021-06-23,LANCER,B,97.0,100.0,79.0,99.1,97.5,323,33826,3282290.0
2021-06-23,2021-06-23,EQUITAS,A,95.4,96.35,93.6,94.15,94.85,1832,116384,11057782.0
2021-06-23,2021-06-23,HALDER,X,171.45,174.85,171.45,174.85,171.45,13,375,65398.0
2021-06-23,2021-06-23,SKIL,T,4.66,4.66,4.66,4.66,4.9,37,9840,45854.0
2021-06-23,2021-06-23,THYROCARE,A,1350.0,1394.95,1347.1,1386.25,1334.9,2728,40747,56120511.0
2021-06-23,2021-06-23,BAJAJHCARE,B,691.05,712.0,689.85,705.05,690.65,1343,35835,25133652.0
2021-06-23,2021-06-23,UJJIVAN,A,213.0,213.0,208.75,209.15,209.3,1238,64342,13486285.0
2021-06-23,2021-06-23,CROMPTON,A,418.5,418.5,413.45,416.0,414.05,2243,35182,14614081.0
2021-06-23,2021-06-23,PILANIINVS,A,1985.0,2013.85,1966.0,1988.1,1978.25,443,2644,5286563.0
2021-06-23,2021-06-23,DARSHANORNA,B,30.0,31.5,29.55,30.8,31.1,76,5499,166508.0
2021-06-23,2021-06-23,PARAGMILK,A,138.35,140.0,137.4,137.6,138.35,668,32389,4480144.0
2021-06-23,2021-06-23,MADHAVIPL,X,4.16,4.16,4.03,4.08,4.09,265,390260,1598240.0
2021-06-23,2021-06-23,KOCL,XT,1.29,1.29,1.29,1.29,1.23,16,5554,7164.0
2021-06-23,2021-06-23,NAGAFERT,B,9.65,10.06,9.54,10.06,9.59,836,2757729,27645198.0
2021-06-23,2021-06-23,SEIL,T,159.0,159.0,159.0,159.0,159.0,4,52,8268.0
2021-06-23,2021-06-23,MIL,XT,42.2,42.2,42.2,42.2,43.0,13,9010,380222.0
2021-06-23,2021-06-23,YASHCHEM,B,46.05,47.45,46.0,46.75,46.7,41,1395,65155.0
2021-06-23,2021-06-23,MAXVIL,B,70.85,71.15,69.3,69.65,70.15,437,15212,1066512.0
2021-06-23,2021-06-23,NV20IETF,B,84.12,85.02,83.5,84.06,84.69,118,2121,179128.0
2021-06-23,2021-06-23,JLL,XT,14.25,14.25,13.55,13.55,14.25,10,416,5734.0
2021-06-23,2021-06-23,TAALTECH,X,669.6,669.6,640.0,652.5,653.05,80,1421,936838.0
2021-06-23,2021-06-23,MGL,A,1189.4,1192.75,1165.05,1167.5,1185.15,1347,19216,22573238.0
2021-06-23,2021-06-23,ZEAL,B,80.35,83.85,78.1,81.1,82.2,115,7900,639698.0
2021-06-23,2021-06-23,QUESS,A,828.05,836.7,809.65,811.7,822.65,930,8143,6685504.0
2021-06-23,2021-06-23,MIDSELIETF,B,92.5,93.9,91.61,93.33,92.88,69,423,39293.0
2021-06-23,2021-06-23,ASYL,T,12.7,12.7,11.52,12.46,12.12,27,15526,183645.0
2021-06-23,2021-06-23,HIIL,X,3100.0,3194.9,3025.0,3133.55,3107.0,19,288,895811.0
2021-06-23,2021-06-23,COMSYN,B,130.35,133.25,129.05,130.2,131.8,108,15082,1975190.0
2021-06-23,2021-06-23,LLOYDSENGG,T,4.05,4.06,3.68,4.02,3.87,7608,7035872,28080520.0
2021-06-23,2021-06-23,KPL,M,131.85,131.85,131.85,131.85,119.9,3,12000,1582200.0
2021-06-23,2021-06-23,LTM,A,4139.1,4168.2,4104.5,4116.45,4112.05,2450,12067,49946669.0
2021-06-23,2021-06-23,EASTWEST,X,8.25,8.25,7.8,8.0,8.06,195,113951,908255.0
2021-06-23,2021-06-23,BSLSENETFG,B,596.49,596.49,577.78,596.49,567.04,8,23,13700.0
2021-06-23,2021-06-23,COLORCHIPS,XT,50.15,50.15,48.25,50.15,49.2,17,930,46326.0
2021-06-23,2021-06-23,ADVENZYMES,A,421.8,422.65,410.0,412.35,419.75,1195,21066,8737904.0
2021-06-23,2021-06-23,LAHL,XT,5.23,5.23,5.22,5.22,5.22,3,300,1566.0
2021-06-23,2021-06-23,PTIL,T,403.1,403.1,401.0,402.05,401.45,30,34196,13732907.0
2021-06-23,2021-06-23,DBL,A,549.6,569.3,545.3,558.55,549.35,1765,42977,23849215.0
2021-06-23,2021-06-23,SPAL,B,232.0,233.65,223.05,224.65,230.45,665,8325,1904498.0
2021-06-23,2021-06-23,BIGBLOC,B,96.0,96.0,96.0,96.0,95.6,12,135,12960.0
2021-06-23,2021-06-23,ECS,XT,4.01,4.01,3.93,3.93,4.01,6,36,141.0
2021-06-23,2021-06-23,FRETAIL,A,67.8,69.15,65.2,67.25,67.25,6151,683224,45991913.0
2021-06-23,2021-06-23,RBLBANK,A,212.0,212.0,208.0,208.4,210.15,4678,594095,124752645.0
2021-06-23,2021-06-23,SHIVAEXPO,M,3.1,3.1,3.1,3.1,2.99,1,10000,31000.0
2021-06-23,2021-06-23,BLS,B,134.15,134.9,127.05,128.15,133.2,2086,103646,13560311.0
2021-06-23,2021-06-23,MITSU,B,209.0,211.95,204.85,211.4,209.0,64,32088,6762463.0
2021-06-23,2021-06-23,DHATRE,T,40.5,40.5,37.95,39.45,39.75,477,9962,390307.0
2021-06-23,2021-06-23,SABEVENTS,T,1.51,1.51,1.51,1.51,1.44,2,6,9.0
2021-06-23,2021-06-23,RSTL,M,19.8,23.0,19.8,23.0,19.2,2,6000,128400.0
2021-06-23,2021-06-23,TVVISION,T,2.1,2.25,2.1,2.2,2.2,9,8525,18936.0
2021-06-23,2021-06-23,SPICY,M,3.65,3.65,3.65,3.65,3.35,1,10000,36500.0
2021-06-23,2021-06-23,GAMCO,X,11.0,11.0,11.0,11.0,10.48,10,10606,116666.0
2021-06-23,2021-06-23,TIAANC,X,40.5,40.7,39.0,39.05,40.45,76,16827,675096.0
2021-06-23,2021-06-23,LTTS,A,2833.15,2852.85,2820.6,2825.55,2823.4,1057,3579,10145911.0
2021-06-23,2021-06-23,GNA,B,436.25,437.65,430.55,431.0,435.6,368,3028,1311606.0
2021-06-23,2021-06-23,SIIL,X,3.71,3.71,3.71,3.71,3.9,2,62,230.0
2021-06-23,2021-06-23,ICICIPRULI,A,608.0,613.2,599.75,605.15,602.35,3485,498188,301474181.0
2021-06-23,2021-06-23,IISL,X,4.75,4.75,4.43,4.43,4.86,19,5992,27408.0
2021-06-23,2021-06-23,ARCFIN,X,4.75,4.84,4.75,4.81,4.75,13,2472,11744.0
2021-06-23,2021-06-23,HPL,B,64.9,64.9,61.85,62.25,61.2,906,84461,5326676.0
2021-06-23,2021-06-23,SAGARSOFT,X,257.3,257.3,257.3,257.3,262.55,29,1060,272738.0
2021-06-23,2021-06-23,DRA,M,13.14,14.5,13.14,13.16,14.59,6,17500,233400.0
2021-06-23,2021-06-23,VALIANTORG,B,1510.15,1531.3,1490.05,1503.2,1493.95,911,4423,6703664.0
2021-06-23,2021-06-23,ACML,M,64.95,64.95,61.9,61.9,65.15,3,3000,188750.0
2021-06-23,2021-06-23,SHASHIJIT,T,32.7,32.7,32.7,32.7,31.25,1,10,327.0
2021-06-23,2021-06-23,MHEL,M,35.05,35.1,35.05,35.1,33.05,2,6000,210450.0
2021-06-23,2021-06-23,DIKSAT,M,89.0,89.0,89.0,89.0,85.0,1,15000,1335000.0
2021-06-23,2021-06-23,ENDURANCE,A,1550.0,1556.15,1525.0,1535.75,1544.7,1212,5111,7874275.0
2021-06-23,2021-06-23,IDFSENSEXE,B,551.45,551.45,551.45,551.45,545.0,1,20,11029.0
2021-06-23,2021-06-23,PURPLE,X,35.65,37.0,35.65,37.0,37.5,9,30265,1119537.0
2021-06-23,2021-06-23,PNBHOUSING,T,700.6,700.6,700.6,700.6,737.45,678,9333,6538699.0
2021-06-23,2021-06-23,SOUTHERNIN,XT,27.2,27.2,25.45,26.55,25.95,59,3826,102587.0
2021-06-23,2021-06-23,REGENCY,X,13.85,14.5,13.3,13.5,13.55,30,15766,216906.0
2021-06-23,2021-06-23,VBL,A,771.9,775.3,752.0,754.0,777.35,2038,25184,19167100.0
2021-06-23,2021-06-23,SALEM,XT,4.21,4.21,4.21,4.21,4.01,1,36,151.0
2021-06-23,2021-06-23,FRANKLININD,XT,12.67,12.67,11.99,11.99,12.07,4,302,3622.0
2021-06-23,2021-06-23,LKPSEC,X,13.5,13.5,12.56,12.93,12.18,561,378908,4947655.0
2021-06-23,2021-06-23,OSIAJEE,X,34.8,34.8,30.3,32.3,33.3,257,31711,1033243.0
2021-06-23,2021-06-23,SFL,A,2304.9,2340.0,2266.7,2284.95,2291.7,836,4352,10023826.0
2021-06-23,2021-06-23,EIKO,XT,72.4,72.4,72.4,72.4,73.85,1,1,72.0
2021-06-23,2021-06-23,AVL,B,539.3,539.3,539.3,539.3,528.75,13,828,446540.0
2021-06-23,2021-06-23,HEADSUP,T,19.3,19.3,19.3,19.3,20.31,78,6497,125392.0
2021-06-23,2021-06-23,SIFL,XT,13.98,13.98,13.98,13.98,13.98,2,11,153.0
2021-06-23,2021-06-23,TCIEXP,A,1439.2,1477.5,1409.7,1451.5,1415.3,1507,8796,12725911.0
2021-06-23,2021-06-23,SHASHANK,X,16.2,16.2,16.2,16.2,16.2,2,2,32.0
2021-06-23,2021-06-23,LAURUSLABS,A,618.0,619.35,611.8,615.15,613.3,2376,54985,33853030.0
2021-06-23,2021-06-23,NEWLIGHT,XT,25.5,26.5,24.25,26.35,25.5,30,8972,229004.0
2021-06-23,2021-06-23,SNTCL,XT,1.8,1.83,1.67,1.67,1.75,68,10412,18115.0
2021-06-23,2021-06-23,MTPL,X,6.0,6.51,6.0,6.51,6.2,10,1909,12416.0
2021-06-23,2021-06-23,SHANGAR,X,9.98,9.98,9.64,9.65,9.78,624,114172,1107590.0
2021-06-23,2021-06-23,GLCL,XT,20.5,20.5,20.5,20.5,21.4,1,200,4100.0
2021-06-23,2021-06-23,TRU,X,825.0,825.0,800.0,811.35,811.7,223,22553,18324714.0
2021-06-23,2021-06-23,PRICOLLTD,A,96.0,96.25,93.9,94.75,95.35,1412,127462,12135685.0
2021-06-23,2021-06-23,CFL,XT,4.66,4.66,4.66,4.66,4.44,2,2,9.0
2021-06-23,2021-06-23,JITFINFRA,T,14.34,14.34,13.01,14.19,13.66,32,6179,87422.0
2021-06-23,2021-06-23,TANVI,M,42.5,50.0,42.5,50.0,42.0,4,12000,564000.0
2021-06-23,2021-06-23,RMC,M,16.75,16.75,16.5,16.5,17.1,4,8000,132500.0
2021-06-23,2021-06-23,PARMAX,XT,67.75,73.95,67.7,67.85,71.25,26,1428,98686.0
2021-06-23,2021-06-23,LLFICL,X,81.9,82.0,81.1,81.95,81.6,24,10302,842479.0
2021-06-23,2021-06-23,DANUBE,X,27.0,30.8,26.25,27.65,28.0,92,16871,467995.0
2021-06-23,2021-06-23,RADIOCITY,B,28.0,28.0,26.8,26.9,27.5,361,71343,1931572.0
2021-06-23,2021-06-23,DMART,A,3400.0,3400.0,3300.95,3312.75,3372.9,2583,17625,58917810.0
2021-06-23,2021-06-23,KDLL,XT,14.35,14.35,13.32,14.25,14.02,9,318,4243.0
2021-06-23,2021-06-23,ONTIC,XT,3.76,3.76,3.76,3.76,3.59,10,4910,18461.0
2021-06-23,2021-06-23,CHEMCRUX,M,279.0,279.0,275.0,275.0,278.05,3,1500,416500.0
2021-06-23,2021-06-23,MANOMAY,M,32.0,32.0,32.0,32.0,36.0,1,4000,128000.0
2021-06-23,2021-06-23,MAXIMUS,B,94.75,96.4,90.0,92.55,92.05,63,2412,225303.0
2021-06-23,2021-06-23,CLEDUCATE,B,116.9,119.5,116.05,119.2,114.8,125,5662,667606.0
2021-06-23,2021-06-23,PRIMEFRESH,M,72.0,72.0,72.0,72.0,64.0,1,3000,216000.0
2021-06-23,2021-06-23,OCTAWARE,M,87.9,87.9,87.9,87.9,88.9,1,4800,421920.0
2021-06-23,2021-06-23,SHANKARA,A,435.0,442.0,428.7,433.3,428.15,1615,31820,13777337.0
2021-06-23,2021-06-23,SCHAND,B,125.35,127.75,121.0,122.45,116.15,798,60247,7519246.0
2021-06-23,2021-06-23,MEERA,M,101.4,101.4,96.5,96.5,98.3,9,10800,1056600.0
2021-06-23,2021-06-23,IRBINVIT,IF,56.95,57.0,56.8,56.8,57.0,7,22500,1281150.0
2021-06-23,2021-06-23,HUDCO,A,55.7,55.85,54.05,54.3,54.75,2763,717131,39360263.0
2021-06-23,2021-06-23,PSPPROJECT,A,435.25,436.4,425.0,425.4,432.95,493,8142,3511696.0
2021-06-23,2021-06-23,GKL,B,23.55,23.55,23.55,23.55,23.1,47,29581,696632.0
2021-06-23,2021-06-23,AXISAEGPG,B,14.56,16.0,14.56,15.32,15.29,14,156,2399.0
2021-06-23,2021-06-23,INDIGRID,IF,131.99,132.25,131.77,131.77,131.58,12,25515,3370038.0
2021-06-23,2021-06-23,VARIMAN,XT,36.75,37.25,34.2,35.5,35.9,73,8594,307630.0
2021-06-23,2021-06-23,STARCEMENT,A,105.0,106.65,105.0,105.2,105.4,639,21407,2264994.0
2021-06-23,2021-06-23,RIDDHICORP,T,164.0,164.0,164.0,164.0,160.0,1,1,164.0
2021-06-23,2021-06-23,TEJASNET,T,173.0,178.85,173.0,176.45,173.8,719,41015,7242566.0
2021-06-23,2021-06-23,ERIS,A,708.0,708.0,697.05,699.1,696.8,801,5592,3921648.0
2021-06-23,2021-06-23,GTPL,B,172.1,174.0,169.0,169.85,172.3,377,4216,721115.0
2021-06-23,2021-06-23,AUBANK,A,1040.4,1046.05,1015.2,1017.65,1028.15,1720,25163,25903336.0
2021-06-23,2021-06-23,LOWVOLIETF,B,130.0,130.5,128.34,129.07,129.55,35,101,13061.0
2021-06-23,2021-06-23,GGENG,B,29.5,29.5,23.2,25.65,28.3,2126,559046,14338175.0
2021-06-23,2021-06-23,7NR,B,6.95,7.53,6.92,7.03,7.28,168,62113,434886.0
2021-06-23,2021-06-23,BHAGYAPROP,B,27.9,29.0,27.8,27.85,28.35,19,1278,35697.0
2021-06-23,2021-06-23,SALASAR,B,650.0,655.25,644.0,650.0,649.6,408,2334,1511361.0
2021-06-23,2021-06-23,GANGESSECU,B,70.2,73.4,68.3,69.35,68.65,30,2738,192958.0
2021-06-23,2021-06-23,PALASHSECU,T,73.4,80.9,73.4,79.9,77.25,30,1845,142621.0
2021-06-23,2021-06-23,AVADHSUGAR,B,332.5,383.3,332.5,355.95,341.1,1540,29191,10438202.0
2021-06-23,2021-06-23,MAGADSUGAR,B,251.35,263.65,250.0,262.9,251.1,577,14032,3647299.0
2021-06-23,2021-06-23,SPTL,T,7.15,7.15,6.71,6.8,7.04,1572,1719486,11872912.0
2021-06-23,2021-06-23,GSTL,B,68.2,71.65,67.0,67.35,68.1,211,25557,1750491.0
2021-06-23,2021-06-23,NEXT50BETA,B,40.11,40.39,39.45,39.6,40.68,91,8698,345771.0
2021-06-23,2021-06-23,SIS,A,433.05,441.0,418.5,432.65,424.55,450,8931,3829175.0
2021-06-23,2021-06-23,COCHINSHIP,A,410.0,415.95,408.05,408.7,410.3,1388,30379,12500851.0
2021-06-23,2021-06-23,HALEOSLABS,B,793.05,802.5,741.4,748.55,796.65,1527,16318,12426973.0
2021-06-23,2021-06-23,KIOCL,B,279.1,281.7,268.05,271.6,275.25,2640,56261,15504830.0
2021-06-23,2021-06-23,SMRUTHIORG,X,341.45,341.45,331.0,331.0,325.2,130,15365,5186776.0
2021-06-23,2021-06-23,ABCAPITAL,A,121.0,121.25,119.1,119.55,120.25,2305,222557,26725547.0
2021-06-23,2021-06-23,APEX,A,270.8,287.9,268.2,277.5,268.2,2849,88877,24879794.0
2021-06-23,2021-06-23,SHISHIND,T,64.15,67.35,62.5,67.2,64.15,28,2140,142302.0
2021-06-23,2021-06-23,KCDGROUP,XT,38.2,38.2,38.2,38.2,40.2,3,166,6341.0
2021-06-23,2021-06-23,AMFL,XT,2.2,2.2,2.03,2.11,2.13,156,57202,120940.0
2021-06-23,2021-06-23,DIXON,A,4597.0,4621.8,4451.5,4485.15,4551.75,3159,14451,65215648.0
2021-06-23,2021-06-23,BRNL,B,34.35,34.8,33.5,34.05,34.35,385,33108,1134883.0
2021-06-23,2021-06-23,DCAL,A,199.05,204.6,195.0,197.25,199.6,1444,57596,11552253.0
2021-06-23,2021-06-23,LASA,B,87.0,87.45,84.9,85.3,84.25,927,53086,4578303.0
2021-06-23,2021-06-23,PROCLB,X,5.98,5.98,5.43,5.9,5.7,14,6013,34691.0
2021-06-23,2021-06-23,MATRIMONY,B,966.35,973.4,936.0,945.85,963.05,256,1058,1005844.0
2021-06-23,2021-06-23,RHFL,T,6.58,6.58,6.58,6.58,6.27,701,1609992,10593747.0
2021-06-23,2021-06-23,CAPACITE,B,201.0,203.95,197.0,197.25,197.1,586,20655,4161844.0
2021-06-23,2021-06-23,ICICIGI,A,1520.55,1549.5,1517.8,1534.85,1528.05,1399,11007,16837473.0
2021-06-23,2021-06-23,SBILIFE,A,1007.05,1014.95,998.55,1000.7,1006.5,2390,41581,41839611.0
2021-06-23,2021-06-23,DIAMONDYD,A,650.35,678.25,645.7,676.9,644.25,405,4788,3158081.0
2021-06-23,2021-06-23,SHAREINDIA,B,438.0,444.55,432.0,434.65,441.8,250,2222,976364.0
2021-06-23,2021-06-23,TTFL,T,39.0,42.0,38.0,38.4,40.0,69,7379,282564.0
2021-06-23,2021-06-23,POOJA,M,24.55,25.5,24.5,25.5,25.9,6,36000,888300.0
2021-06-23,2021-06-23,SAYAJIIND,X,248.95,248.95,240.1,240.1,242.1,15,646,156654.0
2021-06-23,2021-06-23,MEHAI,B,62.65,62.65,57.25,59.1,61.15,17,343,20309.0
2021-06-23,2021-06-23,IRIS,M,91.0,94.3,91.0,92.65,89.85,2,8000,741200.0
2021-06-23,2021-06-23,SGRL,B,394.1,398.95,378.0,380.1,393.3,333,6627,2552921.0
2021-06-23,2021-06-23,GODREJAGRO,A,581.15,661.05,581.15,632.45,576.4,19501,466320,294206315.0
2021-06-23,2021-06-23,MESCON,XT,16.12,16.12,16.12,16.12,15.36,50,11372,183316.0
2021-06-23,2021-06-23,MASFIN,A,876.5,876.5,859.8,862.15,863.1,178,2146,1858786.0
2021-06-23,2021-06-23,IEX,A,370.1,375.4,367.5,371.7,369.45,6027,321838,120021688.0
2021-06-23,2021-06-23,GICRE,A,201.0,203.95,198.05,198.75,199.65,1451,48278,9719482.0
2021-06-23,2021-06-23,SCPL,M,148.0,148.0,142.1,142.1,150.05,9,7200,1037280.0
2021-06-23,2021-06-23,TIINDIA,A,1177.95,1187.75,1130.65,1171.55,1169.9,1016,7811,9091072.0
2021-06-23,2021-06-23,NAM-INDIA,A,358.3,360.25,353.2,358.9,357.7,1094,33058,11794926.0
2021-06-23,2021-06-23,MAHLOG,A,586.0,586.0,571.0,575.7,584.7,1108,14214,8232681.0
2021-06-23,2021-06-23,NIACL,A,170.0,171.4,167.15,167.65,169.35,612,21522,3639062.0
2021-06-23,2021-06-23,IFGLEXPOR,B,373.0,389.0,368.65,377.3,368.35,1261,18516,7058121.0
2021-06-23,2021-06-23,KHADIM,B,247.5,288.6,241.8,287.95,240.5,5652,137560,38148113.0
2021-06-23,2021-06-23,5PAISA,B,423.0,423.75,416.0,417.1,421.4,200,3437,1443008.0
2021-06-23,2021-06-23,HDFCLIFE,A,722.9,723.55,716.95,717.55,716.55,2142,55190,39741629.0
2021-06-23,2021-06-23,SBRANDS,M,6.4,6.81,6.3,6.75,6.49,8,8000,53310.0
2021-06-23,2021-06-23,SHARIKA,B,57.95,58.4,56.9,57.15,57.35,115,15092,867206.0
2021-06-23,2021-06-23,ICICIB22,B,39.44,39.63,39.33,39.35,39.46,441,50165,1981360.0
2021-06-23,2021-06-23,DNAMEDIA,B,4.35,4.35,4.35,4.35,4.15,71,79561,346090.0
2021-06-23,2021-06-23,DYCL,B,52.5,52.5,49.55,50.35,51.2,272,72684,3737858.0
2021-06-23,2021-06-23,RATNABHUMI,M,68.0,68.1,68.0,68.1,67.1,3,6000,408300.0
2021-06-23,2021-06-23,SHALBY,B,163.5,166.5,161.1,161.85,163.5,871,22218,3635519.0
2021-06-23,2021-06-23,FSC,T,100.0,102.9,98.0,98.95,100.2,270,20760,2073743.0
2021-06-23,2021-06-23,MRCAGRO,M,5.5,5.5,5.0,5.23,5.17,3,24000,127600.0
2021-06-23,2021-06-23,DML,M,10.85,12.85,10.85,12.85,12.0,4,40000,457000.0
2021-06-23,2021-06-23,CRYSTAL,X,10.5,10.5,10.5,10.5,10.55,3,3000,31500.0
2021-06-23,2021-06-23,VITESSE,XT,26.3,26.3,25.0,25.0,25.1,24,3573,89434.0
2021-06-23,2021-06-23,ASTRON,B,59.85,62.25,56.25,57.6,58.65,1931,192273,11410043.0
2021-06-23,2021-06-23,CHANDRIMA,XT,4.75,4.75,4.52,4.52,4.75,17,3657,16645.0
2021-06-23,2021-06-23,JFL,M,10.62,10.62,10.62,10.62,10.62,1,2000,21240.0
2021-06-23,2021-06-23,7SEASL,X,10.45,10.45,10.1,10.45,10.25,61,15365,158679.0
2021-06-23,2021-06-23,APOLLO,B,115.4,117.6,113.7,114.6,114.65,506,20834,2416344.0
2021-06-23,2021-06-23,NEWGEN,A,525.0,538.0,521.55,525.2,529.25,829,55647,29283030.0
2021-06-23,2021-06-23,PRAXIS,B,42.8,44.9,42.65,43.35,42.8,129,8802,385721.0
2021-06-23,2021-06-23,AMBER,A,2830.0,2972.45,2830.0,2913.05,2780.1,3382,17735,51634700.0
2021-06-23,2021-06-23,GALAXYSURF,A,3034.2,3047.35,3010.05,3042.1,3033.65,731,3222,9774851.0
2021-06-23,2021-06-23,GGL,B,16.01,16.01,16.01,16.01,15.7,25,18485,295944.0
2021-06-23,2021-06-23,MEDICO,M,166.0,167.0,160.0,160.0,175.0,3,15600,2594400.0
2021-06-23,2021-06-23,GUJHYSPIN,M,7.31,7.31,7.31,7.31,6.35,1,10000,73100.0
2021-06-23,2021-06-23,IPRU3034,B,13.4,13.6,13.4,13.6,13.01,2,20,270.0
2021-06-23,2021-06-23,IWP,X,51.3,53.3,51.3,51.7,52.3,105,45133,2331555.0
2021-06-23,2021-06-23,TDSL,B,35.0,35.2,33.05,34.65,34.1,103,9190,316387.0
2021-06-23,2021-06-23,BHATIA,T,71.0,71.0,66.0,66.55,68.05,13,2015,134033.0
2021-06-23,2021-06-23,SHIVAMILLS,B,79.95,81.8,76.4,78.3,77.95,188,30776,2492421.0
2021-06-23,2021-06-23,ASTERDM,A,154.0,154.5,151.0,153.2,158.2,2838,136209,20814610.0
2021-06-23,2021-06-23,YSL,XT,15051.0,15051.0,15051.0,15051.0,15051.0,1,1,15051.0
2021-06-23,2021-06-23,KANCOTEA,X,74.25,77.45,74.0,76.5,74.0,82,5737,432787.0
2021-06-23,2021-06-23,HGINFRA,A,380.0,381.9,360.0,362.45,377.4,2022,32735,12207282.0
2021-06-23,2021-06-23,INFLAME,M,290.0,290.0,275.6,282.0,290.0,10,10000,2819650.0
2021-06-23,2021-06-23,ABSLRIF6RG,B,10.1,10.1,9.77,10.0,9.76,7,2180,21345.0
2021-06-23,2021-06-23,BPLPHARMA,XT,379.55,379.55,364.5,368.5,375.05,117,2996,1103652.0
2021-06-23,2021-06-23,LIQUIDETF,F,1000.0,1000.0,999.99,1000.0,999.99,36,4814,4813996.0
2021-06-23,2021-06-23,BDL,A,353.0,362.5,343.7,355.95,349.7,2445,44688,15925706.0
2021-06-23,2021-06-23,BANDHANBNK,A,343.9,344.5,332.05,333.45,342.05,3431,149184,50323862.0
2021-06-23,2021-06-23,HAL,A,1006.6,1046.0,995.0,1021.05,1001.95,3999,39604,40468582.0
2021-06-23,2021-06-23,DHARAN,T,176.0,177.0,173.9,175.05,173.9,253,2377,416337.0
2021-06-23,2021-06-23,SANDHAR,B,247.75,249.95,242.65,244.1,243.45,272,3685,907682.0
2021-06-23,2021-06-23,YASHO,T,425.0,440.0,415.0,421.75,434.0,629,5521,2374669.0
2021-06-23,2021-06-23,BENARA,M,13.05,13.05,12.95,12.95,12.5,4,8000,103960.0
2021-06-23,2021-06-23,ISEC,A,628.4,648.6,624.0,632.05,633.55,1595,31885,20281293.0
2021-06-23,2021-06-23,MIDHANI,A,210.0,211.15,205.65,206.4,209.75,1480,68297,14218409.0
2021-06-23,2021-06-23,OBCL,M,34.0,34.0,33.0,33.0,34.0,2,4000,134000.0
2021-06-23,2021-06-23,LEMONTREE,A,43.2,43.9,42.0,42.35,42.55,3288,685595,29602013.0
2021-06-23,2021-06-23,CHEMFAB,B,147.95,152.0,144.2,148.1,147.5,236,5894,880433.0
2021-06-23,2021-06-23,DLCL,M,19.75,23.0,19.75,23.0,21.9,4,16000,339200.0
2021-06-23,2021-06-23,ORIENTELEC,A,322.3,322.3,311.35,314.9,315.55,1344,28639,9090495.0
2021-06-23,2021-06-23,DHRUV,M,26.65,26.65,26.65,26.65,28.0,2,4000,106600.0
2021-06-23,2021-06-23,AKSHAR,M,10.8,10.8,10.55,10.65,11.02,3,9000,95850.0
2021-06-23,2021-06-23,INDOUS,M,39.25,43.5,38.8,40.95,41.3,4,5000,203125.0
2021-06-23,2021-06-23,IPRU3095,B,13.15,13.15,13.15,13.15,13.49,2,1100,14465.0
2021-06-23,2021-06-23,BSE500IETF,B,224.0,225.22,220.1,224.11,223.62,47,2611,582184.0
2021-06-23,2021-06-23,INDOSTAR,A,359.3,360.1,340.55,345.45,355.6,718,8323,2927824.0
2021-06-23,2021-06-23,MILEFUR,M,19.25,20.15,19.25,20.15,19.25,10,30000,598500.0
2021-06-23,2021-06-23,PARVATI,XT,4.08,4.08,4.08,4.08,4.0,13,6105,24908.0
2021-06-23,2021-06-23,INNOVATORS,M,35.55,36.0,33.3,34.0,36.35,26,41600,1432720.0
2021-06-23,2021-06-23,ZIMLAB,X,140.0,153.65,136.7,144.15,139.7,1132,109460,16156121.0
2021-06-23,2021-06-23,AFFORDABLE,M,103.5,106.5,101.2,101.7,103.0,10,16000,1638320.0
2021-06-23,2021-06-23,DOLLAR,A,313.95,316.75,308.05,309.5,313.1,492,8459,2630913.0
2021-06-23,2021-06-23,NGIL,M,26.5,27.0,26.5,26.75,25.0,3,19500,521625.0
2021-06-23,2021-06-23,PALMJEWELS,B,46.9,46.9,46.9,46.9,49.35,36,12290,576401.0
2021-06-23,2021-06-23,WAA,M,44.65,44.65,41.5,43.0,43.0,8,12800,550080.0
2021-06-23,2021-06-23,ADANIGREEN,T,1189.0,1193.9,1115.0,1157.8,1171.15,4639,41648,47698621.0
2021-06-23,2021-06-23,UNICK,XT,31.65,31.65,31.45,31.45,30.15,5,511,16170.0
2021-06-23,2021-06-23,SOLARA,A,1724.5,1776.95,1713.65,1720.5,1740.85,1056,7198,12471368.0
2021-06-23,2021-06-23,GAYAHWS,T,0.88,0.88,0.82,0.87,0.84,35,81715,71495.0
2021-06-23,2021-06-23,RITES,A,271.95,277.7,268.3,272.6,270.25,2038,115799,31590096.0
2021-06-23,2021-06-23,FINEORG,A,2880.0,2966.4,2880.0,2937.1,2900.0,1842,11646,34134176.0
2021-06-23,2021-06-23,VARROC,A,376.8,376.8,371.55,372.75,375.8,875,11959,4477903.0
2021-06-23,2021-06-23,RAJNISH,M,10.9,10.9,10.9,10.9,11.05,2,2400,26160.0
2021-06-23,2021-06-23,GUJWIND,XT,5.3,5.49,5.11,5.18,5.34,65,25825,135629.0
2021-06-23,2021-06-23,TVF1G,B,13.36,13.36,13.25,13.25,13.36,2,315,4173.0
2021-06-23,2021-06-23,TCNSBRANDS,A,599.9,604.0,570.5,575.75,589.45,1346,23025,13423731.0
2021-06-23,2021-06-23,SUPERSHAKT,M,270.5,270.5,270.5,270.5,280.0,1,7800,2109900.0
2021-06-23,2021-06-23,ASHNI,XT,4.7,4.94,4.7,4.94,4.94,10,269,1266.0
2021-06-23,2021-06-23,HDFCAMC,A,2965.0,2985.0,2937.0,2943.45,2961.45,2205,13602,40318602.0
2021-06-23,2021-06-23,VIVANTA,X,11.7,11.9,11.12,11.12,11.7,8,1284,15058.0
2021-06-23,2021-06-23,FRATELLI,X,17.35,17.35,17.1,17.1,18.0,6,222,3796.0
2021-06-23,2021-06-23,TVF2G,B,12.35,12.35,12.35,12.35,12.6,2,2,24.0
2021-06-23,2021-06-23,CREDITACC,A,736.45,737.0,725.25,733.6,730.25,279,1137,830948.0
2021-06-23,2021-06-23,AMINTAN,XT,3.42,3.42,3.3,3.3,3.36,1033,706153,2356110.0
2021-06-23,2021-06-23,DEEP,B,95.05,98.0,95.0,97.4,96.85,60,13495,1300079.0
2021-06-23,2021-06-23,SMEL,M,4.59,4.59,4.59,4.59,4.18,2,20000,91800.0
2021-06-23,2021-06-23,NEXT50IETF,B,39.6,39.97,39.28,39.34,39.16,41,1210,47808.0
2021-06-23,2021-06-23,ASRL,B,74.0,76.95,73.0,73.05,73.5,411,62300,4662398.0
2021-06-23,2021-06-23,SPACEINCUBA,X,1.7,1.7,1.7,1.7,1.62,22,13716,23317.0
2021-06-23,2021-06-23,SGIL,M,112.0,112.0,112.0,112.0,123.0,1,2000,224000.0
2021-06-23,2021-06-23,LIQUIDIETF,F,1002.0,1003.0,1000.0,1000.75,1000.0,10,346,346010.0
2021-06-23,2021-06-23,IRCON,A,48.1,49.1,47.8,48.3,48.1,3286,710230,34536945.0
2021-06-23,2021-06-23,SETFSN50,B,455.89,455.89,445.11,447.13,451.0,9,31,13934.0
2021-06-23,2021-06-23,MANORAMA,M,1175.0,1239.0,1175.0,1225.0,1201.2,64,13950,16963012.0
2021-06-23,2021-06-23,INNOVATIVE,M,7.71,7.88,7.71,7.73,7.79,4,6000,46490.0
2021-06-23,2021-06-23,NIOSAG,B,13.34,13.34,13.34,13.34,13.39,1,200,2668.0
2021-06-23,2021-06-23,AAVAS,A,2569.8,2569.8,2502.1,2505.85,2546.9,304,1003,2530990.0
2021-06-23,2021-06-23,GENERAAGRI,X,1.99,1.99,1.82,1.99,1.9,37,18460,36002.0
2021-06-23,2021-06-23,GRSE,A,204.35,216.4,201.95,209.0,202.35,3232,178591,37618704.0
2021-06-23,2021-06-23,A1L,M,120.0,120.0,117.0,120.0,118.0,6,12000,1424600.0
2021-06-23,2021-06-23,SHUBHAM,T,119.0,119.05,116.0,118.95,116.75,13,99,11673.0
2021-06-23,2021-06-23,AKI,M,10.35,11.4,10.35,11.4,11.4,5,50000,528000.0
2021-06-23,2021-06-23,SMGOLD,B,89.1,89.1,87.3,87.4,87.35,97,29643,2592011.0
2021-06-23,2021-06-23,VIVIDM,M,17.15,17.15,17.0,17.0,16.0,2,5040,86058.0
2021-06-23,2021-06-23,BCPL,B,51.0,51.05,49.1,49.5,49.75,890,207956,10442575.0
2021-06-23,2021-06-23,ATGL,T,1401.1,1430.0,1317.7,1317.7,1387.05,4471,101682,135016373.0
2021-06-23,2021-06-23,NETRIPPLES,X,5.21,5.21,5.21,5.21,4.97,1,1,5.0
2021-06-23,2021-06-23,PHOSPHATE,XT,71.4,71.4,64.6,71.0,68.0,15,2161,149379.0
2021-06-23,2021-06-23,NIFTYETF,B,162.8,162.8,161.3,161.3,162.08,18,2063,332991.0
2021-06-23,2021-06-23,TECHNOE,A,322.35,324.75,320.05,320.05,321.7,143,1356,436469.0
2021-06-23,2021-06-23,DGL,M,2.88,2.88,2.78,2.78,2.83,33,140000,389840.0
2021-06-23,2021-06-23,IPRU3218,B,14.46,14.46,14.46,14.46,15.59,2,5000,72300.0
2021-06-23,2021-06-23,H1218D43RG,F,12.37,12.37,12.37,12.37,0.0,1,193254,2390551.0
2021-06-23,2021-06-23,DALBHARAT,A,1837.2,1890.0,1792.0,1826.2,1848.9,752,3932,7265756.0
2021-06-23,2021-06-23,ABSLNN50ET,B,393.0,393.0,388.15,392.99,398.0,8,10,3899.0
2021-06-23,2021-06-23,NILASPACES,B,2.85,2.86,2.72,2.78,2.73,869,1495044,4226471.0
2021-06-23,2021-06-23,SRD,B,71.2,79.9,69.05,71.3,71.1,71,8057,602927.0
2021-06-23,2021-06-23,TREJHARA,B,55.3,58.9,54.65,57.5,55.05,463,38385,2201222.0
2021-06-23,2021-06-23,AXISCCGPG,B,14.76,14.76,14.28,14.3,13.5,7,50022,738315.0
2021-06-23,2021-06-23,DECCAN,M,30.0,30.0,29.7,29.7,30.0,4,4800,143640.0
2021-06-23,2021-06-23,AXITA,M,40.0,40.1,40.0,40.1,41.75,2,8000,320400.0
2021-06-23,2021-06-23,KPIGREEN,M,68.25,68.25,64.0,64.0,62.0,2,3200,211600.0
2021-06-23,2021-06-23,RPSGVENT,A,514.35,520.2,504.05,507.1,508.9,432,4203,2148728.0
2021-06-23,2021-06-23,SPENCERS,A,79.25,82.45,77.2,80.45,77.75,3205,164336,13193216.0
2021-06-23,2021-06-23,GLOSTERLTD,X,900.05,928.2,900.0,903.7,905.4,135,1307,1190617.0
2021-06-23,2021-06-23,XELPMOC,B,278.5,328.0,274.5,328.0,273.35,3221,81228,25464365.0
2021-06-23,2021-06-23,RITCO,M,23.5,24.5,22.85,23.65,23.75,7,14400,338720.0
2021-06-23,2021-06-23,CHALET,A,182.0,183.4,178.85,179.7,181.25,710,24512,4425387.0
2021-06-23,2021-06-23,ANMOL,B,155.05,155.05,146.85,147.15,149.85,93,10550,1581138.0
2021-06-23,2021-06-23,JONJUA,M,37.05,37.05,37.05,37.05,39.0,4,31200,1155960.0
2021-06-23,2021-06-23,KRANTI,M,30.45,30.5,29.05,29.05,29.45,3,10800,324000.0
2021-06-23,2021-06-23,ANUP,B,862.65,905.0,848.1,890.4,857.5,396,4074,3593939.0
2021-06-23,2021-06-23,ARVINDFASN,A,136.0,142.0,135.35,138.3,135.85,2022,89308,12413139.0
2021-06-23,2021-06-23,SNXT50BETA,B,45.63,45.63,45.05,45.05,44.86,10,48,2171.0
2021-06-23,2021-06-23,AGOL,M,46.45,46.5,40.25,41.2,45.0,17,33600,1463440.0
2021-06-23,2021-06-23,HBEL,M,85.55,85.55,85.55,85.55,85.55,1,1000,85550.0
2021-06-23,2021-06-23,MSTCLTD,A,260.8,262.9,257.0,257.65,257.85,636,19072,4954942.0
2021-06-23,2021-06-23,EMBASSY,IF,341.0,341.0,337.3,337.67,339.05,31,51000,17290874.0
2021-06-23,2021-06-23,CHANDNIMACH,X,8.36,8.99,8.24,8.27,8.67,11,901,7513.0
2021-06-23,2021-06-23,NSL,M,24.0,24.0,23.05,23.05,23.0,4,60000,1386600.0
2021-06-23,2021-06-23,RVNL,A,32.2,32.7,31.85,32.05,32.15,2122,539079,17380304.0
2021-06-23,2021-06-23,METROPOLIS,A,2792.15,2844.55,2767.4,2802.4,2767.85,1142,5457,15304167.0
2021-06-23,2021-06-23,KPITTECH,A,249.0,249.0,240.55,241.3,243.85,1581,45864,11135022.0
2021-06-23,2021-06-23,POLYCAB,A,1960.0,2007.0,1939.75,1995.8,1944.05,3470,33920,67244669.0
2021-06-23,2021-06-23,JINAAM,MT,4.26,4.26,4.25,4.26,4.06,52,136000,579320.0
2021-06-23,2021-06-23,VIKASLIFE,B,3.28,3.28,3.15,3.17,3.27,2118,2313364,7346912.0
2021-06-23,2021-06-23,NEOGEN,A,832.0,839.85,818.65,823.35,831.2,1006,7354,6102022.0
2021-06-23,2021-06-23,GKP,M,49.5,49.5,49.5,49.5,45.5,1,4000,198000.0
2021-06-23,2021-06-23,EVANS,M,84.0,85.0,79.9,80.2,84.1,10,5500,447225.0
2021-06-23,2021-06-23,BMW,XT,34.3,37.0,34.3,36.4,36.1,175,7979,275053.0
2021-06-23,2021-06-23,AEPL,B,51.0,53.5,50.7,51.55,50.4,166,19750,1025860.0
2021-06-23,2021-06-23,MAHESH,X,5.25,5.25,5.2,5.2,5.19,5,513,2675.0
2021-06-23,2021-06-23,DEL,X,15.5,15.5,15.0,15.0,15.1,8,2435,36725.0
2021-06-23,2021-06-23,PPL,B,175.0,190.0,173.7,186.15,174.75,5945,213838,39410214.0
2021-06-23,2021-06-23,DGCONTENT,T,13.13,13.15,13.0,13.15,12.53,173,92588,1215634.0
2021-06-23,2021-06-23,ARL,M,33.0,33.3,32.9,33.3,33.15,5,20000,661000.0
2021-06-23,2021-06-23,MURAE,M,54.0,54.0,50.25,50.25,51.6,11,25500,1341300.0
2021-06-23,2021-06-23,SBC,M,40.6,40.65,40.55,40.65,41.35,6,18000,731250.0
2021-06-23,2021-06-23,INDIAMART,A,7209.0,7229.9,7117.9,7141.0,7167.4,1863,4133,29566758.0
2021-06-23,2021-06-23,CPML,MT,23.75,23.75,23.75,23.75,23.2,1,4000,95000.0
2021-06-23,2021-06-23,DCMNVL,B,135.25,142.0,135.05,136.5,136.0,292,20620,2863522.0
2021-06-23,2021-06-23,BANKIETF,B,346.2,347.2,343.93,344.0,344.89,32,579,199336.0
2021-06-23,2021-06-23,SNXT50BEES,B,52.65,52.65,52.65,52.65,53.44,2,13,684.0
2021-06-23,2021-06-23,AFFLE,T,4551.0,4720.0,4551.0,4608.75,4656.15,2330,5089,23466612.0
2021-06-23,2021-06-23,SEACOAST,X,171.0,188.8,171.0,178.0,182.75,89,3620,648637.0
2021-06-23,2021-06-23,PVTBANIETF,B,180.99,180.99,178.35,179.52,180.36,24,825,147527.0
2021-06-23,2021-06-23,SPANDANA,A,677.8,682.6,666.45,668.45,670.8,347,2055,1379666.0
2021-06-23,2021-06-23,SWSOLAR,A,254.95,259.0,245.45,247.2,251.05,3782,150700,38140387.0
2021-06-23,2021-06-23,360ONE,A,1162.6,1162.6,1136.05,1137.45,1152.9,89,315,360320.0
2021-06-23,2021-06-23,IIFLCAPS,A,71.95,80.1,70.4,74.9,71.4,1598,136715,10322925.0
2021-06-23,2021-06-23,MUFIN,X,34.9,34.9,32.55,32.8,33.45,86,11948,393104.0
2021-06-23,2021-06-23,GALACTICO,M,72.5,73.5,72.5,73.5,72.5,3,9000,657000.0
2021-06-23,2021-06-23,VEL,XT,25.45,25.45,25.45,25.45,26.75,1,1,25.0
2021-06-23,2021-06-23,NIESSPJ,B,81.5,81.5,81.5,81.5,74.1,1,50,4075.0
2021-06-23,2021-06-23,NIESSPC,B,3.79,3.79,3.4,3.79,3.45,7,392,1481.0
2021-06-23,2021-06-23,FLUOROCHEM,A,1120.0,1145.0,1097.0,1110.8,1124.95,473,3101,3473414.0
2021-06-23,2021-06-23,NIEHSPI,B,1.24,1.24,1.24,1.24,1.13,7,10,12.0
2021-06-23,2021-06-23,IRCTC,A,2100.0,2110.0,2072.05,2077.95,2084.95,7110,73462,153364047.0
2021-06-23,2021-06-23,NIEHSPD,B,1.04,1.04,0.87,0.9,0.95,21,76437,69290.0
2021-06-23,2021-06-23,NIEHSPG,B,10.42,10.42,10.3,10.3,9.48,3,130,1342.0
2021-06-23,2021-06-23,NIEHSPH,B,2.5,2.5,2.32,2.5,2.5,7,290,723.0
2021-06-23,2021-06-23,NIEHSPJ,B,7.92,7.92,7.13,7.13,7.92,7,34,243.0
2021-06-23,2021-06-23,NIESSPL,B,1.15,1.37,1.14,1.31,1.25,64,45701,54990.0
2021-06-23,2021-06-23,NIESSPM,B,14.0,14.0,14.0,14.0,14.0,5,105,1470.0
2021-06-23,2021-06-23,GOBLIN,M,22.1,22.2,22.05,22.2,21.15,13,26000,575300.0
2021-06-23,2021-06-23,GENSOL,M,69.0,69.0,66.0,66.0,76.6,5,8000,545920.0
2021-06-23,2021-06-23,VISHWARAJ,B,154.4,154.4,150.9,151.4,154.0,637,42993,6555155.0
2021-06-23,2021-06-23,GREENPANEL,T,225.05,241.95,225.0,229.05,233.65,307,15063,3458642.0
2021-06-23,2021-06-23,SHAHLON,X,86.5,90.95,85.05,87.05,88.3,70,5272,467630.0
2021-06-23,2021-06-23,ABSLBANETF,B,346.8,346.8,341.1,344.0,347.0,9,32,10975.0
2021-06-23,2021-06-23,ANUROOP,M,12.0,12.1,12.0,12.0,12.0,3,30000,361000.0
2021-06-23,2021-06-23,CSBBANK,A,325.0,329.35,319.75,321.2,324.95,537,10799,3500134.0
2021-06-23,2021-06-23,ABCRSPDG,F,3.21,3.21,3.21,3.21,2.92,20,10502,33711.0
2021-06-23,2021-06-23,UJJIVANSFB,A,31.7,32.05,31.25,31.35,31.7,576,180373,5701979.0
2021-06-23,2021-06-23,HINDWAREAP,T,330.0,330.0,319.95,320.55,327.95,168,6695,2166290.0
2021-06-23,2021-06-23,PRINCEPIPE,A,689.0,689.9,675.65,682.6,685.65,4123,110923,75665757.0
2021-06-23,2021-06-23,EBBETF0423,F,1135.5,1136.99,1128.2,1134.26,1136.42,40,2283,2586513.0
2021-06-23,2021-06-23,EBBETF0430,F,1161.61,1162.25,1160.0,1162.25,1160.75,8,93,107971.0
2021-06-23,2021-06-23,ASSAMENT,XT,726.05,726.05,711.85,726.05,711.85,5,8,5751.0
2021-06-23,2021-06-23,GIANLIFE,M,28.95,28.95,27.5,28.0,27.4,3,18000,509700.0
2021-06-23,2021-06-23,ARTEMISMED,T,311.0,311.0,292.5,296.5,300.0,30,3021,902011.0
2021-06-23,2021-06-23,SUMICHEM,A,399.0,403.05,391.75,392.2,393.35,1259,41513,16417986.0
2021-06-23,2021-06-23,MIDCAPIETF,B,102.0,102.8,100.53,101.82,102.15,54,2436,247887.0
2021-06-23,2021-06-23,NEXT50,B,386.0,386.5,383.5,383.5,387.29,21,191,73470.0
2021-06-23,2021-06-23,TRANWAY21,MS,7.0,7.0,6.52,6.6,7.0,7,70000,462200.0
2021-06-23,2021-06-23,BIRLATYRES,B,30.0,30.3,29.25,29.5,29.7,847,139031,4157694.0
2021-06-23,2021-06-23,UNIVPHOTO,B,354.0,354.0,316.9,316.9,352.1,968,19207,6222822.0
2021-06-23,2021-06-23,ICLORGANIC,M,16.75,24.9,16.75,24.9,20.9,3,24000,499800.0
2021-06-23,2021-06-23,04AGG,F,0.19,0.19,0.19,0.19,0.18,1,1,0.0
2021-06-23,2021-06-23,06AGG,F,6.0,6.0,5.4,5.99,6.0,7,371,2206.0
2021-06-23,2021-06-23,06ARD,F,25.0,30.25,25.0,29.37,27.5,18,2114,56814.0
2021-06-23,2021-06-23,06GPG,F,16.3,16.3,16.3,16.3,14.82,26,6352,103537.0
2021-06-23,2021-06-23,UTRSFS1DGR,F,1.58,1.75,1.58,1.58,1.75,7,135,218.0
2021-06-23,2021-06-23,UTCRFS1DMP,F,1.08,1.08,1.08,1.08,0.99,3,475,513.0
2021-06-23,2021-06-23,UTDBFS1DGR,F,2.26,2.26,1.87,2.26,2.07,9,703,1334.0
2021-06-23,2021-06-23,COHANCE,A,483.95,483.95,472.3,478.85,479.8,782,9543,4539955.0
2021-06-23,2021-06-23,SBICARD,A,971.0,971.65,930.9,933.6,975.6,34886,405178,382141623.0
2021-06-23,2021-06-23,07GPG,F,1.03,1.03,1.03,1.03,0.94,1,65,66.0
2021-06-23,2021-06-23,09AGG,F,45.5,47.85,43.02,47.19,47.79,7,235,11085.0
2021-06-23,2021-06-23,08GPG,B,6.98,6.98,5.75,6.27,6.35,76,8678,54740.0
2021-06-23,2021-06-23,10ARD,F,0.6,0.6,0.6,0.6,0.55,2,659,395.0
2021-06-23,2021-06-23,10GPG,F,4.6,5.45,4.58,4.58,5.08,65,8976,41381.0
2021-06-23,2021-06-23,11DPR,B,1.03,1.03,1.03,1.03,0.94,1,40,41.0
2021-06-23,2021-06-23,11GPG,B,2.6,2.73,2.6,2.73,2.49,122,64461,175430.0
2021-06-23,2021-06-23,11MPD,B,4.02,4.02,4.02,4.02,3.66,23,51021,205104.0
2021-06-23,2021-06-23,11MPR,B,1.03,1.03,1.03,1.03,0.94,1,50,51.0
2021-06-23,2021-06-23,11AGG,B,13.9,13.9,11.7,12.95,12.65,29,6110,79827.0
2021-06-23,2021-06-23,11DPD,B,10.69,10.69,10.69,10.69,9.72,2,251,2683.0
2021-06-23,2021-06-23,POWERINDIA,A,1847.0,1865.3,1815.0,1818.35,1844.55,304,1383,2546126.0
2021-06-23,2021-06-23,BILLWIN,M,17.0,17.0,17.0,17.0,16.95,2,6000,102000.0
2021-06-23,2021-06-23,AARTISURF,B,1363.9,1371.85,1357.2,1361.2,1361.35,102,307,418353.0
2021-06-23,2021-06-23,BONLON,M,22.5,22.5,22.5,22.5,23.0,1,4000,90000.0
2021-06-23,2021-06-23,BOROLTD,B,223.5,223.5,216.5,217.9,220.15,427,14286,3138844.0
2021-06-23,2021-06-23,ROSSARI,B,1240.05,1249.0,1216.65,1226.75,1237.8,950,18196,22530714.0
2021-06-23,2021-06-23,NDRAUTO,B,285.3,324.6,285.3,306.35,287.95,2413,39269,12158826.0
2021-06-23,2021-06-23,EBBETF0431,F,1044.05,1045.9,1042.01,1043.5,1044.89,51,627,654615.0
2021-06-23,2021-06-23,MINDSPACE,IF,290.0,291.05,287.2,287.55,288.25,33,7400,2139894.0
2021-06-23,2021-06-23,ALPL30IETF,B,158.5,159.9,156.05,156.99,158.31,34,260,40809.0
2021-06-23,2021-06-23,MAXHEALTH,B,250.25,264.6,248.3,260.6,249.55,2699,132042,34272285.0
2021-06-23,2021-06-23,ITIETF,B,289.0,292.0,285.32,286.51,287.69,28,159,45885.0
2021-06-23,2021-06-23,MAXIND,B,70.1,72.6,70.1,71.8,71.05,337,34541,2478389.0
2021-06-23,2021-06-23,HDFCNIFBAN,B,347.0,347.45,343.1,347.45,345.68,17,55,18945.0
2021-06-23,2021-06-23,BANKBETA,B,34.99,35.39,34.41,34.45,34.95,67,1145,39852.0
2021-06-23,2021-06-23,HAPPSTMNDS,B,924.9,924.9,904.5,908.2,917.3,2545,53781,49035360.0
2021-06-23,2021-06-23,ROUTE,B,1744.7,1755.6,1717.55,1724.6,1730.75,2025,89921,156366840.0
2021-06-23,2021-06-23,SAMRATFORG,X,108.3,108.3,108.0,108.0,108.3,2,2,216.0
2021-06-23,2021-06-23,ADL,T,40.0,40.7,39.6,40.7,38.8,28,2796,113047.0
2021-06-23,2021-06-23,CAMS,B,2775.0,2797.15,2740.05,2786.85,2755.9,1997,10005,27804485.0
2021-06-23,2021-06-23,CHEMCON,B,472.0,473.85,463.0,464.1,470.75,381,7224,3374787.0
2021-06-23,2021-06-23,SECMARK,M,80.0,80.0,74.95,78.2,82.1,7,7000,537550.0
2021-06-23,2021-06-23,ANGELONE,B,835.0,844.4,815.8,821.9,821.85,1665,21938,18073634.0
2021-06-23,2021-06-23,MAZDOCK,B,264.0,266.75,252.6,255.65,260.0,2175,92238,24127526.0
2021-06-23,2021-06-23,UTIAMC,B,784.85,785.65,773.0,776.0,788.15,758,10972,8551436.0
2021-06-23,2021-06-23,GMPL,M,168.0,168.0,168.0,168.0,168.0,1,800,134400.0
2021-06-23,2021-06-23,LIKHITHA,B,413.95,416.55,405.6,407.95,410.35,1059,14266,5864845.0
2021-06-23,2021-06-23,HEMIPROP,B,146.1,147.25,143.0,143.15,146.1,2186,105717,15304920.0
2021-06-23,2021-06-23,EQUITASBNK,B,61.0,61.0,59.0,59.1,60.0,904,72914,4333232.0
2021-06-23,2021-06-23,GLAND,B,3190.05,3220.0,3150.05,3186.95,3176.4,1376,6928,22112828.0
2021-06-23,2021-06-23,ESG,B,27.01,27.1,26.8,26.88,27.1,31,2205,59384.0
2021-06-23,2021-06-23,RBA,B,158.0,158.65,155.0,155.35,156.7,3683,248697,38912339.0
2021-06-23,2021-06-23,TARC,B,30.45,30.65,29.7,29.85,29.9,298,28929,868332.0
2021-06-23,2021-06-23,MOGSEC,F,48.23,48.29,48.23,48.29,48.26,3,250,12064.0
2021-06-23,2021-06-23,RVHL,B,20.7,21.05,20.1,21.05,20.05,50,7135,149638.0
2021-06-23,2021-06-23,FAIRCHEMOR,B,1668.0,1668.0,1530.65,1544.2,1603.65,1255,6830,10688684.0
2021-06-23,2021-06-23,BECTORFOOD,B,410.9,410.9,404.15,405.85,407.55,1207,29992,12217202.0
2021-06-23,2021-06-23,AWHCL,B,330.2,339.7,324.95,334.5,327.95,1831,35373,11830011.0
2021-06-23,2021-06-23,INFRABEES,B,459.0,460.0,448.1,454.54,459.25,44,117,53374.0
2021-06-23,2021-06-23,IRFC,B,25.15,25.15,24.7,24.85,24.95,3023,2364278,58764226.0
2021-06-23,2021-06-23,INDIGOPNTS,B,2572.65,2596.3,2544.15,2580.4,2565.95,1707,12440,31929203.0
2021-06-23,2021-06-23,HOMEFIRST,B,539.5,540.4,530.0,535.05,541.2,535,11235,6006640.0
2021-06-23,2021-06-23,STOVEKRAFT,B,619.95,626.05,601.55,604.85,615.35,1578,24206,14849306.0
2021-06-23,2021-06-23,BIRET,IF,270.0,270.32,268.3,269.56,269.59,32,10000,2696466.0
2021-06-23,2021-06-23,SMCGLOBAL,B,79.65,80.9,78.05,79.05,78.05,266,30307,2409469.0
2021-06-23,2021-06-23,NURECA,B,1564.0,1570.0,1519.95,1550.0,1524.85,534,207178,321056963.0
2021-06-23,2021-06-23,RAILTEL,B,149.85,149.85,146.3,146.65,149.1,1613,200436,29598611.0
2021-06-23,2021-06-23,HERANBA,B,706.05,715.0,698.0,699.65,709.3,2058,29044,20470776.0
2021-06-23,2021-06-23,DRCSYSTEMS,T,276.15,289.95,276.1,282.0,290.0,20,561,157860.0
2021-06-23,2021-06-23,ADJIA,MS,39.95,39.95,39.95,39.95,42.05,1,1600,63920.0
2021-06-23,2021-06-23,MTARTECH,B,997.45,1001.0,984.0,985.15,991.65,531,3488,3451296.0
2021-06-23,2021-06-23,JUBLINGREA,B,551.0,557.4,544.0,545.3,553.8,1050,19563,10730437.0
2021-06-23,2021-06-23,EASEMYTRIP,B,407.4,407.9,390.8,393.55,399.55,2596,105671,41776564.0
2021-06-23,2021-06-23,KMEW,M,53.8,54.05,48.6,51.5,53.8,11,33000,1670850.0
2021-06-23,2021-06-23,SUUMAYA,M,810.0,810.3,790.0,810.3,771.75,13,7800,6251880.0
2021-06-23,2021-06-23,ANURAS,B,738.8,751.9,729.1,742.05,732.05,7287,230705,170427204.0
2021-06-23,2021-06-23,CRAFTSMAN,B,1742.85,1798.0,1730.0,1788.1,1741.3,1553,14714,25864041.0
2021-06-23,2021-06-23,LXCHEM,B,225.0,225.2,221.3,222.45,223.55,1125,64782,14447262.0
2021-06-23,2021-06-23,KALYANKJIL,B,82.65,82.65,80.2,80.7,81.55,2667,320288,25931036.0
2021-06-23,2021-06-23,SURYODAY,B,227.8,227.8,222.75,223.15,223.3,215,4034,905265.0
2021-06-23,2021-06-23,NAZARA,B,1515.0,1534.25,1501.0,1506.35,1509.5,1387,15979,24200646.0
2021-06-23,2021-06-23,SUVIDHAA,B,30.9,30.9,28.65,28.75,30.15,414,64465,1884548.0
2021-06-23,2021-06-23,UFBL,B,913.6,924.85,864.4,883.4,914.6,2038,17519,15637853.0
2021-06-23,2021-06-23,EKI,M,635.95,635.95,635.95,635.95,623.5,1,1200,763140.0
2021-06-23,2021-06-23,RCAN,M,20.0,20.0,20.0,20.0,18.5,1,6000,120000.0
2021-06-23,2021-06-23,LODHA,B,701.9,701.9,677.35,682.05,699.25,2112,117103,80883240.0
2021-06-23,2021-06-23,DEEPINDS,B,81.2,91.0,81.2,82.75,86.0,476,39874,3431978.0
2021-06-23,2021-06-23,PGINVIT,IF,112.0,113.0,112.0,112.27,112.01,164,31200,3507962.0
2021-06-23,2021-06-23,MAFANG,B,51.45,52.0,51.25,51.56,51.15,322,70751,3651028.0
2021-06-23,2021-06-23,HEALTHIETF,B,85.6,86.4,84.21,84.93,85.44,63,4058,345739.0
2021-06-23,2021-06-23,IWEL,T,265.7,265.7,265.7,265.7,253.05,2,6,1594.0
2021-06-23,2021-06-23,VINEETLAB,T,62.9,62.9,57.0,59.25,59.95,520,117199,7048883.0
2021-06-23,2021-06-23,SENSEXIETF,B,568.0,570.0,565.0,567.75,569.5,19,105,59513.0
2021-06-23,2021-06-23,TATAMTRDVR,A,161.5,161.5,156.1,156.35,159.6,1833,95851,15114716.0
2021-06-23,2021-06-23,FELDVR,B,14.73,15.42,14.37,15.06,15.08,97,26690,401236.0
2021-06-23,2021-06-23,JISLDVREQS,T,18.3,18.3,17.0,17.05,17.43,86,16290,280660.0
2021-06-23,2021-06-23,GATECHDVR,B,2.32,2.32,2.14,2.2,2.25,54,56944,123838.0
2021-06-23,2021-06-23,KARURVYSYA,B,52.35,52.95,51.5,51.65,52.3,1793,209177,10916117.0
2021-06-23,2021-06-23,VEEDOL,B,12450.0,12750.0,12321.65,12410.95,12302.5,913,1800,22481432.0
2021-06-23,2021-06-23,AMRUTANJAN,B,685.0,686.75,675.4,680.3,685.65,234,2486,1693359.0
2021-06-23,2021-06-23,XPROINDIA,T,192.7,192.7,176.4,180.8,185.1,150,11046,2051115.0
2021-06-23,2021-06-23,HISARMETAL,B,134.0,136.65,131.0,133.5,134.25,623,20505,2746252.0
2021-06-23,2021-06-23,BHARATRAS,B,12910.0,12990.0,12588.0,12619.75,12853.85,89,153,1945923.0
2021-06-23,2021-06-23,EASTSILK,T,4.31,4.31,4.3,4.31,4.11,27,20596,88754.0
2021-06-23,2021-06-23,FACT,B,150.0,153.0,136.55,140.25,147.15,4284,254119,37426113.0
2021-06-23,2021-06-23,GINNIFILA,B,30.65,30.8,29.55,29.75,30.05,195,8306,250365.0
2021-06-23,2021-06-23,SPIC,B,48.15,49.1,46.1,47.0,47.75,2401,405563,19347221.0
2021-06-23,2021-06-23,DENORA,B,338.0,340.45,326.0,330.6,330.25,157,3297,1099949.0
2021-06-23,2021-06-23,SAKSOFT,B,482.7,486.7,481.45,483.15,485.65,94,1376,665194.0
2021-06-23,2021-06-23,SALONA,B,145.7,145.7,144.0,144.0,145.05,5,53,7705.0
2021-06-23,2021-06-23,EQUIPPP,B,5.21,5.21,5.21,5.21,4.97,5,342,1781.0
2021-06-23,2021-06-23,ANDHRSUGAR,B,432.8,441.9,432.35,435.75,430.15,307,2562,1119042.0
2021-06-23,2021-06-23,IMPAL,B,778.0,869.0,757.25,802.65,778.55,1716,13376,11010952.0
2021-06-23,2021-06-23,KCP,B,120.0,121.3,118.7,119.85,119.55,1041,78861,9485075.0
2021-06-23,2021-06-23,RADAAN,B,1.91,1.91,1.91,1.91,1.82,17,24406,46615.0
2021-06-23,2021-06-23,SUNDARMFIN,B,2673.5,2676.0,2642.1,2674.7,2673.5,170,503,1340058.0
2021-06-23,2021-06-23,SUNDRMBRAK,B,427.1,444.0,427.1,439.75,425.2,220,3138,1362936.0
2021-06-23,2021-06-23,WHEELS,B,593.05,596.05,579.55,584.4,587.35,221,2046,1202577.0
2021-06-23,2021-06-23,LAMBODHARA,B,89.05,89.05,84.0,85.35,87.8,401,13700,1176937.0
2021-06-23,2021-06-23,MAITHANALL,B,1050.0,1079.1,1003.0,1009.05,1034.6,4441,55327,57314857.0
2021-06-23,2021-06-23,ORISSAMINE,B,3536.5,3560.45,3375.05,3401.65,3491.85,655,2091,7241004.0
2021-06-23,2021-06-23,GOLDBEES,E,40.96,41.06,40.89,41.0,40.91,571,161542,6616666.0
2021-06-23,2021-06-23,LIQUIDBEES,F,1000.01,1000.01,999.99,1000.0,1000.0,242,115815,115814100.0
2021-06-23,2021-06-23,GOLD1,E,411.5,413.3,410.83,412.68,410.93,256,1757,724562.0
2021-06-23,2021-06-23,SETFGOLD,E,4195.0,4199.99,4184.25,4198.66,4189.48,230,437,1832030.0
2021-06-23,2021-06-23,QGOLDHALF,E,2036.0,2036.0,2033.0,2033.0,2032.9,8,19,38653.0
2021-06-23,2021-06-23,GOLDBETA,E,41.0,41.39,41.0,41.11,41.1,156,10847,446058.0
2021-06-23,2021-06-23,NIFTYBEES,B,170.86,170.86,168.57,168.69,169.4,903,38902,6587058.0
2021-06-23,2021-06-23,JUNIORBEES,B,408.0,410.34,402.0,403.15,406.88,285,2821,1144293.0
2021-06-23,2021-06-23,BANKBEES,B,351.66,351.66,347.33,347.98,349.15,1193,58006,20247597.0
2021-06-23,2021-06-23,PSUBANK,B,244.99,244.99,239.37,243.04,243.99,126,3105,751097.0
2021-06-23,2021-06-23,PSUBNKBEES,B,27.58,27.58,26.73,26.94,27.11,801,248698,6761806.0
2021-06-23,2021-06-23,SHARIABEES,B,405.0,407.98,396.75,398.99,405.16,37,624,250746.0
2021-06-23,2021-06-23,QNIFTY,B,1631.1,1631.1,1629.0,1629.78,1630.0,4,4,6519.0
2021-06-23,2021-06-23,HNGSNGBEES,E,352.25,354.9,348.1,351.0,354.76,65,606,213713.0
2021-06-23,2021-06-23,MOM50,B,155.6,156.5,155.34,155.81,156.5,8,77,12001.0
2021-06-23,2021-06-23,ASHIKACR,X,45.0,48.0,44.85,46.5,45.75,132,48126,2248774.0
2021-06-23,2021-06-23,MADRASFERT,B,32.5,34.95,31.75,34.2,31.8,690,155512,5192345.0
2021-06-23,2021-06-23,MUKUNDCRPS,F,5.99,5.99,5.46,5.46,5.45,4,155,846.0
2021-06-23,2021-06-23,795LTFHL23,F,101.0,101.25,101.0,101.25,101.5,13,5000,505491.0
2021-06-23,2021-06-23,ZEENCPS,F,1.98,1.99,1.98,1.98,1.99,20,369898,735693.0
2021-06-23,2021-06-23,VECORE,R,0.2,0.29,0.15,0.28,0.21,1233,10074311,2172502.0
2021-06-23,2021-06-23,APLABRE,R,5.25,6.5,5.25,5.44,5.23,49,19073,106371.0
2021-06-23,2021-06-23,SGB2016I,G,4760.0,4800.0,4760.0,4800.0,4750.0,2,11,52400.0
2021-06-23,2021-06-23,SGB2016II,G,4701.1,4701.1,4701.1,4701.1,5086.64,1,10,47011.0
2021-06-23,2021-06-23,SGBAUG24,G,4785.0,4800.0,4785.0,4800.0,4820.0,2,2,9585.0
2021-06-23,2021-06-23,SGBSEP24,G,4710.1,4710.1,4710.1,4710.1,4750.1,2,2,9420.0
2021-06-23,2021-06-23,SGBMAR25,G,4701.0,4701.0,4700.0,4700.0,4700.0,2,5,23501.0
2021-06-23,2021-06-23,SGBAPR28I,G,4711.0,4780.0,4711.0,4731.06,4799.0,12,20,94599.0
2021-06-23,2021-06-23,SGBMAY28,G,4676.0,4819.98,4676.0,4819.98,4691.01,3,4,18871.0
2021-06-23,2021-06-23,SGBJUN28,G,4680.0,4700.0,4680.0,4681.0,4685.0,3,7,32861.0
2021-06-23,2021-06-23,SGBJUL28IV,G,4720.0,4735.0,4692.0,4730.0,4725.0,22,91,430109.0
2021-06-23,2021-06-23,SGBAUG28V,G,4790.1,4897.0,4790.0,4790.25,4797.57,54,386,1864297.0
2021-06-23,2021-06-23,SGBSEP28VI,G,4768.0,4768.0,4720.0,4730.0,4765.83,40,368,1740138.0
2021-06-23,2021-06-23,SGBN28VIII,G,4735.0,4735.0,4711.0,4711.0,4740.0,6,11,51986.0
2021-06-23,2021-06-23,SGBJAN29IX,G,4750.0,4760.0,4712.0,4712.0,4748.91,15,31,146978.0
2021-06-23,2021-06-23,SGBJAN29X,G,4840.0,4840.0,4750.0,4750.01,4715.0,3,4,19180.0
2021-06-23,2021-06-23,SGBFEB29XI,G,4766.5,4790.0,4710.1,4720.0,4729.6,6,13,61496.0
2021-06-23,2021-06-23,SGBMR29XII,G,4715.0,4799.0,4705.15,4721.49,4715.01,22,87,412634.0
2021-06-23,2021-06-23,SGBMAY29I,G,4690.0,4694.99,4656.26,4678.79,4664.34,57,402,1881824.0
2021-06-23,2021-06-23,SGBJUN29II,G,4651.0,4999.0,4651.0,4772.0,4775.38,25,79,374436.0
2021-06-23,2021-06-23,SGBJU29III,G,4655.0,4869.0,4655.0,4794.0,4870.0,17,35,167424.0
2021-06-23,2021-06-23,663KARSDL30,G,101.65,101.65,101.65,101.65,102.95,1,10200,1036830.0
2021-06-23,2021-06-23,821RJSDL25,G,107.5,107.5,107.5,107.5,0.0,1,10000,1075000.0
2021-06-23,2021-06-23,DHANIPP,B,88.0,89.1,83.5,83.65,87.85,500,30445,2587974.0
2021-06-23,2021-06-23,RELIANCEPP,A,1605.0,1615.3,1575.0,1577.4,1595.45,2708,27507,43715259.0
2021-06-23,2021-06-23,ABFRLPP,A,182.3,182.3,176.25,177.7,177.55,241,2992,532824.0
2021-06-23,2021-06-23,SATINPP,B,70.15,70.15,64.75,65.3,68.45,61,8381,553186.0
2021-06-23,2021-06-23,MOLDTEKPP,B,360.0,361.5,321.1,333.4,358.65,116,571,193466.0
2021-06-23,2021-06-23,URJAPP,T,3.26,3.26,3.26,3.26,3.11,62,62241,202905.0
2021-06-23,2021-06-23,1015STFC21,F,1101.99,1105.0,1101.5,1105.0,1097.0,26,996,1098325.0
2021-06-23,2021-06-23,849NTPC25,F,13.77,13.85,13.77,13.81,13.83,26,8269,114249.0
2021-06-23,2021-06-23,736PFCL25,F,1150.0,1150.0,1150.0,1150.0,1140.01,1,21,24150.0
2021-06-23,2021-06-23,734REC30,F,1246.0,1246.0,1246.0,1246.0,1214.01,1,24,29904.0
2021-06-23,2021-06-23,718REC35,F,1290.0,1290.0,1290.0,1290.0,1325.0,1,180,232200.0
2021-06-23,2021-06-23,743REC35,F,1320.0,1320.0,1320.0,1320.0,1318.61,4,380,501600.0
2021-06-23,2021-06-23,753IRFC30,F,1241.2,1250.0,1241.2,1250.0,1275.0,3,493,614859.0
2021-06-23,2021-06-23,739NHAI26,F,1116.38,1116.38,1116.38,1116.38,1139.0,1,150,167457.0
2021-06-23,2021-06-23,76NHAI31,F,1249.0,1249.0,1238.1,1242.35,1240.3,12,1505,1868059.0
2021-06-23,2021-06-23,774IREDA31,F,1245.01,1245.01,1245.01,1245.01,1250.0,2,111,138196.0
2021-06-23,2021-06-23,729NHAI26,F,1168.5,1168.5,1168.5,1168.5,1155.98,1,1,1168.0
2021-06-23,2021-06-23,769HUDCO31,F,1270.15,1270.15,1270.0,1270.0,1275.2,3,156,198140.0
2021-06-23,2021-06-23,764IRFC31,F,1270.12,1270.12,1270.1,1270.1,1278.98,3,200,254023.0
2021-06-23,2021-06-23,764NABAR31,F,1249.5,1249.5,1249.5,1249.5,1244.0,1,3000,3748500.0
2021-06-23,2021-06-23,872MMFSL26,F,1090.1,1100.0,1090.05,1100.0,1158.95,3,110,120405.0
2021-06-23,2021-06-23,10NIDO26,F,1022.0,1032.95,1022.0,1032.95,1030.0,2,10,10274.0
2021-06-23,2021-06-23,925DHFL21B,F,385.0,385.0,385.0,385.0,400.0,1,47,18095.0
2021-06-23,2021-06-23,930DHFL26B,F,376.18,376.18,376.18,376.18,371.0,1,13,4890.0
2021-06-23,2021-06-23,0DHFL26B,F,406.0,406.0,406.0,406.0,400.0,1,40,16240.0
2021-06-23,2021-06-23,925DHFL23B,F,380.0,392.5,380.0,392.5,389.0,7,495,190765.0
2021-06-23,2021-06-23,10SEFL21,F,511.0,511.0,499.0,500.0,426.1,10,205,103578.0
2021-06-23,2021-06-23,940RHFL32B,F,191.5,192.0,191.5,192.0,160.0,3,85,16310.0
2021-06-23,2021-06-23,935SEFL22B,F,420.0,450.0,411.0,450.0,482.44,8,215,94380.0
2021-06-23,2021-06-23,805MMFS32,F,1411.5,1411.5,1411.5,1411.5,1485.0,1,50,70575.0
2021-06-23,2021-06-23,912SEFL22,F,425.0,425.0,425.0,425.0,425.0,1,14,5950.0
2021-06-23,2021-06-23,950SEFL22,F,469.0,475.0,425.5,430.0,425.0,10,88,40641.0
2021-06-23,2021-06-23,900MFL22A,F,1025.0,1025.0,1025.0,1025.0,1026.0,7,143,146575.0
2021-06-23,2021-06-23,785MMFSL24,F,1025.0,1025.0,1025.0,1025.0,1025.0,1,30,30750.0
2021-06-23,2021-06-23,805MMFSL32,F,1039.9,1040.0,1039.9,1040.0,1040.0,7,250,259993.0
2021-06-23,2021-06-23,935SEFL24,F,457.0,457.0,457.0,457.0,381.0,1,40,18280.0
2021-06-23,2021-06-23,9SEFL23B,F,414.0,414.0,412.0,412.0,413.97,5,228,94354.0
2021-06-23,2021-06-23,0SEFL23A,F,301.0,301.0,301.0,301.0,370.0,1,600,180600.0
2021-06-23,2021-06-23,912SEFL28,F,600.0,600.0,450.0,547.0,551.0,7,201,105547.0
2021-06-23,2021-06-23,865ERFL23,F,950.0,950.0,950.0,950.0,951.11,1,15,14250.0
2021-06-23,2021-06-23,9ERFL23,F,970.5,970.5,970.5,970.5,990.0,1,200,194100.0
2021-06-23,2021-06-23,888ECL28,F,920.0,923.0,920.0,921.88,920.0,4,21,19329.0
2021-06-23,2021-06-23,10KFL23,F,980.1,980.1,980.0,980.04,992.0,2,25,24501.0
2021-06-23,2021-06-23,92SEFL28,F,360.0,431.0,360.0,424.8,359.76,7,184,73640.0
2021-06-23,2021-06-23,96SEFL28,F,360.2,360.2,360.2,360.2,303.53,1,10,3602.0
2021-06-23,2021-06-23,9DHFL23,F,388.0,388.0,378.0,378.0,389.0,2,220,83360.0
2021-06-23,2021-06-23,925JMFCSL21,F,1010.0,1015.0,1010.0,1015.0,1010.0,3,80,80925.0
2021-06-23,2021-06-23,975JMFCS28,F,1085.7,1085.7,1085.7,1085.7,1085.3,1,492,534164.0
2021-06-23,2021-06-23,893STFCL23,F,1011.51,1011.51,1011.51,1011.51,1017.47,1,30,30345.0
2021-06-23,2021-06-23,903SFL28,F,1093.95,1100.0,1093.95,1100.0,1090.0,5,125,136829.0
2021-06-23,2021-06-23,0STFCL21F,F,1292.5,1292.5,1291.07,1291.21,1290.12,9,348,449694.0
2021-06-23,2021-06-23,925EFL23,F,984.0,984.0,984.0,984.0,990.0,3,15,14760.0
2021-06-23,2021-06-23,943ECL28,F,939.99,940.0,939.99,940.0,944.98,6,115,108099.0
2021-06-23,2021-06-23,9ICCL23,F,996.8,996.8,996.8,996.8,996.8,1,5,4984.0
2021-06-23,2021-06-23,96SFIL24A,F,914.0,914.0,900.2,900.2,910.0,3,106,95774.0
2021-06-23,2021-06-23,880TCFSL21,F,1070.05,1070.5,1068.1,1068.22,1070.5,10,343,366513.0
2021-06-23,2021-06-23,890TCFSL23,F,1118.15,1123.95,1118.15,1119.3,1120.0,3,20,22426.0
2021-06-23,2021-06-23,910TCAP28,F,1210.0,1210.0,1210.0,1210.0,1202.0,1,50,60500.0
2021-06-23,2021-06-23,96AHFL21,F,1066.0,1066.0,1066.0,1066.0,1066.0,2,50,53300.0
2021-06-23,2021-06-23,940STFCL21,F,1070.09,1070.09,1070.09,1070.09,1056.3,1,5,5350.0
2021-06-23,2021-06-23,STFCL21118,F,1265.05,1265.05,1265.05,1265.05,1261.05,1,10,12650.0
2021-06-23,2021-06-23,10MFL23,F,1130.0,1130.0,1130.0,1130.0,1060.0,1,10,11300.0
2021-06-23,2021-06-23,10MFL21A,F,1047.31,1047.31,1047.31,1047.31,1050.0,1,25,26182.0
2021-06-23,2021-06-23,967JMFCSL23,F,1025.0,1030.0,1025.0,1030.0,1020.01,2,60,61550.0
2021-06-23,2021-06-23,1020EFL22,F,1129.3,1129.3,1034.0,1034.0,1030.0,3,18,19501.0
2021-06-23,2021-06-23,EFL4JAN19,F,1240.0,1240.01,1240.0,1240.0,1240.0,8,150,186000.0
2021-06-23,2021-06-23,EFL4JAN19A,F,1270.0,1270.0,1270.0,1270.0,1210.0,3,500,635000.0
2021-06-23,2021-06-23,905MMFSL22,F,1035.0,1036.0,1035.0,1036.0,1035.99,5,76,78716.0
2021-06-23,2021-06-23,93MMFSL27,F,1170.0,1170.0,1125.26,1125.5,1154.99,4,112,126477.0
2021-06-23,2021-06-23,981SEFL22,F,400.0,459.0,400.0,459.0,418.9,7,151,66169.0
2021-06-23,2021-06-23,1025SEFL22,F,625.0,625.0,625.0,625.0,600.0,1,24,15000.0
2021-06-23,2021-06-23,0SEFL22C,F,371.0,400.2,371.0,398.93,456.0,7,483,187519.0
2021-06-23,2021-06-23,0KFLSRIV,F,1106.0,1106.0,1106.0,1106.0,1239.4,1,10,11060.0
2021-06-23,2021-06-23,912STFCL24,F,1060.0,1064.0,1060.0,1064.0,1060.0,3,143,151930.0
2021-06-23,2021-06-23,SFL24,F,1275.0,1275.0,1275.0,1275.0,1275.0,1,4,5100.0
2021-06-23,2021-06-23,96IFL22,F,1044.0,1044.0,1044.0,1044.0,1034.5,1,5,5220.0
2021-06-23,2021-06-23,975IFL24,F,1020.0,1020.0,1015.0,1015.0,1026.0,6,300,305016.0
2021-06-23,2021-06-23,975MFL24,F,1031.0,1047.9,1022.1,1047.9,1035.0,10,178,182414.0
2021-06-23,2021-06-23,1040DLSL22,F,1006.0,1006.0,1006.0,1006.0,1006.0,1,8,8048.0
2021-06-23,2021-06-23,1050DLSL24,F,951.0,1015.0,951.0,1010.0,1006.0,5,66,66726.0
2021-06-23,2021-06-23,91LTFL22,F,1040.0,1040.1,1040.0,1040.1,1038.0,2,60,62405.0
2021-06-23,2021-06-23,925LTFH24,F,1088.0,1104.8,1088.0,1104.8,1090.0,2,187,204968.0
2021-06-23,2021-06-23,889LTFH24,F,1078.0,1078.0,1078.0,1078.0,1076.55,3,3,3234.0
2021-06-23,2021-06-23,935LTF29,F,1210.0,1239.99,1210.0,1239.99,1201.0,3,55,68169.0
2021-06-23,2021-06-23,898LTF29,F,1140.0,1140.0,1134.0,1134.0,1145.0,19,332,376608.0
2021-06-23,2021-06-23,89LTFL22,F,1030.1,1030.1,1030.1,1030.1,1025.0,1,27,27812.0
2021-06-23,2021-06-23,975MHIL24,F,1037.8,1037.9,1037.8,1037.9,1036.36,4,272,282283.0
2021-06-23,2021-06-23,975MHIL22,F,1002.0,1005.0,1002.0,1005.0,1007.21,2,400,401700.0
2021-06-23,2021-06-23,MHLZC24,F,1201.05,1201.05,1180.0,1180.0,1250.0,2,500,590105.0
2021-06-23,2021-06-23,1050SEFL22,F,570.0,570.0,570.0,570.0,570.0,1,15,8550.0
2021-06-23,2021-06-23,0SEFL22E,F,411.0,411.0,411.0,411.0,512.05,1,150,61650.0
2021-06-23,2021-06-23,1025SEFL24A,F,400.0,489.6,391.0,489.0,408.0,4,62,25447.0
2021-06-23,2021-06-23,1075SEFL24,F,600.0,600.0,600.0,600.0,555.0,1,10,6000.0
2021-06-23,2021-06-23,1004JMFPL24,F,1049.8,1049.8,1049.8,1049.8,1048.48,1,9,9448.0
2021-06-23,2021-06-23,995ECL24B,F,980.0,985.95,980.0,980.01,980.0,9,178,174824.0
2021-06-23,2021-06-23,104ECL24A,F,990.0,990.0,990.0,990.0,990.0,1,100,99000.0
2021-06-23,2021-06-23,995ECL29A,F,950.0,970.0,950.0,970.0,944.0,5,161,153452.0
2021-06-23,2021-06-23,95MFL22,F,1021.0,1021.0,1020.0,1020.0,1020.0,7,390,397995.0
2021-06-23,2021-06-23,975MFL24AA,F,1051.0,1056.85,1050.0,1056.13,1057.4,4,400,421296.0
2021-06-23,2021-06-23,975MFL22AA,F,1031.01,1031.01,1025.0,1025.0,1030.0,4,50,51486.0
2021-06-23,2021-06-23,1013DLSL24,F,995.0,995.0,995.0,995.0,985.0,1,9,8955.0
2021-06-23,2021-06-23,975KFL21A,F,995.0,995.0,995.0,995.0,995.0,2,20,19900.0
2021-06-23,2021-06-23,922SFL24,F,1040.6,1040.6,1040.6,1040.6,1040.0,1,3,3121.0
2021-06-23,2021-06-23,85TCAPS24,F,1112.0,1112.0,1112.0,1112.0,1112.05,3,120,133440.0
2021-06-23,2021-06-23,IIFLZC25,F,1199.0,1199.7,1199.0,1199.7,1105.4,2,50,59967.0
2021-06-23,2021-06-23,985JMFPL24,F,1050.0,1050.0,1050.0,1050.0,1050.0,1,19,19950.0
2021-06-23,2021-06-23,985SFL24,F,1092.0,1092.0,1092.0,1092.0,1090.0,6,318,347256.0
2021-06-23,2021-06-23,BILNCD,F,32.71,32.92,32.71,32.8,32.71,8,1509,49494.0
2021-06-23,2021-06-23,975MFL24B,F,1078.19,1078.19,1078.19,1078.19,1050.0,4,440,474403.0
2021-06-23,2021-06-23,MHFLZC26,F,1270.0,1270.0,1200.0,1200.0,1266.0,10,100,120700.0
2021-06-23,2021-06-23,99ECL21,F,1077.55,1077.55,1055.8,1055.8,1040.0,2,88,93084.0
2021-06-23,2021-06-23,102ECL23,F,1006.0,1006.0,1006.0,1006.0,1040.0,1,25,25150.0
2021-06-23,2021-06-23,995ECL24,F,970.0,994.85,970.0,980.0,980.0,7,325,318055.0
2021-06-23,2021-06-23,995ECL29,F,981.0,990.0,980.0,990.0,985.0,7,473,465230.0
2021-06-23,2021-06-23,104ECL29,F,990.0,990.0,990.0,990.0,960.0,2,40,39600.0
2021-06-23,2021-06-23,975KFL21B,F,995.0,995.0,995.0,995.0,995.0,3,35,34825.0
2021-06-23,2021-06-23,10KFL22C,F,990.0,990.0,990.0,990.0,1000.0,1,250,247500.0
2021-06-23,2021-06-23,829LTF24,F,1070.0,1070.0,1070.0,1070.0,1062.55,6,66,70620.0
2021-06-23,2021-06-23,95MFL23A,F,1022.0,1022.0,1022.0,1022.0,1025.15,3,200,204400.0
2021-06-23,2021-06-23,0MFL23AA,F,1160.0,1160.0,1160.0,1160.0,1160.0,1,100,116000.0
2021-06-23,2021-06-23,84TCHF28,F,1110.02,1110.02,1110.02,1110.02,1125.0,1,1,1110.0
2021-06-23,2021-06-23,885STFCL23,F,1041.0,1041.0,1041.0,1041.0,1038.0,1,65,67665.0
2021-06-23,2021-06-23,0EFIL21,F,1133.1,1133.1,1133.1,1133.1,1134.0,2,100,113310.0
2021-06-23,2021-06-23,10EFIL23,F,1002.0,1002.0,1002.0,1002.0,1010.0,1,50,50100.0
2021-06-23,2021-06-23,98NWFL25,F,990.9,990.9,989.98,989.99,980.0,6,1054,1043531.0
2021-06-23,2021-06-23,98NWFL30,F,1000.0,1000.0,990.0,990.0,955.0,3,300,298000.0
2021-06-23,2021-06-23,MFLZC25A,F,1134.5,1134.5,1134.5,1134.5,1135.0,1,15,17017.0
2021-06-23,2021-06-23,105MMFL25,F,1000.0,1000.0,1000.0,1000.0,999.74,1,8,8000.0
2021-06-23,2021-06-23,95JFPL22,F,1032.0,1032.0,1029.0,1029.0,1028.5,2,15,15465.0
2021-06-23,2021-06-23,948JFPL25,F,1014.0,1014.0,1012.0,1012.0,1048.0,2,60,60820.0
2021-06-23,2021-06-23,10MVAFL25,F,1005.0,1005.0,1005.0,1005.0,1015.01,1,500,502500.0
2021-06-23,2021-06-23,10KFL23A,F,960.0,960.0,960.0,960.0,975.0,3,400,384000.0
2021-06-23,2021-06-23,105MMFL25A,F,1001.0,1001.0,1001.0,1001.0,1001.0,1,3,3003.0
2021-06-23,2021-06-23,0MFL22C,F,1051.07,1100.0,1051.07,1100.0,1100.0,3,124,135861.0
2021-06-23,2021-06-23,0KFL21F,F,986.09,986.09,986.09,986.09,1045.11,1,50,49304.0
2021-06-23,2021-06-23,915MFL25,F,1007.51,1007.51,1007.51,1007.51,1000.0,1,10,10075.0
2021-06-23,2021-06-23,0MFL23C,F,1040.0,1040.0,1040.0,1040.0,1038.0,1,300,312000.0
2021-06-23,2021-06-23,MFLOI24,F,962.0,962.0,960.0,960.0,965.01,4,200,192251.0
2021-06-23,2021-06-23,105MMFL25C,F,980.0,1007.51,980.0,1007.51,950.0,2,11,11055.0
2021-06-23,2021-06-23,935EFSL24,F,998.8,998.8,997.8,997.81,996.0,4,36,35941.0
2021-06-23,2021-06-23,939EFSL26,F,987.0,987.0,971.0,980.0,987.9,8,81,78876.0
2021-06-23,2021-06-23,MFLI24,F,965.0,965.0,965.0,965.0,964.5,1,10,9650.0
2021-06-23,2021-06-23,MFLV24,F,975.05,975.05,950.0,950.0,975.0,2,100,95125.0
2021-06-23,2021-06-23,48PFCL24,F,950.0,950.0,950.0,950.0,950.0,1,10,9500.0
2021-06-23,2021-06-23,697PFCL36,F,1033.01,1033.01,1030.01,1031.78,1034.84,11,871,898434.0
2021-06-23,2021-06-23,715PFCL36,F,1050.1,1050.5,1049.75,1050.48,1050.02,11,2215,2326561.0
2021-06-23,2021-06-23,0KFL22E,F,990.0,990.0,990.0,990.0,1000.0,3,20,19800.0
2021-06-23,2021-06-23,10KFL24C,F,1000.0,1000.0,1000.0,1000.0,1010.0,1,1,1000.0
2021-06-23,2021-06-23,825MFL23,F,983.0,983.0,982.2,982.2,994.94,2,30,29486.0
2021-06-23,2021-06-23,85MFL24,F,980.0,980.0,980.0,980.0,985.0,1,10,9800.0
2021-06-23,2021-06-23,9MFL27,F,1000.0,1000.0,990.0,990.0,1010.0,3,10,9920.0
2021-06-23,2021-06-23,925MMFL22,F,996.0,996.0,996.0,996.0,996.0,1,20,19920.0
2021-06-23,2021-06-23,95MMFL23,F,985.0,985.0,985.0,985.0,985.0,1,10,9850.0
2021-06-23,2021-06-23,10MMFL24A,F,980.0,980.0,980.0,980.0,966.59,2,10,9800.0
2021-06-23,2021-06-23,825MFL23A,F,987.0,989.99,987.0,989.9,970.0,12,231,228222.0
2021-06-23,2021-06-23,85MFL24A,F,985.0,985.0,985.0,985.0,960.0,1,50,49250.0
2021-06-23,2021-06-23,875MFL26A,F,1005.0,1005.0,1005.0,1005.0,960.2,1,20,20100.0
2021-06-23,2021-06-23,9MFL27A,F,990.0,990.0,990.0,990.0,1000.0,9,100,99000.0
2021-06-23,2021-06-23,0MFL23VI,F,961.0,1012.0,856.0,1012.0,1000.0,22,1033,962830.0
2021-06-23,2021-06-23,MFLZC27E,F,990.0,990.0,990.0,990.0,995.0,1,10,9900.0
2021-06-23,2021-06-23,EFSLZC24A,F,969.99,969.99,941.0,941.0,970.0,3,35,33509.0
2021-06-23,2021-06-23,916EFSL26,F,992.14,992.14,992.14,992.14,990.05,1,20,19842.0
2021-06-23,2021-06-23,955EFSL26,F,984.0,984.0,980.0,980.0,994.0,2,65,63900.0
2021-06-23,2021-06-23,970EFSL31,F,995.0,995.0,991.0,991.57,998.0,7,18,17862.0
2021-06-23,2021-06-23,9MMFL22,F,980.0,980.0,980.0,980.0,1000.0,1,1,980.0
2021-06-23,2021-06-23,975MMFL24,F,1011.0,1011.0,990.0,990.0,1011.11,3,59,58452.0
2021-06-23,2021-06-23,1025MML26A,F,1004.0,1004.0,1004.0,1004.0,1010.0,1,10,10040.0
2021-06-23,2021-06-23,79IGT28,F,1001.0,1001.0,1001.0,1001.0,1025.0,1,9,9009.0
2021-06-23,2021-06-23,82IGT31,F,1046.55,1046.55,1046.05,1046.05,1048.25,3,46,48123.0
2021-06-23,2021-06-23,825MFCL23A,F,999.0,1000.0,999.0,1000.0,980.0,4,40,39990.0
2021-06-23,2021-06-23,875MFCL26C,F,1000.0,1000.0,1000.0,1000.0,1000.0,1,32,32000.0
2021-06-23,2021-06-23,975MFCL28E,F,995.0,995.0,995.0,995.0,1005.0,1,10,9950.0
2021-06-23,2021-06-23,0MFCL23VI,F,1000.0,1000.0,1000.0,1000.0,999.95,1,50,50000.0
2021-06-23,2021-06-23,843PFC22A,F,10535.0,10545.0,10535.0,10545.0,10525.0,3,4,42170.0
2021-06-23,2021-06-23,EARCB1G601A,F,163936.0,163936.0,163936.0,163936.0,163891.0,4,837,137214432.0
2021-06-23,2021-06-23,EARCB1G601C,F,164671.0,164671.0,164671.0,164671.0,164626.0,6,380,62574980.0
2021-06-23,2021-06-23,975UPPCL27,F,1051000.0,1051000.0,1051000.0,1051000.0,1053000.0,1,1,1051000.0
2021-06-23,2021-06-23,1015UPPC28,F,1083149.42,1083149.42,1083149.42,1083149.42,1070330.0,1,1,1083149.0
2021-06-23,2021-06-23,1170IOB28,F,1125555.0,1125555.0,1125555.0,1125555.0,1115000.0,1,1,1125555.0
2021-06-23,2021-06-23,RSL20MAR19,F,135000.0,135000.0,135000.0,135000.0,135000.0,1,5,675000.0
2021-06-23,2021-06-23,1375SIBPER,F,104400.0,104400.0,104050.0,104121.43,105845.0,6,70,7288500.0
2021-06-23,2021-06-23,85BOBPERP,F,1111031.07,1111031.07,1111031.07,1111031.07,1095000.0,1,1,1111031.0
2021-06-23,2021-06-23,774SBIPER,F,1075555.0,1075555.0,1075555.0,1075555.0,1077000.0,2,2,2151110.0
2021-06-23,2021-06-23,975TMFPERP,F,1098500.0,1098500.0,1098500.0,1098500.0,1054124.45,1,1,1098500.0
2021-06-23,2021-06-23,IIFCLBDIS4,F,2251.05,2260.0,2251.05,2260.0,2450.0,2,20,45155.0
2021-06-23,2021-06-23,PFCBT1S1,F,5236.15,5236.15,5236.15,5236.15,5236.0,1,1,5236.0
2021-06-23,2021-06-23,PFCBT1S2,F,10950.21,10950.25,10950.15,10950.25,10941.7,3,8,87601.0
2021-06-23,2021-06-23,LTFL90122I,F,1050.0,1050.0,1046.1,1049.14,1048.02,6,132,138440.0
2021-06-23,2021-06-23,LTFL9122II,F,2274.7,2278.0,2274.7,2275.57,2274.7,14,110,250270.0
2021-06-23,2021-06-23,820NHAI22,F,1080.02,1080.02,1080.02,1080.02,1080.6,1,50,54001.0
2021-06-23,2021-06-23,830NHAI27,F,1260.0,1260.0,1258.0,1258.0,1260.6,4,27,33968.0
2021-06-23,2021-06-23,820PFC2022,F,1078.1,1078.1,1078.1,1078.1,1081.2,2,40,43124.0
2021-06-23,2021-06-23,8IRFC230222,F,1077.0,1079.0,1077.0,1079.0,1078.57,7,165,178025.0
2021-06-23,2021-06-23,810IRFC27,F,1246.1,1246.1,1236.0,1237.62,1245.0,16,933,1155056.0
2021-06-23,2021-06-23,870IDFCFBL,F,10735.21,10852.0,10735.21,10843.0,10750.76,3,16,173056.0
2021-06-23,2021-06-23,870LTFL22A,F,1024.55,1050.0,1024.55,1025.3,1036.62,15,192,196861.0
2021-06-23,2021-06-23,870LTFL22B,F,2180.0,2180.0,2178.01,2178.86,2173.59,15,171,372552.0
2021-06-23,2021-06-23,812REC27,F,1190.0,1190.0,1190.0,1190.0,1180.75,4,66,78540.0
2021-06-23,2021-06-23,722REC22TF,F,1075.61,1075.61,1075.61,1075.61,1085.0,1,30,32268.0
2021-06-23,2021-06-23,719IIFCL23,F,1064.51,1064.51,1064.51,1064.51,1080.35,1,4,4258.0
2021-06-23,2021-06-23,871REC28,F,1296.1,1309.0,1296.0,1309.0,1309.0,4,201,260519.0
2021-06-23,2021-06-23,892PFCL33,F,1454.05,1454.05,1439.99,1443.0,1454.05,24,1736,2500323.0
2021-06-23,2021-06-23,866NTPC23,F,1151.0,1151.0,1151.0,1151.0,1151.0,1,100,115100.0
2021-06-23,2021-06-23,891NTPC33,F,1440.0,1440.0,1440.0,1440.0,1450.0,1,1,1440.0
2021-06-23,2021-06-23,876HUDCO24,F,1140.99,1141.99,1140.99,1141.99,1135.0,2,20,22829.0
2021-06-23,2021-06-23,901HUDCO34,F,1470.0,1470.0,1453.5,1456.0,1460.0,4,31,45254.0
2021-06-23,2021-06-23,866IIFCL24C,F,1145.0,1145.0,1130.01,1130.01,1120.04,2,300,339152.0
2021-06-23,2021-06-23,891IIFCL34,F,1425.0,1425.01,1421.01,1422.49,1429.99,10,2231,3173896.0
2021-06-23,2021-06-23,875NHAI29,F,1290.1,1292.0,1290.1,1292.0,1287.5,2,51,65797.0
2021-06-23,2021-06-23,848IRFC24,F,1160.0,1160.0,1160.0,1160.0,1189.99,1,100,116000.0
2021-06-23,2021-06-23,865IRFC29,F,1307.04,1307.04,1307.04,1307.04,1281.04,1,1,1307.0
2021-06-23,2021-06-23,900KPL34,F,1421.0,1421.0,1421.0,1421.0,1401.0,1,50,71050.0
2021-06-23,2021-06-23,898HUDCO29,F,1350.0,1350.0,1350.0,1350.0,1332.99,2,50,67500.0
2021-06-23,2021-06-23,888IRFC29,F,1300.0,1300.0,1300.0,1300.0,1320.0,6,446,579800.0
2021-06-23,2021-06-23,841IIFC24B,F,1115.0,1190.0,1102.71,1190.0,1124.0,8,541,597751.0
2021-06-23,2021-06-23,880IIFCL29,F,1300.0,1300.0,1300.0,1300.0,1281.0,2,50,65000.0
2021-06-23,2021-06-23,880IIFCL34,F,1395.0,1395.0,1395.0,1395.0,1395.01,1,350,488250.0
2021-06-23,2021-06-23,753NTPC30E,F,1239.43,1239.43,1239.43,1239.43,1250.0,1,78,96675.0
2021-06-23,2021-06-23,IFCI010811,F,27198.0,27198.0,26800.0,26809.0,26750.0,3,30,808070.0
2021-06-23,2021-06-23,1075IFCI26,F,27500.0,27500.0,27500.0,27500.0,27350.0,1,10,275000.0
2021-06-23,2021-06-23,1075IFC26A,F,11180.0,11180.0,11180.0,11180.0,11230.0,2,20,223600.0
2021-06-23,2021-06-23,IFCI121211A,F,10800.0,10801.0,10800.0,10801.0,10800.0,2,3,32402.0
2021-06-23,2021-06-23,IFCI121211B,F,5180.0,5180.0,5180.0,5180.0,5180.0,1,1,5180.0
2021-06-23,2021-06-23,IFCI150212B,F,5110.0,5149.0,5110.0,5125.0,5100.0,6,19,97421.0
2021-06-23,2021-06-23,916IFCI27,F,11250.01,11300.0,11250.01,11300.0,11300.0,4,7,78900.0
2021-06-23,2021-06-23,85IFCI24A,F,10650.01,10650.01,10650.01,10650.01,10630.01,2,4,42600.0
2021-06-23,2021-06-23,872IFCI27,F,10600.0,10750.0,10600.0,10750.0,10850.0,3,6,63900.0
2021-06-23,2021-06-23,990IFCI32C,F,26500.0,26500.0,26500.0,26500.0,25000.0,3,12,318000.0
2021-06-23,2021-06-23,893PTCIF22A,F,10945.0,10945.0,10940.1,10940.1,10937.1,2,4,43775.0
2021-06-23,2021-06-23,RSL280421,F,100000.0,100000.0,100000.0,100000.0,100000.0,1,10,1000000.0
2021-06-23,2021-06-23,91TCAPPERP,F,1002652.0,1005300.0,1002652.0,1004780.0,1005107.3,6,8,8036551.0
