TradDt,BizDt,TckrSymb,SctySrs,OpnPric,HghPric,LwPric,ClsPric,PrvsClsgPric,TtlNbOfTxsExctd,TtlTradgVol,TtlTrfVal
2022-09-02,2022-09-02,ABB,A,3392.0,3445.65,3350.0,3366.8,3407.05,4122,19440,66104306.0
2022-09-02,2022-09-02,AEGISLOG,A,297.1,300.15,283.1,284.7,296.3,2029,57090,16610846.0
2022-09-02,2022-09-02,ARE&M,A,507.75,515.0,507.75,510.05,507.75,823,11961,6108702.0
2022-09-02,2022-09-02,AMBALALSA,X,29.15,29.45,28.8,29.15,28.95,435,139595,4066997.0
2022-09-02,2022-09-02,HDFC,A,2407.2,2450.0,2380.65,2445.45,2403.45,2946,33734,81844894.0
2022-09-02,2022-09-02,ANDHRAPET,B,89.9,91.95,88.2,90.85,88.25,1687,200678,18207301.0
2022-09-02,2022-09-02,ANSALAPI,B,19.6,20.3,18.4,18.8,19.35,480,118264,2279625.0
2022-09-02,2022-09-02,UTIQUE,X,8.0,8.4,7.9,8.26,8.05,329,102220,825396.0
2022-09-02,2022-09-02,ARUNAHTEL,X,15.6,15.9,14.5,15.72,15.32,102,56924,889942.0
2022-09-02,2022-09-02,BOMDYEING,A,98.95,100.0,98.1,98.45,98.0,1641,178413,17646026.0
2022-09-02,2022-09-02,ASIANHOTNR,B,89.2,94.8,88.0,88.65,91.2,478,26326,2404598.0
2022-09-02,2022-09-02,ATUL,A,9172.6,9275.65,9166.5,9214.6,9191.5,338,620,5725851.0
2022-09-02,2022-09-02,ATVPR,XT,9.74,9.9,9.08,9.8,9.47,81,30475,293512.0
2022-09-02,2022-09-02,BAJAJELEC,A,1220.5,1229.5,1203.0,1220.6,1211.45,1303,9551,11649081.0
2022-09-02,2022-09-02,BAJAJHIND,A,10.2,10.92,10.07,10.65,10.08,8090,5871980,61666418.0
2022-09-02,2022-09-02,FORCEMOT,A,1304.4,1308.55,1280.0,1293.1,1286.65,1279,8397,10878306.0
2022-09-02,2022-09-02,BAJFINANCE,A,7238.0,7312.1,7175.3,7190.7,7180.9,4324,34906,252202486.0
2022-09-02,2022-09-02,BALRAMCHIN,A,361.0,366.0,355.55,360.9,357.7,6552,195548,70562200.0
2022-09-02,2022-09-02,BANCOINDIA,B,253.0,258.9,245.65,254.45,251.75,1779,77394,19422435.0
2022-09-02,2022-09-02,ABREL,A,866.55,869.8,848.45,850.2,858.75,685,6016,5179692.0
2022-09-02,2022-09-02,BANARISUG,B,2822.7,2824.0,2796.7,2800.3,2761.05,20,29,81537.0
2022-09-02,2022-09-02,BASF,A,3306.0,3306.0,3181.0,3207.85,3272.5,483,1861,6068315.0
2022-09-02,2022-09-02,BATAINDIA,A,1917.8,1937.85,1904.15,1908.0,1917.8,1399,76564,147150176.0
2022-09-02,2022-09-02,BEML,A,1877.0,1933.0,1856.3,1892.4,1875.65,2159,17978,34118455.0
2022-09-02,2022-09-02,BEL,A,321.9,329.7,320.8,324.55,319.85,9228,499476,162799025.0
2022-09-02,2022-09-02,BEPL,A,133.1,135.05,128.05,129.35,131.75,2095,94908,12478990.0
2022-09-02,2022-09-02,BIHSPONG,XT,9.0,9.15,8.61,8.87,8.95,96,42749,381341.0
2022-09-02,2022-09-02,BIRLACABLE,B,119.7,121.3,119.35,119.8,119.85,290,6633,799335.0
2022-09-02,2022-09-02,BLUESTARCO,A,1099.25,1099.25,1086.3,1092.1,1100.3,448,1908,2081078.0
2022-09-02,2022-09-02,DISAQ,X,8451.0,8522.0,8400.0,8402.85,8479.8,34,194,1635760.0
2022-09-02,2022-09-02,QUESTCAP,X,240.1,246.0,240.0,241.25,242.0,38,1772,428501.0
2022-09-02,2022-09-02,BPL,B,67.95,70.2,67.95,69.5,67.95,237,15715,1093075.0
2022-09-02,2022-09-02,OAL,B,513.05,518.75,510.05,511.35,512.45,83,742,380861.0
2022-09-02,2022-09-02,CENTEXT,B,13.3,14.1,13.23,13.29,13.13,283,66685,909894.0
2022-09-02,2022-09-02,CESC,A,80.5,81.8,79.75,79.95,80.5,2091,183614,14829429.0
2022-09-02,2022-09-02,CHAMBLFERT,A,353.2,357.05,344.6,345.45,352.45,1932,54293,19033044.0
2022-09-02,2022-09-02,EXIDEIND,A,160.0,161.15,158.05,159.35,159.65,1828,153255,24504637.0
2022-09-02,2022-09-02,CIPLA,A,1022.8,1030.5,1012.55,1015.55,1022.8,1772,14189,14469496.0
2022-09-02,2022-09-02,DICIND,B,389.0,389.75,388.0,388.0,390.7,9,201,78088.0
2022-09-02,2022-09-02,CRISIL,A,3271.1,3295.95,3201.25,3247.05,3266.25,994,29207,94909974.0
2022-09-02,2022-09-02,CGPOWER,A,226.65,228.25,218.8,220.45,226.6,1612,78939,17570706.0
2022-09-02,2022-09-02,DABUR,A,572.9,572.9,567.0,570.8,569.55,1064,16235,9255317.0
2022-09-02,2022-09-02,DALMIASUG,A,359.6,359.6,348.0,353.7,351.0,986,17497,6160024.0
2022-09-02,2022-09-02,ARVIND,A,99.5,106.4,98.35,104.1,98.4,7849,674076,69855026.0
2022-09-02,2022-09-02,BALARPURIND,Z,1.15,1.15,1.15,1.15,1.1,51,542533,623912.0
2022-09-02,2022-09-02,BHEL,A,60.65,61.35,59.05,59.3,60.1,5236,1958185,117916468.0
2022-09-02,2022-09-02,HINDPETRO,A,245.05,248.0,237.45,238.2,246.0,4062,164345,39704340.0
2022-09-02,2022-09-02,IFCI,A,12.34,12.34,11.81,11.93,12.35,6741,1980332,23879165.0
2022-09-02,2022-09-02,MTNL,A,24.95,25.2,24.3,24.4,24.8,976,298990,7371947.0
2022-09-02,2022-09-02,MRPL,A,73.2,74.5,72.35,72.65,71.4,2304,362538,26572929.0
2022-09-02,2022-09-02,CHENNPETRO,B,282.9,289.0,281.6,286.6,280.2,2155,125067,35766153.0
2022-09-02,2022-09-02,RELCAPITAL,T,15.5,15.5,15.5,15.5,14.77,449,315515,4890482.0
2022-09-02,2022-09-02,SBIN,A,536.0,537.95,531.25,536.45,533.3,10699,688692,368974241.0
2022-09-02,2022-09-02,SAIL,A,81.0,81.75,79.0,79.2,81.0,12997,1920812,153747442.0
2022-09-02,2022-09-02,TITAN,A,2632.0,2644.4,2607.1,2612.0,2623.0,6496,45358,119140054.0
2022-09-02,2022-09-02,IDBI,A,44.6,44.6,43.05,43.2,44.1,4136,898847,39199376.0
2022-09-02,2022-09-02,DCW,B,49.0,49.0,47.25,47.6,49.0,1194,100386,4822365.0
2022-09-02,2022-09-02,DHAMPURSUG,A,234.2,237.75,231.05,232.1,232.75,937,21119,4951846.0
2022-09-02,2022-09-02,DIAMINESQ,X,491.3,499.95,481.1,488.9,489.3,563,27050,13368642.0
2022-09-02,2022-09-02,ELANTAS,B,4295.0,4345.05,4250.0,4261.0,4322.0,53,149,640759.0
2022-09-02,2022-09-02,DRREDDY,A,4201.35,4230.6,4174.1,4188.4,4204.2,1722,6807,28553746.0
2022-09-02,2022-09-02,EIDPARRY,A,544.0,547.0,528.6,530.35,539.75,1768,24164,13035734.0
2022-09-02,2022-09-02,PGHL,A,4254.35,4254.35,4210.0,4218.45,4260.3,172,284,1199894.0
2022-09-02,2022-09-02,ELECTCAST,B,36.35,37.1,36.35,36.85,36.75,628,111587,4114608.0
2022-09-02,2022-09-02,ESABINDIA,A,3260.0,3275.0,3228.4,3236.15,3244.05,201,337,1095306.0
2022-09-02,2022-09-02,EPL,A,168.9,170.95,167.75,169.9,168.1,1022,12590,2139607.0
2022-09-02,2022-09-02,ESTER,B,171.0,175.0,163.9,166.3,170.85,1850,62334,10632348.0
2022-09-02,2022-09-02,FGP,X,7.5,9.48,7.5,7.8,7.9,66,9243,74429.0
2022-09-02,2022-09-02,PHCAP,X,81.9,82.85,78.6,79.5,80.15,24,735,58721.0
2022-09-02,2022-09-02,FINCABLES,A,459.9,464.35,455.05,458.3,459.3,1221,22176,10213311.0
2022-09-02,2022-09-02,COCKERILL,X,1295.0,1310.0,1290.05,1300.6,1283.95,116,1582,2061951.0
2022-09-02,2022-09-02,UFLEX,A,767.0,776.5,747.0,752.4,766.35,1424,21932,16663139.0
2022-09-02,2022-09-02,FOSECOIND,B,1850.0,1862.95,1819.2,1845.3,1846.55,115,803,1486263.0
2022-09-02,2022-09-02,GOLDENTOBC,T,83.5,89.65,83.5,88.0,86.15,42,2031,174960.0
2022-09-02,2022-09-02,GANESHBE,B,127.25,131.0,125.15,127.0,125.6,1737,38906,4948844.0
2022-09-02,2022-09-02,METROGLOBL,X,89.0,91.85,88.5,88.7,89.1,63,6505,580600.0
2022-09-02,2022-09-02,GTL,B,8.51,8.97,8.51,8.74,8.59,251,124661,1086265.0
2022-09-02,2022-09-02,GODFRYPHLP,A,1090.1,1113.25,1070.0,1073.3,1105.6,2960,15296,16694142.0
2022-09-02,2022-09-02,GODREJIND,A,484.95,484.95,469.4,471.55,475.25,731,6746,3191658.0
2022-09-02,2022-09-02,KANSAINER,A,509.0,509.0,497.4,499.35,504.35,2182,17724,8889038.0
2022-09-02,2022-09-02,GOODRICKE,X,218.75,220.0,214.5,218.65,218.75,207,24144,5215494.0
2022-09-02,2022-09-02,GOODYEAR,B,1015.1,1030.0,1015.1,1025.7,1023.25,243,2156,2211869.0
2022-09-02,2022-09-02,GTNINDS,X,76.85,76.85,69.6,76.85,73.2,531,152869,11616617.0
2022-09-02,2022-09-02,GHCL,A,608.0,617.0,603.85,613.05,598.5,1366,22330,13649429.0
2022-09-02,2022-09-02,GFLLIMITED,B,71.2,73.5,69.85,70.6,71.9,665,39501,2800719.0
2022-09-02,2022-09-02,GLFL,B,2.86,3.04,2.86,2.89,3.0,12,1763,5131.0
2022-09-02,2022-09-02,HCL-INSYS,B,16.95,17.25,16.9,17.05,17.05,239,65830,1122581.0
2022-09-02,2022-09-02,HDFCBANK,A,1474.0,1490.65,1466.0,1486.15,1472.1,7098,123849,183124580.0
2022-09-02,2022-09-02,HEROMOTOCO,A,2876.65,2889.15,2822.0,2825.0,2875.45,1795,14085,40169908.0
2022-09-02,2022-09-02,HFCL,A,74.2,79.7,73.65,76.35,74.05,12530,2454001,189539411.0
2022-09-02,2022-09-02,HSCL,A,100.65,103.5,99.0,99.3,99.6,5062,807827,81558076.0
2022-09-02,2022-09-02,HCC,A,14.95,15.29,14.06,14.15,14.82,2686,3423117,50475481.0
2022-09-02,2022-09-02,HINDOILEXP,A,160.4,164.65,160.4,161.8,163.2,1054,36242,5877616.0
2022-09-02,2022-09-02,AGI,B,310.0,346.0,310.0,341.35,310.05,4837,115586,38672546.0
2022-09-02,2022-09-02,HINDZINC,A,289.0,289.0,284.4,285.35,284.5,3336,100202,28723750.0
2022-09-02,2022-09-02,NDLVENTURE,B,476.0,488.05,456.85,464.3,477.4,522,10271,4789643.0
2022-09-02,2022-09-02,HMT,Z,24.7,24.7,23.6,24.45,24.3,32,1577,37934.0
2022-09-02,2022-09-02,PRAGBOS,XT,2.3,2.39,2.24,2.29,2.35,37,26859,61202.0
2022-09-02,2022-09-02,HLVLTD,B,9.75,11.0,9.75,10.5,9.94,254,122617,1273323.0
2022-09-02,2022-09-02,IGPL,A,598.95,606.0,588.1,589.75,598.95,806,6809,4052485.0
2022-09-02,2022-09-02,INDIAGLYCO,A,878.8,880.8,864.6,869.15,874.6,584,4527,3945112.0
2022-09-02,2022-09-02,INDLEASE,X,7.03,7.05,7.03,7.05,7.4,2,71,500.0
2022-09-02,2022-09-02,MARGOFIN,X,25.65,27.95,25.65,27.15,27.45,34,3250,85882.0
2022-09-02,2022-09-02,INDORAMA,B,62.45,63.35,60.95,61.95,62.95,345,26167,1624168.0
2022-09-02,2022-09-02,INFY,A,1480.0,1480.0,1448.3,1452.9,1464.4,24128,233311,339760495.0
2022-09-02,2022-09-02,INGERRAND,A,1974.9,2010.15,1970.05,1994.95,1969.2,603,1727,3444181.0
2022-09-02,2022-09-02,INSILCOLTD,X,7.1,8.5,7.1,8.36,7.17,284,104963,839701.0
2022-09-02,2022-09-02,ITHL,X,142.75,142.75,133.0,135.3,136.35,77,15530,2097298.0
2022-09-02,2022-09-02,IONEXCHANG,A,2040.8,2063.15,2009.0,2028.1,2010.1,950,4726,9613162.0
2022-09-02,2022-09-02,SUNDROP,B,772.05,784.5,760.6,768.0,772.2,282,3210,2457021.0
2022-09-02,2022-09-02,JISLJALEQS,A,41.1,42.8,41.1,41.55,41.35,1700,819600,34218724.0
2022-09-02,2022-09-02,JASCH,X,156.0,156.0,152.8,153.25,152.75,272,17928,2758738.0
2022-09-02,2022-09-02,JCTLTD,XT,3.62,3.63,3.49,3.54,3.56,1130,983067,3483873.0
2022-09-02,2022-09-02,JINDALPOLY,A,1049.2,1055.0,1014.5,1021.45,1041.15,374,1843,1910800.0
2022-09-02,2022-09-02,JSWSTEEL,A,663.0,668.4,654.0,661.35,661.35,1963,63321,41890466.0
2022-09-02,2022-09-02,UMANGDAIRY,B,63.95,65.5,63.0,63.55,63.75,115,4214,270949.0
2022-09-02,2022-09-02,KAJARIACER,A,1182.8,1185.75,1153.0,1155.4,1182.8,1739,12425,14502592.0
2022-09-02,2022-09-02,KAKATCEM,B,206.0,207.1,205.0,206.05,206.0,60,406,83835.0
2022-09-02,2022-09-02,KSL,B,333.0,335.0,327.1,330.35,323.8,411,5747,1892854.0
2022-09-02,2022-09-02,WHIRLPOOL,A,1800.05,1833.9,1788.65,1794.35,1817.95,415,1422,2570624.0
2022-09-02,2022-09-02,KGDENIM,X,39.0,40.9,38.6,39.5,40.05,31,1221,48487.0
2022-09-02,2022-09-02,KINETICENG,XT,126.4,128.3,125.0,128.3,122.2,265,50727,6494925.0
2022-09-02,2022-09-02,KIRLOSBROS,B,327.0,339.0,327.0,331.55,334.05,169,811,270323.0
2022-09-02,2022-09-02,KIRLOSIND,B,1588.15,1598.0,1539.0,1566.65,1545.05,84,790,1242898.0
2022-09-02,2022-09-02,KIRLFER,A,246.0,262.25,246.0,252.35,253.25,1961,63254,16226346.0
2022-09-02,2022-09-02,ENVAIREL,XT,32.0,32.0,32.0,32.0,31.15,1,20,640.0
2022-09-02,2022-09-02,KOTAKBANK,A,1912.0,1929.85,1904.5,1918.25,1903.85,7618,142832,274506712.0
2022-09-02,2022-09-02,KRIFILIND,X,5.14,5.14,4.9,4.9,5.14,5,1210,6099.0
2022-09-02,2022-09-02,KSB,A,1915.35,1959.4,1915.35,1942.7,1915.35,309,1179,2285810.0
2022-09-02,2022-09-02,LGBBROSLTD,A,716.45,724.1,706.0,707.9,716.4,928,10970,7855005.0
2022-09-02,2022-09-02,TRENT,A,1416.0,1420.8,1387.7,1391.15,1413.75,1897,22135,31006964.0
2022-09-02,2022-09-02,LMW,A,12348.0,12505.45,12345.45,12391.4,12370.5,572,1365,16990688.0
2022-09-02,2022-09-02,LICHSGFIN,A,419.85,421.6,415.9,418.1,416.5,1968,51826,21683057.0
2022-09-02,2022-09-02,LUPIN,A,655.15,665.15,652.0,653.25,660.45,1530,22066,14512508.0
2022-09-02,2022-09-02,LYKALABS,B,160.75,162.0,154.0,155.1,156.45,486,22119,3507505.0
2022-09-02,2022-09-02,RAMCOCEM,A,764.95,765.3,744.0,747.95,760.2,1310,11709,8806433.0
2022-09-02,2022-09-02,MAFATIND,X,334.7,334.7,314.2,316.2,328.0,319,12950,4132551.0
2022-09-02,2022-09-02,MAHSEAMLES,A,834.05,835.1,807.0,815.6,824.15,421,3780,3106792.0
2022-09-02,2022-09-02,MAHSCOOTER,A,4146.15,4166.35,4135.95,4153.85,4156.1,244,412,1711121.0
2022-09-02,2022-09-02,MAJESAUT,X,131.75,131.75,129.0,130.05,130.4,50,4011,521229.0
2022-09-02,2022-09-02,MANALIPETC,A,94.9,95.2,93.65,94.0,93.9,1023,80031,7560196.0
2022-09-02,2022-09-02,BARODARY,XT,80.3,80.3,80.3,80.3,76.5,6,1571,126151.0
2022-09-02,2022-09-02,MFSL,A,826.25,831.45,812.25,814.75,823.1,1562,13582,11211180.0
2022-09-02,2022-09-02,MIDINDIA,XT,12.21,13.49,12.21,13.49,12.85,63,7924,101605.0
2022-09-02,2022-09-02,ONIDA,B,18.1,21.65,18.1,20.45,18.36,1239,584331,12161648.0
2022-09-02,2022-09-02,CENTENKA,A,467.0,467.0,458.85,459.7,464.0,418,2368,1093059.0
2022-09-02,2022-09-02,LORDSCHLO,XT,269.7,274.05,263.0,273.6,261.0,590,45497,12376323.0
2022-09-02,2022-09-02,SPICEJET,A,45.05,46.15,44.8,45.1,44.95,6322,849378,38547353.0
2022-09-02,2022-09-02,MOREPENLAB,A,34.1,34.75,34.1,34.4,34.3,1112,141204,4867733.0
2022-09-02,2022-09-02,MRF,A,86050.0,86050.0,84159.8,84414.6,85121.85,185,266,22597299.0
2022-09-02,2022-09-02,HEIDELBERG,A,189.5,190.75,186.9,188.55,188.7,766,23770,4477712.0
2022-09-02,2022-09-02,NCC,A,72.3,74.8,72.15,74.15,72.1,2531,502124,36932513.0
2022-09-02,2022-09-02,VEDL,A,265.1,265.6,256.0,257.3,263.35,19849,905008,235103528.0
2022-09-02,2022-09-02,NAHARSPING,B,366.95,375.6,353.0,356.0,367.05,731,7538,2725573.0
2022-09-02,2022-09-02,NAPEROL,X,1545.0,1545.0,1510.0,1537.85,1522.6,217,2673,4091338.0
2022-09-02,2022-09-02,GRASIM,A,1692.7,1697.0,1670.05,1686.95,1685.3,2265,22445,37820643.0
2022-09-02,2022-09-02,PEL,A,1028.0,1058.35,1028.0,1032.7,1028.1,6457,110892,115611718.0
2022-09-02,2022-09-02,NIITLTD,A,355.0,357.55,347.5,348.55,352.6,1491,32891,11589528.0
2022-09-02,2022-09-02,JAYKAY,X,68.0,69.85,65.0,66.2,68.25,422,77640,5254526.0
2022-09-02,2022-09-02,NIRLON,B,388.15,393.0,387.0,388.5,388.8,160,3918,1530200.0
2022-09-02,2022-09-02,ONGC,A,134.6,135.7,132.3,132.65,134.75,13438,1229992,163934046.0
2022-09-02,2022-09-02,OILCOUNTUB,T,9.0,9.4,9.0,9.3,9.0,25,2291,21233.0
2022-09-02,2022-09-02,ORIENTHOT,B,66.2,70.25,65.55,68.05,65.55,2014,220983,15045827.0
2022-09-02,2022-09-02,OSWALAGRO,B,38.15,39.0,38.1,38.2,38.25,158,14070,542380.0
2022-09-02,2022-09-02,INDSUCR,X,57.75,58.2,57.15,57.6,56.7,94,17521,1012205.0
2022-09-02,2022-09-02,RELIANCE,A,2565.0,2574.0,2525.0,2529.8,2560.2,18989,266857,679813787.0
2022-09-02,2022-09-02,PILITA,B,8.76,9.07,8.7,8.75,8.87,158,117556,1041957.0
2022-09-02,2022-09-02,RAYMOND,A,961.0,999.0,961.0,975.6,960.6,888,9769,9594663.0
2022-09-02,2022-09-02,PIDILITIND,A,2821.0,2894.65,2821.0,2866.4,2819.95,2894,16705,47936315.0
2022-09-02,2022-09-02,PIXTRANS,B,912.1,959.3,900.0,928.5,907.75,443,4679,4371776.0
2022-09-02,2022-09-02,BIRLACORPN,A,976.0,985.25,966.55,968.45,975.6,812,5963,5820426.0
2022-09-02,2022-09-02,SURYAROSNI,A,482.25,494.85,471.95,475.5,482.25,858,14602,7026884.0
2022-09-02,2022-09-02,PRIMESECU,B,117.2,118.0,112.95,113.2,115.9,77,3375,388381.0
2022-09-02,2022-09-02,PRSMJOHNSN,A,127.95,127.95,125.45,126.15,126.3,594,28587,3607160.0
2022-09-02,2022-09-02,RAIN,A,197.15,200.2,195.05,196.2,196.65,945,101498,20029407.0
2022-09-02,2022-09-02,AMJLAND,B,32.3,33.25,31.9,31.9,32.45,37,3635,116560.0
2022-09-02,2022-09-02,PUNJCOMMU,B,36.1,37.8,36.0,36.15,36.8,21,569,20767.0
2022-09-02,2022-09-02,RSWM,B,383.4,385.0,367.15,369.75,383.0,932,17348,6514013.0
2022-09-02,2022-09-02,RAJSREESUG,B,34.0,34.5,33.1,34.0,34.3,113,2520,85562.0
2022-09-02,2022-09-02,RALLIS,A,225.0,227.2,224.5,226.0,225.8,901,28723,6471840.0
2022-09-02,2022-09-02,RAMANEWS,B,16.7,17.35,16.7,16.85,16.95,111,7285,122723.0
2022-09-02,2022-09-02,RAMAPPR-B,X,23.0,25.25,23.0,24.75,24.35,80,14555,356295.0
2022-09-02,2022-09-02,RAMAPETRO,X,5.1,5.1,4.71,4.71,4.95,32,5914,28317.0
2022-09-02,2022-09-02,RAPICUT,X,56.0,60.1,55.95,60.0,55.6,62,18040,1070549.0
2022-09-02,2022-09-02,WELSPLSOL,X,16.85,17.3,16.65,16.9,16.8,197,145427,2477590.0
2022-09-02,2022-09-02,ROLTA,T,4.75,4.87,4.65,4.75,4.7,111,62133,296234.0
2022-09-02,2022-09-02,RUBFILA,X,97.6,99.0,95.0,95.65,97.6,1287,172699,16601667.0
2022-09-02,2022-09-02,PATANJALI,T,1220.0,1266.75,1212.0,1261.3,1206.45,5239,263448,331451398.0
2022-09-02,2022-09-02,SALORAINTL,X,42.55,42.55,40.0,40.0,40.6,5,470,19185.0
2022-09-02,2022-09-02,JINDALSAW,A,88.45,88.45,85.55,85.95,87.1,749,39721,3443480.0
2022-09-02,2022-09-02,JKLAKSHMI,A,480.55,494.6,469.0,470.5,481.7,1901,31337,14917514.0
2022-09-02,2022-09-02,SHREECEM,A,21598.0,21598.0,21010.0,21084.2,21596.65,919,1472,31244168.0
2022-09-02,2022-09-02,SKPMIL,XT,25.85,25.85,23.45,25.85,24.65,11,720,18481.0
2022-09-02,2022-09-02,RELINFRA,A,196.9,201.35,176.25,179.05,193.85,32741,2752072,515376428.0
2022-09-02,2022-09-02,TATAPOWER,A,238.1,239.5,233.3,235.0,237.1,11337,949709,225490593.0
2022-09-02,2022-09-02,SPMLINFRA,T,48.5,48.5,44.65,45.3,47.0,99,21514,968883.0
2022-09-02,2022-09-02,SUNDRMFAST,A,839.1,849.85,835.1,838.35,839.05,708,5281,4451808.0
2022-09-02,2022-09-02,SUNFLAG,B,90.0,90.55,88.2,88.5,89.2,1453,55387,4940949.0
2022-09-02,2022-09-02,SPLPETRO,A,798.8,801.4,779.0,785.8,794.85,988,5786,4553653.0
2022-09-02,2022-09-02,SWARAJENG,B,1581.05,1592.0,1581.0,1581.0,1582.1,34,183,289887.0
2022-09-02,2022-09-02,TATAELXSI,A,9050.0,9142.35,8680.2,8708.4,9012.1,6262,25459,224571648.0
2022-09-02,2022-09-02,ACC,A,2297.5,2303.45,2275.9,2288.55,2297.2,2230,18358,42031556.0
2022-09-02,2022-09-02,THERMAX,A,2425.3,2425.35,2383.6,2400.2,2419.9,527,1855,4462389.0
2022-09-02,2022-09-02,TIRUMALCHM,A,231.9,239.9,231.9,236.55,231.9,1286,53860,12742957.0
2022-09-02,2022-09-02,THOMASCOOK,A,77.45,77.45,73.95,75.9,76.35,1390,79522,5988498.0
2022-09-02,2022-09-02,TIMEX,XT,108.8,108.8,106.0,108.8,103.65,430,213115,23177533.0
2022-09-02,2022-09-02,TOKYOPLAST,B,97.75,102.6,97.75,98.35,100.8,110,2309,229645.0
2022-09-02,2022-09-02,TORNTPHARM,A,1538.9,1547.1,1512.4,1519.15,1535.3,629,2321,3540988.0
2022-09-02,2022-09-02,TRANSCHEM,X,20.2,20.4,19.75,20.05,19.95,41,4210,83670.0
2022-09-02,2022-09-02,AMBUJACEM,A,410.3,418.3,405.55,415.55,410.0,5568,216935,89525405.0
2022-09-02,2022-09-02,UTLINDS,X,3.6,3.65,3.51,3.54,3.5,157,39077,139446.0
2022-09-02,2022-09-02,UNIENTER,B,136.7,138.45,132.35,133.2,135.85,87,2986,409041.0
2022-09-02,2022-09-02,VHL,B,3022.0,3050.0,2955.0,2988.95,3020.0,55,563,1689048.0
2022-09-02,2022-09-02,HINDALCO,A,423.6,425.0,413.35,414.9,422.0,16300,787393,328354012.0
2022-09-02,2022-09-02,WSTCSTPAPR,A,632.3,638.55,610.0,611.5,631.5,1263,12742,7909253.0
2022-09-02,2022-09-02,HOCL,B,30.3,30.75,30.2,30.25,30.5,155,33217,1009398.0
2022-09-02,2022-09-02,MPILCORPL,X,271.0,271.0,271.0,271.0,285.0,1,10,2710.0
2022-09-02,2022-09-02,PASUPTAC,B,40.0,40.0,38.3,38.55,38.95,404,23809,933868.0
2022-09-02,2022-09-02,TEAM24,XT,15.91,15.91,15.91,15.91,15.16,58,19693,313315.0
2022-09-02,2022-09-02,PGHH,A,14067.45,14126.95,13900.0,14074.6,13954.65,146,202,2830167.0
2022-09-02,2022-09-02,MUKANDLTD,B,114.35,114.4,113.05,114.0,113.7,62,762,86611.0
2022-09-02,2022-09-02,BBOX,B,133.7,135.55,130.0,130.45,132.4,51,831,110101.0
2022-09-02,2022-09-02,UCAL,B,144.9,146.1,141.0,142.05,143.7,417,6901,989368.0
2022-09-02,2022-09-02,HARRMALAYA,B,165.55,172.9,165.55,169.8,166.55,284,7420,1265314.0
2022-09-02,2022-09-02,FEDERALBNK,A,120.0,122.8,118.85,119.45,118.7,5675,1040419,125709379.0
2022-09-02,2022-09-02,TATASTEEL,A,106.9,107.05,105.0,105.55,106.45,34299,4160902,440180755.0
2022-09-02,2022-09-02,SKFINDIA,A,4990.0,4990.0,4870.8,4931.95,4853.8,366,1497,7354605.0
2022-09-02,2022-09-02,ASHOKLEY,A,164.7,165.9,162.5,163.6,162.8,16093,1755005,288672290.0
2022-09-02,2022-09-02,CUMMINSIND,A,1239.85,1239.85,1197.75,1201.2,1224.15,1555,13490,16426441.0
2022-09-02,2022-09-02,TATACOMM,A,1270.0,1273.8,1236.05,1245.4,1257.65,5219,51261,64368849.0
2022-09-02,2022-09-02,ABBOTINDIA,A,18520.0,18678.2,18390.0,18459.7,18461.45,385,595,11041938.0
2022-09-02,2022-09-02,BAJAJHLDNG,A,5814.0,5840.95,5620.0,5648.9,5748.3,1730,7150,41114096.0
2022-09-02,2022-09-02,BHARATFORG,A,752.0,768.8,751.0,766.85,751.85,3993,74797,57053945.0
2022-09-02,2022-09-02,ESCORTS,A,2039.0,2088.0,2016.05,2074.9,2020.25,2872,40787,84139163.0
2022-09-02,2022-09-02,HINDMOTORS,T,16.65,16.75,16.05,16.45,16.5,770,92515,1518654.0
2022-09-02,2022-09-02,LT,A,1902.0,1958.6,1900.05,1940.05,1911.55,4728,84838,164473114.0
2022-09-02,2022-09-02,M&M,A,1320.0,1330.3,1310.65,1315.65,1312.4,6270,135208,178759999.0
2022-09-02,2022-09-02,BOSCHLTD,A,17561.15,17881.35,17473.45,17541.95,17650.0,462,12789,226862099.0
2022-09-02,2022-09-02,PREMIER,T,4.12,4.12,4.0,4.0,3.95,7,3581,14608.0
2022-09-02,2022-09-02,BPCL,A,331.4,333.9,320.6,322.05,331.4,17841,791901,259075348.0
2022-09-02,2022-09-02,SIEMENS,A,2950.0,2972.65,2902.6,2912.25,2920.65,1372,10408,30562794.0
2022-09-02,2022-09-02,TMPV,A,471.15,471.85,460.4,462.15,466.75,8050,377179,175546473.0
2022-09-02,2022-09-02,VOLTAS,A,987.05,989.0,970.0,971.85,980.1,3139,109071,106692133.0
2022-09-02,2022-09-02,GESHIP,A,582.95,582.95,561.4,566.15,573.8,1988,38051,21791366.0
2022-09-02,2022-09-02,DEEPAKFERT,A,842.05,898.7,840.9,861.45,869.25,3768,50699,43866943.0
2022-09-02,2022-09-02,EXCELINDUS,B,1446.45,1460.0,1403.95,1413.2,1431.8,1276,4115,5854418.0
2022-09-02,2022-09-02,GRWRHITECH,B,808.3,824.95,808.3,814.6,806.25,271,1469,1200450.0
2022-09-02,2022-09-02,GLAXO,A,1465.0,1465.0,1427.05,1435.3,1444.9,394,2253,3243562.0
2022-09-02,2022-09-02,GNFC,A,738.1,751.0,738.05,739.75,742.15,1575,26566,19785214.0
2022-09-02,2022-09-02,NOVARTIND,B,726.05,730.0,722.8,726.3,728.7,58,635,462286.0
2022-09-02,2022-09-02,SANOFI,A,6150.05,6173.15,6111.0,6125.35,6155.15,394,1222,7508463.0
2022-09-02,2022-09-02,PFIZER,A,4253.3,4270.0,4196.45,4251.65,4242.75,399,1210,5122268.0
2022-09-02,2022-09-02,GSFC,A,159.25,160.2,156.4,156.9,158.9,1486,77712,12245628.0
2022-09-02,2022-09-02,HINDUNILVR,A,2626.65,2626.65,2585.55,2603.4,2606.05,7326,136291,353844245.0
2022-09-02,2022-09-02,JSWDULUX,A,1965.0,1970.0,1916.0,1940.85,1955.45,158,436,849716.0
2022-09-02,2022-09-02,NOCIL,A,277.0,284.4,275.4,279.6,273.55,2932,117088,32752988.0
2022-09-02,2022-09-02,TATACHEM,A,1148.9,1161.45,1115.0,1119.8,1138.45,3904,82852,94398005.0
2022-09-02,2022-09-02,TNPETRO,B,102.3,107.5,102.3,105.75,104.0,1728,75226,8003374.0
2022-09-02,2022-09-02,ZUARIIND,B,183.0,184.55,178.1,179.4,177.1,870,16063,2911338.0
2022-09-02,2022-09-02,NESTLEIND,A,19800.0,19844.35,19540.0,19559.9,19736.25,707,1569,30836685.0
2022-09-02,2022-09-02,TATACONSUM,A,844.65,846.5,830.4,833.05,838.75,7012,132579,111160145.0
2022-09-02,2022-09-02,ASIANPAINT,A,3482.0,3484.45,3425.15,3429.7,3446.9,5547,36069,124551084.0
2022-09-02,2022-09-02,BRITANNIA,A,3732.0,3758.45,3700.5,3703.0,3717.05,1684,26350,98125213.0
2022-09-02,2022-09-02,COLPAL,A,1675.0,1695.0,1670.75,1675.6,1677.0,1318,6936,11658761.0
2022-09-02,2022-09-02,EIHOTEL,A,158.0,191.5,158.0,187.95,159.6,7455,436239,77887871.0
2022-09-02,2022-09-02,INDHOTEL,A,296.0,298.9,293.15,296.5,294.8,6889,416900,123660652.0
2022-09-02,2022-09-02,CASTROLIND,A,113.7,114.95,113.7,114.0,113.6,1287,80933,9240389.0
2022-09-02,2022-09-02,ITC,A,318.2,324.2,318.2,323.0,317.55,13460,1099837,352950226.0
2022-09-02,2022-09-02,APOLLOTYRE,A,252.8,256.35,250.05,251.6,252.65,2295,118171,29914520.0
2022-09-02,2022-09-02,CEATLTD,A,1420.0,1432.6,1404.9,1413.65,1412.0,1081,6066,8590080.0
2022-09-02,2022-09-02,MODIRUBBER,T,55.9,57.45,55.75,57.45,57.8,11,406,22992.0
2022-09-02,2022-09-02,FINPIPE,A,148.0,151.8,146.6,147.4,148.0,1682,77974,11597983.0
2022-09-02,2022-09-02,DSINVEST,XT,234.45,234.45,225.35,225.35,229.9,5,61,14019.0
2022-09-02,2022-09-02,CENTRUM,B,26.05,26.8,25.85,26.25,26.55,272,29980,783599.0
2022-09-02,2022-09-02,IITL,B,71.0,71.9,70.35,71.9,70.0,9,308,22053.0
2022-09-02,2022-09-02,INDPRUD,X,1830.0,1874.9,1830.0,1850.0,1824.0,13,153,283110.0
2022-09-02,2022-09-02,TATAINVEST,A,1668.0,1678.9,1647.85,1654.7,1636.9,1791,12484,20728253.0
2022-09-02,2022-09-02,PRISMX,X,4.68,5.0,4.68,4.8,4.77,429,166843,807723.0
2022-09-02,2022-09-02,MOTOGENFIN,B,27.55,27.6,27.55,27.6,27.7,3,155,4277.0
2022-09-02,2022-09-02,WALCHPF,X,127.7,135.9,127.7,135.0,131.8,4,470,63325.0
2022-09-02,2022-09-02,WHBRADY,X,200.05,209.95,200.05,209.95,208.0,3,51,10212.0
2022-09-02,2022-09-02,TECHNVISN,XT,240.0,240.0,240.0,240.0,240.0,3,7,1680.0
2022-09-02,2022-09-02,SHAILY,B,1926.1,1955.0,1901.05,1947.5,1950.0,37,76,146099.0
2022-09-02,2022-09-02,BBTC,A,911.95,918.0,905.0,907.4,908.55,435,2132,1943087.0
2022-09-02,2022-09-02,BOMBCYC,X,740.1,760.0,740.0,750.4,760.0,17,240,179896.0
2022-09-02,2022-09-02,GREAVESCOT,A,173.85,176.0,171.2,174.25,171.35,3243,191443,33245911.0
2022-09-02,2022-09-02,AMALGAM,XT,29.9,30.0,29.9,30.0,31.45,19,1100,32902.0
2022-09-02,2022-09-02,INDIANVSH,XT,70.0,73.0,66.8,70.5,70.3,57,5465,377181.0
2022-09-02,2022-09-02,COASTCORP,B,363.3,370.05,355.0,356.9,361.35,377,4481,1628767.0
2022-09-02,2022-09-02,CHOWGULSTM,XT,10.84,11.85,10.83,11.78,11.4,24,2656,29803.0
2022-09-02,2022-09-02,GARWAOFFS,XT,55.65,55.65,55.65,55.65,53.0,74,66570,3704620.0
2022-09-02,2022-09-02,ASIIL,X,14.0,14.39,13.95,14.03,13.95,56,46345,651867.0
2022-09-02,2022-09-02,SAGCEM,A,200.3,205.4,200.3,200.6,202.9,282,3179,646682.0
2022-09-02,2022-09-02,DECCANCE,B,535.0,535.0,516.0,520.85,525.4,104,749,393440.0
2022-09-02,2022-09-02,MANGLMCEM,B,344.0,350.7,338.1,343.8,346.15,157,2056,704714.0
2022-09-02,2022-09-02,NCLIND,B,185.0,188.8,183.5,184.7,185.1,710,14231,2649343.0
2022-09-02,2022-09-02,SAURASHCEM,X,61.25,64.8,60.55,62.4,61.8,176,20493,1287356.0
2022-09-02,2022-09-02,SHREDIGCEM,B,68.65,69.35,68.0,68.2,68.65,449,28319,1942010.0
2022-09-02,2022-09-02,BORORENEW,A,558.0,570.75,557.75,561.85,557.75,3562,57808,32658342.0
2022-09-02,2022-09-02,LERTHAI,XT,108.3,108.3,108.3,108.3,103.6,1,1,108.0
2022-09-02,2022-09-02,TRIVENIGQ,XT,25.2,25.6,23.25,23.75,24.45,90,17016,415875.0
2022-09-02,2022-09-02,NILACHAL,XT,47.15,49.0,47.0,48.8,48.0,40,1934,93977.0
2022-09-02,2022-09-02,ANDHRAPAP,B,504.7,504.7,486.8,489.5,496.55,1039,17344,8509335.0
2022-09-02,2022-09-02,BALKRISIND,A,2028.6,2036.0,1986.8,1992.4,2028.0,1694,13186,26512889.0
2022-09-02,2022-09-02,ORIENTPPR,B,34.15,34.15,32.8,33.05,33.5,918,216286,7168856.0
2022-09-02,2022-09-02,CITADEL,X,16.0,16.0,15.2,16.0,16.0,6,470,7352.0
2022-09-02,2022-09-02,ROLLT,B,1.37,1.43,1.37,1.43,1.37,33,64321,90945.0
2022-09-02,2022-09-02,SESHAPAPER,B,294.1,304.85,292.3,301.45,289.25,2201,59414,17771789.0
2022-09-02,2022-09-02,SHBHAWANI,Z,3.5,3.5,3.5,3.5,3.34,5,199,696.0
2022-09-02,2022-09-02,NATHIND,X,76.8,76.8,70.1,70.8,73.6,133,12087,871346.0
2022-09-02,2022-09-02,VAPIENTER,XT,46.4,46.4,46.4,46.4,44.2,3,94,4361.0
2022-09-02,2022-09-02,DCM,B,66.8,72.7,66.8,68.15,67.4,371,14284,995386.0
2022-09-02,2022-09-02,FORBESCO,A,811.0,824.8,752.7,752.75,792.3,2663,57087,44954033.0
2022-09-02,2022-09-02,HPCOTTON,X,108.6,115.75,108.6,113.2,110.7,31,1026,116043.0
2022-09-02,2022-09-02,KATRSPG,X,333.25,354.95,332.0,335.85,345.9,63,1239,420038.0
2022-09-02,2022-09-02,KESORAMIND,B,51.7,53.25,51.45,51.7,51.5,1054,78843,4105985.0
2022-09-02,2022-09-02,LAKSHMIMIL,X,4525.0,4679.95,4465.35,4534.4,4551.2,97,412,1864425.0
2022-09-02,2022-09-02,VTL,A,327.0,330.2,325.05,327.65,327.25,1491,36872,12066998.0
2022-09-02,2022-09-02,PENINLAND,B,16.65,16.65,16.65,16.65,15.9,163,206758,3442520.0
2022-09-02,2022-09-02,PASUSPG,XT,25.5,25.5,25.5,25.5,25.5,3,50,1275.0
2022-09-02,2022-09-02,PHOENIXLTD,A,1386.15,1400.95,1362.05,1389.45,1391.05,3194,14404,19920863.0
2022-09-02,2022-09-02,MARATHON,B,254.0,275.0,253.95,260.6,252.35,2908,60187,15924960.0
2022-09-02,2022-09-02,RAJABAH,XT,3815.0,3815.0,3815.0,3815.0,3950.0,1,1,3815.0
2022-09-02,2022-09-02,RELCHEMQ,B,192.65,193.3,189.85,190.8,192.1,169,2843,542776.0
2022-09-02,2022-09-02,RUBYMILLS,B,657.9,660.0,623.45,645.7,649.55,1649,15810,10093350.0
2022-09-02,2022-09-02,SIMPLXREA,X,96.95,96.95,96.5,96.5,97.0,2,10,967.0
2022-09-02,2022-09-02,SWANCORP,A,210.0,231.65,208.75,223.75,206.8,3818,64342,14237450.0
2022-09-02,2022-09-02,VICTMILL,X,2305.05,2330.25,2305.05,2323.65,2374.0,10,18,41746.0
2022-09-02,2022-09-02,ZSVARAJT,X,8.3,8.87,7.05,7.85,8.12,88,18502,153494.0
2022-09-02,2022-09-02,ZODIACVEN,X,41.95,45.3,40.3,45.1,41.2,666,721459,31214687.0
2022-09-02,2022-09-02,VEERENRGY,X,18.25,18.25,16.25,16.95,18.12,221,82433,1406001.0
2022-09-02,2022-09-02,TILAK,X,8.34,8.35,7.6,7.78,7.99,1726,734750,5707678.0
2022-09-02,2022-09-02,KKFIN,X,15.8,17.4,15.8,17.4,16.6,19,3425,56905.0
2022-09-02,2022-09-02,WAGEND,X,1.0,1.17,1.0,1.13,0.98,1338,2194569,2456658.0
2022-09-02,2022-09-02,MEDIAONE,XT,15.74,15.74,14.4,15.37,15.0,27,8415,129487.0
2022-09-02,2022-09-02,BANSWRAS,B,246.0,246.0,226.75,232.0,233.4,143,2739,642370.0
2022-09-02,2022-09-02,MODWOOL,X,85.9,85.9,77.05,84.75,79.95,11,107,8774.0
2022-09-02,2022-09-02,MODIPON,X,36.2,36.65,35.75,35.75,37.6,69,7561,271428.0
2022-09-02,2022-09-02,SHRIDINE,X,694.0,694.0,694.0,694.0,695.45,1,20,13880.0
2022-09-02,2022-09-02,SRF,A,2679.9,2688.0,2594.35,2603.0,2665.75,3138,18443,48686030.0
2022-09-02,2022-09-02,SIYSIL,B,505.85,505.85,498.0,498.8,502.55,425,4282,2143534.0
2022-09-02,2022-09-02,SWADPOL,X,40.1,40.1,36.3,40.1,38.2,129,11500,440762.0
2022-09-02,2022-09-02,SHRAJSYNQ,XT,4.5,4.5,4.5,4.5,4.5,2,200,900.0
2022-09-02,2022-09-02,SHRMFGC,XT,10.75,10.75,10.75,10.75,10.24,3,11,118.0
2022-09-02,2022-09-02,BBL,B,1947.85,1965.0,1924.5,1943.8,1923.95,376,1034,2007159.0
2022-09-02,2022-09-02,ELPROINTL,B,76.45,80.85,74.45,79.05,74.95,995,137028,10631337.0
2022-09-02,2022-09-02,GEE,X,102.5,105.0,96.2,99.8,96.85,1165,545728,54533218.0
2022-09-02,2022-09-02,HIRECT,B,172.45,173.15,167.9,169.65,171.5,25,183,31066.0
2022-09-02,2022-09-02,NIPPOBATRY,B,337.45,340.55,334.0,334.75,337.55,88,728,245413.0
2022-09-02,2022-09-02,ZENSARTECH,A,231.65,235.0,230.0,230.3,231.25,2691,95093,22021386.0
2022-09-02,2022-09-02,JYOTI,X,10.94,10.94,10.0,10.3,10.52,127,59152,602660.0
2022-09-02,2022-09-02,JSLINDL,XT,192.0,192.0,192.0,192.0,185.1,2,20,3840.0
2022-09-02,2022-09-02,KAYCEEI,X,5555.0,5795.0,5500.0,5550.0,5550.0,11,22,124253.0
2022-09-02,2022-09-02,INDOKEM,X,63.0,63.0,60.05,62.95,60.05,110,11825,731391.0
2022-09-02,2022-09-02,PANAENERG,X,253.0,254.95,247.0,249.05,253.0,112,3658,911421.0
2022-09-02,2022-09-02,NELCO,A,1069.95,1089.95,986.95,986.95,1038.85,10245,129663,132128398.0
2022-09-02,2022-09-02,PERMAGN,X,425.0,441.5,420.3,429.55,415.35,220,6877,2975313.0
2022-09-02,2022-09-02,HIGHENE,X,356.0,356.0,340.0,343.8,347.65,519,11102,3845571.0
2022-09-02,2022-09-02,STDBAT,X,29.85,30.0,29.6,29.8,29.85,84,3195,95446.0
2022-09-02,2022-09-02,UNIVCABLES,B,214.05,214.85,206.4,210.35,213.7,531,12535,2617661.0
2022-09-02,2022-09-02,DLTNCBL,X,61.65,62.95,60.4,60.95,61.65,27,1640,100789.0
2022-09-02,2022-09-02,LAKSELEC,X,823.2,831.0,781.0,785.35,823.65,253,5140,4096117.0
2022-09-02,2022-09-02,MODULEX,X,13.98,14.8,13.32,14.35,13.43,190,135426,1920684.0
2022-09-02,2022-09-02,DELTAMAGNT,B,73.0,73.1,70.05,70.45,71.0,30,2774,195980.0
2022-09-02,2022-09-02,LONGSPUR,X,5.9,5.9,5.9,5.9,5.9,1,10,59.0
2022-09-02,2022-09-02,RELTD,X,58.8,59.0,56.7,57.8,57.6,68,4052,236060.0
2022-09-02,2022-09-02,NYSSACORP,X,5.18,5.25,5.01,5.12,5.11,150,36936,189868.0
2022-09-02,2022-09-02,FLOMIC,X,107.0,122.0,102.85,116.9,104.7,421,36432,4091104.0
2022-09-02,2022-09-02,KRISHNA,XT,60.4,60.4,57.15,60.4,57.55,86,14587,874240.0
2022-09-02,2022-09-02,GANHOLD,XT,48.05,49.45,47.0,49.45,47.1,30,1012,49641.0
2022-09-02,2022-09-02,UNIABEXAL,X,680.0,718.9,680.0,700.0,695.95,17,478,338286.0
2022-09-02,2022-09-02,SARDAEN,A,880.05,901.0,880.05,889.0,894.5,184,542,481679.0
2022-09-02,2022-09-02,BGWTATO,XT,243.95,243.95,228.1,237.0,240.05,9,277,65302.0
2022-09-02,2022-09-02,BOMBWIR,X,38.55,40.65,35.2,40.0,38.1,30,1054,40900.0
2022-09-02,2022-09-02,GALADA,Z,2.25,2.25,2.09,2.19,2.19,26,3431,7675.0
2022-09-02,2022-09-02,AZADIND,XT,16.5,16.5,16.5,16.5,16.17,2,5,82.0
2022-09-02,2022-09-02,INDIANHUME,B,177.5,178.0,173.8,174.45,174.7,135,2565,450668.0
2022-09-02,2022-09-02,INLCM,P,799.0,799.0,799.0,799.0,761.25,1,5,3995.0
2022-09-02,2022-09-02,INVPRECQ,X,250.0,260.0,250.0,254.25,249.0,67,1503,381142.0
2022-09-02,2022-09-02,INFORTEC,X,46.95,54.3,46.95,49.45,45.25,106,7349,375211.0
2022-09-02,2022-09-02,KAIRA,X,2745.0,2777.95,2581.0,2592.55,2722.75,121,453,1206150.0
2022-09-02,2022-09-02,ORIENTCER,B,34.0,34.7,33.3,33.8,34.0,338,34563,1173630.0
2022-09-02,2022-09-02,NATIONSTD,T,5281.6,5294.0,5000.05,5100.75,5127.85,59,110,571434.0
2022-09-02,2022-09-02,DUNCANENG,X,251.0,251.25,251.0,251.0,249.4,9,307,77058.0
2022-09-02,2022-09-02,SANDUMA,B,944.95,950.05,915.0,922.35,937.85,1147,13581,12671378.0
2022-09-02,2022-09-02,STOVACQ,X,2888.0,2893.3,2848.05,2855.35,2861.65,91,989,2841392.0
2022-09-02,2022-09-02,TATAYODOGA,XT,74.8,74.8,74.8,74.8,71.25,64,5973,446780.0
2022-09-02,2022-09-02,TINPLATE,A,324.45,324.45,316.3,317.75,321.1,1533,34072,10880368.0
2022-09-02,2022-09-02,CHOLAHLDNG,A,658.35,672.0,651.4,655.65,656.55,529,2136,1414632.0
2022-09-02,2022-09-02,ZWELCAST,X,892.9,892.9,892.9,892.9,850.4,14,250,223225.0
2022-09-02,2022-09-02,AUTOAXLES,B,1936.0,2050.0,1936.0,2009.4,1927.6,1181,5762,11522456.0
2022-09-02,2022-09-02,ACGL,X,999.95,1008.9,963.0,970.4,985.45,142,2659,2596271.0
2022-09-02,2022-09-02,SETCO,B,12.25,13.35,12.02,12.81,12.32,276,50488,653497.0
2022-09-02,2022-09-02,SCOOTER,T,30.45,30.45,29.15,30.25,29.75,25,235,7076.0
2022-09-02,2022-09-02,TALBROAUTO,B,489.7,495.6,484.1,485.3,491.8,1250,14777,7245376.0
2022-09-02,2022-09-02,ZFSTEERING,X,651.0,651.6,625.0,639.3,644.6,285,7524,4839752.0
2022-09-02,2022-09-02,SMLMAH,B,753.05,772.0,747.4,762.35,751.8,553,3314,2521141.0
2022-09-02,2022-09-02,TIL,B,119.8,119.8,115.25,118.1,121.65,117,1861,220900.0
2022-09-02,2022-09-02,EICHERMOT,A,3465.0,3465.75,3415.0,3421.75,3410.65,2108,18569,63889957.0
2022-09-02,2022-09-02,JAINEX,XT,86.6,94.7,86.6,94.7,91.05,6,9,814.0
2022-09-02,2022-09-02,VELJAN,X,1304.8,1358.0,1301.05,1345.45,1314.5,106,5182,6917441.0
2022-09-02,2022-09-02,DYNAMATECH,B,2244.05,2250.0,2200.25,2227.85,2224.85,315,704,1564028.0
2022-09-02,2022-09-02,GGDPROP,X,73.8,73.8,68.0,70.0,68.95,39,5397,370696.0
2022-09-02,2022-09-02,GMMPFAUDLR,A,1665.0,1844.8,1651.35,1826.55,1655.55,10632,105103,186718567.0
2022-09-02,2022-09-02,KIRLPNU,B,567.9,588.7,552.0,578.85,561.55,876,75070,42661730.0
2022-09-02,2022-09-02,KPT,X,161.55,161.6,157.1,158.75,160.05,46,1870,297485.0
2022-09-02,2022-09-02,LAKSHMIEW,X,670.15,670.15,669.95,670.0,680.0,22,312,209043.0
2022-09-02,2022-09-02,MANUGRAPH,B,14.9,15.25,14.8,15.25,14.7,8,2039,30412.0
2022-09-02,2022-09-02,NESCO,A,572.4,578.0,565.1,573.3,570.25,769,3266,1872135.0
2022-09-02,2022-09-02,INTEGRAEN,X,64.0,66.8,64.0,64.95,65.5,72,9095,593625.0
2022-09-02,2022-09-02,TEXINFRA,B,63.35,63.45,59.6,60.7,62.8,146,3817,236479.0
2022-09-02,2022-09-02,WENDT,B,7937.05,7979.55,7708.3,7836.55,7837.85,77,123,967242.0
2022-09-02,2022-09-02,RESPONIND,A,142.5,150.0,142.1,146.85,141.95,283,45365,6530156.0
2022-09-02,2022-09-02,SHYMINV,X,5.25,5.35,5.07,5.3,5.19,86,14745,76653.0
2022-09-02,2022-09-02,MAHACORP,X,1.12,1.13,1.1,1.12,1.11,483,395381,443450.0
2022-09-02,2022-09-02,DOLATALGO,B,74.15,77.25,72.6,75.95,74.05,1411,57525,4314528.0
2022-09-02,2022-09-02,WESTLIFE,A,641.35,660.0,639.25,642.55,651.0,1105,8764,5698202.0
2022-09-02,2022-09-02,ZEEL,A,246.0,252.4,242.75,248.7,244.7,7475,636650,157818939.0
2022-09-02,2022-09-02,GOLDCORP,X,194.4,197.9,192.0,197.9,197.9,7,413,79755.0
2022-09-02,2022-09-02,SVPGLOB,B,39.7,39.7,36.5,36.6,37.95,200,10342,384854.0
2022-09-02,2022-09-02,SKYLMILAR,X,11.19,11.19,10.53,10.91,11.19,62,5757,62450.0
2022-09-02,2022-09-02,BIMETAL,X,442.9,442.9,426.1,428.1,430.4,136,4303,1861635.0
2022-09-02,2022-09-02,BHARATGEAR,B,202.7,204.85,196.8,200.6,199.2,1050,28140,5666228.0
2022-09-02,2022-09-02,BRADYM,X,129.95,129.95,124.0,126.65,126.0,11,289,36997.0
2022-09-02,2022-09-02,LATIMMETAL,X,12.05,12.4,12.05,12.35,12.28,356,102815,1262364.0
2022-09-02,2022-09-02,ELECON,A,374.8,375.0,360.8,363.85,371.5,1304,41734,15379427.0
2022-09-02,2022-09-02,SATANIBRG,XT,28.75,28.75,28.75,28.75,30.25,4,15,431.0
2022-09-02,2022-09-02,GRAUWEIL,B,67.65,71.9,67.55,70.35,67.95,2523,295277,20800086.0
2022-09-02,2022-09-02,HIMTEK,X,93.65,93.65,89.3,89.35,89.9,46,4326,389710.0
2022-09-02,2022-09-02,GABRIEL,A,163.4,169.3,163.4,165.9,163.1,1434,62542,10470649.0
2022-09-02,2022-09-02,HERCULES,B,150.7,161.1,149.0,159.3,148.3,928,24746,3894829.0
2022-09-02,2022-09-02,ALGOQUANT,X,291.05,297.1,285.0,296.3,294.4,80,9093,2652268.0
2022-09-02,2022-09-02,IFBIND,A,1011.0,1024.55,996.95,1004.0,1014.65,151,562,565832.0
2022-09-02,2022-09-02,SINGERIND,XT,81.0,81.75,77.1,79.35,80.8,2672,595402,46662581.0
2022-09-02,2022-09-02,INTLCOMBQ,X,384.95,384.95,371.2,374.85,376.55,45,1838,694664.0
2022-09-02,2022-09-02,FMGOETZE,B,290.05,293.65,288.85,292.0,291.05,102,1290,376856.0
2022-09-02,2022-09-02,JOSTS,X,500.0,500.0,480.1,490.45,478.9,22,384,188596.0
2022-09-02,2022-09-02,SCHAEFFLER,A,3220.0,3230.05,3118.15,3140.5,3187.7,2374,9142,28749651.0
2022-09-02,2022-09-02,RANEHOLDIN,B,855.95,885.15,845.05,849.35,873.15,268,805,699873.0
2022-09-02,2022-09-02,ROLCOEN,P,222.5,222.5,222.5,222.5,211.95,21,9250,2058125.0
2022-09-02,2022-09-02,SNL,X,299.0,304.95,275.55,286.6,293.0,120,5359,1550095.0
2022-09-02,2022-09-02,MANCREDIT,X,125.25,128.4,125.25,126.15,124.9,83,20226,2563369.0
2022-09-02,2022-09-02,WPIL,X,1320.0,1338.75,1260.0,1284.3,1324.45,395,7599,9910227.0
2022-09-02,2022-09-02,KENNAMET,B,2535.1,2574.55,2450.0,2470.35,2530.3,1052,3534,8886400.0
2022-09-02,2022-09-02,HINDHARD,X,230.95,244.0,226.05,241.05,232.7,42,1389,328299.0
2022-09-02,2022-09-02,TRITONV,X,1328.7,1396.8,1312.5,1365.05,1328.7,147,2328,3149746.0
2022-09-02,2022-09-02,SUDAI,X,7.89,7.89,7.15,7.15,7.52,7,365,2782.0
2022-09-02,2022-09-02,PRAKASH,A,60.0,61.65,58.75,59.1,59.65,1368,123283,7382614.0
2022-09-02,2022-09-02,ARSHIYA,B,14.4,14.7,14.05,14.2,14.77,283,92317,1321444.0
2022-09-02,2022-09-02,GRINDWELL,A,2219.2,2267.1,2186.15,2202.2,2218.0,2504,8659,19340846.0
2022-09-02,2022-09-02,STANROS,X,89.75,89.75,86.5,87.6,88.65,31,752,65737.0
2022-09-02,2022-09-02,GENESYS,T,617.6,625.05,590.0,605.6,606.0,89,2875,1765510.0
2022-09-02,2022-09-02,VOLKAI,X,68.7,68.7,68.7,68.7,66.2,1,1,68.0
2022-09-02,2022-09-02,PARNAXLAB,X,92.65,99.25,88.5,92.2,95.55,267,46205,4183424.0
2022-09-02,2022-09-02,VIVIDHA,B,1.31,1.34,1.18,1.31,1.3,263,272172,354380.0
2022-09-02,2022-09-02,KANANIIND,B,10.29,10.29,9.68,9.87,9.82,93,32079,320023.0
2022-09-02,2022-09-02,GSLTD,X,9.97,9.97,9.5,9.8,9.79,90,16309,160017.0
2022-09-02,2022-09-02,ARIHANTSUP,B,226.45,228.05,211.0,224.6,219.8,655,19652,4343727.0
2022-09-02,2022-09-02,BLISSGVS,B,81.8,84.15,81.1,81.25,81.8,452,15540,1283618.0
2022-09-02,2022-09-02,STYRENIX,B,929.35,929.5,892.5,896.1,921.2,891,6647,6071561.0
2022-09-02,2022-09-02,ALEMBICLTD,A,74.0,74.0,73.0,73.25,73.25,393,15485,1135737.0
2022-09-02,2022-09-02,AMNPLST,X,110.4,110.4,106.6,107.15,108.15,139,5601,605365.0
2022-09-02,2022-09-02,ANUHPHR,X,93.4,94.5,92.0,93.1,91.85,403,25219,2354968.0
2022-09-02,2022-09-02,MODISONLTD,B,66.05,70.05,66.05,68.75,68.15,74,1649,113491.0
2022-09-02,2022-09-02,BAYERCROP,A,5370.0,5418.55,5326.8,5360.2,5400.2,394,884,4756725.0
2022-09-02,2022-09-02,STARSOURCE,XT,32.95,33.95,31.15,32.9,32.5,9,232,7340.0
2022-09-02,2022-09-02,SUDARCOLOR,B,427.75,429.85,423.0,429.5,426.05,248,2104,896294.0
2022-09-02,2022-09-02,COROMANDEL,A,1086.55,1087.5,1041.75,1045.6,1080.7,3225,25175,26932630.0
2022-09-02,2022-09-02,DEEPAKNTR,A,2020.0,2028.1,1975.4,1982.0,2005.2,2978,33549,67020171.0
2022-09-02,2022-09-02,DMCC,B,388.8,421.4,386.2,400.95,383.2,919,13937,5634321.0
2022-09-02,2022-09-02,FERMENTA,X,185.0,209.0,183.0,206.3,183.15,1926,92133,18358201.0
2022-09-02,2022-09-02,GOCLCORP,B,306.0,307.0,300.0,303.25,309.35,180,4660,1410779.0
2022-09-02,2022-09-02,JAYCH,X,7.4,7.4,6.86,7.22,6.75,208,74056,530915.0
2022-09-02,2022-09-02,JLMORISON,X,1794.0,1800.0,1661.0,1720.0,1745.0,15,68,115900.0
2022-09-02,2022-09-02,KANORICHEM,B,164.8,168.4,155.05,158.75,158.65,215,6057,984782.0
2022-09-02,2022-09-02,KELENRG,X,825.0,850.0,800.0,807.95,824.35,98,843,697055.0
2022-09-02,2022-09-02,KEMP,X,682.7,682.7,682.7,682.7,650.2,4,16,10923.0
2022-09-02,2022-09-02,NITTAGELA,X,489.0,505.0,470.1,501.3,479.7,819,25375,12546743.0
2022-09-02,2022-09-02,MPAGI,X,10.45,10.72,9.7,10.7,10.21,85,45150,475425.0
2022-09-02,2022-09-02,AGVENTURES,B,885.05,892.9,865.0,875.65,884.95,85,541,476226.0
2022-09-02,2022-09-02,PCBL,A,142.0,145.3,138.4,141.85,140.1,3120,233313,33176730.0
2022-09-02,2022-09-02,AMAL,X,360.0,369.75,356.2,362.4,364.0,53,636,229658.0
2022-09-02,2022-09-02,POLYCHEM,XT,1009.0,1025.0,943.2,952.65,992.8,46,220,212780.0
2022-09-02,2022-09-02,PUNJABCHEM,B,1360.2,1376.95,1348.4,1373.2,1347.1,138,363,495896.0
2022-09-02,2022-09-02,ZR2,XT,51.75,53.8,49.5,53.0,51.6,30,948,48409.0
2022-09-02,2022-09-02,SADHNANIQ,T,166.15,166.15,165.0,166.15,158.25,1026,290153,48206946.0
2022-09-02,2022-09-02,SUDARSCHEM,A,470.05,480.0,460.0,465.45,469.95,1536,19226,9016654.0
2022-09-02,2022-09-02,ULTRAMAR,B,379.95,385.95,371.0,377.3,375.1,579,21903,8349572.0
2022-09-02,2022-09-02,TRANSPEK,B,1939.95,1948.7,1922.0,1926.4,1936.85,237,2080,4020419.0
2022-09-02,2022-09-02,UNICHEMLAB,A,307.25,324.5,305.0,319.4,306.0,1504,16899,5357791.0
2022-09-02,2022-09-02,MYSORPETRO,X,108.25,114.0,108.25,111.95,110.8,18,946,105288.0
2022-09-02,2022-09-02,ALKYLAMINE,A,3023.0,3050.0,2988.05,2995.95,3017.45,741,1933,5842394.0
2022-09-02,2022-09-02,TUTIALKA,XT,56.25,56.25,56.25,56.25,53.6,101,24715,1390218.0
2022-09-02,2022-09-02,ASTRAZEN,A,3149.7,3149.7,3006.3,3032.6,3052.85,241,575,1762269.0
2022-09-02,2022-09-02,PRIMO,B,75.2,76.0,71.6,72.25,75.15,1482,223895,16404215.0
2022-09-02,2022-09-02,TANFACIND,X,555.0,585.0,555.0,580.4,561.4,296,11073,6382804.0
2022-09-02,2022-09-02,GUJPETR,XT,39.95,39.95,37.25,39.4,38.4,13,595,23084.0
2022-09-02,2022-09-02,GUJTHEM,X,525.0,530.0,495.05,508.25,515.25,407,13376,6868825.0
2022-09-02,2022-09-02,JAYSYN,X,78.1,79.65,76.1,79.0,76.4,48,4343,338211.0
2022-09-02,2022-09-02,MAKERSL,X,154.0,156.9,148.5,150.1,154.1,81,3579,541628.0
2022-09-02,2022-09-02,CONTCHM,XT,100.45,103.35,93.55,95.85,98.45,28,329,31485.0
2022-09-02,2022-09-02,JBCHEPHARM,A,1831.0,1831.0,1785.0,1789.45,1804.0,461,1747,3140022.0
2022-09-02,2022-09-02,APTPACK,XT,67.25,67.25,67.25,67.25,64.05,1,1000,67250.0
2022-09-02,2022-09-02,BLUECHIPT,X,133.95,133.95,128.0,129.5,128.25,24,532,69719.0
2022-09-02,2022-09-02,JAGAJITIND,XT,58.75,60.25,58.75,59.8,59.1,25,772,46050.0
2022-09-02,2022-09-02,KESARENT,X,81.2,81.5,79.15,79.95,79.35,50,3833,306885.0
2022-09-02,2022-09-02,TI,B,77.05,81.25,77.05,79.25,78.75,771,66914,5361205.0
2022-09-02,2022-09-02,RAVALSUGAR,X,2505.0,2675.0,2505.0,2669.5,2575.0,12,55,140503.0
2022-09-02,2022-09-02,SAKHTISUG,B,20.8,21.3,20.4,20.7,20.2,335,49427,1028607.0
2022-09-02,2022-09-02,WALCHANNAG,B,63.75,68.05,63.25,68.05,64.85,849,149715,10102038.0
2022-09-02,2022-09-02,KHODINDIA,XT,90.0,91.35,83.15,83.75,87.0,13,174,14885.0
2022-09-02,2022-09-02,IFBAGRO,B,586.0,597.2,580.3,583.05,581.05,91,462,270772.0
2022-09-02,2022-09-02,DHARANISUG,T,10.52,11.2,10.52,11.1,10.94,10,1451,16053.0
2022-09-02,2022-09-02,KFBL,X,52.0,53.45,51.5,52.15,51.05,153,49428,2576569.0
2022-09-02,2022-09-02,CAPRO,XT,58.3,58.3,58.3,58.3,55.55,7,348,20288.0
2022-09-02,2022-09-02,GMBREW,B,614.6,619.25,612.1,613.3,611.25,288,2027,1248145.0
2022-09-02,2022-09-02,RANASUG,B,24.55,25.25,24.55,25.05,24.9,236,30274,760011.0
2022-09-02,2022-09-02,PICCASUG,X,16.7,16.85,16.0,16.15,16.35,96,18510,298878.0
2022-09-02,2022-09-02,RIGASUGAR,XT,6.9,7.21,6.55,7.21,6.88,39,6882,46695.0
2022-09-02,2022-09-02,SDBL,B,98.0,100.25,94.35,100.15,95.5,2202,253938,25265487.0
2022-09-02,2022-09-02,CJGEL,XT,20.3,21.3,19.3,21.0,20.3,22,3603,74027.0
2022-09-02,2022-09-02,ASALCBR,B,451.0,455.0,443.3,444.55,449.4,162,1736,779271.0
2022-09-02,2022-09-02,FOODSIN,B,77.05,81.0,77.0,78.55,77.8,447,17706,1398306.0
2022-09-02,2022-09-02,IVP,B,152.0,159.7,149.0,157.65,152.15,120,3950,622713.0
2022-09-02,2022-09-02,KLRFM,X,116.25,117.3,109.9,110.45,113.6,146,15443,1749912.0
2022-09-02,2022-09-02,OLYOI,X,26.0,26.0,26.0,26.0,26.0,1,1,26.0
2022-09-02,2022-09-02,MLKFOOD,X,355.0,360.0,345.1,351.5,348.3,40,749,261675.0
2022-09-02,2022-09-02,POLSON,X,12043.3,12490.0,12043.3,12088.0,12126.3,24,32,391543.0
2022-09-02,2022-09-02,WIPRO,A,412.25,412.8,407.1,407.8,410.55,20920,528458,216152891.0
2022-09-02,2022-09-02,ORIBEVER,X,120.8,122.85,118.1,121.25,118.4,98,3720,449862.0
2022-09-02,2022-09-02,DHANUKA,A,741.2,748.4,716.45,720.8,734.25,623,2163,1576816.0
2022-09-02,2022-09-02,TTKHLTCARE,B,886.45,889.85,875.0,876.05,870.9,97,1194,1049007.0
2022-09-02,2022-09-02,TGVSL,X,144.9,151.2,140.5,142.75,144.65,3113,549335,79445181.0
2022-09-02,2022-09-02,LIMECHM,X,31.4,31.4,26.55,27.6,28.6,123,7163,208339.0
2022-09-02,2022-09-02,KANPRPLA,B,119.4,120.9,118.0,118.85,119.5,38,417,49883.0
2022-09-02,2022-09-02,TAINWALCHM,B,98.3,98.45,92.05,92.45,97.25,195,6079,572081.0
2022-09-02,2022-09-02,JAGSNPHARM,B,386.1,389.1,375.0,376.1,382.5,462,3671,1400190.0
2022-09-02,2022-09-02,KHAICHEM,B,88.0,88.0,85.15,85.55,86.8,1247,51818,4488675.0
2022-09-02,2022-09-02,NOL,X,167.95,167.95,155.1,156.45,160.2,117,4020,634200.0
2022-09-02,2022-09-02,GILLETTE,A,5512.15,5523.0,5423.0,5452.35,5463.95,296,464,2547957.0
2022-09-02,2022-09-02,WIREFABR,X,87.55,89.85,87.55,89.85,91.9,3,76,6656.0
2022-09-02,2022-09-02,ANSALHSG,B,6.65,6.91,6.65,6.69,6.68,76,58188,391095.0
2022-09-02,2022-09-02,COMPUPN,XT,2.38,2.62,2.38,2.58,2.5,47,16410,40336.0
2022-09-02,2022-09-02,MCCHRLS-B,X,481.1,524.0,480.0,509.3,498.0,80,1033,513469.0
2022-09-02,2022-09-02,ADDIND,X,39.25,40.4,39.2,39.45,39.55,16,815,32077.0
2022-09-02,2022-09-02,PIONRINV,X,32.95,34.7,32.0,32.55,32.95,26,2290,74204.0
2022-09-02,2022-09-02,ASHNOOR,XT,43.95,43.95,40.25,41.75,42.3,10,187,7652.0
2022-09-02,2022-09-02,UNITECH,Z,2.1,2.1,2.1,2.1,2.0,395,1400154,2940323.0
2022-09-02,2022-09-02,VIPIND,A,598.45,599.8,589.35,591.9,594.05,631,7457,4430776.0
2022-09-02,2022-09-02,FIBERWEB,B,40.15,40.7,39.8,40.35,39.9,278,11690,467646.0
2022-09-02,2022-09-02,GYFTR,X,78.85,81.2,78.0,78.3,78.85,60,7561,597912.0
2022-09-02,2022-09-02,BAJAJST,X,525.0,542.9,525.0,535.4,524.6,284,5473,2923343.0
2022-09-02,2022-09-02,KIDUJA,X,89.35,89.35,80.45,87.15,89.35,28,387,32404.0
2022-09-02,2022-09-02,KEYCORP,XT,49.75,49.75,48.1,48.55,47.7,15,204,10052.0
2022-09-02,2022-09-02,GUJHOTE,X,138.4,141.95,134.0,139.95,139.0,34,1281,174987.0
2022-09-02,2022-09-02,RASRESOR,X,34.9,38.5,34.9,37.4,36.7,11,154,5802.0
2022-09-02,2022-09-02,PARMCOS-B,X,54.0,54.0,49.0,51.9,50.9,66,3607,187948.0
2022-09-02,2022-09-02,JINDHOT,X,42.9,47.0,42.4,43.7,42.0,156,30355,1350584.0
2022-09-02,2022-09-02,SIMMOND,X,61.95,64.55,55.0,64.55,58.7,240,50602,3188665.0
2022-09-02,2022-09-02,BNALTD,X,287.3,314.5,287.3,310.35,299.9,139,6859,2111078.0
2022-09-02,2022-09-02,HAWKINCOOK,B,5828.1,5925.7,5828.0,5846.75,5857.1,107,1211,7109676.0
2022-09-02,2022-09-02,WARRENTEA,X,69.5,73.5,69.5,72.75,70.65,63,7660,552019.0
2022-09-02,2022-09-02,COCHMAL,X,75.5,75.5,75.5,75.5,77.0,1,1,75.0
2022-09-02,2022-09-02,BESTEAST,X,30.0,30.0,27.75,27.75,29.1,2,100,2777.0
2022-09-02,2022-09-02,NEAGI,X,3995.0,3995.0,3941.0,3942.0,3952.0,7,55,216892.0
2022-09-02,2022-09-02,ISTLTD,X,465.0,468.9,460.0,466.65,459.0,48,669,311255.0
2022-09-02,2022-09-02,COSMOFIRST,A,904.2,908.1,875.05,886.85,904.35,964,8948,7941677.0
2022-09-02,2022-09-02,APOLLOHOSP,A,4289.0,4397.0,4285.0,4311.45,4279.4,5063,41273,179274189.0
2022-09-02,2022-09-02,NITINCAST,X,142.95,142.95,138.95,140.05,131.1,17,147,20571.0
2022-09-02,2022-09-02,NEXOME,X,43.8,43.8,39.05,40.2,40.55,24,4394,178666.0
2022-09-02,2022-09-02,EVERESTIND,B,695.9,703.0,680.05,683.4,692.55,434,4645,3186989.0
2022-09-02,2022-09-02,IRONWOOD,X,28.5,30.0,28.5,30.0,28.5,7,95,2745.0
2022-09-02,2022-09-02,MSRINDIA,X,10.94,10.94,9.94,9.94,10.46,102,38318,383933.0
2022-09-02,2022-09-02,AYMSYNTEX,B,94.0,94.0,85.55,87.45,88.9,161,2961,260681.0
2022-09-02,2022-09-02,PANCARBON,X,397.95,404.8,395.0,397.55,395.0,191,3008,1202383.0
2022-09-02,2022-09-02,FINKURVE,XT,54.5,54.6,49.45,53.9,52.0,14,715,38682.0
2022-09-02,2022-09-02,HBLEAS,XT,4.7,4.83,4.37,4.83,4.6,29,5284,25097.0
2022-09-02,2022-09-02,TRUSTWAVE,XT,4.05,4.05,3.7,3.7,3.87,5,525,2067.0
2022-09-02,2022-09-02,SULABEN,XT,4.77,5.2,4.77,5.17,5.02,470,184682,916627.0
2022-09-02,2022-09-02,NAVNETEDUL,A,142.5,142.85,136.4,137.2,141.5,1582,64168,8936044.0
2022-09-02,2022-09-02,SATRAPROP,Z,1.25,1.27,1.17,1.26,1.21,133,94940,114086.0
2022-09-02,2022-09-02,AUSOMENT,B,81.0,81.0,78.1,80.0,80.3,26,1217,97383.0
2022-09-02,2022-09-02,RUCHINFRA,T,8.4,8.56,8.01,8.3,8.2,184,69138,572790.0
2022-09-02,2022-09-02,VJTFEDU,XT,63.0,63.0,59.15,63.0,62.0,9,3384,208428.0
2022-09-02,2022-09-02,NETLINK,X,59.15,59.95,56.5,58.15,57.95,45,1464,84472.0
2022-09-02,2022-09-02,LANCORHOL,X,26.15,27.95,26.1,27.9,26.95,55,11221,309010.0
2022-09-02,2022-09-02,INDINFO,XT,3.19,3.24,3.09,3.11,3.13,4044,2825587,8870833.0
2022-09-02,2022-09-02,BANASFN,X,22.1,22.1,22.1,22.1,23.25,720,95465,2109776.0
2022-09-02,2022-09-02,VISAKAIND,B,609.25,619.65,592.75,595.95,599.65,634,2871,1740283.0
2022-09-02,2022-09-02,HATHWAYB,XT,20.0,20.45,19.7,20.2,19.65,33,2536,51230.0
2022-09-02,2022-09-02,PRESSMN,B,40.5,42.7,40.2,40.75,41.25,80,8432,344803.0
2022-09-02,2022-09-02,GUFICBIO,B,231.2,234.7,223.35,224.25,229.75,1172,21097,4803951.0
2022-09-02,2022-09-02,PHOTON,XT,28.15,28.15,26.75,26.75,28.15,4,100,2677.0
2022-09-02,2022-09-02,GRPLTD,B,1833.0,1862.0,1750.0,1839.4,1841.95,232,691,1260760.0
2022-09-02,2022-09-02,INDAG,X,80.65,81.5,79.0,80.1,80.55,73,3201,257376.0
2022-09-02,2022-09-02,MMRUBBR-B,X,108.65,108.65,108.65,108.65,98.8,54,5537,601595.0
2022-09-02,2022-09-02,PTL,B,30.6,31.05,30.6,30.95,31.0,82,3258,100745.0
2022-09-02,2022-09-02,TVSSRICHAK,B,2232.0,2317.75,2218.8,2299.4,2238.25,640,1841,4205615.0
2022-09-02,2022-09-02,SEL,X,18.55,18.55,17.35,17.6,17.95,47,6871,121839.0
2022-09-02,2022-09-02,BENARAS,X,2255.0,2491.95,2251.0,2429.2,2301.75,88,615,1470789.0
2022-09-02,2022-09-02,BHAGWOX,XT,38.8,40.5,37.75,39.2,38.8,26,620,24357.0
2022-09-02,2022-09-02,BOMOXY-B1,X,12602.0,13098.0,12602.0,12842.0,12880.0,13,14,180135.0
2022-09-02,2022-09-02,CRAVATEX,X,397.4,409.55,393.4,407.8,397.45,12,69,27573.0
2022-09-02,2022-09-02,BERGEPAINT,A,674.7,683.55,665.95,668.7,674.6,1612,16509,11175275.0
2022-09-02,2022-09-02,CAPRIHANS,X,136.7,143.2,136.7,139.35,139.5,70,2136,296483.0
2022-09-02,2022-09-02,GRAPHITE,A,409.3,413.15,405.0,406.45,410.35,1492,29885,12198071.0
2022-09-02,2022-09-02,CEMPRO,A,110.15,112.8,107.2,109.45,110.3,2938,185451,20305559.0
2022-09-02,2022-09-02,EMPIND,X,727.0,733.4,715.0,721.65,723.85,270,7059,5130792.0
2022-09-02,2022-09-02,GRAVISSHO,X,19.85,20.1,19.15,20.05,19.15,23,22493,450946.0
2022-09-02,2022-09-02,GARFIBRES,A,3431.0,3452.35,3407.2,3430.8,3437.45,472,924,3168642.0
2022-09-02,2022-09-02,GARWAMAR,X,8.84,9.2,8.84,9.1,8.84,5,188,1691.0
2022-09-02,2022-09-02,GOACARBON,B,448.15,448.15,434.1,436.2,444.05,617,3444,1512831.0
2022-09-02,2022-09-02,HARDCAS,X,315.75,348.4,300.0,329.7,315.75,11,60,18855.0
2022-09-02,2022-09-02,HEG,A,1272.65,1284.45,1252.4,1255.45,1272.65,1212,9828,12464920.0
2022-09-02,2022-09-02,HINDCOMPOS,B,309.05,311.0,305.0,309.05,308.0,63,721,221903.0
2022-09-02,2022-09-02,BIRLANU,A,3725.0,3725.0,3600.0,3604.5,3665.2,432,1152,4204741.0
2022-09-02,2022-09-02,INDIANCARD,B,230.05,230.05,225.2,227.35,228.35,96,2482,561741.0
2022-09-02,2022-09-02,INTLCONV,B,57.6,60.0,57.6,58.0,57.8,588,29922,1761780.0
2022-09-02,2022-09-02,JAYSREETEA,B,101.05,101.65,98.35,99.5,100.35,297,6766,677102.0
2022-09-02,2022-09-02,MODRNSH,X,13.3,13.96,13.3,13.95,13.3,8,673,8977.0
2022-09-02,2022-09-02,HUHTAMAKI,B,191.65,203.6,189.15,201.6,190.5,2272,48669,9634922.0
2022-09-02,2022-09-02,PREMSYN,X,26.1,28.45,26.0,27.75,26.8,24,3354,90379.0
2022-09-02,2022-09-02,SHALPAINTS,B,169.2,179.15,165.0,168.4,167.0,1228,36386,6283188.0
2022-09-02,2022-09-02,HINDMILL,X,259.7,259.95,252.05,257.4,256.75,7,33,8549.0
2022-09-02,2022-09-02,SUPREMEIND,A,1979.0,1993.0,1964.3,1982.25,1965.4,365,1606,3179591.0
2022-09-02,2022-09-02,THACKER,XT,320.3,336.0,320.3,336.0,320.15,2,110,36803.0
2022-09-02,2022-09-02,UPHOT,XT,500.0,505.0,500.0,500.15,500.0,12,5146,2573440.0
2022-09-02,2022-09-02,VSTIND,A,3235.2,3271.4,3201.2,3233.65,3257.9,130,236,762145.0
2022-09-02,2022-09-02,SWASTIVI,X,6.87,6.87,6.63,6.7,6.67,230,41883,281069.0
2022-09-02,2022-09-02,MSLGLOBAL,X,4.16,4.16,4.16,4.16,3.97,32,16316,67874.0
2022-09-02,2022-09-02,YAMNINV,XT,0.94,0.94,0.91,0.94,0.94,2466,2818703,2608225.0
2022-09-02,2022-09-02,PREMCAP,X,5.85,6.0,5.56,5.99,5.79,27,7835,46495.0
2022-09-02,2022-09-02,JINDRILL,B,240.9,244.7,239.75,241.6,239.6,514,4128,1002003.0
2022-09-02,2022-09-02,SAKTHIFIN,X,25.25,30.9,25.0,28.55,26.0,217,74081,2148922.0
2022-09-02,2022-09-02,EASYFIN,Z,477.1,500.95,477.1,500.95,477.1,8,98,48496.0
2022-09-02,2022-09-02,AEROENTER,X,43.9,43.9,39.0,40.0,41.6,162,34460,1399971.0
2022-09-02,2022-09-02,JMDVL,X,11.7,11.7,11.7,11.7,11.48,5,108,1263.0
2022-09-02,2022-09-02,SHIVATEX,B,158.0,171.05,158.0,166.55,159.1,119,3264,538418.0
2022-09-02,2022-09-02,VBDESAI,X,10.35,10.35,9.39,10.34,9.88,5,31,319.0
2022-09-02,2022-09-02,QUADRANT,XT,1.45,1.51,1.37,1.48,1.44,1255,1760627,2574211.0
2022-09-02,2022-09-02,KAMANWALA,X,8.3,9.26,8.3,9.26,8.42,25,9558,86276.0
2022-09-02,2022-09-02,WSFX,X,30.15,30.95,30.05,30.1,30.95,8,204,6163.0
2022-09-02,2022-09-02,ANJANIFOODS,XT,120.9,121.35,114.15,121.35,115.6,111,4608,556718.0
2022-09-02,2022-09-02,MILLENNIUM,XT,1.85,1.92,1.75,1.83,1.83,28,3817,7039.0
2022-09-02,2022-09-02,ICDSLTD,T,44.95,44.95,41.8,42.4,43.95,17,335,14249.0
2022-09-02,2022-09-02,CANFINHOME,A,643.5,648.95,632.45,635.75,642.9,1106,18305,11698278.0
2022-09-02,2022-09-02,IVC,B,6.85,6.85,6.5,6.6,6.74,157,69504,460169.0
2022-09-02,2022-09-02,SHRIRAMFIN,A,1337.0,1339.9,1307.0,1308.15,1329.65,2028,17722,23384712.0
2022-09-02,2022-09-02,CHOLAFIN,A,787.05,813.7,787.05,790.6,789.6,3210,73105,58597090.0
2022-09-02,2022-09-02,VLSFINANCE,B,146.35,148.95,144.85,145.2,147.9,151,4666,682069.0
2022-09-02,2022-09-02,INDCEMCAP,X,12.22,12.77,10.66,11.33,12.47,313,128221,1504670.0
2022-09-02,2022-09-02,ADMANUM,X,45.5,45.5,40.05,43.6,41.95,13,250,10230.0
2022-09-02,2022-09-02,MEHIF,XT,13.5,13.5,13.5,13.5,13.5,2,75,1012.0
2022-09-02,2022-09-02,INTRGLB,X,23.6,23.6,21.7,23.6,22.5,10,2079,48363.0
2022-09-02,2022-09-02,SHRISTI,X,27.75,27.75,24.35,26.95,26.0,28,1824,49170.0
2022-09-02,2022-09-02,CREST,B,175.55,175.55,171.15,172.5,176.5,125,3002,517093.0
2022-09-02,2022-09-02,VAKRANGEE,A,27.85,27.85,27.55,27.6,27.7,507,132563,3667452.0
2022-09-02,2022-09-02,GUJCRED,XT,25.75,27.0,24.5,26.25,25.75,57,9103,225093.0
2022-09-02,2022-09-02,SYLPH,Z,12.7,13.44,12.25,12.37,12.8,118,249715,3239362.0
2022-09-02,2022-09-02,DHARFIN,X,6.65,6.8,6.65,6.8,7.0,5,153,1017.0
2022-09-02,2022-09-02,ALEXANDER,X,17.0,17.0,16.05,16.7,16.2,79,11602,192966.0
2022-09-02,2022-09-02,INDBANK,B,22.85,23.0,22.45,22.45,22.75,111,6586,149997.0
2022-09-02,2022-09-02,BHARAT,X,28.6,29.75,27.3,27.95,28.0,35,2116,61784.0
2022-09-02,2022-09-02,CAPTRUST,B,103.2,104.0,103.2,103.95,102.75,5,152,15803.0
2022-09-02,2022-09-02,USHAKIRA,XT,24.9,24.9,24.9,24.9,23.75,17,625,15562.0
2022-09-02,2022-09-02,VIVOBIOT,X,33.0,37.5,32.8,36.85,32.6,426,50991,1818451.0
2022-09-02,2022-09-02,VEERHEALTH,X,12.12,12.12,12.12,12.12,11.55,3,360,4363.0
2022-09-02,2022-09-02,PANINDIAC,XT,3.13,3.18,3.0,3.05,3.14,525,300006,922213.0
2022-09-02,2022-09-02,SAHARAHOUS,X,56.0,59.9,51.2,51.4,51.2,13,186,9748.0
2022-09-02,2022-09-02,NDASEC,X,12.26,12.98,12.26,12.87,12.99,9,452,5670.0
2022-09-02,2022-09-02,SUPRATRE,XT,22.45,22.45,22.45,22.45,21.4,1,20,449.0
2022-09-02,2022-09-02,GSBFIN,X,9.16,9.16,8.97,8.97,9.44,2,70,628.0
2022-09-02,2022-09-02,MORARKFI,X,161.0,164.7,145.6,150.6,157.85,112,3626,557856.0
2022-09-02,2022-09-02,MONARCH,B,397.55,402.6,371.85,373.6,397.0,421,7587,2921151.0
2022-09-02,2022-09-02,PROFINC,X,1.55,1.55,1.46,1.49,1.5,499,669969,1003926.0
2022-09-02,2022-09-02,TEAMGTY,T,52.5,53.35,51.5,52.0,51.8,11,1057,55421.0
2022-09-02,2022-09-02,CRESCENTIS,X,26.8,26.8,25.2,26.55,26.8,27,2268,58687.0
2022-09-02,2022-09-02,BEFOUNDMOL,X,1.94,1.94,1.94,1.94,1.97,18,7634,14809.0
2022-09-02,2022-09-02,AVONMORE,X,84.95,91.85,84.95,89.2,84.95,383,67385,5962674.0
2022-09-02,2022-09-02,LIBORDFIN,X,6.27,6.58,6.27,6.58,6.27,4,57,363.0
2022-09-02,2022-09-02,YASHMGM,X,11.0,11.0,10.55,10.83,11.0,21,2857,30790.0
2022-09-02,2022-09-02,ARIHANTCAP,B,78.0,78.0,75.95,76.8,76.55,353,20510,1581395.0
2022-09-02,2022-09-02,ISLCONSUL,X,20.25,20.25,18.4,19.5,19.3,11,5960,111979.0
2022-09-02,2022-09-02,DCMFINSERV,B,6.1,6.1,5.81,6.1,5.81,70,62964,384070.0
2022-09-02,2022-09-02,FEDDERSHOL,X,96.05,103.1,95.25,98.7,96.3,123,13211,1313692.0
2022-09-02,2022-09-02,SAMBHAAV,B,2.81,3.76,2.81,3.75,3.49,26,6295,22759.0
2022-09-02,2022-09-02,SUGALDAM,X,15.45,15.45,14.05,14.05,14.75,4,772,11621.0
2022-09-02,2022-09-02,NETTLINX,X,79.0,83.4,79.0,82.6,82.45,70,10044,823420.0
2022-09-02,2022-09-02,SCANSTL,X,43.0,44.0,41.5,41.7,41.15,804,231017,9802874.0
2022-09-02,2022-09-02,GICHSGFIN,B,144.0,144.0,141.7,142.7,142.8,288,6130,873892.0
2022-09-02,2022-09-02,MATHEWE,XT,7.47,7.47,6.77,6.77,7.12,46,36706,249252.0
2022-09-02,2022-09-02,AJCON,X,34.45,34.85,31.9,32.5,35.35,5,141,4616.0
2022-09-02,2022-09-02,CHRTEDCA,X,136.0,136.0,135.0,135.0,135.9,3,101,13735.0
2022-09-02,2022-09-02,CUBIFIN,X,2.33,2.48,2.33,2.4,2.38,141,69536,165268.0
2022-09-02,2022-09-02,NIMBSPROJ,X,37.95,37.95,37.95,37.95,38.25,1,30,1138.0
2022-09-02,2022-09-02,INVIGO,XT,6.65,7.31,6.65,7.31,6.97,19,6040,44139.0
2022-09-02,2022-09-02,BAIDFIN,X,21.75,24.0,21.55,22.95,22.4,93,13594,307069.0
2022-09-02,2022-09-02,VIPULLTD,B,13.05,13.18,12.8,13.02,13.1,44,8265,107326.0
2022-09-02,2022-09-02,KZLFIN,X,22.0,22.0,22.0,22.0,21.05,1,1,22.0
2022-09-02,2022-09-02,USHDI,X,2.11,2.52,2.11,2.37,2.49,364,251058,585182.0
2022-09-02,2022-09-02,MEHSECU,XT,29.5,29.5,28.2,28.2,28.1,16,7210,207747.0
2022-09-02,2022-09-02,RFL,XT,95.5,95.6,86.5,95.6,91.05,73,4263,398232.0
2022-09-02,2022-09-02,UGROCAP,B,195.0,202.5,191.75,195.05,191.2,259,6401,1244698.0
2022-09-02,2022-09-02,SAHLIBHFI,X,162.95,162.95,146.05,156.3,150.0,34,3625,555208.0
2022-09-02,2022-09-02,MANSIFIN,XT,28.65,28.65,28.65,28.65,27.3,3,711,20370.0
2022-09-02,2022-09-02,SEVENHILL,X,0.89,0.89,0.84,0.86,0.88,977,1155143,1003076.0
2022-09-02,2022-09-02,AASTAFIN,X,10.88,11.96,10.24,11.05,10.88,49,12676,142088.0
2022-09-02,2022-09-02,MUTHOOTCAP,B,202.05,205.5,200.5,202.6,203.75,157,1681,340302.0
2022-09-02,2022-09-02,MASTERTR,X,158.3,167.8,158.1,159.2,162.25,109,10732,1765615.0
2022-09-02,2022-09-02,TTGIL,X,3.0,3.02,2.99,3.02,2.88,621,332188,1002493.0
2022-09-02,2022-09-02,ZSARACOM,X,2599.95,2600.0,2500.0,2513.2,2512.95,24,101,255475.0
2022-09-02,2022-09-02,NDMETAL,X,29.0,29.0,29.0,29.0,28.9,7,200,5800.0
2022-09-02,2022-09-02,SKYBIOTECH,XT,34.65,34.65,34.65,34.65,33.0,1,1,34.0
2022-09-02,2022-09-02,ROYALIND,X,2.55,2.55,2.45,2.54,2.63,30,7796,19627.0
2022-09-02,2022-09-02,DHANSAFAL,X,2.75,2.94,2.75,2.77,2.82,314,175504,489669.0
2022-09-02,2022-09-02,VISVEN,X,47.5,51.4,47.5,48.5,49.9,7,520,26374.0
2022-09-02,2022-09-02,DECNGOLD,X,29.25,29.3,28.3,28.65,29.2,221,56432,1620800.0
2022-09-02,2022-09-02,UPL,A,760.0,761.85,744.15,745.95,756.8,3600,100924,75942135.0
2022-09-02,2022-09-02,CRANESSOFT,XT,3.38,3.38,3.06,3.18,3.22,416,337567,1120474.0
2022-09-02,2022-09-02,SAICOM,X,1.98,1.98,1.82,1.87,1.89,1701,2440403,4783309.0
2022-09-02,2022-09-02,AVIVA,X,22.8,22.8,22.8,22.8,22.4,2,110,2508.0
2022-09-02,2022-09-02,ROSEMER,XT,30.6,30.6,29.0,30.2,30.45,11,1216,37032.0
2022-09-02,2022-09-02,SIGIND,B,41.1,42.05,41.05,41.6,41.75,122,5880,244883.0
2022-09-02,2022-09-02,SECURKLOUD,T,54.05,57.65,54.05,56.85,54.95,110,18820,1078070.0
2022-09-02,2022-09-02,ABANSENT,X,107.0,108.0,103.75,107.6,107.0,37,1101,118291.0
2022-09-02,2022-09-02,CAPRICORN,XT,9.12,9.57,8.68,9.57,9.12,12,136,1224.0
2022-09-02,2022-09-02,VAMA,X,7.55,7.93,7.22,7.59,7.35,344,145121,1109103.0
2022-09-02,2022-09-02,SUNTECK,A,477.0,480.55,471.8,474.15,471.1,1057,19437,9268341.0
2022-09-02,2022-09-02,SILVERO,Z,2.25,2.25,2.15,2.24,2.26,52,24963,54199.0
2022-09-02,2022-09-02,STEPHANOTIS,XT,22.7,22.7,22.7,22.7,23.85,1,3,68.0
2022-09-02,2022-09-02,PRISMMEDI,XT,9.0,9.24,8.36,9.24,8.8,129,66971,589025.0
2022-09-02,2022-09-02,VERITAS,XT,121.65,121.65,117.15,119.0,119.3,71,4338,517522.0
2022-09-02,2022-09-02,JAICORPLTD,A,137.0,146.4,134.85,139.0,135.65,11672,1232450,175259204.0
2022-09-02,2022-09-02,ASHCAP,X,6.4,6.45,6.1,6.23,6.29,252,47493,299395.0
2022-09-02,2022-09-02,SVARTCORP,X,2.65,2.75,2.62,2.72,2.67,177,72109,192186.0
2022-09-02,2022-09-02,MMWL,B,11.41,11.41,11.41,11.41,10.87,99,41241,470559.0
2022-09-02,2022-09-02,NNTL,Z,9.28,9.28,9.28,9.28,9.28,2,1000,9280.0
2022-09-02,2022-09-02,BHAGYANGR,B,43.25,43.95,42.0,43.05,43.5,127,3373,144493.0
2022-09-02,2022-09-02,CHMBBRW,X,3.8,4.13,3.8,3.8,4.0,63,15767,60956.0
2022-09-02,2022-09-02,SGMART,XT,513.6,514.75,475.0,514.75,490.25,23,339,173295.0
2022-09-02,2022-09-02,ARAVALIS,X,5.31,6.09,5.31,6.0,5.26,12,983,5842.0
2022-09-02,2022-09-02,SWORDEDGE,X,0.66,0.67,0.63,0.64,0.66,1469,1882910,1212606.0
2022-09-02,2022-09-02,CRSL,XT,37.35,37.35,36.8,37.05,35.6,2645,4000989,148605111.0
2022-09-02,2022-09-02,STARTECK,B,139.45,141.9,139.45,140.4,140.0,20,10028,1408945.0
2022-09-02,2022-09-02,SHARDUL,X,91.9,91.9,90.05,91.9,91.0,11,196,17729.0
2022-09-02,2022-09-02,SERA,XT,234.95,234.95,214.85,214.85,226.15,114,10436,2244514.0
2022-09-02,2022-09-02,NIRAVCOM,X,412.3,447.0,412.1,446.5,429.0,5,102,42109.0
2022-09-02,2022-09-02,APOLLOFI,X,690.0,709.95,675.3,691.45,689.65,88,894,621900.0
2022-09-02,2022-09-02,SHRJAGP,X,930.0,930.0,908.3,913.25,912.1,179,3194,2923734.0
2022-09-02,2022-09-02,LLOYDSME,B,151.3,153.4,150.6,153.4,146.1,1664,464794,71177918.0
2022-09-02,2022-09-02,LLOYDSENT,X,4.69,5.06,4.56,4.99,4.54,3348,4076025,19419506.0
2022-09-02,2022-09-02,BETXIND,X,71.3,73.85,71.3,71.7,74.95,15,593,42583.0
2022-09-02,2022-09-02,POLYTEX,X,4.62,4.62,4.38,4.38,4.61,24,4058,17817.0
2022-09-02,2022-09-02,DHANCOT,X,99.0,99.0,90.5,93.6,94.5,26,718,67234.0
2022-09-02,2022-09-02,OASISEC,X,69.0,72.6,62.75,71.75,66.0,22,627,43723.0
2022-09-02,2022-09-02,GARNETINT,X,47.0,48.25,46.0,48.25,45.8,32,7010,328598.0
2022-09-02,2022-09-02,SHALPRO,X,0.57,0.58,0.57,0.58,0.57,2351,4819968,2791258.0
2022-09-02,2022-09-02,DONEAR,B,55.0,56.3,54.0,55.9,54.6,157,6112,338043.0
2022-09-02,2022-09-02,SUPER,X,898.0,904.95,878.0,891.65,893.0,105,2865,2553768.0
2022-09-02,2022-09-02,VIYASH,A,113.4,115.2,112.6,114.0,113.05,1456,82890,9457672.0
2022-09-02,2022-09-02,STCINDIA,B,93.7,94.5,91.3,92.15,92.4,187,6020,559834.0
2022-09-02,2022-09-02,ZENITHEXPO,B,86.95,88.5,86.95,87.1,86.85,5,22,1916.0
2022-09-02,2022-09-02,KOHINOOR,T,77.95,78.65,75.0,75.4,77.9,658,36438,2771236.0
2022-09-02,2022-09-02,AVANTIFEED,A,466.1,469.0,463.85,465.4,464.15,311,5531,2575109.0
2022-09-02,2022-09-02,ZODJRDMKJ,X,37.35,39.6,35.05,37.95,38.35,63,4144,157771.0
2022-09-02,2022-09-02,SITAENT,X,17.7,17.7,16.7,16.7,17.75,5,607,10651.0
2022-09-02,2022-09-02,ADANIENT,A,3263.0,3369.45,3226.8,3356.95,3232.75,10017,159559,528286768.0
2022-09-02,2022-09-02,HARIAEXPO,X,5.69,5.69,5.5,5.55,5.53,22,6377,35642.0
2022-09-02,2022-09-02,BHANDARI,B,6.05,6.05,5.92,6.01,5.95,66,57690,345347.0
2022-09-02,2022-09-02,RLF,XT,5.61,5.79,5.34,5.65,5.61,37,2643,14903.0
2022-09-02,2022-09-02,REGENTRP,X,2.11,2.11,1.93,2.01,1.99,80,60228,119008.0
2022-09-02,2022-09-02,ORBTEXP,B,150.45,150.8,144.65,148.85,148.0,121,2940,433737.0
2022-09-02,2022-09-02,SAVERA,X,74.45,76.0,71.65,73.75,72.3,109,27558,2028099.0
2022-09-02,2022-09-02,TATASTLLP,A,638.45,638.45,620.0,621.55,630.95,950,6342,3962371.0
2022-09-02,2022-09-02,NAVA,A,219.85,223.95,216.9,220.85,216.9,1788,69801,15444671.0
2022-09-02,2022-09-02,REMIEDEL,X,34.0,37.15,34.0,35.65,34.55,17,1450,52813.0
2022-09-02,2022-09-02,GSAUTO,X,17.45,18.9,16.5,18.9,17.2,395,112965,2122510.0
2022-09-02,2022-09-02,TRANSFRE,XT,16.7,17.9,16.7,17.85,17.55,28,2474,41604.0
2022-09-02,2022-09-02,SBCL,B,614.7,620.0,604.0,608.1,613.0,499,3510,2151104.0
2022-09-02,2022-09-02,GANDHITUBE,B,424.65,433.25,421.0,421.35,416.4,102,1164,497259.0
2022-09-02,2022-09-02,AMFORG,X,6.85,7.2,6.4,6.53,6.85,35,5833,38231.0
2022-09-02,2022-09-02,ONIXSOLAR,XT,139.25,139.25,139.25,139.25,132.65,30,3099,431535.0
2022-09-02,2022-09-02,ORICONENT,B,37.7,37.7,35.6,36.2,36.05,441,59057,2137771.0
2022-09-02,2022-09-02,ACROW,X,532.8,532.8,532.8,532.8,507.45,19,1182,629769.0
2022-09-02,2022-09-02,STLSTRINF,X,25.3,25.4,24.2,25.0,24.8,45,4010,99622.0
2022-09-02,2022-09-02,UTTAMGALVA,T,3.55,3.69,3.46,3.62,3.56,210,132436,474499.0
2022-09-02,2022-09-02,PENIND,B,43.05,46.5,43.0,46.2,43.0,3081,403834,18347177.0
2022-09-02,2022-09-02,JYOTISTRUC,Z,19.45,19.5,19.05,19.5,18.6,209,215603,4203831.0
2022-09-02,2022-09-02,JAYUSH,X,505.0,524.0,471.0,520.4,497.9,66,24950,12516398.0
2022-09-02,2022-09-02,SSWL,B,894.9,906.6,866.05,870.75,885.95,1205,8918,7886894.0
2022-09-02,2022-09-02,MANINDS,B,90.95,91.1,89.25,89.75,90.95,343,9523,858493.0
2022-09-02,2022-09-02,IMEC,X,2.79,2.79,2.75,2.79,2.66,91,84811,236619.0
2022-09-02,2022-09-02,MDRNSTL,X,15.1,17.0,15.1,16.85,15.55,70,14326,237090.0
2022-09-02,2022-09-02,BELDING,XT,59.75,59.75,54.15,54.15,56.95,50,3367,188630.0
2022-09-02,2022-09-02,GOLKONDA,Z,18.65,20.4,18.65,20.4,19.6,6,901,16874.0
2022-09-02,2022-09-02,METALFORGE,Z,4.44,4.5,4.3,4.4,4.44,32,4190,18288.0
2022-09-02,2022-09-02,GUJTLRM,XT,15.95,16.0,15.95,16.0,15.95,4,310,4953.0
2022-09-02,2022-09-02,GFSTEELS,T,4.34,4.34,4.34,4.34,4.56,1,50,217.0
2022-09-02,2022-09-02,AJMERA,B,271.55,289.5,265.0,276.75,271.1,2449,36186,10073924.0
2022-09-02,2022-09-02,COCHINM,X,223.0,228.8,215.2,216.7,223.25,466,31372,6944036.0
2022-09-02,2022-09-02,INDIAHOMES,XT,2.59,2.59,2.5,2.55,2.55,369,160346,407175.0
2022-09-02,2022-09-02,KVFORGE,X,41.0,41.5,41.0,41.3,41.35,7,220,9064.0
2022-09-02,2022-09-02,CARBORUNIV,A,833.65,864.5,833.65,861.35,848.25,936,10055,8574556.0
2022-09-02,2022-09-02,MMTC,A,41.75,42.55,41.5,41.7,41.9,2127,377503,15845318.0
2022-09-02,2022-09-02,VALLABHSQ,X,6.11,6.11,6.11,6.11,6.4,1,5,30.0
2022-09-02,2022-09-02,ASHIS,X,32.95,32.95,29.75,31.4,31.0,39,1387,42687.0
2022-09-02,2022-09-02,PMTELELIN,X,8.14,8.49,8.14,8.14,8.56,67,25766,209812.0
2022-09-02,2022-09-02,SMFIL,XT,5.29,5.29,4.91,5.01,5.07,82,27745,140086.0
2022-09-02,2022-09-02,BLOIN,XT,23.15,24.75,22.55,24.75,23.6,4,66,1606.0
2022-09-02,2022-09-02,MAITRI,XT,36.25,36.25,34.45,34.45,36.25,10,335,11631.0
2022-09-02,2022-09-02,TATAMETALI,A,780.55,799.0,775.5,780.1,785.15,2173,16871,13218881.0
2022-09-02,2022-09-02,SHAHALLOYS,B,58.85,59.2,56.0,57.35,56.4,127,10709,625819.0
2022-09-02,2022-09-02,JSWISPL,A,28.25,28.7,27.9,28.25,28.2,539,100639,2839235.0
2022-09-02,2022-09-02,ELANGO,XT,7.6,7.6,7.6,7.6,7.42,7,980,7448.0
2022-09-02,2022-09-02,KANSHST,XT,28.5,28.75,27.1,27.95,27.95,20,653,18188.0
2022-09-02,2022-09-02,MAHALXSE,Z,8.2,8.44,7.64,7.69,8.04,33,23997,184139.0
2022-09-02,2022-09-02,SIMPLEXCAS,X,38.8,38.8,37.0,37.2,37.95,39,2900,107889.0
2022-09-02,2022-09-02,SSWRL,X,24.0,28.2,23.1,26.55,23.75,200,30165,797599.0
2022-09-02,2022-09-02,SOUTHMG,XT,69.7,69.7,69.7,69.7,66.4,8,6905,481278.0
2022-09-02,2022-09-02,BAROEXT,X,3.5,3.55,3.37,3.42,3.47,439,308848,1062575.0
2022-09-02,2022-09-02,GUJCONT,P,169.9,169.9,169.9,169.9,161.85,6,1500,254850.0
2022-09-02,2022-09-02,KALYANIFRG,T,191.85,191.85,190.0,190.0,191.8,3,146,27760.0
2022-09-02,2022-09-02,PANCHMAHQ,X,145.4,159.5,145.05,153.9,145.15,314,18911,2894656.0
2022-09-02,2022-09-02,ADITYA,X,9.76,9.76,9.76,9.76,9.76,3,21,204.0
2022-09-02,2022-09-02,SRIND,XT,2.1,2.25,2.06,2.25,2.15,38,18819,42110.0
2022-09-02,2022-09-02,STEELCAS,B,441.0,447.0,410.8,432.65,437.7,283,4329,1867149.0
2022-09-02,2022-09-02,PITTIENG,B,316.15,320.75,315.9,319.45,318.25,691,12884,4112052.0
2022-09-02,2022-09-02,GLITTEKG,X,3.19,3.27,3.19,3.27,3.28,14,3051,9900.0
2022-09-02,2022-09-02,PRADPME,X,120.9,120.9,115.5,117.25,119.65,100,14706,1724522.0
2022-09-02,2022-09-02,GNRL,X,15.95,16.75,15.5,16.4,15.49,102,13386,219653.0
2022-09-02,2022-09-02,SHRDAIS,XT,65.35,71.45,65.35,71.45,68.1,3,55,3619.0
2022-09-02,2022-09-02,MAHASTEEL,B,69.5,69.85,67.9,67.95,68.65,15,307,21048.0
2022-09-02,2022-09-02,HINDCOPPER,A,116.4,118.55,114.8,115.45,117.0,2124,159846,18550521.0
2022-09-02,2022-09-02,AXELPOLY,XT,44.25,44.25,41.85,42.7,42.2,14,19827,871477.0
2022-09-02,2022-09-02,NLCINDIA,A,76.9,79.15,76.6,77.6,76.9,5615,1051681,82022978.0
2022-09-02,2022-09-02,SPECTRA,X,8.31,8.31,8.31,8.31,7.93,8,3611,30007.0
2022-09-02,2022-09-02,KAJARIR,X,43.7,44.85,43.0,43.95,43.95,78,19832,868415.0
2022-09-02,2022-09-02,SOLIDSTON,XT,43.9,45.65,41.75,45.5,43.9,8,358,15788.0
2022-09-02,2022-09-02,SHILGRAVQ,X,91.9,93.0,90.0,90.05,90.0,25,704,64256.0
2022-09-02,2022-09-02,WHITEORG,X,14.1,14.41,14.1,14.41,13.73,238,122724,1759705.0
2022-09-02,2022-09-02,MFSINTRCRP,X,13.42,14.09,13.0,14.09,13.42,101,20105,273424.0
2022-09-02,2022-09-02,AROGRANITE,B,52.75,54.8,52.15,52.25,51.4,382,22441,1198005.0
2022-09-02,2022-09-02,RUDRAECO,X,6.1,6.1,5.53,5.95,5.94,61,6855,39766.0
2022-09-02,2022-09-02,RAJKSYN,X,29.15,30.3,28.5,30.15,29.5,108,19928,587027.0
2022-09-02,2022-09-02,DEEPAKSP,X,261.0,264.95,259.25,262.25,260.6,161,6912,1808847.0
2022-09-02,2022-09-02,JBFINDLTD,T,13.22,13.3,12.55,13.28,12.67,145,67303,878427.0
2022-09-02,2022-09-02,LOYALTEX,B,881.05,910.0,850.0,854.4,901.65,180,1576,1374194.0
2022-09-02,2022-09-02,HIMATSEIDE,A,108.85,109.0,107.0,107.15,107.3,733,23976,2586338.0
2022-09-02,2022-09-02,BSL,B,116.9,118.9,116.9,117.2,116.0,106,1312,154034.0
2022-09-02,2022-09-02,PBMPOLY,X,139.4,141.0,137.1,137.75,138.3,90,10080,1406169.0
2022-09-02,2022-09-02,ADINATH,XT,37.4,37.45,35.9,37.35,36.0,78,3814,140451.0
2022-09-02,2022-09-02,SURYALA,X,334.9,335.95,314.0,315.4,327.1,126,4449,1425055.0
2022-09-02,2022-09-02,SURYVANSP,XT,45.85,45.85,41.55,42.7,43.7,150,45139,1978931.0
2022-09-02,2022-09-02,TTL,B,87.0,97.1,87.0,90.6,86.0,148,3723,346889.0
2022-09-02,2022-09-02,WELSPUNLIV,A,75.15,76.6,74.1,74.35,75.75,1066,85274,6404119.0
2022-09-02,2022-09-02,INDIANACRY,X,13.99,14.05,13.75,13.88,13.77,216,108881,1513720.0
2022-09-02,2022-09-02,GANECOS,B,640.0,650.15,631.2,632.05,636.6,247,2322,1484465.0
2022-09-02,2022-09-02,CEETAIN,XT,17.6,17.6,17.6,17.6,18.5,1,10,176.0
2022-09-02,2022-09-02,VARDMNPOLY,B,23.35,23.35,22.8,23.0,22.65,14,340,7860.0
2022-09-02,2022-09-02,RISHYRN,P,41.05,41.05,41.05,41.05,41.05,2,200,8210.0
2022-09-02,2022-09-02,BLACKROSE,X,194.85,194.85,192.15,194.25,192.05,1276,42672,8266993.0
2022-09-02,2022-09-02,STCORP,XT,310.0,311.0,285.1,308.6,296.35,317,15965,4899933.0
2022-09-02,2022-09-02,SUMEETINDS,B,6.2,6.2,5.86,5.93,6.13,134,131879,790077.0
2022-09-02,2022-09-02,BINNY,X,441.0,453.8,412.5,412.65,434.2,1264,73707,31606687.0
2022-09-02,2022-09-02,RAMGOPOLY,XT,5.4,5.94,5.4,5.92,5.66,32,4138,24408.0
2022-09-02,2022-09-02,SANGAMIND,B,326.4,329.55,315.4,317.75,328.95,241,4313,1389214.0
2022-09-02,2022-09-02,MKVENTURES,X,840.0,840.0,776.1,797.9,816.9,22,126,99045.0
2022-09-02,2022-09-02,KUSHIND,X,5.6,5.7,5.27,5.4,5.48,89,19394,104598.0
2022-09-02,2022-09-02,SRECR,P,153.55,153.65,140.0,150.85,146.65,42,6700,1006415.0
2022-09-02,2022-09-02,SEASONST,X,8.5,8.5,8.5,8.5,8.33,1,50,425.0
2022-09-02,2022-09-02,ZENIFIB,X,77.0,87.8,72.75,75.2,73.2,664,53439,4227970.0
2022-09-02,2022-09-02,BHILSPIN,X,36.0,36.6,35.0,36.0,35.85,37,1899,67571.0
2022-09-02,2022-09-02,VGL,B,28.4,28.5,26.65,27.2,27.7,94,5656,155307.0
2022-09-02,2022-09-02,SANTETX,XT,106.0,107.5,102.0,102.15,102.4,17,685,70228.0
2022-09-02,2022-09-02,ASHIMASYN,B,14.65,16.35,14.65,15.55,15.33,453,77140,1229193.0
2022-09-02,2022-09-02,PIONEEREMB,B,45.7,46.05,45.1,45.1,44.75,30,2927,134065.0
2022-09-02,2022-09-02,VIPPYSP,X,135.25,139.0,133.6,137.55,136.05,30,995,135632.0
2022-09-02,2022-09-02,JAIHIND,XT,17.85,18.85,17.85,18.05,18.7,13,3960,71206.0
2022-09-02,2022-09-02,RAGHUSYN,X,165.0,170.95,159.9,169.8,165.35,322,29860,4933778.0
2022-09-02,2022-09-02,KAMADGIRI,X,68.1,71.9,68.1,71.05,69.75,12,972,67903.0
2022-09-02,2022-09-02,PATSPINLTD,X,9.0,9.47,8.7,8.8,9.03,38,32956,294820.0
2022-09-02,2022-09-02,ONEGLOBAL,X,33.1,35.4,32.5,33.15,35.9,28,3178,105590.0
2022-09-02,2022-09-02,NEOINFRA,X,13.01,14.39,13.01,13.47,14.43,12,141,1896.0
2022-09-02,2022-09-02,PREMIERPOL,B,97.5,97.55,95.0,95.55,96.45,94,1963,188965.0
2022-09-02,2022-09-02,EVERFIN,XT,27.0,29.1,27.0,27.4,27.75,25,833,23679.0
2022-09-02,2022-09-02,KRRAIL,X,26.0,26.95,25.25,25.55,25.95,191,32734,850642.0
2022-09-02,2022-09-02,YARNSYN,X,14.28,14.99,13.66,14.99,14.28,61,4204,60842.0
2022-09-02,2022-09-02,GUJCOTEX,XT,3.88,4.14,3.85,4.03,4.0,316,65117,260815.0
2022-09-02,2022-09-02,AJIL,Z,22.6,22.6,21.3,22.2,22.35,33,1613,35394.0
2022-09-02,2022-09-02,GARWSYN,X,13.5,13.5,13.33,13.33,12.88,3,401,5345.0
2022-09-02,2022-09-02,MANORG,B,561.55,579.55,554.0,573.9,569.65,246,2803,1591739.0
2022-09-02,2022-09-02,HINDADH,X,444.95,445.0,418.0,437.55,430.15,213,3868,1680804.0
2022-09-02,2022-09-02,SRIKPRIND,X,18.55,19.15,17.9,18.2,19.05,78,8857,161886.0
2022-09-02,2022-09-02,JYOTIRES,XT,4289.0,4331.15,3918.75,4000.3,4124.95,6438,25041,102454153.0
2022-09-02,2022-09-02,MHLXMIRU,B,159.4,189.0,155.5,171.45,160.5,1014,20821,3631689.0
2022-09-02,2022-09-02,SOUTLAT,XT,17.2,17.2,17.2,17.2,17.2,1,1,17.0
2022-09-02,2022-09-02,WINSOMTX,B,89.75,90.55,87.4,88.3,87.85,157,5680,504376.0
2022-09-02,2022-09-02,MODINSU,XT,39.45,40.85,39.45,40.0,40.15,22,2450,98844.0
2022-09-02,2022-09-02,REGENCERAM,T,23.7,23.7,22.6,23.7,22.6,189,40938,963983.0
2022-09-02,2022-09-02,ASAHIINDIA,A,640.0,672.55,632.35,644.0,638.6,2750,49745,32543361.0
2022-09-02,2022-09-02,MURUDCERA,B,29.4,29.85,28.9,29.35,29.4,165,15171,445987.0
2022-09-02,2022-09-02,SEKURITIND,X,92.15,92.5,90.6,91.5,91.45,658,96539,8861394.0
2022-09-02,2022-09-02,ANANTRAJ,B,87.5,95.55,85.2,93.9,86.35,3809,439212,40092723.0
2022-09-02,2022-09-02,MADHUDIN,X,23.95,23.95,22.5,22.6,23.45,19,2778,63506.0
2022-09-02,2022-09-02,RESTILE,X,4.07,4.07,3.7,3.9,3.88,52,14145,55591.0
2022-09-02,2022-09-02,MADHAV,B,54.25,54.25,52.85,53.05,54.0,22,266,14118.0
2022-09-02,2022-09-02,RAMASIGNS,X,4.4,4.42,4.23,4.42,4.21,60,85872,377275.0
2022-09-02,2022-09-02,HALDYNGL,X,57.2,64.7,56.3,61.95,57.2,3372,906151,56872492.0
2022-09-02,2022-09-02,DUROPLY,X,188.0,188.0,178.55,179.85,182.65,55,2113,385777.0
2022-09-02,2022-09-02,SHREYANIND,B,137.5,137.5,137.0,137.25,137.05,5,19,2611.0
2022-09-02,2022-09-02,AGIOPAPER,X,4.54,4.54,4.12,4.14,4.33,61,12376,52473.0
2022-09-02,2022-09-02,STARPAPER,B,209.0,214.7,206.05,207.9,206.2,1227,28689,6054679.0
2022-09-02,2022-09-02,PAKKA,X,120.0,124.7,115.5,116.85,115.8,7284,1106584,133269573.0
2022-09-02,2022-09-02,NATPLY,Z,9.1,9.2,8.55,9.2,8.99,13,332,2991.0
2022-09-02,2022-09-02,ARROWGREEN,B,77.25,80.15,75.0,77.1,76.45,172,4513,352729.0
2022-09-02,2022-09-02,VISHNU,B,1950.0,1950.0,1891.3,1926.4,1937.9,1347,5851,11219229.0
2022-09-02,2022-09-02,JUMBO,X,24.55,25.6,24.5,25.25,24.0,57,6447,161443.0
2022-09-02,2022-09-02,NRAIL,B,378.5,387.0,372.05,376.65,377.9,277,3807,1436446.0
2022-09-02,2022-09-02,3PLAND,B,18.0,18.05,18.0,18.05,17.9,2,71,1278.0
2022-09-02,2022-09-02,SANPA,XT,226.25,226.25,226.25,226.25,215.5,16,672,152040.0
2022-09-02,2022-09-02,SHKARTP,XT,8.77,8.78,8.77,8.78,8.78,2,400,3509.0
2022-09-02,2022-09-02,STHINPA,X,127.9,129.7,124.0,124.7,127.35,78,9180,1156377.0
2022-09-02,2022-09-02,FAMILYCARE,XT,24.85,25.4,23.6,25.4,24.2,6860,2310501,58446329.0
2022-09-02,2022-09-02,VINDHYATEL,B,1326.75,1326.75,1284.0,1296.5,1314.7,154,440,569394.0
2022-09-02,2022-09-02,RIR,X,237.8,237.8,228.0,230.3,226.6,208,4856,1125196.0
2022-09-02,2022-09-02,ADOR,B,919.7,919.7,888.0,891.7,900.15,289,1787,1606335.0
2022-09-02,2022-09-02,IDM,XT,9.64,9.64,9.64,9.64,9.45,5,67,645.0
2022-09-02,2022-09-02,SALZERELEC,B,240.65,242.0,235.4,237.3,239.65,445,4382,1046426.0
2022-09-02,2022-09-02,JETKINGQ,X,43.0,46.0,42.75,44.75,42.75,65,13970,620557.0
2022-09-02,2022-09-02,APLAB,XT,19.95,19.95,19.95,19.95,19.95,1,100,1995.0
2022-09-02,2022-09-02,PCS,XT,18.85,19.55,18.75,18.85,18.9,90,8098,154535.0
2022-09-02,2022-09-02,USHAMART,A,140.05,140.1,136.55,137.45,140.2,1198,61293,8440347.0
2022-09-02,2022-09-02,SPELS,XT,62.0,64.0,62.0,62.75,62.85,746,56440,3533780.0
2022-09-02,2022-09-02,SUBROS,B,340.0,341.0,332.8,334.2,337.15,262,3959,1341400.0
2022-09-02,2022-09-02,EDVENSWA,XT,80.35,88.0,80.3,82.1,84.5,158,7350,597624.0
2022-09-02,2022-09-02,HONAUT,A,43150.0,43150.0,42115.15,42188.85,42920.5,56,65,2761615.0
2022-09-02,2022-09-02,SWITCHTE,X,33.5,33.6,33.5,33.6,33.3,5,30,1007.0
2022-09-02,2022-09-02,LUMAXIND,B,1590.05,1620.0,1570.4,1615.35,1607.75,334,1067,1702830.0
2022-09-02,2022-09-02,DIGISPICE,B,29.2,30.7,29.2,29.85,29.9,180,18470,549887.0
2022-09-02,2022-09-02,AURIQUE,X,8.2,9.3,8.15,9.3,7.75,339,124001,1118186.0
2022-09-02,2022-09-02,CALCOM,X,97.8,97.8,90.5,91.3,93.25,127,7774,730522.0
2022-09-02,2022-09-02,DYNAVSN,XT,173.0,178.0,173.0,176.75,180.0,5,90,15875.0
2022-09-02,2022-09-02,BCCFUBA,XT,22.3,22.3,21.25,21.4,22.35,41,4525,97391.0
2022-09-02,2022-09-02,PRECISIO,XT,34.2,34.2,34.2,34.2,36.0,6,1150,39330.0
2022-09-02,2022-09-02,FINELINE,X,43.0,47.9,43.0,44.8,45.6,57,6284,284926.0
2022-09-02,2022-09-02,HBLENGINE,B,80.5,89.35,79.75,87.65,79.95,15288,3863023,320178134.0
2022-09-02,2022-09-02,S&SPOWER,T,32.6,32.6,32.6,32.6,34.3,1,1,32.0
2022-09-02,2022-09-02,GUJARATPOLY,X,34.35,35.75,34.35,35.55,34.35,36,5642,197646.0
2022-09-02,2022-09-02,GIPCL,B,91.35,95.05,91.15,91.45,92.5,797,33873,3159379.0
2022-09-02,2022-09-02,CMICABLES,B,29.6,30.35,27.55,29.1,29.65,262,7644,226133.0
2022-09-02,2022-09-02,MOTHERSON,A,126.95,127.2,125.45,125.75,125.65,3862,301417,38048679.0
2022-09-02,2022-09-02,MINDTECK,B,144.25,144.8,141.55,142.4,141.85,109,2631,374846.0
2022-09-02,2022-09-02,HAVELLS,A,1386.6,1405.85,1375.5,1381.85,1384.6,1863,16184,22516440.0
2022-09-02,2022-09-02,ACIIN,X,1.38,1.38,1.34,1.36,1.35,529,139111,189178.0
2022-09-02,2022-09-02,INCAP,XT,43.3,43.95,41.0,41.1,42.0,27,5808,244796.0
2022-09-02,2022-09-02,GUJINTRX,X,124.0,129.9,123.1,123.55,124.0,16,908,113873.0
2022-09-02,2022-09-02,IGARASHI,B,371.6,381.7,363.05,365.45,370.1,1592,23691,8832524.0
2022-09-02,2022-09-02,SYMPHONY,A,932.7,937.2,916.6,934.85,928.9,197,475,441189.0
2022-09-02,2022-09-02,PANELEC,X,25.05,26.6,25.05,25.9,26.8,8,378,9762.0
2022-09-02,2022-09-02,SHYAMTEL,T,10.5,10.5,10.5,10.5,10.5,7,508,5334.0
2022-09-02,2022-09-02,LEENEE,X,10.02,10.49,10.0,10.36,10.34,325,48203,493228.0
2022-09-02,2022-09-02,PATELSAI,X,228.5,232.9,220.25,225.7,222.95,182,13372,3055620.0
2022-09-02,2022-09-02,BUTTERFLY,B,1517.75,1550.0,1505.8,1521.75,1537.2,91,136,207568.0
2022-09-02,2022-09-02,ATHENAGLO,XT,68.6,68.6,68.6,68.6,72.2,1,100,6860.0
2022-09-02,2022-09-02,NARMP,XT,9.59,9.59,9.59,9.59,9.59,3,9,86.0
2022-09-02,2022-09-02,DUTRON,XT,131.55,139.95,131.55,139.7,135.45,8,1138,150886.0
2022-09-02,2022-09-02,RSSOFTWARE,B,29.65,29.65,28.6,29.0,29.2,166,7022,203167.0
2022-09-02,2022-09-02,MAGNAELQ,X,361.6,365.9,345.25,347.6,361.6,105,3650,1284858.0
2022-09-02,2022-09-02,MARSONS,Z,8.54,8.55,7.81,8.52,8.16,17,1680,13639.0
2022-09-02,2022-09-02,ELNET,X,151.75,151.9,148.05,149.55,149.2,58,1371,205469.0
2022-09-02,2022-09-02,ACCEL,X,18.2,18.2,17.6,18.05,17.8,125,21159,379964.0
2022-09-02,2022-09-02,WEBELSOLAR,B,93.9,93.9,90.1,90.4,90.9,501,14022,1277527.0
2022-09-02,2022-09-02,ROTO,B,442.65,465.9,442.65,458.75,443.3,498,6522,2982574.0
2022-09-02,2022-09-02,TTKPRESTIG,A,946.7,965.0,943.3,956.05,947.25,1480,8635,8255199.0
2022-09-02,2022-09-02,DHINDIA,X,55.8,59.8,51.6,53.4,54.8,641,76969,4339079.0
2022-09-02,2022-09-02,RAJRATAN,B,1155.0,1155.0,1090.95,1099.7,1125.5,1185,10698,11917846.0
2022-09-02,2022-09-02,SURANAT&P,B,11.72,12.5,11.72,12.5,11.91,151,85029,1059289.0
2022-09-02,2022-09-02,ONWARDTEC,B,252.0,256.9,252.0,254.4,254.9,140,1478,374944.0
2022-09-02,2022-09-02,CENTUM,B,481.2,487.0,468.0,471.3,479.1,102,637,305119.0
2022-09-02,2022-09-02,ALFATRAN,X,6.05,6.06,6.05,6.05,5.78,14,1377,8330.0
2022-09-02,2022-09-02,STARLITE,Z,5.17,5.18,5.05,5.18,4.94,21,2765,14228.0
2022-09-02,2022-09-02,NHCFOODS,X,25.5,27.0,25.05,25.55,25.15,224,66736,1755253.0
2022-09-02,2022-09-02,PVP,T,7.21,7.86,7.21,7.86,7.49,51,69242,529634.0
2022-09-02,2022-09-02,TRIGYN,B,108.0,108.0,104.0,104.45,105.7,184,4357,459446.0
2022-09-02,2022-09-02,KEI,A,1474.0,1474.0,1437.05,1444.35,1439.25,943,6636,9642402.0
2022-09-02,2022-09-02,IMPPOWERS,T,7.85,7.85,7.43,7.45,7.63,37,23128,172601.0
2022-09-02,2022-09-02,KEERTHI,XT,139.95,143.95,133.0,139.95,139.0,29,2398,326989.0
2022-09-02,2022-09-02,GUJSIDHCEM,B,37.8,39.25,37.3,38.1,37.5,296,9255,354731.0
2022-09-02,2022-09-02,SURAJ,Z,103.95,103.95,94.55,95.0,99.5,70,3550,338466.0
2022-09-02,2022-09-02,APCL,B,234.75,237.05,231.2,232.8,229.6,95,2606,613543.0
2022-09-02,2022-09-02,MODINATUR,X,210.7,212.0,205.2,208.15,215.05,81,4319,899903.0
2022-09-02,2022-09-02,PRSNTIN,XT,9.3,9.3,9.3,9.3,9.3,1,1,9.0
2022-09-02,2022-09-02,ZKHANDEN,XT,52.0,52.0,47.55,47.55,49.95,8,208,10739.0
2022-09-02,2022-09-02,TASTYBITE,A,12769.35,12770.0,12365.15,12493.7,12584.9,149,285,3581880.0
2022-09-02,2022-09-02,RITESHIN,XT,96.5,96.5,87.4,96.5,91.95,1587,182529,17203927.0
2022-09-02,2022-09-02,AVTNPL,B,107.95,112.0,106.25,111.25,105.35,1953,80151,8874379.0
2022-09-02,2022-09-02,HNDFDS,A,456.95,460.0,446.45,449.6,450.2,1001,9861,4479291.0
2022-09-02,2022-09-02,NAHARINDUS,B,125.25,126.0,122.5,123.05,124.75,160,5003,620792.0
2022-09-02,2022-09-02,VADILENT,XT,2440.95,2440.95,2440.95,2440.95,2324.75,30,412,1005671.0
2022-09-02,2022-09-02,VADILALIND,B,2483.1,2592.0,2456.05,2568.15,2461.7,579,1690,4288351.0
2022-09-02,2022-09-02,ASHAI,XT,9.42,9.42,8.82,8.82,9.28,14,666,5987.0
2022-09-02,2022-09-02,ADFFOODS,B,739.25,739.25,719.6,724.1,721.15,130,929,671221.0
2022-09-02,2022-09-02,RGRL,X,10.4,10.4,9.52,9.87,9.77,139,15369,150155.0
2022-09-02,2022-09-02,AJANTSOY,X,58.5,58.5,53.6,54.8,56.0,3080,437400,24262260.0
2022-09-02,2022-09-02,KISAAN,X,3.23,3.4,3.23,3.4,3.4,13,1540,5230.0
2022-09-02,2022-09-02,SIEL,XT,33.55,33.6,33.55,33.6,32.0,8,823,27650.0
2022-09-02,2022-09-02,SPTRSHI,XT,13.2,13.2,13.2,13.2,13.8,7,1578,20829.0
2022-09-02,2022-09-02,SANWARIA,Z,0.77,0.78,0.73,0.77,0.76,427,1538774,1164389.0
2022-09-02,2022-09-02,PRIMAGR,XT,24.65,26.95,24.65,25.8,25.9,30,2001,50172.0
2022-09-02,2022-09-02,MADHURIND,X,5.25,5.28,4.85,5.28,5.03,49,24675,130029.0
2022-09-02,2022-09-02,TARAI,XT,6.5,6.67,6.5,6.67,6.36,58,9538,62892.0
2022-09-02,2022-09-02,MODAIRY,X,9.91,10.25,9.5,9.8,10.0,124,25710,252282.0
2022-09-02,2022-09-02,BAMBINO,X,298.0,298.0,285.2,290.0,289.65,35,660,191518.0
2022-09-02,2022-09-02,PRIMIND,Z,5.25,5.25,4.99,4.99,5.25,5,43,214.0
2022-09-02,2022-09-02,VIKASWSP,Z,2.4,2.5,2.4,2.48,2.43,46,124695,307507.0
2022-09-02,2022-09-02,JATALIA,Z,3.44,3.44,3.44,3.44,3.44,1,1,3.0
2022-09-02,2022-09-02,VSFPROJ,XT,45.9,45.9,42.55,44.9,44.75,4,122,5252.0
2022-09-02,2022-09-02,POONADAL,X,56.5,57.0,55.5,56.65,56.0,43,2098,117824.0
2022-09-02,2022-09-02,TRANSFD,X,72.5,72.5,72.0,72.0,72.25,4,37,2680.0
2022-09-02,2022-09-02,ANIKINDS,B,45.2,46.55,44.05,44.2,45.35,311,21291,961821.0
2022-09-02,2022-09-02,SHINDL,XT,65.75,66.5,61.0,66.45,63.35,53,20615,1364127.0
2022-09-02,2022-09-02,KSE,XT,1948.0,1948.0,1920.0,1946.45,1918.1,34,295,571387.0
2022-09-02,2022-09-02,NARBADA,X,56.4,57.95,51.5,55.65,53.55,228,20960,1152829.0
2022-09-02,2022-09-02,VIRATCRA,X,33.85,35.9,33.1,34.9,33.8,45,6100,211917.0
2022-09-02,2022-09-02,AMBARPIL,XT,351.4,351.4,351.4,351.4,334.7,5,289,101554.0
2022-09-02,2022-09-02,CHORDIA,X,86.5,87.55,83.0,84.5,84.95,70,2930,247785.0
2022-09-02,2022-09-02,CIANAGRO,XT,55.35,58.25,53.6,57.85,55.75,11,522,30354.0
2022-09-02,2022-09-02,TAIIND,X,29.85,32.75,29.65,30.8,31.2,32,2826,87268.0
2022-09-02,2022-09-02,NKIND,T,40.9,40.9,39.5,39.5,39.0,2,101,3990.0
2022-09-02,2022-09-02,BKV,XT,9.07,9.08,8.22,9.0,8.65,52,4006,34692.0
2022-09-02,2022-09-02,ASIANTNE,X,13.6,14.3,13.14,14.05,13.43,319,68581,944624.0
2022-09-02,2022-09-02,HERITGFOOD,A,327.7,330.4,324.1,328.2,325.5,1302,14798,4838991.0
2022-09-02,2022-09-02,SIMRAN,X,143.45,143.45,134.25,135.7,138.25,101,7520,1034581.0
2022-09-02,2022-09-02,DFMFOODS,B,353.1,365.0,351.0,357.75,354.45,1125,20717,7395359.0
2022-09-02,2022-09-02,CCL,A,476.35,494.6,475.65,487.55,478.7,1515,17868,8708264.0
2022-09-02,2022-09-02,KELLTONTEC,B,72.0,72.6,70.55,70.75,71.7,1159,46113,3291445.0
2022-09-02,2022-09-02,SURFI,XT,7.8,7.8,7.79,7.79,7.79,8,448,3492.0
2022-09-02,2022-09-02,LAKESHORE,X,30.1,30.1,29.35,30.1,27.4,55,10158,305117.0
2022-09-02,2022-09-02,RICOAUTO,B,52.65,54.5,52.4,53.25,53.6,877,66358,3539121.0
2022-09-02,2022-09-02,OMAXAUTO,B,53.25,63.95,52.0,58.45,53.3,2050,239959,15124371.0
2022-09-02,2022-09-02,MUNJALSHOW,B,104.9,105.4,104.4,105.0,104.75,193,3874,406643.0
2022-09-02,2022-09-02,JAMNAAUTO,A,119.5,119.5,117.4,117.9,117.95,1964,102658,12158939.0
2022-09-02,2022-09-02,TVSHLTD,A,4678.95,4770.75,4572.15,4695.95,4746.65,136,396,1863811.0
2022-09-02,2022-09-02,JTEKTINDIA,B,93.55,96.85,93.5,95.0,92.2,860,23727,2250719.0
2022-09-02,2022-09-02,MUNJALAU,B,52.8,54.25,52.8,53.35,52.05,803,42368,2271977.0
2022-09-02,2022-09-02,JAYBARMARU,B,177.0,185.8,176.6,179.8,176.9,421,15645,2839032.0
2022-09-02,2022-09-02,RACLGEAR,X,574.0,574.0,566.5,568.0,571.3,126,2439,1389302.0
2022-09-02,2022-09-02,SAMKRG,X,155.0,155.6,150.05,152.0,153.6,58,2568,395696.0
2022-09-02,2022-09-02,RATNAMANI,A,1786.3,1839.7,1786.3,1831.55,1815.7,408,1140,2074107.0
2022-09-02,2022-09-02,VESUVIUS,B,1498.95,1506.25,1440.0,1455.05,1488.9,910,4605,6819842.0
2022-09-02,2022-09-02,ASAL,B,429.95,502.1,421.0,499.5,418.45,6164,117467,57529440.0
2022-09-02,2022-09-02,ARCEEIN,X,8.44,8.44,8.15,8.15,8.44,3,25,206.0
2022-09-02,2022-09-02,ABCINDQ,X,73.0,77.4,73.0,75.2,72.9,16,452,34425.0
2022-09-02,2022-09-02,BALTE,X,8.4,9.68,8.3,9.68,8.8,93,35022,335408.0
2022-09-02,2022-09-02,TRANSWORLD,B,379.0,380.95,371.0,373.9,376.4,765,11996,4508920.0
2022-09-02,2022-09-02,STARLOG,XT,12.21,13.34,12.21,13.09,12.85,31,8737,107273.0
2022-09-02,2022-09-02,TITANIN,X,24.5,25.2,24.5,25.2,24.0,207,33200,832189.0
2022-09-02,2022-09-02,EUROTEXIND,T,12.29,12.29,12.26,12.27,12.37,4,200,2453.0
2022-09-02,2022-09-02,ICIL,A,163.5,164.5,157.6,158.35,162.65,1300,42137,6778937.0
2022-09-02,2022-09-02,MARALOVER,B,67.3,68.7,65.85,67.1,67.45,26,5000,336154.0
2022-09-02,2022-09-02,SOMATEX,B,7.72,7.72,7.34,7.4,7.72,51,19965,148868.0
2022-09-02,2022-09-02,ADVLIFE,XT,33.0,33.0,33.0,33.0,31.85,1,23,759.0
2022-09-02,2022-09-02,KAKTEX,XT,18.25,18.6,16.9,18.35,17.75,33,2203,39678.0
2022-09-02,2022-09-02,OCTAVE,XT,2.12,2.12,1.97,2.12,2.07,17,9219,19382.0
2022-09-02,2022-09-02,TRIDENT,A,37.4,40.35,37.0,39.75,36.85,10813,6349340,248459620.0
2022-09-02,2022-09-02,ALOKINDS,T,19.6,20.0,19.5,19.65,19.6,1477,528951,10461216.0
2022-09-02,2022-09-02,PASARI,XT,4.0,4.1,3.85,3.91,4.05,33,7194,28541.0
2022-09-02,2022-09-02,CLCIND,Z,2.3,2.31,2.11,2.31,2.2,34,34980,80644.0
2022-09-02,2022-09-02,AMARJOTHI,X,172.0,174.85,170.6,173.55,170.5,81,6931,1198958.0
2022-09-02,2022-09-02,OLYMPTX,XT,48.8,48.8,44.55,48.4,46.65,39,3956,188208.0
2022-09-02,2022-09-02,NAGREEKEXP,B,40.6,40.6,38.4,39.45,38.55,87,7162,282459.0
2022-09-02,2022-09-02,SUDTIND-B,X,36.5,37.3,34.0,34.1,35.0,125,38430,1333080.0
2022-09-02,2022-09-02,SBFL,X,13.25,14.19,13.25,14.19,12.9,15,1219,16377.0
2022-09-02,2022-09-02,ADITYASP,XT,19.65,20.95,19.5,20.1,20.2,62,6559,134130.0
2022-09-02,2022-09-02,PRIMEURB,X,6.45,6.78,6.45,6.46,6.46,7,1567,10438.0
2022-09-02,2022-09-02,DHANFAB,X,59.05,59.7,57.55,58.4,58.5,107,5742,334171.0
2022-09-02,2022-09-02,SLSTLQ,X,51.9,51.9,45.5,51.5,50.45,15,162,7895.0
2022-09-02,2022-09-02,ZODIACLOTH,B,93.4,95.0,91.2,94.4,93.35,108,3786,353614.0
2022-09-02,2022-09-02,SRMCL,X,40.3,40.3,37.0,37.45,38.9,22,831,31484.0
2022-09-02,2022-09-02,SUPERSPIN,B,10.3,10.53,10.0,10.32,10.3,30,10529,108229.0
2022-09-02,2022-09-02,UNITEDTE,XT,14.5,14.89,14.5,14.89,14.19,82,6199,91222.0
2022-09-02,2022-09-02,SILINV,B,320.0,320.0,300.55,311.75,308.95,19,112,34845.0
2022-09-02,2022-09-02,SURYALAXMI,B,73.45,73.85,70.75,71.3,73.15,150,3718,270781.0
2022-09-02,2022-09-02,SAMTEX,X,2.89,2.89,2.8,2.84,2.76,113,28759,81481.0
2022-09-02,2022-09-02,CITYMAN,XT,4.8,4.8,4.8,4.8,4.8,9,988,4742.0
2022-09-02,2022-09-02,DHANROTO,X,75.8,78.45,74.0,74.25,74.55,34,1603,121016.0
2022-09-02,2022-09-02,DAMODARIND,B,56.0,56.7,52.85,55.4,56.15,159,6756,372128.0
2022-09-02,2022-09-02,SANBLUE,X,27.05,27.05,27.05,27.05,27.05,1,74,2001.0
2022-09-02,2022-09-02,UNIROYAL,X,15.7,15.7,14.6,15.25,15.45,11,1361,20928.0
2022-09-02,2022-09-02,TATIAGLOB,X,1.7,1.78,1.69,1.74,1.74,162,102420,176557.0
2022-09-02,2022-09-02,SRINACHA,X,52.85,53.0,52.85,53.0,50.45,5,1030,54484.0
2022-09-02,2022-09-02,SAMBANDAM,X,194.0,194.0,171.1,181.9,176.45,40,945,175132.0
2022-09-02,2022-09-02,KANDAGIRI,X,17.5,17.5,17.5,17.5,17.5,1,1,17.0
2022-09-02,2022-09-02,KITEX,A,228.5,229.9,223.3,224.2,226.3,431,10160,2305831.0
2022-09-02,2022-09-02,CRANEX,X,18.6,18.6,17.9,18.0,17.9,12,1230,22138.0
2022-09-02,2022-09-02,BATLIBOI,X,42.0,42.5,39.5,39.8,41.15,82,13558,542872.0
2022-09-02,2022-09-02,AUSTENG,X,92.6,97.0,92.6,93.3,93.65,123,12678,1202732.0
2022-09-02,2022-09-02,UNIDT,B,383.6,383.6,372.0,378.05,379.45,213,2758,1039070.0
2022-09-02,2022-09-02,FLUIDOM,X,162.25,169.0,160.0,160.4,162.55,153,12597,2072447.0
2022-09-02,2022-09-02,EMAINDIA,X,16.65,17.5,16.65,17.5,17.5,3,20,334.0
2022-09-02,2022-09-02,WINDMACHIN,B,38.05,39.4,37.45,37.55,38.65,212,14671,554742.0
2022-09-02,2022-09-02,SHANTIGEAR,B,284.75,295.0,282.4,286.05,282.7,1489,24353,6995084.0
2022-09-02,2022-09-02,HONDAPOWER,B,1470.6,1495.0,1459.4,1481.85,1470.85,412,1230,1816780.0
2022-09-02,2022-09-02,HITECHGEAR,B,213.2,217.25,206.95,214.55,215.4,128,2107,445119.0
2022-09-02,2022-09-02,ELGIEQUIP,A,499.5,537.75,496.55,533.1,491.6,4397,120433,62917435.0
2022-09-02,2022-09-02,UVDRHOR,X,68.0,68.0,67.95,68.0,66.25,4,143,9722.0
2022-09-02,2022-09-02,KLBRENG-B,X,65.35,66.95,62.1,62.1,65.35,573,305670,19734913.0
2022-09-02,2022-09-02,BIRLAPREC,XT,31.5,33.7,31.5,33.25,32.1,333,95806,3115358.0
2022-09-02,2022-09-02,YUKEN,B,535.05,559.0,533.95,555.35,540.0,157,2676,1472663.0
2022-09-02,2022-09-02,TIMKEN,A,3145.0,3249.8,3080.0,3234.25,3089.1,2290,12944,40966477.0
2022-09-02,2022-09-02,VOITHPAPR,X,1068.35,1089.8,1062.15,1084.15,1068.65,27,429,459772.0
2022-09-02,2022-09-02,ARTSON,X,92.85,94.2,85.55,88.9,91.0,562,49243,4479478.0
2022-09-02,2022-09-02,SOLIMAC,X,64.5,64.5,62.0,63.0,63.25,51,5256,334596.0
2022-09-02,2022-09-02,INDSILHYD,X,54.9,54.9,51.75,52.35,52.75,246,33882,1779573.0
2022-09-02,2022-09-02,ITL,X,145.9,149.5,142.0,145.15,143.35,122,6408,931986.0
2022-09-02,2022-09-02,FRONTSP,X,308.5,308.5,301.0,305.35,301.3,93,2554,779283.0
2022-09-02,2022-09-02,PRAJIND,A,429.0,433.6,420.0,422.55,426.3,1808,60253,25748043.0
2022-09-02,2022-09-02,RASANDIK,X,129.0,129.0,118.75,119.15,124.95,194,21733,2623605.0
2022-09-02,2022-09-02,YOGISUNG,X,3.73,3.73,3.7,3.7,3.69,9,6290,23273.0
2022-09-02,2022-09-02,HLEGLAS,A,3760.1,3991.35,3748.7,3945.7,3741.5,2073,6820,26650373.0
2022-09-02,2022-09-02,GUJAPOLLO,B,197.4,197.4,188.25,189.45,191.75,38,691,131831.0
2022-09-02,2022-09-02,TANAA,X,102.0,111.35,100.0,111.35,101.25,703,72447,7803398.0
2022-09-02,2022-09-02,CONART,X,41.9,42.0,39.0,41.25,38.1,53,16025,657879.0
2022-09-02,2022-09-02,SHIVAGR,XT,17.85,17.85,17.85,17.85,17.0,5,701,12512.0
2022-09-02,2022-09-02,MMFL,B,974.75,989.0,943.85,958.2,957.6,890,13001,12498689.0
2022-09-02,2022-09-02,MAYURUNIQ,A,491.55,494.4,473.0,476.65,489.6,747,6953,3366451.0
2022-09-02,2022-09-02,CENLUB,X,153.0,156.5,147.0,149.75,152.95,175,7928,1184388.0
2022-09-02,2022-09-02,RAJOOENG,X,31.45,31.45,30.5,30.8,30.85,394,53034,1637551.0
2022-09-02,2022-09-02,JMCPROJECTS,B,103.95,103.95,97.9,98.65,99.3,361,10772,1079369.0
2022-09-02,2022-09-02,VJLAXMIE,X,43.05,43.05,43.0,43.0,44.2,3,120,5161.0
2022-09-02,2022-09-02,AHMDSTE,X,17.4,19.95,17.4,19.2,19.3,11,344,6199.0
2022-09-02,2022-09-02,GVT&D,B,136.45,136.95,132.5,132.95,135.0,194,4601,619502.0
2022-09-02,2022-09-02,RAMRAT,B,371.0,378.6,353.0,359.8,370.85,1841,27223,9981061.0
2022-09-02,2022-09-02,JAYNECOIND,B,23.15,24.25,23.05,23.6,22.65,251,51161,1211760.0
2022-09-02,2022-09-02,KPIL,A,405.0,412.3,398.85,399.9,402.85,842,9462,3827140.0
2022-09-02,2022-09-02,NMSGLOBAL,XT,18.95,19.85,18.05,18.1,18.95,19,807,14695.0
2022-09-02,2022-09-02,CANDOUR,X,41.65,43.0,40.5,40.85,40.0,40,4089,170281.0
2022-09-02,2022-09-02,TIGLOB,X,96.0,100.5,96.0,98.25,96.9,50,5323,526617.0
2022-09-02,2022-09-02,CONTROLPR,B,467.0,476.6,464.0,470.65,472.65,658,5148,2410780.0
2022-09-02,2022-09-02,BEMHY,XT,329.8,334.45,315.2,332.45,329.9,17,179,58565.0
2022-09-02,2022-09-02,ANSALBU,X,94.25,94.25,90.2,92.35,89.9,45,2491,228302.0
2022-09-02,2022-09-02,WEIZMANIND,B,75.85,77.55,72.6,74.9,75.25,84,1582,120831.0
2022-09-02,2022-09-02,BNRSEC,X,34.35,34.35,32.65,32.9,33.65,140,10917,360568.0
2022-09-02,2022-09-02,RISHITECH,X,30.0,30.5,29.55,30.35,30.6,20,3420,102176.0
2022-09-02,2022-09-02,SINCLAIR,X,108.0,114.0,105.4,111.75,106.4,1038,196707,21770998.0
2022-09-02,2022-09-02,SAFARI,B,1520.0,1544.0,1490.4,1530.7,1516.1,420,1752,2664749.0
2022-09-02,2022-09-02,ZBINTXPP,XT,845.0,850.0,845.0,850.0,843.9,2,2,1695.0
2022-09-02,2022-09-02,JJFINCOR,XT,34.25,34.25,32.65,34.25,32.65,10,143,4880.0
2022-09-02,2022-09-02,COSMOFE,X,378.0,400.1,361.65,400.1,363.75,818,32746,12864434.0
2022-09-02,2022-09-02,FUTURSEC,XT,8.58,8.58,8.58,8.58,9.03,5,1200,10296.0
2022-09-02,2022-09-02,SANCTRN,X,703.0,740.0,687.05,729.6,703.45,11,105,72717.0
2022-09-02,2022-09-02,THRIVE,X,75.0,78.95,65.15,68.3,68.0,25,1804,128330.0
2022-09-02,2022-09-02,EIHAHOTELS,B,436.45,497.15,436.15,481.35,432.5,1247,24129,11443581.0
2022-09-02,2022-09-02,MEDICAPQ,X,46.6,48.3,45.0,47.2,46.9,285,18797,890509.0
2022-09-02,2022-09-02,OTCO,X,5.55,5.55,5.21,5.22,5.55,14,2707,14668.0
2022-09-02,2022-09-02,FOSECOC,X,985.0,995.0,966.25,983.85,981.85,60,526,519619.0
2022-09-02,2022-09-02,SIPINDUST,Z,4.8,5.0,4.8,4.8,4.9,22,408,1995.0
2022-09-02,2022-09-02,BAPACK,XT,233.9,233.9,222.5,227.45,228.5,33,1058,239379.0
2022-09-02,2022-09-02,ABAN,B,55.25,57.2,54.8,55.4,55.2,847,39637,2221003.0
2022-09-02,2022-09-02,KOKUYOCMLN,B,76.95,77.8,75.4,75.7,76.1,442,17242,1317614.0
2022-09-02,2022-09-02,BHARATSE,X,81.0,81.9,79.0,80.05,80.7,164,24116,1935501.0
2022-09-02,2022-09-02,CONTPTR,XT,50.0,52.0,49.05,49.2,50.15,45,2695,135669.0
2022-09-02,2022-09-02,MACPLASQ,X,125.4,125.4,123.55,123.55,124.75,4,700,87296.0
2022-09-02,2022-09-02,PEARLPOLY,B,23.15,23.5,22.3,22.9,22.8,159,6482,148187.0
2022-09-02,2022-09-02,VENKEYS,A,2108.0,2147.0,2098.75,2107.25,2089.0,680,3887,8245734.0
2022-09-02,2022-09-02,ADVANIHOTR,B,81.6,84.6,80.65,81.95,80.3,234,12236,1008250.0
2022-09-02,2022-09-02,GVFILM,X,0.7,0.78,0.7,0.75,0.78,3408,6620799,4935544.0
2022-09-02,2022-09-02,SUPERHOUSE,B,202.5,209.0,200.05,202.2,206.2,206,5682,1162651.0
2022-09-02,2022-09-02,RAMAVISION,X,45.1,48.55,43.5,44.05,45.25,183,12665,560732.0
2022-09-02,2022-09-02,TCPLPACK,B,1494.0,1500.0,1401.3,1429.45,1430.25,1326,6125,8749717.0
2022-09-02,2022-09-02,SHRIGANG,XT,242.55,242.55,229.25,242.55,241.3,534,20422,4815856.0
2022-09-02,2022-09-02,BALMLAWRIE,A,125.8,126.2,124.95,125.7,124.65,845,31625,3971901.0
2022-09-02,2022-09-02,KOVAI,B,1496.1,1563.3,1483.3,1528.1,1503.3,112,1356,2063549.0
2022-09-02,2022-09-02,ELDEHSG,B,724.0,740.0,686.1,703.75,713.0,221,1192,842735.0
2022-09-02,2022-09-02,STDSHOE,P,16.9,16.9,16.9,16.9,17.75,1,100,1690.0
2022-09-02,2022-09-02,DCMSHRIRAM,A,1037.75,1057.0,1017.6,1027.8,1047.9,1406,7958,8271008.0
2022-09-02,2022-09-02,DCMSRIND,B,92.0,93.0,90.25,91.1,92.8,555,15562,1424626.0
2022-09-02,2022-09-02,MAWANASUG,B,88.9,89.8,86.25,87.85,86.95,748,33218,2907274.0
2022-09-02,2022-09-02,MINID,XT,19.65,20.6,19.65,20.6,19.65,18,1316,27054.0
2022-09-02,2022-09-02,MAHAPEXLTD,B,79.15,83.35,76.5,82.15,79.95,53,1220,99304.0
2022-09-02,2022-09-02,NILKAMAL,A,2139.4,2244.0,2114.0,2195.6,2098.15,584,1556,3391398.0
2022-09-02,2022-09-02,NAHARPOLY,B,350.2,359.8,350.2,356.2,354.35,62,1083,384623.0
2022-09-02,2022-09-02,3MINDIA,A,23033.35,23422.0,22868.95,23028.05,22968.85,210,241,5563567.0
2022-09-02,2022-09-02,BOSCH-HCIL,A,1562.35,1606.35,1562.35,1575.9,1578.5,414,1210,1921115.0
2022-09-02,2022-09-02,JMFINANCIL,A,63.55,64.95,63.5,63.9,63.95,790,44735,2874441.0
2022-09-02,2022-09-02,ADCINDIA,X,415.95,415.95,400.05,409.8,393.05,140,3342,1373419.0
2022-09-02,2022-09-02,TNTELE,T,8.39,8.42,8.03,8.15,8.39,19,2517,20509.0
2022-09-02,2022-09-02,SUNRAJDI,Z,6.69,7.02,6.69,6.69,6.69,7,58,395.0
2022-09-02,2022-09-02,RIIL,A,1070.1,1160.0,1070.1,1101.55,1057.1,12925,306236,343564586.0
2022-09-02,2022-09-02,SHARP,X,55.05,58.0,54.85,55.65,57.0,35,8836,491487.0
2022-09-02,2022-09-02,LINDEINDIA,A,3439.0,3460.0,3368.15,3380.05,3388.45,1308,4381,14935741.0
2022-09-02,2022-09-02,INDBNK,B,25.0,25.8,25.0,25.15,25.3,28,1496,37640.0
2022-09-02,2022-09-02,LOTUSCHO,XT,148.0,151.45,141.1,148.95,144.25,106,7265,1083130.0
2022-09-02,2022-09-02,PACIFICI,X,375.0,375.0,365.0,371.95,370.35,20,523,192207.0
2022-09-02,2022-09-02,CMMHOSP,X,22.5,22.5,22.0,22.15,22.05,13,1041,22979.0
2022-09-02,2022-09-02,UNIOFFICE,X,3.8,3.97,3.8,3.81,3.79,9,3251,12721.0
2022-09-02,2022-09-02,APMIN,X,54.4,56.9,53.0,53.65,53.35,449,83349,4593481.0
2022-09-02,2022-09-02,PRECWIRE,B,88.5,92.8,88.5,91.15,89.8,895,45213,4144102.0
2022-09-02,2022-09-02,KRYPTONQ,X,25.15,25.15,24.5,24.95,24.75,67,19727,490332.0
2022-09-02,2022-09-02,SWISSMLTRY,X,29.9,30.9,27.2,27.7,28.4,6953,2032344,58839569.0
2022-09-02,2022-09-02,MARBU,X,41.95,41.95,35.15,38.6,39.0,29,1050,38965.0
2022-09-02,2022-09-02,FEL,T,1.75,1.77,1.68,1.73,1.76,697,581237,996795.0
2022-09-02,2022-09-02,INDTONER,X,188.0,189.9,184.2,189.3,187.8,65,7795,1467319.0
2022-09-02,2022-09-02,KUNSTOFF,X,23.65,25.45,22.8,24.2,25.2,39,3491,83669.0
2022-09-02,2022-09-02,SCI,A,120.4,121.05,118.15,119.55,119.3,1692,108029,12914575.0
2022-09-02,2022-09-02,SIKA,X,750.0,757.0,716.2,722.85,739.8,181,2150,1571592.0
2022-09-02,2022-09-02,ITI,A,113.05,115.05,112.95,113.2,113.65,809,27562,3136697.0
2022-09-02,2022-09-02,DREDGECORP,B,306.0,317.75,306.0,307.65,307.3,851,8850,2757700.0
2022-09-02,2022-09-02,PHRMASI,XT,25.15,26.0,25.0,25.0,25.65,6,510,12806.0
2022-09-02,2022-09-02,PODDARHOUS,T,176.1,180.0,176.05,180.0,180.9,6,235,41537.0
2022-09-02,2022-09-02,NFL,A,52.6,53.6,51.7,51.95,52.7,709,74351,3889512.0
2022-09-02,2022-09-02,IPRINGLTD,X,128.5,133.45,126.0,127.35,126.7,55,2612,336196.0
2022-09-02,2022-09-02,PIIND,A,3419.35,3437.1,3353.2,3363.3,3419.35,733,3119,10531164.0
2022-09-02,2022-09-02,PLASTIBLEN,B,218.05,230.5,218.05,226.3,224.85,128,2219,499619.0
2022-09-02,2022-09-02,YASHINNO,XT,29.35,29.35,29.0,29.1,29.6,10,1018,29808.0
2022-09-02,2022-09-02,KKPLASTICK,XT,13.55,13.55,13.55,13.55,13.55,1,7,94.0
2022-09-02,2022-09-02,WATERBASE,B,83.1,84.65,82.0,82.15,82.2,204,8521,707557.0
2022-09-02,2022-09-02,FLEXFO,X,104.0,104.0,100.0,103.25,101.35,170,18117,1866290.0
2022-09-02,2022-09-02,GOLKUNDIA,X,126.4,142.0,126.05,134.15,122.7,279,14700,2011773.0
2022-09-02,2022-09-02,APCOTEXIND,A,603.95,603.95,585.1,590.65,595.75,1088,11399,6751913.0
2022-09-02,2022-09-02,FORTISMLR,X,57.2,63.4,57.2,60.1,57.25,60,5302,322470.0
2022-09-02,2022-09-02,MASTEK,A,1872.0,1898.2,1869.15,1875.3,1873.0,1528,9255,17392618.0
2022-09-02,2022-09-02,EIMCOELECO,B,371.15,377.6,362.95,373.85,362.1,33,214,78011.0
2022-09-02,2022-09-02,SAYAJIHOTL,XT,263.4,274.85,256.0,258.2,263.4,31,1595,420033.0
2022-09-02,2022-09-02,ASHIANA,B,153.55,158.8,146.35,150.15,152.3,120,1221,184864.0
2022-09-02,2022-09-02,SVAMSOF,XT,4.8,5.26,4.8,5.09,5.05,68,12276,61379.0
2022-09-02,2022-09-02,ECOBOAR,X,30.5,31.3,29.2,31.3,29.85,129,105930,3295927.0
2022-09-02,2022-09-02,DVL,B,252.5,258.5,240.2,253.35,251.55,138,7869,1968969.0
2022-09-02,2022-09-02,MAHEPC,B,115.4,121.5,115.35,118.3,116.3,436,16485,1968654.0
2022-09-02,2022-09-02,SREIINFRA,T,4.3,4.51,4.3,4.51,4.3,112,158262,712938.0
2022-09-02,2022-09-02,MITSHI,X,10.45,10.9,10.45,10.9,10.9,11,4379,47712.0
2022-09-02,2022-09-02,SHUKJEW,P,5.98,5.98,5.7,5.84,5.7,3,800,4700.0
2022-09-02,2022-09-02,MAZDA,B,593.75,616.05,593.75,598.55,591.25,74,599,361601.0
2022-09-02,2022-09-02,VHLTD,Z,1.98,1.98,1.95,1.98,1.89,32,28762,56876.0
2022-09-02,2022-09-02,SOVERDIA,X,16.75,16.75,16.5,16.5,15.97,9,3043,50210.0
2022-09-02,2022-09-02,MENONBE,B,93.35,94.35,91.5,91.55,93.55,415,23615,2192031.0
2022-09-02,2022-09-02,MUKATPIP,XT,7.39,7.7,7.03,7.03,7.39,35,16944,120135.0
2022-09-02,2022-09-02,GUJRAFFIA,T,32.4,32.9,31.15,32.9,32.4,4,114,3728.0
2022-09-02,2022-09-02,SIMPLEXINF,B,75.0,77.1,71.55,71.95,74.2,50,3621,266833.0
2022-09-02,2022-09-02,INNOVTEC,X,18.6,19.4,18.6,19.05,18.15,26,2892,54639.0
2022-09-02,2022-09-02,SUPTANERY,X,7.03,7.25,7.03,7.14,7.03,208,119527,852066.0
2022-09-02,2022-09-02,AXTEL,X,206.0,209.9,203.05,205.95,204.75,202,18411,3791571.0
2022-09-02,2022-09-02,GRANDOAK,XT,6.74,6.98,6.74,6.74,7.09,12,2051,13824.0
2022-09-02,2022-09-02,APIL,X,27.85,27.85,27.85,27.85,26.55,1,1,27.0
2022-09-02,2022-09-02,POONAWALLA,A,308.5,312.55,303.05,305.15,305.9,4753,269945,83138833.0
2022-09-02,2022-09-02,HINFLUR,B,10.9,11.35,10.54,10.89,10.9,57,5500,60197.0
2022-09-02,2022-09-02,KINGFA,B,1432.6,1464.95,1280.0,1289.85,1418.65,424,1520,2053818.0
2022-09-02,2022-09-02,PATIDAR,X,9.0,9.04,8.18,8.18,8.61,50,34734,294889.0
2022-09-02,2022-09-02,RAMAPHO,B,328.5,333.0,321.05,322.0,326.05,596,8307,2701166.0
2022-09-02,2022-09-02,VENLONENT,X,7.6,7.95,7.22,7.24,7.6,40,7098,52148.0
2022-09-02,2022-09-02,POLYPLEX,A,2150.0,2166.55,2144.65,2162.25,2144.1,1031,6561,14149641.0
2022-09-02,2022-09-02,ALBERTDAVD,B,547.05,569.9,543.25,563.75,548.35,50,211,118716.0
2022-09-02,2022-09-02,HARLETH,XT,39.05,41.95,38.95,41.9,41.0,51,8006,324485.0
2022-09-02,2022-09-02,CARYSIL,A,712.0,718.75,695.05,702.15,709.15,1653,17013,11978766.0
2022-09-02,2022-09-02,KABRAEXTRU,B,413.0,419.85,400.0,401.85,415.7,1142,15952,6490276.0
2022-09-02,2022-09-02,VINYLINDIA,B,595.3,597.5,562.75,597.5,543.2,3166,69272,40843949.0
2022-09-02,2022-09-02,PCCOSMA,X,110.0,117.0,109.3,116.75,112.8,24,2729,302665.0
2022-09-02,2022-09-02,TCMLMTD,XT,46.0,48.0,45.6,48.0,45.75,60,14861,702885.0
2022-09-02,2022-09-02,IOLCP,A,363.8,366.85,359.0,360.15,362.0,493,7615,2760946.0
2022-09-02,2022-09-02,VINATIORGA,A,2212.0,2253.25,2212.0,2241.85,2237.75,697,2048,4592647.0
2022-09-02,2022-09-02,LACTOSE,XT,72.0,73.5,71.2,73.0,73.7,28,1550,111762.0
2022-09-02,2022-09-02,AARTIIND,A,836.3,850.7,833.75,837.7,830.3,1905,26567,22413843.0
2022-09-02,2022-09-02,WANBURY,T,60.5,62.7,60.0,61.45,61.8,42,21962,1340287.0
2022-09-02,2022-09-02,RESONANCE,X,157.5,157.5,151.2,154.15,154.75,115,4410,687240.0
2022-09-02,2022-09-02,GAEL,A,271.2,273.7,267.55,272.0,271.2,2117,60214,16216571.0
2022-09-02,2022-09-02,RCF,A,100.1,101.55,99.0,99.25,100.25,2434,324451,32541169.0
2022-09-02,2022-09-02,KOPRAN,B,183.2,184.0,180.8,181.4,183.1,443,5325,973252.0
2022-09-02,2022-09-02,AIMCOPEST,X,174.75,209.7,174.75,208.7,174.75,1534,195714,38939109.0
2022-09-02,2022-09-02,GUJTERC,XT,23.05,23.9,22.3,23.05,23.0,73,20701,474904.0
2022-09-02,2022-09-02,KABRADG,XT,5.18,5.18,5.18,5.18,4.94,1,1,5.0
2022-09-02,2022-09-02,SEYAIND,T,26.45,26.45,26.45,26.45,25.2,6,843,22297.0
2022-09-02,2022-09-02,JAYAGROGN,B,222.75,225.35,219.0,224.15,222.0,129,2743,604961.0
2022-09-02,2022-09-02,BCLIND,B,358.7,372.0,355.6,365.45,357.25,633,7159,2611096.0
2022-09-02,2022-09-02,SHHARICH,X,58.7,60.8,57.5,60.8,58.5,26,1860,109460.0
2022-09-02,2022-09-02,INDOBORAX,B,144.65,144.65,140.1,140.65,141.2,176,4375,622271.0
2022-09-02,2022-09-02,AARTIDRUGS,A,436.0,444.75,434.1,435.6,435.85,618,7574,3336803.0
2022-09-02,2022-09-02,BODALCHEM,A,94.2,97.8,93.95,96.2,93.05,1310,48663,4689047.0
2022-09-02,2022-09-02,ORCHPHARMA,T,322.5,324.4,311.25,313.95,317.85,36,860,274515.0
2022-09-02,2022-09-02,VIMTALABS,B,363.95,376.0,359.0,362.05,363.25,263,2446,895816.0
2022-09-02,2022-09-02,BIOFILCHEM,B,53.3,53.4,51.35,52.15,52.65,91,1274,66613.0
2022-09-02,2022-09-02,ISHITADR,X,46.0,54.0,45.5,49.95,47.25,74,5130,255977.0
2022-09-02,2022-09-02,MARKSANS,A,53.0,53.95,52.5,52.7,52.6,855,69864,3720474.0
2022-09-02,2022-09-02,UNIVSTAR,XT,179.55,179.55,172.25,176.8,176.0,28,1687,299566.0
2022-09-02,2022-09-02,AAREYDRUGS,B,39.45,40.05,38.8,39.5,38.9,152,8034,315227.0
2022-09-02,2022-09-02,NORRIS,XT,9.95,10.2,9.24,10.19,9.72,31,609,6006.0
2022-09-02,2022-09-02,ASINPET,XT,28.7,29.25,26.7,28.1,28.1,48,2108,57068.0
2022-09-02,2022-09-02,CAMEXLTD,X,27.5,27.6,26.5,26.85,27.0,52,5095,136559.0
2022-09-02,2022-09-02,EVEXIA,X,1.8,1.83,1.79,1.81,1.81,2264,3189584,5772050.0
2022-09-02,2022-09-02,INDOEURO,XT,11.0,11.23,10.2,11.23,10.7,43,6404,70279.0
2022-09-02,2022-09-02,SYNCOMF,X,8.69,8.79,8.55,8.73,8.68,2855,1371021,11936490.0
2022-09-02,2022-09-02,RIDDHI,X,409.0,419.0,403.0,408.95,416.6,22,357,145545.0
2022-09-02,2022-09-02,SVCIND,XT,3.2,3.2,3.02,3.13,3.11,167,37884,116613.0
2022-09-02,2022-09-02,IPCALAB,A,893.05,902.0,886.75,889.35,898.9,812,12317,11003032.0
2022-09-02,2022-09-02,KILITCH,B,179.7,179.7,167.0,167.55,174.25,116,1294,224969.0
2022-09-02,2022-09-02,RAAJMEDI,P,30.65,30.65,30.65,30.65,29.2,1,100,3065.0
2022-09-02,2022-09-02,CORALAB,X,255.1,261.0,255.1,260.0,255.0,26,835,216785.0
2022-09-02,2022-09-02,BACPHAR,XT,4.26,4.26,4.26,4.26,4.45,2,99,421.0
2022-09-02,2022-09-02,KREBSBIO,B,125.0,125.2,123.1,123.9,126.2,68,1767,219813.0
2022-09-02,2022-09-02,KMCSHIL,B,61.4,61.4,61.4,61.4,58.5,425,130702,8025102.0
2022-09-02,2022-09-02,LAFFANSQ,X,38.3,39.85,38.3,39.85,40.55,7,272,10537.0
2022-09-02,2022-09-02,BHASKAGR,XT,36.65,38.05,36.65,38.0,36.65,9,3234,122790.0
2022-09-02,2022-09-02,SUKHJITS,X,486.0,486.0,469.0,471.9,476.7,91,2638,1258296.0
2022-09-02,2022-09-02,NEULANDLAB,A,1267.55,1292.4,1246.1,1268.55,1264.95,1084,2909,3683936.0
2022-09-02,2022-09-02,GAYATRIBI,XT,11.74,11.74,11.1,11.57,11.49,170,55778,639433.0
2022-09-02,2022-09-02,PODDARMENT,B,259.95,261.3,251.0,256.95,255.25,225,4312,1109153.0
2022-09-02,2022-09-02,PHARMAID,X,13.6,13.89,13.0,13.2,13.31,51,12375,163483.0
2022-09-02,2022-09-02,VIVIDIND,X,28.0,28.9,27.4,28.4,27.7,58,7679,214878.0
2022-09-02,2022-09-02,PRIYALT,X,13.85,15.25,13.85,13.85,14.55,6,1009,13983.0
2022-09-02,2022-09-02,TIRUSTA,XT,73.95,73.95,70.4,72.2,73.95,29,1611,115936.0
2022-09-02,2022-09-02,HEMORGANIC,XT,28.3,29.75,28.3,29.0,29.75,217,19415,557966.0
2022-09-02,2022-09-02,JAYSYNTH,X,6.94,6.94,6.76,6.94,6.76,16,1469,9975.0
2022-09-02,2022-09-02,AEONXDIGI,X,76.95,90.95,76.0,82.25,75.8,181,18930,1550650.0
2022-09-02,2022-09-02,AKSHARCHEM,B,319.45,372.95,315.55,372.95,310.8,2255,36011,12865715.0
2022-09-02,2022-09-02,BERLDRG,X,9.01,9.55,9.01,9.55,9.6,9,1488,13567.0
2022-09-02,2022-09-02,INDXTRA,XT,81.7,81.7,81.7,81.7,81.7,2,22,1797.0
2022-09-02,2022-09-02,GAGAN,X,10.69,10.69,10.16,10.16,10.69,22,5997,61036.0
2022-09-02,2022-09-02,PARKERAC,XT,8.43,8.5,8.01,8.01,8.43,26,1799,14590.0
2022-09-02,2022-09-02,SHUKRAPHAR,XT,212.7,212.7,194.75,207.0,205.0,20,824,161614.0
2022-09-02,2022-09-02,ALUFLUOR,X,255.3,264.95,252.2,261.15,259.45,93,3194,822176.0
2022-09-02,2022-09-02,OXYGENTAPH,XT,28.4,28.8,27.0,28.8,28.4,8,370,10363.0
2022-09-02,2022-09-02,ARCHITORG,X,69.8,70.4,68.0,68.15,69.1,572,84537,5821899.0
2022-09-02,2022-09-02,SIKOZY,X,1.05,1.07,0.97,1.0,1.02,105,55491,56125.0
2022-09-02,2022-09-02,INDOAMIN,B,155.0,158.3,144.95,146.15,152.15,1004,21228,3186714.0
2022-09-02,2022-09-02,INDSWFTLTD,B,9.67,9.67,9.01,9.3,9.47,48,8557,78762.0
2022-09-02,2022-09-02,NATCAPSUQ,X,548.95,548.95,528.0,534.2,530.05,364,8670,4649310.0
2022-09-02,2022-09-02,WELCURE,X,7.11,7.79,7.11,7.5,7.44,388,811729,6091475.0
2022-09-02,2022-09-02,BIBCL,B,25.3,25.35,24.25,24.9,24.85,195,24696,610997.0
2022-09-02,2022-09-02,SOTL,B,389.75,391.0,368.0,371.65,383.55,1335,28095,10591116.0
2022-09-02,2022-09-02,HESTERBIO,A,2120.05,2157.5,2100.0,2107.3,2147.95,89,391,828252.0
2022-09-02,2022-09-02,KABSON,XT,11.31,11.8,10.75,11.2,11.31,90,11638,126804.0
2022-09-02,2022-09-02,BASANTGL,X,22.6,24.5,22.6,24.2,22.3,2158,829202,19657248.0
2022-09-02,2022-09-02,SANDUPHQ,X,68.0,68.0,65.7,66.25,65.95,21,527,34820.0
2022-09-02,2022-09-02,NACLIND,B,75.05,76.75,73.75,75.15,75.55,138,5206,393709.0
2022-09-02,2022-09-02,VISTAPH,XT,8.95,8.97,8.15,8.5,8.55,189,152587,1337030.0
2022-09-02,2022-09-02,SUNPHARMA,A,877.95,877.95,865.95,869.3,871.65,1893,35346,30808621.0
2022-09-02,2022-09-02,TITANBIO,X,252.1,275.0,252.1,267.75,256.05,674,23452,6234622.0
2022-09-02,2022-09-02,SDL,X,12.07,12.07,12.07,12.07,12.7,1,5,60.0
2022-09-02,2022-09-02,JENBURPH,X,585.35,600.0,581.0,591.3,598.05,229,2639,1557465.0
2022-09-02,2022-09-02,HIKAL,A,345.0,345.5,332.2,333.9,340.25,1326,40939,13858894.0
2022-09-02,2022-09-02,CAPLIPOINT,A,798.6,798.6,770.1,773.85,781.2,439,2841,2203839.0
2022-09-02,2022-09-02,FISCHER,XT,64.0,64.0,64.0,64.0,61.95,1,2,128.0
2022-09-02,2022-09-02,LINKPH,X,43.0,43.0,41.5,42.85,43.05,20,1622,68720.0
2022-09-02,2022-09-02,DECIPHER,X,46.45,46.45,45.0,45.25,45.7,275,25600,1160630.0
2022-09-02,2022-09-02,EMMESSA,X,25.65,25.65,23.55,23.95,25.05,68,7749,185211.0
2022-09-02,2022-09-02,NGLFINE,B,1698.7,1698.7,1583.3,1595.05,1598.7,200,1053,1687453.0
2022-09-02,2022-09-02,EVERESTO,X,130.95,131.85,129.1,131.2,128.15,72,2680,349226.0
2022-09-02,2022-09-02,AUROPHARMA,A,545.6,550.95,533.6,534.6,539.1,4668,97200,52541095.0
2022-09-02,2022-09-02,PHYTO,X,16.45,16.45,16.45,16.45,17.3,33,8659,142440.0
2022-09-02,2022-09-02,NATCOPHARM,A,622.0,622.0,607.0,609.2,615.15,2432,29066,17790551.0
2022-09-02,2022-09-02,DYNAMIND,X,84.0,87.5,80.0,85.0,80.0,80,4583,385870.0
2022-09-02,2022-09-02,PANAMAPET,A,329.95,331.0,318.0,319.0,328.05,468,7300,2357813.0
2022-09-02,2022-09-02,BALPHARMA,B,95.5,95.5,93.85,94.5,94.55,70,1070,101624.0
2022-09-02,2022-09-02,BDH,X,123.0,133.25,120.05,130.9,123.35,206,33874,4355463.0
2022-09-02,2022-09-02,JAUSPOL,X,5.6,5.6,5.6,5.6,5.6,1,7,39.0
2022-09-02,2022-09-02,GLOBUSCON,X,30.0,32.5,28.3,31.7,29.55,169,17397,544013.0
2022-09-02,2022-09-02,CUBEXTUB,B,26.3,26.65,25.95,26.0,26.05,34,2663,70155.0
2022-09-02,2022-09-02,POLYCHMP,X,73.0,75.5,71.2,75.0,73.3,41,3819,281596.0
2022-09-02,2022-09-02,GALXBRG,XT,760.8,760.8,757.0,760.8,724.6,187,3013,2291911.0
2022-09-02,2022-09-02,SCAGRO,XT,10.42,10.95,10.41,10.95,10.95,12,2597,27074.0
2022-09-02,2022-09-02,RALEGRA,X,37.5,39.9,34.35,37.0,38.35,43,1008,37220.0
2022-09-02,2022-09-02,KARANWO,X,2.98,2.98,2.98,2.98,2.98,1,700,2086.0
2022-09-02,2022-09-02,SHERVANI,X,225.0,229.0,212.0,215.25,224.6,23,109,23577.0
2022-09-02,2022-09-02,BNAGROCHEM,XT,10.2,10.2,10.2,10.2,10.0,12,1216,12403.0
2022-09-02,2022-09-02,SUPERTEX,X,7.49,7.49,7.25,7.26,7.49,14,2217,16085.0
2022-09-02,2022-09-02,SHETR,X,73.5,78.9,68.05,70.3,71.4,373,39310,2886523.0
2022-09-02,2022-09-02,TRABI,XT,3.24,3.4,3.09,3.35,3.24,57,64099,212057.0
2022-09-02,2022-09-02,MPL,X,14.5,14.79,13.84,14.25,14.14,155,39045,558296.0
2022-09-02,2022-09-02,NIKHILAD,X,1470.0,1566.4,1424.0,1539.35,1424.0,1426,26165,39438076.0
2022-09-02,2022-09-02,SPENTA,X,86.0,93.85,82.0,83.2,84.8,26,546,47456.0
2022-09-02,2022-09-02,MULTIBASE,X,192.0,199.0,186.2,188.85,189.7,93,4423,854439.0
2022-09-02,2022-09-02,ANDREWYU,B,22.35,22.6,21.85,22.15,21.95,279,26342,585724.0
2022-09-02,2022-09-02,LUDLOWJUT,X,88.9,88.9,85.1,85.55,85.0,134,10139,878728.0
2022-09-02,2022-09-02,ASHRAM,XT,5.0,5.0,4.75,4.99,5.0,13,1775,8860.0
2022-09-02,2022-09-02,ROYALCU,XT,9.71,9.71,9.71,9.71,9.25,4,2553,24789.0
2022-09-02,2022-09-02,SURJIND,XT,159.35,159.35,148.0,154.15,151.8,342,29537,4492747.0
2022-09-02,2022-09-02,HITECHCORP,B,258.4,258.4,254.0,254.5,253.0,21,207,52859.0
2022-09-02,2022-09-02,BLOOM,XT,15.7,15.7,15.7,15.7,16.48,10,2668,41887.0
2022-09-02,2022-09-02,FILATEX,A,111.3,113.45,110.15,110.6,112.05,652,23746,2648677.0
2022-09-02,2022-09-02,STDSFAC,XT,73.95,74.0,68.05,71.9,70.5,76,5325,372012.0
2022-09-02,2022-09-02,MERCATOR,T,1.38,1.38,1.31,1.34,1.34,75,81450,108964.0
2022-09-02,2022-09-02,MORGAN,X,40.8,40.8,40.8,40.8,37.1,57,12651,516160.0
2022-09-02,2022-09-02,AMRAPLIN,X,13.02,14.4,13.02,13.66,13.75,25,4659,64903.0
2022-09-02,2022-09-02,PREMEXPLN,B,461.1,498.3,461.1,498.3,474.6,163,3251,1606356.0
2022-09-02,2022-09-02,MOLDTECH,B,90.0,93.3,87.3,91.0,90.0,527,19648,1773537.0
2022-09-02,2022-09-02,CRSTCHM,XT,41.0,44.0,41.0,43.45,42.7,34,1477,62897.0
2022-09-02,2022-09-02,MPHASIS,A,2111.0,2116.0,2070.2,2073.75,2096.15,3596,27210,56821088.0
2022-09-02,2022-09-02,MEDINOV,XT,26.7,26.7,24.2,24.5,25.45,35,5565,136703.0
2022-09-02,2022-09-02,DIVSHKT,X,83.0,83.0,78.85,80.1,79.45,37,2410,193696.0
2022-09-02,2022-09-02,ORIENTLTD,B,66.95,66.95,61.25,62.55,64.0,35,676,42463.0
2022-09-02,2022-09-02,SHREYASI,X,16.8,16.8,15.6,16.8,16.0,90,107568,1782148.0
2022-09-02,2022-09-02,PANJON,X,13.78,14.55,13.1,13.8,13.52,48,10912,149907.0
2022-09-02,2022-09-02,DUROPACK,XT,126.25,126.25,114.25,126.25,120.25,952,64277,7747533.0
2022-09-02,2022-09-02,SWARNSAR,X,25.4,25.4,24.05,24.7,24.55,73,7864,194037.0
2022-09-02,2022-09-02,GANESHHOU,B,362.2,365.0,351.25,353.5,359.9,1088,16816,6044508.0
2022-09-02,2022-09-02,NMDC,A,122.45,122.45,119.95,121.9,122.15,3149,307378,37285076.0
2022-09-02,2022-09-02,PATINTLOG,B,15.25,15.75,14.8,15.05,15.5,116,36598,551561.0
2022-09-02,2022-09-02,ALPHAGEO,B,319.0,320.0,308.55,308.75,315.0,252,2348,729618.0
2022-09-02,2022-09-02,HAMPTON,X,47.4,47.4,43.5,44.0,47.4,537,41989,1874759.0
2022-09-02,2022-09-02,KKALPANAIND,X,12.8,13.85,12.8,13.45,13.31,231,44335,602786.0
2022-09-02,2022-09-02,OKPLA,XT,28.85,29.4,27.55,28.1,28.4,72,20591,582410.0
2022-09-02,2022-09-02,KRITI,B,88.3,97.8,84.35,85.45,88.7,664,52509,4662651.0
2022-09-02,2022-09-02,ASMTEC,X,580.0,589.95,571.25,578.45,579.35,316,6212,3621894.0
2022-09-02,2022-09-02,PERFEPA,XT,361.3,374.75,346.9,359.5,361.3,12,91,32743.0
2022-09-02,2022-09-02,VISIONCINE,X,1.14,1.22,1.13,1.21,1.17,24,16240,19538.0
2022-09-02,2022-09-02,INDRANIB,X,79.45,79.45,79.45,79.45,75.7,88,118040,9378278.0
2022-09-02,2022-09-02,EUROLED,XT,14.8,15.49,14.3,15.34,14.99,9,223,3322.0
2022-09-02,2022-09-02,WINSOMBR,XT,9.11,9.59,9.11,9.5,9.22,68,6628,63128.0
2022-09-02,2022-09-02,ELEFLOR,XT,9.5,10.0,9.25,9.85,9.69,841,136393,1300718.0
2022-09-02,2022-09-02,SKYIND,X,88.4,92.95,88.4,88.85,88.4,34,3897,354426.0
2022-09-02,2022-09-02,PHOENXINTL,XT,25.0,26.2,23.75,25.7,25.0,25,2113,52862.0
2022-09-02,2022-09-02,RISHIROOP,X,104.65,104.65,101.8,102.1,102.15,31,2742,280966.0
2022-09-02,2022-09-02,PROMACT,X,4.07,4.39,4.07,4.09,4.28,10,2407,10109.0
2022-09-02,2022-09-02,STRGRENWO,XT,34.8,34.8,34.5,34.5,35.5,4,55,1899.0
2022-09-02,2022-09-02,SYSTMTXC,X,307.0,315.95,290.25,304.65,301.9,74,631,193481.0
2022-09-02,2022-09-02,ALPINEHOU,X,81.7,88.9,80.25,88.9,80.85,335,124205,10926343.0
2022-09-02,2022-09-02,SANGHIIND,B,54.1,56.1,53.3,53.9,55.0,1372,115988,6363098.0
2022-09-02,2022-09-02,WWALUM,XT,20.3,20.3,19.75,19.8,19.88,6,543,10743.0
2022-09-02,2022-09-02,SGLRES,X,12.4,12.5,12.0,12.23,11.86,97,30197,370035.0
2022-09-02,2022-09-02,CHOKSILA,XT,31.0,31.05,30.5,31.05,29.6,56,28947,898628.0
2022-09-02,2022-09-02,CCHHL,B,7.15,8.79,7.15,8.79,7.33,345,339400,2943619.0
2022-09-02,2022-09-02,LONTE,XT,28.0,29.4,26.6,28.0,28.0,15,862,23948.0
2022-09-02,2022-09-02,ENTRINT,X,14.1,19.5,14.1,18.1,16.95,99,10700,188333.0
2022-09-02,2022-09-02,TECHIN,B,12.05,12.05,12.05,12.05,10.96,74,15961,192330.0
2022-09-02,2022-09-02,TPLPLASTEH,B,168.0,168.0,161.0,164.95,168.0,32,360,59151.0
2022-09-02,2022-09-02,WIMPLAST,X,393.95,393.95,375.0,379.25,388.35,268,15101,5754280.0
2022-09-02,2022-09-02,PHOTOQUP,XT,22.7,22.7,22.6,22.6,22.7,11,1658,37579.0
2022-09-02,2022-09-02,LIBERTSHOE,B,170.15,171.3,166.6,167.2,168.8,389,6059,1023330.0
2022-09-02,2022-09-02,LIPPISYS,XT,17.2,17.2,16.7,16.7,17.55,9,1167,19898.0
2022-09-02,2022-09-02,ELECTHERM,B,83.2,84.55,82.0,82.85,84.0,75,2853,238541.0
2022-09-02,2022-09-02,BLUEDART,A,8799.0,8908.25,8723.25,8757.0,8726.75,947,1563,13770950.0
2022-09-02,2022-09-02,EXPOEAPL,X,9.4,9.99,9.4,9.5,9.7,51,13131,125813.0
2022-09-02,2022-09-02,NATPLAS,X,46.15,47.4,46.0,46.2,46.2,46,8232,383042.0
2022-09-02,2022-09-02,MFLINDIA,X,1.1,1.12,1.08,1.1,1.1,1976,1448352,1589358.0
2022-09-02,2022-09-02,TEXELIN,X,37.0,40.0,36.0,39.75,38.0,42,6839,255453.0
2022-09-02,2022-09-02,RAYALEMA,XT,23.4,24.1,23.3,23.7,24.2,18,1042,24392.0
2022-09-02,2022-09-02,MIRZAINT,B,319.05,327.65,317.1,318.45,318.75,971,23703,7621779.0
2022-09-02,2022-09-02,TFCILTD,B,64.0,64.75,61.35,61.6,63.45,454,14104,883697.0
2022-09-02,2022-09-02,THAKDEV,X,130.0,143.0,130.0,143.0,130.0,80,10655,1507638.0
2022-09-02,2022-09-02,ARENTERP,B,34.2,35.8,34.2,35.8,34.55,18,870,30296.0
2022-09-02,2022-09-02,BIL,T,199.0,199.0,192.1,196.95,199.0,38,744,144977.0
2022-09-02,2022-09-02,KAMATHOTEL,B,95.0,103.7,95.0,102.4,95.8,1055,69811,7080883.0
2022-09-02,2022-09-02,KEEPLEARN,T,9.89,9.89,8.95,9.89,9.42,699,564172,5492146.0
2022-09-02,2022-09-02,ECOPLAST,X,73.7,75.8,72.2,72.6,76.85,23,541,39371.0
2022-09-02,2022-09-02,ELEMARB,X,125.85,125.85,118.3,124.0,124.75,16,907,110186.0
2022-09-02,2022-09-02,ADARSHPL,XT,16.5,16.5,15.15,15.25,15.9,89,15483,238217.0
2022-09-02,2022-09-02,HPBL,Z,453.6,453.6,422.05,451.0,434.7,34,575,250909.0
2022-09-02,2022-09-02,NICCOPAR,X,100.0,114.2,99.0,114.2,95.2,336,33674,3678063.0
2022-09-02,2022-09-02,NTCIND,X,82.95,82.95,79.0,79.35,81.75,172,7139,569896.0
2022-09-02,2022-09-02,SANDESH,B,784.95,784.95,761.1,770.0,773.0,9,101,78047.0
2022-09-02,2022-09-02,GARNET,X,21.05,21.8,20.35,21.45,21.6,42,8737,185583.0
2022-09-02,2022-09-02,GOLDIAM,B,142.05,146.75,140.25,141.0,144.9,1426,30333,4339641.0
2022-09-02,2022-09-02,BRIGHTBR,X,170.05,173.5,168.05,173.1,170.05,119,8599,1483485.0
2022-09-02,2022-09-02,CORPOCO,X,7.48,7.48,7.12,7.4,6.95,51,13565,99314.0
2022-09-02,2022-09-02,SHAWGELTIN,X,240.95,243.0,231.0,239.55,236.45,172,9442,2234628.0
2022-09-02,2022-09-02,PGFOILQ,XT,293.8,297.9,282.15,292.5,286.45,43,2443,710860.0
2022-09-02,2022-09-02,GRATEXI,XT,25.95,25.95,25.95,25.95,24.73,5,331,8589.0
2022-09-02,2022-09-02,VELHO,X,6.99,7.0,6.63,6.75,6.99,41,5263,36662.0
2022-09-02,2022-09-02,HOWARHO,XT,9.45,9.7,8.8,9.5,9.26,35,4559,42963.0
2022-09-02,2022-09-02,PRESSURS,XT,82.05,82.05,79.75,82.05,78.15,725,113185,9209386.0
2022-09-02,2022-09-02,VALIANT,XT,166.75,166.75,166.75,166.75,158.85,47,6283,1047690.0
2022-09-02,2022-09-02,DRAGARWQ,X,800.0,874.95,791.0,849.35,800.0,126,3936,3243803.0
2022-09-02,2022-09-02,GREENPLY,A,192.0,195.75,189.9,190.7,191.85,631,12365,2387013.0
2022-09-02,2022-09-02,SEAMECLTD,B,1071.75,1101.9,1064.9,1071.2,1074.0,36,275,295708.0
2022-09-02,2022-09-02,RAGHUNAT,XT,14.75,14.75,14.25,14.32,14.05,50,7484,109286.0
2022-09-02,2022-09-02,CHEVIOT,B,1186.65,1189.0,1167.2,1179.8,1168.05,85,295,347415.0
2022-09-02,2022-09-02,DAICHI,X,367.4,375.0,355.0,369.9,358.5,81,3166,1170607.0
2022-09-02,2022-09-02,RAJINFRA,X,8.33,8.33,8.27,8.27,7.95,5,129,1068.0
2022-09-02,2022-09-02,SPICEISLIN,X,8.45,8.45,7.67,7.67,8.07,17,2092,16146.0
2022-09-02,2022-09-02,CONFIPET,A,68.9,73.5,68.5,71.8,66.95,5230,292056,20875961.0
2022-09-02,2022-09-02,ASHSI,X,21.95,21.95,20.35,21.35,21.1,57,3111,65482.0
2022-09-02,2022-09-02,BANARBEADS,B,82.0,82.0,79.95,81.0,80.6,10,375,30087.0
2022-09-02,2022-09-02,AREXMIS,X,230.0,230.0,230.0,230.0,226.05,2,2,460.0
2022-09-02,2022-09-02,BI,X,61.9,61.9,60.55,61.0,61.0,234,12957,793563.0
2022-09-02,2022-09-02,ISFL,XT,3.73,3.74,3.5,3.66,3.57,1456,582665,2126871.0
2022-09-02,2022-09-02,RISHILASE,X,21.2,22.5,20.95,21.9,21.2,78,8074,173996.0
2022-09-02,2022-09-02,JAINCO,X,4.66,4.66,4.5,4.55,4.44,12,2497,11244.0
2022-09-02,2022-09-02,INTECCAP,X,19.45,20.15,17.5,20.1,18.35,16,1830,36017.0
2022-09-02,2022-09-02,63MOONS,B,190.0,193.4,180.0,181.65,188.25,381,15044,2807182.0
2022-09-02,2022-09-02,SARLAPOLY,B,58.6,59.9,56.55,57.5,57.6,559,33184,1916912.0
2022-09-02,2022-09-02,MKTCREAT,X,9.6,10.0,9.19,9.97,9.59,20,3664,35862.0
2022-09-02,2022-09-02,HFIL,X,21.85,21.85,21.05,21.15,21.65,308,58767,1253345.0
2022-09-02,2022-09-02,SONALAD,X,52.5,52.5,52.5,52.5,50.0,25,4187,219817.0
2022-09-02,2022-09-02,PADMAIND,X,3.58,3.58,3.58,3.58,3.41,11,1678,6007.0
2022-09-02,2022-09-02,21STCENMGM,B,28.35,29.3,28.35,28.35,28.9,17,1144,32433.0
2022-09-02,2022-09-02,HRYNSHP,X,66.0,67.75,65.8,66.55,67.05,42,6223,415446.0
2022-09-02,2022-09-02,KALIND,XT,26.9,26.9,26.9,26.9,26.9,3,118,3174.0
2022-09-02,2022-09-02,TYROON,X,94.75,94.75,89.1,94.2,89.3,65,3616,336472.0
2022-09-02,2022-09-02,LAOPALA,A,350.0,352.2,340.3,342.3,349.65,1044,17186,5953776.0
2022-09-02,2022-09-02,STYLAMIND,B,1184.95,1194.0,1121.6,1150.0,1179.6,6345,748558,849206675.0
2022-09-02,2022-09-02,VENUSREM,B,215.55,219.6,211.7,215.15,214.1,271,4079,883519.0
2022-09-02,2022-09-02,LASTMILE,XT,94.5,94.5,94.5,94.5,94.5,2,2,189.0
2022-09-02,2022-09-02,GUJCRAFT,X,88.85,88.9,84.95,85.45,86.75,34,1422,121755.0
2022-09-02,2022-09-02,DHOOTIN,X,78.15,82.2,78.15,80.05,80.3,60,1782,144520.0
2022-09-02,2022-09-02,SHBAJRG,X,187.95,187.95,180.0,182.35,185.8,120,4198,765976.0
2022-09-02,2022-09-02,URJA,T,12.5,12.5,12.2,12.27,12.23,1971,452008,5566339.0
2022-09-02,2022-09-02,ASHAPURMIN,B,105.2,109.5,103.95,105.35,105.15,1008,37416,4002482.0
2022-09-02,2022-09-02,SHREEPAC,X,52.7,52.7,52.7,52.7,50.2,12,1280,67456.0
2022-09-02,2022-09-02,GUJALKALI,A,905.5,922.55,881.75,890.85,901.8,1634,28011,25335341.0
2022-09-02,2022-09-02,INDIACEM,A,229.05,235.7,227.2,229.9,227.85,3294,179643,41636942.0
2022-09-02,2022-09-02,JKTYRE,A,137.05,148.25,137.05,147.3,136.9,4603,416929,60353489.0
2022-09-02,2022-09-02,MANGCHEFER,B,129.4,130.95,123.85,125.6,128.75,5903,372836,47475682.0
2022-09-02,2022-09-02,SIL,T,22.95,23.85,22.95,23.85,22.75,235,104272,2467644.0
2022-09-02,2022-09-02,JUBLPHARMA,A,345.0,345.0,330.3,332.4,340.15,1800,23007,7675041.0
2022-09-02,2022-09-02,THEINVEST,B,96.95,97.6,96.25,96.75,96.6,105,2809,272458.0
2022-09-02,2022-09-02,SAMYAKINT,XT,20.5,20.5,19.5,20.4,20.5,7,15017,306331.0
2022-09-02,2022-09-02,AADIIND,XT,4.55,4.76,4.33,4.76,4.55,19,2442,11275.0
2022-09-02,2022-09-02,ACKNIT,X,154.5,157.9,152.0,155.0,150.05,130,10232,1580604.0
2022-09-02,2022-09-02,TITANSEC,X,16.15,16.5,16.0,16.2,16.15,117,5357,86992.0
2022-09-02,2022-09-02,REALECO,XT,20.5,21.0,19.45,19.45,20.45,18,5502,108856.0
2022-09-02,2022-09-02,YASHRAJC,X,8.25,8.25,7.65,8.0,7.94,16,3105,25331.0
2022-09-02,2022-09-02,LORDSHOTL,XT,8.08,8.08,8.08,8.08,7.7,15,4198,33919.0
2022-09-02,2022-09-02,CSLFINANCE,B,239.3,240.35,226.05,232.4,238.8,157,1472,343493.0
2022-09-02,2022-09-02,SANGHVIMOV,B,251.2,257.15,246.25,252.55,250.45,2894,53453,13408063.0
2022-09-02,2022-09-02,ANTELOPUS,B,247.55,248.9,236.95,238.3,246.6,293,3164,765609.0
2022-09-02,2022-09-02,PURETROP,X,87.35,87.35,83.5,84.05,86.7,113,7311,619623.0
2022-09-02,2022-09-02,FAZE3Q,X,378.0,386.75,360.0,365.15,368.35,250,11120,4106151.0
2022-09-02,2022-09-02,PRADHIN,X,32.55,32.55,30.5,30.65,32.1,28,7142,220129.0
2022-09-02,2022-09-02,ANUPAM,X,1.81,1.85,1.81,1.84,1.83,436,249622,457222.0
2022-09-02,2022-09-02,RAJPACK,X,32.45,32.5,31.25,32.05,31.25,32,1913,61250.0
2022-09-02,2022-09-02,PRIVISCL,A,1401.0,1450.0,1382.0,1416.55,1407.5,2699,15904,22430187.0
2022-09-02,2022-09-02,NATRAJPR,XT,67.0,69.8,64.75,68.45,67.2,58,2946,196916.0
2022-09-02,2022-09-02,SAMRATPH,X,841.95,842.6,838.65,842.6,802.5,199,13988,11781109.0
2022-09-02,2022-09-02,NPRFIN,X,12.7,13.96,12.7,13.15,13.3,6,318,4421.0
2022-09-02,2022-09-02,NILE,X,594.9,594.9,560.0,567.65,579.95,305,6576,3803882.0
2022-09-02,2022-09-02,UDAICEMENT,B,30.4,35.55,30.0,34.0,30.6,3965,748428,25129350.0
2022-09-02,2022-09-02,AMCOIND,X,70.05,75.45,70.05,71.0,71.1,34,2199,156075.0
2022-09-02,2022-09-02,OPTIEMUS,B,252.0,253.7,247.4,248.65,248.7,1116,44131,11040488.0
2022-09-02,2022-09-02,KREONFIN,XT,66.0,66.3,61.6,62.0,63.45,19,2063,135693.0
2022-09-02,2022-09-02,KISAN,X,11.0,11.45,10.5,11.21,11.0,155,45827,504257.0
2022-09-02,2022-09-02,VIJAYTX,X,28.75,29.9,28.0,29.0,28.75,72,8766,250770.0
2022-09-02,2022-09-02,KERALAYUR,X,73.5,74.8,71.5,73.45,73.5,37,1035,75174.0
2022-09-02,2022-09-02,MONGIPA,XT,20.1,21.35,20.1,21.35,20.75,15,3798,79758.0
2022-09-02,2022-09-02,MOHITPPR,XT,18.4,18.9,18.0,18.85,18.0,43,9253,172847.0
2022-09-02,2022-09-02,DAULAT,X,24.7,24.7,22.3,22.5,22.55,36,2339,52794.0
2022-09-02,2022-09-02,OSCARGLO,X,9.19,9.19,9.19,9.19,8.76,6,381,3501.0
2022-09-02,2022-09-02,ODYSSEY,X,69.9,69.9,64.0,65.3,66.4,69,3762,247835.0
2022-09-02,2022-09-02,RSCINT,XT,6.23,6.55,6.23,6.41,6.55,3,47,301.0
2022-09-02,2022-09-02,SURATRAML,X,11.3,11.4,11.0,11.21,11.28,1285,334143,3738119.0
2022-09-02,2022-09-02,ATHARVENT,X,2.22,2.3,2.22,2.3,2.3,15,2208,5038.0
2022-09-02,2022-09-02,FUNDVISER,XT,16.2,16.6,16.2,16.6,15.85,4,821,13628.0
2022-09-02,2022-09-02,THEMISMED,B,804.0,811.45,794.45,795.0,811.1,86,524,416985.0
2022-09-02,2022-09-02,KALLAM,X,13.15,13.49,12.63,13.31,12.9,204,73074,960805.0
2022-09-02,2022-09-02,BRAWN,XT,19.5,19.7,19.5,19.7,18.79,28,2582,50609.0
2022-09-02,2022-09-02,FORINTL,XT,37.35,37.35,35.6,37.0,37.45,75,4607,167328.0
2022-09-02,2022-09-02,KINGSINFR,X,105.0,114.8,104.3,111.75,109.35,625,100272,11236335.0
2022-09-02,2022-09-02,NUTRICIRCLE,XT,143.35,143.35,143.35,143.35,143.35,1,50,7167.0
2022-09-02,2022-09-02,SUBSM,XT,18.8,18.8,17.9,18.8,18.8,12,623,11312.0
2022-09-02,2022-09-02,AUROLAB,X,75.65,80.0,75.65,77.65,75.7,139,12540,978378.0
2022-09-02,2022-09-02,KJMCFIN,X,31.1,31.1,28.2,28.2,29.65,26,5100,144628.0
2022-09-02,2022-09-02,SUVEN,B,71.2,72.0,70.25,70.35,71.3,278,15489,1102505.0
2022-09-02,2022-09-02,BRIDGESE,X,10.2,10.2,9.63,9.71,9.96,61,4621,45715.0
2022-09-02,2022-09-02,RAJTUBE,X,17.3,17.3,17.3,17.3,16.5,1,1,17.0
2022-09-02,2022-09-02,KAYPOWR,X,8.98,8.98,8.2,8.2,8.57,37,44864,394810.0
2022-09-02,2022-09-02,INTSTOIL,X,25.0,25.25,23.7,24.25,24.6,49,3638,89184.0
2022-09-02,2022-09-02,GLOBALCA,X,5.83,6.06,5.52,5.71,5.78,51,36129,202053.0
2022-09-02,2022-09-02,SAINIK,X,27.75,27.75,25.15,25.15,26.45,9,1050,29134.0
2022-09-02,2022-09-02,ARIGATO,XT,16.75,16.75,16.5,16.5,16.25,7,5389,89043.0
2022-09-02,2022-09-02,RICHUNV,XT,7.93,7.93,7.19,7.19,7.56,25,4099,30398.0
2022-09-02,2022-09-02,QUANTDIA,XT,17.9,17.9,17.9,17.9,17.05,5,501,8967.0
2022-09-02,2022-09-02,SPCAPIT,X,17.45,18.1,17.0,17.8,17.2,62,6985,123174.0
2022-09-02,2022-09-02,PAOS,XT,15.2,16.7,15.2,16.7,15.95,15,1223,19168.0
2022-09-02,2022-09-02,KOTHARIPRO,B,151.1,153.75,147.55,149.7,155.2,65,594,89867.0
2022-09-02,2022-09-02,PICCADIL,X,39.25,39.9,38.55,39.2,38.85,659,117235,4609406.0
2022-09-02,2022-09-02,CLSEL,B,108.0,112.3,107.2,111.1,106.95,432,20211,2237870.0
2022-09-02,2022-09-02,CHANDRAP,X,237.0,237.95,207.4,207.4,230.4,1708,191270,40339537.0
2022-09-02,2022-09-02,KIMIABL,X,44.0,45.85,42.0,42.2,41.95,44,6585,283960.0
2022-09-02,2022-09-02,HINDTIN,X,95.2,98.5,93.5,97.5,93.3,404,56398,5492598.0
2022-09-02,2022-09-02,GODAVARI,X,73.25,73.25,69.0,70.9,71.1,53,2164,151538.0
2022-09-02,2022-09-02,PREMCO,X,449.95,449.95,425.0,426.0,437.75,34,452,192934.0
2022-09-02,2022-09-02,MUKESHB,X,93.7,93.7,89.0,89.55,93.7,4,9,814.0
2022-09-02,2022-09-02,GENUSPOWER,A,87.4,91.3,84.95,89.35,85.65,1955,121016,10715506.0
2022-09-02,2022-09-02,ASIANENE,B,82.0,82.1,79.5,80.0,80.35,436,17793,1437109.0
2022-09-02,2022-09-02,KBSINDIA,X,28.7,28.7,28.7,28.7,27.38,24,4256,122147.0
2022-09-02,2022-09-02,UGARSUGAR,B,55.55,58.35,55.55,57.0,56.7,700,53935,3080925.0
2022-09-02,2022-09-02,ORIENTBELL,B,629.0,629.0,606.75,626.8,613.75,2155,9836,6094290.0
2022-09-02,2022-09-02,NRBBEARING,A,160.85,164.5,160.15,161.0,161.65,934,22098,3581073.0
2022-09-02,2022-09-02,VAMSHIRU,X,21.35,23.4,21.35,21.55,22.4,14,741,16028.0
2022-09-02,2022-09-02,NILAINFRA,B,7.0,7.49,6.69,6.78,6.85,483,307136,2174101.0
2022-09-02,2022-09-02,DBSTOCKBRO,B,21.7,22.2,21.5,22.2,21.75,52,2166,47417.0
2022-09-02,2022-09-02,VINYOFL,XT,62.15,62.15,56.25,61.7,59.2,406,50551,3115908.0
2022-09-02,2022-09-02,JINDCAP,X,21.5,22.0,20.6,21.0,21.0,53,4670,98949.0
2022-09-02,2022-09-02,EPIC,X,8.75,8.77,8.74,8.74,9.2,53,7995,70046.0
2022-09-02,2022-09-02,SUMEDHA,X,120.35,123.9,116.0,122.7,118.05,111,25103,3045866.0
2022-09-02,2022-09-02,KUWERIN,X,8.0,8.0,7.33,7.35,7.69,5,1180,9318.0
2022-09-02,2022-09-02,CHOKSI,X,34.45,37.1,33.1,34.55,33.1,49,6729,231508.0
2022-09-02,2022-09-02,ASHISHPO,X,28.0,28.0,26.0,27.9,26.8,45,4700,128409.0
2022-09-02,2022-09-02,ADORFO,X,82.2,84.0,81.0,83.1,80.45,624,113560,9429904.0
2022-09-02,2022-09-02,SHIVAAGRO,X,95.85,95.85,92.05,95.1,93.5,49,2579,243938.0
2022-09-02,2022-09-02,SIDDHA,X,5.99,5.99,5.11,5.79,5.86,113,40366,228290.0
2022-09-02,2022-09-02,KIRANSY-B,XT,5.62,6.1,5.62,6.1,5.89,12,1392,7915.0
2022-09-02,2022-09-02,SUMERUIND,XT,2.35,2.38,2.17,2.31,2.28,60,14039,31453.0
2022-09-02,2022-09-02,RUNGTAIR,XT,33.85,37.35,33.85,37.35,35.6,17,1796,65219.0
2022-09-02,2022-09-02,VALSONQ,X,31.0,32.9,29.0,32.7,29.3,345,65277,2051428.0
2022-09-02,2022-09-02,SABOOSOD,X,19.9,20.1,18.25,18.55,19.39,168,46409,881388.0
2022-09-02,2022-09-02,GSLSEC,XT,9.92,9.92,9.92,9.92,9.45,4,214,2122.0
2022-09-02,2022-09-02,TINNARUBR,X,715.0,715.0,668.9,668.9,704.1,2309,53409,36230603.0
2022-09-02,2022-09-02,VIKRAMTH,X,43.2,43.55,42.9,43.15,43.65,279,40211,1737522.0
2022-09-02,2022-09-02,STRATMONT,X,18.35,18.35,18.35,18.35,19.3,10,1140,20919.0
2022-09-02,2022-09-02,AKCAPIT,X,420.0,433.5,420.0,432.2,434.9,28,484,208457.0
2022-09-02,2022-09-02,RELAXO,A,1013.0,1017.9,999.05,1007.9,1010.7,699,4861,4904649.0
2022-09-02,2022-09-02,VIRAT,X,245.0,260.8,227.1,258.35,237.1,201,14802,3736784.0
2022-09-02,2022-09-02,RRETAIL,X,5.88,5.88,5.56,5.62,5.6,78,17090,97014.0
2022-09-02,2022-09-02,TERAI,X,64.0,67.75,64.0,64.05,64.0,7,351,22632.0
2022-09-02,2022-09-02,MANRAJH,Z,28.25,29.7,28.25,29.7,29.7,3,133,3770.0
2022-09-02,2022-09-02,COSCO,X,226.0,226.0,206.2,209.1,219.1,92,1861,394637.0
2022-09-02,2022-09-02,SHILPAMED,A,380.3,390.9,380.3,381.3,382.8,699,8752,3361262.0
2022-09-02,2022-09-02,PARACABLES,B,24.2,24.35,22.0,23.5,22.18,5744,2101706,50056287.0
2022-09-02,2022-09-02,NCLRESE,X,0.61,0.63,0.58,0.59,0.6,7460,20906046,12692180.0
2022-09-02,2022-09-02,EXPLICITFIN,XT,2.88,2.88,2.88,2.88,2.75,10,2110,6076.0
2022-09-02,2022-09-02,LADDERUP,X,27.95,27.95,24.15,26.7,25.6,47,7357,198169.0
2022-09-02,2022-09-02,UYFINCORP,X,15.2,15.2,14.7,15.0,14.78,155,141806,2126379.0
2022-09-02,2022-09-02,EKAMLEA,XT,4.07,4.07,4.07,4.07,3.88,1,10,40.0
2022-09-02,2022-09-02,SWASTIKA,X,184.1,187.95,184.0,184.3,186.1,77,855,158041.0
2022-09-02,2022-09-02,PRIMAPLA,X,81.0,83.95,81.0,81.15,82.45,63,4003,330167.0
2022-09-02,2022-09-02,TELECANOR,X,8.33,8.37,7.65,8.3,7.61,48,9188,76432.0
2022-09-02,2022-09-02,CARNATIN,X,4.55,4.64,4.55,4.64,4.55,7,1616,7362.0
2022-09-02,2022-09-02,STURDY,XT,1.58,1.74,1.58,1.69,1.66,2853,2864249,4691957.0
2022-09-02,2022-09-02,GARGFUR,XT,41.0,44.0,41.0,42.25,42.0,29,1764,76273.0
2022-09-02,2022-09-02,SAMPRE,XT,97.0,97.4,88.25,94.1,92.85,198,32151,2958182.0
2022-09-02,2022-09-02,AAIL,X,69.9,69.9,66.4,67.75,68.05,70,7910,533407.0
2022-09-02,2022-09-02,VIPULORG,X,144.0,146.95,142.0,145.8,143.9,148,11299,1639709.0
2022-09-02,2022-09-02,ECORECO,X,102.45,105.85,102.45,103.9,102.65,183,47478,4953502.0
2022-09-02,2022-09-02,GOODLUCK,B,436.0,443.4,433.15,439.0,431.0,983,38660,16994210.0
2022-09-02,2022-09-02,GOYALASS,XT,1.7,1.7,1.65,1.68,1.72,73,44075,74076.0
2022-09-02,2022-09-02,ZENITHHE,XT,5.83,5.84,5.65,5.83,5.79,258,41724,241362.0
2022-09-02,2022-09-02,ACEENGITEC,XT,15.75,16.18,15.0,16.18,15.41,44,6263,97362.0
2022-09-02,2022-09-02,YORKEXP,XT,38.05,38.05,38.05,38.05,36.25,22,4154,158059.0
2022-09-02,2022-09-02,SUPREME,X,140.0,151.75,137.35,148.35,144.55,825,144913,21075748.0
2022-09-02,2022-09-02,LYKISLTD,X,41.6,42.0,40.0,41.75,38.55,550,114109,4682936.0
2022-09-02,2022-09-02,PRIMEPRO,X,11.42,12.49,11.42,12.49,12.28,2,9,103.0
2022-09-02,2022-09-02,ZENLABS,XT,61.5,61.6,58.0,61.6,58.7,285,51908,3173650.0
2022-09-02,2022-09-02,RAJRILTD,T,19.8,19.8,19.8,19.8,19.45,15,407,8058.0
2022-09-02,2022-09-02,JAGANLAM,X,51.05,52.5,50.15,50.25,50.85,90,7659,388444.0
2022-09-02,2022-09-02,AJEL,Z,8.6,8.8,8.01,8.8,8.43,33,2733,23002.0
2022-09-02,2022-09-02,ALPSINDUS,T,2.35,2.45,2.26,2.4,2.34,37,51201,120970.0
2022-09-02,2022-09-02,ASITCFIN,XT,150.55,155.0,147.25,150.05,147.9,108,9215,1394358.0
2022-09-02,2022-09-02,SUPERBAK,X,16.65,16.65,15.1,15.1,15.87,4,116,1906.0
2022-09-02,2022-09-02,OVOBELE,P,105.3,105.3,104.95,105.3,100.3,13,1700,178825.0
2022-09-02,2022-09-02,CHALLANI,X,10.0,10.0,9.07,9.81,10.04,19,2715,25358.0
2022-09-02,2022-09-02,CORNE,XT,12.07,12.07,11.47,11.47,12.07,7,1677,19235.0
2022-09-02,2022-09-02,STERTOOLS,B,216.05,218.5,211.0,212.05,218.3,864,13775,2949878.0
2022-09-02,2022-09-02,INFRAINDUS,Z,7.75,7.75,7.75,7.75,7.75,1,20,155.0
2022-09-02,2022-09-02,INLANPR,X,19.1,21.1,19.1,21.1,20.1,7,1538,31038.0
2022-09-02,2022-09-02,CEEJAY,X,120.0,123.0,113.0,119.9,116.0,17,747,88510.0
2022-09-02,2022-09-02,SUNCITYSY,XT,7.35,7.35,7.35,7.35,7.35,5,156,1146.0
2022-09-02,2022-09-02,BHAGERIA,B,183.25,184.8,171.0,180.15,175.6,401,6211,1114073.0
2022-09-02,2022-09-02,BNRUDY,X,24.35,24.35,24.35,24.35,25.6,4,111,2702.0
2022-09-02,2022-09-02,KRBL,A,330.2,330.2,308.4,312.35,328.95,3113,120734,38553791.0
2022-09-02,2022-09-02,REFNOLRESIN,XT,54.75,54.75,52.35,52.35,53.9,17,2146,113861.0
2022-09-02,2022-09-02,SSPDL,X,19.95,20.05,19.3,19.3,19.35,17,1681,33379.0
2022-09-02,2022-09-02,DAIKAFFI,X,23.9,24.1,23.1,23.8,23.0,26,1361,32355.0
2022-09-02,2022-09-02,CILSEC,X,24.0,24.8,23.85,24.45,24.65,31,1460,35162.0
2022-09-02,2022-09-02,CLIOINFO,X,5.14,5.3,4.92,5.3,5.05,62,22388,117558.0
2022-09-02,2022-09-02,CUPID,B,242.0,242.0,230.45,233.2,237.4,594,9401,2226741.0
2022-09-02,2022-09-02,SUNSHIEL,X,509.8,512.0,495.0,504.8,501.4,65,14881,7541903.0
2022-09-02,2022-09-02,CHEMBOND,B,193.5,199.95,189.0,193.45,194.15,262,5123,999051.0
2022-09-02,2022-09-02,CIFL,X,114.0,114.0,105.25,108.85,108.0,26,915,101038.0
2022-09-02,2022-09-02,SUCROSA,X,7.19,7.39,6.85,6.9,7.14,105,26507,184889.0
2022-09-02,2022-09-02,NGIND,X,82.4,86.4,82.2,83.6,84.1,53,1927,159384.0
2022-09-02,2022-09-02,ASIAPAK,X,18.75,18.75,18.75,18.75,18.75,2,78,1462.0
2022-09-02,2022-09-02,ERPSOFT,XT,108.1,112.0,108.1,112.0,113.75,10,110,12081.0
2022-09-02,2022-09-02,JRFOODS,XT,4.5,4.62,4.21,4.22,4.4,19,4404,19806.0
2022-09-02,2022-09-02,REMSONSIND,B,218.05,222.95,218.05,221.95,220.2,18,99,21734.0
2022-09-02,2022-09-02,RAMSONS,XT,15.35,15.45,15.35,15.45,16.15,5,16,245.0
2022-09-02,2022-09-02,STANPACK,X,12.1,12.9,11.88,11.91,12.5,50,12896,155805.0
2022-09-02,2022-09-02,AQYLON,T,1.83,1.84,1.68,1.84,1.76,27,37362,67616.0
2022-09-02,2022-09-02,RAMINFO,X,106.8,112.0,102.1,109.65,102.85,335,47493,5069479.0
2022-09-02,2022-09-02,SUNILAGR,XT,119.8,120.0,112.55,118.6,116.25,36,1428,168257.0
2022-09-02,2022-09-02,DIANATEA,X,28.05,31.2,28.05,30.25,28.15,299,57161,1703376.0
2022-09-02,2022-09-02,VIKASECO,B,3.6,3.65,3.57,3.61,3.6,575,956198,3450197.0
2022-09-02,2022-09-02,IOC,A,71.75,71.75,70.85,71.2,71.15,2904,511786,36365459.0
2022-09-02,2022-09-02,ALFAICA,XT,49.0,49.0,48.2,48.2,47.1,8,1092,52727.0
2022-09-02,2022-09-02,SKCIL,XT,141.95,141.95,133.0,134.2,140.0,83,6103,819199.0
2022-09-02,2022-09-02,INDIAHOME,X,36.4,36.4,33.85,35.4,35.15,59,2751,96131.0
2022-09-02,2022-09-02,ROOPAIND,XT,53.7,54.35,50.2,53.05,51.8,92,7782,417634.0
2022-09-02,2022-09-02,BALAMINES,A,3539.0,3572.2,3402.0,3424.45,3484.15,1167,6510,22665408.0
2022-09-02,2022-09-02,SWRNASE,X,19.9,19.9,19.9,19.9,19.95,1,1,19.0
2022-09-02,2022-09-02,ARISE,X,14.75,14.75,14.75,14.75,14.73,1,2,29.0
2022-09-02,2022-09-02,VISAGAR,X,1.69,1.73,1.67,1.68,1.69,450,201117,340749.0
2022-09-02,2022-09-02,LIBORD,X,8.3,8.3,8.3,8.3,8.3,2,15,124.0
2022-09-02,2022-09-02,COMPEAU,X,198.9,198.9,191.2,194.5,196.0,33,1216,236442.0
2022-09-02,2022-09-02,ZDHJERK,XT,13.15,13.2,13.15,13.16,13.25,5,262,3450.0
2022-09-02,2022-09-02,NEELKAN,Z,15.45,15.45,15.45,15.45,15.45,8,762,11772.0
2022-09-02,2022-09-02,VINTAGES,XT,9.5,9.5,9.5,9.5,9.85,1,150,1425.0
2022-09-02,2022-09-02,CONTILI,XT,49.5,50.55,46.0,47.8,48.15,37,2313,112980.0
2022-09-02,2022-09-02,VIJSOLX,XT,1317.75,1380.0,1301.1,1319.05,1317.75,295,3440,4569274.0
2022-09-02,2022-09-02,SHRIKRISH,X,22.0,22.0,21.75,21.75,22.0,2,65,1425.0
2022-09-02,2022-09-02,ALANKIT,B,12.15,14.0,12.1,13.12,11.93,687,303531,4015351.0
2022-09-02,2022-09-02,NIHARINF,X,9.79,9.79,9.05,9.6,9.5,16,689,6360.0
2022-09-02,2022-09-02,OMINFRAL,B,36.6,37.85,36.5,36.6,37.15,176,9286,344233.0
2022-09-02,2022-09-02,CENTUPLE,X,3.38,3.38,3.38,3.38,3.55,5,96,324.0
2022-09-02,2022-09-02,ISHANCH,X,95.1,98.7,92.5,93.0,95.9,483,49545,4655521.0
2022-09-02,2022-09-02,GOTHIPL,P,22.1,23.15,21.0,23.15,22.1,3,300,6625.0
2022-09-02,2022-09-02,BALUFORGE,X,57.8,59.65,54.4,55.75,55.4,684,148617,8449198.0
2022-09-02,2022-09-02,CEENIK,XT,14.56,14.56,14.56,14.56,14.56,3,506,7367.0
2022-09-02,2022-09-02,PATELENG,B,26.3,26.75,26.05,26.25,26.45,600,122279,3227046.0
2022-09-02,2022-09-02,MENAMANI,X,19.3,20.0,19.3,20.0,19.3,5,479,9512.0
2022-09-02,2022-09-02,INANI,X,20.4,20.6,19.1,19.7,19.85,73,9775,195390.0
2022-09-02,2022-09-02,GEMSI,X,1.12,1.12,1.02,1.12,1.07,862,1076361,1162244.0
2022-09-02,2022-09-02,MEDICAMEQ,B,1191.0,1201.25,1080.55,1139.65,1200.6,521,3889,4408101.0
2022-09-02,2022-09-02,ALICON,B,809.3,825.6,801.2,813.15,804.9,166,451,364899.0
2022-09-02,2022-09-02,DILIGENT,X,11.8,12.85,11.8,12.85,12.25,95,13326,166210.0
2022-09-02,2022-09-02,EPSOMPRO,X,4.18,4.18,3.91,4.18,3.99,11,2708,10644.0
2022-09-02,2022-09-02,ALFAVIO,XT,32.45,34.05,31.9,34.05,32.45,775,280243,9253801.0
2022-09-02,2022-09-02,CATVISION,X,10.5,10.79,10.5,10.7,10.28,29,8635,92801.0
2022-09-02,2022-09-02,ABMKNO,X,89.0,90.0,88.35,89.55,90.35,42,1431,127592.0
2022-09-02,2022-09-02,EMAMILTD,A,482.4,497.2,482.4,492.25,492.1,417,3692,1820496.0
2022-09-02,2022-09-02,KEMISTAR,X,40.2,40.95,39.05,39.95,39.2,23,3969,155608.0
2022-09-02,2022-09-02,SKPSEC,X,44.0,44.0,42.1,43.65,43.75,24,919,39194.0
2022-09-02,2022-09-02,PRANAVSPIN,X,22.9,22.9,19.85,21.4,21.0,30,2904,59848.0
2022-09-02,2022-09-02,SYSCHEM,XT,47.75,47.75,47.75,47.75,45.5,82,77495,3700386.0
2022-09-02,2022-09-02,BLSINFOTE,X,3.7,3.8,3.5,3.62,3.76,1817,963112,3492945.0
2022-09-02,2022-09-02,MEFCOMCAP,X,72.0,74.95,70.5,73.85,71.4,69,8783,648888.0
2022-09-02,2022-09-02,HEMANG,X,44.8,44.8,38.7,39.6,40.95,189,22007,893015.0
2022-09-02,2022-09-02,ARMANFIN,B,1390.05,1474.0,1368.8,1420.35,1399.65,142,593,830057.0
2022-09-02,2022-09-02,EFORU,X,9.3,9.3,9.3,9.3,9.5,1,10,93.0
2022-09-02,2022-09-02,DHANADACO,XT,4.35,4.35,4.08,4.08,4.29,16,1441,5997.0
2022-09-02,2022-09-02,GLANCE,X,64.4,64.4,56.2,59.95,57.0,31,669,39754.0
2022-09-02,2022-09-02,SHILCTECH,X,580.0,595.0,576.0,577.3,586.0,112,3154,1841588.0
2022-09-02,2022-09-02,SPRIGHT,X,13.45,13.79,13.15,13.46,13.15,182,26739,361744.0
2022-09-02,2022-09-02,NUCLEUS,B,403.95,412.15,402.1,403.35,404.0,102,886,361592.0
2022-09-02,2022-09-02,COLINZ,XT,35.2,35.6,32.6,35.6,33.95,48,3497,124107.0
2022-09-02,2022-09-02,NLFL,X,27.05,28.3,26.85,27.95,27.0,36,2354,65152.0
2022-09-02,2022-09-02,MANAPPURAM,A,103.7,104.5,102.75,103.05,103.1,1555,177518,18383095.0
2022-09-02,2022-09-02,RTSPOWR,X,59.6,63.4,57.5,60.15,57.55,139,19217,1171226.0
2022-09-02,2022-09-02,COMFINTE,X,22.85,23.0,21.8,22.6,22.8,99,26416,590875.0
2022-09-02,2022-09-02,MAYURFL,XT,9.08,9.09,8.26,9.09,8.66,16,3393,28736.0
2022-09-02,2022-09-02,ANJANI,X,33.0,33.8,32.0,32.9,32.65,46,3246,106245.0
2022-09-02,2022-09-02,XTGLOBAL,X,45.0,45.3,43.25,43.8,45.3,204,20449,905853.0
2022-09-02,2022-09-02,RANDER,X,7.65,7.65,7.65,7.65,7.8,11,5635,43107.0
2022-09-02,2022-09-02,RASIELEC,X,16.9,17.7,15.7,16.4,16.58,718,264393,4480730.0
2022-09-02,2022-09-02,SCOOBEEDAY,X,137.1,137.1,130.35,131.65,133.0,57,2324,307077.0
2022-09-02,2022-09-02,CITIPOR,XT,13.65,13.65,13.65,13.65,13.0,1,1,13.0
2022-09-02,2022-09-02,DHRUVCA,XT,15.6,15.6,15.6,15.6,16.4,18,1153,17986.0
2022-09-02,2022-09-02,SHAMROIN,XT,6.25,6.25,6.25,6.25,6.25,4,54,337.0
2022-09-02,2022-09-02,LINC,B,273.95,277.5,267.45,273.65,275.7,75,777,211540.0
2022-09-02,2022-09-02,PRIMAIN,XT,19.95,20.9,19.95,20.9,19.95,4,135,2694.0
2022-09-02,2022-09-02,ANERI,X,3.4,3.4,3.4,3.4,3.4,9,50000,170000.0
2022-09-02,2022-09-02,INDGELA,X,140.0,144.0,137.05,143.1,138.9,212,13592,1928333.0
2022-09-02,2022-09-02,OPTIFIN,X,45.0,47.25,42.75,47.2,45.0,35,3079,142847.0
2022-09-02,2022-09-02,PARAGONF,X,19.85,21.7,19.85,21.7,19.8,3,176,3678.0
2022-09-02,2022-09-02,VELLORA,X,23.0,24.6,22.95,24.6,22.4,151,26565,642629.0
2022-09-02,2022-09-02,ESHAMEDIA,XT,7.08,7.08,7.0,7.0,6.75,5,1027,7189.0
2022-09-02,2022-09-02,REFEXRENEW,X,364.0,367.6,356.0,356.05,350.1,24,1166,422246.0
2022-09-02,2022-09-02,VSTTILLERS,A,2577.35,2577.65,2510.1,2520.8,2534.2,191,373,946318.0
2022-09-02,2022-09-02,B2BSOFT,XT,27.95,28.75,27.0,28.75,27.4,84,12667,362326.0
2022-09-02,2022-09-02,NIKKIGL,X,5.0,5.0,5.0,5.0,5.1,4,140,700.0
2022-09-02,2022-09-02,RADHEDE,X,10.69,11.7,10.5,10.93,10.67,832,275036,2987167.0
2022-09-02,2022-09-02,KINETRU,XT,9.8,9.8,9.8,9.8,9.6,1,1,9.0
2022-09-02,2022-09-02,ELIXIR,XT,43.2,45.35,42.0,42.05,43.3,49,4708,201598.0
2022-09-02,2022-09-02,TRISHAKT,X,58.0,58.0,56.3,57.95,59.15,6,106,6060.0
2022-09-02,2022-09-02,PANKAJPO,X,5.29,5.29,5.08,5.08,5.34,9,1591,8097.0
2022-09-02,2022-09-02,MARBLE,X,14.0,14.49,13.7,13.93,13.9,21,4911,69133.0
2022-09-02,2022-09-02,CINDRELL,XT,13.6,13.6,12.9,12.99,13.05,21,2159,28069.0
2022-09-02,2022-09-02,NATPLASTI,X,79.0,80.95,77.5,78.85,79.0,25,1842,145269.0
2022-09-02,2022-09-02,LEADFIN,XT,16.7,16.7,16.3,16.3,16.15,3,4,65.0
2022-09-02,2022-09-02,NATFIT,X,59.4,59.85,56.7,58.45,57.55,51,7264,426271.0
2022-09-02,2022-09-02,ARTEFACT,X,68.0,68.0,65.0,65.25,66.8,19,5411,360776.0
2022-09-02,2022-09-02,AMITINT,Z,4.48,4.48,4.06,4.48,4.27,34,88591,371364.0
2022-09-02,2022-09-02,TUSALDAH,X,41.5,44.6,41.5,41.6,43.55,22,1975,84357.0
2022-09-02,2022-09-02,NUTECGLOB,X,7.2,7.93,7.2,7.93,7.56,12,5300,39420.0
2022-09-02,2022-09-02,DHPIND,X,1490.0,1525.0,1371.3,1508.9,1473.2,618,5646,8169830.0
2022-09-02,2022-09-02,RRIL,X,13.2,13.2,12.72,12.92,12.88,112,21605,279436.0
2022-09-02,2022-09-02,AVAILFC,X,238.5,253.55,236.3,236.3,248.7,312,24663,5966748.0
2022-09-02,2022-09-02,MGIL,XT,3.23,3.57,3.23,3.57,3.4,6,150,512.0
2022-09-02,2022-09-02,HAVISHA,T,2.81,2.81,2.81,2.81,2.95,11,6381,17930.0
2022-09-02,2022-09-02,JAYIND,X,8.4,8.4,8.4,8.4,8.0,4,255,2142.0
2022-09-02,2022-09-02,ROSELABS,X,15.35,15.35,15.35,15.35,14.7,3,260,3991.0
2022-09-02,2022-09-02,CHARMS,X,2.2,2.26,2.07,2.26,2.16,6,606,1350.0
2022-09-02,2022-09-02,KRETTOSYS,X,0.68,0.7,0.66,0.68,0.67,933,1079493,731197.0
2022-09-02,2022-09-02,VIKALPS,XT,8.31,8.7,7.9,7.9,8.31,22,3420,28347.0
2022-09-02,2022-09-02,ZYDUSWELL,A,1648.0,1661.95,1615.35,1624.85,1648.4,653,2583,4233938.0
2022-09-02,2022-09-02,WINPRO,T,4.85,5.04,4.85,4.98,4.99,99,35009,174086.0
2022-09-02,2022-09-02,BERVINL,XT,39.9,40.85,39.0,39.0,38.95,13,763,30891.0
2022-09-02,2022-09-02,CONCOR,A,687.5,695.95,672.65,674.1,692.65,1843,30088,20524353.0
2022-09-02,2022-09-02,EASTRED,X,34.1,36.4,34.0,34.7,36.45,55,5233,181052.0
2022-09-02,2022-09-02,PANACEABIO,B,139.75,142.1,139.0,139.85,138.5,422,9459,1328289.0
2022-09-02,2022-09-02,PEETISEC,XT,26.65,26.65,26.5,26.5,25.4,8,539,14317.0
2022-09-02,2022-09-02,MERCURYEV,XT,7.32,7.32,7.32,7.32,6.98,4,1126,8242.0
2022-09-02,2022-09-02,CHOICEIN,B,432.65,435.0,426.1,430.5,423.95,75,460,197875.0
2022-09-02,2022-09-02,SRAMSET,X,153.0,153.0,150.0,150.0,150.0,11,237,35844.0
2022-09-02,2022-09-02,GOLECHA,X,9.18,9.18,9.18,9.18,9.18,4,106,973.0
2022-09-02,2022-09-02,EKANSH,X,26.65,29.2,26.65,28.55,27.15,45,6793,193372.0
2022-09-02,2022-09-02,SPAR,X,42.65,42.65,39.75,40.15,40.8,26,4356,175480.0
2022-09-02,2022-09-02,BYKE,B,45.35,50.2,44.1,49.3,45.65,998,128799,6235422.0
2022-09-02,2022-09-02,ARIHANT,X,36.8,39.45,36.2,36.4,37.15,54,4504,167827.0
2022-09-02,2022-09-02,HASTIFIN,X,4.93,4.93,4.76,4.76,4.85,5,42209,200932.0
2022-09-02,2022-09-02,UPSURGE,X,50.75,50.75,45.0,46.65,47.0,72,7761,357354.0
2022-09-02,2022-09-02,PADAMCO,XT,15.7,15.7,15.7,15.7,15.7,5,31,486.0
2022-09-02,2022-09-02,WOMENNET,X,3.68,3.68,3.5,3.61,3.67,6,1797,6556.0
2022-09-02,2022-09-02,SOURCENTRL,X,147.45,158.7,141.05,158.7,144.3,111,10071,1564978.0
2022-09-02,2022-09-02,GGAUTO,XT,25.15,25.15,23.05,24.45,24.0,21,2403,58194.0
2022-09-02,2022-09-02,ALMONDZ,B,89.5,91.0,86.5,86.9,90.9,159,7130,630248.0
2022-09-02,2022-09-02,TUNITEX,X,2.65,2.68,2.58,2.62,2.6,576,206501,546258.0
2022-09-02,2022-09-02,RADIXIND,XT,72.95,73.35,68.0,69.2,69.9,17,370,26181.0
2022-09-02,2022-09-02,KIRANPR,X,4.51,4.51,4.51,4.51,4.3,1,100,451.0
2022-09-02,2022-09-02,NARPROP,X,23.4,23.4,21.6,22.35,22.3,45,7416,172457.0
2022-09-02,2022-09-02,MEGACOR,X,2.59,2.62,2.41,2.62,2.5,208,220676,563703.0
2022-09-02,2022-09-02,TNPL,B,261.35,262.15,255.5,256.2,257.3,1128,35458,9149379.0
2022-09-02,2022-09-02,SHAKTIPUMP,B,520.3,556.35,510.75,549.25,515.6,2426,26984,14660643.0
2022-09-02,2022-09-02,SYTIXSE,X,6.12,6.12,6.12,6.12,6.44,7,7153,43776.0
2022-09-02,2022-09-02,SUNGOLD,XT,2.43,2.43,2.43,2.43,2.55,16,1036,2517.0
2022-09-02,2022-09-02,PWASML,X,35.85,35.85,32.2,33.8,34.3,48,3508,118210.0
2022-09-02,2022-09-02,GOLDTECH,B,54.1,54.45,52.4,53.8,54.1,162,10873,577344.0
2022-09-02,2022-09-02,VARDHMAN,XT,6.1,6.1,5.98,5.98,5.98,7,46,275.0
2022-09-02,2022-09-02,GRMOVER,B,397.0,409.0,390.0,399.4,391.8,978,30350,12106689.0
2022-09-02,2022-09-02,MOHITIND,B,20.0,21.2,19.4,19.95,20.1,111,17548,357420.0
2022-09-02,2022-09-02,POLYLINK,X,27.3,28.35,26.55,27.15,27.3,53,5566,153545.0
2022-09-02,2022-09-02,MINAXI,X,2.55,2.55,2.42,2.49,2.48,219,60390,150981.0
2022-09-02,2022-09-02,CONTICON,X,6.28,6.57,6.28,6.3,6.26,7,1082,6823.0
2022-09-02,2022-09-02,NOUVEAU,X,1.18,1.2,1.16,1.2,1.18,26,14685,17492.0
2022-09-02,2022-09-02,DUKEOFS,X,9.6,11.46,9.6,11.46,9.55,31,23202,265496.0
2022-09-02,2022-09-02,CYBELEIND,XT,8.13,8.13,8.13,8.13,8.13,1,1,8.0
2022-09-02,2022-09-02,CGVAK,X,346.9,368.25,346.9,359.6,344.9,261,7387,2658792.0
2022-09-02,2022-09-02,NAVKARURB,X,15.0,15.06,14.13,15.06,14.35,119,117997,1775838.0
2022-09-02,2022-09-02,MADHUCON,T,6.85,6.85,6.42,6.55,6.59,22,6967,45590.0
2022-09-02,2022-09-02,SYBLY,X,6.99,6.99,6.15,6.2,6.69,12,1791,11051.0
2022-09-02,2022-09-02,RAJESHEXPO,A,592.0,592.0,579.0,583.9,580.5,743,7721,4502910.0
2022-09-02,2022-09-02,ESARIND,X,6.78,6.78,6.53,6.58,6.66,30,5012,32795.0
2022-09-02,2022-09-02,MARIS,X,73.6,73.95,70.3,70.6,71.45,69,3482,248592.0
2022-09-02,2022-09-02,SKRABUL,X,12.64,12.64,12.64,12.64,13.3,4,531,6711.0
2022-09-02,2022-09-02,EVEREADY,A,355.1,355.1,347.55,348.8,353.6,492,7201,2517414.0
2022-09-02,2022-09-02,STEP2COR,XT,21.4,21.8,20.0,20.0,20.9,13,6379,137067.0
2022-09-02,2022-09-02,ORIENTTR,X,7.98,8.6,7.73,8.6,7.82,138,51929,436281.0
2022-09-02,2022-09-02,VIKASPROP,T,0.9,0.92,0.87,0.9,0.91,566,992191,880456.0
2022-09-02,2022-09-02,ACESOFT,X,18.7,18.7,18.7,18.7,18.75,3,47,878.0
2022-09-02,2022-09-02,HATSUN,A,1019.4,1020.0,1002.0,1003.85,1020.45,522,1530,1544256.0
2022-09-02,2022-09-02,ACCEDERE,XT,29.25,29.25,28.0,29.25,28.8,14,505,14572.0
2022-09-02,2022-09-02,MAINFRA,X,56.65,58.4,54.5,56.5,56.0,51,8707,491809.0
2022-09-02,2022-09-02,KOBO,Z,5.49,5.5,5.0,5.2,5.24,54,18329,99364.0
2022-09-02,2022-09-02,JINDWORLD,T,210.65,210.65,198.4,206.35,208.25,79,2633,537297.0
2022-09-02,2022-09-02,SOMANYCERA,A,640.0,640.5,625.0,629.6,630.05,110,1030,647247.0
2022-09-02,2022-09-02,JHACC,X,7.77,7.77,7.35,7.73,7.4,11,1736,13467.0
2022-09-02,2022-09-02,RAGHUTOB,X,13.48,13.48,12.62,13.36,12.96,52,5305,68323.0
2022-09-02,2022-09-02,DRL,XT,25.2,25.2,25.2,25.2,26.1,2,27,680.0
2022-09-02,2022-09-02,CORALFINAC,B,39.5,39.5,38.05,38.35,38.3,32,1979,75848.0
2022-09-02,2022-09-02,SANJIVIN,X,47.7,51.2,43.2,51.2,46.55,144,27504,1349189.0
2022-09-02,2022-09-02,KMFBLDR,X,3.89,4.21,3.89,4.2,4.01,8,7542,31630.0
2022-09-02,2022-09-02,BERYLSE,XT,9.01,9.02,9.01,9.01,9.48,6,881,7938.0
2022-09-02,2022-09-02,RAP,X,16.25,16.25,16.25,16.25,16.6,9,2292,37245.0
2022-09-02,2022-09-02,DEVINE,XT,5.41,5.41,5.18,5.2,5.17,22,371,1972.0
2022-09-02,2022-09-02,BAMPSL,X,7.25,7.33,7.1,7.33,7.15,15,1266,9126.0
2022-09-02,2022-09-02,GENPHARMA,X,4.45,4.45,4.13,4.25,4.34,809,343792,1457071.0
2022-09-02,2022-09-02,INCON,XT,15.9,15.9,14.5,14.6,15.2,10,379,5722.0
2022-09-02,2022-09-02,CGCL,A,726.75,735.35,725.0,728.2,721.0,210,7072,5162947.0
2022-09-02,2022-09-02,FDC,A,267.0,278.8,267.0,273.25,266.1,1006,17478,4790427.0
2022-09-02,2022-09-02,GOGIACAPGL,XT,120.95,120.95,120.95,120.95,120.95,1,6,725.0
2022-09-02,2022-09-02,GORANIN,XT,283.0,283.0,256.55,263.4,270.05,279,12876,3367825.0
2022-09-02,2022-09-02,KGPETRO,X,245.0,245.0,230.0,230.0,236.45,4,45,10747.0
2022-09-02,2022-09-02,STARCOM,X,134.4,142.0,132.5,135.7,123.95,66,2348,316647.0
2022-09-02,2022-09-02,COUNCODOS,B,4.28,4.28,4.11,4.21,4.22,33,40921,171854.0
2022-09-02,2022-09-02,OROSMITHS,X,4.85,4.85,4.6,4.73,4.72,142,28949,135113.0
2022-09-02,2022-09-02,LINCOLN,B,286.25,296.6,282.75,288.3,285.05,433,4263,1235506.0
2022-09-02,2022-09-02,SILVOAK,X,40.0,40.0,37.6,39.9,39.5,10,82,3268.0
2022-09-02,2022-09-02,PRAVEG,X,194.9,195.0,184.5,186.8,189.45,416,18113,3392805.0
2022-09-02,2022-09-02,SURAJLTD,X,72.5,72.5,66.35,71.0,72.5,43,2738,189504.0
2022-09-02,2022-09-02,MARICO,A,524.1,529.4,520.75,522.45,526.55,1493,15233,8009750.0
2022-09-02,2022-09-02,TOKYOFIN,XT,13.75,13.75,13.75,13.75,13.1,3,692,9515.0
2022-09-02,2022-09-02,NATGENI,XT,225.5,225.5,225.5,225.5,216.15,1,4,902.0
2022-09-02,2022-09-02,UVS,X,19.0,19.0,19.0,19.0,19.0,1,1,19.0
2022-09-02,2022-09-02,HITTCO,XT,12.12,12.12,12.12,12.12,11.55,54,14647,177521.0
2022-09-02,2022-09-02,RRMETAL,X,45.4,45.4,43.1,43.1,45.35,32,4942,213185.0
2022-09-02,2022-09-02,VISIONCO,X,1.74,1.89,1.74,1.79,1.74,29,21060,37211.0
2022-09-02,2022-09-02,INANISEC,X,23.35,23.35,23.15,23.15,23.0,6,31,720.0
2022-09-02,2022-09-02,ANKIN,X,11.55,11.55,11.0,11.0,11.0,8,20775,228951.0
2022-09-02,2022-09-02,MAYUR,XT,7.22,7.22,7.22,7.22,7.22,1,1,7.0
2022-09-02,2022-09-02,AMERISE,X,1.05,1.09,1.04,1.04,1.09,562,990343,1033812.0
2022-09-02,2022-09-02,PRITHVIEXCH,XT,43.6,43.6,41.55,43.6,43.6,28,2014,86497.0
2022-09-02,2022-09-02,RAINBOWF,X,12.81,12.81,11.6,12.25,12.44,31,13393,161457.0
2022-09-02,2022-09-02,TRICOMFRU,XT,1.86,1.94,1.77,1.92,1.86,22,8314,16006.0
2022-09-02,2022-09-02,VIDHIING,B,390.5,390.5,376.2,378.0,382.95,657,7538,2856831.0
2022-09-02,2022-09-02,BHAGCHEM,B,1338.9,1341.0,1272.6,1317.95,1305.2,52,258,334543.0
2022-09-02,2022-09-02,PANCHSHEEL,X,395.0,418.6,376.3,405.4,392.1,2008,110823,44361400.0
2022-09-02,2022-09-02,MENNPIS,X,49.55,50.5,48.0,49.3,50.0,466,65241,3208693.0
2022-09-02,2022-09-02,GREENCREST,X,12.05,12.05,12.05,12.05,11.82,30,3827,46115.0
2022-09-02,2022-09-02,GENNEX,X,6.72,7.9,6.6,7.25,6.67,1242,935319,6713534.0
2022-09-02,2022-09-02,GINISILK,X,39.85,41.3,39.0,39.0,39.9,11,1530,62672.0
2022-09-02,2022-09-02,PRAENG,B,14.3,14.45,14.0,14.36,14.16,70,8530,120574.0
2022-09-02,2022-09-02,BIOGEN,X,0.9,0.93,0.9,0.92,0.9,2454,2003122,1831286.0
2022-09-02,2022-09-02,GKCONS,X,9.05,9.05,9.05,9.05,9.05,1,3,27.0
2022-09-02,2022-09-02,APOLLOPIPE,A,556.0,556.0,535.65,539.25,545.1,579,4889,2646132.0
2022-09-02,2022-09-02,UNJHAFOR,X,9.89,9.89,9.49,9.49,9.5,5,611,5838.0
2022-09-02,2022-09-02,POLYMED,A,935.0,935.05,893.45,899.3,932.6,1416,6371,5794221.0
2022-09-02,2022-09-02,KACHCHH,XT,22.8,24.5,22.8,23.15,24.0,16,1186,27524.0
2022-09-02,2022-09-02,KACL,XT,84.05,87.95,79.95,81.65,84.15,1194,71417,5833517.0
2022-09-02,2022-09-02,KCLINFRA,X,2.78,2.78,2.78,2.78,2.65,40,249534,693704.0
2022-09-02,2022-09-02,ATULAUTO,B,194.25,197.4,191.8,192.9,194.25,551,14857,2882293.0
2022-09-02,2022-09-02,PRERINFRA,X,45.9,47.8,42.05,43.75,45.0,139,22341,978652.0
2022-09-02,2022-09-02,METALCO,X,43.0,44.9,42.0,44.2,42.15,74,11553,502566.0
2022-09-02,2022-09-02,SGNTE,XT,0.65,0.65,0.63,0.65,0.62,20,25001,16180.0
2022-09-02,2022-09-02,GANGAPA,XT,82.2,86.3,78.2,84.15,82.2,41,2578,214644.0
2022-09-02,2022-09-02,TIRSARJ,X,9.2,9.7,8.8,9.38,9.19,114,26915,245619.0
2022-09-02,2022-09-02,NUWAY,XT,13.0,13.0,13.0,13.0,13.0,1,1,13.0
2022-09-02,2022-09-02,RODIUM,X,53.95,53.95,51.0,51.0,52.0,2,100,5392.0
2022-09-02,2022-09-02,NAGTECH,X,3.9,4.09,3.9,4.09,3.9,8,813,3201.0
2022-09-02,2022-09-02,NATHUEC,X,5.47,5.5,5.11,5.11,5.0,21,5757,31420.0
2022-09-02,2022-09-02,INDUSFINL,XT,13.25,13.3,12.64,12.64,13.3,6,1010,13429.0
2022-09-02,2022-09-02,LAHOTIOV,X,34.9,35.5,32.0,33.4,34.75,170,45382,1520615.0
2022-09-02,2022-09-02,ZENITHSTL,T,6.0,6.15,5.91,6.01,6.07,123,41273,247229.0
2022-09-02,2022-09-02,TRINITYLEA,XT,10.3,10.3,10.3,10.3,9.81,4,2000,20600.0
2022-09-02,2022-09-02,ASTAR,B,736.3,749.0,721.05,747.0,736.7,29,206,152985.0
2022-09-02,2022-09-02,ORIRAIL,X,121.1,123.4,120.65,121.95,121.1,151,56229,6864614.0
2022-09-02,2022-09-02,JOINDRE,X,28.85,28.85,27.35,28.5,28.5,98,7725,216739.0
2022-09-02,2022-09-02,BHARATAGRI,X,463.0,480.0,441.0,474.25,440.9,231,18202,8385093.0
2022-09-02,2022-09-02,UNITINT,X,9.0,9.0,8.7,8.7,9.5,36,15186,134111.0
2022-09-02,2022-09-02,SACHEMT,X,22.05,23.85,21.4,21.8,22.25,366,35948,781443.0
2022-09-02,2022-09-02,ANJANIFIN,X,4.46,4.74,4.46,4.51,4.49,15,11196,50646.0
2022-09-02,2022-09-02,PIONEERDIS,B,167.0,167.0,153.0,164.55,163.3,15,283,46056.0
2022-09-02,2022-09-02,GMETCOAL,Z,17.95,17.95,17.95,17.95,18.85,10,762,13677.0
2022-09-02,2022-09-02,TACENT,X,6.75,6.75,6.75,6.75,6.75,3,100,675.0
2022-09-02,2022-09-02,REXNORD,X,81.0,82.85,78.1,81.15,79.3,298,40362,3247675.0
2022-09-02,2022-09-02,KHANDSE,T,30.95,31.65,29.25,30.0,30.75,10,330,9682.0
2022-09-02,2022-09-02,SAWACA,XT,1.76,1.79,1.65,1.77,1.73,1204,787314,1368733.0
2022-09-02,2022-09-02,CCLINTER,X,18.7,18.7,17.9,18.5,18.0,18,831,14986.0
2022-09-02,2022-09-02,GALLOPENT,X,58.1,60.2,58.1,58.2,58.15,35,1786,104453.0
2022-09-02,2022-09-02,CROISSANCE,XT,6.75,7.13,6.55,6.55,6.88,14,8817,58083.0
2022-09-02,2022-09-02,JOJO,XT,15.0,15.0,14.45,14.5,15.2,24,2906,42021.0
2022-09-02,2022-09-02,GALAGEX,XT,30.3,30.3,30.3,30.3,31.85,14,1126,34117.0
2022-09-02,2022-09-02,CASTORA,XT,6.3,6.3,6.16,6.3,6.45,22,2934,18204.0
2022-09-02,2022-09-02,AGARIND,B,708.45,713.45,663.0,667.8,695.4,2475,20653,14216407.0
2022-09-02,2022-09-02,DHAMPURE,X,39.4,39.4,38.55,39.05,39.4,39,3512,136710.0
2022-09-02,2022-09-02,SHAQUAK,XT,1.95,2.0,1.82,1.87,1.91,95,30119,56555.0
2022-09-02,2022-09-02,INNOCORP,X,4.36,4.45,4.35,4.45,4.36,15,710,3154.0
2022-09-02,2022-09-02,SARTHAKIND,X,84.3,84.3,84.3,84.3,80.3,2,183,15426.0
2022-09-02,2022-09-02,SAICAPI,XT,86.55,86.55,86.55,86.55,82.45,8,446,38601.0
2022-09-02,2022-09-02,VERTEX,X,2.24,2.24,2.14,2.24,2.24,100,27409,60046.0
2022-09-02,2022-09-02,RIBATEX,X,40.5,41.0,39.15,39.65,39.6,53,5751,229502.0
2022-09-02,2022-09-02,JUNE,X,1.54,1.54,1.54,1.54,1.47,3,2700,4158.0
2022-09-02,2022-09-02,SHREMETAL,XT,27.3,28.05,25.6,26.25,26.75,17,3040,79069.0
2022-09-02,2022-09-02,IITLPROJ,X,17.7,17.7,17.7,17.7,16.95,4,93,1646.0
2022-09-02,2022-09-02,CHLOGIST,X,5.83,6.6,5.83,6.41,6.08,592,244990,1561746.0
2022-09-02,2022-09-02,AMBIKCO,A,1814.7,1815.25,1793.75,1802.75,1801.95,556,1852,3341243.0
2022-09-02,2022-09-02,HINDALUMI,X,40.0,40.6,40.0,40.0,39.95,30,1914,76968.0
2022-09-02,2022-09-02,SPECFOOD,XT,13.5,13.5,13.5,13.5,13.15,1,500,6750.0
2022-09-02,2022-09-02,AMRAAGRI,X,1.08,1.16,1.07,1.09,1.12,862,933037,1030088.0
2022-09-02,2022-09-02,ODYCORP,X,10.48,10.52,10.25,10.47,10.02,189,60661,636716.0
2022-09-02,2022-09-02,INDCTST,X,36.95,36.95,36.95,36.95,33.6,4,518,19140.0
2022-09-02,2022-09-02,SAMINDUS,X,30.0,30.0,28.5,28.5,30.0,27,3464,99808.0
2022-09-02,2022-09-02,SHVFL,X,9.82,9.82,9.82,9.82,9.36,1,5,49.0
2022-09-02,2022-09-02,POOJAENT,XT,248.1,248.1,225.05,245.4,236.3,211,16491,4041990.0
2022-09-02,2022-09-02,GRAVITY,XT,3.99,3.99,3.99,3.99,4.19,22,3634,14499.0
2022-09-02,2022-09-02,LCCINFOTEC,B,2.9,3.06,2.85,2.94,2.98,103,46340,137250.0
2022-09-02,2022-09-02,FILATFASH,X,7.08,7.08,6.78,6.88,6.84,177,127582,880216.0
2022-09-02,2022-09-02,SINDHUTRAD,T,30.9,30.9,29.0,29.2,30.0,320,1037384,30833924.0
2022-09-02,2022-09-02,UNISTRMU,XT,19.4,19.4,18.25,18.45,18.9,25,2287,42788.0
2022-09-02,2022-09-02,ZENOTECH,X,57.55,58.35,57.15,57.5,57.55,91,9426,543714.0
2022-09-02,2022-09-02,HINDBIO,X,3.63,3.63,3.55,3.55,3.51,17,2499,8876.0
2022-09-02,2022-09-02,FRONTCORP,X,17.5,18.5,17.5,18.4,18.2,7,211,3826.0
2022-09-02,2022-09-02,SWELECTES,B,308.15,316.0,308.15,311.15,311.85,47,323,100684.0
2022-09-02,2022-09-02,WALLFORT,X,39.9,43.5,39.9,42.8,40.0,34,1257,50765.0
2022-09-02,2022-09-02,KDDL,B,940.3,947.1,917.6,933.15,939.25,157,951,887246.0
2022-09-02,2022-09-02,TRUSTEDGE,XT,19.0,19.3,19.0,19.3,18.4,22,755,14448.0
2022-09-02,2022-09-02,ABHICAP,XT,102.1,104.95,100.3,101.1,105.5,66,1684,170979.0
2022-09-02,2022-09-02,3BBLACKBIO,X,383.0,389.7,376.0,379.95,387.8,263,6473,2474710.0
2022-09-02,2022-09-02,GUJJUBHAI,X,55.85,56.85,54.0,54.5,54.15,33,12951,709873.0
2022-09-02,2022-09-02,EPUJA,XT,3.01,3.01,3.0,3.0,2.87,5,800,2405.0
2022-09-02,2022-09-02,INDOCITY,X,6.99,6.99,6.3,6.3,6.1,29,7742,52672.0
2022-09-02,2022-09-02,SBECSUG,X,26.4,26.4,24.9,25.65,26.35,51,7591,193763.0
2022-09-02,2022-09-02,BSELALGO,X,4.1,4.1,3.89,3.91,4.0,525,228856,905697.0
2022-09-02,2022-09-02,RELIABVEN,X,15.0,15.0,13.71,14.87,14.6,60,7272,106449.0
2022-09-02,2022-09-02,BANKBARODA,A,134.7,134.7,130.8,131.1,133.45,4810,912228,120405063.0
2022-09-02,2022-09-02,MOHITE,X,25.2,25.2,23.8,24.7,25.05,29,2277,54999.0
2022-09-02,2022-09-02,ACL,T,6.33,6.33,6.33,6.33,6.03,20,5036,31877.0
2022-09-02,2022-09-02,SKMEGGPROD,B,85.55,90.2,85.55,88.4,83.75,780,35012,3091829.0
2022-09-02,2022-09-02,WELCORP,A,228.4,243.2,228.4,241.6,228.15,6663,288974,68633194.0
2022-09-02,2022-09-02,HOTLSILV,X,9.54,9.8,8.91,9.77,9.09,31,13416,128184.0
2022-09-02,2022-09-02,BANKINDIA,A,51.9,52.25,50.7,50.9,51.65,1708,255646,13104755.0
2022-09-02,2022-09-02,INDRAMEDCO,B,71.65,73.8,71.15,72.45,70.75,612,28074,2033976.0
2022-09-02,2022-09-02,JOHNPHARMA,X,0.74,0.76,0.72,0.74,0.73,2364,2791298,2070354.0
2022-09-02,2022-09-02,GAIL,A,137.0,137.3,134.85,135.4,136.4,15640,1331595,180783099.0
2022-09-02,2022-09-02,VAIBHAVGBL,A,345.0,355.55,334.35,342.5,341.7,6315,226295,78161235.0
2022-09-02,2022-09-02,TRESCON,X,12.9,12.9,11.93,12.53,12.61,44,2690,33619.0
2022-09-02,2022-09-02,GUJSTATFIN,T,7.76,8.26,7.7,8.23,7.87,90,25117,203506.0
2022-09-02,2022-09-02,JKPAPER,A,426.1,431.95,420.5,422.7,425.0,2556,124178,52926776.0
2022-09-02,2022-09-02,SAREGAMA,A,410.5,424.45,410.5,412.25,415.05,816,12637,5257829.0
2022-09-02,2022-09-02,MINOLTAF,Z,3.93,3.93,3.85,3.85,3.75,4,83,322.0
2022-09-02,2022-09-02,ADROITINFO,T,17.25,17.3,16.4,16.95,17.15,28,4196,69656.0
2022-09-02,2022-09-02,CYBERTECH,B,166.4,166.55,161.75,162.7,165.65,228,6504,1068659.0
2022-09-02,2022-09-02,ICICIBANK,A,874.45,881.3,867.0,872.25,874.45,9248,342124,298102404.0
2022-09-02,2022-09-02,CYIENT,A,835.0,842.0,830.0,832.65,834.9,955,7439,6206659.0
2022-09-02,2022-09-02,ENGINERSIN,A,67.35,68.2,67.35,67.85,68.05,1029,84170,5710733.0
2022-09-02,2022-09-02,DHANBANK,B,12.1,13.03,12.1,12.33,11.95,237,157593,1981698.0
2022-09-02,2022-09-02,GMDCLTD,A,167.0,169.0,163.7,164.9,166.55,2493,145258,24138712.0
2022-09-02,2022-09-02,INDUSINDBK,A,1118.9,1118.9,1095.5,1100.95,1111.0,3265,100283,110445944.0
2022-09-02,2022-09-02,ITDC,B,396.0,405.0,387.25,390.75,397.25,372,2145,847134.0
2022-09-02,2022-09-02,J&KBANK,A,31.2,32.15,31.0,31.1,31.8,540,106404,3352478.0
2022-09-02,2022-09-02,CUB,A,183.25,184.25,178.7,180.0,181.1,1605,76941,13899589.0
2022-09-02,2022-09-02,ARCHIES,B,19.0,19.4,18.8,19.1,18.75,75,3002,57609.0
2022-09-02,2022-09-02,AXISBANK,A,745.2,754.5,740.1,751.1,744.25,6012,173053,129567987.0
2022-09-02,2022-09-02,HBSL,B,59.3,61.65,58.3,59.5,60.15,200,3346,200516.0
2022-09-02,2022-09-02,CMXLTD,X,15.98,15.98,13.7,14.38,13.97,19,3425,47975.0
2022-09-02,2022-09-02,SOUTHBANK,A,8.23,8.39,8.11,8.15,8.23,1812,1472696,12175756.0
2022-09-02,2022-09-02,ENERGYDEV,B,17.4,18.2,17.4,17.9,17.85,79,10921,196103.0
2022-09-02,2022-09-02,SONATSOFTW,A,730.0,736.45,718.65,720.65,723.4,1407,12647,9189130.0
2022-09-02,2022-09-02,BENGALT,X,73.55,73.55,73.1,73.1,73.55,4,4,293.0
2022-09-02,2022-09-02,NATIONALUM,A,78.2,78.2,76.7,77.1,77.75,6475,822559,63524768.0
2022-09-02,2022-09-02,INDNIPPON,B,410.95,435.4,408.0,425.45,410.9,195,2729,1165534.0
2022-09-02,2022-09-02,NSIL,B,1488.95,1512.0,1480.0,1492.1,1485.5,55,584,871575.0
2022-09-02,2022-09-02,APARINDS,A,1309.3,1335.0,1279.1,1293.5,1306.6,1939,12817,16641602.0
2022-09-02,2022-09-02,TCIIND,X,1400.0,1400.0,1316.7,1320.0,1386.0,7,139,183717.0
2022-09-02,2022-09-02,ACCELYA,B,1131.8,1142.0,1109.9,1113.95,1129.3,101,466,522840.0
2022-09-02,2022-09-02,ORCHASP,XT,4.23,4.23,4.08,4.19,4.11,159,72555,299744.0
2022-09-02,2022-09-02,HCLTECH,A,934.9,934.9,919.8,924.1,926.0,2471,37676,34880525.0
2022-09-02,2022-09-02,TCFCFINQ,X,32.85,32.85,31.6,32.0,31.75,27,4224,135230.0
2022-09-02,2022-09-02,GEOJITFSL,B,47.65,47.7,45.9,46.0,47.2,726,49850,2314816.0
2022-09-02,2022-09-02,JINDALSTEL,A,425.0,428.95,415.75,418.15,425.6,2647,94161,39566626.0
2022-09-02,2022-09-02,BLBLIMITED,B,20.25,21.3,20.25,21.0,20.35,7,122,2566.0
2022-09-02,2022-09-02,GLENMARK,A,373.45,376.0,368.65,369.7,370.2,1374,46154,17140662.0
2022-09-02,2022-09-02,WOCKPHARMA,A,242.75,242.75,234.85,235.5,237.35,1268,32008,7564298.0
2022-09-02,2022-09-02,TATACOFFEE,A,239.75,248.4,238.65,244.2,239.7,3855,206744,50569972.0
2022-09-02,2022-09-02,KJMCCORP,X,26.95,26.95,26.9,26.9,25.7,2,53,1425.0
2022-09-02,2022-09-02,INDSWFTLAB,B,59.75,61.45,59.4,59.7,59.9,104,5438,324181.0
2022-09-02,2022-09-02,GVPIL,B,145.8,156.9,145.8,152.0,144.85,2756,63596,9733743.0
2022-09-02,2022-09-02,SHREERAMA,B,17.7,17.85,16.7,17.85,17.01,341,174955,3081063.0
2022-09-02,2022-09-02,MAHLIFE,A,521.0,528.0,514.0,516.3,518.1,1601,21664,11239795.0
2022-09-02,2022-09-02,VAARAD,X,16.95,17.95,16.95,17.5,17.0,24,1020,18073.0
2022-09-02,2022-09-02,ZYDUSLIFE,A,376.0,376.9,368.25,369.2,372.5,1276,35876,13362259.0
2022-09-02,2022-09-02,SHIVACEM,X,48.15,49.75,45.95,48.8,48.15,837,248260,11949160.0
2022-09-02,2022-09-02,CINEVISTA,B,14.45,15.45,14.35,14.6,15.07,197,83652,1217159.0
2022-09-02,2022-09-02,INTENTECH,B,64.7,65.65,64.1,64.4,64.6,174,4116,265828.0
2022-09-02,2022-09-02,DANLAW,X,237.95,237.95,216.2,220.1,226.1,127,5109,1149800.0
2022-09-02,2022-09-02,AJANTPHARM,A,1378.9,1378.9,1343.0,1351.3,1378.05,604,2263,3064021.0
2022-09-02,2022-09-02,HBPOR,X,33.95,38.75,33.05,35.45,33.95,77,12349,434736.0
2022-09-02,2022-09-02,HBESD,X,22.0,22.5,20.5,21.0,21.35,25,1736,36554.0
2022-09-02,2022-09-02,AMBICAAGAR,B,31.8,33.65,31.7,32.35,31.85,233,41309,1333850.0
2022-09-02,2022-09-02,COMPUSOFT,B,26.6,26.95,25.0,25.1,25.55,716,103340,2681306.0
2022-09-02,2022-09-02,OMNIAX,X,3.84,3.84,3.35,3.52,3.84,27,6653,23546.0
2022-09-02,2022-09-02,IZMO,B,73.95,77.15,73.1,73.75,73.55,60,2013,150202.0
2022-09-02,2022-09-02,TVSMOTOR,A,1021.0,1037.5,1021.0,1025.95,1015.05,6599,120470,124024024.0
2022-09-02,2022-09-02,MADALA,X,122.05,134.85,102.0,117.7,127.5,120,5135,581520.0
2022-09-02,2022-09-02,ACLGATI,A,174.95,178.45,172.9,174.3,172.4,1620,66684,11725308.0
2022-09-02,2022-09-02,SUBEXLTD,A,37.0,37.3,36.15,36.3,36.95,1449,488537,17906971.0
2022-09-02,2022-09-02,TCI,A,724.9,724.9,705.6,709.35,713.95,526,4569,3253539.0
2022-09-02,2022-09-02,PADMALAYAT,Z,2.5,2.66,2.42,2.55,2.54,21,5533,14019.0
2022-09-02,2022-09-02,AKSHOPTFBR,B,11.59,11.65,10.7,11.4,11.14,742,509775,5748232.0
2022-09-02,2022-09-02,VIRGOGLOB,X,1.55,1.55,1.55,1.55,1.41,2,150,232.0
2022-09-02,2022-09-02,TRIVENI,A,238.0,242.1,238.0,240.05,237.25,1941,34168,8209827.0
2022-09-02,2022-09-02,MUKTAARTS,B,55.55,56.9,55.55,56.45,56.35,191,8152,456908.0
2022-09-02,2022-09-02,HITKITGLO,XT,0.57,0.57,0.57,0.57,0.57,2,300,171.0
2022-09-02,2022-09-02,NAGPI,X,85.25,89.7,83.5,85.0,85.25,208,26145,2262579.0
2022-09-02,2022-09-02,DSSL,T,296.5,299.9,286.25,288.05,294.4,71,2660,778125.0
2022-09-02,2022-09-02,PNBGILTS,B,64.85,64.85,63.2,63.6,64.15,311,17630,1122415.0
2022-09-02,2022-09-02,BCG,A,43.65,45.15,41.7,42.95,43.05,4455,1258845,54640849.0
2022-09-02,2022-09-02,RAMCOIND,A,215.0,216.0,209.0,212.3,211.3,109,1265,270718.0
2022-09-02,2022-09-02,RAMCOSYS,B,301.9,310.9,293.05,294.5,292.0,1844,29349,8896384.0
2022-09-02,2022-09-02,TTML,A,131.5,149.0,129.3,134.8,127.5,74748,10124117,1419699405.0
2022-09-02,2022-09-02,VIRINCHI,X,50.0,51.3,49.6,49.9,50.25,485,119240,5997209.0
2022-09-02,2022-09-02,WEPSOLN,X,22.2,22.35,21.7,22.25,22.0,57,15713,347683.0
2022-09-02,2022-09-02,STLTECH,A,172.2,174.15,168.5,169.35,172.9,1881,91259,15542415.0
2022-09-02,2022-09-02,TIPSMUSIC,B,1556.1,1580.75,1533.3,1571.85,1558.1,131,427,662653.0
2022-09-02,2022-09-02,UMIYA-MRO,B,64.05,65.5,63.65,64.75,65.05,65,1669,108269.0
2022-09-02,2022-09-02,FIRSTFIN,X,4.9,5.0,4.9,5.0,5.15,10,2053,10260.0
2022-09-02,2022-09-02,BABA,X,20.0,21.85,19.1,20.3,20.55,203,20631,419810.0
2022-09-02,2022-09-02,BALAJITELE,B,52.75,56.1,52.75,54.3,53.6,371,18964,1042739.0
2022-09-02,2022-09-02,TYCHE,X,152.95,153.95,145.05,146.85,150.95,128,10230,1513473.0
2022-09-02,2022-09-02,CALSOFT,B,21.8,22.0,21.35,21.6,21.75,93,61098,1306200.0
2022-09-02,2022-09-02,PNC,B,42.85,48.2,42.85,46.7,43.85,264,23054,1093390.0
2022-09-02,2022-09-02,IOB,A,17.85,18.05,17.6,17.65,17.9,388,105360,1874999.0
2022-09-02,2022-09-02,TAJGVK,B,175.0,184.65,174.95,181.85,174.1,2023,77712,14001411.0
2022-09-02,2022-09-02,CREATIVEYE,B,5.46,5.46,5.05,5.15,5.2,21,36002,192610.0
2022-09-02,2022-09-02,AXISCADES,B,141.1,144.0,137.0,137.05,141.45,246,7364,1038603.0
2022-09-02,2022-09-02,KONNDOR,X,5.67,5.67,5.67,5.67,5.65,1,88,498.0
2022-09-02,2022-09-02,UMESLTD,T,4.8,4.83,4.63,4.63,4.62,14,8659,40939.0
2022-09-02,2022-09-02,BSOFT,A,323.0,325.4,319.9,320.8,322.0,3406,105094,33832728.0
2022-09-02,2022-09-02,USGTECH,X,6.6,7.7,6.6,7.22,7.08,82,25957,188760.0
2022-09-02,2022-09-02,7TEC,X,41.85,41.85,40.35,40.95,41.4,56,1979,80842.0
2022-09-02,2022-09-02,AVANTEL,X,269.4,275.25,251.0,254.0,269.4,1583,91808,23621606.0
2022-09-02,2022-09-02,MOSCHIP,B,81.6,81.6,79.15,79.7,79.3,2906,476375,38345461.0
2022-09-02,2022-09-02,SIGMAADV,T,38.85,40.1,38.05,39.45,38.2,161,23276,914794.0
2022-09-02,2022-09-02,TRANSCOR,X,26.0,26.0,24.15,24.75,25.05,86,12132,302344.0
2022-09-02,2022-09-02,VISESHINFO,B,0.68,0.69,0.66,0.68,0.68,1858,9310008,6295183.0
2022-09-02,2022-09-02,CEREBRAINT,B,49.9,50.35,48.5,49.0,49.4,666,64549,3173755.0
2022-09-02,2022-09-02,NEXTMEDIA,T,5.94,5.99,5.7,5.93,5.94,9,197,1148.0
2022-09-02,2022-09-02,SMARTLINK,B,142.15,143.0,135.1,138.2,140.15,231,15941,2196825.0
2022-09-02,2022-09-02,GODREJCP,A,922.5,942.3,911.75,914.3,922.7,2766,45976,42595775.0
2022-09-02,2022-09-02,GENUSPRIME,X,10.74,11.2,10.05,10.75,10.25,21,1887,19543.0
2022-09-02,2022-09-02,BFUTILITIE,A,408.65,427.0,404.25,407.4,404.75,2780,56107,23379353.0
2022-09-02,2022-09-02,UNITDSPR,A,811.3,834.0,807.45,824.75,809.95,3635,78063,64562395.0
2022-09-02,2022-09-02,SANINFRA,X,474.0,474.0,462.0,472.85,470.15,239,19194,9080101.0
2022-09-02,2022-09-02,OLECTRA,A,663.0,665.15,635.35,638.1,639.25,2421,35074,22706538.0
2022-09-02,2022-09-02,MPSLTD,B,713.1,714.15,698.0,699.5,705.85,57,176,123677.0
2022-09-02,2022-09-02,RNBOWDENIM,XT,3.9,3.9,3.9,3.9,4.1,23,1744,6801.0
2022-09-02,2022-09-02,CERA,A,4948.6,4990.25,4872.2,4940.0,4900.95,255,435,2144416.0
2022-09-02,2022-09-02,TSPIRITUAL,XT,0.74,0.74,0.74,0.74,0.76,2,2201,1628.0
2022-09-02,2022-09-02,BHARTIARTL,A,725.15,740.6,720.05,734.65,735.05,11880,436448,320854843.0
2022-09-02,2022-09-02,SHALIWIR,X,19.0,20.1,19.0,20.1,18.31,451,161022,3219156.0
2022-09-02,2022-09-02,COMPINFO,B,25.5,25.5,24.5,24.55,24.75,219,23092,572588.0
2022-09-02,2022-09-02,GULPOLY,B,272.4,273.85,264.0,264.9,271.5,941,12595,3359106.0
2022-09-02,2022-09-02,FAZE3AUTO,X,105.0,109.0,104.0,105.45,104.4,89,2777,297159.0
2022-09-02,2022-09-02,PONNIERODE,B,257.65,258.95,247.7,254.7,259.5,123,1722,437156.0
2022-09-02,2022-09-02,PNB,A,35.9,36.1,35.15,35.2,35.75,3058,2294792,81711676.0
2022-09-02,2022-09-02,OFSS,A,3159.95,3167.15,3110.35,3147.7,3104.7,1234,3674,11543430.0
2022-09-02,2022-09-02,HAZOOR,X,100.3,100.3,91.25,91.45,96.05,1940,457277,42905595.0
2022-09-02,2022-09-02,KAMAHOLD,B,13222.0,13600.0,12900.0,12949.6,13098.25,286,1336,17786309.0
2022-09-02,2022-09-02,APTECHT,A,267.0,268.0,258.85,263.0,265.05,1454,36938,9698298.0
2022-09-02,2022-09-02,UNIONBANK,A,42.35,43.0,42.05,42.5,42.6,1352,381819,16226180.0
2022-09-02,2022-09-02,UBL,A,1679.5,1718.5,1665.0,1704.85,1662.8,1293,8763,14895570.0
2022-09-02,2022-09-02,ISMTLTD,B,56.35,56.6,54.3,55.0,55.5,269,17396,967912.0
2022-09-02,2022-09-02,NOIDATOLL,B,7.11,7.25,7.11,7.15,7.14,31,10175,73237.0
2022-09-02,2022-09-02,GRANULES,A,310.35,311.7,304.25,305.2,305.85,1231,48383,14889552.0
2022-09-02,2022-09-02,CANBK,A,247.95,247.95,240.75,243.8,244.45,3040,275925,67374077.0
2022-09-02,2022-09-02,BLIL,B,426.8,426.8,422.0,424.5,423.25,1199,49432,20980926.0
2022-09-02,2022-09-02,POKARNA,A,563.2,563.2,537.8,545.9,553.95,326,2002,1107115.0
2022-09-02,2022-09-02,DIVISLAB,A,3620.0,3620.0,3575.1,3601.95,3599.05,4085,51978,187274041.0
2022-09-02,2022-09-02,ASTRAMICRO,A,347.55,358.9,343.85,354.8,350.1,1800,59108,20730922.0
2022-09-02,2022-09-02,RADICO,A,1036.6,1051.0,1022.0,1027.9,1036.6,885,6075,6274241.0
2022-09-02,2022-09-02,SHRMCITYUN,A,1855.7,1887.25,1851.65,1869.75,1877.25,353,1226,2292606.0
2022-09-02,2022-09-02,MARUTI,A,9027.0,9147.05,8903.2,8920.1,9027.95,4049,20045,181043728.0
2022-09-02,2022-09-02,RAJPALAYAM,X,864.9,871.0,842.0,862.7,859.0,95,3284,2825819.0
2022-09-02,2022-09-02,NAVINFLUOR,A,4350.0,4378.8,4250.85,4269.75,4323.45,771,2774,11916985.0
2022-09-02,2022-09-02,UCOBANK,A,11.92,12.1,11.91,11.95,12.03,883,607757,7312152.0
2022-09-02,2022-09-02,BAGFILMS,B,8.2,8.3,7.61,7.61,8.01,432,355634,2837430.0
2022-09-02,2022-09-02,JSL,A,131.05,132.0,127.7,128.95,130.0,2064,108232,13976186.0
2022-09-02,2022-09-02,SUPRAJIT,A,343.0,345.65,335.0,338.25,341.75,1228,36786,12521394.0
2022-09-02,2022-09-02,TVSELECT,B,325.0,333.0,305.9,308.55,319.55,1768,33491,10777065.0
2022-09-02,2022-09-02,IGL,B,416.1,430.0,416.0,418.1,415.7,3978,119721,50629939.0
2022-09-02,2022-09-02,TVTODAY,A,285.4,291.5,283.6,288.5,283.85,410,3509,1007245.0
2022-09-02,2022-09-02,PALREDTEC,B,137.75,138.95,135.0,136.0,135.2,46,782,106718.0
2022-09-02,2022-09-02,PETRONET,A,219.5,220.95,215.3,216.4,219.55,673,18979,4132525.0
2022-09-02,2022-09-02,BIOCON,A,301.25,304.25,294.0,295.6,301.65,6665,192179,57259177.0
2022-09-02,2022-09-02,PTC,A,85.5,86.8,84.15,84.7,84.7,1779,119875,10268455.0
2022-09-02,2022-09-02,MAHABANK,A,18.2,18.35,17.95,17.95,18.15,313,167709,3029555.0
2022-09-02,2022-09-02,RKFORGE,A,212.0,212.0,204.75,206.35,207.85,1731,74462,15480681.0
2022-09-02,2022-09-02,DATAMATICS,B,305.95,338.6,304.85,331.1,301.35,6134,150430,48861679.0
2022-09-02,2022-09-02,NDTV,B,515.1,515.1,515.1,515.1,490.6,51,1411,726806.0
2022-09-02,2022-09-02,STAR,A,334.0,335.3,324.55,329.9,332.8,982,14815,4896073.0
2022-09-02,2022-09-02,JPASSOCIAT,A,8.75,10.33,8.74,9.42,8.61,15705,26580150,260317732.0
2022-09-02,2022-09-02,ULTRACEMCO,A,6635.0,6663.7,6549.2,6577.6,6624.9,2359,17662,116855969.0
2022-09-02,2022-09-02,UNOMINDA,A,565.25,573.0,564.4,570.6,564.05,618,9928,5649798.0
2022-09-02,2022-09-02,TCS,A,3160.0,3161.4,3121.5,3129.65,3131.55,8089,108411,340435813.0
2022-09-02,2022-09-02,COFORGE,A,3510.05,3543.1,3461.3,3468.35,3501.35,2655,12552,43817544.0
2022-09-02,2022-09-02,GULFPETRO,B,63.55,64.4,62.0,62.5,63.85,1344,406722,25705749.0
2022-09-02,2022-09-02,CENTURYPLY,A,667.0,675.0,661.2,667.15,669.85,1217,12047,8030680.0
2022-09-02,2022-09-02,WELENT,B,117.1,122.0,116.5,118.85,116.4,1842,104338,12507694.0
2022-09-02,2022-09-02,NTPC,A,162.7,166.35,161.3,161.7,160.6,7967,1444005,236014710.0
2022-09-02,2022-09-02,SALSTEEL,B,8.99,8.99,8.14,8.23,8.21,135,33254,274752.0
2022-09-02,2022-09-02,JBMA,B,411.0,419.05,406.55,409.85,410.05,749,7442,3075061.0
2022-09-02,2022-09-02,DWARKESH,A,100.65,101.25,98.7,100.65,99.5,1801,176557,17666724.0
2022-09-02,2022-09-02,INDOCO,A,359.3,366.4,357.05,364.8,357.3,403,3575,1297449.0
2022-09-02,2022-09-02,VIPCLOTHNG,B,28.65,29.0,28.0,28.65,28.35,288,51815,1480811.0
2022-09-02,2022-09-02,IMPEXFERRO,T,4.95,5.25,4.87,4.93,5.12,182,55156,274785.0
2022-09-02,2022-09-02,XCHANGING,B,78.15,78.55,76.35,76.5,78.1,278,11079,856623.0
2022-09-02,2022-09-02,JETAIRWAYS,Z,100.25,102.8,100.25,101.95,101.65,192,14093,1440042.0
2022-09-02,2022-09-02,MORARJEE,B,21.2,21.45,19.8,21.25,20.45,37,5593,115347.0
2022-09-02,2022-09-02,JINDALPHOT,B,294.0,298.0,281.1,287.3,284.3,68,1566,449364.0
2022-09-02,2022-09-02,POCL,X,989.0,997.0,930.0,941.85,977.4,3298,55401,53568720.0
2022-09-02,2022-09-02,JPPOWER,A,8.05,8.75,8.01,8.34,7.97,15810,59465272,498031304.0
2022-09-02,2022-09-02,3IINFOLTD,B,47.6,49.45,46.85,47.7,46.9,2513,199387,9638517.0
2022-09-02,2022-09-02,MBECL,T,3.22,3.53,3.21,3.53,3.37,309,192373,638988.0
2022-09-02,2022-09-02,GOKEX,A,364.1,371.7,347.55,348.3,366.0,1489,28277,10078042.0
2022-09-02,2022-09-02,ALLDIGI,B,526.0,526.0,517.5,522.35,522.4,103,1766,920752.0
2022-09-02,2022-09-02,IIFL,A,348.75,348.8,340.3,343.35,344.8,1427,33081,11402550.0
2022-09-02,2022-09-02,MANGALAM,B,145.0,146.0,139.65,145.15,143.3,203,12243,1750618.0
2022-09-02,2022-09-02,SHOPERSTOP,A,622.05,630.0,617.7,622.1,625.35,456,5806,3622615.0
2022-09-02,2022-09-02,CYBERMEDIA,B,16.95,17.45,16.4,17.1,16.95,10,1074,17733.0
2022-09-02,2022-09-02,NDL,B,30.7,31.7,30.45,30.85,30.7,464,37207,1154113.0
2022-09-02,2022-09-02,JSWHL,A,3633.85,3695.0,3554.3,3630.85,3572.5,30,82,299855.0
2022-09-02,2022-09-02,JKCEMENT,A,2695.55,2737.65,2677.4,2703.4,2692.15,853,3124,8482892.0
2022-09-02,2022-09-02,BEEYU,X,2.9,2.9,2.85,2.9,2.9,36,9015,25871.0
2022-09-02,2022-09-02,YESBANK,A,16.4,16.5,16.2,16.25,16.38,13462,7229157,117655767.0
2022-09-02,2022-09-02,NECLIFE,B,22.9,24.55,22.9,24.15,22.8,551,102454,2456336.0
2022-09-02,2022-09-02,MSPL,B,9.6,9.6,9.4,9.5,9.48,249,131876,1249212.0
2022-09-02,2022-09-02,SPLIL,B,65.7,65.7,61.7,62.1,64.9,244,6688,421516.0
2022-09-02,2022-09-02,KTKBANK,A,75.85,75.85,73.1,73.65,74.8,1418,112565,8351902.0
2022-09-02,2022-09-02,MCLEODRUSS,B,25.0,25.8,24.25,24.6,24.5,1028,228524,5725142.0
2022-09-02,2022-09-02,FACORALL,X,8.1,8.1,7.85,7.88,7.96,1299,301716,2390509.0
2022-09-02,2022-09-02,IDFC,A,69.0,69.25,67.7,67.95,68.3,1621,318160,21794487.0
2022-09-02,2022-09-02,VIVIMEDLAB,B,9.61,9.97,9.61,9.71,9.67,69,28494,278456.0
2022-09-02,2022-09-02,RML,B,385.85,386.0,376.8,378.95,385.5,128,1451,550535.0
2022-09-02,2022-09-02,HTMEDIA,B,22.3,22.3,20.75,21.1,20.9,297,57384,1221373.0
2022-09-02,2022-09-02,SASKEN,A,822.3,827.85,816.0,817.75,827.1,117,318,260634.0
2022-09-02,2022-09-02,FCSSOFT,B,3.09,3.09,3.0,3.01,3.11,2394,2998148,9053910.0
2022-09-02,2022-09-02,SUZLON,A,8.92,9.21,8.75,8.81,8.83,19580,44022702,395553149.0
2022-09-02,2022-09-02,AURIONPRO,B,334.85,338.35,325.0,326.3,333.35,263,1393,460479.0
2022-09-02,2022-09-02,RENUKA,A,48.15,48.9,47.3,47.75,47.6,3961,977890,47102605.0
2022-09-02,2022-09-02,KMSUGAR,B,28.5,29.4,27.6,27.9,28.1,267,42274,1186645.0
2022-09-02,2022-09-02,BASML,B,60.0,61.9,59.7,60.15,59.4,431,15054,911030.0
2022-09-02,2022-09-02,PBAINFRA,B,13.1,13.88,13.1,13.3,13.52,51,4949,67474.0
2022-09-02,2022-09-02,AIAENG,A,2615.0,2617.8,2551.0,2595.05,2624.6,983,2690,6941991.0
2022-09-02,2022-09-02,EKC,A,117.5,121.9,116.25,118.5,117.2,2742,103228,12293732.0
2022-09-02,2022-09-02,KERNEX,T,248.9,248.9,248.9,248.9,237.05,13,767,190906.0
2022-09-02,2022-09-02,REPRO,B,476.8,481.0,463.15,479.5,473.9,116,1054,502143.0
2022-09-02,2022-09-02,PVRINOX,A,1860.05,1885.0,1851.65,1857.7,1854.95,3213,31022,57957550.0
2022-09-02,2022-09-02,RMCL,Z,2.69,2.69,2.69,2.69,2.57,28,72642,195406.0
2022-09-02,2022-09-02,PUNJLLOYD,Z,2.05,2.05,2.05,2.05,1.96,142,340425,697871.0
2022-09-02,2022-09-02,ASMS,Z,4.09,4.09,3.91,4.06,4.1,28,10414,41523.0
2022-09-02,2022-09-02,CELEBRITY,B,20.9,22.95,20.0,20.9,19.51,1387,300971,6638777.0
2022-09-02,2022-09-02,EDUCOMP,Z,3.06,3.12,3.02,3.09,3.13,86,57292,175145.0
2022-09-02,2022-09-02,NITINSPIN,B,224.35,224.55,220.1,221.1,223.35,1362,24043,5340207.0
2022-09-02,2022-09-02,ROHLTD,B,228.75,270.2,228.75,264.9,227.1,3272,63226,16323761.0
2022-09-02,2022-09-02,CELLA,Z,7.4,7.58,6.9,6.9,7.22,31,24698,172813.0
2022-09-02,2022-09-02,GSPL,A,242.25,242.65,236.0,237.5,239.95,551,10649,2548623.0
2022-09-02,2022-09-02,JAGRAN,B,63.3,64.65,61.85,64.35,63.15,618,19742,1244084.0
2022-09-02,2022-09-02,INOXLEISURE,A,506.0,510.95,502.55,504.8,506.95,2369,46005,23306236.0
2022-09-02,2022-09-02,DYNPRO,B,357.9,357.9,343.9,348.85,353.15,531,5311,1853222.0
2022-09-02,2022-09-02,GVKPIL,B,4.59,4.59,4.4,4.59,4.18,1703,8138770,37185231.0
2022-09-02,2022-09-02,SADBHAV,B,14.45,14.69,14.35,14.58,14.45,288,144721,2103517.0
2022-09-02,2022-09-02,SAKUMA,B,16.2,16.85,16.0,16.05,16.36,225,41578,674189.0
2022-09-02,2022-09-02,KEC,A,411.7,412.25,400.5,402.6,410.3,1079,16980,6858539.0
2022-09-02,2022-09-02,GILLANDERS,B,77.0,79.0,73.3,73.75,76.75,301,10546,815197.0
2022-09-02,2022-09-02,INDOTECH,B,175.55,191.05,175.55,190.7,177.6,97,1883,347419.0
2022-09-02,2022-09-02,BLKASHYAP,B,25.3,26.3,25.0,26.2,25.35,439,56783,1477597.0
2022-09-02,2022-09-02,M&MFIN,A,208.5,212.0,206.4,208.9,206.8,2118,140758,29505426.0
2022-09-02,2022-09-02,VISACHROME,B,13.4,14.02,13.4,13.48,13.63,39,4161,57401.0
2022-09-02,2022-09-02,NITCO,B,23.15,23.95,23.1,23.55,23.7,137,6228,145404.0
2022-09-02,2022-09-02,MPDL,XT,17.25,18.1,17.2,18.05,17.25,12,881,15868.0
2022-09-02,2022-09-02,SOLARINDS,A,3321.35,3383.4,3282.0,3333.4,3326.35,519,1617,5365338.0
2022-09-02,2022-09-02,GALLANTT,T,63.75,65.8,63.0,65.75,63.4,156,15097,977760.0
2022-09-02,2022-09-02,MALUPAPER,B,37.65,37.65,35.65,35.75,37.15,103,7196,262766.0
2022-09-02,2022-09-02,UTTAMSUGAR,B,274.9,276.7,267.8,269.5,273.75,1807,31027,8456881.0
2022-09-02,2022-09-02,SGL,B,25.8,26.1,25.55,26.0,25.5,27,1344,34846.0
2022-09-02,2022-09-02,KKCL,B,426.4,440.0,417.4,419.95,423.7,1720,36286,15672096.0
2022-09-02,2022-09-02,SUNTV,A,501.05,531.25,501.05,518.55,501.2,3274,75774,39128096.0
2022-09-02,2022-09-02,GPIL,A,292.5,295.6,288.2,288.85,294.05,763,23587,6871793.0
2022-09-02,2022-09-02,RSYSTEMS,B,226.7,231.6,226.0,229.1,230.25,360,7656,1745642.0
2022-09-02,2022-09-02,EMKAY,B,86.4,86.4,83.6,84.9,84.9,84,1961,167135.0
2022-09-02,2022-09-02,TICL,Z,11.9,11.91,11.85,11.91,11.35,13,6887,81941.0
2022-09-02,2022-09-02,LOKESHMACH,B,129.0,140.0,129.0,140.0,127.3,1736,171486,23405771.0
2022-09-02,2022-09-02,KAMDHENU,B,289.7,291.0,260.0,271.85,288.85,1800,67374,18375892.0
2022-09-02,2022-09-02,PAUSHAKLTD,B,9520.0,9520.0,9475.2,9485.55,9526.1,383,878,8333906.0
2022-09-02,2022-09-02,GTNTEX,X,14.42,14.42,13.75,14.0,13.75,31,2923,41467.0
2022-09-02,2022-09-02,INDICAP,X,29.85,29.85,27.45,28.0,27.85,167,12453,348656.0
2022-09-02,2022-09-02,PFOCUS,B,75.0,81.95,71.9,80.15,74.5,807,84887,6598594.0
2022-09-02,2022-09-02,ALLCARGO,A,368.0,369.75,345.65,349.5,366.65,3254,110474,39545355.0
2022-09-02,2022-09-02,EASUNREYRL,Z,2.45,2.57,2.44,2.49,2.55,13,16116,39446.0
2022-09-02,2022-09-02,GMRAIRPORT,A,38.65,40.7,38.0,39.55,38.4,4798,1514206,60041005.0
2022-09-02,2022-09-02,TECHM,A,1054.15,1066.4,1047.05,1056.45,1053.5,6724,90681,95868952.0
2022-09-02,2022-09-02,CIEINDIA,A,277.1,282.5,272.9,273.5,280.15,1217,33715,9285611.0
2022-09-02,2022-09-02,VOLTAMP,B,2839.0,2839.0,2751.0,2759.5,2806.7,578,1771,4916865.0
2022-09-02,2022-09-02,ATLANTAA,B,22.2,22.3,20.3,20.3,20.93,325,49936,1049550.0
2022-09-02,2022-09-02,DEEPENR,B,100.0,100.8,96.35,98.2,98.6,247,16684,1663713.0
2022-09-02,2022-09-02,HGM,B,60.1,62.0,59.9,60.8,60.3,33,1439,87599.0
2022-09-02,2022-09-02,ACE,A,268.35,300.75,268.35,287.8,264.4,10962,468841,134837631.0
2022-09-02,2022-09-02,GEECEE,B,147.9,149.5,145.65,145.85,147.2,78,418,61747.0
2022-09-02,2022-09-02,RICHAIND,Z,2.21,2.21,2.01,2.01,2.11,48,8387,17135.0
2022-09-02,2022-09-02,GAYAPROJ,B,13.48,13.75,13.3,13.39,13.47,666,181191,2451279.0
2022-09-02,2022-09-02,FIEMIND,B,1493.0,1519.75,1473.95,1502.0,1492.1,640,3575,5325230.0
2022-09-02,2022-09-02,JHS,B,25.0,28.1,24.5,25.8,23.45,2340,781506,21195247.0
2022-09-02,2022-09-02,DCBBANK,A,92.95,95.0,92.25,92.65,94.15,1210,91333,8504319.0
2022-09-02,2022-09-02,GLOBALVECT,B,56.75,57.9,54.25,54.35,56.05,108,3556,198741.0
2022-09-02,2022-09-02,INSPIRISYS,T,57.3,60.0,57.3,59.0,57.3,7,691,41009.0
2022-09-02,2022-09-02,GTLINFRA,A,1.32,1.33,1.3,1.31,1.32,21073,22882590,30021484.0
2022-09-02,2022-09-02,SHIVAMAUTO,B,43.1,45.05,43.1,44.75,42.95,401,51562,2303753.0
2022-09-02,2022-09-02,NAUKRI,A,4281.0,4322.9,4244.25,4251.0,4258.5,3058,13454,57521953.0
2022-09-02,2022-09-02,TORNTPOWER,A,580.95,588.7,575.1,577.15,582.65,732,9141,5324764.0
2022-09-02,2022-09-02,PARSVNATH,B,7.8,7.81,7.41,7.52,7.67,196,110669,845074.0
2022-09-02,2022-09-02,SUTLEJTEX,B,74.5,74.6,73.0,74.0,74.4,97,10407,766943.0
2022-09-02,2022-09-02,LTFOODS,A,94.25,95.25,93.45,93.75,94.2,1668,214078,20189379.0
2022-09-02,2022-09-02,SOBHA,A,698.9,709.7,696.85,703.75,697.95,826,12316,8687100.0
2022-09-02,2022-09-02,RUCHIRA,B,151.2,152.7,144.4,146.3,151.05,1204,40381,5964026.0
2022-09-02,2022-09-02,TANLA,A,722.0,754.0,710.0,741.95,721.7,10193,159608,117857398.0
2022-09-02,2022-09-02,ZEEMEDIA,B,18.75,20.7,18.5,19.6,18.35,2770,1482420,29518276.0
2022-09-02,2022-09-02,SITINET,B,1.71,1.74,1.68,1.69,1.66,733,2306486,3969683.0
2022-09-02,2022-09-02,LUMAXTECH,B,266.95,280.95,264.75,277.3,263.05,2472,82919,22818842.0
2022-09-02,2022-09-02,AUTOIND,B,76.75,76.85,71.55,72.75,75.85,244,9706,707894.0
2022-09-02,2022-09-02,NETWORK18,A,73.75,73.75,71.35,71.7,73.3,900,99386,7179151.0
2022-09-02,2022-09-02,HUBTOWN,B,124.0,126.9,115.0,115.0,121.05,2232,122427,14678868.0
2022-09-02,2022-09-02,TV18BRDCST,A,43.25,43.35,41.3,41.55,42.8,1794,414182,17510450.0
2022-09-02,2022-09-02,CTE,B,74.3,78.55,74.3,75.9,75.95,354,12035,927652.0
2022-09-02,2022-09-02,TIIL,B,920.5,925.0,899.95,920.0,908.65,75,467,422780.0
2022-09-02,2022-09-02,REDINGTON,A,149.4,150.65,146.85,147.55,148.8,1812,146155,21647054.0
2022-09-02,2022-09-02,AICHAMP,XT,18.9,19.7,18.1,18.95,18.9,8,534,9918.0
2022-09-02,2022-09-02,CINELINE,B,130.35,132.6,130.0,130.5,132.35,66,2307,301602.0
2022-09-02,2022-09-02,PGIL,B,603.45,603.45,570.0,577.85,595.6,607,4343,2521140.0
2022-09-02,2022-09-02,FSL,A,105.9,106.55,104.35,104.6,105.45,2332,163108,17165036.0
2022-09-02,2022-09-02,PFC,A,117.55,118.8,115.6,115.85,117.55,3812,1360878,158045614.0
2022-09-02,2022-09-02,AHLUCONT,A,445.35,445.35,432.7,434.15,436.7,30,174,75487.0
2022-09-02,2022-09-02,TFL,B,11.5,11.5,10.93,11.1,11.5,22,6193,68856.0
2022-09-02,2022-09-02,CCCONSTR,Z,3.5,3.5,3.5,3.5,3.35,7,5500,19250.0
2022-09-02,2022-09-02,INDIANB,A,193.55,196.0,190.45,191.7,193.6,1275,59607,11491410.0
2022-09-02,2022-09-02,SMSPHARMA,B,82.4,82.85,80.35,81.05,81.4,68,1992,163824.0
2022-09-02,2022-09-02,ORIENTALTL,B,16.15,16.8,15.8,15.95,16.5,165,18416,299587.0
2022-09-02,2022-09-02,MINDTREELTD,A,3250.0,3269.35,3203.05,3210.65,3227.2,3821,24280,78562131.0
2022-09-02,2022-09-02,ELAND,X,7.82,7.83,7.16,7.76,7.46,145,38537,299008.0
2022-09-02,2022-09-02,IDEA,A,9.1,9.19,8.95,8.97,9.09,72928,19463825,175920715.0
2022-09-02,2022-09-02,JAGJANANI,X,2.23,2.23,2.23,2.23,2.13,7,4027,8980.0
2022-09-02,2022-09-02,RAJTV,T,46.55,47.85,46.55,46.55,45.8,10,215,10244.0
2022-09-02,2022-09-02,PAGEIND,A,50700.0,50700.0,49851.45,49922.05,50670.2,204,271,13636898.0
2022-09-02,2022-09-02,AMDIND,B,91.5,92.45,90.1,92.45,88.05,52,5284,487433.0
2022-09-02,2022-09-02,LEHAR,X,57.75,58.55,53.4,55.7,58.5,225,27058,1520534.0
2022-09-02,2022-09-02,ASTRAL,A,2190.0,2324.95,2187.15,2316.3,2180.3,7249,51482,118074686.0
2022-09-02,2022-09-02,EMBDL,A,89.5,89.5,86.4,87.2,88.3,2599,432486,37862565.0
2022-09-02,2022-09-02,CAMLINFINE,A,131.8,133.2,129.0,130.3,132.0,1026,25835,3372110.0
2022-09-02,2022-09-02,ICRA,A,3755.0,3802.3,3711.0,3744.1,3799.7,37,100,376709.0
2022-09-02,2022-09-02,DISHTV,A,14.4,15.2,13.89,14.19,14.34,3806,2749580,39847998.0
2022-09-02,2022-09-02,SAHYADRI,X,435.0,441.0,430.5,434.15,435.35,148,4072,1773213.0
2022-09-02,2022-09-02,SRHHYPOLTD,B,817.9,817.9,771.6,773.4,792.35,1056,9633,7573879.0
2022-09-02,2022-09-02,FORTIS,A,296.8,298.0,289.25,291.55,294.65,1278,28534,8390063.0
2022-09-02,2022-09-02,TGBHOTELS,B,10.2,11.55,10.2,11.2,10.85,92,20789,233163.0
2022-09-02,2022-09-02,HILTON,B,60.15,63.0,58.5,59.45,61.55,588,82846,5066590.0
2022-09-02,2022-09-02,DELTACORP,A,211.0,217.0,209.15,211.05,208.25,7017,432296,92268875.0
2022-09-02,2022-09-02,INSECTICID,B,1000.0,1010.0,990.15,993.9,1002.45,587,4768,4761387.0
2022-09-02,2022-09-02,ASAHISONG,B,294.05,315.0,292.4,308.7,295.55,310,5738,1778885.0
2022-09-02,2022-09-02,HARYNACAP,X,76.95,78.0,73.85,74.85,72.4,19,640,48132.0
2022-09-02,2022-09-02,TIMETECHNO,A,122.8,125.9,118.8,122.7,121.0,3563,420008,51457503.0
2022-09-02,2022-09-02,HGS,A,1488.0,1488.0,1417.0,1424.55,1484.5,2649,18390,26896898.0
2022-09-02,2022-09-02,NELCAST,B,79.7,80.25,77.5,77.65,78.3,304,5777,452603.0
2022-09-02,2022-09-02,V2RETAIL,B,113.65,115.0,113.2,114.55,113.65,158,4445,508142.0
2022-09-02,2022-09-02,DLF,A,400.0,405.95,393.85,394.9,398.55,8122,413346,165412764.0
2022-09-02,2022-09-02,TARMAT,B,59.4,61.8,58.3,59.0,58.9,148,15064,897832.0
2022-09-02,2022-09-02,ANKITMETAL,T,6.14,6.14,5.95,6.0,6.01,83,24777,149994.0
2022-09-02,2022-09-02,SPARC,A,231.85,233.9,225.2,226.75,230.25,628,23540,5372075.0
2022-09-02,2022-09-02,HDIL,Z,5.81,6.15,5.81,5.92,5.99,371,190489,1130565.0
2022-09-02,2022-09-02,ADSL,B,113.95,113.95,109.85,111.25,113.25,1591,39023,4348335.0
2022-09-02,2022-09-02,ALPA,B,62.4,62.65,61.05,62.55,62.8,69,2600,161145.0
2022-09-02,2022-09-02,SSLEL,X,160.0,161.25,153.0,153.4,156.2,49,1218,192431.0
2022-09-02,2022-09-02,OMAXE,B,99.0,99.45,96.1,97.0,98.7,141,4517,442962.0
2022-09-02,2022-09-02,REFEX,B,144.85,145.25,136.75,138.15,142.75,545,33512,4714120.0
2022-09-02,2022-09-02,CENTRALBK,A,19.35,19.5,19.0,19.1,19.35,441,189006,3632026.0
2022-09-02,2022-09-02,ASIANTILES,B,66.7,67.95,65.1,66.65,65.6,2242,139478,9326145.0
2022-09-02,2022-09-02,KPRMILL,A,609.8,609.8,586.0,591.9,601.25,1381,15921,9442995.0
2022-09-02,2022-09-02,TAKE,B,25.9,27.5,25.65,26.65,25.7,934,130766,3518896.0
2022-09-02,2022-09-02,PURVA,A,103.0,112.0,103.0,108.55,104.55,1899,53408,5806972.0
2022-09-02,2022-09-02,MOTILALOFS,A,770.1,772.75,768.9,771.2,769.5,240,1062,818821.0
2022-09-02,2022-09-02,VTMLTD,X,55.7,55.7,53.1,54.25,54.05,112,9463,512511.0
2022-09-02,2022-09-02,INDOWIND,T,16.0,16.33,14.86,16.3,15.56,353,106987,1699182.0
2022-09-02,2022-09-02,MAGNUM,B,14.85,14.85,13.8,14.05,14.37,136,30610,442899.0
2022-09-02,2022-09-02,POWERGRID,A,226.3,228.75,223.85,224.2,226.15,3030,156278,35259426.0
2022-09-02,2022-09-02,KSCL,A,455.05,456.2,448.1,448.9,454.35,1266,10731,4839622.0
2022-09-02,2022-09-02,PAISALO,A,72.65,76.5,72.65,74.55,72.65,608,21951,1626797.0
2022-09-02,2022-09-02,CCCL,T,1.79,1.84,1.75,1.8,1.78,219,122979,220011.0
2022-09-02,2022-09-02,SUPREMEINF,T,35.45,35.45,32.15,35.45,33.8,118,33393,1119363.0
2022-09-02,2022-09-02,MAANALU,B,157.65,157.65,153.1,155.45,158.45,209,2156,337859.0
2022-09-02,2022-09-02,IL&FSENGG,Z,13.1,13.73,12.51,13.28,13.1,40,18800,240337.0
2022-09-02,2022-09-02,PARLEIND,X,8.09,8.09,7.86,7.95,8.0,489,35657,284819.0
2022-09-02,2022-09-02,RELIGARE,A,156.95,158.55,146.15,153.55,151.9,3394,135159,20546822.0
2022-09-02,2022-09-02,BVCL,T,25.0,25.8,24.8,24.8,25.45,10,2311,57526.0
2022-09-02,2022-09-02,RATHIBAR,X,27.0,28.75,27.0,28.15,27.2,106,22690,634966.0
2022-09-02,2022-09-02,ADANIPORTS,A,842.8,861.0,838.0,851.55,837.8,6573,269110,229207356.0
2022-09-02,2022-09-02,EDELWEISS,A,59.05,61.45,59.05,60.05,60.1,1939,192025,11648667.0
2022-09-02,2022-09-02,RGL,B,122.0,122.0,118.55,119.4,122.25,668,20649,2495993.0
2022-09-02,2022-09-02,KOLTEPATIL,A,321.0,321.0,312.2,315.5,308.9,825,29168,9192971.0
2022-09-02,2022-09-02,KAUSHALYA,B,4.05,4.07,3.9,4.07,4.02,22,2257,8887.0
2022-09-02,2022-09-02,JYOTHYLAB,A,190.0,191.0,186.65,189.15,186.45,775,18841,3549525.0
2022-09-02,2022-09-02,ECLERX,A,2111.3,2172.7,2111.3,2154.85,2118.05,437,1381,2965590.0
2022-09-02,2022-09-02,TARIL,B,37.75,42.4,37.75,40.05,38.25,1555,96305,3925431.0
2022-09-02,2022-09-02,BRIGADE,A,509.45,525.0,509.45,520.55,515.5,670,10374,5410363.0
2022-09-02,2022-09-02,BGRENERGY,B,77.65,84.7,77.65,81.6,79.5,679,42273,3481054.0
2022-09-02,2022-09-02,BURNPUR,T,5.2,5.3,5.12,5.28,5.32,171,49820,260416.0
2022-09-02,2022-09-02,MANAKSIA,B,78.5,79.3,77.1,77.35,77.7,172,6586,511776.0
2022-09-02,2022-09-02,PORWAL,X,22.5,22.5,21.0,21.45,22.1,94,15055,323232.0
2022-09-02,2022-09-02,PPAP,B,236.65,242.0,229.2,237.75,230.55,116,3626,864349.0
2022-09-02,2022-09-02,ARIES,B,137.8,139.45,136.9,137.85,138.5,125,1949,269224.0
2022-09-02,2022-09-02,KUANTUM,B,103.7,110.0,97.0,105.5,99.2,488,41451,4326773.0
2022-09-02,2022-09-02,RPOWER,A,21.05,23.75,20.25,21.2,20.28,72139,63679229,1406020237.0
2022-09-02,2022-09-02,JKIL,B,294.2,301.0,287.15,290.65,294.8,1777,37583,10999744.0
2022-09-02,2022-09-02,CORDSCABLE,B,63.8,67.35,62.6,65.0,63.25,351,10321,675415.0
2022-09-02,2022-09-02,KNRCON,A,255.0,262.1,255.0,256.0,257.25,663,12134,3141273.0
2022-09-02,2022-09-02,ONMOBILE,A,124.45,131.75,124.45,126.6,124.45,2267,111891,14438028.0
2022-09-02,2022-09-02,SEPC,B,8.99,9.39,8.55,8.76,8.71,410,439276,3955364.0
2022-09-02,2022-09-02,BANG,B,46.1,47.4,45.5,45.9,46.35,176,5948,274039.0
2022-09-02,2022-09-02,IRB,A,235.0,241.05,233.2,234.0,234.55,1140,42638,10065558.0
2022-09-02,2022-09-02,GSS,B,215.1,220.0,215.1,215.5,215.55,60,634,136815.0
2022-09-02,2022-09-02,NAHARCAP,B,391.3,391.3,374.1,376.95,381.5,72,1388,526137.0
2022-09-02,2022-09-02,VGUARD,A,233.9,248.0,228.45,242.9,229.05,1063,18712,4453597.0
2022-09-02,2022-09-02,RECLTD,A,107.65,108.3,106.7,107.1,107.4,1254,112296,12078037.0
2022-09-02,2022-09-02,GOKAKTEX,XT,30.4,30.4,28.15,28.15,29.0,2,204,6192.0
2022-09-02,2022-09-02,AJRINFRA,B,1.5,1.54,1.48,1.51,1.5,213,678386,1026359.0
2022-09-02,2022-09-02,DHANI,A,69.2,72.0,69.2,70.05,68.75,5874,782036,55463758.0
2022-09-02,2022-09-02,TITAGARH,A,168.45,169.05,162.95,165.05,165.45,1789,126004,20823171.0
2022-09-02,2022-09-02,KIRIINDUS,A,495.65,518.75,490.35,508.6,495.25,1745,21366,10820970.0
2022-09-02,2022-09-02,SANKHYAINFO,X,7.17,7.39,6.91,7.21,7.08,247,68249,490710.0
2022-09-02,2022-09-02,BIRLAMONEY,B,60.0,60.95,58.35,58.75,59.15,214,10205,604605.0
2022-09-02,2022-09-02,TELOGICA,Z,3.7,3.7,3.7,3.7,3.53,7,1353,5006.0
2022-09-02,2022-09-02,JAIBALAJI,B,47.5,50.05,47.5,47.95,47.75,180,8310,408833.0
2022-09-02,2022-09-02,BAJAJ-AUTO,A,4074.0,4101.6,4026.2,4031.8,4074.95,2570,26496,106915161.0
2022-09-02,2022-09-02,BAJAJFINSV,A,17655.0,17837.1,17251.0,17331.15,17404.0,6621,23447,409078163.0
2022-09-02,2022-09-02,GOKUL,B,30.45,31.45,30.45,30.9,31.05,111,5019,155495.0
2022-09-02,2022-09-02,RPGLIFE,B,792.0,800.35,770.55,774.45,779.95,2541,28908,22642002.0
2022-09-02,2022-09-02,SENSEX1,A,63.95,63.98,61.81,62.63,62.69,89,1582,99235.0
2022-09-02,2022-09-02,NIRAJ,B,29.3,29.3,28.7,29.1,29.15,25,497,14471.0
2022-09-02,2022-09-02,RBL,B,738.75,738.8,722.55,731.55,732.4,50,262,191630.0
2022-09-02,2022-09-02,RANEENGINE,B,251.0,251.0,243.1,246.0,252.85,26,83,20481.0
2022-09-02,2022-09-02,BAFNAPH,T,112.95,117.75,112.0,117.3,115.95,9,264,29837.0
2022-09-02,2022-09-02,CHLLTD,X,15.2,16.55,15.2,16.0,15.9,6,1706,27350.0
2022-09-02,2022-09-02,SEJALLTD,T,219.95,219.95,205.2,205.2,216.0,66,750,155162.0
2022-09-02,2022-09-02,ARCHIDPLY,B,101.1,105.05,96.25,97.8,100.1,1099,47011,4733375.0
2022-09-02,2022-09-02,LOTUSEYE,B,65.0,67.0,63.55,64.85,64.8,60,3369,218703.0
2022-09-02,2022-09-02,SOMICONVEY,B,61.8,61.8,54.0,58.5,57.75,817,62394,3579081.0
2022-09-02,2022-09-02,LGBFORGE,B,10.4,10.79,10.4,10.51,10.59,88,29188,308848.0
2022-09-02,2022-09-02,LPDC,B,6.8,7.4,6.6,6.8,6.9,80,19415,137775.0
2022-09-02,2022-09-02,SICAGEN,X,36.1,36.1,34.3,34.3,36.1,270,74640,2583894.0
2022-09-02,2022-09-02,SIMPLXMIL,X,35.0,35.0,35.0,35.0,30.0,2,6,210.0
2022-09-02,2022-09-02,SIMPLXPAP,X,30.7,30.7,28.35,29.55,29.8,111,13366,390654.0
2022-09-02,2022-09-02,20MICRONS,B,109.25,110.5,105.9,106.3,108.75,751,20927,2254514.0
2022-09-02,2022-09-02,ZFCVINDIA,A,9600.0,9799.8,9445.0,9691.05,9506.1,354,502,4807344.0
2022-09-02,2022-09-02,ALKALI,B,89.0,94.0,89.0,93.3,91.8,171,4374,405523.0
2022-09-02,2022-09-02,ISGEC,A,484.85,488.8,476.05,478.85,483.65,303,1195,574096.0
2022-09-02,2022-09-02,IMFA,B,270.0,271.1,266.35,267.45,269.7,493,6021,1617911.0
2022-09-02,2022-09-02,VEDAVAAG,X,50.25,50.8,49.1,49.45,49.65,148,15745,779493.0
2022-09-02,2022-09-02,MANJEERA,X,32.0,33.45,32.0,33.45,31.9,8,1672,55493.0
2022-09-02,2022-09-02,MOLDTKPAC,B,950.0,952.6,938.35,946.7,943.6,870,5867,5551558.0
2022-09-02,2022-09-02,MHRIL,A,266.0,285.5,262.05,283.95,264.6,6319,232824,64723382.0
2022-09-02,2022-09-02,LANDSMILL,B,8.41,8.8,8.41,8.53,8.56,90,49971,428514.0
2022-09-02,2022-09-02,ROML,T,60.85,63.1,60.0,63.05,60.1,61,7706,475178.0
2022-09-02,2022-09-02,BENGALASM,B,2833.8,2833.85,2755.0,2770.85,2798.7,74,309,859894.0
2022-09-02,2022-09-02,ADANIPOWER,T,409.35,415.0,399.75,400.95,408.8,19795,692557,279926435.0
2022-09-02,2022-09-02,NHPC,A,37.85,40.4,37.65,38.9,37.5,7720,4319989,168957307.0
2022-09-02,2022-09-02,SURYAAMBA,X,194.95,205.65,192.1,203.15,192.2,34,3612,710884.0
2022-09-02,2022-09-02,GLOBUSSPR,A,888.0,890.0,872.25,875.05,880.2,2052,21614,18991432.0
2022-09-02,2022-09-02,OIL,A,191.3,193.5,190.25,190.75,192.45,1558,71945,13788819.0
2022-09-02,2022-09-02,SWANDEF,Z,3.35,3.36,3.3,3.36,3.2,253,643196,2160204.0
2022-09-02,2022-09-02,BTTL,X,17.55,19.4,17.55,18.05,18.0,96,12441,226374.0
2022-09-02,2022-09-02,SPSL,X,21.75,24.5,21.75,22.25,23.4,23,1068,24836.0
2022-09-02,2022-09-02,EXPLEOSOL,B,1363.75,1363.75,1315.15,1327.75,1349.75,387,997,1334460.0
2022-09-02,2022-09-02,RTNPOWER,A,4.36,4.36,4.36,4.36,4.16,1382,5762829,25125934.0
2022-09-02,2022-09-02,DEN,B,37.95,37.95,36.6,36.85,37.25,498,35438,1314769.0
2022-09-02,2022-09-02,ASTEC,A,1912.0,1941.25,1901.0,1909.05,1939.25,384,1221,2351276.0
2022-09-02,2022-09-02,DLINKINDIA,B,198.0,198.35,188.05,188.8,196.1,1361,47125,9047448.0
2022-09-02,2022-09-02,JSWENERGY,A,355.0,358.9,343.35,349.5,353.5,4412,144119,50152390.0
2022-09-02,2022-09-02,YUNIKM,XT,5.28,5.28,5.03,5.27,5.29,101,31730,163596.0
2022-09-02,2022-09-02,GODREJPROP,A,1444.95,1450.45,1415.1,1420.05,1425.5,3682,40399,57990136.0
2022-09-02,2022-09-02,DBCORP,B,107.4,108.5,105.05,106.25,107.4,955,53854,5765938.0
2022-09-02,2022-09-02,MBLINFRA,B,18.4,18.5,18.05,18.3,18.35,42,3759,69257.0
2022-09-02,2022-09-02,JUBLFOOD,A,618.0,622.3,605.0,606.6,618.2,3235,73640,45079497.0
2022-09-02,2022-09-02,VASCONEQ,B,25.3,27.15,25.0,26.25,25.15,874,182678,4802553.0
2022-09-02,2022-09-02,THANGAMAYL,B,1140.55,1140.55,1121.0,1121.1,1137.35,33,225,252616.0
2022-09-02,2022-09-02,DBREALTY,T,72.9,72.9,72.9,72.9,69.45,42,3540,258066.0
2022-09-02,2022-09-02,EMMBI,B,101.3,103.15,97.95,99.25,101.2,235,4388,440721.0
2022-09-02,2022-09-02,HATHWAY,A,18.25,18.45,17.85,18.05,18.0,726,309259,5597847.0
2022-09-02,2022-09-02,ARSSINFRA,T,21.2,21.2,20.2,21.0,20.25,19,4380,90897.0
2022-09-02,2022-09-02,TEXMOPIPES,B,61.4,62.95,61.1,61.75,61.4,213,9516,590507.0
2022-09-02,2022-09-02,SUNDARAM,B,3.25,3.25,3.18,3.22,3.21,275,211428,681693.0
2022-09-02,2022-09-02,COROENGG,XT,39.5,40.75,39.5,40.75,41.4,3,11,447.0
2022-09-02,2022-09-02,ROSSELLIND,B,274.9,278.7,263.4,270.95,268.6,3301,66173,17905123.0
2022-09-02,2022-09-02,MANINFRA,A,96.25,100.75,95.0,98.8,97.3,2214,136178,13251348.0
2022-09-02,2022-09-02,TAMBOLIIN,X,131.3,131.3,126.25,126.85,128.7,33,2230,283779.0
2022-09-02,2022-09-02,IVZINGOLD,E,4521.0,4521.0,4519.0,4520.0,4530.0,4,4,18080.0
2022-09-02,2022-09-02,IL&FSTRANS,Z,4.65,4.75,4.4,4.4,4.63,32,38864,177576.0
2022-09-02,2022-09-02,PERSISTENT,A,3421.0,3443.6,3394.75,3414.35,3401.65,3072,12963,44279426.0
2022-09-02,2022-09-02,ISFT,B,166.05,166.85,163.0,165.1,165.55,38,488,80018.0
2022-09-02,2022-09-02,GOENKA,Z,1.85,1.92,1.84,1.89,1.85,52,95898,179384.0
2022-09-02,2022-09-02,KCPSUGIND,B,21.8,21.8,21.0,21.3,21.25,194,21702,463628.0
2022-09-02,2022-09-02,KECL,B,44.45,44.95,42.8,43.8,43.75,1296,61947,2734294.0
2022-09-02,2022-09-02,SATCH,X,3.49,3.49,2.87,3.07,2.92,277,161642,499552.0
2022-09-02,2022-09-02,TARAPUR,B,4.79,4.79,4.55,4.65,4.55,34,13043,60677.0
2022-09-02,2022-09-02,SJVN,A,31.3,32.0,31.1,31.2,31.25,1969,650189,20510355.0
2022-09-02,2022-09-02,EMAMIPAP,B,178.6,183.45,176.9,178.05,178.5,566,8642,1554933.0
2022-09-02,2022-09-02,KRITINUT,X,49.5,53.65,49.5,53.0,49.7,602,116711,6032987.0
2022-09-02,2022-09-02,GKB,X,93.15,101.0,93.15,95.6,97.5,44,5475,530428.0
2022-09-02,2022-09-02,HMVL,B,60.1,60.65,58.85,59.7,60.5,141,4750,284623.0
2022-09-02,2022-09-02,EMAMIREAL,B,67.85,73.0,67.85,71.3,69.3,367,18273,1293842.0
2022-09-02,2022-09-02,AHLEAST,B,240.55,258.75,237.0,248.0,233.0,44,429,105522.0
2022-09-02,2022-09-02,BAJAJCON,A,164.3,165.6,161.1,161.5,164.05,750,23067,3759865.0
2022-09-02,2022-09-02,HDFCGOLD,E,44.52,44.85,44.5,44.63,44.73,248,26453,1180298.0
2022-09-02,2022-09-02,PRAKASHSTL,B,6.0,6.0,5.82,5.88,5.95,249,241417,1418907.0
2022-09-02,2022-09-02,GOLDIETF,E,44.9,44.93,44.47,44.64,44.58,202,16215,723104.0
2022-09-02,2022-09-02,GPPL,A,86.6,87.15,85.4,86.85,86.6,808,46053,3980222.0
2022-09-02,2022-09-02,WELINV,B,275.25,285.9,265.3,281.9,276.0,8,45,12103.0
2022-09-02,2022-09-02,HEALTHX,B,348.0,362.75,341.0,348.5,344.05,215,2491,877263.0
2022-09-02,2022-09-02,CPCAP,B,137.0,137.0,132.95,133.75,133.7,148,1510,202505.0
2022-09-02,2022-09-02,EROSMEDIA,T,47.85,47.85,43.35,43.35,45.6,1347,466564,21185983.0
2022-09-02,2022-09-02,RAMKY,B,197.55,207.5,197.55,203.25,194.8,308,5741,1170078.0
2022-09-02,2022-09-02,GREENPOWER,B,9.1,9.58,9.08,9.58,9.13,1998,2261604,21247960.0
2022-09-02,2022-09-02,CANTABIL,B,1515.5,1537.0,1478.9,1481.55,1521.7,878,2953,4432456.0
2022-09-02,2022-09-02,SEATV,XT,3.88,4.07,3.88,4.07,3.88,12,1245,4886.0
2022-09-02,2022-09-02,WABAG,A,268.1,279.95,268.1,269.25,268.1,1540,34319,9400285.0
2022-09-02,2022-09-02,BEDMUTHA,B,70.05,71.2,68.05,68.75,69.65,78,3050,209709.0
2022-09-02,2022-09-02,ASHOKA,A,84.9,85.9,83.1,85.1,84.85,1410,107484,9102932.0
2022-09-02,2022-09-02,JWL,B,80.95,82.2,78.0,78.4,79.65,931,67120,5400237.0
2022-09-02,2022-09-02,OBEROIRLTY,A,1028.8,1044.6,1020.0,1022.95,1034.8,2181,19501,20094878.0
2022-09-02,2022-09-02,PRESTIGE,A,472.0,486.25,466.6,481.15,470.7,2936,62707,30049992.0
2022-09-02,2022-09-02,SHAH,B,2.88,2.89,2.8,2.85,2.82,110,106925,304307.0
2022-09-02,2022-09-02,COALINDIA,A,231.95,232.45,228.2,229.2,230.15,3752,350519,80639000.0
2022-09-02,2022-09-02,GRAVITA,B,321.6,334.1,321.6,324.9,325.95,1215,29752,9731448.0
2022-09-02,2022-09-02,RPPINFRA,B,43.5,44.4,42.85,43.05,43.5,204,13463,583911.0
2022-09-02,2022-09-02,RDBIPL,X,36.25,37.45,34.45,36.0,35.5,26,1920,67237.0
2022-09-02,2022-09-02,MOIL,A,168.2,170.35,165.7,169.55,167.3,818,25617,4305933.0
2022-09-02,2022-09-02,ZEELEARN,B,6.86,7.11,6.86,7.05,6.93,160,90309,637122.0
2022-09-02,2022-09-02,A2ZINFRA,B,12.23,12.8,12.21,12.29,12.23,151,52653,656028.0
2022-09-02,2022-09-02,KIRLOSENG,A,225.0,227.75,219.0,224.85,224.1,1718,61195,13680732.0
2022-09-02,2022-09-02,RKDL,B,13.0,13.57,12.85,13.08,13.35,133,18153,238815.0
2022-09-02,2022-09-02,PSB,B,15.55,15.85,15.55,15.6,15.72,97,15307,239073.0
2022-09-02,2022-09-02,FMNL,B,4.75,4.75,4.62,4.63,4.66,67,8922,41435.0
2022-09-02,2022-09-02,SURANASOL,B,22.45,27.3,22.45,27.3,22.75,783,116602,3000036.0
2022-09-02,2022-09-02,KICL,B,1564.0,1564.0,1564.0,1564.0,1576.75,1,5,7820.0
2022-09-02,2022-09-02,BFINVEST,B,292.85,306.0,291.0,293.55,290.85,239,3992,1190724.0
2022-09-02,2022-09-02,SUMMITSEC,B,619.6,619.6,587.9,591.95,602.95,74,445,265786.0
2022-09-02,2022-09-02,INOVSYNTH,XT,25.0,26.65,25.0,26.0,25.5,14,2591,64834.0
2022-09-02,2022-09-02,STEL,B,136.05,143.9,132.65,142.5,143.0,611,14955,2064793.0
2022-09-02,2022-09-02,OMKARCHEM,B,21.15,21.35,20.4,20.55,20.5,56,2198,45982.0
2022-09-02,2022-09-02,JUBLINDS,B,525.0,550.0,522.4,529.25,533.95,1502,13105,7070510.0
2022-09-02,2022-09-02,TEXRAIL,B,50.3,51.2,48.7,49.5,50.05,3119,490440,24281295.0
2022-09-02,2022-09-02,INDTERRAIN,B,63.15,64.8,61.8,62.3,62.95,1114,38118,2431215.0
2022-09-02,2022-09-02,FCL,A,316.45,333.0,315.65,329.5,310.3,6143,277988,90349395.0
2022-09-02,2022-09-02,DHUNINV,B,636.05,655.0,629.1,652.9,635.85,29,113,73175.0
2022-09-02,2022-09-02,ZENTEC,A,206.0,210.0,205.3,207.0,208.25,914,20091,4172816.0
2022-09-02,2022-09-02,LOVABLE,B,173.0,173.0,164.95,165.15,167.65,164,2357,393333.0
2022-09-02,2022-09-02,PFS,B,15.35,15.8,15.1,15.35,15.15,249,46805,720283.0
2022-09-02,2022-09-02,MON100,E,97.12,97.28,96.0,96.52,96.43,1732,87968,8491990.0
2022-09-02,2022-09-02,MUTHOOTFIN,A,1041.0,1061.2,1028.05,1029.85,1044.3,1595,16198,16829978.0
2022-09-02,2022-09-02,FCONSUMER,A,1.67,1.69,1.63,1.65,1.67,1567,2421104,3994636.0
2022-09-02,2022-09-02,TRUEGREEN,X,26.95,28.8,26.5,27.35,26.95,40,113048,3055055.0
2022-09-02,2022-09-02,BSLGOLDETF,E,45.7,45.9,45.29,45.79,45.49,31,617,28195.0
2022-09-02,2022-09-02,VMS,X,13.98,13.99,12.52,12.63,13.91,239,32032,414694.0
2022-09-02,2022-09-02,KARMAENG,B,25.0,25.65,24.15,25.3,24.0,89,5391,135192.0
2022-09-02,2022-09-02,DELPHIFX,B,410.55,418.95,407.25,410.1,411.1,54,274,112571.0
2022-09-02,2022-09-02,RUSHIL,B,642.0,649.95,622.1,632.45,629.6,350,3933,2500757.0
2022-09-02,2022-09-02,ENKEIWHEL,X,450.5,464.4,447.0,453.0,453.0,28,532,242481.0
2022-09-02,2022-09-02,KRIDHANINF,B,4.0,4.01,3.7,3.99,4.05,83,64500,250508.0
2022-09-02,2022-09-02,INVENTURE,B,2.87,2.94,2.85,2.87,2.87,394,738582,2133149.0
2022-09-02,2022-09-02,LTF,A,79.25,80.75,78.3,78.55,79.25,5659,332907,26553884.0
2022-09-02,2022-09-02,IBULLSLTD,T,44.95,46.35,44.95,44.95,47.3,140,16976,763219.0
2022-09-02,2022-09-02,TREEHOUSE,T,14.65,14.67,14.0,14.67,14.01,12,3440,48923.0
2022-09-02,2022-09-02,BROOKS,T,141.65,141.65,141.65,141.65,134.95,143,48319,6844386.0
2022-09-02,2022-09-02,RUPA,A,340.3,341.15,335.85,336.4,338.75,1040,20583,6948136.0
2022-09-02,2022-09-02,TDPOWERSYS,B,598.3,611.55,593.3,596.3,593.6,647,5443,3262454.0
2022-09-02,2022-09-02,GOLDAXIS,E,43.64,43.64,43.41,43.6,43.45,34,1742,75906.0
2022-09-02,2022-09-02,APLLTD,A,651.95,651.95,642.0,643.75,642.1,595,4276,2753950.0
2022-09-02,2022-09-02,VASWANI,B,21.95,22.5,21.55,21.6,22.0,155,13154,286988.0
2022-09-02,2022-09-02,PGEL,T,886.0,914.0,882.0,884.35,899.05,102,1173,1045915.0
2022-09-02,2022-09-02,LESHAIND,XT,10.34,11.24,10.34,10.34,10.88,3228,960800,10104757.0
2022-09-02,2022-09-02,SETUINFRA,B,2.19,2.19,2.01,2.02,2.11,77,96023,198639.0
2022-09-02,2022-09-02,RDBRL,X,104.7,109.9,104.7,107.6,105.05,390,33227,3599579.0
2022-09-02,2022-09-02,TIJARIA,B,4.7,4.7,4.55,4.69,4.7,37,13583,62601.0
2022-09-02,2022-09-02,ONELIFECAP,T,13.5,14.0,13.49,13.52,14.2,11,399,5394.0
2022-09-02,2022-09-02,FLEXITUFF,B,28.55,30.15,28.55,29.05,29.3,30,933,27134.0
2022-09-02,2022-09-02,UEL,T,3.05,3.2,3.05,3.17,3.13,130,71149,223634.0
2022-09-02,2022-09-02,TRITURBINE,A,205.65,215.35,205.65,214.15,209.5,812,25713,5470839.0
2022-09-02,2022-09-02,INDOTHAI,B,169.65,173.35,164.65,166.85,168.6,46,2091,358465.0
2022-09-02,2022-09-02,ESSARSHPNG,B,10.85,11.22,9.8,9.83,10.88,1239,1006837,9991861.0
2022-09-02,2022-09-02,LICMFGOLD,E,4655.0,4689.0,4637.0,4680.0,4622.0,31,70,326389.0
2022-09-02,2022-09-02,APLAPOLLO,A,1033.95,1050.7,1014.4,1034.8,1029.75,3542,51173,52879359.0
2022-09-02,2022-09-02,GPTINFRA,B,93.2,96.9,93.2,95.2,95.05,157,10199,978953.0
2022-09-02,2022-09-02,FERVENTSYN,X,14.5,14.87,13.87,14.87,13.86,12,939,13594.0
2022-09-02,2022-09-02,THOMASCOTT,T,36.8,38.95,36.8,37.15,38.7,9,318,11750.0
2022-09-02,2022-09-02,TERASOFT,B,43.0,43.2,41.6,41.95,42.6,102,4538,191502.0
2022-09-02,2022-09-02,PMCFIN,X,3.4,3.58,3.32,3.49,3.43,1581,924044,3182881.0
2022-09-02,2022-09-02,FUTSOL,XT,31.6,32.55,31.6,32.55,31.6,2,5,161.0
2022-09-02,2022-09-02,AIML,X,36.45,36.85,33.7,36.25,35.45,485,373880,13059078.0
2022-09-02,2022-09-02,RHIM,A,630.0,635.9,616.0,624.4,623.95,2027,32390,20339059.0
2022-09-02,2022-09-02,MCX,A,1299.95,1299.95,1276.0,1277.35,1285.7,952,19637,25107666.0
2022-09-02,2022-09-02,SCHNEIDER,A,146.5,148.3,142.3,143.5,145.1,2376,128767,18715575.0
2022-09-02,2022-09-02,OLPCL,X,3.19,3.19,2.76,3.04,2.81,16,5449,15733.0
2022-09-02,2022-09-02,NBCC,A,34.55,34.85,34.2,34.3,34.2,1037,295970,10239900.0
2022-09-02,2022-09-02,MTEDUCARE,B,8.75,9.02,8.75,8.86,8.85,22,10266,90692.0
2022-09-02,2022-09-02,HEXATRADEX,B,167.55,167.6,167.5,167.6,166.7,8,322,53950.0
2022-09-02,2022-09-02,MAXHEIGHTS,X,16.66,17.35,16.66,16.7,16.66,2,22,367.0
2022-09-02,2022-09-02,TBZ,B,76.0,76.1,74.9,75.0,76.05,386,12632,950868.0
2022-09-02,2022-09-02,VSSL,B,246.0,246.0,239.1,242.6,243.15,105,2154,519465.0
2022-09-02,2022-09-02,LOOKS,X,9.07,9.09,8.8,9.0,9.07,89,13819,124324.0
2022-09-02,2022-09-02,SPECIALITY,B,216.8,219.5,210.55,214.35,216.8,1751,46878,10022924.0
2022-09-02,2022-09-02,AURUS,T,6.0,6.14,5.91,6.02,6.0,13,2251,13616.0
2022-09-02,2022-09-02,MASL,MT,1.91,1.91,1.91,1.91,1.96,2,3200,6112.0
2022-09-02,2022-09-02,RTNINDIA,A,52.4,52.85,50.15,50.4,51.9,2727,502485,25891244.0
2022-09-02,2022-09-02,SAMPANN,B,17.5,18.5,17.5,17.9,17.7,66,4799,85466.0
2022-09-02,2022-09-02,JTLIND,B,202.2,202.2,197.15,199.65,202.5,189,6740,1342708.0
2022-09-02,2022-09-02,AMTL,X,19.8,20.7,19.35,20.15,20.0,83,13261,262165.0
2022-09-02,2022-09-02,NECCLTD,B,26.9,27.35,26.4,26.65,26.7,258,34022,912761.0
2022-09-02,2022-09-02,WAAREERTL,X,499.95,499.95,465.0,469.2,490.85,1757,100948,47841369.0
2022-09-02,2022-09-02,JUPITERIN,X,22.2,23.75,21.05,22.2,22.35,74,6431,142656.0
2022-09-02,2022-09-02,DUCON,B,14.7,14.74,14.25,14.48,14.43,184,35580,519096.0
2022-09-02,2022-09-02,PROZONER,B,23.45,24.0,23.4,23.5,23.45,238,28731,678440.0
2022-09-02,2022-09-02,SRGHFL,XT,232.9,233.85,231.9,233.85,222.75,75,8875,2069566.0
2022-09-02,2022-09-02,COMCL,X,14.6,14.6,14.0,14.05,14.2,92,36577,515702.0
2022-09-02,2022-09-02,SHANTIGURU,M,4.49,4.53,4.49,4.53,4.12,6,18000,81330.0
2022-09-02,2022-09-02,CASPIAN,X,8.5,8.5,8.5,8.5,8.1,8,22357,190034.0
2022-09-02,2022-09-02,AERPACE,X,3.73,3.85,3.63,3.76,3.71,86,48986,185406.0
2022-09-02,2022-09-02,VIRTUALG,X,1.14,1.15,1.1,1.12,1.12,737,621104,695559.0
2022-09-02,2022-09-02,ZUARI,B,187.55,195.85,186.8,188.35,186.8,1496,55062,10555441.0
2022-09-02,2022-09-02,STEELXIND,B,14.85,14.85,14.41,14.85,14.15,802,1071446,15892864.0
2022-09-02,2022-09-02,TRIOMERC,X,1.31,1.31,1.26,1.29,1.31,127,60021,77168.0
2022-09-02,2022-09-02,CIGNITITEC,A,577.4,586.35,566.05,575.95,573.75,339,2685,1547645.0
2022-09-02,2022-09-02,CDG,X,14.8,15.5,14.8,14.8,14.8,11,141,2088.0
2022-09-02,2022-09-02,CARERATING,A,509.45,517.55,506.5,507.95,506.3,492,4450,2279552.0
2022-09-02,2022-09-02,PCJEWELLER,B,72.1,73.25,71.5,72.2,72.3,1475,497661,35938359.0
2022-09-02,2022-09-02,INDUSTOWER,A,197.3,200.45,197.3,199.3,199.6,966,42575,8485106.0
2022-09-02,2022-09-02,VMART,A,2970.0,3058.7,2968.85,2997.3,2972.65,780,2575,7773160.0
2022-09-02,2022-09-02,NIBE,XT,312.0,312.0,285.25,308.35,297.15,603,105497,32776101.0
2022-09-02,2022-09-02,MUKTA,X,5.7,6.0,5.03,5.11,5.55,184,67741,364242.0
2022-09-02,2022-09-02,MYSTICELE,X,4.95,5.11,4.61,4.72,4.81,62,16274,78334.0
2022-09-02,2022-09-02,COMFINCAP,X,50.2,52.0,46.1,49.1,50.3,123,20986,1012866.0
2022-09-02,2022-09-02,SBISENSEX,A,624.02,630.98,623.85,627.86,626.29,159,4205,2636142.0
2022-09-02,2022-09-02,REPCOHOME,A,248.45,251.65,241.15,241.95,243.65,1889,35967,8797765.0
2022-09-02,2022-09-02,GCMSECU,M,2.59,2.59,2.48,2.54,2.5,13,24000,61296.0
2022-09-02,2022-09-02,NIBL,B,22.55,23.0,22.55,22.7,23.2,58,2450,55608.0
2022-09-02,2022-09-02,KIFS,X,138.5,138.5,131.0,137.5,131.95,35,623,85018.0
2022-09-02,2022-09-02,SREEL,B,186.4,188.95,183.95,187.0,187.2,73,1426,265700.0
2022-09-02,2022-09-02,SHARDAMOTR,B,770.0,809.0,770.0,794.85,770.65,1139,7558,5987517.0
2022-09-02,2022-09-02,BINNYMILLS,X,164.0,164.6,164.0,164.6,156.8,10,298,49030.0
2022-09-02,2022-09-02,SVGLOBAL,X,66.85,68.0,63.75,66.9,62.55,33,3357,222632.0
2022-09-02,2022-09-02,JUSTDIAL,A,599.5,634.05,595.05,605.7,593.45,6715,148154,91443128.0
2022-09-02,2022-09-02,OONE,X,19.35,19.35,19.35,19.35,18.46,47,20571,398048.0
2022-09-02,2022-09-02,IFINSEC,X,36.65,36.65,33.8,34.0,34.95,21,2520,87395.0
2022-09-02,2022-09-02,BRAHMINFRA,X,26.15,27.0,26.05,26.85,26.75,45,5225,137834.0
2022-09-02,2022-09-02,AMPVOLTS,X,34.8,34.8,34.8,34.8,33.15,28,10261,357082.0
2022-09-02,2022-09-02,KHOOBSURAT,X,1.95,1.95,1.88,1.9,1.92,1085,374565,717552.0
2022-09-02,2022-09-02,ORIENTCEM,A,121.35,121.75,118.5,118.75,121.0,519,17492,2100567.0
2022-09-02,2022-09-02,ABFRL,A,307.55,313.95,306.35,307.6,305.95,4997,213347,66173285.0
2022-09-02,2022-09-02,SAMMAANCAP,A,135.2,136.4,132.6,133.3,134.2,4022,491527,65808121.0
2022-09-02,2022-09-02,ESSENTIA,T,6.85,6.85,6.85,6.85,7.21,183,149619,1024890.0
2022-09-02,2022-09-02,TIGERLOGS,X,222.8,245.3,222.8,237.55,223.0,542,82975,19917944.0
2022-09-02,2022-09-02,JKAGRI,X,556.0,556.0,510.0,512.25,542.35,296,6813,3567313.0
2022-09-02,2022-09-02,FLFL,T,11.75,11.75,11.74,11.74,12.35,131,43605,511988.0
2022-09-02,2022-09-02,PVVINFRA,X,16.3,16.3,15.0,15.05,15.85,105,34515,525629.0
2022-09-02,2022-09-02,VCU,XT,18.35,18.35,18.35,18.35,19.3,510,62075,1139076.0
2022-09-02,2022-09-02,INDRENEW,X,10.41,10.99,10.41,10.67,10.67,39,5747,62091.0
2022-09-02,2022-09-02,JPOLYINVST,B,358.05,361.6,346.3,348.95,354.4,185,3075,1095533.0
2022-09-02,2022-09-02,YURANUS,X,5.98,5.98,5.51,5.51,5.79,3,22,122.0
2022-09-02,2022-09-02,INTELSOFT,X,16.8,17.0,16.5,16.75,16.6,163,23049,384772.0
2022-09-02,2022-09-02,MOM100,B,33.32,33.68,32.9,33.62,33.33,77,1808,60698.0
2022-09-02,2022-09-02,BPCAP,X,6.2,6.51,6.2,6.51,6.2,10,7273,47158.0
2022-09-02,2022-09-02,CPL,X,16.05,16.4,16.05,16.35,16.1,201,47569,773521.0
2022-09-02,2022-09-02,NIFTYIETF,B,190.99,191.77,189.93,190.44,190.77,327,9332,1780531.0
2022-09-02,2022-09-02,NIF100IETF,B,195.5,196.8,195.5,196.37,195.76,15,234,45954.0
2022-09-02,2022-09-02,ARNOLD,XT,29.6,29.6,29.0,29.5,28.22,201,183402,5418500.0
2022-09-02,2022-09-02,SUNLOC,X,168.4,168.4,168.4,168.4,160.4,51,12894,2171349.0
2022-09-02,2022-09-02,JTLDEFENCE,X,6.63,6.63,6.2,6.59,6.43,36,8320,54187.0
2022-09-02,2022-09-02,SUYOG,X,347.95,354.0,345.0,346.0,341.4,85,27694,9681345.0
2022-09-02,2022-09-02,NATHBIOGEN,B,181.0,183.0,175.5,177.05,181.45,247,4169,747295.0
2022-09-02,2022-09-02,AGRITECH,T,88.0,89.9,87.25,89.9,87.25,8,1128,99448.0
2022-09-02,2022-09-02,CHEMTECH,T,19.4,19.9,18.35,19.8,19.2,26,6114,119405.0
2022-09-02,2022-09-02,KETOMOTORS,X,23.1,25.4,23.05,23.2,24.2,34,12382,287654.0
2022-09-02,2022-09-02,NIF100BEES,B,185.5,191.0,185.1,186.8,187.01,146,882,164005.0
2022-09-02,2022-09-02,VIAANINDUS,XT,0.9,0.9,0.85,0.88,0.87,247,190876,167380.0
2022-09-02,2022-09-02,DENISCHEM,X,85.85,85.85,79.0,81.0,81.3,168,8607,703052.0
2022-09-02,2022-09-02,POLYMAC,M,36.0,36.05,35.95,36.0,35.95,8,15200,547400.0
2022-09-02,2022-09-02,LADDU,XT,40.5,40.5,36.8,36.8,38.7,135,366879,13508358.0
2022-09-02,2022-09-02,NIFTY1,B,187.0,187.97,185.61,186.67,186.71,164,1824,340509.0
2022-09-02,2022-09-02,HANSUGAR,X,5.61,5.61,5.44,5.53,5.51,125,18814,103732.0
2022-09-02,2022-09-02,KIRANVYPAR,X,145.1,150.0,145.0,145.0,145.45,13,1498,218141.0
2022-09-02,2022-09-02,BCP,B,5.97,6.1,5.79,5.96,5.76,519,373778,2240186.0
2022-09-02,2022-09-02,RACE,M,198.0,228.0,198.0,224.95,190.0,38,33125,7268125.0
2022-09-02,2022-09-02,MANGIND,X,4.94,4.94,4.61,4.68,4.85,1291,1006222,4730960.0
2022-09-02,2022-09-02,VIJIFIN,B,3.05,3.05,2.89,2.94,2.87,81,19076,56700.0
2022-09-02,2022-09-02,HBGHOTELS,XT,42.95,42.95,39.75,40.65,41.7,16,2462,102584.0
2022-09-02,2022-09-02,CPSEETF,A,36.76,37.14,36.66,36.74,36.75,326,27457,1013597.0
2022-09-02,2022-09-02,HARIAAPL,XT,11.77,11.77,11.77,11.77,12.38,86,9784,115157.0
2022-09-02,2022-09-02,VASUPRADA,X,80.0,80.0,76.5,77.15,81.0,14,241,18712.0
2022-09-02,2022-09-02,RNBDENIMS,B,42.5,43.3,42.35,42.6,42.65,123,20586,882897.0
2022-09-02,2022-09-02,GOLDLINE,Z,1.1,1.1,1.04,1.09,1.05,2416,1818537,1955453.0
2022-09-02,2022-09-02,SHARPINV,X,1.79,1.79,1.71,1.77,1.79,820,394889,693919.0
2022-09-02,2022-09-02,WONDERLA,B,377.15,378.8,358.0,361.25,376.0,2015,24878,9124081.0
2022-09-02,2022-09-02,RESPONSINF,XT,40.85,40.85,37.1,37.7,39.05,25,1229,47834.0
2022-09-02,2022-09-02,GCMCAPI,M,4.9,4.9,4.36,4.83,4.48,7,7000,33020.0
2022-09-02,2022-09-02,AFEL,X,25.1,27.7,25.1,26.2,26.4,148,49031,1250479.0
2022-09-02,2022-09-02,INCREDIBLE,B,23.65,24.6,23.55,24.1,23.65,16,448,10753.0
2022-09-02,2022-09-02,WESTLEIRES,XT,108.0,108.0,108.0,108.0,106.9,1,1,108.0
2022-09-02,2022-09-02,NAM,XT,58.0,58.0,58.0,58.0,55.25,8,307,17806.0
2022-09-02,2022-09-02,METSL,X,53.5,56.7,52.0,53.75,51.85,99,9844,531393.0
2022-09-02,2022-09-02,SPS,T,86.4,86.4,82.25,82.25,86.5,2,4,341.0
2022-09-02,2022-09-02,MONEYBOXX,T,187.0,187.0,180.0,181.75,184.05,12,630,116348.0
2022-09-02,2022-09-02,WORTH,X,39.75,39.75,39.75,39.75,41.8,10,1260,50085.0
2022-09-02,2022-09-02,QUASAR,XT,6.4,6.42,6.4,6.42,6.45,4,314,2010.0
2022-09-02,2022-09-02,TPROJECT,X,3.3,3.3,3.0,3.01,3.15,55,14903,45493.0
2022-09-02,2022-09-02,AMARSEC,XT,16.55,16.55,16.55,16.55,16.55,1,2,33.0
2022-09-02,2022-09-02,CTL,X,9.05,9.28,8.85,9.27,8.84,95,62703,579779.0
2022-09-02,2022-09-02,TARINI,M,6.28,6.28,6.28,6.28,6.61,2,6000,37680.0
2022-09-02,2022-09-02,YAANENT,X,22.0,22.5,22.0,22.5,22.0,67,5225,115062.0
2022-09-02,2022-09-02,ANVRDHI,XT,6.5,6.5,6.38,6.38,6.7,38,6415,40951.0
2022-09-02,2022-09-02,RAAMA,XT,1.67,1.83,1.67,1.83,1.75,301,276557,496329.0
2022-09-02,2022-09-02,GOLDCOINHF,XT,9.55,9.82,9.3,9.31,9.36,58,8973,86274.0
2022-09-02,2022-09-02,BRPL,B,58.3,59.5,56.55,59.15,58.45,72,13071,766752.0
2022-09-02,2022-09-02,SKIPPER,B,60.4,65.5,58.8,62.6,59.35,888,56793,3586097.0
2022-09-02,2022-09-02,JAMESWARREN,X,239.85,239.85,228.7,230.15,235.0,11,190,43842.0
2022-09-02,2022-09-02,VISTARAMAR,X,288.0,309.1,270.05,305.1,281.0,152,8650,2519718.0
2022-09-02,2022-09-02,APOLLOTRI,A,1009.85,1023.0,995.0,1007.75,986.95,4297,56943,57539421.0
2022-09-02,2022-09-02,GULFOILLUB,B,485.0,504.8,485.0,487.65,492.15,429,4857,2389738.0
2022-09-02,2022-09-02,FRUTION,XT,9.05,9.05,9.05,9.05,9.0,1,13,117.0
2022-09-02,2022-09-02,TRIVENIENT,X,2.82,2.85,2.71,2.75,2.81,218,288453,795258.0
2022-09-02,2022-09-02,CEMAINFRA,XT,5.01,5.01,5.01,5.01,5.27,10,1591,7970.0
2022-09-02,2022-09-02,TTIENT,X,12.82,13.09,12.82,12.92,13.02,104,22998,296826.0
2022-09-02,2022-09-02,VISHAL,B,25.9,25.9,25.0,25.45,25.25,249,37233,946199.0
2022-09-02,2022-09-02,TOYAMSL,X,14.82,15.0,13.83,14.29,14.36,1913,1864928,27184458.0
2022-09-02,2022-09-02,UNISON,XT,21.6,22.9,21.4,22.45,22.2,184,23023,510397.0
2022-09-02,2022-09-02,RTFL,Z,14.65,15.65,14.25,15.6,14.94,19,1144,17406.0
2022-09-02,2022-09-02,VRL,X,122.4,129.0,120.0,121.5,119.35,27,725,89363.0
2022-09-02,2022-09-02,SNOWMAN,B,36.3,40.2,35.75,38.05,35.85,2036,183437,7022538.0
2022-09-02,2022-09-02,QGO,X,24.5,24.5,23.8,24.0,23.8,48,1229,29468.0
2022-09-02,2022-09-02,PURSHOTTAM,X,14.6,14.6,14.6,14.6,14.6,2,9,131.0
2022-09-02,2022-09-02,SHARDACROP,A,520.55,524.45,514.0,515.2,520.4,1001,12141,6280951.0
2022-09-02,2022-09-02,SENSEXBEES,A,648.0,648.7,642.91,647.78,646.72,55,572,369139.0
2022-09-02,2022-09-02,SHEMAROO,B,140.8,140.8,134.55,135.8,139.55,349,8218,1124457.0
2022-09-02,2022-09-02,ULTRACAB,X,25.5,25.95,24.85,25.35,25.5,150,36273,915873.0
2022-09-02,2022-09-02,RCCL,X,33.0,33.0,32.0,33.0,33.45,10,1440,47470.0
2022-09-02,2022-09-02,ETIL,X,8.39,8.39,7.96,8.0,7.95,8,822,6559.0
2022-09-02,2022-09-02,ATISHAY,X,34.95,34.95,33.0,33.85,33.0,26,1945,65338.0
2022-09-02,2022-09-02,SANGAMFIN,X,62.65,62.65,62.65,62.65,59.7,2,200,12530.0
2022-09-02,2022-09-02,DHABRIYA,X,116.35,116.35,107.9,112.7,111.6,48,1684,191605.0
2022-09-02,2022-09-02,PDSL,B,327.4,330.0,298.7,315.5,327.35,1271,13203,4153848.0
2022-09-02,2022-09-02,VGCL,B,50.0,51.0,46.2,47.15,46.55,14,1640,80396.0
2022-09-02,2022-09-02,STARLIT,B,8.03,8.03,7.26,7.99,8.03,18,2059,15715.0
2022-09-02,2022-09-02,CEINSYS,B,163.1,175.0,162.0,162.9,166.65,30,999,168749.0
2022-09-02,2022-09-02,PANABYTE,X,19.75,21.3,19.3,21.3,20.3,4,51,986.0
2022-09-02,2022-09-02,JSHL,M,4.69,4.69,4.69,4.69,4.47,3,15000,70350.0
2022-09-02,2022-09-02,CRANEINFRA,X,9.2,9.66,8.74,8.91,9.2,22,22376,199266.0
2022-09-02,2022-09-02,NIYOGIN,X,53.5,54.5,51.5,53.3,52.8,275,39216,2058637.0
2022-09-02,2022-09-02,KALYANCAP,XT,87.0,88.25,84.25,87.8,84.05,48,9783,854373.0
2022-09-02,2022-09-02,CITIZEN,XT,18.15,18.15,18.15,18.15,17.3,15,2387,43324.0
2022-09-02,2022-09-02,GBFL,X,11.55,11.57,10.5,10.87,11.02,255,66149,740345.0
2022-09-02,2022-09-02,GILADAFINS,X,14.4,15.1,14.4,14.85,14.9,24,2578,38659.0
2022-09-02,2022-09-02,SAPPL,X,293.6,309.95,293.6,302.8,305.0,19,388,117638.0
2022-09-02,2022-09-02,AANCHALISP,X,15.65,15.65,14.22,14.27,14.96,172,78779,1145967.0
2022-09-02,2022-09-02,CAPPIPES,M,223.0,233.1,223.0,233.1,222.0,8,12000,2757300.0
2022-09-02,2022-09-02,KAIZENAGRO,X,2.29,2.29,2.29,2.29,2.19,1,110,251.0
2022-09-02,2022-09-02,JMJFIN,X,13.0,14.4,12.9,12.97,13.7,21,2562,33608.0
2022-09-02,2022-09-02,INTELLECT,A,605.9,609.1,596.35,598.55,604.25,800,8281,4998037.0
2022-09-02,2022-09-02,MONTECARLO,B,834.0,834.0,815.4,819.65,822.75,627,5258,4314052.0
2022-09-02,2022-09-02,JSTL,X,55.5,60.0,55.5,58.35,57.45,199,20896,1224225.0
2022-09-02,2022-09-02,SCC,X,4.98,4.98,4.52,4.52,4.75,14,1139,5161.0
2022-09-02,2022-09-02,PANAFIC,X,1.57,1.64,1.55,1.59,1.57,589,419080,670026.0
2022-09-02,2022-09-02,CSL,XT,47.25,48.0,45.15,45.85,46.0,102,28297,1310491.0
2022-09-02,2022-09-02,NEXUSSURGL,X,12.4,12.4,11.63,11.9,12.39,98,11698,138092.0
2022-09-02,2022-09-02,SELLWIN,X,21.0,23.4,21.0,21.85,21.85,97,175597,3838981.0
2022-09-02,2022-09-02,GALADAFIN,XT,21.2,21.2,21.0,21.0,20.2,4,43,903.0
2022-09-02,2022-09-02,EMERALD,X,19.7,19.7,19.0,19.0,19.05,41,3140,60216.0
2022-09-02,2022-09-02,MKEXIM,X,91.9,91.9,88.15,89.0,89.35,200,12551,1126675.0
2022-09-02,2022-09-02,MCLOUD,X,348.75,348.75,333.5,340.55,343.75,19,319,108910.0
2022-09-02,2022-09-02,OCTAL,X,28.95,29.95,28.95,28.95,29.95,10,68,1970.0
2022-09-02,2022-09-02,KANCHI,X,597.9,599.9,580.0,586.65,587.55,348,8571,5048007.0
2022-09-02,2022-09-02,DTIL,B,213.8,213.8,206.35,208.2,211.85,104,711,148568.0
2022-09-02,2022-09-02,VANICOM,XT,11.5,11.5,11.5,11.5,11.5,2,59,678.0
2022-09-02,2022-09-02,VINCOFE,X,80.25,85.0,80.25,83.6,82.95,124,38631,3154533.0
2022-09-02,2022-09-02,RAFL,M,444.0,444.35,444.0,444.35,441.0,3,1875,832781.0
2022-09-02,2022-09-02,COSYN,X,18.7,19.0,18.0,18.45,18.3,44,6553,120314.0
2022-09-02,2022-09-02,SOFCOM,XT,30.85,30.85,28.0,29.05,29.4,12,51976,1510508.0
2022-09-02,2022-09-02,KARNAVATI,T,29.1,29.8,29.1,29.8,30.0,22,80036,2385047.0
2022-09-02,2022-09-02,ABHIFIN,XT,30.6,30.6,30.6,30.6,30.6,1,50,1530.0
2022-09-02,2022-09-02,MERCANTILE,X,18.3,21.4,17.65,19.6,19.0,84,9141,176015.0
2022-09-02,2022-09-02,SONAL,X,42.2,42.95,41.05,41.6,42.6,34,1827,77307.0
2022-09-02,2022-09-02,ALFL,XT,1.97,2.0,1.91,1.95,1.93,65,28052,55066.0
2022-09-02,2022-09-02,GENUSPAPER,B,17.5,17.5,16.85,16.95,17.0,102,7938,134131.0
2022-09-02,2022-09-02,MINDACORP,A,227.85,231.0,221.75,223.75,225.75,2264,71236,16059414.0
2022-09-02,2022-09-02,MERCURYLAB,X,455.05,502.95,455.05,479.0,464.55,13,74,35806.0
2022-09-02,2022-09-02,CONCORD,X,25.8,27.35,25.3,27.0,26.3,49,4867,128420.0
2022-09-02,2022-09-02,WARDINMOBI,B,60.6,61.8,60.1,60.85,60.6,2468,397467,24175083.0
2022-09-02,2022-09-02,GREENLAM,B,364.8,364.8,340.9,342.95,349.6,208,1744,603466.0
2022-09-02,2022-09-02,TALBROSENG,X,589.9,597.95,575.0,590.45,581.65,233,4394,2573228.0
2022-09-02,2022-09-02,PTCIL,B,2343.0,2401.4,2310.0,2401.4,2287.05,478,5637,13350733.0
2022-09-02,2022-09-02,CHENFERRO,XT,157.9,157.9,151.0,156.75,155.7,155,8706,1359569.0
2022-09-02,2022-09-02,MEGRISOFT,XT,176.75,176.75,160.65,160.65,169.1,21,129,20788.0
2022-09-02,2022-09-02,GITARENEW,X,134.95,144.0,130.75,139.2,132.75,214,8977,1237628.0
2022-09-02,2022-09-02,ORTEL,Z,1.12,1.22,1.12,1.12,1.17,16,3722,4261.0
2022-09-02,2022-09-02,NEIL,XT,7.99,8.1,7.99,7.99,7.99,22,4082,32623.0
2022-09-02,2022-09-02,STARHFL,X,154.95,155.25,152.0,153.85,152.65,156,137193,21068984.0
2022-09-02,2022-09-02,BEEKAY,X,443.85,443.85,435.05,437.75,439.85,36,947,417016.0
2022-09-02,2022-09-02,SETFBSE100,A,192.61,192.61,191.05,191.83,192.29,12,871,166659.0
2022-09-02,2022-09-02,FRASER,X,7.09,7.37,7.01,7.25,6.93,53,14608,105159.0
2022-09-02,2022-09-02,TIRUPATIIN,XT,21.2,21.2,21.2,21.2,20.2,39,16000,339200.0
2022-09-02,2022-09-02,GANVERSE,M,5.0,5.0,5.0,5.0,4.75,2,50000,250000.0
2022-09-02,2022-09-02,AGIIL,B,490.95,569.85,465.0,562.0,474.9,587,19457,10483219.0
2022-09-02,2022-09-02,BKMINDST,Z,1.21,1.29,1.21,1.29,1.26,36,13793,17545.0
2022-09-02,2022-09-02,MANAKSTEEL,B,40.15,40.2,39.5,40.0,39.95,83,3947,157419.0
2022-09-02,2022-09-02,MANAKALUCO,B,21.55,22.1,21.0,22.0,21.05,106,12544,271644.0
2022-09-02,2022-09-02,MANAKCOAT,B,22.0,22.75,20.25,22.75,20.7,281,45999,1009388.0
2022-09-02,2022-09-02,IMAGICAA,B,40.4,40.4,40.4,40.4,42.5,218,36405,1470762.0
2022-09-02,2022-09-02,INOXWIND,A,122.05,126.1,120.6,125.05,122.0,2487,156654,19379451.0
2022-09-02,2022-09-02,AANANDALAK,X,9.75,9.75,9.2,9.3,9.0,19,3182,29559.0
2022-09-02,2022-09-02,URSUGAR,B,16.0,16.1,15.5,15.8,15.99,264,208094,3283988.0
2022-09-02,2022-09-02,SHESHAINDS,X,27.0,27.0,25.55,25.55,26.85,62,22612,579946.0
2022-09-02,2022-09-02,SAB,X,85.6,88.8,83.65,84.35,85.65,21,993,86433.0
2022-09-02,2022-09-02,PML,X,1600.0,1620.0,1525.3,1550.15,1552.5,166,1259,1989174.0
2022-09-02,2022-09-02,ALANSCOTT,X,55.0,55.0,52.25,52.7,55.0,81,3460,183824.0
2022-09-02,2022-09-02,SUJALA,X,15.7,16.25,15.7,15.75,17.39,14,1398,22087.0
2022-09-02,2022-09-02,VRLLOG,A,603.6,625.8,603.6,622.85,615.8,625,8143,5044493.0
2022-09-02,2022-09-02,JAINMARMO,XT,17.4,17.4,17.4,17.4,17.4,1,1,17.0
2022-09-02,2022-09-02,GRAMEVA,X,16.8,16.8,16.8,16.8,16.8,1,3,50.0
2022-09-02,2022-09-02,PALCO,X,63.1,63.3,63.0,63.0,60.35,19,1663,105029.0
2022-09-02,2022-09-02,BODHTREE,X,20.85,20.9,20.1,20.75,20.5,82,12445,256159.0
2022-09-02,2022-09-02,VBIND,XT,4.34,4.34,3.94,4.3,4.14,44,5990,24207.0
2022-09-02,2022-09-02,MEP,B,17.4,17.75,16.5,16.6,17.15,306,127992,2186250.0
2022-09-02,2022-09-02,WARDWIZFBL,X,50.0,52.6,50.0,50.15,50.1,147,13194,669420.0
2022-09-02,2022-09-02,UFO,B,118.05,123.0,117.0,117.95,117.6,1200,26860,3219429.0
2022-09-02,2022-09-02,PANTH,XT,21.2,21.2,21.2,21.2,22.3,700,89186,1890743.0
2022-09-02,2022-09-02,SHIVALIK,B,1027.85,1027.9,965.0,976.05,998.0,296,1402,1375527.0
2022-09-02,2022-09-02,ICSL,X,4.26,4.37,4.05,4.36,4.26,60,7864,32281.0
2022-09-02,2022-09-02,PNCINFRA,A,282.8,295.5,282.8,286.75,282.8,1726,57253,16524955.0
2022-09-02,2022-09-02,ARFIN,X,245.0,265.7,243.1,262.2,241.55,183,53745,13781547.0
2022-09-02,2022-09-02,HELPAGE,X,10.71,10.71,10.7,10.7,10.71,4,5088,54441.0
2022-09-02,2022-09-02,HAWAENG,XT,57.0,57.0,54.65,54.65,57.5,5,531,29136.0
2022-09-02,2022-09-02,AIIL,B,184.0,185.0,175.2,178.65,178.8,603,28745,5154072.0
2022-09-02,2022-09-02,POEL,X,114.0,118.8,112.0,112.9,112.05,607,72267,8335805.0
2022-09-02,2022-09-02,AEL,X,63.4,64.9,62.5,62.75,62.55,219,36271,2299260.0
2022-09-02,2022-09-02,SATIA,B,116.85,118.7,116.0,116.65,116.0,373,12535,1467433.0
2022-09-02,2022-09-02,GARMNTMNTR,B,4.49,4.78,4.25,4.34,4.4,352,225154,1002897.0
2022-09-02,2022-09-02,SRESTHA,X,1.22,1.25,1.22,1.24,1.23,163,115552,142614.0
2022-09-02,2022-09-02,SAUMYA,X,89.5,89.5,85.5,89.5,87.35,4,13,1159.0
2022-09-02,2022-09-02,MUL,X,3.2,3.42,3.2,3.2,3.36,75,40691,131060.0
2022-09-02,2022-09-02,SPORTKING,B,941.0,941.0,903.2,909.7,930.9,3527,32433,29878147.0
2022-09-02,2022-09-02,GROWINGTON,M,54.0,55.0,53.6,54.95,55.35,5,12500,681000.0
2022-09-02,2022-09-02,AMBITION,T,5.0,5.0,4.88,4.88,4.88,12,866,4248.0
2022-09-02,2022-09-02,HCKKVENTURE,X,15.12,15.12,13.68,13.76,14.4,76,11727,162906.0
2022-09-02,2022-09-02,RUDRA,T,98.5,98.5,93.75,93.75,98.65,231,18649,1757816.0
2022-09-02,2022-09-02,LOYAL,B,30.6,31.6,30.2,31.6,30.6,18,5350,165741.0
2022-09-02,2022-09-02,GGPL,T,64.95,64.95,64.95,64.95,68.35,38,1818,118079.0
2022-09-02,2022-09-02,BALKRISHNA,T,36.7,37.7,36.1,36.15,36.8,27,2388,86724.0
2022-09-02,2022-09-02,SHYAMCENT,B,21.25,22.3,21.25,21.9,21.55,195,42086,923956.0
2022-09-02,2022-09-02,ADANIENSOL,A,3920.5,3973.15,3832.55,3862.35,3876.65,2272,13853,54020392.0
2022-09-02,2022-09-02,STARDELTA,X,102.8,112.7,102.8,108.25,109.9,30,1757,184524.0
2022-09-02,2022-09-02,SAMSRITA,X,25.0,25.5,24.5,25.0,24.95,36,973,24358.0
2022-09-02,2022-09-02,SYNGENE,A,597.0,615.25,590.05,593.95,599.7,1178,13334,8038004.0
2022-09-02,2022-09-02,MSL,B,88.5,92.7,86.1,88.95,90.3,38,2157,191265.0
2022-09-02,2022-09-02,KAYA,B,334.0,341.35,325.95,332.0,336.05,233,5945,1966625.0
2022-09-02,2022-09-02,ALSTONE,X,21.05,21.05,21.05,21.05,20.07,2,200,4210.0
2022-09-02,2022-09-02,ORTINGLOBE,B,24.4,24.45,23.6,23.95,24.1,38,110,2652.0
2022-09-02,2022-09-02,AVI,X,22.65,22.8,21.8,22.25,22.65,140,15202,337410.0
2022-09-02,2022-09-02,AURUM,B,145.85,145.85,141.0,145.85,138.95,828,129656,18883344.0
2022-09-02,2022-09-02,OSWALGREEN,B,28.0,28.1,27.35,27.5,27.5,174,15149,421322.0
2022-09-02,2022-09-02,VASUDHAGAM,X,8.3,8.3,7.9,7.96,8.04,50,10190,82211.0
2022-09-02,2022-09-02,SUNRAKSHAK,X,63.6,64.2,62.4,63.95,61.15,133,8837,562722.0
2022-09-02,2022-09-02,ARVSMART,B,227.0,248.0,224.1,229.45,226.5,93,1316,303413.0
2022-09-02,2022-09-02,POWERMECH,B,1410.0,1413.55,1350.15,1362.9,1402.6,649,4408,6080306.0
2022-09-02,2022-09-02,RAMASTEEL,B,124.9,124.9,115.65,115.65,121.7,3439,148445,17424849.0
2022-09-02,2022-09-02,THINKINK,B,68.2,69.15,67.9,69.05,67.85,519,832079,56836665.0
2022-09-02,2022-09-02,SENSEXBETA,A,639.0,639.0,615.2,622.48,623.97,23,71,44231.0
2022-09-02,2022-09-02,NIFTYBETA,B,1870.0,1870.99,1862.0,1864.65,1869.99,17,650,1213483.0
2022-09-02,2022-09-02,UNIAUTO,M,134.85,134.85,122.05,122.55,128.45,41,142500,18436125.0
2022-09-02,2022-09-02,VETO,B,109.85,110.65,106.7,107.4,108.6,94,3182,343813.0
2022-09-02,2022-09-02,NAVKARCORP,B,64.5,64.8,62.7,62.95,64.2,975,82052,5211746.0
2022-09-02,2022-09-02,SHREEPUSHK,B,233.5,255.1,233.5,253.9,233.05,1973,36159,8964051.0
2022-09-02,2022-09-02,GUJENERGY,A,482.9,485.0,476.85,481.35,478.4,2241,69242,33312682.0
2022-09-02,2022-09-02,SADBHIN,B,7.14,7.14,6.93,6.98,6.97,164,39177,274681.0
2022-09-02,2022-09-02,SALAUTO,X,199.1,199.1,188.25,188.8,188.6,29,1036,198117.0
2022-09-02,2022-09-02,POLYSPIN,X,54.7,56.9,54.7,56.65,54.7,45,3065,172904.0
2022-09-02,2022-09-02,PRITIKAUTO,B,19.7,20.8,18.6,19.75,19.2,1836,652709,12961381.0
2022-09-02,2022-09-02,SML,XT,24.45,24.45,22.8,23.0,23.95,17,2707,62113.0
2022-09-02,2022-09-02,MAHAVEER,Z,4.53,4.53,4.53,4.53,4.76,1,50,226.0
2022-09-02,2022-09-02,KRISHNACAP,XT,11.28,11.28,11.28,11.28,10.75,3,239,2695.0
2022-09-02,2022-09-02,ACME,Z,24.2,24.2,22.0,22.0,23.1,82,7024,160056.0
2022-09-02,2022-09-02,VISHALBL,B,50.0,50.5,49.5,49.7,48.6,48,7716,384164.0
2022-09-02,2022-09-02,BELLACASA,B,170.0,170.0,158.05,159.95,166.15,131,3161,507141.0
2022-09-02,2022-09-02,MALLCOM,B,717.8,725.0,683.0,691.5,709.0,89,259,179606.0
2022-09-02,2022-09-02,NAKSH,B,16.43,16.43,15.0,15.71,15.65,744,1200655,18801734.0
2022-09-02,2022-09-02,SATIN,B,114.95,115.5,111.35,112.75,113.0,107,2669,303163.0
2022-09-02,2022-09-02,DITCO,X,19.3,19.45,19.3,19.3,20.3,3,668,12895.0
2022-09-02,2022-09-02,SWAGTAM,XT,37.85,37.85,35.1,35.1,36.05,3,50,1757.0
2022-09-02,2022-09-02,GENCON,B,32.0,32.0,30.8,31.55,31.3,94,13805,435502.0
2022-09-02,2022-09-02,KUBERJI,XT,0.93,0.93,0.93,0.93,0.89,1,50,46.0
2022-09-02,2022-09-02,MUZALI,X,2.74,2.9,2.18,2.68,2.65,259,514282,1364846.0
2022-09-02,2022-09-02,TEJNAKSH,B,140.0,140.0,135.0,136.65,139.05,96,13693,1879340.0
2022-09-02,2022-09-02,COFFEEDAY,A,49.4,53.35,49.4,50.8,49.85,2951,391724,20290548.0
2022-09-02,2022-09-02,IDFCFIRSTB,A,49.3,49.85,48.3,48.6,49.15,3250,1592738,78214846.0
2022-09-02,2022-09-02,BEARDSELL,B,26.45,27.1,25.4,27.1,24.65,352,143536,3857615.0
2022-09-02,2022-09-02,INDIGO,A,2033.0,2062.5,2020.0,2028.1,2038.7,2267,21034,42991029.0
2022-09-02,2022-09-02,SHK,A,142.85,144.4,142.05,142.55,143.15,327,7003,1002216.0
2022-09-02,2022-09-02,ECOFINITY,XT,12.6,12.6,12.5,12.5,12.0,2,3,37.0
2022-09-02,2022-09-02,SHREEGANES,X,2.15,2.17,2.12,2.15,2.13,1331,1097845,2360269.0
2022-09-02,2022-09-02,GTV,X,239.9,240.85,226.6,228.25,232.9,37,543,125888.0
2022-09-02,2022-09-02,LICNETFN50,B,187.49,193.5,187.1,188.51,193.28,28,231,43549.0
2022-09-02,2022-09-02,LICNETFSEN,A,637.0,639.0,637.0,638.0,634.13,5,111,70809.0
2022-09-02,2022-09-02,GARBIFIN,XT,30.4,30.7,29.15,30.3,29.7,40,2701,80701.0
2022-09-02,2022-09-02,SMARTFIN,X,7.89,7.89,7.45,7.57,7.41,100,26127,197870.0
2022-09-02,2022-09-02,ADCON,XT,1.46,1.54,1.46,1.5,1.52,245,140718,212800.0
2022-09-02,2022-09-02,QUINT,X,315.6,328.0,315.1,322.45,320.0,97,4593,1479804.0
2022-09-02,2022-09-02,HDFCNIFTY,B,190.0,190.9,188.75,189.23,189.31,107,1708,323891.0
2022-09-02,2022-09-02,HDFCSENSEX,A,640.0,641.96,635.4,638.46,639.0,48,900,575029.0
2022-09-02,2022-09-02,UDAYJEW,X,109.95,113.8,102.0,103.55,104.65,340,278419,28791863.0
2022-09-02,2022-09-02,SATTVASUKU,X,8.88,8.88,8.3,8.64,8.49,88,33458,284269.0
2022-09-02,2022-09-02,GROVY,XT,88.6,90.3,88.6,90.3,86.0,20,202,18070.0
2022-09-02,2022-09-02,ALKEM,A,2954.75,3008.15,2954.75,2973.2,2957.05,577,1763,5264661.0
2022-09-02,2022-09-02,LALPATHLAB,A,2476.9,2531.95,2412.5,2439.45,2479.25,2163,13156,32614736.0
2022-09-02,2022-09-02,SCTL,B,1.35,1.35,1.29,1.33,1.34,1443,748502,989540.0
2022-09-02,2022-09-02,CREATIVE,X,404.0,414.4,403.0,414.35,404.75,33,347,143230.0
2022-09-02,2022-09-02,AAYUSH,X,22.95,22.95,21.85,21.95,23.0,8,673,14743.0
2022-09-02,2022-09-02,LUXIND,B,1873.0,1873.0,1810.0,1815.4,1819.3,1112,4788,8721851.0
2022-09-02,2022-09-02,ABHIINFRA,X,4.05,4.05,4.05,4.05,4.05,2,51,206.0
2022-09-02,2022-09-02,APOORVA,X,42.2,42.2,42.2,42.2,42.5,1,5,211.0
2022-09-02,2022-09-02,AGRIBIO,XT,35.8,38.3,35.05,35.05,36.5,25,14755,537054.0
2022-09-02,2022-09-02,NH,A,725.0,728.65,711.0,712.55,720.65,968,10327,7459930.0
2022-09-02,2022-09-02,DEEPAI,XT,102.4,102.4,92.7,96.75,97.55,344,26330,2582545.0
2022-09-02,2022-09-02,SUPHA,X,138.05,139.0,138.05,139.0,138.95,6,587,81537.0
2022-09-02,2022-09-02,AARNAV,X,53.0,53.0,49.8,50.5,52.1,957,90669,4612902.0
2022-09-02,2022-09-02,SIPTL,X,0.9,0.94,0.9,0.92,0.92,283,175287,160793.0
2022-09-02,2022-09-02,SHIVA,XT,4.4,4.68,4.4,4.66,4.46,38,8003,36473.0
2022-09-02,2022-09-02,MISHTANN,B,10.4,10.75,10.21,10.39,10.55,4417,2174918,22647523.0
2022-09-02,2022-09-02,JSLHISAR,A,246.6,251.5,245.0,245.6,248.05,238,2788,691702.0
2022-09-02,2022-09-02,AMPL,XT,139.9,139.9,131.0,138.15,133.25,530,164310,22648954.0
2022-09-02,2022-09-02,BLUECLOUDS,X,13.05,14.03,12.4,13.74,12.76,38,5507,72151.0
2022-09-02,2022-09-02,KEIL,X,19.65,20.25,19.6,20.25,19.3,57,24189,487283.0
2022-09-02,2022-09-02,BCLENTERPR,X,1.87,1.92,1.86,1.87,1.89,808,620972,1168154.0
2022-09-02,2022-09-02,PRECAM,B,127.85,127.85,122.85,123.1,126.5,129,2088,261098.0
2022-09-02,2022-09-02,TEAMLEASE,A,3384.65,3444.55,3325.0,3348.85,3381.5,326,500,1690878.0
2022-09-02,2022-09-02,KAMATS,B,35.7,36.6,35.0,36.6,34.9,94,23444,848204.0
2022-09-02,2022-09-02,BESTAGRO,B,1299.0,1324.3,1212.8,1231.85,1294.15,5326,29172,36934968.0
2022-09-02,2022-09-02,ACEMEN,XT,46.75,46.75,46.75,46.75,49.2,36,915,42776.0
2022-09-02,2022-09-02,BFLAFL,X,25.0,26.45,24.9,25.5,25.9,572,44757,1151357.0
2022-09-02,2022-09-02,RCL,Z,19.95,19.95,19.0,19.0,19.95,3,25,493.0
2022-09-02,2022-09-02,QUICKHEAL,B,213.9,217.95,213.3,216.1,213.55,1169,17548,3789560.0
2022-09-02,2022-09-02,KAPILRAJ,X,8.9,8.9,8.9,8.9,8.9,1,250,2225.0
2022-09-02,2022-09-02,KPEL,B,392.35,392.35,392.35,392.35,373.7,209,17105,6711146.0
2022-09-02,2022-09-02,IFINSER,X,7.79,7.79,7.67,7.67,7.94,14,2772,21501.0
2022-09-02,2022-09-02,HILIKS,X,9.05,9.05,9.05,9.05,9.5,1,206,1864.0
2022-09-02,2022-09-02,GOKULAGRO,B,90.7,90.7,88.3,89.6,89.65,199,5584,501193.0
2022-09-02,2022-09-02,FREDUN,X,1254.8,1254.8,1165.0,1178.5,1217.5,223,4968,5924115.0
2022-09-02,2022-09-02,SIMBHALS,B,19.75,20.45,18.95,19.35,19.45,154,25143,487881.0
2022-09-02,2022-09-02,RELICAB,M,32.5,32.5,32.5,32.5,35.0,2,10440,339300.0
2022-09-02,2022-09-02,MNIL,XT,20.5,20.5,20.5,20.5,20.5,1,10,205.0
2022-09-02,2022-09-02,ADVIKCA,X,3.5,3.55,3.4,3.5,3.5,540,1147566,4014791.0
2022-09-02,2022-09-02,LICNFNHGP,B,191.73,191.99,189.85,189.93,189.67,11,111,21200.0
2022-09-02,2022-09-02,PDMJEPAPER,B,45.0,45.3,43.7,43.8,44.65,204,15424,682317.0
2022-09-02,2022-09-02,HCG,A,279.95,279.95,268.0,269.15,272.65,393,4593,1247005.0
2022-09-02,2022-09-02,UMIYA,B,8.51,8.51,8.51,8.51,8.51,5,80,680.0
2022-09-02,2022-09-02,BHARATWIRE,B,104.35,110.0,97.15,99.35,104.3,952,60408,6306825.0
2022-09-02,2022-09-02,CHDCHEM,T,7.4,7.7,7.4,7.6,7.52,68,15046,114792.0
2022-09-02,2022-09-02,CCAVENUE,A,15.85,15.95,15.5,15.55,15.81,1270,364744,5726943.0
2022-09-02,2022-09-02,LELAVOIR,XT,44.95,44.95,40.9,42.5,43.05,42,5860,249273.0
2022-09-02,2022-09-02,SUPERIOR,X,2.66,2.68,2.5,2.55,2.52,110,32077,82931.0
2022-09-02,2022-09-02,RPEL,B,604.95,604.95,585.0,588.1,583.25,127,1661,978325.0
2022-09-02,2022-09-02,FRANKLIN,M,8.23,8.23,7.76,7.76,8.15,3,16000,126040.0
2022-09-02,2022-09-02,LANCER,B,266.85,266.85,252.0,255.1,263.5,2815,115719,30165489.0
2022-09-02,2022-09-02,EQUITAS,A,104.8,106.0,101.1,102.3,105.0,819,34639,3616321.0
2022-09-02,2022-09-02,HALDER,X,364.0,364.0,326.05,339.9,337.95,43,442,149396.0
2022-09-02,2022-09-02,THYROCARE,A,615.0,628.3,615.0,620.05,619.45,335,2375,1481618.0
2022-09-02,2022-09-02,BAJAJHCARE,B,368.85,370.5,360.35,361.05,368.0,754,6162,2244913.0
2022-09-02,2022-09-02,UJJIVAN,A,195.7,204.3,193.5,198.35,195.7,1914,64580,12835141.0
2022-09-02,2022-09-02,RSDFIN,X,91.85,96.55,91.85,96.55,96.55,6,62,5840.0
2022-09-02,2022-09-02,CROMPTON,A,404.2,409.3,393.0,395.2,403.65,2040,41928,16839486.0
2022-09-02,2022-09-02,PILANIINVS,B,1740.05,1774.5,1732.0,1746.55,1751.95,122,314,549178.0
2022-09-02,2022-09-02,DARSHANORNA,B,4.08,4.08,3.94,3.99,4.03,218,52977,211966.0
2022-09-02,2022-09-02,PARAGMILK,B,107.45,118.6,107.45,114.75,108.9,4085,318291,36749251.0
2022-09-02,2022-09-02,MADHAVIPL,X,4.61,4.96,4.58,4.61,4.65,798,572934,2697178.0
2022-09-02,2022-09-02,KOCL,XT,2.65,2.81,2.65,2.77,2.68,86,24192,66558.0
2022-09-02,2022-09-02,NAGAFERT,T,8.55,8.65,8.12,8.34,8.54,193,99758,831641.0
2022-09-02,2022-09-02,SEIL,T,70.8,70.85,67.2,69.05,69.8,183,228837,15563169.0
2022-09-02,2022-09-02,LIKHAMI,XT,136.5,136.5,135.0,136.5,130.0,5,33,4492.0
2022-09-02,2022-09-02,MIL,X,46.55,46.55,46.55,46.55,44.35,28,8539,397490.0
2022-09-02,2022-09-02,YASHCHEM,B,46.2,49.8,46.2,48.35,48.0,115,11187,548284.0
2022-09-02,2022-09-02,MAXVIL,B,130.75,132.0,127.8,129.6,129.8,145,1509,195793.0
2022-09-02,2022-09-02,NV20IETF,B,93.03,96.7,93.03,95.42,95.58,157,7197,679255.0
2022-09-02,2022-09-02,JLL,XT,66.15,66.15,66.15,66.15,63.0,5,301,19911.0
2022-09-02,2022-09-02,TAALTECH,X,1638.4,1698.95,1633.15,1666.0,1638.35,102,659,1095954.0
2022-09-02,2022-09-02,MGL,A,874.35,891.5,868.05,870.95,871.5,1754,18166,15984809.0
2022-09-02,2022-09-02,ZEAL,B,7.27,7.45,7.11,7.36,7.14,376,202638,1477182.0
2022-09-02,2022-09-02,QUESS,A,573.0,574.45,567.0,569.0,571.9,657,7017,4010695.0
2022-09-02,2022-09-02,DIGJAMLMTD,T,118.05,120.0,117.95,117.95,124.15,108,5035,594167.0
2022-09-02,2022-09-02,MIDSELIETF,B,102.85,106.7,102.85,105.71,106.03,27,174,18523.0
2022-09-02,2022-09-02,ASYL,B,9.62,10.29,9.38,9.52,9.87,38,3647,35083.0
2022-09-02,2022-09-02,HIIL,X,2252.0,2340.0,2252.0,2284.0,2274.5,34,1722,4017468.0
2022-09-02,2022-09-02,COMSYN,B,272.05,283.85,271.0,279.85,272.45,129,53147,14844845.0
2022-09-02,2022-09-02,LLOYDSENGG,B,15.0,15.2,14.65,14.81,15.05,2693,1502280,22269877.0
2022-09-02,2022-09-02,KPL,B,387.25,387.25,384.0,387.25,352.05,893,84907,32850625.0
2022-09-02,2022-09-02,LTM,A,4560.0,4594.0,4511.0,4523.95,4534.75,3161,13810,62803167.0
2022-09-02,2022-09-02,EASTWEST,X,7.0,7.17,6.55,7.15,6.99,117,19751,137335.0
2022-09-02,2022-09-02,BSLSENETFG,A,55.65,56.86,55.65,56.55,56.74,17,121,6860.0
2022-09-02,2022-09-02,COLORCHIPS,XT,125.4,125.5,125.4,125.5,119.55,3956,359747,45138711.0
2022-09-02,2022-09-02,ADVENZYMES,A,269.4,270.1,267.25,269.25,268.2,499,12309,3313701.0
2022-09-02,2022-09-02,LAHL,XT,4.41,4.41,4.2,4.41,4.2,14,3908,16928.0
2022-09-02,2022-09-02,PTIL,T,280.0,280.0,280.0,280.0,279.0,1,1,280.0
2022-09-02,2022-09-02,DBL,A,247.95,249.7,240.4,242.45,245.1,1158,22283,5490591.0
2022-09-02,2022-09-02,SPAL,B,443.55,451.25,438.0,447.8,439.0,411,2268,1012546.0
2022-09-02,2022-09-02,BIGBLOC,B,112.65,115.8,110.1,113.2,112.4,293,7843,895404.0
2022-09-02,2022-09-02,ECS,XT,4.9,4.9,4.66,4.66,4.9,12,6447,30643.0
2022-09-02,2022-09-02,FRETAIL,T,3.45,3.59,3.36,3.39,3.51,869,932559,3195293.0
2022-09-02,2022-09-02,RBLBANK,A,123.8,124.25,120.9,122.0,122.2,9916,1513619,185709636.0
2022-09-02,2022-09-02,BLS,B,252.0,252.0,243.25,244.9,251.75,2321,114112,28080277.0
2022-09-02,2022-09-02,MITSU,B,301.8,301.8,290.0,294.55,297.9,536,25650,7588352.0
2022-09-02,2022-09-02,SABEVENTS,T,6.8,6.8,6.8,6.8,6.48,4,1201,8166.0
2022-09-02,2022-09-02,TVVISION,T,3.65,3.65,3.65,3.65,3.5,1,500,1825.0
2022-09-02,2022-09-02,GAMCO,X,52.9,52.9,52.9,52.9,52.95,1,65,3438.0
2022-09-02,2022-09-02,TIAANC,X,4.99,5.1,4.8,4.87,4.99,50,7907,38736.0
2022-09-02,2022-09-02,LTTS,A,3659.0,3698.35,3627.8,3641.1,3625.35,2492,13057,47767244.0
2022-09-02,2022-09-02,GNA,B,705.85,735.15,695.25,724.45,701.1,1297,13550,9790761.0
2022-09-02,2022-09-02,RADHIKAJWE,B,179.05,182.2,174.0,174.8,179.1,921,24730,4378800.0
2022-09-02,2022-09-02,ICICIPRULI,A,589.55,608.65,588.55,592.5,592.9,2126,40363,24229401.0
2022-09-02,2022-09-02,IISL,X,3.11,3.11,3.11,3.11,2.97,5,2933,9121.0
2022-09-02,2022-09-02,ARCFIN,X,1.12,1.13,1.04,1.06,1.08,1961,4135033,4518480.0
2022-09-02,2022-09-02,HPL,B,72.0,74.0,71.3,72.0,71.65,709,25482,1841926.0
2022-09-02,2022-09-02,SAGARSOFT,X,167.8,167.8,158.0,159.15,158.3,20,1072,171071.0
2022-09-02,2022-09-02,DRA,M,34.0,37.0,34.0,36.5,34.0,17,42500,1543250.0
2022-09-02,2022-09-02,VALIANTORG,A,612.65,678.0,612.65,660.45,604.55,6354,81145,53474700.0
2022-09-02,2022-09-02,ACML,M,54.4,56.95,54.15,55.0,56.95,18,90000,4885950.0
2022-09-02,2022-09-02,SHASHIJIT,T,19.35,19.35,18.4,18.4,19.35,4,556,10278.0
2022-09-02,2022-09-02,ENDURANCE,A,1547.4,1562.45,1512.85,1516.6,1547.4,1658,10125,15566583.0
2022-09-02,2022-09-02,IDFSENSEXE,A,620.25,623.0,617.45,621.9,618.1,9,35,21693.0
2022-09-02,2022-09-02,PURPLE,X,7.45,7.99,7.45,7.99,7.46,5,312,2465.0
2022-09-02,2022-09-02,SUPRAPFSL,X,24.75,24.75,24.75,24.75,25.7,7,1094,27076.0
2022-09-02,2022-09-02,PNBHOUSING,A,362.0,386.75,362.0,381.5,360.15,5719,155650,58546475.0
2022-09-02,2022-09-02,SOUTHERNIN,XT,15.2,15.3,15.2,15.3,15.45,3,20,305.0
2022-09-02,2022-09-02,REGENCY,X,11.84,11.84,10.16,11.41,11.0,47,15625,176360.0
2022-09-02,2022-09-02,VBL,A,1035.0,1046.1,1025.8,1032.6,1041.35,3343,42260,43862475.0
2022-09-02,2022-09-02,SALEM,X,55.0,55.5,51.1,53.15,53.6,44,1831,98963.0
2022-09-02,2022-09-02,FRANKLININD,X,14.3,14.3,14.3,14.3,13.65,1,10,143.0
2022-09-02,2022-09-02,LKPSEC,X,13.42,15.0,13.11,14.79,13.08,320,181156,2597977.0
2022-09-02,2022-09-02,OSIAJEE,X,48.5,49.4,46.2,46.3,48.6,521,59304,2757111.0
2022-09-02,2022-09-02,SFL,A,2931.05,3311.45,2931.05,3244.9,2994.2,1391,5496,17532877.0
2022-09-02,2022-09-02,EIKO,X,38.0,41.4,38.0,39.2,37.65,144,93974,3651009.0
2022-09-02,2022-09-02,AVL,B,1455.75,1494.95,1375.65,1432.3,1433.4,1508,83748,121264640.0
2022-09-02,2022-09-02,HEADSUP,B,13.5,13.5,12.9,12.92,13.22,75,19781,259879.0
2022-09-02,2022-09-02,TCIEXP,A,1741.05,1810.0,1741.0,1797.8,1754.45,870,4546,8099990.0
2022-09-02,2022-09-02,LAURUSLABS,A,571.35,578.75,567.0,569.6,574.35,2385,63245,36189210.0
2022-09-02,2022-09-02,NEWLIGHT,XT,17.15,18.35,16.65,18.35,17.48,53,5234,95512.0
2022-09-02,2022-09-02,VSL,T,31.5,33.95,30.75,33.95,32.35,4570,966287,31879009.0
2022-09-02,2022-09-02,MTPL,X,10.83,10.83,10.6,10.83,10.32,8,563,6091.0
2022-09-02,2022-09-02,GLCL,Z,12.65,12.65,11.47,11.47,12.07,10,274,3396.0
2022-09-02,2022-09-02,TRU,B,102.8,102.8,94.1,94.1,99.05,1652,128199,12284162.0
2022-09-02,2022-09-02,SKL,M,6.8,6.8,6.8,6.8,6.51,1,10000,68000.0
2022-09-02,2022-09-02,PRICOLLTD,A,173.0,174.15,168.85,169.65,172.45,1617,48449,8306842.0
2022-09-02,2022-09-02,JITFINFRA,T,153.5,153.5,149.1,151.5,150.75,36,1142,171946.0
2022-09-02,2022-09-02,TANVI,M,70.0,70.0,70.0,70.0,70.0,1,2000,140000.0
2022-09-02,2022-09-02,PARMAX,X,32.8,32.8,30.35,32.75,32.85,13,317,9917.0
2022-09-02,2022-09-02,LLFICL,XT,146.8,146.8,146.8,146.8,139.85,759,97617,14330175.0
2022-09-02,2022-09-02,DANUBE,XT,51.1,52.7,51.1,51.15,53.75,363,96105,4912183.0
2022-09-02,2022-09-02,RADIOCITY,B,24.95,24.95,24.45,24.45,24.4,33,1499,36757.0
2022-09-02,2022-09-02,DMART,A,4560.05,4606.0,4512.6,4576.15,4569.2,6256,27611,125995796.0
2022-09-02,2022-09-02,IFL,M,118.0,125.0,118.0,124.85,122.3,20,156000,19318800.0
2022-09-02,2022-09-02,KDLL,XT,14.65,14.65,14.65,14.65,14.7,1,200,2930.0
2022-09-02,2022-09-02,ONTIC,X,1.45,1.45,1.34,1.41,1.39,218,193902,271666.0
2022-09-02,2022-09-02,SMLT,B,136.85,137.15,132.25,133.15,136.1,213,3158,424191.0
2022-09-02,2022-09-02,CHEMCRUX,T,495.95,496.0,467.05,468.5,491.6,4856,61136,28997223.0
2022-09-02,2022-09-02,MANOMAY,M,69.5,69.5,66.0,66.0,69.3,3,8000,542100.0
2022-09-02,2022-09-02,MAXIMUS,T,328.8,333.95,328.8,333.55,324.5,921,29083,9613280.0
2022-09-02,2022-09-02,CLEDUCATE,B,184.15,189.25,176.45,177.95,184.15,932,20867,3738933.0
2022-09-02,2022-09-02,PRIMEFRESH,M,123.0,124.9,120.0,124.45,118.0,4,6000,737850.0
2022-09-02,2022-09-02,OCEANIC,T,36.2,39.75,36.2,36.7,38.1,39,3438,128803.0
2022-09-02,2022-09-02,SHANKARA,A,765.95,798.0,750.25,794.55,762.45,2297,37044,29097794.0
2022-09-02,2022-09-02,STARLENT,B,96.0,96.0,90.4,90.7,93.45,59,2395,220666.0
2022-09-02,2022-09-02,SCHAND,B,191.2,197.0,185.25,187.1,195.45,1426,40607,7780061.0
2022-09-02,2022-09-02,KANUNGO,X,6.9,6.9,6.9,6.9,6.58,1,1,6.0
2022-09-02,2022-09-02,MEERA,B,68.85,70.25,68.6,69.75,68.85,77,3997,278352.0
2022-09-02,2022-09-02,IRBINVIT,IF,56.4,56.93,54.1,56.37,56.31,129,27742,1564444.0
2022-09-02,2022-09-02,HUDCO,A,41.7,42.2,41.3,41.65,41.25,1527,443449,18530395.0
2022-09-02,2022-09-02,PSPPROJECT,A,605.6,608.05,592.65,595.85,605.6,2156,30514,18291566.0
2022-09-02,2022-09-02,GKL,B,16.95,17.55,16.6,17.2,16.95,150,30111,515796.0
2022-09-02,2022-09-02,YUG,M,80.4,80.45,80.05,80.05,76.65,6,24000,1928600.0
2022-09-02,2022-09-02,INDIGRID,IF,139.01,147.0,139.01,143.06,142.98,375,26467,3846586.0
2022-09-02,2022-09-02,VARIMAN,X,21.0,21.2,20.15,20.6,21.2,285,255665,5263956.0
2022-09-02,2022-09-02,STARCEMENT,A,92.25,94.55,92.25,93.9,93.65,219,3758,352874.0
2022-09-02,2022-09-02,TEJASNET,A,667.2,681.5,640.0,652.3,655.7,7124,203638,133716002.0
2022-09-02,2022-09-02,ERIS,A,699.25,708.9,690.7,693.55,698.35,109,712,496115.0
2022-09-02,2022-09-02,CONTAINER,XT,4.1,4.15,3.95,4.15,4.15,14,6841,27427.0
2022-09-02,2022-09-02,GTPL,B,173.0,186.6,173.0,175.8,173.95,390,10324,1826901.0
2022-09-02,2022-09-02,AUBANK,A,647.4,655.1,643.65,644.95,647.4,1581,22487,14630802.0
2022-09-02,2022-09-02,LOWVOLIETF,B,140.92,148.0,140.92,141.94,141.5,39,87,12350.0
2022-09-02,2022-09-02,GGENG,T,3.18,3.28,3.05,3.24,3.13,1014,2705426,8582257.0
2022-09-02,2022-09-02,7NR,B,1.67,1.74,1.65,1.68,1.68,401,890355,1505593.0
2022-09-02,2022-09-02,BHAGYAPROP,B,43.95,44.75,41.6,43.5,41.4,11,620,26743.0
2022-09-02,2022-09-02,SALASAR,B,32.15,32.8,31.65,32.05,32.2,493,41418,1333021.0
2022-09-02,2022-09-02,GANGESSECU,B,112.2,113.0,107.3,109.7,115.7,40,449,50110.0
2022-09-02,2022-09-02,PALASHSECU,B,90.75,92.35,89.9,89.9,92.4,10,118,10673.0
2022-09-02,2022-09-02,AVADHSUGAR,B,532.6,545.5,528.0,537.9,532.6,1193,12869,6935165.0
2022-09-02,2022-09-02,MAGADSUGAR,B,299.55,299.55,295.5,295.95,299.2,36,292,86987.0
2022-09-02,2022-09-02,CTCL,M,35.0,35.0,35.0,35.0,35.0,1,3000,105000.0
2022-09-02,2022-09-02,SPTL,T,3.7,3.85,3.61,3.78,3.79,994,1065424,3944052.0
2022-09-02,2022-09-02,GSTL,B,43.0,45.5,42.3,43.65,42.65,110,6904,304669.0
2022-09-02,2022-09-02,NEXT50BETA,B,45.68,47.4,45.6,45.7,46.21,175,9474,441126.0
2022-09-02,2022-09-02,SIS,A,465.0,474.4,451.0,452.2,455.05,671,5061,2327214.0
2022-09-02,2022-09-02,COCHINSHIP,A,389.0,394.15,377.25,379.3,379.2,3060,132910,51377850.0
2022-09-02,2022-09-02,HALEOSLABS,B,695.55,708.65,695.5,696.0,692.35,6,6,4187.0
2022-09-02,2022-09-02,KIOCL,B,201.6,202.0,198.7,199.95,199.95,338,6191,1245062.0
2022-09-02,2022-09-02,CHOTHANI,M,16.65,16.65,16.65,16.65,18.45,18,270000,4495500.0
2022-09-02,2022-09-02,SMRUTHIORG,X,179.45,184.9,174.7,180.95,172.4,151,11154,2012333.0
2022-09-02,2022-09-02,ABCAPITAL,A,112.75,116.7,112.75,114.7,113.75,2573,128637,14839347.0
2022-09-02,2022-09-02,APEX,B,333.8,335.25,326.1,327.35,333.95,1422,17952,5934614.0
2022-09-02,2022-09-02,SHISHIND,T,195.0,197.0,188.0,190.85,189.6,364,9159,1761824.0
2022-09-02,2022-09-02,ANG,B,154.7,157.0,148.1,153.7,151.3,520,27930,4308884.0
2022-09-02,2022-09-02,KCDGROUP,X,47.95,47.95,47.95,47.95,47.5,3,3,143.0
2022-09-02,2022-09-02,DIXON,A,4095.0,4195.0,4068.9,4106.65,4074.95,6193,23629,97677625.0
2022-09-02,2022-09-02,BRNL,B,35.6,35.6,33.5,33.75,34.2,146,9949,341082.0
2022-09-02,2022-09-02,DCAL,A,121.6,123.0,119.5,120.25,121.05,692,16010,1943808.0
2022-09-02,2022-09-02,LASA,T,34.4,35.85,34.4,34.95,34.4,30,7034,249596.0
2022-09-02,2022-09-02,MATRIMONY,A,722.4,722.4,699.55,702.5,717.9,118,660,465069.0
2022-09-02,2022-09-02,RHFL,B,5.09,5.34,4.78,5.34,4.45,2942,6324865,32683383.0
2022-09-02,2022-09-02,CAPACITE,B,166.95,173.8,164.5,166.4,167.0,1204,132029,22425349.0
2022-09-02,2022-09-02,ICICIGI,A,1271.25,1283.95,1253.6,1257.55,1271.0,1862,8039,10221523.0
2022-09-02,2022-09-02,PQIF,B,57.0,57.0,54.25,55.25,55.2,132,3030,167844.0
2022-09-02,2022-09-02,SBILIFE,A,1310.0,1310.75,1284.0,1288.65,1296.7,3200,39821,51797332.0
2022-09-02,2022-09-02,DIAMONDYD,B,801.05,807.15,786.9,799.2,807.05,67,671,532387.0
2022-09-02,2022-09-02,SHAREINDIA,A,1109.9,1118.0,1093.0,1098.35,1107.45,1287,7896,8772776.0
2022-09-02,2022-09-02,TTFL,B,125.1,134.85,125.1,132.15,128.45,390,116921,15260444.0
2022-09-02,2022-09-02,POOJA,B,23.85,24.75,22.9,23.05,24.3,252,43340,1018481.0
2022-09-02,2022-09-02,SAYAJIIND,X,209.95,210.0,203.0,203.0,206.9,6,351,73700.0
2022-09-02,2022-09-02,MEHAI,T,32.6,35.4,32.6,32.6,34.3,1034,204420,6754618.0
2022-09-02,2022-09-02,IRIS,B,83.9,85.0,82.95,85.0,82.65,76,2838,237416.0
2022-09-02,2022-09-02,SGRL,B,234.65,234.95,227.05,229.3,227.75,115,5556,1276974.0
2022-09-02,2022-09-02,STL,B,284.95,288.0,281.0,282.45,279.25,136,10224,2905790.0
2022-09-02,2022-09-02,GODREJAGRO,A,520.4,525.0,518.95,521.6,521.4,412,5224,2724206.0
2022-09-02,2022-09-02,MASFIN,A,736.65,767.45,729.95,753.05,730.75,1518,15411,11541841.0
2022-09-02,2022-09-02,IEX,A,160.4,161.4,157.6,157.95,160.1,3753,205040,32557288.0
2022-09-02,2022-09-02,GICRE,A,125.6,127.35,123.65,124.2,125.75,965,20801,2593241.0
2022-09-02,2022-09-02,KAARYAFSL,M,23.5,23.5,22.9,22.9,23.1,2,6000,139200.0
2022-09-02,2022-09-02,SCPL,M,510.0,510.0,500.0,507.2,500.3,37,14800,7500900.0
2022-09-02,2022-09-02,TIINDIA,A,2270.0,2325.55,2270.0,2292.7,2260.15,2715,14241,32765229.0
2022-09-02,2022-09-02,NAM-INDIA,A,300.75,301.95,289.0,291.5,300.55,1096,27204,8034138.0
2022-09-02,2022-09-02,MAHLOG,A,487.0,487.0,475.75,482.75,478.25,1057,15652,7511947.0
2022-09-02,2022-09-02,NIACL,A,97.4,97.4,92.7,93.6,96.15,2478,183779,17419144.0
2022-09-02,2022-09-02,IFGLEXPOR,B,259.4,267.0,257.05,263.25,257.8,153,1916,499262.0
2022-09-02,2022-09-02,KHADIM,B,268.25,268.75,260.1,263.8,263.9,64,617,162216.0
2022-09-02,2022-09-02,5PAISA,B,342.8,344.0,328.95,332.1,341.4,1085,14305,4782940.0
2022-09-02,2022-09-02,HDFCLIFE,A,572.1,586.0,571.35,574.9,575.8,5974,148569,86082168.0
2022-09-02,2022-09-02,SHARIKA,B,9.5,9.5,8.96,9.13,9.31,452,156914,1432214.0
2022-09-02,2022-09-02,ICICIB22,A,52.9,53.42,52.75,53.13,53.02,231,17359,922799.0
2022-09-02,2022-09-02,ASPIRA,X,44.45,44.45,40.0,42.15,41.85,74,8382,343926.0
2022-09-02,2022-09-02,DNAMEDIA,T,3.0,3.28,3.0,3.24,3.13,32,7657,24791.0
2022-09-02,2022-09-02,DYCL,B,169.0,169.8,162.05,163.35,161.75,487,19217,3208598.0
2022-09-02,2022-09-02,RATNABHUMI,T,102.05,102.05,102.05,102.05,97.2,8,551,56229.0
2022-09-02,2022-09-02,SHALBY,B,128.6,130.0,126.6,128.4,128.75,239,2421,312040.0
2022-09-02,2022-09-02,FSC,T,26.3,27.3,26.3,27.1,27.0,17,1544,41588.0
2022-09-02,2022-09-02,MRCAGRO,M,64.3,67.9,64.25,67.0,67.0,5,12000,793200.0
2022-09-02,2022-09-02,DML,M,9.94,10.0,9.89,9.9,9.4,17,200000,1982500.0
2022-09-02,2022-09-02,CRYSTAL,XT,18.05,18.95,18.05,18.95,18.05,5048,2943053,55770827.0
2022-09-02,2022-09-02,VITESSE,XT,23.5,23.6,21.4,23.15,22.5,182,45894,1050054.0
2022-09-02,2022-09-02,ASTRON,B,38.25,39.0,38.15,38.3,37.8,93,2121,81471.0
2022-09-02,2022-09-02,CHANDRIMA,X,4.54,4.54,4.54,4.54,4.54,2,5,22.0
2022-09-02,2022-09-02,7SEASL,XT,19.0,20.3,18.5,20.3,19.4,17,1324,25714.0
2022-09-02,2022-09-02,APOLLO,B,150.0,150.95,147.0,148.2,150.1,806,17824,2649064.0
2022-09-02,2022-09-02,NEWGEN,A,394.0,397.85,391.3,394.45,393.7,964,13503,5322866.0
2022-09-02,2022-09-02,PRAXIS,B,30.5,31.4,30.05,30.75,30.9,121,8170,250693.0
2022-09-02,2022-09-02,AMBER,A,2251.65,2265.1,2235.45,2251.65,2247.25,1028,3886,8735045.0
2022-09-02,2022-09-02,TIRUFOAM,X,83.7,83.7,83.7,83.7,81.25,1,1,83.0
2022-09-02,2022-09-02,ASHOKAMET,M,8.49,8.6,8.4,8.4,9.09,3,18000,152940.0
2022-09-02,2022-09-02,GALAXYSURF,A,3283.8,3304.75,3242.1,3272.85,3270.0,446,1030,3367929.0
2022-09-02,2022-09-02,GGL,B,13.19,13.88,12.0,12.67,12.77,482,171464,2202667.0
2022-09-02,2022-09-02,MEDICO,B,103.45,104.65,100.9,103.45,102.1,93,3150,324053.0
2022-09-02,2022-09-02,KENVI,T,42.35,45.95,42.3,42.3,44.5,26,1871,79185.0
2022-09-02,2022-09-02,IWP,X,26.3,27.6,25.95,26.4,27.0,152,41480,1091830.0
2022-09-02,2022-09-02,TDSL,B,18.55,19.5,18.55,19.3,18.95,99,26130,502706.0
2022-09-02,2022-09-02,BHATIA,T,34.35,34.8,33.2,34.8,33.15,378,80264,2776005.0
2022-09-02,2022-09-02,SHIVAMILLS,B,114.15,132.65,112.9,132.6,110.55,1074,102840,13415760.0
2022-09-02,2022-09-02,ASTERDM,A,219.3,233.0,216.55,231.6,220.25,1685,57006,13011282.0
2022-09-02,2022-09-02,YSL,X,13399.95,13399.95,13105.0,13105.0,13399.95,2,4,52714.0
2022-09-02,2022-09-02,KANCOTEA,X,81.2,83.3,81.2,81.6,82.8,4,2181,177298.0
2022-09-02,2022-09-02,ANGEL,M,44.25,45.0,44.15,44.5,45.0,5,20000,888400.0
2022-09-02,2022-09-02,HGINFRA,A,593.8,607.0,592.45,599.0,597.0,972,11155,6678069.0
2022-09-02,2022-09-02,INFLAME,M,659.95,660.0,563.0,567.05,615.5,82,45000,26862425.0
2022-09-02,2022-09-02,BPLPHARMA,XT,326.45,333.7,326.45,331.45,326.5,38,1019,335355.0
2022-09-02,2022-09-02,LIQUIDETF,F,1000.01,1000.01,999.99,1000.0,1000.01,66,5513,5513009.0
2022-09-02,2022-09-02,BDL,A,835.0,854.0,826.0,834.2,830.85,2832,68467,57626637.0
2022-09-02,2022-09-02,ACTIVE,T,36.25,36.25,33.0,34.0,34.6,12,843,28768.0
2022-09-02,2022-09-02,GOYALALUM,M,95.0,95.0,95.0,95.0,90.0,1,1440,136800.0
2022-09-02,2022-09-02,BANDHANBNK,A,279.95,281.0,275.45,276.15,278.4,4550,178227,49474720.0
2022-09-02,2022-09-02,HAL,A,2324.0,2424.6,2320.4,2369.9,2300.4,7666,79092,188670648.0
2022-09-02,2022-09-02,DHARAN,T,2.32,2.42,2.3,2.39,2.32,1278,2560370,6018758.0
2022-09-02,2022-09-02,SANDHAR,B,222.25,231.9,220.1,224.95,219.95,686,14386,3251080.0
2022-09-02,2022-09-02,YASHO,B,1649.0,1695.0,1630.0,1681.1,1614.3,3553,54904,92291570.0
2022-09-02,2022-09-02,BENARA,M,13.7,13.7,13.45,13.45,14.1,2,4000,54300.0
2022-09-02,2022-09-02,ISEC,A,500.05,506.5,498.0,500.15,500.85,1135,19058,9537625.0
2022-09-02,2022-09-02,MIDHANI,A,195.7,204.85,194.9,201.75,197.85,1132,22668,4532171.0
2022-09-02,2022-09-02,OBCL,B,105.95,106.0,102.0,104.7,102.4,175,5367,555365.0
2022-09-02,2022-09-02,TRL,M,16.4,16.4,16.4,16.4,15.62,1,4000,65600.0
2022-09-02,2022-09-02,LEMONTREE,A,72.6,73.5,71.75,72.1,71.4,4002,635736,46226603.0
2022-09-02,2022-09-02,CHEMFAB,B,340.3,340.3,340.3,340.3,324.1,38,1875,638062.0
2022-09-02,2022-09-02,HARDWYN,B,230.0,235.9,226.6,228.6,230.6,139,1738,404191.0
2022-09-02,2022-09-02,ORIENTELEC,A,257.0,259.95,253.0,254.15,255.9,727,14477,3706297.0
2022-09-02,2022-09-02,DHRUV,B,71.95,71.95,63.75,64.95,69.95,154,10426,686612.0
2022-09-02,2022-09-02,AKSHAR,B,118.55,121.55,117.9,121.3,117.0,74,1160,138607.0
2022-09-02,2022-09-02,INDOUS,M,88.0,92.4,88.0,92.4,88.0,5,19500,1751400.0
2022-09-02,2022-09-02,BSE500IETF,A,25.52,25.75,25.21,25.52,25.52,217,10891,277818.0
2022-09-02,2022-09-02,INDOSTAR,B,197.0,197.0,182.05,183.35,190.65,352,8840,1688561.0
2022-09-02,2022-09-02,MILEFUR,M,3.35,3.35,3.35,3.35,3.35,2,15000,50250.0
2022-09-02,2022-09-02,PARVATI,X,10.88,10.88,10.05,10.54,10.73,103,60413,636869.0
2022-09-02,2022-09-02,MEGASTAR,B,185.0,185.0,172.5,172.5,181.55,114,2362,414164.0
2022-09-02,2022-09-02,INNOVATORS,M,58.1,58.5,58.0,58.5,59.4,3,4800,279360.0
2022-09-02,2022-09-02,ZIMLAB,X,255.7,276.95,255.7,267.0,264.1,147,4554,1217547.0
2022-09-02,2022-09-02,AFFORDABLE,M,141.9,141.9,135.2,136.2,136.6,20,18400,2537320.0
2022-09-02,2022-09-02,DOLLAR,A,456.25,456.6,441.0,443.0,453.75,1183,16769,7483386.0
2022-09-02,2022-09-02,NGIL,B,133.0,133.85,126.1,130.7,127.85,19,235,30084.0
2022-09-02,2022-09-02,PALMJEWELS,B,15.5,17.6,15.5,16.6,15.65,135,47707,785795.0
2022-09-02,2022-09-02,WAA,M,39.1,40.5,39.1,39.6,39.5,21,33600,1334880.0
2022-09-02,2022-09-02,ADANIGREEN,A,2412.3,2445.9,2350.05,2383.05,2392.85,4927,53393,128697352.0
2022-09-02,2022-09-02,UNICK,XT,41.0,45.0,41.0,45.0,43.0,14,1681,69325.0
2022-09-02,2022-09-02,SOLARA,A,435.5,454.75,435.5,441.7,443.35,1619,13583,6055954.0
2022-09-02,2022-09-02,GAYAHWS,T,0.94,0.94,0.94,0.94,0.98,46,21810,20501.0
2022-09-02,2022-09-02,RITES,A,302.5,314.4,297.0,298.7,299.85,2538,47608,14636427.0
2022-09-02,2022-09-02,FINEORG,A,6185.7,6195.15,6052.3,6144.9,6081.9,1472,3555,21789449.0
2022-09-02,2022-09-02,VARROC,A,356.3,384.2,352.55,380.5,353.8,3555,83021,31026987.0
2022-09-02,2022-09-02,RAJNISH,T,16.7,16.7,16.7,16.7,17.55,79,27200,454240.0
2022-09-02,2022-09-02,RAWEDGE,T,49.95,51.35,46.55,47.3,48.95,31,14649,738638.0
2022-09-02,2022-09-02,TCNSBRANDS,A,595.3,675.0,591.55,663.5,595.45,3321,31993,20595145.0
2022-09-02,2022-09-02,HDFCAMC,A,2046.0,2047.0,2011.0,2014.85,2041.5,3841,22291,45129798.0
2022-09-02,2022-09-02,VIVANTA,X,21.0,21.25,20.1,21.25,20.25,119,39497,821189.0
2022-09-02,2022-09-02,FRATELLI,X,34.0,34.9,33.05,33.9,33.4,37,2974,100807.0
2022-09-02,2022-09-02,CREDITACC,A,981.2,998.0,974.05,994.4,983.05,1081,7369,7281739.0
2022-09-02,2022-09-02,AMINTAN,X,3.0,3.06,2.91,2.97,3.06,258,153904,456377.0
2022-09-02,2022-09-02,DEEP,B,177.0,180.0,171.0,173.6,168.25,961,82223,14286460.0
2022-09-02,2022-09-02,NEXT50IETF,B,45.02,45.46,44.8,44.98,45.02,96,2574,116631.0
2022-09-02,2022-09-02,ASRL,B,93.55,98.85,92.1,93.35,90.55,5674,432949,41673862.0
2022-09-02,2022-09-02,SPACEINCUBA,X,2.84,2.95,2.82,2.85,2.76,96,72526,211011.0
2022-09-02,2022-09-02,SGIL,B,158.4,161.5,158.4,161.35,161.0,15,500,80041.0
2022-09-02,2022-09-02,LIQUIDIETF,F,1000.0,1000.0,1000.0,1000.0,1000.0,11,9602,9602000.0
2022-09-02,2022-09-02,IRCON,A,42.0,43.5,41.7,43.05,41.7,1467,230411,9876379.0
2022-09-02,2022-09-02,SKYGOLD,M,163.5,164.0,163.5,164.0,163.6,14,32000,5242640.0
2022-09-02,2022-09-02,SETFSN50,A,532.86,533.56,528.0,528.84,531.0,18,461,245661.0
2022-09-02,2022-09-02,MANORAMA,B,1236.0,1270.85,1199.35,1225.8,1221.55,305,1137,1397164.0
2022-09-02,2022-09-02,INNOVATIVE,M,4.7,4.83,4.63,4.7,4.79,17,23000,108070.0
2022-09-02,2022-09-02,AAVAS,A,2302.1,2327.45,2245.0,2274.1,2308.1,1203,5361,12313877.0
2022-09-02,2022-09-02,GRSE,A,312.6,322.2,308.0,310.2,312.55,1581,51036,16080445.0
2022-09-02,2022-09-02,A1L,B,378.0,378.0,315.0,315.75,315.0,152,29797,9402865.0
2022-09-02,2022-09-02,DOLFIN,B,101.0,105.7,97.1,103.55,100.45,168,6189,620989.0
2022-09-02,2022-09-02,SHUBHAM,T,197.4,197.4,197.4,197.4,207.75,99,1161,229181.0
2022-09-02,2022-09-02,AKI,M,87.0,87.0,87.0,87.0,86.0,8,58500,5089500.0
2022-09-02,2022-09-02,SUNRETAIL,M,0.71,0.71,0.69,0.71,0.7,8,384000,270240.0
2022-09-02,2022-09-02,SMGOLD,B,41.05,42.3,40.55,40.55,45.05,771,159454,6480574.0
2022-09-02,2022-09-02,VIVIDM,B,32.0,34.35,32.0,32.35,33.55,14,479,15487.0
2022-09-02,2022-09-02,BCPL,B,39.55,39.9,38.1,39.0,38.85,245,13133,512991.0
2022-09-02,2022-09-02,ATGL,A,3679.95,3735.4,3570.0,3625.5,3635.8,2032,14530,53445775.0
2022-09-02,2022-09-02,NIFTYETF,B,184.0,185.0,182.24,184.04,182.17,50,289,53106.0
2022-09-02,2022-09-02,TECHNOE,A,295.0,295.0,285.9,287.35,287.4,458,4579,1325841.0
2022-09-02,2022-09-02,DGL,M,2.44,2.44,2.44,2.44,2.33,4,8000,19520.0
2022-09-02,2022-09-02,NIVAKA,XT,4.25,4.67,4.24,4.44,4.46,45,5671,24894.0
2022-09-02,2022-09-02,DALBHARAT,A,1534.9,1558.7,1524.0,1535.6,1530.85,1048,5416,8345037.0
2022-09-02,2022-09-02,ABSLNN50ET,B,44.9,45.07,44.72,44.82,45.0,16,75,3370.0
2022-09-02,2022-09-02,NILASPACES,B,3.87,4.0,3.39,3.94,3.64,673,743110,2821584.0
2022-09-02,2022-09-02,SRD,T,169.2,169.2,169.2,169.2,161.15,214,30480,5157216.0
2022-09-02,2022-09-02,TREJHARA,B,68.0,69.95,68.0,69.35,68.7,63,2870,198192.0
2022-09-02,2022-09-02,DECCAN,M,31.75,32.1,31.5,32.0,32.05,9,20400,647880.0
2022-09-02,2022-09-02,AXITA,B,328.4,328.4,304.95,305.8,318.15,2068,88206,27815884.0
2022-09-02,2022-09-02,KPIGREEN,B,928.5,934.2,888.0,891.15,919.85,1458,14292,12977231.0
2022-09-02,2022-09-02,RPSGVENT,A,539.95,545.35,531.5,533.7,537.0,266,1969,1057123.0
2022-09-02,2022-09-02,SPENCERS,B,79.95,82.25,78.15,78.25,78.65,480,23585,1878280.0
2022-09-02,2022-09-02,GLOSTERLTD,X,1164.0,1190.0,1155.05,1157.7,1154.85,180,3258,3817444.0
2022-09-02,2022-09-02,XELPMOC,B,167.3,169.5,165.0,168.85,167.3,358,7807,1302583.0
2022-09-02,2022-09-02,RITCO,B,245.25,248.0,230.05,232.05,242.0,425,13055,3109139.0
2022-09-02,2022-09-02,CHALET,A,334.0,343.25,324.8,332.7,324.2,1532,25287,8446160.0
2022-09-02,2022-09-02,ANMOL,B,172.0,182.8,172.0,180.0,180.7,36,478,84736.0
2022-09-02,2022-09-02,JONJUA,M,11.84,11.84,11.84,11.84,11.28,4,11804,139759.0
2022-09-02,2022-09-02,KRANTI,B,95.95,103.5,95.0,101.65,93.7,815,76212,7610146.0
2022-09-02,2022-09-02,ANUP,B,926.5,938.2,884.8,889.95,917.35,254,1297,1173715.0
2022-09-02,2022-09-02,ARVINDFASN,A,278.95,287.5,274.8,282.1,277.65,1529,29439,8322543.0
2022-09-02,2022-09-02,SNXT50BETA,A,53.79,53.79,52.75,52.75,52.85,24,1173,62163.0
2022-09-02,2022-09-02,AGOL,T,54.4,54.95,54.4,54.95,52.35,57,7172,393843.0
2022-09-02,2022-09-02,MSTCLTD,A,271.85,276.95,266.55,270.35,270.05,878,25353,6869597.0
2022-09-02,2022-09-02,EMBASSY,IF,366.0,367.4,364.4,365.76,366.0,266,7499,2740186.0
2022-09-02,2022-09-02,CHANDNIMACH,X,26.6,26.6,25.5,25.5,26.8,16,1023,26463.0
2022-09-02,2022-09-02,NSL,M,63.2,63.2,63.2,63.2,60.2,4,15000,948000.0
2022-09-02,2022-09-02,RVNL,A,33.0,33.75,32.6,32.75,32.95,1412,478888,15856466.0
2022-09-02,2022-09-02,METROPOLIS,A,1445.0,1446.9,1396.65,1406.25,1429.6,669,2921,4163604.0
2022-09-02,2022-09-02,KPITTECH,A,574.4,577.0,561.1,563.7,570.45,6492,138950,79327801.0
2022-09-02,2022-09-02,POLYCAB,A,2488.0,2542.95,2466.6,2474.75,2482.45,2205,11592,29127731.0
2022-09-02,2022-09-02,VRFILMS,M,550.0,579.65,525.2,528.85,589.0,8,2000,1086325.0
2022-09-02,2022-09-02,VIKASLIFE,T,5.22,5.3,5.12,5.2,5.2,1100,5923310,30794548.0
2022-09-02,2022-09-02,NEOGEN,A,1555.0,1555.0,1501.05,1532.1,1524.3,465,1388,2120467.0
2022-09-02,2022-09-02,GKP,B,116.7,116.7,116.7,116.7,122.8,191,7246,845608.0
2022-09-02,2022-09-02,WORL,B,135.25,135.25,129.1,130.75,130.3,84,1952,256217.0
2022-09-02,2022-09-02,BMW,X,24.05,25.1,24.05,24.95,24.65,98,3811,93741.0
2022-09-02,2022-09-02,AEPL,B,52.05,55.0,52.05,54.35,53.2,38,3227,173856.0
2022-09-02,2022-09-02,MAHESH,XT,11.59,11.59,11.5,11.5,11.59,4,45,517.0
2022-09-02,2022-09-02,CHCL,M,19.8,19.8,18.05,18.05,18.0,5,10000,193500.0
2022-09-02,2022-09-02,DEL,X,24.3,24.3,23.5,23.5,24.3,7,121,2873.0
2022-09-02,2022-09-02,HARISH,X,43.0,43.0,43.0,43.0,43.9,3,68,2924.0
2022-09-02,2022-09-02,PPL,B,192.7,195.45,187.15,188.2,188.55,1955,31944,6108017.0
2022-09-02,2022-09-02,DGCONTENT,B,16.45,16.95,16.45,16.55,16.3,33,18906,319393.0
2022-09-02,2022-09-02,PARSHVA,T,166.4,168.0,158.1,158.5,166.4,13,192,30643.0
2022-09-02,2022-09-02,ARL,B,73.0,73.0,70.3,71.5,69.4,409,39259,2826416.0
2022-09-02,2022-09-02,MURAE,B,2.43,2.44,2.28,2.32,2.39,1934,2636152,6110807.0
2022-09-02,2022-09-02,SBC,B,7.3,7.45,7.14,7.38,7.17,360,251452,1834828.0
2022-09-02,2022-09-02,INDIAMART,A,4470.0,4875.45,4463.0,4756.2,4483.2,6603,24784,117233952.0
2022-09-02,2022-09-02,DCMNVL,B,201.5,202.0,193.0,195.35,198.65,110,3071,600128.0
2022-09-02,2022-09-02,BANKIETF,B,39.02,39.8,39.02,39.48,39.47,100,20697,816288.0
2022-09-02,2022-09-02,SNXT50BEES,A,52.4,53.0,51.82,52.12,52.35,61,1632,85479.0
2022-09-02,2022-09-02,AFFLE,A,1333.95,1333.95,1290.0,1294.6,1313.2,3358,28480,37281422.0
2022-09-02,2022-09-02,SEACOAST,XT,5.65,5.65,5.65,5.65,5.39,227,390384,2205669.0
2022-09-02,2022-09-02,PVTBANIETF,B,201.0,201.5,199.3,200.6,200.15,21,220,44129.0
2022-09-02,2022-09-02,SPANDANA,B,563.5,601.8,563.5,575.6,576.1,3511,65269,37902935.0
2022-09-02,2022-09-02,SWSOLAR,A,300.0,313.6,300.0,302.75,301.5,2086,52078,15964525.0
2022-09-02,2022-09-02,ALPHALOGIC,B,52.5,53.45,52.0,52.8,52.25,109,3828,202517.0
2022-09-02,2022-09-02,360ONE,A,1670.5,1694.65,1651.55,1661.95,1666.4,130,277,463983.0
2022-09-02,2022-09-02,IIFLCAPS,A,72.4,72.95,71.8,72.0,72.0,346,18827,1361073.0
2022-09-02,2022-09-02,MUFIN,X,140.3,147.8,139.7,141.55,143.95,194,43491,6148753.0
2022-09-02,2022-09-02,MISQUITA,M,48.5,50.0,48.5,50.0,48.25,3,6000,296800.0
2022-09-02,2022-09-02,GALACTICO,T,26.5,26.5,26.5,26.5,27.85,417,25693,680864.0
2022-09-02,2022-09-02,FLUOROCHEM,A,3344.05,3369.2,3299.1,3356.0,3375.85,2260,15732,52348896.0
2022-09-02,2022-09-02,NIEHSPI,B,2.55,3.0,2.55,2.65,2.8,6,488,1289.0
2022-09-02,2022-09-02,IRCTC,A,714.0,726.0,710.45,712.8,706.95,4949,136085,97824448.0
2022-09-02,2022-09-02,NIESSPE,B,2.27,2.27,2.27,2.27,2.27,1,30,68.0
2022-09-02,2022-09-02,NIEHSPD,B,0.95,0.95,0.84,0.89,0.89,27,16108,13844.0
2022-09-02,2022-09-02,NIEHSPE,B,1.7,1.92,1.7,1.91,1.75,31,3450,6434.0
2022-09-02,2022-09-02,NIESSPK,B,4.14,4.14,4.14,4.14,3.77,1,2,8.0
2022-09-02,2022-09-02,NIEHSPG,B,3.7,3.7,3.69,3.69,3.7,4,212,782.0
2022-09-02,2022-09-02,NIEHSPH,B,1.76,1.76,1.73,1.75,1.81,10,171,299.0
2022-09-02,2022-09-02,NIEHSPL,B,1.15,1.15,1.14,1.15,1.07,13,10929,12533.0
2022-09-02,2022-09-02,NIESSPL,B,0.83,0.83,0.82,0.83,0.9,19,19751,16348.0
2022-09-02,2022-09-02,NIESSPM,B,2.56,2.99,2.55,2.84,2.83,15,1698,4364.0
2022-09-02,2022-09-02,GOBLIN,M,63.5,63.5,63.5,63.5,60.5,7,18000,1143000.0
2022-09-02,2022-09-02,GENSOL,M,1975.55,1990.0,1876.8,1876.8,1975.55,134,81928,157288114.0
2022-09-02,2022-09-02,VISHWARAJ,B,17.5,17.5,17.2,17.25,17.2,198,57666,1000197.0
2022-09-02,2022-09-02,GREENPANEL,A,453.1,456.55,441.4,450.25,452.75,2345,31856,14268193.0
2022-09-02,2022-09-02,SHAHLON,X,15.7,15.7,14.5,14.8,14.98,76,25348,376556.0
2022-09-02,2022-09-02,ABSLBANETF,B,39.5,39.6,38.71,39.35,39.5,41,3305,129606.0
2022-09-02,2022-09-02,ANUROOP,M,29.95,31.6,29.2,31.1,29.9,10,100000,3059000.0
2022-09-02,2022-09-02,CSBBANK,A,212.9,218.6,210.8,216.15,210.5,950,27518,5938830.0
2022-09-02,2022-09-02,ABCRSPRG,F,1.15,1.15,1.06,1.13,1.06,9,2782,3088.0
2022-09-02,2022-09-02,ABCRSPDG,F,1.4,1.4,1.4,1.4,1.28,1,20,28.0
2022-09-02,2022-09-02,ABDBSPDG,F,8.0,8.0,7.27,7.27,8.07,4,580,4251.0
2022-09-02,2022-09-02,ABDBSPRG,F,1.87,2.27,1.87,2.07,2.07,8,925,1834.0
2022-09-02,2022-09-02,ABMTSPRDG,F,4.95,4.95,4.95,4.95,4.5,1,2,9.0
2022-09-02,2022-09-02,ABMTSPRG,F,3.2,3.2,3.2,3.2,3.2,1,1,3.0
2022-09-02,2022-09-02,ABMTSPRQD,F,4.28,4.28,4.28,4.28,3.9,1,1,4.0
2022-09-02,2022-09-02,UJJIVANSFB,B,21.0,21.25,20.7,20.85,20.9,549,133923,2797260.0
2022-09-02,2022-09-02,HINDWAREAP,A,364.0,378.0,355.4,371.75,361.0,1161,15526,5710646.0
2022-09-02,2022-09-02,PRINCEPIPE,A,589.95,601.65,588.65,593.0,588.55,977,10267,6104308.0
2022-09-02,2022-09-02,EBBETF0423,F,1187.0,1187.0,1187.0,1187.0,1184.15,2,40,47480.0
2022-09-02,2022-09-02,EBBETF0430,F,1213.1,1220.0,1213.1,1219.75,1216.09,11,14,17064.0
2022-09-02,2022-09-02,GIANLIFE,M,32.0,34.0,32.0,32.65,33.0,8,26400,862125.0
2022-09-02,2022-09-02,ARTEMISMED,B,66.45,66.45,63.45,64.1,65.3,554,51783,3374438.0
2022-09-02,2022-09-02,SUMICHEM,A,490.1,493.85,476.55,479.7,492.3,2731,63037,30541723.0
2022-09-02,2022-09-02,MIDCAPIETF,B,122.99,122.99,119.61,121.68,120.5,74,4420,534372.0
2022-09-02,2022-09-02,NEXT50,B,442.0,443.57,440.05,440.53,440.12,23,151,66879.0
2022-09-02,2022-09-02,TRANWAY21,MS,11.3,11.3,11.3,11.3,12.3,1,10000,113000.0
2022-09-02,2022-09-02,JANUSCORP,M,8.6,9.0,8.01,8.82,8.2,46,81000,683205.0
2022-09-02,2022-09-02,UNIVPHOTO,B,570.6,570.6,525.0,532.6,546.0,16,114,60439.0
2022-09-02,2022-09-02,CBPL,M,100.0,102.6,100.0,102.6,97.8,15,67000,6705100.0
2022-09-02,2022-09-02,ICLORGANIC,MT,20.05,22.15,20.05,21.5,21.1,5,30000,645600.0
2022-09-02,2022-09-02,OCTAVIUSPL,X,57.75,57.75,52.35,53.1,55.1,5,304,16149.0
2022-09-02,2022-09-02,COHANCE,A,499.2,501.75,485.0,490.7,492.9,1661,23678,11676487.0
2022-09-02,2022-09-02,SBICARD,A,939.6,940.0,925.5,932.25,928.45,4371,69222,64479699.0
2022-09-02,2022-09-02,07GPG,F,1.15,1.29,1.13,1.2,1.25,34,11606,14430.0
2022-09-02,2022-09-02,09AGG,F,344.65,344.65,344.65,344.65,313.32,21,260,89609.0
2022-09-02,2022-09-02,09GPG,F,2.66,2.66,2.66,2.66,2.42,15,6077,16164.0
2022-09-02,2022-09-02,08MPD,B,2.77,3.01,2.6,2.75,2.75,70,30234,83623.0
2022-09-02,2022-09-02,08GPG,B,1.19,1.25,1.17,1.19,1.23,68,55145,65425.0
2022-09-02,2022-09-02,10ARD,F,113.51,131.88,113.51,118.28,124.02,74,1342,160358.0
2022-09-02,2022-09-02,10GPG,F,0.91,0.91,0.83,0.9,0.89,28,22354,19174.0
2022-09-02,2022-09-02,11DPR,B,8.19,9.0,7.38,7.42,8.19,37,6837,50950.0
2022-09-02,2022-09-02,11GPG,B,1.56,1.56,1.45,1.47,1.45,40,23391,34532.0
2022-09-02,2022-09-02,11MPD,B,2.0,2.0,1.9,1.96,1.94,22,5631,11183.0
2022-09-02,2022-09-02,11MPR,B,8.39,8.39,6.9,8.0,7.63,10,764,5321.0
2022-09-02,2022-09-02,11QPD,B,1.78,1.78,1.78,1.78,1.8,1,235,418.0
2022-09-02,2022-09-02,11AGG,B,12.99,12.99,11.72,12.67,12.68,39,5049,62839.0
2022-09-02,2022-09-02,11AMD,B,26.7,28.65,26.7,27.95,27.1,8,202,5505.0
2022-09-02,2022-09-02,11DPD,B,3.56,3.6,3.22,3.45,3.4,27,3601,12070.0
2022-09-02,2022-09-02,POWERINDIA,A,3845.0,3850.45,3751.0,3771.55,3759.3,1065,2903,11004249.0
2022-09-02,2022-09-02,DJML,M,72.15,75.5,65.05,73.6,71.55,56,116000,8394200.0
2022-09-02,2022-09-02,NIRMITEE,MS,103.3,103.3,103.3,103.3,98.4,1,1800,185940.0
2022-09-02,2022-09-02,NATURAL,X,5.3,5.45,5.02,5.22,5.18,178,108452,569912.0
2022-09-02,2022-09-02,REGIS,X,18.5,18.5,18.5,18.5,19.4,3,10,185.0
2022-09-02,2022-09-02,BILLWIN,M,23.95,23.95,23.95,23.95,22.85,1,3000,71850.0
2022-09-02,2022-09-02,AARTISURF,B,925.05,948.8,854.2,859.65,885.15,1433,13913,12547839.0
2022-09-02,2022-09-02,BONLON,M,76.0,76.0,76.0,76.0,80.0,4,16000,1216000.0
2022-09-02,2022-09-02,BOROLTD,A,345.45,358.0,345.45,347.75,349.05,904,13851,4847026.0
2022-09-02,2022-09-02,ROSSARI,A,999.95,1013.75,977.0,986.2,998.25,544,2881,2869715.0
2022-09-02,2022-09-02,NDRAUTO,B,443.05,456.9,434.55,439.35,447.55,87,346,153970.0
2022-09-02,2022-09-02,EBBETF0425,F,1083.1,1088.0,1083.0,1087.96,1088.0,7,39,42411.0
2022-09-02,2022-09-02,EBBETF0431,F,1085.1,1088.9,1085.0,1088.9,1088.73,27,69,75080.0
2022-09-02,2022-09-02,MINDSPACE,IF,371.5,376.86,371.25,374.96,371.26,511,8132,3039733.0
2022-09-02,2022-09-02,ALPL30IETF,B,172.5,173.4,171.8,171.8,171.94,35,67,11550.0
2022-09-02,2022-09-02,MAXHEALTH,A,377.1,387.45,377.1,380.4,379.5,2349,49332,18908085.0
2022-09-02,2022-09-02,ITIETF,B,29.0,29.2,28.7,28.77,28.91,157,16227,468062.0
2022-09-02,2022-09-02,MAXIND,B,84.0,91.85,82.5,88.75,85.4,899,67108,5866015.0
2022-09-02,2022-09-02,HDFCNIFBAN,B,396.0,398.0,393.1,396.31,397.48,75,505,199767.0
2022-09-02,2022-09-02,BANKBETA,B,39.7,40.2,39.01,39.41,39.24,38,370,14553.0
2022-09-02,2022-09-02,HAPPSTMNDS,A,1031.55,1042.95,1016.1,1022.25,1031.1,1551,15999,16449281.0
2022-09-02,2022-09-02,ROUTE,A,1478.95,1478.95,1432.2,1439.45,1465.55,2443,23029,33389835.0
2022-09-02,2022-09-02,SAMRATFORG,X,105.0,105.0,105.0,105.0,110.0,1,312,32760.0
2022-09-02,2022-09-02,ADVAIT,M,498.0,498.0,489.25,496.95,515.0,6,6000,2952000.0
2022-09-02,2022-09-02,ADL,T,75.6,75.6,75.6,75.6,72.0,1,2,151.0
2022-09-02,2022-09-02,CAMS,A,2311.0,2317.15,2295.0,2304.4,2288.45,1376,11357,26202493.0
2022-09-02,2022-09-02,CHEMCON,B,415.0,415.45,402.15,402.8,411.8,1421,27370,11100942.0
2022-09-02,2022-09-02,SECMARK,M,210.8,218.4,210.8,218.4,208.0,9,9000,1950400.0
2022-09-02,2022-09-02,ANGELONE,A,1319.7,1357.55,1319.7,1327.95,1316.3,1640,19823,26503539.0
2022-09-02,2022-09-02,ATAM,M,331.0,349.9,328.0,340.0,340.0,7,10500,3538575.0
2022-09-02,2022-09-02,MAZDOCK,A,405.0,406.55,391.45,397.55,402.4,2988,120484,47959846.0
2022-09-02,2022-09-02,UTIAMC,A,815.0,857.7,815.0,850.25,817.8,1365,15421,13066186.0
2022-09-02,2022-09-02,LIKHITHA,B,336.95,350.0,329.5,338.0,337.25,1453,24669,8424849.0
2022-09-02,2022-09-02,VGIL,M,202.0,202.0,202.0,202.0,197.65,1,1000,202000.0
2022-09-02,2022-09-02,HEMIPROP,A,105.7,109.5,104.7,104.95,105.0,2571,395025,42040496.0
2022-09-02,2022-09-02,EQUITASBNK,A,46.9,46.9,45.5,45.65,45.9,541,58440,2688430.0
2022-09-02,2022-09-02,SHINEFASH,M,43.0,43.0,43.0,43.0,42.0,1,2000,86000.0
2022-09-02,2022-09-02,GLAND,A,2490.0,2606.0,2490.0,2566.25,2506.25,5076,35589,91452074.0
2022-09-02,2022-09-02,ESG,B,29.41,29.59,29.01,29.5,29.49,25,179,5283.0
2022-09-02,2022-09-02,RBA,A,131.2,134.0,130.1,130.65,130.95,886,40392,5332028.0
2022-09-02,2022-09-02,TARC,B,43.55,45.0,43.3,43.9,44.15,723,71403,3159968.0
2022-09-02,2022-09-02,MOGSEC,F,49.46,49.46,49.34,49.37,49.46,4,5,246.0
2022-09-02,2022-09-02,RVHL,B,22.7,22.7,21.2,21.4,22.7,79,5138,110788.0
2022-09-02,2022-09-02,FAIRCHEMOR,A,2035.0,2040.1,1955.0,1975.8,2020.6,1141,4922,9859973.0
2022-09-02,2022-09-02,BECTORFOOD,A,348.95,348.95,344.55,346.6,346.35,602,9183,3181267.0
2022-09-02,2022-09-02,AWHCL,B,348.9,359.0,340.2,356.35,342.8,3697,65013,22972208.0
2022-09-02,2022-09-02,INFRABEES,B,532.01,534.71,530.17,531.21,531.15,22,186,99017.0
2022-09-02,2022-09-02,RFLL,X,18.0,20.45,17.45,18.2,17.8,94,174989,3239016.0
2022-09-02,2022-09-02,IRFC,A,21.65,22.05,21.6,22.0,21.7,1226,778870,17033242.0
2022-09-02,2022-09-02,INDIGOPNTS,A,1634.9,1635.0,1578.0,1592.3,1610.3,666,2525,4038014.0
2022-09-02,2022-09-02,HOMEFIRST,A,942.75,946.15,918.6,927.15,935.1,984,6675,6235661.0
2022-09-02,2022-09-02,STOVEKRAFT,A,627.15,634.05,619.6,622.9,627.15,304,2089,1308839.0
2022-09-02,2022-09-02,BIRET,IF,328.1,333.0,321.0,330.19,329.99,356,13965,4562564.0
2022-09-02,2022-09-02,SMCGLOBAL,B,88.65,88.75,85.6,87.6,88.5,341,12729,1114620.0
2022-09-02,2022-09-02,NURECA,B,993.3,1004.9,983.0,988.55,992.55,1408,12583,12493477.0
2022-09-02,2022-09-02,RAILTEL,A,103.0,103.55,100.6,100.95,102.55,931,56901,5771660.0
2022-09-02,2022-09-02,HERANBA,A,570.0,570.0,556.0,560.4,560.4,1231,7492,4193318.0
2022-09-02,2022-09-02,DAVANGERE,X,34.0,34.0,34.0,34.0,32.4,3,325,11050.0
2022-09-02,2022-09-02,DRCSYSTEMS,B,31.5,33.35,31.5,33.35,32.05,37,4441,146766.0
2022-09-02,2022-09-02,MTARTECH,A,1621.85,1684.0,1621.85,1664.7,1620.6,3442,30316,50369592.0
2022-09-02,2022-09-02,JUBLINGREA,A,472.25,477.15,467.2,468.9,471.4,662,10850,5124130.0
2022-09-02,2022-09-02,EASEMYTRIP,A,382.0,387.3,380.05,382.5,381.2,1188,51209,19634522.0
2022-09-02,2022-09-02,KMEW,M,597.0,600.0,584.95,595.5,587.5,14,12750,7567462.0
2022-09-02,2022-09-02,SUUMAYA,M,24.0,24.3,22.85,23.25,23.3,34,18450,433237.0
2022-09-02,2022-09-02,ANURAS,A,774.0,774.0,753.95,763.45,763.65,405,2453,1870668.0
2022-09-02,2022-09-02,CRAFTSMAN,A,2580.0,2695.1,2580.0,2642.2,2635.05,418,1230,3266477.0
2022-09-02,2022-09-02,LXCHEM,A,330.3,333.3,326.0,327.05,330.55,1529,47961,15809170.0
2022-09-02,2022-09-02,KALYANKJIL,A,84.4,85.7,83.9,84.8,83.7,2040,201571,17109519.0
2022-09-02,2022-09-02,SURYODAY,B,100.85,102.15,99.05,100.55,100.85,1257,31715,3189837.0
2022-09-02,2022-09-02,NAZARA,A,675.35,675.35,662.15,665.85,669.2,2201,32884,21988414.0
2022-09-02,2022-09-02,SUVIDHAA,B,6.03,6.19,6.03,6.07,6.09,234,67119,408042.0
2022-09-02,2022-09-02,UFBL,A,1156.4,1170.0,1144.4,1147.75,1144.55,691,4706,5446546.0
2022-09-02,2022-09-02,EKI,B,1745.9,1745.9,1694.0,1696.25,1717.4,2614,27462,46951674.0
2022-09-02,2022-09-02,ARTEMISADR,M,16.85,16.9,16.3,16.7,17.0,4,24000,399300.0
2022-09-02,2022-09-02,LODHA,A,1084.05,1104.2,1082.0,1090.05,1083.5,427,12486,13630720.0
2022-09-02,2022-09-02,DEEPINDS,B,234.9,234.9,221.3,224.4,225.35,208,3291,747229.0
2022-09-02,2022-09-02,PGINVIT,IF,136.96,137.75,135.0,137.7,135.27,264,33347,4561138.0
2022-09-02,2022-09-02,MAFANG,B,42.36,42.39,41.85,41.95,41.97,614,33166,1398003.0
2022-09-02,2022-09-02,HEALTHIETF,B,79.9,79.9,79.46,79.49,79.81,10,49,3896.0
2022-09-02,2022-09-02,IWEL,B,648.25,648.25,648.25,648.25,589.35,24,126,81679.0
2022-09-02,2022-09-02,VINEETLAB,B,60.1,60.1,57.55,58.35,58.7,119,3504,204712.0
2022-09-02,2022-09-02,SHYAMMETL,A,303.0,303.0,293.0,295.2,300.1,1446,21396,6361516.0
2022-09-02,2022-09-02,SONACOMS,A,527.4,528.35,520.25,523.5,526.7,2828,43711,22868843.0
2022-09-02,2022-09-02,DODLA,B,568.0,578.0,548.0,553.15,547.05,549,6435,3641312.0
2022-09-02,2022-09-02,KIMS,A,1290.0,1290.0,1239.5,1260.65,1269.75,1158,6467,8181237.0
2022-09-02,2022-09-02,TIMESGREEN,M,68.0,71.5,68.0,71.5,65.0,3,6000,419000.0
2022-09-02,2022-09-02,IPL,A,283.65,293.05,277.2,280.1,289.25,623,10513,2996295.0
2022-09-02,2022-09-02,FOCUS,M,41.2,41.2,41.2,41.2,37.0,2,12000,494400.0
2022-09-02,2022-09-02,GRINFRA,A,1332.6,1377.95,1330.0,1347.1,1354.0,234,860,1162686.0
2022-09-02,2022-09-02,CLEAN,A,1767.0,1787.45,1750.0,1755.6,1766.75,977,4955,8763789.0
2022-09-02,2022-09-02,ETERNAL,A,62.9,63.4,59.4,59.7,62.5,34150,12786710,773936797.0
2022-09-02,2022-09-02,TATVA,A,2474.7,2479.8,2436.4,2444.4,2466.2,491,1026,2524534.0
2022-09-02,2022-09-02,ALIVUS,A,440.95,442.35,439.2,439.65,439.95,953,9778,4306112.0
2022-09-02,2022-09-02,BFSI,B,18.26,18.32,18.09,18.22,18.14,30,532,9689.0
2022-09-02,2022-09-02,ROLEXRINGS,A,1867.8,1887.9,1813.8,1878.45,1836.3,1440,10181,18809288.0
2022-09-02,2022-09-02,FMCGIETF,B,445.0,450.0,443.0,446.34,443.04,75,929,414241.0
2022-09-02,2022-09-02,EXXARO,B,116.3,116.3,113.1,114.3,114.65,254,9812,1121256.0
2022-09-02,2022-09-02,KRSNAA,A,476.05,485.35,476.05,483.6,482.65,358,3715,1790406.0
2022-09-02,2022-09-02,WINDLAS,B,224.0,226.8,219.0,220.95,223.95,538,6029,1345636.0
2022-09-02,2022-09-02,DEVYANI,A,181.8,183.25,180.95,182.0,181.3,4757,190001,34579271.0
2022-09-02,2022-09-02,MOL,A,125.85,125.85,122.65,123.0,123.75,874,54757,6764135.0
2022-09-02,2022-09-02,EPIGRAL,A,1425.8,1437.6,1407.0,1421.05,1425.15,756,4983,7091580.0
2022-09-02,2022-09-02,CARTRADE,A,644.9,652.9,644.9,648.6,644.35,1067,9786,6359620.0
2022-09-02,2022-09-02,NUVOCO,A,362.2,372.2,352.75,355.2,364.95,1055,12466,4481270.0
2022-09-02,2022-09-02,APTUS,A,352.2,357.5,350.0,354.6,350.7,1123,21036,7461868.0
2022-09-02,2022-09-02,CHEMPLASTS,A,423.4,429.3,420.0,422.55,420.05,773,10427,4434363.0
2022-09-02,2022-09-02,SHARPLINE,XT,12.2,13.1,12.2,12.86,12.55,527,75469,954588.0
2022-09-02,2022-09-02,AASHKA,M,39.25,46.85,38.75,46.85,39.05,131,158000,7058550.0
2022-09-02,2022-09-02,ITAXIS,B,286.35,286.35,283.8,284.95,285.11,6,24,6845.0
2022-09-02,2022-09-02,HEALTHAXIS,B,79.7,80.1,78.6,79.43,79.9,84,804,63894.0
2022-09-02,2022-09-02,ACUTAAS,A,995.2,1018.0,992.5,998.8,1008.5,283,2772,2789280.0
2022-09-02,2022-09-02,VIJAYA,A,380.0,390.05,366.65,382.55,362.5,2569,29599,11237218.0
2022-09-02,2022-09-02,NBL,MS,78.0,78.0,78.0,78.0,75.0,3,4800,374400.0
2022-09-02,2022-09-02,POBS,M,261.0,261.0,257.0,257.0,257.0,3,3600,934800.0
2022-09-02,2022-09-02,CONSUMAXIS,B,79.95,79.95,79.92,79.92,80.45,2,50,3996.0
2022-09-02,2022-09-02,SANSERA,A,723.25,727.2,710.1,717.9,723.25,487,3689,2659521.0
2022-09-02,2022-09-02,PREVEST,M,420.0,441.5,420.0,429.3,429.6,33,13200,5671360.0
2022-09-02,2022-09-02,MARKOLINES,M,145.0,145.0,136.5,136.95,140.3,52,86400,11967280.0
2022-09-02,2022-09-02,MASPTOP50,B,26.07,27.2,26.07,26.95,26.68,125,11222,298155.0
2022-09-02,2022-09-02,PARAS,B,709.25,718.0,690.0,694.8,705.0,2877,35759,25216777.0
2022-09-02,2022-09-02,SVRL,M,175.25,175.25,168.0,175.15,166.95,13,13000,2245350.0
2022-09-02,2022-09-02,ABSLAMC,B,463.4,474.4,463.4,473.95,466.85,558,3537,1663948.0
2022-09-02,2022-09-02,PROMAX,M,25.0,25.0,25.0,25.0,25.0,1,10000,250000.0
2022-09-02,2022-09-02,SAMOR,M,76.3,76.3,76.25,76.25,76.25,2,4000,305100.0
2022-09-02,2022-09-02,CWD,MS,1962.0,1962.85,1875.0,1962.85,1869.4,10,2000,3907260.0
2022-09-02,2022-09-02,CONSUMIETF,B,80.0,80.51,80.0,80.05,79.89,10,11,883.0
2022-09-02,2022-09-02,NYKAA,A,1372.05,1388.0,1355.5,1363.35,1364.7,2065,12234,16751799.0
2022-09-02,2022-09-02,FINOPB,B,264.5,265.75,260.25,262.7,265.85,128,788,206920.0
2022-09-02,2022-09-02,SJS,B,492.65,539.25,492.65,524.05,492.1,3765,50865,26664042.0
2022-09-02,2022-09-02,EQUAL50ADD,B,205.5,205.5,204.7,204.7,204.68,8,115,23542.0
2022-09-02,2022-09-02,SIGACHI,B,305.0,312.0,296.1,298.1,299.95,2110,41817,12663790.0
2022-09-02,2022-09-02,POLICYBZR,A,496.05,502.2,481.95,483.05,495.35,2478,37928,18591715.0
2022-09-02,2022-09-02,PAYTM,A,730.0,739.0,725.15,727.55,732.35,2255,43093,31463288.0
2022-09-02,2022-09-02,SAPPHIRE,B,1396.0,1412.3,1344.1,1354.35,1395.1,1408,9530,13188038.0
2022-09-02,2022-09-02,LATENTVIEW,B,393.9,396.2,385.1,388.15,390.85,4846,94379,36922743.0
2022-09-02,2022-09-02,TARSONS,B,776.05,786.5,760.0,770.95,780.2,936,8193,6344540.0
2022-09-02,2022-09-02,OMNIPOTENT,M,16.7,18.5,16.7,18.45,17.0,15,30000,531300.0
2022-09-02,2022-09-02,GOCOLORS,B,1176.25,1184.7,1154.0,1165.65,1162.45,554,2749,3202233.0
2022-09-02,2022-09-02,HITECH,B,619.8,619.8,603.1,609.55,609.35,51,232,141741.0
2022-09-02,2022-09-02,STARHEALTH,B,722.05,748.8,722.05,741.15,721.1,1604,21234,15765753.0
2022-09-02,2022-09-02,TEGA,B,575.0,575.7,560.05,565.25,567.95,1146,9386,5346560.0
2022-09-02,2022-09-02,MAHKTECH,B,14.25,14.25,14.1,14.24,14.22,14,746,10608.0
2022-09-02,2022-09-02,ANANDRATHI,B,650.0,653.35,646.8,648.5,648.4,163,653,424123.0
2022-09-02,2022-09-02,ZODIAC,T,133.65,139.75,132.1,135.05,137.85,292,10373,1405499.0
2022-09-02,2022-09-02,RATEGAIN,B,302.85,304.05,293.5,295.15,300.15,929,22650,6750763.0
2022-09-02,2022-09-02,BBETF0432,F,1010.0,1019.24,1010.0,1019.23,1017.95,16,1279,1303271.0
2022-09-02,2022-09-02,SHRIRAMPPS,B,84.05,84.9,81.7,82.15,84.15,887,33004,2756692.0
2022-09-02,2022-09-02,JETFREIGHT,B,21.5,22.55,21.2,21.6,21.5,316,125475,2757691.0
2022-09-02,2022-09-02,MAPMYINDIA,B,1360.0,1371.55,1335.0,1343.1,1357.9,1481,10682,14393744.0
2022-09-02,2022-09-02,METROBRAND,B,794.15,803.0,773.0,792.55,779.2,1528,12360,9790625.0
2022-09-02,2022-09-02,MEDPLUS,B,735.0,744.65,730.4,736.85,737.0,564,4053,2986084.0
2022-09-02,2022-09-02,DATAPATTNS,B,1090.0,1099.9,1040.0,1060.5,1096.85,1744,18251,19396743.0
2022-09-02,2022-09-02,HPAL,B,458.4,470.0,453.25,455.05,454.65,1359,26992,12452791.0
2022-09-02,2022-09-02,SUPRIYA,B,354.0,357.7,352.0,354.6,355.05,1118,20473,7252081.0
2022-09-02,2022-09-02,CLARA,M,105.0,105.0,105.0,105.0,105.5,1,1500,157500.0
2022-09-02,2022-09-02,WITS,MS,120.65,120.65,120.65,120.65,120.9,1,800,96520.0
2022-09-02,2022-09-02,MONQ50,B,53.5,54.25,52.61,53.1,54.32,78,1154,61415.0
2022-09-02,2022-09-02,MIDQ50ADD,B,172.4,172.4,171.5,171.75,171.75,48,2408,414703.0
2022-09-02,2022-09-02,BRANDBUCKT,M,15.5,16.2,15.05,15.05,15.03,6,12000,188700.0
2022-09-02,2022-09-02,NIFTYADD,B,178.0,178.25,177.0,177.5,177.02,94,395,70250.0
2022-09-02,2022-09-02,CMSINFO,B,257.7,263.0,257.7,260.7,260.45,742,11948,3115219.0
2022-09-02,2022-09-02,BCONCEPTS,B,143.8,145.8,137.45,138.75,143.3,78,4258,598882.0
2022-09-02,2022-09-02,WEL,B,138.4,139.0,136.95,139.0,138.9,4,9,1244.0
2022-09-02,2022-09-02,AUTOIETF,B,134.29,135.06,133.61,134.11,133.97,87,1332,179154.0
2022-09-02,2022-09-02,AGSTRA,B,86.3,87.6,85.1,85.45,86.4,1002,31958,2746835.0
2022-09-02,2022-09-02,SILVERIETF,E,54.0,54.95,54.0,54.69,54.5,326,67004,3663341.0
2022-09-02,2022-09-02,ALKOSIGN,M,58.05,59.7,58.05,59.7,56.5,3,9000,529350.0
2022-09-02,2022-09-02,MAKEINDIA,B,84.98,85.02,84.23,84.37,84.53,9,29,2463.0
2022-09-02,2022-09-02,AWL,B,684.45,691.7,675.0,676.1,683.4,16360,289234,197118262.0
2022-09-02,2022-09-02,QRIL,M,49.0,49.0,49.0,49.0,49.0,3,6000,294000.0
2022-09-02,2022-09-02,SSTL,M,11.4,11.4,11.4,11.4,10.95,1,10000,114000.0
2022-09-02,2022-09-02,DEVIT,B,216.0,223.0,216.0,221.55,215.9,192,3521,778837.0
2022-09-02,2022-09-02,MANYAVAR,B,1278.05,1319.95,1275.05,1301.85,1281.2,1744,11069,14337187.0
2022-09-02,2022-09-02,SPITZE,M,158.65,172.25,155.85,159.6,164.05,34,76000,12404700.0
2022-09-02,2022-09-02,MOMOMENTUM,B,39.01,39.38,38.81,39.26,39.21,11,58,2276.0
2022-09-02,2022-09-02,SOFTTECH,T,144.7,144.7,136.05,141.25,143.0,8,1415,204186.0
2022-09-02,2022-09-02,SILVER,E,54.8,55.2,54.41,54.46,54.52,317,21888,1197297.0
2022-09-02,2022-09-02,TECH,B,28.39,28.78,27.81,28.15,28.4,54,1789,50169.0
2022-09-02,2022-09-02,HEALTHY,B,7.8,8.14,7.8,7.95,7.99,50,527,4204.0
2022-09-02,2022-09-02,BSLNIFTY,B,19.43,19.82,19.43,19.75,19.75,41,473,9342.0
2022-09-02,2022-09-02,EKENNIS,M,205.0,205.0,190.0,192.0,190.0,7,11200,2222080.0
2022-09-02,2022-09-02,GSEC5IETF,F,50.9,50.9,50.0,50.0,50.0,4,6,302.0
2022-09-02,2022-09-02,MIDCAPETF,B,11.62,12.02,11.62,11.95,11.97,19,110,1316.0
2022-09-02,2022-09-02,EUREKAFORB,B,507.0,512.0,481.3,494.15,500.85,1771,67040,33264632.0
2022-09-02,2022-09-02,GATEWAY,B,66.3,69.0,66.1,68.0,66.45,710,734148,49922044.0
2022-09-02,2022-09-02,GMRP&UI,B,33.0,34.0,31.65,31.65,33.3,4239,658424,21654100.0
2022-09-02,2022-09-02,BCCL,M,43.0,50.8,43.0,50.8,42.35,27,56000,2742240.0
2022-09-02,2022-09-02,MSUMI,B,79.65,84.5,79.65,81.8,79.6,9751,1037856,85447732.0
2022-09-02,2022-09-02,ACHYUT,M,18.0,18.0,17.0,17.0,19.5,2,18000,312000.0
2022-09-02,2022-09-02,EVOQ,M,19.75,20.3,18.75,20.3,16.92,59,244000,4930320.0
2022-09-02,2022-09-02,MOLOWVOL,B,24.41,24.45,24.25,24.25,24.18,5,893,21657.0
2022-09-02,2022-09-02,AVROIND,B,124.6,124.6,120.2,120.95,122.7,41,17985,2184445.0
2022-09-02,2022-09-02,UMAEXPORTS,B,52.0,52.85,51.75,52.15,52.1,107,3729,194664.0
2022-09-02,2022-09-02,VERANDA,B,324.9,324.9,315.1,318.15,316.3,2051,48956,15664978.0
2022-09-02,2022-09-02,SEML,M,130.35,130.5,130.0,130.5,124.3,6,6000,782350.0
2022-09-02,2022-09-02,DHYAANITR,M,52.5,55.9,52.45,52.45,54.5,9,50000,2661600.0
2022-09-02,2022-09-02,HARIOMPIPE,B,269.5,279.7,269.5,273.45,269.45,1773,50074,13767556.0
2022-09-02,2022-09-02,GLHRL,M,79.1,82.0,79.1,82.0,78.1,12,12000,976900.0
2022-09-02,2022-09-02,FONE4,M,6.58,6.59,6.57,6.57,7.3,6,60000,394600.0
2022-09-02,2022-09-02,CAMPUS,B,488.5,510.0,487.6,495.15,484.4,3371,91690,45874150.0
2022-09-02,2022-09-02,RAINBOW,B,633.8,640.8,616.55,620.7,633.8,1085,13727,8612002.0
2022-09-02,2022-09-02,SILVERTUC,B,380.0,387.0,366.5,368.1,380.0,67,1325,499745.0
2022-09-02,2022-09-02,LICI,A,670.3,672.8,664.0,664.9,668.9,14084,142157,95029738.0
2022-09-02,2022-09-02,PRUDENT,B,613.7,616.2,597.1,605.85,599.95,182,919,555782.0
2022-09-02,2022-09-02,VENUSPIPES,B,405.0,406.6,400.05,400.4,404.0,290,2535,1019436.0
2022-09-02,2022-09-02,DELHIVERY,B,574.9,575.45,561.95,565.15,569.45,738,16955,9674240.0
2022-09-02,2022-09-02,PARADEEP,B,61.5,62.95,59.2,60.2,59.95,10988,2560752,155936702.0
2022-09-02,2022-09-02,TIERRA,B,139.2,144.75,132.2,134.5,135.1,26,194,26087.0
2022-09-02,2022-09-02,ETHOSLTD,B,1052.75,1072.3,1024.85,1035.1,1050.4,782,5185,5440424.0
2022-09-02,2022-09-02,EMUDHRA,B,360.0,364.1,350.0,351.85,357.8,988,19647,6980447.0
2022-09-02,2022-09-02,AETHER,B,925.0,947.4,913.0,918.35,920.75,1662,12844,11965250.0
2022-09-02,2022-09-02,WEWIN,B,43.0,44.1,42.0,42.55,43.1,161,4238,184715.0
2022-09-02,2022-09-02,SCARNOSE,M,53.1,53.2,53.1,53.2,53.1,2,4000,212600.0
2022-09-02,2022-09-02,GOEL,M,174.9,174.9,166.6,174.9,166.6,31,56000,9694960.0
2022-09-02,2022-09-02,MODIS,M,306.5,317.8,306.5,317.8,307.0,5,4000,1251840.0
2022-09-02,2022-09-02,PGCRL,M,207.5,207.5,206.75,206.75,207.0,5,3000,621150.0
2022-09-02,2022-09-02,KESAR,M,275.0,275.0,275.0,275.0,283.9,1,800,220000.0
2022-09-02,2022-09-02,BRRL,M,157.6,157.6,157.6,157.6,163.75,1,800,126080.0
2022-09-02,2022-09-02,JAYANT,M,479.2,479.2,479.2,479.2,456.4,2,4000,1916800.0
2022-09-02,2022-09-02,VEERKRUPA,M,81.15,81.15,81.15,81.15,85.4,1,4000,324600.0
2022-09-02,2022-09-02,HEALTHYLIFE,M,8.78,8.78,8.56,8.61,8.83,17,190000,1645500.0
2022-09-02,2022-09-02,DDEVPLSTIK,B,53.7,55.0,52.5,53.3,52.75,429,48371,2611382.0
2022-09-02,2022-09-02,MOHEALTH,B,25.0,25.0,22.8,22.8,22.98,49,1641,38470.0
2022-09-02,2022-09-02,MOM30IETF,B,19.79,19.79,19.64,19.66,19.68,12,1086,21353.0
2022-09-02,2022-09-02,HDFCNIF100,B,180.0,183.0,179.24,179.24,180.1,36,213,38619.0
2022-09-02,2022-09-02,HDFCNEXT50,B,440.0,444.0,436.25,436.25,434.9,9,116,51430.0
2022-09-02,2022-09-02,INFRAIETF,B,51.81,51.81,51.81,51.81,52.22,1,10,518.0
2022-09-02,2022-09-02,SILVERADD,E,52.7,52.7,52.1,52.3,52.04,13,5954,311339.0
2022-09-02,2022-09-02,SYRMA,B,311.05,318.0,307.2,308.6,310.5,6663,240310,74968227.0
2022-09-02,2022-09-02,NIFTYQLITY,B,14.85,15.25,14.49,14.96,14.49,82,1913,28074.0
2022-09-02,2022-09-02,MOMENTUM,B,19.27,19.27,18.95,18.98,19.86,11,33,632.0
2022-09-02,2022-09-02,MOVALUE,B,45.25,45.25,45.25,45.25,50.79,2,2,90.0
2022-09-02,2022-09-02,MOQUALITY,B,138.09,138.09,138.09,138.09,138.09,23,74,10218.0
2022-09-02,2022-09-02,OLATECH,MT,62.25,62.25,62.25,62.25,59.3,3,12000,747000.0
2022-09-02,2022-09-02,NATURO,MT,25.0,26.25,25.0,26.25,0.0,135,636000,16274200.0
2022-09-02,2022-09-02,SENSEXIETF,A,647.47,648.05,644.1,648.04,649.07,30,455,294421.0
2022-09-02,2022-09-02,TATAMTRDVR,A,232.0,233.25,229.45,229.8,231.15,1879,70569,16274863.0
2022-09-02,2022-09-02,FELDVR,T,7.9,8.25,7.83,8.23,8.24,28,11283,90706.0
2022-09-02,2022-09-02,JISLDVREQS,B,21.75,21.85,20.95,21.25,21.2,71,9679,207965.0
2022-09-02,2022-09-02,GATECHDVR,T,10.87,10.87,10.0,10.31,10.49,62,55726,567125.0
2022-09-02,2022-09-02,KARURVYSYA,B,71.95,71.95,67.15,68.35,71.05,5082,846597,59084944.0
2022-09-02,2022-09-02,VEEDOL,B,1148.2,1219.95,1127.85,1165.75,1125.95,2030,10123,11877716.0
2022-09-02,2022-09-02,AMRUTANJAN,B,769.2,769.2,754.25,757.6,756.45,661,4587,3483942.0
2022-09-02,2022-09-02,XPROINDIA,T,766.95,767.0,725.05,749.7,749.45,340,4319,3232114.0
2022-09-02,2022-09-02,HISARMETAL,B,128.05,135.0,128.05,134.0,129.75,72,1906,253104.0
2022-09-02,2022-09-02,BHARATRAS,B,12797.0,12897.5,12364.75,12410.7,12603.85,181,191,2426571.0
2022-09-02,2022-09-02,EASTSILK,T,4.0,4.14,3.95,4.01,4.03,54,15348,62189.0
2022-09-02,2022-09-02,FACT,B,123.9,124.25,121.7,121.95,123.1,521,10887,1336168.0
2022-09-02,2022-09-02,GINNIFILA,B,38.65,38.65,36.95,37.95,37.8,213,16282,613642.0
2022-09-02,2022-09-02,SPIC,B,61.9,66.05,61.9,64.7,61.4,2395,241129,15680705.0
2022-09-02,2022-09-02,DENORA,B,680.0,716.6,680.0,712.65,682.5,277,7063,5027197.0
2022-09-02,2022-09-02,KAVDEFENCE,B,9.24,9.6,8.91,9.42,9.07,108,26795,245212.0
2022-09-02,2022-09-02,SAKSOFT,B,1030.0,1037.0,999.65,1019.15,1014.8,1797,7500,7659499.0
2022-09-02,2022-09-02,SALONA,B,262.55,264.25,253.5,258.1,262.45,14,171,44110.0
2022-09-02,2022-09-02,ANDHRSUGAR,B,150.0,150.0,145.85,148.45,148.2,560,10449,1554401.0
2022-09-02,2022-09-02,IMPAL,B,769.05,773.9,750.0,757.55,761.25,251,458,347718.0
2022-09-02,2022-09-02,KCP,B,112.45,116.65,112.45,115.3,115.55,325,9471,1095305.0
2022-09-02,2022-09-02,KHAITANLTD,B,50.15,51.25,49.55,50.95,50.5,35,1776,89439.0
2022-09-02,2022-09-02,RADAAN,T,1.46,1.55,1.46,1.46,1.53,19,8431,12628.0
2022-09-02,2022-09-02,SUNDARMFIN,B,2089.5,2147.0,2061.0,2129.95,2084.35,717,2138,4508946.0
2022-09-02,2022-09-02,SUNDRMBRAK,B,375.0,375.0,361.0,367.15,375.85,71,765,279087.0
2022-09-02,2022-09-02,WHEELS,B,689.1,703.75,685.65,694.1,683.0,300,2865,1997058.0
2022-09-02,2022-09-02,LAMBODHARA,B,92.75,94.5,92.1,92.1,93.1,19,301,28055.0
2022-09-02,2022-09-02,MAITHANALL,B,1054.0,1058.2,1005.0,1015.15,1044.25,1040,6954,7206993.0
2022-09-02,2022-09-02,LOHIASECURI,X,171.9,171.9,160.0,164.45,165.0,13,94,15578.0
2022-09-02,2022-09-02,ORISSAMINE,T,3056.25,3083.2,3011.1,3062.2,3056.25,18,124,378356.0
2022-09-02,2022-09-02,GOLDBEES,E,43.35,43.42,43.15,43.36,43.36,4393,1277073,55334697.0
2022-09-02,2022-09-02,LIQUIDBEES,F,1000.0,1000.01,999.99,1000.0,1000.0,317,113454,113454697.0
2022-09-02,2022-09-02,GOLD1,E,43.66,43.87,43.42,43.74,43.57,143,8383,365167.0
2022-09-02,2022-09-02,SETFGOLD,E,44.42,44.56,44.3,44.47,44.49,420,58191,2587320.0
2022-09-02,2022-09-02,QGOLDHALF,E,43.13,43.13,43.04,43.13,43.13,49,3516,151512.0
2022-09-02,2022-09-02,GOLDBETA,E,42.63,43.47,42.63,43.36,43.37,201,7906,341929.0
2022-09-02,2022-09-02,NIFTYBEES,B,192.7,192.93,191.0,191.63,191.82,1239,116484,22360615.0
2022-09-02,2022-09-02,JUNIORBEES,B,461.0,464.9,459.82,461.45,461.23,185,1154,533346.0
2022-09-02,2022-09-02,BANKBEES,B,398.9,400.78,396.64,398.12,398.29,331,7828,3120782.0
2022-09-02,2022-09-02,PSUBANK,B,310.0,310.18,298.1,299.17,301.15,60,7418,2222201.0
2022-09-02,2022-09-02,PSUBNKBEES,B,33.6,33.8,33.25,33.35,33.6,249,13738,459339.0
2022-09-02,2022-09-02,SHARIABEES,B,407.0,407.25,405.0,405.0,406.81,7,52,21094.0
2022-09-02,2022-09-02,QNIFTY,B,1860.0,1870.0,1850.0,1858.05,1854.0,39,322,598464.0
2022-09-02,2022-09-02,HNGSNGBEES,E,272.68,272.68,272.33,272.34,271.75,17,45,12259.0
2022-09-02,2022-09-02,MOM50,B,175.5,176.78,175.5,176.22,176.56,6,7,1233.0
2022-09-02,2022-09-02,ASHIKACR,X,37.95,38.9,36.1,36.45,36.5,207,74580,2746007.0
2022-09-02,2022-09-02,GRADIENTE,XT,7.03,7.75,7.03,7.75,7.39,432,839829,5999081.0
2022-09-02,2022-09-02,MADRASFERT,B,53.1,53.45,50.75,50.9,52.45,545,23268,1209041.0
2022-09-02,2022-09-02,BANKNIFTY1,B,398.66,403.0,398.66,400.32,398.19,46,1852,742197.0
2022-09-02,2022-09-02,SETFNIFBK,B,394.0,397.0,394.0,395.56,394.09,82,1046,413520.0
2022-09-02,2022-09-02,SETFNIF50,B,182.44,182.64,180.75,181.3,181.33,94,13907,2520517.0
2022-09-02,2022-09-02,SGB20151,G,5149.0,5150.0,5149.0,5150.0,5200.0,3,3,15449.0
2022-09-02,2022-09-02,SGB2016II,G,4902.0,5240.0,4816.0,5240.0,5100.0,4,22,108080.0
2022-09-02,2022-09-02,SGBAUG24,G,5200.0,5200.0,5003.0,5020.54,5021.5,15,151,759238.0
2022-09-02,2022-09-02,SGBDEC25XI,G,5178.0,5178.0,5178.0,5178.0,5193.0,1,10,51780.0
2022-09-02,2022-09-02,SGBDEC2512,G,4935.0,4935.0,4935.0,4935.0,4935.0,1,1,4935.0
2022-09-02,2022-09-02,SGBDEC2513,G,5169.0,5193.0,5001.1,5193.0,5001.1,10,41,211641.0
2022-09-02,2022-09-02,SGBOCT26,G,5015.0,5015.0,5015.0,5015.0,5020.0,1,1,5015.0
2022-09-02,2022-09-02,SGBAUG27,G,4900.0,4997.0,4900.0,4986.95,4960.0,8,32,159420.0
2022-09-02,2022-09-02,SGBSEP27,G,4835.0,4835.0,4835.0,4835.0,4916.0,1,1,4835.0
2022-09-02,2022-09-02,SGBOCT27VI,G,4850.0,4850.0,4850.0,4850.0,4900.0,3,10,48500.0
2022-09-02,2022-09-02,SGBMAR28X,G,4910.0,4910.0,4910.0,4910.0,4888.1,1,1,4910.0
2022-09-02,2022-09-02,SGBAPR28I,G,4930.0,4965.0,4930.0,4940.0,4923.0,14,45,222337.0
2022-09-02,2022-09-02,SGBMAY28,G,4880.0,4925.0,4878.0,4889.66,4889.93,17,213,1040386.0
2022-09-02,2022-09-02,SGBJUN28,G,4880.0,4925.0,4880.0,4898.02,4883.0,21,177,868956.0
2022-09-02,2022-09-02,SGBJUL28IV,G,4885.0,4899.0,4861.0,4875.15,4880.0,7,30,146234.0
2022-09-02,2022-09-02,SGBAUG28V,G,4949.0,4974.99,4903.05,4956.36,4950.0,41,204,1010154.0
2022-09-02,2022-09-02,SGBSEP28VI,G,4958.81,4998.0,4958.81,4963.05,4970.0,6,17,84616.0
2022-09-02,2022-09-02,SGBOC28VII,G,4928.0,4945.0,4891.0,4907.29,4921.0,21,124,607237.0
2022-09-02,2022-09-02,SGBN28VIII,G,4920.0,4968.0,4920.0,4950.0,4910.0,3,7,34626.0
2022-09-02,2022-09-02,SGBJAN29X,G,4862.0,4965.0,4862.0,4930.0,4939.0,19,104,514602.0
2022-09-02,2022-09-02,SGBFEB29XI,G,4846.0,4904.0,4846.0,4904.0,4910.94,4,10,48745.0
2022-09-02,2022-09-02,SGBMR29XII,G,4910.0,4910.0,4902.0,4905.0,4916.92,9,73,358114.0
2022-09-02,2022-09-02,SGBMAY29I,G,4875.0,4920.0,4875.0,4892.0,4923.0,18,111,543494.0
2022-09-02,2022-09-02,SGBJUN29II,G,4816.0,4897.0,4816.0,4880.0,4905.0,9,87,422944.0
2022-09-02,2022-09-02,SGBJU29III,G,4846.0,4965.0,4846.0,4925.11,4900.0,17,100,492089.0
2022-09-02,2022-09-02,SGBAUG29V,G,4944.0,4944.0,4870.0,4878.0,4900.0,21,61,298071.0
2022-09-02,2022-09-02,SGBSEP29VI,G,4905.0,4924.0,4905.0,4920.0,4925.0,7,24,117829.0
2022-09-02,2022-09-02,SGBNV29VII,G,4989.0,4989.0,4872.0,4900.15,4920.0,4,14,69020.0
2022-09-02,2022-09-02,SGBD29VIII,G,4852.0,4918.99,4852.0,4918.0,4918.99,6,21,103140.0
2022-09-02,2022-09-02,SGBJAN30IX,G,4862.0,4929.0,4862.0,4883.1,4946.0,11,33,161220.0
2022-09-02,2022-09-02,SGBJUN30,G,4921.01,5077.7,4921.01,5040.0,5000.0,17,48,240222.0
2022-09-02,2022-09-02,669GS2024,G,102.4,102.4,102.4,102.4,101.65,1,15000,1536000.0
2022-09-02,2022-09-02,GS16DEC2027,G,81.05,81.05,81.05,81.05,90.0,1,10,810.0
2022-09-02,2022-09-02,765TNSDL27,G,99.6,99.6,99.6,99.6,100.2,1,10,996.0
2022-09-02,2022-09-02,724MHSDL29,G,97.25,97.25,97.25,97.25,98.05,1,10,972.0
2022-09-02,2022-09-02,722KASDL35,G,95.8,95.8,95.8,95.8,96.95,1,10,958.0
2022-09-02,2022-09-02,AIRTELPP,A,349.6,354.9,345.15,346.05,345.4,231,6181,2168765.0
2022-09-02,2022-09-02,PATINTPP,B,5.99,6.19,5.81,5.86,5.99,14,1019,6073.0
2022-09-02,2022-09-02,NATCAPSPP,X,430.4,435.0,415.0,433.0,423.4,35,462,196232.0
2022-09-02,2022-09-02,WARDWIZPP,B,14.5,14.5,13.55,13.83,14.2,339,97910,1352612.0
2022-09-02,2022-09-02,ASMTECPP,X,470.05,470.25,470.0,470.15,465.1,11,68,31964.0
2022-09-02,2022-09-02,AURUMPP,T,82.4,82.4,82.4,82.4,78.5,45,10288,847731.0
2022-09-02,2022-09-02,DYNPROPP,B,153.0,164.65,152.95,164.65,153.2,79,962,148270.0
2022-09-02,2022-09-02,SABOOSODPP,X,9.57,9.57,8.34,8.54,9.12,55,8751,77680.0
2022-09-02,2022-09-02,99IFCI24,F,1091.0,1091.0,1091.0,1091.0,1087.0,1,10,10910.0
2022-09-02,2022-09-02,849NTPC25,F,13.36,13.45,13.36,13.37,13.35,17,2239,29923.0
2022-09-02,2022-09-02,760PFCL35,F,1260.0,1311.0,1260.0,1311.0,1265.0,4,379,492840.0
2022-09-02,2022-09-02,714REC25,F,1107.2,1107.2,1107.2,1107.2,1109.6,2,250,276800.0
2022-09-02,2022-09-02,743REC35,F,1237.0,1237.0,1237.0,1237.0,1250.0,1,50,61850.0
2022-09-02,2022-09-02,753IRFC30,F,1198.0,1198.0,1194.99,1194.99,1190.0,6,400,478148.0
2022-09-02,2022-09-02,735NHAI31,F,1170.0,1170.0,1169.6,1170.0,1170.0,5,20000,23398000.0
2022-09-02,2022-09-02,764HUDCO31,F,1180.0,1180.0,1180.0,1180.0,1172.0,1,1,1180.0
2022-09-02,2022-09-02,769NHAI31,F,1220.0,1220.6,1220.0,1220.6,1223.0,7,575,701545.0
2022-09-02,2022-09-02,769HUDCO31,F,1201.0,1201.0,1200.0,1200.0,1201.0,4,187,224450.0
2022-09-02,2022-09-02,764IRFC31,F,1202.72,1202.72,1202.72,1202.72,1201.9,1,5,6013.0
2022-09-02,2022-09-02,729NABAR26,F,1080.0,1080.0,1080.0,1080.0,1078.01,1,10,10800.0
2022-09-02,2022-09-02,764NABAR31,F,1176.0,1176.0,1174.0,1174.0,1175.67,4,300,352750.0
2022-09-02,2022-09-02,9MMFSL26,F,1070.0,1070.0,1069.65,1070.0,1070.0,12,1695,1813583.0
2022-09-02,2022-09-02,957NIDO26,F,986.0,1025.6,986.0,1016.85,1010.0,11,148,149865.0
2022-09-02,2022-09-02,10NIDO26,F,988.5,988.5,979.0,985.0,984.61,7,453,443979.0
2022-09-02,2022-09-02,915RHFL27B,F,313.05,313.5,313.05,313.28,327.88,2,100,31327.0
2022-09-02,2022-09-02,805MMFSL32,F,1037.0,1037.0,1037.0,1037.0,1036.5,5,50,51850.0
2022-09-02,2022-09-02,925SEFL22,F,164.46,164.46,164.46,164.46,137.05,8,160,26313.0
2022-09-02,2022-09-02,950SEFL27,F,258.0,258.0,225.0,225.0,217.0,2,46,11670.0
2022-09-02,2022-09-02,9ERFL23,F,1015.34,1015.34,1015.34,1015.34,1008.0,1,50,50767.0
2022-09-02,2022-09-02,925ECL28,F,932.8,932.8,932.8,932.8,929.8,2,168,156710.0
2022-09-02,2022-09-02,875MFL23,F,1005.0,1005.0,1005.0,1005.0,1005.0,1,50,50250.0
2022-09-02,2022-09-02,9MFL23,F,1040.0,1040.2,1035.0,1040.0,1040.0,10,1680,1746970.0
2022-09-02,2022-09-02,9SEFL23A,F,245.0,255.0,245.0,251.98,226.8,8,359,89544.0
2022-09-02,2022-09-02,935SEFL23,F,252.7,252.7,252.7,252.7,251.16,1,48,12129.0
2022-09-02,2022-09-02,92SEFL28,F,247.8,247.8,247.8,247.8,248.8,1,10,2478.0
2022-09-02,2022-09-02,96SEFL28,F,248.0,248.2,248.0,248.09,241.0,3,90,22328.0
2022-09-02,2022-09-02,975JMFCS28,F,1062.0,1062.0,1062.0,1062.0,1059.81,1,16,16992.0
2022-09-02,2022-09-02,934JMFCS28,F,1050.0,1050.0,1049.5,1050.0,1035.0,4,155,162745.0
2022-09-02,2022-09-02,893STFCL23,F,1017.0,1018.05,1009.0,1012.94,1018.0,22,814,824288.0
2022-09-02,2022-09-02,903SFL28,F,1064.0,1064.0,1064.0,1064.0,1064.0,1,1,1064.0
2022-09-02,2022-09-02,0EFL23,F,1720.0,1720.0,1720.0,1720.0,1442.0,1,23,39560.0
2022-09-02,2022-09-02,965EFL23,F,1000.0,1000.0,1000.0,1000.0,1000.0,5,45,45000.0
2022-09-02,2022-09-02,985ECL28,F,949.0,949.0,940.0,944.55,938.94,4,177,167112.0
2022-09-02,2022-09-02,866ICCL23,F,971.0,971.0,971.0,971.0,984.0,1,10,9710.0
2022-09-02,2022-09-02,890TCFSL23,F,1109.4,1110.0,1107.5,1107.75,1105.0,27,1128,1251716.0
2022-09-02,2022-09-02,910TCAP28,F,1245.0,1245.0,1245.0,1245.0,1224.0,1,50,62250.0
2022-09-02,2022-09-02,925AHFL23,F,1005.0,1015.0,1003.3,1015.0,1007.06,7,225,226330.0
2022-09-02,2022-09-02,12KAFL23,F,1050.0,1050.0,1050.0,1050.0,1050.0,1,17,17850.0
2022-09-02,2022-09-02,10MFL23,F,1029.0,1049.0,1029.0,1049.0,1029.0,5,140,144080.0
2022-09-02,2022-09-02,981JMFCS28,F,1075.0,1080.0,1075.0,1080.0,1079.99,9,102,109660.0
2022-09-02,2022-09-02,915MMFSL24,F,1070.0,1070.0,1070.0,1070.0,1081.0,1,40,42800.0
2022-09-02,2022-09-02,95MMFSL29,F,1124.48,1124.48,1124.48,1124.48,1105.0,1,5,5622.0
2022-09-02,2022-09-02,1005SEFL24,F,268.7,268.7,268.7,268.7,269.0,1,25,6717.0
2022-09-02,2022-09-02,97SFL29,F,1100.53,1100.53,1100.33,1100.5,1148.8,7,300,330124.0
2022-09-02,2022-09-02,105IIFL29,F,988.0,988.0,988.0,988.0,1094.0,1,30,29640.0
2022-09-02,2022-09-02,889LTFH24,F,1035.55,1035.55,1035.55,1035.55,1020.0,1,1,1035.0
2022-09-02,2022-09-02,MFLZC24A,F,1413.0,1413.0,1413.0,1413.0,1397.0,1,44,62172.0
2022-09-02,2022-09-02,9LTFH24,F,1057.0,1057.01,1057.0,1057.0,1055.0,13,2177,2301089.0
2022-09-02,2022-09-02,905LTF27,F,1105.0,1105.0,1102.0,1102.15,1101.11,5,100,110215.0
2022-09-02,2022-09-02,975SFL24,F,1057.0,1057.0,1057.0,1057.0,1056.0,2,35,36995.0
2022-09-02,2022-09-02,935SFL24,F,1030.35,1030.35,1030.35,1030.35,1024.0,1,25,25758.0
2022-09-02,2022-09-02,10SFL23A,F,1034.9,1034.9,1034.9,1034.9,1034.9,1,10,10349.0
2022-09-02,2022-09-02,995ECL24B,F,1001.01,1002.5,1000.0,1000.0,1002.0,8,185,185067.0
2022-09-02,2022-09-02,995ECL29A,F,995.0,995.0,990.0,990.0,995.0,3,99,98430.0
2022-09-02,2022-09-02,MFLZC24B,F,1431.32,1431.32,1431.32,1431.32,1370.0,1,50,71566.0
2022-09-02,2022-09-02,DLSLNIFT24,F,1280.0,1280.0,1280.0,1280.0,1250.0,1,15,19200.0
2022-09-02,2022-09-02,985JMFPL24,F,1012.01,1012.01,1002.0,1012.0,1020.0,8,388,391222.0
2022-09-02,2022-09-02,93SCUF22,F,1004.0,1004.0,1004.0,1004.0,1003.0,1,54,54216.0
2022-09-02,2022-09-02,10MFL22A,F,1311.0,1311.0,1311.0,1311.0,1318.65,2,100,131100.0
2022-09-02,2022-09-02,95MFL23,F,1009.0,1009.0,1005.0,1005.0,1005.0,5,44,44341.0
2022-09-02,2022-09-02,975MFL23,F,1085.0,1085.0,1085.0,1085.0,1084.8,12,641,695485.0
2022-09-02,2022-09-02,10MFL24B,F,1105.25,1105.25,1105.25,1105.25,1120.0,3,500,552625.0
2022-09-02,2022-09-02,975MHFL22,F,1000.1,1000.1,980.0,980.0,1000.0,2,100,98402.0
2022-09-02,2022-09-02,10MHFL22,F,1085.0,1085.0,1085.0,1085.0,1082.0,6,438,475230.0
2022-09-02,2022-09-02,1025MHFL24,F,1050.0,1050.0,1015.0,1030.0,1050.0,15,883,902755.0
2022-09-02,2022-09-02,995ECL24,F,1003.0,1003.0,1000.0,1000.0,1049.0,8,139,139036.0
2022-09-02,2022-09-02,104ECL24,F,1066.0,1071.5,1066.0,1071.5,1070.0,2,54,57806.0
2022-09-02,2022-09-02,ECLZC24B,F,1275.0,1275.0,1275.0,1275.0,1270.0,1,5,6375.0
2022-09-02,2022-09-02,995ECL29,F,1000.0,1000.0,1000.0,1000.0,1075.0,2,102,102000.0
2022-09-02,2022-09-02,845LTFL22,F,1062.03,1062.03,1062.01,1062.02,1065.0,3,135,143372.0
2022-09-02,2022-09-02,0LTFL22BB,F,1249.8,1249.8,1245.5,1245.5,1245.0,5,110,137094.0
2022-09-02,2022-09-02,865LTF26,F,1100.05,1100.05,1095.05,1097.53,1100.0,4,280,307506.0
2022-09-02,2022-09-02,975MFL24BB,F,1040.0,1040.0,1040.0,1040.0,1039.9,1,30,31200.0
2022-09-02,2022-09-02,83TCHF25,F,1077.0,1095.0,1077.0,1095.0,1071.0,8,250,271415.0
2022-09-02,2022-09-02,852STFCL23,F,970.0,970.0,970.0,970.0,1000.0,1,46,44620.0
2022-09-02,2022-09-02,0STFCL23A,F,1245.0,1245.0,1245.0,1245.0,1242.0,1,20,24900.0
2022-09-02,2022-09-02,98NWFL30,F,1000.0,1000.0,1000.0,1000.0,1000.0,1,5,5000.0
2022-09-02,2022-09-02,95MVAFL23,F,1000.0,1000.0,990.0,996.0,1000.0,16,3235,3206554.0
2022-09-02,2022-09-02,95KFL20,F,1000.0,1000.0,1000.0,1000.0,995.0,1,35,35000.0
2022-09-02,2022-09-02,925MFL23C,F,1073.2,1073.2,1073.2,1073.2,1066.2,1,100,107320.0
2022-09-02,2022-09-02,0MFL23C,F,1172.22,1172.22,1172.22,1172.22,1177.0,1,20,23444.0
2022-09-02,2022-09-02,MFLOI24,F,975.0,975.0,975.0,975.0,975.01,1,50,48750.0
2022-09-02,2022-09-02,MFOPTVI24,F,1145.0,1145.0,1145.0,1145.0,1140.0,1,199,227855.0
2022-09-02,2022-09-02,935EFSL24,F,1030.05,1040.0,1030.05,1040.0,1040.0,3,22,22681.0
2022-09-02,2022-09-02,995EFSL31,F,985.05,985.05,985.0,985.0,985.0,5,45,44325.0
2022-09-02,2022-09-02,MFLI24,F,980.0,980.0,980.0,980.0,980.0,1,50,49000.0
2022-09-02,2022-09-02,MFLVI26,F,1025.02,1090.0,1025.02,1090.0,1110.0,2,100,105751.0
2022-09-02,2022-09-02,7PFCL31,F,1023.0,1023.0,1018.0,1018.0,1020.0,17,1037,1056586.0
2022-09-02,2022-09-02,683PFCL31,F,1018.0,1018.0,1018.0,1018.0,1018.0,1,252,256536.0
2022-09-02,2022-09-02,697PFCL36,F,991.0,992.0,990.0,992.0,994.01,7,375,371430.0
2022-09-02,2022-09-02,715PFCL36,F,1034.0,1034.0,1030.0,1030.0,1032.9,6,1213,1251742.0
2022-09-02,2022-09-02,0MFL23E,F,1128.11,1128.11,1128.11,1128.11,1133.0,1,25,28202.0
2022-09-02,2022-09-02,MFLZC24E,F,1110.0,1110.0,1110.0,1110.0,1122.0,1,9,9990.0
2022-09-02,2022-09-02,825MFL23A,F,986.0,986.0,986.0,986.0,986.0,1,10,9860.0
2022-09-02,2022-09-02,916EFSL26,F,960.0,960.0,956.0,960.0,960.0,12,1249,1195216.0
2022-09-02,2022-09-02,955EFSL26,F,1024.0,1024.0,1024.0,1024.0,1039.99,2,5,5120.0
2022-09-02,2022-09-02,930EFSL31,F,935.01,935.01,935.01,935.01,935.01,1,6,5610.0
2022-09-02,2022-09-02,825MFCL23A,F,996.9,997.0,996.9,997.0,987.0,2,32,31901.0
2022-09-02,2022-09-02,BILNCD2021,F,28.2,28.6,28.2,28.5,28.51,11,504,14344.0
2022-09-02,2022-09-02,10IIFL28,F,983.0,983.0,983.0,983.0,990.0,2,50,49150.0
2022-09-02,2022-09-02,96IIFL28,F,994.99,996.0,994.99,995.0,989.01,3,7,6967.0
2022-09-02,2022-09-02,IIFLZC28C,F,1060.0,1060.0,1060.0,1060.0,1060.0,1,100,106000.0
2022-09-02,2022-09-02,875EFSL24,F,952.55,965.0,952.55,965.0,970.0,2,4,3835.0
2022-09-02,2022-09-02,91EFSL24,F,981.0,981.0,981.0,981.0,981.27,10,272,266832.0
2022-09-02,2022-09-02,915EFSL26,F,950.0,950.0,942.0,949.9,965.0,20,223,211413.0
2022-09-02,2022-09-02,955EFSL26A,F,989.0,989.0,989.0,989.0,1055.0,2,12,11868.0
2022-09-02,2022-09-02,97EFSL31,F,985.0,985.0,985.0,985.0,940.0,1,100,98500.0
2022-09-02,2022-09-02,950MMFL25,F,1015.0,1015.0,1015.0,1015.0,1000.0,1,13,13195.0
2022-09-02,2022-09-02,842IHFL23,F,980.0,980.0,980.0,980.0,980.0,2,40,39200.0
2022-09-02,2022-09-02,889SCL26,F,950.0,950.0,950.0,950.0,998.0,5,130,123500.0
2022-09-02,2022-09-02,850KSFL23,F,1000.0,1000.0,1000.0,1000.0,985.0,1,5,5000.0
2022-09-02,2022-09-02,820JMFPL26,F,1062.0,1062.0,1062.0,1062.0,1046.0,1,10,10620.0
2022-09-02,2022-09-02,825IIFL23,F,1055.2,1069.79,1055.2,1069.79,1057.96,3,30,31801.0
2022-09-02,2022-09-02,12IML26A,F,976.0,976.0,976.0,976.0,976.0,1,1,976.0
2022-09-02,2022-09-02,10KLM22,F,972.2,972.2,972.2,972.2,992.0,1,2,1944.0
2022-09-02,2022-09-02,825MFL24,F,981.11,999.0,981.11,989.0,980.11,5,60,59212.0
2022-09-02,2022-09-02,875EFSL23,F,1025.11,1030.8,1015.2,1030.0,1049.77,16,426,435866.0
2022-09-02,2022-09-02,875EFSL24A,F,995.0,995.0,965.0,975.0,970.0,9,1063,1055335.0
2022-09-02,2022-09-02,915EFSL26A,F,960.0,960.0,960.0,960.0,950.0,16,604,579840.0
2022-09-02,2022-09-02,93EFSL31A,F,938.6,939.0,930.69,938.42,935.0,8,283,265647.0
2022-09-02,2022-09-02,875MMFL24,F,980.01,985.0,980.0,980.0,985.0,9,243,238639.0
2022-09-02,2022-09-02,889SCFL27,F,825.0,825.0,825.0,825.0,930.0,1,18,14850.0
2022-09-02,2022-09-02,1049DLSL25,F,998.0,998.0,998.0,998.0,1005.0,1,81,80838.0
2022-09-02,2022-09-02,8MFL24,F,972.0,972.0,972.0,972.0,972.0,5,80,77760.0
2022-09-02,2022-09-02,MFLZC25C,F,1012.0,1012.0,1012.0,1012.0,992.0,1,30,30360.0
2022-09-02,2022-09-02,0KFIL23,F,970.0,995.0,960.0,995.0,995.0,24,180,174655.0
2022-09-02,2022-09-02,NIDO24,F,970.0,970.0,970.0,970.0,960.01,3,180,174600.0
2022-09-02,2022-09-02,905NIDO25,F,968.0,968.0,953.2,955.58,970.0,7,70,66905.0
2022-09-02,2022-09-02,NIDO25,F,942.0,942.0,942.0,942.0,939.0,1,50,47100.0
2022-09-02,2022-09-02,915NIDO27,F,944.0,965.0,944.0,965.0,925.33,4,133,126812.0
2022-09-02,2022-09-02,930NIDO32,F,975.0,975.0,975.0,975.0,970.0,3,67,65325.0
2022-09-02,2022-09-02,MFLIII25C,F,978.3,978.3,970.01,970.01,980.0,2,75,72958.0
2022-09-02,2022-09-02,1040UCL25,F,1024.99,1024.99,1024.99,1024.99,1020.0,1,5,5124.0
2022-09-02,2022-09-02,MFLVII25G,F,985.0,985.0,985.0,985.0,985.0,2,2,1970.0
2022-09-02,2022-09-02,8MMFL23,F,977.0,977.0,977.0,977.0,977.0,1,50,48850.0
2022-09-02,2022-09-02,975NFL24,F,1021.99,1021.99,1021.99,1021.99,1019.99,1,1,1021.0
2022-09-02,2022-09-02,MFLI25,F,1000.0,1000.0,1000.0,1000.0,975.0,9,100,100000.0
2022-09-02,2022-09-02,IML280622,F,994.8,995.0,994.8,995.0,832.2,6,120,119390.0
2022-09-02,2022-09-02,NWIL24,F,970.0,970.0,970.0,970.0,960.6,1,100,97000.0
2022-09-02,2022-09-02,88NWIL25,F,960.0,994.0,912.0,980.0,994.4,7,134,125693.0
2022-09-02,2022-09-02,915NWIL25,F,985.0,985.0,975.0,975.0,985.0,2,164,160020.0
2022-09-02,2022-09-02,916NWIL27,F,990.0,990.0,990.0,990.0,989.0,1,20,19800.0
2022-09-02,2022-09-02,953NWIL32,F,990.0,990.0,990.0,990.0,940.0,1,85,84150.0
2022-09-02,2022-09-02,95KFL26,F,1000.0,1000.0,1000.0,1000.0,1000.0,3,20,20000.0
2022-09-02,2022-09-02,704IRFC26A,F,1110704.0,1110704.0,1110704.0,1110704.0,1109236.27,1,1,1110704.0
2022-09-02,2022-09-02,1015UPPCL23,F,554000.0,555000.0,553000.0,555000.0,551000.0,3,3,1662000.0
2022-09-02,2022-09-02,1015UPPCL24,F,1022222.0,1030000.0,1022222.0,1030000.0,1029900.0,2,2,2052222.0
2022-09-02,2022-09-02,1015UPPC25,F,1037000.0,1038277.0,1037000.0,1038000.0,1038749.0,6,6,6227554.0
2022-09-02,2022-09-02,1015UPPC26,F,1052000.0,1052000.0,1052000.0,1052000.0,1036501.0,1,1,1052000.0
2022-09-02,2022-09-02,1032APCR25,F,206935.1,206935.15,206935.1,206935.13,211620.0,7,50,10346756.0
2022-09-02,2022-09-02,875SBIPERA,F,1021100.0,1021100.0,1020963.08,1020963.08,1026158.69,3,3,3063063.0
2022-09-02,2022-09-02,850SBIPER,F,1081071.49,1081072.0,1081071.49,1081072.0,1077127.44,4,4,4324287.0
2022-09-02,2022-09-02,IIFCLBDIS4,F,2589.0,2589.0,2589.0,2589.0,2575.0,3,193,499677.0
2022-09-02,2022-09-02,PFCBS3,F,5249.0,5249.0,5249.0,5249.0,5155.5,2,26,136474.0
2022-09-02,2022-09-02,PFCBS4,F,13298.0,13298.0,13225.0,13225.0,13251.0,3,33,438542.0
2022-09-02,2022-09-02,PFCBT1S3,F,5400.0,5600.0,5400.0,5600.0,5315.3,2,7,38000.0
2022-09-02,2022-09-02,PFCBT1S4,F,13300.0,13300.0,13300.0,13300.0,13300.0,2,24,319200.0
2022-09-02,2022-09-02,830NHAI27,F,1203.88,1204.9,1203.82,1204.9,1205.0,5,400,481593.0
2022-09-02,2022-09-02,718IRFC2023,F,1076.5,1076.5,1076.5,1076.5,1075.6,1,10,10765.0
2022-09-02,2022-09-02,734HUDCO23,F,1065.0,1065.0,1065.0,1065.0,1046.5,1,10,10650.0
2022-09-02,2022-09-02,871REC28,F,1245.0,1259.9,1244.0,1259.9,1236.0,4,400,498695.0
2022-09-02,2022-09-02,839HUDCO23,F,1103.0,1105.1,1103.0,1105.0,1289.99,3,130,143610.0
2022-09-02,2022-09-02,874HUDCO33,F,1350.0,1350.0,1350.0,1350.0,1340.0,1,40,54000.0
2022-09-02,2022-09-02,854NHPC28,F,1210.0,1210.0,1210.0,1210.0,1156.1,1,1,1210.0
2022-09-02,2022-09-02,892NHPC33,F,1320.01,1320.01,1320.01,1320.01,1350.0,1,9,11880.0
2022-09-02,2022-09-02,850IIFCL33,F,1316.0,1316.0,1314.0,1314.51,1314.0,4,490,644110.0
2022-09-02,2022-09-02,875IIFCL33,F,1338.0,1338.0,1338.0,1338.0,1339.25,2,50,66900.0
2022-09-02,2022-09-02,854PFCL28,F,1280.0,1280.0,1269.9,1269.9,1220.0,2,3,3819.0
2022-09-02,2022-09-02,843PFC23,F,1101.0,1107.0,1101.0,1101.0,1100.05,3,317,349023.0
2022-09-02,2022-09-02,879PFCL28,F,1240.0,1240.0,1240.0,1240.0,1256.0,1,1,1240.0
2022-09-02,2022-09-02,883HUDCO29,F,1229.49,1229.49,1229.49,1229.49,1220.0,1,10,12294.0
2022-09-02,2022-09-02,848IRFC24,F,1099.99,1099.99,1099.59,1099.59,1069.1,9,701,771029.0
2022-09-02,2022-09-02,865IRFC29,F,1215.0,1215.0,1215.0,1215.0,1212.0,6,180,218700.0
2022-09-02,2022-09-02,880IREDA29,F,1230.0,1230.0,1230.0,1230.0,1245.0,1,1,1230.0
2022-09-02,2022-09-02,900KPL29,F,1230.0,1240.0,1230.0,1240.0,1235.0,2,10,12350.0
2022-09-02,2022-09-02,900KPL34,F,1325.0,1350.0,1325.0,1349.79,1320.0,10,421,567516.0
2022-09-02,2022-09-02,819REC24,F,1100.1,1100.6,1100.0,1100.24,1091.0,3,1448,1593150.0
2022-09-02,2022-09-02,844REC24,F,1104.33,1104.33,1104.33,1104.33,1101.1,2,16,17669.0
2022-09-02,2022-09-02,888IRFC29,F,1244.9,1244.9,1238.0,1239.89,1240.0,22,1766,2190558.0
2022-09-02,2022-09-02,841IIFC24B,F,1082.5,1085.0,1069.5,1074.99,1082.55,6,1400,1504992.0
2022-09-02,2022-09-02,880IIFCL29,F,1225.0,1225.0,1224.49,1224.64,1221.79,5,203,248601.0
2022-09-02,2022-09-02,736NTPC25D,F,1115.01,1115.01,1115.01,1115.01,1110.11,1,10,11150.0
2022-09-02,2022-09-02,HDFCW3,W,432.05,432.05,432.05,432.05,446.65,1,600,259230.0
2022-09-02,2022-09-02,1075IFCI26,F,32161.0,32161.0,31800.0,31800.0,32200.2,5,50,1602813.0
2022-09-02,2022-09-02,1075IFC26A,F,10698.0,10700.0,10696.0,10700.0,10695.0,3,90,962700.0
2022-09-02,2022-09-02,916IFCI27,F,12480.0,12699.0,12480.0,12699.0,12494.0,5,9,112699.0
2022-09-02,2022-09-02,915PIFS27A,F,11050.01,11501.0,11050.01,11501.0,11000.0,3,8,90204.0
2022-09-02,2022-09-02,675PFL31,F,825.55,826.2,825.55,826.02,825.5,42,25436,21007760.0
2022-09-02,2022-09-02,1050MSFL22,F,1018124.0,1018124.0,1018124.0,1018124.0,1013232.0,1,2,2036248.0
2022-09-02,2022-09-02,MML271221,F,1049000.0,1049000.0,1049000.0,1049000.0,0.0,1,1,1049000.0
2022-09-02,2022-09-02,97UPPCL31,F,1034000.0,1038742.0,1034000.0,1038727.0,1038500.0,5,5,5188935.0
2022-09-02,2022-09-02,MSFL19422,F,1036151.0,1036151.0,1036151.0,1036151.0,1035880.0,4,7,7253057.0
2022-09-02,2022-09-02,962APSB31,F,1008000.0,1008000.0,1008000.0,1008000.0,1090000.0,1,1,1008000.0
2022-09-02,2022-09-02,8HDFCB32,F,1022444.0,1022444.0,1022444.0,1022444.0,1020634.41,1,1,1022444.0
