TradDt,BizDt,TckrSymb,SctySrs,OpnPric,HghPric,LwPric,ClsPric,PrvsClsgPric,TtlNbOfTxsExctd,TtlTradgVol,TtlTrfVal
2021-12-01,2021-12-01,ABB,A,2060.0,2085.5,2009.1,2019.75,2068.35,1625,7387,15056169.0
2021-12-01,2021-12-01,AEGISLOG,A,231.25,238.5,230.25,234.1,229.4,3304,111909,26278104.0
2021-12-01,2021-12-01,ARE&M,A,618.05,628.0,613.75,620.7,617.95,4787,78832,48837267.0
2021-12-01,2021-12-01,AMBALALSA,X,28.6,28.7,28.25,28.4,28.4,430,85187,2429665.0
2021-12-01,2021-12-01,HDFC,A,2720.0,2756.9,2697.0,2703.3,2676.4,4143,39621,108037627.0
2021-12-01,2021-12-01,ANDHRAPET,X,118.25,120.5,116.0,117.2,118.15,823,75542,8887652.0
2021-12-01,2021-12-01,ANSALAPI,T,11.45,11.45,10.76,11.01,11.14,26,6113,67699.0
2021-12-01,2021-12-01,UTIQUE,X,3.1,3.15,2.93,3.04,3.1,141,63966,196751.0
2021-12-01,2021-12-01,ARUNAHTEL,XT,9.5,9.8,9.03,9.5,9.5,82,54218,508590.0
2021-12-01,2021-12-01,BOMDYEING,A,83.5,84.45,82.45,83.05,83.0,1966,251045,20917068.0
2021-12-01,2021-12-01,ASIANHOTNR,B,75.2,75.2,73.25,73.3,73.2,33,1531,113170.0
2021-12-01,2021-12-01,ATUL,A,8668.0,8850.0,8668.0,8721.8,8716.15,599,931,8135625.0
2021-12-01,2021-12-01,ATVPR,XT,12.64,12.64,11.76,11.99,12.06,61,22976,276532.0
2021-12-01,2021-12-01,BAJAJELEC,A,1085.0,1085.0,1030.1,1043.05,1074.15,1930,10253,10751494.0
2021-12-01,2021-12-01,BAJAJHIND,A,12.69,12.74,12.24,12.44,12.57,1857,634772,7912878.0
2021-12-01,2021-12-01,FORCEMOT,A,1303.0,1313.0,1266.0,1294.15,1301.65,1268,7397,9565979.0
2021-12-01,2021-12-01,BAJFINANCE,A,7041.95,7105.2,6950.0,7039.5,6991.65,4134,30529,214831832.0
2021-12-01,2021-12-01,BALRAMCHIN,A,327.0,333.55,318.0,329.4,311.95,4483,99518,32479515.0
2021-12-01,2021-12-01,BANCOINDIA,B,170.7,171.4,167.25,168.85,169.7,600,5745,968545.0
2021-12-01,2021-12-01,ABREL,A,780.95,785.95,757.8,768.35,767.25,1838,26477,20393152.0
2021-12-01,2021-12-01,BANARISUG,A,2104.05,2177.05,2104.0,2119.85,2106.75,26,125,265056.0
2021-12-01,2021-12-01,BASF,A,2729.45,2742.25,2697.25,2723.1,2712.1,433,1045,2841133.0
2021-12-01,2021-12-01,BATAINDIA,A,1915.0,1917.9,1875.0,1891.45,1880.3,1972,15670,29640704.0
2021-12-01,2021-12-01,BEML,A,1850.0,1900.8,1818.0,1852.6,1839.7,2722,17664,32868933.0
2021-12-01,2021-12-01,BEL,A,205.0,206.45,201.6,206.05,203.45,2027,129785,26476887.0
2021-12-01,2021-12-01,BEPL,A,161.0,164.65,160.35,161.45,161.9,1566,71586,11598330.0
2021-12-01,2021-12-01,BIHSPONG,XT,7.8,8.4,7.71,8.03,8.11,120,13192,107117.0
2021-12-01,2021-12-01,BIRLACABLE,B,78.5,80.8,75.0,78.85,77.0,327,9104,707635.0
2021-12-01,2021-12-01,BLUESTARCO,A,937.95,962.95,931.5,943.75,952.0,815,5884,5552988.0
2021-12-01,2021-12-01,DISAQ,X,5455.0,5489.0,5311.0,5458.15,5425.4,38,123,666969.0
2021-12-01,2021-12-01,QUESTCAP,X,276.75,276.75,260.0,260.75,268.0,43,1283,338193.0
2021-12-01,2021-12-01,BPL,T,70.3,71.8,68.3,68.8,71.85,583,40843,2830299.0
2021-12-01,2021-12-01,OAL,B,749.0,770.0,740.75,747.0,749.05,413,2016,1529778.0
2021-12-01,2021-12-01,CENTEXT,B,8.62,8.77,8.5,8.7,8.37,43,16334,141599.0
2021-12-01,2021-12-01,CESC,A,89.0,89.0,86.5,86.85,87.5,2695,190993,16727611.0
2021-12-01,2021-12-01,CHAMBLFERT,A,372.0,399.9,368.0,397.55,364.1,12858,639846,250920190.0
2021-12-01,2021-12-01,EXIDEIND,A,164.95,164.95,162.1,163.25,162.85,4486,166536,27149559.0
2021-12-01,2021-12-01,CIPLA,A,982.9,986.35,922.1,927.8,971.3,6889,156411,149142139.0
2021-12-01,2021-12-01,DICIND,B,399.9,399.9,390.15,390.75,392.05,29,51,20031.0
2021-12-01,2021-12-01,CRISIL,A,3159.5,3200.0,3098.4,3112.6,3118.4,729,1531,4819359.0
2021-12-01,2021-12-01,CGPOWER,T,152.0,153.0,146.0,150.9,148.35,669,55433,8294245.0
2021-12-01,2021-12-01,DABUR,A,598.0,598.0,575.0,576.75,595.4,6442,77258,45031451.0
2021-12-01,2021-12-01,DALMIASUG,A,372.0,372.0,362.5,365.45,361.85,238,2372,869558.0
2021-12-01,2021-12-01,ARVIND,A,116.85,118.25,114.25,115.75,116.85,1231,81219,9411201.0
2021-12-01,2021-12-01,BALARPURIND,Z,1.45,1.45,1.36,1.39,1.43,1070,4567159,6430932.0
2021-12-01,2021-12-01,BHEL,A,58.9,60.3,57.9,60.05,58.9,10193,2561286,150763096.0
2021-12-01,2021-12-01,HINDPETRO,A,297.0,300.05,290.8,297.45,294.8,1770,132574,39201435.0
2021-12-01,2021-12-01,IFCI,A,11.82,12.06,11.76,11.98,11.7,6385,322916,3845805.0
2021-12-01,2021-12-01,MTNL,B,18.0,18.8,17.9,18.55,17.95,917,223284,4120318.0
2021-12-01,2021-12-01,MRPL,A,44.5,45.1,43.8,44.8,44.4,783,73125,3242882.0
2021-12-01,2021-12-01,CHENNPETRO,A,105.9,106.3,103.3,104.2,104.55,929,38874,4072670.0
2021-12-01,2021-12-01,RELCAPITAL,T,17.2,17.2,17.2,17.2,18.1,482,147546,2537791.0
2021-12-01,2021-12-01,SBIN,A,464.4,477.2,463.9,475.3,460.6,21266,1119158,526335383.0
2021-12-01,2021-12-01,SAIL,A,101.3,103.0,100.2,102.5,100.05,6661,1891260,192079746.0
2021-12-01,2021-12-01,TITAN,A,2410.2,2440.1,2347.7,2359.5,2374.9,2951,27928,66558037.0
2021-12-01,2021-12-01,IDBI,A,45.65,46.45,45.25,45.95,45.45,2516,771228,35233922.0
2021-12-01,2021-12-01,DCW,T,39.0,40.3,39.0,39.15,39.3,537,43632,1721078.0
2021-12-01,2021-12-01,DHAMPURSUG,A,280.0,288.0,280.0,285.05,277.65,609,10227,2896781.0
2021-12-01,2021-12-01,DIAMINESQ,X,232.35,250.0,230.0,247.7,232.35,180,9778,2329320.0
2021-12-01,2021-12-01,ELANTAS,A,3525.0,3570.0,3476.1,3485.1,3500.25,88,292,1026791.0
2021-12-01,2021-12-01,DRREDDY,A,4685.0,4708.15,4591.2,4607.25,4681.15,2417,12991,60053311.0
2021-12-01,2021-12-01,EIDPARRY,A,463.5,472.05,462.6,465.65,470.05,723,11716,5472952.0
2021-12-01,2021-12-01,PGHL,A,5360.0,5360.0,5200.0,5313.75,5322.1,601,1115,5922576.0
2021-12-01,2021-12-01,ELECTCAST,B,32.0,33.0,31.1,31.45,31.7,586,136533,4319230.0
2021-12-01,2021-12-01,ESABINDIA,A,2755.0,2889.9,2721.7,2849.4,2677.6,482,1456,4121392.0
2021-12-01,2021-12-01,EPL,A,204.9,210.55,201.5,202.85,197.85,1133,19353,3984283.0
2021-12-01,2021-12-01,ESTER,B,123.85,123.85,118.6,119.65,120.35,550,23989,2914279.0
2021-12-01,2021-12-01,PHCAP,X,129.35,129.35,129.35,129.35,123.2,22,1026,132713.0
2021-12-01,2021-12-01,FINCABLES,A,574.7,574.7,557.2,569.85,565.4,938,7796,4422667.0
2021-12-01,2021-12-01,COCKERILL,X,991.85,1018.5,991.85,995.0,1019.0,17,512,510130.0
2021-12-01,2021-12-01,UFLEX,A,513.6,513.6,489.15,493.3,489.55,861,10335,5092158.0
2021-12-01,2021-12-01,FOSECOIND,B,1416.1,1416.1,1386.7,1402.25,1397.0,60,287,404249.0
2021-12-01,2021-12-01,GOLDENTOBC,T,125.6,125.6,117.3,123.65,120.75,65,2739,337783.0
2021-12-01,2021-12-01,GANESHBE,B,79.95,80.0,77.0,77.95,77.85,493,13516,1050540.0
2021-12-01,2021-12-01,METROGLOBL,X,80.5,80.5,78.1,80.3,79.7,22,1059,83650.0
2021-12-01,2021-12-01,GTL,B,15.45,15.5,14.73,15.31,14.79,337,65084,996069.0
2021-12-01,2021-12-01,GODFRYPHLP,A,1201.0,1253.15,1200.95,1226.35,1221.85,1196,7447,9047049.0
2021-12-01,2021-12-01,GODREJIND,A,572.65,578.2,567.9,574.2,568.6,521,7534,4311797.0
2021-12-01,2021-12-01,KANSAINER,A,599.8,599.8,584.45,595.25,591.35,726,10631,6284034.0
2021-12-01,2021-12-01,GOODRICKE,XT,220.0,222.0,216.0,217.45,213.3,75,2188,479013.0
2021-12-01,2021-12-01,GOODYEAR,A,955.0,969.0,951.0,965.6,953.05,167,618,595425.0
2021-12-01,2021-12-01,GTNINDS,X,23.3,23.3,22.8,23.3,22.2,65,15086,350970.0
2021-12-01,2021-12-01,GHCL,A,393.95,419.6,393.5,417.0,393.75,1429,21711,8888258.0
2021-12-01,2021-12-01,GFLLIMITED,A,72.4,73.6,68.85,71.4,72.4,159,14663,1031797.0
2021-12-01,2021-12-01,GLFL,B,3.01,3.34,3.01,3.33,3.14,14,2470,8106.0
2021-12-01,2021-12-01,HCL-INSYS,B,18.2,18.3,16.6,18.3,17.44,3029,2592850,46773109.0
2021-12-01,2021-12-01,HDFCBANK,A,1490.55,1507.0,1488.0,1504.6,1493.6,11031,129565,194240834.0
2021-12-01,2021-12-01,HEROMOTOCO,A,2461.35,2479.7,2438.0,2445.9,2447.95,2067,20247,49708516.0
2021-12-01,2021-12-01,HFCL,A,73.2,73.85,70.5,70.85,71.95,4235,586158,42000221.0
2021-12-01,2021-12-01,HSCL,A,44.45,45.2,44.3,44.45,44.4,2298,335619,14975648.0
2021-12-01,2021-12-01,HCC,A,10.56,11.02,10.36,10.78,10.52,1129,843331,8980589.0
2021-12-01,2021-12-01,HINDOILEXP,A,159.4,161.9,156.05,159.9,156.5,650,23788,3765029.0
2021-12-01,2021-12-01,AGI,B,214.9,216.9,209.75,211.3,207.9,936,10467,2218833.0
2021-12-01,2021-12-01,HINDZINC,A,334.4,335.4,329.0,332.45,333.0,1348,29491,9786907.0
2021-12-01,2021-12-01,NDLVENTURE,B,370.95,370.95,354.45,363.95,357.7,217,1731,625610.0
2021-12-01,2021-12-01,HMT,Z,27.0,27.0,26.5,26.55,26.55,18,606,16189.0
2021-12-01,2021-12-01,PRAGBOS,XT,2.57,2.8,2.54,2.78,2.67,112,123852,343803.0
2021-12-01,2021-12-01,HLVLTD,T,10.19,10.3,9.75,9.98,9.94,174,32410,324763.0
2021-12-01,2021-12-01,IGPL,B,740.0,740.0,698.25,701.0,717.5,1593,11366,8209944.0
2021-12-01,2021-12-01,INDIAGLYCO,A,866.6,879.55,855.65,859.8,861.2,331,5333,4593084.0
2021-12-01,2021-12-01,INDLEASE,X,7.55,7.56,6.84,7.44,7.2,29,2257,16926.0
2021-12-01,2021-12-01,MARGOFIN,X,24.1,24.1,24.1,24.1,25.35,3,16,385.0
2021-12-01,2021-12-01,INDORAMA,B,49.0,49.4,46.65,47.65,48.1,217,8173,391753.0
2021-12-01,2021-12-01,INFY,A,1715.0,1741.4,1713.45,1715.5,1714.45,12354,292079,505928221.0
2021-12-01,2021-12-01,INGERRAND,A,1174.0,1268.3,1174.0,1193.0,1173.0,1208,4739,5842825.0
2021-12-01,2021-12-01,INSILCOLTD,X,6.91,7.1,6.83,7.05,6.97,67,17531,122043.0
2021-12-01,2021-12-01,ITHL,X,86.7,87.45,84.2,86.75,85.0,26,4700,404063.0
2021-12-01,2021-12-01,IONEXCHANG,A,2190.0,2190.0,2090.0,2152.05,2153.1,1364,12797,27041404.0
2021-12-01,2021-12-01,SUNDROP,A,934.7,934.7,916.1,922.85,920.85,32,78,71956.0
2021-12-01,2021-12-01,JISLJALEQS,A,39.15,41.05,39.15,39.8,39.1,1779,762186,30726594.0
2021-12-01,2021-12-01,JASCH,X,110.0,116.7,110.0,115.8,112.3,162,7274,824084.0
2021-12-01,2021-12-01,JCTLTD,X,4.22,4.22,4.05,4.05,4.26,2359,5328261,21794996.0
2021-12-01,2021-12-01,JINDALPOLY,A,1019.0,1054.0,1019.0,1034.65,1022.85,1096,6005,6236823.0
2021-12-01,2021-12-01,JSWSTEEL,A,610.85,639.55,610.85,637.0,608.4,5538,237807,148768337.0
2021-12-01,2021-12-01,UMANGDAIRY,B,71.2,72.6,70.0,70.05,70.4,80,179,12669.0
2021-12-01,2021-12-01,KAJARIACER,A,1153.0,1153.0,1105.0,1122.95,1143.4,1356,8316,9330126.0
2021-12-01,2021-12-01,KAKATCEM,B,215.65,221.1,213.2,218.55,211.25,213,2111,459672.0
2021-12-01,2021-12-01,KSL,A,323.85,324.5,316.05,321.8,321.45,323,2193,702869.0
2021-12-01,2021-12-01,KANELIND,XT,5.07,5.07,5.07,5.07,4.83,117,18565,94124.0
2021-12-01,2021-12-01,WHIRLPOOL,A,2040.0,2054.55,2014.25,2032.95,2031.45,564,2488,5062703.0
2021-12-01,2021-12-01,KGDENIM,X,43.25,45.7,43.25,45.4,44.0,54,19524,878814.0
2021-12-01,2021-12-01,KINETICENG,XT,63.15,67.0,63.15,64.8,64.75,110,4557,293018.0
2021-12-01,2021-12-01,KIRLOSBROS,B,351.55,365.0,348.0,363.7,351.6,175,1643,587621.0
2021-12-01,2021-12-01,KIRLOSIND,B,1421.55,1570.0,1421.5,1512.25,1448.45,163,893,1335356.0
2021-12-01,2021-12-01,KIRLFER,B,224.8,226.95,220.6,224.05,223.05,542,9794,2197176.0
2021-12-01,2021-12-01,ENVAIREL,X,28.1,28.1,28.1,28.1,29.5,2,2,56.0
2021-12-01,2021-12-01,KOTAKBANK,A,1980.0,1985.4,1940.25,1954.25,1962.15,4664,53019,104037181.0
2021-12-01,2021-12-01,KSB,A,1244.95,1261.7,1238.3,1252.7,1238.5,150,433,539686.0
2021-12-01,2021-12-01,LGBBROSLTD,A,523.0,523.55,490.85,494.85,506.55,1318,10476,5322513.0
2021-12-01,2021-12-01,TRENT,A,1020.0,1037.35,1006.4,1023.3,1014.45,2154,36862,37754401.0
2021-12-01,2021-12-01,LMW,A,8632.6,8887.9,8518.85,8803.85,8551.25,604,4895,42001354.0
2021-12-01,2021-12-01,LICHSGFIN,A,374.0,377.8,370.45,375.25,372.0,2249,181399,67941969.0
2021-12-01,2021-12-01,LUPIN,A,885.9,890.0,864.25,871.25,885.85,3710,50440,44203769.0
2021-12-01,2021-12-01,LYKALABS,B,172.9,172.9,160.3,172.9,164.7,4933,1318384,224465186.0
2021-12-01,2021-12-01,RAMCOCEM,A,952.35,952.35,928.9,944.5,946.75,1408,19432,18242202.0
2021-12-01,2021-12-01,MAFATIND,XT,165.0,170.0,165.0,169.0,170.0,9,138,23241.0
2021-12-01,2021-12-01,MAHSEAMLES,A,494.9,506.05,494.45,500.6,491.85,540,7196,3602245.0
2021-12-01,2021-12-01,MAHSCOOTER,A,4127.7,4268.75,4118.25,4235.15,4127.7,452,1088,4593634.0
2021-12-01,2021-12-01,MAJESAUT,X,129.25,129.25,123.8,126.3,126.75,78,2801,352298.0
2021-12-01,2021-12-01,MANALIPETC,T,111.0,113.5,106.15,109.65,109.05,405,35917,3932829.0
2021-12-01,2021-12-01,MFSL,A,944.45,974.4,943.45,968.25,938.5,1192,92543,88150048.0
2021-12-01,2021-12-01,MIDINDIA,XT,5.04,5.04,5.04,5.04,5.04,3,50,252.0
2021-12-01,2021-12-01,ONIDA,B,22.1,23.15,21.6,23.15,22.05,682,114599,2578077.0
2021-12-01,2021-12-01,CENTENKA,B,394.9,395.9,387.05,391.95,389.3,258,2362,926974.0
2021-12-01,2021-12-01,LORDSCHLO,X,60.2,60.2,56.8,58.45,59.75,20,1403,80718.0
2021-12-01,2021-12-01,SPICEJET,A,70.7,72.1,69.3,71.25,70.1,5765,826190,57997173.0
2021-12-01,2021-12-01,MOREPENLAB,A,51.95,52.3,49.7,50.2,51.35,3152,312501,15912380.0
2021-12-01,2021-12-01,MRF,A,75000.1,75323.15,73550.0,73785.55,75015.65,397,508,37634790.0
2021-12-01,2021-12-01,HEIDELBERG,A,230.0,230.0,221.9,224.15,220.9,655,6197,1386655.0
2021-12-01,2021-12-01,NCC,A,71.05,72.75,70.55,71.9,70.8,1284,158765,11323481.0
2021-12-01,2021-12-01,VEDL,A,340.9,349.65,335.1,347.3,339.0,7972,670326,229304111.0
2021-12-01,2021-12-01,NAHARSPING,T,470.0,489.0,466.1,473.15,479.9,53,2602,1233432.0
2021-12-01,2021-12-01,NAPEROL,A,1794.0,1867.05,1794.0,1840.15,1790.9,399,2546,4642032.0
2021-12-01,2021-12-01,GRASIM,A,1652.0,1689.95,1652.0,1680.85,1662.45,3666,51888,86869508.0
2021-12-01,2021-12-01,PEL,A,2416.85,2487.0,2416.85,2477.1,2416.85,2271,16787,41260433.0
2021-12-01,2021-12-01,NIITLTD,A,403.05,418.2,397.25,402.65,403.05,2684,106354,43421803.0
2021-12-01,2021-12-01,JAYKAY,X,51.55,51.55,48.2,50.8,49.15,78,7030,351773.0
2021-12-01,2021-12-01,NIRLON,A,373.05,384.5,373.0,373.65,372.25,43,925,346066.0
2021-12-01,2021-12-01,ONGC,A,141.5,143.75,139.6,142.2,142.15,8620,733744,103613233.0
2021-12-01,2021-12-01,OILCOUNTUB,T,8.37,8.37,8.34,8.34,8.39,2,13,108.0
2021-12-01,2021-12-01,ORIENTHOT,B,34.95,35.2,34.0,34.85,34.8,250,8164,281340.0
2021-12-01,2021-12-01,OSWALAGRO,B,26.55,27.0,26.2,26.3,27.55,154,18507,487046.0
2021-12-01,2021-12-01,INDSUCR,X,44.4,44.4,42.7,43.35,43.05,36,1608,69548.0
2021-12-01,2021-12-01,RELIANCE,A,2425.5,2474.6,2425.5,2466.9,2406.75,21763,334818,819895030.0
2021-12-01,2021-12-01,PILITA,B,6.7,6.7,6.46,6.5,6.48,287,124677,813137.0
2021-12-01,2021-12-01,RAYMOND,A,640.1,668.15,631.05,637.4,640.1,2314,35542,23030068.0
2021-12-01,2021-12-01,PIDILITIND,A,2223.0,2229.5,2195.25,2204.9,2204.95,1967,29278,64709314.0
2021-12-01,2021-12-01,PIXTRANS,X,740.0,747.8,715.0,725.5,739.55,522,10552,7625136.0
2021-12-01,2021-12-01,BIRLACORPN,A,1330.9,1384.3,1303.4,1312.9,1357.3,1552,6649,8938808.0
2021-12-01,2021-12-01,SURYAROSNI,A,616.55,618.0,600.3,610.45,611.45,566,3742,2282984.0
2021-12-01,2021-12-01,PRIMESECU,B,109.2,110.6,106.25,109.7,107.9,54,945,103130.0
2021-12-01,2021-12-01,PRSMJOHNSN,A,123.9,123.9,120.0,120.55,122.2,277,5423,653982.0
2021-12-01,2021-12-01,RAIN,A,206.0,209.5,201.6,208.2,199.55,3787,179365,36848842.0
2021-12-01,2021-12-01,AMJLAND,B,32.0,32.0,30.5,31.0,31.1,43,4890,153063.0
2021-12-01,2021-12-01,PUNJCOMMU,B,35.0,35.05,34.0,34.35,35.2,32,3182,110110.0
2021-12-01,2021-12-01,RSWM,B,429.8,438.0,423.0,428.1,420.8,459,3112,1334174.0
2021-12-01,2021-12-01,RAJSREESUG,B,21.9,23.6,21.9,23.55,22.6,8,139,3263.0
2021-12-01,2021-12-01,RALLIS,A,253.65,254.0,244.55,245.4,249.6,1770,32337,8053738.0
2021-12-01,2021-12-01,RAMANEWS,B,18.3,19.2,18.3,18.85,18.75,128,11047,209817.0
2021-12-01,2021-12-01,RAMAPETRO,X,4.0,4.0,3.8,3.8,4.0,11,8825,34035.0
2021-12-01,2021-12-01,RAPICUT,X,50.0,51.5,49.5,50.75,50.75,13,670,33437.0
2021-12-01,2021-12-01,WELSPLSOL,X,13.31,13.55,13.2,13.23,13.29,187,153146,2026170.0
2021-12-01,2021-12-01,ROLTA,Z,5.0,5.1,4.85,5.01,4.94,158,68562,341651.0
2021-12-01,2021-12-01,RUBFILA,X,98.8,98.8,92.0,94.1,95.5,478,47753,4487467.0
2021-12-01,2021-12-01,PATANJALI,B,945.0,945.0,913.0,920.95,917.4,398,1645,1513312.0
2021-12-01,2021-12-01,SALORAINTL,X,38.7,38.7,34.2,38.6,35.65,29,2621,99252.0
2021-12-01,2021-12-01,JINDALSAW,A,102.7,102.85,101.1,101.75,101.15,992,45687,4650356.0
2021-12-01,2021-12-01,JKLAKSHMI,A,630.6,642.85,619.6,628.75,635.4,1125,10488,6590004.0
2021-12-01,2021-12-01,SHREECEM,A,26300.0,26388.3,25850.0,26119.4,26106.0,399,509,13263009.0
2021-12-01,2021-12-01,SKPMIL,XT,19.95,19.95,19.95,19.95,19.95,4,113,2254.0
2021-12-01,2021-12-01,RELINFRA,T,84.95,86.95,82.0,83.35,84.15,606,75578,6390209.0
2021-12-01,2021-12-01,TATAPOWER,A,220.0,227.35,215.05,225.2,216.8,60036,6494457,1430419920.0
2021-12-01,2021-12-01,SPMLINFRA,B,21.7,21.9,21.5,21.9,20.89,143,60042,1312463.0
2021-12-01,2021-12-01,SUNDRMFAST,A,880.0,880.5,846.5,854.75,874.5,476,3050,2613429.0
2021-12-01,2021-12-01,SUNFLAG,A,69.25,69.25,67.65,68.45,67.9,679,20067,1371035.0
2021-12-01,2021-12-01,SPLPETRO,A,657.25,676.0,650.0,672.7,659.0,434,3036,2028462.0
2021-12-01,2021-12-01,SWARAJENG,A,1678.2,1678.2,1640.0,1645.35,1664.5,197,777,1287995.0
2021-12-01,2021-12-01,TATAELXSI,A,5790.0,5898.0,5750.2,5883.25,5790.85,3450,14804,86402578.0
2021-12-01,2021-12-01,ACC,A,2290.0,2330.9,2249.0,2252.5,2288.05,2016,16784,38197621.0
2021-12-01,2021-12-01,THERMAX,A,1769.9,1769.9,1706.95,1724.7,1751.6,839,3371,5810447.0
2021-12-01,2021-12-01,TIRUMALCHM,A,219.3,223.5,219.25,221.45,218.4,1490,47444,10520922.0
2021-12-01,2021-12-01,THOMASCOOK,A,65.15,66.35,62.45,63.05,65.25,1527,110485,6987760.0
2021-12-01,2021-12-01,TIMEX,X,79.1,79.1,77.5,79.1,75.35,533,250646,19785482.0
2021-12-01,2021-12-01,TOKYOPLAST,B,90.2,96.3,88.1,92.0,92.2,13,239,22084.0
2021-12-01,2021-12-01,TORNTPHARM,A,3043.35,3043.35,2946.95,2974.25,3043.35,1658,9677,28836162.0
2021-12-01,2021-12-01,TRANSCHEM,X,18.8,18.8,17.6,18.6,17.55,41,3930,72418.0
2021-12-01,2021-12-01,AMBUJACEM,A,385.95,385.95,368.1,371.15,374.35,2429,83064,30977669.0
2021-12-01,2021-12-01,UTLINDS,X,5.1,5.26,4.92,5.26,5.01,205,142658,738758.0
2021-12-01,2021-12-01,UNIENTER,B,114.3,115.35,110.1,112.05,110.4,69,2766,311758.0
2021-12-01,2021-12-01,VHL,B,3007.05,3061.4,2940.05,2992.25,3066.0,43,363,1081426.0
2021-12-01,2021-12-01,HINDALCO,A,419.9,426.2,418.5,424.4,412.15,3677,290405,122686783.0
2021-12-01,2021-12-01,WSTCSTPAPR,A,251.8,254.7,248.65,251.95,246.4,536,10112,2549740.0
2021-12-01,2021-12-01,HOCL,B,33.0,33.6,32.8,33.05,32.9,201,20417,677172.0
2021-12-01,2021-12-01,PASUPTAC,B,29.5,29.95,29.0,29.3,28.95,194,23802,697094.0
2021-12-01,2021-12-01,TEAM24,XT,3.8,3.8,3.62,3.64,3.62,44,17968,67815.0
2021-12-01,2021-12-01,PGHH,A,15172.8,15300.05,15020.55,15116.1,15060.35,288,409,6204153.0
2021-12-01,2021-12-01,MUKANDLTD,B,128.55,128.55,120.0,126.3,126.1,385,19953,2506670.0
2021-12-01,2021-12-01,BBOX,B,864.0,870.95,864.0,870.95,829.5,80,2997,2609926.0
2021-12-01,2021-12-01,UCAL,B,140.0,141.2,137.05,137.35,137.6,104,3303,456008.0
2021-12-01,2021-12-01,HARRMALAYA,B,153.15,158.9,151.7,157.45,151.05,332,10466,1613025.0
2021-12-01,2021-12-01,FEDERALBNK,A,88.15,88.75,87.15,88.6,86.95,4747,933604,82409651.0
2021-12-01,2021-12-01,TATASTEEL,A,1076.0,1095.9,1066.65,1082.5,1071.6,22669,461681,498963849.0
2021-12-01,2021-12-01,SKFINDIA,A,3875.0,3933.05,3760.55,3863.7,3864.9,704,3424,13133297.0
2021-12-01,2021-12-01,ASHOKLEY,A,119.75,122.8,119.45,121.95,119.75,11071,968371,117365528.0
2021-12-01,2021-12-01,CUMMINSIND,A,879.0,917.7,879.0,914.45,878.9,2500,48023,43411552.0
2021-12-01,2021-12-01,TATACOMM,A,1339.4,1339.4,1267.05,1277.3,1298.3,1388,12410,15923304.0
2021-12-01,2021-12-01,ABBOTINDIA,A,19546.0,19546.0,18850.0,18933.75,19100.1,672,1217,23213227.0
2021-12-01,2021-12-01,BAJAJHLDNG,A,5050.0,5205.0,4980.0,5186.5,5041.15,1321,3706,19008464.0
2021-12-01,2021-12-01,BHARATFORG,A,695.0,705.95,688.4,700.05,694.6,2366,42571,29657822.0
2021-12-01,2021-12-01,ESCORTS,A,1851.0,1863.0,1836.45,1847.25,1845.65,2575,44004,81364693.0
2021-12-01,2021-12-01,HINDMOTORS,T,11.1,11.45,10.77,11.24,11.03,215,34012,379333.0
2021-12-01,2021-12-01,LT,A,1765.4,1793.65,1763.9,1786.0,1763.9,2584,38063,67831092.0
2021-12-01,2021-12-01,M&M,A,833.0,842.9,823.85,834.95,835.75,4901,135276,112739200.0
2021-12-01,2021-12-01,BOSCHLTD,A,16290.0,16387.7,16152.8,16304.55,16179.7,795,1275,20751311.0
2021-12-01,2021-12-01,PREMIER,B,6.95,6.99,6.95,6.99,6.66,35,14491,101202.0
2021-12-01,2021-12-01,BPCL,A,372.5,375.9,365.75,368.5,369.9,4402,280135,103363994.0
2021-12-01,2021-12-01,SIEMENS,A,2141.0,2179.25,2126.45,2143.25,2152.2,1855,18296,39400868.0
2021-12-01,2021-12-01,TMPV,A,468.0,478.5,463.7,475.35,458.8,41929,2028162,952797935.0
2021-12-01,2021-12-01,VOLTAS,A,1210.0,1226.0,1201.85,1223.35,1201.35,3007,41359,50299938.0
2021-12-01,2021-12-01,GESHIP,A,300.0,300.0,293.85,299.0,294.1,682,9465,2812807.0
2021-12-01,2021-12-01,DEEPAKFERT,A,385.0,386.0,374.25,377.95,371.5,783,16118,6118174.0
2021-12-01,2021-12-01,EXCELINDUS,A,850.0,854.0,835.1,846.3,837.2,69,388,328142.0
2021-12-01,2021-12-01,GRWRHITECH,B,791.15,814.0,761.0,784.8,796.0,873,32439,25394915.0
2021-12-01,2021-12-01,GLAXO,A,1719.0,1748.0,1661.0,1671.9,1702.85,1438,6004,10269448.0
2021-12-01,2021-12-01,GNFC,A,459.0,462.0,422.6,425.55,424.6,7420,223792,99173576.0
2021-12-01,2021-12-01,NOVARTIND,A,786.95,792.0,772.8,775.7,782.25,187,1049,819938.0
2021-12-01,2021-12-01,SANOFI,A,7980.0,8200.0,7826.0,7856.1,7947.45,575,1308,10401422.0
2021-12-01,2021-12-01,PFIZER,A,5200.0,5217.05,5012.6,5023.2,5194.4,694,1422,7226887.0
2021-12-01,2021-12-01,GSFC,A,113.1,116.7,113.05,115.5,111.25,1521,106137,12161649.0
2021-12-01,2021-12-01,HINDUNILVR,A,2334.3,2356.0,2322.65,2345.15,2318.45,6074,55519,130284640.0
2021-12-01,2021-12-01,JSWDULUX,A,2110.35,2110.35,2056.1,2094.55,2062.15,142,334,692682.0
2021-12-01,2021-12-01,NOCIL,A,224.3,232.45,223.7,229.7,222.5,1884,95157,21740084.0
2021-12-01,2021-12-01,TATACHEM,A,885.0,886.95,870.3,883.35,871.75,2436,47631,41846939.0
2021-12-01,2021-12-01,TNPETRO,B,102.0,102.0,98.3,99.55,99.8,610,21493,2136615.0
2021-12-01,2021-12-01,ZUARIIND,B,127.55,128.0,126.25,127.1,124.7,74,1621,206448.0
2021-12-01,2021-12-01,NESTLEIND,A,19258.05,19438.0,19182.8,19388.5,19159.1,894,1572,30448321.0
2021-12-01,2021-12-01,TATACONSUM,A,788.15,791.0,767.6,772.85,778.8,4313,55150,42898031.0
2021-12-01,2021-12-01,ASIANPAINT,A,3158.9,3199.85,3123.0,3137.55,3144.4,11790,1748880,5471081334.0
2021-12-01,2021-12-01,BRITANNIA,A,3588.0,3606.65,3529.0,3535.3,3547.25,2578,27144,96814357.0
2021-12-01,2021-12-01,COLPAL,A,1450.0,1452.0,1423.0,1429.25,1439.1,2674,17552,25172496.0
2021-12-01,2021-12-01,EIHOTEL,A,126.6,126.6,120.1,120.55,120.2,1139,44696,5438188.0
2021-12-01,2021-12-01,INDHOTEL,A,179.9,185.1,177.5,183.95,180.4,7602,741063,134447353.0
2021-12-01,2021-12-01,CASTROLIND,A,129.5,129.5,126.0,128.4,129.25,1975,65707,8374435.0
2021-12-01,2021-12-01,ITC,A,221.55,223.25,220.6,221.95,221.3,13409,595864,132088004.0
2021-12-01,2021-12-01,APOLLOTYRE,A,205.0,208.9,205.0,207.8,204.65,2565,97566,20178246.0
2021-12-01,2021-12-01,CEATLTD,A,1179.15,1179.15,1146.45,1151.15,1171.3,1438,16046,18637380.0
2021-12-01,2021-12-01,MODIRUBBER,T,75.9,77.0,72.35,75.7,75.9,22,580,42654.0
2021-12-01,2021-12-01,FINPIPE,A,214.9,214.9,203.0,204.45,210.6,2697,54864,11268342.0
2021-12-01,2021-12-01,DSINVEST,XT,260.25,265.5,260.25,260.25,260.3,6,75,19776.0
2021-12-01,2021-12-01,CENTRUM,B,34.55,35.45,34.25,34.5,34.85,530,91251,3166592.0
2021-12-01,2021-12-01,TCIFINANCE,B,5.25,5.5,5.25,5.5,5.11,4,203,1073.0
2021-12-01,2021-12-01,IITL,T,62.0,62.55,60.4,60.4,59.6,6,251,15690.0
2021-12-01,2021-12-01,INDPRUD,X,1525.0,1597.9,1525.0,1597.9,1525.0,9,34,52962.0
2021-12-01,2021-12-01,TATAINVEST,A,1443.0,1443.0,1408.2,1415.25,1403.5,498,2971,4211231.0
2021-12-01,2021-12-01,PRISMX,XT,9.6,9.6,9.6,9.6,9.15,1518,572058,5491756.0
2021-12-01,2021-12-01,MOTOGENFIN,B,24.55,25.8,24.55,25.0,25.1,6,566,14007.0
2021-12-01,2021-12-01,WALCHPF,X,124.9,124.9,115.3,116.0,119.9,8,212,24596.0
2021-12-01,2021-12-01,WHBRADY,X,169.0,173.5,168.85,168.9,177.7,13,467,79030.0
2021-12-01,2021-12-01,TECHNVISN,XT,192.05,192.05,192.0,192.0,187.5,6,180,34560.0
2021-12-01,2021-12-01,SHAILY,X,1800.0,1883.0,1720.2,1834.7,1800.25,109,2317,4271179.0
2021-12-01,2021-12-01,BBTC,A,1000.0,1013.05,996.0,1000.55,993.55,552,3426,3430056.0
2021-12-01,2021-12-01,BOMBCYC,X,555.55,583.9,555.55,583.55,565.0,3,3,1723.0
2021-12-01,2021-12-01,GREAVESCOT,A,138.5,141.85,137.5,140.7,137.15,1760,106505,14906393.0
2021-12-01,2021-12-01,AMALGAM,XT,18.95,19.85,18.95,18.95,18.95,8,332,6316.0
2021-12-01,2021-12-01,INDIANVSH,X,21.75,23.25,21.35,22.2,22.15,158,11259,251918.0
2021-12-01,2021-12-01,COASTCORP,B,257.15,257.15,252.0,255.85,254.1,58,1110,282377.0
2021-12-01,2021-12-01,CHOWGULSTM,XT,19.6,19.65,17.8,17.8,18.72,159,52365,961143.0
2021-12-01,2021-12-01,GARWAOFFS,XT,39.75,40.6,39.0,39.65,40.6,135,12379,490135.0
2021-12-01,2021-12-01,ASIIL,X,15.7,16.35,15.5,15.75,15.58,197,247542,3961259.0
2021-12-01,2021-12-01,SAGCEM,A,254.2,263.0,251.0,257.15,257.35,410,6461,1654028.0
2021-12-01,2021-12-01,DECCANCE,B,593.65,599.4,589.25,597.6,586.75,263,1161,690927.0
2021-12-01,2021-12-01,MANGLMCEM,A,358.9,366.4,352.05,361.5,356.6,1009,5635,2015176.0
2021-12-01,2021-12-01,NCLIND,A,212.2,215.0,211.1,213.75,210.15,463,9335,1989207.0
2021-12-01,2021-12-01,SAURASHCEM,X,71.0,74.0,69.0,69.6,72.15,303,62208,4350323.0
2021-12-01,2021-12-01,SHREDIGCEM,B,78.5,78.5,75.25,76.05,76.2,596,30927,2363036.0
2021-12-01,2021-12-01,BORORENEW,A,612.0,619.2,578.75,594.4,589.75,9343,264535,160478297.0
2021-12-01,2021-12-01,RASSIREF,XT,10.0,10.0,9.9,10.0,9.53,9,1097,10940.0
2021-12-01,2021-12-01,TRIVENIGQ,X,6.0,6.18,6.0,6.0,6.19,29,7460,44792.0
2021-12-01,2021-12-01,ANDHRAPAP,B,232.95,232.95,220.0,227.0,224.75,120,1976,446210.0
2021-12-01,2021-12-01,BALKRISIND,A,2190.65,2215.0,2163.35,2174.25,2180.3,1595,7987,17442264.0
2021-12-01,2021-12-01,ORIENTPPR,B,31.0,31.9,30.6,31.2,30.35,1304,201320,6323607.0
2021-12-01,2021-12-01,CITADEL,X,13.99,13.99,13.81,13.81,13.2,4,256,3562.0
2021-12-01,2021-12-01,ROLLT,B,2.85,2.85,2.74,2.79,2.81,112,111195,308507.0
2021-12-01,2021-12-01,SESHAPAPER,A,158.85,162.15,158.25,161.15,158.15,33,551,88087.0
2021-12-01,2021-12-01,SOLIDCONT,XT,41.45,41.45,41.4,41.4,39.5,5,96,3977.0
2021-12-01,2021-12-01,SHBHAWANI,Z,5.75,5.75,5.75,5.75,6.05,91,11097,63807.0
2021-12-01,2021-12-01,NATHIND,X,83.6,83.6,79.25,80.6,81.95,47,3926,319087.0
2021-12-01,2021-12-01,SINTEXIND,T,11.52,11.52,11.52,11.52,12.12,904,153579,1769230.0
2021-12-01,2021-12-01,DCM,T,112.85,112.85,102.7,108.9,107.8,50,1029,110884.0
2021-12-01,2021-12-01,FORBESCO,T,5161.3,5250.0,5102.0,5163.4,5212.95,107,1287,6648001.0
2021-12-01,2021-12-01,HPCOTTON,X,115.95,117.0,106.4,111.8,111.05,120,3421,381599.0
2021-12-01,2021-12-01,KESORAMIND,B,56.85,56.95,56.05,56.25,56.0,486,19061,1074672.0
2021-12-01,2021-12-01,LAKSHMIMIL,X,3800.0,3866.85,3725.0,3815.95,3764.65,10,21,78602.0
2021-12-01,2021-12-01,VTL,A,2069.0,2069.85,1950.0,1963.65,2032.25,1382,7368,14624840.0
2021-12-01,2021-12-01,PENINLAND,B,12.13,12.59,11.98,12.36,12.03,99,13285,162955.0
2021-12-01,2021-12-01,PASUSPG,XT,20.85,20.9,20.85,20.9,20.9,4,221,4617.0
2021-12-01,2021-12-01,PHOENIXLTD,A,958.0,978.45,945.05,972.4,947.15,1478,16707,16019580.0
2021-12-01,2021-12-01,MARATHON,B,74.65,75.8,72.6,73.65,74.35,150,3286,245044.0
2021-12-01,2021-12-01,RAJABAH,XT,4550.0,4556.15,4151.1,4556.15,4339.2,51,87,394219.0
2021-12-01,2021-12-01,RELCHEMQ,X,253.0,271.75,250.0,267.75,249.4,789,52543,13872094.0
2021-12-01,2021-12-01,RUBYMILLS,B,260.6,262.6,255.3,256.2,256.45,78,1461,380038.0
2021-12-01,2021-12-01,SIMPLXREA,XT,97.0,97.05,96.95,97.05,92.45,26,959,93033.0
2021-12-01,2021-12-01,SWANCORP,A,118.7,119.0,116.2,118.6,118.55,94,1602,187983.0
2021-12-01,2021-12-01,VICTMILL,X,2760.0,2890.0,2760.0,2889.65,2880.0,11,17,48392.0
2021-12-01,2021-12-01,ZSVARAJT,X,8.59,8.91,8.59,8.91,8.49,40,9280,81615.0
2021-12-01,2021-12-01,ZODIACVEN,X,23.75,24.45,23.3,23.4,24.2,36,1777,42406.0
2021-12-01,2021-12-01,VEERENRGY,X,16.25,16.25,14.8,15.8,15.5,255,49923,798433.0
2021-12-01,2021-12-01,SW1,XT,56.6,56.6,56.6,56.6,59.55,5,230,13018.0
2021-12-01,2021-12-01,TILAK,XT,46.8,47.0,46.8,47.0,44.8,14705,2315146,108717132.0
2021-12-01,2021-12-01,KKFIN,X,9.29,9.29,8.5,8.5,8.85,6,623,5768.0
2021-12-01,2021-12-01,WAGEND,X,1.13,1.13,1.07,1.07,1.12,88,64460,69013.0
2021-12-01,2021-12-01,SAHARAONE,XT,27.5,28.85,27.5,27.6,27.5,13,476,13277.0
2021-12-01,2021-12-01,BANSWRAS,B,200.0,200.25,190.35,199.1,195.6,124,2099,409635.0
2021-12-01,2021-12-01,MODWOOL,X,66.9,66.9,66.9,66.9,63.75,8,500,33450.0
2021-12-01,2021-12-01,MODIPON,X,30.7,30.7,30.7,30.7,30.7,6,50,1535.0
2021-12-01,2021-12-01,SHRIDINE,X,798.0,799.0,770.05,779.5,773.7,29,566,443260.0
2021-12-01,2021-12-01,SRF,A,2050.0,2098.5,1994.05,2015.9,2017.4,8315,91848,186230105.0
2021-12-01,2021-12-01,SIYSIL,B,435.65,444.0,431.45,439.5,426.55,251,3227,1406017.0
2021-12-01,2021-12-01,SWADPOL,XT,4.6,5.0,4.56,4.56,4.8,26,6086,28798.0
2021-12-01,2021-12-01,SHRMFGC,XT,6.28,6.28,6.11,6.28,5.99,43,17372,109000.0
2021-12-01,2021-12-01,BBL,A,1700.0,1724.0,1674.0,1685.7,1687.75,516,1825,3088172.0
2021-12-01,2021-12-01,ELPROINTL,X,67.8,67.8,65.0,65.9,64.95,89,14137,929418.0
2021-12-01,2021-12-01,GEE,X,72.9,73.8,69.0,73.8,70.35,189,21168,1541601.0
2021-12-01,2021-12-01,HIRECT,B,172.55,172.75,168.5,171.05,168.6,15,115,19720.0
2021-12-01,2021-12-01,NIPPOBATRY,B,437.05,444.0,420.3,428.05,439.05,217,813,351665.0
2021-12-01,2021-12-01,ZENSARTECH,A,450.0,453.15,434.25,447.15,445.8,2132,61960,27444291.0
2021-12-01,2021-12-01,JYOTI,X,9.94,9.94,9.2,9.52,9.61,27,6146,58855.0
2021-12-01,2021-12-01,JSLINDL,XT,190.0,195.0,185.0,195.0,193.85,10,120,22960.0
2021-12-01,2021-12-01,KAYCEEI,X,3900.0,3970.0,3900.0,3970.0,3995.0,2,2,7870.0
2021-12-01,2021-12-01,INDOKEM,X,37.8,37.8,34.35,34.85,35.2,20,2713,97751.0
2021-12-01,2021-12-01,PANAENERG,X,300.65,300.65,296.75,297.7,296.75,128,3064,914045.0
2021-12-01,2021-12-01,NELCO,T,781.95,781.95,725.0,743.7,745.95,831,18946,14405854.0
2021-12-01,2021-12-01,PERMAGN,X,381.3,395.6,380.5,383.35,381.1,80,1288,494530.0
2021-12-01,2021-12-01,HIGHENE,X,1753.4,1769.6,1700.0,1741.2,1712.05,155,1082,1878663.0
2021-12-01,2021-12-01,STDBAT,XT,25.0,25.0,23.1,24.5,24.3,81,6515,156316.0
2021-12-01,2021-12-01,UNIVCABLES,B,155.0,155.5,146.0,149.3,153.95,237,4272,638972.0
2021-12-01,2021-12-01,DLTNCBL,X,54.1,55.5,50.05,53.55,53.0,30,1201,64553.0
2021-12-01,2021-12-01,LAKSELEC,X,603.9,603.9,573.0,577.8,585.55,105,2958,1719851.0
2021-12-01,2021-12-01,MODULEX,X,16.3,17.35,16.3,17.0,16.85,29,75714,1268066.0
2021-12-01,2021-12-01,DELTAMAGNT,B,61.55,61.55,57.05,57.55,60.0,66,1535,88937.0
2021-12-01,2021-12-01,RELTD,XT,45.9,47.25,43.35,45.15,45.0,47,2422,110044.0
2021-12-01,2021-12-01,ZMULTIPU,XT,9.0,9.0,9.0,9.0,8.97,2,4,36.0
2021-12-01,2021-12-01,NYSSACORP,XT,6.71,7.0,6.38,6.83,6.71,314,53164,357112.0
2021-12-01,2021-12-01,FLOMIC,XT,172.3,172.3,172.3,172.3,181.35,240,6938,1195417.0
2021-12-01,2021-12-01,KRISHNA,XT,34.0,34.0,30.95,30.95,32.55,50,3401,106793.0
2021-12-01,2021-12-01,UNIABEXAL,X,615.0,615.0,575.0,592.55,587.95,39,301,178505.0
2021-12-01,2021-12-01,SARDAEN,B,787.0,791.0,767.7,776.4,787.85,641,3045,2369546.0
2021-12-01,2021-12-01,BGWTATO,X,178.0,178.0,178.0,178.0,177.0,1,1,178.0
2021-12-01,2021-12-01,GALADA,Z,2.59,2.73,2.47,2.47,2.6,22,9721,24634.0
2021-12-01,2021-12-01,AZADIND,XT,30.25,30.25,30.25,30.25,28.84,4,104,3146.0
2021-12-01,2021-12-01,INDIANHUME,A,192.25,193.85,191.35,192.4,189.85,138,3448,663588.0
2021-12-01,2021-12-01,INVPRECQ,X,280.5,301.85,280.5,293.45,290.0,18,781,228749.0
2021-12-01,2021-12-01,INFORTEC,X,33.45,33.45,33.45,33.45,33.45,6,579,19367.0
2021-12-01,2021-12-01,KAIRA,XT,2665.05,2798.25,2665.0,2701.85,2665.0,32,187,518321.0
2021-12-01,2021-12-01,ORIENTCER,B,25.7,26.2,24.1,24.5,25.0,526,26277,659964.0
2021-12-01,2021-12-01,NATIONSTD,XT,11799.75,11799.75,11799.75,11799.75,12420.75,11,11,129797.0
2021-12-01,2021-12-01,DUNCANENG,X,215.0,215.0,197.05,208.1,207.0,21,463,93903.0
2021-12-01,2021-12-01,SANDUMA,B,1910.0,1963.0,1890.0,1899.25,1922.35,981,6900,13224134.0
2021-12-01,2021-12-01,STOVACQ,X,2324.0,2324.0,2280.0,2289.6,2284.5,36,151,346247.0
2021-12-01,2021-12-01,TATAYODOGA,XT,86.3,92.0,86.3,88.4,89.25,186,7435,665267.0
2021-12-01,2021-12-01,TINPLATE,A,273.0,278.8,270.0,272.7,272.35,1593,37203,10141533.0
2021-12-01,2021-12-01,CHOLAHLDNG,A,704.9,705.85,696.35,697.55,697.95,144,329,230321.0
2021-12-01,2021-12-01,ZWELCAST,X,375.0,411.0,375.0,405.0,393.25,5,65,26565.0
2021-12-01,2021-12-01,AUTOAXLES,A,1262.0,1275.95,1252.0,1264.55,1267.55,120,302,380647.0
2021-12-01,2021-12-01,ACGL,X,754.95,859.0,727.1,835.05,741.75,435,9153,7297806.0
2021-12-01,2021-12-01,SETCO,B,15.2,15.6,15.05,15.1,15.4,96,22837,349682.0
2021-12-01,2021-12-01,SCOOTER,T,33.0,33.0,32.1,32.65,32.35,21,790,25691.0
2021-12-01,2021-12-01,TALBROAUTO,B,369.95,395.0,355.75,374.35,339.45,7981,175360,66174174.0
2021-12-01,2021-12-01,ZFSTEERING,X,425.75,441.65,425.75,439.55,425.75,171,9419,4128001.0
2021-12-01,2021-12-01,SMLMAH,A,647.0,675.25,639.7,667.7,641.4,433,4378,2853669.0
2021-12-01,2021-12-01,TIL,B,142.85,145.25,142.75,144.3,141.55,123,1332,191420.0
2021-12-01,2021-12-01,EICHERMOT,A,2412.0,2482.0,2393.4,2437.6,2371.3,6301,58180,142648508.0
2021-12-01,2021-12-01,JAINEX,XT,78.45,78.45,78.45,78.45,82.55,3,195,15297.0
2021-12-01,2021-12-01,ALFREDHE,X,690.0,714.5,657.65,661.55,688.6,8,43,28607.0
2021-12-01,2021-12-01,VELJAN,X,970.0,998.6,950.65,975.9,969.0,24,133,129384.0
2021-12-01,2021-12-01,DYNAMATECH,T,2112.2,2244.0,2101.05,2135.15,2163.5,57,9311,19939379.0
2021-12-01,2021-12-01,GGDPROP,XT,66.05,66.05,66.05,66.05,67.9,1,100,6605.0
2021-12-01,2021-12-01,GMMPFAUDLR,A,4599.5,4599.5,4460.95,4486.35,4473.85,382,704,3160729.0
2021-12-01,2021-12-01,KIRLPNU,B,430.0,453.5,421.1,429.85,427.6,715,48458,21113935.0
2021-12-01,2021-12-01,KPT,X,150.95,154.8,147.45,149.85,150.95,91,4841,731176.0
2021-12-01,2021-12-01,LAKSHMIEW,X,693.0,693.0,651.25,665.45,681.85,32,146,96584.0
2021-12-01,2021-12-01,MANUGRAPH,B,18.4,18.4,18.4,18.4,19.35,13,3784,69625.0
2021-12-01,2021-12-01,MONOT,Z,0.24,0.25,0.24,0.25,0.24,7,3970,982.0
2021-12-01,2021-12-01,NESCO,A,590.25,597.5,589.65,594.55,587.75,865,4948,2936101.0
2021-12-01,2021-12-01,INTEGRAEN,X,81.3,81.3,76.25,79.15,77.9,190,29232,2310773.0
2021-12-01,2021-12-01,SEMAC,B,687.1,700.0,680.0,683.7,674.7,39,1142,781007.0
2021-12-01,2021-12-01,TEXINFRA,B,55.95,56.3,54.2,54.9,54.7,46,88,4831.0
2021-12-01,2021-12-01,WENDT,B,5159.95,5209.9,5101.65,5107.05,5114.45,32,46,236793.0
2021-12-01,2021-12-01,RESPONIND,A,104.0,105.1,98.05,99.65,103.15,202,10539,1076706.0
2021-12-01,2021-12-01,SHYMINV,XT,14.0,14.7,13.58,13.82,14.25,433,98887,1357302.0
2021-12-01,2021-12-01,MAHACORP,X,0.57,0.57,0.57,0.57,0.6,693,627058,357423.0
2021-12-01,2021-12-01,DOLATALGO,B,85.0,86.9,84.4,85.55,85.45,794,21671,1854402.0
2021-12-01,2021-12-01,WESTLIFE,A,551.05,554.8,542.4,545.3,547.55,321,1629,890761.0
2021-12-01,2021-12-01,ZEEL,A,325.2,338.9,324.65,337.0,324.35,9683,813739,269895099.0
2021-12-01,2021-12-01,GOLDCORP,X,169.85,170.15,156.0,168.6,162.05,25,1132,181245.0
2021-12-01,2021-12-01,SVPGLOB,B,107.2,114.8,107.0,112.9,107.15,1084,74399,8302574.0
2021-12-01,2021-12-01,SKYLMILAR,X,9.79,9.79,9.1,9.58,9.44,55,7573,71850.0
2021-12-01,2021-12-01,BIMETAL,X,359.0,359.0,337.05,344.7,341.2,23,269,92750.0
2021-12-01,2021-12-01,BHARATGEAR,B,162.25,164.9,159.4,162.75,160.55,498,9039,1469718.0
2021-12-01,2021-12-01,BRADYM,X,116.25,116.25,116.25,116.25,118.8,1,20,2325.0
2021-12-01,2021-12-01,LATIMMETAL,X,81.4,87.15,81.4,82.7,83.05,134,10306,859419.0
2021-12-01,2021-12-01,ELECON,B,212.8,212.8,204.0,206.0,207.0,2314,86137,17859600.0
2021-12-01,2021-12-01,GRAUWEIL,B,59.95,60.25,59.1,59.9,59.4,305,22397,1338728.0
2021-12-01,2021-12-01,GAJRABEVEL,XT,2.4,2.4,2.22,2.37,2.33,73,27276,61860.0
2021-12-01,2021-12-01,HIMTEK,X,126.0,127.0,123.1,126.25,122.95,135,8818,1111834.0
2021-12-01,2021-12-01,GABRIEL,A,138.5,138.5,132.85,134.4,134.35,983,21509,2890716.0
2021-12-01,2021-12-01,HERCULES,B,138.3,140.05,135.65,136.25,136.95,165,1525,210262.0
2021-12-01,2021-12-01,ALGOQUANT,XT,1181.05,1232.6,1181.05,1232.6,1173.95,28,690,850283.0
2021-12-01,2021-12-01,IFBIND,A,1132.1,1144.6,1125.95,1130.45,1138.05,187,398,450120.0
2021-12-01,2021-12-01,SINGERIND,X,67.9,67.9,62.1,63.6,65.25,691,114991,7311384.0
2021-12-01,2021-12-01,INTLCOMBQ,X,330.0,330.0,315.0,316.65,324.75,23,2267,719622.0
2021-12-01,2021-12-01,FMGOETZE,A,240.8,241.0,236.1,238.45,236.15,331,3398,811488.0
2021-12-01,2021-12-01,JOSTS,X,440.0,456.0,430.05,434.9,458.35,55,942,411512.0
2021-12-01,2021-12-01,SCHAEFFLER,A,7847.1,7854.0,7563.1,7593.3,7792.35,242,394,3035197.0
2021-12-01,2021-12-01,RANEHOLDIN,A,588.75,600.0,586.9,597.35,579.9,228,717,424921.0
2021-12-01,2021-12-01,SNL,X,246.0,247.55,243.1,245.35,246.7,57,1748,428298.0
2021-12-01,2021-12-01,JAIPAN,X,9.96,9.96,9.5,9.5,10.0,11,1567,15393.0
2021-12-01,2021-12-01,MANCREDIT,X,94.9,94.9,88.75,89.9,92.3,92,8730,797592.0
2021-12-01,2021-12-01,TRF,B,123.5,128.8,123.5,125.45,123.75,29,276,34587.0
2021-12-01,2021-12-01,WPIL,X,920.0,933.5,896.0,903.15,911.2,685,9537,8642367.0
2021-12-01,2021-12-01,KENNAMET,A,1511.9,1531.8,1484.3,1516.25,1514.85,104,384,578884.0
2021-12-01,2021-12-01,HINDHARD,X,267.95,268.45,244.05,262.95,259.4,11,54,14389.0
2021-12-01,2021-12-01,TRITONV,X,1403.0,1440.0,1365.0,1371.35,1384.35,134,2094,2890932.0
2021-12-01,2021-12-01,SUDAI,XT,11.03,11.04,10.98,10.98,10.52,38,10092,111239.0
2021-12-01,2021-12-01,PRAKASH,A,59.3,59.3,57.8,58.55,57.95,692,39383,2304388.0
2021-12-01,2021-12-01,ARSHIYA,B,29.05,29.15,28.5,28.85,28.4,64,7930,227888.0
2021-12-01,2021-12-01,GRINDWELL,A,1697.0,1721.2,1661.15,1673.05,1662.05,1351,6024,10158139.0
2021-12-01,2021-12-01,LAKPRE,Z,4.89,4.89,4.55,4.55,4.71,6,1401,6376.0
2021-12-01,2021-12-01,STANROS,X,85.25,90.0,85.25,89.75,86.8,14,316,27291.0
2021-12-01,2021-12-01,GENESYS,B,306.0,320.0,301.3,312.8,313.8,409,13349,4091511.0
2021-12-01,2021-12-01,VOLKAI,XT,66.2,66.2,66.2,66.2,63.05,8,82,5428.0
2021-12-01,2021-12-01,PARNAXLAB,X,35.5,35.75,34.8,35.25,34.7,62,13959,494654.0
2021-12-01,2021-12-01,GOURMET,XT,6.26,6.26,6.26,6.26,5.97,5,1566,9803.0
2021-12-01,2021-12-01,VIVIDHA,B,1.1,1.1,1.1,1.1,1.15,271,258520,284372.0
2021-12-01,2021-12-01,KANANIIND,B,7.53,7.98,7.26,7.86,7.61,15,976,7616.0
2021-12-01,2021-12-01,GSLTD,XT,13.78,13.78,13.78,13.78,14.5,2,13,179.0
2021-12-01,2021-12-01,ARIHANTSUP,B,172.5,181.9,172.3,179.9,170.8,370,65783,11483141.0
2021-12-01,2021-12-01,BLISSGVS,A,100.15,100.15,98.2,99.0,98.45,195,12755,1264141.0
2021-12-01,2021-12-01,STYRENIX,B,1449.0,1449.0,1386.75,1394.95,1394.95,225,625,874469.0
2021-12-01,2021-12-01,ALEMBICLTD,A,103.0,103.35,99.1,100.05,101.0,966,37466,3766633.0
2021-12-01,2021-12-01,AMNPLST,X,111.0,111.0,104.5,106.3,108.05,288,17976,1923235.0
2021-12-01,2021-12-01,ANUHPHR,X,102.5,105.7,101.6,102.35,102.2,298,19891,2040751.0
2021-12-01,2021-12-01,MODISONLTD,B,72.25,84.8,69.55,78.35,70.7,1043,77744,6265882.0
2021-12-01,2021-12-01,BAYERCROP,A,4570.0,4670.0,4570.0,4653.9,4604.2,317,640,2969587.0
2021-12-01,2021-12-01,STARSOURCE,XT,31.45,31.95,29.3,31.8,30.8,31,1036,30529.0
2021-12-01,2021-12-01,SUDARCOLOR,A,489.0,491.7,483.7,490.1,486.9,351,4731,2311799.0
2021-12-01,2021-12-01,COROMANDEL,A,743.85,766.2,738.5,743.7,740.4,1512,18413,13828610.0
2021-12-01,2021-12-01,DEEPAKNTR,A,2130.0,2159.8,2110.05,2151.6,2117.6,2701,19249,41217764.0
2021-12-01,2021-12-01,DMCC,B,312.15,312.15,302.0,305.55,307.1,1039,13928,4276643.0
2021-12-01,2021-12-01,FERMENTA,X,299.9,299.9,288.1,291.65,288.05,470,26717,7834138.0
2021-12-01,2021-12-01,GOCLCORP,B,300.0,301.25,293.1,296.6,286.45,113,1177,349787.0
2021-12-01,2021-12-01,JAYCH,X,6.13,6.38,5.9,5.95,6.14,158,53831,331300.0
2021-12-01,2021-12-01,JLMORISON,X,1882.95,1882.95,1793.1,1871.0,1820.35,10,32,59586.0
2021-12-01,2021-12-01,KANORICHEM,B,161.3,167.8,157.4,159.2,159.85,291,8829,1439685.0
2021-12-01,2021-12-01,KELENRG,X,799.0,859.95,740.0,744.75,749.75,62,528,403423.0
2021-12-01,2021-12-01,NITTAGELA,X,213.0,216.0,206.0,212.35,208.1,96,2252,474433.0
2021-12-01,2021-12-01,MPAGI,XT,13.69,13.69,13.69,13.69,13.04,61,7365,100826.0
2021-12-01,2021-12-01,AGVENTURES,A,965.0,985.1,965.0,976.1,970.85,109,215,210131.0
2021-12-01,2021-12-01,PCBL,A,215.0,226.85,212.7,224.7,208.85,2173,137526,30266250.0
2021-12-01,2021-12-01,AMAL,X,394.2,394.2,382.0,385.9,387.5,88,6994,2707866.0
2021-12-01,2021-12-01,POLYCHEM,X,490.0,500.0,464.05,486.35,493.1,20,61,29657.0
2021-12-01,2021-12-01,PUNJABCHEM,B,1362.05,1446.4,1362.05,1381.7,1402.2,378,1116,1567085.0
2021-12-01,2021-12-01,ZR2,XT,140.0,140.0,140.0,140.0,140.0,1,4,560.0
2021-12-01,2021-12-01,SADHNANIQ,X,40.85,41.15,39.0,39.4,39.75,420,48745,1920566.0
2021-12-01,2021-12-01,SUDARSCHEM,A,562.0,569.0,554.7,555.05,562.0,446,4012,2236936.0
2021-12-01,2021-12-01,ULTRAMAR,X,372.7,383.95,372.7,376.0,374.4,278,9250,3493333.0
2021-12-01,2021-12-01,TRANSPEK,X,2110.0,2148.95,2110.0,2128.1,2093.45,100,2482,5276755.0
2021-12-01,2021-12-01,UNICHEMLAB,A,209.0,220.0,208.1,210.7,211.0,1689,47903,10217609.0
2021-12-01,2021-12-01,MYSORPETRO,X,105.0,106.6,104.0,104.5,104.65,14,612,64516.0
2021-12-01,2021-12-01,ALKYLAMINE,A,3177.55,3229.95,3099.85,3113.25,3177.55,1300,4925,15395393.0
2021-12-01,2021-12-01,TUTIALKA,XT,19.5,20.15,18.3,18.75,19.25,201,74773,1430347.0
2021-12-01,2021-12-01,ASTRAZEN,A,3133.05,3225.0,3099.9,3105.9,3127.55,605,2203,6902761.0
2021-12-01,2021-12-01,PRIMO,X,221.65,223.0,217.2,219.7,219.5,281,25722,5665698.0
2021-12-01,2021-12-01,TANFACIND,X,476.05,484.7,470.05,478.35,475.4,125,4186,1995526.0
2021-12-01,2021-12-01,GUJPETR,XT,47.25,47.25,43.25,43.45,45.0,16,293,13467.0
2021-12-01,2021-12-01,GUJTHEM,X,488.0,510.0,488.0,494.25,494.75,145,3886,1929660.0
2021-12-01,2021-12-01,JAYSYN,X,75.0,75.0,72.65,74.85,74.05,12,1040,75658.0
2021-12-01,2021-12-01,MAKERSL,X,198.0,200.0,193.0,198.0,198.25,68,4911,959929.0
2021-12-01,2021-12-01,JBCHEPHARM,A,1600.1,1637.3,1589.5,1597.35,1638.3,339,1597,2579907.0
2021-12-01,2021-12-01,BLUECHIPT,X,146.6,159.3,146.6,150.0,152.85,40,1627,251428.0
2021-12-01,2021-12-01,JAGAJITIND,XT,60.3,61.8,60.2,61.0,61.35,25,1370,82573.0
2021-12-01,2021-12-01,KESARENT,X,76.5,78.1,76.5,78.1,74.4,24,2408,187111.0
2021-12-01,2021-12-01,TI,T,80.1,82.8,76.9,81.6,80.9,325,40461,3191361.0
2021-12-01,2021-12-01,EMERALL,XT,92.25,92.25,92.25,92.25,88.0,4,101,9317.0
2021-12-01,2021-12-01,SAKHTISUG,B,14.0,14.29,13.62,13.72,13.82,77,9183,127565.0
2021-12-01,2021-12-01,WALCHANNAG,B,43.55,44.55,40.9,41.25,43.55,2359,233000,9940897.0
2021-12-01,2021-12-01,KHODINDIA,XT,71.6,75.4,68.5,71.95,71.95,12,1249,89412.0
2021-12-01,2021-12-01,IFBAGRO,B,608.75,617.0,588.2,606.55,598.6,153,1564,944771.0
2021-12-01,2021-12-01,DHARANISUG,B,16.25,17.15,16.1,16.9,16.35,30,829,13719.0
2021-12-01,2021-12-01,KFBL,X,57.5,57.5,54.2,54.8,55.8,41,2394,132558.0
2021-12-01,2021-12-01,CAPRO,XT,65.0,65.0,64.95,64.95,63.0,4,152,9874.0
2021-12-01,2021-12-01,GMBREW,B,683.8,689.0,672.1,682.5,677.45,400,6062,4135821.0
2021-12-01,2021-12-01,RANASUG,B,24.0,24.8,23.9,24.05,23.9,387,85010,2055328.0
2021-12-01,2021-12-01,PICCASUG,X,13.1,13.1,12.31,12.9,12.94,89,7038,89141.0
2021-12-01,2021-12-01,RIGASUGAR,X,7.6,8.07,7.36,7.43,7.71,49,10801,81959.0
2021-12-01,2021-12-01,SDBL,B,39.55,39.55,38.1,38.65,38.9,230,11322,442020.0
2021-12-01,2021-12-01,CJGEL,XT,16.35,16.35,16.35,16.35,17.2,13,989,16170.0
2021-12-01,2021-12-01,AMRITCORP,X,821.0,839.95,821.0,822.5,855.0,11,28,23063.0
2021-12-01,2021-12-01,ASALCBR,B,510.0,512.5,501.0,507.5,503.2,1178,9815,4960321.0
2021-12-01,2021-12-01,FOODSIN,B,89.7,90.2,85.35,87.05,87.15,824,57169,5046266.0
2021-12-01,2021-12-01,IVP,B,122.65,122.65,117.55,122.4,119.0,21,907,109599.0
2021-12-01,2021-12-01,KLRFM,X,80.5,81.9,79.05,81.9,80.0,15,1833,146771.0
2021-12-01,2021-12-01,MLKFOOD,X,365.0,370.65,351.2,362.0,363.45,51,895,323145.0
2021-12-01,2021-12-01,POLSON,X,12500.0,12650.0,11805.5,12097.85,12869.9,38,47,575271.0
2021-12-01,2021-12-01,WIPRO,A,644.8,645.55,633.2,634.8,637.0,6492,412526,262860902.0
2021-12-01,2021-12-01,ORIBEVER,X,67.4,67.4,64.5,66.9,64.75,24,657,43645.0
2021-12-01,2021-12-01,DHANUKA,A,737.2,752.0,733.0,750.0,738.2,322,1691,1265518.0
2021-12-01,2021-12-01,TTKHLTCARE,B,710.0,710.0,658.4,666.5,675.15,62,431,287788.0
2021-12-01,2021-12-01,TGVSL,XT,48.0,50.6,47.8,50.6,48.2,280,58887,2914195.0
2021-12-01,2021-12-01,LIMECHM,X,25.2,26.5,25.05,25.65,26.05,40,1591,40911.0
2021-12-01,2021-12-01,KANPRPLA,B,130.3,131.95,125.25,129.1,130.1,185,9148,1159186.0
2021-12-01,2021-12-01,JAGSNPHARM,B,154.0,164.5,141.7,153.95,145.0,674,15725,2454936.0
2021-12-01,2021-12-01,KHAICHEM,B,59.0,63.6,59.0,61.65,59.45,432,14385,879025.0
2021-12-01,2021-12-01,NOL,X,75.8,75.8,75.8,75.8,72.2,19,670,50786.0
2021-12-01,2021-12-01,GILLETTE,A,5460.0,5465.95,5410.0,5427.1,5433.9,244,533,2891175.0
2021-12-01,2021-12-01,WIREFABR,X,78.5,78.5,74.4,74.4,76.95,3,251,19084.0
2021-12-01,2021-12-01,ANSALHSG,B,6.36,6.85,6.36,6.55,6.36,86,20990,137696.0
2021-12-01,2021-12-01,MCCHRLS-B,X,489.7,489.7,400.7,444.75,411.8,37,457,195121.0
2021-12-01,2021-12-01,ADDIND,X,28.4,28.4,28.4,28.4,27.05,12,3144,89289.0
2021-12-01,2021-12-01,PIONRINV,X,34.75,34.75,31.25,31.55,33.25,15,1387,43883.0
2021-12-01,2021-12-01,ASHNOOR,XT,73.7,73.7,71.45,71.45,75.2,61,1239,88667.0
2021-12-01,2021-12-01,UNITECH,Z,2.12,2.14,2.05,2.09,2.12,713,2157156,4556938.0
2021-12-01,2021-12-01,VIPIND,A,574.95,574.95,542.5,548.6,561.5,2020,22226,12268098.0
2021-12-01,2021-12-01,SCHABLONAI,XT,12.02,12.02,12.02,12.02,12.65,1,195,2343.0
2021-12-01,2021-12-01,FIBERWEB,X,38.05,38.5,37.5,38.05,38.15,323,167523,6345164.0
2021-12-01,2021-12-01,GYFTR,X,110.45,110.45,107.9,109.05,107.4,74,32739,3541954.0
2021-12-01,2021-12-01,BAJAJST,X,832.0,850.0,818.0,824.5,828.9,318,3581,2956793.0
2021-12-01,2021-12-01,KIDUJA,XT,350.55,350.55,350.55,350.55,368.95,11,132,46272.0
2021-12-01,2021-12-01,KEYCORP,XT,41.0,41.75,39.8,41.75,39.8,8,104,4263.0
2021-12-01,2021-12-01,GUJHOTE,X,142.6,144.0,135.25,139.0,142.6,34,836,116604.0
2021-12-01,2021-12-01,RASRESOR,X,27.65,30.55,27.65,29.5,29.1,9,1055,29216.0
2021-12-01,2021-12-01,PARMCOS-B,X,29.0,29.0,27.5,28.35,28.5,16,566,16119.0
2021-12-01,2021-12-01,JINDHOT,X,35.15,37.0,35.05,35.7,37.25,68,7114,253146.0
2021-12-01,2021-12-01,SIMMOND,XT,73.85,74.1,67.2,69.15,70.6,68,10901,773327.0
2021-12-01,2021-12-01,BNALTD,X,209.75,209.75,204.0,205.7,208.85,16,393,80979.0
2021-12-01,2021-12-01,LEDOTEACO,X,25.45,25.45,25.45,25.45,26.3,1,10,254.0
2021-12-01,2021-12-01,HAWKINCOOK,A,6116.5,6338.65,6110.35,6253.75,6116.5,237,1191,7389677.0
2021-12-01,2021-12-01,WARRENTEA,X,75.6,78.8,75.0,75.7,76.5,37,4161,315811.0
2021-12-01,2021-12-01,COCHMAL,XT,73.75,73.75,73.75,73.75,73.75,3,101,7448.0
2021-12-01,2021-12-01,BESTEAST,XT,25.0,25.0,23.75,25.0,25.0,5,253,6013.0
2021-12-01,2021-12-01,NEAGI,X,3456.0,3597.0,3456.0,3595.2,3582.0,12,36,129241.0
2021-12-01,2021-12-01,ISTLTD,X,472.0,498.95,467.65,475.65,489.75,49,1255,596597.0
2021-12-01,2021-12-01,COSMOFIRST,A,1347.0,1379.25,1321.1,1337.45,1352.5,970,3721,5033649.0
2021-12-01,2021-12-01,APOLLOHOSP,A,5705.1,5756.35,5530.3,5568.25,5692.65,4963,31222,175623269.0
2021-12-01,2021-12-01,NITINCAST,X,91.05,94.9,87.0,94.3,91.05,23,544,49703.0
2021-12-01,2021-12-01,NEXOME,X,41.4,41.4,41.4,41.4,41.45,1,24,993.0
2021-12-01,2021-12-01,EVERESTIND,B,375.3,379.75,372.7,376.75,374.5,194,2093,787640.0
2021-12-01,2021-12-01,IRONWOOD,X,38.7,38.7,36.05,36.75,37.9,11,1205,44456.0
2021-12-01,2021-12-01,MSRINDIA,XT,12.65,13.97,12.65,13.97,13.31,36,10623,143561.0
2021-12-01,2021-12-01,AYMSYNTEX,B,97.75,97.75,93.0,96.0,97.0,262,10934,1041636.0
2021-12-01,2021-12-01,PANCARBON,X,449.0,449.0,420.55,435.95,444.8,151,1921,833205.0
2021-12-01,2021-12-01,FINKURVE,X,40.6,40.6,37.5,37.95,39.6,29,1356,52653.0
2021-12-01,2021-12-01,HBLEAS,XT,3.4,3.49,3.21,3.45,3.33,48,4168,14130.0
2021-12-01,2021-12-01,SULABEN,X,4.0,4.0,4.0,4.0,4.21,195,32339,129356.0
2021-12-01,2021-12-01,NAVNETEDUL,A,101.5,101.8,98.9,99.6,100.0,322,8800,877155.0
2021-12-01,2021-12-01,SATRAPROP,Z,1.2,1.2,1.2,1.2,1.15,118,177617,213140.0
2021-12-01,2021-12-01,AUSOMENT,B,59.1,59.95,59.05,59.95,57.6,7,27,1600.0
2021-12-01,2021-12-01,RUCHINFRA,T,6.7,6.7,6.4,6.61,6.59,72,11366,74807.0
2021-12-01,2021-12-01,VOLLF,X,26.0,26.5,26.0,26.5,26.5,3,34,900.0
2021-12-01,2021-12-01,NETLINK,XT,40.6,42.45,39.7,41.0,40.6,45,2646,108628.0
2021-12-01,2021-12-01,LANCORHOL,X,21.0,21.0,19.75,20.0,20.63,45,11727,237316.0
2021-12-01,2021-12-01,INDINFO,XT,3.94,3.94,3.94,3.94,3.76,1904,2076053,8179648.0
2021-12-01,2021-12-01,BANASFN,X,36.2,36.2,36.2,36.2,34.5,38,17571,636070.0
2021-12-01,2021-12-01,VISAKAIND,B,561.6,606.1,561.6,592.1,579.75,206,856,500499.0
2021-12-01,2021-12-01,INFOMEDIA,T,5.55,5.55,5.04,5.04,5.3,4,3001,16655.0
2021-12-01,2021-12-01,HATHWAYB,XT,22.4,22.6,20.75,21.7,21.75,73,6749,144169.0
2021-12-01,2021-12-01,PRESSMN,B,27.75,27.75,26.45,26.65,27.05,90,2486,67092.0
2021-12-01,2021-12-01,GUFICBIO,B,186.0,203.5,186.0,192.5,181.7,4901,147092,28907496.0
2021-12-01,2021-12-01,GRPLTD,B,988.0,988.0,932.0,955.0,955.0,22,459,433804.0
2021-12-01,2021-12-01,INDAG,X,77.8,79.0,77.8,78.85,77.8,77,4709,369872.0
2021-12-01,2021-12-01,MMRUBBR-B,XT,50.5,50.5,50.5,50.5,50.5,2,113,5706.0
2021-12-01,2021-12-01,PTL,B,47.25,48.2,47.15,47.55,47.5,148,5960,282414.0
2021-12-01,2021-12-01,TVSSRICHAK,A,2075.0,2167.9,2075.0,2159.9,2128.9,114,304,655959.0
2021-12-01,2021-12-01,SEL,X,34.45,34.45,32.75,34.2,34.45,11,472,15585.0
2021-12-01,2021-12-01,BENARAS,X,1639.0,1652.2,1629.75,1648.6,1649.0,11,17,27856.0
2021-12-01,2021-12-01,BHAGWOX,XT,40.65,40.65,40.65,40.65,38.75,22,3758,152762.0
2021-12-01,2021-12-01,BOMOXY-B1,X,13697.0,14000.05,13150.0,13388.0,13226.05,32,38,519087.0
2021-12-01,2021-12-01,CRAVATEX,XT,320.55,320.55,320.55,320.55,336.0,1,5,1602.0
2021-12-01,2021-12-01,BERGEPAINT,A,754.2,758.1,739.25,741.3,754.2,4294,39350,29421792.0
2021-12-01,2021-12-01,CAPRIHANS,X,123.6,126.9,120.0,121.35,121.15,57,2549,309295.0
2021-12-01,2021-12-01,GRAPHITE,A,415.1,421.2,403.05,407.2,409.1,4634,83923,34459971.0
2021-12-01,2021-12-01,CEMPRO,A,74.4,75.5,73.8,74.85,73.35,501,20375,1519663.0
2021-12-01,2021-12-01,EMPIND,X,720.0,732.25,705.0,712.8,708.55,25,311,222003.0
2021-12-01,2021-12-01,GRAVISSHO,X,15.25,15.25,14.15,14.41,14.85,18,1134,16505.0
2021-12-01,2021-12-01,GARFIBRES,A,3205.0,3224.05,3121.9,3197.4,3200.2,708,13838,44367595.0
2021-12-01,2021-12-01,GARWAMAR,X,7.74,7.74,7.15,7.23,7.43,21,1008,7616.0
2021-12-01,2021-12-01,GOACARBON,B,326.0,338.75,326.0,332.4,325.7,415,16778,5566018.0
2021-12-01,2021-12-01,HARDCAS,X,262.25,275.25,251.05,266.95,262.25,6,23,6035.0
2021-12-01,2021-12-01,HEG,A,1809.1,1849.45,1781.1,1788.75,1807.8,1837,8655,15633952.0
2021-12-01,2021-12-01,HINDCOMPOS,B,307.05,309.6,302.7,306.25,304.55,40,1545,473839.0
2021-12-01,2021-12-01,BIRLANU,A,4395.15,4395.35,4311.8,4355.35,4381.55,207,399,1730612.0
2021-12-01,2021-12-01,INDIANCARD,B,179.5,183.6,178.0,183.6,182.9,59,1450,261203.0
2021-12-01,2021-12-01,INTLCONV,B,65.45,67.2,64.15,66.85,65.4,212,13698,905912.0
2021-12-01,2021-12-01,JAYSREETEA,B,98.0,98.0,95.0,96.6,95.85,284,15319,1479353.0
2021-12-01,2021-12-01,MODRNSH,X,16.7,16.7,16.65,16.65,16.7,5,5,83.0
2021-12-01,2021-12-01,HUHTAMAKI,A,221.05,235.9,221.05,228.2,221.7,236,4374,1001710.0
2021-12-01,2021-12-01,PREMSYN,X,21.7,23.45,21.6,21.6,22.65,6,200,4367.0
2021-12-01,2021-12-01,SHALPAINTS,B,102.0,104.55,101.2,101.55,101.7,227,3028,310869.0
2021-12-01,2021-12-01,HINDMILL,X,312.0,312.0,294.0,304.8,285.8,15,269,81442.0
2021-12-01,2021-12-01,SUPREMEIND,A,2209.0,2354.65,2170.0,2320.45,2169.55,3081,16431,36818819.0
2021-12-01,2021-12-01,THACKER,XT,344.95,344.95,344.95,344.95,331.2,1,9,3104.0
2021-12-01,2021-12-01,VSTIND,A,3132.7,3164.25,3100.0,3117.55,3118.3,197,427,1331239.0
2021-12-01,2021-12-01,SWASTIVI,X,5.54,5.59,5.3,5.51,5.41,364,105813,575600.0
2021-12-01,2021-12-01,YAMNINV,XT,0.88,0.88,0.88,0.88,0.92,2903,1904426,1675894.0
2021-12-01,2021-12-01,PREMCAP,X,5.12,5.12,4.65,4.96,4.88,37,4633,22846.0
2021-12-01,2021-12-01,ZMILGFIN,P,9.92,9.92,9.92,9.92,9.45,1,50,496.0
2021-12-01,2021-12-01,JINDRILL,B,128.45,128.45,123.15,125.05,125.3,123,1586,197750.0
2021-12-01,2021-12-01,SAKTHIFIN,X,16.55,16.6,16.05,16.6,16.6,42,8463,138655.0
2021-12-01,2021-12-01,AEROENTER,X,36.8,37.0,32.55,33.5,36.25,149,127303,4466495.0
2021-12-01,2021-12-01,SHIVATEX,B,186.6,196.9,183.7,184.25,183.65,94,1122,208282.0
2021-12-01,2021-12-01,VBDESAI,X,9.05,9.05,8.28,9.05,8.62,48,7968,71769.0
2021-12-01,2021-12-01,KAMANWALA,X,9.7,9.7,9.0,9.38,9.47,6,655,5896.0
2021-12-01,2021-12-01,WSFX,X,21.05,21.9,21.0,21.9,22.0,8,1716,37121.0
2021-12-01,2021-12-01,ANJANIFOODS,XT,137.95,144.9,137.9,144.55,138.0,22,304,43403.0
2021-12-01,2021-12-01,PARSHWANA,X,37.2,37.2,37.2,37.2,35.45,3,5,186.0
2021-12-01,2021-12-01,MILLENNIUM,XT,1.86,1.86,1.86,1.86,1.86,13,2768,5148.0
2021-12-01,2021-12-01,ICDSLTD,T,45.65,49.5,45.6,46.55,47.95,30,719,33126.0
2021-12-01,2021-12-01,CANFINHOME,A,594.05,596.75,581.25,593.35,590.0,1309,21415,12622373.0
2021-12-01,2021-12-01,IVC,B,6.34,6.6,6.34,6.49,6.52,99,34992,227424.0
2021-12-01,2021-12-01,SHRIRAMFIN,A,1401.0,1448.8,1400.0,1444.1,1407.45,2604,45443,64682836.0
2021-12-01,2021-12-01,CHOLAFIN,A,559.4,568.25,550.7,559.05,550.7,2836,77318,43144504.0
2021-12-01,2021-12-01,VLSFINANCE,B,188.0,191.5,188.0,188.6,187.5,276,6128,1161969.0
2021-12-01,2021-12-01,INDCEMCAP,X,7.77,7.77,7.21,7.3,7.58,45,14016,101443.0
2021-12-01,2021-12-01,ADMANUM,X,28.0,28.0,25.6,27.8,28.0,8,542,15145.0
2021-12-01,2021-12-01,MEHIF,XT,6.5,7.0,6.5,7.0,6.67,3,373,2491.0
2021-12-01,2021-12-01,INTRGLB,X,15.9,15.9,14.45,14.7,15.16,14,1200,18377.0
2021-12-01,2021-12-01,SHRISTI,X,50.0,50.0,50.0,50.0,48.55,5,55,2750.0
2021-12-01,2021-12-01,CREST,B,132.0,138.25,127.9,138.0,131.7,156,7072,955402.0
2021-12-01,2021-12-01,VAKRANGEE,A,34.35,34.85,34.15,34.4,34.15,1166,382543,13157417.0
2021-12-01,2021-12-01,SYLPH,XT,2.53,2.54,2.53,2.54,2.66,3,1092,2773.0
2021-12-01,2021-12-01,DHARFIN,X,6.25,6.25,6.25,6.25,5.97,1,10,62.0
2021-12-01,2021-12-01,ALEXANDER,XT,22.65,23.6,22.0,23.0,23.1,92,50848,1160902.0
2021-12-01,2021-12-01,INDBANK,B,21.3,21.75,20.85,21.45,21.05,95,1951,41577.0
2021-12-01,2021-12-01,BHARAT,X,22.8,23.7,22.8,23.5,23.0,22,407,9601.0
2021-12-01,2021-12-01,CAPTRUST,B,99.9,108.45,98.05,100.2,99.9,200,19441,2007836.0
2021-12-01,2021-12-01,USHAKIRA,XT,20.1,20.1,20.1,20.1,19.16,17,1599,32139.0
2021-12-01,2021-12-01,VIVOBIOT,X,63.25,65.0,60.7,61.6,61.6,129,6694,412856.0
2021-12-01,2021-12-01,VEERHEALTH,X,11.0,11.59,10.56,11.59,11.0,5,1344,14624.0
2021-12-01,2021-12-01,PANINDIAC,XT,2.73,2.73,2.73,2.73,2.87,1545,477564,1303749.0
2021-12-01,2021-12-01,SAHARAHOUS,X,41.25,41.4,39.65,40.0,41.6,44,7797,314148.0
2021-12-01,2021-12-01,NDASEC,XT,19.5,20.1,19.5,19.6,20.5,32,2093,40840.0
2021-12-01,2021-12-01,MORARKFI,X,86.2,86.2,82.4,83.0,84.45,37,3945,327627.0
2021-12-01,2021-12-01,MONARCH,X,132.1,137.0,132.1,134.3,133.1,58,3512,473523.0
2021-12-01,2021-12-01,PROFINC,X,34.0,34.5,34.0,34.05,34.5,33,4052,137946.0
2021-12-01,2021-12-01,TEAMGTY,B,46.0,46.0,46.0,46.0,43.85,2,18,828.0
2021-12-01,2021-12-01,CRESCENTIS,X,38.95,38.95,36.0,38.75,37.2,29,1632,61474.0
2021-12-01,2021-12-01,BEFOUNDMOL,X,1.25,1.25,1.25,1.25,1.27,8,359,448.0
2021-12-01,2021-12-01,AVONMORE,X,49.5,49.95,48.0,49.2,48.05,234,52990,2604711.0
2021-12-01,2021-12-01,LIBORDFIN,X,4.75,4.75,4.75,4.75,5.0,3,285,1353.0
2021-12-01,2021-12-01,YASHMGM,XT,9.69,9.89,9.31,9.73,9.69,28,3218,31094.0
2021-12-01,2021-12-01,ARIHANTCAP,B,137.9,141.5,137.9,138.9,137.1,45,4145,585436.0
2021-12-01,2021-12-01,ISLCONSUL,X,15.5,15.5,15.5,15.5,15.4,1,300,4650.0
2021-12-01,2021-12-01,DCMFINSERV,T,3.79,3.79,3.79,3.79,3.98,2,400,1516.0
2021-12-01,2021-12-01,FEDDERSHOL,X,83.7,83.7,77.55,79.75,80.95,7,424,33890.0
2021-12-01,2021-12-01,SAMBHAAV,T,4.25,4.35,4.25,4.35,4.15,4,878,3818.0
2021-12-01,2021-12-01,NETTLINX,X,60.15,63.9,60.0,61.3,60.7,30,4168,254795.0
2021-12-01,2021-12-01,SCANSTL,X,33.9,33.9,31.15,31.2,32.75,334,36111,1142030.0
2021-12-01,2021-12-01,GICHSGFIN,A,149.15,150.1,146.9,147.5,150.05,352,6525,966436.0
2021-12-01,2021-12-01,AJCON,X,42.6,42.6,42.6,42.6,43.0,1,5000,213000.0
2021-12-01,2021-12-01,YOGI,X,7.4,7.56,7.2,7.56,7.2,8,406,2974.0
2021-12-01,2021-12-01,CUBIFIN,X,1.95,1.95,1.74,1.82,1.93,476,776120,1416149.0
2021-12-01,2021-12-01,RELICTEC,X,15.13,15.13,15.13,15.13,14.85,1,100,1513.0
2021-12-01,2021-12-01,BAIDFIN,X,106.0,111.75,106.0,111.75,106.45,148,11436,1255870.0
2021-12-01,2021-12-01,VIPULLTD,B,24.05,24.05,22.55,23.35,23.7,30,812,18958.0
2021-12-01,2021-12-01,USHDI,XT,4.42,4.42,4.42,4.42,4.65,137,50945,225176.0
2021-12-01,2021-12-01,UGROCAP,B,188.1,194.8,187.15,188.4,188.8,494,11985,2277944.0
2021-12-01,2021-12-01,ABIRAFN,Z,3.95,3.95,3.61,3.95,3.8,8,2976,11594.0
2021-12-01,2021-12-01,MANSIFIN,XT,21.25,23.3,21.25,23.3,22.2,5,506,11584.0
2021-12-01,2021-12-01,SEVENHILL,XT,0.42,0.42,0.42,0.42,0.44,81,38996,16378.0
2021-12-01,2021-12-01,AASTAFIN,X,17.65,18.5,17.5,18.5,17.64,50,4015,73192.0
2021-12-01,2021-12-01,MUTHOOTCAP,B,362.15,364.0,357.0,363.2,359.0,16,93,33430.0
2021-12-01,2021-12-01,MASTERTR,XT,121.0,127.9,121.0,127.45,124.5,29,3589,441888.0
2021-12-01,2021-12-01,SOBME,XT,3.16,3.16,3.16,3.16,3.01,1,1,3.0
2021-12-01,2021-12-01,TTGIL,X,2.57,2.62,2.4,2.45,2.48,212,132661,328100.0
2021-12-01,2021-12-01,ZSARACOM,X,2686.5,2698.0,2575.6,2654.05,2686.5,17,43,114284.0
2021-12-01,2021-12-01,SKYBIOTECH,XT,33.6,33.6,31.0,31.0,32.0,6,14,452.0
2021-12-01,2021-12-01,DHANSAFAL,X,1.64,1.64,1.64,1.64,1.72,228,139687,229086.0
2021-12-01,2021-12-01,VISVEN,XT,42.15,42.15,42.15,42.15,101.4,1,8,337.0
2021-12-01,2021-12-01,DECNGOLD,X,20.0,20.25,19.4,19.8,19.75,194,59783,1182247.0
2021-12-01,2021-12-01,UPL,A,682.0,693.25,681.85,690.25,681.95,2729,62593,43023610.0
2021-12-01,2021-12-01,CRANESSOFT,XT,3.15,3.15,3.04,3.04,3.19,321,120953,368630.0
2021-12-01,2021-12-01,NIDHGRN,XT,77.15,77.15,75.0,75.0,73.5,3,3,227.0
2021-12-01,2021-12-01,SIGIND,B,37.9,37.9,36.55,37.4,37.25,136,3625,134591.0
2021-12-01,2021-12-01,SECURKLOUD,B,149.9,152.0,146.0,146.55,144.8,385,13438,2008574.0
2021-12-01,2021-12-01,ABANSENT,X,104.9,104.9,98.4,102.6,100.45,21,411,41948.0
2021-12-01,2021-12-01,CAPRICORN,XT,5.9,6.03,5.75,6.03,5.75,7,5097,29337.0
2021-12-01,2021-12-01,VAMA,X,8.1,8.7,8.01,8.56,8.09,97,43979,371358.0
2021-12-01,2021-12-01,SUNTECK,A,432.25,441.1,425.35,428.9,432.6,1286,36575,15894355.0
2021-12-01,2021-12-01,SILVERO,Z,3.35,3.35,3.24,3.24,3.24,15,465,1535.0
2021-12-01,2021-12-01,STEPHANOTIS,XT,26.0,26.0,26.0,26.0,27.25,1,500,13000.0
2021-12-01,2021-12-01,PRISMMEDI,X,6.97,6.97,6.66,6.72,6.97,72,15191,102789.0
2021-12-01,2021-12-01,VERITAS,XT,98.0,99.8,95.9,95.9,97.85,97,8214,788426.0
2021-12-01,2021-12-01,JAICORPLTD,A,119.0,125.6,116.55,122.15,116.2,4695,301869,37005102.0
2021-12-01,2021-12-01,ASHCAP,X,5.23,5.48,5.1,5.33,5.1,329,146171,771118.0
2021-12-01,2021-12-01,SVARTCORP,X,4.05,4.18,3.91,4.07,4.05,73,10403,41897.0
2021-12-01,2021-12-01,MMWL,XT,7.78,8.54,7.78,8.24,8.16,150,34942,285061.0
2021-12-01,2021-12-01,BHAGYANGR,B,44.75,46.0,44.4,46.0,44.95,55,9024,409258.0
2021-12-01,2021-12-01,CHMBBRW,XT,4.09,4.13,3.75,4.13,3.94,65,8497,34732.0
2021-12-01,2021-12-01,SGMART,XT,338.95,339.3,338.9,338.95,323.15,55,885,300169.0
2021-12-01,2021-12-01,ARAVALIS,X,4.22,4.3,4.01,4.22,4.22,35,4894,19792.0
2021-12-01,2021-12-01,SWORDEDGE,X,0.75,0.75,0.75,0.75,0.72,17,72910,54682.0
2021-12-01,2021-12-01,CRSL,XT,4.07,4.07,4.05,4.07,3.88,1728,2751626,11190390.0
2021-12-01,2021-12-01,STARTECK,X,127.9,127.9,119.0,122.95,119.0,97,10503,1272286.0
2021-12-01,2021-12-01,SHARDUL,X,79.5,83.75,77.15,79.65,80.1,43,1335,105858.0
2021-12-01,2021-12-01,SERA,XT,64.0,64.0,63.95,64.0,66.0,3,102,6523.0
2021-12-01,2021-12-01,NIRAVCOM,X,490.0,490.85,489.0,490.85,446.35,7,54,26481.0
2021-12-01,2021-12-01,APOLLOFI,X,597.95,597.95,556.4,561.6,571.1,74,1856,1057914.0
2021-12-01,2021-12-01,SHRJAGP,X,950.0,990.0,950.0,976.0,946.65,218,1513,1479698.0
2021-12-01,2021-12-01,LLOYDSME,XT,79.75,79.8,75.25,76.05,78.75,422,270438,20672439.0
2021-12-01,2021-12-01,LLOYDSENT,X,4.95,4.95,4.54,4.54,4.77,223,155427,715604.0
2021-12-01,2021-12-01,BETXIND,X,85.95,85.95,75.05,78.4,80.0,16,441,35020.0
2021-12-01,2021-12-01,POLYTEX,XT,4.12,4.12,3.92,3.92,4.12,24,6601,26663.0
2021-12-01,2021-12-01,DHANCOT,X,55.4,55.4,55.4,55.4,52.8,2,9,498.0
2021-12-01,2021-12-01,OASISEC,X,56.25,61.45,56.25,58.05,58.95,23,1776,104682.0
2021-12-01,2021-12-01,GARNETINT,XT,59.05,62.65,59.05,61.2,61.15,47,5985,369370.0
2021-12-01,2021-12-01,SHALPRO,X,0.49,0.49,0.49,0.49,0.49,817,1093104,535620.0
2021-12-01,2021-12-01,DONEAR,T,59.25,59.25,56.55,59.0,59.25,52,4174,239703.0
2021-12-01,2021-12-01,SUPER,X,757.0,800.0,757.0,779.65,763.0,85,1743,1353114.0
2021-12-01,2021-12-01,VIYASH,A,155.95,155.95,150.45,152.9,151.6,1197,127452,19432962.0
2021-12-01,2021-12-01,STCINDIA,B,92.55,93.75,91.95,93.15,91.6,53,803,74423.0
2021-12-01,2021-12-01,ZENITHEXPO,B,84.95,84.95,82.0,83.3,81.55,12,60,4932.0
2021-12-01,2021-12-01,AVANTIFEED,A,530.0,540.0,517.2,522.8,524.6,748,7424,3938198.0
2021-12-01,2021-12-01,ZODJRDMKJ,X,32.5,33.2,31.25,32.25,33.15,29,1175,37868.0
2021-12-01,2021-12-01,SITAENT,X,15.2,15.2,15.2,15.2,15.95,5,410,6232.0
2021-12-01,2021-12-01,KEYFINSERV,B,82.2,86.75,82.2,84.5,87.0,23,620,52284.0
2021-12-01,2021-12-01,ADANIENT,A,1698.9,1704.65,1652.6,1693.3,1661.0,3930,69342,116711741.0
2021-12-01,2021-12-01,HARIAEXPO,X,5.25,5.25,5.0,5.15,5.25,40,2618,13436.0
2021-12-01,2021-12-01,BHANDARI,B,5.25,5.25,5.15,5.25,5.0,647,1359215,7130534.0
2021-12-01,2021-12-01,RLF,XT,7.15,7.15,7.15,7.15,6.81,58,7755,55448.0
2021-12-01,2021-12-01,REGENTRP,XT,1.89,1.89,1.74,1.89,1.8,24,48122,87861.0
2021-12-01,2021-12-01,ORBTEXP,B,69.0,69.55,68.95,68.95,69.7,10,266,18449.0
2021-12-01,2021-12-01,SAVERA,X,46.25,47.75,44.5,47.75,47.5,19,546,24615.0
2021-12-01,2021-12-01,CHROME,XT,17.3,18.1,16.95,18.1,17.3,5,1009,17954.0
2021-12-01,2021-12-01,TATASTLLP,A,723.0,733.35,706.1,725.4,710.25,638,3241,2330448.0
2021-12-01,2021-12-01,NAVA,A,110.25,110.6,105.8,106.8,108.8,369,13443,1445053.0
2021-12-01,2021-12-01,REMIEDEL,X,32.35,32.35,29.45,32.15,30.95,10,599,18090.0
2021-12-01,2021-12-01,GSAUTO,X,11.05,11.83,11.05,11.83,11.27,65,31506,371400.0
2021-12-01,2021-12-01,TRANSFRE,XT,12.67,12.67,11.52,12.07,12.07,36,3939,47853.0
2021-12-01,2021-12-01,SBCL,B,337.55,341.5,326.0,328.85,334.75,359,6834,2268807.0
2021-12-01,2021-12-01,GANDHITUBE,B,363.15,382.75,363.1,365.1,368.3,65,1042,381736.0
2021-12-01,2021-12-01,AMFORG,XT,6.73,7.0,6.73,6.73,7.08,62,10232,69257.0
2021-12-01,2021-12-01,ORICONENT,B,30.65,31.7,29.5,30.2,31.0,482,52964,1607485.0
2021-12-01,2021-12-01,STLSTRINF,X,35.55,37.25,35.55,36.8,36.75,69,6334,230102.0
2021-12-01,2021-12-01,UTTAMGALVA,B,4.1,4.2,4.06,4.15,4.11,169,78923,326633.0
2021-12-01,2021-12-01,PENIND,B,28.35,28.35,27.05,27.8,27.2,264,16616,456655.0
2021-12-01,2021-12-01,JYOTISTRUC,Z,16.05,16.55,15.6,16.5,15.8,63,42375,695675.0
2021-12-01,2021-12-01,JAYUSH,X,449.05,488.0,449.05,487.9,456.15,8,51,24496.0
2021-12-01,2021-12-01,SSWL,T,749.95,784.45,710.0,783.1,747.1,408,7264,5593737.0
2021-12-01,2021-12-01,MANINDS,B,92.75,94.7,90.5,93.7,92.95,599,14807,1374173.0
2021-12-01,2021-12-01,IMEC,XT,1.69,1.85,1.69,1.82,1.77,62,50214,85678.0
2021-12-01,2021-12-01,MDRNSTL,Z,3.8,4.08,3.8,4.08,4.0,3,289,1168.0
2021-12-01,2021-12-01,TERRASCOPE,XT,2.36,2.45,2.36,2.45,2.34,33,48286,117400.0
2021-12-01,2021-12-01,BELDING,XT,47.0,49.9,45.25,48.8,47.6,27,1267,60612.0
2021-12-01,2021-12-01,GOLKONDA,Z,20.2,21.2,19.2,19.35,20.2,16,4415,89136.0
2021-12-01,2021-12-01,METALFORGE,Z,5.35,5.35,5.08,5.18,5.34,68,16447,84266.0
2021-12-01,2021-12-01,GFSTEELS,T,4.78,4.78,4.42,4.48,4.65,4,1020,4821.0
2021-12-01,2021-12-01,AJMERA,B,296.6,296.6,281.0,289.35,282.5,67,2315,662569.0
2021-12-01,2021-12-01,COCHINM,X,112.4,113.0,110.2,112.7,111.95,76,3723,413581.0
2021-12-01,2021-12-01,INDIAHOMES,XT,2.32,2.32,2.32,2.32,2.44,361,83719,194228.0
2021-12-01,2021-12-01,KVFORGE,X,43.0,46.8,41.85,42.2,42.9,64,2470,108533.0
2021-12-01,2021-12-01,CARBORUNIV,A,904.0,910.0,887.0,890.7,906.7,763,4349,3894942.0
2021-12-01,2021-12-01,MMTC,A,40.25,40.25,38.9,39.6,39.15,1655,191271,7526145.0
2021-12-01,2021-12-01,ASHIS,X,15.35,16.25,15.35,16.25,16.15,18,834,12816.0
2021-12-01,2021-12-01,SMFIL,X,4.09,4.09,3.82,4.03,3.96,79,10719,43146.0
2021-12-01,2021-12-01,TATAMETALI,A,855.5,877.2,852.0,862.1,853.55,671,4204,3627655.0
2021-12-01,2021-12-01,SHAHALLOYS,T,50.55,50.55,45.75,50.55,48.15,218,53479,2579198.0
2021-12-01,2021-12-01,JSWISPL,B,28.45,28.55,27.4,27.65,27.95,612,175367,4855655.0
2021-12-01,2021-12-01,ELANGO,XT,8.05,8.05,8.05,8.05,7.87,4,6,48.0
2021-12-01,2021-12-01,KANSHST,XT,37.1,37.1,33.6,34.4,35.35,219,22314,806819.0
2021-12-01,2021-12-01,MAHALXSE,Z,6.77,6.77,6.77,6.77,7.12,3,215,1455.0
2021-12-01,2021-12-01,SIMPLEXCAS,X,45.4,45.4,43.35,44.2,43.25,80,11291,507734.0
2021-12-01,2021-12-01,SSWRL,X,23.0,23.85,23.0,23.1,24.0,14,413,9530.0
2021-12-01,2021-12-01,SOUTHMG,XT,18.1,18.1,18.1,18.1,19.0,3,700,12670.0
2021-12-01,2021-12-01,BAROEXT,X,4.18,4.18,3.85,4.1,3.99,706,385237,1572310.0
2021-12-01,2021-12-01,GUJCONT,P,52.25,52.25,49.25,49.25,51.8,21,2900,145110.0
2021-12-01,2021-12-01,KALYANIFRG,T,181.55,181.55,181.55,181.55,177.0,1,1,181.0
2021-12-01,2021-12-01,PANCHMAHQ,X,114.2,114.4,107.6,110.95,109.9,68,2677,298409.0
2021-12-01,2021-12-01,ADITYA,X,10.48,10.5,10.01,10.5,10.5,14,872,9114.0
2021-12-01,2021-12-01,SRIND,X,1.86,1.91,1.86,1.91,1.9,15,8672,16375.0
2021-12-01,2021-12-01,STEELCAS,B,302.5,316.3,295.25,312.8,288.45,480,8253,2525008.0
2021-12-01,2021-12-01,PITTIENG,B,221.25,229.15,215.7,218.25,226.05,959,53314,11717738.0
2021-12-01,2021-12-01,GLITTEKG,X,2.83,2.83,2.83,2.83,2.97,22,11999,33957.0
2021-12-01,2021-12-01,PRADPME,X,94.0,103.5,92.7,100.85,93.45,395,40398,4044484.0
2021-12-01,2021-12-01,GNRL,X,12.29,12.39,11.66,11.75,12.18,184,930802,11032909.0
2021-12-01,2021-12-01,SHRDAIS,XT,69.95,70.0,63.55,69.7,66.8,24,854,59031.0
2021-12-01,2021-12-01,MAHASTEEL,B,80.05,82.55,78.75,80.0,80.15,43,836,66408.0
2021-12-01,2021-12-01,REALSTRIPS,XT,11.36,11.36,10.8,10.8,11.36,8,5989,67652.0
2021-12-01,2021-12-01,NOVIS,Z,12.6,12.6,12.6,12.6,12.0,36,7380,92988.0
2021-12-01,2021-12-01,HINDCOPPER,A,118.2,118.2,113.1,115.2,111.25,2216,205541,23546247.0
2021-12-01,2021-12-01,SRIPIPES,A,189.0,189.0,176.0,180.35,180.45,358,4703,852803.0
2021-12-01,2021-12-01,AXELPOLY,XT,54.8,55.05,50.0,50.2,52.45,32,1370,71264.0
2021-12-01,2021-12-01,NLCINDIA,A,58.0,58.25,56.75,57.8,57.5,3351,493847,28372544.0
2021-12-01,2021-12-01,SPECTRA,XT,8.12,8.12,8.12,8.12,7.74,4,588,4774.0
2021-12-01,2021-12-01,JMTAUTOLTD,Z,3.1,3.15,2.91,3.03,3.03,156,87140,263945.0
2021-12-01,2021-12-01,KAJARIR,X,48.9,48.9,46.2,46.45,47.55,75,3974,187919.0
2021-12-01,2021-12-01,SOLIDSTON,XT,26.9,26.9,24.4,24.7,25.65,15,804,20193.0
2021-12-01,2021-12-01,SHILGRAVQ,X,101.85,101.85,99.0,101.05,99.1,39,1145,115251.0
2021-12-01,2021-12-01,WHITEORG,X,10.83,10.83,10.83,10.83,11.4,218,49966,541131.0
2021-12-01,2021-12-01,MFSINTRCRP,XT,10.65,11.18,10.2,10.49,10.65,15,15356,171063.0
2021-12-01,2021-12-01,HGIND,XT,47.4,47.4,43.35,43.35,45.6,38,7177,313791.0
2021-12-01,2021-12-01,AROGRANITE,B,73.0,77.0,73.0,75.6,73.0,500,34412,2616886.0
2021-12-01,2021-12-01,RUDRAECO,X,4.2,4.2,4.01,4.1,4.15,38,5065,20730.0
2021-12-01,2021-12-01,RAJKSYN,XT,30.45,30.55,29.0,30.55,29.1,94,26253,797676.0
2021-12-01,2021-12-01,DEEPAKSP,X,259.9,267.95,247.55,263.85,252.6,367,22720,5878712.0
2021-12-01,2021-12-01,JBFINDLTD,B,16.4,16.95,15.9,16.5,16.2,317,67992,1102250.0
2021-12-01,2021-12-01,LOYALTEX,X,1058.0,1060.05,996.45,1020.5,1018.9,114,2306,2404441.0
2021-12-01,2021-12-01,HIMATSEIDE,A,210.65,214.15,205.7,209.0,210.5,505,10580,2214136.0
2021-12-01,2021-12-01,BSL,B,96.05,97.25,93.5,96.9,94.6,50,2246,214357.0
2021-12-01,2021-12-01,PBMPOLY,X,143.0,147.5,142.2,142.85,143.65,38,3064,437960.0
2021-12-01,2021-12-01,ADINATH,XT,53.05,53.05,53.05,53.05,50.55,80,10619,563337.0
2021-12-01,2021-12-01,KONARKSY,XT,15.8,15.8,15.8,15.8,15.85,9,13353,210977.0
2021-12-01,2021-12-01,SURYALA,X,278.8,278.8,270.0,277.6,273.45,3,525,146339.0
2021-12-01,2021-12-01,SURYVANSP,XT,12.89,12.89,12.35,12.6,12.5,4,738,9375.0
2021-12-01,2021-12-01,TTL,B,83.5,84.35,81.9,82.35,81.35,47,1552,127540.0
2021-12-01,2021-12-01,WELSPUNLIV,A,138.5,140.95,138.1,140.4,138.2,2128,129073,18043142.0
2021-12-01,2021-12-01,INDIANACRY,X,12.35,12.35,11.63,11.78,12.08,596,264596,3139098.0
2021-12-01,2021-12-01,GANECOS,B,499.95,499.95,477.15,488.25,486.6,123,1342,652789.0
2021-12-01,2021-12-01,CEETAIN,XT,16.35,16.4,15.0,15.25,15.65,34,830,13071.0
2021-12-01,2021-12-01,VARDMNPOLY,T,23.0,23.15,22.0,22.1,22.3,11,3138,70193.0
2021-12-01,2021-12-01,BLACKROSE,X,202.0,211.0,202.0,204.65,200.55,882,32437,6643691.0
2021-12-01,2021-12-01,STCORP,XT,24.6,24.6,22.35,24.6,23.5,10,2342,56494.0
2021-12-01,2021-12-01,SUMEETINDS,B,8.42,8.6,8.2,8.58,8.38,69,11057,93786.0
2021-12-01,2021-12-01,BINNY,X,207.0,209.55,197.0,199.75,199.6,144,5571,1129846.0
2021-12-01,2021-12-01,RAMGOPOLY,XT,14.45,14.45,14.45,14.45,15.21,37,1400,20230.0
2021-12-01,2021-12-01,SANGAMIND,B,233.0,247.3,233.0,247.3,235.55,173,4397,1067332.0
2021-12-01,2021-12-01,MKVENTURES,XT,121.25,121.25,121.25,121.25,115.5,10,575,69718.0
2021-12-01,2021-12-01,SRECR,P,28.8,28.8,28.8,28.8,27.5,1,100,2880.0
2021-12-01,2021-12-01,ZENIFIB,X,54.0,54.4,52.0,53.5,53.2,57,3953,211981.0
2021-12-01,2021-12-01,BHILSPIN,X,19.75,21.85,19.75,20.25,20.0,20,1600,32898.0
2021-12-01,2021-12-01,VGL,B,23.5,23.5,22.05,22.35,22.8,43,2970,66951.0
2021-12-01,2021-12-01,SANTETX,XT,85.5,90.5,85.5,90.4,90.0,22,572,49604.0
2021-12-01,2021-12-01,ASHIMASYN,B,16.85,16.85,16.5,16.5,16.4,12,1308,21632.0
2021-12-01,2021-12-01,PIONEEREMB,B,58.8,59.65,57.55,57.7,57.5,356,4891,286628.0
2021-12-01,2021-12-01,VIPPYSP,X,105.5,115.7,105.5,109.05,110.25,33,20118,2274465.0
2021-12-01,2021-12-01,JAIHIND,XT,5.6,6.18,5.6,6.18,5.89,10,632,3602.0
2021-12-01,2021-12-01,RAGHUSYN,XT,426.85,426.85,426.85,426.85,406.55,89,10924,4662909.0
2021-12-01,2021-12-01,KAMADGIRI,X,37.7,39.55,36.05,37.45,37.7,13,942,34853.0
2021-12-01,2021-12-01,PATSPINLTD,B,8.85,8.85,8.41,8.83,8.43,6,1256,11005.0
2021-12-01,2021-12-01,ONEGLOBAL,X,20.05,20.05,20.05,20.05,20.0,1,100,2005.0
2021-12-01,2021-12-01,NEOINFRA,XT,20.55,21.5,20.55,20.55,20.5,4,1102,22648.0
2021-12-01,2021-12-01,PREMIERPOL,B,68.25,68.25,65.75,67.15,65.1,49,1279,85725.0
2021-12-01,2021-12-01,EVERFIN,XT,72.95,72.95,72.95,72.95,76.75,17,209,15246.0
2021-12-01,2021-12-01,KRRAIL,X,28.25,29.5,28.25,29.3,28.25,19,2162,62235.0
2021-12-01,2021-12-01,AJIL,Z,36.75,38.55,35.25,36.75,36.75,80,10479,394872.0
2021-12-01,2021-12-01,GARWSYN,X,11.36,11.36,10.28,11.25,10.82,11,1862,19825.0
2021-12-01,2021-12-01,MANORG,B,1059.0,1059.0,978.0,999.65,992.8,951,7396,7388887.0
2021-12-01,2021-12-01,HINDADH,X,235.0,235.0,214.3,214.45,225.0,67,5262,1144448.0
2021-12-01,2021-12-01,BPAGRI,XT,13.95,13.95,13.95,13.95,13.95,2,25,348.0
2021-12-01,2021-12-01,SRIKPRIND,X,18.8,19.0,17.5,18.5,18.1,46,2319,42589.0
2021-12-01,2021-12-01,JYOTIRES,X,791.0,805.0,772.0,789.05,790.85,108,2021,1595758.0
2021-12-01,2021-12-01,MHLXMIRU,X,65.0,65.0,59.0,59.9,63.5,118,20137,1212943.0
2021-12-01,2021-12-01,SOUTLAT,XT,18.05,18.05,18.0,18.05,17.2,31,3277,59099.0
2021-12-01,2021-12-01,OSWAYRN,XT,7.12,7.12,6.79,7.02,6.79,33,1249,8838.0
2021-12-01,2021-12-01,WINSOMTX,B,69.8,69.8,63.25,69.8,66.5,320,65132,4471431.0
2021-12-01,2021-12-01,ASAHIIND,ZP,3.6,3.6,3.6,3.6,3.69,1,500,1800.0
2021-12-01,2021-12-01,THAMBBI,X,13.1,13.1,12.8,12.93,12.8,6,182,2354.0
2021-12-01,2021-12-01,MODINSU,XT,62.8,62.8,58.6,59.9,60.7,34,2793,166333.0
2021-12-01,2021-12-01,ASAHIINDIA,A,483.0,495.0,464.4,470.55,478.95,1093,18506,8878038.0
2021-12-01,2021-12-01,MURUDCERA,B,24.6,25.0,24.45,24.95,24.5,90,3530,87198.0
2021-12-01,2021-12-01,SEKURITIND,X,68.8,74.0,68.3,71.3,68.05,4804,832179,60218039.0
2021-12-01,2021-12-01,ANANTRAJ,B,64.9,66.3,63.8,64.8,65.35,462,24002,1562568.0
2021-12-01,2021-12-01,MADHUDIN,X,27.05,28.4,27.05,27.95,27.45,18,932,26111.0
2021-12-01,2021-12-01,RESTILE,X,3.15,3.15,2.91,3.01,3.05,54,13604,42434.0
2021-12-01,2021-12-01,MADHAV,B,52.3,52.35,50.7,51.25,52.3,89,1476,76011.0
2021-12-01,2021-12-01,RAMASIGNS,X,5.04,5.16,4.72,5.08,4.92,44,31877,161299.0
2021-12-01,2021-12-01,HINDNATGLS,B,29.0,29.0,28.4,28.75,27.8,25,3863,110547.0
2021-12-01,2021-12-01,HALDYNGL,X,38.55,38.55,37.15,37.4,37.75,268,43371,1626635.0
2021-12-01,2021-12-01,DUROPLY,X,147.95,147.95,147.95,147.95,140.95,30,8672,1283022.0
2021-12-01,2021-12-01,MANGALAMTIM,B,15.2,15.65,15.2,15.25,15.9,6,2122,32300.0
2021-12-01,2021-12-01,SHREYANIND,B,99.0,101.3,98.9,99.1,97.15,74,1241,123636.0
2021-12-01,2021-12-01,AGIOPAPER,X,3.8,3.99,3.63,3.97,3.8,48,7039,27322.0
2021-12-01,2021-12-01,STARPAPER,B,126.65,131.45,125.3,125.45,125.4,191,1600,205438.0
2021-12-01,2021-12-01,PAKKA,X,74.95,76.45,73.55,73.9,74.25,106,8665,650175.0
2021-12-01,2021-12-01,TAHMARENT,X,9.26,9.26,9.26,9.26,8.82,11,181,1676.0
2021-12-01,2021-12-01,NATPLY,Z,7.93,7.93,7.93,7.93,7.56,11,952,7549.0
2021-12-01,2021-12-01,ARROWGREEN,B,145.8,148.0,144.95,144.95,152.55,259,16434,2384799.0
2021-12-01,2021-12-01,VISHNU,T,835.0,836.0,788.0,819.6,826.9,36,1082,865753.0
2021-12-01,2021-12-01,JUMBO,Z,15.35,15.35,15.0,15.0,15.35,6,673,10235.0
2021-12-01,2021-12-01,NRAIL,B,238.35,245.0,238.0,239.9,235.75,82,1101,265134.0
2021-12-01,2021-12-01,3PLAND,B,13.16,13.32,12.74,12.86,13.12,57,902,11692.0
2021-12-01,2021-12-01,SANPA,XT,99.0,99.0,99.0,99.0,98.25,1,10,990.0
2021-12-01,2021-12-01,SHKARTP,XT,4.5,4.62,4.5,4.62,4.4,14,1010,4665.0
2021-12-01,2021-12-01,STHINPA,X,135.0,135.0,130.1,134.7,131.0,40,3568,474280.0
2021-12-01,2021-12-01,FAMILYCARE,X,19.3,20.15,18.8,20.0,19.7,28,1666,32140.0
2021-12-01,2021-12-01,VINDHYATEL,A,960.0,1000.0,956.85,980.0,959.6,148,682,664184.0
2021-12-01,2021-12-01,RIR,X,73.95,75.6,71.2,74.55,72.85,23,705,52264.0
2021-12-01,2021-12-01,ADOR,B,678.7,699.6,667.75,672.45,677.8,198,779,526293.0
2021-12-01,2021-12-01,SALZERELEC,B,190.05,203.0,190.05,198.05,199.2,540,13184,2611941.0
2021-12-01,2021-12-01,JETKINGQ,X,37.15,38.75,37.0,37.9,38.35,6,135,5104.0
2021-12-01,2021-12-01,APLAB,XT,18.9,18.9,17.35,18.45,18.15,22,2778,49675.0
2021-12-01,2021-12-01,PCS,X,14.5,14.65,13.5,14.25,14.01,63,9014,127723.0
2021-12-01,2021-12-01,USHAMART,A,84.2,85.15,82.5,84.3,83.55,531,34493,2889513.0
2021-12-01,2021-12-01,SPELS,XT,23.4,23.9,22.15,23.15,22.9,245,34474,789526.0
2021-12-01,2021-12-01,SUBROS,A,348.9,351.0,343.2,344.95,349.9,181,1691,588343.0
2021-12-01,2021-12-01,HONAUT,A,38700.0,39717.0,38376.85,38409.1,38824.0,239,432,16693928.0
2021-12-01,2021-12-01,LUMAXIND,B,1438.2,1444.0,1371.15,1417.05,1392.9,107,328,457559.0
2021-12-01,2021-12-01,DIGISPICE,B,39.65,40.85,38.0,38.45,39.6,469,58064,2237730.0
2021-12-01,2021-12-01,CALCOM,XT,67.1,72.0,66.65,69.0,70.15,73,15598,1087427.0
2021-12-01,2021-12-01,DYNAVSN,XT,231.5,232.0,219.0,222.85,221.35,12,448,101590.0
2021-12-01,2021-12-01,BCCFUBA,XT,16.0,17.05,15.45,16.8,16.25,45,4041,66077.0
2021-12-01,2021-12-01,PRECISIO,XT,24.5,25.7,24.5,25.7,24.5,8,272,6870.0
2021-12-01,2021-12-01,FINELINE,XT,28.5,31.0,28.5,30.2,29.95,16,1073,31085.0
2021-12-01,2021-12-01,HBLENGINE,B,56.9,57.45,55.2,56.9,53.85,1710,195557,10985226.0
2021-12-01,2021-12-01,GUJARATPOLY,X,13.95,13.95,13.3,13.3,14.0,17,3139,42568.0
2021-12-01,2021-12-01,GIPCL,A,78.55,81.55,78.55,81.25,80.7,501,20383,1647900.0
2021-12-01,2021-12-01,CMICABLES,B,43.0,43.0,36.5,36.85,37.5,368,7895,292229.0
2021-12-01,2021-12-01,MOTHERSON,A,211.2,215.95,210.65,214.75,209.7,2507,254221,54002936.0
2021-12-01,2021-12-01,MINDTECK,B,105.15,114.4,105.15,114.4,104.0,667,52125,5870637.0
2021-12-01,2021-12-01,HAVELLS,A,1369.95,1375.85,1320.3,1363.2,1363.35,7334,175694,236565579.0
2021-12-01,2021-12-01,ACIIN,X,1.89,1.89,1.89,1.89,1.8,392,444012,839182.0
2021-12-01,2021-12-01,INCAP,XT,36.35,36.35,34.65,35.95,36.45,6,208,7225.0
2021-12-01,2021-12-01,GUJINTRX,X,114.65,114.65,114.65,114.65,111.35,1,1,114.0
2021-12-01,2021-12-01,IGARASHI,A,502.55,513.95,498.05,504.35,494.95,1155,15477,7801553.0
2021-12-01,2021-12-01,SYMPHONY,A,948.0,973.0,932.1,949.15,932.8,774,2840,2696860.0
2021-12-01,2021-12-01,PANELEC,XT,45.45,45.45,44.2,44.2,46.5,23,858,38448.0
2021-12-01,2021-12-01,VXLINSTR,X,5.89,5.89,5.89,5.89,5.89,2,184,1083.0
2021-12-01,2021-12-01,SHYAMTEL,B,9.49,9.49,8.63,9.27,9.07,14,1337,11733.0
2021-12-01,2021-12-01,LEENEE,XT,13.13,13.13,13.13,13.13,12.51,312,131953,1732542.0
2021-12-01,2021-12-01,PATELSAI,X,181.75,181.75,178.25,178.45,178.7,79,2834,507195.0
2021-12-01,2021-12-01,BUTTERFLY,T,870.0,902.0,835.25,887.7,866.55,65,1001,874211.0
2021-12-01,2021-12-01,NARMP,XT,7.29,7.29,7.29,7.29,6.95,1,10,72.0
2021-12-01,2021-12-01,DUTRON,XT,205.05,205.05,205.05,205.05,195.3,1,2,410.0
2021-12-01,2021-12-01,RSSOFTWARE,B,33.05,33.8,32.5,32.8,32.55,136,2884,95345.0
2021-12-01,2021-12-01,MAGNAELQ,X,185.5,185.5,178.25,180.6,179.25,31,2965,532703.0
2021-12-01,2021-12-01,ELNET,X,155.5,155.5,153.45,153.95,151.95,30,1508,232298.0
2021-12-01,2021-12-01,ACCEL,X,12.5,12.5,12.17,12.35,12.41,34,5720,70923.0
2021-12-01,2021-12-01,WEBELSOLAR,B,70.8,70.85,68.5,69.45,70.45,765,23399,1624322.0
2021-12-01,2021-12-01,ROTO,X,321.0,333.6,315.0,328.45,312.6,922,49124,16116604.0
2021-12-01,2021-12-01,TTKPRESTIG,A,10078.9,10078.9,9880.0,9954.25,10003.65,437,787,7842547.0
2021-12-01,2021-12-01,DHINDIA,X,21.5,21.5,19.8,20.75,20.5,36,2832,56471.0
2021-12-01,2021-12-01,RAJRATAN,T,2093.0,2093.0,1980.0,1990.4,2051.7,130,471,945755.0
2021-12-01,2021-12-01,SURANAT&P,B,7.71,7.95,7.51,7.93,7.58,92,42290,324626.0
2021-12-01,2021-12-01,ONWARDTEC,B,245.65,248.4,239.4,241.75,239.6,148,5181,1262917.0
2021-12-01,2021-12-01,CENTUM,B,559.8,559.8,533.15,540.85,540.1,135,721,393858.0
2021-12-01,2021-12-01,ALFATRAN,X,6.79,6.8,6.79,6.79,6.8,10,1561,10602.0
2021-12-01,2021-12-01,STARLITE,Z,2.92,2.92,2.69,2.83,2.79,71,125694,356509.0
2021-12-01,2021-12-01,NHCFOODS,X,14.25,14.25,13.6,13.79,14.0,46,13168,182011.0
2021-12-01,2021-12-01,PVP,B,5.46,5.5,5.11,5.16,5.29,82,45055,243256.0
2021-12-01,2021-12-01,TRIGYN,B,108.0,110.3,108.0,108.85,107.8,469,10794,1178161.0
2021-12-01,2021-12-01,KEI,A,1128.0,1172.6,1107.55,1133.3,1108.6,5782,54521,61893029.0
2021-12-01,2021-12-01,IMPPOWERS,B,12.87,13.49,12.85,12.97,12.73,44,6168,80633.0
2021-12-01,2021-12-01,KEERTHI,XT,133.95,133.95,123.2,127.85,128.25,26,899,114291.0
2021-12-01,2021-12-01,GUJSIDHCEM,B,43.5,43.5,41.3,41.85,41.1,220,13206,551147.0
2021-12-01,2021-12-01,SURAJ,Z,73.4,73.4,66.55,72.95,70.0,34,3396,229797.0
2021-12-01,2021-12-01,APCL,B,302.0,305.2,293.95,302.8,299.0,254,1852,554199.0
2021-12-01,2021-12-01,MODINATUR,X,130.6,137.75,130.5,132.2,131.2,135,23796,3217943.0
2021-12-01,2021-12-01,ZKHANDEN,XT,17.15,18.0,16.35,18.0,17.15,8,159,2794.0
2021-12-01,2021-12-01,TASTYBITE,A,14970.0,14970.0,13310.65,13386.75,13432.15,102,114,1537808.0
2021-12-01,2021-12-01,RITESHIN,XT,30.8,31.5,29.1,29.5,30.2,18,1129,34012.0
2021-12-01,2021-12-01,AVTNPL,B,76.85,76.85,72.55,73.75,74.25,272,7831,575708.0
2021-12-01,2021-12-01,HNDFDS,B,1831.25,1878.45,1790.3,1804.15,1799.5,55,110,198890.0
2021-12-01,2021-12-01,NAHARINDUS,B,112.35,112.7,108.25,110.75,108.6,127,3277,359110.0
2021-12-01,2021-12-01,VADILENT,XT,1675.0,1675.0,1600.05,1600.05,1600.0,4,32,51720.0
2021-12-01,2021-12-01,VADILALIND,B,944.3,953.1,933.75,951.0,940.75,59,117,110174.0
2021-12-01,2021-12-01,ASHAI,XT,11.22,11.22,11.21,11.21,11.8,10,366,4104.0
2021-12-01,2021-12-01,ADFFOODS,A,810.0,822.4,800.8,818.65,811.85,255,1289,1044444.0
2021-12-01,2021-12-01,RGRL,X,24.5,25.5,23.85,25.0,24.55,776,293809,7298123.0
2021-12-01,2021-12-01,AJANTSOY,X,214.0,220.95,210.0,219.7,200.9,2552,176591,38085768.0
2021-12-01,2021-12-01,WILLAMAGOR,T,26.2,26.85,24.9,25.1,26.2,51,3166,79893.0
2021-12-01,2021-12-01,KISAAN,XT,3.68,3.68,3.53,3.67,3.71,19,2859,10433.0
2021-12-01,2021-12-01,SIEL,XT,21.6,21.6,21.6,21.6,22.7,2,696,15033.0
2021-12-01,2021-12-01,SANWARIA,Z,0.79,0.79,0.73,0.76,0.76,759,2595019,2009447.0
2021-12-01,2021-12-01,PRIMAGR,XT,33.95,33.95,31.65,33.4,33.3,8,746,24385.0
2021-12-01,2021-12-01,MADHURIND,X,4.12,4.12,4.05,4.05,3.93,6,65,267.0
2021-12-01,2021-12-01,TARAI,XT,5.85,6.02,5.56,6.01,5.74,75,6904,40544.0
2021-12-01,2021-12-01,MODAIRY,X,9.09,9.09,8.64,8.68,9.03,83,10820,94961.0
2021-12-01,2021-12-01,BAMBINO,X,277.0,285.0,270.0,277.2,276.05,69,1959,539394.0
2021-12-01,2021-12-01,PRIMIND,Z,7.1,7.25,7.0,7.1,6.94,27,1139,8135.0
2021-12-01,2021-12-01,VIKASWSP,B,3.45,3.45,3.37,3.43,3.39,245,268452,915955.0
2021-12-01,2021-12-01,POONADAL,X,50.3,51.3,47.45,50.35,49.3,43,3150,156360.0
2021-12-01,2021-12-01,TRANSFD,X,73.75,73.75,73.75,73.75,70.25,8,293,21608.0
2021-12-01,2021-12-01,ANIKINDS,B,20.65,20.65,19.8,20.25,20.3,46,10492,210889.0
2021-12-01,2021-12-01,SHINDL,XT,49.4,52.9,49.2,50.65,50.9,22,1942,97471.0
2021-12-01,2021-12-01,KSE,XT,2251.05,2300.0,2200.1,2287.0,2294.95,42,774,1753372.0
2021-12-01,2021-12-01,NARBADA,X,36.0,36.0,33.25,33.25,35.0,10,224,7450.0
2021-12-01,2021-12-01,VIRATCRA,X,29.65,30.6,29.15,29.8,29.65,24,1879,56437.0
2021-12-01,2021-12-01,IBINFO,XT,20.75,20.75,20.75,20.75,20.75,3,15,311.0
2021-12-01,2021-12-01,CHORDIA,X,135.0,150.0,135.0,148.2,133.1,96,8240,1188425.0
2021-12-01,2021-12-01,CIANAGRO,XT,46.0,46.0,43.15,44.2,44.9,13,1468,65423.0
2021-12-01,2021-12-01,TAIIND,X,28.0,28.0,26.1,27.85,27.4,17,882,24506.0
2021-12-01,2021-12-01,NKIND,B,33.0,33.0,32.8,32.8,34.5,6,27,887.0
2021-12-01,2021-12-01,BKV,XT,6.8,6.8,6.32,6.36,6.65,49,4872,31618.0
2021-12-01,2021-12-01,ASIANTNE,X,16.3,18.0,16.3,16.6,16.55,173,24902,423219.0
2021-12-01,2021-12-01,HERITGFOOD,A,433.55,433.55,410.0,411.75,427.55,1089,13917,5785976.0
2021-12-01,2021-12-01,SIMRAN,X,191.2,191.2,191.2,191.2,182.1,87,34671,6629095.0
2021-12-01,2021-12-01,DFMFOODS,A,279.0,279.0,265.85,274.35,271.3,468,5148,1396241.0
2021-12-01,2021-12-01,CCL,A,402.45,405.1,386.3,396.25,403.65,709,9248,3638335.0
2021-12-01,2021-12-01,KELLTONTEC,B,49.25,49.7,48.4,49.15,48.2,491,22833,1118985.0
2021-12-01,2021-12-01,SURFI,XT,7.35,7.5,7.35,7.5,7.35,5,587,4393.0
2021-12-01,2021-12-01,INTEGFD,XT,10.61,10.61,10.61,10.61,10.11,37,5037,53442.0
2021-12-01,2021-12-01,LAKESHORE,X,18.65,19.95,18.05,19.95,19.0,69,11589,217499.0
2021-12-01,2021-12-01,RICOAUTO,A,42.95,43.15,42.0,42.2,42.45,474,38149,1620862.0
2021-12-01,2021-12-01,OMAXAUTO,B,46.85,47.0,45.3,46.45,45.15,164,8949,414487.0
2021-12-01,2021-12-01,MUNJALSHOW,B,123.0,124.5,121.0,121.4,122.45,214,2987,366222.0
2021-12-01,2021-12-01,JAMNAAUTO,A,100.0,102.25,98.25,100.2,99.0,1512,75975,7564865.0
2021-12-01,2021-12-01,TVSHLTD,A,4507.0,4507.0,4268.8,4409.85,4465.4,458,900,3919533.0
2021-12-01,2021-12-01,JTEKTINDIA,A,91.3,93.3,90.3,91.8,90.2,636,19433,1783602.0
2021-12-01,2021-12-01,MUNJALAU,B,52.4,52.4,50.3,51.1,51.85,470,24746,1263405.0
2021-12-01,2021-12-01,JAYBARMARU,B,172.0,178.0,172.0,176.15,170.85,121,2667,468454.0
2021-12-01,2021-12-01,RACLGEAR,X,554.95,554.95,542.4,549.0,555.0,139,4772,2618400.0
2021-12-01,2021-12-01,SAMKRG,X,151.05,157.5,151.05,155.85,153.95,82,3807,594034.0
2021-12-01,2021-12-01,SICALLOG,T,12.97,13.59,12.85,13.43,12.97,139,29419,389803.0
2021-12-01,2021-12-01,RATNAMANI,A,2218.0,2218.0,2153.6,2189.95,2211.15,566,1142,2481852.0
2021-12-01,2021-12-01,VESUVIUS,A,1180.1,1195.0,1152.05,1160.35,1175.6,297,1475,1726923.0
2021-12-01,2021-12-01,ASAL,T,224.8,224.8,224.8,224.8,214.1,92,8590,1931032.0
2021-12-01,2021-12-01,ARCEEIN,X,7.01,7.34,7.01,7.34,7.0,10,2160,15223.0
2021-12-01,2021-12-01,ABCINDQ,X,105.0,112.95,105.0,108.55,105.45,47,1634,177310.0
2021-12-01,2021-12-01,BALTE,X,9.1,9.83,9.1,9.74,9.33,10,846,8106.0
2021-12-01,2021-12-01,SIBARAUT,X,7.12,7.75,7.1,7.64,7.42,19,2265,16635.0
2021-12-01,2021-12-01,TRANSWORLD,B,253.3,253.3,229.5,233.1,231.6,544,6013,1409706.0
2021-12-01,2021-12-01,STARLOG,XT,12.12,12.74,12.12,12.27,12.75,21,1111,13656.0
2021-12-01,2021-12-01,EUROTEXIND,T,10.5,10.5,10.5,10.5,10.25,1,50,525.0
2021-12-01,2021-12-01,ICIL,A,234.2,238.3,228.0,237.1,228.5,858,21816,5065038.0
2021-12-01,2021-12-01,MARALOVER,B,74.0,75.95,74.0,75.9,73.6,6,375,28347.0
2021-12-01,2021-12-01,ADVLIFE,XT,21.0,23.0,21.0,23.0,22.1,13,898,18900.0
2021-12-01,2021-12-01,TRIDENT,A,50.1,51.3,49.4,49.4,52.0,26601,8036354,400659364.0
2021-12-01,2021-12-01,HISARSP,P,34.5,34.5,34.5,34.5,36.3,1,100,3450.0
2021-12-01,2021-12-01,ALOKINDS,B,21.7,21.7,21.3,21.4,21.35,1593,646546,13837649.0
2021-12-01,2021-12-01,PASARI,XT,3.95,4.0,3.95,3.95,4.15,24,6588,26083.0
2021-12-01,2021-12-01,CLCIND,Z,2.43,2.43,2.27,2.43,2.32,114,136590,329254.0
2021-12-01,2021-12-01,AMARJOTHI,X,158.0,158.4,154.25,155.65,157.35,47,1718,268684.0
2021-12-01,2021-12-01,OLYMPTX,X,39.6,41.85,38.4,38.4,40.4,61,2558,102887.0
2021-12-01,2021-12-01,NAGREEKEXP,B,32.5,33.35,31.1,31.5,31.95,69,2279,72407.0
2021-12-01,2021-12-01,SUDTIND-B,X,16.55,17.05,16.55,17.05,16.25,3,201,3376.0
2021-12-01,2021-12-01,SBFL,X,9.52,9.52,9.05,9.05,9.52,27,4396,39917.0
2021-12-01,2021-12-01,ADITYASP,XT,12.1,12.94,11.73,11.77,12.33,70,8347,102782.0
2021-12-01,2021-12-01,PRIMEURB,X,9.4,9.85,8.93,8.93,9.4,9,237,2229.0
2021-12-01,2021-12-01,DHANFAB,X,30.55,32.0,30.35,30.5,31.9,17,934,28642.0
2021-12-01,2021-12-01,ZODIACLOTH,B,103.3,104.05,101.0,101.6,102.4,85,2958,301125.0
2021-12-01,2021-12-01,SRMCL,X,21.2,21.2,21.2,21.2,22.3,4,102,2162.0
2021-12-01,2021-12-01,SUPERSPIN,B,11.37,11.37,10.85,11.12,11.21,39,8493,94985.0
2021-12-01,2021-12-01,UNITEDTE,XT,9.1,9.66,8.83,9.3,9.29,35,6179,55369.0
2021-12-01,2021-12-01,SILINV,B,311.05,314.55,308.0,309.45,307.5,31,884,274512.0
2021-12-01,2021-12-01,SURYALAXMI,B,61.05,61.75,60.5,60.75,62.15,114,3034,185568.0
2021-12-01,2021-12-01,SAMTEX,XT,4.02,4.02,3.85,4.02,3.83,853,780102,3129348.0
2021-12-01,2021-12-01,CITYMAN,XT,5.73,5.73,5.7,5.7,5.46,17,912,5217.0
2021-12-01,2021-12-01,DHANROTO,X,65.0,67.25,62.4,63.2,64.55,41,2380,154907.0
2021-12-01,2021-12-01,DAMODARIND,B,42.0,43.2,42.0,43.1,42.55,47,1853,79237.0
2021-12-01,2021-12-01,SANBLUE,X,32.1,32.1,32.1,32.1,30.6,7,1000,32100.0
2021-12-01,2021-12-01,UNIROYAL,X,12.5,12.5,11.52,12.45,12.12,13,2474,29467.0
2021-12-01,2021-12-01,TATIAGLOB,XT,2.4,2.4,2.4,2.4,2.52,303,83173,199615.0
2021-12-01,2021-12-01,SRINACHA,X,42.0,42.3,42.0,42.3,42.3,3,52,2184.0
2021-12-01,2021-12-01,SAMBANDAM,X,236.85,236.85,219.0,225.7,227.55,54,1466,324852.0
2021-12-01,2021-12-01,KITEX,A,160.0,166.9,160.0,165.15,165.35,602,15996,2641214.0
2021-12-01,2021-12-01,CRANEX,X,16.9,17.0,16.9,17.0,16.45,6,638,10815.0
2021-12-01,2021-12-01,BATLIBOI,X,42.55,44.8,42.55,44.55,43.95,52,3215,140700.0
2021-12-01,2021-12-01,AUSTENG,X,64.75,65.95,58.55,60.1,59.15,21,511,31856.0
2021-12-01,2021-12-01,UNIDT,B,415.25,419.0,409.05,410.8,407.65,188,944,390545.0
2021-12-01,2021-12-01,FLUIDOM,X,123.0,123.0,117.2,118.1,123.0,36,2167,258315.0
2021-12-01,2021-12-01,EMAINDIA,XT,16.25,16.25,16.25,16.25,17.08,6,297,4826.0
2021-12-01,2021-12-01,WINDMACHIN,B,26.85,27.4,26.5,27.0,27.0,61,6763,181542.0
2021-12-01,2021-12-01,SHANTIGEAR,B,148.9,149.9,146.65,148.9,147.15,74,1820,268784.0
2021-12-01,2021-12-01,HONDAPOWER,A,1319.65,1332.1,1311.0,1320.5,1329.9,167,702,927981.0
2021-12-01,2021-12-01,HITECHGEAR,B,206.15,212.95,202.9,203.3,208.65,45,499,102529.0
2021-12-01,2021-12-01,ELGIEQUIP,A,278.0,282.2,266.9,279.4,275.35,1885,40229,11065682.0
2021-12-01,2021-12-01,KLBRENG-B,X,35.0,35.0,34.0,35.0,33.35,108,25614,893204.0
2021-12-01,2021-12-01,BIRLAPREC,X,23.0,24.75,22.45,24.75,23.6,848,339985,8058553.0
2021-12-01,2021-12-01,YUKEN,B,589.95,599.0,583.25,592.5,594.15,46,163,96368.0
2021-12-01,2021-12-01,TIMKEN,A,2050.0,2062.45,1971.15,2008.6,2026.5,1839,7653,15346359.0
2021-12-01,2021-12-01,VOITHPAPR,X,1130.0,1172.0,1108.0,1146.8,1134.0,44,1869,2150704.0
2021-12-01,2021-12-01,ARTSON,X,93.0,94.6,89.9,89.9,94.6,638,42003,3802878.0
2021-12-01,2021-12-01,SOLIMAC,X,33.1,34.2,32.9,32.9,33.35,14,1254,41451.0
2021-12-01,2021-12-01,DIACABS,Z,0.82,0.82,0.82,0.82,0.79,15,30909,25345.0
2021-12-01,2021-12-01,INDSILHYD,X,42.25,42.25,39.6,40.8,41.55,162,22096,894532.0
2021-12-01,2021-12-01,ITL,X,144.0,147.6,140.6,141.35,144.3,129,6016,857104.0
2021-12-01,2021-12-01,FRONTSP,X,277.9,277.9,256.55,261.2,260.75,83,2531,658444.0
2021-12-01,2021-12-01,PRAJIND,T,334.0,335.0,324.0,328.15,322.2,323,9719,3192203.0
2021-12-01,2021-12-01,RASANDIK,X,81.0,84.0,79.3,84.0,82.0,4,18,1485.0
2021-12-01,2021-12-01,YOGISUNG,X,5.95,5.95,5.61,5.61,5.9,11,1158,6848.0
2021-12-01,2021-12-01,HLEGLAS,B,6039.95,6041.45,5851.1,5912.25,5908.65,329,579,3429316.0
2021-12-01,2021-12-01,GUJAPOLLO,B,218.0,221.0,210.0,218.4,204.65,113,1953,424473.0
2021-12-01,2021-12-01,TANAA,X,91.0,92.1,91.0,92.1,87.75,192,63303,5827566.0
2021-12-01,2021-12-01,CONART,X,33.0,34.9,33.0,34.2,33.3,17,902,30745.0
2021-12-01,2021-12-01,SHIVAGR,XT,15.66,15.66,14.18,14.2,14.92,27,2889,42690.0
2021-12-01,2021-12-01,MMFL,B,796.6,796.6,774.4,792.65,774.5,16,106,83502.0
2021-12-01,2021-12-01,IYKOTHITE,Z,9.5,9.5,8.85,9.5,9.3,5,182,1638.0
2021-12-01,2021-12-01,MAYURUNIQ,A,476.7,476.7,464.3,471.5,471.6,182,761,357780.0
2021-12-01,2021-12-01,CENLUB,X,115.1,124.25,115.0,120.05,114.85,234,11433,1378623.0
2021-12-01,2021-12-01,RAJOOENG,X,23.8,23.8,22.5,22.85,23.0,155,37109,846502.0
2021-12-01,2021-12-01,JMCPROJECTS,A,92.85,94.0,90.8,91.6,92.25,336,8749,804680.0
2021-12-01,2021-12-01,VJLAXMIE,X,48.95,48.95,48.2,48.2,48.0,3,400,19372.0
2021-12-01,2021-12-01,AHMDSTE,X,16.0,16.55,16.0,16.55,15.95,4,22,356.0
2021-12-01,2021-12-01,GVT&D,A,116.5,117.15,115.65,116.6,115.35,129,2119,246724.0
2021-12-01,2021-12-01,RAMRAT,X,146.05,148.9,145.2,147.05,146.45,52,2716,397880.0
2021-12-01,2021-12-01,JAYNECOIND,T,25.25,25.25,24.0,24.1,24.65,162,54925,1328954.0
2021-12-01,2021-12-01,KPIL,A,386.0,390.0,382.25,384.4,386.95,439,7093,2726152.0
2021-12-01,2021-12-01,NMSGLOBAL,XT,29.45,29.45,27.0,29.15,28.05,28,1120,31911.0
2021-12-01,2021-12-01,CANDOUR,X,48.9,48.9,45.5,46.65,46.95,75,4549,213448.0
2021-12-01,2021-12-01,TIGLOB,X,110.4,111.55,108.0,108.0,110.4,89,11732,1269738.0
2021-12-01,2021-12-01,CONTROLPR,B,329.0,342.5,329.0,340.15,317.45,361,3637,1224858.0
2021-12-01,2021-12-01,BEMHY,X,250.1,250.1,201.3,216.45,208.45,17,616,132618.0
2021-12-01,2021-12-01,ANSALBU,X,83.0,87.0,83.0,84.8,85.0,50,699,59109.0
2021-12-01,2021-12-01,WEIZMANIND,B,53.4,54.15,52.85,53.55,52.25,61,1597,85721.0
2021-12-01,2021-12-01,BNRSEC,X,39.65,40.2,37.7,38.9,37.85,110,6134,238969.0
2021-12-01,2021-12-01,RISHITECH,X,22.75,22.75,22.35,22.45,23.45,4,151,3402.0
2021-12-01,2021-12-01,SINCLAIR,X,75.15,75.9,73.0,74.4,74.35,243,29388,2182488.0
2021-12-01,2021-12-01,SAFARI,A,871.05,872.15,848.0,856.95,881.1,337,751,643176.0
2021-12-01,2021-12-01,ZBINTXPP,XT,892.85,924.95,848.75,888.0,892.85,16,68,59932.0
2021-12-01,2021-12-01,JJFINCOR,XT,38.95,38.95,38.95,38.95,37.1,11,1518,59126.0
2021-12-01,2021-12-01,COSMOFE,XT,187.95,189.0,182.0,186.8,184.6,150,13077,2440172.0
2021-12-01,2021-12-01,FUTURSEC,XT,14.95,14.95,14.9,14.9,14.25,2,2,29.0
2021-12-01,2021-12-01,SANCTRN,X,668.0,668.0,535.5,559.0,560.0,15,111,61507.0
2021-12-01,2021-12-01,THRIVE,X,86.95,87.0,81.15,84.35,83.15,35,1747,147180.0
2021-12-01,2021-12-01,EIHAHOTELS,B,338.65,338.65,325.0,330.6,336.1,66,396,131105.0
2021-12-01,2021-12-01,MEDICAPQ,X,43.9,44.45,41.75,42.6,43.0,79,9061,386482.0
2021-12-01,2021-12-01,OTCO,X,8.05,8.45,7.97,8.25,8.26,39,2216,18207.0
2021-12-01,2021-12-01,FOSECOC,X,999.0,999.0,943.45,952.6,971.45,161,1615,1541393.0
2021-12-01,2021-12-01,BAPACK,XT,220.95,228.3,212.0,214.8,217.55,45,1627,355476.0
2021-12-01,2021-12-01,ABAN,T,47.0,47.5,45.0,46.2,46.7,179,12259,567957.0
2021-12-01,2021-12-01,KOKUYOCMLN,B,62.85,63.1,61.25,62.15,62.15,398,10663,660832.0
2021-12-01,2021-12-01,SRMENERGY,X,4.47,4.47,4.47,4.47,4.26,2,523,2337.0
2021-12-01,2021-12-01,BHARATSE,X,70.8,70.8,68.0,69.05,69.3,190,24348,1678122.0
2021-12-01,2021-12-01,CONTPTR,XT,44.95,44.95,42.6,42.9,43.9,32,1466,62724.0
2021-12-01,2021-12-01,MACPLASQ,X,114.0,115.75,111.0,113.95,111.0,31,2977,340947.0
2021-12-01,2021-12-01,PEARLPOLY,B,14.85,15.55,14.85,15.55,14.85,52,1693,25736.0
2021-12-01,2021-12-01,VENKEYS,A,2547.0,2547.0,2461.25,2502.75,2496.45,1206,3434,8571220.0
2021-12-01,2021-12-01,ADVANIHOTR,B,79.0,79.9,77.7,79.9,78.0,33,325,25932.0
2021-12-01,2021-12-01,GVFILM,X,0.8,0.8,0.74,0.75,0.77,4268,7143208,5519823.0
2021-12-01,2021-12-01,SUPERHOUSE,B,151.5,157.0,148.45,154.3,150.25,371,4722,722760.0
2021-12-01,2021-12-01,RAMAVISION,XT,24.25,24.25,24.25,24.25,23.1,21,10925,264931.0
2021-12-01,2021-12-01,TCPLPACK,B,537.0,539.0,483.8,490.65,498.0,146,2341,1172339.0
2021-12-01,2021-12-01,BALMLAWRIE,A,116.45,117.35,115.25,115.75,116.0,1074,20682,2402879.0
2021-12-01,2021-12-01,KOVAI,B,1630.6,1690.8,1630.6,1644.65,1660.35,93,599,991795.0
2021-12-01,2021-12-01,ELDEHSG,X,3210.0,3248.4,3045.0,3135.25,3209.65,73,333,1043401.0
2021-12-01,2021-12-01,DCMSHRIRAM,A,971.5,993.9,965.0,990.05,958.6,344,1354,1327789.0
2021-12-01,2021-12-01,DCMSRIND,X,84.5,84.5,80.6,81.4,82.5,525,51286,4200079.0
2021-12-01,2021-12-01,MAWANASUG,B,78.35,80.05,78.0,78.7,78.5,64,966,76311.0
2021-12-01,2021-12-01,MINID,XT,13.79,13.79,13.14,13.15,13.14,28,1043,14051.0
2021-12-01,2021-12-01,MAHAPEXLTD,T,89.0,89.0,88.5,88.5,88.9,2,2,177.0
2021-12-01,2021-12-01,NILKAMAL,A,2367.5,2377.85,2277.6,2289.3,2382.15,241,643,1491575.0
2021-12-01,2021-12-01,NAHARPOLY,B,218.4,232.45,218.4,228.65,226.5,68,1546,351445.0
2021-12-01,2021-12-01,3MINDIA,A,25200.0,25238.8,24645.65,24731.05,25032.85,64,71,1768907.0
2021-12-01,2021-12-01,BOSCH-HCIL,A,1936.55,1936.55,1885.0,1886.05,1897.1,147,496,938628.0
2021-12-01,2021-12-01,JMFINANCIL,A,71.8,72.1,70.2,70.8,71.05,1934,55490,3936622.0
2021-12-01,2021-12-01,ADCINDIA,X,323.0,323.0,304.5,309.5,317.65,37,968,298769.0
2021-12-01,2021-12-01,TNTELE,T,7.51,7.51,6.87,7.01,7.23,55,4398,30838.0
2021-12-01,2021-12-01,SUNRAJDI,Z,8.25,8.5,7.75,8.33,8.15,28,3529,29094.0
2021-12-01,2021-12-01,RIIL,A,680.0,744.85,658.35,724.9,654.3,7567,123315,88623445.0
2021-12-01,2021-12-01,SHARP,X,53.9,56.6,51.6,55.3,54.0,135,7714,415719.0
2021-12-01,2021-12-01,LINDEINDIA,A,2501.0,2596.0,2500.0,2575.2,2500.7,1108,4314,10999412.0
2021-12-01,2021-12-01,INDBNK,T,30.45,30.45,29.0,29.95,29.0,13,1324,39488.0
2021-12-01,2021-12-01,LOTUSCHO,X,51.85,53.3,51.5,53.15,50.8,112,12975,685431.0
2021-12-01,2021-12-01,PACIFICI,X,511.0,543.0,496.05,497.0,522.15,101,1598,815217.0
2021-12-01,2021-12-01,CMMHOSP,XT,21.9,23.3,21.25,21.4,22.35,19,3599,77558.0
2021-12-01,2021-12-01,UNIOFFICE,XT,2.95,2.95,2.94,2.94,3.09,4,2849,8381.0
2021-12-01,2021-12-01,APMIN,X,34.8,35.7,33.75,34.95,34.35,109,19942,696123.0
2021-12-01,2021-12-01,PRECWIRE,B,283.55,287.95,278.2,282.45,283.35,287,3289,930530.0
2021-12-01,2021-12-01,KRYPTONQ,X,14.59,15.49,14.01,15.03,14.25,121,46030,683839.0
2021-12-01,2021-12-01,MARBU,X,47.0,47.0,37.1,41.15,39.25,40,1345,53851.0
2021-12-01,2021-12-01,FEL,B,8.6,8.94,8.6,8.83,8.71,210,113176,997157.0
2021-12-01,2021-12-01,INDTONER,X,171.0,171.0,163.0,164.95,167.75,144,9213,1533371.0
2021-12-01,2021-12-01,KUNSTOFF,X,22.0,22.0,22.0,22.0,22.25,4,130,2860.0
2021-12-01,2021-12-01,SCI,A,151.4,153.15,149.3,150.4,148.4,2508,205139,30954589.0
2021-12-01,2021-12-01,SIKA,X,710.35,745.9,710.35,729.45,726.2,118,1823,1316707.0
2021-12-01,2021-12-01,ITI,A,111.9,111.9,110.15,110.75,110.1,471,14482,1601742.0
2021-12-01,2021-12-01,DREDGECORP,A,320.0,322.9,313.65,314.9,315.6,279,2872,911298.0
2021-12-01,2021-12-01,PHRMASI,XT,31.0,31.0,31.0,31.0,31.75,1,40,1240.0
2021-12-01,2021-12-01,PODDARHOUS,B,167.0,172.0,159.3,169.5,167.0,41,993,164494.0
2021-12-01,2021-12-01,NFL,A,53.5,53.5,51.2,51.5,48.95,1929,226521,11793216.0
2021-12-01,2021-12-01,IPRINGLTD,X,115.15,115.15,106.75,106.95,110.4,61,3205,346560.0
2021-12-01,2021-12-01,PIIND,A,2876.7,2950.0,2872.8,2943.6,2876.7,1403,8450,24554306.0
2021-12-01,2021-12-01,PLASTIBLEN,B,233.55,250.0,232.65,249.0,233.15,259,11811,2909638.0
2021-12-01,2021-12-01,YASHINNO,XT,42.2,42.2,38.2,38.2,40.2,98,21321,866696.0
2021-12-01,2021-12-01,WATERBASE,A,100.25,102.2,99.3,100.95,100.8,348,8057,812538.0
2021-12-01,2021-12-01,FLEXFO,X,99.95,100.65,96.75,99.25,96.75,85,5972,588982.0
2021-12-01,2021-12-01,GOLKUNDIA,X,89.6,89.65,89.0,89.65,85.4,58,4030,360880.0
2021-12-01,2021-12-01,APCOTEXIND,A,369.0,369.0,344.65,351.65,346.9,3099,36832,13034820.0
2021-12-01,2021-12-01,FORTISMLR,X,62.6,64.5,61.5,62.35,62.5,48,2621,162844.0
2021-12-01,2021-12-01,MASTEK,A,2698.0,2710.0,2626.0,2674.6,2669.9,1194,5887,15649014.0
2021-12-01,2021-12-01,EIMCOELECO,B,364.2,364.3,352.05,357.85,355.0,99,1694,606640.0
2021-12-01,2021-12-01,SAYAJIHOTL,XT,232.05,251.95,232.05,247.0,241.0,48,1487,367834.0
2021-12-01,2021-12-01,ASHIANA,B,170.55,173.0,169.85,171.25,170.55,382,6254,1069287.0
2021-12-01,2021-12-01,SVAMSOF,Z,4.8,5.04,4.65,5.03,4.8,176,36588,180789.0
2021-12-01,2021-12-01,ECOBOAR,X,25.3,26.4,25.25,26.2,26.45,56,10038,261752.0
2021-12-01,2021-12-01,DVL,B,241.3,242.65,236.0,239.8,236.65,258,7683,1828841.0
2021-12-01,2021-12-01,TIHIL,XT,3.67,3.85,3.67,3.68,3.86,14,1201,4517.0
2021-12-01,2021-12-01,MAHEPC,B,127.5,127.5,116.5,118.8,120.0,296,7655,912298.0
2021-12-01,2021-12-01,SREIINFRA,T,4.77,5.09,4.65,5.09,4.85,482,302935,1526388.0
2021-12-01,2021-12-01,MITSHI,X,14.79,14.8,14.31,14.78,14.56,22,406,5959.0
2021-12-01,2021-12-01,SHUKJEW,P,6.3,6.51,6.3,6.3,6.2,3,1400,9030.0
2021-12-01,2021-12-01,MAZDA,B,620.65,647.0,620.65,633.35,610.0,101,5936,3785147.0
2021-12-01,2021-12-01,VHLTD,Z,3.64,3.64,3.33,3.48,3.5,27,5844,20032.0
2021-12-01,2021-12-01,SOVERDIA,XT,10.26,11.25,10.26,10.85,10.8,57,7924,84966.0
2021-12-01,2021-12-01,MENONBE,B,80.0,80.9,77.0,78.85,79.05,489,16423,1295158.0
2021-12-01,2021-12-01,MUKATPIP,XT,14.45,14.45,14.45,14.45,15.2,11,224,3236.0
2021-12-01,2021-12-01,GUJRAFFIA,T,31.45,33.8,31.4,32.5,32.5,12,3064,96545.0
2021-12-01,2021-12-01,SIMPLEXINF,B,42.95,43.55,41.7,42.2,43.05,153,7492,320985.0
2021-12-01,2021-12-01,INNOVTEC,X,17.3,18.2,17.3,18.15,18.1,16,1370,24002.0
2021-12-01,2021-12-01,SUPTANERY,X,4.95,5.04,4.8,4.9,4.87,294,98517,485020.0
2021-12-01,2021-12-01,AXTEL,X,314.9,314.9,298.3,300.25,299.7,89,3102,937470.0
2021-12-01,2021-12-01,GRANDOAK,XT,9.88,10.9,9.88,9.88,10.39,20,10007,98920.0
2021-12-01,2021-12-01,APIL,XT,40.7,41.85,39.9,41.85,39.9,18,276,11446.0
2021-12-01,2021-12-01,POONAWALLA,A,182.0,189.55,180.6,189.1,180.55,2821,308465,57547057.0
2021-12-01,2021-12-01,HINFLUR,B,10.0,10.13,9.62,9.65,9.8,29,1790,17512.0
2021-12-01,2021-12-01,KINGFA,B,925.6,934.0,915.55,920.1,923.15,20,118,109010.0
2021-12-01,2021-12-01,RAMAPHO,X,305.0,315.5,305.0,314.45,304.9,324,42810,13384463.0
2021-12-01,2021-12-01,POLYPLEX,A,1850.0,1874.0,1843.0,1851.7,1844.65,762,4226,7858863.0
2021-12-01,2021-12-01,ALBERTDAVD,B,587.05,587.5,574.7,581.25,575.55,56,737,427148.0
2021-12-01,2021-12-01,HARLETH,XT,36.35,36.45,34.55,36.45,36.0,6,563,19727.0
2021-12-01,2021-12-01,CARYSIL,B,812.0,823.05,795.0,799.2,808.95,667,7025,5656928.0
2021-12-01,2021-12-01,KABRAEXTRU,B,296.75,326.6,295.4,312.5,289.4,1507,26275,8262954.0
2021-12-01,2021-12-01,VINYLINDIA,B,228.4,233.5,227.45,232.25,226.7,267,4396,1015250.0
2021-12-01,2021-12-01,PCCOSMA,X,125.0,135.95,120.7,127.2,128.9,72,2640,349357.0
2021-12-01,2021-12-01,TCMLMTD,XT,73.0,73.0,73.0,73.0,73.0,1,2,146.0
2021-12-01,2021-12-01,IOLCP,A,452.75,452.75,434.4,438.75,444.55,3508,49647,21767432.0
2021-12-01,2021-12-01,VINATIORGA,A,1876.1,1910.75,1876.1,1893.95,1878.65,508,1718,3254645.0
2021-12-01,2021-12-01,LACTOSE,X,38.55,39.55,37.6,37.85,39.35,31,2962,113035.0
2021-12-01,2021-12-01,AARTIIND,A,944.0,951.75,933.1,949.8,936.85,818,11089,10459739.0
2021-12-01,2021-12-01,WANBURY,T,67.95,70.05,67.95,70.05,66.75,65,15742,1096497.0
2021-12-01,2021-12-01,RESONANCE,X,184.0,184.0,173.2,176.35,174.55,149,6518,1147520.0
2021-12-01,2021-12-01,GAEL,A,159.65,161.0,156.6,157.65,158.45,546,13473,2146726.0
2021-12-01,2021-12-01,RCF,A,73.25,74.8,72.55,73.2,69.8,2651,314196,22964499.0
2021-12-01,2021-12-01,KOPRAN,B,253.95,262.25,251.6,262.25,249.8,924,24588,6370333.0
2021-12-01,2021-12-01,AIMCOPEST,X,97.2,98.9,97.0,97.6,98.2,67,5623,548130.0
2021-12-01,2021-12-01,GUJTERC,XT,13.45,13.45,12.78,12.78,13.45,5,345,4573.0
2021-12-01,2021-12-01,SEYAIND,B,52.9,53.85,52.85,53.0,52.9,26,704,37320.0
2021-12-01,2021-12-01,JAYAGROGN,B,198.35,200.0,195.65,196.3,197.5,170,2880,569892.0
2021-12-01,2021-12-01,BCLIND,B,226.0,226.0,215.25,218.05,218.05,158,3179,692568.0
2021-12-01,2021-12-01,SHHARICH,X,57.6,60.6,57.6,58.15,60.3,12,601,36072.0
2021-12-01,2021-12-01,INDOBORAX,X,131.6,134.2,128.0,129.55,130.1,416,20270,2650012.0
2021-12-01,2021-12-01,AARTIDRUGS,A,521.15,521.15,505.05,512.35,506.2,617,7763,3963237.0
2021-12-01,2021-12-01,BODALCHEM,A,108.0,111.75,106.9,110.65,107.55,1314,69141,7606538.0
2021-12-01,2021-12-01,ORCHPHARMA,T,383.2,410.0,383.2,402.0,395.65,56,416,166216.0
2021-12-01,2021-12-01,VIMTALABS,B,381.0,389.6,369.15,370.3,375.2,797,7462,2847248.0
2021-12-01,2021-12-01,BIOFILCHEM,B,60.85,60.85,58.95,59.55,59.8,72,2529,150261.0
2021-12-01,2021-12-01,ISHITADR,X,39.0,40.95,38.1,38.15,39.05,13,539,20953.0
2021-12-01,2021-12-01,MARKSANS,A,57.0,57.3,55.0,55.4,56.5,2097,187697,10554366.0
2021-12-01,2021-12-01,UNIVSTAR,XT,104.95,105.0,100.0,100.0,100.0,6,153,15809.0
2021-12-01,2021-12-01,AAREYDRUGS,B,33.5,34.95,33.5,33.9,33.85,212,18209,621392.0
2021-12-01,2021-12-01,NORRIS,X,9.9,9.9,9.41,9.41,9.9,7,1846,17864.0
2021-12-01,2021-12-01,ASINPET,XT,37.85,41.2,37.85,39.0,39.8,120,5990,231571.0
2021-12-01,2021-12-01,CAMEXLTD,X,29.6,30.0,29.15,29.95,29.6,13,471,14070.0
2021-12-01,2021-12-01,EVEXIA,X,10.52,10.71,10.2,10.34,10.52,2223,914234,9444561.0
2021-12-01,2021-12-01,INDOEURO,XT,11.2,11.2,11.2,11.2,11.2,1,2,22.0
2021-12-01,2021-12-01,SYNCOMF,X,9.73,10.16,9.65,9.7,9.61,6398,2324641,22764899.0
2021-12-01,2021-12-01,RIDDHI,X,378.0,378.0,370.0,370.0,365.95,6,122,45306.0
2021-12-01,2021-12-01,SVCIND,XT,3.82,3.82,3.82,3.82,3.64,125,78634,300381.0
2021-12-01,2021-12-01,IPCALAB,A,2145.0,2145.0,2041.1,2066.9,2110.55,2064,14015,28999549.0
2021-12-01,2021-12-01,KILITCH,B,150.75,158.4,150.7,155.3,157.5,29,857,131859.0
2021-12-01,2021-12-01,RAAJMEDI,P,50.05,50.1,50.0,50.1,50.2,6,1200,60105.0
2021-12-01,2021-12-01,CORALAB,X,305.85,305.85,287.5,296.25,294.0,52,1104,327115.0
2021-12-01,2021-12-01,BACPHAR,XT,4.11,4.11,4.11,4.11,4.31,3,502,2063.0
2021-12-01,2021-12-01,KREBSBIO,B,165.85,165.85,165.05,165.2,165.85,7,136,22490.0
2021-12-01,2021-12-01,KMCSHIL,XT,62.1,63.65,61.1,62.7,62.65,614,64607,4033857.0
2021-12-01,2021-12-01,LAFFANSQ,XT,42.0,42.0,39.5,41.5,41.5,8,180,7424.0
2021-12-01,2021-12-01,BHASKAGR,XT,45.05,45.05,42.05,42.25,44.15,21,860,37130.0
2021-12-01,2021-12-01,SUKHJITS,X,315.0,315.0,309.0,313.5,312.7,45,2221,691522.0
2021-12-01,2021-12-01,NEULANDLAB,A,1744.85,1832.05,1732.05,1761.8,1748.8,1923,8387,15097525.0
2021-12-01,2021-12-01,GAYATRIBI,XT,16.6,16.6,15.1,15.1,15.85,201,24880,384130.0
2021-12-01,2021-12-01,PODDARMENT,B,278.55,284.0,278.55,283.95,275.85,12,71,20093.0
2021-12-01,2021-12-01,PHARMAID,XT,14.0,14.3,13.54,14.18,14.25,133,18889,257911.0
2021-12-01,2021-12-01,VIVIDIND,X,25.1,26.0,25.1,25.5,25.6,26,2994,76583.0
2021-12-01,2021-12-01,PRIYALT,XT,8.1,8.1,8.1,8.1,8.1,5,103,834.0
2021-12-01,2021-12-01,TIRUSTA,XT,46.05,49.8,46.05,48.55,48.0,25,6001,284146.0
2021-12-01,2021-12-01,JAYSYNTH,XT,6.0,6.25,5.68,6.06,5.96,30,13094,79025.0
2021-12-01,2021-12-01,AEONXDIGI,X,94.5,96.0,92.25,95.05,93.0,50,6411,609254.0
2021-12-01,2021-12-01,AKSHARCHEM,B,416.4,416.55,400.25,402.55,404.55,273,4145,1690953.0
2021-12-01,2021-12-01,ADLINE,P,5.04,5.04,5.04,5.04,5.3,1,300,1512.0
2021-12-01,2021-12-01,BERLDRG,X,10.68,10.69,10.68,10.69,10.19,9,3311,35363.0
2021-12-01,2021-12-01,INDXTRA,XT,26.0,26.0,26.0,26.0,26.0,1,2,52.0
2021-12-01,2021-12-01,ISTRNETWK,XT,2.76,2.76,2.76,2.76,2.9,6,192,529.0
2021-12-01,2021-12-01,GAGAN,XT,14.89,14.89,14.89,14.89,14.19,31,10186,151669.0
2021-12-01,2021-12-01,SHUKRAPHAR,X,73.3,73.3,73.3,73.3,69.85,5,28,2052.0
2021-12-01,2021-12-01,ALUFLUOR,X,274.0,277.0,260.0,263.35,266.5,212,7050,1860572.0
2021-12-01,2021-12-01,OXYGENTAPH,XT,28.95,28.95,26.25,28.55,27.6,32,5874,156162.0
2021-12-01,2021-12-01,ARCHITORG,X,41.65,41.8,40.1,41.45,40.75,48,3953,162690.0
2021-12-01,2021-12-01,SIKOZY,X,1.16,1.16,1.14,1.14,1.17,20,2886,3310.0
2021-12-01,2021-12-01,INDOAMIN,X,201.8,207.95,198.7,202.45,201.8,280,10942,2200534.0
2021-12-01,2021-12-01,INDSWFTLTD,B,13.0,13.22,12.73,12.78,12.76,69,7941,103556.0
2021-12-01,2021-12-01,NATCAPSUQ,X,201.3,208.5,186.2,190.3,200.2,312,20843,4061236.0
2021-12-01,2021-12-01,WELCURE,XT,8.25,8.25,8.0,8.0,8.42,128,10827,86657.0
2021-12-01,2021-12-01,BIBCL,T,51.2,52.1,50.0,50.35,51.45,357,46635,2382015.0
2021-12-01,2021-12-01,SOTL,B,1179.0,1179.0,1114.0,1122.05,1113.65,238,544,614040.0
2021-12-01,2021-12-01,HESTERBIO,A,2239.85,2240.0,2220.0,2229.5,2228.6,109,236,526931.0
2021-12-01,2021-12-01,KABSON,XT,9.1,9.32,8.45,9.05,8.89,89,4345,38522.0
2021-12-01,2021-12-01,BASANTGL,X,11.7,11.7,10.91,11.32,11.43,280,69371,782516.0
2021-12-01,2021-12-01,SANDUPHQ,X,46.15,46.4,45.0,45.05,45.6,24,1783,80622.0
2021-12-01,2021-12-01,NACLIND,B,69.35,69.35,66.2,68.0,67.95,159,6966,473007.0
2021-12-01,2021-12-01,VISTAPH,XT,9.99,10.13,9.44,9.99,9.79,44,4319,42657.0
2021-12-01,2021-12-01,SUNPHARMA,A,753.95,763.0,740.1,745.35,753.95,3772,77762,58169963.0
2021-12-01,2021-12-01,TITANBIO,X,283.9,283.9,255.6,268.85,275.9,604,17971,4897846.0
2021-12-01,2021-12-01,JENBURPH,X,548.6,549.9,535.25,535.65,532.75,40,613,330467.0
2021-12-01,2021-12-01,HIKAL,A,507.0,512.15,498.1,503.75,503.55,843,11741,5937379.0
2021-12-01,2021-12-01,CAPLIPOINT,A,743.8,780.25,742.0,762.9,743.8,1115,9576,7346045.0
2021-12-01,2021-12-01,FISCHER,XT,87.55,90.0,81.55,83.95,85.8,17,167,14168.0
2021-12-01,2021-12-01,LINKPH,X,35.0,35.0,33.55,34.95,33.85,19,530,18296.0
2021-12-01,2021-12-01,DECIPHER,X,49.0,54.5,44.6,54.5,49.55,1875,293296,15122439.0
2021-12-01,2021-12-01,EMMESSA,X,26.5,27.4,25.5,26.95,26.6,31,2324,60020.0
2021-12-01,2021-12-01,NGLFINE,X,2620.0,2698.0,2586.4,2639.8,2592.7,501,3518,9289402.0
2021-12-01,2021-12-01,EVERESTO,X,277.9,277.9,266.45,269.85,272.9,127,9550,2580163.0
2021-12-01,2021-12-01,AUROPHARMA,A,669.0,669.0,653.7,662.35,659.55,3423,136855,90545561.0
2021-12-01,2021-12-01,PHYTO,X,18.75,18.75,17.5,17.85,17.45,17,1923,34222.0
2021-12-01,2021-12-01,NATCOPHARM,A,840.9,847.3,833.8,842.9,837.5,492,2971,2501345.0
2021-12-01,2021-12-01,DYNAMIND,X,81.9,81.9,75.25,76.1,79.15,13,233,17732.0
2021-12-01,2021-12-01,PANAMAPET,B,238.5,256.0,238.5,253.15,238.5,430,4752,1167546.0
2021-12-01,2021-12-01,BALPHARMA,B,99.15,99.35,96.9,97.65,97.95,209,2118,206740.0
2021-12-01,2021-12-01,BDH,X,124.15,127.35,121.1,126.8,120.9,65,5476,687312.0
2021-12-01,2021-12-01,GLOBUSCON,XT,65.55,65.55,65.55,65.55,68.95,89,2215,145193.0
2021-12-01,2021-12-01,CUBEXTUB,B,23.5,24.2,22.35,22.5,23.05,17,1008,23525.0
2021-12-01,2021-12-01,POLYCHMP,X,78.7,83.9,78.7,81.05,80.25,78,5909,477154.0
2021-12-01,2021-12-01,GALXBRG,XT,385.95,385.95,358.15,378.75,368.2,65,673,246459.0
2021-12-01,2021-12-01,SCAGRO,XT,9.28,9.28,9.27,9.27,9.75,8,256,2373.0
2021-12-01,2021-12-01,RALEGRA,XT,24.5,25.7,24.0,24.0,24.95,15,695,17148.0
2021-12-01,2021-12-01,UNRYLMA,XT,11.36,11.36,11.36,11.36,10.82,2,131,1488.0
2021-12-01,2021-12-01,SHERVANI,X,242.95,242.95,231.6,238.5,239.45,18,214,50604.0
2021-12-01,2021-12-01,BNAGROCHEM,XT,9.54,10.01,9.54,10.01,9.54,22,759,7536.0
2021-12-01,2021-12-01,SUPERTEX,X,6.5,6.5,6.5,6.5,6.5,7,1241,8066.0
2021-12-01,2021-12-01,SHETR,X,31.75,31.9,31.0,31.9,31.0,8,137,4339.0
2021-12-01,2021-12-01,TRABI,XT,4.0,4.07,3.7,4.05,3.89,74,37410,147028.0
2021-12-01,2021-12-01,MPL,X,5.17,5.62,5.17,5.39,5.4,20,3438,18121.0
2021-12-01,2021-12-01,NIKHILAD,X,652.0,672.0,650.0,658.75,656.75,92,980,648670.0
2021-12-01,2021-12-01,SPENTA,X,80.2,80.5,80.2,80.5,82.05,4,34,2736.0
2021-12-01,2021-12-01,MULTIBASE,X,210.85,210.85,198.5,199.25,199.35,53,2087,420986.0
2021-12-01,2021-12-01,ANDREWYU,B,22.35,22.4,21.8,22.0,22.1,427,46917,1034087.0
2021-12-01,2021-12-01,LUDLOWJUT,X,97.5,97.5,92.1,94.1,95.8,243,18622,1761506.0
2021-12-01,2021-12-01,ASHRAM,XT,6.0,6.0,5.99,5.99,6.3,9,82,491.0
2021-12-01,2021-12-01,ROYALCU,XT,10.54,10.54,9.54,9.99,10.04,36,3157,32606.0
2021-12-01,2021-12-01,NOGMIND,XT,2.87,2.87,2.8,2.8,2.81,20,1203,3383.0
2021-12-01,2021-12-01,SURJIND,XT,70.95,70.95,70.95,70.95,67.6,4,100,7095.0
2021-12-01,2021-12-01,HITECHCORP,B,230.95,231.0,221.0,231.0,228.1,27,833,186312.0
2021-12-01,2021-12-01,BLOOM,X,9.0,9.0,9.0,9.0,8.6,1,10,90.0
2021-12-01,2021-12-01,FILATEX,B,90.0,91.5,89.25,91.25,89.9,873,65856,5952369.0
2021-12-01,2021-12-01,STDSFAC,XT,86.65,94.15,85.95,91.0,90.45,77,2136,190588.0
2021-12-01,2021-12-01,MERCATOR,B,1.56,1.6,1.53,1.53,1.61,198,484866,750608.0
2021-12-01,2021-12-01,MORGAN,X,17.0,17.0,16.75,16.75,16.53,19,7189,120623.0
2021-12-01,2021-12-01,AMRAPLIN,X,17.35,17.35,15.75,15.75,16.53,261,47392,796555.0
2021-12-01,2021-12-01,PREMEXPLN,B,244.0,247.25,234.65,235.45,243.05,100,2173,513854.0
2021-12-01,2021-12-01,MIDEASTP,X,3.33,3.33,3.33,3.33,3.18,1,1,3.0
2021-12-01,2021-12-01,MOLDTECH,B,73.6,74.0,73.0,73.6,72.65,46,637,46971.0
2021-12-01,2021-12-01,CRSTCHM,XT,36.2,36.2,34.5,35.7,36.2,15,743,26786.0
2021-12-01,2021-12-01,MPHASIS,A,2874.0,3024.85,2850.05,3009.95,2905.7,4120,33084,98548278.0
2021-12-01,2021-12-01,MEDINOV,XT,34.0,35.7,33.95,34.9,34.1,21,717,24987.0
2021-12-01,2021-12-01,DIVSHKT,X,69.9,69.9,65.1,68.0,67.0,16,390,26036.0
2021-12-01,2021-12-01,ORIENTLTD,B,64.5,66.5,63.55,65.0,64.9,11,176,11464.0
2021-12-01,2021-12-01,SHREYASI,XT,7.17,7.17,6.83,7.16,6.83,43,7868,54119.0
2021-12-01,2021-12-01,DUROPACK,XT,23.6,25.25,23.25,23.25,24.05,8,433,10396.0
2021-12-01,2021-12-01,SWARNSAR,X,23.5,24.5,22.0,22.85,23.25,89,10898,246492.0
2021-12-01,2021-12-01,GANESHHOU,B,196.0,200.0,191.45,191.45,201.5,376,8991,1739962.0
2021-12-01,2021-12-01,NMDC,A,132.4,138.35,132.4,137.75,133.25,4947,623229,84431153.0
2021-12-01,2021-12-01,CINDHO,X,19.2,19.2,19.2,19.2,20.15,2,105,2016.0
2021-12-01,2021-12-01,PATINTLOG,B,15.12,15.3,14.9,15.02,15.0,66,2658,39971.0
2021-12-01,2021-12-01,ALPHAGEO,B,333.0,341.05,323.0,328.9,324.2,342,2921,961753.0
2021-12-01,2021-12-01,HAMPTON,X,241.0,241.65,225.55,241.65,230.15,57,2121,512131.0
2021-12-01,2021-12-01,KKALPANAIND,X,49.8,52.0,48.4,51.0,48.1,372,74371,3768597.0
2021-12-01,2021-12-01,OKPLA,XT,26.75,26.9,25.6,25.75,26.25,65,8661,225564.0
2021-12-01,2021-12-01,KRITI,B,120.95,120.95,116.1,117.35,116.0,126,3677,436429.0
2021-12-01,2021-12-01,ASMTEC,X,260.05,270.6,260.05,264.25,263.25,129,3144,837305.0
2021-12-01,2021-12-01,PERFEPA,X,152.0,166.6,150.8,166.15,158.7,10,216,34349.0
2021-12-01,2021-12-01,VISIONCINE,XT,1.3,1.3,1.3,1.3,1.3,7,5000,6500.0
2021-12-01,2021-12-01,INDRANIB,XT,25.45,25.45,23.5,24.55,24.4,156,32459,796783.0
2021-12-01,2021-12-01,EUROLED,XT,13.55,13.55,12.6,13.3,13.26,10,84,1076.0
2021-12-01,2021-12-01,WINSOMBR,XT,11.32,11.9,11.1,11.31,11.66,92,10878,125087.0
2021-12-01,2021-12-01,ELEFLOR,X,3.2,3.2,3.15,3.15,3.05,7,1791,5646.0
2021-12-01,2021-12-01,SKYIND,X,81.9,81.9,81.0,81.0,80.15,14,439,35584.0
2021-12-01,2021-12-01,PHOENXINTL,XT,17.6,18.7,17.6,18.05,18.5,18,1224,21888.0
2021-12-01,2021-12-01,RISHIROOP,X,120.0,122.4,116.05,117.4,120.3,165,23039,2703645.0
2021-12-01,2021-12-01,PROMACT,X,3.65,3.65,3.65,3.65,3.48,2,527,1923.0
2021-12-01,2021-12-01,STRGRENWO,XT,18.0,18.0,17.15,17.15,18.0,4,150,2657.0
2021-12-01,2021-12-01,SYSTMTXC,X,405.0,430.95,397.0,420.0,406.25,40,2690,1103129.0
2021-12-01,2021-12-01,ALPINEHOU,X,19.0,19.0,18.1,18.3,18.45,19,1195,21971.0
2021-12-01,2021-12-01,SANGHIIND,B,58.95,61.0,58.8,60.4,58.1,802,44741,2676635.0
2021-12-01,2021-12-01,WWALUM,XT,10.43,10.43,9.52,10.3,9.94,24,3978,39296.0
2021-12-01,2021-12-01,SGLRES,X,19.85,19.85,19.5,19.8,18.95,220,152187,3018293.0
2021-12-01,2021-12-01,CHOKSILA,XT,20.6,20.6,19.6,20.45,20.5,12,2058,41244.0
2021-12-01,2021-12-01,CCHHL,B,7.12,7.29,7.0,7.29,6.95,106,187160,1358852.0
2021-12-01,2021-12-01,SALGUTI,XT,20.35,20.35,20.35,20.35,21.4,2,53,1078.0
2021-12-01,2021-12-01,LONTE,XT,22.85,22.85,22.85,22.85,21.78,8,1183,27031.0
2021-12-01,2021-12-01,ENTRINT,X,15.65,15.65,15.15,15.15,15.93,17,2548,38825.0
2021-12-01,2021-12-01,TECHIN,T,5.8,5.8,5.57,5.58,5.82,5,707,4055.0
2021-12-01,2021-12-01,TPLPLASTEH,B,175.85,175.85,172.3,172.4,170.0,25,270,46643.0
2021-12-01,2021-12-01,WIMPLAST,X,433.05,452.3,433.05,438.15,433.05,121,2078,911609.0
2021-12-01,2021-12-01,PHOTOQUP,X,14.19,14.24,14.18,14.2,13.99,8,1205,17090.0
2021-12-01,2021-12-01,LIBERTSHOE,B,148.45,156.75,146.75,153.8,147.0,1264,25689,3926154.0
2021-12-01,2021-12-01,LIPPISYS,XT,11.5,11.8,11.5,11.5,11.8,6,614,7076.0
2021-12-01,2021-12-01,ELECTHERM,B,115.0,115.25,114.0,114.1,115.45,54,743,85213.0
2021-12-01,2021-12-01,BLUEDART,A,6613.25,6633.7,6450.0,6474.25,6579.6,466,1033,6734689.0
2021-12-01,2021-12-01,EXPOEAPL,X,5.81,6.14,5.81,6.14,5.99,20,11104,68157.0
2021-12-01,2021-12-01,NATPLAS,X,35.0,35.5,35.0,35.3,35.65,25,2578,91399.0
2021-12-01,2021-12-01,MFLINDIA,X,0.54,0.54,0.54,0.54,0.52,1203,2759403,1490077.0
2021-12-01,2021-12-01,TEXELIN,X,68.0,72.8,66.6,67.15,69.85,67,7754,534912.0
2021-12-01,2021-12-01,RAYALEMA,XT,27.25,28.35,27.25,28.25,27.8,18,3588,99773.0
2021-12-01,2021-12-01,MIRZAINT,B,86.8,99.6,86.4,98.5,85.65,9553,848880,80450709.0
2021-12-01,2021-12-01,TFCILTD,B,57.0,57.45,55.95,57.1,56.6,441,16325,922941.0
2021-12-01,2021-12-01,THAKDEV,X,132.8,132.8,132.8,132.8,126.5,7,208,27622.0
2021-12-01,2021-12-01,ARENTERP,B,28.45,29.45,27.85,29.35,29.15,18,235,6732.0
2021-12-01,2021-12-01,BIL,B,224.7,255.95,224.7,238.25,218.65,589,9730,2360685.0
2021-12-01,2021-12-01,KAMATHOTEL,B,51.55,53.05,49.15,50.85,50.65,165,2913,147202.0
2021-12-01,2021-12-01,UNIVAFOODS,T,4.55,4.55,4.55,4.55,4.34,28,14527,66097.0
2021-12-01,2021-12-01,POLOHOT,Z,6.55,6.74,6.1,6.1,6.42,15,3265,20310.0
2021-12-01,2021-12-01,ECOPLAST,X,67.05,67.8,65.25,66.3,68.4,32,2611,174389.0
2021-12-01,2021-12-01,ELEMARB,X,120.0,120.0,119.7,119.7,125.95,3,20,2398.0
2021-12-01,2021-12-01,ADARSHPL,X,10.47,10.99,10.02,10.44,10.47,94,17806,191795.0
2021-12-01,2021-12-01,HPBL,Z,664.4,689.7,626.5,664.95,657.95,209,1854,1204699.0
2021-12-01,2021-12-01,NICCOPAR,X,59.0,59.0,53.75,58.05,58.05,53,8146,471467.0
2021-12-01,2021-12-01,NTCIND,XT,109.0,116.5,109.0,115.85,111.15,242,7220,816176.0
2021-12-01,2021-12-01,SANDESH,B,725.0,748.1,718.25,742.0,716.3,100,1097,798139.0
2021-12-01,2021-12-01,GARNET,X,23.0,25.5,23.0,24.25,23.1,156,43919,1076391.0
2021-12-01,2021-12-01,GOLDIAM,B,808.0,823.55,800.85,809.35,801.95,1010,7607,6156351.0
2021-12-01,2021-12-01,BRIGHTBR,X,166.35,167.6,162.1,164.0,164.25,102,4532,742194.0
2021-12-01,2021-12-01,CORPOCO,XT,6.1,6.1,5.85,6.0,6.15,33,3819,22612.0
2021-12-01,2021-12-01,SHAWGELTIN,X,174.0,174.0,173.0,174.0,173.0,7,217,37755.0
2021-12-01,2021-12-01,PGFOILQ,XT,394.9,399.85,381.0,391.75,387.5,83,4356,1698287.0
2021-12-01,2021-12-01,GRATEXI,XT,13.85,13.85,13.85,13.85,13.27,5,402,5567.0
2021-12-01,2021-12-01,VELHO,X,4.07,4.22,3.94,4.01,4.07,28,2211,8907.0
2021-12-01,2021-12-01,HOWARHO,X,5.86,5.86,5.86,5.86,5.59,2,500,2930.0
2021-12-01,2021-12-01,VALIANT,XT,64.6,67.8,63.1,67.0,64.75,38,3847,251940.0
2021-12-01,2021-12-01,DRAGARWQ,X,716.5,716.5,700.0,716.5,682.4,103,11080,7921884.0
2021-12-01,2021-12-01,GREENPLY,A,200.0,206.15,199.35,205.25,199.2,1398,33360,6756268.0
2021-12-01,2021-12-01,SEAMECLTD,T,1000.0,1036.95,1000.0,1013.75,1016.4,19,235,237114.0
2021-12-01,2021-12-01,RAGHUNAT,XT,13.65,14.25,13.3,13.92,13.71,128,7949,109204.0
2021-12-01,2021-12-01,CHEVIOT,X,1315.0,1340.0,1251.0,1284.25,1312.15,435,5389,7028637.0
2021-12-01,2021-12-01,DAICHI,X,359.0,359.0,338.55,343.7,338.85,57,1591,546008.0
2021-12-01,2021-12-01,RAJINFRA,X,16.05,16.8,16.05,16.05,16.85,17,665,10814.0
2021-12-01,2021-12-01,SPICEISLIN,XT,7.77,7.77,7.03,7.03,7.4,20,1515,11413.0
2021-12-01,2021-12-01,CONFIPET,B,75.35,75.35,72.45,72.85,73.35,1188,81911,5999924.0
2021-12-01,2021-12-01,ASHSI,X,15.25,15.25,15.25,15.25,16.02,78,8147,124241.0
2021-12-01,2021-12-01,BANARBEADS,B,71.8,74.0,71.8,74.0,70.45,13,666,48859.0
2021-12-01,2021-12-01,BI,X,73.0,75.85,72.0,73.3,73.35,257,17566,1287938.0
2021-12-01,2021-12-01,ISFL,XT,4.35,4.4,4.18,4.35,4.4,109,108792,465412.0
2021-12-01,2021-12-01,RISHILASE,X,15.95,15.95,14.1,14.15,15.02,7,1323,18910.0
2021-12-01,2021-12-01,JAINCO,XT,4.45,4.5,4.18,4.18,4.39,27,3775,15935.0
2021-12-01,2021-12-01,INTECCAP,X,16.5,16.95,15.8,16.0,16.5,5,258,4212.0
2021-12-01,2021-12-01,RAJSEC,XT,9.18,9.18,9.18,9.18,9.66,1,2,18.0
2021-12-01,2021-12-01,63MOONS,B,106.0,110.55,105.45,110.55,105.3,604,38002,4161034.0
2021-12-01,2021-12-01,SARLAPOLY,B,56.05,56.15,54.9,55.5,55.05,348,13020,721501.0
2021-12-01,2021-12-01,MKTCREAT,XT,6.04,6.04,6.04,6.04,5.8,1,15,90.0
2021-12-01,2021-12-01,HFIL,X,16.8,17.2,16.5,16.6,16.8,353,74371,1249127.0
2021-12-01,2021-12-01,SONALAD,XT,9.8,9.8,8.88,9.8,9.34,6,195,1828.0
2021-12-01,2021-12-01,PADMAIND,X,4.86,4.86,4.86,4.86,4.86,2,85,413.0
2021-12-01,2021-12-01,21STCENMGM,B,55.25,55.25,55.25,55.25,56.35,19,2535,140058.0
2021-12-01,2021-12-01,HRYNSHP,X,98.0,99.65,92.0,92.95,98.0,134,6101,571521.0
2021-12-01,2021-12-01,KALIND,XT,31.25,31.25,31.25,31.25,32.85,3,36,1125.0
2021-12-01,2021-12-01,TYROON,X,97.65,98.05,91.1,94.1,93.4,42,1184,111769.0
2021-12-01,2021-12-01,LAOPALA,A,333.95,347.9,329.5,336.6,332.1,920,14920,4996742.0
2021-12-01,2021-12-01,STYLAMIND,B,1006.55,1042.0,983.15,1036.75,1008.45,170,1157,1171147.0
2021-12-01,2021-12-01,VENUSREM,B,445.0,451.25,434.0,440.15,445.0,679,8720,3874983.0
2021-12-01,2021-12-01,LASTMILE,XT,13.82,13.82,13.82,13.82,14.54,11,2373,32794.0
2021-12-01,2021-12-01,GUJCRAFT,X,93.5,93.5,86.25,92.0,90.05,29,1283,116670.0
2021-12-01,2021-12-01,DHOOTIN,X,93.3,96.0,90.15,92.4,93.1,89,1772,165395.0
2021-12-01,2021-12-01,SHBAJRG,X,235.05,243.25,224.25,226.2,235.95,175,10574,2411119.0
2021-12-01,2021-12-01,URJA,B,7.61,8.21,7.61,8.21,7.82,4603,2810895,22582207.0
2021-12-01,2021-12-01,ASHAPURMIN,B,90.2,93.7,90.2,91.45,90.85,556,38287,3497439.0
2021-12-01,2021-12-01,SHREEPAC,XT,25.95,25.95,25.95,25.95,24.73,19,2216,57505.0
2021-12-01,2021-12-01,GUJALKALI,A,606.3,630.45,599.5,602.9,607.8,1843,32514,19978614.0
2021-12-01,2021-12-01,INDIACEM,A,184.45,187.1,181.6,182.35,184.25,2141,124727,22946285.0
2021-12-01,2021-12-01,JKTYRE,A,130.25,134.25,130.25,133.7,128.65,1120,68923,9129876.0
2021-12-01,2021-12-01,MANGCHEFER,B,67.35,68.25,66.6,67.9,65.65,503,10724,723354.0
2021-12-01,2021-12-01,SIL,T,13.6,14.28,13.6,14.1,13.6,13,5963,84473.0
2021-12-01,2021-12-01,JUBLPHARMA,A,585.0,588.75,575.0,586.3,584.75,1253,9344,5437610.0
2021-12-01,2021-12-01,THEINVEST,B,100.05,101.0,97.7,99.5,100.0,39,488,48531.0
2021-12-01,2021-12-01,AADIIND,XT,13.6,13.6,13.6,13.6,14.31,55,3204,43574.0
2021-12-01,2021-12-01,SANTOSHF,XT,9.87,9.87,9.87,9.87,9.4,2,11,108.0
2021-12-01,2021-12-01,ACKNIT,X,119.85,119.85,116.0,116.95,119.15,24,841,100016.0
2021-12-01,2021-12-01,TITANSEC,X,15.3,16.75,15.3,16.6,16.05,226,29526,489355.0
2021-12-01,2021-12-01,REALECO,XT,15.5,15.85,15.2,15.2,15.9,27,1606,25091.0
2021-12-01,2021-12-01,YASHRAJC,X,4.0,4.0,3.7,3.7,3.87,24,10932,41158.0
2021-12-01,2021-12-01,LORDSHOTL,XT,5.77,5.77,5.25,5.25,5.5,4,2100,11905.0
2021-12-01,2021-12-01,CSLFINANCE,X,125.4,130.0,123.0,125.55,126.45,81,2151,269789.0
2021-12-01,2021-12-01,SANGHVIMOV,B,209.0,209.0,199.0,203.95,200.85,285,3792,768811.0
2021-12-01,2021-12-01,ANTELOPUS,B,124.2,125.95,122.4,125.2,124.2,243,3151,391718.0
2021-12-01,2021-12-01,PURETROP,X,87.3,89.5,87.3,88.0,88.85,57,3945,347365.0
2021-12-01,2021-12-01,FAZE3Q,X,277.5,277.5,266.0,270.9,271.05,177,9577,2599701.0
2021-12-01,2021-12-01,ANUPAM,XT,2.29,2.29,2.29,2.29,2.41,291,102691,235162.0
2021-12-01,2021-12-01,RAJPACK,X,25.5,25.9,24.15,25.3,24.7,25,2312,59063.0
2021-12-01,2021-12-01,PRIVISCL,A,1660.0,1669.45,1635.6,1662.55,1642.85,1370,11078,18351495.0
2021-12-01,2021-12-01,NATRAJPR,XT,99.7,101.85,98.1,101.85,97.0,106,12770,1287533.0
2021-12-01,2021-12-01,SAMRATPH,X,234.85,244.0,232.0,238.0,230.65,114,3740,889461.0
2021-12-01,2021-12-01,NILE,X,496.0,507.85,495.0,495.15,496.0,96,2612,1300820.0
2021-12-01,2021-12-01,UDAICEMENT,X,34.35,34.7,33.0,33.2,34.25,2546,343698,11551219.0
2021-12-01,2021-12-01,AMCOIND,X,77.95,77.95,72.0,75.9,75.15,130,8749,648812.0
2021-12-01,2021-12-01,OPTIEMUS,B,360.0,360.0,330.1,334.25,346.5,1143,16589,5628425.0
2021-12-01,2021-12-01,KREONFIN,XT,37.7,37.7,37.7,37.7,35.95,14,1166,43958.0
2021-12-01,2021-12-01,GYANDEV,XT,3.75,4.13,3.75,4.13,3.94,2,101,416.0
2021-12-01,2021-12-01,KISAN,X,14.84,14.84,13.61,14.05,14.25,55,4805,68453.0
2021-12-01,2021-12-01,VIJAYTX,X,38.85,38.85,37.05,37.75,38.15,16,2103,78095.0
2021-12-01,2021-12-01,KERALAYUR,X,67.1,69.45,67.1,67.7,67.2,82,3731,255319.0
2021-12-01,2021-12-01,MONGIPA,XT,13.0,13.0,11.88,11.9,12.5,17,2712,32789.0
2021-12-01,2021-12-01,MOHITPPR,XT,9.69,10.0,9.21,9.26,9.69,15,1248,11633.0
2021-12-01,2021-12-01,DAULAT,X,20.8,20.8,20.1,20.1,19.9,28,2393,49186.0
2021-12-01,2021-12-01,OSCARGLO,XT,7.53,7.53,7.16,7.16,7.53,7,258,1874.0
2021-12-01,2021-12-01,ODYSSEY,X,73.35,73.35,71.65,72.4,71.9,70,9730,707646.0
2021-12-01,2021-12-01,VKGLOBAL,X,4.18,4.19,4.18,4.19,4.39,3,312,1307.0
2021-12-01,2021-12-01,SURATRAML,X,9.42,9.42,9.0,9.04,9.02,2225,354764,3238820.0
2021-12-01,2021-12-01,ATHARVENT,XT,1.74,1.74,1.71,1.71,1.79,65,22580,38706.0
2021-12-01,2021-12-01,FUNDVISER,XT,20.75,20.75,20.0,20.75,19.8,20,2140,44307.0
2021-12-01,2021-12-01,THEMISMED,T,944.0,974.0,901.05,958.4,930.0,55,1341,1264527.0
2021-12-01,2021-12-01,KALLAM,X,16.3,16.3,15.3,15.95,15.95,51,10557,166450.0
2021-12-01,2021-12-01,BRAWN,XT,18.45,18.45,18.45,18.45,19.4,32,1590,29335.0
2021-12-01,2021-12-01,FORINTL,XT,41.05,44.0,41.05,41.75,42.55,21,535,22670.0
2021-12-01,2021-12-01,KINGSINFR,X,35.9,35.95,34.5,35.05,34.65,105,50065,1772891.0
2021-12-01,2021-12-01,SUBSM,XT,25.6,25.6,24.8,25.55,25.65,3,145,3709.0
2021-12-01,2021-12-01,AUROLAB,X,105.5,105.5,99.85,102.9,101.7,79,3964,410354.0
2021-12-01,2021-12-01,KJMCFIN,X,29.5,29.5,29.5,29.5,29.5,3,65,1917.0
2021-12-01,2021-12-01,SUVEN,A,89.1,90.0,88.1,89.2,88.45,821,31571,2807639.0
2021-12-01,2021-12-01,ARYAMAN,X,48.0,50.0,48.0,49.0,47.65,7,171,8491.0
2021-12-01,2021-12-01,BRIDGESE,XT,59.45,59.45,59.45,59.45,62.55,148,3189,189586.0
2021-12-01,2021-12-01,RAJTUBE,X,20.0,20.0,19.8,19.8,20.8,7,760,15198.0
2021-12-01,2021-12-01,KAYPOWR,X,3.4,3.45,3.14,3.37,3.3,33,3650,12365.0
2021-12-01,2021-12-01,INTSTOIL,X,26.6,26.6,24.15,26.05,25.4,75,8085,208738.0
2021-12-01,2021-12-01,GLOBALCA,Z,3.59,3.59,3.43,3.58,3.59,20,3100,10718.0
2021-12-01,2021-12-01,SAINIK,XT,20.0,20.0,19.9,19.9,19.15,4,78,1552.0
2021-12-01,2021-12-01,ARIGATO,XT,23.5,24.4,22.35,24.4,23.5,11,3010,67417.0
2021-12-01,2021-12-01,SPCAPIT,X,20.45,20.9,19.05,20.0,19.55,109,5626,113338.0
2021-12-01,2021-12-01,KOTHARIPRO,B,91.5,92.5,89.05,91.75,91.6,25,421,38453.0
2021-12-01,2021-12-01,PICCADIL,X,24.9,24.9,23.65,24.2,24.45,401,43419,1044674.0
2021-12-01,2021-12-01,CLSEL,B,92.65,94.0,92.65,93.1,93.2,189,7799,727170.0
2021-12-01,2021-12-01,CHANDRAP,X,121.0,125.8,116.0,123.9,120.95,168,6554,811523.0
2021-12-01,2021-12-01,KIMIABL,X,40.0,40.0,38.15,38.95,39.3,20,817,31825.0
2021-12-01,2021-12-01,HINDTIN,X,103.0,103.0,101.0,101.7,101.3,107,5403,548123.0
2021-12-01,2021-12-01,GODAVARI,X,57.5,58.35,54.55,57.15,56.35,63,3016,170280.0
2021-12-01,2021-12-01,PREMCO,X,479.0,497.8,479.0,486.0,479.0,44,1040,509146.0
2021-12-01,2021-12-01,MUKESHB,X,128.95,128.95,122.0,128.0,128.4,11,269,33120.0
2021-12-01,2021-12-01,GENUSPOWER,B,68.1,68.4,66.15,66.75,67.45,788,77671,5223613.0
2021-12-01,2021-12-01,ASIANENE,X,124.65,127.5,122.55,125.45,124.5,317,19429,2435930.0
2021-12-01,2021-12-01,KBSINDIA,X,6.25,6.25,6.25,6.25,6.25,2,150,937.0
2021-12-01,2021-12-01,UGARSUGAR,B,26.1,26.3,25.3,26.1,25.9,154,7519,194319.0
2021-12-01,2021-12-01,ORIENTBELL,B,355.6,362.9,351.85,358.95,355.6,278,10572,3785916.0
2021-12-01,2021-12-01,NRBBEARING,A,159.0,163.0,154.35,155.4,158.7,1742,61160,9642594.0
2021-12-01,2021-12-01,VAMSHIRU,X,22.7,22.7,21.65,21.65,22.75,8,832,18065.0
2021-12-01,2021-12-01,NILAINFRA,T,5.89,5.89,5.55,5.76,5.71,90,60667,345968.0
2021-12-01,2021-12-01,DBSTOCKBRO,B,14.95,14.95,14.95,14.95,15.7,1,193,2885.0
2021-12-01,2021-12-01,VINYOFL,XT,25.55,27.6,25.0,27.5,26.3,20,1087,27696.0
2021-12-01,2021-12-01,JINDCAP,X,22.1,22.1,22.1,22.1,23.25,24,2399,53017.0
2021-12-01,2021-12-01,EPIC,XT,6.3,6.3,6.05,6.05,6.0,12,2686,16538.0
2021-12-01,2021-12-01,SUMEDHA,X,27.4,27.4,25.8,26.3,27.45,120,14457,378582.0
2021-12-01,2021-12-01,CHOKSI,XT,46.7,46.7,42.55,42.95,44.7,112,7286,321715.0
2021-12-01,2021-12-01,ASHISHPO,X,10.55,10.82,10.55,10.82,11.07,14,2273,24586.0
2021-12-01,2021-12-01,ADORFO,X,64.25,64.9,62.0,64.5,62.2,209,23645,1498403.0
2021-12-01,2021-12-01,SHIVAAGRO,X,65.75,67.45,63.0,66.3,64.4,87,5525,364492.0
2021-12-01,2021-12-01,SIDDHA,X,4.52,4.52,4.52,4.52,4.31,47,13966,63126.0
2021-12-01,2021-12-01,SUMERUIND,XT,1.65,1.65,1.55,1.6,1.6,50,3823,6133.0
2021-12-01,2021-12-01,RUNGTAIR,XT,24.0,24.65,24.0,24.65,24.8,5,808,19392.0
2021-12-01,2021-12-01,VALSONQ,X,19.4,19.4,18.8,19.35,19.1,15,384,7421.0
2021-12-01,2021-12-01,SABOOSOD,X,25.7,26.8,24.45,25.55,25.7,365,84000,2129745.0
2021-12-01,2021-12-01,GSLSEC,XT,8.5,8.5,8.49,8.5,8.29,10,1291,10961.0
2021-12-01,2021-12-01,TINNARUBR,X,125.05,133.0,125.05,127.8,126.7,105,19043,2496043.0
2021-12-01,2021-12-01,VIKRAMTH,X,159.6,159.6,154.0,154.8,155.65,58,2646,410247.0
2021-12-01,2021-12-01,AKCAPIT,X,415.0,424.95,412.0,416.6,418.6,13,5159,2141037.0
2021-12-01,2021-12-01,RELAXO,A,1303.8,1303.8,1268.8,1286.3,1293.15,1421,30724,39325258.0
2021-12-01,2021-12-01,VIRAT,X,57.15,61.0,57.15,58.75,61.0,36,2257,131470.0
2021-12-01,2021-12-01,RRETAIL,XT,11.74,12.1,11.74,11.74,12.35,190,43293,508847.0
2021-12-01,2021-12-01,TERAI,X,46.5,52.0,46.5,50.75,50.0,38,2693,136299.0
2021-12-01,2021-12-01,COSCO,X,162.0,162.0,153.5,155.0,159.5,21,422,66750.0
2021-12-01,2021-12-01,SHILPAMED,A,550.55,568.0,550.0,565.65,544.6,1124,114706,64791400.0
2021-12-01,2021-12-01,PARACABLES,B,10.5,10.6,10.05,10.17,10.29,283,21470,222309.0
2021-12-01,2021-12-01,NCLRESE,XT,5.65,5.65,5.65,5.65,5.94,2891,589399,3330104.0
2021-12-01,2021-12-01,EXPLICITFIN,X,3.25,3.33,3.25,3.33,3.18,24,5056,16732.0
2021-12-01,2021-12-01,LADDERUP,X,21.8,23.1,21.2,23.0,21.45,49,9066,205704.0
2021-12-01,2021-12-01,UYFINCORP,X,16.7,16.7,16.0,16.05,16.1,171,45573,738928.0
2021-12-01,2021-12-01,SWASTIKA,X,135.1,135.9,132.5,134.0,135.1,21,1163,156427.0
2021-12-01,2021-12-01,PRIMAPLA,X,105.0,105.0,99.0,101.7,102.25,73,3299,333630.0
2021-12-01,2021-12-01,TELECANOR,XT,7.95,8.5,7.7,8.15,8.1,13,403,3139.0
2021-12-01,2021-12-01,JAGSONSER,XT,4.6,4.83,4.6,4.83,4.6,9,554,2673.0
2021-12-01,2021-12-01,CARNATIN,X,4.59,4.59,4.37,4.37,4.59,6,1050,4654.0
2021-12-01,2021-12-01,STURDY,XT,0.5,0.5,0.5,0.5,0.52,187,516949,258474.0
2021-12-01,2021-12-01,GARGFUR,XT,18.05,18.05,17.15,17.15,18.05,6,389,6745.0
2021-12-01,2021-12-01,SAMPRE,X,25.75,28.3,25.75,28.15,27.0,22,1061,29188.0
2021-12-01,2021-12-01,AAIL,X,42.25,42.45,39.7,41.2,42.05,118,20905,854132.0
2021-12-01,2021-12-01,VIPULORG,X,159.0,161.8,156.1,157.3,157.55,95,4463,705332.0
2021-12-01,2021-12-01,ECORECO,X,84.9,84.9,81.6,84.05,81.7,106,7071,589707.0
2021-12-01,2021-12-01,GOODLUCK,B,272.2,273.3,267.3,273.05,269.7,167,1388,375752.0
2021-12-01,2021-12-01,GOYALASS,XT,2.92,2.98,2.78,2.96,2.92,120,300533,882142.0
2021-12-01,2021-12-01,ZENITHHE,XT,6.7,6.98,6.7,6.86,6.97,436,66525,453927.0
2021-12-01,2021-12-01,ACEENGITEC,XT,6.04,6.35,6.04,6.35,6.35,11,927,5600.0
2021-12-01,2021-12-01,YORKEXP,XT,44.0,44.0,41.8,41.85,44.0,46,1420,59385.0
2021-12-01,2021-12-01,SUPREME,X,11.79,12.63,11.52,12.36,12.03,88,11472,139221.0
2021-12-01,2021-12-01,LYKISLTD,X,33.75,33.8,32.2,32.35,32.75,53,14812,482691.0
2021-12-01,2021-12-01,PRIMEPRO,X,16.7,16.7,14.1,15.7,14.8,18,320,4973.0
2021-12-01,2021-12-01,ZENLABS,X,32.0,34.85,30.0,31.4,32.5,79,14969,466019.0
2021-12-01,2021-12-01,GOWRALE,XT,22.8,22.8,21.7,21.7,22.8,6,1789,38931.0
2021-12-01,2021-12-01,JAGANLAM,X,74.25,74.25,68.0,68.45,71.55,233,18791,1322999.0
2021-12-01,2021-12-01,AJEL,Z,10.15,10.18,9.81,10.18,9.7,64,8185,82883.0
2021-12-01,2021-12-01,ALPSINDUS,T,3.23,3.23,3.07,3.08,3.23,29,28709,88964.0
2021-12-01,2021-12-01,ASITCFIN,X,224.5,236.0,221.65,233.9,232.1,40,6433,1457324.0
2021-12-01,2021-12-01,ENCODE,X,9.92,9.92,9.92,9.92,9.92,4,295,2926.0
2021-12-01,2021-12-01,SUPERBAK,X,8.93,8.93,8.93,8.93,9.4,2,200,1786.0
2021-12-01,2021-12-01,CHALLANI,XT,7.86,8.6,7.86,8.6,8.2,14,2748,23193.0
2021-12-01,2021-12-01,CORNE,XT,4.04,4.04,3.9,3.9,4.04,23,992,3926.0
2021-12-01,2021-12-01,STERTOOLS,B,180.05,184.45,179.1,182.7,181.8,167,1828,332191.0
2021-12-01,2021-12-01,DYNAMICP,XT,6.02,6.02,6.02,6.02,5.74,1,1,6.0
2021-12-01,2021-12-01,INLANPR,XT,23.3,23.3,23.3,23.3,24.5,1,3,69.0
2021-12-01,2021-12-01,CEEJAY,X,87.0,94.0,86.05,94.0,90.0,8,164,15067.0
2021-12-01,2021-12-01,SUNCITYSY,XT,5.25,5.25,5.25,5.25,5.5,1,4,21.0
2021-12-01,2021-12-01,SHGANEL,XT,16.0,16.0,15.2,15.2,16.0,2,32,488.0
2021-12-01,2021-12-01,ANNAINFRA,X,9.39,9.39,9.39,9.39,8.95,1,500,4695.0
2021-12-01,2021-12-01,BHAGERIA,B,247.0,250.35,246.0,247.3,244.45,93,551,136367.0
2021-12-01,2021-12-01,OIVL,X,34.45,34.45,34.45,34.45,32.85,1,50,1722.0
2021-12-01,2021-12-01,BNRUDY,X,22.0,22.0,21.0,21.15,22.05,12,301,6387.0
2021-12-01,2021-12-01,KRBL,A,238.0,245.3,232.7,239.2,241.4,1134,27197,6531763.0
2021-12-01,2021-12-01,REFNOLRESIN,X,31.2,31.2,29.0,29.0,30.2,9,794,23609.0
2021-12-01,2021-12-01,SSPDL,X,15.0,15.45,15.0,15.0,15.1,11,1768,26565.0
2021-12-01,2021-12-01,DAIKAFFI,X,27.1,27.2,26.25,26.95,27.2,23,3218,84915.0
2021-12-01,2021-12-01,CILSEC,X,20.0,20.85,19.45,19.55,21.05,22,933,18634.0
2021-12-01,2021-12-01,CLIOINFO,XT,7.31,7.31,7.31,7.31,6.97,71,17404,127223.0
2021-12-01,2021-12-01,CUPID,B,216.9,216.9,209.0,212.2,209.8,299,6303,1336494.0
2021-12-01,2021-12-01,SUNSHIEL,X,348.5,348.5,343.55,346.9,342.95,64,9454,3276538.0
2021-12-01,2021-12-01,CHEMBOND,B,202.0,205.05,198.85,201.1,200.35,85,877,176695.0
2021-12-01,2021-12-01,CIFL,X,108.2,118.85,108.2,117.55,116.6,14,166,19502.0
2021-12-01,2021-12-01,ABVL,XT,11.01,11.01,11.01,11.01,11.45,2,9,99.0
2021-12-01,2021-12-01,SUCROSA,X,6.85,6.85,6.55,6.75,6.73,93,20894,139941.0
2021-12-01,2021-12-01,AUDROC,XT,1.37,1.37,1.37,1.37,1.44,1957,1158324,1586903.0
2021-12-01,2021-12-01,NGIND,X,64.8,64.8,53.05,53.75,55.15,31,525,29221.0
2021-12-01,2021-12-01,ASIAPAK,X,16.65,16.65,16.65,16.65,17.5,5,510,8491.0
2021-12-01,2021-12-01,JRFOODS,XT,9.79,9.79,9.79,9.79,10.3,29,2530,24768.0
2021-12-01,2021-12-01,REMSONSIND,B,235.4,238.95,235.0,236.55,233.8,63,1119,264599.0
2021-12-01,2021-12-01,RAMSONS,XT,18.0,18.0,18.0,18.0,17.9,1,1,18.0
2021-12-01,2021-12-01,STANPACK,X,3.74,3.74,3.74,3.74,3.57,2,2348,8781.0
2021-12-01,2021-12-01,AQYLON,T,1.93,1.93,1.75,1.9,1.84,29,22206,41932.0
2021-12-01,2021-12-01,RAMINFO,X,65.5,77.85,65.5,77.85,64.9,1168,328559,25150589.0
2021-12-01,2021-12-01,SUNILAGR,XT,133.45,133.45,120.8,127.15,127.15,15,566,69042.0
2021-12-01,2021-12-01,DIANATEA,X,22.9,22.95,21.7,22.8,22.45,77,12740,286078.0
2021-12-01,2021-12-01,VIKASECO,B,2.13,2.19,2.13,2.13,2.24,754,3530960,7568803.0
2021-12-01,2021-12-01,IOC,A,120.0,120.0,116.55,117.7,119.05,7822,733065,86406388.0
2021-12-01,2021-12-01,ALFAICA,XT,50.4,50.4,45.7,45.7,48.1,12,437,20621.0
2021-12-01,2021-12-01,SKCIL,X,48.9,49.0,48.8,48.8,48.5,8,81,3961.0
2021-12-01,2021-12-01,INDIAHOME,X,39.0,39.0,34.6,36.55,36.7,56,9261,335866.0
2021-12-01,2021-12-01,ROOPAIND,X,18.45,18.45,17.15,17.25,18.05,23,1911,33009.0
2021-12-01,2021-12-01,UNIQUEO,X,13.8,13.8,13.8,13.8,13.8,12,3719,51322.0
2021-12-01,2021-12-01,BALAMINES,A,3000.0,3031.3,2934.85,2952.9,2995.1,1023,5934,17635910.0
2021-12-01,2021-12-01,VISAGAR,X,2.94,2.94,2.94,2.94,2.8,150,221228,650410.0
2021-12-01,2021-12-01,COMPEAU,X,181.4,188.0,179.05,179.35,181.4,23,1162,210717.0
2021-12-01,2021-12-01,CONTILI,XT,49.35,49.35,47.0,49.35,47.0,62,3875,190870.0
2021-12-01,2021-12-01,VIJSOLX,XT,2166.0,2177.5,1971.3,2049.85,2075.05,209,853,1787671.0
2021-12-01,2021-12-01,SHRIKRISH,X,12.57,14.3,12.57,14.28,13.37,16,390,5538.0
2021-12-01,2021-12-01,ALANKIT,B,16.55,16.55,15.7,15.8,15.9,348,149236,2380627.0
2021-12-01,2021-12-01,NIHARINF,XT,10.89,11.07,10.11,10.62,10.55,65,24677,262036.0
2021-12-01,2021-12-01,OMINFRAL,B,32.2,32.5,31.5,31.55,31.95,126,5763,183892.0
2021-12-01,2021-12-01,CENTUPLE,XT,2.65,2.73,2.6,2.73,2.6,21,5696,15497.0
2021-12-01,2021-12-01,ISHANCH,X,99.95,103.85,95.0,97.55,96.05,273,25466,2505839.0
2021-12-01,2021-12-01,GOTHIPL,P,24.0,24.0,24.0,24.0,25.1,1,100,2400.0
2021-12-01,2021-12-01,BALUFORGE,X,239.0,239.0,227.05,227.05,239.0,62,3599,831132.0
2021-12-01,2021-12-01,CEENIK,XT,17.0,17.95,17.0,17.95,17.1,2,51,867.0
2021-12-01,2021-12-01,PATELENG,A,21.25,21.7,20.95,21.15,21.25,758,168735,3596590.0
2021-12-01,2021-12-01,INANI,X,19.55,20.7,19.55,20.2,19.95,41,4567,92395.0
2021-12-01,2021-12-01,GEMSI,X,1.83,2.01,1.83,2.01,1.92,359,601619,1190955.0
2021-12-01,2021-12-01,MEDICAMEQ,B,590.0,617.0,584.5,594.1,586.6,143,3728,2209508.0
2021-12-01,2021-12-01,ALICON,B,730.95,769.0,730.95,762.85,739.35,146,706,534207.0
2021-12-01,2021-12-01,DILIGENT,XT,15.0,15.0,13.98,13.98,14.71,28,1978,28853.0
2021-12-01,2021-12-01,EPSOMPRO,X,5.44,5.44,5.44,5.44,5.44,1,2,10.0
2021-12-01,2021-12-01,ALFAVIO,X,92.95,93.3,92.8,92.95,92.7,112,14942,1389885.0
2021-12-01,2021-12-01,CATVISION,XT,9.63,10.29,9.63,9.76,10.13,25,8850,85686.0
2021-12-01,2021-12-01,ABMKNO,X,107.5,107.8,102.3,104.95,103.25,99,6296,656689.0
2021-12-01,2021-12-01,EMAMILTD,A,518.05,530.05,511.2,515.1,528.9,1195,10126,5227005.0
2021-12-01,2021-12-01,KEMISTAR,X,43.55,45.75,39.0,41.05,41.6,66,5144,211938.0
2021-12-01,2021-12-01,SKPSEC,X,62.15,66.2,62.15,66.2,64.45,3,15,964.0
2021-12-01,2021-12-01,PRANAVSPIN,X,31.1,31.1,31.1,31.1,31.1,1,4,124.0
2021-12-01,2021-12-01,SYSCHEM,XT,12.55,13.41,12.55,13.17,12.78,75,50724,648047.0
2021-12-01,2021-12-01,MEFCOMCAP,X,36.6,36.6,36.6,36.6,34.88,7,1004,36746.0
2021-12-01,2021-12-01,HEMANG,X,2.95,2.95,2.95,2.95,2.95,3,543,1601.0
2021-12-01,2021-12-01,ARMANFIN,A,959.1,959.1,930.0,951.35,952.85,332,1103,1036886.0
2021-12-01,2021-12-01,DHANADACO,XT,3.85,3.85,3.66,3.85,3.85,17,3482,12908.0
2021-12-01,2021-12-01,GLANCE,X,52.05,56.7,52.05,56.65,54.3,6,475,26300.0
2021-12-01,2021-12-01,SHILCTECH,X,210.0,212.9,204.15,207.05,209.95,25,1049,217021.0
2021-12-01,2021-12-01,SPRIGHT,P,4.52,4.52,4.51,4.51,4.51,3,2600,11747.0
2021-12-01,2021-12-01,NUCLEUS,A,506.45,510.25,496.3,498.75,502.25,1758,4892,2466078.0
2021-12-01,2021-12-01,COLINZ,XT,20.85,20.85,20.1,20.1,20.2,31,1627,33648.0
2021-12-01,2021-12-01,NLFL,X,30.7,30.7,28.35,30.05,30.1,11,477,14360.0
2021-12-01,2021-12-01,MANAPPURAM,A,164.35,168.75,164.35,166.65,163.55,3921,304489,50757185.0
2021-12-01,2021-12-01,RTSPOWR,X,71.5,71.9,69.55,70.0,70.6,55,5792,406043.0
2021-12-01,2021-12-01,COMFINTE,X,29.8,29.8,28.4,28.45,29.85,210,76963,2206589.0
2021-12-01,2021-12-01,MAYURFL,XT,6.05,6.05,5.77,5.77,5.77,9,2270,13726.0
2021-12-01,2021-12-01,ANJANI,X,28.5,29.0,27.5,28.2,28.75,20,1282,36320.0
2021-12-01,2021-12-01,XTGLOBAL,X,28.9,30.9,28.9,30.9,29.45,105,19491,591176.0
2021-12-01,2021-12-01,DECOMIC,P,23.0,23.0,21.75,21.8,22.85,7,4300,94330.0
2021-12-01,2021-12-01,RANDER,XT,7.39,7.39,7.11,7.11,7.25,10,2401,17603.0
2021-12-01,2021-12-01,RASIELEC,X,8.48,8.79,7.81,8.2,8.21,352,143691,1186045.0
2021-12-01,2021-12-01,SCOOBEEDAY,X,161.0,161.0,149.0,157.8,154.0,20,524,79727.0
2021-12-01,2021-12-01,LINC,B,220.0,221.15,218.75,220.0,218.75,10,287,63198.0
2021-12-01,2021-12-01,PRIMAIN,XT,24.4,24.4,24.3,24.3,24.35,2,1001,24324.0
2021-12-01,2021-12-01,ANERI,XT,4.44,4.44,4.44,4.44,4.67,3,33,146.0
2021-12-01,2021-12-01,INDGELA,X,118.0,120.7,117.5,118.15,117.8,49,2787,331283.0
2021-12-01,2021-12-01,OPTIFIN,X,34.7,34.7,34.7,34.7,33.05,15,623,21618.0
2021-12-01,2021-12-01,PARAGONF,X,17.4,17.4,16.7,16.7,17.4,26,1558,26244.0
2021-12-01,2021-12-01,VELLORA,XT,19.9,19.9,19.9,19.9,20.9,11,2269,45153.0
2021-12-01,2021-12-01,ESHAMEDIA,XT,5.9,5.9,5.61,5.61,5.9,6,136,771.0
2021-12-01,2021-12-01,REFEXRENEW,XT,76.3,76.3,69.1,71.6,72.7,47,1742,127769.0
2021-12-01,2021-12-01,VSTTILLERS,A,2921.65,3009.75,2827.4,2855.0,2885.0,514,1119,3217416.0
2021-12-01,2021-12-01,B2BSOFT,XT,31.5,33.65,31.5,33.65,32.05,133,18974,633630.0
2021-12-01,2021-12-01,RADHEDE,XT,339.0,355.4,338.0,343.0,355.4,1857,89441,30816762.0
2021-12-01,2021-12-01,ELIXIR,X,42.7,42.7,40.6,41.6,41.45,47,871,36114.0
2021-12-01,2021-12-01,TRISHAKT,XT,55.1,55.1,52.35,55.1,55.1,5,128,7047.0
2021-12-01,2021-12-01,PANKAJPO,XT,5.61,5.61,5.33,5.33,5.61,7,163,874.0
2021-12-01,2021-12-01,MARBLE,XT,8.0,8.04,8.0,8.03,7.66,50,14241,114150.0
2021-12-01,2021-12-01,NATPLASTI,X,73.1,74.0,72.6,73.2,74.45,34,4380,320819.0
2021-12-01,2021-12-01,NATFIT,X,54.0,57.4,52.75,55.2,54.0,19,2817,156351.0
2021-12-01,2021-12-01,ARTEFACT,X,71.0,71.0,67.35,68.8,67.3,95,16009,1098575.0
2021-12-01,2021-12-01,AMITINT,X,4.32,4.32,4.12,4.32,4.12,20,8658,37356.0
2021-12-01,2021-12-01,NUTECGLOB,X,9.75,9.75,9.5,9.75,9.75,3,7,67.0
2021-12-01,2021-12-01,DHPIND,X,675.0,675.0,634.0,663.55,655.75,146,1971,1287457.0
2021-12-01,2021-12-01,RRIL,X,12.85,12.85,12.05,12.11,12.56,75,12867,156153.0
2021-12-01,2021-12-01,AVAILFC,X,95.2,95.5,94.0,94.0,98.9,59,7689,724457.0
2021-12-01,2021-12-01,INTCAPL,X,29.45,29.45,29.4,29.4,29.45,2,2,58.0
2021-12-01,2021-12-01,HAVISHA,T,1.4,1.52,1.4,1.52,1.45,36,24567,37023.0
2021-12-01,2021-12-01,JAYIND,X,10.5,10.5,10.44,10.5,10.98,9,688,7206.0
2021-12-01,2021-12-01,ROSELABS,X,22.55,22.55,22.55,22.55,22.55,2,3,67.0
2021-12-01,2021-12-01,CHARMS,X,3.22,3.22,3.22,3.22,3.22,3,100,322.0
2021-12-01,2021-12-01,KRETTOSYS,XT,7.55,7.9,7.18,7.46,7.55,14,744,5378.0
2021-12-01,2021-12-01,VIKALPS,XT,7.72,7.72,7.34,7.34,7.72,10,139,1020.0
2021-12-01,2021-12-01,ZYDUSWELL,A,1961.0,1980.0,1948.0,1958.95,1957.75,161,388,759390.0
2021-12-01,2021-12-01,WINPRO,B,7.56,7.66,7.4,7.42,7.51,73,41513,310535.0
2021-12-01,2021-12-01,BERVINL,XT,37.05,40.65,37.05,37.85,38.75,77,7772,301528.0
2021-12-01,2021-12-01,GUJINV,X,6.0,6.0,6.0,6.0,6.0,5,117,702.0
2021-12-01,2021-12-01,CONCOR,A,622.35,635.25,618.0,631.4,619.9,2060,40803,25655875.0
2021-12-01,2021-12-01,EASTRED,X,43.95,43.95,40.65,42.85,41.15,28,2922,126145.0
2021-12-01,2021-12-01,PANACEABIO,A,233.95,233.95,212.7,215.0,222.85,4438,182308,41338492.0
2021-12-01,2021-12-01,PEETISEC,XT,15.05,16.1,14.6,16.0,15.35,54,6627,99889.0
2021-12-01,2021-12-01,CHOICEIN,X,140.05,149.9,140.05,143.25,145.15,62,9226,1334267.0
2021-12-01,2021-12-01,SRAMSET,XT,107.5,112.85,104.25,112.85,107.5,13,136,14720.0
2021-12-01,2021-12-01,GOLECHA,X,8.56,8.56,8.56,8.56,8.16,6,265,2268.0
2021-12-01,2021-12-01,EKANSH,X,22.75,22.95,22.1,22.4,23.65,29,6957,157853.0
2021-12-01,2021-12-01,BYKE,B,34.45,34.45,32.35,32.55,33.5,100,7096,232116.0
2021-12-01,2021-12-01,CSURGSU,X,62.2,66.5,56.0,57.95,60.95,57,1244,75367.0
2021-12-01,2021-12-01,ARIHANT,T,39.3,43.05,39.3,42.0,41.0,54,5605,237688.0
2021-12-01,2021-12-01,HASTIFIN,X,4.74,4.74,4.56,4.57,4.65,5,787,3679.0
2021-12-01,2021-12-01,UPSURGE,X,81.9,81.95,78.0,81.1,78.05,222,41208,3342544.0
2021-12-01,2021-12-01,POLYCON,XT,11.78,11.78,11.78,11.78,12.4,5,1119,13181.0
2021-12-01,2021-12-01,SOURCENTRL,X,108.0,109.9,107.1,109.9,105.0,34,1323,143985.0
2021-12-01,2021-12-01,GGAUTO,XT,14.44,14.44,14.44,14.44,13.76,12,2315,33428.0
2021-12-01,2021-12-01,ALMONDZ,B,112.2,114.2,108.3,114.0,114.0,98,2901,325161.0
2021-12-01,2021-12-01,LWSKNIT,XT,19.5,21.05,19.5,20.95,20.5,16,2524,49268.0
2021-12-01,2021-12-01,RADIXIND,XT,65.1,67.6,64.8,65.05,64.4,11,81,5279.0
2021-12-01,2021-12-01,KIRANPR,XT,7.82,7.82,7.6,7.82,7.45,35,3594,27880.0
2021-12-01,2021-12-01,NARPROP,X,18.05,18.85,16.4,17.5,18.05,9,605,11000.0
2021-12-01,2021-12-01,MEGACOR,X,1.58,1.58,1.48,1.52,1.54,284,162023,245783.0
2021-12-01,2021-12-01,TNPL,A,125.25,127.9,124.45,125.55,124.5,442,8367,1054636.0
2021-12-01,2021-12-01,SHAKTIPUMP,B,625.0,638.05,616.0,618.95,625.3,1049,8209,5121910.0
2021-12-01,2021-12-01,SYTIXSE,XT,7.05,7.1,6.55,6.55,6.89,15,10663,70123.0
2021-12-01,2021-12-01,SUNGOLD,X,1.44,1.44,1.44,1.44,1.51,23,2680,3859.0
2021-12-01,2021-12-01,PWASML,XT,55.15,56.75,55.05,56.0,57.9,27,3378,188122.0
2021-12-01,2021-12-01,GOLDTECH,T,83.85,83.85,83.85,83.85,79.9,13,2668,223711.0
2021-12-01,2021-12-01,VARDHMAN,XT,8.1,8.58,8.1,8.1,8.49,5,837,6795.0
2021-12-01,2021-12-01,GRMOVER,X,415.85,415.85,404.9,415.85,396.05,524,49091,20238376.0
2021-12-01,2021-12-01,MOHITIND,B,11.37,11.37,11.08,11.25,11.37,6,535,5964.0
2021-12-01,2021-12-01,POLYLINK,X,15.4,16.35,15.4,16.35,15.6,40,5342,84347.0
2021-12-01,2021-12-01,MINAXI,XT,1.5,1.5,1.41,1.42,1.48,415,177396,255798.0
2021-12-01,2021-12-01,NOUVEAU,X,11.99,11.99,11.99,11.99,12.0,2,201,2409.0
2021-12-01,2021-12-01,DUKEOFS,X,11.05,11.19,10.61,11.0,10.93,6,135,1453.0
2021-12-01,2021-12-01,CYBELEIND,X,7.6,8.0,7.6,8.0,8.0,2,108,824.0
2021-12-01,2021-12-01,CGVAK,X,216.0,230.0,204.6,220.7,211.15,629,36650,8013459.0
2021-12-01,2021-12-01,NAVKARURB,XT,41.85,41.85,39.05,40.0,41.0,57,4800,194563.0
2021-12-01,2021-12-01,MADHUCON,B,7.46,7.46,7.33,7.46,7.11,97,107108,798358.0
2021-12-01,2021-12-01,SYBLY,XT,5.16,5.16,4.8,5.12,5.03,32,16496,82569.0
2021-12-01,2021-12-01,RAJESHEXPO,A,771.0,799.8,745.05,761.15,766.95,3747,68859,53448291.0
2021-12-01,2021-12-01,ESARIND,X,3.39,3.39,3.33,3.33,3.39,19,1376,4596.0
2021-12-01,2021-12-01,MARIS,X,74.85,74.85,71.3,72.4,71.65,31,2321,168212.0
2021-12-01,2021-12-01,EVEREADY,A,314.0,328.8,310.3,325.55,312.7,1323,34019,10766719.0
2021-12-01,2021-12-01,ORIENTTR,XT,10.47,10.47,10.47,10.47,9.98,100,38142,399346.0
2021-12-01,2021-12-01,VIKASPROP,B,1.57,1.58,1.52,1.55,1.57,10866,904806,1413159.0
2021-12-01,2021-12-01,ACESOFT,X,17.5,17.5,16.05,17.5,16.7,12,1196,20785.0
2021-12-01,2021-12-01,HATSUN,A,1329.3,1339.95,1304.0,1321.8,1329.3,514,2971,3920136.0
2021-12-01,2021-12-01,ACCEDERE,XT,11.88,12.5,11.88,12.4,12.5,8,160,1922.0
2021-12-01,2021-12-01,RISHDIGA,X,23.25,25.65,23.25,25.0,24.45,5,589,13768.0
2021-12-01,2021-12-01,MAINFRA,X,39.1,40.9,38.05,39.3,39.0,62,7287,288392.0
2021-12-01,2021-12-01,KOBO,Z,4.94,5.18,4.94,5.18,4.94,15,3655,18885.0
2021-12-01,2021-12-01,JINDWORLD,B,185.15,193.05,185.15,188.25,185.15,849,27569,5240555.0
2021-12-01,2021-12-01,SOMANYCERA,A,843.9,846.0,814.5,837.3,829.0,539,2709,2246344.0
2021-12-01,2021-12-01,JHACC,X,4.2,4.2,4.2,4.2,4.1,7,31,130.0
2021-12-01,2021-12-01,RAGHUTOB,X,7.75,7.75,7.3,7.75,7.75,15,1990,15379.0
2021-12-01,2021-12-01,CORALFINAC,B,34.8,41.0,34.8,38.2,35.45,239,18427,722303.0
2021-12-01,2021-12-01,SANJIVIN,X,27.5,27.65,25.5,25.85,26.75,59,10810,285857.0
2021-12-01,2021-12-01,VASINFRA,XT,3.87,3.87,3.87,3.87,4.07,1,5,19.0
2021-12-01,2021-12-01,KMFBLDR,X,3.28,3.28,3.0,3.14,3.14,9,1552,4665.0
2021-12-01,2021-12-01,BERYLSE,XT,7.42,7.42,7.39,7.39,7.44,2,35,259.0
2021-12-01,2021-12-01,RAP,X,16.2,16.2,15.4,15.4,16.2,3,60,944.0
2021-12-01,2021-12-01,DEVINE,XT,4.32,4.53,4.15,4.53,4.32,13,1455,6286.0
2021-12-01,2021-12-01,BAMPSL,XT,3.6,3.6,3.38,3.54,3.53,37,14460,49363.0
2021-12-01,2021-12-01,GENPHARMA,X,6.7,6.79,6.25,6.46,6.62,609,171210,1103586.0
2021-12-01,2021-12-01,INCON,XT,39.15,39.15,35.45,39.15,37.3,198,23330,886356.0
2021-12-01,2021-12-01,CGCL,A,503.35,529.3,496.4,526.1,501.0,539,13481,6826697.0
2021-12-01,2021-12-01,FDC,A,283.0,288.9,283.0,284.4,285.0,262,2607,746969.0
2021-12-01,2021-12-01,GORANIN,X,20.55,20.55,20.55,20.55,21.6,3,400,8220.0
2021-12-01,2021-12-01,KGPETRO,X,296.0,319.7,296.0,318.0,305.0,10,183,55860.0
2021-12-01,2021-12-01,STARCOM,XT,159.0,159.0,159.0,159.0,167.35,7,64,10176.0
2021-12-01,2021-12-01,CENTERAC,XT,2.42,2.42,2.42,2.42,2.42,1,201,486.0
2021-12-01,2021-12-01,COUNCODOS,B,3.14,3.25,3.14,3.25,3.1,34,50841,164940.0
2021-12-01,2021-12-01,OROSMITHS,X,5.01,5.01,4.6,4.89,4.78,23,14540,71681.0
2021-12-01,2021-12-01,LINCOLN,A,313.0,331.65,310.0,324.15,323.1,2945,45234,14776166.0
2021-12-01,2021-12-01,SILVOAK,X,43.0,43.45,40.1,40.1,41.8,10,135,5830.0
2021-12-01,2021-12-01,PRAVEG,X,140.95,142.0,134.5,138.85,138.2,359,30809,4283144.0
2021-12-01,2021-12-01,SURAJLTD,X,50.85,51.7,48.5,50.45,47.05,41,2891,143877.0
2021-12-01,2021-12-01,MARICO,A,540.0,540.0,523.5,525.2,539.25,5398,61801,32656662.0
2021-12-01,2021-12-01,MAHAVIRIND,XT,0.95,1.0,0.94,0.97,0.98,234,408042,386751.0
2021-12-01,2021-12-01,UVS,XT,19.4,19.95,18.65,19.95,19.0,62,11838,233760.0
2021-12-01,2021-12-01,HITTCO,XT,7.78,8.58,7.78,8.14,8.18,42,7985,66534.0
2021-12-01,2021-12-01,RRMETAL,X,36.75,42.7,36.75,41.0,40.15,15,725,27907.0
2021-12-01,2021-12-01,VISIONCO,X,2.82,2.82,2.82,2.82,2.96,19,3796,10704.0
2021-12-01,2021-12-01,EMROCK,X,8.5,8.5,8.5,8.5,8.5,1,200,1700.0
2021-12-01,2021-12-01,MAYUR,XT,7.1,7.29,7.01,7.11,6.95,15,2949,20943.0
2021-12-01,2021-12-01,AMERISE,X,1.6,1.6,1.46,1.5,1.53,41,6365,9543.0
2021-12-01,2021-12-01,PRITHVIEXCH,X,25.0,25.9,25.0,25.9,25.0,5,1032,25801.0
2021-12-01,2021-12-01,RAINBOWF,X,14.45,15.35,14.45,15.35,14.35,8,127,1944.0
2021-12-01,2021-12-01,TRICOMFRU,XT,2.4,2.4,2.35,2.35,2.4,5,78,186.0
2021-12-01,2021-12-01,VIDHIING,B,316.0,333.0,316.0,329.2,324.75,548,5252,1728549.0
2021-12-01,2021-12-01,BHAGCHEM,B,838.25,840.2,800.0,805.1,828.65,52,170,138486.0
2021-12-01,2021-12-01,PANCHSHEEL,X,255.0,257.6,233.1,233.8,245.35,1753,185464,44304396.0
2021-12-01,2021-12-01,MENNPIS,X,41.0,41.4,40.05,40.85,40.95,394,47013,1918660.0
2021-12-01,2021-12-01,GREENCREST,X,5.1,5.1,4.9,4.95,5.0,215,16259,81450.0
2021-12-01,2021-12-01,GENNEX,X,7.0,7.12,6.85,6.94,6.96,919,353964,2470168.0
2021-12-01,2021-12-01,GINISILK,X,47.6,49.0,45.05,47.95,47.3,26,907,41989.0
2021-12-01,2021-12-01,PRAENG,B,16.7,16.95,16.45,16.6,16.35,41,2521,42159.0
2021-12-01,2021-12-01,GKCONS,X,3.01,3.01,2.86,2.86,3.01,15,460,1362.0
2021-12-01,2021-12-01,APOLLOPIPE,A,1764.0,1766.0,1730.0,1747.0,1744.55,797,3440,6017236.0
2021-12-01,2021-12-01,UNJHAFOR,X,10.5,10.5,9.71,10.19,9.8,13,2671,26998.0
2021-12-01,2021-12-01,POLYMED,A,1048.0,1055.35,1016.2,1046.0,1036.1,773,3299,3415379.0
2021-12-01,2021-12-01,KACHCHH,X,24.6,24.6,24.6,24.6,23.47,17,6652,163639.0
2021-12-01,2021-12-01,KACL,X,1.11,1.11,1.11,1.11,1.06,1,45,49.0
2021-12-01,2021-12-01,KCLINFRA,XT,2.89,2.89,2.89,2.89,3.04,1,100,289.0
2021-12-01,2021-12-01,ATULAUTO,B,211.0,215.75,209.1,211.4,209.45,555,8804,1860401.0
2021-12-01,2021-12-01,PRERINFRA,X,24.05,24.15,23.9,24.15,23.0,15,3189,76718.0
2021-12-01,2021-12-01,METALCO,X,30.7,30.7,29.85,30.05,30.65,9,1830,55596.0
2021-12-01,2021-12-01,TIRSARJ,X,7.0,7.65,7.0,7.4,7.3,67,18758,138075.0
2021-12-01,2021-12-01,NUWAY,XT,9.26,9.26,9.26,9.26,9.2,1,15,138.0
2021-12-01,2021-12-01,RODIUM,X,64.0,64.0,52.1,56.1,59.95,18,697,40385.0
2021-12-01,2021-12-01,NAGTECH,XT,4.75,4.75,4.75,4.75,4.75,12,1079,5125.0
2021-12-01,2021-12-01,NATHUEC,X,3.41,3.41,3.41,3.41,3.25,1,1,3.0
2021-12-01,2021-12-01,INDUSFINL,XT,10.33,10.33,10.33,10.33,9.84,1,1,10.0
2021-12-01,2021-12-01,LAHOTIOV,X,24.0,25.0,24.0,24.9,24.3,54,16883,417404.0
2021-12-01,2021-12-01,TRINITYLEA,XT,9.92,9.92,9.92,9.92,9.45,5,73,724.0
2021-12-01,2021-12-01,ASTAR,B,888.6,899.0,869.0,869.65,858.0,13,50,44277.0
2021-12-01,2021-12-01,ORIRAIL,X,110.0,110.0,105.75,107.85,108.2,112,24387,2643280.0
2021-12-01,2021-12-01,JOINDRE,X,25.0,25.0,23.0,23.5,24.15,32,813,19361.0
2021-12-01,2021-12-01,BHARATAGRI,XT,290.0,292.4,286.0,290.9,291.0,76,4942,1430811.0
2021-12-01,2021-12-01,UNITINT,X,7.99,7.99,7.46,7.64,7.85,65,9739,75431.0
2021-12-01,2021-12-01,SACHEMT,X,16.75,16.9,16.3,16.6,16.3,68,13829,227891.0
2021-12-01,2021-12-01,ANJANIFIN,X,4.81,4.84,4.53,4.84,4.81,15,1270,5906.0
2021-12-01,2021-12-01,PIONEERDIS,B,180.0,181.3,178.0,181.3,181.45,14,197,35243.0
2021-12-01,2021-12-01,GMETCOAL,Z,19.85,19.85,19.85,19.85,20.85,4,94,1865.0
2021-12-01,2021-12-01,TACENT,X,7.05,7.05,7.05,7.05,7.05,1,2,14.0
2021-12-01,2021-12-01,REXNORD,X,51.9,52.0,50.55,51.0,51.4,37,2083,107696.0
2021-12-01,2021-12-01,KHANDSE,B,16.8,16.8,15.3,16.0,15.8,18,1921,30890.0
2021-12-01,2021-12-01,SAWACA,X,7.32,7.32,7.32,7.32,6.98,106,23048,168711.0
2021-12-01,2021-12-01,CCLINTER,X,15.85,16.45,15.1,15.6,15.85,26,5387,86014.0
2021-12-01,2021-12-01,CROISSANCE,XT,9.21,9.67,9.21,9.65,9.22,7,10011,93587.0
2021-12-01,2021-12-01,CASTORA,XT,8.38,8.38,8.38,8.38,8.82,9,127,1064.0
2021-12-01,2021-12-01,AGARIND,B,370.0,427.75,362.2,427.75,388.9,1577,36462,15250235.0
2021-12-01,2021-12-01,DHAMPURE,X,33.9,34.5,31.85,32.3,33.3,18,276,9144.0
2021-12-01,2021-12-01,SHAQUAK,XT,2.59,2.85,2.59,2.59,2.72,106,56438,151602.0
2021-12-01,2021-12-01,INNOCORP,X,4.41,4.86,4.41,4.68,4.64,204,46420,210527.0
2021-12-01,2021-12-01,SARTHAKIND,XT,100.0,104.5,95.0,102.0,100.0,13,217,21968.0
2021-12-01,2021-12-01,VERTEX,X,2.49,2.59,2.41,2.59,2.47,105,65051,168344.0
2021-12-01,2021-12-01,RIBATEX,X,45.5,45.5,42.35,44.3,43.6,141,6981,308126.0
2021-12-01,2021-12-01,SHREMETAL,XT,25.45,26.75,25.45,25.45,26.75,3,49,1248.0
2021-12-01,2021-12-01,CHLOGIST,XT,11.17,11.17,11.17,11.17,11.75,606,116550,1301863.0
2021-12-01,2021-12-01,AMBIKCO,B,1872.45,1919.95,1843.5,1862.7,1870.5,468,2740,5135390.0
2021-12-01,2021-12-01,HINDALUMI,X,37.3,37.3,35.15,36.5,35.4,20,1190,43551.0
2021-12-01,2021-12-01,SENINFO,XT,4.49,4.49,4.49,4.49,4.28,1,7,31.0
2021-12-01,2021-12-01,SPECFOOD,XT,20.0,20.0,20.0,20.0,19.5,2,1000,20000.0
2021-12-01,2021-12-01,AMRAAGRI,XT,0.67,0.67,0.67,0.67,0.64,235,590979,395955.0
2021-12-01,2021-12-01,AUTOPINS,XT,139.05,139.05,139.05,139.05,139.05,7,955,132792.0
2021-12-01,2021-12-01,ODYCORP,X,7.48,7.48,7.48,7.48,7.87,58,6989,52277.0
2021-12-01,2021-12-01,SAMINDUS,X,22.75,23.95,22.75,23.95,23.85,20,528,12327.0
2021-12-01,2021-12-01,SHVFL,XT,7.25,7.27,7.0,7.27,6.93,5,40826,296786.0
2021-12-01,2021-12-01,POOJAENT,XT,154.05,160.7,149.3,153.15,157.15,95,1579,239394.0
2021-12-01,2021-12-01,GRAVITY,X,5.97,5.97,5.97,5.97,6.28,52,9995,59670.0
2021-12-01,2021-12-01,LCCINFOTEC,B,2.53,2.56,2.49,2.56,2.44,222,326075,827242.0
2021-12-01,2021-12-01,FILATFASH,X,4.05,4.22,4.05,4.15,4.02,214,491310,2056245.0
2021-12-01,2021-12-01,SINDHUTRAD,XT,575.0,609.0,566.95,576.1,596.75,233,22975,13100747.0
2021-12-01,2021-12-01,JAINSTUDIOS,Z,2.87,2.87,2.7,2.7,2.75,8,167,464.0
2021-12-01,2021-12-01,UNISTRMU,XT,12.83,14.15,12.83,14.14,13.5,20,18373,250003.0
2021-12-01,2021-12-01,ZENOTECH,X,44.45,44.9,40.0,44.2,43.55,103,21633,948874.0
2021-12-01,2021-12-01,HINDBIO,XT,4.17,4.17,4.09,4.17,4.19,29,8517,35499.0
2021-12-01,2021-12-01,FRONTCORP,X,18.0,18.0,17.1,17.1,17.95,3,41,702.0
2021-12-01,2021-12-01,SWELECTES,B,227.8,230.7,224.8,230.35,225.55,101,854,195430.0
2021-12-01,2021-12-01,WALLFORT,X,48.0,49.8,46.85,48.75,48.15,16,1774,86657.0
2021-12-01,2021-12-01,KDDL,B,678.65,807.05,673.75,807.05,672.55,1193,13826,10763222.0
2021-12-01,2021-12-01,TRUSTEDGE,XT,24.9,26.1,23.7,25.9,24.9,92,5350,135440.0
2021-12-01,2021-12-01,ABHICAP,XT,62.05,62.05,57.8,62.05,60.8,10,169,10448.0
2021-12-01,2021-12-01,3BBLACKBIO,X,428.95,439.9,410.05,430.5,422.05,417,10286,4397538.0
2021-12-01,2021-12-01,GUJJUBHAI,X,17.9,17.95,17.1,17.2,17.85,28,61131,1058443.0
2021-12-01,2021-12-01,ATVOENT,X,1.77,1.77,1.77,1.77,1.69,256,154343,273187.0
2021-12-01,2021-12-01,EPUJA,XT,2.65,2.65,2.64,2.65,2.53,39,67346,178408.0
2021-12-01,2021-12-01,INDOCITY,XT,5.32,5.32,5.32,5.32,5.59,36,5213,27733.0
2021-12-01,2021-12-01,SBECSUG,X,19.85,20.25,19.25,19.6,20.25,39,2802,54971.0
2021-12-01,2021-12-01,BRIJLEAS,X,2.03,2.03,1.93,1.93,2.03,19,5484,10625.0
2021-12-01,2021-12-01,BSELALGO,X,1.99,2.08,1.99,2.07,1.99,387,186586,385059.0
2021-12-01,2021-12-01,RELIABVEN,XT,11.07,11.07,11.07,11.07,11.06,1,100,1107.0
2021-12-01,2021-12-01,BANKBARODA,A,86.15,88.25,85.7,87.65,85.75,7487,2547158,220798244.0
2021-12-01,2021-12-01,MOHITE,X,17.8,18.9,17.75,17.75,18.65,18,2034,36211.0
2021-12-01,2021-12-01,ACL,B,16.2,16.2,15.6,15.95,15.95,259,29747,470975.0
2021-12-01,2021-12-01,SKMEGGPROD,B,67.4,68.55,66.65,67.0,67.95,285,7833,526689.0
2021-12-01,2021-12-01,WELCORP,A,166.5,169.0,156.15,166.2,165.5,6053,495361,80713271.0
2021-12-01,2021-12-01,HOTLSILV,X,7.29,7.29,6.52,6.6,6.21,25,9701,68513.0
2021-12-01,2021-12-01,BANKINDIA,A,55.3,55.3,53.6,54.1,54.3,3258,615528,33353879.0
2021-12-01,2021-12-01,INDRAMEDCO,B,76.55,79.3,75.35,78.15,76.9,696,29636,2303700.0
2021-12-01,2021-12-01,JOHNPHARMA,X,5.34,5.34,5.06,5.27,5.09,232,75540,402477.0
2021-12-01,2021-12-01,GAIL,A,131.85,133.25,127.8,130.6,130.3,8398,602910,78330881.0
2021-12-01,2021-12-01,VAIBHAVGBL,A,488.1,528.0,488.1,506.1,490.8,2806,33534,17200961.0
2021-12-01,2021-12-01,TRESCON,X,28.0,28.0,26.0,26.15,28.0,88,9598,256697.0
2021-12-01,2021-12-01,GUJSTATFIN,T,6.99,7.61,6.92,7.22,7.28,206,14067,102453.0
2021-12-01,2021-12-01,JKPAPER,A,208.1,218.8,208.1,212.9,208.1,2063,79392,16929157.0
2021-12-01,2021-12-01,SAREGAMA,T,4251.0,4294.95,4125.0,4276.95,4224.0,105,695,2934163.0
2021-12-01,2021-12-01,MINOLTAF,Z,2.49,2.49,2.27,2.46,2.38,17,5508,13524.0
2021-12-01,2021-12-01,ADROITINFO,B,11.12,11.22,10.57,10.57,11.12,29,2919,32016.0
2021-12-01,2021-12-01,CYBERTECH,B,145.0,151.0,141.75,149.9,142.5,608,12347,1805015.0
2021-12-01,2021-12-01,ICICIBANK,A,715.6,732.7,715.6,728.25,714.3,7352,270917,196625426.0
2021-12-01,2021-12-01,CYIENT,A,1050.95,1050.95,996.7,1001.7,1011.85,1016,15841,15956306.0
2021-12-01,2021-12-01,ENGINERSIN,A,71.9,72.05,70.75,71.1,71.5,842,120568,8587690.0
2021-12-01,2021-12-01,DHANBANK,B,14.2,14.3,13.9,14.2,14.1,312,50836,716950.0
2021-12-01,2021-12-01,GMDCLTD,A,64.3,66.7,64.3,65.75,64.85,757,39451,2599078.0
2021-12-01,2021-12-01,GAYATRI,XT,3.29,3.29,3.29,3.29,3.46,71,19256,63352.0
2021-12-01,2021-12-01,INDUSINDBK,A,890.0,939.0,889.9,934.25,883.6,21696,1226369,1137228397.0
2021-12-01,2021-12-01,ITDC,A,384.1,393.35,384.1,389.8,391.2,574,7695,2987822.0
2021-12-01,2021-12-01,J&KBANK,A,36.85,37.45,36.35,36.95,36.8,1941,426548,15678258.0
2021-12-01,2021-12-01,CUB,A,144.6,146.9,144.5,145.9,144.6,1862,24888,3624087.0
2021-12-01,2021-12-01,ARCHIES,B,16.7,16.9,16.05,16.2,16.8,59,10735,174322.0
2021-12-01,2021-12-01,AXISBANK,A,663.0,681.4,660.7,679.8,657.05,17318,863545,582463434.0
2021-12-01,2021-12-01,HBSL,B,39.75,39.8,35.65,36.6,37.7,56,3280,120785.0
2021-12-01,2021-12-01,CMXLTD,XT,17.1,17.1,16.0,16.75,16.8,29,5204,86078.0
2021-12-01,2021-12-01,SOUTHBANK,A,8.7,8.96,8.7,8.9,8.72,18545,1357426,11990132.0
2021-12-01,2021-12-01,ENERGYDEV,B,16.15,16.45,16.15,16.15,16.97,87,28219,456461.0
2021-12-01,2021-12-01,SONATSOFTW,A,907.0,907.0,836.1,840.6,908.95,2493,38192,32954562.0
2021-12-01,2021-12-01,BENGALT,X,59.0,60.0,58.55,59.3,59.4,13,556,32894.0
2021-12-01,2021-12-01,NATIONALUM,A,88.5,90.25,87.05,89.9,88.4,9042,1872501,166379843.0
2021-12-01,2021-12-01,INDNIPPON,B,378.35,379.8,370.8,375.8,373.3,332,2144,803215.0
2021-12-01,2021-12-01,NSIL,B,1550.05,1612.55,1531.55,1568.65,1599.95,23,486,751332.0
2021-12-01,2021-12-01,APARINDS,A,678.0,689.85,668.05,668.9,675.05,353,1697,1151348.0
2021-12-01,2021-12-01,ACCELYA,A,1075.15,1075.75,1044.4,1056.6,1065.1,425,2637,2805550.0
2021-12-01,2021-12-01,ORCHASP,X,3.55,3.67,3.49,3.49,3.67,301,265501,927817.0
2021-12-01,2021-12-01,HCLTECH,A,1150.0,1162.8,1140.95,1155.35,1139.3,7293,128115,148230421.0
2021-12-01,2021-12-01,TCFCFINQ,X,39.15,40.0,39.0,39.25,39.5,32,2333,92226.0
2021-12-01,2021-12-01,GEOJITFSL,B,71.8,75.0,71.8,74.35,71.25,426,14118,1046058.0
2021-12-01,2021-12-01,JINDALSTEL,A,347.0,351.5,344.5,347.2,344.7,5584,327330,113755582.0
2021-12-01,2021-12-01,BLBLIMITED,B,11.2,11.49,11.05,11.19,11.06,30,3106,34787.0
2021-12-01,2021-12-01,GLENMARK,A,515.0,526.4,499.0,501.55,523.2,2681,75179,38408120.0
2021-12-01,2021-12-01,WOCKPHARMA,A,438.0,441.05,431.5,433.8,435.5,1255,25179,10971684.0
2021-12-01,2021-12-01,TATACOFFEE,A,205.0,209.0,203.3,204.6,202.75,1624,72445,14845503.0
2021-12-01,2021-12-01,KJMCCORP,XT,26.65,26.65,26.65,26.65,25.4,5,215,5729.0
2021-12-01,2021-12-01,INDSWFTLAB,B,75.35,76.15,73.35,74.9,74.85,599,25335,1893854.0
2021-12-01,2021-12-01,MELSTAR,Z,5.28,5.49,5.28,5.35,5.55,13,1062,5723.0
2021-12-01,2021-12-01,GVPIL,A,234.8,236.35,230.9,235.45,231.85,537,7702,1796822.0
2021-12-01,2021-12-01,SHREERAMA,B,12.08,12.42,11.8,11.93,12.1,77,11097,133586.0
2021-12-01,2021-12-01,MAHLIFE,A,253.4,254.35,246.05,248.65,254.15,329,2302,573730.0
2021-12-01,2021-12-01,VAARAD,XT,16.5,17.35,15.85,16.8,16.6,34,4063,68181.0
2021-12-01,2021-12-01,ZYDUSLIFE,A,465.3,467.55,453.0,454.4,465.3,4495,154830,71000070.0
2021-12-01,2021-12-01,SHIVACEM,X,36.45,36.85,35.9,36.25,35.85,459,147141,5366462.0
2021-12-01,2021-12-01,CINEVISTA,B,20.2,21.0,20.05,20.05,21.06,61,10580,213494.0
2021-12-01,2021-12-01,INTENTECH,B,62.25,63.5,62.2,63.0,61.4,78,839,52746.0
2021-12-01,2021-12-01,DANLAW,X,221.15,232.6,216.5,222.05,223.35,48,1382,307068.0
2021-12-01,2021-12-01,AJANTPHARM,A,2088.5,2096.9,2053.15,2078.25,2073.2,353,1257,2603298.0
2021-12-01,2021-12-01,HBPOR,X,28.05,28.9,26.9,28.0,28.0,17,732,20489.0
2021-12-01,2021-12-01,HBESD,XT,14.45,14.45,13.5,13.57,14.16,14,413,5667.0
2021-12-01,2021-12-01,AMBICAAGAR,B,17.2,17.75,16.55,16.6,17.05,23,2198,37279.0
2021-12-01,2021-12-01,COMPUSOFT,B,17.2,17.6,16.7,17.6,16.8,429,75737,1325843.0
2021-12-01,2021-12-01,OMNIAX,X,2.0,2.0,1.82,1.82,1.91,183,195495,370508.0
2021-12-01,2021-12-01,IZMO,B,72.45,73.5,70.3,71.3,70.85,173,4719,336568.0
2021-12-01,2021-12-01,TVSMOTOR,A,688.0,697.35,675.6,678.45,687.6,2957,67073,46065998.0
2021-12-01,2021-12-01,MADALA,X,133.0,139.0,129.0,131.25,132.6,97,1489,200226.0
2021-12-01,2021-12-01,ACLGATI,A,149.3,156.4,148.25,154.5,147.75,2210,93268,14148518.0
2021-12-01,2021-12-01,SUBEXLTD,B,51.5,51.75,49.2,49.65,50.35,2521,596937,29944588.0
2021-12-01,2021-12-01,TCI,A,688.0,708.4,681.1,687.2,688.0,491,6277,4322755.0
2021-12-01,2021-12-01,PADMALAYAT,Z,2.3,2.4,2.24,2.4,2.35,20,10658,25419.0
2021-12-01,2021-12-01,AKSHOPTFBR,B,8.46,8.84,8.46,8.76,8.6,179,34706,302181.0
2021-12-01,2021-12-01,TRIVENI,A,205.65,209.4,201.8,203.85,204.65,1322,49353,10126873.0
2021-12-01,2021-12-01,MUKTAARTS,B,57.8,59.3,57.7,59.3,53.95,139,19192,1135233.0
2021-12-01,2021-12-01,NAGPI,X,52.85,55.15,52.85,55.0,52.85,5,82,4509.0
2021-12-01,2021-12-01,DSSL,B,138.9,144.15,137.9,142.5,137.15,182,5023,705678.0
2021-12-01,2021-12-01,PNBGILTS,B,65.0,65.0,63.95,64.35,63.95,284,9706,622948.0
2021-12-01,2021-12-01,BCG,T,136.5,144.0,130.35,131.05,137.2,5732,905390,122745354.0
2021-12-01,2021-12-01,RAMCOIND,A,248.4,249.55,240.6,242.8,245.95,515,4570,1118173.0
2021-12-01,2021-12-01,RAMCOSYS,A,381.0,382.55,374.0,375.1,380.2,392,2687,1014122.0
2021-12-01,2021-12-01,TTML,B,117.45,117.45,117.45,117.45,111.9,410,70094,8232540.0
2021-12-01,2021-12-01,VIRINCHI,X,57.2,58.5,55.55,56.15,57.65,271,53688,3073539.0
2021-12-01,2021-12-01,WEPSOLN,X,20.7,21.05,20.1,21.0,20.15,31,5770,118550.0
2021-12-01,2021-12-01,STLTECH,A,277.95,277.95,269.1,270.75,276.15,796,23166,6288891.0
2021-12-01,2021-12-01,TIPSMUSIC,T,1256.1,1359.95,1256.1,1337.55,1306.4,70,702,933484.0
2021-12-01,2021-12-01,UMIYA-MRO,B,47.2,49.5,45.65,48.8,47.2,53,2159,103410.0
2021-12-01,2021-12-01,FIRSTFIN,X,6.0,6.06,6.0,6.06,5.78,25,10029,60542.0
2021-12-01,2021-12-01,BABA,X,16.75,16.75,16.0,16.1,16.0,35,6329,101376.0
2021-12-01,2021-12-01,BALAJITELE,A,57.4,57.6,56.3,56.55,56.75,330,12385,703861.0
2021-12-01,2021-12-01,TYCHE,X,161.0,164.95,160.1,162.0,161.85,117,6271,1016699.0
2021-12-01,2021-12-01,CALSOFT,T,29.0,29.4,27.85,28.9,28.35,48,7522,214722.0
2021-12-01,2021-12-01,PNC,B,42.5,43.15,41.15,42.05,42.5,145,5764,242817.0
2021-12-01,2021-12-01,IOB,A,21.0,21.2,20.75,21.0,20.9,1610,760485,15911260.0
2021-12-01,2021-12-01,TAJGVK,A,127.1,130.3,127.05,129.55,129.05,396,10779,1393658.0
2021-12-01,2021-12-01,CREATIVEYE,T,3.7,3.7,3.7,3.7,3.7,1,1,3.0
2021-12-01,2021-12-01,AXISCADES,B,76.85,78.1,75.4,76.15,75.95,127,4253,325087.0
2021-12-01,2021-12-01,KONNDOR,X,4.46,4.46,4.46,4.46,4.69,9,798,3559.0
2021-12-01,2021-12-01,UMESLTD,T,5.88,5.88,5.4,5.4,5.68,49,9924,54213.0
2021-12-01,2021-12-01,BSOFT,A,481.0,491.55,480.85,487.25,474.35,3792,158458,77061958.0
2021-12-01,2021-12-01,USGTECH,XT,9.03,9.03,9.03,9.03,9.5,38,2702,24399.0
2021-12-01,2021-12-01,4THGEN,XT,3.83,3.83,3.83,3.83,3.83,2,41,157.0
2021-12-01,2021-12-01,7TEC,X,31.45,31.5,29.5,29.85,30.0,54,2183,65919.0
2021-12-01,2021-12-01,AVANTEL,X,681.0,719.95,681.0,713.1,686.35,115,2468,1731634.0
2021-12-01,2021-12-01,MOSCHIP,X,45.0,45.0,43.0,44.0,44.05,545,102381,4521487.0
2021-12-01,2021-12-01,SIGMAADV,T,30.65,32.8,30.6,30.6,32.2,204,92859,2864182.0
2021-12-01,2021-12-01,TRANSCOR,X,17.3,18.15,16.45,16.75,17.3,84,11138,190630.0
2021-12-01,2021-12-01,CEREBRAINT,B,85.4,85.4,80.5,81.6,81.05,560,18112,1482293.0
2021-12-01,2021-12-01,NEXTMEDIA,B,6.0,6.0,5.24,5.36,5.56,12,1182,6334.0
2021-12-01,2021-12-01,SMARTLINK,B,107.95,107.95,101.05,102.7,102.6,183,3692,377962.0
2021-12-01,2021-12-01,GODREJCP,A,935.0,947.0,928.1,938.0,924.05,3252,51172,48084052.0
2021-12-01,2021-12-01,GENUSPRIME,X,7.82,7.82,7.09,7.09,7.46,19,1558,11056.0
2021-12-01,2021-12-01,BFUTILITIE,A,371.9,379.6,365.75,369.85,363.9,715,9984,3698438.0
2021-12-01,2021-12-01,UNITDSPR,B,872.0,897.75,869.7,873.6,883.1,3451,87383,76766962.0
2021-12-01,2021-12-01,SANINFRA,X,260.0,264.95,255.0,261.8,263.75,230,48720,12567934.0
2021-12-01,2021-12-01,OLECTRA,T,817.0,835.0,775.65,780.55,816.45,1065,23760,18940380.0
2021-12-01,2021-12-01,MPSLTD,B,685.8,686.35,678.0,686.2,678.55,73,178,121633.0
2021-12-01,2021-12-01,RNBOWDENIM,XT,3.36,3.36,3.3,3.36,3.2,57,29592,99415.0
2021-12-01,2021-12-01,CERA,A,5090.4,5090.4,4835.6,4908.75,5002.9,226,346,1709902.0
2021-12-01,2021-12-01,BHARTIARTL,A,732.1,737.4,718.1,721.0,728.75,10451,1972929,1424192518.0
2021-12-01,2021-12-01,SHALIWIR,X,6.94,6.94,6.7,6.82,6.77,36,3901,26323.0
2021-12-01,2021-12-01,COMPINFO,B,28.0,28.25,26.5,26.75,26.85,831,56398,1527011.0
2021-12-01,2021-12-01,GULPOLY,T,232.5,242.95,229.0,242.85,231.4,127,7247,1721140.0
2021-12-01,2021-12-01,FAZE3AUTO,X,120.0,134.0,117.65,129.85,119.85,167,20044,2556045.0
2021-12-01,2021-12-01,PONNIERODE,B,220.1,221.8,217.1,220.75,218.9,104,1450,319485.0
2021-12-01,2021-12-01,PNB,A,37.5,38.5,37.15,38.25,37.35,9498,4075199,153452686.0
2021-12-01,2021-12-01,OFSS,A,4235.0,4253.6,4128.05,4141.35,4233.65,668,2430,10148738.0
2021-12-01,2021-12-01,HAZOOR,X,19.4,20.35,19.0,19.25,19.4,37,16802,332879.0
2021-12-01,2021-12-01,KAMAHOLD,A,10248.95,10249.0,9600.0,9984.85,9915.15,48,107,1058196.0
2021-12-01,2021-12-01,APTECHT,A,366.95,372.0,361.7,366.1,363.55,842,10287,3779249.0
2021-12-01,2021-12-01,UNIONBANK,A,43.95,45.75,43.0,45.5,43.05,4475,1687433,74423871.0
2021-12-01,2021-12-01,UBL,A,1500.15,1514.05,1485.85,1505.0,1504.25,809,5589,8381819.0
2021-12-01,2021-12-01,ISMTLTD,B,41.25,41.25,41.25,41.25,39.3,131,293813,12119786.0
2021-12-01,2021-12-01,NOIDATOLL,B,7.51,7.7,7.29,7.7,7.34,89,32208,243268.0
2021-12-01,2021-12-01,GRANULES,A,302.45,304.3,292.3,302.6,300.6,2467,86645,25888361.0
2021-12-01,2021-12-01,CANBK,A,199.9,207.5,198.75,206.8,199.05,4097,534642,108657701.0
2021-12-01,2021-12-01,BLIL,B,396.9,399.0,394.2,398.55,395.95,228,5857,2325782.0
2021-12-01,2021-12-01,POKARNA,B,554.95,561.2,534.1,544.35,550.05,745,6716,3657978.0
2021-12-01,2021-12-01,DIVISLAB,A,4875.0,4975.0,4724.05,4754.2,4880.7,3580,17715,85334631.0
2021-12-01,2021-12-01,ASTRAMICRO,A,245.85,249.4,242.25,244.35,243.75,397,8971,2209074.0
2021-12-01,2021-12-01,RADICO,A,1139.4,1160.0,1091.55,1097.65,1121.45,1444,11456,12736103.0
2021-12-01,2021-12-01,SHRMCITYUN,A,2201.0,2230.9,2101.55,2109.6,2227.15,1306,4236,9056684.0
2021-12-01,2021-12-01,MARUTI,A,7203.9,7377.8,7132.05,7274.75,7086.15,8139,51513,374344758.0
2021-12-01,2021-12-01,RAJPALAYAM,X,943.0,949.95,910.1,941.55,942.2,84,1787,1688316.0
2021-12-01,2021-12-01,NAVINFLUOR,A,3799.45,3799.45,3701.0,3731.25,3740.1,1684,22440,84271168.0
2021-12-01,2021-12-01,UCOBANK,A,12.96,13.17,12.93,13.03,12.94,552,267601,3479633.0
2021-12-01,2021-12-01,BAGFILMS,T,3.22,3.22,3.05,3.08,3.19,58,44992,140211.0
2021-12-01,2021-12-01,JSL,A,163.5,166.25,162.8,164.4,164.35,1615,71312,11746800.0
2021-12-01,2021-12-01,SUPRAJIT,A,408.2,424.95,408.2,414.1,412.35,875,7647,3186738.0
2021-12-01,2021-12-01,TVSELECT,B,162.6,165.0,159.05,160.6,161.6,141,1883,305292.0
2021-12-01,2021-12-01,IGL,A,489.0,490.0,481.45,484.4,484.1,1053,29754,14455494.0
2021-12-01,2021-12-01,TVTODAY,A,414.9,440.4,411.6,432.5,404.5,1347,29277,12524023.0
2021-12-01,2021-12-01,PALREDTEC,B,200.0,221.7,196.05,221.7,201.55,501,24421,5223307.0
2021-12-01,2021-12-01,PETRONET,A,218.1,221.35,218.1,220.7,219.85,1302,66219,14589716.0
2021-12-01,2021-12-01,BIOCON,A,360.4,373.8,358.2,371.25,360.3,2743,112432,40936605.0
2021-12-01,2021-12-01,PTC,A,113.75,113.75,109.65,110.7,110.8,1221,57661,6409875.0
2021-12-01,2021-12-01,MAHABANK,A,19.15,19.4,19.15,19.25,19.15,544,240368,4624137.0
2021-12-01,2021-12-01,RKFORGE,A,915.6,928.1,911.75,917.85,902.75,547,5172,4755716.0
2021-12-01,2021-12-01,DATAMATICS,B,290.0,297.6,286.35,293.6,289.15,940,23619,6838044.0
2021-12-01,2021-12-01,NDTV,B,78.5,79.4,75.55,76.0,77.0,135,4807,367278.0
2021-12-01,2021-12-01,STAR,A,498.0,498.45,477.6,490.35,488.45,2347,56925,27605534.0
2021-12-01,2021-12-01,JPASSOCIAT,A,9.69,10.05,9.69,9.69,10.2,1200,6717708,65260024.0
2021-12-01,2021-12-01,ULTRACEMCO,A,7489.0,7668.6,7300.0,7324.6,7434.4,2410,9743,72320031.0
2021-12-01,2021-12-01,UNOMINDA,A,905.0,919.35,882.8,900.2,912.55,1874,17113,15324955.0
2021-12-01,2021-12-01,TCS,A,3535.15,3589.35,3535.15,3578.15,3532.0,15867,159108,568228918.0
2021-12-01,2021-12-01,COFORGE,A,5425.0,5449.45,5308.25,5380.7,5425.95,3649,55284,296985614.0
2021-12-01,2021-12-01,GULFPETRO,B,43.9,44.4,43.1,43.5,43.0,196,8386,365466.0
2021-12-01,2021-12-01,CENTURYPLY,A,613.0,620.95,576.65,581.25,601.8,2602,27880,16504171.0
2021-12-01,2021-12-01,WELENT,A,96.2,96.2,92.5,94.4,93.65,331,7697,723241.0
2021-12-01,2021-12-01,NTPC,A,130.4,132.85,125.95,127.7,127.3,6416,1339488,171356132.0
2021-12-01,2021-12-01,SALSTEEL,B,9.0,9.3,8.68,8.9,9.07,122,14191,126149.0
2021-12-01,2021-12-01,JBMA,B,934.0,975.0,931.0,945.7,934.5,1040,6932,6569856.0
2021-12-01,2021-12-01,DWARKESH,A,67.4,68.0,66.65,67.6,65.85,1202,103988,6982642.0
2021-12-01,2021-12-01,INDOCO,A,389.3,398.85,378.05,380.55,389.3,2271,38774,15171687.0
2021-12-01,2021-12-01,VIPCLOTHNG,B,20.1,20.4,19.55,19.7,19.95,195,27859,551425.0
2021-12-01,2021-12-01,XCHANGING,B,95.5,97.85,95.5,96.95,95.8,446,15271,1480246.0
2021-12-01,2021-12-01,JETAIRWAYS,Z,85.0,85.0,81.0,82.4,84.35,546,25441,2098891.0
2021-12-01,2021-12-01,MORARJEE,B,17.1,17.35,16.65,17.15,17.1,34,3747,63770.0
2021-12-01,2021-12-01,GATEWAYDIST,A,277.0,278.85,265.2,270.85,276.2,986,9653,2599915.0
2021-12-01,2021-12-01,JINDALPHOT,B,396.2,396.2,396.2,396.2,417.05,23,260,103012.0
2021-12-01,2021-12-01,POCL,X,441.4,448.9,438.0,440.3,439.25,177,4752,2100756.0
2021-12-01,2021-12-01,JPPOWER,B,4.58,4.68,4.42,4.47,4.48,33371,18653692,84612721.0
2021-12-01,2021-12-01,3IINFOLTD,B,94.7,99.7,94.7,94.7,99.65,19895,4313628,411272356.0
2021-12-01,2021-12-01,MBECL,T,6.71,6.98,6.71,6.8,6.8,32,6910,46675.0
2021-12-01,2021-12-01,GOKEX,B,273.95,274.7,255.3,265.0,268.7,1462,35527,9270402.0
2021-12-01,2021-12-01,ALLDIGI,B,471.6,471.6,462.5,463.6,460.5,131,793,368515.0
2021-12-01,2021-12-01,IIFL,A,309.5,324.35,300.0,316.25,308.95,5869,12611602,3788147329.0
2021-12-01,2021-12-01,MANGALAM,B,125.8,126.0,120.2,123.95,122.55,135,5212,644963.0
2021-12-01,2021-12-01,SHOPERSTOP,A,325.2,330.4,323.15,325.8,322.5,166,2124,692852.0
2021-12-01,2021-12-01,CYBERMEDIA,B,9.45,9.55,9.01,9.47,9.42,19,2912,27476.0
2021-12-01,2021-12-01,NDL,B,94.95,95.65,90.25,95.65,91.1,780,242182,23070388.0
2021-12-01,2021-12-01,JSWHL,A,4200.0,4248.7,4171.05,4220.0,4181.0,18,25,105167.0
2021-12-01,2021-12-01,JKCEMENT,A,3279.9,3280.0,3201.0,3264.4,3235.0,853,2380,7695963.0
2021-12-01,2021-12-01,YESBANK,A,12.28,12.7,12.17,12.43,12.37,32380,14056983,174354901.0
2021-12-01,2021-12-01,NECLIFE,B,24.1,24.5,23.1,23.6,23.65,619,220361,5275687.0
2021-12-01,2021-12-01,MSPL,B,9.05,9.3,8.66,8.72,8.97,160,75085,663816.0
2021-12-01,2021-12-01,SPLIL,B,42.35,43.0,41.55,42.15,42.05,72,3452,145781.0
2021-12-01,2021-12-01,KTKBANK,A,63.2,65.1,63.2,64.9,63.2,986,87494,5634423.0
2021-12-01,2021-12-01,MCLEODRUSS,B,25.9,26.05,25.3,25.75,25.15,302,27441,703791.0
2021-12-01,2021-12-01,FACORALL,X,5.66,5.85,5.66,5.66,5.95,425,425581,2409080.0
2021-12-01,2021-12-01,IDFC,A,50.8,52.45,49.05,52.1,50.2,4770,1124692,56886989.0
2021-12-01,2021-12-01,VIVIMEDLAB,B,18.95,19.2,17.8,18.0,18.7,568,64681,1173145.0
2021-12-01,2021-12-01,RML,B,345.0,345.0,339.4,341.45,336.75,50,604,207242.0
2021-12-01,2021-12-01,HTMEDIA,B,23.55,23.8,23.1,23.25,22.8,202,14336,335153.0
2021-12-01,2021-12-01,SASKEN,A,1100.0,1113.95,1076.25,1085.25,1071.75,362,1140,1241177.0
2021-12-01,2021-12-01,FCSSOFT,T,2.18,2.18,2.18,2.18,2.29,1061,995193,2169520.0
2021-12-01,2021-12-01,SUZLON,A,7.1,7.22,6.83,7.21,6.88,28288,18076477,128454661.0
2021-12-01,2021-12-01,AURIONPRO,B,256.45,257.7,244.95,257.7,245.45,869,29075,7430473.0
2021-12-01,2021-12-01,RENUKA,B,24.85,25.85,24.8,24.9,24.8,2367,663248,16602755.0
2021-12-01,2021-12-01,KMSUGAR,B,24.2,24.4,23.6,23.95,23.65,311,27287,653413.0
2021-12-01,2021-12-01,BASML,B,66.55,68.35,65.2,66.45,66.45,149,8780,581706.0
2021-12-01,2021-12-01,PBAINFRA,B,9.97,10.01,9.64,10.01,9.88,14,1197,11908.0
2021-12-01,2021-12-01,BOMBAYRAYON,Z,5.79,5.9,5.65,5.83,5.67,176,95661,555970.0
2021-12-01,2021-12-01,SORILINFRA,B,103.5,107.0,101.35,106.35,101.6,360,13449,1396726.0
2021-12-01,2021-12-01,AIAENG,A,1924.0,1924.0,1860.0,1866.2,1898.0,499,1888,3574514.0
2021-12-01,2021-12-01,EKC,B,145.25,149.45,140.95,145.85,145.25,1538,62991,9084261.0
2021-12-01,2021-12-01,KERNEX,T,83.4,83.4,82.1,82.1,83.4,2,500,41051.0
2021-12-01,2021-12-01,REPRO,B,566.4,587.15,561.6,570.55,577.05,38,1387,795447.0
2021-12-01,2021-12-01,PVRINOX,A,1363.0,1381.65,1327.15,1353.1,1372.95,6375,90394,121876790.0
2021-12-01,2021-12-01,RMCL,Z,2.0,2.04,1.97,2.0,2.05,8,15250,30780.0
2021-12-01,2021-12-01,PUNJLLOYD,Z,2.54,2.54,2.47,2.47,2.6,128,205287,509111.0
2021-12-01,2021-12-01,ASMS,Z,5.56,5.56,5.56,5.56,5.85,21,3266,18158.0
2021-12-01,2021-12-01,CELEBRITY,B,9.75,9.75,9.3,9.75,9.29,20,4019,39125.0
2021-12-01,2021-12-01,EDUCOMP,Z,2.86,2.99,2.82,2.88,2.96,80,117000,334904.0
2021-12-01,2021-12-01,NITINSPIN,B,240.65,244.0,235.25,242.35,234.85,601,10815,2592076.0
2021-12-01,2021-12-01,ROHLTD,T,80.0,82.0,78.4,82.0,80.3,26,1547,122949.0
2021-12-01,2021-12-01,ENIL,B,188.75,188.75,184.7,184.7,186.45,24,324,60031.0
2021-12-01,2021-12-01,CELLA,Z,5.55,5.55,5.17,5.19,5.44,7,3008,15824.0
2021-12-01,2021-12-01,GSPL,A,308.0,314.8,303.55,304.5,312.95,972,25168,7759060.0
2021-12-01,2021-12-01,JAGRAN,A,61.1,63.1,61.05,62.0,61.4,339,7132,443086.0
2021-12-01,2021-12-01,INOXLEISURE,A,396.0,399.2,375.2,381.1,404.0,3336,64778,24969553.0
2021-12-01,2021-12-01,DYNPRO,B,561.0,561.0,540.0,547.35,548.6,908,8358,4570589.0
2021-12-01,2021-12-01,SADBHAV,A,39.5,39.5,37.8,38.25,38.1,1060,72333,2755718.0
2021-12-01,2021-12-01,RCOM,B,2.82,2.83,2.75,2.76,2.77,28141,2982527,8276749.0
2021-12-01,2021-12-01,SAKUMA,B,12.0,12.57,12.0,12.23,12.25,138,33802,417952.0
2021-12-01,2021-12-01,KEC,A,426.05,435.7,424.55,427.8,425.05,698,16567,7092414.0
2021-12-01,2021-12-01,GILLANDERS,B,55.65,56.5,54.9,56.0,56.0,26,1910,106518.0
2021-12-01,2021-12-01,INDOTECH,B,164.0,174.0,162.55,172.5,165.95,44,2135,356541.0
2021-12-01,2021-12-01,BLKASHYAP,B,24.25,24.25,22.65,23.6,23.7,278,27773,641058.0
2021-12-01,2021-12-01,M&MFIN,A,156.0,158.2,155.1,157.4,155.2,2496,226436,35548050.0
2021-12-01,2021-12-01,VISACHROME,T,15.1,15.1,14.2,14.5,14.8,28,3043,43760.0
2021-12-01,2021-12-01,NITCO,B,24.25,24.45,23.65,23.75,23.65,140,6274,151648.0
2021-12-01,2021-12-01,MPDL,XT,11.2,11.6,11.02,11.6,11.6,5,605,6780.0
2021-12-01,2021-12-01,SOLARINDS,A,2780.0,2910.4,2694.7,2818.5,2765.35,1856,9113,25417859.0
2021-12-01,2021-12-01,GALLANTT,B,67.0,67.9,66.65,66.9,66.65,88,3115,209670.0
2021-12-01,2021-12-01,MALUPAPER,B,31.15,32.4,31.0,31.45,30.65,119,3542,111708.0
2021-12-01,2021-12-01,UTTAMSUGAR,B,159.4,159.4,156.0,157.55,155.25,113,2068,326185.0
2021-12-01,2021-12-01,SGL,B,16.25,16.5,15.3,16.3,15.9,81,16433,266336.0
2021-12-01,2021-12-01,ROHITFERRO,T,17.2,17.2,17.2,17.2,18.1,46,8580,147576.0
2021-12-01,2021-12-01,KKCL,B,1199.95,1199.95,1177.0,1186.05,1160.25,684,4261,5053571.0
2021-12-01,2021-12-01,SUNTV,A,520.0,530.8,517.55,524.1,521.25,2763,78558,41180578.0
2021-12-01,2021-12-01,GPIL,A,264.1,269.95,261.0,264.0,263.85,869,18568,4896109.0
2021-12-01,2021-12-01,RSYSTEMS,A,320.0,331.3,309.0,313.0,312.75,1271,27449,8713683.0
2021-12-01,2021-12-01,EMKAY,B,102.1,102.3,97.3,98.75,98.25,166,2466,244972.0
2021-12-01,2021-12-01,TICL,Z,13.56,13.56,13.35,13.56,12.92,251,128903,1747230.0
2021-12-01,2021-12-01,LOKESHMACH,B,49.5,53.95,49.5,50.05,50.8,50,2797,141929.0
2021-12-01,2021-12-01,KAMDHENU,B,222.95,227.2,218.95,225.35,219.2,241,4842,1074250.0
2021-12-01,2021-12-01,PAUSHAKLTD,B,9301.0,9750.25,9301.0,9504.05,9620.5,106,292,2813808.0
2021-12-01,2021-12-01,GTNTEX,B,10.76,10.76,10.11,10.49,10.25,13,3027,31659.0
2021-12-01,2021-12-01,INDICAP,X,33.6,38.4,32.0,34.5,32.0,5586,322501,11806169.0
2021-12-01,2021-12-01,PFOCUS,B,72.65,74.0,70.35,72.9,72.15,114,3903,280183.0
2021-12-01,2021-12-01,ALLCARGO,A,343.0,343.0,331.0,337.55,333.0,801,18341,6177720.0
2021-12-01,2021-12-01,EASUNREYRL,Z,2.99,2.99,2.89,2.89,2.88,5,2002,5785.0
2021-12-01,2021-12-01,GMRAIRPORT,A,38.7,38.7,37.3,38.5,37.55,1423,834778,31715858.0
2021-12-01,2021-12-01,TECHM,A,1550.0,1593.7,1549.95,1588.35,1541.1,6455,152482,240975520.0
2021-12-01,2021-12-01,CIEINDIA,A,238.85,243.7,235.9,238.0,238.85,573,15881,3811512.0
2021-12-01,2021-12-01,VOLTAMP,A,1927.6,1947.4,1909.9,1934.75,1905.25,170,415,799877.0
2021-12-01,2021-12-01,ATLANTAA,T,18.7,19.0,18.7,18.7,19.65,39,5659,105964.0
2021-12-01,2021-12-01,DEEPENR,B,39.1,39.4,37.75,38.1,38.2,158,7333,279922.0
2021-12-01,2021-12-01,HGM,B,48.0,48.75,47.35,47.75,47.35,92,2144,103093.0
2021-12-01,2021-12-01,ACE,A,212.95,216.15,208.5,209.15,207.0,1128,40447,8569880.0
2021-12-01,2021-12-01,GEECEE,B,138.35,139.5,135.65,135.85,138.35,31,325,44323.0
2021-12-01,2021-12-01,RICHAIND,Z,2.38,2.38,2.17,2.17,2.28,41,7727,17855.0
2021-12-01,2021-12-01,GAYAPROJ,B,30.8,31.4,29.75,30.15,30.55,903,146242,4429285.0
2021-12-01,2021-12-01,FIEMIND,B,1120.0,1128.1,1102.35,1108.5,1117.5,833,5383,5992100.0
2021-12-01,2021-12-01,JHS,B,22.2,23.85,22.2,23.5,22.9,176,8275,192728.0
2021-12-01,2021-12-01,DCBBANK,A,83.7,84.15,81.45,83.65,81.6,2127,224713,18578066.0
2021-12-01,2021-12-01,GLOBALVECT,B,54.0,56.7,52.7,53.85,54.0,70,2910,156830.0
2021-12-01,2021-12-01,INSPIRISYS,B,49.85,51.8,48.9,51.8,49.35,228,39674,2024886.0
2021-12-01,2021-12-01,GTLINFRA,B,1.51,1.54,1.51,1.51,1.58,2092,11735954,17769137.0
2021-12-01,2021-12-01,SHIVAMAUTO,T,23.0,24.8,23.0,24.05,24.05,91,16833,395486.0
2021-12-01,2021-12-01,NAUKRI,A,5870.0,6002.95,5855.75,5949.8,5809.65,2969,12425,73678066.0
2021-12-01,2021-12-01,TORNTPOWER,A,555.25,555.25,543.5,551.0,550.85,1640,41866,22952650.0
2021-12-01,2021-12-01,PARSVNATH,B,16.55,17.2,16.3,16.55,16.55,427,61251,1023409.0
2021-12-01,2021-12-01,SUTLEJTEX,B,74.6,77.6,74.35,75.1,76.4,889,63231,4777288.0
2021-12-01,2021-12-01,LTFOODS,A,62.65,64.3,62.65,64.1,62.9,1000,48445,3087602.0
2021-12-01,2021-12-01,SOBHA,A,860.0,869.0,828.0,856.5,857.45,3492,45655,38885720.0
2021-12-01,2021-12-01,RUCHIRA,B,73.0,79.5,73.0,76.55,77.55,106,1945,149997.0
2021-12-01,2021-12-01,TANLA,B,1536.0,1552.65,1428.1,1463.2,1497.75,2787,25555,37781038.0
2021-12-01,2021-12-01,ZEEMEDIA,T,11.0,11.5,10.8,11.49,11.24,375,67069,749715.0
2021-12-01,2021-12-01,SITINET,T,2.57,2.57,2.57,2.57,2.7,408,248784,639374.0
2021-12-01,2021-12-01,LUMAXTECH,B,142.35,148.7,141.0,147.0,142.15,759,13919,2024712.0
2021-12-01,2021-12-01,AUTOIND,B,54.15,58.7,54.15,56.95,56.95,185,10841,621952.0
2021-12-01,2021-12-01,NETWORK18,A,72.1,74.9,70.2,70.75,71.7,1967,172251,12319290.0
2021-12-01,2021-12-01,HUBTOWN,B,30.65,30.7,29.3,30.05,30.45,64,3204,95640.0
2021-12-01,2021-12-01,TV18BRDCST,A,42.1,42.1,40.8,41.25,41.2,1195,235987,9739671.0
2021-12-01,2021-12-01,CTE,B,54.35,57.0,53.9,55.95,54.8,131,1929,107405.0
2021-12-01,2021-12-01,TIIL,B,889.6,889.6,823.65,835.4,851.85,225,645,539226.0
2021-12-01,2021-12-01,REDINGTON,A,148.5,149.6,145.7,147.35,146.5,1918,151526,22344171.0
2021-12-01,2021-12-01,AICHAMP,XT,14.78,15.5,14.06,14.12,14.78,22,1378,20246.0
2021-12-01,2021-12-01,CINELINE,B,82.1,90.3,82.1,88.85,86.1,136,2313,204281.0
2021-12-01,2021-12-01,PGIL,B,383.2,388.55,371.3,381.9,366.25,149,1218,462696.0
2021-12-01,2021-12-01,FSL,A,170.15,172.7,167.75,168.8,169.4,2036,122755,20890551.0
2021-12-01,2021-12-01,PFC,A,117.5,119.85,117.5,119.55,116.25,1751,189049,22430694.0
2021-12-01,2021-12-01,AHLUCONT,A,400.0,407.4,395.05,396.75,401.9,320,2003,803453.0
2021-12-01,2021-12-01,TFL,T,6.69,6.7,6.1,6.7,6.4,12,1901,12223.0
2021-12-01,2021-12-01,CCCONSTR,Z,3.43,3.43,3.26,3.39,3.43,19,11805,39389.0
2021-12-01,2021-12-01,INDIANB,A,143.5,147.1,141.8,143.05,142.75,2287,180906,26013900.0
2021-12-01,2021-12-01,SMSPHARMA,B,126.7,126.85,121.95,123.65,125.75,397,4702,585394.0
2021-12-01,2021-12-01,ORIENTALTL,B,9.05,9.27,9.0,9.17,9.08,37,3229,29513.0
2021-12-01,2021-12-01,MINDTREELTD,A,4356.0,4439.35,4304.1,4375.45,4330.05,6216,54477,237907903.0
2021-12-01,2021-12-01,ELAND,X,4.7,4.7,4.36,4.38,4.56,32,8557,38922.0
2021-12-01,2021-12-01,IDEA,A,11.13,13.25,10.72,12.67,11.07,186959,265962583,3141745926.0
2021-12-01,2021-12-01,RAJTV,B,33.55,35.85,33.55,35.25,35.0,20,208,7215.0
2021-12-01,2021-12-01,PAGEIND,A,38944.0,38944.0,37800.0,37872.05,38450.35,162,220,8432895.0
2021-12-01,2021-12-01,AMDIND,B,28.7,29.65,28.55,28.7,29.3,40,5183,149497.0
2021-12-01,2021-12-01,LEHAR,X,38.0,38.0,36.8,37.2,37.4,39,7603,281320.0
2021-12-01,2021-12-01,ASTRAL,A,2180.0,2224.3,2177.55,2214.15,2196.4,1174,6338,13958896.0
2021-12-01,2021-12-01,EMBDL,A,170.0,175.15,165.2,171.95,167.95,10806,1295049,220624909.0
2021-12-01,2021-12-01,CAMLINFINE,A,137.8,142.2,137.15,139.8,138.9,1101,41752,5868787.0
2021-12-01,2021-12-01,ICRA,A,3612.9,3817.85,3549.7,3591.15,3594.55,102,316,1154104.0
2021-12-01,2021-12-01,DISHTV,T,16.45,17.5,16.45,17.2,17.0,262,67325,1145848.0
2021-12-01,2021-12-01,SAHYADRI,X,540.0,542.85,524.4,540.4,522.85,197,5491,2949794.0
2021-12-01,2021-12-01,SRHHYPOLTD,B,303.0,314.75,303.0,313.45,307.5,193,2182,672727.0
2021-12-01,2021-12-01,FORTIS,A,281.0,291.3,275.0,287.0,280.9,3054,159630,44785807.0
2021-12-01,2021-12-01,TGBHOTELS,B,8.72,8.74,8.72,8.74,8.58,8,900,7857.0
2021-12-01,2021-12-01,HILTON,T,26.5,26.5,24.9,24.9,26.2,28,3202,82199.0
2021-12-01,2021-12-01,DELTACORP,A,249.6,253.3,242.1,247.8,246.45,3840,256876,63428986.0
2021-12-01,2021-12-01,INSECTICID,A,634.3,644.55,611.1,618.1,638.05,586,2158,1369356.0
2021-12-01,2021-12-01,MCDHOLDING,T,149.4,165.1,149.4,149.4,157.25,243,26635,4005159.0
2021-12-01,2021-12-01,ASAHISONG,B,257.5,277.15,255.5,268.95,261.1,296,2415,642451.0
2021-12-01,2021-12-01,NITINFIRE,Z,1.45,1.45,1.36,1.4,1.39,56,54357,76008.0
2021-12-01,2021-12-01,HARYNACAP,X,40.0,45.5,39.6,42.0,43.5,11,1544,67633.0
2021-12-01,2021-12-01,TIMETECHNO,A,73.6,77.35,73.6,76.15,73.6,1416,98007,7376191.0
2021-12-01,2021-12-01,HGS,A,2939.8,2939.8,2850.0,2862.4,2890.45,291,1573,4511047.0
2021-12-01,2021-12-01,NELCAST,B,74.6,77.0,72.45,73.7,73.3,219,5968,440153.0
2021-12-01,2021-12-01,V2RETAIL,T,157.95,160.0,154.6,155.7,156.45,52,2997,470753.0
2021-12-01,2021-12-01,DLF,A,378.0,385.55,375.4,383.05,375.05,4593,291276,110931075.0
2021-12-01,2021-12-01,TARMAT,B,58.65,58.65,54.3,54.85,55.45,54,1054,58208.0
2021-12-01,2021-12-01,ANKITMETAL,T,6.36,6.36,6.36,6.36,6.69,60,10516,66881.0
2021-12-01,2021-12-01,SPARC,A,251.5,251.5,241.5,243.15,246.25,769,12751,3124331.0
2021-12-01,2021-12-01,HDIL,Z,4.55,4.55,4.44,4.52,4.41,131,58578,263613.0
2021-12-01,2021-12-01,SURYACHAKRA,Z,1.49,1.49,1.35,1.49,1.42,452,349906,518828.0
2021-12-01,2021-12-01,ADSL,B,111.85,111.85,106.35,108.7,107.35,555,20749,2255772.0
2021-12-01,2021-12-01,ALPA,B,56.0,56.4,53.85,55.4,53.5,172,12166,673635.0
2021-12-01,2021-12-01,SSLEL,X,172.0,172.25,157.05,172.25,164.05,45,4280,731171.0
2021-12-01,2021-12-01,OMAXE,A,70.35,70.5,69.15,69.6,70.0,25,809,56311.0
2021-12-01,2021-12-01,REFEX,B,133.35,133.35,121.65,122.45,122.6,1038,34378,4246560.0
2021-12-01,2021-12-01,CENTRALBK,A,21.7,21.8,21.15,21.4,21.3,921,308565,6594610.0
2021-12-01,2021-12-01,SELMC,B,16.65,16.65,16.65,16.65,15.87,3,11,183.0
2021-12-01,2021-12-01,NEUEON,B,2.11,2.11,2.03,2.05,2.13,28,9876,20181.0
2021-12-01,2021-12-01,ASIANTILES,A,126.35,128.2,125.2,125.8,125.45,456,8451,1069348.0
2021-12-01,2021-12-01,KPRMILL,A,530.9,535.35,505.2,511.25,530.45,2097,32036,16476949.0
2021-12-01,2021-12-01,TAKE,A,44.0,44.75,43.5,43.65,44.0,1002,97158,4279303.0
2021-12-01,2021-12-01,PURVA,B,137.45,138.1,133.65,137.35,135.35,299,9330,1277167.0
2021-12-01,2021-12-01,MOTILALOFS,A,946.0,982.5,926.15,973.65,940.4,1272,10636,10313343.0
2021-12-01,2021-12-01,VTMLTD,X,41.95,41.95,39.5,40.0,40.6,103,25912,1041406.0
2021-12-01,2021-12-01,INDOWIND,B,19.25,19.25,19.0,19.25,18.36,379,186706,3592248.0
2021-12-01,2021-12-01,NAGREEKCAP,B,13.62,13.62,13.5,13.62,12.98,14,6116,83296.0
2021-12-01,2021-12-01,MAGNUM,B,7.42,7.44,6.81,7.05,7.09,130,12561,87829.0
2021-12-01,2021-12-01,POWERGRID,A,208.0,208.65,204.75,207.1,206.8,4427,394395,81415787.0
2021-12-01,2021-12-01,KSCL,A,492.0,506.3,492.0,498.5,499.6,821,6092,3037848.0
2021-12-01,2021-12-01,PAISALO,A,941.0,946.4,901.35,928.75,959.25,1200,98913,92297865.0
2021-12-01,2021-12-01,SUPREMEINF,B,16.95,17.35,16.95,17.35,16.55,70,5518,94732.0
2021-12-01,2021-12-01,MAANALU,B,106.0,111.95,104.05,108.15,106.95,230,4613,495655.0
2021-12-01,2021-12-01,IL&FSENGG,Z,5.62,5.62,5.26,5.4,5.47,44,39607,214894.0
2021-12-01,2021-12-01,PARLEIND,X,8.3,8.3,8.1,8.18,8.25,822,83722,685320.0
2021-12-01,2021-12-01,RELIGARE,A,161.15,166.5,158.9,164.4,161.15,841,38751,6310895.0
2021-12-01,2021-12-01,BVCL,T,20.15,20.15,19.5,19.5,19.8,3,512,9991.0
2021-12-01,2021-12-01,RATHIBAR,X,26.75,27.0,26.05,26.75,26.75,73,14750,396737.0
2021-12-01,2021-12-01,ADANIPORTS,A,698.0,711.0,683.0,708.05,684.25,8351,283518,196862520.0
2021-12-01,2021-12-01,EDELWEISS,A,69.65,69.65,67.7,68.8,66.95,2211,84286,5751264.0
2021-12-01,2021-12-01,RGL,B,840.0,841.6,826.0,834.7,823.8,241,5807,4845050.0
2021-12-01,2021-12-01,KOLTEPATIL,A,287.2,304.0,287.2,296.95,290.5,911,29149,8571708.0
2021-12-01,2021-12-01,KAUSHALYA,B,2.31,2.31,2.13,2.28,2.21,10,4262,9590.0
2021-12-01,2021-12-01,JYOTHYLAB,A,154.0,156.25,149.65,153.5,153.65,582,8524,1295869.0
2021-12-01,2021-12-01,ECLERX,A,2160.0,2203.95,2110.0,2142.45,2107.95,916,3530,7621490.0
2021-12-01,2021-12-01,TARIL,B,27.15,27.9,26.6,27.15,26.75,331,30430,832530.0
2021-12-01,2021-12-01,BRIGADE,A,506.15,515.0,488.05,497.9,499.25,1435,18663,9329340.0
2021-12-01,2021-12-01,BGRENERGY,B,58.15,58.35,56.65,57.15,57.0,1010,101521,5825835.0
2021-12-01,2021-12-01,BURNPUR,T,2.72,2.9,2.72,2.74,2.8,22,19679,54543.0
2021-12-01,2021-12-01,MANAKSIA,B,60.05,60.6,59.95,60.4,59.55,93,1799,108605.0
2021-12-01,2021-12-01,PORWAL,X,22.8,22.8,21.3,21.8,22.4,57,4896,106653.0
2021-12-01,2021-12-01,PPAP,B,234.0,236.3,230.3,232.15,234.0,33,338,78564.0
2021-12-01,2021-12-01,ARIES,B,130.1,135.0,130.1,131.55,131.5,244,3708,490494.0
2021-12-01,2021-12-01,KUANTUM,B,81.4,82.9,81.3,81.35,82.4,78,1206,99185.0
2021-12-01,2021-12-01,RPOWER,T,12.85,13.09,12.35,12.63,12.81,2978,1349926,17082091.0
2021-12-01,2021-12-01,JKIL,A,167.0,168.0,163.15,165.45,163.55,605,7671,1267697.0
2021-12-01,2021-12-01,CORDSCABLE,B,49.65,49.65,48.7,49.1,48.75,86,1532,75368.0
2021-12-01,2021-12-01,KNRCON,A,284.0,284.0,270.5,273.25,280.7,987,15219,4172392.0
2021-12-01,2021-12-01,ONMOBILE,B,103.0,103.1,100.9,102.2,101.35,603,17721,1807756.0
2021-12-01,2021-12-01,SEPC,B,6.49,6.8,6.49,6.75,6.48,127,139730,935263.0
2021-12-01,2021-12-01,BANG,B,32.25,32.95,31.5,31.8,32.9,80,3045,97212.0
2021-12-01,2021-12-01,IRB,A,208.05,216.05,206.9,216.05,205.8,3434,346727,74412324.0
2021-12-01,2021-12-01,GSS,B,106.7,109.8,102.85,109.8,99.85,745,44975,4863639.0
2021-12-01,2021-12-01,NAHARCAP,B,302.0,307.45,285.55,302.75,292.85,69,1059,313416.0
2021-12-01,2021-12-01,VGUARD,A,252.0,252.0,238.85,241.75,243.85,865,19074,4597526.0
2021-12-01,2021-12-01,RECLTD,A,136.7,136.7,133.25,134.25,135.7,2787,367444,49450769.0
2021-12-01,2021-12-01,AJRINFRA,B,1.43,1.44,1.36,1.37,1.43,517,1703653,2362434.0
2021-12-01,2021-12-01,DHANI,B,166.05,166.4,163.25,164.25,165.15,976,63190,10400902.0
2021-12-01,2021-12-01,TITAGARH,A,87.0,88.0,86.4,86.9,86.35,873,45643,3977607.0
2021-12-01,2021-12-01,KIRIINDUS,A,450.4,453.05,437.45,444.3,447.1,386,3346,1491614.0
2021-12-01,2021-12-01,SANKHYAINFO,XT,6.7,7.14,6.46,6.54,6.8,90,5954,40020.0
2021-12-01,2021-12-01,BIRLAMONEY,B,55.7,60.0,55.7,59.05,58.2,297,9930,582761.0
2021-12-01,2021-12-01,TELOGICA,Z,3.18,3.18,3.06,3.18,3.04,16,1386,4317.0
2021-12-01,2021-12-01,JAIBALAJI,B,53.8,63.15,53.0,59.75,52.65,482,35098,2100042.0
2021-12-01,2021-12-01,BAJAJ-AUTO,A,3260.0,3292.5,3228.0,3249.85,3243.15,3370,18350,59728695.0
2021-12-01,2021-12-01,BAJAJFINSV,A,17400.0,17538.75,17205.0,17381.65,17233.25,2123,7781,135152171.0
2021-12-01,2021-12-01,GOKUL,B,32.0,32.0,30.2,30.8,30.75,148,11557,353811.0
2021-12-01,2021-12-01,RPGLIFE,B,619.0,619.0,594.15,602.05,599.95,749,7835,4715436.0
2021-12-01,2021-12-01,SENSEX1,B,604.9,614.9,598.1,599.58,599.96,17,29,17519.0
2021-12-01,2021-12-01,NIRAJ,B,34.9,34.9,33.2,34.7,33.95,20,1198,39871.0
2021-12-01,2021-12-01,RBL,B,744.0,752.0,736.25,750.9,736.3,52,190,140973.0
2021-12-01,2021-12-01,RANEENGINE,B,265.15,265.5,254.0,259.5,261.65,32,215,56313.0
2021-12-01,2021-12-01,BAFNAPH,B,116.85,122.45,115.0,115.7,117.8,49,1137,132300.0
2021-12-01,2021-12-01,CHLLTD,XT,13.07,13.07,13.07,13.07,13.75,18,5736,74969.0
2021-12-01,2021-12-01,ARCHIDPLY,B,42.15,45.25,42.15,45.25,43.1,147,19803,888245.0
2021-12-01,2021-12-01,LOTUSEYE,B,47.25,48.55,46.95,47.8,48.05,71,1566,74540.0
2021-12-01,2021-12-01,SOMICONVEY,B,35.65,37.3,35.45,35.45,37.3,143,8439,299695.0
2021-12-01,2021-12-01,LGBFORGE,B,6.05,6.31,6.05,6.25,6.08,39,18379,114304.0
2021-12-01,2021-12-01,LPDC,B,6.85,6.85,6.21,6.21,6.53,107,39491,263867.0
2021-12-01,2021-12-01,SICAGEN,X,20.35,20.9,19.75,20.75,19.95,84,15216,314187.0
2021-12-01,2021-12-01,SIMPLXMIL,X,34.3,34.3,34.3,34.3,36.1,10,596,20442.0
2021-12-01,2021-12-01,SIMPLXPAP,XT,47.0,47.25,47.0,47.25,45.0,69,5555,262145.0
2021-12-01,2021-12-01,20MICRONS,B,59.5,59.5,57.25,58.6,58.15,263,7847,458644.0
2021-12-01,2021-12-01,ZFCVINDIA,A,8189.05,8274.1,8044.05,8083.8,8099.3,339,576,4702340.0
2021-12-01,2021-12-01,ALKALI,B,90.7,92.1,89.3,89.35,90.0,109,867,78204.0
2021-12-01,2021-12-01,ISGEC,A,563.0,563.0,543.75,544.75,546.2,641,18769,10349118.0
2021-12-01,2021-12-01,IMFA,B,789.0,789.0,738.15,743.8,754.65,708,7449,5584869.0
2021-12-01,2021-12-01,VEDAVAAG,X,52.1,53.9,51.55,51.75,52.2,123,14009,734145.0
2021-12-01,2021-12-01,MOLDTKPAC,A,694.0,694.0,668.85,677.1,674.8,801,6800,4595258.0
2021-12-01,2021-12-01,MHRIL,A,210.9,211.6,207.35,209.4,207.4,713,20939,4377784.0
2021-12-01,2021-12-01,LANDSMILL,B,4.63,4.63,4.63,4.63,4.41,182,609509,2822026.0
2021-12-01,2021-12-01,ROML,T,71.25,75.85,71.25,73.9,74.0,57,867,63700.0
2021-12-01,2021-12-01,BENGALASM,B,2040.0,2040.0,1940.05,1985.2,1969.5,96,694,1377884.0
2021-12-01,2021-12-01,ADANIPOWER,A,101.1,102.9,99.7,101.2,99.35,10013,558781,56221176.0
2021-12-01,2021-12-01,NHPC,A,31.35,31.8,31.1,31.6,31.1,2007,471165,14767160.0
2021-12-01,2021-12-01,SURYAAMBA,X,176.0,178.9,174.25,174.3,183.4,77,5453,953774.0
2021-12-01,2021-12-01,GLOBUSSPR,B,1105.0,1131.15,1060.5,1084.0,1090.9,2155,20692,22440589.0
2021-12-01,2021-12-01,OIL,A,214.0,220.3,212.55,214.5,211.1,2183,90319,19451082.0
2021-12-01,2021-12-01,SWANDEF,Z,2.76,2.84,2.75,2.8,2.8,442,515677,1438434.0
2021-12-01,2021-12-01,BTTL,X,14.46,14.46,13.74,14.17,14.46,164,18613,259680.0
2021-12-01,2021-12-01,SPSL,XT,32.4,32.4,31.4,32.4,30.9,68,4319,139621.0
2021-12-01,2021-12-01,EXPLEOSOL,B,1294.45,1294.9,1223.0,1236.25,1274.2,1198,4648,5818384.0
2021-12-01,2021-12-01,RTNPOWER,B,3.56,3.67,3.46,3.67,3.5,7317,6525582,23501625.0
2021-12-01,2021-12-01,DEN,A,39.75,40.35,38.8,39.1,39.75,1024,123732,4846439.0
2021-12-01,2021-12-01,ASTEC,A,1334.1,1345.6,1314.25,1335.65,1316.85,103,287,381291.0
2021-12-01,2021-12-01,COXKINGS,Z,1.53,1.53,1.46,1.47,1.49,63,102144,150197.0
2021-12-01,2021-12-01,DLINKINDIA,B,129.7,132.2,128.9,130.35,128.9,527,9138,1190254.0
2021-12-01,2021-12-01,JSWENERGY,T,295.0,303.0,290.05,302.1,288.6,1403,74909,22470105.0
2021-12-01,2021-12-01,YUNIKM,X,3.99,4.0,3.76,3.88,3.85,95,29747,115239.0
2021-12-01,2021-12-01,GODREJPROP,A,1981.0,2031.75,1940.0,1966.1,2002.35,7913,85133,168031107.0
2021-12-01,2021-12-01,DBCORP,A,93.4,93.4,91.55,92.3,91.6,340,6596,607649.0
2021-12-01,2021-12-01,MBLINFRA,B,21.95,25.2,21.2,25.2,21.0,678,124105,2993335.0
2021-12-01,2021-12-01,JUBLFOOD,A,3710.0,3750.4,3672.95,3700.95,3651.75,2780,16612,61674555.0
2021-12-01,2021-12-01,VASCONEQ,B,21.2,23.0,21.2,22.4,21.8,456,60162,1339906.0
2021-12-01,2021-12-01,THANGAMAYL,B,1421.6,1436.3,1336.35,1354.0,1378.8,861,3467,4821963.0
2021-12-01,2021-12-01,DBREALTY,B,40.5,40.55,37.9,39.4,38.65,1340,180206,7184833.0
2021-12-01,2021-12-01,EMMBI,B,93.5,95.15,92.5,93.3,92.8,123,3513,329251.0
2021-12-01,2021-12-01,HATHWAY,A,20.5,20.55,20.0,20.15,20.0,1405,279532,5637228.0
2021-12-01,2021-12-01,ARSSINFRA,B,27.55,28.2,27.3,28.0,27.6,83,2313,63672.0
2021-12-01,2021-12-01,TEXMOPIPES,B,57.8,61.6,56.6,61.6,56.0,1085,73617,4409716.0
2021-12-01,2021-12-01,SUNDARAM,T,2.04,2.15,1.97,2.12,2.06,122,455362,952334.0
2021-12-01,2021-12-01,COROENGG,X,34.0,34.0,30.3,31.0,32.65,39,4789,148264.0
2021-12-01,2021-12-01,ROSSELLIND,B,131.0,131.0,125.45,126.15,126.5,134,6134,775429.0
2021-12-01,2021-12-01,MANINFRA,B,90.0,90.5,86.1,86.95,88.8,2075,141446,12360506.0
2021-12-01,2021-12-01,TAMBOLIIN,X,82.0,82.0,78.3,79.95,80.35,54,10562,846670.0
2021-12-01,2021-12-01,IVZINGOLD,E,4301.0,4315.0,4289.0,4289.0,4341.86,5,10,43060.0
2021-12-01,2021-12-01,IL&FSTRANS,Z,4.1,4.1,3.9,4.04,4.1,37,11352,45553.0
2021-12-01,2021-12-01,PERSISTENT,A,4140.0,4225.3,4109.05,4212.25,4122.9,1169,5967,24813528.0
2021-12-01,2021-12-01,ISFT,B,171.5,175.8,164.25,166.35,169.65,111,2203,372173.0
2021-12-01,2021-12-01,GOENKA,Z,1.41,1.41,1.37,1.4,1.35,315,507037,713316.0
2021-12-01,2021-12-01,KCPSUGIND,B,19.3,21.15,19.3,21.0,19.25,489,61851,1286158.0
2021-12-01,2021-12-01,KECL,T,23.65,24.2,22.3,23.05,23.2,191,36063,844735.0
2021-12-01,2021-12-01,SATCH,X,2.28,2.42,2.28,2.4,2.34,112,54085,126751.0
2021-12-01,2021-12-01,TARAPUR,B,4.15,4.29,4.02,4.2,4.15,17,7289,29914.0
2021-12-01,2021-12-01,SJVN,A,27.85,28.25,27.8,28.0,27.85,1306,206385,5770085.0
2021-12-01,2021-12-01,JPINFRATEC,B,2.06,2.06,1.99,2.01,2.07,26032,1079735,2176710.0
2021-12-01,2021-12-01,EMAMIPAP,B,133.65,139.0,132.0,137.05,131.45,143,1655,224115.0
2021-12-01,2021-12-01,KRITINUT,X,39.0,39.85,37.3,39.65,38.45,186,23149,907210.0
2021-12-01,2021-12-01,GKB,X,79.8,79.8,74.5,76.8,78.0,10,616,48113.0
2021-12-01,2021-12-01,HMVL,B,68.5,68.5,67.75,67.75,67.7,159,2023,137918.0
2021-12-01,2021-12-01,EMAMIREAL,B,63.0,66.85,63.0,65.25,66.25,103,3342,218494.0
2021-12-01,2021-12-01,AHLWEST,Z,207.25,228.8,207.25,224.85,218.05,7,81,17470.0
2021-12-01,2021-12-01,AHLEAST,B,177.45,177.7,172.7,174.95,174.0,23,577,102352.0
2021-12-01,2021-12-01,BAJAJCON,A,182.65,185.75,179.95,180.45,182.85,1028,29363,5350828.0
2021-12-01,2021-12-01,HDFCGOLD,E,42.49,42.49,42.11,42.4,42.63,149,32427,1371352.0
2021-12-01,2021-12-01,PRAKASHSTL,B,5.4,5.85,5.4,5.85,5.58,1057,1508612,8717019.0
2021-12-01,2021-12-01,GOLDIETF,E,42.48,42.48,42.2,42.21,42.55,122,5339,226104.0
2021-12-01,2021-12-01,GPPL,A,102.0,102.0,97.4,98.8,97.65,666,27271,2691937.0
2021-12-01,2021-12-01,WELINV,B,271.25,280.8,271.0,271.2,274.6,12,158,43086.0
2021-12-01,2021-12-01,WAAREEINDO,Z,3.43,3.43,3.17,3.17,3.33,152,246743,784156.0
2021-12-01,2021-12-01,HEALTHX,B,456.4,490.0,456.4,480.05,475.75,532,59211,28433142.0
2021-12-01,2021-12-01,CPCAP,B,132.5,132.75,129.95,131.85,131.65,210,3067,404285.0
2021-12-01,2021-12-01,EROSMEDIA,B,18.3,18.3,17.45,18.05,17.75,279,30575,544699.0
2021-12-01,2021-12-01,RAMKY,B,151.6,156.0,148.1,151.3,148.8,171,4465,672651.0
2021-12-01,2021-12-01,GREENPOWER,T,10.51,10.51,10.51,10.51,10.01,1019,2506416,26342432.0
2021-12-01,2021-12-01,GALLISPAT,B,47.15,48.0,46.65,47.7,46.15,298,12293,579880.0
2021-12-01,2021-12-01,CANTABIL,T,681.9,681.9,620.0,651.5,649.9,24,746,475896.0
2021-12-01,2021-12-01,WABAG,A,335.85,338.25,330.1,333.25,331.45,583,8972,2988317.0
2021-12-01,2021-12-01,BEDMUTHA,B,49.2,49.2,47.35,48.15,48.4,49,3659,176556.0
2021-12-01,2021-12-01,ASHOKA,A,95.6,97.75,95.6,96.15,96.2,1574,123826,11958874.0
2021-12-01,2021-12-01,JWL,B,31.85,33.15,31.45,32.05,31.8,240,18251,595160.0
2021-12-01,2021-12-01,OBEROIRLTY,A,849.7,849.7,821.0,837.15,832.7,1696,35287,29497458.0
2021-12-01,2021-12-01,PRESTIGE,A,422.2,446.95,417.25,442.2,421.3,2324,51914,22369300.0
2021-12-01,2021-12-01,SHAH,B,2.25,2.3,2.15,2.23,2.24,67,90772,203337.0
2021-12-01,2021-12-01,COALINDIA,A,154.0,156.5,152.55,155.8,151.95,4890,679997,104907171.0
2021-12-01,2021-12-01,GRAVITA,B,194.55,202.0,194.3,196.25,194.9,567,16374,3229386.0
2021-12-01,2021-12-01,RPPINFRA,B,51.1,51.4,49.1,50.65,50.65,464,19972,1008970.0
2021-12-01,2021-12-01,RDBIPL,X,30.7,32.85,30.7,31.5,31.5,26,1304,40833.0
2021-12-01,2021-12-01,MOIL,A,170.0,170.2,168.1,168.45,169.0,419,9076,1531136.0
2021-12-01,2021-12-01,ZEELEARN,B,11.99,12.17,11.5,12.02,11.73,304,52941,632100.0
2021-12-01,2021-12-01,KTIL,X,39.0,40.5,38.5,40.5,39.0,29,1647,65381.0
2021-12-01,2021-12-01,A2ZINFRA,T,5.5,5.9,5.5,5.65,5.76,344,169975,954858.0
2021-12-01,2021-12-01,KIRLOSENG,A,184.65,190.3,183.5,185.5,182.9,555,5890,1095751.0
2021-12-01,2021-12-01,PSB,B,16.6,16.7,16.0,16.65,16.45,156,12661,208698.0
2021-12-01,2021-12-01,FMNL,B,8.42,8.42,8.23,8.31,8.39,47,11721,97493.0
2021-12-01,2021-12-01,SURANASOL,T,18.95,18.95,18.95,18.95,19.9,58,4458,84479.0
2021-12-01,2021-12-01,KICL,B,1904.95,1904.95,1867.05,1897.4,1869.2,10,61,115704.0
2021-12-01,2021-12-01,BFINVEST,A,317.95,323.25,313.75,314.55,312.05,59,268,84424.0
2021-12-01,2021-12-01,SUMMITSEC,B,668.5,668.5,626.25,633.55,634.5,53,411,260955.0
2021-12-01,2021-12-01,INOVSYNTH,X,17.85,18.3,16.95,17.35,17.5,30,12266,210616.0
2021-12-01,2021-12-01,STEL,B,155.95,155.95,146.55,154.25,149.0,280,10354,1570888.0
2021-12-01,2021-12-01,OMKARCHEM,T,36.2,36.2,36.2,36.2,38.1,67,36828,1333173.0
2021-12-01,2021-12-01,JUBLINDS,B,450.05,484.55,450.05,478.4,467.8,163,1091,523952.0
2021-12-01,2021-12-01,TEXRAIL,A,28.3,29.0,28.0,28.6,28.1,348,27479,779039.0
2021-12-01,2021-12-01,INDTERRAIN,B,56.25,59.0,53.75,57.85,55.25,1993,135241,7673548.0
2021-12-01,2021-12-01,FCL,B,106.05,114.0,105.55,111.0,105.95,2516,115289,12545550.0
2021-12-01,2021-12-01,DHUNINV,B,550.0,670.0,550.0,613.3,615.4,53,282,177709.0
2021-12-01,2021-12-01,ZENTEC,B,204.85,208.0,202.55,205.2,205.0,1729,64900,13338492.0
2021-12-01,2021-12-01,LOVABLE,B,170.9,170.9,161.0,162.95,165.4,1369,43416,7147624.0
2021-12-01,2021-12-01,PFS,A,18.5,18.5,18.1,18.2,18.2,809,70209,1279274.0
2021-12-01,2021-12-01,MON100,E,120.07,121.15,120.04,120.92,120.33,498,26468,3197765.0
2021-12-01,2021-12-01,MUTHOOTFIN,A,1422.0,1478.2,1422.0,1461.7,1430.8,3869,50912,74388658.0
2021-12-01,2021-12-01,FCONSUMER,A,6.8,6.95,6.8,6.88,6.9,1643,659703,4527126.0
2021-12-01,2021-12-01,TRUEGREEN,X,26.05,27.25,25.6,26.85,26.65,44,3352,88593.0
2021-12-01,2021-12-01,BSLGOLDETF,E,43.8,43.99,43.2,43.55,43.7,76,757,32970.0
2021-12-01,2021-12-01,VMS,X,11.15,11.35,10.7,11.25,11.02,25,582,6467.0
2021-12-01,2021-12-01,KARMAENG,B,18.3,19.55,18.0,18.1,18.85,79,6060,111133.0
2021-12-01,2021-12-01,DELPHIFX,B,590.75,591.0,547.0,559.5,576.15,160,1104,626608.0
2021-12-01,2021-12-01,RUSHIL,B,313.35,318.9,309.05,316.65,310.65,211,6649,2070722.0
2021-12-01,2021-12-01,ENKEIWHEL,X,343.55,358.0,343.5,355.1,343.0,27,1983,698382.0
2021-12-01,2021-12-01,KRIDHANINF,B,5.16,5.67,5.16,5.67,5.16,245,202113,1130637.0
2021-12-01,2021-12-01,INVENTURE,B,2.57,2.59,2.53,2.57,2.55,8896,929521,2377272.0
2021-12-01,2021-12-01,LTF,A,76.2,77.95,75.05,77.55,75.3,3559,697895,53324703.0
2021-12-01,2021-12-01,IBULLSLTD,A,89.7,93.15,88.05,92.7,88.75,376,17455,1605521.0
2021-12-01,2021-12-01,TREEHOUSE,B,8.1,8.1,7.82,7.82,8.1,4,54,436.0
2021-12-01,2021-12-01,BROOKS,B,107.5,110.4,103.2,104.4,105.2,148,5406,578037.0
2021-12-01,2021-12-01,RUPA,A,424.85,432.75,416.95,427.75,419.0,895,9987,4231673.0
2021-12-01,2021-12-01,TDPOWERSYS,B,405.05,406.25,385.35,387.7,396.0,986,5529,2164449.0
2021-12-01,2021-12-01,GOLDAXIS,E,41.48,41.48,41.07,41.27,41.7,238,10414,428689.0
2021-12-01,2021-12-01,APLLTD,A,814.95,821.2,782.05,815.65,806.35,961,61442,49435530.0
2021-12-01,2021-12-01,VASWANI,B,14.0,14.19,13.68,14.18,14.0,117,14188,197961.0
2021-12-01,2021-12-01,PGEL,B,540.45,568.0,535.95,559.95,535.6,3685,23295,12737404.0
2021-12-01,2021-12-01,LESHAIND,XT,5.15,5.23,4.75,5.22,4.99,168,26238,129542.0
2021-12-01,2021-12-01,SETUINFRA,B,1.59,1.59,1.47,1.48,1.54,100,227679,340693.0
2021-12-01,2021-12-01,RDBRL,X,72.5,74.0,71.15,73.0,71.3,87,7316,533338.0
2021-12-01,2021-12-01,TIJARIA,B,7.5,7.52,7.05,7.06,7.41,87,19352,140813.0
2021-12-01,2021-12-01,ONELIFECAP,B,12.26,12.33,12.26,12.26,12.9,82,19178,235342.0
2021-12-01,2021-12-01,FLEXITUFF,B,16.55,18.2,16.55,18.2,17.35,51,10856,192839.0
2021-12-01,2021-12-01,UEL,B,3.75,3.99,3.69,3.87,3.71,2051,2581787,9863627.0
2021-12-01,2021-12-01,TRITURBINE,A,192.5,193.85,188.2,190.0,185.75,1164,50084,9582491.0
2021-12-01,2021-12-01,INDOTHAI,B,119.0,124.45,118.0,124.45,118.55,135,13144,1622649.0
2021-12-01,2021-12-01,ESSARSHPNG,B,9.5,9.5,8.62,9.15,8.94,132,28598,261494.0
2021-12-01,2021-12-01,LICMFGOLD,E,4380.0,4400.0,4380.0,4400.0,4400.0,3,3,13180.0
2021-12-01,2021-12-01,APLAPOLLO,A,927.25,933.15,913.0,923.25,921.75,1144,21993,20249636.0
2021-12-01,2021-12-01,GPTINFRA,B,76.85,83.15,74.3,79.45,75.3,377,16254,1302425.0
2021-12-01,2021-12-01,FERVENTSYN,X,13.95,13.95,12.8,13.19,13.25,41,3548,47654.0
2021-12-01,2021-12-01,THOMASCOTT,T,39.35,39.35,35.65,35.65,37.5,53,12827,483118.0
2021-12-01,2021-12-01,TERASOFT,B,45.05,46.65,44.95,45.45,44.6,34,1511,69779.0
2021-12-01,2021-12-01,PMCFIN,XT,2.95,2.95,2.95,2.95,3.1,2837,989610,2919349.0
2021-12-01,2021-12-01,RHIM,A,340.05,340.55,330.0,333.55,337.7,284,2160,725590.0
2021-12-01,2021-12-01,MCX,A,1606.95,1621.05,1577.0,1586.95,1599.7,3680,31253,49868091.0
2021-12-01,2021-12-01,SCHNEIDER,A,108.4,108.4,103.2,104.9,104.1,625,20375,2138626.0
2021-12-01,2021-12-01,OLPCL,XT,3.55,3.7,3.43,3.43,3.61,25,2505,8935.0
2021-12-01,2021-12-01,NBCC,A,42.3,42.75,41.6,42.1,40.3,3465,606665,25491080.0
2021-12-01,2021-12-01,MTEDUCARE,B,7.87,7.87,7.6,7.74,7.82,42,7279,55786.0
2021-12-01,2021-12-01,HEXATRADEX,B,126.0,133.35,124.2,124.3,130.0,41,817,104460.0
2021-12-01,2021-12-01,MAXHEIGHTS,X,14.2,14.5,14.05,14.05,14.0,129,4786,68510.0
2021-12-01,2021-12-01,TBZ,B,79.1,79.1,77.25,78.0,78.15,439,18363,1434206.0
2021-12-01,2021-12-01,VSSL,B,249.8,249.8,229.2,234.5,237.2,932,13991,3275707.0
2021-12-01,2021-12-01,LOOKS,XT,17.45,17.45,15.9,16.5,16.65,715,119486,2005414.0
2021-12-01,2021-12-01,SPECIALITY,B,96.05,97.45,93.2,95.85,94.9,414,11903,1136926.0
2021-12-01,2021-12-01,AURUS,B,4.44,4.6,4.44,4.52,4.39,51,19157,87047.0
2021-12-01,2021-12-01,MASL,M,3.3,3.3,3.0,3.21,3.15,23,28800,88472.0
2021-12-01,2021-12-01,RTNINDIA,B,43.8,44.5,42.5,43.85,42.9,2557,302980,13190157.0
2021-12-01,2021-12-01,SAMPANN,T,18.2,18.2,16.5,18.2,17.34,305,73514,1323854.0
2021-12-01,2021-12-01,JTLIND,X,225.95,234.0,225.9,232.2,219.25,738,113540,26076010.0
2021-12-01,2021-12-01,AMTL,X,16.55,16.55,15.4,15.75,15.99,29,4233,66337.0
2021-12-01,2021-12-01,NECCLTD,B,20.8,20.8,19.5,19.5,19.75,115,16672,327968.0
2021-12-01,2021-12-01,WAAREERTL,X,230.85,230.85,220.0,228.05,224.75,265,15866,3560094.0
2021-12-01,2021-12-01,JUPITERIN,X,22.35,23.25,22.35,22.95,22.4,83,11112,253766.0
2021-12-01,2021-12-01,DUCON,B,9.0,9.54,8.95,9.54,9.09,116,82291,775717.0
2021-12-01,2021-12-01,PROZONER,B,25.75,25.9,24.95,25.7,25.2,540,46701,1181271.0
2021-12-01,2021-12-01,SRGHFL,X,149.55,154.85,147.3,148.65,149.55,41,919,136722.0
2021-12-01,2021-12-01,COMCL,X,11.47,12.48,11.47,12.48,12.07,33,13550,161079.0
2021-12-01,2021-12-01,CASPIAN,X,4.1,4.52,4.1,4.52,4.31,68,114905,489371.0
2021-12-01,2021-12-01,AERPACE,XT,5.36,5.36,5.36,5.36,5.11,3,111,594.0
2021-12-01,2021-12-01,VIRTUALG,X,1.11,1.11,1.11,1.11,1.06,613,1448466,1607797.0
2021-12-01,2021-12-01,ZUARI,B,104.5,104.5,101.5,103.5,102.9,208,9332,959581.0
2021-12-01,2021-12-01,STEELXIND,B,87.0,87.9,86.55,87.1,86.55,273,10207,888760.0
2021-12-01,2021-12-01,TRIOMERC,X,1.99,2.0,1.95,1.97,2.0,136,36995,73124.0
2021-12-01,2021-12-01,CIGNITITEC,A,593.6,598.0,586.3,592.75,588.4,193,1652,979445.0
2021-12-01,2021-12-01,CDG,X,18.75,18.75,18.75,18.75,17.9,3,13,243.0
2021-12-01,2021-12-01,CARERATING,A,621.0,638.35,621.0,629.4,629.25,410,2665,1677672.0
2021-12-01,2021-12-01,PCJEWELLER,A,23.9,23.9,23.2,23.3,23.45,369,76737,1792843.0
2021-12-01,2021-12-01,INDUSTOWER,A,281.05,287.5,274.45,283.95,284.3,3798,185353,52196706.0
2021-12-01,2021-12-01,VMART,A,3947.0,3947.05,3813.1,3855.9,3945.25,360,751,2914437.0
2021-12-01,2021-12-01,NIBE,XT,38.5,40.0,37.8,40.0,39.75,40,2285,89792.0
2021-12-01,2021-12-01,MUKTA,XT,6.56,6.56,6.24,6.24,6.56,70,8314,51995.0
2021-12-01,2021-12-01,MYSTICELE,XT,6.0,6.25,5.67,5.67,5.96,87,24510,144212.0
2021-12-01,2021-12-01,COMFINCAP,X,62.45,62.45,58.55,62.0,59.6,237,15710,961036.0
2021-12-01,2021-12-01,SBISENSEX,B,604.0,612.39,599.5,609.9,604.74,169,2986,1820406.0
2021-12-01,2021-12-01,BMAL,M,2.89,2.89,2.89,2.89,2.76,2,8000,23120.0
2021-12-01,2021-12-01,REPCOHOME,A,303.85,309.8,303.25,308.6,300.05,584,8307,2550433.0
2021-12-01,2021-12-01,LAKHOTIA,XT,11.73,11.73,11.73,11.73,11.73,2,3,35.0
2021-12-01,2021-12-01,GCMSECU,M,2.26,2.37,2.26,2.26,2.26,7,12800,29632.0
2021-12-01,2021-12-01,NIBL,B,21.25,22.35,21.0,21.25,21.95,30,1704,36474.0
2021-12-01,2021-12-01,KIFS,X,40.5,40.5,40.5,40.5,39.95,1,1,40.0
2021-12-01,2021-12-01,SREEL,B,157.1,171.9,157.1,164.4,163.1,25,202,32929.0
2021-12-01,2021-12-01,SHARDAMOTR,B,788.0,788.0,736.6,762.55,737.95,571,3884,2962215.0
2021-12-01,2021-12-01,BINNYMILLS,X,138.25,150.0,138.25,142.0,144.3,9,191,26970.0
2021-12-01,2021-12-01,SVGLOBAL,X,73.0,73.0,66.3,67.9,69.7,12,415,28327.0
2021-12-01,2021-12-01,JUSTDIAL,A,665.0,701.95,656.5,690.0,653.6,5971,154848,106454064.0
2021-12-01,2021-12-01,OONE,XT,7.3,7.44,6.81,7.08,7.15,53,8084,57236.0
2021-12-01,2021-12-01,IFINSEC,XT,15.58,15.58,14.12,14.57,14.85,5,50,743.0
2021-12-01,2021-12-01,BRAHMINFRA,X,32.3,32.3,29.3,31.55,31.65,52,8225,249117.0
2021-12-01,2021-12-01,ORIENTCEM,A,155.5,158.5,155.1,156.25,156.25,762,22899,3589863.0
2021-12-01,2021-12-01,ABFRL,A,260.7,262.2,252.9,260.85,255.3,2889,191268,49326536.0
2021-12-01,2021-12-01,SAMMAANCAP,A,231.0,251.9,228.7,250.55,228.95,18105,2643886,643282877.0
2021-12-01,2021-12-01,GCMCOMM,M,3.22,3.38,3.22,3.22,3.38,5,30000,97560.0
2021-12-01,2021-12-01,KUSHAL,XT,3.48,3.56,3.32,3.45,3.48,136,50541,172251.0
2021-12-01,2021-12-01,TIGERLOGS,X,166.0,166.0,156.0,158.35,163.0,288,31581,4994003.0
2021-12-01,2021-12-01,JKAGRI,X,625.0,625.0,610.0,615.05,616.15,63,578,355678.0
2021-12-01,2021-12-01,FLFL,A,53.0,53.0,50.55,51.45,52.5,430,21815,1126506.0
2021-12-01,2021-12-01,NOVELIX,X,5.72,5.72,5.72,5.72,6.01,1,30,171.0
2021-12-01,2021-12-01,PVVINFRA,Z,7.67,7.69,7.51,7.69,7.33,83,15911,121875.0
2021-12-01,2021-12-01,VCU,T,7.15,7.15,6.8,6.8,7.15,4,4432,31687.0
2021-12-01,2021-12-01,ACFSL,M,8.22,8.22,8.22,8.22,6.85,1,1200,9864.0
2021-12-01,2021-12-01,JPOLYINVST,T,360.35,360.35,360.35,360.35,379.3,18,298,107384.0
2021-12-01,2021-12-01,YURANUS,XT,5.6,5.72,5.18,5.72,5.45,31,15708,82880.0
2021-12-01,2021-12-01,INTELSOFT,XT,33.05,33.05,33.05,33.05,34.75,589,40548,1340111.0
2021-12-01,2021-12-01,MOM100,B,31.3,32.33,30.7,31.48,31.55,398,30629,965457.0
2021-12-01,2021-12-01,BPCAP,X,7.89,7.99,7.31,7.42,7.69,53,5478,41581.0
2021-12-01,2021-12-01,CPL,X,22.9,22.9,22.0,22.4,22.55,427,168942,3775207.0
2021-12-01,2021-12-01,NIFTYIETF,B,183.34,184.95,183.34,184.53,182.26,239,18735,3451466.0
2021-12-01,2021-12-01,NIF100IETF,B,187.5,193.0,187.15,189.88,189.81,45,218,41417.0
2021-12-01,2021-12-01,ARNOLD,X,12.8,13.45,12.8,13.05,13.45,15,491,6439.0
2021-12-01,2021-12-01,SUNLOC,XT,35.5,37.25,35.5,37.2,35.5,6,226,8041.0
2021-12-01,2021-12-01,JTLDEFENCE,B,9.05,9.05,8.75,9.05,9.05,11,1235,10837.0
2021-12-01,2021-12-01,SUYOG,B,390.0,400.95,385.0,400.95,391.65,20,544,213388.0
2021-12-01,2021-12-01,NATHBIOGEN,A,266.35,267.0,260.0,261.0,263.85,144,2856,748825.0
2021-12-01,2021-12-01,AGRITECH,T,65.0,66.85,63.1,65.35,65.4,9,132,8568.0
2021-12-01,2021-12-01,CHEMTECH,T,9.54,9.54,9.54,9.54,9.09,2,425,4054.0
2021-12-01,2021-12-01,KETOMOTORS,XT,35.05,38.5,35.0,38.3,36.75,45,3716,140954.0
2021-12-01,2021-12-01,NIF100BEES,B,180.0,184.86,177.5,179.68,179.68,54,574,103650.0
2021-12-01,2021-12-01,VIAANINDUS,XT,1.54,1.54,1.54,1.54,1.62,113,48926,75346.0
2021-12-01,2021-12-01,DENISCHEM,X,65.95,65.95,63.8,63.95,63.0,35,3612,231270.0
2021-12-01,2021-12-01,POLYMAC,M,37.25,37.25,37.25,37.25,36.5,1,800,29800.0
2021-12-01,2021-12-01,NIFTY1,B,179.5,181.45,179.5,181.16,179.09,101,9641,1744304.0
2021-12-01,2021-12-01,HANSUGAR,XT,3.25,3.52,3.2,3.2,3.36,165,147282,473990.0
2021-12-01,2021-12-01,KIRANVYPAR,X,124.25,127.65,122.0,124.0,127.1,46,1435,177792.0
2021-12-01,2021-12-01,BCP,B,3.9,3.96,3.81,3.9,3.81,43,57340,221908.0
2021-12-01,2021-12-01,RACE,M,210.25,210.45,210.25,210.45,210.25,5,3750,788812.0
2021-12-01,2021-12-01,MANGIND,XT,3.91,3.92,3.8,3.9,3.74,2300,3461334,13559610.0
2021-12-01,2021-12-01,VIJIFIN,T,4.23,4.23,4.05,4.23,4.03,111,151827,640290.0
2021-12-01,2021-12-01,HBGHOTELS,X,13.26,13.95,13.26,13.95,13.95,6,812,10775.0
2021-12-01,2021-12-01,RAUNAQ,XT,25.0,25.8,23.5,25.3,24.7,11,114,2788.0
2021-12-01,2021-12-01,INFRONICS,X,7.2,7.31,7.2,7.31,7.31,7,1740,12713.0
2021-12-01,2021-12-01,CPSEETF,B,29.69,29.69,29.21,29.58,29.43,954,62662,1842604.0
2021-12-01,2021-12-01,VASUPRADA,X,106.4,115.0,106.4,113.85,110.1,9,10,1134.0
2021-12-01,2021-12-01,RNBDENIMS,B,37.0,37.0,35.55,36.8,35.45,310,56311,2068478.0
2021-12-01,2021-12-01,GOLDLINE,Z,0.29,0.3,0.29,0.29,0.3,85,213538,62177.0
2021-12-01,2021-12-01,SHARPINV,XT,2.37,2.37,2.37,2.37,2.49,1510,821805,1947677.0
2021-12-01,2021-12-01,WONDERLA,A,207.3,211.7,201.5,203.35,205.4,745,11627,2365694.0
2021-12-01,2021-12-01,RESPONSINF,XT,11.77,11.77,11.77,11.77,11.21,1,50,588.0
2021-12-01,2021-12-01,AFEL,X,48.0,51.0,47.3,50.25,49.2,154,73033,3657056.0
2021-12-01,2021-12-01,INCREDIBLE,B,22.85,22.85,22.1,22.45,22.55,35,997,22396.0
2021-12-01,2021-12-01,WESTLEIRES,XT,131.1,138.0,131.1,137.8,138.0,10,229,30210.0
2021-12-01,2021-12-01,NAM,X,46.0,48.85,46.0,48.85,46.55,4,91,4245.0
2021-12-01,2021-12-01,METSL,X,52.0,58.35,51.25,55.25,52.75,33,2374,130616.0
2021-12-01,2021-12-01,SPS,B,83.0,83.0,80.0,80.5,81.55,10,77,6198.0
2021-12-01,2021-12-01,MONEYBOXX,B,99.4,99.4,94.6,95.5,99.45,19,3057,290003.0
2021-12-01,2021-12-01,WORTH,XT,66.95,66.95,66.95,66.95,70.45,5,12,803.0
2021-12-01,2021-12-01,TPROJECT,X,2.48,2.48,2.36,2.36,2.48,6,1000,2420.0
2021-12-01,2021-12-01,CTL,X,12.51,12.51,12.51,12.51,11.92,537,186392,2331763.0
2021-12-01,2021-12-01,TARINI,M,20.0,20.0,19.5,19.5,18.3,4,12000,237600.0
2021-12-01,2021-12-01,YAANENT,X,21.25,22.25,21.25,22.2,21.25,6,46,981.0
2021-12-01,2021-12-01,PIPAN,XT,1.0,1.0,0.95,0.97,1.0,130,36488,35249.0
2021-12-01,2021-12-01,ANVRDHI,XT,3.36,3.36,3.36,3.36,3.2,18,3522,11833.0
2021-12-01,2021-12-01,GOLDCOINHF,XT,12.76,12.76,12.76,12.76,12.16,30,2218,28301.0
2021-12-01,2021-12-01,BRPL,M,41.4,41.45,41.4,41.45,39.5,2,8000,331400.0
2021-12-01,2021-12-01,SKIPPER,B,66.5,68.75,66.05,66.95,64.55,362,20064,1353697.0
2021-12-01,2021-12-01,JAMESWARREN,X,269.35,269.35,255.05,260.1,254.4,160,9591,2497016.0
2021-12-01,2021-12-01,VISTARAMAR,X,71.15,71.15,66.55,68.0,70.3,32,826,56570.0
2021-12-01,2021-12-01,APOLLOTRI,A,783.5,795.0,775.0,777.6,784.05,3031,17297,13508805.0
2021-12-01,2021-12-01,GULFOILLUB,A,527.35,528.4,514.8,520.0,512.95,761,4560,2373985.0
2021-12-01,2021-12-01,FRUTION,X,10.75,10.75,10.75,10.75,10.5,11,1212,13029.0
2021-12-01,2021-12-01,CEMAINFRA,XT,4.75,4.87,4.41,4.87,4.64,35,3454,15576.0
2021-12-01,2021-12-01,TTIENT,XT,49.0,52.0,48.05,50.15,49.85,499,29085,1476837.0
2021-12-01,2021-12-01,VISHAL,B,89.8,89.85,85.0,87.65,88.65,133,14205,1230781.0
2021-12-01,2021-12-01,TOYAMSL,XT,3.54,3.68,3.34,3.66,3.51,413,1041930,3723680.0
2021-12-01,2021-12-01,UNISON,XT,45.6,45.6,44.0,45.6,43.45,90,7254,330774.0
2021-12-01,2021-12-01,RTFL,Z,12.5,12.5,12.5,12.5,12.75,6,61,762.0
2021-12-01,2021-12-01,VRL,X,120.95,120.95,113.0,114.65,117.7,67,2901,337644.0
2021-12-01,2021-12-01,SNOWMAN,A,38.7,39.2,38.5,38.8,38.75,946,89846,3484139.0
2021-12-01,2021-12-01,QGO,XT,26.0,26.0,23.6,25.95,24.8,11,1534,39493.0
2021-12-01,2021-12-01,PURSHOTTAM,X,9.43,9.43,8.97,8.97,9.43,10,200508,1798560.0
2021-12-01,2021-12-01,SHARDACROP,A,331.5,331.5,313.25,315.25,314.2,247,2255,709725.0
2021-12-01,2021-12-01,CITYONLINE,Z,7.9,7.91,7.55,7.55,7.91,8,905,6947.0
2021-12-01,2021-12-01,SENSEXBEES,B,629.0,631.0,625.47,625.67,623.6,16,93,58376.0
2021-12-01,2021-12-01,SHEMAROO,T,125.5,126.45,122.2,125.9,126.05,50,5007,628610.0
2021-12-01,2021-12-01,ULTRACAB,B,157.0,157.0,137.25,140.6,139.95,152,2483,349110.0
2021-12-01,2021-12-01,ETIL,X,8.12,8.12,8.12,8.12,8.12,7,620,5034.0
2021-12-01,2021-12-01,ATISHAY,B,55.0,55.85,48.3,48.6,53.65,1104,157680,7889394.0
2021-12-01,2021-12-01,SANGAMFIN,X,52.0,53.85,52.0,53.85,54.0,2,12,627.0
2021-12-01,2021-12-01,DHABRIYA,B,90.05,95.7,88.8,89.9,94.2,55,2758,250650.0
2021-12-01,2021-12-01,PDSL,B,1420.0,1527.9,1408.0,1503.65,1420.35,381,1146,1674178.0
2021-12-01,2021-12-01,HANMAN,M,1.72,1.72,1.72,1.72,1.57,1,4200,7224.0
2021-12-01,2021-12-01,VGCL,T,55.0,55.0,55.0,55.0,55.0,4,946,52030.0
2021-12-01,2021-12-01,STARLIT,B,12.32,12.35,11.0,11.24,11.58,57,11383,132461.0
2021-12-01,2021-12-01,CEINSYS,B,139.0,158.9,132.0,136.7,135.45,73,2812,399949.0
2021-12-01,2021-12-01,PANABYTE,XT,25.45,25.45,25.45,25.45,24.25,3,677,17229.0
2021-12-01,2021-12-01,JSHL,M,2.4,2.49,2.29,2.46,2.4,7,35000,84800.0
2021-12-01,2021-12-01,CRANEINFRA,XT,8.75,8.75,8.23,8.69,8.66,17,1733,14317.0
2021-12-01,2021-12-01,NIYOGIN,X,76.6,76.6,69.3,70.55,73.35,340,95503,6864922.0
2021-12-01,2021-12-01,KALYANCAP,XT,50.5,52.4,48.1,51.45,50.5,32,9571,470897.0
2021-12-01,2021-12-01,CITIZEN,XT,4.52,4.52,4.52,4.52,4.52,1,1,4.0
2021-12-01,2021-12-01,SAPPL,X,317.75,330.0,317.15,324.15,317.75,42,1184,383928.0
2021-12-01,2021-12-01,AANCHALISP,XT,11.6,12.81,11.59,12.67,12.2,369,182574,2185113.0
2021-12-01,2021-12-01,CAPPIPES,M,64.95,65.0,64.95,65.0,64.5,10,15000,974925.0
2021-12-01,2021-12-01,JMJFIN,X,12.31,12.31,12.31,12.31,11.73,14,1222,15042.0
2021-12-01,2021-12-01,INTELLECT,A,617.3,639.55,617.3,629.45,620.5,919,60815,38288391.0
2021-12-01,2021-12-01,MONTECARLO,B,580.0,580.0,551.0,555.5,549.2,532,5098,2837250.0
2021-12-01,2021-12-01,JSTL,X,117.25,127.6,115.5,127.45,121.55,627,84126,10245704.0
2021-12-01,2021-12-01,PANAFIC,X,0.97,0.97,0.97,0.97,0.93,114,306788,297584.0
2021-12-01,2021-12-01,AMARNATH,XT,7.4,7.4,7.05,7.05,7.05,7,1480000,10434183.0
2021-12-01,2021-12-01,CSL,XT,19.55,19.55,19.45,19.45,19.35,2,1430,27880.0
2021-12-01,2021-12-01,SELLWIN,XT,15.7,16.25,15.7,15.7,15.5,32,6921,108664.0
2021-12-01,2021-12-01,EMERALD,X,14.06,14.07,12.74,13.78,13.4,80,23792,324471.0
2021-12-01,2021-12-01,MKEXIM,X,133.7,133.7,121.0,121.0,127.35,748,48371,6136466.0
2021-12-01,2021-12-01,MCLOUD,XT,47.45,47.5,43.25,43.9,45.4,82,28966,1289988.0
2021-12-01,2021-12-01,OCTAL,XT,118.8,118.8,118.8,118.8,125.05,13,717,85179.0
2021-12-01,2021-12-01,KANCHI,X,793.0,819.0,786.1,804.1,791.95,296,5118,4117602.0
2021-12-01,2021-12-01,DTIL,B,245.0,245.0,237.6,238.3,240.6,108,1382,331922.0
2021-12-01,2021-12-01,VANICOM,XT,12.58,12.58,12.58,12.58,11.99,9,923,11611.0
2021-12-01,2021-12-01,VINCOFE,X,68.0,69.25,62.75,66.85,66.05,83,2058,132334.0
2021-12-01,2021-12-01,COSYN,X,22.0,22.2,21.0,21.6,22.05,73,7108,152166.0
2021-12-01,2021-12-01,MERCANTILE,X,14.4,14.95,14.4,14.85,15.22,20,994,14496.0
2021-12-01,2021-12-01,SONAL,X,44.5,44.55,40.6,44.45,42.45,82,7573,335989.0
2021-12-01,2021-12-01,ALFL,X,2.8,2.8,2.8,2.8,2.67,29,12238,34266.0
2021-12-01,2021-12-01,GENUSPAPER,B,10.05,10.22,9.91,9.94,10.05,100,33432,336714.0
2021-12-01,2021-12-01,MINDACORP,A,161.0,170.4,161.0,165.9,163.8,1662,47202,7870869.0
2021-12-01,2021-12-01,MERCURYLAB,X,600.5,600.5,580.0,587.0,615.0,20,202,119224.0
2021-12-01,2021-12-01,CONCORD,XT,30.6,30.6,28.3,28.35,29.3,38,3659,108491.0
2021-12-01,2021-12-01,WARDINMOBI,B,72.5,75.4,70.1,73.8,72.1,2021,268945,19710414.0
2021-12-01,2021-12-01,GREENLAM,B,1522.35,1537.0,1480.1,1487.3,1485.85,137,525,785016.0
2021-12-01,2021-12-01,TALBROSENG,X,279.9,289.7,273.0,279.35,275.9,224,11678,3288766.0
2021-12-01,2021-12-01,JAYATMA,XT,66.35,66.35,66.35,66.35,63.25,6,250,16587.0
2021-12-01,2021-12-01,PTCIL,XT,3096.0,3164.9,3002.0,3108.6,3014.2,80,841,2614211.0
2021-12-01,2021-12-01,CHENFERRO,XT,132.7,132.7,120.1,120.1,126.4,100,3353,425913.0
2021-12-01,2021-12-01,MEGRISOFT,XT,183.0,183.0,165.95,177.9,174.65,23,360,60535.0
2021-12-01,2021-12-01,GITARENEW,XT,158.4,158.4,158.4,158.4,150.9,6,70,11088.0
2021-12-01,2021-12-01,ORTEL,Z,1.15,1.15,1.09,1.14,1.14,11,12007,13397.0
2021-12-01,2021-12-01,NEIL,X,6.34,6.8,6.33,6.35,6.66,56,12136,77186.0
2021-12-01,2021-12-01,STARHFL,B,93.0,93.0,83.2,84.7,87.15,86,1832,158497.0
2021-12-01,2021-12-01,BEEKAY,X,325.0,349.95,309.0,322.0,329.65,98,4437,1451220.0
2021-12-01,2021-12-01,SETFBSE100,B,182.51,189.5,176.1,185.0,182.51,128,275785,51109291.0
2021-12-01,2021-12-01,FRASER,X,12.83,12.83,12.83,12.83,13.5,84,15975,204959.0
2021-12-01,2021-12-01,TIRUPATIIN,XT,5.4,5.69,5.31,5.6,5.5,97,6447,35613.0
2021-12-01,2021-12-01,GANVERSE,M,4.28,4.48,4.28,4.48,4.28,2,22500,96800.0
2021-12-01,2021-12-01,AGIIL,B,139.9,141.0,134.2,139.8,135.0,39,5273,727122.0
2021-12-01,2021-12-01,BKMINDST,Z,1.4,1.4,1.36,1.39,1.43,47,30892,42338.0
2021-12-01,2021-12-01,MANAKSTEEL,B,36.25,37.6,36.0,36.75,35.8,164,7229,264782.0
2021-12-01,2021-12-01,MANAKALUCO,B,17.25,17.6,16.75,17.45,17.05,147,17426,302064.0
2021-12-01,2021-12-01,MANAKCOAT,B,20.55,20.95,20.2,20.7,20.5,88,7401,152042.0
2021-12-01,2021-12-01,IMAGICAA,T,10.69,10.69,9.9,9.97,10.42,81,28610,288153.0
2021-12-01,2021-12-01,INOXWIND,B,122.4,123.2,120.2,120.9,120.7,601,20407,2477680.0
2021-12-01,2021-12-01,RAJPUTANA,X,12.3,12.3,12.3,12.3,12.94,2,100,1230.0
2021-12-01,2021-12-01,URSUGAR,M,29.5,29.5,27.0,27.0,28.45,5,116000,3165600.0
2021-12-01,2021-12-01,FILTRA,M,15.0,15.0,15.0,15.0,15.0,2,27000,405000.0
2021-12-01,2021-12-01,SHESHAINDS,X,9.12,9.12,9.12,9.12,8.69,2,18,164.0
2021-12-01,2021-12-01,SAB,X,99.0,99.0,94.2,94.75,98.7,75,2258,217403.0
2021-12-01,2021-12-01,PML,X,1585.0,1594.0,1532.0,1562.9,1566.0,39,207,324177.0
2021-12-01,2021-12-01,ALANSCOTT,XT,243.4,243.4,243.4,243.4,231.85,6,381,92735.0
2021-12-01,2021-12-01,VRLLOG,A,455.3,485.6,455.3,470.1,455.25,1627,19253,9014145.0
2021-12-01,2021-12-01,GRAMEVA,X,13.35,13.35,13.35,13.35,13.35,3,72,961.0
2021-12-01,2021-12-01,PALCO,X,23.0,23.0,23.0,23.0,23.0,2,2,46.0
2021-12-01,2021-12-01,BODHTREE,X,35.65,35.65,34.25,34.3,35.0,101,4747,163647.0
2021-12-01,2021-12-01,MEP,T,19.8,20.45,19.4,19.95,19.85,87,16075,317916.0
2021-12-01,2021-12-01,WARDWIZFBL,X,8.41,8.41,8.41,8.41,7.65,25,5512,46355.0
2021-12-01,2021-12-01,UFO,B,97.9,98.35,95.5,96.2,95.65,726,37709,3631516.0
2021-12-01,2021-12-01,PANTH,X,8.48,9.0,8.04,8.59,8.37,71,5126,44989.0
2021-12-01,2021-12-01,SHIVALIK,X,799.0,823.95,785.0,811.8,796.05,107,1642,1318855.0
2021-12-01,2021-12-01,ICSL,X,3.15,3.15,3.0,3.02,3.15,25,14186,42910.0
2021-12-01,2021-12-01,PNCINFRA,A,304.05,308.25,297.3,299.15,304.05,569,10069,3020584.0
2021-12-01,2021-12-01,ARFIN,X,71.9,71.9,65.0,65.05,67.95,21,340,22345.0
2021-12-01,2021-12-01,HELPAGE,XT,11.45,12.02,11.45,12.02,11.45,3,19,223.0
2021-12-01,2021-12-01,HAWAENG,XT,52.9,52.9,51.0,51.0,50.5,2,125,6422.0
2021-12-01,2021-12-01,AIIL,X,153.55,156.0,144.05,145.95,150.5,418,11455,1687321.0
2021-12-01,2021-12-01,POEL,X,55.5,61.7,54.55,60.9,54.8,243,35650,2107733.0
2021-12-01,2021-12-01,AEL,X,31.3,32.85,30.35,31.95,31.9,96,14919,468781.0
2021-12-01,2021-12-01,DEVHARI,XT,0.65,0.66,0.63,0.66,0.63,656,2233770,1460090.0
2021-12-01,2021-12-01,SGFIN,XT,26.35,26.35,26.35,26.35,25.1,1,1,26.0
2021-12-01,2021-12-01,SATIA,A,86.2,87.65,85.2,86.95,85.05,56,1235,106435.0
2021-12-01,2021-12-01,GARMNTMNTR,B,154.9,154.9,143.0,148.15,151.85,35,7117,1063666.0
2021-12-01,2021-12-01,SRESTHA,XT,2.42,2.42,2.42,2.42,2.54,281,381831,924031.0
2021-12-01,2021-12-01,SAUMYA,X,174.8,174.8,174.8,174.8,184.0,12,187,32687.0
2021-12-01,2021-12-01,MUL,X,20.0,21.2,20.0,21.2,20.2,83,17151,360665.0
2021-12-01,2021-12-01,MISHKA,T,34.7,34.7,34.6,34.65,34.7,10,565,19569.0
2021-12-01,2021-12-01,SPORTKING,XT,1245.0,1311.0,1240.05,1261.25,1261.0,798,8586,10929320.0
2021-12-01,2021-12-01,GROWINGTON,M,9.05,9.05,9.05,9.05,9.05,1,2500,22625.0
2021-12-01,2021-12-01,AMBITION,B,4.47,4.47,4.0,4.43,4.35,21,4383,18218.0
2021-12-01,2021-12-01,RUDRA,B,28.1,29.35,28.1,29.15,28.55,23,5959,172991.0
2021-12-01,2021-12-01,LOYAL,B,32.9,32.9,30.65,32.0,30.65,8,606,19324.0
2021-12-01,2021-12-01,GGPL,B,28.7,34.5,28.65,31.55,28.9,62,7740,243126.0
2021-12-01,2021-12-01,MRSS,M,6.83,7.33,6.83,7.28,7.07,13,11400,80364.0
2021-12-01,2021-12-01,GPL,X,154.8,154.8,154.8,154.8,154.8,4,47,7275.0
2021-12-01,2021-12-01,BALKRISHNA,B,25.15,25.15,24.5,24.5,25.3,5,31,766.0
2021-12-01,2021-12-01,SHYAMCENT,B,11.54,11.72,10.7,10.89,11.25,240,1076885,12308464.0
2021-12-01,2021-12-01,ADANIENSOL,T,1717.4,1888.0,1717.4,1803.95,1807.75,1183,7734,13606158.0
2021-12-01,2021-12-01,STARDELTA,X,77.15,83.0,77.0,82.75,82.1,10,730,57792.0
2021-12-01,2021-12-01,SAMSRITA,XT,23.15,24.0,23.15,24.0,23.15,6,30,714.0
2021-12-01,2021-12-01,SYNGENE,A,605.0,606.15,582.4,588.4,595.5,1218,25139,14994692.0
2021-12-01,2021-12-01,MSL,B,82.1,86.0,81.85,84.05,82.5,26,1110,91611.0
2021-12-01,2021-12-01,KAYA,B,470.0,470.0,445.5,451.25,451.95,126,383,174212.0
2021-12-01,2021-12-01,SYMBIOX,X,1.6,1.6,1.55,1.55,1.63,27,13782,21672.0
2021-12-01,2021-12-01,ORTINGLOBE,B,33.0,34.0,31.35,31.7,30.3,1850,182251,6000175.0
2021-12-01,2021-12-01,AVI,XT,56.6,56.6,54.65,54.65,57.5,424,24063,1321858.0
2021-12-01,2021-12-01,AURUM,A,182.4,183.0,182.4,182.4,191.95,642,64483,11762186.0
2021-12-01,2021-12-01,OSWALGREEN,B,21.15,23.6,20.7,23.1,20.65,695,99200,2214592.0
2021-12-01,2021-12-01,VASUDHAGAM,X,13.09,13.09,13.09,13.09,13.77,47,6339,82977.0
2021-12-01,2021-12-01,SUNRAKSHAK,X,21.4,22.3,20.0,21.1,21.25,8,141,3036.0
2021-12-01,2021-12-01,ARVSMART,T,192.75,199.5,186.1,191.55,192.75,145,17443,3309729.0
2021-12-01,2021-12-01,POWERMECH,A,903.75,945.1,903.75,937.55,908.9,301,1352,1262642.0
2021-12-01,2021-12-01,CANOPYFIN,XT,14.9,15.28,14.9,15.28,14.56,16,2650,40491.0
2021-12-01,2021-12-01,RAMASTEEL,B,234.55,234.55,213.6,222.85,224.8,231,9547,2057209.0
2021-12-01,2021-12-01,THINKINK,X,40.3,40.3,37.35,38.15,37.55,127,652437,24712638.0
2021-12-01,2021-12-01,SENSEXBETA,B,615.0,650.0,595.1,607.6,618.5,56,773,482287.0
2021-12-01,2021-12-01,NIFTYBETA,B,1800.0,1819.0,1800.0,1805.0,1804.0,17,28,50654.0
2021-12-01,2021-12-01,UNIAUTO,M,74.0,74.0,74.0,74.0,70.65,1,2500,185000.0
2021-12-01,2021-12-01,VETO,B,108.0,108.0,93.0,107.6,107.35,361,13113,1376166.0
2021-12-01,2021-12-01,NAVKARCORP,B,40.95,41.35,39.45,40.05,39.45,527,37507,1501375.0
2021-12-01,2021-12-01,SHREEPUSHK,B,204.95,206.6,201.8,204.0,201.05,300,4001,817681.0
2021-12-01,2021-12-01,GUJENERGY,A,671.1,673.55,652.3,665.15,669.65,2249,45362,30011718.0
2021-12-01,2021-12-01,SADBHIN,B,13.26,13.26,12.6,12.89,12.9,116,48728,627253.0
2021-12-01,2021-12-01,SALAUTO,X,180.3,199.6,180.3,191.0,188.55,19,158,30381.0
2021-12-01,2021-12-01,POLYSPIN,X,67.0,67.0,62.5,65.85,65.95,41,4432,284020.0
2021-12-01,2021-12-01,PRITIKAUTO,B,17.2,17.4,16.55,17.15,16.8,86,7974,134831.0
2021-12-01,2021-12-01,SML,XT,50.85,50.85,50.85,50.85,53.5,1,2,101.0
2021-12-01,2021-12-01,MAHAVEER,Z,5.88,5.88,5.48,5.48,5.6,16,1298,7271.0
2021-12-01,2021-12-01,KRISHNACAP,XT,9.35,9.35,9.35,9.35,9.35,1,1,9.0
2021-12-01,2021-12-01,ACME,X,13.0,13.0,12.4,12.85,12.94,11,515,6611.0
2021-12-01,2021-12-01,VISHALBL,B,57.8,57.8,52.4,52.4,55.15,99,18479,979406.0
2021-12-01,2021-12-01,BELLACASA,B,192.75,195.0,191.0,194.45,188.95,70,2211,426687.0
2021-12-01,2021-12-01,MALLCOM,X,700.0,709.0,684.3,688.8,690.9,32,381,262709.0
2021-12-01,2021-12-01,NAKSH,B,43.2,45.65,43.2,45.6,43.75,13,27,1190.0
2021-12-01,2021-12-01,SATIN,A,69.05,70.3,67.75,69.85,68.3,143,14017,967824.0
2021-12-01,2021-12-01,GENCON,B,37.85,37.85,35.0,35.3,35.65,96,5833,207790.0
2021-12-01,2021-12-01,NEERAJ,XT,10.97,10.97,10.5,10.5,10.97,2,57,601.0
2021-12-01,2021-12-01,MUZALI,X,3.96,4.16,3.79,3.86,3.98,102,104527,403060.0
2021-12-01,2021-12-01,TEJNAKSH,T,111.95,113.95,111.0,113.5,108.55,63,31604,3571109.0
2021-12-01,2021-12-01,COFFEEDAY,B,36.95,37.85,36.25,37.3,36.55,1235,156866,5782515.0
2021-12-01,2021-12-01,IDFCFIRSTB,A,45.0,46.5,44.35,46.25,44.6,10701,2687185,121896761.0
2021-12-01,2021-12-01,BEARDSELL,B,12.01,12.74,11.83,12.05,12.44,26,12272,150069.0
2021-12-01,2021-12-01,INDIGO,A,1917.0,1959.0,1854.0,1901.4,1907.0,9901,62361,118362159.0
2021-12-01,2021-12-01,SHK,A,152.8,152.8,144.15,145.9,148.0,933,23352,3450329.0
2021-12-01,2021-12-01,PANORAMA,XT,55.45,55.45,51.65,52.0,54.35,20,5029,261572.0
2021-12-01,2021-12-01,SHREEGANES,X,147.25,150.0,147.25,147.95,148.0,45,15254,2259275.0
2021-12-01,2021-12-01,GTV,X,25.0,25.7,25.0,25.45,25.1,8,880,22245.0
2021-12-01,2021-12-01,LICNETFN50,B,186.0,193.0,178.1,187.83,178.14,53,212,39768.0
2021-12-01,2021-12-01,SMARTFIN,XT,7.67,7.67,7.67,7.67,7.31,21,1440,11044.0
2021-12-01,2021-12-01,ADCON,XT,11.44,11.44,10.41,10.72,10.9,28,2118,24166.0
2021-12-01,2021-12-01,QUINT,X,340.0,348.0,318.2,340.05,357.9,8,14,4623.0
2021-12-01,2021-12-01,HDFCNIFTY,B,184.0,200.03,183.1,191.21,184.64,514,22064,4129979.0
2021-12-01,2021-12-01,HDFCSENSEX,B,624.0,638.93,619.0,628.64,623.09,247,67099,41710052.0
2021-12-01,2021-12-01,UDAYJEW,X,100.05,102.0,100.0,102.0,100.05,29,5347,537915.0
2021-12-01,2021-12-01,SATTVASUKU,X,19.05,20.1,18.5,19.1,19.5,337,36909,707038.0
2021-12-01,2021-12-01,ALKEM,A,3596.35,3639.9,3430.65,3439.7,3591.3,1422,5715,19866215.0
2021-12-01,2021-12-01,LALPATHLAB,A,3852.95,3852.95,3703.25,3721.75,3794.35,4277,34876,131264562.0
2021-12-01,2021-12-01,SCTL,B,1.06,1.06,1.06,1.06,1.11,1167,778100,824786.0
2021-12-01,2021-12-01,CREATIVE,X,365.0,365.0,350.0,359.05,370.0,26,201,71971.0
2021-12-01,2021-12-01,AAYUSH,X,25.5,25.5,23.05,23.6,23.95,50,4335,104384.0
2021-12-01,2021-12-01,LUXIND,A,3771.75,3957.25,3762.75,3929.15,3802.3,1392,5366,20825288.0
2021-12-01,2021-12-01,ABHIINFRA,X,4.1,4.1,4.1,4.1,4.14,2,62,254.0
2021-12-01,2021-12-01,APOORVA,XT,33.25,34.9,31.6,34.0,33.25,27,2412,82048.0
2021-12-01,2021-12-01,NH,A,613.95,613.95,582.15,585.9,598.55,1422,16296,9644060.0
2021-12-01,2021-12-01,DEEPAI,XT,15.33,15.33,13.9,14.29,14.6,38,70226,1064334.0
2021-12-01,2021-12-01,SUPHA,X,134.0,134.05,133.0,133.65,133.0,14,10628,1421915.0
2021-12-01,2021-12-01,AARNAV,XT,68.65,75.85,68.65,72.05,72.25,62,11780,857805.0
2021-12-01,2021-12-01,ACEWIN,MT,4.48,4.64,4.32,4.64,4.48,5,48000,214272.0
2021-12-01,2021-12-01,SCL,X,10.09,10.09,10.09,10.09,9.61,1,100,1009.0
2021-12-01,2021-12-01,SIPTL,X,0.86,0.86,0.86,0.86,0.82,58,197425,169785.0
2021-12-01,2021-12-01,SHIVA,XT,4.5,4.59,4.5,4.59,4.38,14,2824,12942.0
2021-12-01,2021-12-01,MISHTANN,XT,18.65,19.5,18.05,19.0,18.65,334,73659,1381641.0
2021-12-01,2021-12-01,DELTA,XT,8.97,8.97,8.56,8.56,8.56,3,156,1335.0
2021-12-01,2021-12-01,JSLHISAR,A,300.3,301.45,290.9,296.55,299.5,710,17828,5276943.0
2021-12-01,2021-12-01,AMPL,X,43.3,43.4,39.3,39.3,41.35,92,26245,1083803.0
2021-12-01,2021-12-01,BLUECLOUDS,XT,10.07,10.07,9.9,9.9,10.07,3,27,268.0
2021-12-01,2021-12-01,KEIL,X,29.9,29.9,28.0,29.35,29.4,12,604,17385.0
2021-12-01,2021-12-01,BCLENTERPR,X,11.45,11.45,10.7,10.7,10.15,33,17479,190835.0
2021-12-01,2021-12-01,PRECAM,B,135.9,138.1,128.6,130.45,131.85,1186,28278,3746249.0
2021-12-01,2021-12-01,TEAMLEASE,A,4240.35,4332.6,4123.95,4175.05,4267.1,452,753,3197071.0
2021-12-01,2021-12-01,KAMATS,M,23.9,23.95,23.9,23.95,22.85,5,8000,191550.0
2021-12-01,2021-12-01,BESTAGRO,B,1035.0,1140.05,1035.0,1090.2,1116.5,334,937,1037904.0
2021-12-01,2021-12-01,ACEMEN,XT,11.82,11.82,10.7,11.81,11.26,61,12006,139570.0
2021-12-01,2021-12-01,BFLAFL,X,164.35,164.35,164.35,164.35,156.55,1,3,493.0
2021-12-01,2021-12-01,QUICKHEAL,A,217.4,220.0,214.3,216.5,215.35,327,4929,1070119.0
2021-12-01,2021-12-01,KAPILRAJ,X,8.99,9.61,8.95,8.95,9.19,48,255459,2300011.0
2021-12-01,2021-12-01,KPEL,B,134.75,134.75,128.0,130.8,130.55,154,9857,1290803.0
2021-12-01,2021-12-01,IFINSER,X,9.05,9.05,9.05,9.05,9.52,2,26,235.0
2021-12-01,2021-12-01,HILIKS,XT,12.4,12.4,12.4,12.4,12.1,4,263,3261.0
2021-12-01,2021-12-01,GOKULAGRO,B,62.9,64.35,61.65,63.0,63.25,728,38545,2407324.0
2021-12-01,2021-12-01,FREDUN,XT,486.25,499.9,478.0,485.5,486.25,54,2736,1334976.0
2021-12-01,2021-12-01,SIMBHALS,B,18.75,19.2,17.65,17.65,18.55,54,7821,139440.0
2021-12-01,2021-12-01,MNIL,XT,11.29,11.29,10.5,11.1,10.84,24,1781,19705.0
2021-12-01,2021-12-01,LICNFNHGP,B,183.99,186.0,181.0,185.95,173.14,10,106,19501.0
2021-12-01,2021-12-01,PDMJEPAPER,B,35.75,37.6,34.4,34.9,35.6,593,25903,926496.0
2021-12-01,2021-12-01,HCG,A,255.0,255.0,246.6,250.15,253.15,964,18021,4529184.0
2021-12-01,2021-12-01,UMIYA,B,7.25,7.25,7.25,7.25,7.21,3,3,21.0
2021-12-01,2021-12-01,BHARATWIRE,B,54.0,55.3,53.0,54.4,54.45,81,1681,90720.0
2021-12-01,2021-12-01,CHDCHEM,B,7.95,7.95,7.42,7.5,7.75,90,12589,95132.0
2021-12-01,2021-12-01,CCAVENUE,A,40.4,40.75,39.75,40.35,39.55,1473,302502,12154664.0
2021-12-01,2021-12-01,LELAVOIR,X,36.85,36.85,35.5,36.5,36.05,160,34143,1237054.0
2021-12-01,2021-12-01,SUPERIOR,X,79.0,84.9,79.0,79.5,82.85,16,304,24655.0
2021-12-01,2021-12-01,RPEL,B,715.1,744.65,715.0,729.6,728.25,91,1187,861889.0
2021-12-01,2021-12-01,FRANKLIN,M,6.21,6.25,6.21,6.24,6.5,8,40000,249200.0
2021-12-01,2021-12-01,LANCER,B,220.0,228.2,212.6,219.4,217.35,1770,115369,25763644.0
2021-12-01,2021-12-01,EQUITAS,A,124.5,124.5,119.85,122.2,120.95,1090,48999,5955811.0
2021-12-01,2021-12-01,HALDER,X,590.0,632.0,590.0,616.9,602.0,37,182,112416.0
2021-12-01,2021-12-01,THYROCARE,A,1121.25,1122.45,1081.0,1085.5,1106.25,1727,12139,13271615.0
2021-12-01,2021-12-01,BAJAJHCARE,B,355.7,365.0,352.0,355.15,351.7,973,9295,3336806.0
2021-12-01,2021-12-01,UJJIVAN,A,136.85,138.35,135.25,135.95,135.45,708,23772,3238062.0
2021-12-01,2021-12-01,RSDFIN,X,102.8,102.8,102.8,102.8,97.95,7,510,52428.0
2021-12-01,2021-12-01,CROMPTON,A,455.0,455.15,436.95,439.05,448.4,2752,155823,69903226.0
2021-12-01,2021-12-01,PILANIINVS,A,2037.05,2083.15,1980.0,2016.1,2035.4,606,4736,9673207.0
2021-12-01,2021-12-01,DARSHANORNA,T,75.0,77.85,70.5,77.8,74.15,56,6167,450703.0
2021-12-01,2021-12-01,PARAGMILK,A,125.0,125.6,120.9,121.75,122.75,1518,63734,7817979.0
2021-12-01,2021-12-01,MADHAVIPL,X,4.87,5.01,4.6,4.93,4.78,648,205709,1010156.0
2021-12-01,2021-12-01,KOCL,XT,2.5,2.5,2.47,2.47,2.6,87,73252,180935.0
2021-12-01,2021-12-01,SNIM,XT,48.15,48.15,45.75,45.75,48.15,93,8747,402395.0
2021-12-01,2021-12-01,NAGAFERT,B,10.97,10.97,10.97,10.97,10.45,246,298671,3276420.0
2021-12-01,2021-12-01,SEIL,T,88.0,88.0,88.0,88.0,88.0,2,6,528.0
2021-12-01,2021-12-01,RGIL,X,12.86,12.86,12.86,12.86,12.25,16,1000000,12860000.0
2021-12-01,2021-12-01,MIL,XT,39.7,39.7,38.1,39.65,39.7,4,112,4285.0
2021-12-01,2021-12-01,YASHCHEM,B,42.5,42.85,40.95,41.0,41.5,44,3417,142394.0
2021-12-01,2021-12-01,MAXVIL,B,116.0,117.25,112.4,116.5,113.9,333,9191,1052924.0
2021-12-01,2021-12-01,NV20IETF,B,92.7,94.5,92.63,92.65,92.34,44,890,83070.0
2021-12-01,2021-12-01,JLL,XT,25.9,25.9,25.9,25.9,24.67,2,106,2745.0
2021-12-01,2021-12-01,TAALTECH,X,1399.0,1400.0,1325.15,1340.8,1357.15,149,1563,2116459.0
2021-12-01,2021-12-01,MGL,A,929.95,931.4,905.95,912.15,918.65,2561,30888,28284653.0
2021-12-01,2021-12-01,ZEAL,B,8.05,8.05,7.72,7.85,7.84,545,93998,740359.0
2021-12-01,2021-12-01,QUESS,A,889.0,894.9,846.7,858.7,893.3,912,4293,3715412.0
2021-12-01,2021-12-01,DIGJAMLMTD,B,84.85,84.85,84.85,84.85,80.85,22,2250,190912.0
2021-12-01,2021-12-01,MIDSELIETF,B,102.55,106.97,102.55,105.33,105.94,107,1500,157662.0
2021-12-01,2021-12-01,ASYL,T,12.46,12.46,11.86,11.86,12.48,2,515,6116.0
2021-12-01,2021-12-01,HIIL,X,3619.0,3798.95,3581.2,3697.5,3745.0,24,85,311461.0
2021-12-01,2021-12-01,COMSYN,B,236.55,236.55,228.0,229.8,231.3,73,12648,2918354.0
2021-12-01,2021-12-01,CFEL,X,66.15,66.15,66.15,66.15,63.0,1,1,66.0
2021-12-01,2021-12-01,LLOYDSENGG,B,10.47,10.47,10.47,10.47,11.02,1546,632919,6626661.0
2021-12-01,2021-12-01,KPL,M,820.95,821.35,819.9,821.35,782.25,37,11000,9032750.0
2021-12-01,2021-12-01,LTM,A,6850.0,6930.0,6820.0,6908.1,6812.6,2637,10583,72817398.0
2021-12-01,2021-12-01,EASTWEST,X,8.43,8.43,8.0,8.17,8.16,158,49563,410504.0
2021-12-01,2021-12-01,BSLSENETFG,B,54.9,55.19,54.9,55.0,54.89,7,17,935.0
2021-12-01,2021-12-01,COLORCHIPS,X,31.7,35.0,31.7,31.7,33.35,25,1521,49254.0
2021-12-01,2021-12-01,ADVENZYMES,A,329.65,330.65,318.05,321.45,327.65,919,10633,3456048.0
2021-12-01,2021-12-01,LAHL,XT,3.7,3.88,3.55,3.84,3.7,25,17202,64390.0
2021-12-01,2021-12-01,PTIL,B,422.0,422.4,396.15,405.0,415.0,57,2369,994039.0
2021-12-01,2021-12-01,DBL,A,536.85,537.25,521.75,530.25,528.15,1107,63792,33787302.0
2021-12-01,2021-12-01,SPAL,B,380.0,409.8,375.3,397.3,379.65,725,8721,3373744.0
2021-12-01,2021-12-01,BIGBLOC,B,42.7,42.7,40.6,41.3,41.4,326,29569,1221999.0
2021-12-01,2021-12-01,GOLDENCREST,X,46.3,46.3,46.3,46.3,46.3,1,1,46.0
2021-12-01,2021-12-01,FRETAIL,A,49.0,49.9,48.7,48.95,49.85,2448,407565,20050444.0
2021-12-01,2021-12-01,RBLBANK,A,186.0,193.0,184.3,191.75,182.6,5368,642653,121228238.0
2021-12-01,2021-12-01,BLS,T,195.0,195.0,184.8,187.85,194.5,431,24317,4552545.0
2021-12-01,2021-12-01,MITSU,B,246.05,259.5,246.0,256.55,252.5,571,154990,39871585.0
2021-12-01,2021-12-01,DHATRE,B,13.49,13.49,13.49,13.49,12.85,161,49718,670695.0
2021-12-01,2021-12-01,SABEVENTS,T,6.55,6.55,6.55,6.55,6.24,6,2705,17717.0
2021-12-01,2021-12-01,TVVISION,T,2.83,2.83,2.57,2.75,2.7,14,12215,33650.0
2021-12-01,2021-12-01,SPICY,MT,3.94,3.94,3.94,3.94,3.93,1,10000,39400.0
2021-12-01,2021-12-01,TIAANC,X,6.95,6.95,6.67,6.79,6.8,94,14322,96682.0
2021-12-01,2021-12-01,LTTS,A,5320.0,5364.3,5283.0,5351.35,5277.05,1312,13038,69511143.0
2021-12-01,2021-12-01,GNA,B,657.0,712.35,657.0,696.4,679.1,830,4975,3467777.0
2021-12-01,2021-12-01,RADHIKAJWE,M,103.3,107.9,103.3,107.2,105.85,16,30400,3217920.0
2021-12-01,2021-12-01,ICICIPRULI,A,598.0,607.3,592.95,597.15,593.85,2213,58475,35036739.0
2021-12-01,2021-12-01,IISL,XT,2.81,2.85,2.81,2.82,2.95,26,42926,121155.0
2021-12-01,2021-12-01,ARCFIN,X,6.56,6.56,6.2,6.25,6.25,33,3708,23275.0
2021-12-01,2021-12-01,HPL,B,62.0,62.0,58.4,58.65,57.9,295,21819,1298890.0
2021-12-01,2021-12-01,SAGARSOFT,X,175.0,179.85,160.85,165.0,166.7,77,3237,543542.0
2021-12-01,2021-12-01,DRA,M,15.85,15.85,15.85,15.85,16.65,2,5000,79250.0
2021-12-01,2021-12-01,VALIANTORG,B,1024.1,1040.4,1009.75,1029.2,1007.55,617,2358,2412316.0
2021-12-01,2021-12-01,ACML,M,52.0,52.5,50.0,50.0,50.25,8,11000,572000.0
2021-12-01,2021-12-01,SHASHIJIT,T,25.3,27.9,25.3,25.35,26.6,7,1080,27355.0
2021-12-01,2021-12-01,ENDURANCE,A,1669.0,1758.85,1639.6,1697.95,1663.7,844,3691,6141538.0
2021-12-01,2021-12-01,IDFSENSEXE,B,605.3,608.05,600.35,606.15,599.65,7,37,22461.0
2021-12-01,2021-12-01,PURPLE,XT,9.85,10.86,9.85,10.7,10.36,66,9952,99665.0
2021-12-01,2021-12-01,SUPRAPFSL,X,23.8,23.8,21.7,21.8,22.75,16,5320,117003.0
2021-12-01,2021-12-01,PNBHOUSING,A,572.4,578.45,538.3,578.45,550.95,5453,411332,236223221.0
2021-12-01,2021-12-01,SOUTHERNIN,XT,17.25,18.45,16.85,18.2,17.6,17,159,2844.0
2021-12-01,2021-12-01,REGENCY,X,9.45,9.89,9.45,9.89,9.5,244,13091,124100.0
2021-12-01,2021-12-01,VBL,A,904.0,904.0,877.15,890.15,893.25,2032,22730,20197471.0
2021-12-01,2021-12-01,FRANKLININD,X,13.35,13.35,13.35,13.35,13.35,1,1,13.0
2021-12-01,2021-12-01,LKPSEC,X,11.5,12.48,11.5,12.02,12.05,131,14050,168866.0
2021-12-01,2021-12-01,OSIAJEE,X,42.95,42.95,40.0,41.8,41.1,81,40018,1660769.0
2021-12-01,2021-12-01,SFL,A,3249.0,3300.0,3187.6,3227.1,3247.95,238,530,1716792.0
2021-12-01,2021-12-01,EIKO,XT,77.9,77.9,70.85,70.85,74.5,16,1397,99111.0
2021-12-01,2021-12-01,AVL,B,792.0,794.3,723.15,775.75,756.5,145,1336,1020157.0
2021-12-01,2021-12-01,HEADSUP,B,14.2,16.2,14.2,15.5,15.35,160,10991,171111.0
2021-12-01,2021-12-01,SIFL,XT,9.29,9.29,9.29,9.29,9.77,1,1,9.0
2021-12-01,2021-12-01,TCIEXP,A,2198.0,2347.0,2139.0,2321.5,2144.75,2866,22941,51591689.0
2021-12-01,2021-12-01,LAURUSLABS,A,514.0,517.0,502.55,508.2,508.25,1800,148287,75052421.0
2021-12-01,2021-12-01,NEWLIGHT,XT,46.55,49.5,45.05,47.3,47.25,82,38256,1800250.0
2021-12-01,2021-12-01,VSL,T,113.75,113.75,113.75,113.75,119.7,3,6,682.0
2021-12-01,2021-12-01,MTPL,XT,9.7,9.7,9.18,9.18,9.66,4,345,3343.0
2021-12-01,2021-12-01,SHANGAR,XT,6.28,6.28,5.9,5.99,6.11,137,19616,118862.0
2021-12-01,2021-12-01,GLCL,XT,29.45,29.45,29.45,29.45,30.95,1,10,294.0
2021-12-01,2021-12-01,TRU,X,109.1,113.8,101.25,103.45,109.0,390,402290,41962273.0
2021-12-01,2021-12-01,SKL,M,5.0,5.0,5.0,5.0,5.25,2,150000,750000.0
2021-12-01,2021-12-01,PRICOLLTD,A,112.05,114.7,112.05,113.85,112.55,1012,46143,5240696.0
2021-12-01,2021-12-01,CFL,XT,4.16,4.16,4.16,4.16,4.08,1,13,54.0
2021-12-01,2021-12-01,JITFINFRA,T,165.55,170.95,165.25,165.25,173.9,132,14516,2399296.0
2021-12-01,2021-12-01,TANVI,M,57.35,70.05,57.35,57.35,63.7,12,28000,1631200.0
2021-12-01,2021-12-01,RMC,M,24.75,26.5,24.75,25.85,26.7,8,18000,461100.0
2021-12-01,2021-12-01,PARMAX,X,41.95,41.95,40.05,41.5,40.5,36,4574,190077.0
2021-12-01,2021-12-01,LLFICL,X,89.0,89.15,87.0,89.1,89.1,36,64062,5643431.0
2021-12-01,2021-12-01,DANUBE,XT,72.5,72.6,69.15,71.0,69.15,83,8425,602616.0
2021-12-01,2021-12-01,RADIOCITY,B,22.0,22.8,22.0,22.75,22.3,156,13221,298263.0
2021-12-01,2021-12-01,DMART,A,4725.0,4842.45,4670.0,4694.75,4706.75,3372,22164,105401287.0
2021-12-01,2021-12-01,KDLL,X,8.4,8.82,8.4,8.82,8.4,4,101,890.0
2021-12-01,2021-12-01,ONTIC,X,23.4,23.8,22.0,22.0,22.9,66,29562,683577.0
2021-12-01,2021-12-01,SMLT,B,105.15,107.35,101.05,102.25,105.05,348,8418,876220.0
2021-12-01,2021-12-01,CHEMCRUX,M,119.95,119.95,111.7,113.0,113.8,6,4500,525787.0
2021-12-01,2021-12-01,MAXIMUS,B,96.8,97.5,96.8,97.25,97.75,6,2506,243672.0
2021-12-01,2021-12-01,MANAS,M,370.0,370.0,370.0,370.0,340.0,1,12000,4440000.0
2021-12-01,2021-12-01,CLEDUCATE,T,128.8,129.65,118.0,124.6,123.5,113,5658,704209.0
2021-12-01,2021-12-01,OCEANIC,T,78.5,82.0,74.6,76.75,78.5,35,8624,686926.0
2021-12-01,2021-12-01,SHANKARA,A,515.0,515.0,493.1,496.85,496.25,818,8725,4383215.0
2021-12-01,2021-12-01,STARLENT,B,51.3,58.7,51.1,53.15,52.6,67,3424,181106.0
2021-12-01,2021-12-01,SCHAND,B,108.55,110.75,105.95,108.55,107.15,209,5899,639375.0
2021-12-01,2021-12-01,MEERA,B,80.15,83.45,75.05,80.65,78.15,73,7831,634438.0
2021-12-01,2021-12-01,IRBINVIT,IF,57.0,57.0,55.8,56.49,56.2,43,4640,261755.0
2021-12-01,2021-12-01,HUDCO,A,39.2,40.15,39.2,39.8,39.2,1385,203012,8063685.0
2021-12-01,2021-12-01,PSPPROJECT,A,480.95,481.2,466.4,471.7,474.85,601,7006,3305986.0
2021-12-01,2021-12-01,GKL,B,13.2,13.44,11.4,13.1,13.0,133,15364,196847.0
2021-12-01,2021-12-01,INDIGRID,IF,143.0,143.6,139.55,142.11,142.19,134,68068,9749425.0
2021-12-01,2021-12-01,VARIMAN,X,34.5,36.9,33.7,34.6,35.9,24,575,20011.0
2021-12-01,2021-12-01,STARCEMENT,A,95.5,96.0,94.5,95.65,95.2,230,5049,481819.0
2021-12-01,2021-12-01,RIDDHICORP,T,150.0,150.0,150.0,150.0,150.0,1,1,150.0
2021-12-01,2021-12-01,TEJASNET,A,453.0,454.6,443.45,446.5,447.35,1002,21058,9438591.0
2021-12-01,2021-12-01,ERIS,A,706.0,753.25,699.05,729.0,718.2,2864,15627,11306411.0
2021-12-01,2021-12-01,GTPL,B,248.05,255.45,245.9,251.55,248.2,474,14315,3576438.0
2021-12-01,2021-12-01,AUBANK,A,1092.1,1128.4,1092.1,1124.0,1092.75,1449,16114,17966224.0
2021-12-01,2021-12-01,LOWVOLIETF,B,138.0,139.19,133.0,137.4,137.67,843,57246,7807514.0
2021-12-01,2021-12-01,GGENG,B,16.0,16.4,15.35,15.8,16.1,956,582791,9236014.0
2021-12-01,2021-12-01,7NR,T,26.0,26.35,26.0,26.35,25.1,321,120291,3167079.0
2021-12-01,2021-12-01,BHAGYAPROP,B,31.15,38.0,31.1,36.35,32.1,367,29539,1064040.0
2021-12-01,2021-12-01,SALASAR,B,252.5,253.9,244.95,249.75,251.65,289,1817,452721.0
2021-12-01,2021-12-01,GANGESSECU,B,83.7,85.0,80.0,83.65,80.55,60,1143,93883.0
2021-12-01,2021-12-01,PALASHSECU,B,67.05,68.2,67.0,68.1,68.3,9,865,58850.0
2021-12-01,2021-12-01,AVADHSUGAR,B,400.5,408.85,398.85,403.75,400.5,527,4905,1969492.0
2021-12-01,2021-12-01,MAGADSUGAR,B,254.85,254.85,247.0,250.25,248.0,53,962,240500.0
2021-12-01,2021-12-01,SPTL,B,13.13,13.13,13.13,13.13,13.82,456,67850,890870.0
2021-12-01,2021-12-01,GSTL,B,54.5,54.5,48.5,49.0,49.0,73,4438,217861.0
2021-12-01,2021-12-01,NEXT50BETA,B,43.5,44.14,43.21,43.35,43.52,13,732,32140.0
2021-12-01,2021-12-01,SIS,A,467.9,477.25,466.0,473.3,474.05,559,5559,2627896.0
2021-12-01,2021-12-01,COCHINSHIP,A,340.05,343.45,338.55,341.2,339.95,812,14941,5089636.0
2021-12-01,2021-12-01,HALEOSLABS,B,881.6,881.6,826.95,832.65,870.55,79,1818,1570045.0
2021-12-01,2021-12-01,KIOCL,B,228.95,229.5,216.1,226.8,229.15,589,7568,1681698.0
2021-12-01,2021-12-01,CHOTHANI,M,9.6,9.6,9.6,9.6,9.5,4,50000,480000.0
2021-12-01,2021-12-01,SMRUTHIORG,X,227.4,227.4,206.6,221.85,218.1,146,7744,1720744.0
2021-12-01,2021-12-01,ABCAPITAL,A,109.2,110.9,109.05,109.8,109.0,1969,197091,21634813.0
2021-12-01,2021-12-01,APEX,A,262.55,263.7,242.95,248.0,260.3,2037,45863,11662743.0
2021-12-01,2021-12-01,SHISHIND,T,73.0,76.6,69.4,69.45,73.0,10,413,29226.0
2021-12-01,2021-12-01,ANG,B,514.95,520.0,490.0,513.25,497.25,424,15581,7941046.0
2021-12-01,2021-12-01,DWL,MT,85.05,85.05,85.05,85.05,89.5,1,1500,127575.0
2021-12-01,2021-12-01,DIXON,A,5145.0,5178.7,5051.0,5089.1,5096.55,1693,16624,85487432.0
2021-12-01,2021-12-01,BRNL,B,26.8,26.95,26.6,26.7,26.65,68,815,21819.0
2021-12-01,2021-12-01,DCAL,A,239.5,247.05,236.3,238.0,237.25,2550,102679,24873030.0
2021-12-01,2021-12-01,LASA,B,56.2,61.3,55.4,60.35,55.9,503,13187,788993.0
2021-12-01,2021-12-01,PROCLB,X,6.53,6.53,6.53,6.53,6.53,1,25,163.0
2021-12-01,2021-12-01,MATRIMONY,B,939.0,939.75,911.7,914.5,935.95,189,430,396064.0
2021-12-01,2021-12-01,RHFL,B,3.61,3.76,3.59,3.63,3.77,778,1278577,4625792.0
2021-12-01,2021-12-01,CAPACITE,B,171.0,173.25,166.5,168.0,169.0,606,28162,4761515.0
2021-12-01,2021-12-01,ICICIGI,A,1437.0,1448.0,1434.75,1440.2,1436.55,1109,15548,22408165.0
2021-12-01,2021-12-01,PQIF,XT,66.9,66.9,66.9,66.9,63.75,2,26,1739.0
2021-12-01,2021-12-01,AAYUSHBULL,M,32.5,32.5,32.5,32.5,32.0,1,6000,195000.0
2021-12-01,2021-12-01,SBILIFE,A,1149.85,1179.0,1149.85,1164.0,1160.9,2803,38431,44888524.0
2021-12-01,2021-12-01,DIAMONDYD,A,767.8,771.9,750.0,763.35,759.05,490,6447,4901491.0
2021-12-01,2021-12-01,SHAREINDIA,B,801.0,817.6,791.6,806.35,797.15,477,3741,2995786.0
2021-12-01,2021-12-01,TTFL,B,45.15,46.5,43.7,44.3,44.8,95,7943,352320.0
2021-12-01,2021-12-01,SAYAJIIND,X,175.1,175.15,174.95,174.95,179.0,30,317,55481.0
2021-12-01,2021-12-01,VANTABIO,M,115.0,122.95,114.0,122.95,110.05,8,7500,886350.0
2021-12-01,2021-12-01,MEHAI,B,42.4,48.6,42.4,43.6,43.5,11,510,22376.0
2021-12-01,2021-12-01,IRIS,B,122.4,125.0,122.4,124.6,125.7,42,683,84807.0
2021-12-01,2021-12-01,SGRL,B,324.75,324.75,305.95,309.3,309.2,157,2813,876482.0
2021-12-01,2021-12-01,STL,M,74.9,75.0,74.9,75.0,62.5,3,9000,674550.0
2021-12-01,2021-12-01,GODREJAGRO,A,548.0,548.0,518.0,523.65,527.9,1054,8604,4548263.0
2021-12-01,2021-12-01,MESCON,Z,9.15,9.96,9.15,9.68,9.49,55,12530,120132.0
2021-12-01,2021-12-01,MASFIN,A,685.0,715.65,683.1,704.15,686.4,182,733,507436.0
2021-12-01,2021-12-01,IEX,A,758.4,758.4,705.0,729.85,744.05,21068,501966,362097941.0
2021-12-01,2021-12-01,GICRE,A,144.3,144.3,140.9,143.1,141.5,664,25055,3565149.0
2021-12-01,2021-12-01,SCPL,M,254.0,262.5,254.0,262.5,250.0,13,10400,2702480.0
2021-12-01,2021-12-01,TIINDIA,A,1645.0,1678.0,1611.05,1636.85,1622.8,1125,5301,8665641.0
2021-12-01,2021-12-01,NAM-INDIA,A,366.05,375.8,365.55,371.7,366.05,768,14618,5395351.0
2021-12-01,2021-12-01,MAHLOG,A,649.4,689.5,648.75,666.55,649.4,859,12315,8220448.0
2021-12-01,2021-12-01,NIACL,A,148.0,148.0,144.1,144.7,144.75,657,13636,1981645.0
2021-12-01,2021-12-01,IFGLEXPOR,B,292.05,304.0,290.05,300.35,294.4,186,1431,428266.0
2021-12-01,2021-12-01,KHADIM,B,249.85,253.6,242.9,247.95,250.55,351,4908,1209998.0
2021-12-01,2021-12-01,5PAISA,B,399.4,413.0,385.05,388.35,396.85,360,3456,1366786.0
2021-12-01,2021-12-01,HDFCLIFE,A,682.55,695.75,678.9,694.0,677.65,1922,96676,66634154.0
2021-12-01,2021-12-01,SHARIKA,B,9.8,10.16,9.2,9.2,9.68,683,204404,1958237.0
2021-12-01,2021-12-01,ICICIB22,B,43.45,43.9,43.29,43.8,43.48,348,281957,12307923.0
2021-12-01,2021-12-01,ASPIRA,X,90.35,90.4,90.3,90.4,86.1,9,121,10932.0
2021-12-01,2021-12-01,DNAMEDIA,B,3.04,3.07,2.99,3.07,2.93,191,262801,796916.0
2021-12-01,2021-12-01,DYCL,B,86.5,90.55,86.5,90.55,86.25,277,59518,5344951.0
2021-12-01,2021-12-01,RATNABHUMI,B,80.0,80.0,67.55,74.2,72.4,17,556,40745.0
2021-12-01,2021-12-01,SHALBY,B,138.45,139.6,134.5,136.8,137.3,852,15328,2090464.0
2021-12-01,2021-12-01,FSC,B,68.3,70.0,67.0,67.45,68.2,170,5494,373399.0
2021-12-01,2021-12-01,MRCAGRO,M,10.84,10.93,10.84,10.93,10.41,5,40000,435360.0
2021-12-01,2021-12-01,VITESSE,XT,46.3,46.3,46.3,46.3,44.1,11,1199,55513.0
2021-12-01,2021-12-01,ASTRON,B,43.0,48.9,43.0,47.5,46.65,216,5394,257505.0
2021-12-01,2021-12-01,CHANDRIMA,X,3.85,4.34,3.85,3.9,4.0,23,5212,21346.0
2021-12-01,2021-12-01,JFL,M,13.75,13.76,13.75,13.75,14.46,4,8000,110020.0
2021-12-01,2021-12-01,7SEASL,X,18.3,18.4,17.8,18.4,17.55,38,22039,405370.0
2021-12-01,2021-12-01,APOLLO,B,110.3,110.3,108.0,108.3,109.4,271,7075,770804.0
2021-12-01,2021-12-01,NEWGEN,A,573.0,573.0,545.35,564.35,544.3,971,8776,4861911.0
2021-12-01,2021-12-01,PRAXIS,T,48.5,49.3,46.25,47.8,48.65,43,6769,316985.0
2021-12-01,2021-12-01,AMBER,A,3114.95,3114.95,3037.25,3052.2,3033.85,955,2126,6499252.0
2021-12-01,2021-12-01,TIRUFOAM,X,67.0,67.0,67.0,67.0,67.25,1,3,201.0
2021-12-01,2021-12-01,ASHOKAMET,M,3.61,3.97,3.61,3.97,3.79,5,30000,110460.0
2021-12-01,2021-12-01,GALAXYSURF,A,2731.1,2899.0,2731.1,2864.35,2780.25,900,2304,6521589.0
2021-12-01,2021-12-01,GGL,B,14.6,14.97,14.03,14.28,14.26,557,241939,3492478.0
2021-12-01,2021-12-01,GUJHYSPIN,M,7.9,7.9,7.9,7.9,8.14,1,10000,79000.0
2021-12-01,2021-12-01,IWP,X,36.25,36.25,34.05,34.75,34.95,51,16423,570140.0
2021-12-01,2021-12-01,TDSL,B,22.55,24.0,22.55,23.05,22.95,53,2721,63006.0
2021-12-01,2021-12-01,BHATIA,T,195.45,205.2,186.0,197.9,195.45,68,20327,4009054.0
2021-12-01,2021-12-01,SHIVAMILLS,B,97.25,100.4,97.2,99.6,97.9,24,117,11514.0
2021-12-01,2021-12-01,ASTERDM,A,194.0,194.5,188.3,192.05,191.9,596,12199,2326833.0
2021-12-01,2021-12-01,KANCOTEA,X,77.0,77.0,72.25,75.9,73.2,16,1836,138067.0
2021-12-01,2021-12-01,HGINFRA,A,609.6,611.4,586.8,608.5,601.25,584,5182,3115218.0
2021-12-01,2021-12-01,AXISCBDGG,B,11.5,11.5,10.55,10.55,10.5,6,10800,119070.0
2021-12-01,2021-12-01,AXISCBDPD,B,15.75,15.75,15.75,15.75,15.75,1,1,15.0
2021-12-01,2021-12-01,AXISCBGPG,B,16.65,16.65,16.65,16.65,16.65,1,1,16.0
2021-12-01,2021-12-01,INFLAME,M,317.05,335.95,317.05,330.5,328.7,7,3500,1128800.0
2021-12-01,2021-12-01,BPLPHARMA,XT,369.0,378.0,358.0,369.0,371.05,27,819,299501.0
2021-12-01,2021-12-01,LIQUIDETF,F,1000.01,1000.01,999.99,1000.01,1000.01,17,17621,17621148.0
2021-12-01,2021-12-01,BDL,A,414.75,417.7,410.0,412.25,414.6,531,8114,3348236.0
2021-12-01,2021-12-01,BANDHANBNK,A,276.4,278.45,270.2,276.25,272.35,2796,221948,60710119.0
2021-12-01,2021-12-01,HAL,A,1293.9,1314.95,1271.0,1304.45,1275.5,1554,17014,22037837.0
2021-12-01,2021-12-01,DHARAN,B,17.75,17.75,16.85,17.0,17.0,647,265298,4560411.0
2021-12-01,2021-12-01,SANDHAR,B,251.6,252.9,242.5,243.85,247.95,275,2297,565647.0
2021-12-01,2021-12-01,YASHO,B,1060.0,1094.95,1015.2,1026.9,1056.2,1724,17432,18357045.0
2021-12-01,2021-12-01,BENARA,M,9.5,9.5,8.7,9.2,9.8,8,16000,144080.0
2021-12-01,2021-12-01,ISEC,A,721.4,750.75,721.4,746.9,733.7,1359,14283,10621024.0
2021-12-01,2021-12-01,MIDHANI,A,184.05,186.3,182.55,183.25,183.95,346,9989,1836504.0
2021-12-01,2021-12-01,OBCL,M,177.0,183.0,173.0,183.0,174.3,124,364000,65021100.0
2021-12-01,2021-12-01,LEMONTREE,A,44.3,45.75,44.05,45.2,44.55,2993,447921,20021249.0
2021-12-01,2021-12-01,CHEMFAB,B,150.55,150.55,143.65,144.1,147.05,69,6980,1006709.0
2021-12-01,2021-12-01,ORIENTELEC,A,392.3,404.7,370.55,375.95,392.3,2713,107337,41524541.0
2021-12-01,2021-12-01,DHRUV,B,69.1,70.35,67.25,68.8,67.8,731,60281,4140983.0
2021-12-01,2021-12-01,AKSHAR,M,37.2,37.2,37.1,37.1,38.2,3,9000,334350.0
2021-12-01,2021-12-01,INDOUS,M,86.25,93.65,86.25,93.65,90.6,3,4500,399225.0
2021-12-01,2021-12-01,BSE500IETF,B,24.4,24.89,24.06,24.28,24.41,117,6171,149500.0
2021-12-01,2021-12-01,INDOSTAR,A,257.2,257.2,253.45,254.75,256.05,367,4764,1213791.0
2021-12-01,2021-12-01,PARVATI,X,12.16,12.16,12.16,12.16,11.59,41,33645,409123.0
2021-12-01,2021-12-01,ZIMLAB,X,118.65,120.9,114.4,114.95,116.9,19,815,95451.0
2021-12-01,2021-12-01,AFFORDABLE,M,120.0,122.05,118.05,121.95,120.0,8,12800,1542080.0
2021-12-01,2021-12-01,DOLLAR,A,453.45,460.6,446.6,447.95,446.25,287,2094,943692.0
2021-12-01,2021-12-01,NGIL,T,122.4,122.4,117.05,122.4,116.6,33,10819,1322812.0
2021-12-01,2021-12-01,PALMJEWELS,B,16.7,16.95,15.8,16.5,16.2,94,8541,141702.0
2021-12-01,2021-12-01,WAA,M,30.0,30.0,27.95,27.95,29.4,26,48000,1371440.0
2021-12-01,2021-12-01,ADANIGREEN,A,1245.0,1336.85,1242.55,1327.95,1291.2,2306,22873,29718879.0
2021-12-01,2021-12-01,UNICK,XT,50.0,50.0,50.0,50.0,49.9,9,1501,75050.0
2021-12-01,2021-12-01,SOLARA,A,1262.0,1300.5,1183.0,1194.9,1272.6,1233,9108,11203074.0
2021-12-01,2021-12-01,GAYAHWS,T,0.86,0.86,0.85,0.85,0.86,15,25429,21799.0
2021-12-01,2021-12-01,RITES,A,278.9,279.15,274.7,276.8,277.85,480,7937,2201745.0
2021-12-01,2021-12-01,FINEORG,A,3680.0,3770.05,3608.6,3758.3,3591.75,1419,4958,18345615.0
2021-12-01,2021-12-01,VARROC,A,308.0,308.0,290.0,294.1,294.8,2320,39939,11771206.0
2021-12-01,2021-12-01,RAWEDGE,B,22.05,23.25,22.05,23.05,23.2,17,56271,1299149.0
2021-12-01,2021-12-01,TCNSBRANDS,A,825.2,828.75,803.35,807.75,810.95,629,5295,4295352.0
2021-12-01,2021-12-01,SUPERSHAKT,M,400.0,400.0,400.0,400.0,387.1,1,300,120000.0
2021-12-01,2021-12-01,ASHNI,XT,8.02,8.3,7.63,8.29,8.02,24,6180,50424.0
2021-12-01,2021-12-01,HDFCAMC,A,2518.05,2554.55,2518.05,2552.0,2513.6,2153,10160,25846023.0
2021-12-01,2021-12-01,VIVANTA,X,16.8,16.8,15.5,16.4,16.13,99,60442,961424.0
2021-12-01,2021-12-01,FRATELLI,X,15.75,15.75,14.35,14.35,15.1,5,47,725.0
2021-12-01,2021-12-01,CREDITACC,A,518.0,520.0,495.3,512.05,505.75,1379,9855,4986270.0
2021-12-01,2021-12-01,AMINTAN,X,2.84,2.84,2.61,2.65,2.74,616,252773,687713.0
2021-12-01,2021-12-01,DEEP,T,453.0,455.9,448.0,455.7,447.5,1080,95269,43205493.0
2021-12-01,2021-12-01,IPRU3168,B,14.5,14.5,14.5,14.5,14.25,1,500,7250.0
2021-12-01,2021-12-01,NEXT50IETF,B,43.1,43.59,42.02,43.18,42.87,101,2345,100262.0
2021-12-01,2021-12-01,ASRL,B,170.75,174.7,167.8,169.05,168.4,979,46232,7936092.0
2021-12-01,2021-12-01,SPACEINCUBA,X,2.48,2.48,2.48,2.48,2.37,88,166996,414150.0
2021-12-01,2021-12-01,SGIL,B,148.4,158.0,144.0,154.1,148.55,143,2259,343646.0
2021-12-01,2021-12-01,LIQUIDIETF,F,1000.0,1000.01,1000.0,1000.0,1000.0,8,4555,4555000.0
2021-12-01,2021-12-01,IRCON,A,44.55,45.45,44.5,44.9,44.85,1027,199101,8951517.0
2021-12-01,2021-12-01,SETFSN50,B,497.99,497.99,490.0,490.0,490.0,6,24,11891.0
2021-12-01,2021-12-01,MACH,M,25.5,25.5,25.5,25.5,25.25,1,1500,38250.0
2021-12-01,2021-12-01,MANORAMA,B,1350.0,1398.0,1333.95,1393.55,1370.95,170,2901,3955008.0
2021-12-01,2021-12-01,INNOVATIVE,M,5.0,5.13,4.97,5.01,5.04,28,56000,280490.0
2021-12-01,2021-12-01,AAVAS,A,2811.0,2825.0,2740.0,2807.65,2810.5,257,613,1704378.0
2021-12-01,2021-12-01,GENERAAGRI,X,2.45,2.45,2.34,2.45,2.34,25,3148,7712.0
2021-12-01,2021-12-01,GRSE,A,224.2,237.4,223.75,235.7,220.35,1475,54254,12615326.0
2021-12-01,2021-12-01,A1L,M,171.05,179.75,169.05,170.55,178.3,19,13225,2293933.0
2021-12-01,2021-12-01,DOLFIN,M,62.3,62.3,62.3,62.3,65.5,1,2000,124600.0
2021-12-01,2021-12-01,SHUBHAM,B,136.0,141.0,136.0,136.0,135.8,6,540,73485.0
2021-12-01,2021-12-01,SUNRETAIL,M,0.39,0.39,0.39,0.39,0.38,1,144000,56160.0
2021-12-01,2021-12-01,SMGOLD,B,221.0,221.25,220.9,221.05,219.1,226,27237,6020157.0
2021-12-01,2021-12-01,BCPL,B,45.35,45.35,40.6,43.55,44.25,403,26620,1152818.0
2021-12-01,2021-12-01,ATGL,T,1638.0,1649.95,1575.05,1614.9,1602.3,549,8131,13289207.0
2021-12-01,2021-12-01,PHOSPHATE,XT,72.55,73.0,72.55,72.55,73.0,7,781,56688.0
2021-12-01,2021-12-01,NIFTYETF,B,177.0,178.0,176.0,176.0,176.0,12,521,92729.0
2021-12-01,2021-12-01,TECHNOE,A,240.85,241.0,233.1,234.1,239.05,526,6860,1610850.0
2021-12-01,2021-12-01,SKIFL,M,6.5,6.5,6.5,6.5,6.8,1,10000,65000.0
2021-12-01,2021-12-01,DGL,M,3.12,3.37,3.01,3.19,3.2,31,74000,234880.0
2021-12-01,2021-12-01,NIVAKA,XT,7.82,7.98,7.6,7.98,7.6,14,450,3486.0
2021-12-01,2021-12-01,DALBHARAT,A,1884.0,1904.85,1828.15,1839.9,1873.35,720,4190,7771167.0
2021-12-01,2021-12-01,ABSLNN50ET,B,42.75,42.79,42.11,42.24,42.75,47,1120,47517.0
2021-12-01,2021-12-01,NILASPACES,B,2.35,2.35,2.21,2.24,2.27,312,586379,1318968.0
2021-12-01,2021-12-01,SRD,T,139.85,141.0,135.0,136.3,137.1,41,1960,270742.0
2021-12-01,2021-12-01,TREJHARA,B,81.0,86.9,78.15,81.2,80.4,1622,60317,5064858.0
2021-12-01,2021-12-01,AXISCCGPG,B,14.5,14.5,14.5,14.5,15.2,1,10,145.0
2021-12-01,2021-12-01,DECCAN,M,28.5,28.5,28.5,28.5,28.5,3,4800,136800.0
2021-12-01,2021-12-01,AXITA,M,86.0,89.95,86.0,88.0,84.0,17,44000,3859900.0
2021-12-01,2021-12-01,KPIGREEN,B,240.7,250.0,235.0,249.15,238.1,268,10900,2691706.0
2021-12-01,2021-12-01,RPSGVENT,A,685.0,685.0,655.0,667.25,669.95,714,5151,3443688.0
2021-12-01,2021-12-01,SPENCERS,A,105.0,105.0,98.95,99.45,100.5,769,25646,2562656.0
2021-12-01,2021-12-01,GLOSTERLTD,X,1026.0,1060.85,1008.0,1014.2,1026.35,49,467,479664.0
2021-12-01,2021-12-01,XELPMOC,B,381.9,386.55,378.0,379.3,377.8,75,590,224772.0
2021-12-01,2021-12-01,RITCO,M,42.5,42.5,42.5,42.5,43.4,1,1600,68000.0
2021-12-01,2021-12-01,CHALET,A,235.75,238.05,227.15,233.0,236.5,1157,31383,7304715.0
2021-12-01,2021-12-01,ANMOL,B,173.5,173.5,163.5,165.8,170.1,379,3890,655789.0
2021-12-01,2021-12-01,KRANTI,B,38.0,38.5,36.05,37.15,38.2,70,10149,383945.0
2021-12-01,2021-12-01,ANUP,B,984.85,1009.55,963.6,990.2,988.75,465,1830,1790059.0
2021-12-01,2021-12-01,ARVINDFASN,A,284.0,287.7,275.55,277.35,281.6,1126,19229,5380613.0
2021-12-01,2021-12-01,SNXT50BETA,B,50.0,50.5,48.71,48.75,49.5,28,739,36913.0
2021-12-01,2021-12-01,AIHL,XT,21.6,23.15,21.6,23.05,22.05,14,41188,889816.0
2021-12-01,2021-12-01,AGOL,B,64.0,67.85,63.25,66.95,64.6,53,1533,100096.0
2021-12-01,2021-12-01,MSTCLTD,A,336.0,341.45,331.85,334.2,334.9,1175,22819,7670971.0
2021-12-01,2021-12-01,EMBASSY,IF,359.6,368.8,356.95,362.01,355.51,252,7396,2664728.0
2021-12-01,2021-12-01,CHANDNIMACH,X,13.2,14.35,13.0,13.0,13.68,11,871,11358.0
2021-12-01,2021-12-01,NSL,M,28.55,28.55,28.55,28.55,30.0,1,3000,85650.0
2021-12-01,2021-12-01,RVNL,A,34.8,35.05,33.85,34.05,33.55,3584,751110,25694479.0
2021-12-01,2021-12-01,METROPOLIS,A,3320.0,3320.0,3134.65,3160.25,3292.75,2801,47131,152420538.0
2021-12-01,2021-12-01,KPITTECH,A,503.0,530.7,499.0,506.25,494.4,5733,169048,87071980.0
2021-12-01,2021-12-01,POLYCAB,A,2318.0,2339.5,2271.25,2330.0,2304.65,1766,28800,66509396.0
2021-12-01,2021-12-01,VIKASLIFE,B,3.23,3.26,3.15,3.18,3.2,3000,1120554,3567874.0
2021-12-01,2021-12-01,NEOGEN,A,1385.0,1417.75,1359.6,1385.55,1395.35,1203,6569,9093784.0
2021-12-01,2021-12-01,GKP,M,78.75,78.75,78.75,78.75,75.0,1,4000,315000.0
2021-12-01,2021-12-01,WORL,B,261.05,270.3,261.05,265.95,260.5,68,11442,3035915.0
2021-12-01,2021-12-01,BMW,X,40.35,42.1,38.55,42.1,40.1,286,18298,763529.0
2021-12-01,2021-12-01,AEPL,B,50.0,50.0,47.2,47.2,47.7,18,261,12506.0
2021-12-01,2021-12-01,CHCL,M,16.5,16.7,16.0,16.7,16.7,3,6000,98400.0
2021-12-01,2021-12-01,DEL,X,16.7,16.95,16.0,16.85,15.03,41,10633,178374.0
2021-12-01,2021-12-01,HARISH,XT,36.0,39.0,36.0,38.35,37.6,9,438,15954.0
2021-12-01,2021-12-01,PPL,B,149.0,152.2,148.55,151.3,147.05,253,1492,224024.0
2021-12-01,2021-12-01,DGCONTENT,T,17.3,17.3,16.45,16.75,17.31,37,5313,87972.0
2021-12-01,2021-12-01,ARL,B,200.1,208.8,200.1,206.75,200.1,186,9074,1873035.0
2021-12-01,2021-12-01,MURAE,B,73.85,73.85,73.0,73.85,70.35,1004,235359,17359036.0
2021-12-01,2021-12-01,SBC,B,111.0,112.05,109.0,110.0,111.15,180,14625,1602481.0
2021-12-01,2021-12-01,INDIAMART,A,7447.0,7488.65,7387.55,7416.55,7419.95,480,2578,19110536.0
2021-12-01,2021-12-01,CPML,M,40.35,40.95,40.35,40.95,39.0,4,16000,650600.0
2021-12-01,2021-12-01,DCMNVL,B,262.1,279.65,262.1,279.65,266.35,224,8535,2378965.0
2021-12-01,2021-12-01,BANKIETF,B,358.09,362.81,358.0,362.67,355.46,71,1145,413174.0
2021-12-01,2021-12-01,SNXT50BEES,B,48.5,48.55,48.1,48.48,48.53,34,707,34201.0
2021-12-01,2021-12-01,AFFLE,A,1133.05,1166.15,1110.15,1115.7,1149.25,5722,39408,44533958.0
2021-12-01,2021-12-01,SEACOAST,X,182.55,190.1,180.0,183.65,184.65,307,5854,1076840.0
2021-12-01,2021-12-01,PVTBANIETF,B,179.1,187.18,178.53,183.18,181.0,51,745,135597.0
2021-12-01,2021-12-01,SPANDANA,A,400.0,474.05,393.5,471.55,395.05,5321,126773,57177919.0
2021-12-01,2021-12-01,SWSOLAR,A,402.05,406.9,394.85,396.4,399.75,2661,83685,33493074.0
2021-12-01,2021-12-01,NOVATEOR,M,8.64,8.76,8.64,8.76,8.35,3,18000,156960.0
2021-12-01,2021-12-01,360ONE,A,1487.9,1497.25,1446.65,1471.25,1497.05,406,1296,1901039.0
2021-12-01,2021-12-01,IIFLCAPS,A,85.35,86.5,83.0,84.25,84.5,998,49127,4170196.0
2021-12-01,2021-12-01,MUFIN,X,47.25,47.25,45.1,46.85,45.0,991,461512,21583884.0
2021-12-01,2021-12-01,VEL,XT,14.53,14.54,14.53,14.54,14.54,6,212,3081.0
2021-12-01,2021-12-01,NIESSPJ,B,23.6,23.6,21.5,23.6,21.5,7,117,2607.0
2021-12-01,2021-12-01,FLUOROCHEM,A,1990.0,2100.0,1974.8,2059.4,1964.55,1010,7100,14584208.0
2021-12-01,2021-12-01,NIEHSPI,B,2.51,2.51,2.51,2.51,2.78,2,26,65.0
2021-12-01,2021-12-01,NIEHSPM,B,0.06,0.06,0.06,0.06,0.05,1,205,12.0
2021-12-01,2021-12-01,IRCTC,A,810.0,817.3,796.35,811.55,794.35,11593,307784,247971710.0
2021-12-01,2021-12-01,NIEHSPD,B,0.88,0.9,0.8,0.8,0.88,23,41744,35130.0
2021-12-01,2021-12-01,NIEHSPE,B,1.95,2.37,1.95,2.37,2.16,10,13107,31047.0
2021-12-01,2021-12-01,NIEHSPG,B,3.93,3.93,3.23,3.87,3.58,7,98,355.0
2021-12-01,2021-12-01,NIEHSPH,B,1.25,1.25,1.05,1.06,1.16,13,697,756.0
2021-12-01,2021-12-01,NIEHSPL,B,1.45,1.45,1.19,1.19,1.32,28,11504,13741.0
2021-12-01,2021-12-01,NIESSPL,B,0.65,0.65,0.56,0.58,0.6,28,22114,13221.0
2021-12-01,2021-12-01,NIESSPM,B,5.72,6.95,5.72,6.48,6.35,15,2250,13342.0
2021-12-01,2021-12-01,GOBLIN,M,20.4,20.4,20.3,20.3,21.35,4,10000,203200.0
2021-12-01,2021-12-01,GENSOL,M,72.0,72.0,72.0,72.0,72.0,1,2128,153216.0
2021-12-01,2021-12-01,VISHWARAJ,B,29.05,30.4,29.0,30.15,29.05,876,444217,13169167.0
2021-12-01,2021-12-01,GREENPANEL,B,373.75,379.4,363.25,370.4,373.15,874,11638,4325421.0
2021-12-01,2021-12-01,SHAHLON,X,15.5,15.99,14.5,14.87,14.95,81,12329,183336.0
2021-12-01,2021-12-01,ABSLBANETF,B,35.85,36.5,35.33,36.49,35.54,97,13455,483769.0
2021-12-01,2021-12-01,ANUROOP,M,14.5,15.0,14.5,15.0,15.0,3,30000,444500.0
2021-12-01,2021-12-01,CSBBANK,A,278.7,280.75,271.0,274.55,276.25,348,2757,756251.0
2021-12-01,2021-12-01,ABCRSPRG,F,1.67,1.67,1.6,1.6,1.52,13,1723,2851.0
2021-12-01,2021-12-01,ABCRSPDG,F,1.89,1.95,1.89,1.95,1.89,6,785,1500.0
2021-12-01,2021-12-01,UJJIVANSFB,A,18.55,18.65,18.25,18.5,18.2,1570,255840,4704534.0
2021-12-01,2021-12-01,HINDWAREAP,A,407.05,411.35,387.1,397.0,403.1,199,5924,2333653.0
2021-12-01,2021-12-01,EASUN,XT,23.75,23.75,23.75,23.75,23.65,3,14483,343971.0
2021-12-01,2021-12-01,PRINCEPIPE,A,745.0,754.0,737.0,746.05,731.5,2594,28602,21309208.0
2021-12-01,2021-12-01,EBBETF0423,F,1154.0,1154.0,1153.0,1153.27,1156.51,11,733,845245.0
2021-12-01,2021-12-01,EBBETF0430,F,1190.0,1193.39,1189.02,1193.0,1188.02,9,58,69188.0
2021-12-01,2021-12-01,GIANLIFE,M,103.75,103.75,103.75,103.75,109.2,2,3000,311250.0
2021-12-01,2021-12-01,ARTEMISMED,B,35.25,35.25,33.55,33.75,33.65,89,3323,112475.0
2021-12-01,2021-12-01,SUMICHEM,A,375.0,375.0,364.15,366.35,371.35,1053,21364,7861585.0
2021-12-01,2021-12-01,MIDCAPIETF,B,116.88,116.88,112.61,114.01,113.6,48,251,28740.0
2021-12-01,2021-12-01,NEXT50,B,421.0,421.0,413.5,419.5,420.78,52,2726,1139409.0
2021-12-01,2021-12-01,BIRLATYRES,B,22.7,23.35,22.7,23.0,22.8,260,15285,351739.0
2021-12-01,2021-12-01,UNIVPHOTO,B,663.95,663.95,607.0,619.75,649.95,474,7150,4441677.0
2021-12-01,2021-12-01,CBPL,M,85.05,85.05,85.05,85.05,81.0,3,6000,510300.0
2021-12-01,2021-12-01,OCTAVIUSPL,X,50.05,54.25,50.05,50.05,50.0,8,217,10869.0
2021-12-01,2021-12-01,04AGG,F,6.73,6.73,6.73,6.73,7.47,3,3,20.0
2021-12-01,2021-12-01,04GPG,F,1.6,1.63,1.35,1.43,1.49,22,10957,16047.0
2021-12-01,2021-12-01,06AGG,F,6.5,6.5,6.5,6.5,6.91,2,120,780.0
2021-12-01,2021-12-01,06ARD,F,25.36,25.36,25.36,25.36,28.17,23,259,6568.0
2021-12-01,2021-12-01,06GPG,F,3.69,3.69,3.03,3.03,3.36,71,36797,111495.0
2021-12-01,2021-12-01,COHANCE,A,490.0,493.2,485.0,488.45,487.0,790,7317,3567094.0
2021-12-01,2021-12-01,SBICARD,A,959.95,967.2,940.1,958.85,950.55,8433,70266,66894611.0
2021-12-01,2021-12-01,09AGG,F,54.39,54.39,44.51,44.51,49.45,5,5,243.0
2021-12-01,2021-12-01,09GPG,F,1.17,1.17,1.17,1.17,1.3,4,415,485.0
2021-12-01,2021-12-01,08MPD,B,0.66,0.66,0.66,0.66,0.6,1,8,5.0
2021-12-01,2021-12-01,08GPG,B,1.49,1.49,1.3,1.31,1.37,67,45497,61486.0
2021-12-01,2021-12-01,10ARD,F,8.79,8.79,8.79,8.79,8.01,2,2,17.0
2021-12-01,2021-12-01,10GPG,F,0.81,0.88,0.72,0.85,0.8,29,8602,6821.0
2021-12-01,2021-12-01,11DPR,B,10.69,11.2,9.63,10.1,10.69,28,704,7178.0
2021-12-01,2021-12-01,11GPG,B,2.55,2.55,2.2,2.21,2.44,110,50340,111630.0
2021-12-01,2021-12-01,11MPD,B,2.25,2.4,2.03,2.25,2.25,136,118458,247849.0
2021-12-01,2021-12-01,11MPR,B,7.0,7.28,7.0,7.0,7.29,5,980,6860.0
2021-12-01,2021-12-01,11QPD,B,2.95,3.27,2.95,2.99,3.27,21,4510,13516.0
2021-12-01,2021-12-01,11ADD,B,0.08,0.08,0.08,0.08,0.07,1,205,16.0
2021-12-01,2021-12-01,11AGG,B,7.8,8.5,7.7,8.3,8.55,12,1151,9063.0
2021-12-01,2021-12-01,11AMD,B,3.56,3.56,2.92,3.0,3.24,12,566,1706.0
2021-12-01,2021-12-01,11DPD,B,2.5,2.66,2.25,2.5,2.44,25,7559,18477.0
2021-12-01,2021-12-01,POWERINDIA,A,2615.0,2735.0,2532.45,2706.8,2614.45,1842,6493,17083977.0
2021-12-01,2021-12-01,NATURAL,X,15.2,15.2,14.16,14.16,14.9,324,66901,968983.0
2021-12-01,2021-12-01,BILLWIN,M,16.4,16.4,16.4,16.4,17.7,1,3000,49200.0
2021-12-01,2021-12-01,AARTISURF,B,1033.5,1049.55,1006.15,1041.3,1016.6,739,2378,2439692.0
2021-12-01,2021-12-01,BOROLTD,B,296.8,302.0,293.15,297.5,290.2,1669,39399,11759772.0
2021-12-01,2021-12-01,ROSSARI,B,1271.0,1301.95,1270.0,1279.7,1289.55,797,2841,3649028.0
2021-12-01,2021-12-01,NDRAUTO,B,329.0,336.75,317.0,320.65,325.85,129,4027,1323867.0
2021-12-01,2021-12-01,EBBETF0425,F,1073.0,1073.99,1068.15,1068.15,1069.02,9,131,140426.0
2021-12-01,2021-12-01,EBBETF0431,F,1073.0,1073.0,1069.5,1072.8,1071.41,19,756,809344.0
2021-12-01,2021-12-01,MINDSPACE,IF,319.99,323.25,315.4,318.81,317.77,384,5231,1670945.0
2021-12-01,2021-12-01,SBGLP,M,90.0,90.0,90.0,90.0,92.0,1,2000,180000.0
2021-12-01,2021-12-01,ALPL30IETF,B,172.5,175.7,170.11,171.38,174.87,234,232912,39737518.0
2021-12-01,2021-12-01,MAXHEALTH,B,376.0,383.15,373.0,375.45,380.2,2795,54505,20595717.0
2021-12-01,2021-12-01,ITIETF,B,360.0,380.0,359.95,361.53,358.13,411,19697,7187068.0
2021-12-01,2021-12-01,MAXIND,B,75.1,77.3,75.1,75.85,76.35,170,7765,590820.0
2021-12-01,2021-12-01,HDFCNIFBAN,B,358.0,366.0,356.1,365.99,359.03,67,229,82566.0
2021-12-01,2021-12-01,BANKBETA,B,35.51,36.74,35.51,36.42,36.07,28,515,18611.0
2021-12-01,2021-12-01,HAPPSTMNDS,T,1196.15,1240.0,1196.15,1212.15,1206.75,4021,25828,31256596.0
2021-12-01,2021-12-01,ROUTE,B,1812.5,1825.0,1791.0,1796.55,1812.3,702,3065,5522682.0
2021-12-01,2021-12-01,SAMRATFORG,X,133.0,133.0,133.0,133.0,133.0,1,5,665.0
2021-12-01,2021-12-01,ADL,T,50.0,50.2,48.6,48.6,47.9,4,40,1961.0
2021-12-01,2021-12-01,CAMS,B,3050.0,3078.85,3034.8,3042.05,3065.55,889,46011,140597727.0
2021-12-01,2021-12-01,CHEMCON,B,340.1,348.95,330.3,345.45,344.35,1085,11091,3815478.0
2021-12-01,2021-12-01,ANGELONE,B,1018.0,1045.0,1010.1,1032.55,1016.75,3130,30350,31081888.0
2021-12-01,2021-12-01,MAZDOCK,B,264.0,267.25,260.2,263.0,258.7,1088,33076,8721342.0
2021-12-01,2021-12-01,UTIAMC,B,1070.0,1088.65,1048.0,1050.95,1093.45,1166,4772,5058128.0
2021-12-01,2021-12-01,LIKHITHA,B,327.6,329.7,322.0,324.55,319.6,212,3142,1022637.0
2021-12-01,2021-12-01,VGIL,M,97.0,97.0,92.0,94.75,96.6,7,7000,663250.0
2021-12-01,2021-12-01,HEMIPROP,B,132.0,134.4,131.45,133.75,131.0,1197,57853,7674263.0
2021-12-01,2021-12-01,EQUITASBNK,B,59.65,61.95,59.65,61.65,59.55,412,25506,1555333.0
2021-12-01,2021-12-01,SHINEFASH,M,76.5,76.5,76.5,76.5,80.5,2,4000,306000.0
2021-12-01,2021-12-01,GLAND,B,3620.0,3652.95,3578.7,3619.45,3581.8,1070,3471,12559616.0
2021-12-01,2021-12-01,ESG,B,29.35,29.51,29.19,29.35,29.17,21,202,5932.0
2021-12-01,2021-12-01,RBA,B,148.0,150.25,147.2,147.95,148.65,2899,104081,15451144.0
2021-12-01,2021-12-01,TARC,B,45.8,45.85,44.7,45.05,44.7,423,52124,2354730.0
2021-12-01,2021-12-01,RVHL,B,27.95,27.95,25.55,26.4,25.45,171,34585,951147.0
2021-12-01,2021-12-01,FAIRCHEMOR,B,1738.95,1750.0,1657.0,1691.5,1725.3,849,5992,10173381.0
2021-12-01,2021-12-01,BECTORFOOD,B,386.1,391.15,374.05,382.55,385.0,1273,18048,6941261.0
2021-12-01,2021-12-01,AWHCL,B,287.0,290.9,283.4,288.3,286.3,691,9729,2790956.0
2021-12-01,2021-12-01,INFRABEES,B,517.0,519.5,513.63,518.67,514.32,32,765,394404.0
2021-12-01,2021-12-01,IRFC,B,23.3,23.5,23.1,23.2,23.25,5751,1361033,31601880.0
2021-12-01,2021-12-01,INDIGOPNTS,B,2228.35,2272.6,2198.05,2253.8,2213.7,256,21331,47385662.0
2021-12-01,2021-12-01,HOMEFIRST,B,800.0,827.35,796.1,818.35,808.15,623,5245,4243827.0
2021-12-01,2021-12-01,STOVEKRAFT,B,970.0,970.0,944.05,947.7,947.85,276,963,919225.0
2021-12-01,2021-12-01,BIRET,IF,286.24,292.0,283.7,288.22,284.92,469,17960,5163035.0
2021-12-01,2021-12-01,MRP,M,40.0,40.05,40.0,40.0,40.0,3,9000,360150.0
2021-12-01,2021-12-01,SMCGLOBAL,B,73.55,74.5,71.95,74.3,72.25,56,1482,108092.0
2021-12-01,2021-12-01,NURECA,B,1490.05,1505.0,1450.0,1470.65,1491.05,257,715,1058326.0
2021-12-01,2021-12-01,RAILTEL,B,119.0,121.5,116.7,119.55,117.2,1403,95262,11381884.0
2021-12-01,2021-12-01,HERANBA,B,649.1,662.0,648.2,654.4,649.1,867,7919,5164120.0
2021-12-01,2021-12-01,MTARTECH,B,2149.0,2306.15,2121.9,2257.6,2102.55,4938,32531,72629314.0
2021-12-01,2021-12-01,JUBLINGREA,B,556.95,561.1,537.0,541.95,548.75,1845,40201,21922887.0
2021-12-01,2021-12-01,EASEMYTRIP,T,498.6,509.95,485.0,504.9,504.05,1327,32239,15993647.0
2021-12-01,2021-12-01,KMEW,M,161.95,161.95,155.15,155.15,158.0,3,9000,1422600.0
2021-12-01,2021-12-01,SUUMAYA,M,133.5,133.5,133.5,133.5,140.5,3,1350,180225.0
2021-12-01,2021-12-01,ANURAS,B,793.0,793.75,783.2,785.6,787.8,196,1470,1155958.0
2021-12-01,2021-12-01,CRAFTSMAN,B,2325.8,2325.8,2235.3,2273.05,2273.7,247,557,1272179.0
2021-12-01,2021-12-01,LXCHEM,B,422.0,426.0,414.1,416.35,414.7,4153,80732,33739314.0
2021-12-01,2021-12-01,KALYANKJIL,B,66.2,68.4,66.2,67.85,67.15,1653,140455,9496901.0
2021-12-01,2021-12-01,SURYODAY,B,150.05,153.15,148.0,150.05,151.45,914,8083,1210458.0
2021-12-01,2021-12-01,NAZARA,T,2211.55,2288.95,2210.0,2264.0,2230.8,214,1043,2342406.0
2021-12-01,2021-12-01,SUVIDHAA,B,10.91,10.99,10.36,10.6,10.64,145,19654,208778.0
2021-12-01,2021-12-01,NIKSTECH,MS,202.0,202.0,202.0,202.0,190.0,2,2400,484800.0
2021-12-01,2021-12-01,UFBL,B,1495.05,1545.55,1457.6,1519.95,1477.25,418,2432,3614894.0
2021-12-01,2021-12-01,EKI,M,5499.95,5752.6,5400.0,5744.75,5478.7,163,10400,59325925.0
2021-12-01,2021-12-01,LODHA,B,1419.8,1538.65,1403.4,1498.15,1409.4,1815,770582,1148608036.0
2021-12-01,2021-12-01,DEEPINDS,B,143.35,146.1,142.4,144.45,143.5,110,7458,1071559.0
2021-12-01,2021-12-01,PGINVIT,IF,120.29,121.0,120.0,120.19,120.16,227,234136,28217201.0
2021-12-01,2021-12-01,MAFANG,B,59.44,59.44,58.0,58.4,58.65,560,16249,949870.0
2021-12-01,2021-12-01,HEALTHIETF,B,87.9,88.6,86.27,86.51,87.62,37,298,25945.0
2021-12-01,2021-12-01,IWEL,T,723.15,780.0,723.15,776.8,759.95,15,173,129376.0
2021-12-01,2021-12-01,VINEETLAB,B,71.4,71.8,69.0,70.05,71.9,160,7955,555474.0
2021-12-01,2021-12-01,SHYAMMETL,B,311.0,316.25,309.05,310.0,310.75,593,11597,3604996.0
2021-12-01,2021-12-01,SONACOMS,B,760.0,765.35,741.45,745.85,748.0,2296,51497,38751624.0
2021-12-01,2021-12-01,DODLA,B,590.7,590.7,570.0,572.35,579.1,681,34988,20218245.0
2021-12-01,2021-12-01,KIMS,B,1260.0,1260.0,1210.05,1229.6,1222.9,580,3437,4222866.0
2021-12-01,2021-12-01,TIMESGREEN,M,61.05,61.05,61.05,61.05,61.05,1,2000,122100.0
2021-12-01,2021-12-01,IPL,B,303.0,303.0,293.05,300.75,296.0,1185,31472,9354637.0
2021-12-01,2021-12-01,GRINFRA,B,1737.05,1737.05,1691.0,1705.2,1713.85,287,729,1243023.0
2021-12-01,2021-12-01,CLEAN,B,2152.4,2192.0,2086.5,2182.8,2140.05,4317,36603,78711622.0
2021-12-01,2021-12-01,ETERNAL,B,155.0,157.8,149.5,151.35,152.6,23096,2497719,380312895.0
2021-12-01,2021-12-01,TATVA,B,2413.0,2521.1,2374.55,2481.0,2353.65,2109,11700,28715803.0
2021-12-01,2021-12-01,ALIVUS,B,627.0,627.0,606.0,610.3,611.5,497,4001,2442611.0
2021-12-01,2021-12-01,BFSI,B,17.65,18.05,17.53,17.8,17.65,66,18661,331067.0
2021-12-01,2021-12-01,GCSL,M,200.0,200.0,200.0,200.0,200.0,2,1600,320000.0
2021-12-01,2021-12-01,ROLEXRINGS,B,1042.0,1082.0,1042.0,1076.9,1043.1,549,2148,2288162.0
2021-12-01,2021-12-01,FMCGIETF,B,377.0,385.0,372.1,374.06,390.0,111,541,203634.0
2021-12-01,2021-12-01,EXXARO,B,139.0,148.45,139.0,145.9,141.35,1378,84742,12158179.0
2021-12-01,2021-12-01,KRSNAA,B,700.45,703.15,686.6,689.55,696.95,606,4149,2870466.0
2021-12-01,2021-12-01,WINDLAS,B,280.0,292.1,280.0,282.65,283.7,498,3974,1129885.0
2021-12-01,2021-12-01,DEVYANI,B,150.0,156.0,148.65,154.85,147.9,3626,292117,44593899.0
2021-12-01,2021-12-01,MOL,B,99.95,102.75,98.55,100.55,96.4,2296,181915,18363106.0
2021-12-01,2021-12-01,EPIGRAL,B,701.65,701.65,682.25,701.65,668.25,1396,22942,15883266.0
2021-12-01,2021-12-01,CARTRADE,B,923.0,934.55,896.85,899.4,913.35,1861,13346,12210690.0
2021-12-01,2021-12-01,NUVOCO,B,535.5,545.0,521.4,522.5,537.15,1604,22961,12209562.0
2021-12-01,2021-12-01,APTUS,B,315.0,317.5,307.5,309.3,312.75,317,4787,1490034.0
2021-12-01,2021-12-01,CHEMPLASTS,B,597.0,597.0,566.55,568.75,569.85,671,11742,6723464.0
2021-12-01,2021-12-01,AASHKA,M,41.55,41.8,40.35,40.85,41.15,53,55000,2252400.0
2021-12-01,2021-12-01,ITAXIS,B,354.0,361.1,348.1,358.0,355.0,41,457,164378.0
2021-12-01,2021-12-01,HEALTHAXIS,B,85.2,86.0,84.7,85.5,85.13,17,205,17506.0
2021-12-01,2021-12-01,ACUTAAS,B,905.0,929.8,903.35,911.15,901.85,596,7438,6789355.0
2021-12-01,2021-12-01,VIJAYA,B,580.45,586.4,572.65,575.55,576.55,749,6675,3849239.0
2021-12-01,2021-12-01,NBL,MS,53.95,53.95,52.0,52.0,54.0,3,4800,252720.0
2021-12-01,2021-12-01,POBS,M,194.7,194.7,194.7,194.7,190.0,3,3600,700920.0
2021-12-01,2021-12-01,CONSUMAXIS,B,70.4,70.8,68.6,70.2,72.0,23,206,14402.0
2021-12-01,2021-12-01,SANSERA,B,801.0,807.0,761.65,775.4,787.1,3236,20670,16148361.0
2021-12-01,2021-12-01,PREVEST,M,227.15,238.8,227.15,238.5,227.15,17,27200,6402400.0
2021-12-01,2021-12-01,MARKOLINES,M,67.0,67.0,67.0,67.0,67.0,2,3200,214400.0
2021-12-01,2021-12-01,MASPTOP50,B,30.2,30.4,29.81,30.15,30.12,108,8853,267431.0
2021-12-01,2021-12-01,PARAS,B,720.0,728.05,704.15,710.85,705.25,4762,50082,35763119.0
2021-12-01,2021-12-01,GETALONG,M,75.0,75.0,75.0,75.0,76.0,1,2000,150000.0
2021-12-01,2021-12-01,SVRL,M,44.95,44.95,43.25,44.6,44.0,6,18000,793950.0
2021-12-01,2021-12-01,ABSLAMC,B,578.0,586.0,573.05,574.5,577.65,2365,20699,11941257.0
2021-12-01,2021-12-01,PROMAX,M,28.05,30.5,27.85,30.5,29.13,5,50000,1451000.0
2021-12-01,2021-12-01,ADISHAKTI,M,9.8,9.8,9.8,9.8,9.34,3,30000,294000.0
2021-12-01,2021-12-01,CWD,MS,214.0,214.0,214.0,214.0,224.35,1,800,171200.0
2021-12-01,2021-12-01,CONSUMIETF,B,70.1,70.6,70.0,70.04,71.16,15,576,40479.0
2021-12-01,2021-12-01,NYKAA,B,2489.05,2529.8,2457.0,2492.5,2438.45,4206,40593,101021483.0
2021-12-01,2021-12-01,FINOPB,B,451.0,451.4,430.0,431.25,446.65,440,3599,1576040.0
2021-12-01,2021-12-01,SJS,B,432.0,447.45,431.9,441.6,435.45,1331,17641,7774833.0
2021-12-01,2021-12-01,EQUAL50ADD,B,192.0,192.6,191.0,192.31,191.0,26,322,61818.0
2021-12-01,2021-12-01,SIGACHI,B,417.0,433.5,392.75,405.65,410.95,6818,102789,42122531.0
2021-12-01,2021-12-01,POLICYBZR,B,1231.0,1273.75,1207.1,1213.55,1214.2,2199,2035104,2472813982.0
2021-12-01,2021-12-01,SGFRL,M,46.5,48.0,46.05,48.0,45.15,6,18000,844650.0
2021-12-01,2021-12-01,PAYTM,B,1707.0,1724.0,1629.1,1636.55,1701.3,14901,125786,210483297.0
2021-12-01,2021-12-01,SAPPHIRE,B,1026.0,1048.75,1000.85,1035.25,1019.55,2020,15408,15844820.0
2021-12-01,2021-12-01,LATENTVIEW,B,670.0,680.0,625.0,637.7,656.95,15755,346233,224233947.0
2021-12-01,2021-12-01,TARSONS,B,710.0,721.0,671.2,683.35,697.4,6250,145745,100083168.0
2021-12-01,2021-12-01,OMNIPOTENT,MT,84.9,84.9,84.9,84.9,89.35,3,6000,509400.0
2021-12-01,2021-12-01,GOCOLORS,B,1280.3,1324.0,1210.0,1300.5,1252.6,23777,402492,513145723.0
2021-12-01,2021-12-01,SENSEXIETF,B,624.0,633.8,622.1,625.0,623.71,69,194,122145.0
2021-12-01,2021-12-01,TATAMTRDVR,A,260.0,264.9,256.5,263.1,257.05,8214,374390,97581698.0
2021-12-01,2021-12-01,FELDVR,B,10.88,11.0,10.75,10.78,10.83,15,4971,54029.0
2021-12-01,2021-12-01,JISLDVREQS,T,25.75,25.75,23.6,25.0,24.55,16,2386,58520.0
2021-12-01,2021-12-01,GATECHDVR,T,12.65,12.65,11.51,11.51,12.11,104,28015,326362.0
2021-12-01,2021-12-01,KARURVYSYA,B,47.65,48.95,47.55,48.75,47.95,1983,359506,17299406.0
2021-12-01,2021-12-01,VEEDOL,B,1571.0,1571.0,1522.1,1534.15,1528.45,517,1789,2772738.0
2021-12-01,2021-12-01,AMRUTANJAN,B,890.7,904.0,885.75,888.85,889.95,961,4087,3643108.0
2021-12-01,2021-12-01,XPROINDIA,B,818.55,818.55,818.55,818.55,779.6,43,3335,2729864.0
2021-12-01,2021-12-01,HISARMETAL,B,124.05,124.35,118.45,120.8,123.75,69,1649,199821.0
2021-12-01,2021-12-01,BHARATRAS,B,9958.6,9999.9,9829.5,9929.6,9926.45,199,224,2214192.0
2021-12-01,2021-12-01,EASTSILK,B,5.05,5.35,5.05,5.05,5.31,96,52131,263694.0
2021-12-01,2021-12-01,FACT,B,112.65,116.3,112.65,113.5,110.2,1036,19781,2267717.0
2021-12-01,2021-12-01,GINNIFILA,B,32.0,32.0,31.0,31.55,31.45,104,3513,110743.0
2021-12-01,2021-12-01,SPIC,B,45.5,47.4,45.5,46.55,44.4,1091,118051,5476915.0
2021-12-01,2021-12-01,DENORA,B,385.65,450.1,385.1,450.1,375.1,1639,25726,11321483.0
2021-12-01,2021-12-01,KAVDEFENCE,T,7.2,7.48,6.84,7.17,7.2,50,17472,122078.0
2021-12-01,2021-12-01,SAKSOFT,B,978.0,1000.0,953.6,974.7,976.95,1030,5399,5265204.0
2021-12-01,2021-12-01,SALONA,B,205.2,211.55,200.15,207.9,203.0,27,2059,424887.0
2021-12-01,2021-12-01,EQUIPPP,B,84.55,85.2,84.55,84.55,89.0,144,7120,602025.0
2021-12-01,2021-12-01,ANDHRSUGAR,B,595.95,601.5,585.0,585.1,591.35,241,1413,837982.0
2021-12-01,2021-12-01,IMPAL,B,771.05,771.05,771.05,771.05,757.55,2,2,1542.0
2021-12-01,2021-12-01,KCP,B,127.6,130.55,127.0,129.45,127.05,607,24702,3176697.0
2021-12-01,2021-12-01,KHAITANLTD,T,30.95,30.95,30.9,30.9,30.45,2,11,340.0
2021-12-01,2021-12-01,RADAAN,B,1.78,1.78,1.78,1.78,1.7,46,75016,133528.0
2021-12-01,2021-12-01,SUNDARMFIN,B,2276.55,2276.55,2254.1,2269.3,2260.0,107,409,927384.0
2021-12-01,2021-12-01,SUNDRMBRAK,B,360.35,360.35,356.0,356.0,352.05,22,452,162051.0
2021-12-01,2021-12-01,WHEELS,B,643.0,653.65,637.4,646.4,643.75,119,1238,797469.0
2021-12-01,2021-12-01,LAMBODHARA,B,89.45,89.45,86.15,88.45,86.8,44,1064,93343.0
2021-12-01,2021-12-01,MAITHANALL,B,981.15,992.7,960.0,965.7,973.0,1022,9948,9728770.0
2021-12-01,2021-12-01,LOHIASECURI,XT,120.0,131.25,120.0,120.5,125.0,31,1226,154945.0
2021-12-01,2021-12-01,ORISSAMINE,B,2298.5,2321.95,2278.0,2298.5,2295.85,464,1488,3414826.0
2021-12-01,2021-12-01,GOLDBEES,E,41.27,41.35,41.08,41.22,41.52,2834,347337,14304440.0
2021-12-01,2021-12-01,LIQUIDBEES,F,999.32,1000.01,999.32,1000.01,1000.0,1182,106889,106888836.0
2021-12-01,2021-12-01,GOLD1,E,41.84,42.25,41.43,41.53,41.93,391,46314,1931931.0
2021-12-01,2021-12-01,SETFGOLD,E,4240.0,4249.99,4221.0,4228.46,4258.34,152,1054,4455247.0
2021-12-01,2021-12-01,QGOLDHALF,E,2055.1,2055.1,2046.0,2046.5,2064.0,27,294,602105.0
2021-12-01,2021-12-01,GOLDBETA,E,41.5,41.5,41.1,41.39,41.47,119,6002,247583.0
2021-12-01,2021-12-01,NIFTYBEES,B,183.83,185.94,182.0,185.64,183.74,4713,298949,55375908.0
2021-12-01,2021-12-01,JUNIORBEES,B,441.0,444.8,436.1,440.89,439.77,975,11092,4873278.0
2021-12-01,2021-12-01,BANKBEES,B,361.84,367.0,360.91,366.42,359.46,560,16983,6185595.0
2021-12-01,2021-12-01,PSUBANK,B,251.0,257.17,250.1,256.05,252.58,105,8624,2186377.0
2021-12-01,2021-12-01,PSUBNKBEES,B,27.97,28.8,27.85,28.7,27.98,643,76552,2175543.0
2021-12-01,2021-12-01,SHARIABEES,B,436.0,442.0,425.1,436.9,437.57,23,422,181900.0
2021-12-01,2021-12-01,QNIFTY,B,1790.0,1790.0,1790.0,1790.0,1772.75,3,11,19690.0
2021-12-01,2021-12-01,HNGSNGBEES,E,309.0,312.0,308.0,308.12,306.01,23,597,184001.0
2021-12-01,2021-12-01,MOM50,B,170.0,171.0,170.0,170.9,169.23,20,74,12634.0
2021-12-01,2021-12-01,ASHIKACR,X,36.0,36.9,35.75,36.5,36.3,56,21659,793463.0
2021-12-01,2021-12-01,MADRASFERT,B,28.25,29.05,27.95,28.65,26.6,580,39885,1138226.0
2021-12-01,2021-12-01,BANKNIFTY1,B,363.2,368.09,362.17,367.7,361.6,121,21581,7931844.0
2021-12-01,2021-12-01,SETFNIFBK,B,359.53,364.24,358.21,363.09,356.7,251,5328,1923054.0
2021-12-01,2021-12-01,SETFNIF50,B,175.0,176.0,174.5,175.63,174.13,413,16068,2817383.0
2021-12-01,2021-12-01,ZEENCPS,F,2.07,2.08,2.07,2.08,2.08,44,1205544,2495487.0
2021-12-01,2021-12-01,ANUROOPRE,R,4.83,4.83,4.7,4.82,3.45,22,64000,308500.0
2021-12-01,2021-12-01,BGEARRE,R,178.35,178.35,144.0,172.7,127.4,173,5661,955731.0
2021-12-01,2021-12-01,IHCLRE,R,26.55,33.7,25.0,32.25,31.75,1844,149601,4295803.0
2021-12-01,2021-12-01,SWISSMILRE,R,11.0,12.9,9.8,10.09,11.28,157,52108,554199.0
2021-12-01,2021-12-01,HKGRE,R,22.0,22.0,18.5,19.5,16.85,3,10000,205000.0
2021-12-01,2021-12-01,NATCAPSRE,R,80.5,109.85,80.5,91.7,96.1,102,5580,515747.0
2021-12-01,2021-12-01,SGB20151,G,4722.0,4722.01,4721.5,4722.0,4800.0,4,5,23609.0
2021-12-01,2021-12-01,SGB2016I,G,4651.01,4799.99,4651.01,4711.0,4784.0,4,15,70288.0
2021-12-01,2021-12-01,SGB2016II,G,4795.0,4795.0,4795.0,4795.0,4662.01,1,1,4795.0
2021-12-01,2021-12-01,SGBAUG24,G,4662.0,4675.0,4662.0,4675.0,4710.0,3,11,51347.0
2021-12-01,2021-12-01,SGBSEP24,G,4676.0,4724.99,4676.0,4724.99,4675.0,5,26,122604.0
2021-12-01,2021-12-01,SGBNOV24,G,4651.0,4790.0,4651.0,4776.0,4808.0,6,6,28365.0
2021-12-01,2021-12-01,SGBMAR25,G,4680.0,4690.0,4680.0,4685.0,4750.0,4,11,51510.0
2021-12-01,2021-12-01,SGBJUL25,G,4650.01,4650.01,4650.01,4650.01,4641.0,1,2,9300.0
2021-12-01,2021-12-01,SGBOCT25IV,G,4972.0,4972.0,4749.0,4749.0,4703.0,2,2,9721.0
2021-12-01,2021-12-01,SGBOCT25,G,4897.99,4897.99,4700.0,4700.0,4718.0,2,15,72479.0
2021-12-01,2021-12-01,SGBJAN26,G,4715.0,4715.0,4715.0,4715.0,4698.0,1,5,23575.0
2021-12-01,2021-12-01,SGBDC27VII,G,4740.0,4740.0,4670.0,4670.0,4661.0,3,3,14150.0
2021-12-01,2021-12-01,SGBJ28VIII,G,4719.0,4719.0,4702.0,4702.0,4935.0,3,5,23544.0
2021-12-01,2021-12-01,SGBAPR28I,G,4759.0,4765.0,4675.5,4687.75,4717.0,20,101,478098.0
2021-12-01,2021-12-01,SGBMAY28,G,4676.0,4676.0,4676.0,4676.0,4670.25,1,5,23380.0
2021-12-01,2021-12-01,SGBJUN28,G,4660.0,4735.0,4660.0,4691.01,4702.01,3,6,28172.0
2021-12-01,2021-12-01,SGBJUL28IV,G,4709.0,4709.0,4700.0,4700.03,4705.0,14,82,385432.0
2021-12-01,2021-12-01,SGBAUG28V,G,4843.0,4843.0,4789.99,4805.05,4800.0,35,154,738994.0
2021-12-01,2021-12-01,SGBOC28VII,G,4652.1,4699.02,4611.0,4699.01,4730.0,49,236,1098195.0
2021-12-01,2021-12-01,SGBN28VIII,G,4739.0,4749.0,4701.0,4709.0,4750.0,8,12,56657.0
2021-12-01,2021-12-01,SGBJAN29IX,G,4768.0,4768.0,4661.0,4723.5,4730.0,19,57,268157.0
2021-12-01,2021-12-01,SGBJAN29X,G,4711.0,4730.0,4701.0,4710.01,4711.1,9,51,240261.0
2021-12-01,2021-12-01,SGBFEB29XI,G,4717.0,4717.0,4671.1,4700.0,4735.0,7,9,42206.0
2021-12-01,2021-12-01,SGBMR29XII,G,4670.0,4697.0,4670.0,4675.0,4673.0,5,18,84169.0
2021-12-01,2021-12-01,SGBMAY29I,G,4675.0,4689.0,4661.26,4685.0,4669.42,20,120,561422.0
2021-12-01,2021-12-01,SGBJUN29II,G,4697.0,4697.0,4651.0,4688.5,4700.0,26,47,220149.0
2021-12-01,2021-12-01,SGBJU29III,G,4701.0,4732.9,4700.0,4711.3,4724.9,13,68,320751.0
2021-12-01,2021-12-01,SGBJUL29IV,G,4680.05,4730.0,4680.05,4697.49,4700.0,20,61,286827.0
2021-12-01,2021-12-01,SGBAUG29V,G,4719.0,4719.0,4685.06,4690.0,4685.05,4,14,65844.0
2021-12-01,2021-12-01,SGBSEP29VI,G,4652.0,4854.0,4652.0,4694.0,4693.9,20,52,244444.0
2021-12-01,2021-12-01,SGBNV29VII,G,4764.0,4764.0,4700.0,4700.01,4698.11,6,48,226542.0
2021-12-01,2021-12-01,URJAPP,B,4.86,4.86,4.86,4.86,5.11,28,3783,18385.0
2021-12-01,2021-12-01,AIRTELPP,A,401.45,401.45,390.0,392.65,390.05,215,2561,1011833.0
2021-12-01,2021-12-01,RPPINFRPP,B,28.15,30.15,28.1,29.7,29.0,12,1581,45950.0
2021-12-01,2021-12-01,99IFCI24,F,1013.01,1019.7,1013.01,1019.4,1019.49,15,859,874893.0
2021-12-01,2021-12-01,94IFCI25,F,1077.0,1077.0,1075.0,1075.0,1082.0,7,300,322800.0
2021-12-01,2021-12-01,849NTPC25,F,14.0,14.0,13.99,14.0,13.97,10,1144,16012.0
2021-12-01,2021-12-01,736PFCL25,F,1085.22,1085.22,1085.22,1085.22,1095.54,1,2,2170.0
2021-12-01,2021-12-01,714REC25,F,1068.5,1068.5,1068.5,1068.5,1144.7,1,107,114329.0
2021-12-01,2021-12-01,732IRFC25,F,1091.24,1091.24,1091.24,1091.24,1087.01,1,158,172415.0
2021-12-01,2021-12-01,753IRFC30,F,1199.0,1206.94,1199.0,1206.93,1199.0,12,570,687874.0
2021-12-01,2021-12-01,768IREDA36,F,1345.0,1345.0,1345.0,1345.0,1350.0,1,237,318765.0
2021-12-01,2021-12-01,769NHAI31,F,1216.0,1216.0,1216.0,1216.0,1217.0,1,10,12160.0
2021-12-01,2021-12-01,739HUDCO31,F,1215.98,1215.98,1215.48,1215.48,1215.0,2,30244,36767849.0
2021-12-01,2021-12-01,729HUDCO26,F,1080.0,1080.0,1080.0,1080.0,1150.0,1,30,32400.0
2021-12-01,2021-12-01,729NABAR26,F,1145.0,1145.5,1145.0,1145.5,1145.0,6,135,154600.0
2021-12-01,2021-12-01,764NABAR31,F,1255.0,1255.0,1255.0,1255.0,1256.12,1,100,125500.0
2021-12-01,2021-12-01,9MMFSL26,F,1099.01,1099.01,1094.99,1094.99,1106.86,9,440,481999.0
2021-12-01,2021-12-01,MMFSL26A,F,1720.0,1740.0,1720.0,1740.0,1710.0,3,114,197810.0
2021-12-01,2021-12-01,10NIDO26,F,940.0,940.0,940.0,940.0,935.0,2,150,141000.0
2021-12-01,2021-12-01,865SCL26,F,945.0,945.0,945.0,945.0,940.0,2,38,35910.0
2021-12-01,2021-12-01,9SCL26BA,F,901.91,901.91,900.0,900.0,910.0,10,100,90071.0
2021-12-01,2021-12-01,915SCL26,F,890.0,890.4,890.0,890.0,893.0,6,289,257215.0
2021-12-01,2021-12-01,975SEFL22B,F,245.28,245.28,245.28,245.28,204.4,1,30,7358.0
2021-12-01,2021-12-01,950SEFL22,F,260.0,264.0,260.0,260.0,220.61,7,107,28107.0
2021-12-01,2021-12-01,900MFL22A,F,1059.01,1060.1,1057.0,1060.1,1062.0,7,434,459133.0
2021-12-01,2021-12-01,925SEFL22,F,155.0,175.0,155.0,175.0,175.0,5,112,17400.0
2021-12-01,2021-12-01,955SEFL27,F,170.0,170.0,167.0,167.0,170.0,3,144,24333.0
2021-12-01,2021-12-01,10KFL25,F,990.0,993.0,990.0,993.0,994.0,2,238,235977.0
2021-12-01,2021-12-01,9SEFL23B,F,250.0,250.0,250.0,250.0,250.01,9,200,50000.0
2021-12-01,2021-12-01,9MFL23,F,1072.0,1072.0,1060.13,1060.13,1072.0,4,225,239716.0
2021-12-01,2021-12-01,10KFL23,F,990.0,990.0,990.0,990.0,990.0,1,50,49500.0
2021-12-01,2021-12-01,95JMFCSL23,F,1061.05,1061.1,1061.05,1061.1,1059.0,2,47,49869.0
2021-12-01,2021-12-01,911JMFCSL23,F,1039.0,1039.0,1015.0,1015.0,1015.0,4,87,88329.0
2021-12-01,2021-12-01,893STFCL23,F,1019.0,1019.0,1019.0,1019.0,1019.5,2,100,101900.0
2021-12-01,2021-12-01,903SFL28,F,1061.0,1061.0,1061.0,1061.0,1060.0,3,255,270555.0
2021-12-01,2021-12-01,0STFCL23,F,1366.0,1366.0,1366.0,1366.0,1380.0,1,20,27320.0
2021-12-01,2021-12-01,925EFL23,F,984.9,984.9,984.9,984.9,956.5,2,26,25607.0
2021-12-01,2021-12-01,0EFL23,F,1300.0,1300.0,1300.0,1300.0,1305.0,2,52,67600.0
2021-12-01,2021-12-01,943ECL28,F,942.0,942.0,942.0,942.0,930.0,1,15,14130.0
2021-12-01,2021-12-01,92SFIL28,F,925.0,925.0,924.95,924.95,920.0,2,25,23124.0
2021-12-01,2021-12-01,890TCFSL23,F,1053.0,1053.0,1050.7,1052.14,1052.0,10,340,357781.0
2021-12-01,2021-12-01,910TCAP28,F,1150.0,1150.0,1150.0,1150.0,1150.0,2,90,103500.0
2021-12-01,2021-12-01,912STFCL23,F,1010.0,1010.0,1010.0,1010.0,1029.99,1,10,10100.0
2021-12-01,2021-12-01,950STFCL23,F,1024.0,1024.0,1023.0,1023.0,1025.0,2,200,204700.0
2021-12-01,2021-12-01,MFL25,F,1431.14,1431.14,1431.14,1431.14,1431.12,2,20,28622.0
2021-12-01,2021-12-01,10JMFCSL22,F,1008.0,1008.0,1008.0,1008.0,1014.0,1,25,25200.0
2021-12-01,2021-12-01,EFL4JAN19,F,1298.61,1298.61,1298.61,1298.61,1297.8,1,100,129861.0
2021-12-01,2021-12-01,995EFL24,F,992.1,992.1,992.1,992.1,994.9,2,25,24802.0
2021-12-01,2021-12-01,EFL4JAN19A,F,1270.0,1271.0,1270.0,1271.0,1327.0,2,320,406520.0
2021-12-01,2021-12-01,1060ECL29,F,1031.0,1031.0,1031.0,1031.0,1041.0,1,1,1031.0
2021-12-01,2021-12-01,905MMFSL22,F,1066.99,1066.99,1066.99,1066.99,1067.59,5,258,275283.0
2021-12-01,2021-12-01,915MMFSL24,F,1090.0,1095.0,1085.0,1095.0,1095.0,5,534,582110.0
2021-12-01,2021-12-01,1025SEFL22,F,259.0,260.0,259.0,260.0,280.0,3,196,50779.0
2021-12-01,2021-12-01,1005SEFL24,F,218.8,218.8,215.0,216.33,240.2,3,300,64900.0
2021-12-01,2021-12-01,105SEFL24,F,246.8,246.8,240.0,240.13,239.8,2,51,12246.0
2021-12-01,2021-12-01,912STFCL24,F,1027.0,1035.0,1027.0,1035.0,1030.01,3,19,19609.0
2021-12-01,2021-12-01,94STFCL22,F,1080.5,1081.85,1080.5,1081.85,1076.0,2,30,32435.0
2021-12-01,2021-12-01,95SFL24,F,1105.0,1105.0,1089.9,1095.0,1101.0,9,242,265342.0
2021-12-01,2021-12-01,0STFCL22A,F,1290.0,1290.01,1290.0,1290.01,1290.2,2,86,110940.0
2021-12-01,2021-12-01,102IFL24,F,1095.5,1095.5,1095.5,1095.5,1096.0,1,100,109550.0
2021-12-01,2021-12-01,105IIFL29,F,995.0,1450.0,995.0,1450.0,1215.0,2,60,77900.0
2021-12-01,2021-12-01,935MFL22,F,1015.0,1015.0,1015.0,1015.0,1010.0,1,1,1015.0
2021-12-01,2021-12-01,975MFL22A,F,1076.0,1076.0,1076.0,1076.0,1073.15,1,5,5380.0
2021-12-01,2021-12-01,11DLSL24,F,1044.0,1044.0,1044.0,1044.0,1035.0,2,15,15660.0
2021-12-01,2021-12-01,91LTFL22,F,1070.0,1078.98,1060.01,1061.61,1068.51,10,820,872284.0
2021-12-01,2021-12-01,0LTFL22A,F,1274.0,1274.0,1274.0,1274.0,1260.0,2,200,254800.0
2021-12-01,2021-12-01,925LTFH24,F,1106.0,1106.0,1100.0,1100.0,1099.4,2,201,222300.0
2021-12-01,2021-12-01,889LTFH24,F,1068.0,1068.0,1065.55,1065.55,1046.05,2,2,2133.0
2021-12-01,2021-12-01,935LTF29,F,1170.0,1170.0,1162.0,1162.14,1161.3,10,194,225863.0
2021-12-01,2021-12-01,950MFL22A,F,1011.5,1011.5,1007.3,1007.3,1000.21,4,187,188633.0
2021-12-01,2021-12-01,975MFL24A,F,1049.88,1050.0,1037.0,1050.0,1035.01,3,3,3136.0
2021-12-01,2021-12-01,10MFL24,F,1095.0,1095.0,1095.0,1095.0,1093.01,1,10,10950.0
2021-12-01,2021-12-01,0MFL22A,F,1284.0,1287.0,1284.0,1287.0,1283.0,6,12,15420.0
2021-12-01,2021-12-01,89LTFL22,F,1050.25,1050.25,1050.25,1050.25,1046.99,1,19,19954.0
2021-12-01,2021-12-01,905LTF27,F,1168.88,1168.88,1122.0,1122.0,1145.0,2,51,59566.0
2021-12-01,2021-12-01,926SCUF22,F,1006.95,1007.0,1006.95,1007.0,1008.0,7,214,215497.0
2021-12-01,2021-12-01,10KFL22B,F,965.0,965.0,965.0,965.0,900.0,5,1000,965000.0
2021-12-01,2021-12-01,1050SEFL22,F,437.95,437.95,437.95,437.95,365.0,1,100,43795.0
2021-12-01,2021-12-01,1025SEFL24A,F,278.0,278.0,275.0,275.0,232.0,3,336,93405.0
2021-12-01,2021-12-01,995ECL24B,F,985.06,987.0,983.1,986.11,985.06,7,171,168519.0
2021-12-01,2021-12-01,104ECL24A,F,1010.0,1010.0,1005.15,1009.48,1005.01,4,112,113061.0
2021-12-01,2021-12-01,ECL24A,F,1221.0,1235.0,1221.0,1235.0,1220.0,2,20,24560.0
2021-12-01,2021-12-01,975MFL24AA,F,1035.0,1035.0,1035.0,1035.0,1034.0,6,208,215280.0
2021-12-01,2021-12-01,10MFL24A,F,1076.0,1091.0,1076.0,1091.0,1070.92,4,35,37860.0
2021-12-01,2021-12-01,MFLZC26A,F,1323.0,1323.0,1323.0,1323.0,1329.0,3,130,171990.0
2021-12-01,2021-12-01,995DLSL22,F,990.2,990.2,990.2,990.2,990.0,3,67,66343.0
2021-12-01,2021-12-01,1013DLSL24,F,960.0,970.0,960.0,970.0,990.0,10,75,72500.0
2021-12-01,2021-12-01,10KFL22AA,F,960.0,995.0,960.0,994.38,960.0,14,650,629150.0
2021-12-01,2021-12-01,KFLZC26B,F,1150.0,1156.0,1150.0,1156.0,1070.0,8,610,703260.0
2021-12-01,2021-12-01,0STF23,F,1242.0,1242.0,1241.06,1241.06,1243.02,3,130,161431.0
2021-12-01,2021-12-01,845TCFS22,F,1032.01,1035.0,1032.01,1033.91,1035.0,3,145,149907.0
2021-12-01,2021-12-01,865TCAPS27,F,1114.9,1114.9,1089.6,1089.82,1102.0,13,449,490568.0
2021-12-01,2021-12-01,103JMFPL24,F,1052.0,1052.0,1052.0,1052.0,1040.0,1,100,105200.0
2021-12-01,2021-12-01,985SFL24,F,1095.0,1095.0,1095.0,1095.0,1095.0,1,25,27375.0
2021-12-01,2021-12-01,BILNCD,F,31.08,31.3,31.08,31.17,31.1,11,1343,41793.0
2021-12-01,2021-12-01,10MFL22A,F,1234.0,1234.89,1215.15,1227.58,1172.0,6,450,552409.0
2021-12-01,2021-12-01,975MFL24B,F,1050.0,1050.0,1035.1,1046.96,1035.29,6,126,132036.0
2021-12-01,2021-12-01,975MFL23,F,1030.0,1030.0,1020.01,1020.01,1030.0,2,300,308500.0
2021-12-01,2021-12-01,975MHFL22,F,1012.0,1012.0,1001.0,1002.6,1007.9,6,310,312156.0
2021-12-01,2021-12-01,MHFLZC26,F,1285.0,1285.0,1285.0,1285.0,1285.0,1,20,25700.0
2021-12-01,2021-12-01,102ECL23,F,992.0,992.02,992.0,992.02,991.0,2,53,52576.0
2021-12-01,2021-12-01,995ECL24,F,970.0,970.0,962.01,969.01,970.0,13,350,339162.0
2021-12-01,2021-12-01,104ECL24,F,990.0,990.0,980.0,980.42,980.0,7,151,148061.0
2021-12-01,2021-12-01,ECLZC24B,F,1100.2,1160.0,1100.2,1160.0,1071.0,3,25,28103.0
2021-12-01,2021-12-01,995ECL29,F,954.9,961.9,910.1,961.9,954.9,4,340,320886.0
2021-12-01,2021-12-01,1025KFL26B,F,992.0,992.0,992.0,992.0,985.0,1,83,82336.0
2021-12-01,2021-12-01,845LTFL22,F,1092.55,1093.0,1092.55,1093.0,1090.0,2,65,71033.0
2021-12-01,2021-12-01,86LTF24,F,1115.2,1115.2,1115.2,1115.2,1122.55,1,100,111520.0
2021-12-01,2021-12-01,829LTF24,F,1070.0,1070.0,1070.0,1070.0,1065.55,1,5,5350.0
2021-12-01,2021-12-01,95MFL23A,F,1013.99,1014.0,1013.99,1014.0,1014.0,5,160,162239.0
2021-12-01,2021-12-01,975MFL24BB,F,1055.0,1055.0,1036.91,1049.9,1038.0,3,3,3141.0
2021-12-01,2021-12-01,95MFL21AA,F,1095.0,1095.0,1095.0,1095.0,1080.0,1,1,1095.0
2021-12-01,2021-12-01,81TCHF23,F,1150.0,1150.0,1082.0,1082.0,1080.0,2,12,13120.0
2021-12-01,2021-12-01,81TCHF28,F,1069.0,1069.0,1040.0,1064.99,1036.26,29,332,353253.0
2021-12-01,2021-12-01,84TCHF28,F,1135.8,1136.0,1135.79,1135.9,1126.01,10,550,624740.0
2021-12-01,2021-12-01,852STFCL23,F,1008.0,1008.0,980.01,980.01,1008.0,4,190,189001.0
2021-12-01,2021-12-01,10EFIL23,F,1059.8,1059.8,1059.8,1059.8,1036.8,1,20,21196.0
2021-12-01,2021-12-01,98NWFL25,F,995.0,995.0,995.0,995.0,985.0,1,100,99500.0
2021-12-01,2021-12-01,NWFLZC25,F,1114.0,1120.0,1114.0,1120.0,1110.0,6,920,1029550.0
2021-12-01,2021-12-01,98NWFL30,F,980.0,1038.0,980.0,980.0,1039.0,11,95,93158.0
2021-12-01,2021-12-01,975KFL22,F,995.0,995.0,995.0,995.0,993.0,1,200,199000.0
2021-12-01,2021-12-01,10KFL23A,F,990.0,990.0,990.0,990.0,1000.0,3,90,89100.0
2021-12-01,2021-12-01,MMLZC27A,F,980.0,980.0,980.0,980.0,980.0,3,90,88200.0
2021-12-01,2021-12-01,945MFL23,F,992.02,992.02,992.02,992.02,1078.0,1,50,49601.0
2021-12-01,2021-12-01,96MFL25,F,1010.0,1010.0,1010.0,1010.0,1010.0,1,92,92920.0
2021-12-01,2021-12-01,MFLOPTII24,F,975.0,975.0,975.0,975.0,955.0,2,120,117000.0
2021-12-01,2021-12-01,MFLOIII24,F,990.02,990.02,990.02,990.02,994.45,1,700,693014.0
2021-12-01,2021-12-01,MFOPTIV24,F,1000.0,1000.0,1000.0,1000.0,981.1,3,600,600000.0
2021-12-01,2021-12-01,MFLOV24,F,1055.0,1075.0,1055.0,1075.0,1050.15,3,1000,1065000.0
2021-12-01,2021-12-01,105MMFL25C,F,1025.0,1025.0,1025.0,1025.0,1000.0,1,10,10250.0
2021-12-01,2021-12-01,939EFSL26,F,972.0,974.5,972.0,974.5,973.8,6,1292,1258324.0
2021-12-01,2021-12-01,98EFSL26,F,1020.8,1056.8,1020.8,1056.8,1060.0,3,40,41572.0
2021-12-01,2021-12-01,MFLI24,F,973.0,973.0,973.0,973.0,960.0,3,250,243250.0
2021-12-01,2021-12-01,MFLV24,F,1037.0,1037.0,1037.0,1037.0,1035.0,1,100,103700.0
2021-12-01,2021-12-01,683PFCL31,F,1030.0,1030.0,1030.0,1030.0,1018.8,1,100,103000.0
2021-12-01,2021-12-01,697PFCL36,F,1034.92,1034.92,1034.92,1034.92,1025.0,1,35,36222.0
2021-12-01,2021-12-01,715PFCL36,F,1070.0,1070.0,1068.0,1069.94,1069.0,35,2682,2866976.0
2021-12-01,2021-12-01,875MFL26,F,975.0,990.0,975.0,979.4,989.99,15,549,535847.0
2021-12-01,2021-12-01,0MFL23E,F,1050.0,1050.0,1050.0,1050.0,1060.0,3,350,367500.0
2021-12-01,2021-12-01,1025MMFL26,F,1000.0,1000.0,1000.0,1000.0,1000.0,2,200,200000.0
2021-12-01,2021-12-01,9MFL27A,F,1000.0,1000.0,1000.0,1000.0,990.0,1,100,100000.0
2021-12-01,2021-12-01,10IIFL28A,F,1005.0,1005.0,1005.0,1005.0,1002.5,2,89,89445.0
2021-12-01,2021-12-01,96IIFL28A,F,980.0,981.95,980.0,981.8,978.5,4,155,152129.0
2021-12-01,2021-12-01,EFSLZC24A,F,950.0,950.0,950.0,950.0,950.0,1,10,9500.0
2021-12-01,2021-12-01,916EFSL26,F,969.4,974.9,969.4,973.69,965.0,17,1000,970706.0
2021-12-01,2021-12-01,930EFSL31,F,845.0,899.9,845.0,868.0,889.61,14,452,389202.0
2021-12-01,2021-12-01,9MMFL22,F,971.0,971.0,971.0,971.0,984.0,1,25,24275.0
2021-12-01,2021-12-01,825MFCL23A,F,982.0,982.0,982.0,982.0,983.0,3,300,294600.0
2021-12-01,2021-12-01,850MFCL24B,F,970.0,970.0,970.0,970.0,1010.0,1,50,48500.0
2021-12-01,2021-12-01,975MFCL28E,F,995.0,1002.1,995.0,998.46,1000.0,2,205,204685.0
2021-12-01,2021-12-01,BILNCD2021,F,29.36,29.98,29.36,29.43,29.45,116,2648,77890.0
2021-12-01,2021-12-01,875PF26,F,1042.5,1044.0,1041.0,1042.59,1041.0,22,697,726057.0
2021-12-01,2021-12-01,11KLM24,F,933.0,933.0,933.0,933.0,1140.0,1,50,46650.0
2021-12-01,2021-12-01,96IIFL28,F,981.0,981.0,981.0,981.0,981.17,2,52,51012.0
2021-12-01,2021-12-01,875EFSL24,F,960.0,960.5,935.0,936.85,969.0,17,156,147183.0
2021-12-01,2021-12-01,EFSL24,F,1000.0,1000.0,1000.0,1000.0,1000.0,1,10,10000.0
2021-12-01,2021-12-01,915EFSL26,F,970.0,970.0,965.0,965.0,970.0,4,60,58150.0
2021-12-01,2021-12-01,955EFSL26A,F,929.0,929.0,925.0,925.17,926.01,6,49,45345.0
2021-12-01,2021-12-01,93EFSL31,F,880.0,880.0,875.0,875.0,890.0,3,50,43800.0
2021-12-01,2021-12-01,10MML27B,F,995.0,995.0,995.0,995.0,995.0,1,37,36815.0
2021-12-01,2021-12-01,0KSFL23,F,1000.0,1000.0,995.0,995.0,950.0,2,20,19940.0
2021-12-01,2021-12-01,KFLZC24F,F,1008.0,1008.0,1008.0,1008.0,980.0,1,186,187488.0
2021-12-01,2021-12-01,820JMFPL26,F,1000.0,1000.0,1000.0,1000.0,1003.0,7,200,200000.0
2021-12-01,2021-12-01,830JMFPL30,F,1010.0,1212.0,1005.0,1167.0,1010.0,5,71,78932.0
2021-12-01,2021-12-01,825IIFL23,F,986.0,990.0,986.0,990.0,1000.0,4,240,236800.0
2021-12-01,2021-12-01,IIFLZC24,F,851.2,851.2,851.2,851.2,1001.8,2,60,51072.0
2021-12-01,2021-12-01,842IIFL26,F,975.0,975.0,975.0,975.0,979.99,1,2,1950.0
2021-12-01,2021-12-01,12IML26,F,879.01,1049.95,879.01,1049.95,1045.0,4,8,8228.0
2021-12-01,2021-12-01,12IML26A,F,818.2,818.2,818.2,818.2,0.0,2,20,16364.0
2021-12-01,2021-12-01,11KAFL26,F,934.0,1084.5,934.0,1084.5,1140.0,2,27,25519.0
2021-12-01,2021-12-01,825MFL24,F,979.9,988.0,970.01,970.01,971.87,20,2047,2014796.0
2021-12-01,2021-12-01,MFL29A,F,1025.0,1025.0,1025.0,1025.0,980.0,1,1,1025.0
2021-12-01,2021-12-01,1003UCL24,F,1030.0,1074.4,842.2,1005.86,1006.76,2088,127829,127350057.0
2021-12-01,2021-12-01,872PFCL22A,F,12755.0,12755.0,12755.0,12755.0,12100.0,3,6,76530.0
2021-12-01,2021-12-01,905PNB27,F,1000000.0,1000000.0,1000000.0,1000000.0,1134000.0,1,1,1000000.0
2021-12-01,2021-12-01,95SIBL28,F,95500.0,95500.0,95500.0,95500.0,103000.0,1,10,955000.0
2021-12-01,2021-12-01,975UPPCL23,F,1029999.0,1029999.0,1029999.0,1029999.0,1030940.0,1,1,1029999.0
2021-12-01,2021-12-01,975UPPCL27,F,1050000.0,1050000.0,1050000.0,1050000.0,1055005.0,1,1,1050000.0
2021-12-01,2021-12-01,1015UPPC25,F,1056000.0,1056000.0,1056000.0,1056000.0,1057000.0,1,1,1056000.0
2021-12-01,2021-12-01,1015UPPC28,F,1082555.0,1088080.62,1077500.0,1077500.0,1079999.0,3,6,6512377.0
2021-12-01,2021-12-01,1025SFL24B,F,1035881.11,1036100.0,1035881.11,1036100.0,1035998.96,2,2,2071981.0
2021-12-01,2021-12-01,95PCHFL22,F,805850.17,805850.17,805850.17,805850.17,807500.0,1,5,4029250.0
2021-12-01,2021-12-01,111AML23,F,63263.74,63357.43,63263.74,63357.43,75908.09,3,90,5701231.0
2021-12-01,2021-12-01,LTFL90122I,F,1081.0,1082.0,1081.0,1082.0,1080.77,5,75,81119.0
2021-12-01,2021-12-01,LTFL9122II,F,2345.0,2350.0,2345.0,2349.94,2346.74,13,423,993306.0
2021-12-01,2021-12-01,820NHAI22,F,1017.0,1018.0,1016.51,1017.92,1016.64,8,1479,1505139.0
2021-12-01,2021-12-01,820PFC2022,F,1012.5,1012.5,1012.5,1012.5,1014.0,1,20,20250.0
2021-12-01,2021-12-01,830PFCL27,F,1208.0,1208.0,1208.0,1208.0,1188.99,1,216,260928.0
2021-12-01,2021-12-01,8IRFC230222,F,1011.01,1011.01,1011.01,1011.01,1014.99,1,100,101101.0
2021-12-01,2021-12-01,810IRFC27,F,1175.73,1187.0,1175.73,1175.85,1170.0,9,5710,6714120.0
2021-12-01,2021-12-01,870LTFL22A,F,1062.0,1062.0,1062.0,1062.0,1062.5,6,60,63720.0
2021-12-01,2021-12-01,870LTFL22B,F,2251.01,2252.0,2251.01,2251.42,2250.8,10,106,238627.0
2021-12-01,2021-12-01,793REC22,F,1035.0,1044.45,1035.0,1044.45,1044.1,2,241,249822.0
2021-12-01,2021-12-01,812REC27,F,1200.05,1224.0,1200.0,1224.0,1210.0,3,110,134400.0
2021-12-01,2021-12-01,719PFC2023,F,1088.8,1088.8,1088.8,1088.8,1088.75,2,55,59884.0
2021-12-01,2021-12-01,719HUDCO28,F,1178.0,1179.55,1170.0,1179.55,1175.5,3,1500,1763775.0
2021-12-01,2021-12-01,708IIFCL33,F,1247.5,1247.5,1230.0,1230.0,1230.01,2,1000,1238750.0
2021-12-01,2021-12-01,871REC28,F,1220.0,1222.0,1220.0,1222.0,1219.9,3,170,207480.0
2021-12-01,2021-12-01,839HUDCO23,F,1080.0,1080.0,1080.0,1080.0,1065.05,6,68,73440.0
2021-12-01,2021-12-01,826IIFCL23,F,1072.0,1072.0,1071.44,1071.44,1071.99,2,4,4286.0
2021-12-01,2021-12-01,879PFCL28,F,1241.0,1241.0,1241.0,1241.0,1240.0,1,1,1241.0
2021-12-01,2021-12-01,901HUDCO34,F,1475.0,1475.0,1470.0,1470.0,1475.0,8,105,154852.0
2021-12-01,2021-12-01,866IIFCL24C,F,1140.8,1158.99,1140.8,1154.0,1158.0,11,955,1099082.0
2021-12-01,2021-12-01,891IIFCL34,F,1439.2,1443.0,1438.0,1440.0,1445.0,14,161,231998.0
2021-12-01,2021-12-01,875NHAI29,F,1298.1,1298.15,1298.0,1298.0,1296.83,12,245,318013.0
2021-12-01,2021-12-01,880IREDA29,F,1285.0,1285.0,1284.52,1284.52,1304.79,3,11,14130.0
2021-12-01,2021-12-01,900KPL29,F,1305.05,1305.05,1305.05,1305.05,1320.0,1,1,1305.0
2021-12-01,2021-12-01,900KPL34,F,1451.0,1451.0,1451.0,1451.0,1460.0,1,90,130590.0
2021-12-01,2021-12-01,898HUDCO29,F,1320.0,1320.0,1320.0,1320.0,1337.58,3,40,52800.0
2021-12-01,2021-12-01,888REC29,F,1259.0,1259.0,1259.0,1259.0,1259.72,1,10,12590.0
2021-12-01,2021-12-01,888IRFC29,F,1332.99,1332.99,1325.0,1325.0,1335.4,2,13,17232.0
2021-12-01,2021-12-01,880IIFCL29,F,1309.2,1318.0,1309.2,1312.22,1287.01,19,2448,3206282.0
2021-12-01,2021-12-01,880IIFCL34,F,1407.22,1428.99,1407.22,1407.84,1429.34,3,150,212202.0
2021-12-01,2021-12-01,762NTPC35F,F,1285.0,1285.0,1285.0,1285.0,1300.0,8,102,131070.0
2021-12-01,2021-12-01,HDFCW3,W,806.5,806.5,800.0,804.8,785.0,4,2400,1926780.0
2021-12-01,2021-12-01,MOLDTKWARR,W,487.5,487.5,487.4,487.4,486.0,3,54,26324.0
2021-12-01,2021-12-01,1075IFC26A,F,10900.0,10900.0,10830.0,10886.0,10930.0,4,60,653300.0
2021-12-01,2021-12-01,IFCI150212A,F,11590.0,11590.0,11562.08,11572.07,11570.0,22,105,1215558.0
2021-12-01,2021-12-01,IFCI150212B,F,5285.0,5285.0,5285.0,5285.0,5285.0,2,14,73990.0
2021-12-01,2021-12-01,916IFCI27,F,11600.0,11625.0,11582.0,11582.0,11600.0,5,20,232178.0
2021-12-01,2021-12-01,85IFCI24A,F,10765.0,10765.0,10630.0,10630.0,10604.55,4,24,257830.0
2021-12-01,2021-12-01,893PTCIF22,F,5251.0,5251.0,5251.0,5251.0,5250.01,1,4,21004.0
2021-12-01,2021-12-01,SCUF17MAR21,F,1066507.0,1066507.0,1066507.0,1066507.0,1068512.0,1,3,3199521.0
2021-12-01,2021-12-01,STFCL180521,F,1085000.0,1085000.0,1085000.0,1085000.0,1085000.0,1,1,1085000.0
2021-12-01,2021-12-01,675PFL31,F,849.25,849.25,844.0,846.07,846.0,54,15981,13533050.0
2021-12-01,2021-12-01,PVR290921,F,1007001.0,1007001.0,1007001.0,1007001.0,1014000.0,1,1,1007001.0
2021-12-01,2021-12-01,745MMFSL31,F,1006294.75,1006294.75,1006294.75,1006294.75,0.0,1,1,1006294.0
